FIPS,2014 kals,2015 kals,2016 kals,2017 kals,2018 kals,2019 kals,2020 kals
01001,57.62,64.56,72.33,75.76,78.54,74.43,69.24
01003,39.83,37.75,35.45,34.79,34.67,35.82,35.04
01005,84.75,86.17,88.23,88.75,89.3,84.2,77.65
01007,55.71,50.82,45.17,51.2,58.98,65.15,69.04
01009,65.87,57.05,47.11,42.75,38.85,40.36,40.21
01011,85.8,79.03,70.97,57.59,43.47,32.27,19.9
01013,89.97,85.7,80.67,75.5,70.19,62.29,52.49
01015,77.84,80.19,83.39,84.55,85.15,84.78,82.86
01017,84.24,77.66,70.37,66.31,62.31,66.58,69.34
01019,91.12,89.87,88.79,86.12,83.06,72.87,62.02
01021,66.92,65.61,64.08,66.13,68.51,74.91,79.65
01023,96.75,97.28,97.97,98.79,99.32,98.49,95.5
01025,54.76,54.26,53.9,58.31,63.29,69.58,73.95
01027,82.43,72.61,61.46,55.11,49.25,61.12,71.22
01029,84.24,86.35,89.28,90.37,91.03,89.52,86.36
01031,65.87,68.7,71.91,70.7,69.0,68.04,65.07
01033,84.24,82.51,80.56,77.31,74.61,71.15,66.73
01035,94.08,91.23,88.51,90.02,91.84,92.34,90.59
01037,88.16,89.41,91.02,91.87,92.16,93.49,93.58
01039,88.98,88.35,87.8,87.05,86.14,84.92,81.25
01041,76.5,78.03,79.81,82.41,85.53,87.52,87.36
01043,66.92,60.7,53.87,58.4,65.08,70.12,73.87
01045,81.95,84.45,87.09,87.31,87.49,86.95,84.77
01047,87.33,80.9,73.34,71.01,69.57,69.63,68.38
01049,57.62,54.08,50.32,49.93,49.92,40.83,30.95
01051,50.08,57.44,65.83,68.23,69.73,62.22,53.6
01053,84.75,83.85,83.21,80.77,77.33,76.25,72.88
01055,84.75,83.05,81.39,80.75,80.32,75.16,68.42
01057,97.01,97.62,98.58,98.27,97.75,97.04,94.71
01059,78.16,77.5,76.82,65.88,53.06,41.11,27.69
01061,92.36,91.85,91.21,90.13,89.01,91.27,91.69
01063,97.1,97.3,97.66,97.6,97.04,93.96,88.64
01065,91.12,89.97,88.78,88.13,87.25,90.39,91.63
01067,81.31,80.98,80.69,78.84,76.62,75.18,72.41
01069,69.02,69.02,68.94,68.57,68.49,63.95,58.24
01071,76.5,72.94,69.15,71.82,75.45,77.99,79.63
01073,43.11,44.04,45.46,47.5,49.41,49.63,48.29
01075,94.97,93.93,93.2,93.42,94.19,94.39,92.45
01077,55.71,54.15,52.44,48.21,43.65,41.23,37.89
01079,87.81,87.03,85.95,84.93,84.37,87.06,88.52
01081,18.31,18.29,18.9,22.35,26.05,26.66,26.1
01083,32.51,38.75,45.81,50.82,55.83,53.81,50.53
01085,87.81,90.44,93.39,94.88,96.18,96.72,95.2
01087,73.96,70.85,67.25,65.82,64.98,65.27,64.45
01089,24.45,25.08,25.62,25.83,26.52,25.59,23.38
01091,93.22,93.94,94.9,95.95,96.75,96.76,94.69
01093,96.63,96.59,96.63,96.34,96.56,96.4,94.6
01095,69.79,66.22,62.56,57.45,51.52,43.42,34.17
01097,50.08,49.39,48.47,42.86,36.5,33.63,29.31
01099,51.74,42.3,31.53,31.43,32.97,38.99,42.29
01101,53.68,56.28,58.78,57.86,57.16,56.14,53.79
01103,55.71,59.75,64.54,64.45,62.8,61.58,59.09
01105,98.89,97.93,97.17,97.37,97.19,96.13,93.57
01107,96.34,96.27,96.47,95.8,95.26,95.85,94.23
01109,45.78,51.29,57.71,60.54,62.93,60.01,54.99
01111,73.48,64.37,54.27,47.11,40.21,49.64,57.53
01113,75.33,72.02,68.35,69.02,72.17,77.79,82.15
01115,65.87,65.14,64.68,62.51,59.59,56.5,51.63
01117,16.71,15.84,15.07,14.75,13.95,15.7,15.8
01119,89.4,86.78,83.66,85.8,88.8,88.9,86.81
01121,81.31,78.8,76.23,76.97,78.14,82.44,84.88
01123,71.76,71.15,70.89,73.49,76.58,79.86,81.96
01125,19.8,19.32,19.0,19.13,18.96,21.43,21.82
01127,97.1,96.94,97.0,96.59,95.7,95.75,94.4
01129,93.22,94.09,95.22,95.55,95.8,85.31,72.58
01131,69.02,70.74,73.18,73.93,73.73,73.71,72.16
01133,97.1,97.18,97.37,97.09,96.79,94.76,91.24
02013,0.54,0.94,1.36,1.79,2.18,5.94,8.77
02016,0.25,0.83,1.41,1.3,1.19,1.36,2.17
02020,7.9,9.01,10.29,11.64,12.68,12.97,16.38
02050,7.45,7.26,7.09,8.15,9.33,11.58,15.52
02060,28.84,25.48,23.05,30.92,37.73,45.2,53.62
02063,0.0,0.05,0.02,0.03,0.0,-0.04,2.98
02066,0.0,-0.04,0.02,0.31,0.32,0.28,3.9
02068,2.55,3.37,4.17,17.4,31.16,43.75,60.6
02070,19.8,21.34,23.21,22.86,21.96,20.26,19.87
02090,10.32,9.69,9.08,11.77,14.14,13.4,17.52
02100,40.75,47.13,54.3,37.8,17.87,43.44,69.08
02105,75.33,66.76,57.05,53.28,50.3,58.26,67.21
02110,5.76,5.59,5.68,10.69,16.2,17.34,19.85
02122,44.03,40.65,37.21,39.28,41.42,44.74,50.39
02130,23.72,29.26,34.98,38.64,41.79,42.06,44.06
02150,23.02,20.2,17.64,21.05,24.2,14.85,6.08
02158,0.0,0.03,0.0,-0.01,0.0,0.06,0.45
02164,53.68,35.53,15.85,23.7,33.6,43.33,53.98
02170,16.71,18.2,19.68,23.34,27.15,31.32,38.67
02180,11.46,11.29,11.16,8.87,6.52,4.99,5.3
02185,4.52,4.76,5.03,5.98,6.93,8.0,12.34
02188,7.45,7.83,8.25,7.59,6.92,5.56,7.04
02195,22.32,26.82,32.09,51.59,71.97,79.32,89.31
02198,47.85,55.51,63.69,75.31,87.12,89.84,95.02
02220,9.71,14.95,20.64,20.91,20.33,22.75,26.11
02230,0.22,2.12,3.74,5.05,8.63,27.39,46.43
02240,44.73,43.49,42.2,52.81,63.83,71.39,84.01
02275,97.39,88.16,77.5,74.82,72.14,65.65,61.47
02282,1.02,1.53,1.95,2.11,2.36,2.33,3.66
02290,62.56,59.21,55.75,50.46,44.9,49.14,56.85
04001,46.74,45.4,43.58,43.25,42.92,40.77,37.28
04003,66.92,66.02,64.83,64.57,64.51,65.8,67.36
04005,14.45,14.92,15.44,16.31,17.32,20.63,23.64
04007,81.31,85.8,90.55,90.79,90.73,89.02,86.9
04009,36.01,33.47,30.6,28.35,26.11,29.28,32.68
04011,33.4,30.97,28.48,27.15,25.79,23.19,20.68
04012,72.62,80.83,89.48,90.7,91.54,94.56,97.48
04013,9.11,10.7,12.02,12.33,12.63,13.32,14.58
04015,80.01,84.65,89.31,90.36,91.42,91.27,90.68
04017,71.76,71.26,70.78,70.3,69.88,72.73,74.41
04019,36.01,39.48,43.02,45.07,47.12,47.13,48.09
04021,27.19,32.22,37.57,42.11,46.62,50.65,54.86
04023,6.24,11.33,16.71,19.06,21.14,27.7,34.54
04025,74.59,74.78,74.78,73.78,72.93,72.5,72.52
04027,18.94,17.97,16.65,17.31,18.41,20.22,23.65
05001,86.44,89.58,93.22,94.44,95.57,92.64,87.51
05003,90.19,90.77,91.48,91.75,92.21,91.92,88.86
05005,93.7,91.85,89.71,88.41,87.2,90.22,90.74
05007,5.76,4.62,3.7,4.26,4.53,4.56,2.94
05009,87.81,86.27,84.54,80.87,76.94,79.44,79.95
05011,87.33,90.19,93.43,90.98,88.18,86.85,83.8
05013,98.79,98.74,98.83,97.36,95.93,94.06,90.56
05015,70.49,68.4,66.18,60.49,53.86,47.32,38.93
05017,97.1,96.47,95.83,96.27,96.29,96.7,94.26
05019,76.5,76.86,77.26,78.84,80.41,85.49,89.49
05021,96.21,96.01,95.48,94.85,94.41,92.81,89.23
05023,81.31,77.82,73.8,71.82,69.81,75.16,78.39
05025,92.68,92.95,92.94,89.07,84.87,82.97,79.16
05027,83.22,79.45,75.2,73.77,73.31,74.72,74.29
05029,77.84,81.49,85.84,90.23,93.83,95.02,94.49
05031,47.85,56.94,67.04,67.76,67.05,70.41,71.47
05033,68.26,71.59,75.34,78.96,82.54,81.79,80.35
05035,60.17,63.45,67.15,65.56,63.43,62.23,58.76
05037,89.4,90.14,90.75,86.77,82.54,77.65,70.45
05039,95.45,95.91,96.49,95.25,93.51,94.43,93.99
05041,78.16,81.99,85.98,85.98,85.75,78.9,69.41
05043,80.01,84.43,89.33,87.3,84.55,81.48,76.08
05045,24.45,24.36,24.36,31.69,39.87,41.42,40.96
05047,69.79,74.7,80.51,84.13,86.56,89.95,92.79
05049,97.01,97.46,97.68,96.91,95.93,94.7,90.55
05051,81.31,79.98,78.53,80.96,83.92,85.89,86.32
05053,75.33,71.18,66.44,71.66,79.04,77.24,73.66
05055,80.01,83.15,86.14,88.51,91.78,90.92,87.68
05057,85.8,84.88,83.86,78.32,71.76,74.1,75.11
05059,94.97,94.99,95.28,95.67,95.48,94.65,92.35
05061,71.76,69.57,67.16,69.56,72.7,73.9,73.99
05063,69.79,71.85,74.03,77.2,80.52,79.52,76.36
05065,94.3,93.47,92.48,93.76,95.6,96.9,95.63
05067,91.12,91.74,91.97,91.36,90.95,91.4,89.4
05069,74.59,76.41,78.63,75.98,72.08,71.95,69.62
05071,67.62,66.21,64.65,72.6,81.9,84.38,85.96
05073,92.68,93.29,94.42,93.46,92.32,93.84,93.33
05075,73.96,81.68,90.05,92.68,94.48,94.52,92.05
05077,94.81,96.19,97.95,96.26,94.38,94.35,92.06
05079,87.33,89.7,91.91,92.28,93.1,86.46,77.68
05081,72.62,77.19,83.09,86.05,87.93,84.86,81.1
05083,90.19,89.6,88.97,88.71,87.83,89.82,91.12
05085,55.71,48.41,39.89,37.06,34.47,39.55,42.35
05087,82.74,77.68,71.82,73.8,77.07,82.04,85.61
05089,98.34,97.09,95.68,94.09,92.53,95.17,95.23
05091,65.87,66.7,67.95,71.63,76.32,76.83,75.64
05093,89.62,88.42,86.67,83.78,81.01,77.59,71.87
05095,97.52,96.72,95.83,94.88,94.25,94.99,94.04
05097,99.78,99.21,98.92,98.96,98.55,98.08,97.03
05099,92.36,93.24,94.36,92.67,90.48,92.35,92.78
05101,92.04,91.29,90.8,91.44,91.87,93.11,92.59
05103,91.82,87.31,82.31,80.03,78.49,85.62,90.83
05105,84.24,87.2,90.69,93.74,95.76,94.53,91.88
05107,94.97,94.2,93.1,92.03,91.79,92.9,91.92
05109,98.5,98.39,98.36,98.79,99.03,98.39,96.53
05111,87.33,90.79,94.2,91.94,89.66,89.31,87.12
05113,96.63,95.82,95.31,94.67,92.77,91.77,89.87
05115,59.22,56.05,52.21,55.89,60.46,63.4,64.9
05117,96.34,94.35,92.29,90.05,87.61,89.45,89.3
05119,30.82,31.92,33.68,40.86,48.38,50.01,49.55
05121,80.01,83.45,86.71,87.74,88.91,90.11,88.94
05123,87.33,85.98,84.17,80.42,77.12,77.83,76.5
05125,71.12,67.29,62.96,63.48,63.91,61.64,57.21
05127,87.81,82.04,75.33,80.84,88.53,91.13,92.31
05129,95.45,93.81,92.31,92.23,92.27,93.08,91.65
05131,68.26,70.31,72.63,74.84,76.64,78.62,79.79
05133,39.83,33.71,26.64,28.97,32.66,35.46,37.76
05135,83.22,86.89,90.98,94.33,97.89,98.14,96.06
05137,94.08,94.19,94.47,93.27,91.54,93.37,92.96
05139,86.82,82.06,76.73,70.1,63.54,61.67,57.71
05141,92.04,91.6,91.29,93.04,94.84,96.62,96.18
05143,11.97,10.53,9.11,8.86,8.4,9.59,9.3
05145,62.56,59.5,56.38,56.05,55.89,61.46,64.42
05147,96.05,96.07,96.21,95.68,95.28,90.68,83.52
05149,86.44,85.33,84.06,85.5,86.58,77.99,67.84
06001,4.81,5.01,5.33,4.86,4.36,4.1,3.47
06003,90.51,92.83,94.86,90.25,85.72,70.3,55.77
06005,73.96,75.8,77.63,76.29,74.84,72.22,69.84
06007,67.62,66.93,66.2,64.6,63.22,62.41,61.66
06009,77.17,80.2,83.52,85.18,87.19,85.69,83.77
06011,24.45,23.91,23.32,21.91,20.46,23.37,26.41
06013,10.32,11.43,12.59,12.88,12.98,12.79,12.35
06015,91.56,91.9,92.23,89.22,86.25,80.8,76.1
06017,23.02,25.69,28.34,28.04,27.99,26.78,26.1
06019,20.89,21.63,22.4,24.13,25.66,25.57,25.04
06021,67.62,68.19,68.8,65.67,62.18,54.85,47.36
06023,60.17,61.74,63.47,60.6,57.58,58.74,61.28
06025,33.4,36.06,38.87,39.45,39.82,37.34,36.88
06027,34.16,33.51,32.66,34.25,36.16,41.36,46.73
06029,16.71,14.98,12.98,12.92,13.07,13.49,13.82
06031,12.61,14.28,16.05,18.46,20.83,19.36,17.1
06033,87.33,88.24,89.29,86.43,83.23,83.29,83.52
06035,71.76,73.14,74.67,68.16,61.52,59.95,58.82
06037,6.24,6.3,6.35,6.16,5.97,6.43,7.29
06039,28.84,26.76,24.6,25.47,26.85,27.77,29.19
06041,4.39,4.11,3.81,3.39,3.03,2.97,2.69
06043,73.48,71.89,70.13,71.19,72.95,75.05,76.97
06045,62.56,63.17,63.69,62.52,61.51,64.54,66.69
06047,54.76,52.33,49.7,41.58,32.62,29.27,25.63
06049,80.01,81.09,82.15,76.67,71.22,64.45,58.15
06051,4.81,2.98,0.92,0.4,0.18,-0.01,0.06
06053,3.09,3.59,4.08,3.7,3.22,3.3,2.73
06055,15.09,14.64,13.95,15.0,16.66,17.77,18.72
06057,38.78,41.49,44.3,43.34,43.14,39.93,37.34
06059,2.32,2.35,2.39,2.41,2.39,2.79,3.86
06061,12.61,12.64,12.63,11.21,9.9,9.18,8.83
06063,90.19,88.43,86.07,78.88,72.83,68.55,64.78
06065,12.61,13.45,14.41,14.42,14.42,14.82,16.15
06067,28.84,26.95,24.78,22.23,19.62,18.74,18.2
06069,3.76,4.14,4.5,4.27,4.02,5.48,6.51
06071,13.34,12.89,12.28,11.7,11.21,12.51,14.38
06073,5.76,6.14,6.47,6.06,5.68,6.02,7.47
06075,10.98,10.8,10.55,9.47,8.29,7.66,6.47
06077,18.94,19.54,20.15,20.5,20.99,20.91,20.8
06079,13.72,13.17,12.72,13.87,15.11,15.46,15.46
06081,2.23,2.21,2.17,2.04,2.08,2.03,1.73
06083,8.25,7.11,5.77,5.87,5.97,6.38,6.54
06085,1.69,1.66,1.55,1.63,1.67,1.71,1.45
06087,4.11,5.29,6.61,9.1,11.79,13.31,14.48
06089,74.59,73.97,73.19,71.03,69.0,69.22,69.87
06091,56.73,64.71,73.4,53.86,31.01,40.56,50.69
06093,83.79,83.95,84.15,81.89,79.73,77.0,75.14
06095,14.45,16.46,18.95,20.2,21.13,20.37,18.98
06097,15.09,16.58,18.09,18.67,19.08,18.0,16.79
06099,32.51,31.62,30.51,28.61,26.94,26.22,25.11
06101,36.01,34.01,31.82,31.24,31.6,27.93,24.71
06103,79.08,80.37,81.83,82.01,82.26,79.75,77.2
06105,94.08,94.39,94.71,91.5,88.37,79.35,71.08
06107,13.72,16.65,19.87,19.94,19.58,17.87,15.47
06109,74.59,78.18,82.18,80.49,78.16,79.28,80.24
06111,8.63,9.08,9.69,10.39,11.09,11.39,11.14
06113,10.32,8.91,7.25,5.65,4.13,5.38,6.5
06115,65.87,64.75,63.54,59.77,55.34,50.97,47.35
08001,10.32,10.0,9.73,9.3,9.0,9.69,8.38
08003,55.71,64.53,74.69,75.61,74.47,71.2,65.79
08005,4.52,4.19,3.82,3.57,3.3,3.93,2.67
08007,39.83,42.98,46.21,43.58,40.85,43.51,44.47
08009,94.08,95.31,96.45,93.23,88.82,83.15,75.5
08011,94.97,96.91,98.84,97.5,96.56,92.55,86.8
08013,2.32,2.01,1.81,1.82,1.64,1.86,0.04
08014,2.74,2.36,2.18,2.06,1.83,1.86,-0.03
08015,44.03,48.5,53.4,58.03,62.26,53.57,43.13
08017,50.08,47.12,43.09,34.14,26.26,21.34,14.43
08019,12.61,9.39,5.79,5.47,5.58,13.17,18.75
08021,83.22,86.24,89.49,86.19,82.41,83.07,81.58
08023,99.68,100.3,100.59,99.53,98.88,97.74,94.16
08025,94.49,94.29,93.88,91.57,89.27,90.94,90.85
08027,72.62,71.76,70.57,71.77,73.36,68.77,62.01
08029,71.12,73.69,76.39,76.46,76.42,74.57,70.96
08031,6.91,6.0,5.01,5.0,5.22,5.53,4.04
08033,91.56,91.72,91.72,91.79,91.5,80.69,68.11
08035,0.38,0.36,0.3,0.33,0.37,0.6,-0.77
08037,0.0,-0.01,-0.05,0.2,0.22,0.52,-1.66
08039,8.63,9.63,10.79,8.76,6.49,5.58,2.91
08041,16.71,17.18,17.73,19.2,20.86,20.86,19.11
08043,71.76,74.37,77.43,77.67,77.07,71.07,63.2
08045,5.76,4.22,2.59,2.2,1.88,2.36,1.06
08047,9.71,6.84,3.58,3.04,2.66,3.94,3.43
08049,0.89,0.24,-0.24,-0.06,-0.03,0.62,-0.95
08051,0.54,1.38,1.8,1.6,1.77,0.95,-1.86
08053,39.83,60.79,84.55,90.7,94.1,89.98,84.02
08055,86.82,90.98,95.41,95.72,95.21,93.17,88.24
08057,9.11,5.7,1.97,1.14,0.57,11.31,20.49
08059,5.76,5.39,5.27,5.69,5.95,7.17,6.34
08061,44.03,53.57,64.36,54.58,42.16,30.85,18.22
08063,65.27,63.02,60.46,48.99,37.22,41.93,44.3
08065,2.23,4.04,5.92,11.1,16.78,24.11,29.15
08067,4.11,4.42,4.03,3.37,3.28,3.27,1.2
08069,5.48,5.41,5.46,5.65,5.66,6.59,4.61
08071,73.96,76.02,78.39,83.17,88.19,90.29,89.64
08073,79.53,78.46,77.23,65.3,52.93,56.09,56.85
08075,42.31,42.78,43.27,39.19,34.36,39.99,42.87
08077,37.03,37.97,39.03,40.19,41.33,42.98,42.94
08079,83.22,86.13,88.23,78.76,68.33,42.27,14.21
08081,11.97,9.69,7.47,10.84,14.56,24.06,31.79
08083,45.78,48.98,52.44,58.39,64.63,64.38,62.58
08085,50.08,55.95,62.4,63.29,63.2,52.96,41.17
08087,17.54,17.12,16.5,15.77,15.7,13.24,8.21
08089,83.79,84.0,83.98,84.53,85.7,85.03,82.14
08091,13.34,12.3,9.88,15.95,25.01,19.88,13.11
08093,4.81,6.57,8.56,12.17,15.61,16.2,14.75
08095,37.89,33.61,28.78,23.52,17.69,14.04,8.24
08097,1.02,0.77,0.33,0.34,0.27,0.65,-1.09
08099,80.64,80.9,80.78,76.08,71.29,68.11,63.49
08101,69.79,71.66,73.68,75.56,77.68,76.48,73.56
08103,16.05,11.5,6.77,7.67,8.87,19.78,28.59
08105,60.17,57.61,54.25,61.92,72.23,76.81,79.26
08107,0.54,0.07,-0.12,0.22,0.2,1.38,0.67
08109,72.62,68.44,63.21,64.4,66.61,56.48,44.2
08111,2.55,11.1,20.24,25.09,29.92,17.58,3.11
08113,5.48,5.63,5.17,3.92,2.36,-1.01,-6.34
08115,41.45,41.2,41.4,52.03,62.18,60.58,56.72
08117,0.19,0.21,0.41,0.8,0.87,1.18,-0.4
08119,38.78,37.27,35.26,37.48,40.53,39.96,37.49
08121,26.52,29.57,32.9,25.62,17.65,15.51,10.06
08123,10.98,9.57,7.99,7.53,7.1,8.57,8.18
08125,9.71,13.87,18.7,17.89,16.98,11.93,4.03
09001,3.76,3.71,3.55,3.64,3.83,4.62,8.41
09003,19.8,19.05,18.27,17.78,17.34,17.99,21.74
09005,8.25,8.59,8.99,10.15,11.42,15.91,23.74
09007,6.24,7.08,8.07,9.05,10.04,10.74,14.47
09009,16.05,15.72,15.11,14.88,14.7,14.86,18.63
09011,23.72,24.53,25.23,25.1,24.96,23.23,24.51
09013,4.52,5.36,6.05,6.4,6.86,6.9,9.71
09015,27.19,29.77,32.77,32.89,32.38,33.28,37.1
10001,29.96,32.32,35.22,37.47,39.74,46.26,54.23
10003,13.72,13.87,13.89,13.08,12.15,14.59,18.51
10005,42.31,40.11,37.71,36.98,36.58,36.37,38.43
11001,14.45,14.46,14.54,15.34,16.43,15.93,16.47
12001,9.71,9.71,9.67,9.79,9.95,10.68,13.01
12003,47.85,51.31,55.1,60.23,65.32,61.22,58.22
12005,62.56,65.91,70.02,74.67,79.2,80.47,80.44
12007,77.17,78.72,80.49,81.65,82.44,75.12,68.9
12009,47.85,46.87,45.66,47.93,50.63,53.11,57.79
12011,16.05,15.11,14.13,13.02,11.97,11.71,13.6
12013,96.5,95.32,94.08,92.74,91.19,92.36,93.41
12015,85.8,86.09,86.52,87.48,88.89,91.16,94.02
12017,86.44,86.94,87.49,87.62,87.83,88.48,90.54
12019,31.65,30.8,29.4,29.97,30.94,29.72,29.9
12021,16.71,16.0,15.38,14.6,14.04,15.29,17.33
12023,72.62,74.05,75.62,77.85,80.15,83.18,87.23
12027,47.85,45.78,43.55,40.37,37.0,44.7,53.38
12029,96.28,96.16,96.42,96.22,95.86,96.48,98.66
12031,27.19,29.27,31.29,31.02,30.57,28.16,27.37
12033,48.93,47.58,45.95,45.75,45.69,49.03,50.43
12035,61.64,60.91,59.84,57.88,55.81,49.26,44.52
12037,94.97,93.02,91.18,90.64,89.73,88.28,87.16
12039,61.64,67.4,73.96,78.42,82.37,80.42,79.66
12041,92.04,89.52,86.63,86.13,86.06,87.26,89.65
12043,82.43,86.2,91.09,88.2,83.98,76.15,69.9
12045,83.79,81.36,78.69,77.3,75.72,82.18,88.25
12047,96.05,95.2,94.29,93.61,92.77,87.62,83.51
12049,14.45,12.84,11.18,9.48,7.54,11.0,16.67
12051,46.74,44.02,40.73,32.83,24.83,19.56,15.63
12053,80.64,79.78,78.67,78.01,77.81,79.24,81.74
12055,80.64,77.54,74.18,77.86,82.74,85.62,90.71
12057,18.94,18.4,17.61,16.28,15.19,16.09,18.26
12059,95.61,94.05,92.32,93.03,94.3,93.63,90.93
12061,55.71,58.83,62.57,61.99,60.24,59.57,60.88
12063,90.89,89.5,87.8,84.97,81.83,81.81,81.2
12065,78.16,76.01,73.59,66.8,59.44,62.12,66.02
12067,79.53,78.19,76.73,72.07,66.66,65.18,64.77
12069,50.08,52.55,55.22,56.46,57.65,59.74,63.57
12071,36.01,35.96,35.96,33.59,31.15,32.07,33.69
12073,6.24,8.27,10.73,12.52,14.04,14.11,15.64
12075,90.19,89.04,87.8,85.41,82.73,83.11,84.8
12077,87.81,87.35,86.76,90.42,94.85,95.76,96.87
12079,91.12,90.16,89.4,84.31,78.62,67.45,57.66
12081,33.4,34.57,35.85,35.95,36.02,39.4,43.86
12083,70.49,71.26,72.0,71.66,71.3,68.48,67.48
12085,44.73,46.04,47.73,47.72,47.28,45.74,45.52
12086,9.71,8.9,8.12,7.5,6.82,7.02,10.12
12087,32.51,26.61,20.53,16.5,12.59,10.1,9.05
12089,50.08,54.03,58.16,57.6,56.27,59.8,64.5
12091,37.89,36.58,35.31,40.38,46.12,47.6,47.1
12093,60.17,54.02,46.8,46.24,46.92,53.07,61.09
12095,7.9,8.45,8.98,9.81,10.75,11.89,14.75
12097,38.78,39.73,40.83,40.7,40.18,40.59,42.85
12099,18.94,19.05,19.21,19.52,20.1,20.36,22.27
12101,59.22,60.15,61.35,59.7,57.43,57.84,59.86
12103,44.03,45.05,46.18,46.92,47.67,50.27,53.95
12105,47.85,48.72,49.83,49.49,49.01,48.52,50.25
12107,62.56,63.08,63.52,66.34,69.75,67.85,67.84
12109,11.97,13.47,15.17,14.58,13.8,13.32,14.59
12111,53.68,52.74,51.58,51.55,51.93,51.74,53.02
12113,44.03,46.58,49.85,52.53,54.54,55.24,53.91
12115,52.66,53.37,54.07,52.5,50.55,49.65,49.46
12117,10.32,10.03,9.54,9.06,8.62,9.33,12.15
12119,80.64,82.57,84.6,83.24,81.49,80.36,81.24
12121,69.02,71.43,74.43,76.61,78.9,82.45,86.53
12123,94.3,91.68,88.99,89.69,91.14,91.48,93.03
12125,45.78,46.29,46.73,47.96,49.26,47.44,46.85
12127,53.68,55.59,57.72,60.31,63.0,64.65,68.39
12129,74.59,66.38,56.93,56.26,56.91,45.35,35.09
12131,69.02,65.31,61.01,60.66,60.46,60.96,59.62
12133,85.32,84.68,84.05,82.98,81.46,82.29,81.6
13001,75.33,76.49,77.73,77.69,77.7,64.93,53.94
13003,46.74,46.85,46.56,45.38,45.35,44.81,45.95
13005,71.12,73.53,76.38,77.2,78.46,76.37,75.84
13007,72.62,77.19,82.25,84.95,88.21,86.39,85.49
13009,34.16,35.31,36.78,43.88,51.61,55.48,60.49
13011,56.73,57.5,58.21,57.74,57.34,64.53,71.34
13013,24.45,27.04,30.03,28.49,26.26,27.39,27.79
13015,37.03,40.21,43.71,41.31,38.22,33.18,27.21
13017,95.7,92.46,87.9,73.36,58.89,39.59,21.65
13019,71.76,77.99,84.68,83.34,81.74,73.65,66.76
13021,41.45,43.67,45.93,48.49,50.97,52.69,54.77
13023,85.32,82.79,78.97,71.48,64.33,67.56,71.71
13025,96.5,96.67,96.71,93.31,89.49,77.42,66.7
13027,89.62,88.82,87.42,78.24,68.28,56.53,46.31
13029,11.46,11.27,10.54,14.23,18.75,18.19,19.76
13031,19.8,20.56,21.77,24.49,27.39,27.28,29.01
13033,69.02,64.91,60.28,50.6,40.68,34.41,29.65
13035,44.03,45.91,47.82,49.64,52.18,52.8,53.35
13037,60.17,62.33,65.53,64.14,61.16,63.65,66.02
13039,10.98,15.77,20.72,20.98,20.28,20.3,21.82
13043,75.96,74.63,72.98,72.6,72.18,72.4,74.2
13045,50.08,50.82,52.05,48.38,43.68,42.76,40.18
13047,45.78,43.59,41.48,41.67,41.93,50.36,57.74
13049,29.96,35.33,41.21,58.38,78.31,84.95,92.88
13051,18.31,20.9,23.73,28.79,34.27,38.48,44.43
13053,57.62,54.64,51.45,35.52,16.69,17.99,18.24
13055,70.49,70.44,70.65,70.64,70.3,70.31,69.68
13057,4.81,5.09,5.14,5.23,5.66,7.46,7.92
13059,9.71,9.59,8.8,8.9,10.62,14.42,19.25
13061,94.49,86.73,77.78,78.74,82.69,86.89,89.92
13063,14.45,13.27,11.78,10.78,10.11,10.71,10.12
13065,84.24,82.25,79.84,66.92,51.96,52.18,53.46
13067,2.32,2.52,2.62,2.27,2.09,3.0,2.42
13069,53.68,59.72,66.94,70.69,74.82,72.2,70.96
13071,42.31,45.17,47.65,43.32,39.3,40.93,44.29
13073,9.11,9.55,10.8,12.28,13.95,17.28,22.47
13075,43.11,52.37,62.94,65.7,68.55,61.92,56.68
13077,9.71,9.78,10.08,9.96,9.71,11.4,12.13
13079,48.93,53.21,58.16,62.69,66.44,75.59,84.74
13081,85.32,82.17,78.03,73.68,70.38,71.98,74.61
13083,71.12,65.56,59.38,61.07,64.28,65.84,66.56
13085,20.89,21.75,22.6,30.46,40.15,41.24,41.24
13087,53.68,57.57,61.68,62.81,63.99,58.9,54.73
13089,7.45,7.41,7.38,7.66,7.87,8.95,8.94
13091,73.96,76.58,79.75,77.66,75.47,78.16,82.25
13093,50.08,56.63,64.17,72.81,82.67,76.97,71.87
13095,48.93,47.38,45.75,47.58,50.1,54.02,58.7
13097,18.31,18.68,19.12,17.81,16.41,16.27,14.74
13099,45.78,47.1,48.95,45.85,41.82,46.53,51.24
13101,39.83,37.11,33.89,36.68,41.5,34.2,28.08
13103,23.02,24.5,26.22,25.26,23.56,18.0,14.28
13105,71.12,73.27,75.23,78.02,81.94,83.19,85.95
13107,62.56,66.13,70.94,73.61,75.53,77.27,80.82
13109,51.74,52.67,54.03,57.1,60.1,48.22,38.53
13111,92.68,90.55,88.31,90.78,94.35,95.45,95.65
13113,6.24,5.52,4.62,4.4,4.65,7.63,9.23
13115,61.64,58.48,54.6,51.06,48.2,49.1,49.51
13117,1.46,1.45,1.24,1.55,1.67,1.53,-0.2
13119,81.31,86.01,91.1,88.02,82.95,80.5,78.96
13121,5.16,5.57,6.07,6.45,6.78,7.03,5.96
13123,76.5,77.2,77.95,79.77,81.94,82.87,83.1
13125,36.01,30.37,24.49,27.06,30.58,35.57,42.0
13127,46.74,48.46,50.06,50.53,51.34,47.16,44.66
13129,50.08,59.96,71.77,74.19,74.82,64.04,52.58
13131,72.62,78.22,84.19,84.77,85.31,84.56,85.41
13133,24.45,33.67,44.75,46.07,45.3,41.9,39.31
13135,1.15,1.09,0.92,0.57,0.4,0.9,-0.13
13137,58.42,57.48,56.12,56.96,58.63,60.12,61.32
13139,12.61,12.72,12.85,12.69,12.39,13.72,13.99
13141,47.85,41.47,33.95,42.0,52.7,55.54,59.97
13143,78.16,76.49,74.51,72.9,72.06,69.11,64.8
13145,61.64,62.34,63.89,67.02,70.37,65.89,60.73
13147,64.37,67.73,71.21,75.67,81.15,83.5,87.34
13149,92.96,88.74,84.2,81.55,79.4,86.99,92.92
13151,7.45,8.87,10.5,9.94,8.96,7.42,4.95
13153,17.54,21.12,24.7,27.13,29.09,26.07,23.41
13155,75.96,83.36,91.91,87.73,82.65,61.89,42.78
13157,36.01,35.37,34.29,32.53,31.14,33.62,35.7
13159,42.31,50.66,60.18,63.82,66.65,70.38,74.4
13161,64.37,65.65,67.18,64.33,60.54,63.33,67.55
13163,51.74,55.7,61.12,57.2,50.7,50.56,52.25
13165,77.17,72.38,66.99,55.41,42.57,45.01,48.86
13167,82.43,77.89,72.71,71.99,71.77,76.41,82.82
13169,46.74,45.07,42.75,42.85,43.77,39.59,35.76
13171,61.64,58.74,55.26,48.19,40.61,53.72,66.41
13173,82.74,81.94,80.67,75.38,70.37,57.72,46.56
13175,28.84,26.11,22.88,25.09,28.1,33.21,39.8
13177,13.72,10.37,6.85,7.48,8.61,12.46,16.98
13179,28.18,27.73,26.68,28.46,31.2,34.68,39.9
13181,62.56,63.11,63.99,67.67,71.85,73.68,77.17
13183,28.84,38.9,51.09,57.84,62.79,69.25,77.48
13185,29.96,28.72,27.04,22.25,17.53,13.17,9.84
13187,45.78,46.56,47.44,50.49,53.6,42.86,31.45
13189,52.66,47.66,42.79,39.6,35.43,32.47,31.14
13191,98.38,98.67,98.86,95.23,91.16,87.98,86.57
13193,88.16,86.48,84.35,77.3,68.87,69.78,71.12
13195,56.73,63.16,70.29,70.92,70.79,70.29,70.43
13197,75.33,74.42,73.97,60.75,44.77,48.58,52.09
13199,83.79,83.96,84.74,85.7,86.52,87.57,87.99
13201,52.66,50.33,47.27,38.58,29.07,29.27,30.21
13205,65.87,72.09,78.77,74.84,69.34,68.77,69.53
13207,44.73,45.53,46.31,43.37,39.88,51.02,62.2
13209,60.94,62.22,64.18,67.95,71.33,61.05,52.36
13211,39.83,46.83,54.61,52.18,48.21,43.54,39.47
13213,56.73,54.99,53.1,48.42,42.82,33.29,22.93
13215,75.96,75.13,74.69,71.22,67.4,68.45,68.53
13217,36.01,39.9,44.15,45.87,47.42,47.16,46.28
13219,7.45,7.31,6.44,5.46,5.48,6.07,7.16
13221,54.76,61.31,68.58,63.59,56.24,46.82,38.54
13223,6.91,7.48,8.13,6.75,5.35,7.81,9.0
13225,28.18,33.12,38.5,49.71,62.86,68.12,73.37
13227,54.76,56.88,59.18,58.69,57.42,64.06,69.74
13229,86.44,84.54,82.11,74.08,65.37,44.93,25.79
13231,32.51,31.9,31.55,27.89,23.65,22.0,19.22
13233,65.27,62.31,58.85,54.72,50.63,48.57,45.29
13235,56.73,69.05,83.64,84.79,83.56,83.24,84.02
13237,50.08,47.07,42.93,41.3,40.37,55.73,72.08
13239,99.08,98.13,97.55,94.38,90.62,91.04,89.9
13241,57.62,59.78,62.4,71.05,80.37,83.88,87.4
13243,89.62,83.15,76.21,68.49,60.15,58.7,56.92
13245,70.49,68.88,67.26,64.62,61.97,64.89,69.49
13247,10.98,8.95,6.18,5.45,5.94,8.24,9.41
13249,69.02,65.66,62.2,59.02,57.12,60.19,63.18
13251,73.96,67.95,61.1,58.96,58.18,58.79,61.01
13253,60.17,60.96,61.72,63.57,66.38,74.92,83.56
13255,59.22,59.8,60.55,58.42,56.06,53.52,50.26
13257,79.08,78.89,78.41,79.06,80.09,78.92,78.18
13259,96.91,94.2,92.09,84.35,76.38,81.77,85.99
13261,45.78,43.64,41.8,37.56,32.56,30.57,28.93
13263,92.04,86.53,80.26,78.96,78.9,80.03,80.94
13265,96.05,95.98,96.37,94.78,92.18,85.79,81.16
13267,80.64,76.03,70.44,68.27,66.57,64.47,64.16
13269,58.42,57.68,56.98,63.25,71.56,80.88,90.07
13271,65.87,54.87,41.6,29.72,19.12,26.47,35.8
13273,71.76,57.84,41.9,40.81,43.2,46.61,50.35
13275,61.64,64.27,66.86,66.18,66.25,67.91,71.0
13277,52.66,57.75,62.9,55.35,46.98,37.48,29.53
13279,40.75,40.81,40.95,48.39,57.18,59.13,62.5
13281,78.16,73.81,68.08,69.93,74.02,66.63,59.5
13283,83.22,80.25,76.85,81.01,86.34,85.77,86.92
13285,65.87,63.18,60.71,60.11,59.48,59.31,58.08
13287,84.24,85.1,85.67,77.63,69.54,67.64,67.02
13289,75.96,77.34,78.67,81.76,85.72,77.89,70.54
13291,90.19,88.74,87.0,81.61,74.57,74.02,73.18
13293,81.31,74.89,67.28,60.52,53.89,58.7,63.34
13295,84.75,81.52,78.24,76.48,74.21,74.65,73.95
13297,23.02,23.98,24.77,22.62,20.37,20.76,20.51
13299,80.64,79.52,78.28,72.48,66.48,51.33,37.53
13301,80.01,60.36,37.46,31.33,28.57,37.7,48.35
13303,43.11,45.64,49.16,58.24,67.44,68.94,72.11
13305,79.08,75.26,70.53,64.59,59.08,49.37,41.12
13307,92.68,85.28,77.3,63.95,49.79,55.1,60.17
13309,45.78,45.08,44.68,43.05,40.72,28.41,17.88
13311,52.66,56.27,60.56,60.75,59.37,63.21,66.7
13313,22.32,18.4,13.79,11.71,10.55,9.56,7.89
13315,80.01,80.91,81.62,68.89,54.59,38.53,24.18
13317,77.17,75.35,73.2,70.55,67.98,61.58,56.65
13319,55.71,57.74,60.09,56.05,49.42,42.86,37.4
13321,52.66,59.16,66.7,66.55,65.87,64.84,64.79
15001,32.51,31.48,30.29,31.09,31.96,35.51,37.9
15003,11.46,12.6,13.13,12.15,11.58,10.69,10.1
15005,23.72,49.06,76.74,86.49,94.6,66.72,38.58
15007,20.89,14.88,8.57,7.15,5.93,5.59,4.47
15009,11.46,12.55,12.35,11.21,11.03,6.34,0.32
16001,6.91,7.58,7.98,7.19,6.89,8.24,8.89
16003,84.24,85.11,85.07,87.57,91.74,83.11,74.15
16005,38.78,41.91,44.82,49.48,55.4,53.25,49.49
16007,36.01,35.4,34.57,32.31,30.44,28.71,26.2
16009,77.84,76.81,75.32,78.09,81.84,82.06,82.52
16011,29.96,32.3,34.77,35.46,35.7,43.52,50.04
16013,0.45,-0.2,-0.24,2.2,4.3,7.3,9.66
16015,58.42,63.55,68.8,56.54,42.33,43.05,42.7
16017,51.19,54.56,58.42,58.48,58.53,57.3,56.27
16019,27.19,29.01,31.44,33.82,36.28,32.9,28.83
16021,77.17,73.85,69.95,55.63,40.72,43.39,46.13
16023,84.24,71.86,58.46,57.04,56.41,58.15,58.95
16025,78.16,67.89,56.3,49.2,42.63,59.59,75.3
16027,37.03,34.77,31.51,31.89,33.79,37.22,40.27
16029,37.89,38.36,38.53,32.97,26.99,22.9,17.42
16031,24.45,22.09,19.64,25.87,32.24,32.97,33.38
16033,81.31,52.52,20.57,9.82,1.45,5.18,7.01
16035,97.71,98.04,98.26,94.98,91.12,89.82,87.91
16037,67.62,73.1,79.28,85.2,91.14,95.03,97.39
16039,37.03,32.63,28.03,30.02,33.11,46.39,58.13
16041,31.65,34.02,36.38,36.32,36.81,34.65,32.03
16043,29.96,26.39,23.59,24.67,25.32,38.29,49.93
16045,62.56,71.67,81.94,82.25,81.11,84.9,88.41
16047,44.73,43.2,42.18,36.61,29.15,29.62,28.41
16049,86.82,89.36,91.91,92.38,92.83,91.67,90.06
16051,23.02,21.38,20.11,16.99,12.82,10.3,6.86
16053,26.52,22.13,17.35,17.35,17.73,16.82,14.32
16055,33.4,32.82,31.89,31.07,30.47,34.43,39.03
16057,14.45,17.0,19.91,19.71,18.99,19.01,18.59
16059,68.26,75.28,82.61,76.88,70.12,73.21,75.23
16061,86.82,87.8,88.69,91.22,94.53,96.25,97.6
16063,34.16,31.01,27.96,33.87,40.68,39.89,37.62
16065,0.29,-0.78,-1.06,-0.13,0.24,2.52,3.86
16067,30.82,26.35,21.34,28.88,37.74,37.54,36.91
16069,67.62,68.57,69.54,69.38,68.76,69.64,70.05
16071,47.85,57.74,68.49,68.33,66.75,66.63,65.64
16073,50.08,52.68,55.82,58.1,59.7,65.62,70.91
16075,40.75,46.32,52.84,59.92,67.74,65.07,62.33
16077,48.93,56.61,65.33,67.01,67.16,53.32,38.14
16079,82.74,87.22,92.22,94.95,97.18,97.47,97.56
16081,18.31,11.31,3.38,1.89,1.27,1.39,-0.15
16083,25.25,24.44,24.01,26.88,29.56,29.91,28.65
16085,53.68,65.33,78.2,80.46,81.36,58.45,35.18
16087,85.8,83.44,80.2,81.41,83.6,76.64,69.58
17001,34.89,33.73,32.82,33.16,33.22,40.45,44.76
17003,95.45,94.41,93.6,92.25,89.85,90.8,89.45
17005,46.74,51.18,56.25,54.78,52.15,56.95,58.86
17007,4.39,6.61,8.84,11.17,13.73,17.18,19.43
17009,11.46,12.92,14.46,24.35,35.41,55.04,71.87
17011,28.18,29.37,30.55,30.0,29.72,30.46,29.79
17013,55.71,59.32,63.52,69.11,75.69,75.99,74.07
17015,53.68,48.85,42.89,39.27,36.24,38.26,38.51
17017,31.65,30.36,28.62,29.43,29.51,31.85,31.57
17019,3.09,3.3,3.05,3.13,3.18,2.95,0.78
17021,40.75,39.79,38.88,31.3,22.34,25.26,25.58
17023,43.11,51.17,60.21,60.7,59.71,57.87,53.73
17025,67.62,71.88,76.44,79.33,81.98,81.16,77.88
17027,17.54,22.33,28.2,33.01,37.42,41.05,41.72
17029,32.51,32.1,31.61,37.93,46.12,51.47,54.94
17031,9.71,9.06,8.41,7.93,7.59,8.12,6.32
17033,54.76,57.18,59.08,57.66,56.06,57.26,56.12
17035,74.59,74.28,73.49,69.47,64.18,54.93,43.6
17037,2.9,4.4,5.87,6.48,7.1,9.0,9.34
17039,29.96,26.22,21.54,20.21,19.79,16.91,11.4
17041,9.71,10.38,11.09,13.39,15.64,18.06,18.57
17043,1.97,1.9,1.84,1.85,1.8,1.84,-0.21
17045,41.45,47.59,54.24,55.76,56.67,58.22,57.75
17047,54.76,53.9,52.31,55.75,60.72,62.71,62.41
17049,19.8,22.94,26.49,26.25,25.0,28.13,28.92
17051,63.67,63.73,63.69,65.82,68.64,69.4,67.48
17053,50.08,55.25,60.99,59.34,56.35,49.64,41.31
17055,85.32,83.89,81.98,84.25,86.55,86.73,84.73
17057,44.73,45.14,45.5,45.48,45.25,43.84,40.73
17059,85.8,87.92,90.4,92.28,93.88,92.09,87.8
17061,54.76,54.68,54.46,56.55,58.99,53.45,45.83
17063,10.98,11.7,12.38,8.71,4.76,3.74,0.55
17065,61.64,60.57,59.13,67.63,77.92,80.88,81.63
17067,41.45,37.84,33.36,32.45,32.31,42.08,49.9
17069,99.59,99.61,99.46,99.03,98.41,98.74,96.42
17071,59.22,61.63,64.0,64.77,65.36,63.69,60.35
17073,18.94,19.89,20.91,21.38,22.65,25.79,27.16
17075,29.96,34.15,39.0,43.66,48.45,52.8,55.61
17077,23.72,25.14,27.08,31.08,34.93,40.44,43.36
17079,37.89,46.44,55.96,66.92,79.02,80.92,80.64
17081,62.56,66.85,71.84,76.2,79.42,77.75,73.44
17083,11.97,18.88,26.74,28.89,29.77,32.73,33.64
17085,21.46,20.81,20.13,28.27,38.05,39.23,38.43
17087,77.17,73.31,68.6,63.08,57.26,53.04,46.54
17089,1.97,2.11,2.05,2.02,2.02,2.33,0.79
17091,58.42,59.01,59.74,49.47,36.71,32.6,26.65
17093,1.02,1.03,0.96,0.76,0.9,1.3,-0.61
17095,47.85,52.54,57.9,57.12,55.36,52.76,48.64
17097,1.97,2.13,2.26,2.61,2.99,3.54,2.52
17099,25.25,26.88,28.53,28.88,29.36,29.88,28.09
17101,75.96,81.63,87.62,86.42,84.15,80.43,74.75
17103,18.94,25.21,32.2,37.29,42.54,51.26,57.79
17105,32.51,36.85,41.61,45.41,49.7,49.98,48.19
17107,46.74,47.29,47.98,49.24,50.17,48.88,45.53
17109,14.45,17.53,20.97,25.0,29.06,32.58,34.16
17111,1.97,2.39,2.87,3.57,4.36,4.5,3.39
17113,4.81,4.5,4.15,4.37,4.42,4.28,1.87
17115,37.89,41.19,45.56,47.08,47.7,46.14,42.44
17117,51.19,52.81,54.33,51.13,47.35,47.29,45.02
17119,21.46,22.51,23.42,27.31,32.47,37.62,40.61
17121,75.96,74.06,71.47,71.7,72.48,72.36,69.14
17123,32.51,30.42,27.75,26.8,26.77,35.62,42.11
17125,60.94,58.46,55.39,59.76,65.32,68.05,68.89
17127,84.24,83.29,82.46,84.25,86.03,84.46,80.12
17129,19.8,22.73,26.24,31.11,35.7,38.88,39.67
17131,28.18,26.23,23.66,22.51,21.9,24.18,24.7
17133,7.9,7.19,6.61,5.89,4.49,5.27,3.66
17135,39.83,40.51,41.17,38.15,35.06,43.0,48.69
17137,44.03,42.45,40.75,47.6,55.51,59.83,61.89
17139,19.8,16.85,13.58,15.15,17.02,21.29,23.39
17141,11.97,16.15,20.69,20.97,20.71,25.44,28.32
17143,14.45,14.33,14.22,15.22,16.59,19.97,21.3
17145,61.64,58.95,56.01,64.54,74.84,80.01,82.91
17147,9.11,11.01,13.26,17.23,21.47,23.01,22.22
17149,51.74,53.7,56.35,57.16,56.93,60.78,62.06
17151,89.62,92.84,96.86,97.5,97.03,97.1,94.53
17153,95.29,94.73,94.68,94.91,94.31,93.21,89.68
17155,13.72,15.34,17.15,17.38,17.41,25.63,31.9
17157,51.19,49.31,47.65,49.93,52.09,56.08,57.71
17159,69.02,70.35,71.19,67.54,63.24,63.41,61.14
17161,28.84,28.03,27.02,27.9,29.49,33.3,35.27
17163,28.84,27.91,26.69,26.42,26.25,30.58,32.7
17165,88.98,88.45,87.7,89.37,91.47,91.93,90.11
17167,36.01,35.54,35.0,34.66,34.4,34.37,31.89
17169,51.74,57.88,65.28,74.21,82.4,86.72,88.56
17171,28.18,22.45,15.53,16.89,19.27,23.71,25.97
17173,44.73,35.26,24.02,21.7,21.3,28.1,32.53
17175,62.56,60.5,58.06,44.5,28.89,26.79,23.22
17177,44.03,41.51,38.6,39.92,42.05,46.27,48.41
17179,14.45,14.33,14.32,15.88,17.59,19.22,19.1
17181,69.79,69.22,68.66,68.77,68.75,66.87,62.44
17183,47.85,48.88,49.91,50.06,49.72,44.65,38.02
17185,69.02,70.84,72.46,70.73,68.69,70.47,70.24
17187,19.8,21.19,22.43,24.65,27.52,29.03,28.78
17189,34.89,29.66,23.31,22.22,21.47,22.13,19.68
17191,58.42,61.69,65.34,69.6,73.57,71.12,66.34
17193,76.5,78.58,80.94,82.57,83.64,82.76,79.5
17195,44.03,46.64,49.56,46.29,41.92,43.28,42.52
17197,2.55,2.84,3.1,2.44,2.04,2.65,1.05
17199,51.19,55.34,60.43,63.92,66.41,68.8,68.73
17201,30.82,32.59,34.43,35.03,35.45,36.56,36.47
17203,5.16,5.04,4.91,5.63,6.37,8.19,7.57
18001,18.31,20.27,22.73,20.84,18.08,15.84,13.99
18003,16.71,18.19,19.78,20.0,20.51,21.16,22.55
18005,23.72,23.8,23.87,22.73,20.94,26.52,30.9
18007,71.76,69.82,67.82,70.03,71.93,72.83,72.85
18009,88.98,87.17,85.18,84.98,84.7,86.16,88.21
18011,3.09,5.2,7.59,7.16,6.21,4.7,2.55
18013,18.31,19.23,20.13,22.81,25.82,30.94,35.03
18015,39.83,44.22,49.61,51.28,51.69,47.99,43.77
18017,37.89,40.77,44.3,45.95,47.08,44.35,41.4
18019,44.73,46.39,48.53,42.74,34.76,32.42,28.65
18021,68.26,70.5,72.6,71.88,71.43,72.7,72.56
18023,37.03,33.94,30.13,31.97,35.33,31.11,25.91
18025,86.44,86.03,84.84,83.88,83.33,78.42,72.72
18027,30.82,33.28,35.18,36.96,38.92,38.15,36.53
18029,20.89,19.77,18.31,17.78,17.92,23.77,28.87
18031,31.65,33.34,35.33,36.19,36.79,31.45,24.78
18033,63.67,58.8,52.58,45.39,38.42,31.63,25.4
18035,64.37,62.42,60.33,59.46,58.28,61.66,65.05
18037,7.45,8.37,8.74,9.57,10.82,14.75,17.99
18039,30.82,31.2,31.19,29.28,27.38,24.56,21.6
18041,85.8,82.29,78.01,74.71,71.67,74.08,75.49
18043,34.16,33.98,33.53,28.4,23.02,25.84,27.59
18045,62.56,64.75,67.19,68.92,69.73,72.59,73.79
18047,32.51,32.24,32.09,30.26,28.03,28.87,28.48
18049,56.73,57.41,58.12,58.45,58.83,54.78,50.49
18051,37.89,42.65,47.71,48.55,48.88,48.41,46.38
18053,71.12,69.86,68.57,71.9,75.81,77.2,79.0
18055,72.62,75.77,79.08,78.33,76.67,77.59,77.23
18057,1.02,0.96,0.86,1.08,1.32,1.31,1.08
18059,24.45,25.11,25.86,25.57,25.42,27.21,28.33
18061,59.22,63.97,69.38,68.83,67.52,64.39,60.71
18063,6.24,9.28,12.75,11.73,10.27,8.12,5.27
18065,62.56,63.02,63.75,64.05,64.32,69.02,73.25
18067,65.87,66.43,67.18,67.79,67.87,64.45,60.99
18069,38.78,39.21,39.75,38.3,36.54,38.0,39.65
18071,23.72,25.01,26.68,34.34,42.31,44.48,45.46
18073,33.4,28.6,23.54,31.41,40.69,47.78,54.12
18075,59.22,58.07,56.69,57.16,57.91,59.23,61.01
18077,52.66,49.43,45.69,49.11,52.92,58.62,63.39
18079,50.08,49.59,49.27,55.39,62.28,65.0,66.41
18081,7.9,8.45,8.7,8.26,8.23,8.4,7.94
18083,37.03,46.51,57.09,65.6,74.49,74.1,72.46
18085,21.46,24.54,27.82,29.36,30.99,29.68,28.0
18087,10.32,10.31,10.06,8.78,7.77,9.73,12.17
18089,36.01,35.36,34.9,34.63,34.12,33.57,31.63
18091,37.03,35.03,32.85,32.63,32.82,35.52,37.43
18093,62.56,63.68,64.51,69.6,75.3,73.15,70.12
18095,72.62,70.98,69.16,69.82,71.0,73.35,75.7
18097,33.4,33.74,33.86,32.89,32.05,30.72,28.7
18099,28.84,31.04,33.6,34.61,35.55,30.36,24.54
18101,29.96,39.15,49.54,60.56,71.59,73.86,75.01
18103,65.87,63.36,60.42,60.48,61.34,56.6,52.05
18105,10.98,11.21,11.11,12.1,13.36,12.06,9.79
18107,42.31,43.41,44.47,44.17,43.8,44.2,43.18
18109,44.73,46.11,47.4,47.03,46.85,40.3,32.73
18111,53.68,45.76,36.53,42.01,49.72,57.43,63.9
18113,30.82,31.98,33.13,32.89,33.01,34.3,35.66
18115,16.71,22.87,30.18,29.38,26.9,35.62,43.64
18117,64.37,69.57,75.27,81.77,88.2,88.04,86.98
18119,61.64,64.52,67.49,68.02,68.38,67.31,64.99
18121,45.78,52.55,60.05,66.42,73.06,71.23,67.56
18123,43.11,44.41,45.61,44.68,44.06,50.27,55.54
18125,66.92,71.28,75.74,74.19,71.63,65.14,57.39
18127,13.34,12.44,11.69,11.65,11.38,12.06,11.62
18129,17.54,19.4,21.16,21.77,22.09,22.92,21.37
18131,65.27,64.05,62.74,64.71,66.93,61.73,56.15
18133,46.74,49.57,52.41,46.28,38.71,30.49,21.02
18135,60.94,59.31,57.29,59.33,62.36,63.83,65.38
18137,34.89,33.77,32.26,30.62,29.13,29.77,29.4
18139,51.19,50.5,49.68,44.2,37.85,45.92,52.94
18141,32.51,32.03,31.19,30.73,30.96,31.06,30.58
18143,77.17,71.75,65.39,67.85,71.36,80.1,87.73
18145,25.25,28.09,31.39,30.24,28.51,32.8,36.22
18147,34.89,35.59,35.94,39.51,44.69,44.68,43.54
18149,69.02,67.05,64.89,59.33,52.61,47.89,42.63
18151,34.89,39.17,44.28,43.67,41.66,36.46,31.77
18153,75.96,74.13,71.11,72.89,76.55,76.43,74.31
18155,37.03,45.09,54.64,57.82,60.07,67.75,74.58
18157,6.91,6.67,6.4,8.38,10.38,8.46,5.27
18159,65.27,63.51,61.57,61.65,61.86,54.26,46.51
18161,38.78,40.1,41.81,46.85,52.63,54.42,55.1
18163,37.03,39.85,42.89,45.96,49.22,47.87,44.53
18165,63.67,65.77,67.5,71.11,75.79,77.83,77.69
18167,60.17,65.14,70.24,71.45,72.15,70.43,66.66
18169,52.66,48.58,43.65,40.8,38.43,39.64,41.0
18171,65.27,59.95,53.58,55.68,59.73,61.08,61.14
18173,11.97,14.54,17.09,18.17,18.97,18.84,16.84
18175,65.87,67.14,68.5,71.26,74.07,70.87,66.85
18177,69.79,70.47,71.45,71.42,71.06,69.66,67.53
18179,25.25,25.01,24.72,25.24,26.37,25.69,25.25
18181,48.93,50.98,53.51,57.29,60.65,60.9,60.47
18183,47.85,51.65,56.02,51.93,46.14,42.02,38.41
19001,41.45,44.51,48.11,52.89,58.0,53.05,45.77
19003,53.68,52.16,50.3,42.95,34.0,33.03,29.3
19005,18.94,18.14,17.0,15.55,14.3,13.68,10.67
19007,51.19,54.96,59.6,65.2,71.82,72.04,69.47
19009,17.54,20.14,23.51,24.52,25.34,25.2,22.39
19011,21.46,18.89,16.31,14.84,13.3,12.32,9.61
19013,20.89,17.68,14.15,14.23,14.91,19.7,22.29
19015,23.02,30.5,39.38,40.18,39.54,34.23,25.9
19017,4.81,4.72,4.69,5.45,6.37,9.32,9.68
19019,11.97,10.98,10.03,12.1,14.21,17.82,19.09
19021,4.11,4.15,4.18,5.19,6.01,4.72,0.94
19023,6.91,7.52,8.12,8.84,9.71,12.16,11.5
19025,41.45,38.4,34.99,30.13,24.82,22.83,17.76
19027,13.72,13.39,13.18,11.49,9.59,10.1,7.95
19029,59.22,52.51,44.59,36.98,30.12,26.17,19.53
19031,13.34,13.52,13.73,12.07,10.32,10.03,8.37
19033,27.19,32.13,37.86,37.62,36.2,34.99,30.63
19035,21.46,25.53,30.22,34.13,37.48,26.58,13.57
19037,30.82,33.67,37.02,34.6,30.42,30.18,27.79
19039,48.93,43.49,36.84,33.81,32.04,47.33,59.92
19041,34.16,32.38,29.78,36.51,45.25,47.4,46.92
19043,19.8,24.48,29.9,29.87,28.79,31.01,30.87
19045,27.19,29.18,31.6,30.39,28.5,31.65,32.89
19047,23.02,23.59,24.33,30.07,36.76,40.27,41.05
19049,1.46,1.69,1.73,1.18,0.94,0.11,-3.29
19051,23.02,22.29,21.37,19.4,17.21,16.72,13.49
19053,66.92,68.92,71.57,63.23,52.85,48.59,41.2
19055,20.89,17.33,13.23,13.2,14.11,12.59,9.35
19057,41.45,42.92,44.05,45.14,47.12,52.56,56.25
19059,36.01,35.38,34.25,37.44,41.24,42.42,40.66
19061,13.72,13.1,12.35,12.48,12.65,12.45,9.99
19063,18.94,27.56,37.53,40.95,42.65,50.18,54.83
19065,38.78,37.11,35.17,37.5,40.72,45.9,49.06
19067,34.89,37.63,40.64,45.99,51.97,52.53,50.52
19069,29.96,28.57,26.71,18.74,9.55,5.62,-1.02
19071,46.74,46.06,45.13,38.87,32.27,29.08,23.91
19073,61.64,60.41,58.88,55.58,52.38,56.18,57.07
19075,10.32,10.28,10.75,9.7,8.07,7.93,5.23
19077,33.4,33.65,33.74,32.59,31.36,25.83,17.84
19079,25.25,25.43,25.75,23.11,19.83,17.59,12.57
19081,10.98,14.81,19.1,21.21,22.86,27.01,27.78
19083,23.72,20.57,17.06,15.25,14.38,17.4,17.94
19085,47.85,47.49,46.92,37.92,27.59,24.17,18.13
19087,22.32,30.86,40.84,38.99,35.16,36.79,36.55
19089,19.8,18.89,17.65,14.85,11.52,8.14,2.32
19091,19.8,20.41,20.93,24.86,28.94,33.29,34.83
19093,28.84,28.36,27.76,32.42,37.75,30.49,21.05
19095,19.8,17.65,15.53,16.92,19.12,19.21,17.54
19097,21.46,22.1,22.99,21.82,19.97,18.25,15.05
19099,48.93,43.7,37.62,35.91,35.23,30.8,23.51
19101,5.76,5.79,5.83,8.04,11.09,18.49,23.85
19103,1.37,1.05,0.84,0.31,0.04,0.75,-0.17
19105,28.84,27.1,25.23,21.5,17.29,18.22,17.34
19107,45.78,45.7,45.9,43.99,41.68,48.73,53.44
19109,24.45,25.73,26.68,35.74,46.62,54.36,59.44
19111,52.66,57.42,63.19,62.22,59.2,55.3,49.39
19113,7.9,7.65,7.74,7.44,6.86,6.78,5.24
19115,11.46,15.29,19.51,17.53,15.04,16.05,15.49
19117,44.73,47.21,50.25,53.16,56.52,62.69,66.25
19119,10.98,12.0,13.14,11.95,10.27,10.54,8.32
19121,18.31,19.5,20.82,21.86,22.77,16.39,7.07
19123,28.84,30.2,32.11,31.65,30.6,33.35,33.63
19125,21.46,24.77,28.8,32.04,35.15,38.09,37.9
19127,25.25,23.91,22.76,20.4,17.68,15.48,10.39
19129,54.76,58.57,63.03,56.89,49.15,44.66,37.99
19131,8.63,8.76,8.68,14.24,21.05,20.8,18.44
19133,41.45,39.05,36.43,38.35,40.98,43.87,44.35
19135,42.31,40.13,37.33,31.59,25.12,25.94,24.11
19137,69.02,68.75,68.54,62.21,55.15,46.13,34.34
19139,16.71,14.86,12.57,10.01,7.98,9.61,9.91
19141,23.72,23.8,23.61,26.78,31.0,35.13,36.86
19143,17.54,22.82,29.11,27.31,23.03,21.52,17.44
19145,58.42,58.65,59.0,58.33,58.06,47.55,34.48
19147,39.83,44.17,48.93,47.41,43.74,45.56,44.65
19149,9.11,13.78,18.93,16.67,13.04,14.62,14.09
19151,20.89,23.18,25.81,32.71,40.37,42.05,41.03
19153,10.32,11.09,11.97,11.8,11.39,11.01,8.26
19155,37.03,39.31,41.72,39.28,36.89,37.8,36.05
19157,28.84,23.35,17.1,11.97,6.89,9.19,8.72
19159,52.66,52.59,52.39,44.31,34.78,31.17,24.66
19161,28.84,24.82,20.27,16.09,11.69,8.93,3.75
19163,8.63,8.67,8.79,8.95,9.0,10.09,9.33
19165,48.93,48.25,47.5,42.0,36.12,27.63,16.28
19167,0.67,1.51,2.09,1.98,2.24,3.23,1.63
19169,0.86,1.21,1.42,0.84,0.67,0.5,-2.15
19171,30.82,27.01,23.0,19.06,14.99,12.8,8.0
19173,40.75,39.28,37.58,42.31,49.1,44.63,37.2
19175,46.74,47.95,49.5,53.77,59.21,54.05,46.27
19177,32.51,30.67,28.4,31.46,36.05,42.85,47.47
19179,51.74,46.3,39.8,37.45,36.23,42.51,46.25
19181,10.98,12.42,13.98,15.03,15.92,13.77,9.0
19183,30.82,30.49,29.88,22.86,14.85,14.98,12.91
19185,65.27,65.3,65.38,60.59,54.98,48.43,39.23
19187,44.73,41.72,38.14,35.65,33.68,36.75,36.82
19189,34.89,37.81,40.82,42.31,43.64,38.54,30.05
19191,2.74,2.68,2.56,6.68,11.87,14.33,14.46
19193,18.94,20.35,22.09,22.53,22.34,21.89,19.14
19195,32.51,32.55,32.26,34.72,38.16,37.7,34.63
19197,29.96,29.74,29.4,32.38,36.29,35.05,30.6
20001,82.74,82.08,81.48,78.97,75.01,73.66,70.16
20003,65.87,51.82,35.48,32.93,32.55,34.2,33.67
20005,57.62,56.36,54.41,51.95,49.49,38.69,25.4
20007,44.03,44.5,45.15,48.52,52.44,61.24,68.99
20009,38.78,35.09,30.63,37.36,45.97,45.64,43.15
20011,69.79,72.0,75.01,79.08,83.22,79.4,73.16
20013,65.27,66.13,66.6,62.36,57.21,54.69,50.05
20015,28.84,24.79,20.19,18.17,15.92,21.01,24.6
20017,59.22,58.34,57.1,60.61,64.96,51.41,36.23
20019,95.29,93.88,92.35,91.99,91.44,91.62,90.11
20021,84.75,83.39,82.3,86.48,90.77,91.67,90.34
20023,51.19,53.77,56.95,55.29,52.63,51.15,46.97
20025,56.73,52.85,48.68,41.35,33.3,54.71,75.05
20027,54.76,50.85,46.67,46.17,46.05,53.08,58.28
20029,54.76,51.13,47.57,43.28,37.78,33.36,26.93
20031,30.82,35.42,41.06,49.43,57.81,61.26,62.72
20033,46.74,41.81,36.81,30.77,23.87,48.99,72.8
20035,61.64,59.51,57.29,61.07,64.92,64.59,62.73
20037,51.74,52.26,52.91,52.91,52.68,50.67,46.3
20039,90.51,88.69,86.75,77.72,66.87,75.35,81.76
20041,53.68,57.19,61.35,65.24,68.43,64.95,59.79
20043,36.01,40.0,44.75,49.88,55.09,43.52,29.52
20045,6.24,6.58,7.0,8.04,9.12,10.02,8.84
20047,32.51,40.26,50.14,43.97,34.15,31.81,27.15
20049,85.32,87.42,89.92,93.31,96.69,94.43,90.53
20051,10.32,11.54,13.17,16.05,18.11,15.55,11.3
20053,55.71,56.74,57.57,62.3,67.2,61.84,54.31
20055,6.24,6.82,7.43,8.37,9.21,11.37,11.98
20057,9.11,7.85,6.66,5.6,5.3,8.56,10.66
20059,43.11,40.3,37.47,36.63,35.17,41.61,45.75
20061,11.97,14.87,18.08,20.1,21.75,22.13,20.67
20063,30.82,33.46,36.49,43.3,50.19,56.2,60.1
20065,71.12,74.13,77.76,79.77,81.33,74.87,66.17
20067,1.46,5.24,9.64,10.04,7.84,3.73,-2.29
20069,10.32,12.75,15.94,14.38,11.99,8.1,3.0
20071,33.4,46.21,60.47,72.09,82.79,77.84,70.72
20073,65.87,73.07,81.31,84.84,87.11,84.06,78.81
20075,25.25,18.42,9.93,17.4,26.83,27.88,27.22
20077,36.01,43.63,52.62,53.09,51.24,54.33,56.12
20079,25.25,28.76,33.32,40.3,46.95,43.96,39.44
20081,5.48,3.94,2.03,1.08,0.51,1.05,0.24
20083,70.49,62.43,53.26,42.21,30.91,35.68,38.77
20085,36.01,45.05,55.15,61.88,68.56,64.61,59.27
20087,30.82,34.58,38.57,40.42,42.17,37.75,31.54
20089,44.73,50.8,57.76,65.53,73.68,72.18,69.52
20091,3.09,3.44,3.82,4.25,4.38,3.0,-0.66
20093,17.54,16.81,15.85,18.68,21.22,29.46,36.15
20095,44.03,49.58,55.74,49.36,41.25,37.79,32.72
20097,73.96,61.84,47.79,44.04,43.5,54.48,63.51
20099,74.59,73.65,72.81,75.46,78.09,78.08,76.15
20101,62.56,62.96,63.56,62.46,60.44,57.26,52.11
20103,38.78,40.62,42.7,44.53,46.22,36.62,25.06
20105,36.01,42.65,50.37,56.6,62.06,56.71,49.46
20107,80.64,77.63,74.7,76.33,78.05,71.65,62.75
20109,37.03,34.99,32.29,34.9,37.49,42.43,45.59
20111,25.25,28.18,31.23,31.36,30.5,27.17,21.74
20113,17.54,18.26,19.11,22.27,24.91,25.59,24.55
20115,61.64,55.19,47.44,50.98,55.98,49.22,40.27
20117,43.11,46.28,49.96,51.13,51.82,44.58,36.09
20119,9.11,7.85,6.51,6.1,6.01,7.16,7.67
20121,19.8,18.56,17.5,21.41,25.9,27.67,27.11
20123,33.4,36.35,39.39,44.89,51.11,48.18,43.25
20125,73.96,70.82,67.21,70.99,76.02,77.77,78.1
20127,55.71,58.25,60.96,63.36,65.64,66.07,64.67
20129,34.16,38.04,42.29,49.72,57.07,63.15,67.7
20131,24.45,26.31,28.09,27.93,27.97,28.09,26.83
20133,67.62,66.66,65.63,68.49,71.95,74.83,75.69
20135,56.73,51.73,46.09,51.04,57.74,50.47,41.41
20137,50.08,49.7,49.53,36.91,21.62,25.87,27.95
20139,66.92,64.77,61.96,61.83,62.41,61.24,58.05
20141,59.22,67.01,75.82,75.66,73.42,60.68,46.62
20143,42.31,36.96,30.5,27.95,25.65,29.06,30.5
20145,59.22,60.15,61.17,65.67,71.33,77.49,81.41
20147,46.74,47.69,49.0,51.37,53.9,59.28,62.94
20149,4.52,5.46,5.97,6.38,7.33,9.03,9.05
20151,37.03,36.15,35.28,25.85,15.05,13.6,10.0
20153,58.42,59.5,61.1,68.32,76.31,78.24,77.3
20155,43.11,42.81,42.08,43.01,44.49,44.53,42.7
20157,59.22,48.69,36.41,33.0,31.2,27.41,21.83
20159,37.89,40.94,44.4,49.52,54.33,53.24,50.23
20161,0.89,2.25,3.54,5.43,7.6,11.29,12.82
20163,60.17,53.54,45.61,47.14,50.57,51.1,49.99
20165,60.94,61.43,62.04,62.07,61.15,49.66,36.18
20167,65.87,64.8,63.35,67.25,71.76,69.95,66.33
20169,22.32,23.0,23.83,31.43,39.82,47.12,52.32
20171,15.09,12.3,8.69,6.78,4.64,5.92,5.78
20173,21.46,19.58,17.44,20.24,23.55,29.61,34.44
20175,1.97,1.74,1.74,1.74,1.39,2.45,2.84
20177,43.11,43.05,42.45,38.75,34.82,31.97,27.69
20179,37.89,39.71,41.8,43.39,44.52,38.84,30.52
20181,69.79,66.09,61.47,63.36,66.67,58.43,47.62
20183,68.26,70.12,72.18,71.94,71.18,63.47,54.14
20185,44.73,45.8,47.03,46.32,45.41,43.44,39.33
20187,11.46,13.76,16.48,40.0,66.68,58.54,48.62
20189,11.46,9.18,6.33,8.22,10.55,10.24,8.76
20191,38.78,35.19,31.07,35.54,40.93,49.17,56.1
20193,19.8,18.64,17.36,27.32,38.81,35.34,29.65
20195,6.24,7.28,8.33,15.73,23.91,29.54,33.35
20197,32.51,40.81,50.12,52.82,54.41,56.88,57.31
20199,58.42,65.37,72.91,72.56,70.64,77.73,82.71
20201,55.71,48.33,39.76,36.73,34.66,35.5,34.48
20203,14.45,24.7,36.13,58.41,82.37,85.61,87.08
20205,92.36,92.14,91.78,92.31,92.38,86.66,78.38
20207,76.5,78.02,79.61,84.87,90.71,91.83,91.27
20209,38.78,38.83,38.55,40.13,42.14,37.34,29.76
21001,64.37,67.37,70.86,72.98,74.99,79.14,83.12
21003,67.62,72.71,78.73,82.36,85.46,83.35,80.02
21005,38.78,43.99,50.2,56.36,62.12,69.36,75.88
21007,57.62,50.45,42.02,47.49,56.58,63.35,67.53
21009,80.64,81.08,81.53,83.05,84.9,85.53,85.58
21011,90.51,92.01,93.37,94.48,95.69,96.34,96.14
21013,99.46,99.13,98.98,99.39,99.53,99.7,100.29
21015,13.34,13.64,13.72,13.41,13.32,15.6,17.46
21017,43.11,46.14,49.31,51.8,54.6,58.29,61.31
21019,85.8,85.4,85.09,87.77,90.67,92.29,93.92
21021,71.76,68.55,64.48,62.11,60.72,61.94,62.71
21023,48.93,45.53,41.23,33.73,26.62,34.6,41.39
21025,99.9,99.86,99.9,99.95,100.02,99.93,99.56
21027,85.32,86.09,86.69,86.44,86.71,87.16,86.33
21029,40.75,43.2,45.7,48.96,52.54,54.2,54.97
21031,84.75,87.93,91.81,91.32,89.9,87.23,82.99
21033,69.79,72.98,76.8,83.23,89.64,94.78,97.53
21035,37.89,35.78,32.95,39.2,46.96,53.82,58.04
21037,25.25,21.82,17.73,17.13,17.21,19.23,20.62
21039,47.85,48.38,48.96,46.94,43.41,43.34,40.61
21041,81.95,81.02,79.81,74.68,67.72,61.51,54.54
21043,81.95,81.22,80.37,81.38,82.26,83.6,84.7
21045,88.98,89.05,88.89,89.33,90.38,88.93,86.95
21047,31.65,37.78,45.33,51.85,57.55,63.6,68.01
21049,63.67,65.92,68.36,70.77,73.23,76.75,79.22
21051,93.47,94.43,95.78,97.22,98.33,99.01,99.8
21053,52.66,50.66,48.68,56.29,66.38,74.93,83.0
21055,65.27,68.22,71.74,78.08,84.66,90.09,92.92
21057,65.27,60.13,54.03,48.33,42.31,44.9,47.23
21059,50.08,53.48,57.21,55.49,52.88,54.85,55.13
21061,97.71,98.25,98.76,98.75,98.54,97.88,96.15
21063,91.82,91.38,90.86,93.23,95.91,96.22,96.34
21065,98.38,98.58,98.6,98.67,98.55,98.63,98.02
21067,16.05,15.85,15.4,16.9,18.99,20.62,21.52
21069,87.81,90.59,93.32,94.13,95.6,95.29,93.88
21071,99.11,99.32,99.39,99.38,99.27,98.32,97.55
21073,61.64,62.53,63.57,64.56,65.02,64.86,64.46
21075,86.82,89.32,91.92,92.61,92.87,91.05,86.84
21077,48.93,48.84,48.04,43.64,39.32,36.98,34.08
21079,80.64,82.01,83.87,82.78,81.01,75.05,68.65
21081,48.93,52.49,56.37,58.15,60.27,53.58,46.22
21083,47.85,51.4,55.48,60.74,65.71,70.17,71.69
21085,89.4,85.46,80.62,79.58,79.62,77.59,74.28
21087,94.97,96.27,97.3,97.85,98.55,98.88,98.59
21089,83.22,80.93,78.26,80.73,84.2,85.88,87.58
21091,73.48,76.75,80.41,75.28,68.21,69.24,68.8
21093,55.71,60.63,66.0,67.22,67.82,65.7,63.07
21095,99.71,99.8,99.9,99.92,99.91,99.82,100.35
21097,75.96,75.21,73.63,69.09,64.86,65.14,64.91
21099,88.16,87.66,86.84,88.11,90.06,89.34,88.0
21101,75.33,76.87,78.55,82.14,86.25,88.13,87.87
21103,62.56,63.25,64.06,69.87,76.34,77.76,78.26
21105,79.53,85.73,93.07,95.19,95.83,93.51,88.68
21107,66.92,66.45,65.73,68.17,70.9,77.73,82.33
21109,99.84,99.65,99.5,99.56,99.46,99.06,98.63
21111,44.73,43.73,42.26,39.9,37.82,38.29,37.73
21113,50.08,51.0,52.23,49.53,45.42,40.91,35.82
21115,99.17,99.31,99.47,99.2,98.72,97.8,97.28
21117,38.78,37.57,36.13,36.02,36.17,35.85,35.03
21119,98.79,99.21,99.69,99.78,99.84,99.69,99.63
21121,82.74,76.98,70.27,65.48,60.49,63.25,66.01
21123,77.17,81.17,85.41,85.98,85.78,84.63,83.05
21125,74.59,72.85,71.05,73.2,75.9,74.86,73.73
21127,97.1,96.59,96.01,95.28,94.55,90.75,87.05
21129,99.97,99.8,99.71,99.77,99.74,99.75,98.96
21131,99.55,99.73,100.01,99.97,99.82,99.74,100.25
21133,98.89,99.54,100.09,100.22,100.23,99.85,99.5
21135,94.49,94.27,93.84,92.26,90.23,88.02,85.52
21137,88.98,88.0,86.88,84.08,81.05,76.39,71.55
21139,91.82,90.94,89.92,91.77,93.62,95.07,93.67
21141,59.22,57.77,56.2,51.92,47.33,52.36,55.78
21143,95.7,93.8,91.22,92.1,92.9,96.07,96.63
21145,64.37,60.98,57.02,55.72,54.31,50.13,42.85
21147,99.11,98.43,97.68,98.02,98.34,95.44,92.82
21149,72.62,72.23,71.66,70.63,69.61,76.93,82.1
21151,53.68,54.52,55.55,57.1,58.88,60.05,60.54
21153,98.5,98.77,99.08,99.35,99.65,99.3,99.32
21155,47.85,54.92,62.82,72.48,83.13,85.05,86.69
21157,48.93,51.98,55.53,64.72,74.33,78.0,78.81
21159,99.75,99.62,99.51,99.4,99.37,99.05,98.78
21161,61.64,66.84,72.98,73.54,73.9,75.63,76.5
21163,54.76,60.88,67.71,70.03,72.15,73.76,74.67
21165,95.7,93.56,90.76,90.86,91.53,92.76,93.29
21167,81.95,80.94,79.59,77.9,76.21,74.36,71.91
21169,94.3,94.2,94.08,94.33,94.64,94.72,94.02
21171,94.97,94.16,93.39,92.77,92.29,91.88,90.81
21173,81.95,83.67,85.38,86.37,87.44,89.32,90.45
21175,94.81,95.56,96.55,97.67,98.36,97.74,96.85
21177,85.8,86.28,86.88,89.34,92.01,94.55,94.94
21179,60.94,61.73,62.12,66.97,73.03,69.85,66.12
21181,57.62,70.63,86.03,90.68,93.87,94.14,93.69
21183,90.13,89.02,87.44,85.95,84.82,79.08,71.71
21185,2.32,2.85,3.62,4.19,3.71,2.8,0.69
21187,76.5,80.74,85.59,85.71,84.91,76.53,67.6
21189,99.97,99.61,99.21,99.16,99.14,99.27,99.28
21191,64.37,67.84,71.92,72.61,73.11,74.48,74.85
21193,98.15,98.74,99.37,99.42,99.54,99.44,99.44
21195,99.59,99.37,99.04,98.96,98.84,98.54,98.58
21197,97.58,96.09,94.29,93.98,94.02,93.71,92.6
21199,88.98,89.17,89.55,85.77,81.2,77.71,74.19
21201,77.84,79.66,81.32,67.3,50.46,40.82,29.97
21203,94.49,94.13,93.82,94.58,95.67,92.46,88.83
21205,59.22,59.65,59.97,64.79,70.53,65.61,60.13
21207,90.51,88.03,85.03,79.82,74.19,75.06,75.4
21209,28.18,23.82,18.3,19.54,22.61,27.4,31.49
21211,22.32,23.76,25.44,33.19,41.98,36.01,29.14
21213,43.11,41.91,40.3,32.69,24.09,27.69,29.85
21215,39.83,37.84,35.07,35.33,35.86,33.78,30.98
21217,71.76,77.07,82.9,85.1,86.43,88.24,89.64
21219,62.56,53.81,43.19,36.69,31.31,36.62,40.15
21221,63.67,65.12,66.47,71.0,75.82,85.36,92.96
21223,73.96,69.48,64.12,72.62,84.51,87.9,90.59
21225,84.75,83.76,82.16,81.35,80.28,84.82,86.83
21227,41.45,42.76,44.21,44.25,44.58,40.75,35.37
21229,67.62,71.47,75.76,75.59,73.88,72.7,71.01
21231,97.61,97.22,97.02,94.34,90.69,88.68,86.85
21233,87.81,86.68,85.23,88.4,92.17,96.17,98.1
21235,90.19,86.05,81.47,82.9,85.56,88.31,90.76
21237,99.43,99.35,99.35,99.67,99.93,100.03,99.36
21239,34.89,33.1,30.72,30.54,30.78,33.86,36.36
22001,74.59,73.05,71.53,73.27,75.99,78.48,79.11
22003,80.64,84.79,89.69,85.42,79.81,77.63,73.01
22005,19.8,18.82,17.41,18.4,20.81,21.71,21.44
22007,73.48,75.86,78.93,82.69,86.12,87.81,88.83
22009,83.79,77.95,72.04,75.46,79.39,86.08,90.9
22011,86.82,87.21,87.55,85.08,82.89,81.83,78.56
22013,90.51,88.54,86.5,86.16,85.98,89.13,90.37
22015,24.45,23.5,22.68,21.01,19.38,19.51,17.91
22017,45.78,46.07,46.66,46.61,46.23,47.29,46.59
22019,64.37,62.46,60.66,56.29,51.78,42.7,31.92
22021,63.67,53.12,41.51,36.86,33.34,39.92,45.1
22023,72.62,66.82,60.72,51.94,42.71,35.03,25.78
22025,73.96,58.07,41.43,38.6,36.3,41.33,45.03
22027,87.33,85.47,83.61,76.84,69.46,69.69,68.21
22029,77.17,52.68,25.51,22.43,22.52,42.54,61.65
22031,71.12,68.68,65.89,66.87,67.99,73.32,77.25
22033,26.52,29.15,32.3,33.21,33.99,35.56,35.78
22035,51.74,54.51,58.82,58.63,55.08,62.07,66.42
22037,72.62,66.28,59.22,51.44,43.02,46.72,49.53
22039,86.82,88.61,91.02,92.84,94.5,95.21,94.12
22041,75.96,75.95,77.06,70.85,62.47,59.63,54.89
22043,85.32,81.69,78.25,75.68,73.08,71.73,68.64
22045,59.22,59.21,59.26,59.21,58.67,57.52,55.11
22047,65.87,70.58,76.01,79.62,82.71,80.58,77.25
22049,85.8,87.99,91.11,93.23,94.68,95.18,93.72
22051,30.82,29.98,29.4,32.07,34.16,38.0,41.51
22053,90.13,86.28,81.8,75.79,69.83,73.08,74.45
22055,20.89,19.14,17.14,17.34,17.93,17.46,15.59
22057,60.17,59.81,60.02,61.21,60.49,62.43,63.88
22059,64.37,56.61,49.19,47.45,45.38,40.94,34.84
22061,34.89,33.6,32.07,32.14,32.71,35.24,35.37
22063,45.78,45.9,46.17,37.53,27.12,24.67,21.23
22065,34.89,28.25,20.73,26.25,33.85,57.26,78.41
22067,65.87,61.84,57.05,50.8,44.37,42.95,38.57
22069,65.87,65.44,65.54,57.86,47.6,39.52,29.04
22071,34.89,33.81,32.92,35.73,37.83,37.4,36.57
22073,21.46,21.65,21.91,22.74,23.98,27.09,27.31
22075,9.71,7.14,4.54,11.56,18.63,26.98,34.99
22077,65.87,68.53,72.59,82.55,92.48,95.02,96.56
22079,83.79,78.33,72.78,66.89,60.32,61.82,61.43
22081,50.08,46.85,43.36,53.68,66.72,78.95,89.12
22083,22.32,28.59,36.36,38.21,38.89,45.4,49.1
22085,75.33,66.0,55.23,52.59,51.31,64.47,75.2
22087,27.19,24.07,20.65,29.16,39.66,47.98,55.86
22089,27.19,22.88,18.07,17.34,16.96,19.6,22.2
22091,96.21,94.55,92.9,90.48,88.65,90.45,91.0
22093,51.74,51.89,52.27,49.17,44.87,41.69,38.02
22095,46.74,43.04,38.8,35.36,32.17,33.49,34.47
22097,34.16,31.46,28.4,25.93,23.12,19.23,13.71
22099,46.74,47.04,47.21,46.51,45.21,45.33,44.12
22101,80.01,73.51,66.07,65.26,65.06,67.42,68.83
22103,42.31,43.03,43.97,40.36,35.68,41.39,46.1
22105,83.79,84.2,84.68,83.06,81.66,81.42,80.46
22107,40.75,34.26,27.64,20.14,11.73,14.93,16.65
22109,51.74,45.96,39.58,47.01,56.77,60.71,64.22
22111,50.08,52.43,55.31,55.17,54.7,54.6,51.87
22113,42.31,45.43,49.36,54.77,60.16,62.03,62.64
22115,71.76,69.82,67.74,65.9,64.35,68.44,70.25
22117,95.45,94.85,94.1,93.0,92.27,90.77,88.0
22119,83.22,81.1,78.87,68.86,57.5,54.05,49.22
22121,40.75,41.4,42.15,42.38,42.51,39.24,34.61
22123,44.73,38.51,31.43,31.87,34.03,40.66,44.74
22125,53.68,39.23,22.77,23.63,27.14,20.93,13.37
22127,90.51,87.12,83.64,83.0,82.78,85.46,85.72
23001,61.64,58.57,55.18,55.77,57.12,60.34,66.37
23003,91.82,91.33,90.73,91.3,91.97,91.26,92.22
23005,17.54,16.74,15.95,15.03,14.13,14.42,17.57
23007,65.27,62.38,58.97,57.53,56.46,53.34,53.15
23009,56.73,53.81,50.57,48.9,47.41,43.24,41.88
23011,64.37,62.56,60.52,59.81,59.23,58.04,60.13
23013,57.62,57.34,57.11,53.33,48.64,45.98,46.28
23015,46.74,48.59,51.26,55.01,59.19,59.13,62.4
23017,72.62,72.49,72.56,73.41,74.15,73.99,76.28
23019,69.02,70.7,72.61,73.93,75.13,73.18,73.98
23021,95.92,96.9,97.84,98.23,98.74,98.15,100.31
23023,44.73,39.7,33.92,27.33,20.18,17.98,19.44
23025,71.76,76.94,83.09,84.94,85.78,85.2,87.27
23027,61.64,59.61,57.14,58.95,61.66,60.26,61.69
23029,84.75,85.76,86.85,87.83,88.75,90.17,94.31
23031,39.83,40.86,41.95,41.48,41.1,42.3,46.02
24001,74.59,75.58,76.44,75.54,74.49,74.5,74.65
24003,5.76,6.46,7.32,7.98,8.61,9.22,11.22
24005,16.05,15.75,15.41,15.64,15.9,15.8,17.46
24009,8.63,10.64,12.97,12.23,10.94,9.03,8.13
24011,43.11,45.23,47.72,46.37,44.26,43.32,44.04
24013,4.52,6.39,8.53,10.6,12.61,14.8,18.68
24015,22.32,22.69,23.2,26.07,29.27,30.75,33.91
24017,4.52,3.58,2.52,2.3,2.56,4.03,6.37
24019,62.56,61.86,60.84,62.68,65.6,66.23,68.65
24021,8.25,8.23,8.04,9.73,11.71,10.33,10.03
24023,37.89,41.88,46.36,51.44,57.09,61.45,66.53
24025,8.63,9.66,10.87,12.78,14.39,12.99,13.4
24027,0.89,0.85,0.84,0.95,1.11,1.38,3.27
24029,51.74,45.42,37.74,36.35,36.47,33.71,32.49
24031,1.69,1.59,1.52,1.67,1.77,1.93,2.54
24033,2.9,3.37,3.85,4.12,4.42,4.65,6.04
24035,9.11,9.58,10.1,9.85,9.31,9.44,11.23
24037,13.72,14.63,16.16,17.84,19.73,19.75,20.5
24039,55.71,56.89,58.41,52.23,43.99,47.29,52.91
24041,28.84,32.19,36.06,35.34,33.82,37.71,43.58
24043,48.93,50.3,51.95,53.58,54.61,52.2,50.48
24045,18.94,15.77,12.14,12.59,14.15,18.42,25.1
24047,42.31,42.12,41.83,43.68,45.79,46.62,49.88
24510,51.74,50.85,49.87,48.68,47.34,47.61,49.68
25001,29.96,31.85,34.03,31.29,27.88,27.02,30.29
25003,41.45,44.4,47.7,49.97,52.08,51.09,53.22
25005,37.89,37.77,37.62,37.42,37.24,37.4,40.8
25007,1.37,1.89,2.41,2.12,1.98,3.77,9.19
25009,17.54,18.36,19.46,18.81,17.86,17.83,20.94
25011,38.78,37.89,36.7,40.52,45.26,50.36,58.53
25013,55.71,54.77,53.48,53.81,54.48,54.88,58.3
25015,10.32,10.95,11.63,11.8,11.2,11.63,15.13
25017,4.11,4.17,4.04,3.82,3.75,3.98,7.09
25019,1.24,1.62,1.92,2.73,3.89,13.57,27.6
25021,6.91,6.46,5.83,5.56,5.39,5.04,7.47
25023,16.05,15.39,14.65,13.72,12.93,13.02,16.38
25025,21.46,21.56,21.82,21.24,20.5,19.24,21.35
25027,16.71,17.55,18.37,18.56,18.56,19.02,22.39
26001,91.56,91.89,92.46,92.98,93.4,94.2,96.23
26003,78.16,77.66,77.08,72.09,66.55,71.36,75.75
26005,18.31,15.43,11.93,9.77,8.05,7.48,6.49
26007,74.59,74.26,73.84,73.49,73.01,74.7,78.15
26009,43.11,47.32,51.97,52.6,53.03,54.02,55.08
26011,86.44,85.87,85.23,85.47,85.95,82.44,79.77
26013,61.64,58.45,54.83,58.84,64.34,68.09,72.22
26015,39.83,35.9,31.3,26.22,21.17,21.08,21.07
26017,55.71,57.85,60.33,58.08,54.81,51.48,49.03
26019,75.33,69.64,63.13,59.56,56.52,51.09,45.23
26021,38.78,39.75,40.54,41.72,43.29,44.94,45.83
26023,41.45,40.83,39.86,39.37,39.16,36.72,35.05
26025,51.74,52.14,52.65,53.02,53.38,49.41,46.1
26027,50.08,56.84,64.72,67.43,69.3,69.32,69.16
26029,53.68,51.33,48.28,43.62,39.61,42.47,45.67
26031,82.43,82.84,83.23,81.76,80.08,77.76,75.82
26033,75.33,71.46,67.47,69.64,72.27,69.86,69.08
26035,94.3,92.58,90.59,91.68,93.24,93.02,92.21
26037,12.61,14.42,16.59,18.56,20.75,21.51,22.43
26039,89.62,87.19,83.97,84.37,86.04,87.13,88.57
26041,74.59,73.88,72.9,72.4,72.15,74.52,76.34
26043,52.66,59.12,66.61,70.34,72.81,68.5,63.82
26045,34.89,41.54,49.49,52.47,54.45,55.97,58.11
26047,29.96,32.59,35.8,31.43,25.75,27.19,28.76
26049,58.42,59.36,60.29,60.3,60.49,63.9,68.4
26051,86.82,87.5,88.5,88.4,87.65,86.7,85.95
26053,69.79,63.85,57.07,53.02,48.87,49.74,50.28
26055,23.72,24.12,24.64,23.22,21.56,20.79,19.97
26057,53.68,50.96,47.88,47.03,46.56,45.77,45.16
26059,48.93,45.98,42.34,43.16,44.99,44.21,44.5
26061,22.32,19.15,15.82,15.39,15.87,14.53,14.04
26063,67.62,63.65,59.06,58.5,58.34,55.43,53.48
26065,22.32,22.59,22.54,24.25,26.9,26.59,26.86
26067,48.93,44.62,39.45,30.2,20.52,18.65,17.15
26069,93.22,92.57,91.86,91.94,92.0,89.73,88.73
26071,85.32,82.02,78.19,72.59,66.57,71.02,75.26
26073,24.45,22.54,20.34,23.79,28.07,32.0,36.14
26075,50.08,50.12,50.15,50.32,50.33,47.89,46.7
26077,28.84,27.95,26.61,25.89,25.64,24.97,24.16
26079,65.87,71.37,77.58,76.28,73.71,71.37,68.37
26081,13.72,14.76,16.25,15.72,15.11,13.87,12.11
26083,88.98,85.66,82.28,70.59,57.46,41.76,26.73
26085,97.9,97.29,96.57,96.73,97.21,97.45,96.69
26087,36.01,38.37,40.87,40.24,39.3,39.1,39.61
26089,26.52,24.56,22.36,21.55,21.24,21.31,21.43
26091,48.93,50.3,51.87,52.29,52.46,48.23,45.44
26093,5.76,6.89,8.1,8.4,8.52,9.29,11.11
26095,97.9,97.19,96.74,93.81,90.43,88.32,86.34
26097,84.24,79.19,73.74,71.15,69.08,72.73,77.27
26099,34.89,35.11,35.29,35.21,35.17,34.98,36.11
26101,78.16,77.06,76.0,74.22,72.53,69.02,65.02
26103,28.18,31.16,34.5,36.45,38.23,36.98,35.57
26105,63.67,65.08,66.81,63.19,58.8,57.93,56.02
26107,53.68,53.36,53.0,51.5,49.78,54.36,58.45
26109,65.87,69.48,73.3,73.84,73.62,67.12,60.23
26111,32.51,31.2,29.74,29.99,30.64,31.27,32.3
26113,65.27,69.31,74.04,75.06,75.41,73.61,70.96
26115,28.84,27.29,25.48,28.03,31.22,35.13,40.23
26117,73.96,73.85,73.95,71.7,69.02,64.21,59.11
26119,97.71,97.68,97.52,96.76,96.06,95.03,94.83
26121,51.74,52.91,54.14,52.82,51.21,45.99,40.49
26123,68.26,71.07,74.37,74.89,75.2,73.44,71.09
26125,16.71,16.95,17.19,16.75,16.46,16.19,17.19
26127,69.79,69.6,69.4,67.33,65.59,61.57,57.0
26129,94.49,94.1,93.59,93.62,93.54,93.33,93.72
26131,61.64,67.65,74.99,76.42,76.42,76.55,76.69
26133,70.49,69.92,69.02,70.18,71.69,73.86,75.47
26135,91.56,91.91,92.43,93.08,93.54,93.6,94.28
26137,50.08,55.02,60.59,64.79,69.16,68.03,66.98
26139,6.91,6.95,7.03,7.01,7.2,7.04,6.3
26141,80.64,80.05,79.45,80.31,81.43,80.78,81.4
26143,97.39,97.75,98.26,98.4,98.42,97.94,97.75
26145,54.76,55.92,57.07,57.87,59.02,62.35,66.22
26147,59.22,60.82,62.5,62.73,62.77,61.74,61.64
26149,33.4,37.93,43.1,45.75,48.24,51.3,55.13
26151,57.62,59.11,60.69,64.31,68.25,70.45,73.95
26153,87.33,86.25,85.11,86.41,88.42,87.69,86.65
26155,51.19,51.75,52.21,51.14,49.73,50.69,52.26
26157,72.62,74.51,76.59,76.99,77.07,77.66,79.13
26159,41.45,44.37,47.67,47.06,45.86,42.19,38.07
26161,2.9,2.87,2.72,3.18,3.6,4.03,5.6
26163,57.62,57.09,56.49,56.05,55.51,53.77,53.33
26165,60.17,59.64,58.79,56.9,55.15,54.56,53.6
27001,75.33,73.7,71.69,70.65,69.89,74.07,77.56
27003,5.16,5.7,6.12,6.3,6.47,6.32,4.22
27005,23.02,21.81,20.49,24.32,28.74,32.97,35.22
27007,23.02,21.17,19.29,24.01,29.32,31.71,33.16
27009,25.25,26.33,27.46,26.14,24.45,19.53,12.98
27011,60.94,59.44,57.84,54.21,50.89,39.29,26.03
27013,4.81,5.19,5.59,5.74,5.68,5.29,2.09
27015,11.46,9.48,7.32,7.94,8.69,8.19,4.69
27017,17.54,17.4,16.83,19.35,22.69,29.79,36.48
27019,0.32,0.47,0.59,0.61,0.63,0.73,-1.32
27021,57.62,56.74,55.73,53.44,50.59,45.76,39.53
27023,32.51,31.47,30.7,31.01,31.04,30.55,27.66
27025,16.05,16.94,17.59,17.66,17.92,15.68,11.26
27027,9.71,8.58,7.11,6.46,6.1,7.74,7.84
27029,62.56,60.27,58.08,60.33,62.33,65.34,67.21
27031,18.94,18.28,17.73,23.89,30.33,27.15,24.44
27033,37.03,36.73,36.58,38.32,39.77,37.1,31.53
27035,41.45,39.2,36.58,36.06,36.11,35.82,34.82
27037,2.55,2.78,3.02,2.95,2.87,3.3,1.33
27039,1.97,1.98,1.89,2.15,2.51,2.28,-0.62
27041,17.54,19.98,23.04,23.39,22.91,22.32,20.58
27043,28.84,27.33,25.24,23.75,22.33,21.75,18.44
27045,18.94,18.99,19.02,16.96,14.43,12.67,8.61
27047,31.65,33.08,34.65,34.3,33.47,27.8,19.7
27049,10.32,11.31,12.48,11.95,10.75,8.39,3.49
27051,48.93,43.06,35.87,34.78,35.6,36.12,35.1
27053,5.48,5.59,5.7,5.88,5.94,6.21,3.98
27055,16.05,13.86,11.02,11.66,13.25,12.57,9.29
27057,39.83,41.48,43.52,45.92,47.9,47.49,45.36
27059,17.54,21.67,26.07,26.45,26.57,23.8,19.29
27061,54.76,54.88,55.29,53.18,50.47,55.67,59.86
27063,11.97,9.71,6.86,8.41,10.59,14.62,15.83
27065,51.74,58.56,66.01,68.04,69.82,68.64,65.91
27067,18.94,17.23,15.48,16.16,17.22,18.48,17.35
27069,42.31,41.27,40.55,29.47,16.87,15.76,13.89
27071,71.12,64.99,58.55,60.04,62.21,64.77,67.32
27073,50.08,46.74,43.21,43.25,43.89,45.74,45.19
27075,33.4,31.35,28.92,32.88,37.3,43.81,50.13
27077,24.45,22.59,20.86,16.25,10.77,12.58,13.7
27079,5.16,6.29,7.64,8.75,10.06,10.87,9.02
27081,34.89,33.39,32.07,29.82,27.07,25.78,22.09
27083,11.97,9.91,7.84,6.7,5.58,6.65,4.84
27085,10.32,11.87,13.78,15.16,16.48,19.35,20.08
27087,38.78,34.58,29.93,36.56,44.38,46.39,46.59
27089,26.52,23.51,20.39,19.52,19.22,20.19,20.65
27091,30.82,33.24,35.85,36.84,37.13,40.95,41.48
27093,13.72,13.59,13.44,13.32,13.17,12.73,10.29
27095,45.78,48.56,51.26,50.44,49.44,49.3,47.42
27097,25.25,23.97,22.44,21.95,21.72,21.52,20.21
27099,26.52,25.33,23.9,23.11,22.3,18.09,11.49
27101,27.19,28.21,29.59,28.22,25.85,25.15,21.67
27103,6.24,8.7,11.69,14.61,17.6,19.14,17.79
27105,13.72,12.48,10.84,14.93,20.55,20.11,16.77
27107,15.09,14.43,13.86,16.81,19.82,19.65,18.55
27109,3.09,4.0,5.09,6.01,6.9,5.97,2.5
27111,32.51,32.59,32.49,30.18,27.36,27.0,24.72
27113,31.65,28.93,26.15,23.32,20.2,20.29,20.24
27115,51.19,58.99,67.56,67.56,66.64,68.01,68.09
27117,25.25,24.8,24.52,29.16,34.63,37.24,37.05
27119,34.16,31.06,27.43,28.07,29.28,27.67,26.01
27121,37.89,35.99,33.88,33.66,33.83,33.87,31.97
27123,15.09,15.31,15.52,15.66,15.85,15.69,13.15
27125,25.25,23.65,22.14,23.42,24.55,22.7,20.47
27127,32.51,29.73,26.86,20.24,12.74,11.02,6.35
27129,22.32,19.5,16.46,12.39,8.05,10.07,8.99
27131,2.74,4.07,5.49,5.44,5.12,4.28,1.08
27133,18.94,17.59,15.98,15.07,14.28,15.75,14.5
27135,14.45,12.13,9.85,9.72,10.25,10.78,11.41
27137,37.89,38.78,39.84,40.23,40.24,40.08,39.26
27139,0.67,0.86,0.87,0.96,1.0,1.29,-0.69
27141,3.09,3.13,2.94,2.64,2.75,3.59,2.42
27143,12.61,12.38,11.96,11.06,9.99,10.84,9.02
27145,8.63,9.37,10.26,9.89,9.46,9.06,7.04
27147,12.61,12.78,12.88,12.88,13.19,11.54,7.5
27149,15.09,16.56,18.5,15.99,12.47,11.03,7.69
27151,46.74,42.61,38.02,36.07,34.47,37.15,38.11
27153,31.65,31.56,31.42,33.88,36.86,33.15,28.34
27155,62.56,67.78,73.98,71.42,67.37,63.64,58.5
27157,13.72,13.85,14.04,18.08,22.85,24.52,23.61
27159,63.67,65.45,67.58,66.95,65.94,60.07,52.56
27161,17.54,18.02,18.45,16.65,14.3,13.95,10.52
27163,2.45,2.65,2.72,3.07,3.46,3.65,1.41
27165,14.45,12.3,9.68,16.47,25.08,28.79,29.64
27167,21.46,29.24,38.36,41.07,42.3,42.63,41.6
27169,10.32,11.93,13.82,14.63,14.99,13.68,9.36
27171,1.37,1.64,1.98,2.71,3.7,4.23,2.48
27173,23.02,21.36,20.0,23.07,26.87,29.19,28.7
28001,65.87,56.84,48.48,52.09,56.53,61.35,65.16
28003,82.74,81.96,81.51,83.81,86.25,87.77,87.87
28005,98.09,94.31,90.42,84.74,79.39,87.43,94.12
28007,85.8,83.56,80.74,85.48,90.95,91.19,88.79
28009,77.84,75.89,74.21,74.63,74.6,75.16,73.99
28011,23.72,39.15,57.13,68.27,77.77,75.36,69.6
28013,85.32,84.79,84.29,86.53,89.47,91.47,91.14
28015,57.62,61.82,66.52,72.99,79.36,74.57,67.14
28017,61.64,61.54,61.83,60.36,58.63,62.49,64.14
28019,94.81,95.21,95.79,97.45,98.54,97.89,94.79
28021,37.03,38.19,40.3,39.96,39.45,39.05,37.48
28023,97.71,95.59,93.29,92.83,92.58,93.98,93.61
28025,64.37,54.96,44.27,30.14,15.53,9.29,0.13
28027,53.68,50.08,45.06,41.04,38.16,39.19,37.9
28029,56.73,58.7,61.03,52.42,41.96,38.2,32.68
28031,95.29,94.19,93.03,86.62,79.83,76.93,72.72
28033,11.97,12.45,13.38,13.96,15.02,17.79,18.93
28035,88.67,86.61,84.28,84.9,86.35,85.72,83.52
28037,75.96,76.92,78.97,68.9,56.65,70.22,82.54
28039,79.08,81.62,84.4,84.32,84.75,85.27,84.08
28041,92.04,93.35,94.69,89.82,84.14,82.96,79.82
28043,81.31,85.4,89.91,87.45,84.06,81.19,75.49
28045,66.92,67.31,67.66,72.33,77.99,65.02,51.01
28047,47.85,48.81,49.69,50.92,52.24,52.14,51.09
28049,28.84,26.5,23.62,21.62,19.88,21.93,21.8
28051,27.19,29.83,33.13,47.46,62.09,76.02,87.48
28053,63.67,56.82,49.24,65.09,83.37,90.53,95.09
28055,98.6,91.59,83.9,87.71,92.54,95.78,96.69
28057,89.4,87.78,86.17,83.66,81.26,70.52,57.88
28059,66.92,67.8,68.67,67.29,65.77,66.26,65.56
28061,93.7,88.29,82.11,77.25,73.11,71.87,68.51
28063,71.76,64.27,56.14,39.84,21.99,23.05,23.17
28065,81.95,83.77,86.22,80.95,74.71,69.85,63.7
28067,77.17,74.1,70.87,66.73,62.69,62.17,60.13
28069,81.31,81.52,81.91,82.5,82.79,84.12,82.8
28071,10.98,9.74,8.59,10.48,12.58,11.53,8.61
28073,52.66,49.69,46.19,45.55,45.9,43.93,41.01
28075,73.96,74.59,75.66,76.57,77.29,75.28,71.68
28077,68.26,64.01,58.78,50.8,43.41,58.97,72.96
28079,86.82,88.16,89.78,91.66,92.8,93.07,90.72
28081,63.67,63.03,62.56,58.95,54.76,49.12,41.94
28083,17.54,18.14,18.46,15.64,11.47,9.19,4.04
28085,56.73,53.83,50.66,48.68,48.39,46.41,43.35
28087,63.67,57.49,50.77,38.91,26.22,18.82,9.2
28089,6.91,7.52,8.43,7.91,6.32,6.4,4.73
28091,87.81,87.73,87.82,85.49,83.05,87.16,89.96
28093,46.74,40.99,34.61,34.48,35.11,48.52,60.55
28095,77.17,71.38,65.08,57.63,50.39,48.97,45.88
28097,73.96,76.2,78.33,85.6,93.98,90.04,83.71
28099,83.22,82.31,81.31,83.92,86.89,82.9,76.29
28101,81.95,80.54,78.94,80.15,81.78,81.58,79.13
28103,91.12,90.01,88.88,87.08,85.05,85.96,84.31
28105,20.89,18.16,15.59,14.73,14.5,14.91,12.46
28107,57.62,55.5,52.99,59.94,69.88,73.07,74.34
28109,76.5,78.46,80.63,80.54,80.24,80.7,79.92
28111,98.98,98.75,98.51,98.06,97.87,98.06,96.61
28113,84.75,82.19,79.59,72.55,65.2,67.17,67.8
28115,68.26,71.64,75.91,78.54,80.64,80.01,77.39
28117,93.47,90.9,88.04,88.61,89.72,85.1,78.89
28119,54.76,59.28,64.48,64.69,64.61,62.73,58.48
28121,34.16,33.83,33.57,29.45,24.9,25.9,25.23
28123,86.82,87.14,87.59,89.5,91.87,92.26,90.63
28125,91.82,85.42,78.74,84.02,89.23,86.09,80.45
28127,62.56,65.85,69.74,69.75,69.99,70.41,69.14
28129,84.24,84.81,85.71,79.98,73.2,77.53,80.07
28131,67.62,73.0,79.08,76.83,73.11,78.43,82.27
28133,33.4,32.15,29.88,35.11,41.9,44.07,43.35
28135,66.92,74.63,83.4,73.37,60.09,52.18,41.38
28137,62.56,61.35,60.1,54.46,47.72,45.57,41.36
28139,92.36,88.41,84.08,82.87,81.71,86.19,89.3
28141,93.47,92.76,92.28,91.4,90.53,89.94,88.12
28143,42.31,43.58,44.94,35.48,24.13,20.65,15.01
28145,76.5,75.32,74.07,76.31,79.06,80.25,79.84
28147,89.97,88.98,88.0,84.84,81.82,85.26,87.57
28149,28.84,28.16,27.86,39.85,53.42,63.0,70.57
28151,88.16,82.61,76.15,78.72,82.01,87.46,89.92
28153,93.47,93.32,93.46,92.02,90.33,89.46,86.53
28155,82.74,83.6,84.64,86.95,89.36,90.54,89.68
28157,97.9,95.52,94.24,95.13,95.0,95.56,95.0
28159,72.62,73.58,74.8,78.35,81.92,83.69,82.65
28161,92.96,87.9,81.6,72.77,63.56,62.51,58.81
28163,76.5,72.03,67.26,78.51,90.64,94.6,96.21
29001,23.02,21.9,20.53,19.31,19.16,19.6,17.88
29003,31.65,34.3,37.22,37.93,38.05,34.8,28.71
29005,75.33,74.29,72.98,73.41,74.55,72.4,67.92
29007,60.94,54.3,46.7,48.74,52.53,59.81,64.14
29009,73.48,70.04,66.17,68.07,70.85,61.83,50.08
29011,72.62,76.36,80.79,76.65,70.59,76.0,79.06
29013,83.22,79.07,74.54,68.37,61.57,62.33,60.08
29015,91.44,93.42,95.93,96.56,96.65,97.19,95.28
29017,94.81,95.18,95.76,94.99,93.64,92.11,88.24
29019,9.71,8.65,7.74,9.93,12.56,13.47,11.55
29021,52.66,52.91,52.97,53.64,54.84,53.71,49.68
29023,94.97,95.82,96.74,96.74,96.7,96.41,93.34
29025,67.62,69.19,70.71,68.15,65.75,56.16,43.09
29027,48.93,49.87,51.52,48.79,45.27,41.42,34.28
29029,71.76,69.06,66.15,70.51,76.51,76.44,73.78
29031,43.11,38.82,33.81,32.15,31.17,32.36,31.04
29033,52.66,56.0,59.97,59.36,58.36,49.67,38.38
29035,88.16,90.0,91.99,94.45,97.17,97.02,94.35
29037,23.02,24.75,26.82,27.96,28.76,29.73,27.87
29039,90.89,90.96,91.04,89.29,87.61,87.85,85.65
29041,82.74,78.86,74.24,70.81,67.74,66.64,63.05
29043,12.61,15.31,18.1,23.4,29.22,29.79,26.9
29045,60.17,52.36,43.04,40.79,40.11,40.55,38.57
29047,15.09,15.8,16.38,17.2,18.24,16.75,12.57
29049,25.25,24.29,22.92,23.69,25.78,24.42,19.95
29051,42.31,39.33,36.24,26.7,16.54,13.89,7.78
29053,36.01,39.42,43.71,50.23,57.09,57.01,54.64
29055,85.32,87.2,89.31,89.98,90.76,90.73,88.19
29057,69.02,71.41,74.16,74.44,74.38,63.96,51.1
29059,79.53,84.14,89.48,89.83,89.28,88.75,85.65
29061,52.66,55.57,59.11,53.27,45.95,35.07,20.42
29063,65.87,67.29,68.76,64.77,60.13,51.07,38.7
29065,97.61,97.66,97.37,95.03,92.48,90.67,86.36
29067,86.44,88.25,90.15,89.03,87.69,87.67,84.19
29069,91.12,91.39,91.61,91.63,91.81,88.45,82.85
29071,19.8,19.94,20.1,24.89,30.61,33.02,32.94
29073,81.95,79.82,77.46,73.27,69.14,68.71,65.0
29075,59.22,60.32,61.37,60.64,60.27,57.79,51.72
29077,34.89,35.22,35.27,38.86,43.2,42.23,37.89
29079,57.62,54.34,50.9,52.09,54.75,53.33,48.23
29081,79.08,80.24,81.68,76.98,71.46,77.58,80.37
29083,91.12,87.57,83.41,83.26,84.38,83.85,80.96
29085,95.45,95.32,95.03,95.25,95.9,95.4,92.52
29087,60.94,59.11,56.67,60.24,65.45,69.38,70.86
29089,44.03,43.43,42.58,49.36,57.76,53.64,46.92
29091,74.59,78.6,82.96,85.91,88.69,87.92,83.88
29093,98.66,98.13,97.54,97.05,96.71,95.68,92.41
29095,29.96,30.63,31.44,30.37,29.02,26.31,20.79
29097,43.11,38.92,34.22,35.83,38.26,41.44,42.01
29099,31.65,29.26,26.58,26.74,27.27,29.15,28.57
29101,17.54,18.72,19.87,19.21,18.34,19.77,18.48
29103,77.17,78.92,80.89,82.94,85.49,79.73,71.87
29105,80.01,79.88,79.46,76.5,72.94,69.59,63.63
29107,44.73,45.39,45.8,44.22,43.05,41.18,36.29
29109,54.76,55.68,56.74,63.97,72.02,70.8,66.74
29111,30.82,27.25,23.55,25.78,28.98,34.26,37.0
29113,62.56,61.54,60.32,52.46,43.0,42.69,39.95
29115,62.56,57.4,51.79,46.15,40.93,37.13,30.78
29117,48.93,46.73,44.41,41.05,37.75,33.99,27.17
29119,75.33,71.34,67.09,65.68,64.16,47.48,28.81
29121,56.73,64.71,74.46,71.84,67.12,67.06,65.23
29123,96.34,95.84,95.51,94.82,93.84,94.23,92.59
29125,85.32,86.62,88.13,83.27,77.86,74.02,67.12
29127,56.73,52.14,46.89,41.67,36.47,36.01,32.66
29129,58.42,52.9,46.56,45.87,47.01,48.0,45.69
29131,79.53,73.64,67.13,61.19,55.57,57.72,56.99
29133,93.92,90.41,86.25,85.05,84.26,88.49,90.5
29135,44.73,40.61,36.03,29.33,22.38,23.96,22.87
29137,62.56,62.16,61.96,65.19,69.25,60.58,49.5
29139,73.48,70.7,67.85,66.11,64.57,68.62,68.86
29141,90.51,85.7,80.32,74.22,68.03,72.85,75.22
29143,93.7,93.42,93.07,93.3,93.67,90.78,85.5
29145,55.71,50.06,43.82,43.01,42.35,40.06,35.17
29147,29.96,30.04,30.14,26.79,22.42,16.22,6.76
29149,96.63,97.48,97.91,97.13,96.3,95.52,91.7
29151,60.17,57.04,53.59,40.86,27.05,20.41,9.98
29153,91.56,90.87,90.06,88.62,87.27,91.23,92.44
29155,96.34,97.18,98.13,98.19,98.2,97.48,94.61
29157,55.71,54.08,52.53,52.19,51.45,43.87,33.93
29159,62.56,65.62,69.14,67.07,64.2,61.85,56.98
29161,52.66,55.61,58.91,58.58,58.04,58.03,55.27
29163,73.96,65.78,56.46,45.39,34.2,31.8,26.32
29165,6.24,7.95,9.87,12.77,15.77,16.67,15.01
29167,65.27,66.04,66.48,62.69,58.26,51.31,41.89
29169,56.73,61.03,66.18,73.62,81.75,77.79,71.33
29171,89.62,90.05,90.83,85.77,79.62,61.78,40.94
29173,45.78,45.7,46.32,43.11,38.85,36.09,30.69
29175,71.12,70.99,70.78,68.52,65.53,63.59,59.11
29177,54.76,57.43,60.52,55.34,48.78,37.09,22.3
29179,98.09,98.26,98.2,98.19,98.23,97.98,95.26
29181,95.61,97.32,98.96,99.43,99.86,99.48,96.47
29183,6.24,6.31,6.25,6.26,6.52,7.02,4.79
29185,93.7,93.67,93.71,93.02,92.23,90.86,86.53
29186,69.79,62.6,54.33,53.31,53.65,51.56,47.06
29187,82.74,83.87,85.62,86.68,87.06,86.61,83.74
29189,16.71,17.68,18.63,18.63,18.56,17.7,14.11
29195,70.49,71.5,72.51,70.13,67.32,65.77,61.83
29197,53.68,57.57,62.45,60.89,58.43,56.62,52.24
29199,41.45,43.23,45.45,42.89,38.96,34.88,28.36
29201,73.48,72.7,72.01,75.51,79.73,81.48,80.54
29203,80.01,84.55,89.44,93.07,96.49,95.54,92.14
29205,66.92,66.14,65.17,59.47,53.01,45.05,34.93
29207,88.16,90.06,92.37,93.58,94.49,94.51,92.1
29209,76.5,79.91,83.85,84.16,83.62,79.31,72.15
29211,72.62,62.47,50.74,38.87,27.24,17.5,4.73
29213,62.56,66.32,70.62,69.85,68.54,66.52,61.3
29215,93.47,93.28,92.8,93.55,94.67,94.68,91.82
29217,79.53,77.0,74.08,71.63,69.77,67.79,63.24
29219,45.78,45.67,45.88,47.42,49.46,49.95,47.45
29221,98.22,98.13,98.07,98.03,97.96,97.51,94.63
29223,99.17,99.21,99.12,99.25,99.5,99.4,97.2
29225,37.89,39.48,41.12,42.19,43.43,40.22,33.82
29227,44.73,46.57,48.84,51.52,55.0,54.64,50.69
29229,81.31,82.26,83.04,83.23,83.58,82.65,78.93
29510,45.78,47.9,50.29,50.29,49.63,49.05,46.03
30001,28.18,33.74,40.02,44.58,48.71,56.82,62.97
30003,13.72,11.94,10.01,6.92,3.51,3.48,2.16
30005,57.62,67.2,77.37,82.01,86.58,87.41,87.6
30007,34.89,44.35,55.38,62.48,69.11,67.42,65.08
30009,44.73,46.88,49.32,51.59,53.98,56.2,57.38
30011,18.31,23.95,30.31,31.3,31.31,29.78,27.14
30013,47.85,47.3,46.98,46.04,44.76,44.2,42.07
30015,10.98,12.18,13.11,14.01,15.17,13.03,9.54
30017,47.85,51.94,56.51,64.56,72.77,77.89,81.27
30019,26.52,28.73,31.51,40.33,49.6,50.83,50.52
30021,34.89,36.72,39.43,33.63,25.94,32.2,36.75
30023,88.98,92.03,94.94,94.96,95.03,96.31,96.67
30025,14.45,16.46,18.29,20.15,22.35,35.4,48.28
30027,41.45,41.1,40.95,32.4,22.4,28.14,31.96
30029,15.09,13.38,11.45,12.67,14.58,17.35,19.03
30031,1.88,1.57,1.43,1.67,1.71,1.78,0.56
30033,12.61,16.89,21.79,16.62,10.02,8.22,4.28
30035,43.11,37.76,31.93,23.68,14.97,11.32,5.74
30037,81.95,75.78,68.83,60.62,52.76,62.03,69.86
30039,76.5,78.31,80.03,78.32,76.58,74.46,71.05
30041,28.84,37.72,46.94,48.77,50.14,43.83,36.63
30043,38.78,39.3,39.26,33.83,27.85,38.52,48.1
30045,34.89,29.94,24.63,30.73,38.59,36.17,32.31
30047,38.78,39.7,40.89,40.58,40.03,46.26,51.83
30049,31.65,32.53,33.32,33.31,33.51,30.48,26.79
30051,52.66,58.53,64.81,65.3,65.24,66.65,65.76
30053,75.33,80.67,86.67,87.1,87.42,90.22,93.35
30055,37.89,36.34,34.66,29.5,24.21,20.29,14.91
30057,17.54,19.58,21.83,29.97,38.74,36.93,33.93
30059,80.64,71.84,61.88,54.24,46.93,52.0,55.92
30061,85.32,88.28,91.39,92.6,93.65,84.49,74.48
30063,15.09,17.58,20.17,22.02,23.93,20.08,14.96
30065,41.45,43.52,46.15,45.19,43.57,40.54,35.76
30067,33.4,27.34,20.22,15.91,12.61,10.19,6.49
30069,0.67,6.56,13.17,20.16,27.56,18.85,8.51
30071,69.02,68.13,66.69,63.6,60.42,69.22,77.54
30073,63.67,63.29,63.13,63.66,64.02,66.39,66.11
30075,54.76,52.25,49.24,53.92,59.42,51.74,43.01
30077,55.71,56.32,56.68,51.34,45.49,56.3,65.73
30079,68.26,63.48,57.88,56.0,55.17,56.67,56.51
30081,66.92,70.03,73.11,76.8,80.97,80.89,79.57
30083,37.89,26.06,12.89,16.95,23.35,28.31,32.16
30085,25.25,27.86,31.23,26.25,19.69,16.49,11.3
30087,31.65,42.5,55.23,64.71,72.85,75.76,76.84
30089,78.16,78.58,78.62,79.95,81.68,84.07,86.27
30091,46.74,38.3,28.97,26.69,25.09,38.43,50.71
30093,59.22,63.72,68.52,71.62,74.98,77.89,79.84
30095,34.89,33.78,32.26,29.5,27.24,31.98,35.55
30097,25.25,34.04,44.56,38.93,30.9,40.7,49.51
30099,57.62,54.73,51.52,50.66,50.04,48.97,45.36
30101,65.27,64.69,63.88,67.39,71.75,73.5,72.82
30103,84.75,67.54,47.87,48.06,50.91,69.95,87.04
30105,51.74,46.73,41.12,42.45,44.91,49.68,53.19
30107,42.31,36.73,30.8,24.75,19.11,21.97,23.34
30109,44.73,40.52,35.73,31.77,28.06,41.39,54.11
30111,27.19,26.72,26.32,23.86,21.21,21.24,20.24
31001,18.94,20.49,22.49,28.57,35.43,29.37,21.08
31003,48.93,50.95,53.61,51.88,48.43,43.09,35.24
31005,2.55,2.25,2.59,7.07,11.14,25.09,36.32
31007,80.64,68.37,53.97,47.34,41.83,34.99,25.07
31009,4.52,3.54,2.9,9.98,16.69,36.66,53.74
31011,26.52,22.73,18.54,18.22,18.07,21.15,21.28
31013,18.94,13.94,8.43,9.28,10.41,15.49,17.76
31015,64.37,65.58,67.04,66.84,67.17,65.47,59.63
31017,60.17,50.71,40.42,38.9,38.49,37.55,33.91
31019,3.09,3.9,5.32,8.61,11.58,13.15,12.34
31021,54.76,54.5,54.39,54.68,54.73,53.57,50.31
31023,23.72,24.54,25.48,21.85,16.91,19.24,19.61
31025,9.71,9.37,8.63,6.67,4.97,7.94,9.08
31027,15.09,12.58,9.93,12.13,14.56,11.53,5.98
31029,40.75,33.12,24.84,21.34,18.63,20.37,19.94
31031,37.03,33.16,29.63,29.88,30.69,27.55,21.6
31033,16.71,16.97,17.48,27.63,38.13,42.32,43.49
31035,48.93,51.73,55.08,52.86,49.28,41.99,32.93
31037,1.69,1.67,1.68,2.35,3.66,6.25,6.77
31039,21.46,20.95,20.62,16.24,10.74,9.39,6.02
31041,23.72,23.99,24.52,26.16,27.13,31.3,32.9
31043,2.45,2.37,2.47,4.43,6.91,11.57,14.11
31045,11.46,10.56,9.45,11.62,14.25,15.0,13.72
31047,16.71,17.58,18.63,20.64,22.81,24.13,23.48
31049,24.45,23.85,23.85,42.16,61.75,67.82,71.63
31051,34.89,30.89,26.22,28.5,32.07,27.09,19.84
31053,30.82,31.03,31.0,29.57,28.08,27.54,24.8
31055,9.71,9.63,9.27,8.95,9.3,9.0,6.38
31057,27.19,24.87,22.38,16.75,10.58,17.9,22.48
31059,47.85,51.18,55.25,55.15,54.07,45.66,35.37
31061,68.26,62.93,57.25,59.54,62.61,59.33,54.1
31063,18.94,25.43,33.54,49.42,66.27,75.74,83.55
31065,72.62,67.13,60.97,63.35,67.3,69.67,70.51
31067,46.74,48.69,50.81,50.5,49.73,50.52,50.11
31069,54.76,44.62,33.33,46.46,61.72,69.86,75.61
31071,46.74,41.05,35.12,42.84,51.17,40.74,27.87
31073,39.83,39.48,39.16,34.73,28.71,19.86,9.19
31075,16.71,14.78,12.51,14.41,16.67,16.93,14.49
31077,56.73,50.26,43.2,42.77,42.68,40.12,35.14
31079,18.94,18.43,17.95,19.46,20.99,21.14,18.81
31081,20.89,19.85,18.73,17.2,14.65,11.98,7.02
31083,75.33,67.84,59.58,58.07,57.54,56.2,52.95
31085,74.59,68.61,62.07,58.22,53.96,55.26,53.62
31087,74.59,73.71,73.25,74.16,74.37,77.24,77.62
31089,37.03,37.2,37.71,36.75,35.04,31.14,24.24
31091,75.33,84.14,94.78,97.04,97.46,77.84,55.41
31093,39.83,38.91,38.4,34.69,29.4,24.28,16.84
31095,44.73,49.33,55.01,58.47,61.42,67.88,72.02
31097,34.89,32.62,29.52,39.84,53.78,57.39,59.4
31099,34.16,27.25,19.54,17.98,16.87,16.19,13.72
31101,43.11,34.02,23.94,26.36,29.72,34.01,35.32
31103,71.12,59.03,45.92,29.13,11.65,8.17,1.86
31105,44.73,47.33,50.93,58.25,65.35,60.57,52.81
31107,40.75,35.74,29.89,29.74,30.69,35.7,37.65
31109,6.91,7.89,8.88,9.58,10.15,9.69,7.61
31111,46.74,44.6,42.34,41.05,40.36,40.13,37.41
31113,32.51,33.98,36.05,23.66,8.61,6.15,1.34
31115,34.89,29.33,23.41,41.09,61.82,62.64,61.13
31117,66.92,60.49,53.01,34.36,14.2,7.6,-1.73
31119,10.98,11.32,11.75,11.56,11.57,10.96,7.35
31121,34.16,33.17,32.24,40.56,50.67,53.3,53.95
31123,46.74,44.86,43.4,42.83,41.01,36.76,29.26
31125,47.85,48.23,49.04,51.77,53.85,53.35,50.41
31127,32.51,36.42,40.93,40.74,39.06,44.94,49.61
31129,56.73,62.07,68.57,67.47,64.59,54.56,42.83
31131,25.25,29.26,33.92,38.71,43.47,45.83,46.34
31133,36.01,38.68,41.58,37.65,31.99,40.88,48.22
31135,18.31,17.15,16.67,21.71,26.3,27.7,26.81
31137,24.45,22.87,21.75,21.7,21.14,25.44,28.01
31139,16.05,14.54,13.03,12.81,12.86,14.47,13.39
31141,9.11,8.95,8.96,7.63,5.94,7.73,7.41
31143,21.46,18.69,15.59,18.45,22.16,21.14,18.01
31145,50.08,41.89,32.44,35.17,39.85,43.06,44.05
31147,51.19,52.92,54.66,55.11,55.61,54.32,51.51
31149,27.19,26.71,27.23,27.52,26.88,24.35,18.6
31151,29.96,28.24,26.01,21.32,16.16,14.58,11.29
31153,2.23,2.79,3.11,2.78,2.82,3.66,2.31
31155,18.94,21.92,25.23,28.12,31.1,29.54,26.03
31157,38.78,39.2,40.41,40.81,40.33,43.08,42.77
31159,10.32,9.95,9.69,9.5,9.32,8.23,5.06
31161,34.89,42.46,51.12,60.27,69.24,71.19,70.8
31163,62.56,56.56,49.71,50.06,51.39,50.66,47.26
31165,13.72,9.68,4.77,3.87,3.91,5.48,4.1
31167,24.45,23.78,23.13,19.23,14.81,16.36,14.98
31169,47.85,46.05,43.91,44.72,46.35,41.31,34.58
31171,20.89,16.6,11.42,20.71,33.04,34.0,32.22
31173,40.75,31.98,21.83,21.11,22.26,22.94,21.33
31175,64.37,62.49,61.17,59.16,54.84,46.0,34.58
31177,20.89,25.46,30.74,34.22,37.93,30.54,20.2
31179,2.9,5.03,7.94,7.96,6.75,6.2,3.21
31181,70.49,64.1,56.54,53.02,50.2,41.67,31.48
31183,40.75,35.46,29.81,37.92,47.78,55.54,60.75
31185,30.82,26.21,20.81,25.97,33.21,30.89,26.68
32001,78.16,72.41,65.63,52.26,39.36,42.15,46.27
32003,17.54,19.34,21.14,20.68,20.15,19.27,18.11
32005,48.93,52.89,56.23,51.81,48.23,41.85,36.42
32007,17.54,17.45,16.87,16.91,17.32,14.74,11.3
32009,64.37,69.25,74.54,76.12,77.49,81.75,87.27
32011,3.57,22.3,42.4,55.55,68.79,57.87,45.96
32013,13.34,14.19,15.22,13.88,12.91,18.05,23.2
32015,10.32,12.56,14.5,13.27,12.12,23.34,34.05
32017,40.75,43.03,45.27,64.33,84.91,84.39,83.72
32019,71.76,76.57,81.69,75.91,69.92,65.07,61.61
32021,98.73,97.94,96.86,86.92,76.48,59.33,43.09
32023,96.5,96.4,96.21,96.11,95.85,95.19,95.02
32027,84.75,80.94,76.72,57.66,37.82,30.59,23.5
32029,81.31,88.16,94.99,92.56,90.56,88.52,87.3
32031,14.45,18.2,21.39,18.6,17.46,18.28,19.95
32033,68.26,75.24,82.23,70.7,57.82,50.94,42.81
32510,51.74,68.92,88.3,89.56,88.88,76.64,65.36
33001,23.72,30.83,38.74,45.0,51.57,53.79,57.91
33003,52.66,56.25,60.07,56.83,52.54,53.78,57.3
33005,25.25,28.05,31.43,32.64,33.29,33.06,35.47
33007,83.79,83.25,82.68,83.82,85.12,85.61,88.46
33009,27.19,30.41,33.59,36.51,39.95,36.37,34.75
33011,11.97,12.76,13.53,14.65,16.03,16.61,19.58
33013,27.19,30.18,33.29,32.74,31.72,33.12,36.78
33015,7.45,7.71,7.78,8.21,9.0,9.8,13.36
33017,27.19,27.05,26.6,24.49,22.36,22.81,25.81
33019,47.85,44.99,41.38,37.77,34.27,30.46,28.63
34001,28.18,27.19,26.06,27.38,29.32,32.95,38.89
34003,2.74,2.35,1.89,1.95,1.96,1.99,4.77
34005,12.61,13.22,13.8,14.87,16.05,16.2,18.26
34007,30.82,31.13,31.45,30.77,29.86,30.41,32.46
34009,37.03,38.54,40.38,38.9,36.71,38.44,42.38
34011,51.74,48.53,44.62,40.24,36.13,38.42,42.2
34013,21.46,21.83,22.3,20.17,17.23,15.69,16.62
34015,22.32,23.18,24.19,24.09,24.09,22.88,23.1
34017,5.48,5.14,4.74,4.38,3.9,3.58,6.01
34019,3.09,3.34,3.55,3.5,3.32,2.79,3.89
34021,8.25,7.75,7.11,7.51,8.17,7.95,10.07
34023,3.09,3.19,3.46,3.42,3.53,4.12,7.57
34025,5.48,5.79,6.17,6.44,6.74,7.3,10.56
34027,1.69,1.82,1.91,1.98,2.07,2.15,4.46
34029,31.65,31.06,30.38,29.19,27.74,26.4,27.53
34031,4.81,4.23,3.56,3.06,2.76,2.68,5.11
34033,44.03,47.9,52.48,50.48,47.1,46.44,47.25
34035,1.46,1.58,1.72,1.69,1.64,1.55,3.64
34037,6.24,6.9,7.43,8.74,10.25,10.14,12.29
34039,4.11,4.23,4.31,3.82,3.42,3.57,5.92
34041,11.97,14.39,17.2,20.06,22.87,21.8,22.7
35001,27.19,28.27,29.41,29.73,30.19,34.98,38.96
35003,99.84,99.51,99.31,99.36,99.43,99.51,99.18
35005,62.56,63.62,64.91,62.45,59.7,61.38,63.44
35006,88.67,91.76,94.9,95.91,96.84,93.86,89.71
35007,95.7,92.88,89.61,90.54,91.83,93.29,92.07
35009,54.76,58.65,62.15,57.93,53.92,57.37,60.03
35011,88.67,91.6,94.67,93.83,92.73,79.43,65.13
35013,11.97,14.36,16.92,23.74,31.07,35.87,41.34
35015,53.68,47.24,40.16,34.57,29.47,36.09,42.34
35017,92.68,90.98,88.98,84.2,79.08,81.11,83.39
35019,92.04,89.36,86.24,88.93,92.47,86.53,79.39
35021,93.92,91.58,89.14,91.1,93.2,83.94,73.39
35023,76.5,76.14,75.8,81.41,87.77,84.71,82.18
35025,19.8,18.94,18.51,17.41,16.37,18.24,20.09
35027,83.79,81.21,78.6,76.7,74.6,81.5,89.58
35028,7.45,9.09,11.2,8.11,4.42,3.61,1.63
35029,73.96,79.55,85.56,86.3,86.2,85.75,85.06
35031,36.01,41.2,46.78,53.28,60.01,57.91,54.11
35033,99.3,98.73,98.14,98.37,98.82,98.97,97.31
35035,72.62,65.65,57.99,59.35,61.49,69.58,78.79
35037,98.22,97.33,96.33,94.07,91.77,90.23,87.48
35039,76.5,70.78,64.17,58.01,52.6,47.68,41.34
35041,47.85,56.85,66.74,65.79,64.24,70.77,76.81
35043,21.46,22.85,24.19,25.37,26.8,30.68,33.71
35045,23.72,30.26,37.29,40.58,43.47,43.94,42.57
35047,96.5,97.59,98.98,99.26,99.22,98.45,96.61
35049,28.84,29.58,30.33,27.75,24.93,29.87,34.31
35051,98.22,96.98,95.7,96.74,97.93,97.88,98.37
35053,98.44,98.24,97.97,98.13,98.28,97.19,96.31
35055,78.16,79.65,81.45,79.89,77.99,72.92,65.58
35057,69.02,67.82,66.42,65.03,63.71,68.74,74.04
35059,76.5,75.49,74.23,79.45,85.55,89.88,92.01
35061,76.5,78.41,80.47,80.01,79.22,82.66,85.77
36001,15.09,14.4,13.45,12.98,12.85,12.65,14.44
36003,45.78,48.12,50.61,53.06,55.24,54.28,55.29
36005,34.16,34.06,34.23,37.41,41.56,45.41,52.27
36007,38.78,42.37,46.49,48.84,50.82,50.75,52.77
36009,45.78,46.6,47.35,50.17,53.23,51.91,51.88
36011,34.89,34.74,34.19,38.07,42.77,40.65,41.07
36013,46.74,48.11,49.72,49.98,50.15,53.02,57.23
36015,40.75,39.45,37.44,42.14,48.13,50.69,55.47
36017,67.62,70.14,72.86,75.63,78.43,77.26,78.68
36019,42.31,46.12,50.31,51.54,52.68,55.25,60.11
36021,51.74,53.06,54.59,54.01,53.29,48.85,46.71
36023,23.72,24.44,24.98,25.87,26.69,25.69,27.31
36025,51.19,55.34,60.06,59.76,58.36,62.13,68.69
36027,28.18,28.12,28.23,27.48,26.6,23.89,23.99
36029,29.96,28.98,27.86,28.05,27.91,27.97,29.23
36031,55.71,59.61,63.2,62.78,62.27,57.76,55.56
36033,37.89,42.2,46.56,47.68,48.94,52.85,60.32
36035,60.17,61.5,62.8,60.48,57.16,57.59,60.23
36037,29.96,31.3,32.69,37.73,43.95,43.17,43.88
36039,46.74,46.53,46.33,41.52,35.72,30.71,27.64
36041,39.83,59.28,80.8,89.33,96.36,92.8,91.44
36043,38.78,39.99,41.11,45.71,51.08,51.12,53.41
36045,32.51,32.32,31.77,34.32,37.41,38.66,42.63
36047,6.91,6.92,6.98,7.2,7.36,7.16,9.56
36049,34.89,36.43,37.66,39.12,40.91,41.0,44.35
36051,19.8,21.94,24.02,25.21,26.11,22.71,21.58
36053,13.34,14.31,15.29,18.82,22.67,22.19,24.25
36055,23.02,24.87,26.84,28.63,30.68,32.67,36.76
36057,51.74,50.57,48.94,51.76,55.95,55.78,57.77
36059,2.9,2.68,2.37,2.31,2.13,2.21,5.17
36061,7.45,6.99,6.51,7.19,8.01,8.38,11.6
36063,31.65,30.36,28.86,30.94,33.63,34.69,36.63
36065,50.08,49.34,48.12,46.34,44.09,38.6,35.8
36067,18.94,20.39,21.93,22.8,23.32,23.82,27.01
36069,19.8,19.74,19.23,20.07,21.41,22.98,26.79
36071,18.31,18.84,19.54,18.94,18.07,16.84,18.64
36073,57.62,60.99,64.59,64.32,62.89,58.76,56.08
36075,36.01,39.16,42.58,45.37,47.87,45.78,46.15
36077,25.25,26.44,27.71,30.51,33.77,34.88,38.83
36079,9.71,9.76,9.81,8.85,7.7,6.46,8.12
36081,5.76,5.54,5.35,5.5,5.46,5.54,8.26
36083,23.02,24.47,26.22,28.07,30.12,32.36,36.78
36085,6.91,6.94,6.95,6.64,6.43,6.31,8.75
36087,3.57,3.97,4.38,4.28,4.11,3.49,5.85
36089,45.78,50.2,54.71,55.61,56.26,56.25,59.19
36091,13.72,14.28,14.74,14.0,13.27,12.98,14.85
36093,28.18,29.32,30.61,28.72,25.9,26.49,29.2
36095,58.42,55.91,52.83,53.94,55.77,56.29,58.99
36097,36.01,42.57,50.38,56.23,61.29,60.91,62.94
36099,48.93,51.47,54.27,58.47,62.81,61.4,62.66
36101,53.68,53.39,52.82,52.05,50.97,48.92,49.05
36103,4.52,4.77,5.02,5.06,5.06,5.12,7.97
36105,51.74,51.14,50.41,53.41,57.22,55.89,57.96
36107,29.96,32.65,35.65,38.49,41.24,43.47,47.97
36109,7.45,6.66,5.31,4.89,4.65,5.15,7.86
36111,39.83,37.2,34.15,33.23,32.93,35.23,40.37
36113,33.4,37.6,41.93,43.49,44.81,44.39,46.47
36115,38.78,37.61,35.68,37.64,40.73,45.49,52.43
36117,36.01,39.09,42.48,43.58,43.99,44.82,47.81
36119,4.11,4.01,3.88,4.23,4.48,4.66,7.7
36121,23.72,25.51,27.45,30.79,34.08,31.03,29.67
36123,25.25,26.25,27.14,25.36,23.08,18.62,16.34
37001,42.31,42.48,42.45,40.86,39.19,36.01,33.08
37003,61.64,65.67,70.23,71.29,71.88,70.32,68.49
37005,86.82,85.74,84.49,88.24,92.66,87.84,83.05
37007,80.64,80.07,79.94,75.96,70.54,71.66,73.29
37009,58.42,54.24,49.39,50.52,52.33,53.69,54.83
37011,75.96,81.28,87.66,86.02,82.63,78.99,75.43
37013,80.01,78.34,76.09,75.64,75.99,72.89,70.58
37015,88.16,89.17,90.63,90.07,88.69,92.14,96.43
37017,93.22,92.55,91.78,88.55,85.13,78.26,72.16
37019,62.56,65.23,68.19,67.79,66.94,62.54,59.64
37021,37.89,36.56,35.19,33.64,31.65,29.92,28.07
37023,83.22,84.01,84.97,84.29,83.74,84.0,84.3
37025,8.25,7.97,7.89,8.1,8.5,8.64,9.31
37027,75.96,76.61,76.96,75.1,73.27,74.0,74.31
37029,37.89,38.1,38.14,35.73,32.8,38.68,45.98
37031,73.48,76.88,80.22,80.13,80.45,76.51,74.88
37033,88.67,88.76,88.93,82.28,74.57,75.23,75.58
37035,31.65,34.92,38.51,38.31,37.56,34.68,31.74
37037,25.25,30.79,37.35,42.67,47.35,45.05,42.97
37039,82.43,84.35,86.25,86.15,85.74,83.74,81.6
37041,41.45,44.92,49.11,50.35,51.0,58.56,67.44
37043,55.71,59.77,64.18,68.68,72.86,76.04,79.35
37045,63.67,62.98,62.25,59.84,57.13,51.67,46.42
37047,85.8,85.67,85.35,83.74,82.24,80.41,80.24
37049,67.62,68.68,69.38,66.28,62.85,57.74,54.36
37051,40.75,47.02,54.49,59.7,63.57,62.57,61.83
37053,18.31,26.08,35.21,38.15,40.14,35.91,33.29
37055,39.83,41.64,43.01,36.24,29.71,23.2,18.72
37057,60.17,61.84,63.84,61.49,57.9,53.53,49.37
37059,28.84,31.6,34.69,40.76,48.23,50.88,53.73
37061,60.94,66.14,71.68,75.18,78.93,78.06,78.87
37063,9.11,8.09,6.77,6.28,6.19,5.51,4.82
37065,68.26,69.62,71.35,67.83,63.05,59.52,56.53
37067,11.46,11.85,12.07,10.45,8.7,9.97,11.39
37069,42.31,42.59,43.18,46.43,50.28,52.95,55.58
37071,62.56,59.82,56.54,54.12,52.17,48.89,46.28
37073,64.37,67.46,71.77,80.18,88.15,90.13,93.11
37075,29.96,48.75,70.97,79.26,83.97,86.46,88.92
37077,79.53,74.87,69.48,62.91,56.51,51.67,46.79
37079,80.01,84.14,88.76,91.07,93.07,91.35,90.44
37081,11.46,11.51,11.67,11.75,12.07,13.21,14.77
37083,93.7,92.28,90.7,84.72,78.79,78.06,77.49
37085,34.89,34.84,34.38,32.75,30.81,34.93,39.14
37087,51.74,56.16,61.79,65.53,67.8,67.32,66.68
37089,56.73,56.23,55.97,52.02,46.69,44.22,41.85
37091,92.96,87.94,82.15,84.22,87.93,90.12,92.83
37093,44.03,42.48,40.42,49.27,60.75,66.1,72.02
37095,58.42,64.76,71.49,56.42,39.05,38.96,40.54
37097,24.45,25.61,26.79,26.73,26.64,23.86,21.42
37099,34.16,30.56,25.96,30.49,36.21,37.2,38.42
37101,31.65,33.19,34.95,36.09,37.3,36.26,35.52
37103,96.28,97.36,97.94,97.29,97.02,96.01,95.96
37105,37.03,37.44,37.65,42.19,47.38,53.29,59.58
37107,90.89,92.83,94.63,94.79,95.09,94.36,94.87
37109,47.85,48.75,49.81,47.93,45.71,43.0,40.39
37111,94.3,91.11,87.4,86.31,86.17,85.96,85.17
37113,71.76,69.29,66.05,67.53,68.96,70.72,72.53
37115,60.94,55.21,48.49,52.63,59.34,62.63,66.19
37117,81.31,80.05,78.51,78.77,79.39,81.58,84.66
37119,3.76,3.33,3.03,2.32,1.77,1.65,2.29
37121,92.36,91.9,91.2,87.67,84.21,82.23,80.54
37123,58.42,51.13,42.81,42.69,43.96,53.43,63.82
37125,44.03,44.57,45.43,49.16,52.46,51.91,51.88
37127,51.74,53.36,55.42,56.31,57.01,57.45,57.97
37129,27.19,25.87,23.78,22.84,22.89,21.51,21.85
37131,95.61,94.8,94.17,89.21,84.61,83.44,82.71
37133,39.83,48.26,57.67,61.88,65.81,61.46,58.68
37135,3.09,3.3,3.47,3.13,2.92,2.26,1.33
37137,81.31,84.62,88.2,87.4,87.01,85.21,85.49
37139,53.68,50.14,45.48,43.65,43.64,46.36,50.53
37141,66.92,68.86,70.81,66.45,61.27,60.06,60.27
37143,80.64,76.94,72.19,63.28,53.45,57.65,62.94
37145,71.12,74.35,78.38,77.34,75.65,78.43,81.3
37147,18.94,19.97,21.02,22.27,23.75,28.69,34.65
37149,56.73,57.48,58.69,64.14,70.71,74.94,79.68
37151,34.16,35.63,37.39,43.54,50.43,56.14,62.55
37153,85.8,81.7,77.1,74.83,72.98,70.31,68.24
37155,68.26,65.48,62.19,60.36,59.11,57.68,56.96
37157,71.76,67.69,62.9,57.85,52.9,54.41,55.75
37159,58.42,57.14,55.55,53.67,51.74,53.04,54.82
37161,88.98,88.25,87.57,85.86,83.73,83.55,83.2
37163,78.16,79.67,80.89,78.66,76.35,63.33,51.51
37165,88.16,86.92,85.63,79.84,72.56,67.36,62.77
37167,63.67,59.66,55.37,49.92,43.92,47.73,52.26
37169,48.93,49.38,49.78,49.21,48.68,57.12,65.65
37171,69.79,74.45,79.96,81.88,83.06,83.07,83.48
37173,43.11,45.7,48.48,59.54,72.3,74.69,77.58
37175,69.02,63.67,57.3,56.88,57.39,52.99,48.55
37177,65.87,73.85,82.93,87.04,91.4,90.29,90.65
37179,4.11,4.0,4.12,3.87,3.66,4.38,5.73
37181,95.92,91.71,87.01,79.89,72.32,72.85,73.56
37183,1.46,1.7,1.93,2.25,2.4,2.29,2.75
37185,98.6,94.3,89.42,85.56,82.58,82.05,81.46
37187,95.7,94.81,93.45,92.48,92.57,93.01,94.42
37189,8.63,9.54,10.79,11.42,12.03,12.18,11.97
37191,58.42,61.56,64.97,62.95,60.12,55.85,52.16
37193,77.17,75.37,72.99,74.02,75.74,75.29,74.56
37195,56.73,53.46,49.41,49.83,51.65,49.88,48.73
37197,59.22,61.73,64.38,64.3,63.63,59.73,55.85
37199,82.74,83.06,83.72,80.38,75.79,73.63,71.62
38001,34.16,26.04,16.24,10.29,6.2,16.61,26.4
38003,15.09,21.2,27.97,33.52,38.98,29.23,17.89
38005,3.09,5.4,7.48,20.43,34.27,43.08,51.13
38007,0.06,2.06,4.16,9.5,15.48,20.26,24.82
38009,24.45,28.62,33.45,40.4,46.57,46.5,46.93
38011,13.34,13.31,12.26,10.18,9.15,8.34,7.3
38013,13.72,9.3,4.58,3.06,1.63,3.0,4.07
38015,10.32,8.97,8.06,7.85,6.56,7.3,7.0
38017,4.11,5.59,7.09,6.42,5.13,4.69,2.96
38019,24.45,20.02,15.15,11.02,6.65,7.19,7.61
38021,13.72,10.31,6.66,7.56,8.94,7.24,4.32
38023,59.22,57.05,55.16,47.65,38.8,35.53,32.07
38025,28.84,29.66,30.79,30.25,28.96,29.1,29.25
38027,16.05,20.07,24.46,46.65,71.66,75.62,78.47
38029,55.71,51.62,47.27,50.03,53.61,47.33,39.32
38031,10.98,13.23,15.49,14.89,12.07,16.17,19.22
38033,39.83,39.98,40.05,40.33,40.64,51.03,61.14
38035,5.76,6.82,8.08,7.81,7.45,5.56,2.79
38037,28.18,28.05,28.15,33.11,38.66,38.39,36.64
38039,36.01,41.79,47.58,46.49,44.98,37.56,28.83
38041,28.84,28.65,28.38,24.88,20.75,27.15,33.0
38043,18.94,20.58,23.22,25.65,27.03,19.51,11.01
38045,26.52,22.5,18.21,16.67,15.03,13.01,9.65
38047,45.78,35.77,24.47,18.75,14.44,12.1,8.25
38049,28.84,23.36,17.63,20.25,23.21,23.41,23.5
38051,56.73,58.79,61.74,51.08,37.75,30.88,22.56
38053,15.09,9.02,2.47,2.86,3.65,5.61,7.02
38055,7.9,7.62,7.99,8.49,8.01,7.41,6.19
38057,18.31,17.24,16.13,13.95,10.87,13.31,15.13
38059,15.09,10.81,6.17,5.41,4.57,2.76,-0.11
38061,2.45,1.53,1.03,4.55,8.35,22.33,36.1
38063,16.05,20.2,24.39,30.91,38.36,54.78,70.04
38065,15.09,11.85,8.53,16.66,26.56,21.96,16.38
38067,34.89,30.09,25.14,21.7,18.9,19.13,18.66
38069,16.71,14.35,11.92,11.56,10.08,6.72,3.05
38071,32.51,39.0,46.12,48.7,49.03,55.89,62.39
38073,38.78,34.5,29.29,36.26,45.07,37.28,27.77
38075,18.94,16.53,13.75,25.81,39.46,44.39,49.75
38077,6.91,7.33,7.3,8.43,10.27,13.53,14.87
38079,28.84,30.48,32.29,41.61,51.4,53.51,55.89
38081,12.61,14.25,16.5,21.88,26.61,24.7,21.12
38083,61.64,46.4,29.44,29.59,31.08,23.91,16.16
38085,12.61,9.05,5.31,7.89,11.21,19.14,25.64
38087,17.54,35.06,55.22,62.61,67.7,71.22,73.91
38089,8.25,7.76,6.92,7.71,8.88,7.35,5.88
38091,23.02,32.58,42.93,38.94,32.74,20.14,6.16
38093,44.03,40.74,36.95,36.93,37.49,43.36,47.85
38095,6.24,7.89,9.59,19.18,29.51,36.73,43.81
38097,4.81,9.29,13.93,16.32,18.9,17.33,14.5
38099,64.37,59.88,54.9,48.54,42.18,41.48,40.4
38101,9.11,8.11,7.29,7.89,7.58,7.45,7.45
38103,39.83,36.74,33.82,47.04,61.11,50.25,38.98
38105,3.76,2.42,1.62,3.43,4.72,8.31,11.94
39001,85.8,86.05,86.48,85.24,83.8,85.29,85.97
39003,46.74,47.13,47.67,48.62,49.51,53.91,58.4
39005,34.89,37.67,40.78,38.63,35.57,34.2,33.21
39007,47.85,51.19,54.91,56.8,58.26,58.42,60.26
39009,39.83,45.62,52.08,55.58,58.99,59.42,59.41
39011,19.8,19.12,18.32,15.53,12.27,13.72,14.85
39013,63.67,63.24,62.68,61.72,59.5,56.3,54.1
39015,65.87,60.5,54.12,55.05,57.82,61.3,63.53
39017,16.05,16.35,16.82,18.51,20.09,19.17,17.83
39019,37.03,36.87,36.48,38.99,41.97,49.25,57.67
39021,42.31,44.33,46.55,50.41,54.66,55.16,55.19
39023,59.22,59.88,60.5,61.74,63.01,62.14,60.79
39025,25.25,24.67,24.19,26.38,28.68,32.17,34.65
39027,36.01,39.66,43.99,49.09,53.94,57.85,61.14
39029,61.64,58.95,55.74,55.92,56.75,58.25,61.37
39031,40.75,38.45,35.52,41.94,50.07,51.17,53.17
39033,54.76,59.28,64.45,64.02,62.52,63.26,64.67
39035,41.45,42.95,44.46,45.28,46.19,44.38,44.19
39037,33.4,37.61,42.64,40.65,36.89,34.33,31.39
39039,31.65,30.75,29.42,27.19,25.1,21.84,19.01
39041,1.24,1.29,1.24,1.26,1.49,1.57,1.05
39043,43.11,40.73,37.85,39.87,42.88,42.49,43.26
39045,29.96,30.09,30.24,31.34,32.42,31.26,29.87
39047,60.94,60.19,59.04,59.85,61.02,70.03,78.58
39049,18.31,17.32,15.99,14.9,13.71,14.06,14.12
39051,22.32,25.72,29.58,29.88,29.93,30.67,31.94
39053,79.53,80.16,80.95,82.46,84.41,84.28,84.0
39055,6.91,8.4,9.83,10.13,9.98,10.02,11.63
39057,21.46,21.79,22.09,23.27,24.7,25.41,26.16
39059,64.37,66.64,69.6,71.14,70.66,66.46,63.29
39061,24.45,23.78,23.08,22.72,21.89,20.45,18.5
39063,16.71,15.87,15.01,14.83,14.3,15.68,17.39
39065,44.03,39.17,33.6,35.79,39.44,41.59,44.21
39067,50.08,55.53,61.95,68.05,74.0,71.77,70.79
39069,30.82,33.55,36.58,33.19,28.62,25.51,22.88
39071,72.62,73.9,75.48,75.66,75.16,75.7,75.24
39073,60.17,63.35,66.63,67.41,67.9,66.57,65.22
39075,3.09,3.03,2.97,3.08,2.64,2.41,2.9
39077,34.89,34.15,33.04,32.66,32.45,33.94,35.98
39079,86.82,87.85,88.65,83.26,76.7,76.9,76.51
39081,71.76,72.65,73.69,73.25,72.46,71.38,71.22
39083,36.01,36.64,37.2,33.49,28.63,28.02,27.09
39085,16.05,18.1,20.21,22.61,25.18,28.54,33.38
39087,89.4,89.22,89.13,90.57,92.12,92.47,92.88
39089,34.16,34.55,34.97,40.66,47.12,48.9,50.39
39091,47.85,44.75,41.11,37.62,33.71,27.81,21.73
39093,39.83,44.08,48.9,48.81,47.68,42.64,38.88
39095,46.74,47.5,48.27,48.55,48.53,48.2,48.61
39097,37.03,41.45,46.73,48.03,48.27,50.28,52.34
39099,55.71,54.3,52.67,51.11,49.35,51.18,54.9
39101,72.62,76.7,81.45,81.41,80.19,75.95,71.62
39103,6.24,7.84,9.56,10.34,11.02,11.93,14.0
39105,86.82,88.51,90.24,91.52,92.93,92.89,92.3
39107,14.45,13.84,13.22,13.71,14.97,12.92,10.65
39109,28.18,28.57,28.85,31.2,34.29,31.87,28.84
39111,71.76,74.96,79.12,84.26,88.53,86.71,85.43
39113,51.19,50.6,49.77,48.99,48.01,47.68,47.27
39115,76.5,80.76,85.67,88.84,90.94,90.61,90.3
39117,37.89,39.44,40.78,41.03,41.81,46.18,50.32
39119,56.73,56.54,56.48,59.64,62.86,58.52,54.67
39121,79.53,70.56,59.62,67.92,80.31,84.25,88.74
39123,54.76,53.12,51.32,52.21,52.98,51.78,51.32
39125,57.62,58.6,59.7,62.65,66.44,64.64,63.44
39127,61.64,62.35,62.98,64.48,65.97,71.98,78.45
39129,51.19,48.73,45.52,46.62,48.73,51.14,53.5
39131,93.22,93.7,93.91,94.33,94.92,94.0,92.44
39133,20.89,22.37,24.21,26.13,27.9,28.18,29.83
39135,58.42,57.02,55.15,56.28,57.96,55.9,53.25
39137,7.45,7.41,7.3,7.22,7.31,6.76,6.54
39139,38.78,43.74,49.21,51.75,54.53,58.14,62.01
39141,70.49,73.87,77.69,80.98,84.28,84.95,85.43
39143,40.75,40.36,39.9,44.19,49.04,48.67,48.97
39145,90.19,89.92,89.56,90.11,90.67,91.71,92.53
39147,37.03,36.63,36.15,39.0,42.23,41.93,42.56
39149,18.31,19.94,21.92,22.84,23.62,28.14,32.34
39151,33.4,31.67,29.6,29.67,29.67,29.6,30.76
39153,25.25,24.71,23.99,24.41,25.04,26.83,30.22
39155,44.73,43.71,42.48,42.86,43.49,47.59,53.54
39157,30.82,33.37,36.35,38.25,39.44,40.71,42.99
39159,15.09,15.22,15.27,15.13,15.12,12.37,9.39
39161,40.75,42.72,44.84,42.77,39.87,39.2,38.71
39163,77.17,81.88,86.96,87.75,88.33,87.25,85.67
39165,4.81,4.76,4.79,5.53,6.15,7.06,7.38
39167,77.84,79.43,81.27,83.07,84.27,82.09,80.09
39169,18.31,16.25,13.66,15.3,18.08,20.95,25.0
39171,37.03,38.28,39.7,42.04,44.96,51.0,57.34
39173,7.9,9.63,11.74,13.01,14.09,16.21,18.76
39175,33.4,31.57,29.26,30.7,32.87,33.35,34.64
40001,78.16,78.2,78.48,78.53,78.33,81.14,82.61
40003,59.22,55.66,52.38,57.64,62.77,63.62,63.57
40005,94.3,94.34,94.46,93.64,92.06,92.43,91.93
40007,6.24,5.17,4.06,5.99,8.21,18.45,27.69
40009,51.74,47.68,43.79,46.25,47.99,44.11,39.26
40011,89.97,88.7,87.72,84.88,81.58,75.69,69.8
40013,75.33,79.77,84.81,86.42,87.46,87.09,86.25
40015,70.49,75.65,81.75,84.9,87.07,85.54,83.38
40017,25.25,26.96,28.94,28.81,28.42,28.03,27.64
40019,64.37,69.08,74.18,76.37,77.61,78.82,79.82
40021,70.49,67.38,63.57,64.33,65.83,73.51,79.94
40023,92.68,89.85,86.57,87.55,89.49,91.96,94.24
40025,27.19,32.12,37.4,40.77,43.93,65.38,85.14
40027,26.52,25.8,25.42,26.94,28.14,30.62,33.18
40029,91.12,88.1,84.91,88.22,92.2,94.4,96.21
40031,71.76,72.45,73.36,75.9,78.16,79.95,81.25
40033,91.12,86.01,80.09,81.33,83.64,85.93,88.03
40035,93.22,92.96,92.92,91.58,89.86,89.92,88.28
40037,69.79,57.72,43.99,37.83,32.88,32.09,30.83
40039,44.73,38.03,30.89,29.07,27.18,25.4,23.01
40041,92.36,92.43,92.62,93.35,93.67,92.01,88.5
40043,66.92,56.75,45.93,48.35,50.9,53.63,55.84
40045,55.71,43.31,29.71,38.13,47.75,63.84,79.06
40047,44.03,40.98,37.81,39.93,41.79,47.71,53.04
40049,55.71,48.5,40.43,42.93,46.35,48.84,50.67
40051,53.68,52.05,50.2,55.14,61.03,65.54,69.62
40053,69.79,59.16,46.92,59.37,75.42,78.57,80.51
40055,89.4,88.7,88.0,90.1,92.1,89.19,84.95
40057,84.75,82.29,78.7,78.62,80.7,83.76,85.85
40059,19.8,20.28,21.49,25.7,28.85,53.04,76.15
40061,90.89,92.0,93.42,94.98,96.53,95.97,95.07
40063,90.89,88.52,86.34,87.54,88.38,82.48,76.29
40065,45.78,46.64,47.76,53.61,59.7,57.16,53.18
40067,78.16,84.22,91.07,93.83,95.3,95.35,95.09
40069,97.99,98.08,98.06,97.11,95.49,94.92,93.43
40071,65.87,67.72,70.18,76.9,83.32,81.34,77.82
40073,54.76,58.81,63.54,57.38,49.52,37.24,25.31
40075,82.43,83.29,84.55,86.78,88.51,86.73,83.79
40077,94.81,94.97,95.3,95.6,95.45,95.26,94.42
40079,90.51,89.19,87.64,89.42,91.52,90.98,89.48
40081,85.8,83.29,80.52,79.72,78.96,80.69,82.45
40083,19.8,23.81,28.37,29.47,30.29,36.11,42.11
40085,47.85,54.94,62.88,71.31,80.32,85.19,89.49
40087,48.93,41.96,34.15,32.02,30.08,32.36,34.54
40089,88.16,84.18,80.09,82.25,85.11,86.18,86.59
40091,95.29,95.41,95.72,95.97,95.85,95.88,95.12
40093,84.24,77.94,71.33,67.87,63.92,63.57,62.81
40095,99.59,100.27,100.57,100.13,99.86,97.45,94.2
40097,80.01,82.95,86.43,88.54,90.26,92.52,93.4
40099,77.84,77.64,77.82,85.33,93.35,93.5,92.73
40101,78.16,76.18,74.08,72.26,70.1,75.04,79.2
40103,60.94,62.37,64.09,66.36,68.49,64.29,59.47
40105,81.31,79.48,77.54,70.74,62.79,60.46,56.6
40107,96.75,92.52,88.02,84.21,79.84,76.15,72.36
40109,33.4,32.51,31.3,30.91,30.96,31.68,33.03
40111,82.43,79.9,77.59,79.5,81.88,85.09,87.82
40113,72.62,74.08,76.19,74.37,71.84,71.43,69.95
40115,81.31,78.19,74.9,77.74,81.32,82.52,81.8
40117,79.08,76.21,73.18,68.18,62.61,56.4,49.33
40119,15.09,15.45,15.91,16.1,16.17,18.12,19.64
40121,89.97,89.73,89.56,91.81,94.17,94.49,94.43
40123,64.37,55.6,45.89,49.63,54.82,53.77,52.51
40125,69.02,68.77,69.02,71.0,72.65,70.87,68.94
40127,99.4,98.87,98.63,99.06,99.1,99.33,98.93
40129,41.45,34.12,26.73,37.84,50.41,50.69,50.16
40131,44.73,46.06,47.92,46.02,43.3,47.44,50.34
40133,88.67,86.44,84.57,86.73,88.88,90.71,92.23
40135,95.92,96.22,96.42,95.29,93.8,93.72,92.76
40137,79.08,79.76,80.65,81.95,82.91,84.3,84.77
40139,11.97,9.14,5.72,3.81,2.02,1.62,-0.02
40141,69.02,67.02,64.76,67.55,70.31,78.65,85.71
40143,32.51,30.84,29.47,30.42,31.41,31.17,30.06
40145,51.19,49.83,48.39,52.75,58.19,64.28,69.17
40147,63.67,60.97,57.96,55.3,53.28,52.76,50.78
40149,34.16,27.92,21.17,22.51,24.58,43.26,60.59
40151,46.74,41.32,35.72,44.08,53.53,60.97,67.63
40153,26.52,21.5,16.96,32.29,48.7,59.43,68.8
41001,88.16,87.84,87.47,88.46,89.46,91.12,93.27
41003,10.32,10.65,10.88,11.01,11.57,11.51,13.06
41005,21.46,20.23,18.88,17.34,16.11,16.87,18.53
41007,80.01,80.8,81.29,80.72,80.17,78.18,77.62
41009,47.85,53.25,59.48,62.16,64.29,61.94,60.27
41011,95.29,94.87,94.36,93.93,93.62,93.68,95.16
41013,92.04,90.85,89.62,89.07,88.19,84.22,82.1
41015,97.1,97.41,97.61,93.52,89.27,88.52,88.96
41017,28.84,26.94,25.1,24.42,23.7,21.21,20.38
41019,89.62,89.15,88.38,86.9,85.57,84.06,83.4
41021,86.44,88.77,91.52,90.42,87.79,77.13,68.27
41023,83.22,82.21,81.02,86.98,93.44,94.83,97.06
41025,87.33,84.56,81.63,84.86,88.59,83.8,79.43
41027,9.71,9.63,9.75,7.63,5.08,6.96,10.14
41029,65.27,65.8,66.22,61.38,55.98,51.65,48.57
41031,68.26,64.68,60.74,63.31,66.76,67.67,70.28
41033,73.48,76.06,78.98,79.45,80.14,80.63,82.11
41035,83.22,82.83,82.32,81.7,81.56,78.48,76.26
41037,88.98,92.08,95.44,89.19,82.21,78.64,75.83
41039,53.68,56.5,59.61,61.05,62.27,62.27,63.24
41041,88.16,89.64,91.02,90.4,89.85,90.1,92.45
41043,64.37,66.25,68.47,67.93,67.09,65.75,65.9
41045,67.62,66.63,65.17,62.05,58.25,56.05,53.71
41047,44.73,45.31,46.04,44.94,43.59,44.07,46.39
41049,48.93,47.76,46.16,48.76,52.08,57.08,63.47
41051,26.52,27.32,28.36,26.64,24.3,22.79,22.24
41053,46.74,46.9,46.73,45.67,44.69,40.57,38.19
41055,84.24,79.59,73.99,79.95,88.31,89.72,92.25
41057,50.08,61.2,73.42,79.76,85.51,84.78,85.71
41059,36.01,40.81,45.83,51.26,56.73,60.15,64.16
41061,63.67,63.11,62.36,60.22,58.33,56.25,53.99
41063,89.4,91.82,94.46,90.15,84.9,80.21,75.78
41065,64.37,67.71,71.96,72.87,72.56,71.7,72.02
41067,6.91,7.5,7.97,7.3,6.59,6.59,7.7
41069,85.32,89.79,94.78,96.13,96.77,93.71,91.75
41071,51.19,50.89,50.14,49.45,49.17,47.79,47.53
42001,33.4,32.8,31.93,31.55,31.0,31.44,33.46
42003,29.96,29.28,28.57,28.62,28.65,29.55,31.72
42005,77.17,76.94,76.31,75.98,75.63,72.09,70.42
42007,47.85,46.05,43.85,46.38,49.94,51.12,54.0
42009,68.26,68.51,68.72,67.81,66.58,62.31,59.13
42011,30.82,30.2,29.5,29.59,30.05,32.17,35.35
42013,57.62,60.35,63.33,64.8,66.09,63.98,63.55
42015,42.31,43.48,44.87,46.59,48.04,44.89,43.91
42017,9.71,10.27,10.97,11.2,11.31,10.44,11.15
42019,18.31,19.28,20.31,20.78,20.96,21.69,23.95
42021,71.12,71.78,72.23,72.73,73.17,72.69,73.87
42023,74.59,77.16,79.68,78.29,76.49,78.98,83.24
42025,68.26,66.06,63.35,60.57,57.66,59.41,63.01
42027,6.24,6.62,6.81,6.02,5.25,4.28,4.99
42029,1.97,2.1,2.2,2.39,2.67,3.06,4.77
42031,57.62,60.15,63.06,62.14,60.43,56.09,53.17
42033,58.42,63.64,69.24,73.51,78.05,78.28,80.59
42035,42.31,44.86,47.79,52.56,57.72,60.63,65.31
42037,13.72,15.91,18.87,23.24,27.56,29.97,34.3
42039,60.17,58.5,56.34,60.42,65.57,67.48,70.83
42041,13.72,13.94,14.14,14.96,15.86,16.86,19.14
42043,29.96,30.0,29.7,27.91,25.75,25.15,25.74
42045,16.71,17.2,17.49,17.37,17.56,17.06,17.79
42047,45.78,52.67,60.41,58.87,55.9,54.54,54.95
42049,46.74,47.01,47.32,47.94,48.3,48.84,50.79
42051,75.96,74.19,71.95,74.66,78.33,79.92,82.44
42053,99.3,99.96,100.37,99.69,99.06,98.59,100.14
42055,19.8,21.39,23.23,29.23,36.02,40.43,45.47
42057,48.93,51.4,54.43,56.15,57.07,56.43,56.51
42059,77.17,79.45,82.24,82.09,80.38,79.41,79.18
42061,54.76,56.33,58.03,59.13,60.45,58.87,59.07
42063,34.89,37.1,39.64,43.31,47.2,51.06,56.78
42065,55.71,56.09,55.94,55.79,56.19,54.89,55.76
42067,42.31,39.91,37.03,36.24,36.09,33.33,31.44
42069,48.93,48.84,48.88,49.62,50.44,50.65,52.78
42071,14.45,15.35,16.28,17.26,18.34,17.11,17.49
42073,44.03,49.33,55.79,61.79,67.15,67.11,69.24
42075,20.89,23.18,25.9,26.59,26.99,28.22,31.1
42077,37.03,36.48,35.83,34.63,33.23,30.22,28.58
42079,52.66,52.61,52.67,52.03,51.13,51.44,53.86
42081,46.74,48.03,49.67,50.76,51.41,51.98,54.24
42083,69.79,70.51,71.05,71.97,73.32,75.18,79.04
42085,59.22,59.03,58.69,61.35,64.27,68.69,74.71
42087,69.02,68.42,67.54,63.37,58.51,51.5,45.49
42089,36.01,38.18,40.65,43.72,47.23,45.06,44.68
42091,5.48,6.06,6.65,6.64,6.62,6.88,8.32
42093,34.16,31.51,28.27,31.58,36.35,35.73,36.97
42095,26.52,25.13,23.42,22.58,21.94,20.42,20.62
42097,56.73,56.97,57.38,59.26,60.86,62.1,64.99
42099,27.19,28.18,29.47,32.2,35.19,34.32,34.26
42101,53.68,54.54,55.47,56.27,57.18,58.31,61.21
42103,52.66,56.79,61.46,63.65,65.15,63.82,64.76
42105,72.62,72.09,71.26,74.95,79.48,77.42,77.4
42107,70.49,70.35,70.08,69.09,67.89,69.05,71.82
42109,22.32,21.43,20.38,19.38,18.17,22.09,27.74
42111,60.17,59.91,59.49,59.43,59.3,59.92,61.31
42113,87.33,85.64,83.7,81.67,79.39,74.46,71.55
42115,65.87,64.39,62.46,62.31,62.46,59.44,59.03
42117,55.71,56.74,57.8,61.27,64.73,67.33,71.75
42119,28.18,27.29,26.15,25.6,24.81,27.32,31.25
42121,65.27,66.46,67.73,71.87,76.35,77.65,80.56
42123,69.02,69.15,69.08,66.82,64.33,58.54,54.56
42125,43.11,43.07,43.02,42.52,41.67,42.71,44.77
42127,69.79,69.36,68.55,69.14,70.04,72.72,77.69
42129,43.11,43.47,43.94,45.85,47.82,47.85,49.19
42131,46.74,43.63,40.0,36.09,31.95,30.35,31.04
42133,25.25,26.95,28.91,29.89,30.73,31.35,33.63
44001,19.8,18.57,17.04,14.88,12.3,9.24,9.12
44003,38.78,40.76,43.17,46.3,49.62,48.16,50.1
44005,19.8,20.45,21.11,22.23,23.58,20.28,20.12
44007,32.51,31.43,30.02,31.04,32.68,33.53,37.88
44009,8.63,10.48,12.57,13.34,14.05,12.59,15.03
45001,81.95,84.07,86.53,86.42,85.54,71.88,59.35
45003,38.78,38.45,38.16,35.79,33.04,36.28,41.38
45005,96.91,96.15,96.1,94.31,92.59,96.4,101.46
45007,58.42,58.17,57.73,57.28,56.72,56.83,58.0
45009,93.92,92.07,90.01,87.26,84.98,80.07,76.45
45011,92.96,93.3,94.05,93.78,93.76,91.87,91.64
45013,21.46,23.0,24.81,26.3,28.17,27.8,28.77
45015,27.19,29.42,32.02,33.77,35.64,35.28,36.41
45017,71.12,75.54,80.53,75.32,68.75,73.58,79.71
45019,11.46,12.21,12.94,11.77,10.48,9.91,10.96
45021,77.17,74.03,70.56,68.76,67.5,60.94,54.9
45023,65.27,67.73,70.89,73.46,75.53,72.02,69.41
45025,56.73,55.81,54.97,60.03,66.33,68.15,70.92
45027,92.36,93.52,94.63,94.53,94.97,93.65,93.35
45029,78.16,71.14,63.16,49.61,35.36,34.53,35.39
45031,72.62,73.75,75.22,75.91,76.43,75.62,75.7
45033,76.5,80.19,84.71,80.21,74.11,65.98,58.84
45035,16.71,18.38,20.32,20.75,21.41,24.37,28.77
45037,46.74,49.06,51.76,56.34,61.13,59.21,59.22
45039,82.74,80.9,78.76,79.8,80.84,73.22,66.67
45041,60.94,58.91,56.47,54.86,53.7,43.68,35.18
45043,51.74,52.39,52.99,54.69,56.58,57.15,59.62
45045,16.71,17.72,19.07,20.36,21.36,21.9,23.64
45047,51.74,51.55,51.23,53.54,56.21,47.39,39.68
45049,75.33,66.32,56.31,43.86,31.44,46.51,63.09
45051,53.68,56.16,58.92,59.78,60.63,61.7,64.62
45053,50.08,51.54,53.36,51.54,49.11,46.67,45.82
45055,52.66,50.24,47.23,51.46,57.0,61.33,66.46
45057,43.11,41.04,38.72,36.45,34.06,33.29,33.31
45059,84.75,82.91,80.77,81.31,82.11,75.11,69.2
45061,90.19,90.28,90.27,89.66,88.79,82.77,77.6
45063,18.94,21.35,24.11,27.07,29.83,31.8,35.5
45065,84.24,86.64,89.31,90.97,91.75,87.25,84.24
45067,73.96,73.79,73.5,71.85,70.75,62.03,54.49
45069,87.33,87.42,87.5,87.52,87.75,86.62,86.22
45071,39.83,40.3,41.16,42.38,42.89,45.82,50.36
45073,80.01,82.08,84.35,86.79,88.82,86.51,84.88
45075,67.62,68.44,69.17,63.0,56.56,47.04,38.75
45077,41.45,40.85,40.19,41.7,43.38,42.89,43.61
45079,16.71,17.38,18.03,21.84,26.35,30.2,35.13
45081,50.08,44.74,38.33,38.52,40.05,41.16,44.18
45083,52.66,51.78,51.03,49.45,47.22,45.41,44.48
45085,73.96,78.18,83.08,82.18,80.21,72.91,66.96
45087,88.16,85.26,81.98,82.37,83.28,83.64,85.23
45089,86.44,85.23,83.66,82.79,81.98,81.38,82.26
45091,16.71,15.85,14.97,12.25,9.21,8.17,7.85
46003,19.8,25.3,32.11,29.6,25.95,24.77,19.97
46005,36.01,30.4,24.74,18.78,12.93,14.85,13.84
46007,27.19,28.93,30.66,25.63,20.48,18.46,13.58
46009,28.84,30.74,32.89,28.93,23.92,23.53,19.76
46011,7.9,7.82,8.13,5.98,3.35,3.77,2.19
46013,7.45,7.48,7.84,9.61,12.11,11.37,9.04
46015,66.92,61.34,55.18,52.7,51.4,49.76,44.67
46017,70.49,67.75,65.11,61.06,56.23,54.91,50.5
46019,54.76,51.42,47.81,50.73,54.48,47.01,38.17
46021,43.11,36.9,29.67,27.64,27.84,27.37,25.85
46023,42.31,45.06,47.99,45.52,43.51,33.26,19.3
46025,63.67,64.21,65.46,47.98,27.72,19.12,8.27
46027,5.76,5.69,5.54,7.29,9.04,9.2,6.63
46029,36.01,30.7,24.91,25.36,28.35,30.19,30.23
46031,23.72,23.43,23.22,19.07,14.31,10.89,5.94
46033,47.85,48.64,49.36,50.64,52.57,56.67,58.7
46035,47.85,52.48,57.47,48.62,38.17,33.53,25.34
46037,43.11,41.47,39.9,27.56,13.55,12.83,10.5
46039,56.73,48.58,39.45,29.74,19.81,19.4,16.94
46041,22.32,17.36,11.74,8.19,5.52,5.01,2.45
46043,34.16,37.38,40.55,32.55,23.79,18.93,10.11
46045,9.11,14.94,21.69,15.24,7.0,6.19,3.85
46047,89.62,89.69,89.62,84.58,78.87,79.39,77.82
46049,48.93,44.6,39.94,35.26,31.4,31.26,29.51
46051,33.4,33.16,33.34,29.28,24.47,21.92,17.59
46053,68.26,62.48,56.28,42.63,28.18,19.7,8.06
46055,68.26,55.95,42.28,47.5,55.85,40.01,21.69
46057,26.52,22.33,17.83,11.13,4.84,2.94,-0.82
46059,37.89,31.49,24.95,25.23,26.37,32.89,36.72
46061,16.71,19.57,22.16,20.17,19.91,14.9,6.34
46063,3.09,3.47,3.65,2.58,1.71,1.4,0.2
46065,10.32,9.52,9.22,12.85,17.15,21.88,24.04
46067,44.03,49.28,55.01,51.08,46.59,37.1,23.37
46069,9.11,8.15,7.68,6.26,4.63,4.47,1.02
46071,16.05,25.4,36.77,30.55,21.41,13.22,2.53
46073,48.93,34.9,18.9,17.67,19.84,34.67,46.18
46075,79.53,56.64,31.1,17.04,5.25,2.93,-2.35
46077,25.25,29.53,34.68,27.13,18.15,15.99,11.8
46079,21.46,19.7,17.34,15.54,14.99,22.72,27.66
46081,45.78,45.49,45.59,49.17,52.85,49.02,43.65
46083,0.38,0.65,0.81,0.56,0.56,0.72,-1.93
46085,12.61,12.71,13.74,11.3,8.21,17.49,23.62
46087,18.94,24.01,29.41,21.2,10.96,9.28,4.22
46089,65.87,67.8,69.99,66.73,63.78,50.79,36.72
46091,9.11,6.78,4.26,6.7,10.47,13.36,14.83
46093,34.16,35.41,36.86,30.84,23.52,22.95,20.32
46095,55.71,50.7,46.67,31.18,13.46,7.4,-1.83
46097,19.8,25.66,32.29,29.16,25.7,39.09,49.29
46099,9.11,9.4,9.68,8.95,8.07,8.32,6.0
46101,20.89,16.9,12.29,12.13,12.96,20.25,24.9
46102,0.0,0.51,0.78,0.25,0.1,-0.08,-2.2
46103,34.89,36.32,37.88,35.81,33.83,36.28,36.61
46105,48.93,56.35,65.1,56.76,45.91,42.64,38.34
46107,60.94,60.62,60.25,45.25,28.61,24.76,19.11
46109,25.25,22.63,19.56,15.66,12.34,9.57,6.03
46111,38.78,37.31,35.9,27.55,18.41,24.01,26.08
46115,64.37,53.71,41.88,32.93,24.99,19.65,12.45
46117,3.57,2.1,1.18,2.4,3.08,15.43,25.59
46119,15.09,14.02,12.86,8.05,3.09,6.42,7.43
46121,72.62,58.01,41.94,23.37,5.29,1.65,-5.01
46123,19.8,16.83,14.64,9.45,4.28,3.1,-1.36
46125,24.45,26.77,29.16,29.7,30.45,26.74,19.44
46127,7.45,9.6,12.1,10.54,7.98,11.49,12.49
46129,41.45,44.9,49.4,42.34,33.78,43.76,52.25
46135,31.65,29.64,27.2,33.4,41.44,40.23,35.6
46137,8.25,7.98,8.25,9.55,10.74,9.42,6.49
47001,77.17,76.81,76.31,76.26,76.5,79.92,83.66
47003,48.93,51.4,54.58,54.68,54.29,51.15,46.65
47005,94.49,95.89,97.08,97.64,98.46,98.07,95.3
47007,97.55,97.8,98.19,98.23,98.33,98.74,98.36
47009,54.76,52.45,49.66,45.45,41.1,37.23,33.52
47011,76.5,72.68,68.71,69.02,69.72,70.89,71.87
47013,90.51,92.03,94.0,95.49,96.8,98.06,98.77
47015,91.56,87.61,82.88,79.24,76.13,76.53,75.92
47017,83.79,84.87,85.88,88.27,90.94,89.27,85.65
47019,93.92,92.05,89.57,89.19,89.34,89.13,89.5
47021,52.66,49.13,44.69,40.95,37.43,42.35,45.92
47023,26.52,30.09,34.48,35.22,35.09,28.09,19.31
47025,92.36,90.45,88.31,88.18,88.42,90.6,92.79
47027,91.44,91.95,93.09,87.15,78.88,78.24,77.08
47029,92.04,92.51,93.1,94.11,94.6,93.71,93.14
47031,86.44,81.49,75.75,72.07,69.6,73.0,75.44
47033,80.64,81.86,83.46,81.67,78.69,71.99,63.77
47035,92.96,93.27,93.84,93.13,91.76,89.77,87.42
47037,16.71,17.44,18.29,17.35,16.18,15.8,13.91
47039,89.62,90.02,90.46,85.68,79.99,70.41,59.2
47041,72.62,73.75,75.15,68.39,59.62,65.07,69.35
47043,60.17,59.4,58.32,57.5,57.09,62.69,66.42
47045,69.79,71.98,74.47,77.01,79.54,78.1,74.32
47047,60.17,55.68,50.7,51.28,52.38,57.87,62.15
47049,96.75,95.53,94.33,94.8,95.34,95.54,95.49
47051,77.17,78.03,79.33,79.3,79.61,84.81,89.05
47053,63.67,65.07,66.56,72.04,78.39,80.19,80.03
47055,65.87,68.16,70.91,69.89,68.25,65.33,61.77
47057,88.98,89.65,90.6,92.46,94.26,95.01,96.07
47059,91.82,91.97,92.16,93.5,94.63,94.69,95.68
47061,98.5,98.29,98.16,97.61,96.87,96.94,96.08
47063,78.16,77.29,76.21,76.22,76.14,76.04,76.35
47065,41.45,38.94,36.36,36.17,36.19,39.58,42.04
47067,97.39,97.71,98.17,98.51,98.74,98.66,99.07
47069,75.96,74.66,73.48,75.77,78.34,82.24,84.69
47071,88.16,83.52,78.16,74.5,71.19,71.55,70.52
47073,91.44,91.57,91.75,92.19,92.49,92.03,92.66
47075,78.16,74.06,69.32,69.4,70.57,76.78,81.26
47077,62.56,64.73,67.05,69.93,73.42,71.34,67.56
47079,87.81,88.96,90.1,90.34,89.84,89.66,87.05
47081,90.19,89.95,89.59,86.54,83.33,75.82,66.45
47083,93.22,94.63,96.03,94.64,92.91,88.25,81.43
47085,73.96,79.73,86.43,88.33,89.54,86.36,81.04
47087,94.49,92.44,90.37,91.44,93.02,93.9,94.43
47089,83.79,82.82,81.73,82.13,82.82,84.31,86.2
47091,97.39,96.0,94.48,94.89,95.07,92.66,89.93
47093,27.19,26.72,26.35,24.43,22.0,20.27,19.08
47095,97.99,98.09,98.05,96.33,94.13,92.53,88.94
47097,93.7,93.23,92.78,92.18,91.53,91.37,89.17
47099,66.92,67.76,68.63,70.96,73.88,74.35,73.9
47101,81.95,81.51,80.97,77.8,74.31,73.83,71.87
47103,82.74,84.14,85.66,83.05,80.17,76.78,72.59
47105,63.67,61.48,59.12,54.51,48.94,39.67,30.42
47107,80.64,75.61,70.31,72.54,76.05,79.47,82.44
47109,85.8,84.46,83.1,81.43,79.58,76.49,71.84
47111,79.08,77.24,74.94,77.1,80.44,77.2,72.94
47113,54.76,53.52,52.0,48.82,45.2,45.31,43.7
47115,93.92,92.25,90.61,89.74,88.56,89.38,89.33
47117,62.56,58.27,53.04,54.47,58.0,56.14,52.92
47119,44.73,43.75,42.83,40.27,37.23,29.98,21.2
47121,98.89,96.41,94.09,89.06,82.61,80.58,78.43
47123,81.95,76.86,71.21,75.28,81.43,86.19,90.95
47125,29.96,31.2,32.69,36.16,40.05,45.32,49.06
47127,69.02,68.93,68.91,57.91,44.3,49.87,54.29
47129,94.08,93.41,92.76,91.82,90.77,92.19,93.22
47131,75.96,77.53,78.91,82.86,87.46,88.82,87.89
47133,65.87,58.81,50.62,51.11,53.19,58.75,63.89
47135,81.31,81.76,82.18,80.17,78.28,81.43,82.58
47137,81.95,82.64,84.11,86.65,88.41,91.94,95.18
47139,88.98,82.66,75.63,72.75,70.24,72.07,73.48
47141,41.45,37.96,34.12,37.56,42.57,42.5,41.78
47143,96.34,94.04,91.64,88.26,84.72,86.37,87.45
47145,92.36,89.91,87.33,85.24,83.4,80.54,77.59
47147,31.65,35.01,39.21,40.62,41.57,39.7,36.28
47149,5.16,5.79,6.71,7.85,9.18,9.96,9.21
47151,90.51,92.72,95.48,96.8,97.64,98.31,98.98
47153,85.8,88.76,92.34,93.03,92.76,91.93,90.29
47155,70.49,69.23,67.54,67.54,67.75,68.96,70.62
47157,26.52,25.03,23.26,22.88,22.71,23.65,22.99
47159,69.02,71.16,73.8,71.46,67.84,64.05,59.09
47161,85.8,87.3,88.7,88.06,86.97,83.68,78.3
47163,82.74,83.62,84.52,85.5,86.28,84.15,83.21
47165,23.02,24.69,26.54,29.7,33.63,35.15,35.44
47167,46.74,48.19,50.08,52.26,54.46,59.79,63.03
47169,69.79,68.34,66.38,67.94,70.44,64.1,56.41
47171,96.05,96.12,96.13,95.53,94.6,92.7,91.23
47173,69.02,70.35,71.78,74.12,76.54,79.67,83.38
47175,92.04,92.24,92.43,94.12,96.26,97.04,96.67
47177,77.17,76.81,76.54,79.34,83.05,84.32,84.56
47179,64.37,65.94,67.99,70.35,72.74,69.29,66.77
47181,88.67,86.55,84.38,84.11,84.57,83.76,81.7
47183,62.56,63.39,64.01,68.71,73.98,77.56,78.67
47185,80.01,81.23,82.9,82.78,81.94,76.42,69.99
47187,1.34,0.89,0.54,0.51,0.47,0.4,-1.5
47189,23.02,24.97,27.2,26.62,25.53,25.25,23.36
48001,29.96,26.25,22.35,27.29,33.18,39.23,43.46
48003,22.32,16.71,10.84,7.23,3.76,7.32,11.07
48005,80.64,81.95,83.22,79.66,75.06,74.97,72.98
48007,92.96,92.64,92.68,91.04,88.59,79.36,69.46
48009,50.08,47.47,44.68,47.93,51.75,52.1,52.12
48011,52.66,52.52,52.34,39.65,25.36,14.79,3.28
48013,33.4,25.15,16.08,16.74,18.88,16.67,14.43
48015,26.52,29.68,33.18,28.17,22.57,30.51,37.85
48017,22.32,31.3,40.99,35.86,28.93,22.33,15.14
48019,74.59,75.9,77.25,78.48,80.12,82.27,84.5
48021,30.82,33.98,37.77,35.35,31.98,31.7,31.45
48023,84.24,77.88,70.49,75.93,83.38,82.79,81.72
48025,73.96,65.84,57.37,59.4,62.92,61.27,59.78
48027,32.51,35.58,38.57,40.41,42.65,42.06,42.31
48029,32.51,32.14,32.04,33.49,34.88,37.37,40.08
48031,64.37,62.46,60.44,60.94,62.38,63.52,65.5
48033,27.19,40.51,56.21,73.76,90.55,86.86,83.04
48035,70.49,69.56,68.41,67.68,67.18,71.66,76.37
48037,51.74,48.29,44.31,37.02,28.38,22.84,15.67
48039,8.63,7.19,5.64,5.48,5.25,4.47,3.1
48041,3.76,2.31,1.34,1.36,1.41,2.24,3.21
48043,82.43,85.4,89.28,87.33,84.96,74.24,64.03
48045,23.02,16.69,9.08,10.31,14.37,36.83,58.32
48047,97.07,85.42,70.29,70.35,74.98,81.53,88.19
48049,31.65,34.39,37.19,37.33,36.57,51.54,67.5
48051,75.33,70.62,65.37,59.95,54.89,51.34,47.34
48053,79.08,79.55,80.03,77.34,74.03,71.63,69.4
48055,50.08,45.13,39.4,36.44,34.32,38.19,42.09
48057,79.08,74.3,68.72,68.44,68.81,58.45,47.73
48059,79.08,77.32,74.69,74.41,75.09,79.86,85.57
48061,32.51,30.04,27.18,24.08,21.48,19.75,18.03
48063,73.48,67.81,61.76,55.13,48.61,49.87,49.66
48065,15.09,16.1,16.75,13.62,10.95,7.98,3.97
48067,77.84,70.59,62.51,63.35,66.07,71.46,75.26
48069,8.63,8.76,8.55,9.56,11.38,10.55,9.16
48071,37.89,32.86,27.31,20.48,13.2,11.07,7.86
48073,39.83,38.46,37.09,32.48,26.72,20.98,13.51
48075,24.45,44.62,67.81,68.94,66.74,56.85,46.28
48077,85.8,82.45,78.41,76.36,74.63,75.57,75.92
48079,66.92,64.84,62.14,57.16,52.21,58.99,65.52
48081,71.76,71.89,72.35,71.33,69.12,68.69,68.79
48083,24.45,25.28,26.26,32.84,40.05,55.81,72.27
48085,0.45,0.42,0.32,0.21,0.29,0.24,0.08
48087,52.66,56.05,59.35,48.55,36.01,45.2,53.45
48089,38.78,40.88,43.09,38.8,34.03,29.59,24.81
48091,34.16,33.32,32.62,32.95,33.66,35.97,38.39
48093,71.76,74.29,76.83,78.29,79.47,78.65,78.84
48095,62.56,37.65,8.91,5.05,5.25,31.93,59.05
48097,45.78,45.31,44.31,41.19,37.88,33.47,28.49
48099,29.96,39.85,50.69,58.0,65.05,68.8,73.61
48101,88.67,87.48,85.29,81.91,79.35,83.45,86.74
48103,3.57,1.88,0.69,-0.15,-0.37,-0.08,0.94
48105,19.8,17.35,14.95,9.31,2.88,3.6,4.33
48107,69.79,68.22,66.35,70.04,74.73,75.57,76.09
48109,96.75,96.4,96.25,95.93,95.91,93.57,92.05
48111,24.45,29.0,34.13,30.27,24.82,29.14,32.29
48113,5.76,5.49,5.32,5.06,4.72,5.17,5.12
48115,39.83,47.6,56.54,65.84,74.46,78.61,82.23
48117,10.98,9.4,7.17,6.86,7.72,6.92,5.89
48119,53.68,60.24,67.86,71.54,75.17,80.13,84.27
48121,1.88,1.87,1.86,1.54,1.37,1.45,0.9
48123,62.56,63.23,64.37,61.84,58.98,60.14,60.83
48125,87.33,90.77,94.69,93.14,90.21,88.3,86.65
48127,78.16,85.46,93.88,93.38,92.06,85.83,79.73
48129,70.49,71.13,71.65,61.81,51.34,30.99,9.45
48131,98.15,97.6,97.45,97.82,97.72,93.86,90.41
48133,90.89,89.39,87.32,89.26,91.67,88.3,86.11
48135,36.01,30.75,25.65,21.34,16.76,13.1,10.24
48137,85.32,88.15,91.21,95.65,99.62,94.51,89.46
48139,25.25,22.44,19.31,16.85,14.97,15.96,17.03
48141,28.18,31.42,34.94,35.17,34.77,32.57,30.83
48143,15.09,12.23,8.98,13.07,18.52,22.61,27.18
48145,79.53,81.41,83.58,84.84,86.15,88.16,90.89
48147,68.26,65.31,61.6,55.11,48.66,49.06,48.58
48149,27.19,30.86,35.08,39.2,44.05,44.82,45.56
48151,61.64,59.61,57.17,62.77,70.03,69.73,69.41
48153,37.89,36.66,35.2,29.52,22.61,24.36,25.63
48155,99.17,97.59,95.8,91.67,86.58,79.61,71.43
48157,1.46,1.54,1.58,0.75,0.35,1.0,0.67
48159,90.89,90.11,89.63,81.77,72.74,63.67,52.84
48161,67.62,67.51,67.5,72.82,78.73,80.83,82.33
48163,71.12,70.25,69.5,61.3,51.7,55.18,59.17
48165,25.25,22.33,19.49,16.83,13.58,18.03,22.73
48167,25.25,26.52,28.29,29.49,30.37,27.98,24.35
48169,47.85,40.84,32.18,36.03,41.66,48.83,55.66
48171,68.26,58.94,47.9,38.74,30.15,26.74,24.39
48173,0.03,-0.74,-0.98,0.5,1.03,2.4,3.59
48175,86.44,84.73,83.33,74.99,65.24,61.41,57.49
48177,84.75,82.24,79.9,75.2,70.33,67.43,64.07
48179,50.08,51.69,53.07,58.27,65.3,54.52,42.0
48181,56.73,58.18,59.79,59.98,60.2,55.47,50.13
48183,43.11,42.98,43.33,42.83,42.05,38.12,32.97
48185,40.75,36.83,32.39,32.38,33.4,36.68,39.4
48187,25.25,23.18,21.07,20.69,20.46,22.47,24.32
48189,15.09,13.8,12.27,13.85,16.3,15.33,13.77
48191,68.26,76.62,85.63,83.89,82.33,80.96,78.34
48193,86.82,91.27,95.93,94.77,92.59,91.02,89.91
48195,15.09,17.59,20.22,27.24,35.48,32.09,27.53
48197,93.7,93.63,93.22,92.31,91.46,90.04,87.46
48199,57.62,51.59,44.97,44.62,45.09,51.32,55.6
48201,4.81,4.57,4.37,3.6,3.25,3.74,3.87
48203,34.89,29.44,23.07,19.35,16.34,27.77,38.33
48205,16.05,17.91,19.71,20.11,22.05,29.0,34.53
48207,95.7,97.93,99.93,98.0,95.91,90.64,85.02
48209,5.48,4.94,4.5,3.97,3.35,4.66,5.96
48211,8.63,5.53,2.3,11.38,21.74,42.99,63.41
48213,71.76,69.25,66.35,64.74,63.08,66.97,69.74
48215,34.16,32.24,30.24,28.49,27.02,25.67,25.3
48217,74.59,73.4,72.08,71.09,70.36,70.58,70.98
48219,37.03,37.82,38.64,43.01,47.93,46.25,44.4
48221,55.71,48.37,39.94,32.11,24.09,23.83,23.86
48223,65.27,66.86,68.47,65.89,63.34,57.92,51.12
48225,82.43,76.96,70.88,71.17,71.86,77.28,81.84
48227,71.76,65.44,58.2,58.26,58.95,58.88,59.0
48229,97.61,97.86,98.18,98.39,98.77,96.86,95.43
48231,65.87,64.81,63.35,58.81,54.34,50.53,45.92
48233,50.08,58.55,68.09,70.76,72.75,66.86,59.73
48235,15.09,11.9,8.91,13.49,18.55,20.37,21.8
48237,85.32,84.52,83.73,73.89,62.29,57.62,53.0
48239,54.76,60.11,66.65,70.07,72.41,72.9,72.84
48241,91.44,90.61,89.73,82.35,74.1,66.78,57.62
48243,98.98,90.79,81.67,67.37,52.75,53.91,55.39
48245,44.73,39.06,33.38,34.29,35.69,39.84,42.39
48247,90.51,91.88,93.91,96.17,97.89,94.61,92.42
48249,75.96,69.05,61.17,55.89,50.59,51.64,53.27
48251,14.45,14.2,14.2,11.94,9.02,9.63,10.31
48253,80.01,83.15,86.21,87.71,89.5,81.7,73.92
48255,89.62,82.74,75.47,62.18,47.28,37.92,28.27
48257,22.32,22.15,21.9,21.12,20.27,18.8,16.6
48259,28.18,36.77,47.01,41.45,32.53,28.23,24.69
48261,0.89,37.23,79.29,88.96,93.13,76.42,60.14
48263,88.98,93.06,97.49,98.66,99.5,85.28,70.98
48265,78.16,78.68,79.28,78.14,77.08,71.94,67.62
48267,71.76,76.12,81.15,85.44,89.55,88.38,87.33
48269,4.39,2.95,0.97,8.08,17.65,23.32,28.71
48271,59.22,44.33,27.06,52.9,84.89,92.73,100.51
48273,46.74,47.94,48.89,47.35,45.76,39.63,33.8
48275,79.08,80.0,80.98,84.47,88.21,85.4,82.26
48277,71.12,71.9,72.84,72.4,71.98,75.4,78.1
48279,30.82,35.08,39.79,44.83,50.63,55.19,59.41
48281,52.66,59.95,67.58,72.0,76.2,82.04,88.65
48283,85.8,87.41,89.09,80.57,71.23,58.66,46.37
48285,78.16,75.3,71.89,68.82,66.46,55.77,45.06
48287,58.42,56.3,53.64,44.19,33.93,26.67,19.33
48289,47.85,43.75,39.41,51.96,66.84,70.41,73.88
48291,73.96,71.91,69.88,67.84,65.7,63.84,61.21
48293,60.94,64.48,68.75,66.91,63.25,61.54,59.4
48295,19.8,19.91,20.38,29.89,39.62,55.92,71.78
48297,73.48,68.79,64.16,69.22,75.57,77.43,79.82
48299,96.05,95.88,95.75,96.0,96.29,96.32,96.79
48301,73.48,83.19,95.29,91.48,84.98,91.47,98.44
48303,37.89,39.39,41.41,40.06,37.15,31.48,25.59
48305,74.59,75.56,76.61,82.33,87.86,88.83,89.66
48307,60.94,64.6,69.62,75.89,81.19,80.91,81.44
48309,26.52,26.27,25.65,26.92,28.8,29.6,31.01
48311,96.75,96.04,95.8,91.41,86.11,71.43,57.27
48313,59.22,55.98,52.66,53.92,54.55,57.19,59.44
48315,94.08,92.84,92.33,91.44,89.87,91.37,91.51
48317,27.19,21.83,15.89,11.84,7.31,11.28,14.78
48319,60.94,57.42,53.6,55.67,58.41,53.04,48.24
48321,48.93,45.12,40.85,49.46,59.82,59.9,59.78
48323,66.92,63.77,60.38,56.34,51.19,40.14,28.88
48325,60.17,54.61,48.4,51.62,56.41,61.52,66.81
48327,94.49,94.31,95.1,94.65,92.57,94.62,96.93
48329,18.31,13.12,7.83,5.6,3.71,4.4,5.32
48331,89.62,88.88,88.27,81.01,72.98,61.79,50.65
48333,51.19,62.31,74.93,84.29,93.19,93.31,94.05
48335,65.87,62.17,58.26,58.24,57.63,55.97,54.49
48337,73.48,75.51,77.44,79.33,81.71,79.93,77.24
48339,11.97,11.1,10.05,8.41,6.91,6.71,5.97
48341,28.18,29.2,29.83,20.35,9.97,7.11,3.29
48343,94.97,89.76,84.51,81.48,78.73,78.92,77.9
48345,75.33,79.15,83.4,81.72,79.35,78.28,76.85
48347,38.78,42.59,46.83,53.28,60.46,63.55,65.14
48349,70.49,72.81,75.57,70.38,63.84,63.79,63.44
48351,88.16,91.71,96.18,93.28,89.51,77.24,63.04
48353,80.01,75.89,71.33,73.17,75.59,79.65,84.12
48355,46.74,42.18,36.72,33.49,30.83,27.46,24.26
48357,6.91,8.74,10.78,11.09,10.1,12.83,14.59
48359,54.76,52.54,49.87,39.87,29.02,17.85,5.7
48361,71.12,66.24,61.21,61.31,62.07,61.44,59.26
48363,66.92,69.06,71.72,72.29,72.36,70.69,69.22
48365,59.22,62.11,65.41,65.14,64.15,65.04,64.5
48367,27.19,25.51,23.8,22.66,22.01,21.06,19.91
48369,18.94,25.95,33.39,32.21,30.55,28.61,25.66
48371,20.89,19.9,19.33,17.38,15.5,13.85,12.4
48373,97.1,96.21,95.14,92.39,89.25,89.43,88.46
48375,18.31,18.67,18.9,16.51,14.63,15.95,16.17
48377,92.96,91.62,90.1,88.8,87.8,89.67,92.03
48379,75.33,78.47,82.24,78.8,74.35,76.45,76.97
48381,11.46,12.83,14.43,13.83,13.81,12.98,10.82
48383,9.71,7.62,5.47,4.7,4.0,2.32,0.31
48385,76.5,85.11,95.14,98.04,98.78,98.68,98.14
48387,92.96,90.41,87.84,81.1,73.45,69.7,65.35
48389,43.11,34.57,25.19,16.79,9.52,11.52,13.96
48391,91.82,90.84,90.33,91.34,92.3,89.34,86.16
48393,50.08,51.81,53.73,47.78,39.29,33.64,26.65
48395,59.22,53.27,46.55,41.95,37.37,42.62,48.68
48397,1.69,1.91,2.2,1.93,1.88,1.48,0.83
48399,15.09,22.62,31.98,36.17,38.46,54.73,71.65
48401,53.68,54.3,54.99,55.65,56.45,52.59,46.88
48403,92.68,92.51,92.57,94.65,97.01,98.67,98.09
48405,98.31,98.63,98.7,98.65,98.72,98.69,96.3
48407,75.96,77.92,80.39,83.98,87.9,86.16,83.22
48409,55.71,50.04,43.76,43.81,44.73,53.16,61.89
48411,73.48,68.89,62.86,61.84,61.83,66.27,71.74
48413,24.45,16.88,8.61,6.55,4.76,4.34,3.64
48415,44.03,40.49,36.31,37.46,38.62,40.46,42.52
48417,39.83,53.71,69.65,73.71,75.46,77.23,79.94
48419,57.62,63.28,69.81,74.06,77.62,73.26,66.57
48421,57.62,60.14,62.62,59.07,55.17,50.96,45.44
48423,33.4,31.45,29.44,29.35,29.7,27.96,24.86
48425,19.8,17.61,15.45,15.74,16.4,24.77,33.14
48427,82.74,77.54,71.82,70.85,70.09,64.48,59.48
48429,52.66,56.79,61.02,70.58,81.61,82.81,84.68
48431,18.31,15.16,11.88,31.2,53.66,33.11,12.74
48433,74.59,82.45,91.47,87.07,80.03,64.62,49.23
48435,5.76,4.04,2.4,4.32,6.41,4.49,2.64
48437,61.64,66.0,71.22,70.31,68.1,66.29,64.04
48439,8.25,8.21,8.22,7.75,7.39,7.03,6.54
48441,61.64,60.56,58.83,54.95,50.62,48.64,47.18
48443,84.75,77.23,69.08,57.7,46.24,63.84,81.77
48445,64.37,59.67,54.16,59.02,65.37,58.98,52.43
48447,74.59,80.54,87.3,87.12,85.33,81.99,78.65
48449,58.42,52.07,45.14,39.63,34.77,33.27,30.23
48451,40.75,38.28,36.2,36.28,35.19,37.05,39.16
48453,3.76,3.42,3.1,2.39,1.84,2.12,2.39
48455,97.33,97.6,98.22,98.65,98.78,98.66,97.51
48457,94.49,94.47,94.55,95.04,95.85,95.95,94.22
48459,79.53,76.5,73.18,69.32,65.34,68.16,69.81
48461,22.32,22.45,23.01,14.27,4.05,2.68,1.37
48463,41.45,36.59,31.07,36.87,43.42,57.76,71.54
48465,15.09,20.28,26.9,36.62,44.42,49.81,55.31
48467,74.59,72.67,70.47,70.4,71.23,65.3,57.81
48469,51.19,49.26,47.07,45.71,44.97,45.24,45.55
48471,8.63,6.7,4.76,3.93,2.94,3.91,4.23
48473,28.18,32.2,36.88,26.54,13.93,12.98,11.46
48475,60.17,47.56,33.73,25.94,18.88,13.68,8.75
48477,43.11,43.55,43.95,45.15,47.36,41.6,35.29
48479,26.52,23.16,19.39,17.41,15.89,16.09,16.6
48481,47.85,46.88,45.71,43.04,40.0,38.28,35.89
48483,53.68,51.78,49.63,49.96,50.55,52.14,52.66
48485,41.45,44.19,47.86,54.16,59.87,60.5,60.46
48487,83.79,82.47,81.12,86.25,91.8,92.49,92.38
48489,69.79,71.84,73.4,67.23,60.8,54.34,48.8
48491,5.16,5.04,4.65,4.57,4.89,5.61,6.37
48493,31.65,25.91,19.93,19.44,19.55,21.12,22.68
48495,51.74,40.55,28.34,20.51,13.77,10.65,7.61
48497,52.66,56.77,61.51,62.51,63.4,58.05,52.24
48499,90.19,90.31,90.66,88.6,86.66,85.54,82.73
48501,25.25,19.47,13.02,9.49,6.12,7.67,9.29
48503,65.87,59.94,52.9,50.06,48.26,37.65,27.17
48505,53.68,54.86,56.45,60.74,65.0,64.23,64.08
48507,93.47,94.81,96.25,95.28,93.9,84.38,74.52
49001,14.45,14.47,13.82,17.88,23.08,24.34,24.8
49003,21.46,23.91,26.5,25.28,23.87,22.23,20.52
49005,1.97,2.8,3.52,2.5,1.84,3.18,4.45
49007,63.67,57.31,49.94,47.84,46.63,48.24,48.95
49009,65.27,46.33,25.21,14.59,4.92,2.35,-1.39
49011,3.57,4.1,4.77,4.58,4.19,3.71,2.33
49013,5.76,8.63,12.28,16.81,20.96,25.77,29.55
49015,45.78,48.62,51.98,52.12,51.35,46.98,41.43
49017,38.78,43.13,47.52,43.76,39.57,48.49,56.41
49019,16.05,17.21,18.38,20.45,22.46,17.72,11.78
49021,16.05,14.56,12.62,11.51,10.61,13.57,15.79
49023,10.98,10.92,10.73,10.47,10.39,17.34,22.87
49025,53.68,55.41,57.15,48.1,38.47,53.5,68.96
49027,12.61,15.75,18.93,17.62,15.71,24.39,32.98
49029,3.09,2.12,0.93,0.78,0.65,1.05,0.31
49031,58.42,71.08,85.3,91.74,96.85,98.24,98.77
49033,45.78,40.1,33.61,23.88,13.49,37.24,60.82
49035,4.11,4.08,4.08,4.13,4.16,4.29,3.25
49037,57.62,55.67,53.34,55.46,58.0,62.42,65.62
49039,11.97,14.24,16.76,18.82,20.96,19.56,17.33
49041,19.8,21.89,23.45,27.76,32.79,40.68,47.38
49043,0.1,0.0,0.08,0.28,0.33,0.08,-1.34
49045,11.46,11.22,10.71,10.41,10.3,11.38,11.22
49047,9.71,9.54,9.97,10.46,10.21,14.32,17.31
49049,1.15,1.09,1.07,1.15,1.13,1.71,1.22
49051,1.24,1.13,1.11,1.47,1.73,1.62,0.28
49053,23.72,25.07,26.47,26.41,26.02,24.09,21.53
49055,3.57,7.25,10.78,16.57,22.99,31.98,39.53
49057,12.61,13.01,13.4,13.73,14.13,13.36,12.13
50001,28.18,32.81,37.58,40.45,43.32,45.48,49.66
50003,60.94,62.32,63.93,65.83,67.52,66.77,68.2
50005,79.53,80.06,80.74,78.32,75.34,69.71,66.28
50007,9.11,11.13,13.2,14.41,15.67,15.68,17.92
50009,87.33,84.12,80.41,78.89,77.86,80.0,84.31
50011,28.84,25.84,22.24,21.62,21.97,23.59,27.91
50013,18.94,19.28,19.4,15.54,10.82,11.25,14.34
50015,16.71,16.86,17.04,17.87,18.63,22.88,29.84
50017,48.93,55.86,63.68,64.42,63.6,56.08,50.93
50019,53.68,54.9,56.4,57.59,58.62,59.71,62.84
50021,48.93,50.85,52.83,54.48,56.14,52.85,51.54
50023,15.09,15.94,16.42,20.97,26.97,27.09,29.84
50025,56.73,56.13,55.34,56.58,58.07,60.22,65.08
50027,58.42,57.81,56.86,56.63,56.68,50.96,47.47
51001,22.32,22.56,22.55,24.32,27.07,28.8,32.62
51003,6.91,5.65,3.93,3.05,2.9,3.43,4.61
51005,78.16,79.34,80.54,76.55,72.89,68.63,64.34
51007,42.31,38.06,32.59,32.29,33.24,37.03,41.53
51009,42.31,40.91,39.75,41.7,43.31,45.6,47.93
51011,73.48,67.53,60.77,60.86,61.87,58.65,55.43
51013,0.1,0.12,0.18,0.32,0.41,0.34,1.16
51015,30.82,32.49,34.65,31.55,27.22,27.72,29.4
51017,54.76,60.03,66.33,64.53,61.36,50.9,40.75
51019,33.4,35.8,38.96,38.59,37.27,33.68,29.53
51021,87.33,78.67,68.54,69.71,73.3,73.64,73.92
51023,34.89,35.97,37.15,38.83,42.14,32.73,23.07
51025,69.79,72.87,76.49,77.7,79.91,80.34,81.14
51027,98.44,97.06,95.54,96.2,97.02,98.15,99.27
51029,71.12,68.48,65.31,65.55,66.54,63.45,60.93
51031,44.73,43.83,43.04,45.87,49.03,44.81,40.24
51033,44.03,37.99,30.94,26.19,21.32,22.37,23.82
51035,81.95,79.7,76.82,74.94,73.55,73.06,72.3
51036,55.71,54.06,51.71,54.89,59.92,65.87,72.4
51037,88.67,88.43,88.28,88.0,87.07,85.93,84.82
51041,6.24,7.35,8.43,8.28,8.25,11.35,15.13
51043,12.61,12.64,12.38,12.01,11.42,15.44,19.76
51045,84.75,88.22,92.17,82.89,71.47,63.48,55.69
51047,13.34,12.9,12.31,14.18,15.47,19.61,24.44
51049,65.87,69.47,74.05,73.27,70.59,63.04,55.88
51051,98.73,98.44,97.82,98.01,97.94,98.4,99.4
51053,68.26,64.69,60.02,53.54,47.57,44.8,42.56
51057,44.73,31.26,15.9,19.8,27.84,38.87,50.82
51059,0.45,0.42,0.35,0.52,0.57,0.61,1.39
51061,13.34,11.63,9.58,8.72,7.49,6.44,5.93
51063,37.03,37.08,37.4,34.76,31.49,30.18,28.23
51065,27.19,29.54,32.15,29.71,26.25,25.45,25.0
51067,51.74,49.99,47.93,46.57,45.81,45.74,45.11
51069,17.54,17.59,17.47,17.88,18.44,19.13,20.2
51071,87.81,84.79,81.35,73.68,64.84,49.24,33.03
51073,34.89,39.49,44.54,51.95,59.65,60.93,63.47
51075,8.63,13.71,19.78,21.68,22.73,22.1,21.98
51077,84.75,80.34,75.0,76.3,78.79,78.21,77.8
51079,25.25,30.39,36.35,35.94,34.12,32.83,32.2
51081,79.08,78.91,78.75,66.38,54.47,55.12,56.22
51083,69.02,69.69,70.57,70.97,71.65,77.26,82.67
51085,8.25,6.92,5.45,5.46,5.58,7.07,8.87
51087,9.11,9.57,10.08,10.44,10.98,12.08,13.71
51089,78.16,78.02,78.1,80.05,82.48,86.46,90.42
51091,67.62,71.01,74.77,76.9,79.44,83.42,88.19
51093,23.72,20.3,16.41,26.13,37.31,42.25,48.21
51095,7.9,11.41,15.44,21.03,26.0,26.24,27.57
51097,9.11,12.4,17.17,26.27,34.92,31.82,29.53
51099,16.71,15.27,14.05,12.07,9.37,9.14,9.6
51101,12.61,9.8,6.94,10.06,13.35,14.98,17.48
51103,60.17,58.91,57.55,58.66,60.51,62.61,65.91
51105,98.85,98.42,97.71,97.8,97.93,97.88,98.75
51107,0.1,0.16,0.21,0.36,0.35,0.31,0.56
51109,41.45,46.32,51.83,56.06,60.05,60.7,61.77
51111,78.16,81.22,84.88,86.4,87.29,86.36,85.62
51113,19.8,22.64,25.79,26.81,27.03,27.82,29.36
51115,31.65,36.07,40.7,45.69,50.99,60.81,72.17
51117,79.53,81.34,83.53,84.09,84.45,82.65,81.16
51119,58.42,60.52,63.07,59.76,54.21,56.07,59.24
51121,5.16,5.45,5.83,5.0,5.03,5.89,6.31
51125,43.11,40.84,38.57,34.66,29.89,29.96,30.62
51127,5.16,6.92,9.01,9.59,8.81,7.4,6.71
51131,28.84,33.44,38.55,37.04,34.39,50.2,68.18
51133,53.68,49.5,45.07,43.12,41.35,39.32,38.37
51135,69.02,70.0,71.19,74.85,78.94,81.35,84.38
51137,36.01,36.42,36.71,45.61,56.51,58.01,60.44
51139,66.92,70.23,73.68,77.0,80.65,80.07,79.97
51141,87.33,83.69,79.44,75.31,71.45,73.22,74.61
51143,70.49,68.44,65.96,65.81,66.34,68.72,70.56
51145,3.76,5.34,7.03,9.58,12.54,14.18,16.59
51147,39.83,35.98,31.57,34.06,37.89,42.71,47.95
51149,37.89,38.17,38.23,37.47,37.6,34.77,31.97
51153,0.83,0.71,0.55,0.9,1.14,1.16,1.86
51155,70.49,68.78,66.92,69.71,73.77,76.21,78.21
51157,24.45,23.32,21.58,31.4,44.05,46.04,48.42
51159,74.59,59.45,42.16,33.45,25.42,33.02,41.59
51161,15.09,15.98,16.89,13.13,10.01,6.93,3.22
51163,68.26,61.61,54.68,49.75,43.72,46.2,49.2
51165,25.25,26.78,28.13,26.85,25.33,23.23,21.81
51167,97.84,96.18,94.17,95.51,96.87,97.61,98.88
51169,94.08,94.31,94.17,95.6,97.22,97.51,98.82
51171,31.65,36.79,42.36,42.69,42.49,46.3,50.78
51173,86.82,86.43,86.31,90.77,95.28,95.91,96.98
51175,57.62,56.43,55.65,55.05,52.82,55.73,59.07
51177,12.61,12.78,13.2,15.65,17.51,16.26,15.36
51179,1.46,1.64,2.1,3.09,3.35,2.99,3.15
51181,53.68,49.34,43.95,50.27,58.54,61.31,64.82
51183,80.64,79.75,78.95,75.2,70.81,70.29,69.89
51185,97.84,96.46,95.22,93.71,91.46,89.98,88.55
51187,23.72,28.36,33.72,35.94,37.12,37.95,39.11
51191,71.76,71.3,70.94,76.92,83.61,85.2,87.43
51193,61.64,60.5,60.18,54.29,45.96,48.25,51.41
51195,95.7,98.17,100.94,103.62,105.9,104.22,102.8
51197,71.76,71.99,72.86,75.21,76.76,75.93,75.01
51199,6.24,8.35,10.49,15.66,19.94,17.79,16.86
51510,0.32,0.37,0.49,0.55,0.65,0.77,1.85
51520,88.67,88.62,88.55,91.82,95.33,94.33,94.14
51530,64.37,51.92,37.22,38.56,44.35,47.73,51.49
51540,4.52,4.12,3.52,3.01,2.87,3.05,3.87
51550,7.45,7.18,6.99,9.25,10.95,12.15,14.79
51570,45.78,51.67,58.65,57.13,53.34,51.59,50.17
51580,85.8,86.63,87.23,79.89,71.66,50.74,30.04
51590,83.22,82.78,82.46,80.23,77.86,79.29,80.48
51595,88.67,89.77,91.14,70.44,44.99,38.72,33.03
51600,1.69,1.55,1.27,1.28,1.11,0.88,1.23
51610,0.67,0.53,0.31,0.4,0.39,0.35,1.22
51620,37.89,28.43,17.42,22.67,31.34,45.22,59.67
51630,8.25,6.97,5.61,10.22,16.24,18.25,20.53
51640,79.53,85.05,92.06,94.85,95.75,92.08,88.28
51650,17.54,22.1,27.43,36.71,45.38,48.08,52.05
51660,0.67,1.14,1.35,0.88,1.21,2.15,3.83
51670,59.22,66.9,76.04,78.92,80.25,75.61,71.22
51678,10.32,12.36,15.15,19.65,23.69,24.54,26.0
51680,23.72,23.15,22.98,24.37,25.37,25.37,25.06
51683,2.9,2.16,1.32,1.38,1.36,0.78,1.07
51685,1.88,1.49,1.13,2.44,4.08,4.1,4.77
51690,88.16,85.82,83.33,81.81,80.2,84.56,88.8
51700,21.46,24.18,27.27,37.76,48.78,49.0,50.41
51710,25.25,23.81,21.93,24.57,27.27,29.91,34.02
51720,44.73,53.64,63.58,74.16,85.04,88.89,93.03
51730,86.82,86.99,86.81,85.15,84.37,85.02,86.07
51735,12.61,12.88,12.82,18.86,25.79,24.44,24.38
51740,41.45,37.85,33.48,36.73,40.96,42.12,44.73
51750,22.32,23.41,24.82,23.37,20.94,18.15,14.89
51760,52.66,52.45,51.98,49.8,47.22,45.0,43.04
51770,63.67,64.88,66.23,58.39,48.65,35.95,22.62
51775,31.65,31.22,30.45,23.41,16.41,12.45,7.73
51790,60.94,59.89,58.71,54.27,49.77,47.05,45.57
51800,14.45,14.09,14.17,19.19,23.07,20.96,19.79
51810,7.9,8.38,8.66,9.98,11.3,12.87,15.92
51820,50.08,47.86,45.21,43.05,41.64,49.94,59.31
51830,1.15,2.82,4.51,8.5,12.04,10.28,9.75
51840,29.96,32.4,34.94,37.85,40.82,45.32,50.05
53001,6.91,6.84,6.61,9.59,13.16,15.04,17.28
53003,77.84,77.86,77.66,77.87,78.41,77.19,75.4
53005,20.89,23.9,27.21,31.53,35.86,36.84,38.58
53007,17.54,18.21,18.67,25.86,34.17,44.7,55.78
53009,86.44,85.38,84.2,83.09,82.08,82.94,85.78
53011,25.25,24.61,23.85,21.77,19.87,19.14,19.55
53013,83.22,83.6,84.05,87.87,92.5,89.72,87.02
53015,83.22,83.57,83.74,84.44,85.64,83.77,82.65
53017,59.22,62.41,65.89,72.35,78.58,81.33,84.78
53019,94.49,95.75,97.09,97.15,97.18,98.2,101.12
53021,2.74,4.93,7.07,10.13,13.26,16.68,20.53
53023,93.47,88.79,83.12,79.29,75.83,80.17,84.17
53025,16.71,19.17,21.73,21.6,20.66,21.83,23.22
53027,81.31,79.63,77.76,79.28,81.25,81.98,83.93
53029,37.03,41.1,45.76,47.61,48.81,49.2,51.29
53031,71.12,67.94,64.05,63.73,64.51,68.24,73.93
53033,6.24,6.08,5.65,5.02,4.63,4.95,6.56
53035,48.93,50.4,52.17,50.66,48.45,46.11,45.01
53037,26.52,27.41,28.4,29.59,30.49,30.1,29.91
53039,82.43,80.05,77.53,76.38,75.42,62.37,50.34
53041,88.16,87.67,87.1,86.0,84.83,82.31,80.94
53043,80.01,81.43,82.79,81.82,80.52,78.53,77.9
53045,87.81,87.96,88.21,86.96,85.57,82.94,81.69
53047,65.27,66.1,66.84,67.68,68.57,69.8,72.84
53049,98.69,98.67,98.66,98.69,98.61,96.78,95.57
53051,92.04,91.3,90.43,85.11,79.72,78.15,77.41
53053,31.65,31.59,31.53,30.35,29.31,27.86,27.79
53055,23.02,24.45,25.93,22.7,19.03,15.7,14.98
53057,38.78,39.76,40.63,42.36,44.71,41.79,40.98
53059,59.22,52.94,45.81,38.39,31.3,33.09,36.32
53061,16.05,17.21,18.45,17.57,16.33,16.09,17.35
53063,42.31,44.08,46.03,45.45,44.66,42.1,40.5
53065,78.16,78.45,78.74,78.44,78.46,80.0,83.13
53067,23.72,24.81,26.19,25.99,25.55,27.37,30.58
53069,97.36,96.79,95.78,95.05,94.54,94.24,95.04
53071,39.83,45.28,51.37,50.5,48.34,48.37,48.34
53073,28.84,30.52,32.27,30.04,27.55,26.84,28.48
53075,5.16,8.25,11.73,14.65,17.48,17.72,17.42
53077,25.25,25.18,24.95,25.46,25.91,26.79,28.08
54001,84.24,84.98,85.94,78.24,69.16,62.72,57.09
54003,31.65,32.65,34.01,39.53,45.39,42.22,39.92
54005,99.27,99.23,99.2,99.04,98.94,98.09,97.2
54007,83.79,80.83,77.28,77.36,78.84,80.92,82.98
54009,52.66,53.71,55.02,55.93,56.95,59.68,63.29
54011,83.79,82.9,81.88,79.72,77.4,75.34,73.06
54013,91.12,92.95,95.13,96.4,97.4,96.58,95.79
54015,92.68,94.37,96.54,97.83,98.95,99.13,99.19
54017,37.03,54.93,76.15,82.16,85.03,77.51,70.24
54019,97.99,98.09,98.19,98.27,98.24,98.15,97.56
54021,78.16,78.3,78.11,73.66,68.37,57.04,45.95
54023,72.62,73.74,74.55,73.18,72.88,68.87,65.4
54025,77.84,79.73,81.75,83.07,85.01,85.26,85.38
54027,94.97,95.16,95.24,95.31,96.01,95.75,96.54
54029,78.16,77.11,75.84,72.1,67.56,65.39,64.7
54031,60.17,63.59,67.22,58.05,46.72,42.62,39.47
54033,80.64,80.52,79.74,78.85,79.01,77.01,75.13
54035,76.5,74.02,71.22,68.39,65.3,70.57,76.18
54037,21.46,23.23,25.38,27.62,29.52,27.18,25.31
54039,83.22,81.73,80.17,76.44,72.23,71.54,70.69
54041,81.31,81.8,82.19,82.18,82.89,79.05,75.23
54043,99.36,99.24,99.09,98.6,97.98,96.07,93.95
54045,99.46,99.43,99.48,99.33,99.42,99.22,98.77
54047,99.81,99.67,99.65,99.69,99.66,99.64,100.0
54049,45.78,47.85,50.01,55.54,62.44,70.98,79.48
54051,56.73,51.72,45.56,53.8,65.58,68.65,72.23
54053,92.68,90.72,88.4,86.49,84.69,79.18,73.62
54055,96.63,96.23,96.19,97.52,98.35,97.29,95.83
54057,81.31,85.71,90.77,90.07,88.4,84.85,81.46
54059,99.46,99.54,99.58,99.61,99.61,99.68,99.61
54061,13.72,13.3,12.6,16.46,21.29,25.25,29.74
54063,96.91,97.41,98.13,97.01,96.17,90.86,84.76
54065,78.16,69.49,58.97,57.06,56.91,51.75,47.07
54067,91.56,89.89,88.05,85.9,83.92,85.19,86.5
54069,53.68,52.42,51.01,50.8,49.95,49.24,49.66
54071,82.74,85.48,88.33,83.79,78.61,70.39,62.74
54073,83.22,81.4,78.96,75.94,72.73,72.41,72.42
54075,95.92,94.97,93.63,93.7,94.86,94.67,94.67
54077,84.75,83.49,81.78,78.78,75.4,74.59,74.42
54079,30.82,28.92,26.78,24.03,21.31,19.48,17.39
54081,90.51,90.59,90.65,91.65,92.79,93.85,94.62
54083,79.08,78.54,78.01,71.73,64.98,59.7,55.13
54085,77.17,77.69,77.72,77.67,78.42,81.93,85.84
54087,93.22,92.9,92.52,94.51,97.06,98.02,99.04
54089,98.98,98.87,98.67,98.72,99.09,98.67,97.46
54091,80.01,83.02,86.5,82.66,77.23,78.76,80.23
54093,81.95,83.02,84.16,84.69,86.14,87.07,88.94
54095,78.16,76.64,74.09,71.14,68.22,70.7,73.67
54097,64.37,58.64,51.64,45.4,40.18,43.42,47.2
54099,89.97,91.75,94.09,95.25,95.97,95.16,94.24
54101,92.36,92.54,92.96,88.22,82.31,84.82,87.55
54103,58.42,62.12,66.38,71.18,75.83,76.6,77.41
54105,91.56,91.45,91.27,93.68,96.75,97.88,99.36
54107,71.12,72.04,72.97,73.87,74.53,74.17,73.83
54109,99.94,99.84,99.91,100.05,100.08,99.98,99.65
55001,83.22,84.82,86.79,88.14,89.08,88.78,86.56
55003,55.71,53.11,50.13,56.41,64.15,65.17,65.29
55005,25.25,29.34,33.85,36.57,38.93,34.58,28.33
55007,50.08,51.88,54.14,56.62,58.28,60.69,61.87
55009,12.61,12.46,12.25,11.37,10.32,9.87,9.34
55011,16.05,14.96,13.72,13.69,13.8,20.68,25.45
55013,59.22,61.81,64.38,63.57,62.36,64.84,65.62
55015,3.76,3.67,3.55,3.47,3.48,3.54,3.25
55017,28.18,28.12,27.45,25.81,24.31,19.65,12.74
55019,8.63,10.45,12.15,13.8,15.68,16.19,14.51
55021,13.34,12.58,11.95,12.55,13.25,14.27,12.77
55023,40.75,45.82,51.65,50.04,47.37,38.38,26.69
55025,4.39,3.81,3.26,2.69,2.17,2.51,0.26
55027,13.72,14.0,14.33,14.73,15.1,15.77,15.57
55029,27.19,27.75,28.4,30.78,33.51,31.52,29.22
55031,34.89,38.42,42.42,43.08,42.93,43.4,42.8
55033,8.25,10.98,13.97,17.82,21.87,21.48,18.76
55035,11.97,16.06,20.73,21.88,22.43,24.34,24.17
55037,80.64,79.27,77.14,79.39,83.22,78.59,73.91
55039,15.09,14.99,15.01,14.6,13.98,15.8,17.12
55041,67.62,69.27,71.03,68.53,65.43,60.19,54.33
55043,13.72,14.43,15.18,13.55,11.63,11.42,8.41
55045,21.46,20.64,19.7,19.01,18.04,18.81,16.94
55047,25.25,24.15,23.09,24.2,25.39,33.38,40.06
55049,23.02,22.25,21.37,20.47,19.74,16.6,10.83
55051,68.26,65.23,62.12,64.12,66.55,70.79,74.76
55053,33.4,32.76,31.8,30.77,29.74,30.02,27.92
55055,8.25,9.22,10.39,11.22,12.1,12.65,11.84
55057,67.62,66.81,65.81,65.39,65.19,63.09,58.99
55059,21.46,20.77,19.87,19.86,20.22,22.07,22.9
55061,27.19,26.65,25.99,23.19,20.0,20.51,20.74
55063,9.11,11.12,13.52,14.54,15.16,14.29,10.09
55065,11.97,12.34,12.9,15.74,18.47,18.25,15.31
55067,61.64,66.0,70.69,69.78,68.12,63.71,58.63
55069,28.18,27.18,25.73,27.83,30.98,33.63,35.13
55071,23.02,21.63,19.96,18.92,18.18,19.62,20.72
55073,11.46,13.07,14.63,14.77,14.81,15.63,15.21
55075,52.66,55.02,57.41,60.39,63.79,64.09,64.09
55077,64.37,61.72,58.71,57.79,57.14,63.54,68.06
55078,28.84,34.2,40.06,45.73,51.77,55.75,59.16
55079,29.96,29.79,29.5,27.16,24.7,23.02,20.64
55081,26.52,27.01,27.62,31.68,36.48,34.99,31.03
55083,21.46,23.03,24.55,28.77,33.56,34.26,34.69
55085,45.78,44.49,43.03,39.87,36.14,37.2,37.89
55087,5.76,6.1,6.41,7.11,7.84,8.28,8.16
55089,3.76,3.69,3.67,2.71,1.78,2.15,1.78
55091,20.89,19.16,16.99,17.68,18.79,21.47,22.08
55093,2.55,3.44,4.35,6.57,8.86,9.47,7.54
55095,23.72,24.33,24.59,28.06,32.24,32.77,31.21
55097,11.97,13.43,14.77,14.12,13.25,13.49,12.05
55099,43.11,46.55,50.5,52.31,53.62,52.4,50.33
55101,22.32,23.95,25.89,26.0,25.69,26.99,27.12
55103,31.65,31.23,30.54,27.48,24.34,25.93,24.59
55105,38.78,39.52,40.17,38.32,36.03,33.38,29.19
55107,45.78,52.91,60.79,64.65,68.33,65.55,61.28
55109,3.76,3.86,3.84,3.66,3.21,2.96,0.32
55111,28.84,27.84,26.71,23.96,20.95,20.72,18.31
55113,44.73,46.52,48.24,47.97,47.12,47.29,45.95
55115,17.54,20.24,22.78,23.03,23.04,27.27,30.99
55117,10.32,10.31,10.39,9.72,8.94,8.17,6.88
55119,16.05,19.24,22.48,21.97,20.99,20.08,17.52
55121,13.34,13.15,12.84,10.68,8.24,8.15,5.53
55123,13.72,14.87,16.12,14.59,12.83,10.5,5.85
55125,70.49,66.97,63.04,62.82,63.43,62.32,61.38
55127,12.61,14.2,15.92,17.37,18.89,18.13,16.17
55129,56.73,54.95,52.41,54.09,56.99,57.47,56.51
55131,5.48,6.13,6.86,7.08,7.3,6.89,5.76
55133,6.24,6.48,6.58,5.81,5.12,4.82,3.85
55135,27.19,30.86,35.14,36.56,37.37,38.29,38.24
55137,60.94,57.46,53.32,51.75,50.55,52.89,54.06
55139,15.09,14.87,14.56,15.77,17.27,18.91,19.82
55141,15.09,19.1,23.56,29.75,36.22,40.55,42.43
56001,3.76,4.45,5.1,5.5,6.19,5.99,4.22
56003,61.64,60.92,59.87,53.18,46.57,46.78,46.61
56005,5.16,3.82,2.63,5.52,8.25,8.35,7.07
56007,30.82,26.87,22.53,18.66,14.9,16.44,16.49
56009,36.01,44.22,52.75,55.38,58.27,47.73,35.53
56011,37.89,25.27,11.18,7.36,4.34,5.71,5.58
56013,44.73,42.77,40.55,41.13,42.23,43.91,44.51
56015,32.51,35.93,39.63,42.04,44.98,52.49,57.21
56017,66.92,63.45,59.29,54.33,50.42,57.01,62.21
56019,38.78,34.88,30.37,32.61,36.53,37.46,37.09
56021,22.32,22.85,23.39,25.97,28.78,32.09,32.87
56023,14.45,16.42,18.48,17.62,16.89,23.03,27.41
56025,21.46,28.8,36.57,38.93,41.19,40.64,39.25
56027,60.94,68.26,76.15,72.22,67.4,57.84,45.85
56029,19.8,19.58,19.26,20.68,22.8,19.79,15.99
56031,55.71,63.84,72.35,63.92,53.88,57.75,59.6
56033,28.84,32.36,36.39,32.35,27.22,24.33,20.3
56035,3.09,12.2,22.23,23.96,24.82,37.08,47.95
56037,16.05,15.25,15.13,17.55,19.82,23.67,26.19
56039,0.54,0.16,-0.09,0.3,0.43,0.82,-0.35
56041,40.75,40.72,41.2,51.48,62.72,57.43,51.47
56043,60.94,67.61,75.26,62.17,46.42,39.37,31.44
56045,34.16,34.7,35.59,37.54,39.43,38.43,36.59
