FIPS,2016 kals,2017 kals,2018 kals,2019 kals,2020 kals
01001,73.8,76.08,78.61,74.51,67.87
01003,35.21,34.87,34.75,35.85,35.42
01005,89.37,89.1,89.41,84.28,76.13
01007,44.19,51.06,59.05,65.16,69.04
01009,45.27,42.31,38.75,40.26,39.35
01011,68.64,56.84,43.19,32.2,18.01
01013,79.43,75.12,70.03,62.27,51.94
01015,84.69,84.72,85.13,84.78,82.28
01017,68.9,65.79,62.13,66.53,68.49
01019,89.05,86.18,83.12,72.87,60.5
01021,63.61,66.02,68.45,74.87,79.35
01023,98.19,98.72,99.31,98.5,95.73
01025,54.19,58.45,63.31,69.6,73.46
01027,59.34,54.65,49.18,61.04,71.1
01029,90.93,90.78,91.06,89.59,85.82
01031,72.33,70.87,69.02,68.06,64.45
01033,80.32,77.42,74.71,71.21,65.08
01035,89.05,90.35,91.86,92.35,90.33
01037,91.63,91.95,92.15,93.53,92.37
01039,87.68,87.01,86.12,84.79,81.23
01041,79.94,82.37,85.56,87.63,86.62
01043,52.88,58.41,65.11,70.17,72.7
01045,87.39,87.36,87.46,86.97,83.72
01047,71.25,70.47,69.43,69.64,67.42
01049,50.05,49.94,49.95,40.85,29.48
01051,67.43,68.55,69.8,62.2,51.9
01053,83.79,80.81,77.27,76.27,73.5
01055,81.41,80.74,80.35,75.13,67.53
01057,98.82,98.21,97.69,97.09,93.95
01059,76.92,65.8,53.03,41.06,26.75
01061,90.93,89.94,88.97,91.24,90.87
01063,98.12,97.66,97.01,94.03,88.42
01065,88.6,87.97,87.17,90.37,90.98
01067,80.83,78.75,76.59,75.14,70.76
01069,68.9,68.66,68.55,63.99,56.86
01071,68.9,71.77,75.45,77.97,77.9
01073,46.39,47.82,49.46,49.6,47.26
01075,93.79,93.58,94.22,94.38,92.39
01077,52.18,48.08,43.63,41.27,36.14
01079,85.1,84.61,84.25,86.93,87.26
01081,20.25,22.79,26.15,26.74,24.61
01083,47.31,51.2,56.0,53.89,48.51
01085,94.17,95.16,96.29,96.74,94.64
01087,66.73,65.75,65.03,65.34,62.47
01089,24.96,25.61,26.35,25.51,21.96
01091,95.16,95.98,96.82,96.73,94.27
01093,96.75,96.41,96.57,96.35,93.64
01095,62.53,57.52,51.53,43.46,32.47
01097,48.3,42.78,36.41,33.62,29.35
01099,29.26,30.94,32.85,38.87,42.74
01101,58.1,57.64,57.09,56.1,52.33
01103,66.06,64.64,62.87,61.59,57.73
01105,97.71,97.58,97.32,96.18,92.78
01107,96.91,95.97,95.31,95.81,94.61
01109,59.34,60.91,63.1,60.01,53.88
01111,52.88,46.83,40.07,49.57,56.84
01113,67.43,69.12,72.2,77.8,80.71
01115,65.33,62.67,59.66,56.51,51.36
01117,15.03,14.7,13.9,15.74,15.3
01119,82.84,85.6,88.79,88.85,86.69
01121,76.28,76.99,78.13,82.43,84.52
01123,71.25,73.68,76.63,79.87,80.58
01125,19.2,19.2,18.97,21.41,21.49
01127,97.26,96.61,95.7,95.73,93.08
01129,95.51,95.59,95.84,85.28,72.99
01131,74.5,74.26,73.81,73.74,71.22
01133,97.61,97.11,96.84,94.88,90.11
02013,1.4,1.79,2.17,5.92,8.82
02016,1.4,1.3,1.19,1.39,0.11
02020,10.47,11.63,12.65,12.98,11.73
02050,7.07,8.18,9.35,11.61,14.08
02060,24.96,31.42,37.82,45.15,52.74
02063,0.0,0.01,0.02,-0.03,-1.48
02066,0.0,0.3,0.35,0.3,-1.78
02068,4.33,17.42,31.18,43.71,56.14
02070,23.43,22.84,21.96,20.26,18.71
02090,9.07,11.81,14.11,13.4,13.32
02100,55.59,37.99,17.96,43.42,67.27
02105,55.59,53.01,50.23,58.28,64.35
02110,6.11,10.85,16.19,17.31,16.63
02122,37.09,39.29,41.45,44.73,47.06
02130,35.21,38.66,41.74,42.03,42.54
02150,17.89,21.08,24.19,14.86,5.02
02158,0.0,-0.02,-0.02,0.06,-0.56
02164,13.37,23.2,33.53,43.33,52.81
02170,19.71,23.4,27.08,31.3,34.23
02180,11.14,8.82,6.53,4.97,4.16
02185,5.03,5.98,6.94,8.0,10.97
02188,8.31,7.58,6.9,5.55,5.88
02195,33.37,51.83,71.99,79.36,85.51
02198,64.37,75.38,87.2,89.88,92.19
02220,21.14,20.92,20.33,22.73,23.93
02230,2.99,4.98,8.57,27.4,44.62
02240,42.12,52.78,63.86,71.43,77.58
02275,75.39,74.5,72.1,65.61,58.85
02282,1.94,2.07,2.4,2.34,0.69
02290,55.59,50.43,44.93,49.16,54.2
04001,43.08,43.1,42.92,40.8,38.55
04003,64.37,64.54,64.47,65.76,67.18
04005,15.47,16.33,17.37,20.67,23.71
04007,90.93,90.88,90.66,88.95,87.19
04009,30.25,28.36,26.1,29.31,32.35
04011,28.46,27.14,25.8,23.18,20.08
04012,90.0,90.76,91.61,94.54,97.24
04013,11.65,12.19,12.69,13.42,13.89
04015,89.37,90.34,91.36,91.22,91.1
04017,70.68,70.3,69.85,72.69,75.71
04019,43.08,45.1,47.11,47.16,47.76
04021,37.95,42.15,46.68,50.59,54.24
04023,17.13,19.08,21.16,27.68,34.82
04025,74.5,73.76,72.92,72.52,72.02
04027,16.14,17.29,18.38,20.23,22.76
05001,93.79,94.62,95.6,92.69,87.43
05003,91.95,91.92,92.25,91.9,90.87
05005,89.37,88.33,87.27,90.21,92.15
05007,4.33,4.41,4.48,4.54,4.11
05009,84.18,80.75,76.86,79.42,81.29
05011,93.79,91.03,88.14,86.9,84.59
05013,99.27,97.49,95.93,94.12,91.51
05015,66.06,60.49,53.9,47.38,39.82
05017,96.31,96.44,96.32,96.75,95.72
05019,77.49,78.78,80.39,85.55,90.02
05021,94.91,94.68,94.4,92.88,89.4
05023,72.97,71.55,69.75,75.22,79.03
05025,92.45,88.85,84.85,82.95,79.35
05027,74.5,73.63,73.33,74.79,75.94
05029,87.07,90.48,93.84,94.96,94.97
05031,68.9,68.1,67.22,70.37,71.72
05033,75.8,78.96,82.53,81.73,80.21
05035,68.0,65.79,63.55,62.26,58.22
05037,90.67,86.75,82.55,77.61,70.47
05039,96.91,95.32,93.53,94.36,94.44
05041,85.77,85.74,85.69,78.84,70.45
05043,90.0,87.45,84.56,81.51,77.1
05045,24.29,31.65,39.86,41.36,41.08
05047,82.14,84.45,86.71,90.13,91.97
05049,97.42,96.87,95.92,94.74,92.06
05051,78.1,80.89,83.84,85.81,87.18
05053,65.33,71.58,79.06,77.28,73.67
05055,85.77,88.49,91.77,90.9,87.89
05057,83.25,77.94,71.69,74.1,76.69
05059,95.86,95.84,95.51,94.7,92.92
05061,66.73,69.49,72.79,73.91,74.98
05063,74.5,77.35,80.6,79.49,76.61
05065,91.95,93.62,95.49,96.85,97.02
05067,91.18,91.04,90.87,91.36,89.91
05069,79.43,76.08,72.06,71.96,69.74
05071,64.37,72.6,81.88,84.41,85.35
05073,95.16,93.7,92.32,93.81,95.14
05075,91.18,92.85,94.52,94.5,92.58
05077,98.66,96.5,94.53,94.42,91.45
05079,91.63,92.25,93.16,86.49,78.09
05081,85.77,86.78,88.13,85.04,81.4
05083,88.6,88.54,87.71,89.89,90.59
05085,37.95,36.49,34.44,39.57,42.69
05087,70.68,73.58,77.01,82.08,86.0
05089,95.64,94.11,92.53,95.13,96.92
05091,68.9,72.16,76.46,76.82,77.29
05093,85.77,83.49,80.86,77.57,71.95
05095,95.57,94.79,94.17,94.95,93.57
05097,99.14,99.02,98.53,98.16,97.39
05099,95.16,92.95,90.58,92.34,94.11
05101,91.18,91.53,91.95,93.13,92.92
05103,81.41,79.85,78.38,85.59,92.53
05105,91.47,93.78,95.87,94.6,91.99
05107,92.71,92.06,91.77,92.9,91.57
05109,98.6,98.81,99.02,98.32,97.39
05111,93.79,91.75,89.53,89.37,86.49
05113,96.18,94.82,92.84,91.78,90.45
05115,51.07,55.62,60.36,63.33,65.05
05117,92.45,90.26,87.63,89.5,89.7
05119,35.21,41.47,48.49,49.99,49.83
05121,86.25,87.59,88.95,90.15,89.38
05123,83.25,80.11,76.97,77.79,76.2
05125,61.83,63.06,63.81,61.59,57.66
05127,73.8,80.69,88.58,91.06,92.74
05129,92.14,92.18,92.31,93.14,92.51
05131,72.97,74.87,76.66,78.59,79.55
05133,24.96,28.53,32.5,35.43,37.93
05135,91.47,94.46,97.93,98.16,96.87
05137,94.91,93.46,91.54,93.48,93.79
05139,75.8,69.92,63.49,61.64,59.66
05141,91.47,93.09,94.75,96.6,97.05
05143,9.07,8.84,8.46,9.57,10.15
05145,56.48,56.29,56.03,61.45,65.31
05147,96.53,95.8,95.34,90.69,83.94
05149,84.18,85.58,86.61,77.94,68.54
06001,5.35,4.86,4.33,4.01,5.23
06003,94.46,90.21,85.79,70.35,54.91
06005,77.49,76.18,74.72,72.15,70.91
06007,66.06,64.53,63.19,62.38,62.27
06009,83.79,85.28,87.19,85.68,85.1
06011,23.43,21.94,20.45,23.39,26.8
06013,12.7,12.79,13.01,12.82,13.98
06015,92.14,89.2,86.33,80.79,75.1
06017,28.46,28.12,28.05,26.75,26.65
06019,22.67,24.11,25.71,25.56,25.81
06021,68.9,65.76,62.23,54.87,47.9
06023,63.61,60.67,57.6,58.74,60.32
06025,39.13,39.47,39.8,37.37,34.63
06027,32.38,34.27,36.18,41.36,46.53
06029,12.7,12.87,13.02,13.53,14.33
06031,16.14,18.37,20.79,19.3,18.44
06033,89.37,86.44,83.23,83.36,83.59
06035,75.04,68.21,61.48,59.97,58.57
06037,6.4,6.18,6.0,6.4,7.69
06039,24.29,25.49,26.85,27.81,29.24
06041,3.57,3.31,3.02,3.0,3.81
06043,69.91,71.19,72.96,75.0,77.78
06045,63.61,62.42,61.47,64.5,67.46
06047,49.38,41.45,32.49,29.31,26.02
06049,82.14,76.75,71.24,64.4,57.83
06051,0.6,0.32,0.16,-0.0,0.16
06053,4.08,3.69,3.21,3.26,4.73
06055,13.37,14.86,16.61,17.76,20.09
06057,44.19,43.25,43.09,39.93,37.82
06059,2.42,2.4,2.34,2.84,3.33
06061,12.7,11.32,9.87,9.23,9.65
06063,85.1,78.77,72.87,68.54,64.5
06065,14.45,14.45,14.48,14.88,15.15
06067,24.29,22.08,19.64,18.75,19.37
06069,4.62,4.36,4.05,5.54,7.78
06071,12.1,11.66,11.21,12.45,14.22
06073,6.4,6.03,5.64,6.02,5.69
06075,10.47,9.49,8.31,7.66,8.53
06077,20.25,20.53,21.02,20.9,22.14
06079,12.7,13.87,15.11,15.42,17.05
06081,2.13,2.09,2.09,1.98,3.35
06083,5.7,5.87,5.98,6.46,7.09
06085,1.4,1.49,1.57,1.66,3.08
06087,6.81,9.17,11.87,13.34,16.3
06089,72.97,70.99,69.06,69.19,69.22
06091,74.5,53.87,31.04,40.58,50.63
06093,84.18,81.92,79.65,77.05,74.12
06095,19.71,20.37,21.12,20.37,20.79
06097,18.5,18.79,19.12,17.98,17.74
06099,30.25,28.62,27.02,26.26,25.44
06101,31.33,31.32,31.72,27.99,25.18
06103,82.14,82.0,82.28,79.71,77.86
06105,94.62,91.5,88.3,79.39,70.4
06107,20.25,20.04,19.59,17.87,16.47
06109,82.84,80.59,78.17,79.3,80.73
06111,9.81,10.45,11.1,11.32,12.42
06113,7.07,5.7,4.14,5.28,7.93
06115,63.61,59.68,55.26,50.96,47.66
08001,9.81,9.44,8.98,9.71,8.57
08003,77.49,76.25,74.53,71.27,65.89
08005,3.82,3.57,3.36,3.97,2.46
08007,46.39,43.72,40.85,43.54,44.32
08009,96.31,93.17,88.77,83.18,75.13
08011,98.85,97.56,96.59,92.57,86.18
08013,2.13,1.93,1.7,1.92,0.09
08014,2.29,2.07,1.74,1.83,-0.28
08015,54.19,58.1,62.26,53.61,42.83
08017,41.07,33.63,26.19,21.31,13.94
08019,5.03,5.34,5.45,13.07,18.69
08021,89.37,86.14,82.4,83.05,82.05
08023,99.71,99.3,98.79,97.68,95.09
08025,93.54,91.4,89.23,90.98,89.74
08027,69.91,71.61,73.34,68.75,62.11
08029,76.28,76.4,76.47,74.56,71.43
08031,4.62,4.83,5.13,5.48,3.93
08033,91.63,91.77,91.51,80.65,69.16
08035,0.32,0.36,0.37,0.65,-1.7
08037,0.0,0.17,0.2,0.49,-1.37
08039,11.14,8.82,6.48,5.57,2.29
08041,17.89,19.24,20.82,20.86,18.59
08043,78.1,77.82,77.18,71.11,62.98
08045,2.42,2.17,1.9,2.39,0.89
08047,3.18,2.92,2.74,4.0,3.19
08049,0.06,0.06,0.04,0.66,-1.27
08051,0.92,1.39,1.65,0.9,-2.07
08053,89.37,91.7,94.35,90.04,84.03
08055,95.99,95.73,95.27,93.2,89.4
08057,1.5,1.02,0.5,11.3,20.31
08059,5.7,5.79,5.99,7.21,6.3
08061,66.73,55.03,42.26,30.95,17.21
08063,60.08,49.05,37.24,41.99,44.56
08065,6.11,11.17,16.83,24.1,29.12
08067,2.99,3.13,3.25,3.23,1.94
08069,5.7,5.68,5.72,6.52,5.02
08071,78.73,83.26,88.25,90.26,90.3
08073,76.92,65.26,52.93,56.04,57.27
08075,43.08,39.08,34.3,40.0,43.88
08077,39.13,40.2,41.32,43.01,42.67
08079,86.69,78.23,68.18,42.28,14.12
08081,7.64,10.9,14.59,23.99,32.17
08083,52.88,58.52,64.7,64.44,64.04
08085,63.61,63.66,63.29,53.0,41.55
08087,16.14,15.67,15.69,13.32,8.67
08089,83.79,84.58,85.75,85.03,81.7
08091,7.07,15.31,24.85,19.92,13.2
08093,9.07,12.31,15.65,16.18,14.22
08095,27.63,23.14,17.55,14.02,8.99
08097,0.16,0.36,0.25,0.61,-1.26
08099,79.94,75.85,71.25,68.06,62.63
08101,73.8,75.64,77.67,76.46,73.26
08103,6.4,7.63,8.91,19.75,28.87
08105,52.88,61.69,72.21,76.77,79.57
08107,0.29,0.26,0.22,1.42,0.7
08109,61.83,64.17,66.5,56.44,44.36
08111,21.14,25.27,29.97,17.54,3.75
08113,4.33,3.74,2.29,-1.08,-5.41
08115,42.12,52.01,62.17,60.55,57.88
08117,0.38,0.73,0.82,1.23,-0.92
08119,34.45,37.3,40.5,39.99,37.21
08121,33.37,25.75,17.63,15.46,11.63
08123,7.64,7.4,7.09,8.51,8.45
08125,19.71,18.11,17.17,11.89,5.38
09001,3.57,3.66,3.77,4.59,4.93
09003,17.89,17.63,17.42,18.07,17.41
09005,9.07,10.16,11.39,15.92,19.39
09007,8.31,9.16,10.06,10.77,10.28
09009,15.03,14.95,14.71,14.9,14.39
09011,24.96,25.02,24.97,23.2,20.08
09013,6.11,6.46,6.82,6.84,5.52
09015,33.37,32.93,32.39,33.27,32.42
10001,36.1,37.78,39.84,46.29,51.79
10003,13.37,12.77,12.04,14.55,16.39
10005,37.09,36.83,36.61,36.38,36.27
11001,14.45,15.37,16.52,15.94,14.69
12001,9.81,9.83,9.93,10.7,8.76
12003,55.59,60.32,65.36,61.22,54.28
12005,71.25,75.0,79.26,80.41,79.17
12007,80.83,81.71,82.47,75.08,65.35
12009,45.27,47.76,50.58,53.06,54.05
12011,14.04,13.03,11.86,11.7,10.43
12013,93.79,92.6,91.06,92.37,91.81
12015,86.69,87.59,88.98,91.21,92.04
12017,87.68,87.71,87.88,88.51,86.51
12019,28.46,29.71,30.88,29.71,25.73
12021,15.47,14.66,14.07,15.21,15.62
12023,75.8,77.83,80.08,83.12,83.78
12027,43.08,40.17,36.95,44.66,50.27
12029,97.04,96.42,95.95,96.59,94.38
12031,31.33,31.04,30.55,28.21,23.05
12033,45.27,45.52,45.73,49.01,50.21
12035,59.34,57.78,55.83,49.24,39.93
12037,91.63,90.77,89.69,88.23,84.98
12039,75.39,78.75,82.4,80.41,76.1
12041,85.77,85.91,86.05,87.17,85.81
12043,93.54,89.01,84.2,76.26,67.14
12045,78.1,77.1,75.73,82.22,86.66
12047,94.17,93.46,92.67,87.62,79.66
12049,11.14,9.47,7.52,11.03,12.6
12051,39.13,32.22,24.63,19.48,13.22
12053,78.1,77.86,77.77,79.13,78.22
12055,73.8,77.84,82.74,85.68,86.55
12057,17.13,16.17,15.21,16.1,14.91
12059,92.14,93.1,94.29,93.57,89.99
12061,63.61,62.21,60.38,59.61,56.59
12063,87.39,84.83,81.79,81.75,79.69
12065,72.97,66.63,59.54,62.12,62.04
12067,76.28,71.83,66.53,65.22,60.67
12069,55.59,56.51,57.64,59.79,59.32
12071,36.1,33.63,31.1,32.08,31.72
12073,11.65,12.8,14.15,14.24,11.38
12075,87.68,85.3,82.66,83.05,81.35
12077,86.69,90.52,94.97,95.75,95.05
12079,89.72,84.37,78.64,67.5,53.66
12081,36.1,36.01,36.02,39.36,41.17
12083,71.95,71.59,71.23,68.51,63.1
12085,48.3,47.8,47.36,45.73,42.9
12086,8.31,7.48,6.86,7.09,6.29
12087,20.25,16.47,12.59,10.12,6.41
12089,58.1,57.46,56.28,59.75,60.33
12091,35.21,40.33,46.08,47.64,46.91
12093,45.27,45.92,46.88,53.04,57.4
12095,9.07,9.9,10.86,11.89,10.73
12097,41.07,40.7,40.19,40.54,39.08
12099,19.2,19.57,20.08,20.32,19.93
12101,61.83,59.85,57.41,57.87,56.07
12103,46.39,46.96,47.67,50.29,50.92
12105,50.05,49.59,49.07,48.59,45.7
12107,63.61,66.49,69.74,67.89,63.38
12109,15.47,14.72,13.78,13.29,10.28
12111,51.07,51.4,51.88,51.7,50.07
12113,51.07,52.76,54.62,55.25,53.79
12115,54.19,52.5,50.52,49.59,47.42
12117,9.07,8.91,8.54,9.32,7.77
12119,84.69,83.23,81.52,80.35,76.39
12121,75.39,77.04,79.04,82.43,82.89
12123,89.05,89.83,91.15,91.49,88.7
12125,46.39,47.9,49.26,47.49,43.07
12127,58.1,60.39,62.98,64.71,63.71
12129,54.92,55.74,56.79,45.3,31.53
12131,60.08,60.4,60.44,61.07,59.17
12133,84.18,83.0,81.52,82.23,80.64
13001,78.1,77.85,77.74,64.93,49.93
13003,45.27,44.88,45.18,44.78,42.05
13005,76.92,77.4,78.47,76.38,71.96
13007,83.25,85.32,88.2,86.32,82.14
13009,37.95,44.46,51.93,55.67,55.47
13011,58.1,57.86,57.44,64.51,68.24
13013,31.33,29.08,26.56,27.49,24.96
13015,44.19,41.38,38.27,33.2,25.31
13017,84.69,72.19,58.43,39.44,17.98
13019,85.1,83.18,81.61,73.58,62.94
13021,46.39,48.72,50.99,52.68,52.07
13023,75.39,70.04,63.77,67.25,68.24
13025,96.75,93.35,89.54,77.44,62.06
13027,86.69,77.97,68.23,56.52,41.9
13029,9.81,14.17,18.74,18.24,15.61
13031,22.67,24.76,27.42,27.37,24.71
13033,59.34,50.39,40.63,34.33,25.62
13035,47.31,49.39,52.2,52.76,50.69
13037,68.0,64.76,61.41,63.71,63.66
13039,21.14,20.91,20.28,20.3,17.48
13043,72.33,72.35,72.03,72.29,69.96
13045,52.88,48.53,43.67,42.72,39.3
13047,42.12,42.07,42.01,50.4,56.29
13049,42.12,58.78,78.37,84.97,88.48
13051,24.29,28.97,34.29,38.44,40.49
13053,51.07,34.9,16.42,17.89,16.68
13055,71.25,70.76,70.32,70.38,67.4
13057,4.62,5.0,5.57,7.43,6.12
13059,7.07,8.49,10.54,14.5,15.53
13061,75.04,78.16,82.57,86.84,88.24
13063,11.14,10.58,10.06,10.68,8.5
13065,79.43,66.73,51.92,52.17,50.13
13067,2.42,2.17,2.06,2.92,0.75
13069,68.9,71.33,75.0,72.19,67.21
13071,46.39,42.87,39.17,40.91,40.35
13073,11.65,12.61,14.08,17.39,17.66
13075,65.33,66.52,68.82,61.98,52.63
13077,10.47,9.96,9.72,11.41,10.62
13079,59.34,62.85,66.46,75.59,82.77
13081,75.8,72.99,70.12,71.89,71.43
13083,58.1,60.9,64.24,65.82,64.63
13085,22.67,30.68,40.29,41.3,38.73
13087,61.83,62.77,63.92,58.92,50.95
13089,7.64,7.81,7.89,9.03,6.91
13091,81.41,78.38,75.7,78.27,78.0
13093,66.06,73.48,82.96,77.06,68.86
13095,45.27,47.35,50.03,54.01,55.72
13097,19.2,17.78,16.39,16.27,13.48
13099,50.05,46.16,41.87,46.58,48.78
13101,33.37,36.8,41.54,34.23,24.22
13103,26.62,25.26,23.56,17.98,10.36
13105,74.5,77.85,81.88,83.23,82.04
13107,72.97,74.19,75.66,77.44,75.98
13109,54.92,57.53,60.29,48.37,33.65
13111,88.19,91.04,94.36,95.43,93.59
13113,4.33,4.39,4.58,7.64,7.98
13115,52.88,50.53,48.02,49.05,47.26
13117,1.05,1.4,1.65,1.52,-2.15
13119,92.14,88.08,82.89,80.56,75.54
13121,6.4,6.55,6.84,7.15,4.21
13123,78.1,79.84,81.93,82.89,81.05
13125,24.96,27.55,30.7,35.67,37.32
13127,50.05,50.57,51.41,47.14,40.11
13129,75.39,75.11,75.09,64.15,50.37
13131,84.69,84.84,85.3,84.65,81.5
13133,48.3,47.07,45.54,41.94,35.19
13135,0.76,0.66,0.43,0.81,-1.82
13137,54.92,56.6,58.47,60.07,58.47
13139,12.7,12.62,12.37,13.64,11.83
13141,32.38,41.78,52.61,55.56,55.06
13143,73.8,72.8,72.03,69.07,63.79
13145,65.33,67.43,70.47,65.93,58.39
13147,71.25,75.78,81.17,83.48,83.1
13149,83.79,81.6,79.49,87.05,92.18
13151,11.14,10.09,8.97,7.45,2.88
13153,24.29,26.71,28.9,25.96,20.57
13155,95.16,89.06,83.3,62.14,38.56
13157,33.37,32.26,31.03,33.56,32.99
13159,62.53,64.46,66.82,70.42,71.07
13161,68.0,64.47,60.55,63.29,64.14
13163,63.61,57.72,50.78,50.55,47.62
13165,66.06,54.99,42.48,44.93,44.59
13167,70.68,71.29,71.56,76.36,78.03
13169,41.07,42.35,43.57,39.55,32.59
13171,54.19,47.87,40.52,53.69,64.1
13173,79.94,75.24,70.35,57.71,42.51
13175,22.67,25.24,28.25,33.29,35.48
13177,7.07,7.74,8.66,12.46,14.42
13179,24.29,27.35,30.73,34.44,35.93
13181,64.37,67.8,71.94,73.79,72.89
13183,56.48,59.7,63.49,69.53,73.14
13185,26.62,22.14,17.53,13.13,5.69
13187,47.31,50.28,53.49,42.81,28.68
13189,44.19,40.28,35.68,32.52,26.34
13191,98.44,95.15,91.13,87.95,82.45
13193,82.84,76.43,68.52,69.7,68.6
13195,71.95,71.41,70.89,70.23,67.19
13197,75.04,60.89,44.9,48.61,50.01
13199,85.77,85.97,86.63,87.58,86.25
13201,45.27,37.71,28.75,29.23,27.2
13205,79.43,74.77,69.33,68.76,65.85
13207,46.39,43.39,39.8,51.0,59.68
13209,65.33,68.16,71.29,60.99,48.31
13211,55.59,52.12,48.23,43.54,35.92
13213,52.88,48.28,42.74,33.25,20.89
13215,75.39,71.41,67.44,68.4,66.72
13217,45.27,46.35,47.56,47.29,43.87
13219,5.03,5.09,5.39,6.01,3.56
13221,69.91,63.68,56.24,46.85,34.44
13223,8.31,6.83,5.39,7.77,7.77
13225,39.13,50.19,63.06,68.14,70.91
13227,59.34,58.57,57.33,64.05,67.57
13229,81.41,73.87,65.36,44.93,21.92
13231,32.38,28.25,23.78,21.98,17.89
13233,58.1,54.57,50.71,48.58,43.94
13235,88.19,86.04,84.0,83.43,80.48
13237,40.15,40.31,40.07,55.68,67.78
13239,98.5,94.64,90.64,90.96,88.46
13241,63.61,71.61,80.59,83.98,84.38
13243,75.8,68.36,60.14,58.69,54.81
13245,66.73,64.32,61.79,64.84,64.92
13247,4.08,4.76,5.62,8.08,7.64
13249,61.83,59.21,57.24,60.18,60.99
13251,60.08,58.81,58.16,58.75,56.95
13253,61.83,63.93,66.59,74.95,80.73
13255,61.03,58.64,56.08,53.57,48.43
13257,77.49,78.74,80.01,78.82,75.17
13259,93.28,84.93,76.64,81.85,84.37
13261,43.08,37.99,32.69,30.65,26.45
13263,78.73,78.48,78.82,80.03,79.05
13265,97.87,95.35,92.39,85.88,76.19
13267,68.0,67.42,66.31,64.4,60.13
13269,57.18,63.59,71.67,80.85,87.92
13271,37.09,28.39,18.66,26.45,31.6
13273,37.95,39.85,43.03,46.6,48.03
13275,66.73,66.29,66.22,67.9,66.75
13277,62.53,55.03,46.85,37.46,25.42
13279,41.07,48.57,57.27,59.13,58.51
13281,64.37,68.78,73.63,66.49,56.17
13283,75.8,80.62,86.31,85.72,82.29
13285,61.03,60.21,59.54,59.32,57.06
13287,85.1,77.46,69.42,67.64,63.5
13289,78.73,82.03,85.87,77.89,67.26
13291,86.69,81.4,74.61,74.03,70.39
13293,65.33,59.98,53.77,58.74,61.31
13295,78.1,76.33,74.12,74.58,72.25
13297,24.29,22.4,20.33,20.64,18.05
13299,78.1,72.54,66.47,51.34,33.75
13301,30.25,29.13,27.8,37.43,43.63
13303,51.07,58.78,67.62,68.9,67.05
13305,68.0,63.78,58.76,49.31,37.07
13307,76.28,63.55,49.58,55.06,57.97
13309,46.39,43.86,41.05,28.53,13.36
13311,62.53,61.33,59.52,63.36,63.52
13313,12.1,11.23,10.45,9.57,6.09
13315,81.41,68.71,54.56,38.5,20.24
13317,72.33,70.29,67.9,61.55,52.42
13319,61.03,56.02,49.33,42.87,33.16
13321,68.64,67.19,66.1,64.92,61.36
15001,30.25,31.11,31.98,35.52,38.3
15003,12.1,11.93,11.49,10.71,10.08
15005,79.94,86.99,94.75,66.78,38.53
15007,8.31,7.17,5.97,5.58,5.1
15009,10.47,10.91,10.93,6.26,1.4
16001,7.64,7.11,6.95,8.31,8.31
16003,83.25,87.11,91.69,83.07,72.64
16005,44.19,49.31,55.28,53.18,48.76
16007,34.45,32.4,30.53,28.73,24.8
16009,74.5,77.99,81.86,82.06,80.27
16011,35.21,35.52,35.75,43.55,49.01
16013,0.92,2.49,4.31,7.29,8.82
16015,68.9,56.44,42.28,42.99,42.24
16017,59.34,58.66,58.55,57.28,54.23
16019,32.38,34.1,36.45,33.04,27.66
16021,68.9,55.43,40.75,43.43,43.67
16023,57.18,56.91,56.41,58.16,58.38
16025,54.19,48.72,42.55,59.63,74.33
16027,29.26,31.23,33.54,37.18,39.62
16029,37.95,32.77,26.9,22.84,16.71
16031,19.71,25.95,32.28,33.0,31.81
16033,16.14,9.19,1.36,5.15,6.89
16035,97.87,94.78,91.09,89.82,85.77
16037,80.32,85.33,91.14,95.01,97.19
16039,27.63,30.08,33.11,46.39,58.22
16041,36.1,36.22,36.81,34.67,30.65
16043,24.96,25.02,25.35,38.28,49.1
16045,84.18,82.74,81.18,84.93,87.32
16047,43.08,36.76,29.26,29.63,27.97
16049,91.95,92.35,92.8,91.7,87.79
16051,20.25,16.84,12.61,10.22,5.85
16053,16.14,16.92,17.51,16.7,14.28
16055,31.33,30.95,30.44,34.31,36.83
16057,20.25,19.71,18.95,18.93,16.34
16059,82.84,76.86,70.09,73.28,74.06
16061,88.6,91.33,94.58,96.26,95.06
16063,28.46,34.13,40.77,39.99,36.96
16065,0.38,0.24,0.36,2.52,2.59
16067,20.25,28.66,37.75,37.54,35.52
16069,69.91,69.37,68.71,69.65,67.91
16071,69.91,68.49,66.77,66.64,65.1
16073,57.18,58.49,59.87,65.6,70.53
16075,54.92,60.91,68.05,65.18,61.34
16077,66.73,67.22,67.26,53.32,37.22
16079,93.03,95.05,97.18,97.46,96.05
16081,1.66,1.42,1.16,1.37,-0.2
16083,24.96,27.21,29.61,29.88,28.24
16085,80.32,80.91,81.47,58.5,33.88
16087,78.73,81.06,83.55,76.57,68.55
17001,33.37,33.35,33.42,40.49,47.11
17003,94.17,92.28,89.87,90.79,89.41
17005,57.18,54.92,52.19,56.96,60.18
17007,9.07,11.23,13.76,17.17,19.35
17009,14.45,24.32,35.43,54.99,73.43
17011,30.25,29.91,29.73,30.49,30.6
17013,64.37,69.46,75.73,76.03,75.14
17015,41.07,38.85,36.16,38.29,40.36
17017,27.63,28.97,29.37,31.8,33.17
17019,2.42,2.91,3.25,2.98,0.24
17021,39.13,31.35,22.37,25.31,26.05
17023,61.83,61.04,59.81,57.95,53.45
17025,76.92,79.43,81.98,81.22,78.2
17027,30.25,33.7,37.73,41.04,42.83
17029,31.33,38.12,46.21,51.51,54.48
17031,8.31,7.87,7.54,8.05,6.59
17033,58.1,57.28,55.93,57.22,55.52
17035,72.33,68.8,63.91,54.79,43.67
17037,5.7,6.48,7.09,9.05,9.68
17039,19.71,19.74,19.58,16.78,12.0
17041,11.14,13.38,15.55,18.0,17.99
17043,1.94,1.84,1.8,1.84,-0.13
17045,54.92,55.94,56.66,58.31,57.23
17047,51.07,55.61,60.78,62.69,62.07
17049,27.63,26.6,25.06,28.17,29.36
17051,63.61,65.8,68.59,69.39,68.29
17053,61.83,59.35,56.24,49.66,40.76
17055,80.83,83.73,86.38,86.68,85.53
17057,45.27,45.48,45.25,43.87,41.76
17059,91.18,92.54,93.98,92.13,88.49
17061,54.19,56.44,58.86,53.38,46.7
17063,12.1,8.66,4.82,3.67,0.73
17065,58.1,67.44,77.9,80.86,82.46
17067,31.33,31.77,32.13,42.05,51.99
17069,98.66,98.71,98.35,98.78,97.08
17071,64.37,64.91,65.48,63.77,61.85
17073,21.14,21.56,22.62,25.82,28.96
17075,40.15,44.03,48.59,52.92,54.89
17077,27.63,31.13,34.89,40.35,44.21
17079,58.1,67.76,79.36,81.05,80.37
17081,73.8,76.79,79.51,77.77,74.43
17083,28.46,29.23,29.86,32.73,34.17
17085,20.25,28.5,38.18,39.31,40.66
17087,66.73,62.33,57.01,53.08,47.33
17089,1.94,2.06,2.06,2.34,0.86
17091,60.08,49.37,36.78,32.57,26.3
17093,0.76,0.74,0.92,1.26,-0.64
17095,59.34,57.51,55.47,52.83,49.82
17097,2.42,2.67,3.0,3.56,2.37
17099,28.46,28.86,29.3,29.83,28.82
17101,88.19,86.55,84.13,80.39,73.71
17103,33.37,37.53,42.71,51.3,59.45
17105,42.12,45.56,49.72,50.06,48.36
17107,48.3,49.26,50.28,48.97,45.86
17109,21.14,25.1,29.03,32.57,35.91
17111,2.71,3.5,4.28,4.55,2.94
17113,4.08,4.38,4.45,4.3,2.33
17115,47.31,47.57,47.82,46.22,42.46
17117,54.19,51.07,47.31,47.26,45.76
17119,22.67,27.09,32.46,37.65,41.53
17121,69.91,71.26,72.36,72.23,70.4
17123,26.62,26.49,26.61,35.59,43.53
17125,54.19,59.44,65.27,68.1,69.86
17127,83.25,84.72,86.31,84.5,80.96
17129,27.63,31.54,35.74,38.8,40.87
17131,22.67,22.27,21.82,24.06,26.43
17133,7.07,5.95,4.61,5.3,4.83
17135,41.07,38.13,35.06,43.02,49.32
17137,41.07,47.96,55.77,59.98,62.74
17139,13.37,15.11,17.07,21.29,23.16
17141,21.14,21.01,20.58,25.36,29.79
17143,14.45,15.39,16.64,19.96,21.84
17145,55.59,64.59,74.89,80.05,83.81
17147,14.04,17.56,21.62,22.96,21.82
17149,58.1,57.69,57.03,60.76,63.74
17151,98.73,98.11,97.24,97.1,95.22
17153,95.99,95.29,94.44,93.3,89.97
17155,17.89,17.58,17.46,25.66,32.82
17157,48.3,50.26,52.19,56.17,58.58
17159,69.91,66.94,62.98,63.3,61.06
17161,26.62,27.79,29.44,33.2,37.33
17163,25.95,26.14,26.15,30.63,33.78
17165,87.07,89.19,91.41,91.92,90.72
17167,34.45,34.44,34.3,34.28,32.63
17169,67.43,74.77,82.55,86.76,90.16
17171,13.37,16.22,18.99,23.66,27.19
17173,21.14,21.11,21.18,28.09,33.0
17175,57.18,44.02,28.67,26.74,24.5
17177,37.95,39.85,41.98,46.27,50.29
17179,14.45,16.01,17.65,19.23,19.82
17181,68.9,68.84,68.71,66.87,63.23
17183,50.05,50.06,49.74,44.67,37.19
17185,71.95,70.54,68.61,70.45,69.49
17187,22.03,24.51,27.5,29.0,30.36
17189,21.14,21.47,21.24,22.05,21.16
17191,66.06,69.77,73.64,71.2,66.67
17193,81.41,82.65,83.5,82.7,79.88
17195,50.05,46.33,41.98,43.25,44.69
17197,3.18,2.56,2.08,2.7,1.48
17199,62.53,64.64,66.66,68.88,69.36
17201,34.45,34.99,35.45,36.63,36.79
17203,5.03,5.66,6.44,8.16,8.49
18001,23.43,20.99,18.08,15.72,10.57
18003,20.25,20.19,20.53,21.2,18.61
18005,23.43,22.48,20.79,26.44,28.62
18007,68.0,70.13,72.01,72.91,71.28
18009,85.1,84.97,84.64,86.23,84.37
18011,8.31,7.33,6.23,4.68,0.01
18013,20.25,23.0,25.91,30.95,32.74
18015,51.07,51.62,51.69,48.04,40.76
18017,45.27,46.19,47.13,44.43,38.36
18019,50.05,43.24,34.91,32.38,26.44
18021,71.95,71.63,71.32,72.69,71.54
18023,28.46,31.55,35.13,31.02,23.6
18025,83.25,83.33,83.18,78.34,70.3
18027,33.37,36.13,38.69,38.05,34.31
18029,17.13,17.35,17.81,23.67,25.99
18031,36.1,36.45,36.95,31.45,22.47
18033,50.05,44.56,38.2,31.49,21.9
18035,60.08,59.3,58.29,61.61,61.78
18037,7.64,9.25,10.71,14.72,15.6
18039,30.25,28.88,27.22,24.54,19.25
18041,76.28,74.03,71.35,74.01,72.98
18043,32.38,28.03,23.06,25.89,25.3
18045,68.64,69.36,69.8,72.54,73.27
18047,32.38,30.39,28.11,28.9,25.97
18049,58.1,58.45,58.89,54.79,47.51
18051,48.3,48.65,48.97,48.54,44.96
18053,68.9,72.08,75.85,77.2,75.34
18055,79.43,78.43,76.62,77.57,75.57
18057,0.92,1.12,1.31,1.3,-2.31
18059,25.95,25.64,25.37,27.2,25.54
18061,70.68,69.19,67.48,64.42,57.95
18063,13.37,11.88,10.37,8.15,2.77
18065,64.37,64.29,64.47,69.05,70.47
18067,68.0,68.11,68.01,64.5,57.44
18069,40.15,38.45,36.58,38.05,36.12
18071,27.63,34.67,42.45,44.46,43.29
18073,23.43,31.58,40.78,47.8,52.51
18075,56.48,57.23,57.94,59.28,58.0
18077,45.27,49.02,52.88,58.57,60.87
18079,49.38,55.51,62.37,65.01,64.19
18081,8.31,8.23,8.3,8.45,5.48
18083,59.34,66.41,74.81,74.24,70.44
18085,28.46,29.55,31.03,29.62,25.02
18087,9.07,8.38,7.67,9.72,8.62
18089,35.21,34.69,34.13,33.62,30.71
18091,32.38,32.59,32.8,35.53,35.64
18093,63.61,69.25,75.04,73.15,67.72
18095,68.9,69.77,70.93,73.34,72.06
18097,33.37,32.65,31.97,30.73,26.04
18099,34.45,34.9,35.59,30.35,21.75
18101,52.18,61.5,72.0,74.01,72.24
18103,59.34,60.26,61.38,56.56,48.37
18105,10.47,11.95,13.33,12.12,7.42
18107,44.19,44.06,43.78,44.22,41.59
18109,47.31,46.99,46.8,40.21,30.76
18111,34.45,41.58,49.54,57.3,63.02
18113,33.37,33.09,33.08,34.36,32.24
18115,32.38,29.89,26.99,35.56,40.82
18117,76.28,82.04,88.21,88.07,84.34
18119,68.0,68.21,68.49,67.34,63.08
18121,61.83,67.09,73.28,71.29,66.96
18123,45.27,44.71,44.09,50.27,53.66
18125,75.8,74.13,71.57,65.18,55.12
18127,12.1,11.79,11.36,12.05,10.41
18129,21.14,21.74,22.1,22.86,21.41
18131,62.53,64.55,66.9,61.76,53.97
18133,52.18,46.03,38.65,30.49,19.38
18135,56.48,59.15,62.38,63.86,62.41
18137,31.33,30.31,29.05,29.83,26.86
18139,49.38,44.08,37.84,45.88,50.3
18141,30.25,30.49,30.94,31.05,28.53
18143,63.61,67.29,71.24,80.03,85.71
18145,32.38,30.52,28.49,32.88,33.72
18147,35.21,39.47,44.69,44.7,41.88
18149,64.37,59.09,52.56,47.79,40.06
18151,46.39,44.27,41.84,36.44,28.39
18153,68.9,72.44,76.52,76.36,73.4
18155,58.1,59.22,60.62,67.99,72.26
18157,6.4,8.42,10.4,8.49,3.64
18159,61.03,61.5,61.86,54.28,42.77
18161,43.08,47.46,52.88,54.52,52.66
18163,43.08,46.02,49.28,47.85,43.97
18165,66.06,70.58,75.62,77.67,77.45
18167,70.68,71.47,72.2,70.38,65.98
18169,42.12,40.34,38.26,39.55,37.54
18171,51.07,55.07,59.54,60.99,60.34
18173,17.13,18.09,18.99,18.86,15.87
18175,68.9,71.45,74.05,70.92,64.14
18177,71.95,71.6,71.06,69.61,65.0
18179,24.29,25.15,26.41,25.7,21.81
18181,54.19,57.38,60.65,60.93,58.41
18183,57.18,52.12,46.22,42.1,34.57
19001,49.38,53.26,58.05,53.12,46.7
19003,50.05,42.64,33.95,33.05,30.3
19005,16.14,15.23,14.3,13.67,12.86
19007,61.03,65.7,71.99,72.05,70.82
19009,24.96,24.99,25.51,25.3,24.15
19011,16.14,14.83,13.3,12.37,11.14
19013,13.37,14.11,14.89,19.74,24.53
19015,42.12,40.9,39.75,34.21,27.93
19017,4.62,5.42,6.36,9.29,12.16
19019,10.47,12.23,14.22,17.8,21.05
19021,4.08,5.15,6.0,4.69,3.12
19023,8.31,8.92,9.73,12.19,14.11
19025,34.45,29.99,24.76,22.83,20.07
19027,13.37,11.58,9.62,10.03,10.02
19029,42.12,36.26,29.95,26.04,21.13
19031,14.04,12.2,10.29,10.01,10.1
19033,39.13,37.88,36.25,34.97,33.56
19035,31.33,34.31,37.44,26.6,15.13
19037,37.95,34.67,30.41,30.14,29.67
19039,34.45,33.12,31.86,47.29,61.82
19041,28.46,36.31,45.25,47.49,48.68
19043,31.33,30.21,28.85,31.06,33.18
19045,32.38,30.54,28.6,31.57,35.07
19047,24.96,30.31,36.83,40.34,43.0
19049,1.05,0.97,0.82,0.12,-1.58
19051,21.14,19.24,17.08,16.65,15.44
19053,72.97,63.63,52.97,48.63,43.43
19055,12.1,12.97,14.1,12.64,10.96
19057,43.08,44.79,46.93,52.44,58.01
19059,33.37,37.23,41.22,42.44,42.92
19061,12.1,12.41,12.56,12.44,12.48
19063,40.15,41.63,42.8,50.15,57.41
19065,34.45,37.35,40.67,45.95,51.11
19067,41.07,46.11,52.05,52.56,52.8
19069,25.95,18.49,9.54,5.64,1.33
19071,44.19,38.54,32.13,29.05,24.73
19073,58.1,55.35,52.32,56.14,59.22
19075,11.65,9.89,8.06,7.9,7.74
19077,33.37,32.41,31.36,25.84,19.28
19079,25.95,23.2,19.92,17.58,15.18
19081,19.71,21.29,22.89,26.97,31.01
19083,16.14,15.15,14.42,17.43,20.46
19085,46.39,37.66,27.53,24.15,19.87
19087,43.08,39.47,35.29,36.82,37.73
19089,17.13,14.64,11.5,8.1,4.43
19091,21.14,24.86,29.05,33.33,37.52
19093,27.63,32.42,37.86,30.54,22.6
19095,15.47,16.91,19.1,19.25,18.87
19097,23.43,21.83,19.89,18.29,16.97
19099,36.1,35.53,35.08,30.78,25.76
19101,5.7,8.09,11.17,18.53,25.01
19103,0.92,0.33,0.06,0.74,1.18
19105,24.96,21.43,17.26,18.17,19.73
19107,46.39,44.08,41.67,48.68,55.22
19109,25.95,35.59,46.57,54.34,62.18
19111,66.06,63.1,59.39,55.33,50.61
19113,8.31,7.6,6.9,6.75,6.57
19115,20.25,17.74,15.07,16.14,16.73
19117,51.07,53.47,56.59,62.65,67.68
19119,13.37,11.99,10.29,10.52,10.14
19121,21.14,21.99,22.82,16.36,9.02
19123,33.37,32.11,30.73,33.35,35.46
19125,30.25,32.46,35.3,38.06,40.12
19127,23.43,20.65,17.85,15.42,13.28
19129,64.37,57.18,49.22,44.7,38.93
19131,8.31,14.14,21.01,20.83,20.5
19133,36.1,38.33,40.91,43.85,46.03
19135,36.1,31.01,24.88,25.92,25.92
19137,68.9,62.33,55.25,46.22,35.51
19139,11.65,9.81,8.03,9.71,11.59
19141,22.67,26.55,30.87,35.11,38.63
19143,31.33,27.86,23.07,21.6,19.31
19145,59.34,58.54,58.12,47.59,35.21
19147,49.38,47.23,43.7,45.52,46.77
19149,19.71,16.72,13.02,14.72,15.35
19151,26.62,33.08,40.5,42.1,43.21
19153,12.1,11.82,11.37,11.05,9.62
19155,42.12,39.44,36.92,37.78,37.64
19157,16.14,11.76,6.84,9.11,11.41
19159,52.18,44.08,34.65,31.09,26.49
19161,19.2,15.78,11.47,8.85,6.06
19163,9.07,9.04,9.12,10.2,11.63
19165,47.31,41.98,36.06,27.61,18.09
19167,1.5,1.82,2.3,3.2,3.55
19169,0.67,0.47,0.52,0.59,-0.18
19171,22.67,18.94,14.92,12.8,10.64
19173,37.09,42.29,49.1,44.61,38.67
19175,50.05,54.15,59.39,54.08,47.63
19177,27.63,31.34,36.05,42.91,48.85
19179,37.95,37.09,36.17,42.55,48.01
19181,14.45,15.15,15.93,13.82,11.01
19183,29.26,22.52,14.79,14.94,14.35
19185,65.33,60.4,54.94,48.48,40.51
19187,37.09,35.45,33.57,36.72,39.31
19189,41.07,42.4,43.69,38.58,33.57
19191,2.71,6.85,11.89,14.31,16.55
19193,22.67,22.52,22.27,21.86,20.36
19195,31.33,34.47,37.95,37.66,37.24
19197,29.26,32.43,36.27,35.06,33.61
20001,82.14,79.15,75.09,73.71,71.2
20003,31.33,31.92,32.3,34.13,34.59
20005,52.88,51.36,49.35,38.62,26.89
20007,45.27,48.51,52.44,61.28,69.3
20009,29.26,37.14,45.92,45.62,43.8
20011,76.28,79.41,83.3,79.43,74.4
20013,66.06,62.09,57.11,54.61,50.98
20015,19.2,17.95,15.91,21.11,24.23
20017,56.48,60.6,65.01,51.46,36.9
20019,92.14,91.95,91.43,91.62,91.01
20021,82.84,86.6,90.82,91.69,92.33
20023,58.1,55.48,52.65,51.17,47.27
20025,48.3,41.18,33.21,54.7,74.9
20027,46.39,46.3,46.08,53.15,57.89
20029,48.3,43.61,37.86,33.35,27.2
20031,43.08,50.01,57.95,61.31,63.77
20033,37.09,30.91,23.97,49.01,72.91
20035,57.18,61.01,64.88,64.61,62.57
20037,52.88,52.88,52.62,50.7,48.18
20039,86.69,77.6,66.83,75.38,81.52
20041,62.53,65.55,68.49,64.93,59.67
20043,46.39,50.41,55.23,43.55,31.07
20045,7.07,8.06,9.11,9.97,9.94
20047,54.19,44.89,34.31,31.88,27.75
20049,90.32,93.39,96.71,94.44,90.89
20051,14.04,16.31,18.21,15.56,10.97
20053,57.18,62.19,67.09,61.78,54.61
20055,7.64,8.47,9.2,11.31,11.89
20057,7.07,5.88,5.35,8.55,10.87
20059,37.95,36.8,35.19,41.51,47.36
20061,18.5,20.12,21.76,22.18,20.18
20063,37.09,43.38,50.19,56.26,59.86
20065,78.73,80.01,81.4,74.81,65.77
20067,11.14,10.31,7.92,3.63,-1.62
20069,17.13,14.59,12.04,8.09,3.22
20071,62.53,72.39,82.76,77.75,70.93
20073,82.84,85.07,87.1,84.02,79.75
20075,7.07,16.73,26.68,27.87,27.54
20077,54.92,53.51,51.32,54.35,56.36
20079,35.21,40.85,47.06,43.94,39.41
20081,1.27,0.86,0.51,1.02,0.32
20083,51.07,41.6,30.78,35.64,39.02
20085,57.18,62.45,68.74,64.72,58.76
20087,39.13,40.58,42.18,37.73,31.95
20089,59.34,65.98,73.75,72.28,69.04
20091,3.82,4.12,4.32,2.99,0.63
20093,15.47,18.64,21.2,29.52,35.8
20095,56.48,49.45,41.3,37.78,32.41
20097,44.19,43.33,43.33,54.46,64.28
20099,72.97,75.43,78.05,77.99,77.66
20101,64.37,62.75,60.55,57.25,51.97
20103,43.08,44.69,46.28,36.7,25.76
20105,52.18,57.09,62.19,56.79,49.47
20107,75.39,76.66,78.18,71.7,63.52
20109,31.33,34.62,37.49,42.47,45.61
20111,31.33,31.23,30.45,27.06,23.11
20113,19.2,22.24,24.9,25.59,24.9
20115,45.27,50.39,55.87,49.14,41.36
20117,51.07,51.41,51.89,44.63,35.73
20119,6.4,6.06,5.94,7.18,7.32
20121,17.89,21.61,25.96,27.73,28.11
20123,39.13,44.69,51.05,48.11,43.17
20125,66.73,71.01,76.06,77.87,78.85
20127,61.03,63.32,65.61,65.99,64.83
20129,43.08,49.88,57.1,63.19,67.35
20131,27.63,27.77,27.96,28.16,26.26
20133,65.33,68.48,71.92,74.89,76.9
20135,45.27,50.98,57.79,50.46,41.78
20137,50.05,36.89,21.68,25.88,27.73
20139,61.03,61.7,62.38,61.27,58.97
20141,77.49,75.91,73.51,60.78,45.75
20143,28.46,27.37,25.45,28.99,30.74
20145,61.03,65.64,71.37,77.47,82.19
20147,50.05,51.73,53.93,59.37,62.05
20149,4.62,5.91,7.15,9.0,8.74
20151,35.21,25.72,15.01,13.53,10.76
20153,61.83,68.51,76.33,78.25,77.73
20155,41.07,42.69,44.38,44.51,42.81
20157,33.37,32.24,31.04,27.4,22.13
20159,45.27,49.73,54.39,53.3,50.47
20161,3.41,5.4,7.61,11.3,12.96
20163,43.08,46.56,50.46,51.08,49.28
20165,62.53,62.12,61.08,49.69,36.42
20167,62.53,67.08,71.73,69.89,66.04
20169,24.29,31.66,39.91,47.13,52.73
20171,6.81,6.27,4.51,5.97,5.27
20173,17.13,20.24,23.57,29.71,33.52
20175,2.13,1.94,1.48,2.55,2.11
20177,41.07,38.26,34.7,32.01,27.94
20179,42.12,43.47,44.57,38.82,31.01
20181,60.08,63.06,66.61,58.39,47.92
20183,72.33,71.83,71.14,63.44,53.35
20185,47.31,46.4,45.42,43.38,39.85
20187,17.13,40.36,66.7,58.56,49.04
20189,5.35,7.94,10.46,10.24,8.5
20191,30.25,35.49,40.92,49.13,55.71
20193,17.13,27.35,38.8,35.35,29.54
20195,8.31,15.68,23.86,29.58,33.21
20197,52.18,53.36,54.52,56.87,57.4
20199,73.8,72.68,70.65,77.73,82.75
20201,37.95,36.28,34.58,35.41,34.44
20203,37.95,58.9,82.56,85.61,86.69
20205,91.63,92.14,92.26,86.54,79.74
20207,79.43,84.77,90.77,91.92,91.98
20209,37.95,39.92,42.16,37.27,31.64
21001,72.33,73.57,75.27,79.27,79.39
21003,80.83,82.98,85.6,83.42,77.39
21005,52.88,57.4,62.59,69.51,73.06
21007,39.13,46.96,56.52,63.31,68.05
21009,81.41,82.99,84.83,85.53,82.76
21011,93.03,94.31,95.58,96.26,94.04
21013,99.84,99.81,99.71,99.78,97.36
21015,13.37,13.33,13.32,15.64,14.32
21017,49.38,51.67,54.47,58.27,58.95
21019,85.1,87.74,90.64,92.34,91.63
21021,62.53,61.63,60.54,61.89,59.37
21023,39.13,33.15,26.49,34.53,40.04
21025,99.87,99.98,99.94,99.9,97.11
21027,86.25,86.42,86.73,87.12,83.93
21029,46.39,49.33,52.75,54.23,51.77
21031,93.28,91.66,89.98,87.17,81.18
21033,78.1,83.71,89.88,94.85,97.29
21035,31.33,38.75,46.9,53.82,57.73
21037,16.14,16.52,16.98,19.14,18.1
21039,49.38,46.83,43.37,43.35,40.65
21041,78.73,73.76,67.27,61.32,52.11
21043,80.32,81.39,82.2,83.57,82.79
21045,88.6,89.25,90.31,88.88,83.55
21047,48.3,52.77,57.9,63.72,66.12
21049,68.64,70.74,73.23,76.68,76.74
21051,96.75,97.49,98.48,99.06,96.43
21053,48.3,56.45,66.52,74.82,80.49
21055,72.97,78.52,84.73,90.1,93.5
21057,52.18,47.62,42.09,44.88,44.54
21059,58.1,55.72,52.88,54.85,54.01
21061,99.04,98.76,98.51,97.88,93.33
21063,90.67,93.14,95.92,96.12,94.09
21065,98.79,98.71,98.54,98.62,95.47
21067,15.47,17.1,19.02,20.63,18.79
21069,92.45,93.77,95.4,95.21,92.26
21071,99.43,99.4,99.35,98.24,95.29
21073,63.61,64.43,64.89,64.83,61.58
21075,91.63,92.3,92.6,90.86,86.76
21077,45.27,42.27,38.82,36.8,31.53
21079,85.1,83.27,81.09,75.14,65.31
21081,57.18,58.51,60.3,53.63,44.11
21083,56.48,61.02,65.77,70.2,71.88
21085,78.73,79.11,79.54,77.56,71.71
21087,96.53,97.53,98.49,98.88,95.35
21089,77.49,80.6,84.21,85.9,85.15
21091,81.41,75.35,68.28,69.23,67.22
21093,66.73,67.42,67.88,65.7,60.2
21095,99.87,99.94,99.91,99.79,97.33
21097,71.95,68.57,64.72,65.19,63.01
21099,86.25,87.99,89.95,89.32,84.97
21101,78.73,82.32,86.27,88.16,87.22
21103,64.37,70.13,76.48,77.77,75.84
21105,95.35,95.92,96.09,93.64,88.67
21107,65.33,68.05,70.75,77.65,82.16
21109,99.59,99.55,99.43,99.08,95.19
21111,41.07,39.51,37.68,38.32,35.21
21113,52.88,49.6,45.4,40.96,32.88
21115,99.55,99.19,98.76,97.91,94.85
21117,36.1,36.14,36.29,36.0,32.21
21119,99.71,99.84,99.88,99.78,97.45
21121,68.64,64.9,60.27,63.11,63.28
21123,85.77,85.92,85.67,84.63,79.8
21125,71.25,73.35,76.0,74.91,70.6
21127,95.64,95.21,94.46,90.66,85.06
21129,99.81,99.78,99.72,99.66,96.39
21131,100.0,99.91,99.78,99.83,97.07
21133,99.52,99.97,100.18,99.85,97.17
21135,93.54,92.08,90.17,87.98,83.1
21137,86.69,84.11,81.03,76.41,68.04
21139,89.37,91.56,93.65,95.05,94.49
21141,56.48,52.19,47.45,52.46,53.84
21143,89.37,91.27,92.53,95.96,96.79
21145,55.59,55.14,54.02,49.98,43.73
21147,97.64,97.92,98.33,95.54,89.39
21149,71.25,70.42,69.47,76.9,81.47
21151,55.59,57.04,58.88,60.06,57.76
21153,99.08,99.29,99.52,99.33,96.86
21155,64.37,73.12,83.39,85.13,82.95
21157,57.18,65.42,74.57,78.1,79.03
21159,99.43,99.39,99.4,99.09,97.13
21161,75.04,74.43,74.22,75.81,74.42
21163,68.9,70.35,72.14,73.8,71.82
21165,89.72,90.63,91.46,92.75,91.23
21167,78.73,77.62,76.23,74.38,68.74
21169,94.17,94.48,94.77,94.75,91.2
21171,93.28,92.79,92.3,91.85,88.22
21173,85.1,86.27,87.48,89.32,88.2
21175,97.13,97.8,98.4,97.76,94.56
21177,87.39,89.56,92.08,94.56,93.87
21179,61.03,66.64,72.96,69.84,62.97
21181,90.93,92.3,94.39,94.41,91.63
21183,86.69,85.76,84.84,79.08,70.04
21185,4.33,4.26,3.74,2.72,-1.93
21187,87.07,86.17,85.04,76.64,64.72
21189,98.89,99.01,99.16,99.3,96.16
21191,73.8,73.34,73.32,74.42,72.96
21193,99.4,99.48,99.49,99.4,96.65
21195,99.08,98.92,98.88,98.57,96.34
21197,93.54,93.84,94.0,93.7,90.2
21199,90.0,85.94,81.21,77.72,70.85
21201,80.32,66.47,50.16,40.68,28.62
21203,93.79,94.56,95.65,92.39,85.72
21205,60.08,64.98,70.63,65.7,57.74
21207,83.79,79.36,73.99,75.03,72.07
21209,16.14,19.06,22.55,27.32,29.12
21211,25.95,33.49,42.09,36.01,26.5
21213,39.13,32.17,23.93,27.64,27.84
21215,33.37,34.7,35.69,33.71,28.18
21217,83.79,85.21,86.41,88.21,85.94
21219,39.13,35.46,30.89,36.52,38.54
21221,66.06,70.79,75.66,85.31,92.17
21223,62.53,72.63,84.57,88.03,88.17
21225,81.41,81.1,80.26,84.68,87.06
21227,44.19,44.36,44.62,40.74,33.33
21229,76.28,75.45,73.81,72.65,67.76
21231,97.26,94.24,90.71,88.74,83.35
21233,84.69,88.35,92.16,96.19,97.67
21235,80.83,82.87,85.53,88.32,88.02
21237,99.59,99.82,100.03,100.09,97.11
21239,29.26,29.97,30.55,33.78,33.7
22001,71.25,73.36,76.05,78.51,80.6
22003,90.93,85.66,79.82,77.6,74.73
22005,16.14,18.01,20.62,21.62,22.35
22007,80.32,83.14,86.2,87.84,89.24
22009,72.33,75.59,79.39,86.03,92.83
22011,87.39,84.97,82.84,81.85,80.37
22013,86.25,86.09,85.97,89.07,92.93
22015,22.67,20.99,19.39,19.51,20.28
22017,47.31,46.73,46.23,47.3,48.85
22019,61.03,56.43,51.88,42.74,32.74
22021,39.13,36.27,33.28,39.99,47.47
22023,60.08,51.76,42.67,35.03,26.71
22025,41.07,38.79,36.48,41.38,46.82
22027,83.79,76.89,69.6,69.77,70.17
22029,20.25,20.9,22.1,42.43,63.1
22031,65.33,66.73,67.97,73.39,78.99
22033,33.37,33.67,34.22,35.66,36.65
22035,62.53,59.66,55.41,62.14,68.35
22037,58.1,51.1,42.97,46.76,50.31
22039,91.95,93.07,94.62,95.22,96.06
22041,78.73,71.2,62.5,59.72,57.38
22043,78.73,75.86,73.06,71.89,71.49
22045,59.34,59.12,58.66,57.54,56.06
22047,77.49,79.98,82.87,80.62,78.2
22049,92.71,93.63,94.73,95.18,96.48
22051,30.25,32.38,34.32,38.02,40.6
22053,80.83,75.52,69.72,73.07,75.48
22055,16.14,16.97,17.74,17.4,17.1
22057,61.83,61.59,60.57,62.51,63.49
22059,50.05,47.69,45.38,40.9,37.14
22061,31.33,31.79,32.6,35.19,38.66
22063,46.39,37.45,27.12,24.73,21.69
22065,18.5,25.58,33.66,57.23,80.55
22067,55.59,50.26,44.26,42.92,41.44
22069,66.73,57.99,47.67,39.47,31.86
22071,33.37,35.65,37.71,37.35,35.69
22073,22.03,22.75,23.94,26.98,30.68
22075,4.62,11.58,18.61,26.98,33.37
22077,75.8,83.71,92.88,95.07,97.72
22079,72.33,66.61,60.28,61.64,63.8
22081,43.08,53.86,66.78,79.0,91.49
22083,39.13,38.96,39.06,45.34,52.0
22085,52.88,52.16,51.18,64.46,77.94
22087,19.71,29.06,39.73,48.06,54.74
22089,17.13,17.09,16.89,19.64,21.38
22091,93.03,90.6,88.63,90.33,91.95
22093,52.88,49.29,44.94,41.67,38.08
22095,37.95,35.18,32.15,33.49,34.27
22097,27.63,25.66,23.09,19.19,15.75
22099,47.31,46.52,45.23,45.36,45.62
22101,64.37,64.87,65.01,67.38,69.1
22103,44.19,40.34,35.66,41.38,46.13
22105,85.1,83.23,81.7,81.41,80.71
22107,27.63,20.07,11.74,14.9,18.3
22109,37.95,46.69,56.73,60.68,63.75
22111,56.48,55.48,54.72,54.62,54.87
22113,51.07,55.35,60.3,62.09,63.74
22115,67.43,65.76,64.36,68.46,72.55
22117,93.79,92.89,92.28,90.83,88.29
22119,78.73,68.82,57.46,54.0,51.12
22121,41.07,41.64,42.12,39.14,35.66
22123,29.26,31.46,33.99,40.7,47.32
22125,18.5,22.41,26.74,20.81,14.83
22127,83.25,82.86,82.74,85.44,89.08
23001,54.92,55.8,57.23,60.38,62.41
23003,90.67,91.3,91.93,91.25,90.45
23005,16.14,15.12,14.21,14.4,12.45
23007,58.1,57.34,56.45,53.39,50.02
23009,50.05,48.88,47.43,43.22,38.65
23011,60.08,59.78,59.25,57.92,56.84
23013,57.18,53.19,48.59,46.02,42.57
23015,52.88,55.62,59.33,59.16,58.27
23017,72.97,73.49,74.18,73.99,72.87
23019,72.97,73.97,75.12,73.19,70.78
23021,97.55,98.22,98.78,98.14,97.01
23023,32.38,26.7,19.97,17.98,14.8
23025,84.69,85.24,85.81,85.13,84.58
23027,56.48,58.82,61.57,60.29,58.56
23029,87.07,87.85,88.75,90.17,90.92
23031,42.12,41.58,41.1,42.37,41.21
24001,76.28,75.5,74.57,74.45,73.09
24003,7.64,8.08,8.7,9.29,9.28
24005,15.47,15.78,15.98,15.77,15.08
24009,13.37,12.09,10.92,9.01,6.72
24011,48.3,46.48,44.29,43.34,41.95
24013,9.07,10.81,12.71,14.86,16.31
24015,23.43,26.13,29.28,30.75,31.62
24017,1.94,2.15,2.5,3.96,4.82
24019,60.08,62.41,65.46,66.17,66.91
24021,7.64,9.62,11.65,10.33,8.34
24023,47.31,51.76,57.23,61.51,64.57
24025,11.65,13.0,14.41,13.05,10.92
24027,0.76,0.9,1.08,1.52,1.3
24029,35.21,35.73,36.33,33.65,30.04
24031,1.5,1.66,1.72,1.82,1.59
24033,3.82,4.06,4.33,4.65,4.2
24035,10.47,10.01,9.36,9.48,9.1
24037,17.13,18.13,19.82,19.75,19.38
24039,59.34,52.39,44.06,47.33,50.62
24041,37.09,35.6,33.82,37.73,41.24
24043,52.18,53.55,54.66,52.11,48.92
24045,11.14,12.41,14.12,18.47,23.15
24047,42.12,43.75,45.74,46.51,47.98
24510,49.38,48.44,47.21,47.54,47.46
25001,34.45,31.35,27.9,27.04,24.73
25003,48.3,50.11,52.07,51.13,48.83
25005,37.95,37.65,37.36,37.39,35.73
25007,2.29,2.14,2.02,3.85,3.7
25009,19.71,18.85,17.88,17.82,15.46
25011,36.1,40.35,45.21,50.39,53.45
25013,52.88,53.66,54.45,54.86,53.58
25015,12.1,11.9,11.28,11.69,9.97
25017,3.82,3.78,3.81,3.98,1.65
25019,1.78,2.66,3.86,13.54,22.13
25021,5.7,5.5,5.33,4.94,2.12
25023,14.45,13.67,12.9,13.08,10.59
25025,22.03,21.32,20.51,19.3,15.31
25027,18.5,18.6,18.55,19.05,16.93
26001,92.71,93.05,93.46,94.19,92.58
26003,76.92,71.99,66.42,71.34,74.47
26005,11.14,9.58,7.95,7.53,5.19
26007,73.8,73.45,72.94,74.7,73.71
26009,52.88,52.89,53.14,54.02,52.63
26011,85.1,85.46,85.96,82.47,76.72
26013,54.19,58.76,64.23,68.06,70.75
26015,30.25,25.9,21.14,21.05,18.95
26017,61.03,58.23,54.77,51.49,46.12
26019,61.83,59.26,56.48,51.09,43.58
26021,40.15,41.54,43.18,44.91,44.03
26023,39.13,39.08,39.08,36.78,31.7
26025,52.88,53.14,53.42,49.39,43.45
26027,66.73,68.02,69.44,69.39,66.89
26029,46.39,43.05,39.37,42.36,43.63
26031,83.25,81.66,80.14,77.75,73.32
26033,67.43,69.64,72.27,69.87,66.13
26035,90.0,91.55,93.17,92.93,90.9
26037,17.13,18.78,20.82,21.49,20.4
26039,82.14,83.88,85.95,87.16,86.11
26041,72.33,72.29,72.12,74.54,75.12
26043,68.9,70.86,72.94,68.46,63.22
26045,52.18,53.19,54.69,56.13,55.53
26047,37.09,31.84,25.91,27.24,26.42
26049,60.08,60.32,60.6,63.93,65.28
26051,89.05,88.49,87.66,86.68,83.91
26053,55.59,52.52,48.71,49.64,49.87
26055,24.96,23.32,21.63,20.91,17.77
26057,47.31,46.91,46.49,45.71,43.52
26059,41.07,42.89,44.93,44.2,41.28
26061,15.47,15.39,15.86,14.58,11.66
26063,58.1,58.22,58.26,55.42,50.47
26065,21.14,23.68,26.63,26.49,24.6
26067,37.95,29.85,20.43,18.67,14.81
26069,91.95,91.97,92.0,89.74,84.47
26071,77.49,72.51,66.55,71.03,74.62
26073,20.25,23.85,28.1,32.02,34.14
26075,50.05,50.33,50.41,47.88,43.52
26077,25.95,25.72,25.58,24.95,21.66
26079,78.73,76.4,73.7,71.3,66.3
26081,17.13,16.04,15.17,13.8,10.82
26083,82.14,70.56,57.52,41.8,24.56
26085,96.31,96.67,97.2,97.48,95.1
26087,41.07,40.34,39.35,39.06,37.35
26089,22.03,21.49,21.22,21.27,19.36
26091,52.18,52.33,52.45,48.32,41.89
26093,8.31,8.4,8.44,9.31,8.13
26095,97.13,93.89,90.48,88.27,84.79
26097,72.97,71.02,69.05,72.74,75.2
26099,35.21,35.18,35.16,35.07,32.61
26101,76.28,74.4,72.59,69.11,63.49
26103,35.21,36.6,38.29,36.91,34.64
26105,67.43,63.31,58.77,57.82,55.37
26107,52.88,51.46,49.75,54.32,56.94
26109,73.8,73.83,73.53,67.12,58.85
26111,29.26,29.88,30.65,31.29,29.75
26113,75.39,75.48,75.54,73.54,69.67
26115,24.96,27.86,31.22,35.16,36.83
26117,74.5,71.84,69.04,64.28,57.47
26119,97.13,96.66,95.95,95.01,91.63
26121,54.19,52.72,51.2,46.01,39.07
26123,75.04,75.07,75.36,73.44,69.96
26125,17.13,16.76,16.39,16.17,14.12
26127,68.9,67.21,65.55,61.62,55.86
26129,93.54,93.58,93.6,93.36,90.8
26131,76.92,76.74,76.49,76.58,75.36
26133,68.9,70.12,71.63,73.91,73.52
26135,92.65,93.12,93.62,93.59,91.12
26137,61.83,65.19,69.24,68.07,64.16
26139,7.07,6.97,7.23,6.96,5.23
26141,79.43,80.35,81.5,80.82,77.72
26143,98.31,98.4,98.4,98.02,95.31
26145,57.18,57.93,59.03,62.37,63.66
26147,62.53,62.74,62.78,61.7,59.26
26149,44.19,46.06,48.35,51.38,51.86
26151,61.03,64.41,68.3,70.49,71.26
26153,85.1,86.5,88.41,87.71,85.03
26155,52.18,51.14,49.76,50.65,49.94
26157,76.92,77.0,77.06,77.61,76.3
26159,48.3,47.24,45.9,42.17,35.88
26161,2.71,3.24,3.67,4.02,2.31
26163,56.48,56.05,55.42,53.78,49.52
26165,58.1,56.64,55.03,54.54,51.68
27001,71.25,70.61,69.85,74.07,77.61
27003,6.11,6.33,6.52,6.38,5.74
27005,20.25,24.34,28.74,32.93,36.04
27007,19.2,24.05,29.37,31.7,32.43
27009,27.63,26.17,24.57,19.58,14.05
27011,57.18,53.99,50.81,39.31,26.56
27013,5.35,5.59,5.56,5.29,5.13
27015,7.07,7.86,8.6,8.15,8.11
27017,16.14,19.23,22.79,29.82,36.55
27019,0.48,0.53,0.6,0.83,0.91
27021,55.59,53.29,50.57,45.74,39.81
27023,31.33,31.16,31.04,30.55,29.37
27025,17.13,17.49,17.83,15.62,13.03
27027,6.11,6.16,6.04,7.76,7.15
27029,58.1,60.31,62.27,65.3,66.59
27031,17.89,23.91,30.36,27.09,22.89
27033,37.09,38.46,39.85,37.16,34.57
27035,36.1,36.02,36.08,35.93,34.95
27037,2.99,2.97,2.8,3.19,3.69
27039,1.78,2.16,2.55,2.25,1.62
27041,24.29,23.63,22.96,22.33,20.91
27043,24.29,23.44,22.24,21.73,21.34
27045,19.2,17.12,14.47,12.69,10.44
27047,35.21,34.51,33.52,27.84,22.0
27049,12.7,11.92,10.72,8.37,5.58
27051,33.37,34.21,35.42,36.11,35.48
27053,5.7,5.85,5.94,6.18,6.38
27055,9.81,11.39,13.15,12.6,11.88
27057,44.19,46.04,47.97,47.51,45.87
27059,26.62,26.66,26.58,23.82,20.74
27061,55.59,53.24,50.49,55.64,59.03
27063,5.7,8.08,10.5,14.62,18.6
27065,66.73,68.13,69.83,68.6,67.5
27067,15.47,16.15,17.2,18.42,19.81
27069,41.07,29.57,16.87,15.73,13.18
27071,58.1,60.0,62.21,64.8,65.5
27073,43.08,43.29,43.85,45.75,46.77
27075,28.46,32.67,37.27,43.84,49.27
27077,21.14,16.25,10.78,12.55,12.8
27079,7.64,8.68,10.05,10.8,11.43
27081,32.38,29.9,27.05,25.78,23.91
27083,7.64,6.59,5.55,6.57,7.59
27085,14.45,15.39,16.53,19.38,22.43
27087,29.26,36.42,44.3,46.28,46.6
27089,20.25,19.51,19.25,20.2,19.59
27091,36.1,36.79,37.12,40.8,44.94
27093,13.37,13.29,13.13,12.73,12.24
27095,51.07,50.31,49.41,49.31,48.82
27097,22.03,21.84,21.7,21.48,21.04
27099,23.43,22.98,22.23,18.09,13.62
27101,30.25,28.36,25.94,25.19,24.35
27103,12.7,15.02,17.68,19.18,21.03
27105,9.81,14.71,20.52,19.99,19.3
27107,14.04,16.99,19.86,19.74,17.82
27109,5.35,6.14,6.96,5.98,4.6
27111,32.38,30.16,27.39,26.92,25.27
27113,25.95,23.24,20.16,20.34,18.11
27115,68.64,67.81,66.68,67.97,69.49
27117,24.96,29.35,34.67,37.19,39.51
27119,26.62,27.86,29.18,27.72,24.14
27121,33.37,33.58,33.84,33.86,33.09
27123,15.47,15.7,15.88,15.69,15.2
27125,22.67,23.6,24.62,22.74,18.53
27127,26.62,20.17,12.68,11.04,9.48
27129,16.14,12.29,8.09,10.07,12.37
27131,5.7,5.41,5.22,4.38,3.04
27133,15.47,14.96,14.26,15.78,16.4
27135,9.81,9.75,10.19,10.79,9.91
27137,40.15,40.25,40.19,40.07,38.98
27139,0.76,0.85,0.98,1.26,1.89
27141,2.42,2.54,2.63,3.62,3.69
27143,11.65,10.9,9.93,10.81,12.04
27145,10.47,9.99,9.39,9.04,8.49
27147,12.7,12.92,13.24,11.64,9.48
27149,19.71,16.35,12.56,10.95,8.56
27151,37.09,35.76,34.41,37.21,38.88
27153,31.33,33.87,36.85,33.11,29.19
27155,75.8,71.85,67.56,63.73,58.43
27157,14.04,18.14,22.88,24.52,25.99
27159,68.0,67.05,65.9,60.09,53.37
27161,18.5,16.63,14.31,13.91,13.15
27163,2.71,3.15,3.48,3.63,3.77
27165,9.07,16.54,25.09,28.88,32.93
27167,41.07,41.82,42.53,42.79,40.82
27169,14.45,14.71,15.07,13.66,12.19
27171,1.94,2.77,3.82,4.24,3.69
27173,20.25,23.22,27.01,29.2,31.08
28001,51.07,53.35,56.93,61.51,66.14
28003,82.14,83.98,86.29,87.78,87.59
28005,89.72,84.46,79.29,87.36,95.3
28007,79.43,85.14,90.87,91.08,90.04
28009,75.04,74.95,74.78,75.13,73.36
28011,61.83,69.48,78.1,75.34,70.81
28013,84.18,86.51,89.46,91.35,91.92
28015,67.43,73.24,79.44,74.69,67.8
28017,62.53,60.56,58.68,62.5,64.76
28019,95.86,97.3,98.57,97.88,95.71
28021,42.12,40.56,39.62,39.11,38.8
28023,93.03,92.76,92.52,93.94,93.7
28025,42.12,29.61,15.44,9.11,1.44
28027,42.12,40.08,37.98,39.2,38.34
28029,61.83,52.49,41.96,38.13,34.28
28031,92.71,86.46,79.85,76.95,72.45
28033,14.04,14.33,15.07,17.84,18.0
28035,84.18,85.0,86.31,85.7,83.64
28037,80.83,69.28,56.76,70.25,83.74
28039,84.69,84.45,84.74,85.29,84.31
28041,94.62,89.66,84.1,82.93,80.25
28043,90.67,87.68,84.09,81.15,76.2
28045,67.43,72.33,77.96,64.98,50.88
28047,49.38,50.76,52.22,52.2,50.84
28049,22.67,21.34,19.83,21.83,23.21
28051,34.45,47.87,62.17,76.15,88.21
28053,48.3,65.08,83.38,90.56,95.92
28055,82.14,87.18,92.45,95.72,98.38
28057,86.25,83.71,81.38,70.55,57.33
28059,68.64,67.32,65.76,66.28,65.49
28061,80.83,77.04,73.09,71.9,69.31
28063,54.19,38.95,21.58,22.93,24.54
28065,87.39,81.26,74.86,69.92,63.66
28067,70.68,66.77,62.73,62.18,60.31
28069,82.14,82.52,82.76,84.08,83.95
28071,9.07,10.7,12.66,11.69,8.23
28073,45.27,45.39,45.85,43.93,40.65
28075,76.28,76.81,77.34,75.32,71.78
28077,57.18,50.39,43.29,58.95,73.79
28079,90.32,91.76,92.83,93.1,92.27
28081,62.53,58.85,54.73,49.14,41.25
28083,17.89,15.4,11.36,9.21,4.61
28085,50.05,48.65,48.37,46.48,44.43
28087,50.05,38.79,26.16,18.84,10.11
28089,9.07,8.08,6.33,6.47,5.8
28091,88.19,85.59,83.12,87.16,89.95
28093,33.37,34.09,35.01,48.52,59.61
28095,64.37,57.52,50.38,49.0,45.65
28097,78.1,85.59,93.94,90.06,84.54
28099,80.83,83.8,86.97,82.96,77.52
28101,78.73,80.13,81.77,81.51,80.12
28103,89.05,87.02,85.02,85.95,85.23
28105,16.14,15.02,14.6,14.98,14.1
28107,52.18,59.96,69.95,73.08,74.48
28109,80.83,80.59,80.31,80.7,79.89
28111,98.47,98.04,97.85,98.09,96.72
28113,79.43,72.51,65.24,67.17,68.55
28115,77.49,78.94,80.74,80.0,77.2
28117,87.68,88.47,89.65,85.16,78.41
28119,66.06,65.18,64.74,62.77,58.84
28121,33.37,29.4,24.95,25.94,26.48
28123,87.68,89.57,91.83,92.25,91.5
28125,78.73,84.08,89.26,86.13,81.94
28127,70.68,69.95,70.05,70.42,69.85
28129,86.25,79.99,73.14,77.54,80.69
28131,80.32,77.04,73.11,78.41,82.76
28133,27.63,34.46,41.73,43.94,44.58
28135,85.1,73.69,60.14,52.21,42.06
28137,60.08,54.42,47.62,45.54,41.02
28139,83.25,82.61,81.63,86.17,88.86
28141,92.71,91.53,90.63,89.89,87.31
28143,45.27,35.34,24.1,20.63,14.9
28145,73.8,76.25,79.07,80.28,79.13
28147,88.19,84.93,81.77,85.2,87.89
28149,28.46,40.11,53.51,63.01,72.4
28151,74.5,78.27,81.82,87.46,91.4
28153,93.79,92.16,90.41,89.43,86.77
28155,85.1,87.09,89.31,90.55,90.39
28157,96.75,95.89,95.23,95.64,96.13
28159,75.39,78.47,81.87,83.67,83.99
28161,79.43,72.01,63.38,62.4,59.73
28163,66.73,78.33,90.53,94.52,97.74
29001,19.71,19.14,19.16,19.61,19.33
29003,37.95,38.12,38.12,34.8,30.31
29005,72.33,73.29,74.56,72.33,68.86
29007,45.27,48.44,52.45,59.8,66.43
29009,65.33,67.87,70.81,61.8,52.31
29011,82.14,76.91,70.66,76.0,80.86
29013,73.8,68.11,61.43,62.31,61.28
29015,97.04,96.77,96.68,97.23,96.41
29017,96.31,95.14,93.64,92.14,88.7
29019,7.64,9.73,12.43,13.48,13.77
29021,52.18,53.47,54.73,53.69,51.66
29023,96.69,96.67,96.69,96.31,94.4
29025,70.68,68.11,65.67,56.09,45.77
29027,52.88,49.16,45.36,41.46,36.36
29029,66.06,70.67,76.6,76.43,75.53
29031,32.38,31.79,31.09,32.31,31.96
29033,61.03,59.59,58.42,49.64,41.03
29035,92.14,94.47,97.14,97.02,95.47
29037,27.63,28.22,28.86,29.73,29.12
29039,90.93,89.29,87.58,87.86,87.13
29041,72.97,70.47,67.71,66.59,65.45
29043,18.5,23.55,29.27,29.79,30.31
29045,40.15,39.99,39.89,40.4,40.66
29047,16.14,17.04,18.14,16.67,14.19
29049,22.03,23.59,25.84,24.41,22.07
29051,36.1,26.72,16.62,13.8,10.13
29053,45.27,50.74,57.35,57.12,56.0
29055,89.72,90.12,90.85,90.79,89.04
29057,74.5,74.45,74.38,63.94,53.13
29059,90.93,90.22,89.45,88.7,87.59
29061,60.08,53.43,45.97,35.11,23.49
29063,68.9,64.76,60.06,51.06,40.89
29065,96.75,94.84,92.38,90.62,88.13
29067,90.32,89.15,87.67,87.65,86.77
29069,91.63,91.74,91.83,88.49,82.78
29071,20.25,24.97,30.61,33.06,34.11
29073,76.92,73.12,69.13,68.69,66.69
29075,61.03,60.54,60.21,57.81,54.13
29077,34.45,38.63,43.1,42.15,41.0
29079,51.07,52.37,54.78,53.36,50.92
29081,82.14,76.99,71.44,77.6,82.79
29083,82.14,83.09,84.25,83.93,81.85
29085,94.62,95.13,95.9,95.37,94.25
29087,55.59,60.03,65.35,69.32,72.08
29089,42.12,49.3,57.76,53.58,48.66
29091,83.79,86.14,88.73,87.92,86.08
29093,97.23,97.05,96.76,95.71,93.38
29095,31.33,30.35,29.06,26.4,22.21
29097,33.37,35.66,38.31,41.41,44.08
29099,25.95,26.6,27.17,29.13,29.83
29101,20.25,19.3,18.4,19.83,19.66
29103,81.41,83.13,85.5,79.73,73.23
29105,78.73,76.11,72.87,69.56,65.97
29107,45.27,44.07,43.09,41.2,38.4
29109,57.18,64.18,72.03,70.77,69.42
29111,23.43,25.99,29.07,34.25,38.95
29113,60.08,52.26,42.99,42.75,41.17
29115,51.07,46.11,40.96,37.09,32.95
29117,44.19,40.97,37.76,33.99,29.76
29119,66.73,65.58,64.16,47.46,30.78
29121,77.49,72.62,67.32,67.2,66.51
29123,95.64,94.76,93.92,94.32,93.15
29125,88.6,83.29,77.82,74.08,68.97
29127,45.27,40.9,36.13,35.95,34.87
29129,45.27,45.61,46.99,47.91,47.78
29131,66.06,61.04,55.54,57.77,58.61
29133,85.1,84.77,84.19,88.45,90.33
29135,35.21,29.11,22.34,24.01,24.24
29137,62.53,65.52,69.41,60.61,51.51
29139,68.0,66.23,64.53,68.47,71.36
29141,79.43,73.97,68.01,72.84,76.45
29143,93.03,93.38,93.74,90.8,85.38
29145,43.08,42.86,42.36,40.06,37.41
29147,30.25,26.76,22.42,16.24,8.34
29149,97.26,96.93,96.26,95.44,93.53
29151,52.88,40.63,26.96,20.33,12.46
29153,89.72,88.5,87.31,91.27,94.75
29155,98.31,98.24,98.21,97.54,94.27
29157,52.88,52.28,51.47,43.83,34.84
29159,69.91,67.21,64.13,61.84,58.16
29161,59.34,58.61,58.03,58.01,56.9
29163,54.19,44.81,34.04,31.8,28.42
29165,10.47,13.07,15.86,16.73,16.46
29167,66.06,62.49,58.22,51.4,43.88
29169,67.43,74.01,81.84,77.83,73.29
29171,91.63,85.93,79.68,61.8,42.26
29173,48.3,43.89,39.14,36.23,32.25
29175,70.68,68.37,65.44,63.55,61.17
29177,61.03,55.31,48.79,37.02,24.84
29179,97.87,98.09,98.15,97.99,96.57
29181,98.89,99.42,99.9,99.46,97.46
29183,5.7,6.07,6.51,7.04,5.82
29185,94.17,93.17,92.26,90.82,87.93
29186,52.18,52.78,53.37,51.43,48.35
29187,87.07,87.13,87.09,86.59,84.59
29189,18.5,18.62,18.5,17.65,15.65
29195,72.33,70.01,67.27,65.75,63.75
29197,63.61,61.12,58.5,56.67,53.85
29199,46.39,43.05,39.09,34.92,30.05
29201,72.33,75.66,79.8,81.47,80.69
29203,90.32,93.28,96.48,95.56,93.38
29205,64.37,58.94,52.76,45.03,36.54
29207,93.03,93.76,94.54,94.56,92.55
29209,84.69,84.3,83.68,79.34,74.86
29211,48.3,38.31,27.03,17.49,6.75
29213,71.25,69.92,68.44,66.46,63.8
29215,92.14,93.44,94.64,94.6,94.07
29217,72.97,71.35,69.68,67.72,64.61
29219,46.39,47.65,49.57,50.0,48.82
29221,97.99,97.99,97.96,97.51,95.57
29223,98.89,99.2,99.51,99.35,98.0
29225,41.07,42.22,43.32,40.24,36.54
29227,49.38,51.74,55.06,54.7,52.51
29229,82.84,83.2,83.59,82.71,81.12
29510,51.07,50.52,49.72,49.04,47.16
30001,41.07,44.76,48.77,56.73,63.18
30003,9.81,6.8,3.42,3.47,1.92
30005,78.1,82.09,86.55,87.46,86.02
30007,58.1,63.18,69.32,67.53,63.78
30009,50.05,51.7,54.01,56.23,57.11
30011,31.33,31.46,31.4,29.75,26.53
30013,47.31,46.2,44.84,44.25,40.46
30015,12.7,13.94,15.17,13.09,7.96
30017,57.18,64.65,72.78,77.96,81.63
30019,32.38,40.53,49.62,50.82,50.52
30021,41.07,33.95,25.98,32.19,37.09
30023,94.91,94.95,95.08,96.33,96.29
30025,17.89,19.98,22.25,35.43,47.09
30027,41.07,32.37,22.47,28.17,31.64
30029,11.14,12.74,14.64,17.28,18.36
30031,1.66,1.67,1.68,1.73,-0.07
30033,22.67,16.66,9.98,8.23,4.88
30035,31.33,23.55,14.9,11.33,5.43
30037,67.43,60.35,52.79,62.05,69.38
30039,79.94,78.33,76.59,74.46,70.8
30041,47.31,48.76,50.14,43.82,35.2
30043,37.95,33.33,27.72,38.47,47.35
30045,24.29,30.74,38.54,36.12,31.25
30047,41.07,40.6,40.02,46.3,50.83
30049,33.37,33.31,33.6,30.58,25.49
30051,65.33,65.35,65.23,66.54,65.02
30053,87.68,87.24,87.39,90.28,90.87
30055,34.45,29.45,24.28,20.28,15.13
30057,22.03,30.01,38.76,36.92,33.41
30059,60.08,53.88,46.82,51.91,55.02
30061,91.63,92.68,93.58,84.51,73.48
30063,20.25,22.01,23.89,20.06,14.1
30065,47.31,45.41,43.51,40.48,35.95
30067,18.5,15.6,12.54,10.16,5.75
30069,14.04,20.32,27.69,18.85,8.06
30071,66.06,63.52,60.45,69.22,76.41
30073,63.61,63.74,64.08,66.43,66.06
30075,48.3,53.7,59.4,51.75,42.74
30077,56.48,51.35,45.4,56.25,65.27
30079,56.48,55.82,55.07,56.65,57.16
30081,72.97,76.75,81.02,80.85,78.39
30083,11.14,16.73,23.31,28.33,31.61
30085,32.38,26.42,19.62,16.44,11.51
30087,58.1,65.28,72.94,75.77,77.37
30089,78.1,79.83,81.68,84.07,84.64
30091,27.63,26.44,25.07,38.43,50.35
30093,68.9,71.73,75.0,77.95,79.13
30095,31.33,29.17,27.12,31.9,35.81
30097,47.31,39.48,31.0,40.76,48.64
30099,51.07,50.58,49.99,48.93,45.18
30101,63.61,67.3,71.74,73.51,72.6
30103,44.19,47.49,50.91,69.93,87.48
30105,40.15,42.34,44.89,49.63,53.06
30107,30.25,24.71,19.09,21.99,22.9
30109,34.45,31.45,28.01,41.34,53.53
30111,26.62,23.96,21.23,21.29,19.49
31001,23.43,28.93,35.49,29.4,21.3
31003,54.92,52.04,48.43,43.08,36.23
31005,4.08,7.6,11.22,25.16,38.34
31007,50.05,46.3,41.58,34.88,26.49
31009,3.57,10.07,16.75,36.66,55.37
31011,17.89,18.05,18.01,21.06,22.45
31013,7.64,9.15,10.39,15.43,19.23
31015,67.43,66.97,67.24,65.43,61.89
31017,39.13,38.62,38.36,37.58,35.26
31019,6.81,9.14,11.76,13.17,12.5
31021,54.92,54.83,54.82,53.52,51.62
31023,25.95,21.91,16.91,19.21,20.13
31025,7.64,6.27,4.79,7.84,10.15
31027,9.81,12.13,14.59,11.6,7.07
31029,23.43,21.11,18.54,20.36,20.78
31031,30.25,30.02,30.75,27.63,22.85
31033,17.89,27.68,38.1,42.32,44.92
31035,55.59,52.71,49.27,42.0,33.25
31037,1.5,2.38,3.7,6.29,7.24
31039,21.14,16.37,10.77,9.56,7.06
31041,24.96,26.2,27.17,31.34,33.75
31043,2.71,4.65,7.07,11.62,15.13
31045,9.07,11.6,14.25,15.04,13.77
31047,18.5,20.46,22.8,24.1,23.63
31049,24.96,42.64,61.96,67.93,72.85
31051,24.96,28.19,32.03,27.08,20.9
31053,30.25,29.22,28.0,27.54,25.66
31055,8.31,8.58,9.19,8.91,7.64
31057,22.03,16.62,10.47,17.89,23.33
31059,56.48,55.46,54.18,45.71,35.49
31061,57.18,59.72,62.71,59.31,53.52
31063,36.1,50.17,66.38,75.85,83.53
31065,60.08,63.22,67.22,69.68,70.08
31067,51.07,50.59,49.71,50.61,50.36
31069,31.33,46.05,61.61,69.83,77.34
31071,34.45,42.64,51.1,40.73,28.32
31073,39.13,34.57,28.63,19.88,8.97
31075,11.65,14.14,16.56,16.81,16.65
31077,42.12,42.49,42.68,40.16,35.67
31079,17.89,19.35,20.93,21.06,19.94
31081,18.5,16.98,14.54,11.88,7.71
31083,58.1,57.74,57.46,56.05,52.57
31085,61.03,57.8,53.81,55.1,54.99
31087,74.5,74.6,74.54,77.27,78.0
31089,37.95,36.66,34.99,31.15,25.55
31091,97.71,97.66,97.6,77.88,56.99
31093,39.13,34.78,29.39,24.27,17.51
31095,57.18,59.11,61.63,67.82,72.59
31097,27.63,39.54,53.76,57.39,60.09
31099,17.89,17.46,16.72,16.26,13.46
31101,22.03,25.86,29.6,33.91,37.64
31103,44.19,28.73,11.58,8.15,3.65
31105,52.88,58.81,65.51,60.56,54.19
31107,28.46,29.48,30.6,35.66,39.25
31109,9.07,9.61,10.15,9.8,8.25
31111,42.12,41.04,40.35,40.14,39.1
31113,37.09,23.83,8.77,6.16,2.84
31115,22.67,41.07,61.79,62.67,61.81
31117,51.07,33.79,14.04,7.53,0.49
31119,12.1,11.66,11.56,10.89,8.75
31121,32.38,40.85,50.73,53.41,54.24
31123,44.19,42.98,41.05,36.81,30.99
31125,50.05,51.97,53.88,53.38,51.46
31127,42.12,40.89,39.06,44.95,50.16
31129,70.68,68.08,64.78,54.62,42.57
31131,35.21,39.14,43.59,45.85,47.42
31133,42.12,37.67,31.99,40.86,48.69
31135,18.5,22.32,26.49,27.8,27.71
31137,22.67,22.01,21.17,25.48,27.81
31139,12.7,12.74,12.9,14.49,14.29
31141,9.07,7.64,5.85,7.77,7.84
31143,15.03,18.41,22.1,21.07,18.45
31145,30.25,34.67,39.77,43.02,43.96
31147,54.92,55.32,55.71,54.4,51.99
31149,29.26,28.17,27.05,24.36,19.99
31151,24.96,20.96,16.0,14.49,11.44
31153,2.99,2.86,2.92,3.78,3.58
31155,25.95,28.29,31.22,29.54,27.03
31157,42.12,41.33,40.51,43.15,43.93
31159,9.81,9.59,9.37,8.25,5.52
31161,52.88,60.61,69.3,71.27,71.59
31163,48.3,49.8,51.36,50.65,48.42
31165,3.41,3.59,3.86,5.49,5.24
31167,22.67,18.94,14.7,16.28,16.29
31169,43.08,44.48,46.21,41.28,34.85
31171,9.81,20.41,32.87,33.97,34.45
31173,19.2,20.58,22.09,22.84,22.91
31175,62.53,59.45,54.94,45.97,35.3
31177,32.38,34.82,38.07,30.5,22.02
31179,9.81,8.47,6.92,6.27,4.48
31181,54.19,52.37,50.05,41.6,31.25
31183,29.26,37.92,47.85,55.55,61.58
31185,19.2,25.65,33.22,30.89,26.97
32001,64.37,52.1,39.38,42.27,43.92
32003,21.14,20.71,20.09,19.28,17.93
32005,54.19,51.02,47.92,41.81,35.21
32007,16.14,16.78,17.27,14.77,11.72
32009,75.04,76.22,77.5,81.82,85.89
32011,44.19,55.79,68.76,57.8,46.81
32013,15.47,13.9,12.93,18.05,23.32
32015,14.04,13.1,12.08,23.38,34.54
32017,45.27,64.37,84.92,84.36,84.15
32019,82.14,76.08,69.91,65.05,59.65
32021,96.69,86.86,76.45,59.28,41.96
32023,95.99,96.04,95.93,95.21,94.55
32027,76.28,57.67,37.88,30.59,23.22
32029,94.62,92.37,90.46,88.49,86.25
32031,20.25,18.41,17.4,18.18,19.48
32033,82.14,70.63,57.86,50.9,43.77
32510,92.71,90.78,89.25,76.78,63.93
33001,40.15,45.39,51.66,53.79,54.33
33003,60.08,56.68,52.51,53.73,53.42
33005,32.38,32.87,33.29,33.08,30.63
33007,82.84,83.9,85.11,85.62,84.86
33009,33.37,36.38,39.87,36.36,31.55
33011,13.37,14.67,16.03,16.61,14.58
33013,33.37,32.67,31.72,33.12,32.64
33015,7.64,8.26,9.06,9.85,8.23
33017,25.95,24.23,22.26,22.83,21.14
33019,40.15,37.48,34.19,30.45,25.22
34001,25.95,27.42,29.36,33.02,35.63
34003,1.78,1.87,1.94,1.98,1.35
34005,14.04,14.96,16.0,16.18,15.59
34007,31.33,30.61,29.77,30.36,30.07
34009,41.07,39.03,36.77,38.48,39.33
34011,43.08,39.82,36.06,38.33,40.24
34013,22.67,20.23,17.23,15.73,13.29
34015,24.29,24.16,24.21,22.83,20.77
34017,4.62,4.25,3.89,3.62,2.42
34019,3.41,3.36,3.23,2.74,1.64
34021,6.81,7.51,8.29,8.0,7.15
34023,3.41,3.42,3.53,4.16,4.13
34025,6.4,6.52,6.78,7.31,7.55
34027,1.78,1.85,2.04,2.17,1.15
34029,30.25,29.1,27.7,26.34,24.74
34031,3.18,2.95,2.72,2.63,1.91
34033,54.19,50.97,47.24,46.49,44.81
34035,1.66,1.68,1.64,1.51,0.86
34037,7.07,8.58,10.17,10.08,9.03
34039,4.33,4.02,3.6,3.59,2.59
34041,17.89,20.21,22.86,21.83,19.73
35001,29.26,29.65,30.1,34.98,38.71
35003,99.3,99.35,99.45,99.55,98.4
35005,65.33,62.51,59.67,61.33,62.33
35006,94.91,95.94,96.8,93.83,90.37
35007,89.05,90.5,91.8,93.27,93.26
35009,61.03,57.52,53.9,57.4,59.85
35011,94.91,93.85,92.75,79.47,65.28
35013,17.13,23.7,31.06,35.91,39.92
35015,39.13,34.35,29.43,36.09,41.61
35017,88.6,84.16,79.03,81.11,82.48
35019,85.77,88.9,92.5,86.46,79.72
35021,89.05,91.1,93.19,84.02,73.64
35023,75.8,81.42,87.83,84.76,80.88
35025,19.2,17.6,16.45,18.24,18.63
35027,78.73,76.77,74.58,81.57,87.13
35028,12.1,8.34,4.43,3.57,2.01
35029,86.25,86.31,86.22,85.62,84.56
35031,47.31,53.34,59.98,57.89,55.89
35033,97.99,98.31,98.75,98.98,97.81
35035,57.18,59.22,61.5,69.59,76.12
35037,96.18,94.03,91.79,90.21,87.61
35039,62.53,57.68,52.55,47.75,41.65
35041,68.0,66.06,64.25,70.75,75.81
35043,24.29,25.41,26.8,30.61,33.67
35045,37.95,40.69,43.47,43.89,43.97
35047,99.43,99.35,99.28,98.4,96.88
35049,30.25,27.66,24.98,29.96,34.4
35051,95.64,96.75,97.88,97.87,97.22
35053,97.96,98.17,98.32,97.23,94.65
35055,82.14,80.08,78.05,72.89,66.5
35057,66.06,64.95,63.76,68.81,72.46
35059,73.8,79.41,85.52,89.85,91.96
35061,80.83,80.11,79.29,82.64,84.67
36001,12.7,12.7,12.7,12.52,10.99
36003,51.07,53.18,55.24,54.24,51.37
36005,34.45,37.71,41.64,45.45,48.89
36007,47.31,49.09,50.92,50.66,49.07
36009,47.31,50.14,53.19,51.86,48.6
36011,33.37,37.77,42.74,40.64,37.47
36013,50.05,50.08,50.09,53.04,54.06
36015,36.1,41.72,48.07,50.66,51.45
36017,72.97,75.59,78.46,77.27,75.01
36019,51.07,51.77,52.81,55.23,57.16
36021,54.92,54.04,53.31,48.85,42.72
36023,24.96,25.95,26.78,25.7,23.65
36025,61.03,59.9,58.31,62.12,64.94
36027,28.46,27.6,26.57,23.83,20.48
36029,27.63,27.95,28.0,28.02,26.35
36031,62.53,62.51,62.25,57.76,53.01
36033,46.39,47.61,48.93,52.82,55.67
36035,62.53,60.17,56.96,57.57,56.82
36037,32.38,37.76,43.93,43.17,41.27
36039,46.39,41.47,35.67,30.68,24.44
36041,83.79,89.76,96.44,92.79,88.18
36043,41.07,45.85,51.12,51.09,50.27
36045,31.33,34.23,37.39,38.64,39.06
36047,7.07,7.27,7.41,7.15,6.05
36049,37.09,39.03,40.9,41.01,40.74
36051,24.29,25.29,26.13,22.72,18.4
36053,15.47,18.94,22.69,22.22,20.71
36055,26.62,28.59,30.66,32.7,33.8
36057,48.3,51.87,56.07,55.83,54.42
36059,2.29,2.24,2.11,2.24,1.84
36061,6.4,7.15,7.94,8.38,8.14
36063,28.46,30.95,33.55,34.63,34.13
36065,47.31,46.06,44.09,38.64,32.24
36067,22.03,22.89,23.31,23.8,22.81
36069,18.5,19.9,21.36,22.99,23.51
36071,19.71,18.94,18.02,16.84,14.92
36073,65.33,64.37,62.91,58.79,53.12
36075,43.08,45.48,47.8,45.77,42.41
36077,27.63,30.57,33.79,34.93,35.6
36079,9.81,8.87,7.83,6.47,4.31
36081,5.35,5.38,5.36,5.46,4.99
36083,26.62,28.16,30.25,32.42,33.29
36085,6.81,6.6,6.42,6.33,5.35
36087,4.62,4.41,4.14,3.53,2.43
36089,54.92,55.65,56.23,56.29,54.78
36091,14.45,14.0,13.29,13.0,11.58
36093,31.33,28.92,26.0,26.55,26.01
36095,52.18,53.75,55.75,56.21,55.94
36097,52.88,57.09,61.59,61.04,59.09
36099,54.92,58.68,62.8,61.44,58.79
36101,52.18,51.83,50.97,48.87,45.42
36103,5.03,5.06,5.07,5.08,4.51
36105,50.05,53.41,57.27,56.02,53.56
36107,36.1,38.62,41.2,43.47,44.33
36109,4.08,4.53,4.48,5.07,4.06
36111,33.37,33.16,32.93,35.16,36.46
36113,42.12,43.58,44.83,44.43,42.99
36115,34.45,37.43,40.68,45.53,49.37
36117,43.08,43.68,44.03,44.79,44.52
36119,3.82,4.12,4.44,4.63,4.41
36121,27.63,30.83,34.07,30.99,26.98
36123,26.62,25.12,22.99,18.56,13.05
37001,42.12,40.71,39.12,35.95,31.68
37003,71.25,71.56,71.91,70.23,66.75
37005,84.69,88.55,92.84,87.95,81.03
37007,80.83,76.11,70.61,71.69,71.73
37009,48.3,50.26,52.29,53.7,53.39
37011,90.0,86.61,82.86,79.0,73.51
37013,75.39,75.56,75.98,72.79,68.42
37015,91.47,90.23,88.71,92.21,94.52
37017,91.47,88.53,85.21,78.26,69.61
37019,68.9,67.93,66.96,62.5,56.21
37021,35.21,33.65,31.64,29.83,27.42
37023,85.1,84.37,83.69,84.08,82.99
37025,8.31,8.26,8.57,8.65,7.55
37027,76.28,74.75,73.22,73.97,73.29
37029,37.95,35.5,32.68,38.62,43.8
37031,79.94,80.05,80.39,76.5,71.33
37033,89.05,82.28,74.52,75.23,74.27
37035,39.13,38.35,37.59,34.7,30.05
37037,39.13,43.07,47.45,45.04,42.0
37039,85.77,85.81,85.58,83.61,78.77
37041,51.07,51.15,51.29,58.63,65.04
37043,66.06,69.5,73.21,76.26,76.13
37045,62.53,59.97,57.19,51.69,44.91
37047,85.1,83.63,82.24,80.46,77.18
37049,68.9,66.11,62.81,57.82,50.99
37051,57.18,60.47,63.83,62.67,60.01
37053,37.95,38.9,40.39,35.93,30.89
37055,42.12,35.98,29.57,23.26,15.88
37057,64.37,61.58,57.91,53.54,47.66
37059,35.21,41.14,48.31,50.97,51.7
37061,72.33,75.31,79.0,78.09,75.89
37063,6.4,6.22,6.16,5.56,3.75
37065,71.95,67.89,63.05,59.53,54.01
37067,11.65,10.18,8.51,9.91,9.45
37069,44.19,46.88,50.44,53.02,53.56
37071,55.59,53.85,52.12,48.94,44.25
37073,74.5,81.07,88.48,90.25,91.12
37075,76.92,80.59,84.3,86.52,86.07
37077,68.0,62.53,56.36,51.62,45.27
37079,90.0,91.47,93.18,91.35,87.64
37081,11.65,11.82,12.16,13.29,12.92
37083,90.32,84.55,78.82,78.05,75.67
37085,33.37,32.36,30.65,34.81,38.01
37087,64.37,66.32,67.87,67.38,65.12
37089,56.48,52.05,46.66,44.19,40.49
37091,80.32,83.67,87.69,89.97,91.46
37093,39.13,49.0,60.62,66.06,70.22
37095,71.95,56.42,39.04,38.98,37.62
37097,26.62,26.66,26.64,23.9,19.77
37099,24.29,30.12,36.19,37.18,36.17
37101,35.21,36.21,37.32,36.27,34.21
37103,97.04,97.03,96.95,96.0,93.36
37105,37.09,42.02,47.4,53.33,58.43
37107,94.17,94.55,94.93,94.28,92.3
37109,50.05,47.96,45.77,43.05,38.72
37111,86.25,86.01,86.19,85.86,84.43
37113,64.37,66.86,68.68,70.6,70.19
37115,46.39,52.14,59.18,62.53,64.81
37117,78.1,78.63,79.47,81.61,82.49
37119,3.18,2.41,1.74,1.68,0.44
37121,90.32,87.35,84.06,82.22,78.71
37123,41.07,42.32,43.84,53.43,61.89
37125,46.39,49.42,52.59,51.82,50.36
37127,56.48,56.69,57.12,57.55,55.44
37129,22.67,22.61,22.83,21.5,18.45
37131,94.46,89.48,84.68,83.49,80.82
37133,59.34,62.34,65.91,61.45,55.47
37135,2.99,3.0,2.86,2.21,0.58
37137,88.6,87.67,87.16,85.26,81.86
37139,43.08,43.23,43.6,46.35,48.15
37141,70.68,66.36,61.27,60.06,57.3
37143,69.91,62.26,53.05,57.53,60.78
37145,79.94,77.73,75.73,78.54,80.03
37147,21.14,22.37,23.74,28.64,32.11
37149,59.34,64.4,70.75,75.04,77.93
37151,37.95,43.73,50.5,56.21,60.8
37153,76.28,74.72,72.93,70.34,66.69
37155,61.03,60.06,58.93,57.63,55.17
37157,61.83,57.62,52.91,54.46,54.43
37159,54.92,53.46,51.69,52.99,53.19
37161,87.68,85.79,83.69,83.46,82.22
37163,80.32,78.51,76.3,63.4,49.02
37165,85.77,79.82,72.58,67.39,61.25
37167,54.92,49.84,43.86,47.66,50.41
37169,50.05,49.36,48.74,57.11,64.33
37171,81.41,82.27,83.24,83.2,81.59
37173,48.3,59.57,72.36,74.79,74.91
37175,55.59,56.54,57.38,52.96,46.56
37177,85.1,87.72,91.63,90.42,88.18
37179,4.62,4.09,3.71,4.36,3.84
37181,86.25,79.67,72.24,72.88,71.31
37183,1.94,2.13,2.44,2.26,1.13
37185,88.19,85.28,82.52,82.02,79.59
37187,92.14,92.09,92.36,92.89,92.54
37189,11.14,11.53,12.08,12.13,10.45
37191,65.33,63.03,60.17,55.85,49.9
37193,71.95,73.75,75.69,75.27,72.98
37195,47.31,49.2,51.46,49.87,45.93
37197,64.37,64.13,63.5,59.64,54.23
37199,84.69,80.67,75.94,73.65,70.1
38001,13.37,9.71,6.09,16.54,25.6
38003,29.26,33.9,39.0,29.27,17.36
38005,7.07,20.3,34.19,43.08,50.89
38007,4.33,9.54,15.45,20.22,23.73
38009,34.45,40.54,46.54,46.49,45.45
38011,9.81,9.45,8.91,8.33,6.71
38013,4.08,3.0,1.6,2.99,2.44
38015,9.07,8.14,6.61,7.37,5.53
38017,7.64,6.62,5.19,4.72,2.4
38019,14.45,10.84,6.59,7.19,6.49
38021,6.11,7.44,8.92,7.26,3.61
38023,55.59,47.7,38.85,35.57,30.42
38025,31.33,30.31,28.91,29.14,27.28
38027,24.96,46.95,71.84,75.62,78.16
38029,47.31,50.13,53.63,47.3,38.6
38031,15.47,14.6,12.02,16.13,18.89
38033,40.15,40.41,40.62,51.06,60.13
38035,8.31,7.88,7.53,5.57,1.82
38037,28.46,33.15,38.67,38.36,36.15
38039,47.31,46.36,44.88,37.56,28.73
38041,28.46,24.91,20.83,27.16,31.73
38043,24.96,26.0,27.04,19.55,9.65
38045,17.89,16.64,14.94,13.04,8.71
38047,22.03,18.28,14.39,12.06,7.21
38049,17.13,20.18,23.22,23.47,21.94
38051,63.61,51.45,37.87,30.89,21.32
38053,1.78,2.73,3.65,5.57,6.18
38055,9.07,8.74,8.02,7.4,4.93
38057,16.14,13.85,10.82,13.33,14.1
38059,5.35,5.11,4.46,2.76,-1.27
38061,1.27,4.61,8.38,22.37,34.62
38063,24.29,30.91,38.38,54.75,70.03
38065,8.31,16.81,26.66,21.9,15.55
38067,24.96,21.74,18.92,19.15,17.92
38069,11.65,11.5,10.05,6.66,2.3
38071,47.31,48.82,49.03,55.94,61.8
38073,27.63,35.89,45.01,37.17,27.2
38075,13.37,25.82,39.43,44.39,47.53
38077,5.7,7.81,10.09,13.38,14.47
38079,32.38,41.61,51.41,53.53,54.62
38081,17.89,22.22,26.77,24.7,20.74
38083,26.62,28.98,30.99,23.89,15.15
38085,5.03,7.91,11.25,19.17,25.04
38087,60.08,63.78,68.0,71.27,73.59
38089,6.11,7.44,8.89,7.35,4.47
38091,44.19,39.01,32.72,20.11,5.61
38093,36.1,36.74,37.46,43.31,47.12
38095,9.81,19.31,29.61,36.71,42.8
38097,14.04,16.23,18.9,17.34,13.65
38099,54.19,48.43,42.2,41.46,39.1
38101,7.64,7.87,7.59,7.45,5.62
38103,34.45,47.34,61.2,50.26,38.19
38105,2.71,3.62,4.79,8.32,10.89
39001,86.69,85.29,83.74,85.26,84.14
39003,48.3,48.91,49.52,53.93,55.92
39005,41.07,38.57,35.5,34.17,30.94
39007,55.59,56.99,58.24,58.36,57.36
39009,52.88,55.88,59.04,59.42,56.88
39011,17.89,15.35,12.27,13.65,12.73
39013,62.53,61.46,59.4,56.27,51.33
39015,52.18,54.63,57.8,61.28,61.73
39017,17.13,18.61,20.08,19.23,15.36
39019,36.1,38.84,41.93,49.18,55.13
39021,47.31,50.7,54.8,55.19,52.84
39023,60.08,61.54,62.85,62.04,58.22
39025,24.96,26.78,28.87,32.15,32.32
39027,45.27,49.39,54.1,57.9,58.77
39029,54.92,55.79,56.75,58.26,58.23
39031,34.45,41.79,50.05,51.17,50.17
39033,65.33,64.08,62.51,63.3,62.56
39035,44.19,45.11,46.14,44.4,40.9
39037,44.19,40.91,36.92,34.36,28.98
39039,28.46,26.85,25.04,21.81,15.64
39041,1.05,1.23,1.43,1.43,-0.49
39043,37.09,39.78,42.82,42.44,40.5
39045,30.25,31.41,32.38,31.27,27.52
39047,58.1,59.56,60.91,69.97,75.86
39049,15.47,14.85,13.78,14.05,11.73
39051,30.25,30.01,29.9,30.59,29.33
39053,81.41,82.74,84.47,84.3,81.49
39055,9.81,9.94,9.93,10.02,8.64
39057,22.03,23.42,24.74,25.55,23.26
39059,71.25,71.48,70.82,66.59,59.74
39061,23.43,22.8,21.9,20.44,15.65
39063,15.03,14.73,14.34,15.61,14.7
39065,32.38,35.67,39.53,41.67,41.66
39067,63.61,68.57,74.15,71.8,67.7
39069,37.09,33.3,28.62,25.48,20.06
39071,75.8,75.66,75.2,75.71,72.94
39073,66.73,67.42,67.87,66.57,62.28
39075,3.18,3.08,2.65,2.47,0.12
39077,32.38,32.53,32.44,33.81,33.73
39079,88.19,82.92,76.63,76.9,74.07
39081,73.8,73.18,72.33,71.22,68.4
39083,37.09,33.36,28.54,27.95,25.26
39085,20.25,22.66,25.31,28.53,30.31
39087,89.37,90.67,92.12,92.44,90.37
39089,35.21,40.73,47.24,48.92,47.92
39091,40.15,37.24,33.66,27.76,19.63
39093,50.05,49.06,47.76,42.74,35.64
39095,48.3,48.45,48.47,48.11,45.69
39097,48.3,48.42,48.36,50.37,49.26
39099,52.18,51.02,49.21,51.1,51.74
39101,82.84,81.74,80.34,75.97,69.86
39103,9.81,10.43,11.06,11.9,10.66
39105,90.32,91.46,92.81,92.82,90.02
39107,12.7,13.6,14.91,12.91,8.54
39109,28.46,31.06,34.18,31.82,26.79
39111,81.41,85.11,88.71,86.78,82.94
39113,49.38,48.95,48.03,47.66,44.69
39115,87.07,89.21,91.04,90.61,88.0
39117,40.15,40.86,41.82,46.18,48.68
39119,56.48,59.63,62.86,58.56,52.01
39121,55.59,66.93,80.05,84.12,85.92
39123,51.07,52.18,52.99,51.79,48.16
39125,60.08,62.85,66.53,64.79,59.96
39127,62.53,64.31,65.9,71.99,75.71
39129,44.19,46.28,48.62,51.17,50.56
39131,93.54,94.11,94.88,93.97,90.22
39133,24.96,26.44,28.03,28.23,26.62
39135,54.19,55.9,57.83,55.81,50.81
39137,7.07,7.09,7.27,6.83,3.59
39139,50.05,52.1,54.53,58.1,60.13
39141,78.73,81.35,84.32,84.96,82.94
39143,40.15,44.34,49.09,48.71,46.37
39145,89.72,90.19,90.73,91.72,90.07
39147,36.1,39.03,42.19,41.98,39.7
39149,22.67,23.04,23.63,28.13,30.39
39151,29.26,29.54,29.66,29.6,27.68
39153,23.43,24.22,24.96,26.84,26.69
39155,42.12,42.84,43.45,47.57,50.61
39157,37.09,38.39,39.49,40.72,40.62
39159,15.03,15.05,15.07,12.4,7.14
39161,45.27,42.79,39.86,39.21,35.58
39163,87.68,87.99,88.43,87.28,82.96
39165,4.62,5.39,6.06,7.01,5.13
39167,82.14,83.39,84.45,82.22,77.33
39169,12.7,15.18,18.06,20.98,21.69
39171,40.15,42.31,45.09,50.96,54.74
39173,12.1,13.17,14.19,16.22,15.75
39175,28.46,30.45,32.76,33.37,31.99
40001,78.73,78.68,78.34,81.18,82.84
40003,52.88,57.79,62.78,63.6,63.53
40005,94.62,93.55,92.01,92.4,91.63
40007,3.82,5.88,8.23,18.41,27.08
40009,44.19,46.33,47.98,44.12,39.13
40011,88.19,85.03,81.62,75.71,68.77
40013,86.25,86.78,87.57,87.16,85.62
40015,83.25,85.13,87.05,85.49,83.36
40017,29.26,28.83,28.46,28.08,26.51
40019,74.5,76.19,77.47,78.83,79.38
40021,62.53,64.07,65.81,73.52,80.23
40023,85.77,87.46,89.47,92.0,93.52
40025,37.95,40.84,44.0,65.34,84.97
40027,26.62,27.46,28.2,30.66,31.67
40029,84.69,88.25,92.27,94.45,95.76
40031,73.8,76.04,78.21,80.06,80.56
40033,78.1,80.78,83.53,86.02,87.45
40035,93.03,91.59,89.91,89.9,90.25
40037,41.07,37.16,32.76,32.01,30.8
40039,30.25,28.88,27.15,25.42,22.15
40041,93.03,93.36,93.74,92.0,90.21
40043,45.27,48.26,50.85,53.56,55.45
40045,27.63,37.58,47.58,63.82,78.74
40047,37.95,39.95,41.84,47.7,52.96
40049,39.13,42.7,46.4,48.76,50.56
40051,50.05,55.16,61.09,65.5,68.89
40053,44.19,58.91,75.31,78.55,81.09
40055,88.19,90.16,92.12,89.23,84.41
40057,76.28,78.05,80.55,83.74,85.69
40059,22.67,25.85,28.83,53.06,75.72
40061,93.79,95.05,96.6,96.08,95.0
40063,86.69,87.6,88.41,82.52,75.6
40065,48.3,53.73,59.86,57.13,53.15
40067,92.71,94.12,95.3,95.42,94.58
40069,97.99,97.01,95.5,94.87,93.04
40071,71.25,77.14,83.45,81.37,77.91
40073,64.37,57.47,49.56,37.3,23.83
40075,85.1,86.88,88.46,86.76,83.34
40077,95.35,95.49,95.43,95.24,94.52
40079,87.39,89.4,91.5,90.97,89.84
40081,80.32,79.65,78.97,80.68,81.53
40083,29.26,29.7,30.38,36.12,40.78
40085,64.37,71.85,80.5,85.19,89.62
40087,32.38,31.45,29.91,32.34,33.55
40089,79.94,82.37,85.15,86.09,86.67
40091,95.99,96.0,95.85,95.82,95.29
40093,70.68,67.72,63.86,63.63,62.39
40095,99.65,99.8,99.69,97.46,93.98
40097,87.39,88.75,90.37,92.52,94.39
40099,78.73,85.82,93.4,93.5,92.72
40101,73.8,72.2,70.07,75.06,79.55
40103,64.37,66.4,68.4,64.2,59.38
40105,77.49,70.67,62.78,60.42,58.61
40107,87.68,84.11,79.8,76.11,71.88
40109,30.25,30.46,30.84,31.66,31.54
40111,78.1,79.76,81.87,85.19,87.75
40113,77.49,74.77,71.89,71.45,70.76
40115,74.5,77.68,81.3,82.58,83.56
40117,72.97,68.06,62.55,56.32,50.04
40119,16.14,16.09,16.2,18.16,19.35
40121,89.72,91.78,94.13,94.5,94.39
40123,44.19,49.25,54.76,53.76,51.91
40125,69.91,71.25,72.69,70.88,67.65
40127,99.01,99.16,99.14,99.33,98.47
40129,26.62,37.99,50.48,50.74,49.93
40131,48.3,45.89,43.2,47.38,51.8
40133,85.1,86.95,88.99,90.76,91.08
40135,96.31,95.29,93.72,93.66,93.1
40137,80.83,81.98,82.94,84.21,85.08
40139,4.62,3.65,2.02,1.65,-0.28
40141,64.37,67.44,70.33,78.6,85.95
40143,30.25,30.77,31.58,31.3,30.74
40145,48.3,52.74,58.12,64.22,70.2
40147,57.18,55.14,53.2,52.76,52.12
40149,20.25,22.35,24.49,43.17,60.57
40151,35.21,43.93,53.55,60.95,67.74
40153,17.89,32.69,48.82,59.41,68.85
41001,87.68,88.59,89.49,91.11,90.75
41003,10.47,10.94,11.59,11.54,10.1
41005,18.5,17.23,16.06,16.85,15.84
41007,80.83,80.63,80.12,78.24,74.08
41009,61.03,62.56,64.44,62.06,57.42
41011,94.17,93.84,93.67,93.71,93.86
41013,89.72,89.1,88.25,84.27,78.46
41015,97.55,93.52,89.23,88.54,88.29
41017,24.96,24.34,23.69,21.16,17.16
41019,88.19,86.92,85.53,83.98,83.17
41021,92.45,90.56,87.86,77.15,64.38
41023,80.83,86.91,93.39,94.81,94.57
41025,81.41,84.89,88.62,83.81,77.92
41027,10.47,7.83,5.19,6.98,6.82
41029,66.06,61.26,56.04,51.6,48.15
41031,60.08,63.25,66.79,67.74,66.58
41033,79.43,79.55,80.11,80.67,81.48
41035,82.14,81.65,81.56,78.46,75.98
41037,95.86,89.25,82.24,78.66,74.52
41039,60.08,61.07,62.29,62.24,61.37
41041,90.67,90.33,89.82,90.06,89.53
41043,68.9,68.05,67.11,65.8,63.13
41045,63.61,61.28,57.98,56.02,52.87
41047,46.39,45.07,43.67,44.11,42.85
41049,45.27,48.56,51.99,57.13,59.54
41051,29.26,26.97,24.47,22.8,19.62
41053,46.39,45.58,44.64,40.51,34.52
41055,72.33,79.65,88.21,89.64,89.11
41057,75.04,80.02,85.47,84.77,82.29
41059,46.39,51.31,56.81,60.16,61.16
41061,61.83,60.2,58.29,56.24,51.66
41063,94.91,90.2,84.97,80.24,73.07
41065,73.8,73.25,72.57,71.69,68.74
41067,7.64,7.07,6.51,6.56,4.67
41069,95.51,96.22,96.71,93.68,88.9
41071,49.38,49.28,49.14,47.78,44.49
42001,31.33,31.28,30.94,31.43,31.01
42003,28.46,28.66,28.64,29.59,28.64
42005,75.8,75.76,75.51,72.13,67.24
42007,43.08,46.15,49.85,51.07,51.13
42009,68.64,67.8,66.61,62.32,56.37
42011,29.26,29.59,29.99,32.09,32.5
42013,63.61,64.83,66.2,63.93,59.66
42015,45.27,46.71,48.09,44.92,40.06
42017,11.14,11.24,11.3,10.42,8.58
42019,20.25,20.73,20.99,21.67,20.97
42021,71.95,72.64,73.15,72.69,70.32
42023,79.43,78.12,76.5,79.0,78.81
42025,62.53,60.26,57.6,59.46,59.46
42027,6.4,5.95,5.27,4.38,0.56
42029,2.13,2.37,2.64,3.08,2.41
42031,63.61,62.27,60.5,56.08,50.09
42033,69.91,73.65,78.08,78.27,75.81
42035,48.3,52.77,57.83,60.67,60.72
42037,20.25,23.73,27.6,30.03,30.43
42039,55.59,60.32,65.56,67.49,68.35
42041,14.04,14.86,15.81,16.8,16.36
42043,29.26,27.7,25.72,25.08,23.12
42045,17.13,17.25,17.5,17.1,15.62
42047,61.83,59.17,55.97,54.56,50.96
42049,47.31,47.89,48.33,48.85,48.14
42051,71.25,74.57,78.28,79.89,79.81
42053,99.94,99.58,99.1,98.57,96.58
42055,23.43,29.39,36.06,40.41,43.34
42057,55.59,56.46,57.14,56.45,54.17
42059,83.25,82.19,80.39,79.43,76.86
42061,58.1,59.13,60.33,58.82,55.56
42063,40.15,43.53,47.32,51.15,52.61
42065,54.92,55.47,56.04,54.92,51.99
42067,36.1,36.01,36.02,33.33,28.29
42069,49.38,49.9,50.57,50.69,48.71
42071,16.14,17.21,18.34,17.08,14.82
42073,58.1,62.45,67.35,67.28,65.88
42075,26.62,26.84,27.06,28.27,27.92
42077,36.1,34.86,33.41,30.22,25.71
42079,52.88,52.09,51.13,51.44,49.43
42081,50.05,50.77,51.41,52.0,50.0
42083,70.68,71.93,73.29,75.16,75.08
42085,58.1,61.09,64.18,68.62,72.07
42087,67.43,63.4,58.52,51.5,41.82
42089,41.07,43.93,47.29,45.03,41.22
42091,6.81,6.73,6.48,6.76,5.89
42093,26.62,31.05,36.17,35.67,32.82
42095,22.67,22.32,21.85,20.32,17.88
42097,58.1,59.5,60.96,62.15,61.16
42099,30.25,32.49,35.27,34.33,31.55
42101,55.59,56.29,57.28,58.48,58.49
42103,62.53,63.82,65.17,63.88,61.2
42105,70.68,74.87,79.44,77.48,73.22
42107,69.91,68.96,67.9,69.16,68.09
42109,20.25,19.36,18.13,22.11,23.93
42111,59.34,59.35,59.22,59.95,58.37
42113,83.25,81.55,79.39,74.45,67.77
42115,61.83,62.1,62.37,59.52,55.01
42117,58.1,61.32,64.77,67.32,67.82
42119,25.95,25.53,24.76,27.24,27.49
42121,68.0,72.01,76.43,77.68,77.54
42123,68.9,66.79,64.27,58.54,51.03
42125,43.08,42.54,41.75,42.68,42.24
42127,68.0,68.95,69.89,72.62,73.59
42129,44.19,45.91,47.89,47.88,45.76
42131,39.13,35.84,31.98,30.32,26.88
42133,29.26,29.99,30.78,31.42,30.76
44001,16.14,14.35,12.09,9.11,4.26
44003,44.19,46.85,49.9,48.25,44.57
44005,21.14,22.31,23.55,20.21,15.47
44007,29.26,30.8,32.67,33.53,32.36
44009,12.7,13.32,13.88,12.6,9.63
45001,87.07,86.53,85.55,71.84,55.98
45003,37.95,35.56,32.96,36.36,36.59
45005,97.71,94.96,92.81,96.41,97.81
45007,57.18,57.11,56.73,56.74,54.71
45009,89.72,87.12,84.98,79.94,72.96
45011,94.62,93.98,93.81,91.85,87.82
45013,24.96,26.3,28.21,27.81,25.16
45015,32.38,33.79,35.69,35.27,32.63
45017,81.41,75.52,68.77,73.61,76.04
45019,12.7,11.57,10.35,9.89,7.21
45021,69.91,68.66,67.37,60.88,53.24
45023,72.33,73.84,75.67,72.08,66.69
45025,54.92,60.14,66.39,68.17,69.14
45027,94.46,94.59,94.97,93.56,90.41
45029,61.83,49.33,35.33,34.56,31.58
45031,75.8,76.06,76.42,75.55,73.83
45033,86.25,80.65,74.18,66.02,56.92
45035,21.14,21.03,21.47,24.43,24.96
45037,52.88,56.74,61.22,59.22,54.33
45039,78.1,79.43,80.72,73.22,63.58
45041,55.59,54.62,53.66,43.72,32.54
45043,52.88,54.68,56.61,57.21,55.77
45045,19.71,20.5,21.39,21.96,20.8
45047,51.07,53.56,56.26,47.38,36.01
45049,54.19,43.24,31.22,46.49,59.69
45051,59.34,59.91,60.67,61.68,60.85
45053,54.19,51.77,49.23,46.7,41.89
45055,46.39,51.27,57.0,61.33,63.63
45057,37.95,36.13,34.05,33.31,31.01
45059,80.32,81.15,82.07,75.09,66.13
45061,90.0,89.54,88.75,82.78,75.33
45063,24.96,27.33,29.83,31.82,31.51
45065,90.0,90.96,91.74,87.19,80.01
45067,72.97,71.74,70.7,61.95,51.98
45069,87.68,87.46,87.74,86.63,84.78
45071,42.12,42.66,42.97,45.86,46.45
45073,85.1,86.96,88.9,86.57,81.9
45075,68.9,62.87,56.52,47.09,35.09
45077,40.15,41.74,43.35,42.98,40.37
45079,17.89,21.86,26.3,30.13,31.9
45081,36.1,37.96,39.89,41.21,39.81
45083,51.07,49.37,47.28,45.5,42.14
45085,84.18,82.4,80.29,72.97,63.56
45087,81.41,82.28,83.28,83.61,82.23
45089,83.25,82.68,82.0,81.41,78.97
45091,15.03,12.37,9.2,8.02,5.97
46003,34.45,30.21,26.09,24.78,22.54
46005,24.96,18.95,12.93,14.83,15.73
46007,30.25,25.4,20.42,18.4,15.25
46009,33.37,29.06,23.96,23.64,21.64
46011,9.07,6.25,3.43,3.85,3.44
46013,8.31,9.74,12.13,11.39,8.46
46015,54.19,52.5,51.34,49.73,47.38
46017,65.33,60.95,56.24,54.91,52.98
46019,47.31,50.61,54.43,47.03,37.74
46021,27.63,27.22,27.68,27.39,25.06
46023,48.3,45.69,43.51,33.33,21.56
46025,66.73,48.18,27.74,19.1,9.2
46027,5.7,7.37,9.05,9.2,8.3
46029,24.29,25.47,28.41,30.2,30.55
46031,23.43,19.06,14.33,10.9,5.86
46033,49.38,50.73,52.63,56.71,59.34
46035,58.1,48.57,38.17,33.57,27.87
46037,40.15,27.53,13.49,12.79,10.57
46039,37.95,29.37,19.7,19.25,17.89
46041,10.47,7.88,5.47,4.91,3.04
46043,40.15,32.21,23.76,18.92,12.85
46045,23.43,15.47,7.08,6.17,2.66
46047,89.37,84.46,78.86,79.35,78.3
46049,39.13,35.09,31.35,31.31,29.08
46051,34.45,29.56,24.55,21.91,18.12
46053,55.59,42.34,28.13,19.69,10.21
46055,40.15,47.13,55.74,39.98,22.64
46057,17.13,10.92,4.79,2.97,-0.27
46059,24.96,25.4,26.39,32.93,38.18
46061,21.14,19.97,19.81,14.92,8.9
46063,3.57,2.67,1.75,1.41,-0.08
46065,9.81,12.97,17.13,21.87,25.33
46067,55.59,51.18,46.62,37.04,26.2
46069,8.31,6.36,4.6,4.39,2.59
46071,40.15,31.23,21.63,13.22,3.33
46073,15.47,17.03,19.73,34.65,48.54
46075,26.62,16.15,5.02,2.86,-0.52
46077,36.1,27.36,18.2,16.13,12.95
46079,16.14,15.28,14.91,22.62,29.68
46081,46.39,49.38,52.84,48.98,43.68
46083,0.6,0.48,0.56,0.7,0.12
46085,15.03,11.61,8.25,17.46,26.09
46087,30.25,21.2,10.94,9.21,6.36
46089,69.91,66.65,63.79,50.86,35.39
46091,3.82,6.7,10.43,13.39,14.39
46093,37.09,30.8,23.47,22.9,21.24
46095,49.38,32.04,13.71,7.45,-0.26
46097,33.37,29.35,25.74,39.07,51.41
46099,9.81,8.97,8.14,8.42,7.89
46101,11.14,11.92,12.89,20.25,27.1
46102,0.0,0.01,0.07,-0.06,-1.7
46103,37.95,35.87,33.81,36.27,37.27
46105,67.43,57.24,46.0,42.67,37.45
46107,60.08,45.08,28.64,24.73,19.34
46109,18.5,15.34,12.19,9.65,5.38
46111,36.1,27.58,18.49,23.94,28.78
46115,40.15,32.65,24.98,19.66,12.6
46117,2.42,2.69,3.2,15.51,26.94
46119,12.7,7.99,3.07,6.45,7.98
46121,39.13,22.64,5.08,1.6,-3.41
46123,16.14,9.83,4.38,3.15,0.55
46125,29.26,29.8,30.49,26.72,21.99
46127,12.7,10.66,8.0,11.44,13.93
46129,51.07,42.73,33.84,43.74,52.04
46135,26.62,33.41,41.37,40.14,37.53
46137,9.07,9.74,10.75,9.48,6.84
47001,76.28,76.32,76.52,80.0,81.13
47003,56.48,55.4,54.5,51.22,44.88
47005,96.53,97.43,98.41,98.0,94.76
47007,98.31,98.24,98.32,98.76,97.25
47009,48.3,44.98,40.98,37.16,31.33
47011,68.9,69.21,69.87,70.97,69.37
47013,94.46,95.57,96.83,97.95,96.69
47015,81.41,78.86,76.04,76.47,73.73
47017,85.77,88.27,90.92,89.19,84.93
47019,88.19,88.75,89.19,89.14,87.19
47021,43.08,40.4,37.29,42.32,43.76
47023,36.1,35.61,35.15,28.11,18.69
47025,87.39,87.79,88.29,90.5,90.51
47027,94.62,87.49,78.82,78.25,74.89
47029,93.54,94.17,94.63,93.73,90.84
47031,73.8,71.6,69.49,73.08,73.62
47033,84.18,81.81,78.75,72.09,62.52
47035,94.46,93.24,91.88,89.76,85.8
47037,18.5,17.39,16.17,15.76,11.8
47039,90.32,85.56,79.9,70.49,58.03
47041,75.8,68.45,59.59,64.99,67.93
47043,58.1,57.48,57.14,62.66,64.73
47045,75.04,77.17,79.61,78.08,73.93
47047,50.05,51.17,52.26,57.88,61.28
47049,94.17,94.79,95.29,95.5,93.24
47051,80.32,79.74,79.75,84.83,87.26
47053,66.73,72.09,78.41,80.19,79.25
47055,71.25,69.9,68.26,65.4,60.07
47057,91.18,92.69,94.4,95.04,93.84
47059,92.45,93.59,94.68,94.71,93.44
47061,98.25,97.65,96.83,96.93,94.38
47063,75.8,75.99,76.0,75.94,73.97
47065,36.1,36.05,36.16,39.48,40.47
47067,98.5,98.74,98.87,98.64,96.66
47069,73.8,75.88,78.33,82.23,84.1
47071,76.92,74.17,71.0,71.57,69.92
47073,91.63,92.1,92.51,92.0,89.99
47075,68.0,69.19,70.61,76.75,80.24
47077,67.43,70.07,73.47,71.34,66.84
47079,90.32,90.4,89.89,89.77,86.85
47081,89.37,86.44,83.25,75.78,64.61
47083,95.64,94.45,92.91,88.21,80.16
47085,88.19,88.79,89.7,86.41,79.8
47087,90.32,91.55,93.13,93.93,92.32
47089,81.41,82.15,82.88,84.34,84.02
47091,94.17,94.68,94.99,92.61,88.31
47093,26.62,24.5,22.02,20.35,16.58
47095,97.71,96.08,94.01,92.51,88.14
47097,92.71,92.19,91.48,91.32,88.88
47099,68.9,71.01,73.81,74.32,71.75
47101,80.83,77.73,74.25,73.85,70.09
47103,85.77,83.06,80.18,76.8,70.64
47105,59.34,54.63,48.96,39.66,28.37
47107,69.91,72.61,76.17,79.55,80.45
47109,82.84,81.35,79.56,76.38,71.54
47111,73.8,76.7,80.37,77.17,70.53
47113,51.07,48.47,45.1,45.27,42.62
47115,90.67,89.71,88.58,89.39,87.77
47117,51.07,54.0,57.84,56.09,51.02
47119,43.08,40.39,37.25,30.04,19.28
47121,94.62,89.04,82.53,80.56,76.6
47123,69.91,75.05,81.35,86.18,89.16
47125,33.37,36.48,40.14,45.37,46.85
47127,68.9,57.5,44.13,49.79,52.83
47129,92.71,91.72,90.7,92.16,91.48
47131,78.73,82.94,87.56,88.91,87.4
47133,48.3,50.48,53.06,58.72,62.15
47135,82.14,80.25,78.32,81.38,81.59
47137,85.77,87.12,88.57,92.07,92.78
47139,74.5,72.48,70.13,72.06,71.26
47141,33.37,37.49,42.57,42.47,40.09
47143,91.18,88.1,84.7,86.25,86.24
47145,87.07,85.28,83.44,80.57,75.8
47147,41.07,41.25,41.81,39.75,34.07
47149,7.07,7.99,9.2,10.01,6.95
47151,96.31,96.98,97.58,98.31,96.1
47153,93.79,93.24,92.8,91.97,89.03
47155,66.73,67.31,67.67,68.92,68.27
47157,22.67,22.56,22.64,23.58,22.16
47159,75.04,71.84,67.99,64.1,56.81
47161,88.6,88.03,86.92,83.7,77.27
47163,84.69,85.62,86.33,84.21,80.48
47165,26.62,29.69,33.62,35.19,33.02
47167,51.07,52.7,54.61,59.79,62.72
47169,65.33,67.56,70.34,64.1,54.27
47171,96.18,95.53,94.64,92.72,89.26
47173,72.33,74.26,76.45,79.7,80.91
47175,92.14,93.96,96.24,97.08,95.8
47177,76.92,79.6,83.11,84.3,83.02
47179,68.9,70.75,72.8,69.35,64.32
47181,84.18,84.16,84.69,83.79,80.14
47183,63.61,68.6,73.86,77.57,78.5
47185,83.79,82.98,81.97,76.4,69.03
47187,0.67,0.5,0.51,0.37,-3.5
47189,27.63,26.69,25.56,25.25,21.36
48001,22.03,27.36,33.27,39.2,44.94
48003,10.47,7.14,3.73,7.3,9.5
48005,83.25,79.62,75.07,74.94,74.56
48007,93.28,91.09,88.59,79.25,68.88
48009,44.19,47.84,51.72,52.07,51.69
48011,52.18,39.59,25.36,14.83,3.1
48013,15.03,16.64,18.85,16.69,12.71
48015,33.37,28.09,22.57,30.53,37.2
48017,42.12,36.0,28.89,22.3,14.03
48019,76.92,78.32,80.09,82.3,82.26
48021,39.13,35.62,32.11,31.78,30.14
48023,68.9,75.66,83.34,82.8,81.45
48025,56.48,59.33,62.92,61.29,58.23
48027,37.95,40.22,42.53,42.02,40.74
48029,32.38,33.45,34.88,37.37,38.42
48031,60.08,60.93,62.34,63.6,63.99
48033,60.08,74.69,90.76,86.9,81.65
48035,68.0,67.57,67.17,71.6,76.64
48037,43.08,36.36,28.11,22.72,17.32
48039,5.35,5.32,5.19,4.5,3.56
48041,2.29,1.78,1.51,2.31,2.43
48043,90.67,87.55,85.08,74.25,62.76
48045,6.81,9.88,14.32,36.75,58.12
48047,63.61,68.73,74.57,81.29,86.65
48049,37.09,37.11,36.56,51.62,65.36
48051,64.37,59.71,54.87,51.27,47.16
48053,79.94,77.29,74.0,71.54,68.72
48055,37.95,36.12,34.25,38.14,41.12
48057,67.43,68.14,68.74,58.43,46.8
48059,72.97,74.02,74.96,79.82,84.13
48061,26.62,24.03,21.4,19.7,16.41
48063,61.03,54.89,48.54,49.81,51.08
48065,16.14,13.44,10.97,7.99,3.65
48067,61.03,63.08,66.0,71.41,76.75
48069,7.64,9.31,11.4,10.62,7.68
48071,26.62,20.37,13.25,11.13,8.16
48073,37.09,32.39,26.64,20.95,15.02
48075,72.97,70.06,67.05,56.98,45.9
48077,76.92,75.94,74.53,75.58,75.47
48079,61.03,56.89,52.11,58.95,64.63
48081,72.33,71.17,69.06,68.67,66.53
48083,26.62,32.97,40.03,55.79,70.18
48085,0.45,0.33,0.33,0.29,-0.22
48087,59.34,48.4,35.91,45.16,53.34
48089,43.08,38.76,34.05,29.57,23.6
48091,32.38,32.93,33.63,35.93,37.48
48093,76.92,78.35,79.55,78.7,77.69
48095,2.42,3.74,4.96,31.88,56.64
48097,43.08,40.76,37.75,33.47,28.28
48099,52.18,58.35,65.12,68.84,71.86
48101,83.25,81.4,79.26,83.37,86.66
48103,1.27,0.05,-0.34,-0.02,-1.4
48105,15.03,9.32,2.96,3.57,1.42
48107,66.06,70.11,74.8,75.63,75.03
48109,96.53,95.98,95.85,93.55,90.84
48111,35.21,30.36,24.77,29.09,31.67
48113,5.35,4.96,4.73,5.18,5.02
48115,58.1,66.01,74.49,78.57,81.09
48117,6.4,6.8,7.64,6.97,4.79
48119,69.91,72.14,75.34,80.16,84.46
48121,1.66,1.5,1.35,1.35,0.95
48123,65.33,62.08,58.96,60.1,59.77
48125,95.57,93.22,90.22,88.31,85.41
48127,95.64,93.82,92.19,85.88,77.27
48129,71.25,61.73,51.28,31.05,9.56
48131,98.6,98.14,97.77,93.84,88.45
48133,86.25,89.03,91.61,88.27,85.07
48135,25.95,21.46,16.78,13.08,7.68
48137,91.18,95.5,99.58,94.52,87.22
48139,18.5,16.68,14.96,15.99,16.82
48141,35.21,35.22,34.75,32.6,29.1
48143,8.31,12.99,18.47,22.58,27.15
48145,84.18,85.08,86.23,88.27,89.96
48147,60.08,54.68,48.64,49.0,48.43
48149,36.1,39.49,44.13,44.83,44.23
48151,56.48,62.75,70.06,69.64,68.66
48153,35.21,29.46,22.61,24.37,25.05
48155,95.64,91.6,86.52,79.44,71.73
48157,1.5,0.85,0.4,0.98,1.06
48159,90.32,81.99,72.84,63.66,54.2
48161,67.43,72.75,78.67,80.82,82.91
48163,69.91,61.33,51.7,55.18,57.12
48165,19.71,16.86,13.67,18.1,21.1
48167,29.26,29.69,30.34,27.84,25.06
48169,29.26,35.29,41.45,48.76,55.08
48171,45.27,38.16,30.06,26.76,21.97
48173,0.1,0.86,1.03,2.38,2.09
48175,83.79,75.0,65.25,61.42,56.17
48177,79.94,75.3,70.37,67.34,63.24
48179,52.88,58.33,65.35,54.45,42.19
48181,60.08,60.11,60.28,55.47,49.39
48183,44.19,43.08,42.15,38.21,33.98
48185,31.33,32.09,33.39,36.67,39.25
48187,21.14,20.74,20.39,22.42,23.55
48189,11.65,13.76,16.23,15.35,12.72
48191,86.25,84.02,82.28,80.95,78.56
48193,95.99,94.62,92.5,90.93,90.34
48195,20.25,27.29,35.49,32.08,27.49
48197,92.65,92.17,91.48,90.08,87.84
48199,44.19,44.49,45.03,51.34,56.59
48201,4.33,3.62,3.28,3.8,3.67
48203,21.14,18.84,16.25,27.77,39.35
48205,19.2,20.18,22.12,29.07,34.12
48207,99.17,97.71,95.81,90.56,84.34
48209,5.03,4.16,3.43,4.66,5.06
48211,2.13,11.55,21.75,43.02,63.46
48213,66.06,64.72,63.09,67.02,70.62
48215,30.25,28.65,27.12,25.75,22.41
48217,71.95,71.09,70.3,70.52,71.3
48219,39.13,43.16,47.98,46.26,43.21
48221,37.95,31.5,23.95,23.84,24.01
48223,68.0,65.52,63.22,57.85,52.31
48225,69.91,70.97,71.84,77.3,82.3
48227,56.48,57.88,58.9,58.87,57.91
48229,98.12,98.38,98.79,96.85,93.64
48231,62.53,58.61,54.32,50.48,46.2
48233,69.91,71.17,72.87,66.83,59.79
48235,9.07,13.57,18.5,20.29,19.49
48237,83.79,73.86,62.3,57.61,53.15
48239,68.9,70.63,72.56,72.88,72.31
48241,89.05,81.91,73.91,66.77,58.69
48243,80.32,67.14,52.69,53.9,54.5
48245,33.37,34.38,35.78,39.83,43.62
48247,95.16,96.55,98.0,94.73,89.84
48249,60.08,55.72,50.54,51.7,51.35
48251,15.03,12.17,9.13,9.65,10.18
48253,86.25,87.73,89.49,81.67,73.21
48255,75.04,61.99,47.23,37.91,26.76
48257,22.03,21.08,20.24,18.8,16.92
48259,50.05,42.02,32.64,28.26,21.82
48261,88.6,90.94,93.56,76.58,57.73
48263,97.99,98.79,99.52,85.28,70.42
48265,79.43,78.23,77.1,71.92,64.94
48267,82.14,85.58,89.5,88.39,85.2
48269,0.0,8.05,17.65,23.35,28.19
48271,23.43,52.39,84.86,92.79,98.18
48273,48.3,47.14,45.77,39.7,31.79
48275,81.41,84.66,88.27,85.52,81.42
48277,72.97,72.41,71.88,75.42,77.46
48279,40.15,45.02,50.71,55.17,58.12
48281,68.0,72.0,76.21,82.07,87.26
48283,89.05,80.47,71.23,58.68,44.02
48285,70.68,68.53,66.37,55.88,43.85
48287,52.88,43.9,33.81,26.65,18.02
48289,39.13,52.1,66.85,70.41,73.95
48291,69.91,67.81,65.69,63.81,61.73
48293,69.91,67.03,63.33,61.46,59.82
48295,21.14,30.09,39.69,56.04,71.37
48297,64.37,69.35,75.58,77.41,78.28
48299,96.31,96.25,96.34,96.35,95.71
48301,99.2,92.27,85.17,91.53,97.1
48303,42.12,40.17,37.16,31.5,24.72
48305,76.92,82.4,87.92,88.8,88.54
48307,72.33,76.64,81.35,80.99,79.14
48309,24.96,26.71,28.82,29.69,30.39
48311,96.53,91.54,86.15,71.42,55.23
48313,52.88,53.8,54.49,57.15,59.67
48315,93.79,91.93,90.02,91.36,93.22
48317,15.03,11.56,7.16,11.23,13.76
48319,52.88,55.44,58.4,53.0,46.16
48321,40.15,49.46,59.88,59.89,59.59
48323,60.08,56.25,51.08,40.12,26.4
48325,47.31,51.47,56.43,61.5,64.74
48327,96.91,95.11,92.69,94.6,94.67
48329,7.64,5.64,3.77,4.51,3.07
48331,88.6,81.14,72.94,61.78,49.9
48333,77.49,84.92,93.34,93.34,92.69
48335,58.1,58.22,57.63,55.98,52.96
48337,77.49,79.45,81.67,79.88,77.23
48339,9.81,8.28,6.83,6.7,6.06
48341,29.26,20.15,9.93,7.1,3.05
48343,84.69,81.69,78.83,79.0,79.29
48345,84.18,81.84,79.3,78.32,76.09
48347,47.31,53.37,60.48,63.56,66.47
48349,76.28,70.52,63.85,63.76,63.94
48351,97.71,93.73,89.68,77.27,64.09
48353,70.68,73.09,75.61,79.66,82.65
48355,35.21,33.05,30.69,27.39,22.57
48357,11.14,10.99,10.06,12.75,14.66
48359,49.38,39.71,28.96,17.88,5.71
48361,61.03,61.36,61.99,61.38,60.25
48363,72.97,72.67,72.44,70.68,69.28
48365,66.06,65.22,64.12,65.08,66.12
48367,23.43,22.5,21.96,21.06,20.2
48369,34.45,32.4,30.62,28.56,25.28
48371,20.25,17.53,15.49,13.8,10.99
48373,94.62,92.09,89.14,89.45,89.27
48375,18.5,16.31,14.55,15.92,16.18
48377,90.0,88.79,87.81,89.68,90.27
48379,83.25,79.08,74.42,76.49,78.2
48381,15.03,14.22,13.9,12.93,10.89
48383,5.35,4.62,4.04,2.37,-1.88
48385,97.42,98.5,98.8,98.58,96.42
48387,87.68,80.9,73.37,69.77,65.38
48389,23.43,16.45,9.42,11.52,12.68
48391,91.18,91.65,92.41,89.33,85.24
48393,54.19,47.67,39.17,33.6,26.72
48395,45.27,41.62,37.36,42.64,47.93
48397,2.42,2.09,1.88,1.56,0.61
48399,35.21,36.86,38.62,54.76,69.19
48401,54.92,55.58,56.41,52.59,48.54
48403,93.28,94.93,97.1,98.72,100.81
48405,98.19,98.48,98.61,98.65,98.62
48407,81.41,84.31,88.04,86.16,84.3
48409,43.08,43.75,44.76,53.26,60.33
48411,60.08,61.11,61.74,66.23,70.0
48413,7.64,6.34,4.78,4.37,0.75
48415,35.21,37.2,38.58,40.46,41.4
48417,72.97,74.36,75.59,77.37,78.38
48419,71.25,74.34,77.72,73.19,69.05
48421,62.53,59.03,55.14,50.94,45.06
48423,29.26,29.36,29.72,27.93,26.06
48425,16.14,16.19,16.56,24.81,33.61
48427,71.25,70.72,70.08,64.45,57.24
48429,61.03,70.61,81.67,82.76,83.96
48431,11.65,31.28,53.69,33.11,10.44
48433,93.28,87.32,80.07,64.64,48.84
48435,2.71,4.43,6.33,4.52,-0.19
48437,72.97,70.71,68.14,66.32,62.86
48439,8.31,7.77,7.31,6.99,6.28
48441,58.1,54.74,50.58,48.68,45.91
48443,68.0,57.52,46.25,63.8,79.86
48445,52.88,58.79,65.33,58.98,51.28
48447,88.6,87.34,85.34,81.95,78.2
48449,44.19,39.42,34.72,33.13,31.63
48451,37.09,36.5,35.32,37.16,36.31
48453,2.99,2.28,1.76,2.07,1.74
48455,98.89,98.93,98.85,98.69,98.44
48457,94.91,95.18,95.95,96.03,95.25
48459,72.97,69.21,65.19,68.23,70.63
48461,23.43,14.23,4.03,2.63,-0.62
48463,30.25,36.68,43.41,57.75,69.84
48465,29.26,37.02,44.48,49.83,52.56
48467,69.91,70.32,71.18,65.29,59.32
48469,46.39,45.51,44.84,45.27,44.23
48471,4.62,3.85,2.9,3.87,4.55
48473,37.95,26.68,13.87,12.94,11.0
48475,32.38,25.69,18.82,13.69,7.07
48477,44.19,45.35,47.39,41.64,34.77
48479,18.5,17.14,15.83,16.08,15.03
48481,45.27,42.85,39.96,38.31,35.72
48483,49.38,49.91,50.61,52.12,52.45
48485,50.05,54.77,60.0,60.55,59.85
48487,81.41,86.38,91.87,92.48,92.38
48489,72.33,66.86,60.73,54.36,46.14
48491,4.33,4.51,4.91,5.65,5.66
48493,19.71,19.41,19.57,21.13,21.38
48495,26.62,20.2,13.68,10.59,6.06
48497,62.53,62.79,63.55,58.11,51.79
48499,90.93,88.69,86.75,85.48,84.11
48501,12.1,9.29,6.05,7.64,8.1
48503,51.07,49.67,48.15,37.63,26.75
48505,57.18,60.86,64.99,64.16,62.61
48507,96.18,95.19,93.9,84.36,72.45
49001,12.7,17.71,23.04,24.34,24.88
49003,26.62,25.22,23.82,22.25,18.88
49005,3.57,2.64,1.87,3.17,2.62
49007,48.3,47.55,46.62,48.24,49.14
49009,22.03,13.99,4.72,2.28,-2.22
49011,5.03,4.71,4.21,3.74,1.56
49013,13.37,16.96,21.04,25.69,29.39
49015,52.88,52.31,51.42,47.01,42.02
49017,47.31,43.65,39.52,48.44,57.79
49019,18.5,20.43,22.42,17.7,12.07
49021,12.1,11.46,10.67,13.6,16.2
49023,10.47,10.44,10.34,17.25,23.25
49025,57.18,48.16,38.43,53.54,69.45
49027,19.2,17.63,15.68,24.5,32.15
49029,0.67,0.7,0.69,1.0,-0.52
49031,87.68,92.16,96.94,98.32,98.96
49033,32.38,23.65,13.43,37.29,59.24
49035,4.08,4.08,4.12,4.24,3.46
49037,52.88,55.42,57.99,62.41,67.26
49039,17.13,18.98,20.95,19.57,17.3
49041,22.67,27.57,32.81,40.63,47.97
49043,0.13,0.3,0.32,0.12,-1.74
49045,10.47,10.34,10.29,11.39,11.26
49047,11.14,10.69,10.24,14.39,17.09
49049,1.18,1.22,1.18,1.79,1.02
49051,1.18,1.49,1.74,1.53,0.35
49053,26.62,26.37,26.01,24.0,22.76
49055,10.47,16.5,22.94,31.93,40.87
49057,13.37,13.71,14.12,13.38,11.24
50001,37.95,40.53,43.26,45.34,47.17
50003,64.37,65.96,67.51,66.74,64.64
50005,80.83,78.33,75.34,69.73,63.07
50007,13.37,14.49,15.75,15.78,15.33
50009,79.43,78.68,77.82,79.94,81.42
50011,21.14,21.48,21.89,23.56,25.2
50013,19.2,15.37,10.75,11.21,11.62
50015,17.13,17.89,18.65,22.98,26.89
50017,65.33,64.7,63.56,56.11,47.45
50019,57.18,57.87,58.7,59.71,60.41
50021,52.88,54.56,56.16,52.81,48.7
50023,15.47,20.77,26.91,27.1,26.47
50025,54.92,56.48,58.03,60.11,60.68
50027,56.48,56.63,56.75,51.04,43.62
51001,22.03,24.27,27.16,28.83,30.05
51003,2.71,2.63,2.74,3.29,3.13
51005,80.32,76.67,73.0,68.73,63.71
51007,30.25,31.57,33.06,37.04,39.96
51009,41.07,42.27,43.53,45.69,47.17
51011,59.34,60.56,61.78,58.67,54.31
51013,0.16,0.28,0.4,0.24,-0.55
51015,37.09,32.65,27.72,28.01,27.69
51017,68.0,64.87,61.41,50.8,39.37
51019,40.15,38.83,37.3,33.69,29.38
51021,65.33,68.89,73.04,73.6,71.83
51023,37.09,39.0,42.14,32.73,22.73
51025,77.49,78.08,80.03,80.37,79.69
51027,95.35,96.15,97.04,98.1,97.13
51029,64.37,65.35,66.54,63.53,59.65
51031,43.08,45.91,49.08,44.8,39.9
51033,29.26,25.73,21.21,22.31,23.42
51035,74.5,73.96,73.15,72.9,70.9
51036,49.38,54.21,59.7,65.82,71.1
51037,88.6,88.11,87.2,85.97,83.65
51041,8.31,8.28,8.35,11.37,13.96
51043,11.65,11.67,11.21,15.34,18.36
51045,93.28,83.02,71.55,63.62,54.69
51047,12.1,14.07,15.41,19.61,22.76
51049,76.28,73.84,70.68,63.06,54.51
51051,97.42,97.9,98.04,98.52,96.82
51053,58.1,52.95,47.39,44.79,41.48
51057,12.7,19.4,27.77,38.8,49.87
51059,0.48,0.59,0.69,0.64,-0.02
51061,9.07,8.66,7.43,6.43,4.45
51063,37.95,34.9,31.5,30.14,27.84
51065,32.38,29.64,26.27,25.41,23.51
51067,47.31,46.39,45.76,45.69,44.82
51069,15.47,16.38,17.31,18.21,17.73
51071,80.32,73.18,64.66,49.17,31.74
51073,45.27,52.22,59.77,60.98,61.64
51075,21.14,21.96,22.73,22.15,20.58
51077,72.33,75.24,78.34,78.05,75.75
51079,37.95,36.34,34.25,32.84,30.93
51081,78.1,67.22,55.53,55.81,54.94
51083,70.68,71.04,71.59,77.21,81.84
51085,5.35,5.44,5.59,7.12,7.75
51087,10.47,10.81,11.2,12.23,12.51
51089,79.94,81.3,83.39,86.98,89.74
51091,75.39,76.99,79.46,83.44,86.22
51093,15.47,25.92,37.22,42.19,46.24
51095,17.13,21.89,26.41,26.43,25.76
51097,21.14,27.78,35.42,32.03,28.36
51099,14.45,12.03,9.34,9.2,8.79
51101,6.11,9.45,13.1,14.95,16.25
51103,57.18,58.67,60.55,62.69,64.37
51105,97.26,97.62,97.85,97.89,95.8
51107,0.22,0.4,0.38,0.28,-0.84
51109,52.88,56.37,60.11,60.68,60.68
51111,85.77,86.47,87.25,86.22,84.5
51113,25.95,26.69,26.91,27.82,28.03
51115,41.07,45.73,50.95,60.76,70.24
51117,84.18,84.13,84.5,82.62,79.45
51119,63.61,59.5,54.03,56.04,57.56
51121,5.7,5.15,5.14,5.96,5.38
51125,39.13,34.87,29.91,29.99,29.6
51127,9.81,9.67,8.78,7.32,5.29
51131,39.13,37.1,34.37,50.26,65.41
51133,45.27,43.43,41.37,39.27,37.01
51135,71.95,75.18,79.07,81.41,82.88
51137,36.1,45.59,56.56,58.1,58.96
51139,73.8,76.99,80.63,79.98,78.59
51141,78.1,74.92,71.3,73.15,74.07
51143,65.33,65.68,66.33,68.65,70.24
51145,7.07,9.61,12.6,14.19,14.8
51147,30.25,33.78,37.76,42.7,46.72
51149,36.1,36.39,37.06,34.46,31.08
51153,0.76,0.98,1.19,1.17,0.42
51155,66.73,69.85,73.95,76.25,76.6
51157,20.25,31.16,43.99,46.05,46.83
51159,37.95,32.1,24.96,32.76,40.63
51161,17.13,14.08,11.07,7.87,3.57
51163,49.38,44.66,39.4,43.39,46.83
51165,28.46,26.96,25.32,23.16,20.2
51167,93.54,95.32,96.9,97.54,96.11
51169,93.28,95.14,96.95,97.44,96.46
51171,43.08,42.83,42.46,46.3,48.73
51173,87.07,91.07,95.32,95.98,94.6
51175,58.1,55.93,53.18,55.93,57.46
51177,14.04,15.82,17.53,16.2,14.16
51179,2.71,3.16,3.43,3.04,1.81
51181,42.12,49.89,58.47,61.33,63.35
51183,79.43,75.44,70.77,70.27,68.4
51185,95.35,93.73,91.41,90.01,86.31
51187,35.21,36.34,37.25,38.01,37.26
51191,71.25,77.09,83.63,85.23,85.05
51193,62.53,55.08,46.2,48.34,50.49
51195,96.91,99.63,102.58,101.77,98.95
51197,74.5,75.72,76.87,76.0,72.83
51199,10.47,15.36,19.89,17.77,15.07
51510,0.57,0.63,0.73,0.86,0.21
51520,88.6,91.89,95.35,94.39,91.41
51530,31.33,36.9,43.93,47.65,50.98
51540,3.41,3.19,3.09,3.18,2.57
51550,7.64,9.5,11.02,12.16,12.66
51570,61.83,58.02,53.64,51.64,48.98
51580,86.69,79.47,71.38,50.62,28.95
51590,82.84,80.42,77.86,79.33,79.58
51595,92.14,69.4,43.83,38.03,31.14
51600,1.18,1.19,1.08,0.88,-0.05
51610,0.25,0.28,0.36,0.4,-0.31
51620,13.37,21.47,30.97,45.05,58.38
51630,5.03,10.25,16.27,18.32,19.5
51640,95.99,96.23,96.25,92.24,86.48
51650,30.25,37.88,45.86,48.23,49.92
51660,0.48,0.74,1.29,2.24,2.48
51670,80.32,80.61,81.02,75.88,69.95
51678,23.43,25.78,28.37,27.5,25.92
51680,23.43,24.35,25.25,25.24,24.88
51683,1.05,1.11,1.06,0.59,-0.52
51685,1.27,2.73,4.3,4.19,3.34
51690,82.14,80.71,79.45,84.04,87.87
51700,28.46,38.39,49.08,49.15,48.25
51710,21.14,24.36,27.23,29.87,31.93
51720,69.91,78.7,88.48,91.28,92.1
51730,85.1,84.52,84.05,84.94,85.09
51735,10.47,17.81,25.26,24.24,22.54
51740,31.33,36.04,40.85,42.07,42.52
51750,25.95,23.56,20.95,18.12,13.78
51760,51.07,49.26,46.91,44.78,41.77
51770,66.73,57.69,47.81,35.27,21.69
51775,29.26,22.78,15.99,12.05,7.05
51790,57.18,53.42,49.32,46.85,43.62
51800,15.47,19.53,23.21,21.02,18.0
51810,8.31,9.89,11.25,12.83,13.46
51820,44.19,42.72,41.49,49.89,57.84
51830,3.82,7.87,11.66,10.1,7.99
51840,37.09,39.48,42.09,46.2,48.98
53001,6.11,9.43,13.15,14.99,15.11
53003,77.49,77.96,78.46,77.24,73.18
53005,27.63,31.74,35.99,36.94,35.43
53007,17.89,25.65,34.07,44.59,53.14
53009,84.18,83.12,82.12,82.95,82.47
53011,23.43,21.6,19.74,19.09,16.64
53013,84.18,87.99,92.61,89.76,84.71
53015,83.25,84.26,85.59,83.71,80.06
53017,66.73,72.6,78.72,81.4,81.92
53019,97.26,97.17,97.19,98.19,96.67
53021,6.81,10.01,13.14,16.63,17.61
53023,81.41,78.88,75.62,80.12,82.07
53025,22.03,21.65,20.66,21.82,20.76
53027,77.49,79.21,81.25,82.04,80.28
53029,47.31,48.06,48.95,49.2,48.3
53031,62.53,63.36,64.33,68.2,70.71
53033,5.35,4.93,4.52,4.86,3.53
53035,52.88,50.88,48.57,46.09,41.87
53037,28.46,29.57,30.51,30.11,27.13
53039,76.92,76.27,75.42,62.42,47.17
53041,87.07,86.02,84.82,82.36,77.24
53043,82.84,81.78,80.47,78.56,73.7
53045,88.19,86.91,85.57,82.94,78.32
53047,66.73,67.67,68.54,69.86,68.05
53049,98.73,98.75,98.66,96.77,92.34
53051,90.0,85.11,79.72,78.07,74.29
53053,31.33,30.31,29.26,27.9,24.76
53055,25.95,22.64,18.96,15.71,10.72
53057,40.15,42.22,44.69,41.8,36.64
53059,44.19,38.07,31.19,33.08,33.47
53061,18.5,17.52,16.31,16.03,14.61
53063,46.39,45.46,44.72,42.19,36.85
53065,78.73,78.49,78.53,80.04,79.01
53067,26.62,26.07,25.68,27.41,27.17
53069,95.35,95.05,94.58,94.19,91.79
53071,52.18,50.52,48.23,48.3,46.04
53073,32.38,30.08,27.57,26.88,23.77
53075,12.7,14.98,17.6,17.77,15.27
53077,24.96,25.49,25.9,26.79,25.11
54001,86.69,78.53,69.21,62.89,55.19
54003,35.21,39.98,45.52,42.39,37.74
54005,99.36,99.07,98.9,98.11,95.55
54007,76.28,77.22,78.73,80.86,81.86
54009,55.59,56.29,57.05,59.77,60.68
54011,81.41,79.57,77.29,75.24,70.87
54013,95.86,96.6,97.5,96.62,94.0
54015,97.42,98.12,99.07,99.17,97.82
54017,82.84,84.05,85.52,77.68,68.08
54019,98.25,98.28,98.27,98.1,96.16
54021,77.49,73.28,68.2,56.92,44.72
54023,73.8,73.11,72.84,68.88,63.49
54025,82.14,83.3,85.05,85.31,84.49
54027,94.91,95.29,95.9,95.77,94.35
54029,75.39,71.9,67.53,65.41,61.71
54031,67.43,57.84,46.72,42.69,37.2
54033,77.49,77.98,78.67,76.93,73.61
54035,70.68,68.21,65.22,70.63,73.82
54037,25.95,27.72,29.49,27.13,23.74
54039,79.94,76.29,72.18,71.59,69.32
54041,82.14,82.26,82.96,79.02,73.99
54043,99.2,98.55,98.07,96.05,92.77
54045,99.33,99.29,99.36,99.16,97.07
54047,99.78,99.78,99.74,99.73,97.57
54049,50.05,55.67,62.5,70.93,77.96
54051,43.08,53.38,65.53,68.62,70.25
54053,87.68,86.28,84.67,79.19,71.46
54055,97.64,98.12,98.63,97.38,94.07
54057,91.95,90.38,88.49,84.76,79.84
54059,99.68,99.67,99.61,99.65,97.88
54061,12.1,16.37,21.29,25.21,27.74
54063,98.41,97.14,96.28,90.81,83.95
54065,55.59,56.2,56.62,51.72,45.1
54067,87.39,85.7,83.89,85.18,85.02
54069,51.07,50.8,49.92,49.35,46.94
54071,88.6,83.84,78.64,70.45,60.94
54073,78.1,75.84,72.73,72.43,69.79
54075,92.71,93.47,94.87,94.62,92.85
54077,80.83,78.34,75.28,74.51,72.85
54079,26.62,24.08,21.28,19.43,15.76
54081,90.67,91.6,92.78,93.83,93.06
54083,78.1,71.75,64.96,59.73,53.15
54085,76.28,77.12,78.29,81.89,83.56
54087,92.45,94.53,97.12,98.02,97.11
54089,98.5,98.67,98.98,98.66,96.68
54091,87.68,82.97,77.29,78.73,78.54
54093,84.18,84.85,86.18,87.04,86.91
54095,71.25,69.97,67.85,70.61,71.72
54097,49.38,44.77,40.02,43.34,45.51
54099,95.16,95.65,96.1,95.24,92.67
54101,93.79,88.45,82.44,84.9,85.74
54103,67.43,71.52,75.97,76.52,75.6
54105,91.18,93.72,96.77,97.91,96.48
54107,72.97,73.76,74.52,74.13,71.09
54109,99.94,100.01,100.03,99.97,97.82
55001,87.68,88.38,89.16,88.76,88.47
55003,49.38,56.29,64.03,65.15,65.75
55005,34.45,36.71,39.02,34.58,29.54
55007,54.92,56.83,58.35,60.68,62.33
55009,12.1,11.39,10.3,9.94,8.36
55011,13.37,13.66,13.79,20.58,27.08
55013,64.37,63.52,62.3,64.84,67.22
55015,3.57,3.46,3.39,3.52,2.92
55017,25.95,25.27,24.23,19.66,14.34
55019,12.1,13.79,15.63,16.21,16.17
55021,12.1,12.59,13.29,14.28,14.61
55023,52.88,50.32,47.34,38.37,29.54
55025,3.18,2.68,2.18,2.42,2.31
55027,14.45,14.74,15.15,15.85,15.35
55029,28.46,30.87,33.49,31.48,28.04
55031,43.08,43.24,43.01,43.39,42.91
55033,14.45,17.95,21.84,21.44,20.44
55035,22.03,22.3,22.5,24.41,25.81
55037,75.39,78.92,83.12,78.57,73.22
55039,15.03,14.56,13.92,15.8,16.9
55041,71.25,68.53,65.48,60.18,54.02
55043,15.03,13.48,11.68,11.45,11.06
55045,19.71,18.98,18.09,18.74,19.34
55047,23.43,24.33,25.48,33.46,40.28
55049,21.14,20.51,19.71,16.57,14.19
55051,62.53,64.46,66.74,70.88,74.33
55053,31.33,30.68,29.72,30.04,30.45
55055,10.47,11.28,12.13,12.65,12.12
55057,65.33,65.27,65.14,63.13,61.0
55059,19.2,19.64,20.19,22.05,22.39
55061,25.95,23.21,20.01,20.5,19.84
55063,14.45,14.81,15.27,14.17,13.26
55065,13.37,15.74,18.44,18.21,18.25
55067,71.25,69.85,68.05,63.73,58.64
55069,24.96,27.67,30.91,33.51,36.07
55071,19.71,18.87,18.15,19.6,20.16
55073,14.45,14.8,14.93,15.69,15.73
55075,57.18,60.31,63.92,64.16,62.75
55077,58.1,57.59,57.03,63.6,69.24
55078,41.07,46.17,51.96,55.81,58.98
55079,29.26,27.09,24.67,22.97,20.16
55081,27.63,31.64,36.44,34.97,33.76
55083,24.29,28.63,33.56,34.29,33.96
55085,43.08,39.84,36.17,37.29,37.39
55087,6.4,7.14,7.85,8.23,8.05
55089,3.57,2.72,1.81,2.09,1.48
55091,16.14,17.41,18.73,21.51,23.84
55093,4.62,6.64,8.91,9.48,9.48
55095,24.29,28.01,32.3,32.8,32.77
55097,14.45,13.94,13.16,13.42,13.19
55099,51.07,52.35,53.64,52.34,50.79
55101,26.62,26.23,25.86,27.01,26.85
55103,30.25,27.45,24.35,25.77,27.62
55105,40.15,38.3,36.02,33.43,29.7
55107,61.83,64.96,68.35,65.54,62.34
55109,3.57,3.53,3.13,2.93,2.41
55111,26.62,23.98,20.89,20.74,20.16
55113,48.3,47.93,47.13,47.37,46.83
55115,22.03,22.61,22.83,27.18,30.8
55117,10.47,9.68,8.92,8.16,6.45
55119,22.67,22.05,20.96,20.12,18.51
55121,12.7,10.66,8.2,8.16,7.68
55123,16.14,14.58,12.85,10.6,8.59
55125,62.53,62.81,63.4,62.32,60.56
55127,16.14,17.37,18.84,18.15,16.09
55129,51.07,53.82,56.89,57.48,57.44
55131,7.07,7.15,7.34,6.92,5.39
55133,6.4,5.78,5.03,4.89,3.35
55135,36.1,36.76,37.48,38.31,38.76
55137,52.18,51.52,50.52,52.92,54.42
55139,14.45,15.81,17.28,18.86,20.07
55141,24.29,29.92,36.37,40.49,44.85
56001,5.03,5.55,6.18,5.97,4.44
56003,59.34,53.06,46.56,46.81,45.63
56005,3.18,5.68,8.29,8.4,5.83
56007,22.03,18.67,14.94,16.5,15.1
56009,52.88,55.32,58.25,47.76,35.14
56011,9.07,6.97,4.32,5.71,4.89
56013,40.15,41.02,42.22,44.02,42.88
56015,40.15,42.21,45.01,52.46,58.13
56017,58.1,54.15,50.44,56.96,61.31
56019,29.26,32.49,36.49,37.41,36.42
56021,23.43,25.94,28.75,32.15,33.28
56023,18.5,17.66,16.86,22.95,26.87
56025,37.09,39.0,41.17,40.62,38.34
56027,76.92,72.38,67.4,57.8,46.03
56029,19.2,20.7,22.77,19.77,15.64
56031,72.97,63.96,53.85,57.76,60.12
56033,37.09,32.45,27.22,24.33,20.06
56035,23.43,24.09,24.8,37.05,46.78
56037,16.14,17.73,19.85,23.68,24.75
56039,0.32,0.39,0.56,0.87,-0.78
56041,42.12,51.7,62.74,57.49,49.86
56043,76.92,62.46,46.53,39.37,30.4
56045,36.1,37.64,39.49,38.48,35.49
