FIPS,2015 kals,2016 kals,2017 kals,2018 kals,2019 kals,2020 kals
01001,65.71,72.65,75.83,78.58,74.44,69.45
01003,37.52,35.42,34.84,34.76,35.8,36.97
01005,87.06,88.43,88.83,89.33,84.25,78.89
01007,49.95,45.06,51.19,58.97,65.22,69.34
01009,55.57,46.73,42.69,38.84,40.33,39.89
01011,77.22,70.45,57.44,43.36,32.24,20.71
01013,84.7,80.31,75.49,70.1,62.23,54.23
01015,81.26,83.62,84.54,85.09,84.7,83.22
01017,76.57,70.03,66.13,62.28,66.58,69.5
01019,90.08,88.9,86.13,83.0,72.79,61.52
01021,65.26,63.99,66.13,68.5,74.91,79.81
01023,97.47,97.99,98.76,99.29,98.53,96.8
01025,54.48,53.97,58.34,63.25,69.64,74.79
01027,70.88,60.99,54.97,49.29,61.06,71.99
01029,87.58,89.69,90.5,91.04,89.51,86.76
01031,69.1,72.01,70.87,69.15,68.13,67.09
01033,82.28,80.52,77.35,74.65,71.23,66.8
01035,91.56,88.74,90.09,91.78,92.23,92.25
01037,89.9,91.16,91.87,92.17,93.55,93.7
01039,88.33,87.79,86.99,86.16,84.92,83.56
01041,78.22,79.78,82.42,85.56,87.56,89.1
01043,59.9,53.68,58.41,65.09,70.2,73.52
01045,84.67,87.06,87.27,87.43,86.87,87.0
01047,79.29,72.84,70.85,69.55,69.66,68.57
01049,53.84,50.29,49.98,49.95,40.86,30.39
01051,58.76,66.14,68.33,69.76,62.23,53.63
01053,84.27,83.4,80.82,77.4,76.33,74.52
01055,83.08,81.37,80.68,80.28,75.19,68.3
01057,97.92,98.59,98.26,97.72,97.1,95.21
01059,77.54,76.86,65.85,53.05,41.1,28.31
01061,91.64,91.1,90.03,88.95,91.23,93.66
01063,97.61,97.75,97.59,97.09,93.88,89.95
01065,89.86,88.67,88.07,87.27,90.42,92.43
01067,81.07,80.74,78.91,76.59,75.11,73.71
01069,68.96,68.95,68.63,68.51,64.02,59.62
01071,72.7,69.15,71.86,75.39,77.97,79.51
01073,44.75,45.59,47.53,49.37,49.61,48.15
01075,94.38,93.34,93.41,94.17,94.31,93.25
01077,53.94,52.41,48.21,43.61,41.17,38.16
01079,86.46,85.65,84.75,84.25,87.02,88.91
01081,19.28,19.23,22.44,26.1,26.64,26.02
01083,39.91,46.21,50.95,55.98,53.81,50.83
01085,90.99,93.57,94.87,96.23,96.74,96.39
01087,70.34,67.2,65.8,65.04,65.4,64.46
01089,24.7,25.28,25.66,26.37,25.53,23.74
01091,94.19,94.86,95.9,96.79,96.78,95.23
01093,96.69,96.63,96.36,96.64,96.3,95.25
01095,66.16,62.57,57.47,51.61,43.39,34.02
01097,49.19,48.45,42.82,36.48,33.66,30.81
01099,40.5,31.05,31.31,32.96,38.89,44.17
01101,55.89,58.53,57.86,57.12,56.1,54.46
01103,60.88,64.97,64.55,62.88,61.6,59.31
01105,98.3,97.3,97.41,97.21,96.17,93.81
01107,96.62,96.58,95.83,95.3,95.84,95.69
01109,52.56,58.13,60.55,62.97,59.92,57.12
01111,63.18,54.08,47.13,40.12,49.6,57.6
01113,71.38,68.02,68.98,72.08,77.74,82.37
01115,65.6,64.84,62.62,59.65,56.55,51.6
01117,15.87,15.13,14.72,13.93,15.71,16.03
01119,86.12,83.57,85.77,88.77,88.83,88.35
01121,78.8,76.29,76.93,78.18,82.39,85.4
01123,71.5,70.96,73.53,76.5,79.84,82.07
01125,19.5,19.0,19.09,18.95,21.42,22.39
01127,97.18,96.98,96.63,95.74,95.74,93.97
01129,94.36,95.28,95.52,95.75,85.28,74.34
01131,71.76,73.53,74.1,73.79,73.8,72.61
01133,97.35,97.41,97.1,96.81,94.82,91.62
02013,0.97,1.37,1.76,2.17,5.96,7.53
02016,0.82,1.41,1.31,1.2,1.34,0.84
02020,9.18,10.34,11.66,12.73,13.02,12.84
02050,7.26,7.08,8.18,9.33,11.6,13.83
02060,26.9,23.54,31.08,37.8,45.25,51.66
02063,0.0,-0.02,0.06,0.05,-0.03,-0.48
02066,0.0,0.05,0.26,0.34,0.28,0.16
02068,3.44,4.22,17.43,31.18,43.71,56.87
02070,21.62,23.13,22.86,21.94,20.27,17.1
02090,9.7,9.06,11.79,14.1,13.42,14.0
02100,48.17,54.56,37.93,17.88,43.38,69.22
02105,65.46,56.9,53.2,50.28,58.33,65.09
02110,5.94,5.81,10.69,16.18,17.31,18.09
02122,40.56,37.2,39.25,41.43,44.69,48.56
02130,29.47,35.04,38.62,41.79,42.01,41.76
02150,20.46,17.64,21.08,24.18,14.84,5.02
02158,0.0,-0.01,-0.02,-0.03,0.08,-1.12
02164,33.53,15.38,23.54,33.55,43.27,52.6
02170,18.21,19.64,23.31,27.03,31.3,35.47
02180,11.3,11.16,8.87,6.52,4.97,3.54
02185,4.78,4.99,5.94,6.94,8.02,10.33
02188,7.88,8.29,7.61,6.89,5.55,4.86
02195,27.84,32.3,51.63,71.95,79.31,85.36
02198,56.11,63.69,75.31,87.1,89.9,91.44
02220,15.42,20.66,20.9,20.35,22.72,23.37
02230,1.6,3.49,5.03,8.65,27.39,46.63
02240,43.42,42.18,52.82,63.85,71.43,78.8
02275,86.39,77.22,74.81,72.17,65.66,57.8
02282,1.48,1.96,2.08,2.37,2.34,1.99
02290,59.08,55.73,50.44,44.95,49.11,54.37
04001,44.91,43.56,43.24,42.99,40.75,37.6
04003,65.64,64.68,64.55,64.52,65.76,67.25
04005,14.96,15.43,16.31,17.4,20.64,22.7
04007,86.12,90.53,90.83,90.73,88.98,85.27
04009,33.13,30.52,28.32,26.06,29.35,31.84
04011,30.93,28.55,27.15,25.78,23.14,19.56
04012,81.31,89.51,90.7,91.54,94.49,97.0
04013,10.38,12.0,12.25,12.6,13.39,13.11
04015,84.69,89.31,90.35,91.43,91.26,89.43
04017,71.22,70.75,70.28,69.84,72.72,73.41
04019,39.54,42.97,45.08,47.15,47.19,46.73
04021,32.57,37.65,42.1,46.68,50.57,53.78
04023,11.68,16.87,19.08,21.12,27.66,34.7
04025,74.54,74.75,73.81,72.88,72.53,71.01
04027,17.54,16.54,17.31,18.39,20.27,21.84
05001,90.12,93.26,94.43,95.54,92.72,86.35
05003,91.07,91.62,91.77,92.2,91.93,88.82
05005,91.54,89.6,88.31,87.24,90.24,91.75
05007,5.04,3.93,4.3,4.49,4.55,3.13
05009,86.0,84.45,80.85,76.92,79.46,80.95
05011,90.56,93.47,91.01,88.24,86.89,82.5
05013,99.03,98.95,97.42,95.91,94.1,89.81
05015,68.27,66.23,60.51,53.92,47.31,39.26
05017,96.7,96.06,96.35,96.28,96.66,94.6
05019,77.0,77.34,78.81,80.45,85.51,88.65
05021,95.56,95.36,94.83,94.37,92.91,89.33
05023,77.14,73.59,71.73,69.81,75.2,79.47
05025,92.56,92.82,88.98,84.81,82.98,78.35
05027,78.86,75.07,73.73,73.32,74.76,73.83
05029,82.46,86.07,90.27,93.83,95.05,94.11
05031,58.38,67.49,67.78,67.14,70.47,71.88
05033,72.03,75.39,78.96,82.52,81.76,79.15
05035,64.09,67.32,65.64,63.53,62.19,59.26
05037,90.04,90.73,86.75,82.55,77.68,71.03
05039,96.18,96.58,95.21,93.54,94.42,92.82
05041,81.96,85.8,85.94,85.78,78.9,68.41
05043,85.0,89.46,87.31,84.56,81.53,75.11
05045,24.37,24.3,31.59,39.87,41.35,41.05
05047,75.96,80.85,84.16,86.53,89.99,91.55
05049,97.21,97.67,96.94,95.91,94.71,92.35
05051,79.7,78.36,80.87,83.9,85.89,85.94
05053,70.33,66.17,71.71,79.04,77.22,72.75
05055,82.89,86.05,88.6,91.73,90.89,88.05
05057,84.52,83.61,78.24,71.73,74.12,74.4
05059,95.42,95.45,95.8,95.48,94.7,91.97
05061,69.24,67.04,69.5,72.75,73.94,73.22
05063,72.14,74.16,77.17,80.55,79.5,76.9
05065,93.12,92.33,93.69,95.58,96.88,96.68
05067,91.15,91.74,91.25,90.97,91.38,89.94
05069,77.01,78.85,76.02,72.05,71.97,68.75
05071,66.0,64.65,72.64,81.82,84.4,85.4
05073,93.92,94.62,93.54,92.33,93.78,93.24
05075,82.57,90.33,92.68,94.5,94.51,92.84
05077,96.74,98.16,96.35,94.51,94.41,91.41
05079,89.48,91.78,92.29,93.14,86.53,76.49
05081,79.19,83.76,86.29,87.91,84.9,79.78
05083,89.4,88.85,88.7,87.85,89.86,89.85
05085,46.83,39.48,36.85,34.47,39.58,41.8
05087,76.71,71.61,73.7,77.1,82.07,85.81
05089,96.99,95.66,94.03,92.48,95.15,96.21
05091,67.38,68.17,71.78,76.33,76.82,75.35
05093,87.7,86.5,83.74,80.93,77.56,72.44
05095,96.54,95.72,94.88,94.23,94.99,92.47
05097,99.46,98.94,98.97,98.56,98.09,95.97
05099,93.76,94.63,92.72,90.53,92.33,92.26
05101,91.61,90.84,91.42,91.92,93.07,93.09
05103,86.62,82.18,80.03,78.43,85.62,90.67
05105,87.85,90.73,93.69,95.75,94.6,91.42
05107,93.84,93.11,92.09,91.81,92.92,91.08
05109,98.55,98.43,98.8,99.01,98.32,95.67
05111,90.56,94.04,91.87,89.52,89.23,87.45
05113,96.4,95.55,94.73,92.73,91.79,88.99
05115,55.14,52.0,55.83,60.44,63.35,64.6
05117,94.4,92.41,90.11,87.61,89.54,88.47
05119,33.02,34.13,41.12,48.4,49.99,49.55
05121,83.13,86.5,87.68,88.99,90.07,89.73
05123,85.29,83.93,80.31,77.08,77.84,76.56
05125,66.47,62.69,63.37,63.91,61.52,57.06
05127,80.8,75.04,80.87,88.58,91.05,91.89
05129,93.8,92.34,92.27,92.3,93.1,92.29
05131,70.62,72.71,74.86,76.68,78.64,78.48
05133,32.39,26.2,28.81,32.6,35.43,37.17
05135,87.34,91.08,94.49,97.85,98.2,96.74
05137,94.49,94.59,93.38,91.51,93.37,93.93
05139,81.31,76.48,70.02,63.52,61.62,57.83
05141,91.76,91.34,93.04,94.7,96.61,96.92
05143,10.52,9.07,8.85,8.32,9.59,9.35
05145,59.52,56.54,56.23,55.97,61.4,65.04
05147,96.29,96.32,95.7,95.3,90.61,83.97
05149,85.31,84.14,85.58,86.63,78.02,67.71
06001,5.08,5.39,4.86,4.44,4.1,6.37
06003,92.48,94.9,90.25,85.71,70.36,55.07
06005,75.72,77.56,76.29,74.79,72.13,70.6
06007,66.84,66.16,64.51,63.15,62.41,61.98
06009,80.48,83.56,85.2,87.24,85.66,85.19
06011,23.94,23.42,21.96,20.43,23.42,27.08
06013,11.51,12.59,12.86,12.93,12.75,14.61
06015,91.85,92.14,89.18,86.26,80.79,74.74
06017,25.74,28.37,28.08,28.06,26.78,26.08
06019,21.78,22.49,24.11,25.71,25.55,27.13
06021,68.26,68.82,65.69,62.18,54.83,47.88
06023,61.89,63.55,60.6,57.59,58.72,60.12
06025,36.26,38.97,39.49,39.84,37.38,34.71
06027,33.27,32.62,34.29,36.19,41.39,47.13
06029,14.71,12.97,12.91,13.02,13.46,15.33
06031,14.37,16.01,18.36,20.83,19.29,19.28
06033,88.35,89.23,86.43,83.24,83.3,84.71
06035,73.4,74.82,68.13,61.48,59.98,57.83
06037,6.32,6.4,6.18,6.01,6.43,7.25
06039,26.56,24.58,25.5,26.8,27.82,30.57
06041,3.98,3.75,3.39,3.03,2.95,5.25
06043,71.69,70.08,71.18,72.92,75.03,79.02
06045,63.08,63.62,62.51,61.49,64.53,68.14
06047,52.07,49.67,41.58,32.53,29.25,27.67
06049,81.08,82.11,76.66,71.27,64.45,57.84
06051,2.7,0.87,0.38,0.21,-0.06,0.66
06053,3.58,4.12,3.76,3.26,3.19,5.98
06055,14.23,13.76,15.04,16.65,17.83,20.64
06057,41.48,44.19,43.29,43.11,39.92,36.98
06059,2.37,2.41,2.4,2.38,2.8,3.45
06061,12.66,12.7,11.25,9.89,9.2,8.98
06063,87.64,85.95,78.87,72.85,68.54,63.92
06065,13.53,14.35,14.44,14.42,14.85,14.82
06067,26.56,24.71,22.12,19.6,18.77,18.83
06069,4.19,4.53,4.24,4.05,5.52,9.14
06071,12.72,12.26,11.69,11.21,12.54,13.08
06073,6.08,6.46,6.0,5.64,6.0,6.46
06075,10.72,10.51,9.53,8.36,7.61,9.5
06077,19.6,20.18,20.51,21.01,20.94,22.36
06079,13.21,12.66,13.85,15.04,15.45,17.26
06081,2.18,2.1,1.97,2.03,2.0,4.46
06083,6.98,5.81,5.92,6.05,6.5,7.65
06085,1.54,1.56,1.61,1.57,1.69,3.93
06087,5.46,6.63,9.11,11.83,13.42,17.23
06089,73.78,73.14,71.02,69.02,69.17,68.92
06091,65.61,73.57,53.91,31.03,40.55,50.08
06093,83.98,84.17,81.92,79.62,77.05,73.54
06095,17.08,19.12,20.17,21.08,20.37,21.12
06097,16.79,18.27,18.68,19.1,17.95,18.67
06099,31.38,30.45,28.6,26.98,26.24,27.64
06101,33.67,31.71,31.25,31.67,27.89,25.21
06103,80.61,81.88,81.98,82.31,79.74,77.31
06105,94.35,94.64,91.55,88.32,79.39,69.65
06107,16.98,19.89,20.01,19.61,17.85,17.17
06109,78.72,82.31,80.53,78.15,79.3,81.66
06111,9.22,9.67,10.43,11.05,11.31,12.77
06113,8.7,7.27,5.68,4.12,5.39,7.85
06115,64.74,63.62,59.8,55.36,51.01,47.71
08001,10.06,9.73,9.39,9.0,9.72,9.84
08003,66.6,75.32,75.79,74.48,71.21,67.74
08005,4.17,3.78,3.46,3.23,3.95,3.92
08007,43.11,46.32,43.67,40.82,43.57,46.02
08009,95.2,96.45,93.18,88.76,83.17,76.06
08011,96.91,98.75,97.47,96.54,92.55,88.15
08013,2.22,1.93,1.82,1.61,1.89,2.13
08014,2.51,2.19,2.01,1.85,1.82,1.71
08015,49.11,53.54,57.98,62.28,53.59,45.01
08017,45.58,42.58,33.97,26.26,21.33,15.83
08019,8.82,5.59,5.39,5.48,13.07,20.33
08021,86.3,89.39,86.24,82.44,83.05,83.2
08023,99.7,100.31,99.48,98.85,97.7,95.86
08025,94.02,93.8,91.53,89.26,90.93,92.09
08027,71.26,70.43,71.7,73.31,68.7,63.87
08029,73.7,76.37,76.37,76.43,74.53,72.03
08031,5.76,4.85,4.96,5.18,5.58,5.46
08033,91.6,91.72,91.79,91.51,80.68,69.64
08035,0.35,0.33,0.37,0.41,0.62,0.45
08037,0.0,-0.03,0.13,0.19,0.48,-0.02
08039,9.88,10.89,8.83,6.52,5.55,3.91
08041,17.3,17.82,19.22,20.84,20.76,20.35
08043,74.93,77.58,77.73,77.11,71.17,65.01
08045,4.09,2.54,2.24,1.88,2.4,1.7
08047,6.44,3.56,3.05,2.76,4.02,4.89
08049,0.48,-0.14,-0.01,0.02,0.66,0.87
08051,0.73,1.57,1.6,1.69,0.95,-0.67
08053,64.6,85.62,90.84,94.21,90.1,85.72
08055,91.4,95.51,95.61,95.27,93.24,89.85
08057,5.3,1.85,1.11,0.55,11.35,21.93
08059,5.73,5.38,5.66,5.94,7.17,7.84
08061,55.38,64.93,54.68,42.18,30.94,19.15
08063,62.67,60.45,49.08,37.24,41.95,46.23
08065,4.17,5.99,11.15,16.81,24.11,31.07
08067,3.55,3.79,3.34,3.19,3.2,2.93
08069,5.59,5.52,5.71,5.72,6.51,7.22
08071,76.34,78.47,83.18,88.21,90.23,91.3
08073,78.22,77.21,65.2,52.94,56.09,58.11
08075,42.7,43.16,39.17,34.31,39.96,44.75
08077,38.08,39.05,40.23,41.31,42.99,44.57
08079,84.96,87.84,78.72,68.35,42.24,16.29
08081,9.8,7.48,10.84,14.55,23.99,33.52
08083,49.33,52.55,58.36,64.7,64.41,63.9
08085,56.84,62.64,63.48,63.25,52.99,42.34
08087,16.84,16.41,15.77,15.71,13.3,9.99
08089,83.79,83.93,84.58,85.71,85.0,83.81
08091,10.2,9.18,15.77,24.93,19.91,14.41
08093,6.94,8.7,12.19,15.68,16.22,16.37
08095,32.76,28.51,23.47,17.63,14.01,9.19
08097,0.59,0.31,0.36,0.29,0.66,0.07
08099,80.29,80.65,76.06,71.31,68.04,64.41
08101,71.8,73.75,75.6,77.66,76.54,74.63
08103,11.22,6.72,7.68,8.95,19.81,30.29
08105,56.53,53.98,61.76,72.19,76.76,81.82
08107,0.42,-0.05,0.29,0.22,1.35,2.33
08109,67.22,63.02,64.36,66.6,56.44,46.32
08111,11.84,20.36,25.17,29.88,17.48,5.15
08113,4.9,5.1,3.86,2.41,-1.02,-4.43
08115,41.78,41.54,52.04,62.24,60.67,57.87
08117,0.29,0.35,0.74,0.81,1.18,1.21
08119,36.61,35.04,37.55,40.47,39.96,39.16
08121,29.94,32.96,25.69,17.66,15.48,12.72
08123,9.31,7.93,7.48,7.08,8.55,10.17
08125,14.71,18.88,17.93,17.11,11.99,5.71
09001,3.66,3.54,3.64,3.72,4.57,4.99
09003,18.84,18.24,17.81,17.34,18.0,18.3
09005,8.66,9.02,10.11,11.43,15.93,20.03
09007,7.28,8.12,9.07,10.04,10.74,10.48
09009,15.54,15.11,14.9,14.71,14.97,14.28
09011,24.34,25.14,25.05,24.98,23.21,20.59
09013,5.32,6.08,6.45,6.85,6.91,6.5
09015,30.28,32.87,32.94,32.41,33.25,33.14
10001,33.03,35.47,37.48,39.73,46.21,51.15
10003,13.55,13.7,12.99,12.17,14.64,14.89
10005,39.7,37.56,36.99,36.59,36.34,34.49
11001,14.45,14.44,15.37,16.52,15.99,14.31
12001,9.76,9.74,9.9,9.98,10.72,10.17
12003,51.72,55.13,60.28,65.42,61.26,55.78
12005,66.9,70.3,74.74,79.21,80.42,81.37
12007,79.0,80.54,81.63,82.39,75.04,66.72
12009,46.56,45.57,47.86,50.62,53.1,55.03
12011,15.04,14.14,13.0,11.98,11.68,11.76
12013,95.14,94.03,92.8,91.05,92.31,93.51
12015,86.24,86.54,87.48,88.88,91.17,92.6
12017,87.06,87.55,87.65,87.88,88.51,88.39
12019,30.06,29.28,29.89,30.93,29.74,27.28
12021,16.09,15.39,14.54,14.06,15.25,16.34
12023,74.21,75.66,77.9,80.08,83.2,85.75
12027,45.46,43.41,40.32,37.0,44.64,51.23
12029,96.66,96.62,96.24,95.85,96.44,96.6
12031,29.26,31.33,30.99,30.49,28.09,25.24
12033,47.1,45.74,45.63,45.61,48.96,52.59
12035,60.49,59.72,57.88,55.87,49.24,41.91
12037,93.3,91.31,90.68,89.73,88.29,86.12
12039,68.51,74.26,78.51,82.42,80.42,78.24
12041,88.9,86.39,86.02,86.07,87.28,87.79
12043,87.98,91.82,88.48,84.08,76.22,67.4
12045,80.94,78.49,77.22,75.75,82.23,87.88
12047,95.11,94.26,93.55,92.67,87.65,81.99
12049,12.8,11.19,9.44,7.5,11.08,13.67
12051,42.94,40.19,32.57,24.7,19.56,13.32
12053,79.37,78.51,77.99,77.79,79.2,79.84
12055,77.22,74.11,77.87,82.75,85.67,87.83
12057,18.04,17.5,16.28,15.14,16.01,16.43
12059,93.88,92.28,93.07,94.34,93.59,92.95
12061,59.66,62.75,61.99,60.28,59.61,57.77
12063,89.14,87.65,84.93,81.82,81.79,81.81
12065,75.56,73.42,66.78,59.54,62.09,64.62
12067,77.9,76.62,72.01,66.6,65.23,63.52
12069,52.84,55.3,56.42,57.58,59.75,61.57
12071,36.06,35.99,33.73,31.14,32.01,32.68
12073,8.94,10.93,12.54,14.04,14.15,13.47
12075,88.94,87.75,85.38,82.71,83.09,82.47
12077,87.25,86.76,90.47,94.91,95.83,96.2
12079,90.42,89.56,84.33,78.63,67.52,55.82
12081,34.75,35.89,36.0,36.05,39.46,41.28
12083,71.22,71.98,71.66,71.32,68.5,65.05
12085,46.51,47.86,47.74,47.26,45.69,44.37
12086,9.01,8.17,7.5,6.81,7.05,7.15
12087,26.38,20.46,16.49,12.59,10.15,7.23
12089,54.09,58.07,57.55,56.33,59.75,62.41
12091,36.55,35.33,40.33,46.12,47.61,49.35
12093,52.72,46.52,46.21,46.94,53.0,58.63
12095,8.49,9.08,9.92,10.86,11.88,12.47
12097,39.92,40.92,40.7,40.22,40.55,40.7
12099,19.07,19.2,19.57,20.12,20.35,21.17
12101,60.52,61.5,59.71,57.44,57.82,57.92
12103,45.21,46.21,46.89,47.75,50.32,51.68
12105,48.95,49.88,49.57,49.05,48.56,47.22
12107,63.08,63.56,66.4,69.74,67.92,65.11
12109,13.72,15.22,14.65,13.79,13.35,11.81
12111,52.38,51.43,51.52,51.91,51.78,51.12
12113,47.55,50.1,52.61,54.59,55.22,56.4
12115,53.42,54.15,52.47,50.51,49.58,47.43
12117,9.7,9.4,8.98,8.49,9.35,9.88
12119,82.66,84.57,83.18,81.46,80.39,78.8
12121,72.21,74.61,76.7,78.94,82.31,85.61
12123,91.68,89.02,89.75,91.12,91.44,91.55
12125,46.08,46.63,47.92,49.24,47.45,44.84
12127,55.89,57.76,60.3,62.97,64.62,65.57
12129,64.76,56.64,56.12,56.91,45.37,32.95
12131,64.55,60.77,60.58,60.41,61.0,61.48
12133,84.75,84.12,82.99,81.5,82.3,82.8
13001,76.72,77.84,77.74,77.73,64.97,51.34
13003,46.0,46.22,45.2,45.27,44.77,43.56
13005,74.02,76.38,77.16,78.44,76.38,73.5
13007,77.94,82.46,85.08,88.23,86.36,83.7
13009,36.06,37.18,44.07,51.68,55.52,58.12
13011,57.41,58.23,57.72,57.35,64.46,70.75
13013,27.89,30.51,28.72,26.33,27.37,27.68
13015,40.61,43.8,41.48,38.26,33.14,26.62
13017,90.2,86.89,73.06,58.74,39.51,19.01
13019,78.43,84.69,83.23,81.62,73.68,64.69
13021,43.92,46.12,48.63,51.0,52.76,52.53
13023,80.36,77.82,71.01,64.09,67.47,69.31
13025,96.62,96.81,93.32,89.46,77.34,64.57
13027,88.16,87.26,78.22,68.33,56.47,44.54
13029,10.64,10.38,14.21,18.77,18.27,16.99
13031,21.24,22.07,24.58,27.38,27.28,26.68
13033,64.18,60.03,50.51,40.61,34.35,27.14
13035,45.67,47.54,49.48,52.13,52.82,52.24
13037,64.09,66.29,64.3,61.28,63.71,65.25
13039,16.06,20.82,20.98,20.33,20.41,19.52
13043,74.15,72.78,72.57,72.16,72.33,72.04
13045,51.48,52.23,48.47,43.73,42.83,39.65
13047,43.95,41.7,41.81,41.92,50.25,56.88
13049,36.04,41.4,58.55,78.28,84.93,90.59
13051,21.3,23.89,28.86,34.3,38.46,41.86
13053,54.34,51.33,35.39,16.72,17.97,18.24
13055,70.87,70.86,70.62,70.36,70.33,68.76
13057,4.72,4.95,5.12,5.65,7.49,7.8
13059,8.39,8.3,8.73,10.62,14.5,17.73
13061,84.76,77.05,78.49,82.61,86.85,90.6
13063,12.8,11.61,10.7,10.08,10.69,9.94
13065,81.84,79.79,66.94,52.03,52.21,51.33
13067,2.37,2.58,2.22,2.05,2.89,2.12
13069,61.29,67.38,70.83,74.96,72.21,68.45
13071,44.35,47.17,43.09,39.23,40.94,41.77
13073,10.38,10.94,12.33,13.95,17.35,19.51
13075,54.22,63.51,65.93,68.63,61.93,54.35
13077,10.09,10.13,9.92,9.67,11.48,11.01
13079,54.14,58.43,62.77,66.46,75.7,82.9
13081,80.56,77.42,73.48,70.32,71.99,72.04
13083,64.61,59.03,61.03,64.29,65.86,65.74
13085,21.78,22.64,30.48,40.16,41.24,40.76
13087,57.76,61.7,62.78,63.99,58.95,53.24
13089,7.54,7.54,7.68,7.93,8.96,8.97
13091,77.68,80.31,77.81,75.45,78.07,79.83
13093,58.07,64.62,72.93,82.7,76.94,69.34
13095,47.1,45.6,47.47,50.05,54.0,57.07
13097,18.76,19.15,17.86,16.48,16.29,14.13
13099,47.92,49.26,45.85,41.77,46.54,50.96
13101,36.6,33.79,36.71,41.55,34.26,26.06
13103,24.82,26.29,25.29,23.49,18.0,11.41
13105,72.81,74.94,77.96,81.9,83.28,84.06
13107,67.77,71.41,73.7,75.51,77.31,78.31
13109,53.33,54.27,57.21,60.13,48.25,35.67
13111,90.44,88.3,90.81,94.34,95.41,95.22
13113,5.28,4.57,4.41,4.59,7.62,8.62
13115,57.26,54.12,50.9,48.21,49.09,48.34
13117,1.26,1.23,1.6,1.75,1.51,-0.41
13119,86.72,91.34,88.12,82.94,80.56,77.85
13121,5.78,6.22,6.45,6.77,7.06,5.85
13123,77.3,77.99,79.79,81.9,82.86,82.53
13125,30.48,24.75,27.29,30.56,35.54,39.51
13127,48.4,50.04,50.5,51.32,47.12,42.14
13129,62.74,72.6,74.34,74.86,64.08,51.85
13131,78.66,84.18,84.84,85.26,84.6,83.43
13133,36.38,45.65,46.28,45.32,41.82,37.6
13135,0.96,0.86,0.61,0.41,0.93,0.01
13137,56.67,55.69,56.85,58.53,60.12,60.63
13139,12.66,12.81,12.74,12.39,13.72,14.04
13141,40.12,33.65,41.97,52.75,55.62,57.41
13143,75.98,74.24,72.79,72.03,69.02,64.39
13145,63.48,64.29,67.12,70.48,65.87,59.77
13147,67.81,71.14,75.65,81.09,83.45,85.47
13149,88.38,84.11,81.65,79.42,86.98,92.76
13151,9.3,10.71,9.99,8.96,7.39,4.57
13153,20.92,24.46,27.01,29.0,26.08,21.17
13155,85.56,92.96,88.08,82.86,61.95,39.98
13157,34.69,34.12,32.48,31.15,33.61,35.33
13159,52.42,60.73,64.03,66.66,70.32,72.96
13161,66.18,67.43,64.43,60.54,63.32,65.4
13163,57.68,61.62,57.32,50.75,50.62,49.41
13165,71.62,66.81,55.29,42.6,44.94,46.45
13167,76.55,72.08,71.78,71.68,76.43,80.24
13169,43.9,42.19,42.65,43.64,39.48,33.56
13171,57.92,55.05,48.12,40.62,53.63,65.31
13173,81.34,80.61,75.41,70.35,57.72,44.1
13175,25.76,22.92,25.13,28.22,33.27,37.28
13177,10.4,7.09,7.64,8.54,12.42,15.43
13179,26.23,25.81,28.02,30.99,34.55,37.51
13181,63.46,64.06,67.64,71.95,73.69,75.24
13183,42.66,52.69,58.4,62.98,69.35,75.1
13185,28.29,26.96,22.22,17.51,13.12,8.0
13187,46.54,47.38,50.3,53.48,42.85,31.03
13189,48.42,43.51,39.85,35.5,32.47,28.84
13191,98.41,98.81,95.26,91.22,88.03,83.72
13193,85.5,83.83,77.15,68.82,69.76,68.9
13195,64.34,70.74,71.05,70.84,70.23,69.34
13197,75.18,74.34,60.84,44.84,48.6,51.12
13199,84.78,84.95,85.7,86.54,87.58,86.66
13201,48.96,46.73,38.38,28.96,29.25,28.96
13205,72.65,78.84,74.85,69.38,68.82,67.41
13207,45.56,46.36,43.36,39.82,51.02,60.34
13209,63.14,64.45,68.01,71.33,60.98,50.31
13211,47.71,54.74,52.2,48.25,43.59,38.01
13213,54.81,53.11,48.43,42.85,33.35,22.14
13215,75.68,74.86,71.28,67.39,68.39,68.39
13217,40.64,44.57,46.05,47.54,47.23,45.94
13219,6.24,6.02,5.36,5.44,6.07,5.81
13221,62.34,68.86,63.59,56.28,46.81,36.85
13223,7.61,8.14,6.74,5.36,7.81,8.23
13225,33.66,38.56,49.84,62.86,68.05,71.22
13227,57.05,59.16,58.65,57.42,64.06,69.41
13229,83.93,81.89,73.96,65.27,44.94,23.86
13231,32.44,31.81,28.04,23.79,22.0,18.17
13233,61.68,58.77,54.67,50.6,48.62,44.68
13235,72.46,84.83,85.19,83.81,83.33,81.31
13237,45.12,42.12,41.07,40.33,55.75,70.29
13239,98.79,97.76,94.44,90.67,91.01,90.8
13241,60.61,62.76,71.18,80.42,83.91,86.23
13243,82.71,76.2,68.51,60.17,58.76,56.61
13245,68.61,67.04,64.58,61.94,64.88,66.83
13247,7.53,5.51,5.23,5.74,8.15,9.32
13249,65.42,62.05,59.08,57.11,60.21,61.64
13251,67.02,60.92,58.83,58.18,58.79,58.6
13253,61.0,61.8,63.62,66.43,74.87,82.98
13255,60.12,60.69,58.54,56.04,53.57,49.39
13257,78.29,78.23,78.96,80.03,78.87,77.36
13259,95.1,92.45,84.49,76.46,81.81,86.2
13261,44.43,42.27,37.7,32.69,30.62,27.14
13263,85.38,79.88,78.8,78.91,80.06,79.7
13265,96.96,96.95,94.91,92.2,85.85,78.8
13267,74.32,69.78,68.1,66.52,64.53,62.18
13269,57.8,57.09,63.29,71.5,80.8,88.25
13271,51.48,40.5,29.38,18.95,26.51,33.32
13273,54.86,40.92,40.48,43.12,46.56,49.38
13275,64.18,66.84,66.2,66.2,67.91,69.32
13277,57.6,62.76,55.31,46.99,37.45,26.77
13279,40.91,40.93,48.42,57.2,59.14,60.35
13281,71.26,66.89,69.51,73.86,66.56,58.31
13283,79.51,76.52,80.9,86.31,85.66,84.61
13285,63.45,60.79,60.16,59.45,59.41,57.2
13287,84.67,85.51,77.51,69.45,67.68,64.58
13289,77.34,78.73,81.83,85.75,77.94,68.04
13291,88.44,86.98,81.6,74.65,74.0,72.26
13293,73.32,66.89,60.35,53.93,58.73,61.67
13295,81.42,78.18,76.48,74.18,74.66,73.06
13297,23.65,24.58,22.53,20.35,20.72,20.25
13299,79.37,78.33,72.49,66.51,51.32,35.33
13301,55.13,35.55,30.74,28.31,37.59,46.17
13303,47.09,49.56,58.31,67.58,68.97,69.0
13305,73.54,69.84,64.4,59.02,49.35,38.74
13307,84.48,77.0,63.84,49.71,55.05,59.63
13309,46.08,45.41,43.42,40.84,28.44,15.24
13311,57.6,61.16,61.01,59.47,63.28,66.04
13313,17.21,13.25,11.52,10.49,9.65,6.79
13315,80.71,81.61,68.81,54.64,38.56,21.39
13317,74.75,72.95,70.52,67.97,61.57,54.8
13319,58.37,60.33,56.05,49.39,42.87,34.6
13321,60.65,67.19,66.74,65.99,64.84,62.71
15001,31.38,30.33,31.07,31.97,35.5,38.57
15003,11.78,12.92,12.09,11.53,10.73,8.41
15005,51.83,77.12,86.56,94.62,66.76,37.67
15007,14.6,8.6,7.16,5.95,5.57,4.03
15009,10.96,12.13,11.21,11.02,6.28,0.41
16001,7.28,7.9,7.18,6.93,8.2,9.52
16003,83.74,84.62,87.44,91.71,83.11,72.61
16005,41.48,44.56,49.46,55.29,53.2,50.25
16007,35.23,34.58,32.34,30.45,28.71,26.27
16009,76.17,75.1,78.09,81.85,82.04,80.15
16011,32.58,34.8,35.49,35.71,43.52,50.41
16013,0.68,0.0,2.29,4.31,7.33,9.46
16015,63.66,68.77,56.56,42.33,43.02,43.57
16017,55.27,58.67,58.46,58.59,57.29,53.73
16019,29.78,31.64,33.93,36.33,33.0,28.73
16021,73.04,69.74,55.68,40.72,43.38,44.1
16023,70.71,58.35,57.0,56.44,58.19,58.25
16025,66.18,55.84,49.04,42.63,59.64,75.37
16027,33.15,30.9,31.71,33.76,37.16,40.26
16029,37.92,38.41,32.91,26.96,22.79,18.49
16031,22.08,19.72,25.87,32.2,32.96,33.1
16033,48.72,19.94,9.76,1.47,5.15,7.44
16035,97.79,98.12,94.96,91.15,89.83,86.47
16037,73.97,79.4,85.2,91.07,95.03,97.83
16039,32.33,28.04,30.08,33.08,46.33,58.84
16041,33.88,36.27,36.24,36.76,34.67,32.02
16043,27.46,24.01,24.75,25.31,38.29,50.29
16045,73.37,82.44,82.34,81.18,84.92,87.78
16047,43.9,42.39,36.68,29.26,29.6,28.82
16049,89.38,91.95,92.47,92.84,91.68,87.96
16051,21.64,19.99,16.91,12.73,10.31,6.46
16053,21.33,16.99,17.24,17.62,16.8,14.71
16055,32.36,31.81,31.04,30.44,34.47,36.15
16057,17.35,19.92,19.72,18.96,18.92,16.71
16059,75.55,82.57,76.91,70.05,73.2,74.4
16061,87.71,88.7,91.2,94.52,96.29,95.27
16063,31.31,28.17,33.98,40.73,39.93,37.91
16065,0.34,-0.74,-0.03,0.29,2.48,3.58
16067,25.53,21.1,28.86,37.85,37.56,36.51
16069,68.77,69.7,69.38,68.81,69.72,67.84
16071,58.88,68.71,68.36,66.73,66.59,66.06
16073,53.63,56.22,58.19,59.73,65.69,70.9
16075,47.84,53.45,60.14,67.73,65.1,61.82
16077,57.83,65.54,67.04,67.21,53.33,38.31
16079,87.88,92.36,94.95,97.11,97.47,95.49
16081,9.99,2.98,1.75,1.28,1.33,1.21
16083,25.1,24.25,26.89,29.52,29.84,29.1
16085,67.0,78.62,80.6,81.44,58.51,33.82
16087,82.26,79.93,81.32,83.57,76.6,68.54
17001,34.13,32.98,33.19,33.29,40.39,45.96
17003,94.81,93.79,92.25,89.9,90.77,89.7
17005,51.96,56.39,54.85,52.15,56.95,60.36
17007,6.73,8.91,11.23,13.82,17.21,19.81
17009,12.96,14.47,24.27,35.44,55.01,72.97
17011,29.22,30.41,29.96,29.78,30.54,30.66
17013,60.04,63.61,69.14,75.66,76.0,74.71
17015,47.38,42.53,39.19,36.25,38.27,39.2
17017,29.64,28.33,29.31,29.5,31.84,32.28
17019,2.76,2.98,3.09,3.16,2.96,2.15
17021,39.94,38.93,31.34,22.35,25.27,26.84
17023,52.47,60.52,60.83,59.8,57.92,55.21
17025,72.27,76.44,79.28,81.91,81.2,79.3
17027,23.9,28.75,33.23,37.57,41.0,43.65
17029,31.92,31.59,38.01,46.11,51.49,56.07
17031,9.01,8.37,7.99,7.6,8.03,7.81
17033,56.43,58.76,57.57,56.0,57.14,57.06
17035,73.46,73.21,69.25,64.15,54.95,44.67
17037,4.3,5.79,6.48,7.1,9.06,10.02
17039,24.83,21.09,20.16,19.74,16.87,12.49
17041,10.42,11.11,13.39,15.59,18.03,20.03
17043,1.95,1.87,1.82,1.75,1.83,0.87
17045,48.18,54.27,55.74,56.59,58.16,59.02
17047,52.92,52.0,55.57,60.7,62.69,63.09
17049,23.72,26.84,26.39,25.04,28.19,30.52
17051,63.64,63.75,65.81,68.61,69.39,69.15
17053,55.96,61.1,59.32,56.34,49.63,41.9
17055,83.08,81.63,84.13,86.48,86.75,86.18
17057,45.0,45.42,45.52,45.27,43.96,40.44
17059,88.49,90.63,92.4,93.91,92.07,89.26
17061,54.48,54.35,56.52,58.86,53.4,46.68
17063,11.54,12.29,8.65,4.81,3.7,1.34
17065,59.87,58.82,67.49,77.88,80.87,83.31
17067,36.39,32.76,32.23,32.28,42.08,50.89
17069,99.12,99.18,98.89,98.36,98.7,97.56
17071,61.8,64.17,64.91,65.44,63.7,60.1
17073,20.04,20.98,21.47,22.62,25.8,27.55
17075,35.06,39.14,43.74,48.49,52.84,56.01
17077,25.67,27.06,31.0,34.9,40.42,44.35
17079,48.0,56.52,67.11,79.08,80.91,82.02
17081,68.18,72.44,76.41,79.45,77.73,75.06
17083,20.22,27.1,28.95,29.81,32.79,33.97
17085,20.86,20.18,28.31,38.15,39.23,39.02
17087,71.95,68.07,62.92,57.22,53.09,47.55
17089,1.95,2.05,2.07,2.0,2.31,1.87
17091,59.25,59.89,49.52,36.73,32.61,27.25
17093,0.89,0.93,0.82,1.02,1.31,0.58
17095,53.6,58.19,57.24,55.37,52.81,48.3
17097,2.19,2.38,2.64,2.93,3.57,3.46
17099,26.86,28.53,28.88,29.34,29.81,29.36
17101,82.08,87.81,86.48,84.16,80.41,75.46
17103,26.16,32.37,37.26,42.57,51.29,58.97
17105,37.32,41.64,45.48,49.67,50.01,49.45
17107,47.52,48.04,49.27,50.12,48.9,46.61
17109,17.79,20.94,25.05,29.07,32.6,34.33
17111,2.34,2.87,3.54,4.27,4.45,4.12
17113,4.44,4.17,4.35,4.45,4.37,2.9
17115,42.6,45.95,47.13,47.76,46.17,43.36
17117,52.69,54.38,51.08,47.3,47.3,46.02
17119,22.06,23.07,27.24,32.5,37.68,41.28
17121,72.94,71.03,71.59,72.45,72.31,71.25
17123,29.56,27.4,26.69,26.65,35.57,43.63
17125,57.56,55.07,59.68,65.3,68.08,69.46
17127,83.74,82.8,84.33,86.08,84.48,80.87
17129,23.72,26.62,31.27,35.74,38.84,40.75
17131,25.42,23.53,22.47,21.87,24.15,24.66
17133,7.48,6.8,5.89,4.53,5.32,4.86
17135,40.45,41.14,38.13,35.13,43.01,49.83
17137,42.55,40.97,47.71,55.55,59.8,63.13
17139,16.58,13.64,15.17,17.1,21.28,24.67
17141,16.56,20.81,21.05,20.6,25.42,29.05
17143,14.45,14.36,15.19,16.55,19.85,21.89
17145,58.61,55.95,64.54,74.83,80.09,84.04
17147,11.58,13.44,17.34,21.53,22.95,23.25
17149,54.92,56.79,57.27,56.94,60.81,62.87
17151,94.18,97.47,97.7,97.17,97.09,95.3
17153,95.64,95.16,94.98,94.32,93.26,90.43
17155,15.8,17.42,17.5,17.47,25.6,33.09
17157,49.74,47.88,50.09,52.16,56.11,58.62
17159,69.46,70.82,67.37,63.11,63.39,62.48
17161,27.73,26.94,27.87,29.51,33.32,35.58
17163,27.4,26.49,26.37,26.22,30.58,33.78
17165,88.02,87.54,89.37,91.49,91.96,91.23
17167,35.23,34.76,34.5,34.38,34.37,33.08
17169,59.58,65.77,74.29,82.43,86.71,89.41
17171,20.78,15.09,16.76,19.19,23.69,27.06
17173,32.93,23.41,21.56,21.22,28.09,33.78
17175,59.87,57.9,44.34,28.77,26.81,23.47
17177,40.99,38.43,39.89,41.99,46.28,49.41
17179,14.45,14.33,15.97,17.68,19.32,19.55
17181,69.34,68.7,68.78,68.7,66.8,63.23
17183,48.95,49.99,50.01,49.72,44.66,38.46
17185,70.48,72.32,70.72,68.75,70.5,70.95
17187,20.92,22.28,24.57,27.49,29.02,28.52
17189,28.02,22.79,22.02,21.32,22.05,21.95
17191,62.24,65.58,69.73,73.72,71.13,67.82
17193,78.96,80.96,82.54,83.48,82.68,80.82
17195,47.04,49.66,46.25,41.92,43.23,43.57
17197,2.86,3.1,2.44,2.08,2.69,2.08
17199,56.86,61.0,64.1,66.47,68.85,69.95
17201,32.64,34.46,34.98,35.47,36.6,36.93
17203,5.1,4.95,5.61,6.51,8.14,8.82
18001,20.87,22.85,20.86,18.07,15.72,13.79
18003,18.48,19.92,20.08,20.49,21.24,21.6
18005,23.58,23.67,22.68,20.92,26.54,30.61
18007,69.88,67.94,70.11,71.99,72.85,72.93
18009,87.04,85.23,85.07,84.72,86.21,87.68
18011,5.7,7.77,7.24,6.24,4.74,2.2
18013,19.28,20.23,22.95,25.89,30.92,34.69
18015,45.45,49.96,51.3,51.72,48.07,43.3
18017,41.58,44.55,46.04,47.07,44.45,40.64
18019,47.39,49.13,42.96,34.79,32.43,28.9
18021,70.1,72.39,71.84,71.34,72.73,73.36
18023,32.75,29.72,31.88,35.33,31.11,25.86
18025,84.84,84.4,83.73,83.31,78.49,72.2
18027,32.1,34.64,36.74,38.91,38.21,35.78
18029,19.01,17.95,17.57,17.81,23.71,29.01
18031,33.88,35.57,36.18,36.86,31.41,24.97
18033,56.86,51.97,45.18,38.39,31.52,24.75
18035,62.22,60.22,59.44,58.34,61.62,64.71
18037,7.54,8.48,9.52,10.88,14.84,17.02
18039,30.54,30.89,29.16,27.34,24.63,21.21
18041,81.04,77.54,74.46,71.58,74.02,75.27
18043,33.27,33.13,28.23,23.1,25.85,27.78
18045,65.6,67.72,69.1,69.74,72.65,74.3
18047,32.44,32.27,30.43,28.04,28.81,28.55
18049,57.41,58.08,58.46,58.86,54.81,49.54
18051,43.1,47.87,48.58,48.92,48.48,46.22
18053,70.01,68.72,71.9,75.78,77.24,78.56
18055,76.02,79.21,78.39,76.65,77.57,76.89
18057,0.97,0.95,1.04,1.22,1.31,0.34
18059,25.2,25.77,25.61,25.43,27.21,27.86
18061,64.95,69.71,68.94,67.5,64.42,60.27
18063,9.8,12.85,11.73,10.3,8.14,4.82
18065,63.46,63.89,64.12,64.34,69.05,73.08
18067,66.94,67.5,67.9,67.91,64.45,60.64
18069,39.47,39.86,38.36,36.58,38.06,39.13
18071,25.67,26.86,34.41,42.35,44.5,45.19
18073,28.42,23.66,31.45,40.69,47.81,53.87
18075,57.85,56.65,57.16,57.95,59.35,60.63
18077,48.96,45.69,49.09,52.89,58.65,63.57
18079,49.73,49.31,55.44,62.31,65.01,67.04
18081,8.1,8.65,8.29,8.2,8.46,7.53
18083,48.18,57.68,65.82,74.59,74.19,72.17
18085,24.96,27.95,29.35,30.95,29.61,27.62
18087,9.7,9.73,8.62,7.76,9.79,11.33
18089,35.61,34.98,34.59,34.01,33.52,32.58
18091,34.7,32.69,32.6,32.82,35.52,37.47
18093,63.08,64.25,69.51,75.13,73.15,69.8
18095,70.76,69.13,69.89,70.99,73.34,74.96
18097,33.38,33.66,32.8,32.05,30.71,28.38
18099,31.64,33.83,34.72,35.56,30.29,24.42
18101,41.07,50.21,60.71,71.75,73.87,74.39
18103,62.6,60.09,60.45,61.35,56.54,51.34
18105,10.72,10.99,12.09,13.35,12.13,9.77
18107,43.25,44.37,44.14,43.76,44.13,43.73
18109,46.02,47.39,47.01,46.86,40.27,32.82
18111,44.06,36.08,41.88,49.67,57.35,64.34
18113,32.1,33.24,32.87,33.04,34.22,35.19
18115,24.54,30.74,29.61,26.94,35.62,43.59
18117,70.32,75.48,81.82,88.18,87.98,86.33
18119,64.82,67.71,68.01,68.48,67.26,65.36
18121,53.8,60.6,66.63,73.13,71.33,68.74
18123,44.19,45.49,44.69,44.04,50.32,55.24
18125,71.36,75.7,74.18,71.5,65.03,56.88
18127,12.72,11.84,11.74,11.42,12.09,11.91
18129,19.34,21.18,21.8,22.13,22.81,22.05
18131,63.9,62.69,64.7,66.93,61.77,55.48
18133,49.46,52.24,46.13,38.67,30.43,21.55
18135,58.71,56.98,59.2,62.33,63.81,65.04
18137,33.11,31.91,30.5,29.12,29.81,29.79
18139,50.28,49.67,44.21,37.86,45.92,52.72
18141,31.38,30.93,30.71,30.88,31.02,30.8
18143,70.39,65.0,67.68,71.32,80.13,87.65
18145,28.82,31.65,30.29,28.45,32.83,36.03
18147,35.05,35.77,39.4,44.65,44.63,42.98
18149,66.7,64.69,59.23,52.6,47.89,42.03
18151,40.64,44.94,43.83,41.73,36.45,30.97
18153,72.43,70.61,72.82,76.54,76.39,74.75
18155,47.57,55.56,58.21,60.22,67.78,74.75
18157,6.65,6.45,8.41,10.44,8.43,5.75
18159,63.15,61.37,61.53,61.83,54.21,45.94
18161,40.93,42.23,47.04,52.68,54.42,55.1
18163,40.06,42.91,45.96,49.34,48.03,44.61
18165,64.86,67.07,71.04,75.8,77.71,78.91
18167,65.42,70.31,71.38,72.17,70.42,67.73
18169,47.39,43.28,40.72,38.43,39.59,40.37
18171,58.17,52.88,55.51,59.6,61.06,61.47
18173,14.55,17.08,18.14,18.98,18.85,16.7
18175,67.38,68.65,71.37,74.06,70.86,66.68
18177,70.87,71.64,71.56,71.12,69.71,67.35
18179,24.77,24.61,25.21,26.37,25.61,25.35
18181,51.56,53.61,57.26,60.59,60.92,59.99
18183,52.52,56.39,52.0,46.21,42.12,37.64
19001,45.42,48.42,52.99,57.99,53.02,45.53
19003,51.87,50.29,42.9,34.07,33.07,29.08
19005,17.54,16.8,15.55,14.34,13.72,11.05
19007,56.11,59.91,65.23,71.83,71.97,70.69
19009,21.25,23.88,24.67,25.37,25.24,22.2
19011,18.8,16.27,14.85,13.33,12.33,9.08
19013,17.13,14.03,14.2,14.89,19.75,22.95
19015,32.57,40.06,40.32,39.54,34.14,26.33
19017,4.72,4.6,5.53,6.33,9.26,10.93
19019,11.22,10.17,12.09,14.18,17.77,19.92
19021,4.1,4.17,5.21,6.0,4.72,0.94
19023,7.61,8.13,8.8,9.8,12.1,12.76
19025,37.95,34.89,30.03,24.78,22.77,18.06
19027,13.55,13.18,11.53,9.62,10.13,7.7
19029,50.67,43.96,36.75,30.03,26.1,19.42
19031,13.69,13.81,12.18,10.34,10.07,7.98
19033,33.16,38.02,37.75,36.14,34.88,32.0
19035,26.4,30.46,34.15,37.52,26.64,13.51
19037,34.38,37.28,34.52,30.41,30.2,28.22
19039,41.69,36.19,33.63,31.95,47.37,60.18
19041,31.31,29.49,36.46,45.27,47.48,47.33
19043,25.57,30.17,30.01,28.71,31.01,31.99
19045,29.78,31.8,30.43,28.5,31.59,33.39
19047,23.99,24.55,30.16,36.73,40.26,41.45
19049,1.26,1.51,1.17,0.97,0.14,-3.53
19051,22.08,21.29,19.41,17.2,16.72,14.63
19053,69.95,71.98,63.36,52.85,48.63,42.49
19055,16.49,12.96,13.11,14.1,12.65,9.86
19057,42.26,43.72,45.07,47.07,52.52,56.21
19059,34.69,34.06,37.38,41.25,42.43,41.47
19061,12.91,12.28,12.48,12.66,12.44,11.05
19063,29.54,38.19,41.12,42.68,50.14,55.98
19065,36.61,34.96,37.43,40.74,45.94,49.71
19067,37.98,40.73,45.93,51.97,52.52,51.38
19069,27.96,26.53,18.7,9.57,5.66,-0.46
19071,45.46,44.79,38.81,32.25,29.12,22.73
19073,59.87,58.65,55.43,52.37,56.2,57.25
19075,10.98,11.05,9.75,8.09,7.93,6.14
19077,33.38,33.67,32.58,31.39,25.82,17.87
19079,25.6,25.83,23.14,19.96,17.61,13.18
19081,15.34,19.24,21.26,22.83,26.98,29.06
19083,19.93,16.73,15.18,14.36,17.39,18.32
19085,47.12,46.7,37.83,27.55,24.2,18.06
19087,32.7,41.25,39.07,35.18,36.8,36.97
19089,18.46,17.52,14.81,11.57,8.09,3.0
19091,20.47,20.98,24.83,28.97,33.34,35.33
19093,28.24,27.67,32.38,37.81,30.44,20.93
19095,17.64,15.52,16.85,19.08,19.18,17.43
19097,22.44,23.07,21.79,19.92,18.27,15.44
19099,42.52,37.25,35.84,35.21,30.78,23.76
19101,5.73,5.79,8.04,11.08,18.53,24.48
19103,1.14,0.85,0.26,0.06,0.74,-0.58
19105,26.9,25.19,21.51,17.34,18.15,17.48
19107,46.08,46.06,43.95,41.66,48.66,53.8
19109,25.2,26.49,35.65,46.6,54.28,60.44
19111,59.36,64.09,62.53,59.25,55.27,50.04
19113,8.1,7.84,7.42,6.81,6.77,4.77
19115,15.86,19.65,17.55,15.01,16.08,15.21
19117,47.9,50.4,53.21,56.55,62.68,66.6
19119,12.18,13.24,11.91,10.28,10.6,9.12
19121,19.73,20.9,21.86,22.79,16.4,6.94
19123,31.1,32.49,31.78,30.67,33.43,34.16
19125,25.86,29.22,32.2,35.16,37.98,38.76
19127,24.34,22.97,20.46,17.7,15.48,10.9
19129,59.56,63.36,56.93,49.19,44.65,37.15
19131,8.47,8.59,14.17,21.03,20.9,19.05
19133,38.78,36.38,38.33,40.98,43.89,44.3
19135,39.2,36.96,31.5,25.11,25.98,25.08
19137,68.96,68.68,62.18,55.2,46.16,33.99
19139,14.18,12.32,9.99,8.06,9.65,9.49
19141,23.2,23.38,26.76,31.01,35.16,37.05
19143,24.44,29.72,27.5,23.02,21.56,18.06
19145,58.88,59.1,58.43,58.07,47.53,34.11
19147,44.6,48.96,47.32,43.69,45.56,45.31
19149,14.41,19.01,16.64,12.9,14.61,14.62
19151,23.76,25.91,32.84,40.38,42.06,41.28
19153,11.21,12.04,11.8,11.42,11.0,8.03
19155,39.58,41.84,39.37,36.92,37.83,35.71
19157,22.49,16.9,11.91,6.87,9.17,9.33
19159,52.42,52.35,44.29,34.71,31.15,25.37
19161,24.02,20.16,16.08,11.65,8.97,3.53
19163,8.85,8.87,8.96,9.04,10.13,9.71
19165,48.12,47.51,42.01,36.05,27.59,16.54
19167,1.08,1.9,1.91,2.27,3.18,2.38
19169,0.76,1.13,0.67,0.58,0.56,-2.0
19171,26.74,22.92,19.11,15.05,12.83,8.63
19173,38.92,37.48,42.25,49.05,44.61,37.17
19175,48.4,49.63,53.9,59.31,54.09,46.15
19177,30.07,28.23,31.48,36.02,42.87,48.34
19179,44.84,39.42,37.36,36.27,42.55,47.19
19181,12.71,14.03,15.01,15.84,13.83,8.85
19183,30.04,29.68,22.76,14.82,14.98,12.91
19185,65.3,65.37,60.55,54.96,48.46,40.48
19187,40.91,37.93,35.7,33.67,36.72,37.0
19189,37.98,40.88,42.41,43.68,38.51,32.01
19191,2.72,2.62,6.74,11.8,14.3,14.81
19193,20.8,22.25,22.52,22.36,21.89,19.39
19195,31.92,31.98,34.67,38.13,37.84,35.61
19197,29.61,29.42,32.48,36.27,35.11,31.37
20001,82.44,81.74,79.09,75.09,73.67,70.11
20003,48.6,34.5,32.61,32.45,34.22,33.65
20005,55.25,54.07,51.83,49.51,38.68,25.37
20007,44.65,45.1,48.53,52.34,61.27,68.47
20009,34.02,30.36,37.3,45.93,45.69,43.02
20011,73.04,75.26,79.16,83.19,79.4,73.29
20013,65.66,66.46,62.28,57.19,54.62,49.47
20015,24.02,19.99,18.2,15.97,21.09,24.46
20017,57.85,57.03,60.7,65.01,51.45,35.84
20019,93.71,92.33,91.95,91.48,91.6,90.01
20021,83.8,82.43,86.46,90.78,91.66,90.52
20023,54.64,57.26,55.33,52.65,51.16,48.39
20025,52.52,48.59,41.36,33.24,54.73,74.43
20027,50.57,46.77,46.23,46.01,53.14,56.69
20029,51.53,47.93,43.34,37.84,33.32,26.16
20031,36.95,41.54,49.55,57.81,61.31,62.36
20033,41.92,36.94,30.85,23.99,49.02,71.66
20035,59.41,57.2,61.06,64.86,64.57,62.44
20037,52.31,52.79,52.85,52.63,50.66,46.89
20039,88.6,86.75,77.64,66.9,75.36,82.19
20041,58.1,61.54,65.28,68.49,64.95,58.49
20043,41.2,45.22,49.95,55.15,43.51,29.65
20045,6.65,7.03,8.08,9.09,9.99,8.64
20047,43.35,51.17,44.25,34.2,31.8,28.01
20049,87.82,89.97,93.34,96.72,94.38,90.34
20051,12.18,13.4,16.07,18.17,15.58,10.86
20053,56.44,57.43,62.27,67.23,61.87,53.67
20055,6.94,7.49,8.37,9.13,11.31,11.81
20057,8.09,6.76,5.61,5.28,8.65,10.03
20059,40.53,37.69,36.71,35.11,41.54,46.01
20061,15.24,18.08,20.13,21.73,22.13,19.44
20063,33.96,36.62,43.27,50.16,56.25,61.08
20065,74.92,77.89,79.83,81.39,74.87,66.36
20067,6.3,10.05,10.1,7.86,3.65,-2.4
20069,13.73,16.22,14.42,12.04,8.12,2.12
20071,47.96,60.75,72.16,82.78,77.82,72.09
20073,74.35,81.54,84.82,87.04,84.01,79.06
20075,16.16,9.31,17.29,26.77,27.95,27.81
20077,45.46,53.06,53.22,51.32,54.39,55.96
20079,30.23,33.83,40.48,46.98,43.96,38.57
20081,3.38,1.76,1.06,0.55,1.1,-1.07
20083,60.78,52.77,42.07,30.91,35.69,38.65
20085,46.6,55.59,62.02,68.55,64.68,58.14
20087,34.98,38.7,40.48,42.15,37.74,30.71
20089,52.04,58.02,65.62,73.58,72.23,68.07
20091,3.45,3.86,4.26,4.37,2.99,0.22
20093,16.5,15.83,18.68,21.21,29.44,35.96
20095,50.26,55.74,49.39,41.27,37.84,32.03
20097,59.08,47.0,43.86,43.4,54.38,63.81
20099,73.78,72.89,75.42,78.06,78.06,75.93
20101,63.46,63.82,62.62,60.52,57.2,52.84
20103,40.93,42.81,44.57,46.28,36.7,24.69
20105,44.1,50.77,56.71,62.04,56.7,48.38
20107,78.02,75.02,76.46,78.11,71.67,63.48
20109,34.18,32.12,34.86,37.5,42.44,46.68
20111,28.29,31.2,31.29,30.51,27.11,21.71
20113,18.37,19.09,22.15,24.89,25.59,23.84
20115,53.46,47.02,50.8,55.93,49.2,40.07
20117,47.09,50.25,51.18,51.82,44.6,33.53
20119,7.76,6.55,6.1,5.91,7.14,6.53
20121,18.84,17.57,21.47,25.97,27.69,27.78
20123,36.26,39.23,44.82,51.0,48.15,42.12
20125,70.34,67.21,70.97,76.02,77.83,77.23
20127,58.37,60.92,63.36,65.61,65.99,63.84
20129,38.62,42.5,49.73,57.04,63.12,67.74
20131,26.04,27.99,27.82,27.99,28.14,24.96
20133,66.47,65.51,68.51,71.98,74.86,75.65
20135,51.0,45.99,51.0,57.72,50.47,41.65
20137,50.07,49.66,36.9,21.64,25.79,28.18
20139,63.98,61.84,61.8,62.44,61.25,57.91
20141,68.36,76.15,75.7,73.52,60.79,45.33
20143,35.38,30.0,27.79,25.64,29.0,29.78
20145,60.12,61.0,65.63,71.35,77.47,82.06
20147,48.4,49.3,51.44,53.9,59.3,62.36
20149,4.57,5.51,6.26,7.27,9.06,8.02
20151,36.12,35.26,25.71,15.02,13.59,9.93
20153,60.13,61.23,68.32,76.27,78.19,78.26
20155,42.09,41.76,42.9,44.43,44.54,42.33
20157,46.29,35.74,32.81,31.28,27.43,20.69
20159,41.58,44.64,49.63,54.43,53.26,49.83
20161,2.15,3.53,5.38,7.62,11.32,11.91
20163,51.62,45.09,47.05,50.48,51.09,49.37
20165,61.74,62.2,62.16,61.11,49.63,36.37
20167,64.2,63.14,67.25,71.8,69.91,65.64
20169,23.3,24.05,31.54,39.82,47.1,51.96
20171,10.95,8.2,6.74,4.69,5.98,6.52
20173,19.3,17.4,20.26,23.5,29.64,33.89
20175,2.05,1.79,1.84,1.47,2.49,1.79
20177,42.09,42.04,38.63,34.8,31.96,26.82
20179,40.01,41.83,43.39,44.54,38.84,31.5
20181,64.94,61.19,63.29,66.66,58.37,49.04
20183,70.3,72.13,71.92,71.2,63.41,53.31
20185,46.02,47.12,46.33,45.44,43.36,39.24
20187,14.3,16.62,40.1,66.67,58.58,48.7
20189,8.4,6.16,8.14,10.53,10.34,8.04
20191,34.51,30.94,35.51,41.03,49.13,55.72
20193,18.46,17.36,27.35,38.79,35.43,30.26
20195,7.28,8.19,15.71,23.88,29.57,33.66
20197,42.34,50.63,52.99,54.46,56.85,56.79
20199,66.11,73.09,72.59,70.64,77.65,84.39
20201,46.83,39.37,36.69,34.64,35.47,32.55
20203,26.2,36.48,58.42,82.43,85.58,87.99
20205,92.0,91.79,92.31,92.3,86.57,78.49
20207,77.96,79.49,84.78,90.71,91.89,90.87
20209,38.36,38.35,40.03,42.13,37.39,30.83
21001,68.35,71.33,73.18,75.06,79.26,82.25
21003,74.23,79.32,82.53,85.49,83.3,79.91
21005,45.83,50.98,56.69,62.2,69.38,75.81
21007,48.38,41.2,47.28,56.57,63.37,68.29
21009,81.03,81.42,82.99,84.85,85.56,85.09
21011,91.77,93.32,94.51,95.7,96.31,96.45
21013,99.65,99.3,99.52,99.63,99.74,99.02
21015,13.36,13.62,13.38,13.37,15.63,16.95
21017,46.24,49.29,51.74,54.53,58.21,61.7
21019,85.45,85.06,87.64,90.62,92.3,93.3
21021,67.14,63.92,61.99,60.63,61.9,62.94
21023,44.03,40.59,33.5,26.54,34.54,41.54
21025,99.88,99.91,99.93,99.94,99.91,100.31
21027,85.78,86.59,86.51,86.76,87.12,85.63
21029,43.57,45.98,49.04,52.61,54.16,54.96
21031,89.02,92.2,91.43,89.93,87.23,83.21
21033,73.94,77.19,83.49,89.71,94.82,97.96
21035,34.61,32.54,39.0,46.94,53.85,59.46
21037,20.7,17.26,16.92,17.13,19.3,19.95
21039,48.61,49.07,46.98,43.47,43.29,41.61
21041,80.34,79.47,74.47,67.64,61.45,54.7
21043,81.14,80.34,81.34,82.17,83.58,84.47
21045,88.79,88.79,89.29,90.32,88.84,87.18
21047,39.98,46.13,52.09,57.61,63.64,68.3
21049,66.16,68.41,70.69,73.25,76.75,80.05
21051,95.11,96.09,97.27,98.39,98.97,99.46
21053,50.48,48.52,56.18,66.43,74.85,82.25
21055,69.12,72.09,78.15,84.7,90.14,93.64
21057,58.73,53.59,48.23,42.34,44.9,46.53
21059,54.09,57.44,55.53,52.81,54.84,55.18
21061,98.37,98.87,98.82,98.56,97.95,95.87
21063,91.24,90.84,93.13,95.9,96.16,96.24
21065,98.58,98.7,98.66,98.52,98.58,98.79
21067,15.76,15.56,17.06,19.03,20.54,21.98
21069,90.13,92.92,94.0,95.54,95.26,94.23
21071,99.27,99.42,99.39,99.34,98.37,97.06
21073,62.62,63.54,64.6,65.01,64.96,63.97
21075,89.22,91.73,92.47,92.79,91.04,87.54
21077,47.1,46.98,43.18,39.24,36.98,33.93
21079,82.87,84.3,82.93,81.04,75.14,68.95
21081,53.06,56.6,58.18,60.23,53.57,46.58
21083,52.16,55.73,60.8,65.67,70.16,72.83
21085,84.06,80.16,79.39,79.63,77.52,73.98
21087,95.75,97.03,97.76,98.51,98.86,98.31
21089,80.36,78.09,80.78,84.22,85.89,86.69
21091,77.45,80.71,75.36,68.23,69.19,68.63
21093,61.22,66.11,67.32,67.82,65.76,62.27
21095,99.79,99.84,99.89,99.91,99.84,99.59
21097,73.96,73.13,68.93,64.89,65.17,65.07
21099,87.2,86.74,88.05,89.98,89.37,87.42
21101,77.03,78.67,82.22,86.25,88.19,88.21
21103,63.46,64.16,69.94,76.35,77.7,78.38
21105,87.44,93.66,95.44,95.94,93.6,89.48
21107,66.12,65.59,68.2,70.86,77.71,82.84
21109,99.72,99.51,99.63,99.51,99.1,98.69
21111,42.9,41.88,39.68,37.7,38.31,37.64
21113,51.48,52.43,49.53,45.38,40.92,36.42
21115,99.36,99.52,99.18,98.73,97.8,96.93
21117,37.44,36.21,36.04,36.18,35.83,34.29
21119,99.25,99.79,99.93,99.9,99.73,99.56
21121,75.69,69.91,65.36,60.44,63.27,65.6
21123,81.47,85.43,85.95,85.73,84.58,82.53
21125,72.92,71.13,73.24,75.92,74.89,73.54
21127,96.37,95.88,95.29,94.56,90.83,86.49
21129,99.89,99.76,99.8,99.79,99.69,100.03
21131,99.78,100.0,99.92,99.82,99.69,99.91
21133,99.2,99.85,100.12,100.22,99.85,99.12
21135,94.02,93.84,92.3,90.31,88.0,85.03
21137,87.84,86.86,84.09,81.0,76.38,71.48
21139,90.6,89.77,91.74,93.64,95.06,94.55
21141,57.85,56.38,51.98,47.3,52.41,55.99
21143,92.54,90.61,91.88,92.82,96.04,97.62
21145,59.98,56.63,55.62,54.22,50.1,43.73
21147,98.38,97.66,98.03,98.39,95.47,91.73
21149,71.93,71.54,70.61,69.57,76.92,82.23
21151,54.64,55.53,57.04,58.91,60.04,61.45
21153,98.79,99.07,99.31,99.58,99.36,99.19
21155,56.11,63.18,72.59,83.3,85.11,86.72
21157,53.06,56.04,64.91,74.42,77.94,80.03
21159,99.59,99.53,99.4,99.31,99.02,98.55
21161,68.34,73.54,73.77,73.99,75.75,76.21
21163,61.83,67.99,70.16,72.12,73.77,73.93
21165,92.71,90.47,90.84,91.44,92.75,93.66
21167,80.34,79.34,77.84,76.2,74.42,72.17
21169,94.24,94.1,94.35,94.69,94.75,93.66
21171,94.12,93.27,92.67,92.18,91.91,90.19
21173,83.52,85.2,86.35,87.44,89.27,91.1
21175,95.97,96.69,97.68,98.43,97.78,96.95
21177,86.6,87.05,89.28,92.0,94.49,95.34
21179,60.98,61.77,66.86,73.07,69.85,66.08
21181,74.28,87.36,91.12,93.96,94.29,93.73
21183,88.41,87.31,85.9,84.85,79.06,71.75
21185,3.32,3.93,4.25,3.79,2.72,0.75
21187,81.78,86.02,85.96,84.97,76.6,67.62
21189,99.43,99.03,99.08,99.11,99.3,99.54
21191,69.08,72.6,72.88,73.15,74.37,75.02
21193,98.78,99.4,99.49,99.5,99.4,99.57
21195,99.34,99.11,98.93,98.81,98.55,98.26
21197,95.56,94.14,93.97,94.03,93.74,93.35
21199,89.49,89.65,85.83,81.16,77.76,73.89
21201,79.08,80.93,67.13,50.38,40.81,30.19
21203,94.14,93.77,94.55,95.65,92.46,89.17
21205,59.65,60.09,64.89,70.57,65.64,60.07
21207,87.15,84.77,79.73,74.11,74.99,75.24
21209,22.16,17.76,19.34,22.54,27.43,31.65
21211,24.14,25.59,33.21,42.02,35.99,29.52
21213,41.12,39.94,32.58,24.05,27.65,30.23
21215,36.6,34.6,35.19,35.8,33.78,31.12
21217,77.77,83.1,85.15,86.42,88.16,89.38
21219,50.85,42.15,36.46,31.37,36.67,40.51
21221,64.86,66.22,70.8,75.65,85.39,93.52
21223,68.24,63.74,72.59,84.48,87.9,90.47
21225,83.08,81.96,81.29,80.25,84.69,87.48
21227,42.82,44.14,44.23,44.62,40.68,35.89
21229,71.95,75.83,75.53,73.88,72.67,71.18
21231,97.44,97.04,94.35,90.74,88.74,85.81
21233,86.25,85.16,88.37,92.17,96.23,98.46
21235,85.51,81.41,82.89,85.46,88.26,90.24
21237,99.51,99.41,99.63,99.94,99.99,100.18
21239,32.07,30.23,30.3,30.7,33.82,36.36
22001,72.92,71.4,73.32,76.08,78.43,80.57
22003,85.78,89.91,85.49,79.84,77.56,74.56
22005,17.97,16.94,18.23,20.79,21.7,21.53
22007,76.9,79.3,82.78,86.13,87.83,89.29
22009,78.06,72.18,75.5,79.4,86.07,91.9
22011,87.1,87.51,85.08,82.79,81.86,80.25
22013,88.38,86.43,86.2,86.01,89.13,89.68
22015,23.56,22.62,20.98,19.44,19.56,18.04
22017,46.54,46.81,46.58,46.22,47.26,47.09
22019,62.7,60.81,56.34,51.88,42.76,33.22
22021,51.4,40.85,36.71,33.33,40.01,45.0
22023,66.35,60.54,51.88,42.7,35.05,26.94
22025,57.52,41.56,38.67,36.36,41.32,44.66
22027,85.56,83.76,76.79,69.46,69.71,67.9
22029,48.71,24.19,22.0,22.43,42.53,60.93
22031,68.23,65.76,66.83,67.9,73.3,77.4
22033,29.94,32.57,33.32,34.09,35.54,35.86
22035,57.14,59.92,58.97,55.16,62.0,67.91
22037,65.36,58.96,51.34,43.01,46.81,48.9
22039,89.38,91.16,92.81,94.51,95.13,95.51
22041,77.34,77.44,70.98,62.43,59.69,55.08
22043,82.02,78.37,75.67,72.98,71.75,69.27
22045,59.28,59.32,59.2,58.56,57.51,55.8
22047,71.68,76.41,79.7,82.69,80.64,77.6
22049,89.26,91.5,93.34,94.65,95.2,93.14
22051,30.54,29.64,32.19,34.2,37.92,41.01
22053,85.48,81.53,75.71,69.79,73.06,75.83
22055,18.51,16.81,17.21,17.86,17.4,16.86
22057,61.0,60.61,61.38,60.58,62.51,64.32
22059,57.21,49.45,47.53,45.37,40.83,34.91
22061,33.11,31.77,31.96,32.67,35.28,35.38
22063,46.08,46.3,37.59,27.15,24.67,20.81
22065,26.7,20.09,26.02,33.81,57.27,79.49
22067,60.73,56.76,50.74,44.37,42.9,39.41
22069,66.3,65.88,57.93,47.65,39.49,29.4
22071,34.13,33.02,35.68,37.73,37.42,36.2
22073,21.74,21.89,22.74,23.99,27.03,28.17
22075,7.17,4.62,11.53,18.67,26.99,34.61
22077,70.84,73.58,82.89,92.55,95.11,96.36
22079,78.06,72.63,66.82,60.36,61.79,62.07
22081,46.58,43.29,53.69,66.71,78.95,89.22
22083,30.72,36.95,38.37,38.89,45.37,49.74
22085,64.1,54.76,52.54,51.3,64.42,76.06
22087,23.45,20.33,29.17,39.71,48.0,55.49
22089,22.16,17.86,17.29,16.98,19.61,21.32
22091,94.62,92.97,90.53,88.55,90.37,90.68
22093,52.31,52.46,49.18,44.84,41.71,37.84
22095,42.34,38.65,35.36,32.18,33.53,33.88
22097,30.9,28.27,25.91,23.14,19.32,14.8
22099,47.02,47.17,46.56,45.28,45.36,45.19
22101,72.19,65.68,65.16,65.06,67.37,69.31
22103,43.25,43.99,40.34,35.63,41.36,46.0
22105,84.44,84.79,83.07,81.69,81.48,79.88
22107,34.19,27.69,20.24,11.85,14.93,16.55
22109,44.84,39.11,46.84,56.69,60.65,64.49
22111,53.28,55.64,55.33,54.72,54.56,52.43
22113,46.69,49.81,54.94,60.16,62.08,63.55
22115,69.6,67.64,65.83,64.33,68.44,71.91
22117,94.62,93.98,92.98,92.26,90.8,88.74
22119,80.97,78.87,68.94,57.52,54.08,48.49
22121,40.91,41.62,42.12,42.42,39.17,34.96
22123,36.99,30.75,31.71,34.02,40.7,45.78
22125,36.09,21.64,23.3,27.07,20.83,13.01
22127,86.88,83.48,82.96,82.79,85.52,85.9
23001,58.28,55.16,55.76,57.16,60.31,62.44
23003,91.24,90.74,91.28,91.94,91.25,88.92
23005,16.84,16.04,15.1,14.17,14.35,13.66
23007,61.68,58.81,57.54,56.47,53.37,49.58
23009,53.39,50.45,48.91,47.41,43.19,38.03
23011,62.22,60.39,59.79,59.28,58.07,55.53
23013,57.4,57.14,53.32,48.65,45.98,42.44
23015,49.81,51.7,55.15,59.18,59.17,57.95
23017,72.8,72.77,73.44,74.11,73.99,72.96
23019,71.0,72.59,73.93,75.09,73.22,70.22
23021,96.74,97.73,98.27,98.78,98.14,96.32
23023,38.55,33.53,27.12,20.16,18.01,14.95
23025,78.22,83.43,84.98,85.81,85.18,83.94
23027,59.06,56.98,58.88,61.63,60.24,58.26
23029,85.91,86.96,87.86,88.76,90.19,89.85
23031,40.98,42.01,41.49,41.09,42.33,42.61
24001,75.44,76.4,75.61,74.6,74.47,73.36
24003,6.7,7.35,7.94,8.58,9.23,8.75
24005,15.76,15.47,15.69,15.97,15.79,14.21
24009,11.0,13.0,12.2,10.93,9.05,5.75
24011,45.7,47.84,46.4,44.33,43.38,40.89
24013,6.8,8.65,10.64,12.64,14.81,15.75
24015,22.88,23.29,26.01,29.3,30.81,30.69
24017,3.23,2.31,2.18,2.48,3.96,4.44
24019,61.32,60.56,62.6,65.49,66.18,65.45
24021,7.94,7.94,9.73,11.69,10.29,7.91
24023,42.6,46.59,51.42,57.04,61.46,65.37
24025,10.14,11.14,12.82,14.39,13.01,10.08
24027,0.82,0.85,0.93,1.07,1.44,0.61
24029,43.47,37.11,36.17,36.36,33.57,29.31
24031,1.6,1.57,1.73,1.79,1.82,1.05
24033,3.36,3.78,4.07,4.34,4.65,3.59
24035,9.79,10.26,9.9,9.4,9.55,7.96
24037,15.42,16.4,17.88,19.75,19.74,18.15
24039,57.53,58.74,52.25,43.98,47.35,48.86
24041,32.97,36.23,35.47,33.82,37.75,40.51
24043,50.56,51.9,53.48,54.52,52.16,48.28
24045,15.04,11.92,12.51,14.12,18.44,21.4
24047,42.22,41.96,43.71,45.77,46.54,45.8
24510,50.56,49.7,48.66,47.32,47.7,46.52
25001,32.2,34.18,31.28,27.87,27.13,24.63
25003,44.88,47.81,49.97,52.05,51.15,50.41
25005,37.92,37.81,37.56,37.38,37.34,35.98
25007,1.83,2.33,2.16,2.07,3.74,4.5
25009,18.62,19.5,18.84,17.86,17.86,16.48
25011,37.44,36.67,40.49,45.23,50.34,55.38
25013,54.3,53.29,53.76,54.48,54.86,55.14
25015,11.21,11.77,11.84,11.26,11.63,12.11
25017,3.96,3.96,3.81,3.83,3.94,2.97
25019,1.51,1.84,2.7,3.84,13.57,21.96
25021,6.3,5.83,5.57,5.33,4.94,3.23
25023,15.25,14.62,13.66,12.88,13.04,11.66
25025,21.74,21.93,21.25,20.5,19.34,16.53
25027,17.6,18.39,18.54,18.55,19.01,19.29
26001,92.14,92.52,93.04,93.47,94.26,94.38
26003,77.54,77.04,72.1,66.51,71.33,74.97
26005,14.72,11.8,9.7,8.03,7.54,6.71
26007,74.19,73.78,73.46,73.0,74.67,75.9
26009,48.0,52.13,52.67,53.1,54.12,54.54
26011,85.77,85.17,85.51,86.01,82.52,79.14
26013,57.92,54.72,58.79,64.21,68.07,70.77
26015,35.04,31.09,26.07,21.16,21.11,20.83
26017,58.37,60.47,58.18,54.81,51.43,48.38
26019,68.58,62.93,59.41,56.47,51.15,46.07
26021,39.47,40.39,41.62,43.24,44.91,46.31
26023,40.29,39.64,39.29,39.06,36.72,34.03
26025,52.31,52.78,53.07,53.4,49.45,44.95
26027,58.4,65.24,67.59,69.35,69.33,68.99
26029,50.04,47.69,43.5,39.51,42.44,45.01
26031,82.84,83.24,81.71,80.13,77.76,74.58
26033,71.38,67.49,69.63,72.25,69.88,65.81
26035,92.15,90.45,91.59,93.21,92.92,93.31
26037,14.87,16.68,18.63,20.73,21.41,22.69
26039,85.88,83.47,84.29,86.08,87.19,88.06
26041,73.46,72.73,72.34,72.14,74.56,75.92
26043,60.78,67.22,70.4,72.84,68.46,63.01
26045,43.54,50.13,52.74,54.52,56.03,57.78
26047,33.52,36.13,31.57,25.74,27.18,28.1
26049,59.25,60.2,60.29,60.51,63.92,67.19
26051,87.94,88.67,88.32,87.66,86.72,86.19
26053,62.69,56.71,52.97,48.86,49.71,49.39
26055,24.34,24.72,23.24,21.62,20.83,20.14
26057,50.5,47.83,47.0,46.51,45.82,45.35
26059,45.0,42.03,43.03,45.03,44.3,42.95
26061,18.9,15.74,15.39,15.91,14.56,11.55
26063,62.86,58.9,58.4,58.26,55.43,51.38
26065,21.73,21.97,24.04,26.79,26.51,26.77
26067,43.44,39.12,30.13,20.54,18.72,16.79
26069,92.58,91.92,91.99,92.06,89.72,86.63
26071,81.4,78.08,72.6,66.57,70.98,74.67
26073,22.35,20.35,23.78,28.02,32.0,36.47
26075,50.07,50.18,50.31,50.32,47.86,45.39
26077,27.4,26.46,25.89,25.66,24.91,24.11
26079,72.3,77.78,76.32,73.65,71.24,68.57
26081,15.42,16.47,15.78,15.08,13.79,12.69
26083,85.56,82.29,70.67,57.55,41.77,24.14
26085,97.1,96.49,96.61,97.17,97.43,97.56
26087,38.54,40.84,40.25,39.36,39.1,38.14
26089,24.28,22.28,21.52,21.25,21.24,21.9
26091,50.56,51.98,52.31,52.5,48.28,43.61
26093,7.03,8.14,8.37,8.49,9.3,9.95
26095,97.52,96.87,93.83,90.45,88.35,84.49
26097,78.6,73.67,71.13,69.09,72.78,75.08
26099,35.05,35.29,35.17,35.15,35.0,33.65
26101,77.22,76.1,74.35,72.58,69.06,65.31
26103,31.7,34.61,36.47,38.24,36.93,34.15
26105,65.55,66.94,63.28,58.84,57.87,56.71
26107,53.28,52.92,51.5,49.78,54.34,59.45
26109,69.84,73.4,73.86,73.53,67.03,59.84
26111,30.88,29.58,30.02,30.65,31.35,32.35
26113,70.33,74.4,75.24,75.43,73.58,71.58
26115,26.9,25.38,27.91,31.28,35.11,37.81
26117,74.23,74.16,71.77,69.0,64.17,59.88
26119,97.42,97.41,96.73,95.96,95.02,93.82
26121,52.96,54.16,52.73,51.22,46.03,40.43
26123,71.65,74.5,74.94,75.37,73.44,71.78
26125,16.92,17.2,16.81,16.42,16.16,15.33
26127,69.34,69.25,67.29,65.46,61.6,57.38
26129,94.02,93.66,93.59,93.51,93.28,93.48
26131,69.28,75.35,76.44,76.47,76.57,75.21
26133,69.69,69.05,70.15,71.68,73.92,76.03
26135,92.1,92.56,93.02,93.55,93.55,93.47
26137,55.96,60.89,64.87,69.26,68.0,66.64
26139,6.99,6.98,7.04,7.19,7.0,6.67
26141,80.04,79.43,80.31,81.39,80.8,79.5
26143,97.85,98.21,98.42,98.38,97.96,97.45
26145,55.97,57.06,57.93,58.97,62.34,66.17
26147,60.87,62.45,62.74,62.79,61.73,59.42
26149,38.8,43.35,45.84,48.26,51.33,53.86
26151,59.32,60.8,64.31,68.23,70.51,71.68
26153,86.22,85.08,86.38,88.38,87.68,86.04
26155,51.68,52.3,51.19,49.79,50.68,52.08
26157,74.77,76.66,76.94,77.09,77.59,77.76
26159,44.88,47.81,47.11,45.88,42.17,38.22
26161,2.8,2.71,3.21,3.66,4.06,3.4
26163,57.05,56.57,56.07,55.46,53.82,50.49
26165,59.14,58.62,56.86,55.14,54.59,53.71
27001,73.29,71.72,70.67,69.88,74.0,77.27
27003,5.64,6.19,6.33,6.51,6.35,5.12
27005,21.64,20.46,24.38,28.7,32.96,35.23
27007,21.11,19.3,24.03,29.3,31.67,32.4
27009,26.44,27.48,26.13,24.47,19.56,12.95
27011,59.06,57.57,54.18,50.81,39.27,25.67
27013,5.08,5.42,5.64,5.73,5.3,3.8
27015,9.26,7.23,7.89,8.66,8.18,6.48
27017,16.84,16.67,19.3,22.74,29.86,35.66
27019,0.4,0.56,0.52,0.59,0.79,-0.53
27021,56.6,55.71,53.36,50.65,45.77,39.22
27023,31.92,30.93,31.03,31.08,30.59,27.73
27025,16.59,17.52,17.68,17.95,15.61,12.22
27027,7.91,6.8,6.33,6.12,7.72,7.11
27029,60.33,58.03,60.34,62.3,65.26,66.83
27031,18.42,17.7,23.87,30.34,27.11,22.96
27033,37.06,36.77,38.38,39.8,37.12,33.21
27035,38.78,36.5,36.15,36.09,35.88,34.05
27037,2.77,2.99,2.97,2.94,3.3,2.28
27039,1.88,1.89,2.16,2.48,2.23,1.25
27041,20.92,23.32,23.47,22.92,22.33,20.72
27043,26.56,25.07,23.69,22.27,21.71,19.99
27045,19.07,19.15,17.02,14.54,12.7,8.99
27047,33.43,34.88,34.34,33.53,27.87,21.1
27049,11.51,12.53,11.92,10.74,8.4,4.65
27051,41.15,35.33,34.65,35.57,36.14,35.2
27053,5.59,5.7,5.79,5.87,6.18,5.21
27055,12.93,10.71,11.57,13.22,12.58,9.9
27057,42.01,43.68,45.95,47.97,47.56,45.29
27059,22.08,26.16,26.45,26.53,23.78,20.06
27061,55.18,55.33,53.16,50.53,55.66,59.28
27063,8.83,6.58,8.33,10.45,14.66,17.0
27065,59.23,66.06,68.0,69.83,68.67,66.25
27067,17.21,15.47,16.23,17.22,18.44,18.01
27069,41.69,40.62,29.52,16.88,15.74,12.42
27071,64.61,58.52,60.1,62.21,64.84,65.79
27073,46.58,43.18,43.28,43.84,45.74,45.42
27075,30.93,28.88,32.77,37.22,43.77,49.34
27077,22.8,20.89,16.17,10.79,12.56,12.09
27079,6.4,7.67,8.74,9.99,10.83,10.57
27081,33.64,32.08,29.82,27.04,25.9,21.92
27083,9.8,7.73,6.63,5.53,6.59,5.4
27085,12.38,13.95,15.2,16.4,19.39,20.85
27087,34.02,29.83,36.54,44.41,46.35,45.88
27089,23.38,20.4,19.48,19.31,20.21,19.19
27091,33.46,35.88,36.81,37.22,40.87,43.33
27093,13.55,13.42,13.3,13.2,12.76,10.71
27095,48.42,51.21,50.41,49.4,49.34,47.82
27097,23.64,22.38,21.95,21.7,21.51,19.97
27099,24.98,23.84,23.08,22.24,18.07,12.69
27101,28.72,29.73,28.3,25.95,25.17,23.07
27103,9.47,11.96,14.71,17.58,19.18,19.4
27105,11.76,10.47,14.82,20.51,20.05,17.77
27107,14.56,13.94,16.84,19.86,19.73,17.09
27109,4.22,5.1,6.05,6.97,5.98,3.73
27111,32.44,32.49,30.21,27.32,26.89,24.85
27113,28.8,26.01,23.35,20.13,20.31,18.91
27115,59.92,67.72,67.6,66.61,67.97,68.35
27117,25.1,24.62,29.2,34.69,37.19,37.64
27119,30.39,27.23,28.0,29.23,27.74,24.02
27121,35.63,33.7,33.58,33.9,33.79,32.61
27123,15.28,15.51,15.65,15.92,15.72,14.47
27125,23.96,22.34,23.42,24.56,22.67,19.15
27127,29.56,26.83,20.23,12.75,11.03,7.62
27129,19.23,16.4,12.35,8.11,10.05,10.64
27131,4.22,5.47,5.4,5.11,4.32,2.51
27133,17.21,15.84,15.08,14.25,15.69,15.44
27135,12.13,9.82,9.77,10.21,10.78,9.35
27137,39.02,39.88,40.23,40.19,40.08,38.68
27139,0.72,0.83,0.91,0.99,1.31,0.47
27141,2.76,2.74,2.67,2.69,3.59,2.98
27143,12.13,11.94,11.1,9.96,10.85,10.03
27145,9.55,10.32,9.88,9.42,9.03,7.26
27147,12.66,12.81,12.91,13.27,11.56,9.3
27149,17.4,18.88,16.14,12.48,10.97,7.79
27151,41.92,37.77,36.0,34.43,37.2,37.75
27153,31.49,31.38,33.83,36.82,33.16,28.44
27155,69.18,74.39,71.54,67.52,63.67,58.16
27157,13.88,13.96,18.12,22.84,24.53,24.44
27159,65.83,67.59,66.97,65.91,60.07,52.92
27161,18.02,18.46,16.63,14.36,13.89,12.88
27163,2.58,2.71,3.12,3.51,3.62,2.78
27165,11.76,9.53,16.51,25.07,28.73,31.52
27167,31.26,39.06,41.27,42.36,42.66,40.74
27169,12.38,13.98,14.63,15.0,13.61,10.08
27171,1.66,1.99,2.79,3.77,4.16,3.06
27173,21.64,20.08,23.12,26.94,29.19,29.24
28001,58.47,49.46,52.45,56.63,61.44,64.46
28003,82.44,81.71,83.85,86.29,87.75,88.31
28005,93.9,90.1,84.67,79.39,87.44,94.0
28007,82.62,80.36,85.46,90.91,91.13,90.79
28009,76.44,74.52,74.82,74.74,75.2,74.17
28011,42.78,58.17,68.48,77.8,75.29,70.34
28013,84.75,84.26,86.46,89.45,91.39,92.06
28015,62.53,66.78,73.08,79.41,74.63,68.6
28017,62.08,62.02,60.41,58.66,62.5,64.95
28019,95.34,95.8,97.32,98.53,97.88,96.54
28021,39.58,40.82,40.03,39.45,39.07,37.32
28023,95.37,93.23,92.75,92.57,93.92,94.67
28025,53.25,43.77,30.02,15.53,9.18,1.19
28027,47.9,44.35,40.78,38.15,39.21,37.57
28029,59.28,61.25,52.46,41.92,38.16,33.92
28031,94.0,92.85,86.52,79.88,76.9,74.02
28033,13.0,13.51,14.06,14.96,17.75,19.12
28035,86.42,84.38,85.02,86.28,85.72,84.79
28037,78.4,79.4,69.03,56.73,70.16,82.69
28039,81.88,84.47,84.4,84.75,85.28,85.21
28041,93.33,94.58,89.79,84.07,82.95,80.91
28043,85.99,90.07,87.52,84.04,81.13,76.89
28045,67.18,67.62,72.35,77.93,64.99,51.07
28047,48.61,49.57,50.88,52.29,52.24,51.63
28049,25.76,23.46,21.57,19.91,21.88,23.58
28051,30.82,33.47,47.51,62.11,76.1,89.15
28053,55.98,49.17,65.03,83.32,90.55,96.1
28055,90.37,83.36,87.44,92.49,95.78,98.08
28057,87.82,86.21,83.65,81.3,70.53,58.43
28059,67.78,68.68,67.36,65.82,66.28,66.53
28061,87.26,81.82,77.3,73.16,71.9,70.16
28063,62.98,55.4,39.61,21.87,23.09,22.79
28065,84.67,86.53,81.06,74.74,69.92,64.96
28067,73.92,70.9,66.81,62.7,62.15,61.36
28069,81.73,81.91,82.49,82.78,84.16,84.87
28071,10.02,8.82,10.59,12.59,11.58,9.3
28073,48.96,45.91,45.53,45.9,43.93,41.95
28075,75.12,75.86,76.68,77.3,75.37,72.65
28077,62.72,58.39,50.82,43.31,58.92,74.41
28079,88.57,89.87,91.7,92.71,93.02,92.83
28081,63.1,62.47,58.93,54.74,49.15,42.4
28083,17.72,18.3,15.6,11.43,9.05,5.69
28085,53.39,50.52,48.55,48.34,46.39,43.86
28087,56.86,50.65,38.93,26.18,18.85,10.43
28089,7.99,8.51,7.99,6.3,6.45,6.43
28091,88.0,87.93,85.48,83.09,87.16,90.85
28093,40.05,34.36,34.28,35.14,48.51,60.7
28095,70.77,65.05,57.68,50.45,49.03,46.17
28097,76.03,78.16,85.61,94.01,90.1,85.05
28099,82.02,81.18,83.81,86.89,82.94,78.66
28101,80.34,78.9,80.17,81.77,81.58,80.82
28103,90.08,88.94,87.09,85.05,85.89,86.31
28105,18.51,15.8,14.75,14.45,14.99,13.92
28107,54.9,52.84,59.9,69.86,73.06,74.67
28109,78.67,80.65,80.51,80.24,80.68,80.35
28111,98.72,98.51,97.99,97.85,98.03,97.55
28113,82.09,79.55,72.52,65.3,67.16,68.05
28115,72.88,76.21,78.66,80.65,80.0,78.34
28117,90.58,87.99,88.53,89.69,85.18,79.16
28119,60.41,64.94,64.84,64.64,62.73,58.57
28121,33.76,33.45,29.43,24.91,25.88,27.04
28123,87.25,87.59,89.52,91.84,92.28,92.56
28125,85.28,78.9,84.2,89.25,86.09,81.84
28127,66.62,69.87,69.69,70.01,70.43,70.66
28129,85.24,85.84,79.92,73.24,77.51,81.66
28131,73.97,79.31,76.76,73.1,78.41,83.15
28133,30.52,29.23,34.97,41.88,44.09,44.25
28135,76.01,83.67,73.48,60.13,52.24,42.65
28137,61.32,60.07,54.45,47.65,45.57,41.8
28139,87.8,83.87,82.81,81.65,86.17,89.72
28141,93.09,92.38,91.47,90.55,89.92,88.44
28143,43.79,44.97,35.38,24.07,20.65,14.76
28145,75.15,73.94,76.27,79.08,80.24,80.26
28147,89.08,88.09,84.9,81.88,85.31,88.16
28149,28.65,28.01,39.87,53.44,62.97,71.55
28151,81.33,75.74,78.57,81.96,87.48,90.79
28153,93.63,93.59,92.06,90.36,89.43,87.53
28155,83.92,84.77,87.01,89.34,90.56,90.68
28157,97.32,94.92,95.34,95.09,95.63,94.34
28159,74.0,74.95,78.4,81.94,83.62,84.76
28161,86.2,81.13,72.61,63.53,62.44,59.9
28163,71.62,67.19,78.5,90.64,94.59,98.17
29001,21.36,20.31,19.32,19.24,19.69,18.83
29003,34.8,37.36,37.96,38.13,34.8,29.06
29005,73.83,72.79,73.39,74.51,72.34,66.87
29007,53.1,46.47,48.66,52.47,59.83,65.49
29009,69.4,65.95,68.06,70.87,61.79,51.59
29011,77.38,81.09,76.74,70.73,76.06,79.32
29013,78.51,74.35,68.28,61.53,62.33,61.75
29015,94.24,96.17,96.54,96.64,97.23,95.71
29017,95.56,95.9,95.03,93.6,92.08,89.12
29019,8.67,7.56,9.81,12.49,13.45,13.3
29021,52.42,52.67,53.57,54.77,53.71,50.22
29023,95.83,96.69,96.72,96.68,96.3,93.75
29025,69.15,70.67,68.13,65.72,56.13,44.95
29027,50.9,51.93,48.88,45.24,41.46,36.35
29029,68.91,66.17,70.57,76.59,76.48,74.55
29031,37.74,33.37,32.09,31.19,32.37,31.71
29033,56.84,60.15,59.32,58.38,49.59,39.68
29035,90.15,91.95,94.43,97.09,97.0,95.41
29037,25.32,26.99,28.03,28.79,29.7,28.82
29039,90.91,91.0,89.3,87.62,87.88,85.99
29041,77.86,73.94,70.68,67.74,66.68,64.19
29043,15.56,18.25,23.47,29.18,29.78,28.96
29045,50.16,42.31,40.56,40.02,40.53,39.9
29047,15.62,16.26,17.1,18.17,16.68,13.53
29049,23.64,22.75,23.74,25.84,24.4,20.98
29051,39.2,36.18,26.66,16.59,13.86,10.03
29053,40.64,44.07,50.44,57.26,57.1,55.96
29055,87.52,89.35,90.1,90.72,90.75,89.29
29057,71.76,74.1,74.35,74.34,63.98,51.41
29059,85.23,89.76,89.89,89.3,88.63,86.49
29061,56.37,59.23,53.27,45.94,35.13,22.53
29063,67.38,68.87,64.8,60.11,51.05,40.4
29065,97.18,97.3,95.02,92.52,90.7,87.12
29067,88.38,90.19,89.08,87.63,87.55,86.72
29069,91.38,91.59,91.69,91.85,88.52,82.96
29071,20.03,20.1,24.91,30.57,33.02,34.16
29073,79.44,77.35,73.19,69.16,68.67,67.06
29075,60.12,61.17,60.56,60.18,57.79,53.17
29077,34.67,35.09,38.79,43.16,42.16,39.78
29079,54.34,51.08,52.2,54.72,53.3,50.56
29081,80.61,81.79,77.0,71.45,77.63,82.26
29083,86.63,83.04,83.23,84.29,83.86,82.17
29085,95.04,94.88,95.19,95.85,95.41,93.11
29087,58.26,56.44,60.15,65.35,69.34,70.57
29089,43.08,42.47,49.37,57.72,53.59,47.96
29091,79.19,83.16,85.96,88.66,87.88,85.91
29093,97.94,97.48,97.03,96.76,95.72,93.43
29095,30.64,31.41,30.31,29.0,26.32,22.06
29097,38.24,34.05,35.79,38.32,41.48,42.81
29099,28.8,26.37,26.67,27.21,29.17,30.05
29101,18.9,20.07,19.26,18.37,19.79,19.98
29103,79.29,80.93,82.97,85.46,79.74,72.85
29105,79.37,79.2,76.41,72.93,69.63,64.33
29107,45.0,45.65,44.13,43.11,41.21,38.28
29109,55.97,56.88,64.0,72.02,70.77,68.14
29111,27.12,23.69,25.88,29.03,34.25,38.38
29113,61.32,60.25,52.43,42.99,42.71,40.87
29115,56.82,51.73,46.19,40.93,37.05,32.36
29117,46.56,44.4,41.06,37.77,34.02,29.18
29119,71.03,67.05,65.68,64.22,47.54,29.3
29121,67.11,75.14,72.03,67.23,67.16,65.75
29123,95.99,95.53,94.77,93.89,94.21,93.57
29125,86.96,88.26,83.22,77.81,73.98,68.99
29127,51.0,46.35,41.43,36.29,35.97,34.2
29129,51.85,46.23,45.73,47.04,47.89,47.64
29131,72.8,66.96,61.23,55.62,57.72,58.64
29133,89.51,86.05,85.08,84.28,88.56,90.64
29135,39.97,35.89,29.35,22.35,23.92,24.58
29137,62.55,62.08,65.26,69.37,60.71,50.16
29139,70.74,67.93,66.13,64.57,68.51,70.75
29141,84.97,80.19,74.18,68.01,72.83,76.45
29143,93.36,93.08,93.29,93.63,90.75,85.51
29145,49.4,43.77,43.06,42.29,39.98,36.07
29147,30.1,30.27,26.86,22.5,16.23,7.51
29149,96.94,97.74,97.09,96.36,95.43,93.67
29151,56.53,53.36,40.85,27.05,20.4,12.26
29153,90.64,90.02,88.61,87.31,91.31,94.0
29155,97.32,98.17,98.16,98.17,97.5,94.63
29157,54.3,52.63,52.21,51.46,43.86,34.85
29159,66.24,69.28,67.12,64.11,61.8,58.34
29161,56.0,58.95,58.65,58.04,58.0,56.51
29163,64.08,55.93,45.36,34.22,31.78,28.03
29165,8.36,10.05,12.87,15.82,16.71,15.58
29167,65.66,66.43,62.72,58.3,51.42,42.47
29169,62.08,66.43,73.65,81.71,77.87,72.32
29171,90.62,90.99,85.74,79.64,61.73,42.81
29173,47.04,47.01,43.33,38.97,36.14,31.93
29175,70.9,70.69,68.42,65.48,63.56,60.15
29177,57.9,60.66,55.36,48.81,37.07,24.07
29179,97.98,98.12,98.12,98.18,98.0,96.43
29181,97.25,98.95,99.43,99.92,99.51,97.05
29183,5.97,6.06,6.21,6.51,6.99,5.87
29185,93.94,93.89,93.05,92.22,90.77,87.67
29186,60.98,53.82,53.21,53.58,51.45,48.68
29187,84.9,86.06,86.76,87.05,86.54,85.02
29189,17.6,18.61,18.64,18.62,17.75,15.28
29195,71.41,72.41,70.13,67.25,65.77,62.61
29197,58.64,62.58,60.9,58.39,56.61,53.67
29199,43.92,45.75,43.0,39.04,34.83,29.58
29201,72.9,72.1,75.51,79.74,81.5,80.89
29203,85.16,89.64,93.05,96.45,95.52,93.6
29205,65.64,64.91,59.37,52.9,45.03,35.79
29207,90.6,92.55,93.66,94.55,94.52,92.4
29209,80.6,83.99,84.18,83.7,79.38,73.91
29211,60.46,50.36,38.82,27.18,17.5,6.99
29213,66.9,70.59,69.85,68.47,66.45,63.37
29215,92.8,92.69,93.51,94.71,94.67,93.15
29217,76.25,73.8,71.57,69.75,67.76,63.92
29219,46.08,46.06,47.47,49.57,49.95,49.15
29221,98.1,98.0,98.04,97.93,97.59,95.99
29223,99.03,99.14,99.31,99.52,99.43,97.65
29225,39.48,41.17,42.24,43.43,40.22,35.66
29227,47.06,48.96,51.59,55.01,54.63,52.02
29229,82.08,82.96,83.21,83.6,82.74,80.56
29510,48.42,50.51,50.33,49.64,48.99,46.96
30001,34.62,40.21,44.63,48.72,56.77,63.44
30003,11.76,9.97,6.87,3.46,3.44,3.47
30005,67.86,77.47,82.03,86.53,87.38,87.85
30007,46.5,55.93,62.62,69.16,67.53,64.16
30009,47.39,49.59,51.6,53.95,56.2,58.43
30011,24.82,30.46,31.35,31.35,29.78,27.56
30013,47.58,47.04,46.12,44.86,44.23,43.32
30015,11.84,13.05,13.97,15.18,13.02,10.43
30017,52.52,56.63,64.59,72.75,77.91,82.26
30019,29.45,31.66,40.39,49.66,50.85,51.19
30021,37.98,39.88,33.68,25.95,32.18,37.23
30023,91.94,94.96,94.93,95.05,96.35,95.23
30025,16.17,18.17,20.07,22.29,35.5,47.7
30027,41.26,40.97,32.46,22.49,28.15,33.14
30029,13.11,11.43,12.73,14.62,17.31,18.98
30031,1.77,1.49,1.68,1.7,1.78,0.22
30033,17.64,21.92,16.56,9.9,8.2,5.68
30035,37.22,31.89,23.63,14.9,11.34,7.24
30037,74.69,68.57,60.51,52.79,62.0,70.42
30039,78.22,79.98,78.32,76.57,74.48,70.34
30041,38.08,46.94,48.72,50.13,43.86,37.49
30043,38.36,38.85,33.71,27.75,38.42,47.38
30045,29.59,24.56,30.7,38.52,36.13,33.31
30047,39.92,40.89,40.57,40.05,46.3,51.46
30049,32.51,33.36,33.28,33.5,30.55,26.11
30051,59.0,64.87,65.35,65.2,66.56,67.17
30053,81.51,86.83,87.13,87.34,90.21,92.11
30055,36.17,34.62,29.46,24.27,20.31,15.78
30057,19.78,21.78,29.91,38.8,36.9,33.6
30059,70.36,61.54,54.22,46.99,51.97,55.41
30061,88.48,91.41,92.67,93.64,84.5,73.93
30063,17.67,20.18,22.0,23.91,20.01,14.65
30065,44.38,46.38,45.27,43.59,40.59,35.88
30067,25.95,19.85,15.87,12.55,10.21,6.33
30069,7.35,13.26,20.18,27.64,18.84,9.21
30071,67.54,66.63,63.58,60.44,69.27,77.02
30073,63.64,63.29,63.66,64.03,66.41,68.43
30075,51.53,49.04,53.88,59.41,51.74,44.15
30077,56.1,56.73,51.37,45.43,56.28,65.17
30079,62.37,57.52,56.04,55.18,56.68,57.39
30081,69.95,73.09,76.75,81.06,80.89,78.23
30083,24.52,12.63,16.91,23.31,28.33,32.84
30085,28.82,31.38,26.3,19.6,16.45,12.6
30087,44.88,55.76,64.82,72.9,75.77,78.18
30089,78.13,78.51,79.85,81.63,84.1,84.91
30091,37.18,28.75,26.62,25.12,38.46,51.23
30093,64.06,68.64,71.67,75.02,77.94,78.87
30095,33.11,32.04,29.45,27.2,31.91,36.99
30097,36.28,45.07,38.99,30.83,40.7,50.19
30099,54.34,51.42,50.63,50.1,48.91,47.5
30101,64.44,63.81,67.34,71.77,73.51,74.89
30103,64.47,47.31,47.99,50.93,69.93,87.82
30105,45.94,40.97,42.45,44.89,49.69,53.81
30107,36.28,30.73,24.77,19.16,21.99,24.03
30109,39.59,35.41,31.67,28.03,41.29,53.76
30111,26.9,26.39,23.85,21.2,21.26,21.11
31001,21.18,22.73,28.63,35.45,29.37,19.76
31003,51.92,53.94,51.88,48.44,43.05,35.09
31005,3.32,3.01,7.21,11.19,25.12,37.45
31007,65.34,53.06,47.07,41.77,35.0,28.29
31009,4.04,3.12,10.02,16.71,36.69,53.59
31011,22.2,18.4,18.2,18.03,21.15,21.19
31013,13.29,8.29,9.32,10.41,15.5,20.08
31015,65.9,67.15,66.89,67.19,65.39,61.51
31017,49.65,40.2,38.86,38.48,37.6,33.95
31019,4.95,5.71,8.77,11.62,13.12,11.53
31021,54.84,54.63,54.66,54.8,53.56,49.64
31023,24.84,25.63,21.89,16.92,19.28,18.69
31025,8.67,8.35,6.53,4.89,7.87,7.87
31027,12.45,9.98,12.17,14.57,11.52,6.34
31029,32.09,24.5,21.28,18.58,20.39,20.39
31031,33.64,29.83,29.9,30.68,27.64,22.47
31033,17.3,17.53,27.6,38.12,42.35,45.66
31035,52.26,55.1,52.81,49.26,42.02,31.94
31037,1.6,1.64,2.36,3.71,6.2,6.14
31039,21.3,20.81,16.27,10.74,9.46,5.58
31041,24.34,24.56,26.21,27.11,31.37,31.93
31043,2.58,2.48,4.52,6.93,11.56,14.19
31045,10.26,9.35,11.63,14.3,15.04,16.16
31047,17.6,18.51,20.57,22.88,24.12,22.33
31049,24.7,24.16,42.24,61.79,67.85,72.96
31051,29.92,25.87,28.45,32.11,27.11,19.91
31053,30.54,30.71,29.45,28.05,27.53,24.08
31055,9.01,8.98,8.87,9.27,8.99,5.74
31057,24.61,22.25,16.69,10.49,17.88,23.85
31059,52.16,55.46,55.24,54.04,45.66,34.49
31061,62.72,57.4,59.64,62.61,59.28,53.43
31063,27.52,34.04,49.62,66.27,75.86,82.76
31065,66.35,60.86,63.3,67.28,69.67,70.11
31067,48.9,50.81,50.53,49.74,50.62,47.91
31069,43.04,32.97,46.33,61.71,69.87,76.87
31071,40.6,34.96,42.81,51.16,40.7,26.51
31073,39.48,39.09,34.75,28.71,19.88,8.43
31075,14.18,12.21,14.35,16.68,16.9,15.7
31077,49.42,42.98,42.69,42.67,40.06,34.48
31079,18.42,17.91,19.41,20.93,21.09,18.06
31081,19.7,18.66,17.15,14.66,11.88,6.48
31083,66.71,59.25,57.98,57.49,56.18,52.76
31085,67.81,61.82,58.13,53.88,55.16,54.36
31087,74.54,73.58,74.28,74.4,77.28,78.14
31089,37.49,37.67,36.75,35.03,31.23,24.18
31091,86.52,95.43,97.16,97.44,77.81,55.75
31093,39.48,38.6,34.76,29.43,24.34,16.31
31095,50.96,55.58,58.69,61.47,67.82,71.0
31097,31.26,29.04,39.79,53.75,57.42,57.33
31099,26.02,19.18,17.81,16.8,16.2,12.98
31101,32.57,23.49,26.25,29.68,33.91,37.07
31103,57.66,45.55,29.03,11.63,8.11,2.45
31105,48.8,51.47,58.37,65.33,60.5,55.59
31107,34.6,29.59,29.7,30.64,35.64,38.11
31109,7.99,8.97,9.59,10.16,9.74,6.72
31111,44.43,42.22,40.99,40.33,40.09,37.77
31113,34.8,36.29,23.69,8.67,6.21,0.79
31115,28.78,23.19,41.0,61.8,62.61,60.04
31117,59.0,52.53,34.32,14.18,7.64,-1.09
31119,11.54,11.78,11.63,11.55,10.94,7.41
31121,33.27,32.31,40.71,50.66,53.36,53.26
31123,45.46,43.61,42.88,41.02,36.69,32.25
31125,48.95,49.29,51.76,53.92,53.31,50.1
31127,37.32,41.24,40.76,39.02,45.0,47.73
31129,63.7,69.04,67.66,64.62,54.58,41.68
31131,30.23,34.24,38.81,43.46,45.84,44.98
31133,39.06,41.73,37.72,32.08,40.84,46.25
31135,18.4,17.23,21.9,26.36,27.72,27.5
31137,23.56,21.93,21.7,21.14,25.46,27.26
31139,14.37,12.88,12.75,12.92,14.5,13.29
31141,9.09,8.97,7.58,5.85,7.76,6.91
31143,18.24,15.46,18.54,22.23,21.11,17.72
31145,40.16,31.99,35.09,39.86,42.99,44.06
31147,53.06,54.73,55.17,55.61,54.38,49.84
31149,28.22,27.74,27.71,26.94,24.3,19.01
31151,27.46,25.73,21.2,16.09,14.46,10.4
31153,2.61,3.16,2.82,2.91,3.66,1.58
31155,22.44,25.39,28.18,31.17,29.62,24.78
31157,40.45,40.89,40.99,40.44,43.16,46.25
31159,10.06,9.75,9.52,9.34,8.16,4.23
31161,43.89,51.48,60.31,69.18,71.19,72.86
31163,55.43,49.44,49.98,51.43,50.66,46.49
31165,8.56,4.48,3.79,3.91,5.34,8.16
31167,23.56,22.89,19.04,14.72,16.32,15.16
31169,45.46,43.72,44.62,46.32,41.31,32.96
31171,15.35,11.01,20.61,32.98,33.95,32.45
31173,29.97,21.21,20.96,22.18,22.94,21.39
31175,63.45,61.55,59.28,54.83,46.05,33.49
31177,26.64,31.19,34.38,37.98,30.48,20.15
31179,6.36,8.48,8.07,6.68,6.26,3.27
31181,62.34,55.97,52.88,50.19,41.71,30.21
31183,35.0,29.69,37.88,47.78,55.6,59.8
31185,25.01,20.37,25.79,33.16,30.91,25.84
32001,71.26,65.48,52.16,39.42,42.18,44.96
32003,19.34,21.16,20.76,20.08,19.26,17.41
32005,51.56,55.48,51.56,48.09,41.84,35.54
32007,16.84,16.72,16.9,17.36,14.79,10.83
32009,69.7,74.59,76.14,77.48,81.77,85.85
32011,23.88,42.6,55.6,68.69,57.83,45.65
32013,14.4,15.25,13.89,12.95,18.06,22.64
32015,12.18,14.44,13.18,12.12,23.38,33.03
32017,43.01,45.28,64.31,84.96,84.4,82.43
32019,76.95,81.78,75.97,69.91,65.07,60.29
32021,97.71,96.88,86.87,76.43,59.35,41.87
32023,96.24,96.19,96.04,95.9,95.21,93.72
32027,80.52,76.68,57.7,37.78,30.55,22.95
32029,87.96,94.78,92.47,90.52,88.44,86.63
32031,17.35,21.09,18.57,17.49,18.33,18.88
32033,75.2,82.24,70.75,57.82,50.91,41.81
32510,72.23,89.44,89.94,89.02,76.72,64.46
33001,31.94,39.07,45.11,51.67,53.78,55.03
33003,56.37,59.96,56.71,52.43,53.75,53.89
33005,28.82,31.62,32.7,33.32,33.09,32.61
33007,83.32,82.7,83.81,85.13,85.55,85.57
33009,30.28,33.49,36.46,39.91,36.37,31.86
33011,12.67,13.5,14.67,16.12,16.64,16.05
33013,30.28,33.24,32.75,31.71,33.07,33.79
33015,7.54,7.71,8.23,8.94,9.78,9.67
33017,26.57,26.44,24.35,22.36,22.87,22.65
33019,44.0,41.11,37.72,34.24,30.4,26.28
34001,27.06,26.1,27.46,29.41,33.02,34.86
34003,2.26,1.94,1.94,1.91,1.94,1.61
34005,13.32,13.89,14.82,15.98,16.16,15.33
34007,31.07,31.43,30.69,29.85,30.42,29.44
34009,39.05,40.57,38.91,36.66,38.48,38.06
34011,47.41,44.26,40.13,36.11,38.4,38.82
34013,22.06,22.38,20.24,17.27,15.78,13.87
34015,23.3,24.22,24.06,24.12,22.85,20.16
34017,5.05,4.73,4.32,3.88,3.54,2.93
34019,3.25,3.49,3.43,3.28,2.76,1.83
34021,7.53,7.06,7.54,8.31,8.0,6.81
34023,3.25,3.39,3.4,3.57,4.18,4.28
34025,5.94,6.26,6.52,6.75,7.36,6.65
34027,1.73,1.86,1.89,2.04,2.04,1.96
34029,30.95,30.32,29.12,27.69,26.33,23.98
34031,4.0,3.42,3.0,2.71,2.63,2.35
34033,49.11,52.9,50.66,47.19,46.46,43.89
34035,1.56,1.76,1.65,1.6,1.55,0.81
34037,6.65,7.33,8.65,10.2,10.19,9.2
34039,4.22,4.34,3.93,3.6,3.58,3.3
34041,14.93,17.33,20.04,22.9,21.8,20.22
35001,28.22,29.28,29.65,30.1,34.91,39.43
35003,99.57,99.32,99.41,99.5,99.55,98.07
35005,63.95,65.02,62.5,59.7,61.38,62.54
35006,91.79,94.86,95.89,96.79,93.89,89.33
35007,92.38,89.55,90.58,91.8,93.31,93.62
35009,57.9,61.71,57.83,53.97,57.47,59.93
35011,91.79,94.72,93.78,92.64,79.45,64.92
35013,14.55,16.99,23.74,31.06,35.91,40.51
35015,46.4,40.01,34.49,29.43,36.09,42.18
35017,90.64,88.89,84.22,79.04,81.15,82.52
35019,88.9,86.18,88.95,92.47,86.45,79.71
35021,91.48,89.13,91.02,93.27,83.97,73.58
35023,76.15,75.87,81.38,87.81,84.71,81.75
35025,19.5,18.64,17.52,16.42,18.24,19.22
35027,81.26,78.64,76.76,74.63,81.57,88.25
35028,9.78,11.45,8.16,4.37,3.53,2.39
35029,80.1,85.64,86.28,86.19,85.66,85.11
35031,41.66,46.87,53.29,59.94,57.9,54.88
35033,98.65,98.08,98.34,98.74,98.92,98.59
35035,64.9,57.88,59.3,61.49,69.55,77.98
35037,97.2,96.38,94.05,91.77,90.22,87.34
35039,69.51,63.87,57.97,52.66,47.74,42.31
35041,57.92,67.01,65.83,64.27,70.7,76.88
35043,22.88,24.28,25.4,26.79,30.62,34.36
35045,30.84,37.37,40.6,43.47,43.94,43.97
35047,97.96,99.08,99.3,99.27,98.5,96.65
35049,29.54,30.18,27.72,25.02,29.96,34.38
35051,96.93,95.72,96.76,97.89,97.86,97.28
35053,98.2,97.9,98.18,98.4,97.2,95.37
35055,80.15,81.58,79.93,77.99,72.92,67.11
35057,67.54,66.34,64.99,63.75,68.78,73.18
35059,75.15,74.12,79.45,85.51,89.85,92.44
35061,78.67,80.6,80.07,79.22,82.69,85.23
36001,13.9,13.2,12.8,12.76,12.57,12.14
36003,48.42,50.7,53.1,55.25,54.29,52.32
36005,34.3,34.36,37.58,41.56,45.5,48.63
36007,43.04,46.64,48.89,50.81,50.66,49.58
36009,46.54,47.38,50.17,53.24,51.8,49.78
36011,34.13,33.97,37.96,42.73,40.69,38.2
36013,48.4,49.79,50.01,50.05,53.02,54.74
36015,38.42,37.17,42.03,48.08,50.62,52.37
36017,70.3,72.86,75.64,78.4,77.3,75.23
36019,46.69,50.55,51.54,52.64,55.11,57.36
36021,53.33,54.67,54.01,53.3,48.85,44.23
36023,24.34,25.0,25.94,26.77,25.71,23.98
36025,56.11,60.26,59.77,58.3,62.09,65.25
36027,28.32,28.28,27.5,26.57,23.88,20.87
36029,28.8,27.89,28.0,27.95,28.06,27.74
36031,59.12,63.05,62.69,62.24,57.83,53.02
36033,42.14,46.49,47.67,48.99,52.82,57.62
36035,61.35,62.68,60.42,57.14,57.61,57.45
36037,31.17,32.52,37.73,43.97,43.07,42.52
36039,46.56,46.39,41.46,35.63,30.63,25.26
36041,61.81,81.21,89.37,96.34,92.77,89.07
36043,39.92,41.17,45.81,51.09,51.08,50.62
36045,31.92,31.69,34.33,37.36,38.72,40.44
36047,6.99,6.94,7.16,7.38,7.17,6.23
36049,35.99,37.61,39.09,40.86,41.03,41.41
36051,22.04,24.13,25.31,26.09,22.77,18.91
36053,14.4,15.38,18.82,22.73,22.18,21.42
36055,24.82,26.74,28.61,30.67,32.7,35.19
36057,50.02,48.83,51.79,55.93,55.75,55.01
36059,2.6,2.37,2.27,2.1,2.2,1.75
36061,6.93,6.52,7.15,7.99,8.41,8.1
36063,30.06,28.74,30.97,33.67,34.65,35.64
36065,48.7,47.94,46.31,44.13,38.63,32.57
36067,20.48,21.89,22.82,23.32,23.76,24.22
36069,19.15,19.09,20.07,21.4,22.94,24.9
36071,19.01,19.55,18.94,18.05,16.8,15.52
36073,61.48,64.77,64.35,62.82,58.68,54.83
36075,39.54,42.68,45.32,47.83,45.75,43.84
36077,26.44,27.62,30.55,33.78,35.0,35.13
36079,9.76,9.78,8.92,7.79,6.42,4.82
36081,5.56,5.34,5.5,5.43,5.46,4.99
36083,24.82,26.29,28.16,30.2,32.39,34.24
36085,6.86,6.86,6.6,6.41,6.28,5.74
36087,4.1,4.48,4.43,4.14,3.54,2.54
36089,50.35,54.74,55.62,56.3,56.19,56.99
36091,14.08,14.61,14.01,13.32,12.96,12.19
36093,29.76,30.87,28.79,25.93,26.54,26.95
36095,55.3,52.8,53.86,55.8,56.27,56.16
36097,44.44,51.06,56.46,61.41,61.01,59.52
36099,51.92,54.46,58.49,62.74,61.44,59.8
36101,52.93,52.64,51.93,50.95,48.93,46.13
36103,4.78,5.0,5.08,5.14,5.03,4.69
36105,50.9,50.31,53.43,57.25,56.02,54.42
36107,33.03,35.72,38.58,41.28,43.5,44.92
36109,5.76,4.97,4.8,4.57,5.06,4.45
36111,36.6,34.04,33.19,32.93,35.2,37.15
36113,37.76,41.98,43.53,44.71,44.48,43.57
36115,36.61,35.42,37.6,40.84,45.51,49.66
36117,39.54,42.67,43.58,44.03,44.78,45.67
36119,3.96,3.81,4.14,4.51,4.72,4.23
36121,25.67,27.42,30.73,34.09,31.08,27.53
36123,25.93,26.99,25.32,23.12,18.63,13.52
37001,42.22,42.3,40.83,39.23,36.02,31.25
37003,66.44,70.47,71.41,71.85,70.21,67.72
37005,85.76,84.68,88.43,92.68,87.84,81.74
37007,80.74,80.2,75.98,70.54,71.65,71.6
37009,53.36,49.21,50.5,52.36,53.72,54.27
37011,82.98,88.28,86.19,82.71,78.91,74.89
37013,77.7,76.01,75.68,75.97,72.82,68.19
37015,89.82,90.99,90.21,88.68,92.19,93.53
37017,92.34,91.75,88.6,85.19,78.24,70.14
37019,65.73,68.42,67.87,66.93,62.49,56.68
37021,36.55,35.17,33.68,31.58,29.88,27.37
37023,84.16,84.99,84.28,83.69,84.11,83.84
37025,8.28,8.11,8.19,8.54,8.64,7.32
37027,76.12,76.72,75.05,73.3,74.0,74.2
37029,37.92,38.1,35.75,32.75,38.63,42.18
37031,76.71,80.1,80.0,80.47,76.58,70.98
37033,88.86,88.93,82.27,74.49,75.14,74.2
37035,35.39,38.68,38.19,37.55,34.65,30.88
37037,32.19,37.74,42.71,47.34,45.05,41.46
37039,84.1,86.0,86.04,85.66,83.7,80.61
37041,46.26,49.66,50.55,51.06,58.62,64.2
37043,60.88,64.9,68.99,73.02,76.14,78.27
37045,63.1,62.34,59.88,57.08,51.63,45.79
37047,85.45,85.33,83.67,82.3,80.44,77.56
37049,68.26,69.3,66.2,62.81,57.74,51.4
37051,48.96,55.23,59.86,63.74,62.63,60.51
37053,28.13,35.9,38.29,40.24,35.92,29.3
37055,40.98,42.8,36.16,29.7,23.27,14.39
37057,62.27,63.94,61.54,57.93,53.57,47.53
37059,32.03,34.79,40.83,48.2,50.9,51.91
37061,66.64,71.82,75.22,78.97,78.12,76.14
37063,7.76,6.67,6.25,6.13,5.52,3.33
37065,70.1,71.47,67.83,63.09,59.52,54.41
37067,11.56,11.97,10.41,8.65,9.95,9.36
37069,43.25,43.53,46.55,50.36,52.96,53.86
37071,59.08,56.3,54.01,52.11,48.91,44.56
37073,69.44,72.56,80.4,88.3,90.24,90.14
37075,53.44,72.22,79.55,84.07,86.43,87.98
37077,73.76,69.06,62.88,56.47,51.59,45.24
37079,85.0,89.14,91.12,93.11,91.29,88.34
37081,11.56,11.66,11.81,12.09,13.19,13.24
37083,92.01,90.56,84.65,78.82,78.06,75.41
37085,34.13,34.04,32.66,30.77,34.87,37.8
37087,58.06,62.54,65.73,67.76,67.31,66.12
37089,56.6,56.11,52.12,46.77,44.3,41.28
37091,86.64,81.58,84.04,87.8,90.1,90.43
37093,41.58,39.95,49.12,60.64,66.01,70.88
37095,65.18,71.51,56.42,39.05,38.91,36.92
37097,25.53,26.7,26.69,26.68,23.92,19.55
37099,29.22,25.65,30.44,36.23,37.21,37.51
37101,33.43,35.01,36.09,37.23,36.23,33.94
37103,96.66,97.75,97.33,97.07,95.96,93.63
37105,37.06,37.46,42.1,47.33,53.36,58.05
37107,92.53,94.49,94.72,94.95,94.37,92.46
37109,48.95,49.89,48.0,45.76,43.05,39.21
37111,90.28,87.16,86.25,86.2,85.9,85.38
37113,68.06,65.59,67.35,68.88,70.67,71.75
37115,53.67,47.97,52.44,59.24,62.61,65.16
37117,79.7,78.37,78.69,79.37,81.65,82.03
37119,3.47,2.96,2.38,1.81,1.66,0.26
37121,91.34,90.85,87.54,84.17,82.19,80.32
37123,49.74,42.51,42.65,43.94,53.43,61.64
37125,45.21,45.78,49.34,52.53,51.81,50.21
37127,54.11,55.71,56.38,57.1,57.47,56.29
37129,24.93,23.57,22.73,22.81,21.43,18.76
37131,95.04,94.2,89.3,84.68,83.37,80.6
37133,49.58,57.97,61.97,65.77,61.49,55.61
37135,3.04,3.25,3.07,2.97,2.25,-0.08
37137,84.96,88.33,87.53,87.16,85.24,82.12
37139,48.38,44.8,43.54,43.56,46.3,47.06
37141,68.8,70.79,66.44,61.33,60.09,57.67
37143,75.28,71.56,63.05,53.3,57.59,59.76
37145,75.53,78.77,77.43,75.68,78.57,79.86
37147,20.04,21.07,22.33,23.78,28.65,32.15
37149,58.04,58.79,64.06,70.66,74.96,78.78
37151,36.06,37.49,43.52,50.45,56.18,60.82
37153,81.04,76.99,74.84,72.91,70.33,66.92
37155,64.64,61.93,60.21,59.08,57.69,55.29
37157,66.8,62.71,57.83,52.99,54.44,54.24
37159,56.67,55.34,53.59,51.75,53.02,52.82
37161,88.33,87.58,85.86,83.78,83.49,83.17
37163,79.24,80.66,78.63,76.33,63.41,49.2
37165,86.96,85.77,79.87,72.53,67.3,61.51
37167,59.3,55.34,49.89,43.9,47.76,49.7
37169,49.49,49.92,49.29,48.71,57.13,63.93
37171,75.6,80.26,81.92,83.14,83.21,81.8
37173,45.7,48.33,59.58,72.36,74.76,76.57
37175,62.3,56.93,56.8,57.37,52.88,47.97
37177,75.48,83.48,87.17,91.44,90.35,87.06
37179,4.36,4.26,3.96,3.62,4.34,3.66
37181,91.08,86.89,79.84,72.24,72.9,71.85
37183,1.7,1.99,2.3,2.51,2.36,0.6
37185,93.4,89.18,85.55,82.57,82.05,79.68
37187,93.92,93.01,92.36,92.46,92.99,91.84
37189,9.88,10.85,11.48,12.08,12.14,11.47
37191,61.88,65.04,63.06,60.15,55.84,50.17
37193,74.56,72.74,73.93,75.71,75.29,73.83
37195,52.02,48.8,49.57,51.57,49.83,46.75
37197,61.8,64.3,64.29,63.56,59.66,54.54
37199,83.72,84.06,80.45,75.85,73.65,71.06
38001,23.77,15.66,10.16,6.15,16.56,26.35
38003,22.18,28.24,33.66,38.95,29.28,17.27
38005,5.08,7.37,20.44,34.27,43.1,50.44
38007,2.19,4.17,9.57,15.53,20.2,24.53
38009,29.45,33.64,40.42,46.53,46.48,45.38
38011,11.58,11.63,10.03,9.03,8.37,6.94
38013,8.9,4.51,3.07,1.65,3.01,3.09
38015,9.7,8.32,7.9,6.61,7.34,6.84
38017,5.88,7.32,6.52,5.09,4.73,2.19
38019,19.45,15.08,11.02,6.62,7.17,6.34
38021,9.91,6.48,7.5,8.88,7.25,3.31
38023,57.4,55.27,47.65,38.82,35.49,31.7
38025,30.08,30.91,30.2,28.88,29.08,28.92
38027,20.51,24.53,46.66,71.72,75.62,77.94
38029,51.51,47.34,50.05,53.64,47.32,38.75
38031,13.23,15.45,14.9,12.04,16.15,18.92
38033,39.99,40.16,40.31,40.63,51.02,60.55
38035,7.03,8.1,7.82,7.47,5.63,1.09
38037,28.32,28.23,33.04,38.6,38.37,37.31
38039,41.66,47.44,46.45,45.03,37.59,27.93
38041,28.65,28.46,24.89,20.77,27.16,32.79
38043,21.95,23.62,25.69,27.08,19.53,10.88
38045,22.2,18.19,16.57,14.92,12.99,9.5
38047,33.9,23.95,18.67,14.47,12.05,8.0
38049,22.98,17.56,20.22,23.27,23.43,22.81
38051,60.17,62.21,51.21,37.77,30.9,21.92
38053,8.44,2.35,2.88,3.68,5.6,7.19
38055,8.49,8.23,8.54,8.01,7.4,6.12
38057,17.23,16.16,14.0,10.84,13.29,15.13
38059,10.22,5.94,5.4,4.56,2.74,-0.09
38061,1.86,0.97,4.63,8.32,22.35,35.43
38063,20.17,24.29,30.88,38.36,54.76,69.31
38065,11.7,8.49,16.69,26.59,21.91,16.72
38067,29.92,25.18,21.65,18.9,19.13,17.48
38069,14.18,11.83,11.49,10.02,6.72,2.01
38071,39.91,46.29,48.68,48.95,55.83,61.45
38073,33.2,28.87,36.14,45.07,37.2,27.25
38075,16.16,13.72,25.82,39.53,44.43,48.25
38077,6.3,6.75,8.2,10.2,13.45,14.1
38079,30.61,32.26,41.59,51.39,53.5,54.55
38081,15.25,16.95,21.98,26.66,24.73,20.19
38083,44.13,28.84,29.45,31.0,23.87,15.83
38085,8.82,5.26,7.96,11.2,19.12,25.37
38087,38.81,56.28,62.86,67.82,71.28,73.9
38089,7.18,6.66,7.69,9.01,7.4,5.23
38091,33.61,43.26,38.94,32.76,20.15,5.27
38093,40.06,36.82,36.91,37.49,43.28,48.14
38095,8.02,9.64,19.27,29.55,36.78,42.15
38097,9.43,13.86,16.24,18.89,17.25,13.45
38099,59.28,54.87,48.59,42.2,41.47,38.95
38101,8.38,7.32,7.91,7.55,7.43,6.31
38103,37.14,34.09,47.14,61.11,50.36,38.03
38105,3.24,1.82,3.39,4.72,8.32,11.38
39001,86.24,86.52,85.25,83.74,85.29,85.89
39003,47.52,47.92,48.66,49.49,53.92,58.15
39005,37.98,40.83,38.6,35.48,34.2,31.48
39007,51.72,55.08,56.88,58.28,58.36,56.83
39009,46.36,52.21,55.67,59.03,59.45,58.49
39011,18.84,18.18,15.45,12.27,13.6,14.87
39013,63.1,62.63,61.7,59.52,56.38,51.65
39015,59.02,53.69,54.95,57.88,61.34,63.48
39017,16.59,16.85,18.44,20.05,19.15,17.21
39019,36.57,36.35,38.98,41.92,49.27,54.84
39021,44.81,46.8,50.51,54.59,55.13,54.64
39023,59.65,60.26,61.63,62.93,62.11,60.28
39025,25.1,24.55,26.56,28.77,32.13,34.04
39027,40.64,44.24,49.08,54.0,57.84,60.8
39029,58.28,55.61,55.92,56.75,58.24,58.53
39031,37.6,35.24,41.86,50.01,51.18,51.29
39033,60.04,64.65,64.02,62.59,63.34,62.25
39035,42.82,44.33,45.28,46.18,44.44,40.53
39037,38.8,43.0,40.76,36.99,34.26,31.2
39039,30.06,29.11,27.21,25.1,21.81,18.35
39041,1.14,1.2,1.19,1.36,1.54,0.26
39043,40.1,37.72,39.93,42.83,42.5,39.82
39045,30.1,30.27,31.36,32.37,31.24,29.18
39047,59.52,58.81,59.72,60.99,70.01,78.15
39049,16.89,15.88,14.92,13.72,14.01,13.14
39051,26.29,29.7,29.98,29.88,30.58,31.16
39053,80.47,81.06,82.55,84.41,84.26,83.08
39055,8.36,9.84,10.11,10.04,9.98,8.38
39057,21.74,22.11,23.41,24.69,25.42,25.17
39059,67.81,70.12,71.29,70.79,66.53,60.79
39061,23.94,23.28,22.73,21.9,20.49,17.64
39063,15.87,15.03,14.77,14.28,15.64,15.84
39065,38.2,33.4,35.74,39.55,41.67,42.57
39067,56.84,62.21,68.1,73.96,71.68,68.15
39069,33.96,36.72,33.17,28.63,25.47,22.61
39071,74.21,75.48,75.67,75.17,75.64,75.46
39073,63.45,66.58,67.37,67.86,66.54,64.11
39075,3.14,3.05,3.1,2.71,2.46,0.43
39077,33.64,32.83,32.71,32.53,33.91,33.19
39079,87.5,88.44,83.2,76.69,76.87,76.21
39081,72.78,73.73,73.18,72.41,71.23,69.18
39083,36.55,37.2,33.46,28.56,28.01,25.9
39085,18.15,20.16,22.54,25.15,28.58,29.66
39087,89.38,89.21,90.63,92.11,92.41,92.02
39089,34.68,35.11,40.67,47.24,48.87,49.11
39091,44.0,40.92,37.6,33.75,27.86,20.8
39093,44.94,49.15,48.81,47.64,42.72,35.17
39095,47.52,48.29,48.53,48.5,48.19,46.9
39097,42.66,47.06,48.15,48.38,50.23,51.61
39099,53.94,52.59,51.13,49.29,51.17,51.57
39101,77.73,81.81,81.52,80.3,75.93,70.03
39103,8.02,9.61,10.41,11.06,11.93,10.92
39105,88.57,90.15,91.55,92.89,92.82,91.6
39107,13.57,13.06,13.65,14.9,12.96,11.19
39109,28.32,28.71,31.06,34.2,31.87,28.84
39111,76.59,79.88,84.5,88.59,86.75,83.3
39113,50.28,49.67,49.05,48.07,47.78,46.37
39115,81.78,86.0,88.97,91.01,90.62,88.85
39117,39.02,40.56,40.96,41.79,46.17,49.07
39119,56.6,56.5,59.7,62.81,58.56,53.2
39121,67.56,58.59,67.57,80.23,84.22,86.59
39123,52.92,51.28,52.24,52.95,51.76,49.05
39125,58.85,59.81,62.66,66.54,64.75,62.92
39127,62.08,62.81,64.42,65.94,71.97,76.85
39129,47.69,45.21,46.55,48.73,51.22,52.71
39131,93.38,93.85,94.26,94.93,93.99,92.08
39133,22.92,24.39,26.13,27.92,28.13,27.19
39135,56.31,54.91,56.14,57.88,55.89,53.08
39137,7.26,7.2,7.2,7.33,6.78,6.07
39139,44.41,49.32,51.81,54.52,58.04,60.32
39141,74.61,77.99,81.15,84.25,85.03,84.8
39143,40.45,39.99,44.21,49.05,48.72,46.47
39145,89.96,89.62,90.1,90.74,91.76,91.69
39147,36.57,36.1,38.98,42.19,41.94,40.04
39149,20.49,22.13,22.91,23.66,28.08,32.24
39151,31.33,29.66,29.61,29.65,29.57,27.97
39153,24.34,23.82,24.27,25.03,26.81,27.21
39155,43.42,42.37,42.9,43.45,47.63,50.31
39157,33.96,36.48,38.33,39.51,40.78,40.01
39159,15.06,15.23,15.14,15.17,12.38,8.15
39161,43.01,44.93,42.78,39.81,39.19,38.57
39163,82.42,87.17,87.8,88.32,87.23,85.2
39165,4.72,4.71,5.44,6.02,7.06,6.39
39167,79.99,81.59,83.19,84.35,82.11,78.68
39169,15.51,13.49,15.3,18.11,20.99,22.24
39171,38.59,39.75,42.09,44.95,50.98,56.94
39173,10.0,11.79,13.03,14.18,16.17,17.45
39175,30.93,29.09,30.65,32.72,33.44,32.34
40001,78.44,78.55,78.53,78.31,81.16,82.01
40003,56.05,52.57,57.71,62.72,63.55,63.28
40005,94.46,94.44,93.53,92.02,92.4,90.7
40007,5.03,3.98,5.95,8.22,18.37,26.89
40009,47.96,43.86,46.27,48.08,44.16,39.07
40011,89.08,87.8,84.87,81.61,75.7,68.27
40013,80.79,85.19,86.51,87.47,87.15,85.41
40015,76.87,81.99,84.85,87.05,85.55,82.02
40017,27.26,28.94,28.83,28.45,28.08,26.35
40019,69.44,74.11,76.28,77.6,78.9,79.02
40021,66.51,63.35,64.22,65.82,73.42,79.42
40023,89.22,86.36,87.52,89.51,92.03,92.96
40025,32.57,37.49,40.79,43.98,65.31,85.33
40027,26.57,25.86,27.1,28.15,30.64,31.88
40029,87.9,84.92,88.28,92.24,94.45,94.35
40031,72.78,73.5,75.97,78.26,79.99,80.7
40033,84.61,79.6,81.19,83.59,86.07,87.24
40035,93.12,92.86,91.57,89.9,89.83,88.26
40037,55.43,43.41,37.64,32.88,32.06,29.76
40039,37.49,30.82,29.06,27.18,25.41,22.06
40041,92.7,92.74,93.31,93.8,92.04,88.56
40043,56.1,45.87,48.35,50.9,53.56,54.59
40045,41.67,29.28,37.94,47.64,63.83,77.88
40047,40.99,37.93,39.91,41.76,47.7,52.47
40049,47.42,40.25,42.9,46.39,48.78,49.97
40051,51.87,50.26,55.15,61.01,65.55,68.82
40053,56.99,46.4,59.19,75.43,78.54,80.86
40055,88.8,88.1,90.12,92.14,89.17,85.16
40057,80.52,78.03,78.43,80.64,83.74,86.41
40059,21.24,21.58,25.69,28.87,53.02,75.01
40061,92.34,93.44,95.03,96.59,96.08,93.46
40063,88.79,86.42,87.51,88.41,82.43,74.88
40065,47.04,47.94,53.58,59.8,57.11,53.8
40067,85.43,91.45,93.85,95.27,95.39,94.51
40069,97.99,98.04,97.04,95.49,94.88,92.47
40071,68.56,70.43,76.96,83.33,81.25,77.85
40073,59.56,63.59,57.44,49.54,37.31,23.39
40075,83.76,84.59,86.76,88.46,86.78,83.83
40077,95.08,95.32,95.54,95.44,95.27,93.0
40079,88.95,87.6,89.39,91.53,90.96,88.42
40081,83.06,80.55,79.73,79.01,80.74,81.14
40083,24.53,28.54,29.55,30.32,36.05,40.62
40085,56.11,63.22,71.42,80.38,85.18,88.84
40087,40.65,33.72,31.88,30.06,32.32,33.54
40089,84.05,80.13,82.28,85.22,86.14,85.6
40091,95.64,95.7,95.92,95.8,95.82,94.12
40093,77.46,71.14,67.84,63.94,63.68,62.03
40095,99.62,100.28,100.11,99.83,97.45,93.87
40097,83.7,86.66,88.64,90.34,92.51,92.98
40099,78.29,78.1,85.5,93.37,93.46,92.21
40101,75.98,73.94,72.24,70.03,75.06,78.22
40103,62.66,64.03,66.43,68.54,64.32,58.63
40105,79.4,77.61,70.8,62.86,60.49,56.1
40107,92.22,87.93,84.13,79.83,76.1,71.31
40109,31.83,30.94,30.74,30.82,31.73,31.91
40111,80.27,77.74,79.65,81.88,85.2,86.62
40113,75.06,76.5,74.47,71.86,71.41,69.67
40115,77.9,74.78,77.77,81.26,82.58,81.93
40117,76.02,73.12,68.11,62.58,56.45,48.72
40119,15.62,15.98,16.08,16.16,18.08,18.75
40121,89.84,89.62,91.86,94.13,94.51,92.97
40123,54.28,45.56,49.52,54.8,53.83,50.87
40125,69.46,69.2,71.04,72.58,70.82,67.81
40127,99.2,98.7,99.1,99.18,99.34,97.48
40129,34.03,26.85,37.91,50.38,50.63,50.0
40131,46.51,47.85,45.95,43.27,47.43,50.19
40133,86.88,84.7,86.87,88.91,90.74,90.81
40135,96.12,96.43,95.29,93.77,93.73,91.92
40137,79.96,80.59,81.99,82.85,84.17,84.6
40139,8.3,5.55,3.76,2.04,1.6,-0.17
40141,66.7,64.63,67.52,70.22,78.58,86.1
40143,31.38,29.72,30.55,31.54,31.26,29.63
40145,49.74,48.38,52.77,58.13,64.23,69.05
40147,60.42,57.72,55.17,53.14,52.76,50.49
40149,27.2,20.94,22.48,24.51,43.19,60.58
40151,40.98,35.59,44.04,53.54,61.01,66.92
40153,22.2,17.3,32.4,48.71,59.43,68.19
41001,87.92,87.63,88.45,89.45,91.12,91.31
41003,10.4,10.75,10.91,11.58,11.56,9.65
41005,19.98,18.76,17.31,16.08,16.84,15.84
41007,80.42,81.23,80.71,80.16,78.2,74.04
41009,54.44,59.85,62.35,64.42,62.0,57.83
41011,94.73,94.23,93.85,93.71,93.69,92.72
41013,90.88,89.69,89.06,88.22,84.25,79.32
41015,97.32,97.71,93.55,89.27,88.56,87.43
41017,26.9,25.05,24.39,23.71,21.17,17.41
41019,88.9,88.41,86.97,85.54,84.01,81.62
41021,89.44,91.82,90.45,87.8,77.17,65.01
41023,82.02,80.96,86.9,93.43,94.88,94.56
41025,84.37,81.63,84.94,88.53,83.74,78.44
41027,10.09,9.9,7.65,5.1,6.88,7.24
41029,65.66,66.2,61.28,56.01,51.7,46.86
41031,64.17,60.57,63.28,66.8,67.78,67.04
41033,76.46,79.05,79.52,80.11,80.59,80.62
41035,82.68,82.26,81.64,81.6,78.41,75.33
41037,92.42,95.54,89.26,82.21,78.66,75.69
41039,56.88,59.73,61.08,62.25,62.27,60.15
41041,89.42,90.92,90.42,89.82,90.09,88.5
41043,66.64,68.54,68.0,67.13,65.77,62.66
41045,65.61,64.64,61.89,58.26,56.09,53.26
41047,45.56,46.18,45.05,43.63,44.11,42.74
41049,47.1,45.96,48.73,52.07,57.07,60.64
41051,27.89,28.74,26.74,24.46,22.83,19.41
41053,46.56,46.67,45.61,44.66,40.48,34.77
41055,78.29,73.62,79.93,88.32,89.67,89.4
41057,62.56,73.6,79.77,85.47,84.83,81.93
41059,41.2,45.92,51.22,56.75,60.16,61.84
41061,62.75,62.21,60.27,58.33,56.23,51.88
41063,92.16,94.58,90.19,84.9,80.21,73.19
41065,69.08,72.44,72.96,72.47,71.61,69.37
41067,7.28,7.8,7.09,6.53,6.59,4.85
41069,90.42,94.81,96.11,96.72,93.71,88.82
41071,50.28,50.02,49.45,49.15,47.75,44.58
42001,32.36,31.84,31.51,31.02,31.43,30.65
42003,29.21,28.52,28.65,28.67,29.55,29.28
42005,76.48,76.12,75.9,75.49,72.15,67.78
42007,45.46,43.66,46.3,49.88,51.14,51.09
42009,68.45,68.66,67.71,66.58,62.29,56.46
42011,30.04,29.5,29.59,29.91,32.11,33.48
42013,60.61,63.42,64.81,66.22,63.94,59.97
42015,43.79,44.92,46.52,48.02,44.87,41.08
42017,10.42,11.0,11.2,11.27,10.41,8.77
42019,19.28,20.21,20.81,21.02,21.67,21.35
42021,71.54,72.18,72.73,73.17,72.77,70.51
42023,77.01,79.65,78.26,76.48,78.97,80.03
42025,65.4,63.14,60.48,57.61,59.37,60.59
42027,6.32,6.72,6.02,5.32,4.34,1.85
42029,2.05,2.21,2.44,2.7,3.1,2.13
42031,60.61,63.18,62.17,60.45,56.03,50.33
42033,64.17,69.39,73.6,78.07,78.25,77.28
42035,45.3,47.86,52.62,57.82,60.62,62.35
42037,16.98,19.25,23.3,27.54,29.99,31.21
42039,57.88,56.16,60.39,65.51,67.5,67.61
42041,13.88,14.06,14.97,15.87,16.82,16.75
42043,29.61,29.59,27.87,25.79,25.09,23.09
42045,16.92,17.33,17.33,17.57,17.08,15.41
42047,53.8,60.68,58.84,55.9,54.53,52.06
42049,47.02,47.32,47.94,48.35,48.84,47.39
42051,73.6,71.84,74.67,78.27,79.83,80.6
42053,99.62,100.24,99.61,99.1,98.61,96.78
42055,21.62,23.26,29.3,36.0,40.44,43.13
42057,52.26,54.77,56.17,57.16,56.49,54.61
42059,80.21,82.48,82.05,80.42,79.44,77.05
42061,56.43,58.04,59.11,60.27,58.84,56.12
42063,37.52,39.79,43.3,47.23,51.06,53.3
42065,55.32,55.67,55.79,56.12,54.94,52.55
42067,39.2,36.83,36.19,36.04,33.33,28.76
42069,49.16,49.14,49.69,50.47,50.66,50.24
42071,15.29,16.15,17.17,18.25,17.12,14.81
42073,51.07,56.42,61.88,67.23,67.22,65.88
42075,23.76,26.1,26.71,27.05,28.26,28.62
42077,36.57,35.98,34.79,33.32,30.16,26.89
42079,52.77,52.69,52.0,51.1,51.38,50.99
42081,48.4,49.68,50.7,51.4,52.03,51.22
42083,70.24,70.95,72.0,73.31,75.18,75.73
42085,58.66,58.47,61.28,64.31,68.69,71.69
42087,68.23,67.57,63.47,58.51,51.46,42.68
42089,38.54,40.66,43.79,47.2,45.05,41.99
42091,6.14,6.71,6.76,6.57,6.8,5.89
42093,30.39,27.77,31.41,36.27,35.7,34.0
42095,24.6,23.18,22.52,21.88,20.4,18.84
42097,57.41,57.69,59.38,60.95,62.14,62.22
42099,28.72,29.62,32.24,35.25,34.36,32.06
42101,54.64,55.44,56.22,57.15,58.37,58.26
42103,57.6,61.73,63.78,65.16,63.88,61.83
42105,71.65,71.11,74.92,79.48,77.48,74.37
42107,70.2,70.0,69.14,67.96,69.09,69.18
42109,21.28,20.37,19.33,18.11,22.09,24.71
42111,59.76,59.48,59.4,59.29,59.93,59.28
42113,85.29,83.55,81.65,79.43,74.51,68.31
42115,63.85,62.35,62.29,62.46,59.46,55.97
42117,56.91,58.03,61.32,64.75,67.29,69.05
42119,27.06,26.12,25.58,24.73,27.36,28.41
42121,66.64,67.84,71.91,76.39,77.65,77.42
42123,68.96,69.11,66.82,64.3,58.6,51.05
42125,43.1,43.02,42.53,41.75,42.69,42.64
42127,68.9,68.41,69.03,69.95,72.6,75.46
42129,43.65,44.04,45.92,47.79,47.82,46.54
42131,42.94,39.81,36.08,32.03,30.41,28.14
42133,27.26,28.97,29.94,30.78,31.31,30.78
44001,17.97,16.81,14.76,12.21,9.17,4.94
44003,41.48,43.49,46.5,49.78,48.17,45.63
44005,20.47,21.08,22.2,23.44,20.26,15.79
44007,30.88,29.76,30.95,32.68,33.6,33.34
44009,10.66,12.55,13.27,13.93,12.67,10.22
45001,84.51,86.68,86.43,85.6,71.9,57.39
45003,38.36,38.07,35.76,33.0,36.28,38.52
45005,97.31,96.58,94.48,92.65,96.37,99.58
45007,57.8,57.6,57.22,56.81,56.84,55.96
45009,91.82,89.97,87.21,84.96,79.96,74.28
45011,93.79,94.16,93.85,93.74,91.87,89.34
45013,23.21,24.73,26.29,28.19,27.67,26.82
45015,29.78,32.03,33.73,35.67,35.25,34.65
45017,76.26,80.66,75.36,68.74,73.67,77.24
45019,12.08,12.82,11.7,10.38,9.91,9.15
45021,73.54,70.44,68.76,67.43,60.9,53.88
45023,68.8,71.19,73.5,75.59,72.07,67.39
45025,55.82,54.92,60.07,66.48,68.22,68.45
45027,93.41,94.53,94.57,94.92,93.63,91.64
45029,69.99,62.93,49.47,35.29,34.53,33.29
45031,74.21,75.36,76.0,76.37,75.61,73.65
45033,81.38,85.02,80.28,74.08,66.04,57.25
45035,18.92,20.6,20.91,21.44,24.38,27.1
45037,49.81,52.05,56.43,61.17,59.26,56.12
45039,80.42,78.61,79.64,80.83,73.15,64.48
45041,58.26,56.24,54.84,53.72,43.71,33.1
45043,52.31,52.94,54.65,56.63,57.17,57.22
45045,18.21,19.14,20.42,21.36,21.88,21.91
45047,51.4,51.15,53.49,56.19,47.33,37.33
45049,64.76,55.85,43.75,31.36,46.53,61.02
45051,56.51,59.03,59.93,60.62,61.69,62.12
45053,52.14,53.55,51.63,49.24,46.77,43.24
45055,49.52,47.1,51.44,57.03,61.28,64.56
45057,40.53,38.49,36.4,34.06,33.24,31.16
45059,82.54,80.63,81.25,82.02,75.05,67.48
45061,90.1,90.19,89.58,88.8,82.76,75.45
45063,21.95,24.37,27.16,29.85,31.87,32.22
45065,87.12,89.44,90.95,91.78,87.23,81.85
45067,73.46,73.3,71.87,70.71,61.98,52.71
45069,87.5,87.51,87.48,87.76,86.64,84.53
45071,40.98,41.51,42.49,42.94,45.89,47.22
45073,82.56,84.6,86.91,88.82,86.59,83.56
45075,68.26,69.08,62.95,56.62,47.07,36.74
45077,40.8,40.22,41.69,43.32,42.97,41.99
45079,17.3,17.96,21.89,26.32,30.19,32.67
45081,43.09,37.75,38.39,40.03,41.19,40.96
45083,51.87,51.04,49.45,47.26,45.48,43.09
45085,79.07,83.26,82.16,80.23,72.9,64.66
45087,84.78,81.9,82.37,83.34,83.75,82.89
45089,84.84,83.67,82.73,82.0,81.4,80.48
45091,15.87,15.01,12.24,9.15,8.08,6.41
46003,27.12,32.62,29.72,26.0,24.75,21.33
46005,30.48,24.87,18.84,12.95,14.84,14.33
46007,28.72,30.43,25.57,20.51,18.4,16.26
46009,31.1,33.03,28.93,24.01,23.63,20.97
46011,8.49,8.41,6.01,3.46,3.83,2.52
46013,7.88,7.94,9.67,12.14,11.44,7.28
46015,60.56,54.95,52.66,51.27,49.7,45.87
46017,67.91,65.17,60.99,56.23,54.97,51.55
46019,51.04,47.75,50.71,54.48,47.02,39.61
46021,35.37,29.19,27.59,27.8,27.5,24.38
46023,45.3,48.04,45.59,43.48,33.29,20.58
46025,65.2,65.75,48.09,27.68,19.09,8.0
46027,5.73,5.62,7.38,9.07,9.18,7.27
46029,30.15,24.81,25.32,28.44,30.24,29.66
46031,23.58,23.2,18.97,14.28,10.87,5.61
46033,48.61,49.39,50.7,52.58,56.69,60.69
46035,52.97,57.61,48.62,38.22,33.55,26.65
46037,41.63,39.99,27.58,13.48,12.81,9.25
46039,47.34,39.2,29.63,19.74,19.31,17.22
46041,16.4,11.41,8.1,5.49,4.96,2.45
46043,37.16,40.34,32.45,23.76,18.88,11.92
46045,16.27,22.01,15.27,7.06,6.21,2.37
46047,89.5,89.59,84.47,78.84,79.42,80.14
46049,44.03,39.76,35.24,31.47,31.27,28.41
46051,33.92,33.64,29.39,24.48,21.92,16.96
46053,61.92,56.14,42.55,28.21,19.75,8.82
46055,54.21,41.92,47.4,55.82,39.98,23.26
46057,21.82,17.66,11.11,4.77,2.88,-0.85
46059,31.43,25.02,25.31,26.38,32.93,37.12
46061,18.92,21.76,20.06,19.91,14.97,7.87
46063,3.33,3.63,2.56,1.72,1.36,0.37
46065,10.06,9.22,12.81,17.13,21.84,24.42
46067,49.81,55.13,51.15,46.61,37.02,25.55
46069,8.71,7.75,6.32,4.64,4.35,1.85
46071,28.1,37.37,30.74,21.45,13.26,4.58
46073,32.2,18.16,17.51,19.81,34.69,47.15
46075,53.08,30.23,16.79,5.2,2.87,-0.49
46077,30.67,34.92,27.2,18.14,16.07,12.07
46079,18.8,17.03,15.49,15.01,22.72,28.6
46081,46.08,45.72,49.18,52.78,49.03,45.14
46083,0.49,0.74,0.62,0.63,0.76,-0.83
46085,13.82,14.03,11.36,8.13,17.45,24.76
46087,24.6,29.62,21.18,10.95,9.22,5.79
46089,67.89,69.91,66.62,63.77,50.8,34.97
46091,6.46,4.1,6.76,10.47,13.4,13.22
46093,35.62,36.91,30.9,23.51,22.89,22.51
46095,52.54,47.51,31.47,13.46,7.4,0.54
46097,26.59,32.43,29.18,25.66,39.06,50.29
46099,9.46,9.77,8.89,8.06,8.39,7.33
46101,16.02,12.07,12.09,12.9,20.2,25.36
46102,0.0,0.56,0.21,0.13,-0.09,-0.01
46103,36.42,37.86,35.87,33.83,36.27,38.83
46105,58.18,65.6,56.86,45.93,42.65,38.08
46107,60.51,60.22,45.23,28.68,24.78,18.36
46109,21.88,19.3,15.49,12.28,9.68,4.7
46111,37.44,36.02,27.57,18.4,23.98,27.07
46115,52.26,41.54,32.88,25.0,19.67,11.6
46117,3.0,1.53,2.52,3.19,15.59,25.92
46119,13.9,12.77,7.97,3.07,6.37,7.72
46121,55.88,41.25,23.19,5.25,1.6,-3.09
46123,17.97,15.02,9.57,4.34,3.16,-0.22
46125,26.86,29.21,29.67,30.48,26.68,21.08
46127,10.08,12.27,10.63,8.03,11.5,12.76
46129,46.26,49.8,42.43,33.77,43.74,51.13
46135,29.14,27.12,33.42,41.36,40.19,36.92
46137,8.66,8.39,9.64,10.76,9.49,7.03
47001,76.72,76.34,76.3,76.54,79.98,82.66
47003,52.7,55.08,54.89,54.32,51.15,47.48
47005,95.51,96.89,97.59,98.49,97.96,96.83
47007,97.93,98.13,98.21,98.34,98.74,97.67
47009,51.53,49.25,45.28,41.05,37.29,32.34
47011,72.7,68.86,69.05,69.73,70.92,70.55
47013,92.48,94.03,95.52,96.73,98.01,97.99
47015,86.48,82.59,79.09,76.1,76.51,75.73
47017,84.78,85.9,88.32,90.86,89.22,86.88
47019,91.06,89.16,88.9,89.21,89.08,88.64
47021,47.87,44.27,40.81,37.43,42.36,45.99
47023,31.31,34.94,35.35,35.05,28.1,20.26
47025,89.88,87.99,88.07,88.35,90.51,91.93
47027,93.03,93.57,87.39,78.82,78.23,76.48
47029,92.79,93.27,94.1,94.6,93.68,91.89
47031,80.12,75.18,72.0,69.62,73.05,75.45
47033,82.41,83.58,81.72,78.75,72.08,64.41
47035,93.71,94.04,93.14,91.89,89.8,86.63
47037,17.6,18.29,17.43,16.22,15.84,14.23
47039,89.97,90.39,85.65,80.0,70.49,59.86
47041,74.21,75.32,68.42,59.57,64.99,69.21
47043,59.14,58.3,57.48,57.08,62.71,66.73
47045,72.41,74.53,77.0,79.61,78.01,74.73
47047,55.11,50.58,51.25,52.37,57.92,62.18
47049,95.46,94.28,94.84,95.38,95.59,94.38
47051,78.74,79.62,79.41,79.64,84.8,89.18
47053,65.2,66.52,72.04,78.42,80.23,80.94
47055,68.56,70.94,69.92,68.23,65.37,61.57
47057,90.08,90.68,92.47,94.31,95.11,94.95
47059,92.14,92.26,93.52,94.63,94.73,94.18
47061,98.38,98.19,97.53,96.88,96.94,96.02
47063,76.98,76.07,76.1,76.06,75.94,75.19
47065,38.78,36.28,36.13,36.2,39.63,41.09
47067,97.94,98.3,98.56,98.83,98.67,98.25
47069,74.88,73.57,75.83,78.26,82.25,85.09
47071,82.54,77.92,74.39,71.14,71.57,71.32
47073,91.54,91.73,92.18,92.47,92.01,91.18
47075,73.08,69.04,69.35,70.62,76.76,81.77
47077,65.0,67.11,69.9,73.4,71.33,68.4
47079,89.06,90.18,90.39,89.88,89.67,88.75
47081,89.78,89.48,86.56,83.35,75.81,67.03
47083,94.43,95.87,94.59,92.93,88.29,82.44
47085,81.08,86.81,88.39,89.58,86.37,81.87
47087,92.4,90.41,91.46,93.11,93.95,93.64
47089,82.6,81.66,82.16,82.82,84.25,84.97
47091,95.78,94.34,94.82,95.08,92.63,89.52
47093,26.9,26.46,24.36,22.0,20.27,18.07
47095,97.85,97.98,96.27,94.07,92.48,89.02
47097,93.2,92.79,92.19,91.51,91.35,89.44
47099,67.91,68.72,70.95,73.79,74.37,73.94
47101,81.39,80.9,77.73,74.34,73.87,72.15
47103,84.26,85.66,83.0,80.11,76.84,72.73
47105,61.51,59.34,54.59,48.99,39.64,29.74
47107,75.28,70.26,72.57,76.05,79.46,81.86
47109,84.32,82.9,81.35,79.62,76.44,72.34
47111,76.44,74.62,77.02,80.43,77.31,72.59
47113,52.92,51.76,48.72,45.18,45.22,44.44
47115,92.29,90.64,89.78,88.58,89.41,88.88
47117,56.82,52.52,54.26,57.9,56.1,53.57
47119,43.9,43.0,40.37,37.28,30.02,21.44
47121,96.76,94.29,89.13,82.6,80.6,77.54
47123,75.93,70.88,75.26,81.45,86.17,90.03
47125,31.66,32.94,36.23,40.0,45.29,49.18
47127,68.96,68.91,57.82,44.27,49.79,54.91
47129,93.4,92.66,91.73,90.71,92.12,92.55
47131,77.34,78.89,82.86,87.41,88.88,88.59
47133,57.08,50.06,50.85,53.08,58.71,63.43
47135,81.73,82.16,80.19,78.25,81.38,83.54
47137,83.86,84.62,86.86,88.49,91.98,94.22
47139,81.74,75.38,72.8,70.18,72.09,72.39
47141,37.41,33.97,37.54,42.52,42.45,41.32
47143,93.76,91.49,88.21,84.65,86.3,86.79
47145,89.72,87.24,85.25,83.41,80.61,76.64
47147,36.36,39.78,40.78,41.61,39.73,36.57
47149,6.11,6.78,7.85,9.17,9.95,9.84
47151,93.41,95.64,96.84,97.6,98.3,97.75
47153,89.8,92.68,93.12,92.8,91.9,89.64
47155,68.61,67.35,67.5,67.78,68.95,69.44
47157,24.6,23.07,22.8,22.68,23.7,22.76
47159,72.03,74.14,71.58,67.85,64.0,59.1
47161,87.2,88.7,88.09,86.98,83.65,79.16
47163,83.72,84.47,85.63,86.29,84.2,81.7
47165,24.82,26.5,29.68,33.65,35.1,35.48
47167,48.9,50.37,52.39,54.47,59.74,63.28
47169,67.56,66.08,67.81,70.45,64.11,56.58
47171,96.12,96.17,95.63,94.78,92.78,90.34
47173,70.68,71.93,74.18,76.56,79.79,82.24
47175,92.09,92.24,93.97,96.2,97.0,96.56
47177,77.04,76.74,79.45,83.12,84.34,84.49
47179,66.64,68.27,70.42,72.69,69.31,65.46
47181,86.42,84.36,84.22,84.6,83.69,82.21
47183,63.08,63.92,68.7,73.99,77.59,80.04
47185,81.9,83.12,82.81,81.96,76.52,69.75
47187,1.0,0.62,0.49,0.47,0.36,-0.93
47189,25.32,27.21,26.63,25.54,25.25,23.7
48001,26.0,22.26,27.3,33.27,39.24,44.12
48003,16.4,10.76,7.18,3.72,7.31,10.64
48005,81.94,83.24,79.55,75.08,74.95,73.67
48007,93.12,92.84,91.07,88.55,79.32,69.62
48009,47.14,44.5,47.82,51.73,52.04,51.72
48011,52.42,52.37,39.68,25.32,14.82,3.33
48013,24.22,15.95,16.79,18.85,16.64,14.65
48015,29.94,33.08,28.03,22.54,30.52,37.75
48017,32.22,41.24,35.85,28.85,22.27,15.32
48019,75.76,77.09,78.33,80.09,82.27,84.62
48021,34.98,38.09,35.38,32.0,31.69,31.4
48023,76.57,70.23,75.97,83.41,82.82,80.91
48025,65.22,57.17,59.35,62.92,61.23,59.25
48027,35.23,38.36,40.39,42.57,42.07,41.22
48029,32.44,32.15,33.56,34.9,37.43,39.98
48031,62.22,60.29,60.95,62.3,63.53,64.28
48033,43.64,56.99,74.01,90.64,86.87,82.33
48035,69.24,68.35,67.72,67.13,71.76,75.4
48037,47.41,43.93,36.8,28.34,22.82,15.36
48039,6.99,5.6,5.44,5.24,4.53,2.38
48041,3.02,1.68,1.52,1.45,2.31,2.57
48043,86.55,89.53,87.42,84.96,74.25,63.48
48045,14.92,8.67,10.32,14.3,36.79,58.39
48047,80.34,68.71,69.94,74.88,81.38,88.54
48049,34.37,37.09,37.27,36.58,51.6,66.43
48051,69.85,65.08,59.87,54.95,51.36,47.32
48053,79.51,80.01,77.38,74.04,71.64,68.88
48055,44.02,39.11,36.35,34.29,38.18,42.08
48057,73.26,68.43,68.43,68.79,58.37,47.88
48059,76.02,74.23,74.31,75.08,79.88,84.27
48061,29.56,27.13,24.04,21.42,19.68,19.02
48063,67.26,61.6,55.09,48.57,49.83,50.26
48065,15.62,16.58,13.58,11.05,7.96,4.0
48067,69.44,62.15,63.32,66.08,71.41,75.28
48069,8.14,8.26,9.47,11.43,10.54,8.83
48071,32.26,27.2,20.5,13.25,11.13,7.81
48073,38.46,37.14,32.45,26.74,20.94,14.02
48075,48.71,68.93,69.18,66.81,56.9,46.22
48077,81.36,77.99,76.26,74.58,75.56,75.84
48079,63.98,61.9,57.08,52.13,58.99,65.75
48081,72.04,72.23,71.27,69.09,68.66,68.4
48083,25.53,26.4,32.88,40.06,55.72,71.52
48085,0.45,0.4,0.3,0.27,0.22,-0.44
48087,56.0,59.44,48.61,36.0,45.18,53.54
48089,40.93,43.04,38.77,34.02,29.51,24.66
48091,33.27,32.52,32.93,33.65,36.0,38.2
48093,74.34,76.85,78.34,79.46,78.67,77.76
48095,32.49,7.57,4.79,5.22,31.92,58.62
48097,44.43,44.0,41.13,37.93,33.45,28.19
48099,41.07,50.93,58.05,65.11,68.8,72.49
48101,85.96,84.71,81.79,79.38,83.46,85.87
48103,2.42,0.7,-0.15,-0.42,0.01,-0.47
48105,17.42,14.95,9.28,2.88,3.58,3.15
48107,67.92,66.32,70.07,74.8,75.58,75.51
48109,96.64,96.28,95.93,95.82,93.56,91.11
48111,29.83,34.38,30.38,24.85,29.11,31.08
48113,5.56,5.28,4.97,4.75,5.18,4.99
48115,48.96,56.68,65.78,74.5,78.57,82.11
48117,8.69,7.08,6.84,7.64,6.95,4.86
48119,61.8,68.37,71.71,75.23,80.24,83.99
48121,1.77,1.8,1.5,1.38,1.43,0.63
48123,63.95,64.59,61.81,58.95,59.99,61.8
48125,91.45,94.95,93.13,90.21,88.34,85.35
48127,86.9,94.16,93.49,92.06,85.87,79.18
48129,70.87,71.55,61.74,51.3,31.0,10.0
48131,98.38,97.76,97.84,97.73,93.83,89.76
48133,88.57,87.14,89.22,91.73,88.32,84.91
48135,30.98,25.79,21.41,16.77,13.07,8.7
48137,88.25,91.07,95.62,99.55,94.53,89.46
48139,21.88,19.14,16.78,14.99,16.01,16.52
48141,31.7,34.92,35.15,34.77,32.59,30.53
48143,11.7,8.91,13.04,18.54,22.64,26.52
48145,81.86,83.74,84.91,86.17,88.16,90.68
48147,64.17,61.15,55.07,48.71,49.04,48.28
48149,31.64,35.34,39.33,44.13,44.85,45.78
48151,59.06,57.02,62.73,70.01,69.73,68.84
48153,36.55,35.25,29.5,22.6,24.4,25.59
48155,97.4,95.79,91.7,86.55,79.54,70.89
48157,1.48,1.59,0.77,0.41,0.93,0.45
48159,90.6,89.89,81.86,72.82,63.6,53.56
48161,67.53,67.39,72.73,78.68,80.75,82.63
48163,70.52,69.62,61.3,51.69,55.2,59.08
48165,22.48,19.55,16.87,13.65,18.1,22.12
48167,27.26,28.46,29.55,30.39,27.93,24.06
48169,38.56,31.55,35.83,41.56,48.79,55.28
48171,56.76,47.44,38.65,30.17,26.77,23.4
48173,0.06,-0.67,0.69,1.05,2.43,2.99
48175,85.12,83.4,75.07,65.3,61.47,57.34
48177,82.34,79.86,75.26,70.34,67.4,64.62
48179,51.48,53.02,58.26,65.26,54.5,42.44
48181,58.4,59.92,59.92,60.16,55.37,49.93
48183,43.65,43.6,42.84,42.03,38.18,32.9
48185,36.04,32.1,32.3,33.36,36.63,39.41
48187,23.2,21.02,20.73,20.38,22.4,24.55
48189,13.37,12.15,13.77,16.29,15.25,13.63
48191,77.26,85.58,83.94,82.32,80.94,78.93
48193,91.4,95.86,94.73,92.58,91.0,89.5
48195,17.67,20.21,27.27,35.54,32.07,27.09
48197,93.18,93.12,92.24,91.47,90.05,87.79
48199,50.9,44.84,44.58,45.09,51.28,56.55
48201,4.57,4.26,3.58,3.22,3.78,3.19
48203,28.02,22.52,19.21,16.29,27.77,38.34
48205,17.62,19.53,20.08,22.03,29.1,33.79
48207,97.44,99.63,97.87,95.85,90.57,84.27
48209,5.26,4.68,4.07,3.41,4.68,5.71
48211,5.38,2.28,11.42,21.77,43.03,62.27
48213,68.91,66.33,64.72,62.99,66.95,70.18
48215,32.2,30.26,28.51,27.05,25.75,25.42
48217,73.27,72.06,71.16,70.26,70.52,70.51
48219,38.08,38.8,43.12,47.97,46.19,44.29
48221,46.83,39.5,31.93,24.05,23.85,23.13
48223,66.64,68.24,65.73,63.27,57.91,51.52
48225,76.17,70.71,71.18,71.83,77.24,82.11
48227,64.12,57.8,58.22,58.97,58.89,58.3
48229,97.86,98.16,98.41,98.75,96.82,95.12
48231,64.2,63.15,58.8,54.37,50.49,45.91
48233,60.0,68.39,70.8,72.77,66.81,60.1
48235,12.08,8.95,13.49,18.48,20.31,21.8
48237,84.56,83.79,73.88,62.23,57.64,52.36
48239,61.83,67.23,70.22,72.44,72.88,72.98
48241,90.24,89.5,82.28,73.97,66.67,58.83
48243,89.65,81.42,67.31,52.86,53.95,54.59
48245,39.05,33.46,34.24,35.68,39.88,43.26
48247,92.84,94.28,96.29,97.94,94.69,91.51
48249,68.02,61.09,55.94,50.52,51.72,52.29
48251,14.74,14.46,11.93,9.05,9.6,9.75
48253,83.13,86.2,87.68,89.49,81.71,73.24
48255,82.33,75.44,62.1,47.25,37.88,28.29
48257,22.18,21.96,21.08,20.29,18.79,16.4
48259,39.12,47.65,41.58,32.56,28.23,23.85
48261,44.74,81.07,89.31,93.26,76.5,60.17
48263,93.48,97.5,98.71,99.47,85.27,70.2
48265,78.79,79.34,78.18,77.16,71.98,66.34
48267,76.95,81.3,85.46,89.54,88.36,87.47
48269,2.2,0.82,8.06,17.69,23.35,27.41
48271,41.32,26.45,52.85,84.94,92.7,100.76
48273,47.52,48.72,47.25,45.77,39.6,33.64
48275,80.24,81.17,84.5,88.17,85.47,80.88
48277,72.04,72.86,72.4,71.9,75.34,77.47
48279,35.48,39.79,44.84,50.7,55.23,59.26
48281,60.33,67.53,72.0,76.2,82.03,87.43
48283,87.42,89.02,80.54,71.27,58.62,46.34
48285,74.42,71.59,68.78,66.42,55.84,45.54
48287,55.65,53.45,44.08,33.91,26.66,19.21
48289,43.49,39.47,52.08,66.85,70.43,73.82
48291,71.94,69.93,67.83,65.69,63.83,60.27
48293,65.42,69.0,66.97,63.32,61.52,59.45
48295,20.47,20.56,29.88,39.6,56.06,69.95
48297,68.92,64.3,69.21,75.55,77.52,78.77
48299,96.18,96.03,96.0,96.23,96.3,96.35
48301,86.34,96.04,91.62,85.01,91.51,97.49
48303,40.01,41.59,40.11,37.19,31.55,25.34
48305,75.76,76.68,82.33,87.84,88.8,89.22
48307,66.64,70.26,76.11,81.27,80.93,81.17
48309,25.74,25.51,26.83,28.81,29.63,30.48
48311,96.64,95.87,91.42,86.15,71.45,56.74
48313,56.05,52.73,53.85,54.53,57.19,59.11
48315,93.93,92.76,91.6,89.94,91.37,91.45
48317,21.11,15.67,11.69,7.23,11.26,14.48
48319,56.91,53.46,55.53,58.41,52.94,47.72
48321,44.54,40.74,49.44,59.87,59.96,59.15
48323,63.5,60.33,56.35,51.14,40.12,28.37
48325,53.74,48.22,51.59,56.44,61.52,66.63
48327,95.7,95.55,94.72,92.54,94.56,97.1
48329,12.98,7.83,5.64,3.77,4.44,4.43
48331,89.11,88.36,81.08,72.98,61.74,50.73
48333,64.34,75.48,84.42,93.15,93.31,93.77
48335,61.98,58.3,58.32,57.55,55.97,53.6
48337,75.48,77.48,79.35,81.7,79.91,77.23
48339,10.89,10.0,8.36,6.9,6.77,5.49
48341,28.72,29.72,20.34,9.92,7.16,2.68
48343,89.83,84.6,81.54,78.75,78.96,78.33
48345,79.76,83.62,81.7,79.23,78.28,76.16
48347,43.04,46.86,53.28,60.5,63.58,65.56
48349,73.39,75.66,70.37,63.83,63.83,63.37
48351,92.94,96.49,93.37,89.57,77.24,64.55
48353,75.34,71.27,73.13,75.62,79.66,83.15
48355,40.98,36.37,33.44,30.83,27.4,24.14
48357,9.02,10.83,11.02,10.1,12.86,13.0
48359,52.07,49.86,39.84,29.05,17.96,5.16
48361,66.07,61.16,61.32,62.04,61.41,60.36
48363,69.95,72.01,72.31,72.35,70.68,68.78
48365,62.64,65.52,65.2,64.16,65.07,65.02
48367,25.31,23.67,22.65,21.99,21.07,19.54
48369,26.7,33.68,32.33,30.53,28.54,25.7
48371,20.57,19.63,17.44,15.46,13.8,12.18
48373,95.86,94.99,92.33,89.25,89.45,88.3
48375,18.4,18.77,16.46,14.66,15.95,15.97
48377,91.48,90.12,88.78,87.81,89.65,92.24
48379,79.29,82.43,78.81,74.39,76.43,77.81
48381,13.24,14.62,13.95,13.77,12.9,10.68
48383,7.53,5.43,4.72,4.11,2.34,-0.52
48385,86.96,95.53,98.18,98.75,98.65,98.61
48387,90.32,87.72,81.0,73.41,69.77,64.66
48389,33.27,24.71,16.69,9.43,11.5,13.47
48391,91.5,90.5,91.41,92.32,89.38,86.17
48393,52.14,53.91,47.82,39.25,33.64,26.23
48395,52.24,46.15,41.78,37.35,42.69,47.81
48397,2.05,2.27,2.02,1.93,1.6,0.52
48399,25.15,32.66,36.28,38.51,54.8,71.18
48401,54.3,54.89,55.56,56.42,52.62,47.45
48403,92.98,92.79,94.69,97.0,98.67,98.79
48405,98.25,98.54,98.67,98.67,98.71,97.07
48407,78.68,80.64,84.11,87.97,86.17,83.42
48409,49.4,43.68,43.82,44.74,53.25,61.46
48411,66.78,62.14,61.67,61.88,66.32,70.88
48413,16.04,8.49,6.53,4.79,4.32,3.58
48415,39.62,36.08,37.34,38.66,40.44,41.92
48417,56.4,70.3,73.83,75.47,77.29,78.48
48419,64.44,70.16,74.09,77.73,73.25,67.49
48421,60.08,62.54,59.06,55.16,50.89,45.05
48423,31.33,29.42,29.37,29.71,27.97,24.95
48425,17.97,15.77,15.93,16.45,24.75,32.73
48427,77.0,71.78,70.88,70.09,64.45,59.6
48429,56.84,60.95,70.54,81.62,82.76,83.74
48431,14.98,11.81,31.22,53.7,33.12,11.55
48433,83.94,91.83,87.19,80.02,64.62,48.27
48435,4.23,2.46,4.32,6.35,4.54,2.48
48437,67.3,71.61,70.41,68.13,66.31,63.74
48439,8.28,8.18,7.75,7.37,6.99,5.89
48441,59.87,58.76,54.95,50.54,48.61,46.39
48443,76.38,68.85,57.62,46.31,63.87,80.77
48445,58.63,53.93,59.0,65.36,59.06,52.24
48447,81.6,87.56,87.24,85.39,81.93,78.09
48449,51.3,44.97,39.51,34.63,33.14,31.01
48451,38.92,36.43,36.32,35.27,37.08,38.69
48453,3.38,3.08,2.38,1.91,2.16,2.08
48455,98.11,98.38,98.71,98.73,98.67,97.58
48457,94.7,94.66,95.12,95.9,96.06,94.64
48459,76.25,73.22,69.34,65.34,68.18,69.85
48461,22.88,22.99,14.25,4.03,2.6,0.73
48463,35.85,31.0,36.82,43.38,57.71,72.1
48465,22.18,27.4,36.66,44.45,49.87,55.44
48467,72.25,70.34,70.49,71.17,65.32,58.33
48469,48.79,46.82,45.6,44.89,45.23,45.69
48471,6.62,4.74,3.94,2.87,3.89,4.2
48473,33.06,37.1,26.59,13.92,12.99,11.01
48475,46.28,33.68,25.88,18.87,13.71,8.04
48477,43.65,44.12,45.26,47.37,41.59,35.47
48479,22.51,19.18,17.37,15.92,16.11,16.09
48481,46.56,45.61,43.0,39.96,38.26,36.25
48483,51.53,49.52,49.94,50.65,52.13,52.33
48485,45.75,48.47,54.31,59.91,60.47,60.33
48487,82.6,81.27,86.31,91.9,92.53,92.36
48489,71.06,73.12,67.2,60.8,54.4,48.61
48491,4.74,4.66,4.5,4.86,5.56,5.98
48493,25.68,19.91,19.43,19.56,21.12,22.91
48495,39.18,27.97,20.43,13.76,10.63,6.91
48497,57.6,61.71,62.62,63.48,58.04,51.84
48499,90.56,90.7,88.66,86.73,85.51,83.02
48501,18.68,12.87,9.44,6.1,7.59,9.03
48503,58.47,52.53,50.05,48.23,37.67,26.49
48505,55.43,56.6,60.75,64.98,64.18,63.96
48507,94.82,96.15,95.21,93.95,84.39,74.8
49001,13.57,13.6,17.87,23.05,24.3,23.82
49003,24.04,26.52,25.33,23.84,22.28,19.79
49005,2.77,3.58,2.55,1.84,3.21,4.02
49007,55.98,49.63,47.83,46.62,48.22,49.65
49009,43.65,24.7,14.47,4.86,2.31,-0.57
49011,4.3,4.87,4.59,4.2,3.72,2.7
49013,9.57,12.47,16.81,20.96,25.68,30.62
49015,49.33,52.11,52.11,51.4,46.99,42.12
49017,43.04,47.41,43.75,39.59,48.42,55.62
49019,17.28,18.42,20.38,22.45,17.66,13.01
49021,14.08,12.51,11.49,10.62,13.64,14.4
49023,10.72,10.61,10.45,10.43,17.29,22.66
49025,55.43,57.15,48.14,38.48,53.58,67.09
49027,15.9,18.99,17.65,15.66,24.47,30.97
49029,1.88,0.86,0.79,0.76,1.02,0.13
49031,73.05,85.74,91.78,96.9,98.29,97.82
49033,39.08,33.42,23.87,13.49,37.3,60.62
49035,4.1,4.09,4.07,4.12,4.26,3.51
49037,55.25,53.3,55.48,57.95,62.44,67.05
49039,14.55,16.89,18.87,20.91,19.61,16.86
49041,21.24,23.31,27.73,32.8,40.63,46.62
49043,0.12,0.03,0.29,0.31,0.04,-0.62
49045,10.96,10.66,10.38,10.3,11.41,11.53
49047,10.42,10.23,10.48,10.2,14.38,18.66
49049,1.16,1.19,1.11,1.1,1.75,1.31
49051,1.21,1.13,1.58,1.73,1.64,0.53
49053,25.17,26.55,26.35,25.99,24.02,20.39
49055,7.02,10.7,16.55,22.97,31.95,39.98
49057,12.99,13.41,13.64,14.18,13.37,12.08
50001,33.06,37.67,40.52,43.3,45.39,47.01
50003,62.66,64.07,65.87,67.6,66.77,65.47
50005,80.18,80.77,78.45,75.38,69.77,63.37
50007,11.24,13.3,14.48,15.73,15.7,15.09
50009,83.38,80.23,78.88,77.84,79.96,81.49
50011,24.99,22.03,21.65,21.96,23.64,24.53
50013,19.07,19.26,15.51,10.84,11.32,11.39
50015,16.92,17.13,17.83,18.61,22.96,27.08
50017,57.13,64.02,64.5,63.56,56.1,47.53
50019,55.43,56.55,57.63,58.64,59.75,60.22
50021,50.9,52.86,54.51,56.14,52.82,48.93
50023,15.28,16.13,20.81,26.89,27.08,26.69
50025,55.82,55.25,56.52,58.04,60.18,62.38
50027,57.45,56.79,56.6,56.68,50.98,44.94
51001,22.18,22.32,24.3,27.14,28.8,28.76
51003,4.81,3.53,2.95,2.88,3.4,3.36
51005,79.24,80.39,76.58,72.9,68.62,63.58
51007,36.28,32.0,32.14,33.21,37.03,40.42
51009,41.69,40.29,41.92,43.45,45.65,47.04
51011,66.41,60.43,60.7,61.74,58.62,55.06
51013,0.13,0.18,0.32,0.4,0.31,-0.96
51015,33.96,35.65,31.97,27.39,27.84,28.39
51017,61.38,66.68,64.6,61.38,50.82,39.24
51019,36.78,39.23,38.65,37.22,33.59,28.94
51021,76.33,67.68,69.4,73.14,73.59,73.03
51023,35.99,37.09,38.83,42.07,32.76,22.08
51025,73.64,76.75,77.77,79.92,80.37,78.93
51027,96.9,95.53,96.19,97.04,98.12,99.18
51029,67.74,65.05,65.54,66.64,63.54,60.06
51031,43.9,43.03,45.92,49.02,44.87,39.53
51033,36.65,30.56,26.13,21.31,22.37,22.42
51035,78.22,75.96,74.63,73.45,72.93,71.14
51036,52.54,50.88,54.71,59.81,65.82,70.42
51037,88.64,88.43,88.05,87.21,85.97,84.15
51041,7.28,8.36,8.23,8.3,11.36,13.63
51043,12.13,12.16,11.9,11.31,15.39,18.68
51045,89.02,92.53,83.05,71.52,63.6,54.44
51047,12.72,12.36,14.19,15.52,19.57,23.29
51049,71.08,74.67,73.44,70.58,62.95,55.23
51051,98.08,97.75,97.93,98.03,98.51,98.79
51053,63.18,59.64,53.45,47.59,44.9,40.87
51057,28.72,15.19,19.76,27.82,38.86,48.18
51059,0.46,0.39,0.48,0.56,0.67,-0.31
51061,11.2,9.49,8.7,7.46,6.47,4.52
51063,37.49,37.59,34.8,31.56,30.23,27.43
51065,29.78,32.12,29.68,26.2,25.46,24.09
51067,49.52,47.74,46.54,45.74,45.74,44.13
51069,16.5,16.51,17.11,17.84,18.7,19.3
51071,84.06,81.08,73.51,64.83,49.2,32.41
51073,40.08,44.66,51.98,59.7,60.99,60.28
51075,14.88,20.01,21.78,22.7,22.14,20.73
51077,78.54,74.06,75.92,78.59,78.23,76.67
51079,31.6,36.71,36.06,34.2,32.86,30.85
51081,78.59,78.41,66.5,54.65,55.25,54.36
51083,69.85,70.56,70.98,71.6,77.2,81.76
51085,6.8,5.55,5.55,5.58,7.07,7.52
51087,9.79,10.27,10.56,10.99,12.12,12.53
51089,79.05,78.91,80.48,82.71,86.68,88.95
51091,71.5,74.86,76.9,79.48,83.42,86.8
51093,19.6,16.17,26.0,37.23,42.17,44.95
51095,12.52,16.09,21.37,26.22,26.3,24.46
51097,15.12,18.42,26.69,35.07,31.85,27.07
51099,15.58,14.18,12.03,9.42,9.16,8.2
51101,9.36,6.58,9.73,13.2,15.0,15.26
51103,58.68,57.42,58.54,60.45,62.64,63.11
51105,98.06,97.59,97.71,97.92,97.84,98.02
51107,0.16,0.22,0.37,0.34,0.24,-0.78
51109,47.16,52.0,56.09,60.09,60.71,60.57
51111,81.96,85.06,86.32,87.24,86.23,84.49
51113,22.88,25.72,26.76,26.98,27.74,28.43
51115,36.36,40.66,45.61,50.92,60.78,68.69
51117,81.86,83.63,84.07,84.48,82.64,79.48
51119,61.02,63.16,59.72,54.24,56.04,56.32
51121,5.43,5.74,5.0,5.07,5.89,5.66
51125,41.12,38.85,34.8,29.87,29.94,29.38
51127,7.48,9.23,9.66,8.81,7.4,4.65
51131,33.98,38.7,37.12,34.43,50.22,64.26
51133,49.48,45.33,43.29,41.36,39.26,35.28
51135,70.48,71.45,74.92,78.95,81.43,83.23
51137,36.06,36.53,45.6,56.52,58.11,59.09
51139,70.36,73.65,76.95,80.63,80.06,79.07
51141,82.72,79.02,75.18,71.36,73.18,73.39
51143,67.91,65.85,65.81,66.4,68.77,69.17
51145,5.42,7.0,9.53,12.6,14.23,15.25
51147,35.04,31.23,33.93,37.78,42.65,47.45
51149,36.99,37.31,37.12,37.3,34.48,30.65
51153,0.8,0.63,0.95,1.14,1.09,0.39
51155,68.61,66.93,69.76,73.87,76.17,77.63
51157,22.35,21.2,31.27,44.0,46.03,47.36
51159,56.27,41.12,33.08,25.27,32.98,38.81
51161,16.11,16.94,13.3,10.3,7.14,2.51
51163,58.82,52.15,47.35,41.79,44.87,46.78
51165,26.86,28.41,26.93,25.43,23.28,20.96
51167,95.69,93.96,95.46,96.85,97.51,97.98
51169,93.68,93.9,95.45,97.11,97.51,97.52
51171,37.36,42.57,42.72,42.54,46.35,49.5
51173,86.94,86.54,90.78,95.21,95.92,96.11
51175,57.86,56.63,55.4,53.01,55.79,57.04
51177,13.32,13.45,15.64,17.5,16.23,14.21
51179,2.08,2.36,3.19,3.45,3.03,2.07
51181,47.9,43.61,50.24,58.56,61.37,62.18
51183,80.04,79.14,75.31,70.85,70.21,68.28
51185,96.6,95.3,93.76,91.45,90.04,87.98
51187,29.47,34.11,36.13,37.16,37.96,38.09
51191,71.5,71.1,76.98,83.61,85.2,86.28
51193,62.08,60.92,54.57,46.02,48.27,49.11
51195,96.3,98.7,101.75,104.44,103.1,101.56
51197,73.13,73.42,75.39,76.79,75.94,74.62
51199,8.36,10.44,15.65,20.02,17.85,13.33
51510,0.44,0.54,0.62,0.7,0.76,-0.03
51520,88.64,88.59,91.88,95.28,94.39,92.86
51530,47.85,35.44,38.01,44.18,47.76,50.19
51540,3.96,3.58,3.17,2.94,3.12,2.58
51550,7.54,7.33,9.31,10.92,12.11,10.75
51570,53.8,59.68,57.43,53.52,51.64,48.58
51580,86.24,87.03,79.79,71.63,50.72,29.13
51590,83.03,82.66,80.29,77.85,79.23,79.07
51595,90.4,91.46,70.29,44.74,38.63,30.81
51600,1.43,1.18,1.19,1.1,0.86,-0.4
51610,0.46,0.35,0.36,0.35,0.42,-0.59
51620,25.63,16.16,22.21,31.13,45.22,57.19
51630,6.64,5.35,10.19,16.24,18.22,19.55
51640,87.76,93.32,95.33,95.95,92.13,86.89
51650,23.9,28.38,37.12,45.54,48.2,48.28
51660,0.57,1.07,0.79,1.18,2.11,2.93
51670,69.77,77.43,79.51,80.58,75.71,69.73
51678,16.88,18.91,22.43,25.8,25.95,24.84
51680,23.58,22.98,24.32,25.3,25.24,24.36
51683,1.98,1.19,1.28,1.24,0.76,-0.39
51685,1.58,1.18,2.58,4.25,4.12,3.18
51690,85.15,82.81,81.35,79.96,84.41,87.17
51700,24.96,27.65,37.93,48.85,48.95,46.9
51710,23.2,21.79,24.58,27.28,30.01,29.92
51720,57.32,66.17,76.21,86.63,89.98,93.13
51730,85.96,86.09,84.77,84.15,84.97,84.62
51735,11.54,11.85,18.39,25.58,24.32,20.97
51740,36.39,32.73,36.52,41.0,42.14,40.71
51750,24.14,25.14,23.42,20.92,18.15,14.52
51760,51.87,51.61,49.62,47.15,44.89,41.8
51770,65.2,66.38,58.24,48.46,35.83,21.67
51775,30.46,29.96,23.18,16.29,12.29,6.83
51790,59.06,57.95,53.88,49.57,46.99,44.46
51800,14.96,14.64,19.37,23.19,20.97,16.46
51810,8.1,8.57,9.96,11.26,12.81,11.91
51820,47.14,44.93,42.94,41.62,49.95,58.32
51830,2.48,4.18,8.29,11.87,10.23,6.49
51840,33.52,35.95,38.61,41.41,45.67,49.62
53001,6.51,6.49,9.51,13.21,15.02,14.78
53003,77.67,77.64,77.82,78.42,77.18,73.14
53005,24.26,27.34,31.61,35.93,36.87,36.1
53007,17.72,18.4,25.81,34.11,44.69,51.29
53009,85.31,84.26,83.15,82.11,82.97,81.33
53011,24.34,23.76,21.72,19.74,19.1,16.91
53013,83.7,84.12,87.82,92.49,89.76,84.46
53015,83.24,83.6,84.36,85.57,83.71,80.23
53017,62.98,66.16,72.44,78.63,81.36,80.44
53019,95.88,97.08,97.15,97.19,98.26,96.62
53021,4.78,7.0,10.11,13.22,16.63,18.05
53023,87.44,82.69,79.19,75.77,80.15,81.78
53025,19.37,21.8,21.62,20.55,21.82,20.01
53027,79.4,77.75,79.32,81.27,81.99,80.19
53029,42.17,46.2,47.69,48.86,49.22,46.69
53031,66.82,63.67,63.62,64.47,68.29,69.4
53033,5.8,5.59,4.97,4.57,4.99,2.32
53035,50.9,52.4,50.73,48.5,46.0,40.95
53037,27.49,28.4,29.53,30.51,30.04,26.64
53039,79.68,77.37,76.4,75.47,62.45,47.51
53041,87.62,87.12,85.96,84.77,82.34,77.2
53043,81.42,82.85,81.8,80.54,78.54,73.83
53045,88.0,88.11,86.89,85.59,82.96,77.35
53047,66.0,66.82,67.67,68.58,69.84,68.51
53049,98.71,98.67,98.63,98.66,96.72,92.28
53051,91.02,90.33,85.16,79.85,78.1,73.66
53053,31.49,31.41,30.39,29.23,27.89,23.7
53055,24.48,25.88,22.69,18.96,15.66,10.61
53057,39.47,40.45,42.27,44.7,41.82,36.16
53059,51.7,45.43,38.37,31.3,33.1,33.27
53061,17.28,18.48,17.59,16.35,16.01,13.15
53063,44.35,46.12,45.49,44.61,42.09,37.11
53065,78.44,78.72,78.38,78.41,80.02,78.5
53067,25.17,26.31,26.01,25.61,27.41,26.6
53069,96.36,95.74,95.16,94.58,94.31,91.11
53071,46.0,51.45,50.5,48.29,48.35,46.13
53073,30.61,32.32,30.09,27.59,26.81,23.96
53075,8.93,12.03,14.77,17.53,17.71,15.4
53077,25.1,24.92,25.45,25.9,26.8,25.56
54001,85.46,86.27,78.39,69.2,62.79,55.8
54003,33.43,34.45,39.61,45.45,42.36,37.91
54005,99.32,99.27,99.04,98.87,98.09,96.86
54007,80.04,77.08,77.26,78.78,80.87,82.09
54009,54.12,55.16,55.99,56.95,59.63,61.18
54011,82.6,81.73,79.67,77.31,75.24,72.12
54013,93.49,95.3,96.41,97.41,96.6,94.72
54015,95.05,96.71,97.92,99.01,99.12,98.55
54017,59.94,77.84,82.78,85.16,77.59,69.11
54019,98.12,98.24,98.26,98.23,98.11,97.46
54021,77.82,77.91,73.58,68.4,57.01,44.9
54023,73.21,74.3,73.13,72.93,68.89,64.5
54025,79.99,81.81,83.13,84.98,85.32,84.81
54027,94.94,95.19,95.31,95.9,95.77,95.15
54029,76.77,75.76,72.1,67.61,65.42,62.01
54031,63.8,67.23,58.03,46.71,42.63,38.21
54033,79.07,78.94,78.55,78.9,77.0,74.37
54035,73.59,71.14,68.35,65.28,70.66,74.88
54037,23.7,25.46,27.7,29.54,27.18,23.44
54039,81.58,80.17,76.4,72.21,71.57,70.29
54041,81.73,82.2,82.26,82.84,79.03,74.35
54043,99.28,99.14,98.56,98.08,96.11,93.51
54045,99.4,99.34,99.32,99.31,99.18,98.68
54047,99.8,99.64,99.75,99.71,99.73,99.13
54049,47.92,49.92,55.55,62.41,70.94,78.76
54051,49.9,44.9,53.64,65.48,68.63,70.25
54053,90.18,88.28,86.43,84.7,79.15,72.63
54055,97.14,96.68,97.74,98.5,97.36,94.92
54057,86.63,91.0,90.16,88.49,84.8,80.44
54059,99.57,99.57,99.68,99.68,99.66,99.42
54061,12.91,12.48,16.41,21.3,25.26,27.93
54063,97.66,98.19,97.01,96.21,90.82,84.46
54065,66.88,58.2,56.91,56.83,51.69,45.3
54067,89.48,87.92,85.91,83.97,85.2,86.14
54069,52.38,51.14,50.97,49.96,49.35,47.35
54071,85.67,88.35,83.86,78.59,70.38,61.52
54073,80.66,78.92,75.99,72.74,72.42,70.72
54075,94.32,93.42,93.59,94.79,94.62,93.53
54077,82.79,81.58,78.72,75.38,74.64,72.94
54079,28.72,26.8,24.04,21.29,19.48,16.52
54081,90.59,90.59,91.64,92.78,93.87,94.31
54083,78.59,78.06,71.71,64.95,59.74,54.3
54085,76.72,77.25,77.5,78.39,81.95,84.29
54087,92.84,92.51,94.51,97.08,98.03,97.75
54089,98.74,98.57,98.77,99.1,98.63,97.49
54091,83.84,86.87,82.76,77.27,78.71,79.64
54093,83.06,84.17,84.72,86.18,87.09,87.64
54095,74.7,73.1,70.68,68.09,70.7,71.94
54097,56.88,51.05,45.23,40.12,43.38,46.12
54099,92.57,94.38,95.34,96.01,95.21,93.7
54101,93.08,93.28,88.26,82.36,84.86,86.63
54103,62.93,66.68,71.3,75.86,76.44,75.74
54105,91.37,91.29,93.72,96.81,97.88,97.66
54107,72.04,72.9,73.74,74.5,74.15,72.38
54109,99.94,99.93,100.02,100.1,99.95,99.35
55001,85.45,87.0,88.22,89.04,88.82,86.66
55003,52.54,49.96,56.43,64.09,65.12,64.91
55005,29.85,33.96,36.62,39.01,34.57,28.6
55007,52.5,54.32,56.66,58.36,60.77,61.59
55009,12.35,12.22,11.26,10.28,9.85,8.78
55011,14.71,13.72,13.66,13.84,20.68,25.52
55013,61.8,64.43,63.56,62.37,64.85,66.01
55015,3.66,3.54,3.55,3.44,3.49,2.43
55017,27.06,26.97,25.53,24.35,19.64,13.28
55019,10.36,12.2,13.81,15.67,16.16,14.63
55021,12.72,11.99,12.55,13.3,14.25,13.6
55023,46.82,51.97,50.09,47.35,38.36,27.94
55025,3.78,3.22,2.66,2.11,2.39,1.33
55027,14.08,14.38,14.8,15.21,15.81,15.11
55029,27.82,28.47,30.79,33.57,31.52,28.67
55031,38.98,42.51,43.09,42.95,43.38,42.33
55033,11.35,14.1,17.85,21.84,21.42,19.4
55035,17.0,21.08,22.04,22.45,24.44,24.8
55037,78.02,76.61,79.24,83.27,78.67,73.07
55039,15.06,15.01,14.6,13.95,15.83,16.1
55041,69.44,71.1,68.53,65.46,60.17,53.65
55043,14.37,15.13,13.59,11.65,11.37,10.14
55045,20.58,19.71,19.02,18.02,18.82,18.07
55047,24.34,23.26,24.24,25.44,33.35,39.81
55049,22.08,21.34,20.46,19.69,16.64,11.86
55051,65.4,62.37,64.27,66.58,70.78,73.87
55053,32.36,31.71,30.76,29.77,30.08,28.41
55055,9.36,10.25,11.18,12.15,12.67,11.91
55057,66.47,65.67,65.41,65.13,63.16,59.18
55059,20.33,19.59,19.75,20.28,22.05,23.17
55061,26.57,26.02,23.24,19.97,20.51,20.31
55063,11.78,13.69,14.64,15.19,14.21,10.53
55065,12.67,13.02,15.74,18.43,18.22,16.76
55067,66.44,70.73,69.76,68.07,63.67,58.39
55069,26.57,25.58,27.73,30.93,33.58,35.13
55071,21.36,19.92,18.99,18.2,19.61,20.42
55073,12.96,14.58,14.79,14.88,15.68,14.9
55075,54.92,57.33,60.44,63.82,64.13,63.42
55077,61.23,58.57,57.81,57.07,63.55,68.0
55078,34.96,40.33,45.82,51.8,55.72,58.61
55079,29.61,29.44,27.14,24.63,23.01,20.06
55081,27.08,27.61,31.66,36.46,35.04,31.22
55083,22.88,24.46,28.77,33.59,34.35,34.39
55085,44.43,43.13,39.84,36.18,37.25,36.64
55087,6.08,6.41,7.07,7.86,8.27,7.33
55089,3.66,3.66,2.66,1.82,2.13,1.18
55091,18.51,16.85,17.58,18.66,21.47,22.28
55093,3.58,4.5,6.59,8.83,9.41,8.46
55095,24.0,24.6,28.04,32.27,32.78,31.96
55097,13.21,14.67,14.1,13.22,13.41,12.37
55099,47.09,50.58,52.3,53.65,52.38,49.43
55101,24.47,26.13,26.13,25.71,27.0,27.58
55103,30.95,30.58,27.49,24.37,25.86,25.54
55105,39.47,40.16,38.32,36.05,33.37,29.58
55107,53.8,60.95,64.82,68.25,65.49,60.92
55109,3.66,3.78,3.61,3.16,3.02,1.18
55111,27.73,26.65,23.9,20.94,20.75,18.74
55113,46.51,48.23,47.98,47.19,47.31,46.0
55115,19.78,22.46,23.02,23.02,27.3,30.27
55117,10.4,10.41,9.59,8.91,8.19,6.22
55119,19.36,22.53,22.03,21.01,20.19,17.25
55121,13.02,12.77,10.7,8.18,8.11,5.89
55123,14.93,16.06,14.53,12.85,10.57,5.88
55125,66.51,62.93,62.78,63.35,62.37,59.85
55127,14.37,16.02,17.4,18.84,18.13,16.63
55129,53.9,52.16,53.98,56.92,57.52,56.65
55131,6.28,6.92,7.12,7.28,6.88,4.94
55133,6.32,6.53,5.78,5.12,4.89,3.54
55135,31.64,35.39,36.56,37.38,38.24,37.79
55137,56.56,53.12,51.67,50.56,52.95,53.6
55139,14.77,14.55,15.8,17.31,18.95,18.8
55141,19.69,23.71,29.76,36.23,40.46,43.11
56001,4.4,5.08,5.45,6.13,6.01,6.15
56003,60.49,59.7,53.2,46.58,46.79,46.78
56005,4.17,2.82,5.52,8.24,8.29,9.21
56007,26.42,22.46,18.67,14.87,16.45,18.45
56009,44.44,52.71,55.36,58.25,47.71,38.55
56011,23.48,10.84,7.26,4.35,5.69,7.28
56013,42.44,40.48,41.12,42.28,43.94,45.51
56015,36.33,39.63,42.09,44.98,52.54,61.17
56017,62.51,59.05,54.23,50.43,56.97,63.63
56019,34.02,30.22,32.64,36.53,37.43,38.48
56021,22.88,23.38,25.9,28.77,32.1,35.96
56023,16.48,18.45,17.61,16.91,23.0,28.38
56025,29.28,36.65,39.04,41.2,40.69,40.62
56027,68.93,76.27,72.23,67.41,57.78,49.19
56029,19.5,19.22,20.72,22.83,19.82,16.27
56031,64.34,72.5,63.94,53.88,57.75,62.88
56033,32.97,36.44,32.3,27.21,24.37,21.74
56035,13.26,22.34,24.02,24.79,37.13,48.49
56037,16.1,15.31,17.6,19.78,23.63,27.53
56039,0.43,0.06,0.28,0.47,0.85,1.05
56041,41.44,41.39,51.5,62.73,57.45,51.67
56043,68.93,75.59,62.26,46.48,39.38,32.1
56045,35.13,35.7,37.56,39.45,38.5,37.58
