FIPS,2014 DR Ests,2015 DR Ests,2016 DR Ests,2017 DR Ests,2018 DR Ests,2019 DR Ests,2020 DR Preds
01001,145.3,130.39,129.84,114.23,97.15,98.83,98.27
01003,143.5,132.21,124.01,107.37,93.57,68.6,42.47
01005,102.0,93.82,92.64,90.5,86.31,32.44,-25.01
01007,75.8,69.3,95.44,90.77,80.95,24.25,-34.48
01009,63.2,57.27,56.51,49.55,44.82,23.08,0.96
01011,34.3,23.63,20.08,19.92,24.04,22.15,16.65
01013,145.0,139.78,135.31,120.06,106.27,44.44,-18.75
01015,180.0,165.89,160.77,141.45,130.08,105.0,79.98
01017,163.1,147.86,141.14,127.84,117.37,61.58,3.98
01019,175.1,168.73,157.97,135.55,128.88,49.49,-29.84
01021,132.1,120.79,120.84,107.72,96.02,43.02,-11.91
01023,141.2,99.08,97.7,91.28,68.12,36.55,6.14
01025,184.3,166.14,165.01,156.49,144.46,68.46,-8.08
01027,150.6,139.66,134.02,117.96,105.73,83.0,58.25
01029,48.2,50.15,44.13,46.35,37.71,12.16,-14.01
01031,143.2,132.38,129.7,121.34,114.28,79.55,43.12
01033,234.3,223.06,208.93,187.91,167.19,153.12,139.1
01035,154.4,105.71,94.33,87.93,87.48,105.38,122.8
01037,35.7,26.71,25.58,23.43,23.52,-1.98,-30.43
01039,216.2,198.85,172.12,148.32,135.28,94.94,52.99
01041,101.5,93.89,90.75,80.84,60.6,31.92,1.56
01043,182.6,171.87,166.33,145.28,127.33,87.04,47.85
01045,71.5,64.12,76.98,69.54,69.03,36.15,0.42
01047,123.3,115.92,117.83,102.78,83.0,65.83,48.44
01049,122.7,116.74,114.77,104.68,97.9,60.74,23.63
01051,122.7,112.84,116.93,113.12,98.76,33.88,-34.38
01053,166.8,172.69,173.51,156.9,137.93,78.8,18.13
01055,191.4,172.51,157.47,132.99,125.89,100.99,75.94
01057,162.5,161.12,134.55,113.82,93.06,48.17,3.8
01059,225.5,221.78,222.66,186.26,153.16,93.94,34.2
01061,50.4,54.49,50.42,43.98,38.78,15.25,-10.1
01063,98.6,79.25,79.87,55.57,37.26,23.91,9.43
01065,100.2,85.58,97.04,98.26,75.8,25.6,-26.13
01067,37.3,47.34,32.11,26.54,21.22,49.56,75.98
01069,161.1,147.5,143.01,136.45,128.04,143.36,156.18
01071,135.6,117.77,142.43,141.96,130.58,83.15,36.72
01073,130.2,123.04,117.04,105.27,95.82,138.18,179.04
01075,105.8,107.29,103.78,81.53,80.41,16.2,-48.18
01077,151.0,140.23,127.6,112.44,100.18,59.66,20.41
01079,140.5,126.63,114.8,101.48,87.88,31.3,-23.97
01081,70.0,62.9,64.0,58.27,52.08,37.08,18.68
01083,79.1,70.29,75.35,68.74,60.98,32.86,5.79
01085,1.9,-0.1,0.61,-0.49,-1.18,7.57,14.45
01087,67.2,61.99,60.22,46.33,42.36,11.41,-23.44
01089,122.0,116.95,114.13,101.25,85.82,93.95,103.28
01091,140.9,130.6,131.77,129.88,146.02,75.9,4.61
01093,207.3,193.61,182.52,164.3,140.43,106.41,71.19
01095,221.2,201.08,191.61,167.26,152.31,99.16,45.86
01097,158.5,143.45,133.65,119.19,107.33,106.33,104.37
01099,143.8,133.84,135.43,125.4,110.28,50.86,-9.41
01101,101.7,87.52,88.08,84.6,70.64,89.02,104.82
01103,142.7,137.52,135.24,118.08,108.59,69.45,32.03
01105,5.2,3.43,4.23,3.26,-0.59,10.83,21.75
01107,124.7,100.32,82.38,70.94,62.82,33.82,4.34
01109,112.7,104.66,105.33,99.67,90.15,38.86,-15.38
01111,126.3,112.82,108.85,100.23,86.56,56.9,26.79
01113,128.9,118.35,111.53,103.67,93.53,41.92,-12.34
01115,112.9,107.19,113.55,106.33,99.82,63.28,25.83
01117,110.5,103.31,101.07,90.43,81.16,76.49,69.66
01119,45.7,40.59,40.31,36.83,27.74,36.11,44.24
01121,154.4,140.49,138.94,124.61,109.14,44.63,-21.57
01123,109.8,102.8,107.52,100.71,93.05,47.72,-0.66
01125,116.7,113.26,111.43,100.44,88.83,93.57,98.31
01127,291.1,252.01,235.96,218.98,204.76,135.45,65.82
01129,36.8,37.05,43.8,51.34,43.56,25.71,8.72
01131,62.1,62.66,66.12,56.69,50.97,25.27,-0.85
01133,179.6,168.71,171.46,159.21,143.11,68.16,-6.39
02013,0.0,-0.0,-0.02,0.01,-0.02,10.5,19.16
02016,0.0,-0.02,0.01,-0.0,0.01,2.51,3.89
02020,68.0,68.02,66.25,59.61,51.21,54.91,57.48
02050,0.0,0.01,-0.0,0.02,0.0,6.83,11.71
02060,0.0,-0.03,-0.02,-0.0,-0.0,4.0,6.56
02063,0.0,-0.02,-0.04,-0.07,-0.06,-0.1,0.05
02066,0.0,-0.03,0.0,0.01,-0.01,0.03,-1.4
02068,0.0,-0.05,-0.03,-0.07,-0.07,8.01,13.93
02070,0.0,0.02,-0.01,-0.01,0.01,4.87,9.08
02090,54.3,50.56,48.46,42.6,36.91,29.79,20.77
02100,0.0,-0.05,-0.0,-0.04,-0.07,1.28,3.13
02105,0.0,-0.14,-0.03,-0.24,-0.29,4.92,11.45
02110,87.6,81.45,79.82,66.69,55.29,36.95,19.13
02122,100.0,100.07,97.93,82.92,76.32,53.43,30.42
02130,100.6,101.9,91.64,76.58,58.88,50.53,41.78
02150,38.6,34.25,33.6,28.42,23.27,18.32,12.06
02158,0.0,0.0,0.01,-0.02,0.01,0.06,-0.76
02164,0.0,0.0,0.01,-0.06,-0.05,0.35,0.04
02170,86.2,79.16,76.47,69.3,60.91,31.82,0.52
02180,0.0,-0.01,-0.02,-0.0,-0.0,2.2,3.96
02185,0.0,0.01,0.01,0.01,0.0,3.07,4.66
02188,0.0,-0.01,-0.0,0.0,-0.0,2.68,5.03
02195,92.2,80.64,71.29,64.34,64.9,68.83,73.29
02198,59.0,63.72,56.43,39.2,28.99,23.14,18.27
02220,14.1,10.5,9.46,7.22,0.23,16.32,32.77
02230,0.0,-0.0,-0.02,-0.05,-0.04,4.96,10.39
02240,0.0,-0.01,-0.02,-0.01,-0.04,12.46,24.39
02275,0.4,0.19,0.28,-0.18,-0.15,6.44,13.31
02282,0.0,0.01,0.01,0.01,-0.01,5.29,10.98
02290,0.0,0.0,-0.01,-0.05,-0.02,1.18,-0.02
04001,21.5,18.86,18.47,18.51,15.83,7.4,0.74
04003,82.7,83.41,79.09,68.66,60.4,38.44,19.21
04005,60.4,56.26,51.26,42.26,34.62,34.44,37.36
04007,124.3,116.38,109.99,87.64,73.82,46.78,21.67
04009,106.0,99.35,84.58,74.24,66.41,44.67,25.15
04011,1.3,0.33,-0.34,-0.35,-0.28,2.14,6.82
04012,89.7,82.68,78.33,66.03,50.32,19.0,-9.53
04013,77.9,73.67,68.22,58.72,48.53,45.69,44.72
04015,142.2,133.96,127.51,113.31,94.2,70.72,49.45
04017,74.7,70.28,67.49,65.26,56.57,47.15,40.42
04019,84.2,79.5,74.07,64.7,56.52,51.82,49.77
04021,65.6,63.12,58.26,49.48,40.17,12.21,-15.18
04023,27.4,24.8,29.08,21.26,16.52,8.27,3.14
04025,110.6,104.54,97.81,86.85,71.99,49.7,30.26
04027,57.6,57.83,56.56,47.51,37.27,24.51,12.64
05001,92.8,84.6,126.1,124.74,110.28,74.64,39.78
05003,126.5,120.41,116.09,110.17,100.46,31.59,-37.09
05005,148.0,140.26,142.73,133.86,108.68,122.06,136.05
05007,95.1,93.17,88.29,78.98,68.98,45.31,22.19
05009,168.8,168.95,157.36,141.71,126.38,76.08,26.29
05011,149.6,130.85,117.81,109.13,98.02,79.6,60.99
05013,84.4,87.83,83.46,77.57,65.66,17.87,-30.29
05015,78.2,72.11,87.86,79.36,70.28,37.14,4.31
05017,88.9,85.33,77.85,78.59,78.23,90.89,103.76
05019,116.9,100.48,101.98,94.54,96.57,57.62,18.77
05021,140.3,142.16,134.5,118.54,105.26,73.51,42.66
05023,118.7,111.67,115.27,111.57,102.45,51.54,1.95
05025,0.4,0.12,0.45,-0.09,8.31,1.14,-5.83
05027,133.0,117.64,110.72,100.64,93.8,54.35,15.76
05029,130.5,131.87,131.68,123.84,104.98,40.7,-23.14
05031,166.0,163.76,158.58,145.35,126.35,161.63,197.67
05033,169.4,164.74,157.87,145.95,132.21,61.83,-6.18
05035,107.0,106.44,108.85,105.17,93.52,69.55,44.84
05037,138.5,128.18,121.38,109.7,98.67,61.57,25.68
05039,112.6,106.78,101.74,78.65,74.13,39.96,5.57
05041,166.6,163.43,145.22,131.68,103.3,93.24,83.15
05043,117.8,116.04,129.47,126.05,113.16,93.48,73.95
05045,100.7,96.93,97.6,89.9,76.43,61.63,47.95
05047,28.0,29.0,22.4,18.64,13.29,37.87,64.33
05049,104.2,94.08,115.14,109.68,98.9,63.09,26.13
05051,194.9,182.49,176.99,158.47,139.61,118.98,99.63
05053,88.4,81.03,77.63,73.58,61.5,16.01,-28.1
05055,185.6,174.93,177.26,172.02,155.61,103.57,52.37
05057,131.5,120.24,117.35,114.34,101.6,43.59,-13.5
05059,114.1,104.04,105.02,96.44,82.85,40.91,-0.93
05061,180.7,170.83,164.18,148.85,138.03,71.46,5.81
05063,178.7,165.0,160.34,149.91,129.8,136.24,143.0
05065,93.9,77.54,102.24,99.58,92.77,79.06,64.77
05067,160.1,148.23,150.06,135.65,116.19,51.82,-12.15
05069,114.9,112.41,108.96,102.62,96.05,103.42,110.8
05071,147.7,136.76,127.92,110.72,104.21,65.09,26.52
05073,4.2,0.98,102.66,109.3,99.88,90.48,82.1
05075,48.2,40.06,37.48,34.45,26.03,38.37,51.45
05077,55.3,51.34,66.94,67.36,55.7,65.32,75.13
05079,81.1,81.55,68.97,60.79,50.46,15.42,-20.06
05081,164.3,162.73,163.17,154.72,145.07,90.36,36.61
05083,40.6,39.69,40.18,36.69,28.08,20.9,15.59
05085,111.4,109.83,101.94,94.95,85.26,23.2,-37.52
05087,83.5,79.73,79.5,79.47,69.52,36.38,3.98
05089,95.6,85.7,83.15,77.22,56.71,12.29,-32.38
05091,138.1,129.65,113.11,102.43,93.89,79.79,67.61
05093,144.8,137.24,138.77,135.5,124.58,62.94,1.7
05095,109.2,102.65,93.97,86.03,75.55,14.48,-45.87
05097,108.1,107.93,95.93,82.67,74.35,78.33,83.08
05099,0.0,-0.78,0.78,-0.31,-0.73,15.27,31.43
05101,2.8,1.53,0.43,0.26,-0.67,-1.21,-0.88
05103,139.8,142.06,142.95,137.53,124.31,71.59,18.2
05105,94.9,51.65,51.09,28.93,45.57,13.15,-18.51
05107,173.6,162.22,161.29,160.59,122.67,92.41,61.16
05109,10.6,4.55,90.41,85.39,76.29,38.16,1.16
05111,105.5,98.58,118.88,120.3,108.95,82.55,56.53
05113,133.2,123.49,117.7,105.12,97.08,54.79,13.12
05115,138.2,133.84,132.49,111.92,96.23,47.24,-1.16
05117,91.3,88.16,82.49,76.23,68.74,19.68,-28.27
05119,117.5,111.33,105.55,98.26,87.3,141.64,197.55
05121,116.2,113.68,113.58,103.96,84.01,33.4,-17.19
05123,96.4,92.18,94.88,88.55,76.67,46.46,17.1
05125,106.9,96.66,97.03,92.05,81.0,46.47,12.56
05127,154.2,155.24,126.2,115.77,109.84,59.56,9.96
05129,99.7,86.54,82.67,79.6,73.92,29.91,-14.35
05131,186.1,175.53,168.53,155.25,141.95,128.39,117.31
05133,82.9,65.61,65.57,56.43,43.57,15.97,-10.85
05135,136.4,145.43,139.82,132.05,116.68,52.09,-13.26
05137,169.7,159.37,153.67,152.8,145.24,96.25,47.32
05139,141.9,136.55,131.77,118.4,107.09,117.66,128.51
05141,114.4,109.0,103.4,101.61,97.29,43.95,-8.37
05143,104.4,101.85,98.53,91.63,76.61,80.88,85.74
05145,138.1,125.55,123.44,116.97,99.36,56.31,15.17
05147,32.0,5.85,3.59,2.06,6.77,22.56,39.54
05149,72.3,68.73,66.65,56.15,54.68,34.58,14.87
06001,38.0,33.57,31.07,26.28,22.1,20.47,17.07
06003,0.0,-0.3,-0.16,-0.49,-1.04,20.64,40.97
06005,136.6,115.81,112.13,99.2,85.51,32.07,-22.3
06007,143.9,136.94,126.25,106.25,89.69,69.84,48.29
06009,98.6,91.38,83.55,70.06,58.5,27.54,-3.92
06011,44.9,40.91,44.72,34.48,30.27,26.35,19.46
06013,51.8,45.84,40.91,35.87,31.33,25.92,19.43
06015,168.6,147.21,133.91,117.34,97.77,56.43,13.58
06017,75.6,68.45,63.79,54.99,47.11,29.76,11.23
06019,66.1,59.59,57.75,52.76,48.27,45.41,42.89
06021,68.9,66.31,83.45,78.33,67.31,36.91,5.5
06023,113.6,100.71,92.14,77.48,67.02,55.03,41.78
06025,59.5,53.8,52.41,48.69,44.02,27.73,13.22
06027,63.6,60.76,61.28,50.17,41.74,26.43,10.6
06029,64.4,62.29,60.27,54.95,48.49,37.37,27.15
06031,78.5,67.85,64.75,58.78,54.41,36.67,18.32
06033,167.6,138.14,117.27,95.71,77.9,36.04,-7.44
06035,104.2,93.24,81.87,66.31,51.75,46.07,38.96
06037,39.8,35.33,33.41,30.23,27.3,26.58,27.0
06039,58.4,52.7,49.76,42.32,36.99,19.67,2.93
06041,44.1,39.42,36.59,32.42,28.38,23.16,15.35
06043,67.8,69.33,67.41,55.8,47.47,18.09,-11.45
06045,127.2,117.88,105.16,90.48,81.58,59.04,36.28
06047,74.0,68.42,65.18,56.64,47.95,36.28,23.54
06049,111.5,100.27,96.17,81.27,50.88,31.29,8.81
06051,53.0,53.83,54.24,44.48,37.64,30.68,21.87
06053,60.3,55.58,50.58,44.15,38.26,28.24,17.5
06055,50.9,46.22,40.51,35.41,31.89,26.88,20.24
06057,97.4,86.26,82.84,70.37,61.83,42.61,22.58
06059,47.6,43.88,42.07,37.73,33.84,31.77,30.98
06061,72.9,66.47,62.84,55.95,49.18,47.69,43.96
06063,109.7,90.65,85.28,72.98,66.31,47.36,27.76
06065,56.9,52.43,49.42,44.68,39.79,29.8,21.2
06067,60.1,53.72,50.37,44.09,38.09,36.01,32.12
06069,54.0,50.26,43.81,39.47,35.95,16.49,-4.06
06071,58.7,54.8,52.21,47.39,41.57,37.27,35.03
06073,46.7,42.7,39.2,34.71,29.92,27.67,26.3
06075,38.6,35.37,32.26,27.03,23.04,33.15,41.08
06077,69.4,59.21,54.49,47.42,40.33,27.36,13.26
06079,86.0,77.35,71.66,63.87,58.59,45.49,31.69
06081,36.1,33.11,31.45,27.21,23.76,20.46,15.52
06083,62.4,57.56,54.65,49.09,42.46,42.68,42.76
06085,28.9,25.92,24.05,20.51,18.08,19.33,19.07
06087,70.3,62.56,57.08,49.08,41.83,29.44,15.94
06089,151.7,132.91,118.24,101.16,84.57,69.94,54.56
06091,35.1,28.47,21.36,12.16,5.29,4.96,5.38
06093,114.7,123.27,117.04,96.93,92.97,61.6,27.19
06095,52.9,46.79,42.95,37.39,31.92,23.14,12.17
06097,65.5,57.79,52.31,45.71,39.99,32.82,24.65
06099,103.9,91.07,85.16,75.69,65.64,59.06,51.62
06101,111.5,108.64,102.97,94.42,77.53,73.46,67.07
06103,119.4,104.08,95.13,82.73,70.72,42.8,15.35
06105,119.6,110.12,98.54,80.67,72.57,36.59,-0.46
06107,78.8,68.88,65.2,58.52,51.3,39.19,27.04
06109,142.8,127.08,115.04,104.71,86.3,65.63,45.4
06111,60.2,56.7,54.05,48.65,43.91,33.21,22.99
06113,51.8,47.46,46.42,41.09,35.66,25.14,12.63
06115,96.2,91.97,83.59,68.97,60.9,34.69,6.27
08001,60.6,56.4,52.52,46.64,39.84,33.12,25.4
08003,175.8,166.12,153.17,121.46,99.79,47.39,-4.1
08005,66.7,63.57,58.36,50.45,44.18,43.66,41.66
08007,75.6,77.46,72.38,65.24,59.23,39.19,18.37
08009,95.0,81.34,86.23,78.24,67.66,48.98,30.79
08011,59.1,64.67,59.5,44.5,34.27,45.78,56.43
08013,53.6,51.11,47.7,41.83,37.0,43.16,47.06
08014,61.5,55.73,52.78,46.32,40.94,42.13,41.04
08015,102.2,97.86,94.47,83.49,72.2,41.29,8.27
08017,74.0,73.13,67.92,62.15,49.14,16.44,-17.69
08019,38.1,36.04,34.74,30.93,27.49,4.58,-19.74
08021,2.2,1.09,0.7,-0.22,-0.75,27.45,55.97
08023,0.0,-0.41,-0.28,-0.57,-0.65,0.24,1.45
08025,32.4,31.97,29.64,24.84,22.42,4.14,-15.2
08027,0.0,-0.28,-0.19,-0.34,-0.52,2.13,5.01
08029,96.5,90.47,83.6,76.01,65.55,38.27,9.4
08031,48.2,44.29,39.37,34.32,28.93,37.58,44.63
08033,0.0,-0.22,-0.32,-0.38,-0.42,70.61,141.92
08035,55.9,54.73,50.46,45.25,41.46,27.21,11.3
08037,53.0,48.39,46.13,40.55,33.41,48.59,63.5
08039,36.6,35.03,34.97,31.04,27.28,10.8,-6.11
08041,75.1,72.44,67.49,59.64,51.72,46.94,41.08
08043,80.0,76.41,72.67,66.36,56.07,36.71,16.48
08045,92.9,86.27,78.67,64.66,51.25,33.79,14.96
08047,0.0,-0.26,-0.29,-0.56,-0.51,-1.09,-3.25
08049,50.3,47.42,43.41,37.26,33.59,13.85,-6.91
08051,59.4,54.49,51.62,43.93,36.72,24.67,11.96
08053,0.0,-0.12,-0.09,-0.12,-0.45,13.91,28.77
08055,87.8,77.85,80.23,86.7,74.3,45.56,17.62
08057,0.0,-0.19,-0.26,-0.43,-0.27,17.45,32.92
08059,81.4,76.51,70.66,61.63,53.69,41.37,27.36
08061,148.3,132.46,113.54,97.11,92.7,21.04,-50.79
08063,26.7,41.74,41.13,45.05,44.51,36.02,27.0
08065,68.6,54.0,49.8,44.36,39.15,14.27,-10.52
08067,69.0,63.87,58.15,51.0,42.63,52.52,62.73
08069,78.5,70.18,62.4,52.49,44.84,40.62,34.66
08071,150.0,135.81,126.37,114.77,100.98,71.46,41.23
08073,1.3,1.19,27.89,40.01,34.27,18.56,2.22
08075,102.6,90.96,81.53,77.3,69.14,33.85,-0.89
08077,87.9,86.05,78.57,71.5,59.65,56.73,52.39
08079,0.0,0.01,-0.23,-0.16,-0.18,0.29,-0.09
08081,129.5,110.37,107.9,96.32,76.34,39.99,2.95
08083,105.2,99.76,91.14,76.6,64.25,40.1,15.51
08085,93.8,88.95,80.83,75.69,65.47,43.05,20.01
08087,97.1,75.14,65.81,59.39,50.66,25.54,-1.23
08089,117.6,111.78,107.73,97.65,84.73,47.64,9.53
08091,45.4,40.29,34.5,28.34,3.07,15.66,28.07
08093,5.3,-0.06,-0.29,-0.58,-0.45,-1.37,-4.18
08095,43.6,33.59,1.73,-0.17,-0.23,29.89,60.03
08097,34.6,28.3,25.94,21.67,17.63,31.78,45.9
08099,94.5,88.39,79.36,71.77,56.03,24.39,-5.99
08101,125.0,116.75,108.26,97.33,83.68,73.71,62.79
08103,30.2,28.86,25.91,26.88,25.64,30.93,35.42
08105,93.3,91.61,80.37,72.97,62.52,62.53,63.56
08107,76.9,69.31,62.21,47.58,39.91,38.57,36.64
08109,0.0,-0.18,-0.39,-0.58,-0.56,-0.91,-0.05
08111,0.0,-0.05,-0.25,-0.35,-0.63,0.53,1.31
08113,39.3,41.15,36.0,29.26,20.04,20.45,20.96
08115,3.5,3.11,0.67,0.2,-0.08,22.44,45.52
08117,73.1,66.14,60.17,51.82,46.08,32.11,17.2
08119,121.5,115.75,107.94,90.66,75.45,25.85,-25.61
08121,0.0,-0.44,-0.3,-0.21,-0.45,3.18,6.54
08123,69.8,62.88,57.92,49.46,40.74,23.75,4.97
08125,80.6,77.81,71.05,60.94,47.69,40.31,32.62
09001,50.7,48.26,43.54,37.77,33.77,36.89,38.47
09003,66.5,62.68,55.96,49.32,43.31,42.39,40.55
09005,71.1,67.03,60.63,53.0,47.02,25.45,2.39
09007,73.5,70.43,63.34,55.55,49.58,33.11,16.04
09009,75.4,70.7,63.21,54.81,48.71,50.41,50.33
09011,79.6,74.92,66.6,55.98,48.58,38.08,26.87
09013,54.5,52.1,48.13,41.93,37.57,20.26,1.88
09015,82.4,78.0,71.63,61.73,54.43,32.4,9.61
10001,94.4,84.69,76.12,63.97,58.35,39.29,18.37
10003,81.2,78.21,74.53,65.21,57.45,51.7,44.64
10005,113.8,100.51,93.17,80.39,70.09,56.7,40.88
11001,40.1,35.85,32.6,28.38,24.95,37.87,50.08
12001,71.6,68.98,68.95,65.33,57.6,94.65,129.52
12003,142.0,118.14,112.52,105.7,89.4,18.75,-52.46
12005,128.4,121.26,120.32,113.34,97.83,82.59,67.27
12007,100.8,92.83,93.41,85.1,70.87,24.56,-23.54
12009,97.0,93.03,92.09,84.78,74.3,56.68,37.23
12011,54.7,51.98,51.31,46.16,39.11,35.0,29.03
12013,79.7,74.72,71.14,67.47,65.12,32.18,-2.22
12015,82.0,77.83,79.75,75.16,66.59,63.57,61.05
12017,107.2,104.1,104.87,102.99,90.08,53.19,15.67
12019,94.0,88.13,87.29,80.56,69.7,57.28,43.56
12021,62.0,58.51,58.24,51.78,45.38,38.6,30.98
12023,125.4,119.45,118.52,111.81,95.7,48.46,-0.22
12027,58.0,54.5,57.17,56.06,47.23,12.56,-21.3
12029,41.3,47.24,45.41,42.62,38.76,9.43,-20.91
12031,95.1,88.62,88.61,82.95,70.83,75.42,79.17
12033,126.2,116.38,112.97,102.97,89.44,83.74,76.33
12035,80.9,77.44,80.11,74.83,66.04,30.96,-5.54
12037,109.5,94.37,79.93,70.01,55.83,28.62,0.93
12039,63.0,58.33,58.78,53.46,45.79,9.53,-27.05
12041,45.5,46.58,43.8,42.62,36.93,7.94,-23.36
12043,7.6,4.66,4.89,3.29,3.15,-2.72,-9.58
12045,128.0,135.58,105.25,91.2,81.1,47.82,15.06
12047,44.2,37.32,36.56,30.23,33.09,6.15,-21.34
12049,45.9,42.18,39.02,34.45,31.14,5.54,-19.89
12051,75.1,69.15,70.79,64.33,56.47,13.57,-30.64
12053,106.3,108.77,109.97,103.85,92.01,73.03,52.97
12055,79.6,79.28,79.94,73.61,65.81,39.52,12.83
12057,72.9,67.03,65.7,60.33,52.56,48.11,44.2
12059,108.8,86.37,82.96,77.54,70.62,51.69,31.03
12061,100.0,96.65,96.52,90.78,81.26,60.91,39.93
12063,121.0,107.01,108.65,103.84,91.27,46.08,-0.71
12065,57.1,51.65,51.92,47.34,39.91,5.81,-28.55
12067,65.0,60.36,57.49,50.12,42.32,16.63,-9.46
12069,87.1,82.6,82.35,75.27,65.33,47.69,29.33
12071,68.8,65.35,66.3,61.66,55.04,41.69,27.67
12073,71.9,68.6,71.33,66.04,57.01,59.07,61.38
12075,118.9,103.93,102.86,98.33,86.33,37.14,-13.37
12077,44.9,40.04,40.29,39.06,33.26,4.76,-24.57
12079,82.6,80.36,81.21,75.84,71.75,46.14,21.65
12081,82.3,77.29,76.19,70.86,62.48,41.28,20.86
12083,89.6,89.5,90.68,85.48,73.4,55.27,36.25
12085,75.8,73.92,74.57,71.17,64.78,61.82,57.82
12086,34.4,31.99,30.54,27.98,23.98,23.86,22.15
12087,83.1,79.8,79.89,74.74,64.99,37.23,8.88
12089,118.8,111.38,110.5,103.55,86.68,34.09,-18.5
12091,92.1,87.03,85.39,77.82,65.95,46.22,23.95
12093,122.1,116.09,102.32,95.47,86.49,59.24,31.22
12095,50.8,45.98,45.29,41.24,35.76,38.48,39.99
12097,60.1,56.25,53.21,46.6,39.74,21.8,3.35
12099,63.3,59.95,59.31,54.09,48.3,43.28,36.9
12101,90.7,85.37,86.51,80.98,71.2,63.84,56.36
12103,88.9,83.6,82.39,74.83,67.13,64.72,63.21
12105,74.7,69.78,72.6,68.02,58.96,37.79,16.53
12107,126.7,114.15,110.29,102.29,87.72,36.99,-15.15
12109,66.8,64.06,64.94,60.76,51.08,34.22,16.65
12111,72.9,68.13,65.64,61.66,54.7,31.94,8.39
12113,111.7,99.49,97.35,90.43,77.32,50.16,19.75
12115,85.1,80.3,79.13,73.43,65.73,55.73,47.29
12117,59.3,53.56,55.69,52.62,45.81,39.94,33.05
12119,71.8,72.7,72.67,69.14,64.98,17.04,-31.37
12121,92.9,88.78,85.81,80.25,72.33,17.54,-38.6
12123,121.8,112.59,113.66,112.7,103.43,51.5,-1.09
12125,67.7,61.02,55.06,51.96,45.98,17.79,-12.52
12127,86.9,81.15,81.88,73.87,64.38,50.35,35.39
12129,89.6,84.58,83.76,78.52,67.87,13.65,-40.96
12131,97.9,84.29,88.41,84.31,74.7,33.64,-8.2
12133,184.1,144.03,126.13,121.12,109.16,41.14,-29.07
13001,129.7,129.35,123.83,115.87,104.0,64.25,26.0
13003,71.3,77.27,69.88,66.71,56.58,61.42,66.98
13005,145.7,150.68,156.7,169.03,171.12,153.38,136.71
13007,0.0,-0.34,-0.32,-0.57,-0.63,25.36,51.92
13009,113.0,103.53,98.73,90.19,81.21,45.88,9.59
13011,51.1,47.3,42.62,31.95,37.78,6.23,-25.91
13013,92.3,87.89,85.07,76.23,68.26,58.98,48.86
13015,112.1,104.69,102.85,98.57,87.47,62.25,35.66
13017,199.0,205.89,199.74,183.23,164.61,85.48,6.98
13019,61.8,57.65,57.76,52.81,47.2,20.45,-5.74
13021,145.4,139.29,131.71,121.39,108.43,128.37,147.03
13023,147.0,143.6,132.36,124.17,110.86,38.55,-34.28
13025,71.4,65.28,55.86,50.33,46.65,10.38,-24.67
13027,73.6,86.39,90.76,87.86,87.25,94.17,101.43
13029,93.7,89.05,90.22,82.14,69.39,37.96,8.12
13031,93.9,95.82,85.68,78.29,68.07,80.43,93.74
13033,93.0,88.1,84.23,76.17,66.16,41.22,16.25
13035,103.5,104.33,100.44,91.82,69.76,41.66,13.16
13037,2.0,0.28,1.45,0.8,-0.8,11.67,24.14
13039,82.2,74.45,73.91,66.14,54.17,36.93,21.21
13043,151.1,159.52,168.34,157.49,135.78,79.91,26.5
13045,126.1,119.92,116.39,109.76,99.98,80.95,61.2
13047,148.9,126.5,116.95,104.92,92.08,44.83,-2.43
13049,101.1,99.53,103.55,95.91,86.98,54.5,22.49
13051,91.7,87.78,85.1,77.29,68.82,76.14,84.51
13053,0.0,-0.62,-0.31,-0.64,-0.75,-1.47,-4.9
13055,150.2,132.75,131.31,120.74,106.6,33.09,-40.3
13057,71.3,67.82,69.59,63.98,56.34,53.36,49.39
13059,104.7,98.64,96.94,90.78,81.47,126.25,170.72
13061,67.7,55.82,48.92,43.02,32.75,78.16,121.89
13063,51.6,47.99,44.9,39.0,33.85,27.95,21.43
13065,144.8,152.99,152.34,146.07,132.68,66.96,1.37
13067,65.0,61.44,61.36,54.72,47.21,45.18,42.3
13069,173.1,167.58,172.83,175.44,156.5,161.83,167.94
13071,87.7,86.33,85.83,85.07,80.03,84.86,89.91
13073,88.6,84.64,81.15,71.96,62.31,66.52,71.25
13075,110.4,104.82,106.23,105.16,98.04,49.35,1.38
13077,80.3,81.0,81.4,75.86,68.39,52.14,35.02
13079,0.6,0.35,1.77,0.72,4.74,38.43,70.2
13081,180.4,178.86,174.63,169.83,161.21,95.9,29.91
13083,112.0,85.42,76.08,62.43,51.17,13.39,-23.87
13085,162.6,150.41,137.22,141.36,131.11,47.11,-37.91
13087,134.2,125.47,122.48,120.38,109.2,74.31,39.05
13089,48.6,45.96,45.23,40.22,35.34,46.69,57.27
13091,107.2,97.5,93.1,92.29,74.06,30.5,-12.17
13093,0.5,0.39,0.15,0.46,-0.48,-2.41,-5.19
13095,129.6,125.97,119.84,106.63,91.7,110.67,130.45
13097,101.7,97.15,94.66,85.55,75.66,47.82,19.72
13099,126.0,119.32,118.17,113.97,108.38,72.93,35.71
13101,0.0,-0.26,0.77,-0.52,-0.24,-2.58,-5.63
13103,86.5,86.37,80.24,72.05,62.11,23.13,-15.69
13105,152.1,144.49,146.24,139.07,130.56,62.75,-4.27
13107,107.8,110.08,113.4,108.02,95.55,60.55,26.05
13109,145.3,135.65,123.1,115.62,92.87,38.54,-13.21
13111,160.8,162.36,154.87,136.78,122.52,87.1,52.17
13113,87.8,87.82,91.11,81.86,74.53,75.78,76.92
13115,163.8,159.14,153.42,136.02,121.99,152.0,180.91
13117,57.6,52.83,50.93,47.35,41.05,27.55,12.54
13119,141.9,128.24,122.92,112.84,111.5,44.31,-22.52
13121,52.3,49.1,49.09,43.94,38.28,68.06,96.95
13123,145.4,139.41,135.09,119.26,112.26,53.54,-5.62
13125,0.0,-0.19,-0.48,-0.96,-1.3,-2.58,-3.55
13127,105.5,103.78,104.4,94.23,78.32,76.25,76.54
13129,130.5,120.16,117.77,106.42,95.56,65.77,35.68
13131,74.2,74.32,78.44,77.29,66.86,35.87,4.59
13133,140.6,130.12,140.69,130.07,106.07,57.66,9.93
13135,49.4,47.05,47.24,43.15,37.88,31.32,22.92
13137,118.3,108.39,102.41,100.21,88.14,28.38,-32.39
13139,98.9,96.56,94.62,87.83,78.03,76.14,73.51
13141,53.8,54.42,53.67,45.91,37.76,11.48,-14.72
13143,203.6,204.18,194.26,180.93,159.34,50.86,-58.01
13145,8.4,8.21,7.77,5.37,5.03,4.08,2.04
13147,109.0,104.16,103.21,101.36,91.1,34.79,-20.94
13149,1.2,-0.03,0.34,0.01,-0.86,-1.81,-4.02
13151,85.8,82.11,78.65,70.71,62.98,47.71,32.48
13153,104.9,99.55,94.09,86.91,77.17,58.29,38.06
13155,82.2,63.95,57.56,54.41,57.4,35.18,14.01
13157,119.2,109.91,115.42,108.21,97.97,52.09,6.49
13159,64.9,60.95,58.71,56.88,47.18,21.45,-4.46
13161,110.8,104.23,92.86,85.03,72.95,34.31,-3.12
13163,128.0,128.65,125.03,113.99,92.45,47.47,2.72
13165,38.0,38.05,31.96,26.91,16.92,24.69,33.08
13167,45.3,42.28,34.35,4.98,-0.84,14.25,30.11
13169,55.5,53.57,53.38,50.74,45.09,27.84,10.19
13171,77.9,72.22,75.0,65.75,66.03,23.14,-20.28
13173,3.3,14.98,73.32,69.49,66.06,29.66,-5.97
13175,144.7,132.71,123.33,115.13,101.07,101.11,102.18
13177,53.4,54.68,52.34,45.97,39.41,31.76,24.77
13179,60.0,57.97,55.29,52.19,46.3,38.83,32.71
13181,6.8,2.77,24.05,33.89,29.66,43.53,58.08
13183,0.3,0.01,-0.42,-0.34,-1.17,-0.64,0.99
13185,103.8,93.26,94.51,86.78,83.72,77.97,72.07
13187,84.7,79.04,82.01,73.83,66.56,19.88,-27.25
13189,178.6,172.61,164.26,143.69,120.6,76.83,33.71
13191,74.7,71.68,74.9,65.76,45.89,8.51,-26.54
13193,71.7,74.75,68.88,68.11,68.36,33.99,-1.72
13195,128.0,116.38,104.78,92.68,78.24,11.67,-54.46
13197,20.9,20.88,19.77,17.52,16.45,2.53,-12.06
13199,77.9,76.69,82.22,76.7,72.0,40.15,7.55
13201,128.1,116.06,108.98,100.66,90.55,75.99,61.03
13205,108.8,106.93,100.95,93.79,90.35,51.45,13.25
13207,69.7,66.04,67.54,66.05,59.54,27.06,-6.37
13209,37.3,27.83,35.4,43.97,30.63,12.53,-3.51
13211,86.9,83.47,79.89,76.42,62.12,42.22,21.82
13213,113.9,101.22,97.8,87.38,76.6,33.43,-9.42
13215,99.6,89.54,90.26,87.06,76.62,101.22,124.13
13217,88.8,81.93,81.62,75.63,66.09,37.42,7.75
13219,61.5,63.32,63.13,59.58,54.83,44.28,32.83
13221,48.4,42.18,40.14,36.39,32.25,4.15,-23.51
13223,63.0,59.99,58.5,52.7,45.85,24.66,3.0
13225,87.9,82.92,87.8,80.47,72.47,49.09,23.85
13227,132.9,127.4,122.04,112.09,102.04,34.76,-33.18
13229,65.8,70.74,65.64,62.47,54.95,38.4,22.94
13231,19.3,13.87,12.54,10.17,9.34,1.02,-8.21
13233,191.7,172.35,166.63,152.6,138.44,36.35,-65.6
13235,99.9,96.47,88.97,89.43,82.35,34.71,-13.58
13237,76.3,72.54,68.42,62.28,53.23,16.93,-19.57
13239,0.0,-1.1,-0.66,-0.59,-0.8,-1.94,-5.61
13241,157.6,146.99,134.57,145.28,143.76,78.78,12.9
13243,180.0,156.9,140.16,128.03,110.72,38.3,-34.85
13245,102.0,93.49,87.13,76.78,64.48,98.13,131.85
13247,79.6,79.73,79.17,73.89,67.25,52.8,37.6
13249,1.3,19.53,5.3,2.2,-0.07,10.45,20.65
13251,43.6,43.64,56.57,62.6,58.9,25.67,-7.27
13253,206.3,195.73,179.97,171.74,155.83,130.3,104.68
13255,147.8,144.16,137.44,121.99,110.19,96.38,82.66
13257,179.7,167.88,163.35,156.52,146.81,70.45,-6.68
13259,64.0,61.4,62.1,53.14,52.08,25.59,-2.18
13261,112.3,102.74,104.97,106.21,99.99,73.18,46.42
13263,0.0,-0.31,0.47,0.28,-0.38,0.62,-0.16
13265,0.0,-0.52,-0.08,-0.99,-1.29,-3.3,-4.35
13267,54.8,55.7,53.5,51.55,65.81,37.71,11.23
13269,44.9,42.47,70.06,89.34,77.18,8.98,-59.88
13271,59.5,50.89,57.17,62.77,60.24,10.46,-38.32
13273,41.1,48.31,50.87,47.21,31.57,6.53,-18.03
13275,103.6,101.06,107.05,104.17,97.65,123.29,149.68
13277,146.2,144.74,148.34,135.51,125.65,170.39,216.29
13279,186.4,158.95,154.08,137.44,111.76,57.65,5.72
13281,120.4,117.43,110.15,94.16,82.24,41.3,-0.29
13283,39.6,61.77,75.11,74.3,59.61,5.28,-48.0
13285,113.2,101.97,99.12,94.14,87.2,76.04,63.28
13287,85.5,93.18,84.85,91.25,84.16,41.51,-0.5
13289,1.6,0.47,0.76,-0.19,-1.06,-1.41,-2.22
13291,163.9,146.1,130.19,108.5,95.39,79.03,63.0
13293,148.5,138.41,138.94,142.29,135.91,88.09,39.89
13295,54.5,53.35,53.66,47.79,41.22,15.59,-9.68
13297,113.4,114.41,111.23,100.85,87.38,28.72,-30.78
13299,211.6,206.92,219.61,213.84,195.92,160.79,126.36
13301,1.3,0.74,-0.01,-0.89,-1.14,4.13,9.88
13303,112.1,104.0,95.98,85.02,70.53,31.87,-6.77
13305,148.0,151.7,144.37,139.55,117.26,104.2,91.58
13307,7.8,47.22,58.41,60.38,61.28,4.72,-52.13
13309,41.7,43.15,34.55,6.32,8.72,-3.03,-13.36
13311,95.6,91.93,99.52,91.87,83.52,22.47,-39.89
13313,102.6,96.18,93.23,86.75,75.73,82.66,90.38
13315,3.5,2.23,2.92,2.69,-0.76,-3.12,-5.84
13317,157.0,148.86,139.62,122.66,109.88,58.03,7.08
13319,92.6,89.69,91.4,81.64,73.78,50.51,26.89
13321,97.7,96.44,95.05,83.4,78.45,35.64,-6.24
15001,82.2,72.25,66.46,60.06,53.64,40.42,27.53
15003,38.0,35.58,33.61,30.62,26.9,27.41,29.15
15005,0.0,-0.01,-0.04,-0.1,-0.17,-0.21,1.79
15007,66.1,57.8,55.12,49.55,40.11,32.13,23.97
15009,57.8,58.3,56.8,51.89,44.67,34.41,27.03
16001,81.5,76.1,72.15,64.28,54.13,58.29,61.0
16003,0.0,-0.51,-0.6,-0.84,-0.88,11.72,25.0
16005,111.3,106.74,101.54,93.58,82.68,81.35,80.68
16007,112.9,111.15,112.92,104.58,97.51,68.05,38.69
16009,99.8,98.53,90.31,81.59,72.11,49.37,25.0
16011,77.4,72.68,66.87,61.57,56.41,58.06,59.94
16013,40.1,40.32,45.72,43.51,37.04,23.9,10.95
16015,0.0,-0.35,-0.02,-0.42,-0.53,7.88,14.97
16017,84.9,72.92,65.03,59.96,53.23,42.15,29.8
16019,100.8,97.8,92.49,83.77,75.94,74.78,75.07
16021,126.1,110.89,100.04,98.09,86.26,41.0,-5.26
16023,82.8,104.36,99.47,84.25,75.19,75.91,76.89
16025,0.0,-0.04,0.4,0.01,-0.18,-0.75,-1.29
16027,85.3,78.78,76.12,69.17,59.08,29.31,-1.69
16029,116.0,110.58,107.07,101.41,97.24,91.12,86.12
16031,124.2,111.85,103.16,92.95,82.99,55.27,28.14
16033,0.0,0.07,-0.03,-0.32,-0.21,-0.51,-0.16
16035,93.1,51.62,59.57,85.87,75.92,17.59,-41.83
16037,39.6,21.66,24.3,25.9,20.48,7.68,-4.22
16039,71.3,71.25,69.3,64.73,57.0,27.04,-2.15
16041,87.8,85.93,76.2,69.78,63.34,54.23,45.0
16043,46.9,45.06,43.29,32.28,28.8,16.98,6.6
16045,113.1,105.62,108.56,101.0,91.39,30.15,-32.3
16047,43.4,43.0,58.62,51.15,44.7,27.18,9.71
16049,68.2,67.14,53.03,45.8,38.15,25.84,12.06
16051,39.4,37.76,37.12,35.12,32.87,18.47,4.85
16053,75.8,77.18,71.5,63.59,57.03,26.54,-3.81
16055,107.0,101.23,94.97,87.11,76.84,61.81,45.45
16057,69.2,64.08,61.35,54.96,49.63,28.07,6.2
16059,89.4,117.79,99.57,90.76,84.38,33.14,-16.76
16061,198.1,136.2,18.43,8.72,0.38,14.57,27.34
16063,0.0,0.13,0.15,12.49,17.52,10.96,4.14
16065,59.4,55.24,52.0,49.57,44.26,29.91,16.64
16067,36.2,33.05,29.86,28.22,25.72,19.38,12.7
16069,130.6,123.69,126.41,109.92,106.43,131.06,155.28
16071,121.0,106.74,103.58,96.9,87.73,69.51,51.83
16073,21.0,22.19,12.35,28.74,26.66,8.27,-11.2
16075,43.6,44.16,46.81,42.75,40.16,49.87,57.83
16077,83.3,77.02,71.66,63.75,56.16,39.88,24.66
16079,132.3,114.95,106.81,97.59,77.63,33.4,-11.84
16081,73.4,63.15,57.64,50.72,46.78,25.23,4.74
16083,116.0,107.9,100.27,91.79,83.89,87.72,91.69
16085,110.9,106.16,96.48,84.58,69.83,25.24,-19.23
16087,141.1,118.48,113.7,101.03,83.82,47.09,9.52
17001,151.1,142.34,134.21,120.21,98.37,93.86,89.74
17003,48.7,47.19,9.49,-0.11,-1.39,50.01,101.83
17005,69.0,61.21,55.74,47.11,41.61,25.14,9.21
17007,55.3,53.21,50.67,47.13,40.25,28.71,17.46
17009,5.6,1.83,2.23,1.55,1.08,32.3,64.29
17011,32.5,32.59,31.0,30.7,26.69,48.83,70.81
17013,5.6,2.27,2.16,1.69,-0.4,5.38,11.08
17015,24.7,29.23,35.31,36.76,29.97,18.66,5.92
17017,34.5,29.82,25.08,21.65,18.17,9.79,1.44
17019,72.0,70.24,66.15,58.93,51.58,49.34,46.89
17021,101.8,96.0,87.27,75.0,63.12,27.02,-8.07
17023,52.9,30.92,26.36,23.53,47.74,39.67,32.93
17025,91.7,81.01,76.03,65.4,55.35,21.1,-11.64
17027,39.4,37.18,34.32,32.14,25.88,13.78,3.03
17029,115.7,109.55,100.81,90.91,77.41,63.31,49.52
17031,45.2,42.88,41.28,36.85,32.28,38.75,45.15
17033,40.3,34.34,31.66,28.69,21.38,7.13,-6.7
17035,2.6,1.08,0.29,0.04,-0.49,14.64,30.12
17037,61.1,57.34,57.52,53.79,48.68,29.92,12.24
17039,93.8,86.47,84.99,77.21,63.72,27.25,-9.43
17041,19.5,17.4,30.67,28.97,25.26,16.46,7.77
17043,51.3,48.44,46.65,42.36,37.95,44.68,52.2
17045,147.4,120.32,106.46,87.97,67.73,35.95,4.34
17047,99.6,97.88,95.96,83.07,69.78,45.58,22.03
17049,93.3,72.05,71.07,66.15,54.8,63.54,72.54
17051,75.8,66.27,61.58,55.51,48.12,22.84,-1.99
17053,6.1,5.28,3.44,3.39,-0.35,15.96,32.77
17055,137.2,126.62,136.69,113.84,105.73,44.1,-15.03
17057,81.4,77.46,69.4,69.38,69.11,48.4,27.78
17059,0.0,-0.8,-0.36,-0.65,25.71,29.22,34.0
17061,6.9,4.36,2.91,2.13,-0.07,38.01,76.71
17063,85.5,82.66,90.8,83.31,73.75,48.48,23.0
17065,28.9,4.62,2.9,1.33,-1.07,5.65,14.97
17067,36.8,32.21,27.0,19.8,16.24,28.97,40.66
17069,223.3,240.75,239.41,210.92,205.66,187.45,169.4
17071,4.2,1.88,-0.08,-1.0,-1.04,2.66,4.39
17073,68.6,64.44,61.56,56.47,49.12,28.71,8.97
17075,69.1,65.64,58.09,56.09,47.73,39.37,30.54
17077,112.0,106.03,103.79,91.12,77.76,102.03,128.23
17079,46.1,41.4,41.93,38.67,34.33,22.09,11.03
17081,128.1,116.87,113.47,104.3,89.94,94.16,100.92
17083,109.2,107.74,116.97,109.94,100.72,79.5,58.29
17085,47.7,42.08,38.34,37.18,18.94,24.14,27.22
17087,32.6,31.43,30.05,25.48,22.68,8.86,-4.18
17089,46.0,42.76,41.46,37.61,33.49,22.87,13.22
17091,86.0,81.46,81.74,76.51,66.71,56.42,44.85
17093,59.5,55.49,52.47,48.79,42.02,12.74,-15.65
17095,115.8,112.0,107.23,97.54,85.51,68.75,52.22
17097,57.5,54.43,51.98,47.54,42.2,38.07,34.51
17099,91.9,88.65,84.95,78.18,70.74,30.32,-10.34
17101,103.9,93.33,87.0,82.6,74.28,46.99,19.57
17103,68.8,63.3,63.01,59.08,58.49,27.54,-4.95
17105,80.7,73.99,71.51,74.12,63.84,44.49,25.4
17107,90.5,86.46,80.47,70.11,61.54,29.21,-3.87
17109,84.8,82.79,80.84,79.05,68.11,48.34,28.97
17111,72.7,65.81,63.04,58.07,52.21,30.11,8.17
17113,64.2,61.1,57.51,52.49,46.2,53.98,61.91
17115,107.8,102.31,98.21,86.68,76.29,72.48,69.74
17117,37.7,37.51,39.2,34.07,29.59,21.0,12.9
17119,116.5,111.08,106.56,97.76,86.11,59.73,33.17
17121,137.3,139.46,128.49,119.52,107.44,59.57,13.86
17123,46.7,49.73,55.13,50.35,41.33,31.29,22.09
17125,65.6,64.91,60.81,55.94,43.19,23.39,2.98
17127,141.3,160.95,150.85,138.89,130.48,83.93,37.82
17129,2.4,1.54,12.01,23.42,19.68,1.84,-16.49
17131,41.1,37.5,34.95,18.48,15.11,18.94,22.0
17133,81.4,76.37,72.14,70.69,65.21,25.31,-14.17
17135,127.7,118.25,121.89,108.45,95.92,49.42,2.62
17137,125.6,125.21,127.13,114.72,97.96,65.32,32.96
17139,42.1,41.85,39.39,31.4,27.48,8.21,-9.86
17141,29.3,26.39,24.1,22.76,19.63,12.86,4.84
17143,87.6,85.18,79.4,70.56,60.54,98.82,136.71
17145,103.9,96.13,54.11,47.62,40.61,58.68,79.19
17147,42.2,40.75,36.21,27.4,22.58,22.03,21.52
17149,32.6,27.81,26.8,25.54,37.18,37.64,39.51
17151,49.4,48.83,48.77,37.77,7.89,24.0,40.35
17153,70.6,68.78,79.77,67.34,55.69,5.67,-44.34
17155,22.0,29.31,27.32,24.4,23.67,35.81,47.56
17157,75.1,71.84,68.35,63.93,52.07,42.1,33.15
17159,101.5,96.91,88.91,82.13,75.8,43.36,11.92
17161,88.2,84.38,83.63,75.73,66.43,52.08,37.81
17163,79.5,78.68,76.84,69.32,59.99,59.15,58.86
17165,246.9,216.05,217.21,203.18,179.38,130.85,83.53
17167,111.1,106.13,99.13,86.36,74.09,89.6,105.61
17169,47.9,7.63,2.8,1.38,28.3,30.46,33.1
17171,0.0,0.03,0.06,-0.5,-0.42,3.93,8.25
17173,37.5,33.38,32.69,30.4,28.56,17.87,7.38
17175,0.0,-0.05,-0.19,-0.45,-0.58,1.49,3.89
17177,90.7,86.95,83.13,74.5,68.29,51.37,32.11
17179,99.8,94.75,90.91,83.62,73.03,37.79,3.18
17181,162.9,163.25,159.38,142.45,120.64,81.48,43.79
17183,107.1,100.29,94.05,85.06,72.16,53.85,34.44
17185,123.2,115.75,112.13,91.2,69.68,34.08,-1.3
17187,71.1,72.27,75.97,69.17,60.94,33.41,5.5
17189,18.2,25.04,30.67,30.73,27.9,29.76,33.82
17191,85.3,80.82,79.66,74.35,64.13,58.82,54.4
17193,117.1,119.18,113.58,101.05,77.84,33.24,-10.9
17195,70.3,69.19,64.54,56.2,47.77,37.5,26.29
17197,58.4,55.49,54.14,50.27,44.63,33.21,21.43
17199,153.8,149.34,151.89,135.79,121.72,92.73,65.71
17201,102.5,97.03,94.39,87.1,77.79,72.33,66.32
17203,20.8,24.59,28.46,27.19,23.57,32.58,42.08
18001,67.7,65.48,63.46,57.14,50.63,30.19,10.35
18003,85.8,82.0,75.94,67.05,58.32,79.49,101.16
18005,113.1,101.4,93.66,82.88,72.07,51.9,31.99
18007,25.1,21.17,20.58,20.57,16.73,8.99,-0.55
18009,101.0,89.38,83.09,73.05,68.68,29.58,-9.63
18011,79.2,72.94,66.78,58.54,51.49,45.04,39.14
18013,42.4,39.26,38.96,33.12,28.95,17.18,5.54
18015,34.9,32.33,30.13,23.39,18.68,3.66,-12.93
18017,77.5,75.68,70.27,61.93,56.34,21.64,-13.6
18019,130.4,116.16,105.28,92.41,84.27,76.86,69.22
18021,112.8,104.38,95.04,85.28,72.07,25.35,-21.32
18023,98.0,80.63,70.52,64.95,51.37,22.11,-7.57
18025,62.3,53.4,51.36,47.11,39.76,9.56,-21.34
18027,101.5,88.58,81.34,73.15,64.36,38.71,13.55
18029,101.2,94.02,89.29,83.08,77.8,86.7,95.71
18031,96.6,86.61,73.59,61.02,51.81,36.96,23.55
18033,81.0,77.95,69.36,57.98,50.12,21.21,-8.13
18035,129.0,104.64,99.2,91.1,81.07,83.63,87.03
18037,118.1,107.12,102.93,95.38,84.28,56.91,29.71
18039,84.7,78.24,73.12,62.72,51.44,43.16,34.69
18041,160.0,142.36,117.39,107.09,97.07,39.9,-15.82
18043,152.6,138.81,131.68,118.47,105.45,120.42,135.41
18045,121.8,112.93,116.32,103.16,84.79,25.62,-34.3
18047,57.8,54.72,49.82,43.62,37.95,28.03,19.68
18049,98.8,94.34,94.22,91.88,82.23,33.17,-16.56
18051,114.5,101.12,93.53,86.14,78.45,40.57,3.37
18053,124.9,112.32,104.42,93.48,82.52,38.06,-7.36
18055,98.9,96.72,93.66,79.43,65.03,35.2,5.67
18057,55.7,52.46,50.36,46.82,41.74,42.29,43.72
18059,80.0,77.74,76.39,68.47,61.67,35.98,11.26
18061,106.2,93.8,91.41,88.06,80.14,53.54,26.41
18063,82.7,78.02,72.82,65.36,58.45,44.88,32.03
18065,106.5,104.03,97.07,89.82,82.3,41.58,1.3
18067,137.3,127.89,122.73,114.98,102.89,69.39,35.36
18069,97.5,86.41,78.87,71.28,63.21,17.25,-28.86
18071,109.7,100.0,89.86,76.02,60.18,58.95,57.72
18073,132.6,125.21,122.74,117.08,103.13,61.37,18.33
18075,114.8,104.19,90.17,82.8,73.12,29.55,-14.05
18077,131.7,122.92,114.02,100.64,89.94,67.14,44.3
18079,122.9,107.97,98.2,88.29,75.78,26.43,-22.71
18081,99.8,91.47,84.26,77.17,68.19,64.85,62.39
18083,147.7,132.94,129.48,119.35,100.17,110.47,120.62
18085,83.9,79.81,74.17,65.31,54.75,20.5,-13.68
18087,26.9,24.02,22.55,19.98,16.13,7.97,-0.69
18089,89.2,82.45,82.5,76.59,66.96,68.51,68.91
18091,119.1,110.24,105.77,91.72,78.82,65.95,51.8
18093,152.1,141.31,132.84,121.36,105.26,43.5,-18.76
18095,126.0,116.5,110.36,100.65,87.64,63.07,38.42
18097,84.7,77.93,72.54,65.76,56.94,70.9,86.48
18099,98.4,94.14,89.33,81.03,68.73,28.23,-12.61
18101,125.1,113.37,108.56,93.71,80.13,41.88,3.61
18103,75.1,71.74,67.29,59.38,51.99,25.38,-1.69
18105,80.7,76.0,71.55,64.57,55.41,63.36,71.0
18107,105.5,101.47,98.5,93.69,77.7,27.64,-22.38
18109,133.7,121.92,111.45,102.91,90.94,48.68,6.96
18111,28.0,25.94,25.62,21.57,17.19,0.86,-16.46
18113,89.2,81.26,76.83,69.07,60.79,20.14,-19.8
18115,0.0,1.19,3.46,3.06,-0.27,45.9,91.79
18117,132.0,117.31,106.21,90.63,75.94,30.1,-15.73
18119,80.8,78.92,74.53,69.0,62.19,24.35,-13.63
18121,51.0,47.12,41.27,33.9,33.84,29.51,24.68
18123,118.8,108.43,105.93,94.98,79.76,26.57,-27.33
18125,89.0,88.96,93.59,83.76,70.88,42.83,15.13
18127,100.8,95.91,90.27,85.21,76.67,54.9,32.13
18129,57.5,57.09,55.33,51.35,51.18,50.23,49.82
18131,78.0,62.34,70.47,58.3,46.66,34.97,21.38
18133,91.9,84.69,78.69,57.28,48.64,24.36,0.35
18135,101.5,85.06,77.08,69.73,60.75,54.9,48.77
18137,107.0,104.53,106.83,100.59,90.94,42.66,-4.4
18139,98.4,88.88,78.93,70.25,56.49,28.39,2.06
18141,90.6,85.68,81.09,72.16,60.24,66.72,72.85
18143,199.3,169.53,149.86,130.52,114.9,133.17,151.12
18145,95.5,83.67,78.03,70.86,60.1,35.12,11.12
18147,76.2,46.48,39.88,31.91,26.24,17.71,8.65
18149,125.7,118.03,115.24,105.12,91.21,53.93,15.8
18151,92.1,87.86,82.18,74.71,65.42,32.97,0.01
18153,123.0,109.54,98.43,82.41,66.35,51.03,35.8
18155,51.3,48.11,45.27,39.43,35.44,11.66,-12.4
18157,83.7,78.14,71.71,64.59,52.24,59.4,65.35
18159,67.6,61.58,58.72,48.73,39.93,25.38,11.13
18161,61.6,64.32,55.86,44.83,42.68,17.84,-5.53
18163,152.5,140.24,137.73,126.28,111.73,143.22,174.91
18165,104.3,95.94,91.83,83.14,69.41,29.26,-10.95
18167,116.9,110.47,103.65,95.66,78.59,85.14,92.08
18169,105.2,98.15,93.99,86.59,73.61,25.14,-23.85
18171,0.0,-0.62,-0.08,-0.74,-1.33,1.11,2.09
18173,89.6,84.3,83.0,77.14,67.5,65.45,63.41
18175,95.7,91.45,74.72,71.93,68.04,43.52,17.92
18177,123.0,114.58,101.95,90.73,81.93,78.95,77.21
18179,79.7,79.12,75.28,68.03,60.77,43.28,26.1
18181,96.4,89.55,83.56,74.13,65.26,16.6,-33.32
18183,110.3,104.11,94.08,79.7,69.84,22.94,-23.07
19001,52.8,54.77,51.61,44.1,37.3,15.78,-7.45
19003,7.1,9.02,12.29,61.94,53.76,18.51,-18.38
19005,50.5,47.97,44.59,40.6,26.96,28.47,26.59
19007,138.2,132.93,119.29,106.7,90.9,50.14,6.98
19009,51.3,52.23,47.45,53.96,65.81,40.48,14.12
19011,15.1,15.14,12.96,10.71,7.68,11.23,13.33
19013,85.3,79.74,73.86,64.51,59.16,59.55,58.4
19015,66.1,60.99,60.83,56.7,47.95,26.8,4.15
19017,50.6,46.7,47.93,43.18,37.58,26.12,12.71
19019,43.7,39.0,37.54,34.36,28.95,16.19,1.27
19021,44.0,49.06,42.51,37.5,32.19,21.39,10.79
19023,18.5,17.42,16.98,16.25,15.53,13.34,9.17
19025,55.4,62.23,67.28,66.07,61.3,53.85,45.45
19027,118.3,108.33,99.8,91.46,75.13,48.57,21.16
19029,112.2,106.91,100.58,91.7,80.51,49.62,16.56
19031,23.7,22.59,19.68,17.07,15.24,18.49,19.27
19033,112.7,106.6,98.15,82.86,66.72,73.05,77.96
19035,57.7,58.02,44.45,38.52,31.46,21.39,12.24
19037,29.8,35.16,27.1,21.91,18.43,5.5,-9.18
19039,103.1,92.03,87.54,95.01,80.23,30.14,-22.55
19041,113.2,118.28,105.7,99.63,89.91,68.93,47.57
19043,38.3,35.47,28.61,22.15,14.4,10.77,4.84
19045,87.8,86.16,79.49,71.79,63.6,44.74,24.49
19047,69.1,68.31,64.13,58.41,49.64,28.13,6.41
19049,15.9,15.69,17.09,19.33,19.36,10.4,-0.78
19051,61.9,67.07,59.31,52.31,36.7,29.76,20.52
19053,33.7,45.39,44.9,52.77,53.37,51.44,48.62
19055,54.3,49.84,46.53,41.62,38.82,26.69,12.08
19057,111.9,106.9,96.57,85.57,76.01,58.5,39.17
19059,82.4,84.79,78.48,75.64,64.98,34.13,1.81
19061,66.9,67.6,61.41,54.37,49.88,40.26,29.45
19063,66.5,70.25,62.97,51.99,45.59,26.69,7.41
19065,86.5,69.12,64.85,60.25,53.82,25.02,-6.65
19067,113.2,101.84,86.21,54.62,48.44,37.59,24.5
19069,29.3,15.84,7.96,0.9,-0.24,5.47,10.23
19071,71.0,73.49,72.08,38.44,32.9,23.87,15.85
19073,107.9,96.86,92.9,86.72,71.92,42.78,11.75
19075,2.2,14.46,30.24,34.41,34.85,35.78,35.15
19077,16.7,7.21,2.73,8.51,34.1,29.2,23.11
19079,71.0,70.99,65.24,55.54,50.28,45.82,40.85
19081,0.1,0.13,-0.15,-0.58,-0.68,27.75,55.6
19083,69.6,59.28,56.14,52.83,57.16,36.76,15.47
19085,72.6,72.54,69.46,60.14,47.31,37.97,28.33
19087,77.5,73.68,68.61,63.98,55.2,31.59,7.09
19089,42.1,36.97,30.98,28.23,23.92,10.95,-4.7
19091,67.9,66.55,61.63,51.75,46.76,22.97,-1.92
19093,54.3,32.76,55.38,63.82,62.47,34.65,7.15
19095,25.5,27.44,34.92,33.57,28.18,25.48,21.23
19097,40.8,39.98,35.95,32.24,27.7,14.83,0.54
19099,71.6,69.73,69.91,60.43,51.18,37.22,22.53
19101,96.5,96.38,91.49,83.65,73.53,49.03,22.47
19103,40.0,35.86,32.43,28.47,24.69,64.43,102.42
19105,33.6,42.0,45.92,39.32,26.42,19.15,10.77
19107,0.0,-0.15,-0.31,-0.44,-0.81,2.45,4.12
19109,50.2,43.21,38.41,34.03,31.2,14.96,-1.32
19111,120.5,117.07,126.16,111.85,95.15,45.66,-4.85
19113,80.4,73.99,65.66,56.65,46.84,37.73,27.47
19115,29.8,28.97,27.39,18.75,19.05,10.37,0.37
19117,113.8,110.91,107.5,87.81,77.3,50.3,20.67
19119,27.5,29.33,26.36,24.13,22.09,21.56,21.19
19121,86.5,85.25,83.91,75.97,63.69,35.79,6.33
19123,83.9,74.23,67.81,69.48,60.85,40.77,19.06
19125,75.8,67.88,61.35,56.95,51.85,40.33,26.73
19127,92.1,82.2,77.93,67.84,57.76,32.0,4.98
19129,39.8,40.28,40.19,47.15,39.93,40.53,41.55
19131,31.5,26.52,26.03,23.85,24.04,19.55,13.57
19133,91.5,90.05,91.02,85.76,80.77,37.62,-4.46
19135,109.6,104.71,94.19,76.64,65.77,91.35,114.24
19137,79.7,84.81,83.54,83.13,99.48,44.59,-11.98
19139,73.3,66.39,59.0,55.22,49.1,37.27,23.6
19141,49.0,55.05,58.07,58.86,51.69,37.64,23.88
19143,38.2,4.73,32.24,33.04,28.7,11.84,-4.66
19145,124.5,118.29,113.75,101.35,89.23,52.98,17.0
19147,58.9,46.48,38.01,33.51,27.69,4.22,-18.34
19149,52.6,45.75,45.26,42.12,39.82,20.36,1.63
19151,59.8,63.44,62.81,57.36,48.04,21.14,-5.78
19153,94.0,89.31,82.81,70.92,59.53,63.1,63.62
19155,99.7,96.33,91.05,80.55,69.05,45.13,21.45
19157,59.5,58.22,54.65,50.65,44.43,38.19,30.73
19159,107.9,97.47,89.5,63.88,60.3,26.54,-9.36
19161,20.9,20.76,18.86,15.67,15.07,18.22,21.19
19163,83.2,78.21,73.61,64.89,55.42,56.73,57.27
19165,57.8,56.82,59.96,53.12,48.5,28.44,6.93
19167,31.7,28.54,31.75,23.23,21.21,21.11,21.65
19169,48.4,44.4,41.64,37.24,31.59,29.4,25.63
19171,20.8,29.67,30.99,27.13,26.5,23.77,18.66
19173,23.1,22.28,20.5,15.72,0.79,39.21,76.41
19175,148.2,145.83,127.57,117.85,104.79,59.57,11.29
19177,1.6,1.68,3.83,-0.01,21.58,39.31,54.85
19179,132.5,133.86,120.99,100.16,77.38,47.65,15.53
19181,45.6,43.02,40.34,38.2,40.66,20.4,-2.02
19183,49.3,47.27,45.59,42.34,39.19,27.43,13.3
19185,62.1,11.1,15.98,59.78,55.5,88.21,118.3
19187,104.1,95.53,90.62,75.79,65.54,55.17,44.15
19189,59.7,58.6,54.64,51.72,46.29,30.01,12.82
19191,54.3,47.81,46.92,43.84,38.21,28.26,14.75
19193,72.2,74.25,72.88,67.59,62.32,51.23,41.42
19195,1.2,0.66,0.26,-0.01,-0.66,0.85,1.12
19197,77.7,70.39,64.7,50.42,41.96,32.96,22.88
20001,175.0,158.06,99.39,122.33,131.56,90.17,49.24
20003,8.0,5.54,0.12,1.11,1.32,6.64,12.1
20005,115.8,108.21,104.54,97.5,85.21,52.06,19.31
20007,22.4,7.22,4.26,2.8,-0.33,36.67,75.75
20009,106.3,104.45,103.08,98.66,96.94,60.36,24.98
20011,117.6,104.45,115.11,105.76,89.5,70.38,52.51
20013,64.3,54.8,48.15,45.92,36.89,35.7,36.23
20015,110.2,104.69,97.03,89.09,90.1,67.47,45.65
20017,0.0,-0.37,0.14,-0.05,-0.24,15.66,32.22
20019,23.1,18.27,14.13,9.08,0.09,26.81,55.15
20021,77.6,70.6,44.12,36.29,30.68,36.11,43.29
20023,119.9,115.9,116.27,105.99,105.56,129.35,152.96
20025,9.7,6.38,1.28,0.87,-0.01,97.79,197.21
20027,78.6,13.35,78.98,78.49,76.7,60.72,45.35
20029,89.0,78.42,50.57,39.08,33.87,14.98,-2.44
20031,11.4,20.45,5.7,3.48,80.03,92.9,105.97
20033,2.1,2.77,1.58,0.7,-0.2,12.28,25.83
20035,99.8,92.43,94.58,90.44,86.03,60.75,37.02
20037,133.9,116.73,106.58,92.82,79.37,99.45,121.16
20039,114.8,92.46,82.77,81.94,63.77,27.45,-6.08
20041,2.4,0.64,1.89,1.34,-0.08,45.25,91.29
20043,0.0,-0.55,-0.55,-0.72,-0.89,0.91,2.41
20045,76.5,71.68,67.64,59.49,52.44,44.11,36.76
20047,3.0,30.33,63.73,63.22,70.1,59.01,49.95
20049,11.8,13.13,5.86,3.18,-0.46,2.54,7.41
20051,133.5,119.49,108.74,96.79,91.84,65.55,40.15
20053,88.5,78.95,71.07,69.68,72.57,55.1,38.5
20055,87.4,79.26,74.58,66.75,61.74,36.72,11.05
20057,91.8,85.45,84.11,74.52,68.87,78.56,89.28
20059,126.7,101.12,103.64,95.38,88.43,48.73,9.96
20061,75.0,69.18,64.18,57.46,57.62,48.02,38.72
20063,3.7,2.94,29.12,53.66,2.75,23.17,44.79
20065,176.5,159.95,145.33,126.18,7.46,13.31,20.85
20067,11.8,72.56,62.63,58.15,53.27,27.29,1.88
20069,21.2,20.83,22.86,19.24,15.37,21.39,27.86
20071,97.1,109.49,109.89,107.59,102.35,121.23,140.54
20073,6.4,5.29,2.13,1.06,0.27,16.71,34.56
20075,93.5,87.51,71.89,46.72,38.95,8.8,-20.17
20077,85.9,68.13,64.74,70.59,65.84,44.97,26.0
20079,102.7,94.9,85.54,80.49,76.7,64.22,53.02
20081,6.8,5.35,2.21,2.09,-0.03,21.47,42.76
20083,5.7,5.38,2.64,0.7,0.16,26.28,53.77
20085,55.6,50.89,48.23,45.14,39.1,22.06,6.29
20087,2.2,0.82,0.25,0.08,1.14,10.23,19.51
20089,1.6,-0.2,0.04,-0.09,-0.25,-1.03,-0.82
20091,73.7,69.8,66.95,59.79,53.89,58.85,63.12
20093,54.8,48.66,47.56,40.13,34.84,74.83,114.82
20095,0.0,-0.63,-0.36,-0.46,-0.65,30.45,63.08
20097,3.6,34.73,67.8,73.8,68.56,71.19,75.68
20099,118.8,108.79,105.2,99.94,92.89,66.52,41.75
20101,76.7,93.0,91.96,76.54,72.79,36.73,0.81
20103,52.8,48.5,44.37,39.61,34.75,29.95,26.46
20105,6.4,4.33,1.3,0.3,-0.01,3.44,8.33
20107,4.1,5.39,3.61,3.74,-0.42,10.49,21.89
20109,4.0,3.17,62.2,66.44,67.35,50.78,36.16
20111,74.3,73.75,76.11,71.84,63.3,45.39,27.58
20113,96.3,87.52,80.08,76.07,72.8,41.02,11.75
20115,35.3,10.63,27.55,30.08,26.67,11.17,-3.24
20117,41.0,35.8,33.39,31.22,24.8,33.17,43.11
20119,1.9,1.59,0.6,0.76,-0.01,21.9,45.66
20121,31.4,28.09,27.75,41.26,34.34,24.62,14.58
20123,91.4,88.19,95.75,92.17,87.39,75.33,64.57
20125,144.3,120.41,113.58,117.9,103.44,46.24,-9.56
20127,4.3,5.21,1.41,1.65,0.01,9.46,19.23
20129,198.5,170.3,139.51,120.33,105.95,112.5,119.55
20131,39.7,30.7,28.26,25.89,23.13,17.78,14.1
20133,47.2,40.24,36.8,45.48,83.71,77.9,73.28
20135,7.1,5.43,91.97,101.53,107.08,57.75,9.37
20137,121.2,107.0,102.08,85.06,80.08,54.81,31.52
20139,4.0,2.8,1.55,1.28,0.51,14.33,29.28
20141,185.3,164.43,165.5,152.63,147.3,93.33,40.05
20143,4.8,2.38,1.67,0.37,-0.32,12.5,26.5
20145,70.2,62.3,52.66,46.09,36.36,23.32,11.59
20147,6.3,4.62,2.4,1.73,-0.84,25.18,52.51
20149,2.9,2.23,1.14,0.53,-0.19,9.61,19.24
20151,202.2,189.7,185.75,159.98,138.89,100.08,61.99
20153,5.0,2.9,0.1,0.28,-0.11,26.77,55.46
20155,117.7,113.19,106.77,96.7,84.87,69.14,54.53
20157,9.0,5.26,1.66,1.99,0.08,12.88,26.98
20159,56.6,51.93,49.79,39.82,32.44,13.61,-3.21
20161,71.2,69.07,67.59,62.92,59.38,45.5,31.7
20163,3.1,2.76,1.79,1.57,-1.89,46.42,96.7
20165,57.1,53.21,43.45,46.82,50.33,35.1,20.65
20167,6.6,3.53,2.09,2.15,0.12,49.12,100.19
20169,164.2,143.58,137.6,125.94,118.77,107.36,97.3
20171,121.1,103.73,94.64,89.76,87.81,81.17,75.13
20173,109.2,103.69,99.78,93.22,85.09,94.59,105.78
20175,131.6,119.73,104.5,98.12,92.13,60.02,28.83
20177,118.6,112.83,106.75,91.49,79.59,63.23,47.67
20179,1.9,1.12,2.09,1.59,-2.74,6.83,18.25
20181,99.3,87.71,90.28,78.17,66.48,22.16,-22.69
20183,156.9,136.77,137.06,117.79,109.59,90.01,72.45
20185,0.0,-0.22,-0.04,-0.84,-0.78,21.2,44.6
20187,3.2,2.6,37.74,90.5,90.03,110.14,131.08
20189,0.0,13.58,23.89,21.92,19.87,10.55,1.34
20191,67.6,64.87,66.31,65.21,53.91,54.67,57.11
20193,127.3,104.14,91.64,82.88,84.14,62.03,42.12
20195,148.3,148.33,139.52,134.8,119.92,117.27,116.0
20197,0.0,-0.03,-0.36,-0.34,-0.44,6.13,12.15
20199,43.8,49.74,42.57,41.41,37.5,3.5,-30.59
20201,20.8,54.9,80.33,83.87,82.92,59.72,37.28
20203,0.0,-0.24,-0.08,-0.33,-0.27,5.09,10.84
20205,120.5,117.31,116.98,99.31,81.99,105.37,130.28
20207,3.3,2.42,-0.96,1.17,1.81,12.85,24.77
20209,78.8,73.57,71.31,63.18,57.1,102.18,146.94
21001,126.4,120.25,100.3,97.77,91.92,68.41,42.97
21003,84.7,90.78,92.01,84.56,71.97,43.35,13.98
21005,100.7,93.94,90.21,78.02,68.19,25.35,-18.18
21007,102.4,95.23,102.33,92.1,85.91,12.37,-61.28
21009,136.7,123.81,125.98,117.08,104.75,67.9,29.7
21011,61.8,58.67,53.9,46.54,38.87,4.72,-29.07
21013,271.8,253.04,248.51,226.52,199.04,154.89,112.5
21015,97.5,93.47,89.34,81.43,73.4,50.1,26.01
21017,109.7,102.76,97.68,89.04,79.12,43.21,7.42
21019,113.7,99.77,91.09,81.06,72.15,95.75,118.93
21021,148.3,133.32,119.09,101.82,92.43,99.54,106.11
21023,21.4,20.74,18.22,16.12,14.74,21.08,26.81
21025,213.0,208.14,186.65,170.56,152.94,73.53,-5.31
21027,53.9,50.31,47.41,43.93,41.97,21.41,-1.55
21029,69.3,67.88,64.58,62.59,58.77,20.72,-18.18
21031,101.6,99.04,92.06,79.09,70.3,27.24,-17.88
21033,141.2,133.7,132.84,125.4,116.88,40.29,-36.1
21035,103.3,98.81,97.82,87.97,77.55,48.31,17.74
21037,96.5,90.86,86.03,77.67,70.17,50.07,29.25
21039,62.4,68.86,79.86,82.25,89.12,78.99,68.12
21041,195.7,183.51,165.97,139.44,124.07,54.87,-14.22
21043,95.3,82.9,76.76,65.12,58.09,23.09,-12.51
21045,127.7,122.03,106.32,87.51,72.76,34.3,-4.47
21047,66.4,64.68,63.57,55.84,47.24,36.03,24.3
21049,108.3,98.4,94.89,89.72,82.78,168.16,253.39
21051,235.3,220.99,219.17,188.55,168.55,129.92,91.74
21053,234.7,182.55,156.69,132.96,116.41,65.81,14.47
21055,137.0,126.54,122.51,106.52,90.0,65.27,40.26
21057,216.2,200.15,175.11,148.94,127.96,58.61,-11.93
21059,124.0,112.74,104.23,93.35,82.72,76.06,68.24
21061,65.5,43.23,86.37,71.4,62.62,18.66,-26.89
21063,5.6,3.22,35.46,33.12,30.44,4.07,-24.12
21065,165.0,146.11,145.71,132.8,124.66,46.96,-29.62
21067,73.6,69.7,65.27,55.91,47.67,111.6,175.45
21069,93.2,80.4,70.87,60.43,54.9,35.61,16.53
21071,263.1,246.68,227.21,216.19,204.94,146.43,88.19
21073,108.4,101.98,95.7,83.54,74.47,68.84,63.02
21075,178.5,179.98,179.32,166.84,157.58,38.5,-81.09
21077,39.3,43.92,42.3,37.52,30.72,52.97,74.99
21079,54.3,48.83,49.57,41.42,34.38,24.12,14.16
21081,127.2,117.13,107.73,99.8,87.87,26.1,-35.83
21083,94.5,99.46,97.26,91.77,86.15,37.54,-10.98
21085,145.9,134.13,129.81,122.88,115.92,62.41,6.97
21087,98.4,86.86,81.4,59.48,60.58,18.92,-24.52
21089,94.8,81.18,76.47,67.59,61.2,31.11,0.85
21091,25.8,24.55,25.48,23.74,23.26,3.24,-17.96
21093,88.7,86.37,86.2,82.3,77.41,62.66,45.75
21095,144.3,138.07,131.49,120.73,109.55,62.7,16.55
21097,102.3,106.24,96.84,81.82,74.25,50.66,27.45
21099,64.8,60.48,59.93,56.82,54.73,11.92,-32.98
21101,154.0,147.46,143.42,131.01,113.59,67.76,21.21
21103,64.6,61.49,61.39,56.37,50.5,25.93,1.08
21105,69.1,70.82,63.26,53.84,57.74,36.78,16.07
21107,139.5,136.16,130.17,125.36,120.83,95.17,68.15
21109,49.9,47.11,47.82,49.76,45.2,12.09,-19.93
21111,95.5,88.42,83.41,76.32,69.76,88.8,106.84
21113,100.4,96.59,91.58,79.4,68.95,39.39,9.89
21115,180.0,183.57,178.36,169.78,149.67,107.27,64.46
21117,80.4,77.62,74.54,67.24,59.32,75.38,90.87
21119,75.4,86.88,86.1,80.36,67.01,49.75,32.73
21121,94.8,83.51,85.35,81.1,76.77,55.52,34.5
21123,87.3,89.43,86.62,81.35,65.77,30.05,-7.98
21125,125.4,111.82,106.04,92.02,82.9,78.99,75.32
21127,119.5,111.67,107.53,97.0,86.7,47.0,6.97
21129,203.8,163.84,148.35,134.46,126.16,74.65,24.59
21131,244.2,218.67,209.88,181.6,162.77,72.46,-16.54
21133,162.0,150.47,137.93,125.32,115.04,45.71,-23.0
21135,34.3,30.66,23.52,21.03,17.25,15.54,12.95
21137,83.5,73.89,73.39,61.68,53.0,14.01,-25.25
21139,9.0,7.71,6.55,4.54,-0.89,27.93,57.17
21141,74.4,84.15,100.58,104.4,97.2,28.12,-42.31
21143,117.7,117.12,116.66,106.82,101.19,52.09,3.39
21145,190.8,183.61,183.5,167.14,151.17,238.29,325.83
21147,130.9,128.18,121.17,118.92,97.28,28.03,-39.91
21149,89.4,87.01,86.82,80.65,68.72,12.56,-44.83
21151,96.1,89.07,84.34,74.82,67.61,34.35,1.85
21153,154.8,163.95,157.64,139.07,130.85,63.21,-4.57
21155,125.7,114.55,108.32,97.63,82.49,44.51,5.48
21157,109.2,107.75,115.0,109.3,99.59,46.87,-5.7
21159,127.3,136.2,134.25,130.94,122.35,71.22,19.4
21161,126.1,115.71,102.84,95.34,87.3,53.03,19.23
21163,60.2,60.71,58.55,55.45,48.73,12.74,-24.72
21165,35.0,7.05,38.27,35.74,33.7,13.18,-7.8
21167,104.7,103.65,97.87,86.19,73.96,24.31,-25.82
21169,74.4,70.72,71.18,65.86,60.35,17.22,-27.78
21171,165.4,139.92,121.85,107.17,91.53,36.57,-19.7
21173,171.7,157.97,147.79,131.21,118.92,71.79,24.54
21175,65.0,58.98,65.63,77.92,78.43,50.03,21.23
21177,138.8,134.02,128.3,119.98,105.37,46.71,-14.31
21179,101.6,93.09,92.03,86.05,79.12,37.87,-4.46
21181,38.0,51.26,42.99,30.36,25.91,2.62,-20.71
21183,111.6,95.01,110.5,104.71,92.38,89.3,83.99
21185,65.5,59.71,57.52,51.62,46.57,20.96,-5.6
21187,37.1,52.92,50.71,41.93,38.63,10.14,-18.6
21189,262.2,248.47,249.88,239.2,240.23,164.12,89.2
21191,53.8,51.33,51.17,46.91,44.68,21.38,-1.81
21193,243.4,219.45,209.4,203.93,202.06,300.07,398.99
21195,263.1,242.77,222.05,200.2,180.74,134.5,88.36
21197,149.0,147.1,148.82,139.2,132.83,73.06,13.88
21199,124.7,109.1,98.66,86.43,79.48,58.88,38.69
21201,0.0,0.24,-0.82,-1.06,-0.63,-1.98,-2.82
21203,104.0,86.98,80.89,69.0,60.34,46.77,33.74
21205,153.8,141.95,124.37,98.27,82.94,54.33,24.85
21207,169.8,156.11,126.24,110.38,101.81,45.23,-12.33
21209,97.2,86.45,78.15,70.71,63.16,38.72,14.53
21211,79.6,74.07,73.47,64.32,58.55,25.57,-7.79
21213,117.8,109.54,102.74,90.68,81.73,19.04,-44.34
21215,51.4,51.35,44.82,37.93,35.09,7.03,-21.88
21217,115.8,100.4,91.54,90.49,85.01,51.61,15.64
21219,80.3,43.37,9.08,4.96,-0.32,1.69,2.91
21221,85.5,30.9,69.94,74.0,65.98,16.08,-34.36
21223,39.7,36.07,35.35,48.28,48.61,37.3,25.78
21225,143.5,138.9,127.72,121.18,103.53,40.97,-22.07
21227,107.4,108.63,97.0,85.06,74.07,95.96,117.05
21229,51.9,47.98,41.28,39.31,37.19,13.19,-11.59
21231,168.9,140.37,127.57,115.76,109.74,101.4,92.88
21233,109.4,103.88,100.22,94.95,92.69,46.49,-0.48
21235,300.1,267.49,241.69,222.61,200.37,160.55,121.39
21237,198.7,193.35,167.06,126.91,120.88,77.98,35.57
21239,73.9,65.82,60.5,58.96,55.6,34.11,12.91
22001,80.2,71.46,75.84,70.95,67.85,33.34,-4.01
22003,115.0,102.23,92.64,84.44,85.04,40.65,-7.3
22005,110.1,100.6,94.01,85.52,75.51,38.99,-0.32
22007,36.4,34.49,32.89,29.69,27.61,19.72,9.03
22009,146.5,126.69,126.13,115.47,101.48,45.53,-13.66
22011,84.0,77.46,75.42,70.1,63.01,36.93,6.67
22013,88.5,79.8,62.92,63.09,55.72,14.36,-28.62
22015,102.8,97.55,96.15,89.86,79.22,61.84,44.2
22017,118.6,109.48,112.23,105.44,90.69,133.55,175.66
22019,123.2,111.44,105.93,97.02,90.3,71.56,50.12
22021,86.9,63.7,54.24,46.98,37.64,33.61,26.94
22023,0.0,-0.54,-0.31,-0.6,-0.32,5.43,9.22
22025,113.3,93.33,96.35,99.19,87.52,14.49,-61.65
22027,85.0,88.4,96.46,96.81,93.15,80.6,68.15
22029,93.9,74.71,76.23,88.73,83.52,44.7,3.57
22031,40.3,51.27,64.83,66.77,63.64,19.94,-24.86
22033,103.8,96.19,92.19,81.78,72.47,96.6,118.45
22035,98.7,101.03,105.4,94.97,82.29,72.44,61.42
22037,52.7,50.67,47.05,45.02,43.66,26.01,6.32
22039,221.6,209.77,192.97,171.99,145.32,116.03,83.39
22041,100.7,91.46,122.77,110.58,92.92,68.98,44.06
22043,2.1,1.54,40.56,43.07,40.98,9.08,-26.2
22045,117.0,99.36,93.13,87.51,81.18,85.11,86.14
22047,99.8,93.09,81.46,74.55,60.32,13.35,-36.27
22049,42.4,40.15,75.92,71.48,56.46,29.73,1.59
22051,119.5,115.0,107.44,96.89,83.11,97.14,109.35
22053,118.4,109.96,103.9,89.01,84.57,53.13,17.96
22055,112.1,102.1,97.4,87.42,80.12,91.49,99.81
22057,106.8,99.06,96.62,88.38,78.71,54.66,28.32
22059,138.3,118.95,120.3,106.72,94.4,73.52,49.06
22061,105.2,90.83,98.73,81.77,75.9,50.8,24.82
22063,113.3,106.52,105.26,93.99,82.59,22.39,-39.43
22065,3.2,1.85,2.77,1.33,-0.82,2.98,4.3
22067,124.3,109.76,118.68,111.39,91.75,49.75,7.65
22069,86.9,71.68,78.93,75.44,69.2,32.67,-6.95
22071,71.9,67.45,63.8,57.03,48.61,85.01,120.31
22073,124.8,119.8,113.37,104.64,92.11,100.22,108.11
22075,3.7,2.34,44.21,41.39,36.21,15.9,-6.22
22077,94.9,83.58,93.9,84.06,72.42,25.14,-25.5
22079,169.8,153.14,145.61,133.66,117.73,126.51,131.82
22081,14.3,45.86,113.49,105.89,94.02,50.85,7.32
22083,80.2,68.19,134.83,139.79,125.58,92.54,58.63
22085,82.7,63.81,68.72,70.21,60.11,32.41,1.87
22087,170.4,161.87,150.42,118.82,88.18,34.05,-21.74
22089,85.6,79.28,74.31,68.22,58.45,18.31,-22.91
22091,46.4,51.25,71.12,73.91,70.13,32.96,-5.3
22093,58.5,67.52,82.02,79.7,74.73,55.84,34.81
22095,97.5,98.22,93.72,93.19,87.36,68.67,48.6
22097,158.1,150.85,145.54,137.08,121.12,87.08,50.22
22099,86.4,77.79,74.69,69.74,65.25,20.93,-27.29
22101,126.5,118.78,108.0,98.83,89.58,38.97,-15.13
22103,119.1,106.55,102.45,92.4,81.51,76.88,71.17
22105,147.4,140.78,130.73,116.54,100.26,44.17,-13.23
22107,56.0,46.18,45.23,62.91,70.71,26.38,-20.2
22109,112.7,102.82,97.93,90.93,81.6,72.32,60.76
22111,74.7,71.58,85.1,82.02,69.53,38.79,7.78
22113,76.6,69.14,66.08,62.52,56.09,27.06,-4.41
22115,104.1,91.62,79.47,72.54,66.54,51.68,32.74
22117,141.7,120.3,135.29,126.64,112.25,44.36,-24.44
22119,133.8,114.15,115.11,108.26,99.83,50.44,1.22
22121,111.5,104.11,101.0,87.72,76.54,23.1,-32.9
22123,66.2,51.74,51.67,50.69,36.56,20.48,3.42
22125,53.5,45.77,45.08,42.73,39.74,14.33,-14.04
22127,68.6,56.22,109.41,97.47,87.63,35.8,-18.93
23001,92.0,84.04,72.13,58.67,50.79,52.33,52.51
23003,85.7,84.49,74.66,64.15,52.16,53.57,55.75
23005,71.3,63.1,53.4,43.88,39.42,46.86,52.68
23007,73.0,68.3,60.64,49.29,41.97,26.49,10.18
23009,77.3,72.59,65.47,52.98,45.59,37.18,25.8
23011,117.2,111.73,101.78,83.73,70.54,68.1,64.91
23013,75.1,67.12,61.7,54.85,49.19,34.67,18.69
23015,69.3,53.59,45.43,37.26,33.8,42.18,49.6
23017,83.7,80.19,72.51,60.77,53.86,33.5,11.28
23019,83.7,81.5,71.24,60.02,51.33,50.45,48.7
23021,97.2,88.99,78.0,63.14,51.1,26.92,1.89
23023,79.9,70.78,61.47,49.67,45.18,32.87,20.27
23025,85.5,83.56,76.67,61.9,48.99,31.08,12.99
23027,62.2,54.87,46.09,37.96,33.59,32.62,30.63
23029,75.4,73.96,64.34,58.51,48.35,26.09,1.55
23031,79.8,73.89,63.77,52.45,46.8,33.6,19.64
24001,129.2,129.66,127.06,111.7,90.02,89.92,88.88
24003,78.2,73.99,69.87,61.63,53.85,50.13,44.54
24005,83.1,77.77,71.62,63.72,53.85,48.64,42.55
24009,102.8,96.07,90.28,79.23,68.71,42.49,14.32
24011,52.5,49.4,46.2,40.5,34.27,34.54,32.65
24013,81.4,76.85,72.36,64.68,55.8,33.19,10.75
24015,83.8,78.81,73.94,64.11,56.39,25.22,-7.87
24017,87.7,82.04,78.56,71.34,62.22,42.18,21.69
24019,72.0,70.66,69.18,67.75,61.06,28.2,-7.6
24021,79.6,72.16,67.54,62.45,56.11,53.28,50.25
24023,103.3,104.7,96.96,79.43,63.84,41.48,19.83
24025,85.3,79.62,72.97,64.68,56.26,39.8,22.3
24027,39.6,36.88,35.25,31.44,28.09,28.63,28.13
24029,134.6,123.72,117.13,96.44,84.94,89.69,92.83
24031,39.7,37.27,34.64,30.43,26.46,27.33,27.48
24033,45.4,41.83,38.74,34.05,29.88,27.41,23.71
24035,77.1,71.47,67.33,57.59,49.59,39.57,27.01
24037,78.2,71.63,66.92,57.14,50.52,21.79,-8.98
24039,58.7,54.94,49.29,43.1,42.0,9.91,-24.2
24041,114.6,108.77,104.25,96.8,83.79,79.29,71.61
24043,122.8,116.58,112.96,101.49,90.46,97.17,105.23
24045,91.8,85.35,77.64,66.71,59.46,65.43,69.28
24047,95.5,81.72,76.4,62.82,59.33,29.08,-3.19
24510,66.6,59.62,54.51,47.95,41.37,65.66,88.66
25001,77.7,69.85,60.86,50.84,44.56,35.19,25.17
25003,82.5,74.98,59.02,51.31,46.44,38.81,30.01
25005,88.1,81.65,72.75,62.41,55.64,43.63,31.1
25007,68.9,63.88,55.53,47.37,40.56,29.58,18.76
25009,59.2,53.29,46.9,39.51,35.03,28.71,22.52
25011,62.9,57.17,51.31,45.73,41.32,30.45,18.22
25013,83.9,77.34,67.0,57.67,50.44,47.65,44.17
25015,70.3,63.99,56.58,48.99,44.08,34.42,23.64
25017,43.2,38.71,33.73,28.62,25.32,25.43,25.61
25019,45.4,41.91,36.63,30.64,27.11,30.99,34.95
25021,52.3,48.02,42.32,35.79,31.63,28.82,26.14
25023,67.6,61.59,53.53,45.47,40.2,28.33,16.19
25025,40.8,36.44,32.0,26.48,22.77,59.96,97.42
25027,66.6,59.28,51.75,43.94,38.71,35.45,31.29
26001,34.3,30.62,27.72,22.45,17.32,9.57,3.4
26003,92.0,83.57,73.71,71.77,36.11,16.7,-4.39
26005,66.3,58.69,53.12,46.66,38.69,14.6,-9.04
26007,130.4,123.27,118.91,117.67,102.15,59.05,17.48
26009,57.2,51.71,50.24,46.03,39.27,43.3,46.92
26011,146.9,129.8,109.88,93.99,78.22,32.88,-11.56
26013,92.0,90.29,83.98,72.88,60.28,40.91,19.42
26015,66.8,64.24,63.48,58.63,48.71,25.44,1.97
26017,114.4,109.89,101.62,91.73,74.66,82.01,89.74
26019,73.7,75.99,71.25,62.47,52.89,48.34,43.28
26021,116.0,107.97,97.76,86.2,69.75,51.0,31.39
26023,94.1,85.39,76.9,71.13,56.0,32.13,7.25
26025,127.2,125.17,120.3,104.81,81.87,65.04,47.79
26027,50.3,44.2,39.24,34.69,26.89,12.02,-3.01
26029,82.4,79.73,80.3,73.55,64.03,35.24,5.52
26031,143.3,135.6,122.06,109.79,91.9,59.11,25.93
26033,77.6,66.19,62.77,60.23,46.45,32.02,17.04
26035,171.6,144.26,125.82,109.7,94.59,45.55,-3.36
26037,43.4,39.27,37.98,35.13,34.03,22.73,11.41
26039,112.1,101.05,123.83,114.19,94.65,84.67,75.11
26041,113.0,110.41,101.92,91.91,80.1,65.9,51.21
26043,132.0,117.11,106.49,90.61,67.74,47.01,26.78
26045,110.6,101.0,95.4,86.39,70.26,36.38,2.12
26047,142.1,133.63,127.18,115.68,96.49,108.02,118.78
26049,138.8,127.34,119.91,104.87,85.73,74.85,63.56
26051,136.1,118.52,104.33,92.29,77.83,36.26,-5.36
26053,127.1,121.47,113.56,95.91,75.84,66.26,55.16
26055,141.7,128.45,104.65,96.72,83.92,89.09,94.29
26057,89.0,82.63,77.15,70.96,59.45,39.86,20.29
26059,80.6,78.6,70.55,61.92,48.78,31.65,14.31
26061,46.7,45.66,42.81,39.62,34.25,27.46,19.58
26063,83.7,79.28,74.9,67.28,55.49,41.43,27.82
26065,86.0,76.96,71.87,64.91,54.79,69.34,83.28
26067,68.5,66.88,66.94,63.12,51.4,35.61,19.87
26069,173.5,166.96,153.66,141.97,118.92,57.56,-3.02
26071,83.6,84.18,82.14,76.54,74.28,46.1,17.84
26073,95.6,82.89,74.56,62.1,48.0,33.0,17.57
26075,96.0,89.64,83.68,74.37,61.8,45.61,28.31
26077,84.8,78.48,72.43,64.38,53.91,69.0,83.87
26079,133.6,121.84,107.55,92.06,70.91,44.5,17.82
26081,87.4,79.07,75.46,67.69,55.38,60.9,66.19
26083,0.0,-0.06,-0.02,-0.18,-0.29,-0.45,-1.58
26085,37.6,40.58,35.85,29.45,24.59,6.64,-10.67
26087,96.6,86.61,78.55,69.51,57.14,31.02,4.23
26089,23.0,21.25,19.5,18.13,14.13,6.5,-1.48
26091,97.6,93.05,90.59,83.53,67.59,45.84,22.94
26093,67.2,62.16,58.8,53.17,44.66,29.73,14.44
26095,161.7,151.71,133.52,110.91,93.58,50.88,6.83
26097,82.6,85.45,81.84,77.39,49.66,46.08,41.18
26099,107.8,101.66,97.34,87.04,73.23,57.29,39.56
26101,118.0,107.55,98.44,86.76,75.25,77.07,78.95
26103,93.1,92.41,83.8,75.73,65.49,66.0,65.09
26105,142.4,133.9,124.68,118.39,99.53,57.44,16.27
26107,104.6,95.19,89.81,83.07,69.76,72.73,75.33
26109,67.7,58.01,44.08,32.71,29.73,14.96,-1.49
26111,92.1,86.86,82.82,75.1,62.64,56.95,51.73
26113,33.5,24.08,34.63,32.09,23.06,5.76,-11.23
26115,107.6,100.78,92.75,79.24,66.69,40.21,12.18
26117,135.7,124.27,116.11,107.89,90.21,58.9,26.93
26119,74.5,67.32,63.84,59.79,49.06,21.21,-6.0
26121,151.3,136.48,126.94,111.95,95.99,78.05,60.99
26123,131.3,127.9,116.42,105.31,88.73,42.31,-3.74
26125,81.6,76.79,72.74,65.04,54.5,71.13,87.42
26127,73.8,70.76,66.98,61.09,48.48,45.74,42.93
26129,188.0,161.41,147.71,132.95,114.67,69.83,26.4
26131,37.8,39.23,32.73,28.97,23.71,49.19,73.28
26133,104.8,93.22,81.37,68.44,52.18,23.86,-4.41
26135,143.8,118.06,99.29,84.61,71.64,11.9,-46.48
26137,174.0,160.45,151.12,145.86,126.26,113.38,101.02
26139,67.5,61.25,58.38,52.34,44.08,28.19,12.82
26141,53.7,53.74,52.12,49.54,41.48,24.26,8.2
26143,208.7,183.77,150.36,132.34,117.04,41.01,-34.03
26145,110.0,97.57,91.15,79.18,66.84,83.13,99.33
26147,117.5,110.61,100.83,91.6,79.43,60.49,40.76
26149,129.4,118.21,106.51,94.63,76.79,38.56,-0.33
26151,58.3,52.36,46.35,40.92,27.82,14.62,1.66
26153,118.4,98.97,104.83,94.31,85.39,57.76,30.47
26155,105.3,98.42,96.33,87.84,71.35,38.86,6.5
26157,90.9,82.6,78.08,67.58,57.6,48.25,38.83
26159,120.6,117.49,112.62,99.87,79.01,39.77,1.71
26161,55.5,50.52,44.23,38.4,30.39,72.53,113.17
26163,101.7,93.3,89.03,78.31,65.03,59.76,53.61
26165,176.2,164.03,146.06,126.26,100.33,61.69,23.66
27001,107.2,98.56,81.03,68.31,56.77,48.53,37.82
27003,61.6,57.43,52.11,44.81,38.71,23.51,4.52
27005,59.4,52.47,45.52,38.06,35.38,26.26,16.9
27007,67.0,60.05,55.25,46.48,41.06,29.8,16.93
27009,47.4,43.02,38.88,32.54,29.84,4.77,-23.0
27011,107.9,89.67,84.55,82.45,71.51,49.08,26.39
27013,72.7,70.61,65.86,58.66,51.49,47.21,41.19
27015,72.5,67.72,57.29,49.11,41.24,30.71,17.51
27017,99.1,73.06,62.89,54.92,50.79,28.47,5.12
27019,46.8,43.66,40.19,35.42,32.13,24.76,14.7
27021,42.2,35.58,30.84,24.49,21.7,10.39,-2.8
27023,68.3,72.88,70.6,62.97,52.49,27.69,0.72
27025,39.9,40.88,34.61,30.5,25.8,14.8,1.21
27027,66.9,62.53,54.46,44.72,34.92,13.79,-5.83
27029,80.7,75.34,68.33,58.03,47.89,53.45,57.53
27031,1.4,1.6,40.4,35.21,33.55,10.87,-12.75
27033,63.1,51.48,72.74,76.78,67.38,26.14,-17.99
27035,76.8,68.33,59.61,51.91,46.8,37.24,27.05
27037,59.3,54.07,48.62,42.63,36.98,19.53,0.01
27039,20.2,18.01,16.62,13.44,9.9,4.54,-2.03
27041,109.1,102.04,91.76,80.39,61.29,39.83,16.18
27043,59.0,56.83,54.43,49.52,39.33,24.76,8.81
27045,31.9,31.06,29.61,28.8,24.05,14.67,3.0
27047,45.5,41.66,35.97,34.45,29.0,17.98,5.7
27049,57.5,51.39,47.11,41.23,33.93,21.66,8.98
27051,44.8,45.36,46.37,33.01,28.45,26.97,24.23
27053,47.8,43.29,38.64,33.24,28.59,37.43,43.61
27055,26.6,22.9,23.16,21.36,19.56,16.07,11.01
27057,74.2,64.1,57.4,49.11,40.8,32.8,23.16
27059,58.7,57.89,52.32,47.3,45.34,27.42,7.28
27061,97.9,81.65,65.34,56.05,50.99,31.42,10.47
27063,31.1,2.7,24.92,23.66,23.84,16.42,6.8
27065,87.4,90.11,82.52,70.59,61.26,38.24,14.58
27067,68.3,66.34,64.2,58.27,50.15,36.87,20.92
27069,41.7,40.31,38.47,37.04,32.21,17.11,2.43
27071,78.8,68.65,59.67,51.55,48.72,39.19,29.44
27073,57.0,56.81,60.54,57.24,52.21,37.57,21.5
27075,28.8,31.86,32.85,28.25,24.43,19.29,13.77
27077,77.2,71.7,68.17,63.36,19.45,3.21,-13.25
27079,29.2,22.54,11.53,9.38,9.65,2.26,-7.88
27081,63.8,63.97,44.37,38.87,35.38,43.35,50.58
27083,54.8,53.04,49.19,43.36,39.02,28.72,16.78
27085,77.0,71.83,68.86,62.94,55.25,28.53,-0.84
27087,57.3,48.13,37.87,30.89,27.39,7.76,-12.67
27089,27.0,25.09,23.59,20.93,17.51,8.89,1.0
27091,91.5,86.16,77.4,70.4,62.13,50.23,36.94
27093,39.5,37.77,30.46,26.01,16.39,10.69,1.81
27095,89.5,84.34,74.7,62.21,50.59,29.4,6.34
27097,77.8,74.6,65.03,57.31,52.7,40.52,25.71
27099,49.2,47.95,41.55,35.35,27.35,16.02,2.89
27101,36.8,35.84,35.96,35.51,29.48,21.79,12.84
27103,28.3,25.56,20.09,18.22,16.43,14.78,11.31
27105,58.4,58.94,50.86,39.5,34.0,20.44,5.87
27107,41.9,38.92,26.62,21.56,12.39,10.85,10.58
27109,36.5,33.48,29.1,27.04,25.65,84.81,143.78
27111,66.6,60.45,56.03,47.89,40.47,25.93,10.57
27113,95.6,87.81,75.69,69.85,56.52,35.81,14.45
27115,61.9,62.31,62.78,54.34,48.44,24.58,-0.1
27117,80.2,89.09,76.72,73.15,68.92,51.38,32.68
27119,78.8,71.37,64.21,57.05,49.65,31.75,15.11
27121,68.7,70.26,68.44,58.49,52.92,43.88,32.08
27123,48.9,45.88,41.9,35.67,31.09,39.76,45.68
27125,36.8,32.25,31.22,27.24,24.55,2.1,-21.12
27127,60.5,57.4,50.57,41.48,35.62,15.54,-6.75
27129,33.0,31.59,30.63,28.37,22.68,38.41,51.75
27131,62.0,56.77,50.25,42.97,37.85,21.0,3.07
27133,55.7,30.84,57.04,53.69,50.6,31.13,10.82
27135,66.8,62.99,60.36,59.48,54.3,43.93,32.99
27137,80.6,74.82,64.71,54.66,47.87,48.35,48.5
27139,42.7,39.78,36.88,32.77,28.6,10.51,-9.89
27141,52.8,49.05,41.31,35.92,31.71,12.06,-11.08
27143,29.6,30.16,27.73,23.48,18.83,12.21,2.66
27145,67.4,63.54,55.28,48.28,44.17,46.21,45.11
27147,59.1,52.02,47.95,41.36,35.22,27.96,19.18
27149,55.8,52.87,56.72,49.46,43.3,27.9,10.8
27151,57.6,56.39,55.16,46.57,39.69,37.84,33.72
27153,29.4,27.04,24.83,22.41,20.49,7.55,-8.12
27155,110.3,99.62,59.47,40.06,42.01,20.14,-1.26
27157,9.8,11.16,9.85,8.1,5.86,12.83,18.86
27159,174.6,156.02,145.93,126.15,111.68,89.6,65.97
27161,49.1,47.8,43.26,46.78,34.56,17.96,-0.17
27163,60.7,57.42,52.99,47.57,42.66,28.98,13.16
27165,49.3,44.25,43.02,44.94,41.15,40.66,37.67
27167,81.9,70.92,62.55,52.99,43.14,11.24,-20.35
27169,60.9,54.52,47.76,40.99,34.67,19.16,3.31
27171,61.9,56.79,52.63,46.75,41.05,18.19,-8.04
27173,38.8,37.8,37.2,34.31,30.39,33.83,35.69
28001,178.7,166.13,158.68,125.71,97.27,85.1,70.3
28003,205.7,189.67,176.34,160.58,132.7,114.12,96.29
28005,52.2,48.81,47.65,41.94,34.09,7.14,-22.32
28007,119.8,118.19,116.39,103.22,81.4,37.96,-7.03
28009,73.8,68.28,66.85,59.15,47.21,13.26,-20.8
28011,92.6,92.57,88.09,76.64,61.58,32.06,2.46
28013,84.8,81.59,80.08,72.46,57.51,39.85,21.73
28015,1.2,0.65,0.51,0.09,-1.88,7.19,15.66
28017,125.7,97.74,87.85,83.79,75.23,36.1,-3.59
28019,91.6,75.6,60.72,52.57,35.64,23.44,10.12
28021,90.0,84.76,79.14,62.29,47.06,29.23,8.52
28023,138.5,133.03,121.53,101.53,75.52,23.09,-29.27
28025,119.8,115.09,113.48,102.98,91.39,62.22,32.67
28027,108.6,105.72,119.77,113.82,88.49,36.73,-15.92
28029,108.7,103.16,101.28,90.09,72.96,54.44,33.27
28031,103.6,112.69,112.87,108.35,91.91,41.93,-10.9
28033,109.4,104.85,100.8,90.75,77.37,63.81,48.36
28035,240.3,219.72,210.37,190.16,160.55,199.64,236.78
28037,87.4,83.65,72.39,61.08,46.36,7.33,-33.41
28039,179.7,169.58,159.22,131.98,108.05,40.3,-27.12
28041,56.3,54.83,57.43,52.01,46.22,18.64,-8.4
28043,147.5,157.26,164.15,160.28,135.23,73.82,12.3
28045,99.1,89.76,88.68,81.04,71.44,31.82,-8.47
28047,141.0,134.06,125.86,108.76,89.53,84.3,79.47
28049,78.0,76.81,72.3,61.4,49.38,105.19,159.0
28051,65.8,64.56,66.31,60.31,53.95,27.71,1.05
28053,59.1,61.64,60.76,55.85,48.33,17.56,-14.29
28055,0.0,-0.69,-1.26,-1.69,-1.58,-4.16,-7.95
28057,130.8,131.99,122.97,103.88,82.08,34.07,-13.51
28059,124.8,114.49,103.28,89.05,73.59,70.48,67.39
28061,43.1,41.81,38.26,36.36,32.11,5.08,-22.48
28063,0.6,-0.53,-0.57,-1.01,-1.38,-0.35,-1.48
28065,127.9,118.8,117.97,110.23,89.15,23.18,-45.3
28067,171.9,168.68,149.62,137.33,110.61,100.97,90.32
28069,57.6,50.74,40.24,32.85,28.33,4.89,-19.92
28071,77.6,72.8,70.8,61.56,52.38,73.04,93.0
28073,43.5,42.85,38.51,33.81,26.68,17.31,5.36
28075,170.1,162.48,157.61,141.06,117.05,160.17,201.69
28077,136.2,123.68,117.95,108.8,90.33,50.77,8.84
28079,91.5,90.06,91.86,86.76,71.67,45.86,18.75
28081,128.7,126.58,124.28,111.87,90.4,116.29,142.28
28083,118.8,118.31,119.15,113.14,98.44,104.52,109.82
28085,133.5,122.86,115.26,101.3,82.87,75.5,65.6
28087,130.5,130.82,124.32,100.77,79.89,58.25,35.95
28089,72.8,70.42,67.73,61.6,49.46,49.16,47.45
28091,217.9,194.43,183.7,169.25,141.5,65.54,-12.29
28093,53.1,51.0,48.5,47.7,43.84,35.46,26.57
28095,113.1,101.6,101.79,94.28,76.13,40.92,6.76
28097,102.9,96.01,92.07,85.02,57.36,18.86,-20.21
28099,187.0,162.47,148.15,128.43,99.91,30.12,-41.72
28101,73.2,65.28,70.2,63.49,47.18,18.05,-13.32
28103,99.2,95.63,98.47,86.7,70.37,20.65,-30.49
28105,78.8,73.7,74.15,64.56,54.21,65.51,76.28
28107,110.4,110.43,102.26,93.65,81.64,32.24,-18.26
28109,153.4,146.7,134.06,115.44,101.12,34.2,-33.32
28111,96.8,92.58,88.7,66.57,51.07,38.7,25.61
28113,185.3,176.21,154.96,135.64,109.97,64.97,17.71
28115,108.7,103.39,98.36,86.07,65.44,29.61,-6.72
28117,128.8,119.06,107.95,92.19,74.35,42.47,11.45
28119,70.8,56.16,71.31,71.39,59.73,10.32,-41.04
28121,105.8,102.83,100.73,91.56,76.49,71.95,65.36
28123,103.8,97.81,92.94,86.73,70.65,25.88,-21.39
28125,132.5,121.53,101.75,84.27,71.46,11.01,-50.32
28127,125.4,117.2,108.33,96.34,83.26,37.4,-11.07
28129,48.6,50.69,48.11,42.8,37.0,6.17,-27.03
28131,179.4,169.05,158.64,132.64,110.95,56.44,2.08
28133,54.3,52.17,53.57,46.61,38.85,32.56,26.41
28135,11.1,33.48,38.28,31.68,27.68,20.32,10.87
28137,143.3,137.72,129.01,111.06,91.04,51.43,10.06
28139,121.9,119.76,106.82,92.18,72.94,26.44,-19.7
28141,161.9,148.33,159.06,133.98,108.64,57.01,5.88
28143,1.6,17.67,36.21,34.46,29.32,8.64,-13.84
28145,132.3,124.51,115.92,100.35,81.38,64.11,46.92
28147,70.9,69.03,67.17,65.14,51.17,18.63,-15.15
28149,120.7,111.89,105.96,93.12,73.87,76.76,77.34
28151,110.1,108.16,104.01,92.59,73.87,65.85,57.94
28153,144.7,139.94,135.27,122.6,95.72,35.88,-22.66
28155,137.3,128.19,152.3,142.78,118.79,99.9,80.56
28157,116.9,111.09,93.37,76.35,64.87,40.54,13.58
28159,130.0,119.22,115.99,96.29,78.23,27.72,-24.65
28161,59.9,58.55,55.32,48.69,40.49,11.81,-17.48
28163,65.9,64.98,62.22,55.63,47.1,10.55,-26.98
29001,158.9,140.65,117.21,103.57,90.19,88.72,85.34
29003,2.2,1.44,0.61,-0.11,-0.35,0.56,0.67
29005,54.9,33.01,94.6,93.38,88.19,62.71,38.0
29007,76.0,72.23,69.86,62.37,60.99,30.3,-1.97
29009,134.0,110.43,122.9,108.64,95.68,61.97,29.01
29011,66.4,61.39,121.68,106.35,78.71,43.26,7.51
29013,57.8,61.18,56.88,46.16,30.82,27.62,24.4
29015,106.6,107.58,103.61,97.52,81.78,27.92,-25.67
29017,70.2,66.6,64.78,55.24,46.48,18.03,-9.28
29019,53.8,51.19,46.69,41.02,36.59,83.47,129.21
29021,127.6,119.47,110.11,97.16,84.55,61.41,37.37
29023,216.1,197.68,181.23,162.97,143.31,134.61,126.26
29025,2.8,2.14,2.79,1.71,-0.39,4.46,6.88
29027,41.3,44.1,43.62,38.03,33.0,18.85,4.49
29029,134.7,119.73,111.76,93.63,94.59,56.04,17.49
29031,128.3,125.38,117.51,105.58,88.06,107.89,128.68
29033,76.5,52.08,83.86,82.02,70.3,48.93,26.12
29035,1.9,0.06,0.69,-0.55,-0.89,9.33,19.08
29037,117.9,109.75,106.2,97.52,84.81,46.75,6.65
29039,19.7,17.28,9.96,69.08,130.07,79.36,29.01
29041,29.0,40.61,37.36,32.71,27.57,3.61,-22.23
29043,90.9,82.21,73.85,65.26,55.68,54.91,54.57
29045,4.8,6.18,77.13,72.38,59.38,51.61,42.66
29047,101.2,94.78,89.54,79.07,69.11,54.93,40.74
29049,63.8,64.51,62.48,56.76,54.64,29.06,2.57
29051,122.9,108.52,98.03,85.49,70.7,70.11,68.42
29053,45.9,41.89,38.14,35.26,29.38,20.3,9.67
29055,65.2,82.75,84.01,81.22,73.57,5.61,-62.21
29057,51.5,40.97,34.69,30.51,24.29,42.99,62.29
29059,42.4,37.17,33.78,30.62,23.07,10.66,-2.31
29061,36.8,32.07,32.03,28.61,25.7,33.25,38.95
29063,0.0,-0.05,-0.07,-0.35,-0.09,2.67,3.85
29065,121.4,105.38,95.89,84.73,81.06,62.04,41.97
29067,99.4,88.85,84.31,78.41,66.24,19.25,-28.96
29069,201.8,174.43,163.42,165.93,147.59,58.29,-30.37
29071,115.2,108.32,100.94,88.67,75.11,52.41,29.72
29073,39.7,53.39,67.64,70.31,70.27,33.79,-2.81
29075,46.0,45.86,50.08,52.02,62.46,29.73,-3.25
29077,127.0,116.52,108.95,98.05,85.11,86.08,87.34
29079,149.2,131.77,111.26,99.7,91.97,46.29,-0.66
29081,132.7,126.43,125.08,113.66,100.09,45.26,-10.54
29083,166.1,146.77,147.69,132.27,114.1,78.02,40.78
29085,9.5,7.37,3.89,2.09,-0.01,11.44,23.08
29087,0.0,-0.42,0.67,-0.09,-0.31,1.18,2.0
29089,4.3,3.57,0.93,-0.13,-0.6,49.55,97.53
29091,192.7,177.14,164.09,150.8,132.58,105.53,77.95
29093,142.8,137.21,139.1,135.45,121.6,15.78,-90.48
29095,88.3,83.68,79.64,69.12,60.3,63.05,64.26
29097,169.3,153.58,142.17,127.95,112.94,103.56,95.02
29099,90.7,83.32,78.47,72.64,64.68,35.11,6.54
29101,57.8,57.12,54.72,48.47,42.72,31.63,20.74
29103,2.0,2.09,3.88,0.79,-0.25,-0.92,-2.78
29105,127.8,112.92,108.45,96.54,82.01,40.98,-0.41
29107,61.1,54.84,45.22,43.35,39.22,34.62,28.99
29109,57.9,55.28,51.65,45.7,41.87,34.41,26.48
29111,2.9,3.11,4.76,3.14,44.47,55.22,65.29
29113,86.2,77.5,73.45,66.58,56.58,30.1,4.07
29115,57.1,47.05,42.6,37.89,41.4,19.6,-4.7
29117,149.2,118.62,100.19,95.29,86.01,32.55,-22.16
29119,45.9,48.35,43.92,37.85,29.05,9.36,-9.24
29121,77.7,87.42,84.18,74.83,58.51,32.52,4.83
29123,156.5,152.04,129.02,127.09,115.42,43.14,-28.78
29125,4.5,11.34,0.1,-0.44,-0.5,4.12,7.92
29127,128.0,125.31,118.92,107.42,97.74,90.53,82.66
29129,74.3,69.44,61.11,51.1,41.77,22.96,2.16
29131,73.6,69.07,71.07,61.67,54.51,21.01,-13.28
29133,77.0,66.41,65.61,59.77,57.92,66.93,75.62
29135,2.5,1.41,0.12,-0.13,-0.22,6.72,12.16
29137,3.1,2.68,2.51,1.0,-0.28,4.39,7.16
29139,72.2,65.65,59.96,47.52,39.46,29.88,20.48
29141,38.6,33.29,30.56,26.1,40.31,4.64,-31.33
29143,64.4,66.52,70.7,65.34,64.41,9.36,-45.97
29145,58.5,54.84,53.47,49.08,48.61,22.93,-1.9
29147,84.8,86.1,77.97,69.8,60.94,40.64,20.53
29149,61.4,56.88,52.64,54.55,50.25,5.37,-40.65
29151,28.1,26.01,23.99,21.91,18.27,20.21,21.29
29153,57.9,54.28,49.55,50.75,53.57,13.73,-25.86
29155,142.2,141.27,147.55,101.55,33.34,64.2,95.17
29157,68.0,63.83,61.91,56.22,47.77,10.33,-25.98
29159,96.4,76.96,78.89,71.73,67.89,36.87,4.73
29161,139.0,118.79,91.99,82.3,75.89,81.72,87.46
29163,70.1,68.22,69.33,80.75,76.05,41.44,6.14
29165,78.9,72.1,68.35,60.15,52.74,41.0,29.87
29167,118.7,102.94,99.01,88.2,65.18,46.07,27.84
29169,54.1,48.24,42.06,33.36,27.34,35.64,43.15
29171,2.6,0.61,54.19,44.83,34.41,12.64,-11.73
29173,0.0,-0.23,-0.39,-0.43,-0.61,9.99,19.86
29175,116.8,110.86,114.29,110.01,97.02,38.27,-22.21
29177,79.1,70.1,77.36,69.93,55.92,36.54,16.22
29179,3.3,1.75,1.45,0.7,-0.36,5.38,10.34
29181,197.2,164.82,146.57,127.51,96.85,42.8,-11.44
29183,81.2,78.25,75.14,67.39,59.61,38.53,17.72
29185,4.3,3.82,2.15,25.63,34.99,31.14,26.99
29186,37.5,38.42,44.81,42.31,39.94,24.43,9.89
29187,197.9,178.15,171.7,156.37,138.73,105.96,73.85
29189,75.3,71.99,68.96,62.83,55.34,72.81,91.37
29195,69.3,89.69,88.59,78.22,72.22,51.07,28.54
29197,0.0,-0.36,2.21,0.22,1.73,-0.23,-5.04
29199,4.8,3.76,95.5,85.98,67.24,35.36,0.79
29201,137.6,127.68,118.61,114.81,98.86,80.73,62.74
29203,2.0,0.54,40.16,35.24,30.02,3.95,-22.73
29205,40.1,33.79,32.04,27.18,22.86,5.03,-14.18
29207,125.7,105.65,99.28,86.34,74.58,43.43,12.45
29209,86.1,80.76,74.53,69.46,69.89,31.94,-5.9
29211,2.0,14.39,75.57,69.28,50.38,63.27,73.36
29213,132.0,119.82,112.9,99.52,82.36,68.29,54.93
29215,75.9,63.21,65.85,49.87,37.36,26.08,14.27
29217,111.0,95.9,87.33,76.82,61.68,39.28,17.63
29219,74.4,68.29,61.09,57.09,50.4,10.42,-29.21
29221,52.7,47.58,41.85,36.85,24.37,9.85,-4.47
29223,33.2,27.64,26.11,4.72,-0.32,-0.9,-1.89
29225,114.8,104.36,98.09,90.19,75.15,30.88,-13.51
29227,4.2,4.07,3.97,0.71,-0.28,-1.08,-2.71
29229,143.6,133.54,121.71,113.48,102.79,57.86,12.61
29510,60.8,57.66,54.15,47.86,42.13,83.23,125.23
30001,92.0,89.38,86.46,76.69,68.14,39.85,11.88
30003,2.1,2.04,1.13,18.22,21.07,9.84,-1.31
30005,47.5,39.87,38.12,34.97,32.09,12.34,-7.96
30007,1.7,0.71,33.1,31.14,27.97,12.88,-1.67
30009,0.9,1.69,26.04,24.49,23.2,16.38,8.56
30011,0.0,-0.11,-0.12,-0.07,-0.2,0.65,0.25
30013,113.9,102.84,97.23,79.96,65.41,57.09,47.7
30015,42.1,34.03,32.99,26.86,20.21,15.61,10.61
30017,126.7,116.33,105.53,99.04,81.32,81.31,80.74
30019,8.9,7.47,5.74,4.67,0.13,0.75,0.76
30021,94.3,92.81,86.59,83.75,63.71,36.62,9.49
30023,96.3,96.46,95.66,75.89,72.66,52.08,31.27
30025,5.2,2.98,2.89,2.42,0.12,0.89,1.59
30027,90.6,82.2,79.97,72.36,64.39,40.15,16.01
30029,103.8,95.7,88.88,79.43,72.03,67.57,62.49
30031,56.6,51.6,47.63,38.69,32.0,30.03,26.79
30033,0.0,-0.12,-0.02,-0.03,-0.14,7.1,13.1
30035,49.6,42.17,31.42,36.43,30.97,16.91,2.26
30037,0.0,-0.03,1.06,0.04,-0.21,-0.19,-1.01
30039,0.0,-0.26,-0.16,-0.63,-0.47,17.51,35.51
30041,79.5,64.96,59.36,47.99,42.09,30.13,17.76
30043,16.3,15.39,14.58,12.37,16.27,15.4,14.0
30045,0.0,-0.28,0.16,-0.25,-0.42,-0.49,-0.14
30047,75.8,67.87,64.32,60.92,57.21,44.24,31.23
30049,84.5,79.13,72.15,63.87,55.73,47.0,37.43
30051,35.1,31.27,40.46,36.7,36.69,12.17,-13.98
30053,113.3,100.55,101.27,93.3,85.15,57.29,27.65
30055,0.0,-0.09,-0.08,-0.09,-0.24,35.71,70.92
30057,16.0,4.15,28.44,24.51,22.23,12.65,3.13
30059,62.7,57.24,55.16,49.65,42.35,27.28,12.32
30061,72.0,63.75,51.13,43.5,41.07,19.33,-3.06
30063,85.3,75.54,71.22,62.31,57.45,59.63,60.2
30065,0.0,-0.06,-0.17,-0.15,-0.11,31.49,63.02
30067,48.4,45.65,45.6,42.5,35.05,28.12,20.01
30069,0.0,-0.12,-0.02,-0.13,-0.11,0.18,-0.7
30071,79.8,59.89,84.03,77.16,62.94,46.22,29.57
30073,6.4,76.59,67.9,65.14,60.43,41.86,22.07
30075,58.2,48.01,38.84,33.71,28.49,2.38,-23.9
30077,85.4,81.55,76.06,69.07,57.45,45.0,32.51
30079,0.0,-0.18,-0.33,-0.22,-0.63,20.62,41.8
30081,88.4,76.31,77.8,71.01,61.76,32.92,3.04
30083,68.4,60.24,63.47,59.95,52.72,34.05,14.14
30085,27.7,26.36,26.91,23.58,23.31,28.57,32.6
30087,40.8,37.23,38.54,38.36,38.48,18.76,-1.25
30089,94.2,68.74,78.32,69.33,62.43,45.03,27.78
30091,0.0,-0.13,-0.0,-0.06,-0.12,4.68,9.24
30093,112.7,108.27,99.27,86.98,76.12,55.46,35.24
30095,2.5,2.65,41.16,43.75,41.07,21.54,1.3
30097,3.1,1.82,43.82,45.48,43.04,12.68,-18.1
30099,88.7,73.1,64.84,57.47,29.76,13.55,-3.91
30101,57.9,62.94,57.82,49.38,51.19,113.15,174.55
30103,0.0,-0.05,-0.06,0.11,-0.02,0.0,1.18
30105,52.7,48.92,42.38,39.41,32.65,16.61,-1.11
30107,0.6,2.24,45.22,50.97,41.61,5.01,-32.61
30109,0.0,-0.09,-0.14,-0.07,-0.45,-0.46,-0.18
30111,101.7,95.82,87.83,74.66,65.64,73.33,80.77
31001,83.7,79.04,77.63,69.4,67.62,49.2,30.91
31003,59.5,53.71,48.71,47.77,48.45,42.96,38.11
31005,0.0,-0.09,0.02,-0.41,-0.36,-1.43,-0.52
31007,0.0,-0.22,-0.29,-0.34,-0.28,0.01,0.39
31009,0.0,-0.1,0.06,-0.19,-0.13,-0.47,0.11
31011,4.9,5.58,2.19,0.62,-0.17,10.67,22.39
31013,83.6,90.78,101.07,102.08,89.75,73.56,57.61
31015,65.4,29.88,1.35,-0.43,-0.61,11.59,23.85
31017,64.3,59.65,55.87,42.17,34.38,9.69,-14.53
31019,79.6,77.32,74.09,69.89,67.86,74.26,81.45
31021,54.9,46.82,22.67,19.81,17.71,17.54,18.13
31023,72.3,69.06,65.63,55.21,52.34,49.84,48.2
31025,25.3,26.05,25.54,33.77,29.71,11.17,-7.13
31027,37.8,36.85,34.5,34.68,32.66,17.03,2.23
31029,75.9,69.96,64.72,56.97,53.28,84.12,115.78
31031,82.3,84.62,90.91,78.86,60.63,22.05,-17.06
31033,68.4,54.9,45.8,39.99,35.58,27.67,20.77
31035,1.4,0.91,0.58,-0.37,-0.2,2.19,4.68
31037,1.4,1.16,0.29,-0.57,-0.48,9.69,20.56
31039,29.6,29.83,28.57,25.48,23.11,6.73,-8.76
31041,93.1,83.51,90.74,79.92,75.98,48.31,20.72
31043,75.1,73.28,72.94,66.12,63.31,28.79,-4.41
31045,75.6,71.05,72.89,65.96,56.88,37.62,19.25
31047,53.4,51.97,56.07,57.79,54.92,28.37,2.41
31049,4.3,4.24,3.85,0.7,-0.3,2.6,5.96
31051,11.2,12.05,12.48,10.92,10.46,12.85,16.49
31053,107.7,104.31,100.29,90.66,80.04,56.81,33.71
31055,72.3,66.91,64.35,57.22,49.5,63.73,77.95
31057,111.3,114.77,124.04,107.28,107.55,51.45,-2.99
31059,2.5,4.63,2.49,0.26,-0.12,17.57,35.43
31061,3.6,3.8,0.29,-0.47,-0.37,68.79,138.24
31063,0.0,-0.17,-0.12,-0.2,-0.06,2.19,5.52
31065,2.1,3.25,2.79,1.0,0.0,23.84,49.98
31067,90.3,76.66,62.98,54.31,41.89,25.66,10.53
31069,104.1,111.35,116.91,103.5,90.09,38.18,-11.95
31071,7.3,11.2,13.01,97.69,159.65,99.47,40.48
31073,0.0,-0.04,0.19,0.11,-0.26,-0.8,0.36
31075,0.0,0.13,0.14,0.04,-0.22,-0.22,0.04
31077,0.4,0.89,-0.19,-0.19,0.03,0.15,1.12
31079,89.1,83.18,77.63,70.56,64.7,65.91,66.09
31081,68.9,67.74,65.09,59.21,53.41,55.33,57.56
31083,86.2,85.39,85.9,81.92,80.29,34.69,-9.39
31085,0.0,-0.17,-0.05,-0.24,-0.01,2.35,5.44
31087,0.0,-0.28,-0.16,-0.42,-0.03,15.96,32.4
31089,78.2,72.89,59.64,36.39,13.26,23.67,34.34
31091,0.0,0.03,0.06,-0.04,-0.12,12.36,25.02
31093,80.9,77.97,70.91,60.69,55.43,41.61,28.1
31095,135.5,117.5,118.02,110.0,105.89,50.74,-3.09
31097,51.4,50.58,45.68,43.07,44.53,60.01,77.43
31099,69.9,65.7,62.84,54.44,45.21,34.39,24.49
31101,134.1,122.82,119.91,104.57,94.02,51.51,10.34
31103,0.0,0.21,-0.95,-1.07,-0.76,-0.72,0.74
31105,0.0,-0.36,2.43,0.99,-0.13,14.88,31.07
31107,32.2,27.36,27.46,26.99,28.64,31.41,35.75
31109,69.0,64.32,62.44,56.44,50.47,51.08,53.2
31111,107.8,102.36,96.29,90.93,81.78,76.05,72.68
31113,0.0,-0.15,0.02,-0.19,-0.2,-0.34,1.48
31115,0.0,0.07,0.17,2.89,2.41,-2.29,-6.04
31117,0.0,-0.09,-0.12,-0.1,-0.1,0.05,2.16
31119,103.2,96.4,89.79,84.16,79.82,72.28,65.71
31121,66.7,65.58,61.45,58.19,75.57,41.06,7.11
31123,58.0,68.36,60.92,56.8,57.19,18.19,-19.55
31125,21.7,43.16,44.26,43.16,39.86,9.95,-19.67
31127,104.5,101.23,95.53,89.48,82.58,68.03,55.83
31129,78.0,67.94,45.14,41.13,42.64,12.04,-18.22
31131,97.6,92.58,87.15,80.46,71.05,46.73,24.56
31133,84.0,79.89,71.07,51.94,50.69,53.31,57.71
31135,64.5,65.02,67.37,68.85,75.41,92.23,109.9
31137,113.8,110.95,114.17,115.7,105.41,94.14,84.59
31139,29.9,25.91,28.11,27.1,25.21,32.48,41.39
31141,83.1,78.73,77.41,67.22,60.82,33.73,7.02
31143,34.2,26.43,24.59,22.26,22.79,9.23,-3.44
31145,131.5,118.9,111.78,102.01,103.37,53.74,5.31
31147,60.4,53.7,52.33,45.55,38.1,16.56,-3.76
31149,0.0,-0.26,-0.57,-0.51,-0.36,4.89,10.43
31151,62.3,57.03,52.75,48.9,48.32,26.49,5.78
31153,59.2,55.64,53.26,46.25,39.86,30.49,21.43
31155,48.4,44.24,32.38,26.89,19.79,17.99,16.3
31157,110.5,101.88,94.53,85.98,76.12,81.64,86.85
31159,49.3,56.14,51.63,50.0,47.07,28.29,10.4
31161,0.7,1.24,1.0,15.91,0.47,2.53,5.31
31163,2.7,2.82,1.98,1.0,-0.21,3.55,7.09
31165,0.0,-0.14,-0.1,-0.23,-0.27,-0.63,-1.72
31167,0.0,-0.49,-0.36,-0.46,-0.51,0.78,2.37
31169,4.0,4.7,3.68,0.63,-0.02,8.09,16.78
31171,0.0,-0.01,0.05,-0.12,-0.1,1.91,4.59
31173,28.2,4.76,1.5,0.31,-0.19,17.7,36.24
31175,5.2,10.8,7.57,3.77,2.14,28.06,53.92
31177,64.4,60.73,57.84,50.7,42.6,17.42,-7.7
31179,56.6,51.76,51.44,48.45,43.57,28.15,13.67
31181,5.7,4.47,5.02,3.12,0.18,6.29,12.6
31183,0.0,-0.0,-0.23,0.99,0.71,-0.38,-0.7
31185,116.4,106.04,100.12,93.83,87.29,62.34,37.86
32001,135.2,121.89,108.19,101.04,77.88,44.84,11.0
32003,85.3,81.34,77.45,70.7,53.15,48.49,45.74
32005,105.9,103.98,103.95,98.82,82.85,46.7,9.59
32007,78.8,68.86,64.01,58.38,42.01,33.17,24.16
32009,0.0,-0.15,-0.1,-0.33,-0.48,-0.4,-1.59
32011,0.0,-0.16,-0.09,-0.15,-0.27,11.32,23.92
32013,80.5,88.74,78.92,69.05,45.08,11.22,-23.07
32015,1.7,1.33,0.17,0.46,-0.37,2.42,3.57
32017,97.7,93.64,85.68,76.4,67.01,52.42,41.69
32019,108.5,101.35,92.61,84.22,64.42,15.56,-34.09
32021,145.9,135.04,120.82,102.82,65.52,58.57,51.5
32023,146.6,141.95,137.03,118.57,90.88,46.78,4.86
32027,52.1,46.05,38.85,31.47,23.95,11.79,-0.63
32029,0.0,-0.7,-0.9,-1.13,-2.09,29.14,59.51
32031,98.0,90.6,83.63,73.82,57.71,57.25,55.66
32033,115.4,109.57,101.36,90.69,71.93,29.89,-12.05
32510,144.1,139.36,130.81,116.39,93.01,98.43,102.96
33001,87.0,82.19,68.72,57.67,49.58,26.85,3.64
33003,90.0,85.04,74.94,64.66,56.19,52.6,48.69
33005,79.2,74.23,65.33,53.48,45.32,29.82,13.6
33007,93.9,87.85,71.61,57.91,50.67,45.84,40.16
33009,87.1,80.27,68.18,55.09,48.14,59.89,71.47
33011,70.1,64.91,54.68,43.55,38.61,34.95,31.37
33013,90.4,86.03,73.73,59.65,52.14,46.16,40.23
33015,76.0,71.87,63.04,52.77,47.27,29.99,11.91
33017,95.0,91.42,80.0,64.74,55.43,49.02,42.08
33019,66.5,61.87,54.82,44.21,38.33,24.89,11.08
34001,84.7,80.48,74.56,64.39,54.3,56.4,56.55
34003,44.4,44.26,42.34,36.9,32.09,30.83,27.75
34005,73.9,73.16,68.95,59.37,51.11,53.67,54.34
34007,90.8,87.95,84.47,72.06,61.61,63.31,63.96
34009,96.8,95.03,88.19,76.18,64.85,36.52,6.57
34011,98.0,98.0,91.72,78.37,68.7,40.25,10.62
34013,43.0,42.42,39.46,33.49,29.16,33.11,35.55
34015,85.8,82.84,78.56,68.04,58.19,42.83,25.74
34017,38.6,38.33,36.73,32.02,28.0,23.56,18.0
34019,46.3,44.93,42.63,34.81,31.83,23.23,13.94
34021,59.6,58.98,54.19,46.44,42.32,38.07,32.43
34023,45.8,44.48,41.3,37.19,32.61,30.87,27.52
34025,61.8,59.39,55.17,46.88,41.01,40.15,37.65
34027,45.9,45.26,42.32,35.46,30.34,34.85,38.41
34029,72.6,70.61,66.49,56.12,48.06,25.02,-0.2
34031,50.8,50.63,46.26,38.95,32.68,32.29,29.97
34033,80.5,78.02,72.07,60.18,50.11,25.97,0.39
34035,38.7,38.67,36.88,31.53,26.94,24.16,20.28
34037,63.7,60.84,59.32,49.76,42.86,24.8,5.74
34039,45.2,44.92,40.99,34.77,29.81,25.46,19.11
34041,77.5,75.26,70.63,59.12,51.4,37.85,23.22
35001,74.7,74.63,68.89,59.54,51.14,55.73,60.72
35003,0.0,-0.05,-0.16,-0.21,-0.09,23.5,49.4
35005,88.8,84.56,81.26,69.06,62.44,55.33,49.14
35006,28.8,38.89,39.72,37.32,30.72,18.51,8.0
35007,85.8,74.2,69.91,62.32,53.24,73.18,92.85
35009,79.1,67.96,63.82,53.1,47.05,23.99,2.04
35011,26.2,7.48,7.19,6.7,0.04,5.01,9.98
35013,51.3,49.1,46.63,41.32,36.88,35.47,36.24
35015,98.9,94.44,89.63,79.35,70.97,71.34,73.07
35017,103.7,94.75,83.97,64.83,54.52,44.69,36.89
35019,9.9,8.26,6.86,6.7,0.11,48.09,96.77
35021,0.0,-0.19,-0.29,-0.24,-0.16,21.55,44.16
35023,0.0,-0.1,-0.34,-0.35,-0.23,15.72,33.02
35025,79.4,70.62,72.08,65.62,65.02,38.03,10.75
35027,97.9,95.49,92.47,81.68,66.83,30.13,-4.68
35028,63.0,64.44,69.84,63.08,56.13,39.09,22.28
35029,95.8,92.54,73.29,65.01,59.0,43.58,30.41
35031,22.9,23.19,22.66,20.78,18.82,13.28,9.44
35033,0.0,-0.41,-0.28,-0.51,-0.45,3.88,8.35
35035,62.4,63.42,55.99,49.79,43.63,30.48,20.0
35037,110.1,103.94,87.39,77.2,67.39,45.13,25.3
35039,93.7,90.36,83.46,75.49,68.01,32.28,-2.9
35041,28.1,25.83,26.78,24.29,17.24,26.22,36.14
35043,57.4,57.18,54.56,47.97,41.86,24.23,7.55
35045,66.1,68.06,67.73,53.42,45.49,35.01,25.13
35047,85.0,75.1,68.98,56.26,49.53,36.72,24.37
35049,90.4,89.72,82.45,72.5,62.76,52.86,43.26
35051,115.0,98.63,91.43,76.03,68.61,36.68,6.82
35053,83.9,84.92,59.94,49.46,56.98,43.03,31.43
35055,96.6,90.47,85.91,72.57,61.38,63.44,64.9
35057,27.8,28.23,25.77,19.46,17.08,3.24,-11.0
35059,56.4,50.0,44.61,38.59,39.24,48.17,58.37
35061,90.2,86.41,79.44,70.27,61.36,24.38,-12.11
36001,51.5,50.45,46.72,42.7,37.6,59.41,81.17
36003,59.2,59.93,58.63,53.97,47.34,30.77,14.02
36005,32.5,32.21,30.61,26.6,23.07,22.83,20.67
36007,71.6,70.79,69.46,63.7,55.73,58.16,59.02
36009,79.6,79.53,73.51,65.59,57.68,39.11,20.86
36011,34.1,50.68,49.4,46.17,41.43,26.53,11.04
36013,81.7,80.84,72.7,62.82,54.47,43.95,33.29
36015,101.8,98.18,85.43,73.46,67.01,67.32,67.01
36017,55.7,56.83,52.78,51.49,43.33,29.51,13.95
36019,44.4,72.93,76.61,74.47,66.82,70.13,72.73
36021,61.3,62.72,61.07,58.36,50.16,37.85,24.7
36023,43.3,60.06,59.38,57.99,50.15,23.32,-4.93
36025,72.7,70.0,66.38,54.33,45.13,20.95,-5.33
36027,57.7,58.0,55.66,50.16,46.41,35.3,21.46
36029,73.7,73.29,67.08,59.59,53.15,59.51,66.31
36031,29.0,45.43,46.88,45.21,40.72,35.29,29.13
36033,26.7,62.65,67.72,64.33,57.15,36.31,14.95
36035,70.7,73.77,69.35,64.55,57.45,37.98,18.92
36037,59.8,58.99,54.87,49.72,43.7,49.93,55.32
36039,70.4,68.25,64.73,60.26,53.73,22.66,-9.2
36041,0.0,0.56,0.06,-0.15,-0.29,24.05,50.03
36043,34.9,48.07,49.63,45.16,38.42,20.12,1.26
36045,27.3,55.6,59.36,55.41,50.82,53.29,56.18
36047,24.4,24.61,23.11,20.39,18.0,17.49,14.97
36049,20.3,36.48,40.92,36.65,30.46,24.12,19.84
36051,48.4,48.81,48.96,46.96,41.06,43.06,44.34
36053,45.5,60.18,59.41,53.43,48.68,45.78,41.52
36055,51.9,52.37,49.06,43.18,37.75,41.84,45.49
36057,78.4,84.26,81.43,76.17,68.35,52.46,36.16
36059,44.6,44.12,40.79,36.64,32.39,41.8,50.23
36061,42.7,42.06,39.52,34.34,29.95,56.38,81.23
36063,80.8,81.09,76.12,66.47,58.15,29.32,1.77
36065,58.7,64.72,62.08,56.0,47.97,41.63,34.91
36067,46.2,57.98,55.91,50.77,46.77,63.46,79.57
36069,56.1,55.6,51.7,45.69,40.31,35.95,29.68
36071,61.4,61.61,58.75,52.39,44.91,35.15,22.52
36073,57.2,56.47,50.06,48.4,42.4,23.63,4.29
36075,44.8,57.99,57.95,54.41,48.78,25.46,1.63
36077,52.3,56.78,56.35,54.02,50.4,51.8,51.83
36079,41.7,41.76,40.79,38.67,34.39,28.8,19.85
36081,25.6,25.93,23.95,20.86,18.42,15.93,12.27
36083,59.3,59.72,57.24,53.08,47.6,32.69,18.17
36085,49.1,48.81,44.91,40.15,35.87,30.88,24.49
36087,35.3,35.15,34.43,31.23,27.89,29.0,27.22
36089,26.9,61.63,69.74,66.43,59.66,43.8,28.25
36091,52.9,53.61,50.97,45.26,39.11,32.18,24.77
36093,56.7,57.02,53.55,49.46,43.39,34.58,25.34
36095,49.2,50.7,47.76,50.91,45.53,35.11,23.9
36097,62.2,61.24,57.68,54.08,51.35,40.57,29.42
36099,27.1,43.34,44.94,44.31,40.07,24.26,7.03
36101,69.1,70.93,67.11,61.55,55.27,37.11,18.35
36103,54.7,53.63,51.12,46.26,41.87,33.59,23.6
36105,79.8,71.28,70.06,66.63,59.11,61.88,62.25
36107,42.2,42.54,43.05,39.5,32.43,21.2,8.57
36109,42.5,53.5,52.53,49.67,43.3,46.43,48.61
36111,66.4,68.25,67.47,59.37,53.2,37.71,20.33
36113,80.0,86.44,82.97,81.02,74.2,72.87,70.44
36115,66.2,68.46,66.03,59.78,53.39,28.29,2.86
36117,54.3,59.25,54.48,47.85,42.43,17.07,-9.43
36119,36.9,36.96,35.04,31.36,28.27,27.6,24.24
36121,53.7,54.12,51.52,46.52,43.07,27.1,11.04
36123,39.0,38.29,33.83,30.17,26.21,17.49,7.68
37001,96.0,87.99,83.15,74.21,63.9,37.37,10.96
37003,33.6,28.81,25.24,20.55,16.1,5.23,-5.5
37005,103.2,99.91,86.55,77.09,68.48,38.59,8.25
37007,91.3,86.23,77.67,72.3,64.7,10.01,-45.29
37009,110.3,105.68,102.83,94.97,78.59,47.02,15.1
37011,95.1,89.48,82.61,72.1,65.04,35.86,6.9
37013,141.3,143.16,141.24,131.56,111.73,53.78,-3.32
37015,65.0,64.19,53.31,26.57,1.39,42.22,82.41
37017,114.8,117.81,113.96,104.97,96.48,34.8,-26.17
37019,123.7,116.82,110.44,95.97,81.1,40.72,2.06
37021,95.6,88.81,81.1,71.74,58.89,72.62,87.39
37023,159.3,154.65,151.15,125.93,102.09,67.48,32.59
37025,110.3,101.65,94.96,83.5,69.78,59.81,49.75
37027,148.9,141.0,135.73,119.92,106.4,59.38,12.02
37029,0.0,-0.46,-0.63,-1.4,3.38,-2.65,-9.25
37031,119.1,114.44,101.7,86.96,75.59,61.81,50.42
37033,15.2,13.35,12.09,6.88,-1.09,0.45,1.62
37035,142.6,133.76,129.14,115.04,98.64,104.7,110.31
37037,47.9,43.59,43.42,37.69,31.84,16.47,1.22
37039,125.8,112.56,122.53,118.25,107.44,63.17,19.27
37041,113.1,108.94,110.61,105.32,98.38,59.07,19.58
37043,133.9,138.21,121.98,117.82,108.79,37.51,-34.1
37045,148.5,139.11,128.55,116.93,103.79,114.37,125.23
37047,198.0,189.46,178.05,140.74,119.27,76.45,33.86
37049,129.0,128.76,112.97,98.95,85.57,72.64,61.38
37051,96.5,96.26,86.62,76.33,67.36,64.21,61.2
37053,21.3,19.63,18.78,15.05,12.6,11.23,9.53
37055,132.3,119.24,107.94,99.16,87.54,75.18,63.57
37057,84.5,78.08,79.27,70.11,59.97,33.28,6.54
37059,120.9,112.6,96.83,89.09,75.81,31.49,-12.58
37061,90.9,80.69,78.42,69.67,54.78,28.74,3.6
37063,57.8,54.47,49.33,41.38,34.53,72.22,110.47
37065,55.5,54.27,75.78,70.79,61.11,30.44,-0.04
37067,92.6,84.01,76.47,65.77,55.87,94.66,134.09
37069,67.5,62.84,56.3,47.63,41.09,14.64,-12.58
37071,138.1,127.01,119.06,102.54,88.52,69.37,50.05
37073,3.0,2.24,2.16,-0.62,-1.46,-1.62,-3.41
37075,111.2,113.97,102.21,89.69,80.5,11.5,-57.85
37077,87.6,85.57,79.46,62.88,52.82,24.74,-2.98
37079,34.0,33.88,28.7,27.3,22.97,20.91,18.96
37081,88.9,83.75,75.05,65.4,56.06,59.56,62.2
37083,128.0,123.24,117.06,104.97,92.54,53.26,13.31
37085,93.7,86.69,80.27,72.04,59.13,48.29,37.53
37087,111.6,105.03,102.27,92.54,80.01,61.63,43.87
37089,94.0,89.74,84.08,73.51,61.2,40.65,20.52
37091,139.6,133.15,136.1,122.15,104.65,70.33,35.04
37093,66.5,60.46,60.17,54.69,36.14,18.21,0.31
37095,52.7,68.04,64.04,58.64,49.88,1.64,-45.27
37097,116.4,108.83,101.96,91.19,77.95,74.12,70.44
37099,109.9,101.25,92.06,81.18,68.33,43.22,17.93
37101,74.8,73.3,69.94,61.02,49.16,36.64,24.51
37103,5.3,4.97,22.13,34.3,40.04,15.26,-7.59
37105,130.6,120.42,128.55,114.17,97.04,62.2,27.22
37107,91.8,83.22,87.91,82.42,67.97,48.77,30.99
37109,130.6,123.27,115.8,99.41,83.99,44.68,4.59
37111,97.6,92.85,87.21,77.03,60.33,35.36,9.66
37113,107.1,94.44,90.38,83.37,73.36,31.61,-10.29
37115,63.3,60.61,58.29,51.14,42.3,12.37,-16.79
37117,93.5,83.09,100.31,97.81,84.61,38.67,-7.37
37119,63.7,59.37,54.2,46.71,39.41,53.85,68.6
37121,167.0,163.95,151.08,129.93,110.3,82.2,54.37
37123,74.9,70.57,65.26,54.67,44.99,29.83,13.81
37125,135.7,133.65,127.97,103.53,82.54,120.88,158.81
37127,114.9,108.07,93.94,83.77,72.68,82.55,91.97
37129,119.1,114.54,103.4,85.45,69.44,86.68,105.86
37131,1.6,0.81,13.82,12.6,12.92,4.46,-4.78
37133,86.1,80.59,77.35,65.92,56.77,49.48,44.3
37135,46.8,43.75,41.88,36.68,31.83,92.05,153.03
37137,74.0,79.49,85.35,81.79,75.86,10.68,-52.76
37139,141.5,137.24,131.59,119.91,99.02,60.6,21.65
37141,46.1,45.91,49.78,47.95,39.69,22.79,8.19
37143,40.2,37.95,36.03,29.73,24.49,19.79,14.17
37145,112.2,110.12,104.7,91.95,77.86,26.96,-23.96
37147,94.0,89.54,83.94,72.79,62.12,113.35,165.42
37149,68.9,71.83,64.77,55.07,46.95,28.58,10.73
37151,79.8,75.98,71.57,63.09,53.68,34.22,14.61
37153,160.3,136.58,149.42,136.8,115.87,95.06,74.16
37155,141.1,139.81,129.69,114.09,102.64,61.77,20.65
37157,148.4,131.27,130.62,120.86,107.09,62.93,18.25
37159,96.4,90.14,80.85,72.48,63.04,54.75,46.15
37161,106.4,103.07,97.24,88.93,77.73,41.51,5.38
37163,95.4,92.7,87.21,77.81,65.45,35.09,5.64
37165,225.1,216.63,193.69,167.88,143.63,104.97,66.18
37167,139.1,128.71,111.96,101.01,87.25,35.73,-16.06
37169,91.2,84.91,85.26,81.36,70.3,36.74,3.82
37171,191.5,181.77,165.04,141.72,122.63,64.02,5.66
37173,104.8,97.26,88.46,77.74,69.21,106.56,143.57
37175,115.8,106.43,99.06,87.02,74.64,42.08,10.16
37177,74.3,93.32,88.6,79.59,70.67,14.22,-41.71
37179,76.6,72.84,67.63,60.28,51.7,26.21,0.68
37181,146.4,134.96,121.71,102.39,87.43,50.12,12.5
37183,61.3,58.54,54.5,47.21,40.94,39.25,38.39
37185,31.6,33.13,31.58,28.18,23.92,2.03,-21.09
37187,103.2,99.35,88.1,86.19,83.88,41.26,-1.7
37189,92.1,85.4,76.95,68.36,62.85,52.67,41.84
37191,88.8,80.5,78.46,71.17,59.12,41.57,25.01
37193,100.2,97.21,91.36,79.36,67.98,34.07,-0.24
37195,105.7,98.83,91.14,81.97,72.13,36.98,2.34
37197,74.4,64.79,67.82,55.37,46.44,27.06,8.29
37199,111.6,109.22,99.0,84.89,73.53,36.43,0.01
38001,148.5,123.87,120.11,101.33,85.68,109.02,130.77
38003,76.7,67.09,63.66,54.27,51.1,38.24,25.71
38005,6.9,6.85,6.88,5.83,3.86,1.56,-0.88
38007,0.0,-0.37,-0.14,-0.11,-0.11,-0.56,-2.43
38009,47.6,41.63,35.75,29.59,26.56,12.29,-1.66
38011,41.7,53.16,55.01,52.19,41.37,28.82,15.84
38013,0.0,-0.15,0.01,-0.05,-0.06,4.03,7.63
38015,79.7,76.12,68.02,58.49,52.73,65.63,76.89
38017,42.7,36.63,30.67,24.54,20.38,36.75,54.49
38019,22.9,50.64,46.01,45.22,42.29,40.2,38.55
38021,79.7,74.45,66.52,63.0,52.09,35.51,18.81
38023,1.9,0.39,0.16,0.04,-0.06,3.74,7.33
38025,26.7,17.6,16.82,16.76,17.05,4.3,-10.14
38027,108.1,97.05,82.63,74.43,76.69,5.82,-65.15
38029,69.1,59.05,55.54,48.34,45.76,38.95,30.95
38031,107.2,117.09,107.26,88.9,82.46,82.25,81.86
38033,0.0,-0.0,0.03,0.02,0.03,4.44,8.2
38035,67.6,61.83,58.15,53.74,47.11,58.08,69.88
38037,0.6,0.11,0.41,0.22,-0.16,4.14,5.93
38039,0.0,0.08,25.11,51.48,47.45,6.87,-32.39
38041,24.1,20.5,20.74,22.49,17.72,1.98,-14.96
38043,44.7,40.86,33.87,29.85,25.24,19.2,11.28
38045,39.7,34.32,37.73,31.65,32.79,6.85,-19.22
38047,0.0,-0.21,0.12,-0.43,-0.3,12.44,24.2
38049,0.7,0.71,16.96,19.15,19.96,7.0,-7.69
38051,52.6,43.24,41.65,35.65,30.18,30.2,29.12
38053,58.3,42.25,33.81,34.45,37.25,12.68,-12.52
38055,50.9,45.33,41.47,35.2,34.47,25.26,13.91
38057,73.6,71.32,68.18,62.23,53.9,42.84,29.22
38059,50.0,47.43,41.83,38.15,37.14,13.07,-12.54
38061,14.8,11.9,10.72,10.58,8.12,2.27,-3.37
38063,35.8,34.06,32.68,28.47,30.28,4.74,-22.21
38065,0.0,-0.21,-0.32,-0.35,-0.27,-0.77,-3.61
38067,69.5,66.57,54.37,51.62,45.39,41.97,38.87
38069,55.4,58.98,59.49,50.65,53.56,48.4,42.64
38071,142.1,131.21,120.87,110.4,101.15,67.91,33.73
38073,83.9,73.17,55.22,47.26,46.15,31.56,17.11
38075,20.7,18.45,26.62,24.37,23.5,0.83,-22.27
38077,43.2,35.48,33.87,27.65,24.71,24.93,25.63
38079,6.4,5.44,4.08,2.99,2.87,3.37,3.03
38081,1.6,0.67,-0.5,-0.38,-0.25,0.78,1.51
38083,0.0,-0.09,1.64,-0.3,-0.24,2.63,4.03
38085,0.0,-0.2,-0.16,-0.24,-0.07,-0.11,-2.31
38087,0.0,0.28,0.07,-0.17,-0.48,-0.55,-1.05
38089,81.2,71.97,67.27,61.7,56.45,39.21,21.6
38091,0.0,0.4,0.41,0.51,-0.15,-1.32,-2.09
38093,89.7,84.05,75.22,63.8,59.89,30.52,2.21
38095,0.0,0.6,0.35,1.62,-0.02,10.87,20.54
38097,18.3,39.05,27.53,19.43,15.46,10.61,6.8
38099,61.0,57.92,44.3,39.59,33.81,20.25,7.01
38101,76.5,71.05,61.67,52.66,46.97,44.98,42.34
38103,3.5,2.14,73.51,65.04,57.52,52.76,47.21
38105,76.8,66.34,59.9,55.71,49.6,34.6,18.58
39001,91.8,87.79,83.42,78.36,69.03,39.85,9.99
39003,109.6,99.5,90.43,77.09,66.36,70.45,73.94
39005,51.9,48.76,44.73,36.87,30.03,18.89,7.71
39007,86.9,75.34,67.61,59.54,49.49,35.65,20.89
39009,96.2,91.18,83.35,70.24,58.4,47.19,35.72
39011,55.5,51.82,49.82,43.07,35.72,21.28,7.25
39013,118.2,103.76,88.71,76.85,63.13,45.08,28.03
39015,102.4,95.91,86.92,76.61,67.59,28.51,-11.59
39017,93.4,85.38,77.34,66.02,55.18,44.62,33.95
39019,48.6,45.8,41.42,35.35,29.68,16.59,3.45
39021,81.9,74.82,70.22,62.01,55.32,14.49,-26.15
39023,115.7,109.17,104.33,89.21,76.65,57.81,40.25
39025,100.2,88.5,82.23,72.8,62.79,23.98,-15.24
39027,119.2,108.93,102.62,89.26,75.36,46.68,18.4
39029,99.0,92.28,84.36,69.42,57.45,26.2,-4.07
39031,87.0,84.57,80.54,69.06,55.06,28.71,3.23
39033,104.6,96.79,87.71,76.53,67.21,45.39,23.78
39035,70.1,66.91,61.3,50.44,39.23,53.7,68.02
39037,58.5,56.97,52.05,43.92,38.73,18.75,-1.2
39039,95.2,88.39,80.4,70.55,60.59,54.18,47.01
39041,62.0,58.22,54.36,47.88,41.4,30.27,20.29
39043,107.8,96.01,84.68,73.48,60.38,44.02,26.82
39045,86.2,80.28,73.49,62.79,54.44,50.0,46.86
39047,119.8,106.95,99.22,85.69,73.06,66.65,61.38
39049,88.5,80.63,72.31,60.06,50.29,62.9,77.06
39051,88.6,84.02,74.94,65.71,56.27,23.8,-9.14
39053,126.6,109.57,88.14,69.57,54.3,53.45,53.09
39055,61.2,58.68,54.65,46.61,39.62,23.12,6.23
39057,91.1,83.45,74.56,61.64,51.0,50.2,49.84
39059,116.4,104.27,97.4,84.75,72.69,32.4,-7.33
39061,86.4,78.79,72.28,62.44,52.74,71.33,89.6
39063,73.1,67.24,61.65,54.01,46.73,47.85,48.24
39065,82.8,72.09,68.98,59.69,51.17,13.55,-22.94
39067,72.8,70.18,64.84,57.52,48.91,11.06,-25.35
39069,66.1,61.74,54.54,49.25,41.55,12.97,-15.56
39071,127.8,110.95,102.53,91.13,79.45,30.31,-18.74
39073,108.4,103.37,94.66,78.97,67.72,25.35,-16.95
39075,32.3,28.87,23.58,20.05,16.37,8.38,0.86
39077,114.9,105.26,96.93,82.41,69.14,56.31,43.47
39079,175.3,152.99,134.84,114.63,90.54,35.02,-19.79
39081,138.7,122.4,112.4,95.55,80.83,74.99,69.19
39083,63.6,57.66,53.93,45.37,37.09,22.43,8.17
39085,85.0,80.41,74.8,62.64,51.62,43.09,34.12
39087,101.3,92.13,82.42,73.38,62.71,53.55,44.37
39089,76.6,72.01,65.83,56.26,47.87,24.25,1.23
39091,99.9,90.37,83.69,72.49,62.36,29.31,-3.84
39093,86.1,79.84,73.88,60.74,50.05,33.31,15.81
39095,112.1,106.21,98.22,85.57,73.88,82.82,90.78
39097,78.1,75.5,72.71,65.17,56.53,25.61,-3.76
39099,112.3,105.79,93.83,78.9,67.81,77.97,87.6
39101,115.9,109.37,102.98,92.07,83.22,81.7,80.22
39103,73.1,66.89,61.18,51.04,42.27,24.03,5.78
39105,84.1,71.91,63.26,51.81,41.74,11.18,-20.0
39107,58.9,46.94,47.48,41.81,36.55,24.69,13.88
39109,80.5,74.08,68.08,59.48,47.89,26.34,5.01
39111,60.3,55.49,44.96,36.95,28.73,14.23,0.77
39113,111.8,103.74,93.47,77.47,63.58,70.39,78.18
39115,48.1,46.8,41.99,38.38,31.6,8.59,-14.97
39117,59.2,55.81,50.59,44.94,39.72,10.23,-19.21
39119,115.6,105.53,97.07,84.97,71.39,63.72,55.6
39121,30.0,25.3,22.69,18.34,15.2,6.09,-2.7
39123,79.5,74.97,69.67,60.83,51.46,25.18,-2.46
39125,48.4,41.82,37.48,30.62,23.85,15.81,7.56
39127,95.3,86.03,80.8,69.47,59.4,34.01,9.23
39129,84.6,78.2,71.23,61.57,51.52,32.57,15.67
39131,132.2,118.01,105.87,93.7,75.53,50.5,26.32
39133,67.9,65.05,60.64,51.21,42.93,27.56,12.26
39135,64.2,61.08,65.64,58.46,48.61,21.44,-4.54
39137,43.5,42.82,40.19,33.64,28.73,17.59,6.09
39139,87.9,79.76,70.53,60.07,51.66,34.52,17.63
39141,116.5,105.97,93.74,77.31,65.44,58.01,51.68
39143,85.3,74.97,68.21,60.74,55.91,26.78,-3.04
39145,124.5,113.45,105.32,92.17,78.81,70.86,63.09
39147,85.3,79.4,72.77,61.16,51.78,20.94,-10.37
39149,84.8,77.14,71.57,60.78,52.99,23.21,-6.93
39151,111.5,103.78,92.95,78.2,65.77,58.61,51.56
39153,91.4,86.17,76.92,62.76,51.97,57.5,62.79
39155,105.6,101.66,94.58,81.67,72.2,49.21,25.63
39157,88.9,81.12,75.15,65.35,53.42,55.31,57.99
39159,74.3,72.86,67.37,58.67,51.36,36.71,23.84
39161,81.4,72.15,67.55,56.81,47.88,32.15,16.81
39163,1.6,-0.13,3.3,16.57,16.11,1.87,-11.74
39165,76.4,70.31,64.01,54.58,46.89,30.96,14.33
39167,147.5,133.84,119.83,103.33,88.71,68.27,47.69
39169,70.0,64.71,57.15,48.09,40.73,27.34,13.95
39171,81.9,60.35,52.55,43.78,37.56,17.83,-1.92
39173,55.5,51.66,46.9,42.56,37.63,31.32,24.19
39175,52.9,48.36,45.89,41.26,34.88,11.34,-12.02
40001,58.5,69.71,66.58,65.39,57.81,67.19,78.86
40003,6.3,5.14,0.43,0.51,0.54,4.18,9.73
40005,45.3,44.94,34.43,31.69,26.64,5.96,-15.25
40007,0.0,-0.84,-0.43,-0.1,-0.17,8.35,17.59
40009,123.5,117.57,122.6,96.29,86.77,47.3,10.39
40011,6.5,8.73,3.44,1.28,0.52,20.1,42.15
40013,148.8,153.7,146.18,128.01,110.42,64.67,17.44
40015,86.3,82.28,77.52,62.19,48.14,25.44,5.43
40017,101.1,96.08,88.84,80.58,73.81,26.09,-19.04
40019,188.7,175.15,165.64,150.02,141.42,99.97,58.17
40021,116.1,108.52,103.77,98.74,96.69,54.22,14.32
40023,54.9,49.01,36.08,34.49,24.83,25.11,24.69
40025,82.6,76.57,54.92,35.65,33.07,17.38,3.67
40027,93.8,85.61,78.94,74.22,68.32,39.65,11.84
40029,61.4,105.36,95.42,76.03,70.68,52.22,33.94
40031,80.0,82.83,82.26,76.28,71.25,65.66,60.65
40033,8.7,7.96,1.6,0.12,-0.19,-0.53,-1.47
40035,122.2,108.37,105.37,99.8,84.29,27.92,-27.55
40037,136.6,121.74,111.03,99.5,87.21,24.69,-36.35
40039,113.6,109.51,104.7,93.82,85.87,37.59,-8.73
40041,90.2,88.52,90.67,78.08,69.41,41.35,15.57
40043,6.5,4.36,16.2,11.99,8.71,7.47,7.62
40045,86.6,88.58,81.55,7.67,0.34,32.19,64.87
40047,97.2,96.51,98.26,93.38,87.89,65.1,44.14
40049,77.5,58.6,53.77,49.7,40.66,28.52,16.47
40051,61.9,55.82,53.73,54.72,49.52,25.69,3.28
40053,25.4,22.11,22.2,25.01,21.57,1.08,-17.68
40055,59.3,46.84,31.39,35.07,17.0,20.58,25.77
40057,210.3,164.17,185.2,174.82,173.69,162.14,151.85
40059,10.5,12.17,1.28,-0.08,-0.1,89.85,181.21
40061,121.6,112.89,97.71,92.86,87.22,45.94,5.4
40063,50.1,39.85,34.56,29.06,21.03,8.46,-4.07
40065,128.9,104.84,101.61,92.78,90.99,49.27,8.59
40067,41.8,41.26,33.05,11.0,0.62,12.33,23.03
40069,8.7,8.39,2.66,1.79,-0.59,9.43,18.12
40071,102.6,94.45,90.66,82.1,76.33,41.02,7.71
40073,53.2,25.49,103.83,110.02,108.28,101.75,98.08
40075,49.3,46.74,41.16,33.06,29.71,31.0,33.7
40077,83.6,78.83,74.51,73.95,65.42,58.4,52.4
40079,92.8,97.48,88.92,80.6,70.93,44.17,19.56
40081,23.6,26.68,20.74,17.13,18.61,23.36,29.46
40083,53.8,53.78,52.19,45.53,32.97,15.44,0.03
40085,83.8,72.15,74.93,69.06,68.76,106.9,144.37
40087,151.4,143.52,137.57,126.9,110.97,32.83,-44.21
40089,96.9,69.39,77.59,69.06,57.35,27.44,-2.44
40091,73.8,71.02,66.53,62.09,54.28,15.5,-23.29
40093,6.8,5.78,1.71,1.38,38.75,17.35,-1.9
40095,51.7,47.44,57.14,70.61,62.01,18.48,-26.85
40097,122.5,105.83,101.33,88.69,75.55,33.31,-6.98
40099,175.9,164.18,154.56,131.51,121.95,59.03,-4.55
40101,127.7,127.6,122.72,114.34,111.68,79.04,47.9
40103,21.6,18.37,13.91,6.21,-0.16,1.95,6.09
40105,76.4,68.64,64.41,53.68,45.85,37.51,30.55
40107,6.0,9.08,1.35,0.38,-0.44,0.96,2.8
40109,126.5,117.8,109.55,97.54,85.11,100.7,118.29
40111,110.0,105.19,97.18,89.47,74.66,19.52,-35.64
40113,20.2,14.17,11.92,9.22,7.84,10.1,13.12
40115,115.7,101.69,89.03,83.6,73.54,39.24,6.07
40117,105.6,101.82,99.8,87.83,77.95,30.18,-16.85
40119,111.5,103.92,102.15,87.43,76.97,43.22,11.69
40121,170.7,164.65,156.62,141.57,127.35,86.15,45.61
40123,128.3,121.21,116.29,105.65,102.14,65.28,28.33
40125,146.6,131.43,128.1,120.89,117.89,56.66,-4.32
40127,9.7,8.08,1.41,27.64,37.18,8.12,-20.73
40129,4.1,4.08,1.03,-0.81,-0.55,5.19,12.71
40131,120.9,124.56,105.05,93.71,82.81,34.66,-12.61
40133,73.8,73.22,65.61,60.11,61.03,26.15,-8.62
40135,89.0,85.11,64.29,52.78,32.58,15.22,-0.74
40137,123.8,131.79,131.63,122.66,127.02,74.04,20.22
40139,27.0,23.75,38.65,33.31,29.05,16.35,4.19
40141,110.5,93.66,96.41,88.27,94.99,68.08,42.0
40143,144.1,135.88,125.77,113.93,98.64,110.71,123.73
40145,77.3,68.79,62.8,57.41,49.12,14.22,-18.95
40147,131.3,126.07,114.31,103.68,93.73,48.93,5.54
40149,2.6,3.08,0.4,-0.57,-0.72,13.64,29.53
40151,43.5,35.37,26.44,24.48,21.36,16.77,14.69
40153,118.3,111.47,105.73,92.65,89.42,63.76,40.39
41001,147.2,140.62,129.94,109.81,94.86,71.37,48.24
41003,56.9,51.27,45.89,37.65,30.83,58.77,87.77
41005,86.9,82.81,74.39,63.95,56.76,37.0,17.83
41007,149.2,124.36,107.75,90.87,79.73,57.86,35.7
41009,84.3,77.58,68.93,62.98,55.77,25.79,-3.96
41011,158.6,146.46,134.19,115.92,99.5,78.33,58.02
41013,119.1,110.18,98.54,83.9,73.92,36.8,1.73
41015,177.6,154.25,148.38,132.7,124.85,78.99,33.07
41017,102.1,94.9,86.24,74.37,67.25,56.93,47.78
41019,118.1,108.66,101.26,89.34,78.41,54.68,31.45
41021,103.6,104.21,101.21,77.09,71.01,30.96,-10.02
41023,4.2,3.14,2.51,51.96,59.9,47.11,34.68
41025,124.7,114.63,101.35,86.31,79.86,57.3,33.97
41027,92.0,86.74,91.1,79.74,70.71,70.05,69.22
41029,124.5,114.5,106.39,94.14,85.68,88.31,89.99
41031,65.2,58.97,58.35,52.13,43.67,24.58,7.35
41033,141.9,131.07,119.86,104.02,94.77,51.45,7.61
41035,108.5,94.85,83.1,69.07,56.16,40.75,23.45
41037,129.0,117.91,103.82,89.01,67.22,46.74,24.38
41039,123.4,113.48,101.98,87.29,74.78,65.92,57.15
41041,153.3,136.2,115.25,97.75,82.82,43.53,3.66
41043,127.0,115.62,103.45,89.37,77.89,33.06,-10.05
41045,171.4,159.57,149.54,138.11,119.79,94.75,68.22
41047,78.4,73.53,68.55,58.99,49.28,39.5,30.29
41049,20.4,17.9,18.67,30.86,28.49,22.66,17.66
41051,65.3,58.15,51.27,42.95,36.5,48.65,60.67
41053,67.1,60.5,51.95,47.49,41.89,23.44,5.27
41055,0.0,-0.41,-0.44,-0.73,-0.5,19.02,38.31
41057,124.0,113.88,101.95,91.6,83.72,56.71,29.67
41059,109.9,103.56,96.21,79.93,65.1,35.36,4.83
41061,131.5,126.05,114.38,100.39,85.77,61.82,37.22
41063,111.6,95.2,85.4,77.19,70.75,52.5,34.2
41065,156.5,142.06,135.93,123.01,107.82,59.51,11.05
41067,60.1,55.12,50.23,43.69,38.27,36.57,35.35
41069,0.0,-0.11,-0.09,-0.01,-0.12,54.26,109.95
41071,92.0,83.69,72.14,62.74,52.04,34.11,16.77
42001,52.6,51.23,45.92,37.37,31.84,26.13,20.61
42003,84.2,79.06,72.21,59.26,50.41,65.79,80.71
42005,83.9,80.93,74.15,73.87,63.67,30.39,-3.89
42007,85.8,80.05,73.12,61.95,55.01,33.33,11.78
42009,75.1,69.42,66.7,56.82,43.11,20.03,-3.74
42011,65.8,63.95,59.23,49.46,42.8,32.74,22.68
42013,115.7,111.22,105.55,89.97,75.94,74.87,73.76
42015,75.3,71.97,69.8,59.24,49.51,56.08,62.41
42017,75.3,71.1,66.42,57.12,51.78,42.51,31.43
42019,78.0,74.25,69.07,58.42,51.31,33.72,15.14
42021,109.2,103.99,98.67,85.8,74.04,61.2,48.51
42023,124.5,111.89,100.65,85.09,72.68,22.46,-27.86
42025,83.3,79.68,73.99,60.76,50.21,29.72,8.74
42027,54.9,50.52,48.29,40.26,34.24,31.28,28.43
42029,57.3,54.88,50.73,43.88,38.6,30.74,21.83
42031,75.0,69.64,68.26,58.37,54.33,32.74,9.92
42033,92.1,84.53,75.82,62.21,53.07,48.9,44.07
42035,79.1,75.89,73.43,66.46,57.46,45.02,32.29
42037,89.6,85.98,80.69,70.06,62.09,61.22,59.31
42039,103.0,95.89,84.6,69.96,58.23,53.92,49.67
42041,79.6,75.26,69.27,56.55,48.26,41.49,36.07
42043,76.8,71.05,64.41,52.45,44.19,54.66,65.91
42045,82.2,77.61,70.75,58.07,48.02,45.25,40.88
42047,98.7,93.09,87.85,70.49,59.81,35.91,11.5
42049,93.2,87.51,79.45,66.75,58.22,59.62,60.17
42051,134.9,134.11,128.9,110.28,99.02,83.24,67.36
42053,42.7,40.78,41.11,38.48,35.32,4.07,-28.0
42055,83.7,78.91,73.42,60.23,48.94,36.61,24.84
42057,12.7,11.71,13.46,57.16,54.98,21.62,-12.08
42059,82.3,77.94,78.28,68.24,60.23,29.25,-1.22
42061,69.5,64.54,59.97,49.89,42.83,21.4,0.07
42063,80.2,76.92,71.08,62.32,47.54,33.36,19.35
42065,86.3,80.89,73.44,63.73,54.21,29.21,4.03
42067,63.1,58.22,55.58,49.56,42.47,29.39,16.77
42069,123.4,117.34,112.04,98.69,84.18,72.03,59.03
42071,65.1,60.65,54.67,45.69,40.17,34.2,28.42
42073,114.2,103.12,92.56,78.41,65.35,52.94,40.99
42075,66.2,63.24,57.87,47.98,41.33,30.99,20.48
42077,53.7,51.15,47.8,39.51,34.83,44.89,54.4
42079,98.8,92.23,85.81,71.19,61.28,50.52,39.39
42081,100.1,93.92,86.62,73.48,64.72,58.0,51.3
42083,100.3,91.3,86.83,78.58,70.14,47.21,23.72
42085,124.2,119.8,109.26,92.59,77.89,72.16,66.53
42087,92.4,84.63,82.25,68.64,56.39,40.49,24.65
42089,87.9,82.7,76.0,65.3,56.76,32.95,8.0
42091,65.9,63.26,59.22,50.98,43.69,50.7,56.23
42093,87.8,82.17,77.72,66.35,58.5,268.98,478.27
42095,77.4,72.7,66.62,54.99,49.25,52.65,55.38
42097,106.4,104.13,95.72,82.63,68.13,52.76,36.53
42099,70.6,64.77,56.3,48.72,42.85,18.21,-5.79
42101,80.0,75.93,68.05,55.01,44.36,49.35,52.44
42103,70.7,58.01,49.21,40.59,38.44,24.31,7.6
42105,74.1,67.05,62.86,56.1,48.77,34.61,20.1
42107,88.1,83.9,79.11,67.97,59.73,33.58,5.84
42109,76.4,69.44,65.75,56.05,47.91,38.12,28.09
42111,72.7,72.54,69.73,61.52,48.77,28.27,7.75
42113,51.5,47.92,44.46,38.44,30.22,15.05,-0.61
42115,65.7,60.2,52.23,48.21,42.15,22.92,1.78
42117,79.4,80.46,75.33,62.71,52.72,34.0,14.31
42119,64.4,62.02,58.45,51.95,42.75,59.04,74.79
42121,96.0,90.4,80.95,67.29,58.32,49.97,41.15
42123,82.7,80.45,76.36,67.91,61.6,43.18,24.2
42125,83.6,79.55,72.33,59.5,52.53,37.24,22.0
42127,72.1,67.07,64.33,56.22,51.83,22.44,-9.2
42129,83.6,79.33,74.04,63.66,55.56,44.14,33.14
42131,90.7,85.19,80.62,67.35,50.71,38.01,24.2
42133,72.3,68.12,62.48,51.67,43.95,38.9,34.1
44001,54.7,50.76,44.42,38.9,32.95,20.16,6.23
44003,87.8,78.96,71.97,63.05,54.47,51.21,46.83
44005,68.8,63.62,59.52,50.74,43.37,28.52,13.38
44007,70.6,63.75,57.91,48.62,40.14,40.65,40.69
44009,73.5,66.56,62.99,55.91,46.98,34.26,20.83
45001,63.8,62.28,57.97,52.18,46.83,32.4,19.87
45003,97.9,93.17,88.07,77.81,66.99,43.76,19.07
45005,63.8,57.03,55.14,47.24,40.75,40.02,39.08
45007,102.7,97.37,93.6,85.1,76.63,74.17,72.6
45009,101.4,105.58,101.2,92.49,78.06,43.94,9.14
45011,105.6,100.6,98.32,89.76,74.51,48.41,21.17
45013,70.7,68.09,65.26,59.52,53.72,46.48,39.97
45015,64.7,61.62,59.09,54.37,46.44,18.99,-10.04
45017,1.5,3.36,10.44,8.11,7.08,4.65,-0.12
45019,91.0,84.98,76.32,66.33,56.32,106.89,156.94
45021,126.8,115.74,115.08,105.91,92.96,60.32,27.38
45023,106.8,100.45,96.92,82.57,71.53,40.32,9.81
45025,100.1,90.06,86.94,80.17,69.05,25.26,-18.75
45027,92.4,85.16,80.75,73.95,68.5,42.83,15.43
45029,134.5,134.23,126.12,115.18,104.29,52.29,-0.19
45031,168.8,157.57,152.74,141.41,127.81,100.59,73.59
45033,151.1,138.54,127.15,114.49,96.97,59.83,22.94
45035,105.7,102.85,100.73,90.02,77.8,25.81,-27.65
45037,47.7,57.79,62.38,54.35,46.23,18.87,-8.93
45039,74.3,67.11,54.56,46.1,41.3,24.83,8.26
45041,147.5,140.77,135.97,122.86,107.58,130.65,153.04
45043,105.3,97.28,88.11,78.28,66.4,52.92,39.08
45045,104.0,96.74,91.6,80.19,69.31,71.7,74.42
45047,137.4,128.39,116.16,102.14,90.2,86.85,84.3
45049,106.9,108.28,105.1,92.1,80.92,29.2,-23.15
45051,129.8,121.86,110.74,97.18,83.11,62.54,41.63
45053,69.5,62.64,67.47,59.88,50.84,20.18,-10.06
45055,82.2,79.05,89.46,80.49,68.08,32.42,-4.11
45057,104.3,91.92,83.0,72.77,63.66,32.88,1.8
45059,96.5,90.45,85.95,78.66,68.95,38.92,9.94
45061,36.8,36.94,42.51,37.98,36.58,12.7,-11.64
45063,105.5,98.13,92.01,82.44,72.56,58.73,43.88
45065,2.4,2.19,3.19,2.38,-0.45,9.71,20.26
45067,134.6,126.8,115.69,109.78,87.34,45.79,4.15
45069,113.9,111.9,106.16,98.64,90.74,28.98,-32.08
45071,99.7,89.66,85.28,77.25,64.5,38.95,13.06
45073,141.1,126.58,116.41,110.54,94.65,60.2,25.47
45075,98.9,94.28,91.63,82.15,70.17,48.14,24.39
45077,114.8,109.04,106.77,95.82,84.35,70.96,57.86
45079,74.7,70.73,65.21,58.34,50.78,60.29,68.69
45081,56.2,56.13,53.71,42.68,35.0,12.49,-10.74
45083,125.4,116.2,107.79,94.73,82.43,83.39,84.17
45085,81.4,81.87,77.14,70.73,61.51,41.82,20.45
45087,140.6,125.37,119.85,106.86,87.45,20.27,-46.51
45089,98.4,88.24,75.88,71.95,63.09,20.34,-23.84
45091,85.7,79.24,72.41,62.51,51.98,29.33,6.41
46003,0.0,-1.35,2.01,-0.13,-0.51,18.03,36.3
46005,79.5,72.52,68.42,58.91,54.14,44.42,33.07
46007,0.6,0.73,0.05,0.27,-0.19,3.33,8.74
46009,0.2,-0.38,-0.38,0.18,-0.28,8.84,18.6
46011,53.5,50.92,43.94,41.8,34.78,27.71,20.53
46013,68.3,63.84,63.4,57.41,49.86,51.9,54.06
46015,94.4,7.65,79.37,77.25,69.88,54.54,38.77
46017,0.0,-2.07,2.0,0.13,101.21,12.4,-76.45
46019,29.6,25.66,26.19,25.33,1.22,3.35,3.07
46021,0.0,0.41,-0.52,-0.48,-0.46,1.13,2.38
46023,30.8,31.87,33.4,37.74,36.51,30.08,24.11
46025,0.6,0.02,30.4,27.39,20.2,21.97,22.11
46027,48.8,44.72,47.0,44.67,40.71,33.03,26.13
46029,83.5,79.19,68.27,61.49,56.4,41.3,24.83
46031,0.0,0.35,-0.02,-0.11,-0.19,5.22,8.15
46033,49.1,45.38,40.79,33.53,32.9,21.27,8.06
46035,116.9,105.54,90.71,76.24,67.28,51.71,35.62
46037,1.4,0.67,0.92,0.26,-0.36,3.51,7.07
46039,37.8,35.4,34.27,2.72,-0.05,2.64,4.54
46041,0.0,0.22,0.11,-0.07,-0.09,3.01,4.27
46043,51.5,49.15,43.6,38.07,27.89,29.81,31.59
46045,66.9,70.16,54.89,56.48,49.76,41.41,32.38
46047,92.7,88.15,87.59,81.66,75.69,50.17,24.19
46049,1.9,0.44,-0.27,0.02,-0.29,13.2,26.63
46051,63.8,62.08,57.7,56.24,51.96,29.05,6.03
46053,108.0,124.78,99.86,80.41,65.58,62.63,60.02
46055,104.5,112.41,119.42,99.94,104.76,109.39,113.45
46057,0.0,-0.46,0.55,-0.77,-0.46,2.0,3.37
46059,2.8,1.53,1.42,0.75,0.81,1.09,0.53
46061,0.0,-0.45,-1.1,-0.83,-0.72,-0.83,-1.84
46063,0.0,0.05,0.05,-0.12,-0.44,1.15,2.72
46065,120.3,110.55,99.33,86.3,69.24,45.74,21.24
46067,87.6,82.87,78.1,75.53,68.44,53.99,39.62
46069,0.0,0.01,-0.1,-0.08,1.24,31.46,60.35
46071,0.0,0.05,-0.27,-0.5,-0.04,7.61,15.75
46073,1.3,-0.44,94.49,101.99,94.46,118.1,141.17
46075,0.0,-0.13,-1.45,-0.88,-0.63,32.71,67.72
46077,32.7,19.92,50.19,46.14,40.2,27.79,14.5
46079,35.8,28.78,33.85,35.03,31.03,18.69,6.09
46081,93.8,86.91,79.83,70.06,60.22,33.25,3.6
46083,32.2,31.95,34.34,34.64,30.73,30.72,31.19
46085,21.6,17.19,11.55,9.84,12.57,3.97,-4.9
46087,41.0,39.08,32.32,30.59,26.07,18.87,11.47
46089,45.3,45.02,8.58,0.57,-0.28,2.04,2.67
46091,48.8,46.35,44.68,36.68,29.63,16.99,3.5
46093,14.3,14.78,13.72,12.24,10.19,8.96,6.12
46095,146.3,140.02,89.21,69.98,53.23,7.74,-35.47
46097,33.6,35.25,31.13,27.78,24.83,6.65,-12.28
46099,76.4,76.84,67.63,59.49,50.7,59.36,68.5
46101,29.1,3.04,34.03,32.53,26.56,12.78,-1.49
46102,0.0,-0.06,0.03,0.05,-0.31,3.73,9.39
46103,80.8,79.62,76.33,65.29,54.36,54.87,54.2
46105,41.8,45.65,47.06,49.16,46.39,11.03,-25.93
46107,2.8,1.12,0.22,1.29,-0.21,6.61,13.37
46109,42.5,42.28,44.58,40.97,36.58,25.71,14.91
46111,0.0,-0.32,1.78,-0.24,-0.54,2.58,5.24
46115,2.6,2.95,2.84,0.93,-0.15,8.94,17.49
46117,2.0,1.4,1.88,1.52,-1.18,3.07,6.7
46119,0.0,-0.18,-0.3,-0.26,-0.39,1.64,2.98
46121,14.6,0.78,-1.63,-1.03,-1.03,7.22,17.98
46123,132.6,136.53,104.0,78.7,63.27,54.2,45.5
46125,30.0,18.9,31.34,29.31,30.56,13.48,-2.42
46127,74.5,77.33,70.78,61.69,74.6,259.92,446.23
46129,84.1,107.98,101.98,90.72,76.14,33.67,-9.73
46135,115.5,105.37,96.11,84.57,78.63,60.52,43.43
46137,0.0,0.09,0.14,-0.12,0.03,-0.01,-0.91
47001,180.3,168.11,147.94,127.27,109.51,72.96,37.86
47003,124.2,111.89,102.41,93.9,80.32,41.33,2.62
47005,151.8,142.93,136.57,119.28,94.68,49.83,5.58
47007,86.2,87.38,83.13,72.77,67.2,54.17,41.36
47009,110.1,101.87,91.03,80.31,68.98,44.8,22.42
47011,148.9,141.77,131.19,117.68,102.19,94.38,86.8
47013,244.1,228.62,197.65,177.98,146.5,48.96,-46.73
47015,121.1,108.0,101.32,95.11,64.45,23.52,-17.47
47017,164.2,149.58,140.09,119.04,102.02,123.91,145.52
47019,119.2,113.09,108.91,98.52,88.39,37.68,-12.47
47021,101.0,91.4,105.06,93.97,82.58,38.93,-4.69
47023,111.3,105.1,100.34,92.85,80.43,54.64,28.4
47025,232.2,218.73,190.91,167.96,148.29,102.1,57.4
47027,185.9,187.94,188.38,190.25,159.47,44.45,-71.65
47029,213.9,201.55,188.52,168.8,145.86,72.37,-0.08
47031,192.9,176.34,169.32,157.08,138.88,145.24,151.26
47033,98.5,103.8,92.16,69.77,55.68,20.01,-14.99
47035,153.6,145.74,129.91,116.75,102.17,59.7,17.88
47037,95.8,92.07,85.77,74.14,61.03,88.27,114.85
47039,185.7,167.58,163.95,137.88,122.16,61.0,-0.47
47041,208.7,182.11,161.95,138.54,116.53,57.92,-1.87
47043,160.2,147.49,139.79,120.18,98.37,81.34,64.32
47045,184.4,183.01,176.76,162.67,158.91,88.35,17.15
47047,79.5,76.19,72.35,65.48,57.49,34.19,9.65
47049,175.3,180.88,178.18,160.24,125.36,45.04,-35.22
47051,131.4,126.55,120.08,105.16,92.62,64.21,36.13
47053,140.0,141.13,138.83,129.51,118.94,73.05,28.12
47055,158.6,147.22,131.27,114.34,99.71,40.87,-16.33
47057,122.0,107.64,93.78,82.86,70.89,16.26,-36.63
47059,144.0,134.81,124.42,111.33,96.47,60.22,25.01
47061,200.3,190.09,172.77,147.12,152.87,30.05,-93.37
47063,199.9,180.95,163.62,144.88,123.91,113.84,105.61
47065,136.1,130.18,122.71,109.84,94.21,102.67,110.5
47067,173.0,149.43,127.16,107.59,103.67,77.52,51.72
47069,113.6,112.95,113.14,101.92,89.11,42.92,-4.14
47071,169.5,161.08,153.5,144.13,129.76,106.89,84.28
47073,102.4,93.87,88.94,77.88,69.9,36.34,3.29
47075,86.1,85.82,86.01,78.32,63.57,26.04,-11.82
47077,151.4,146.57,137.19,121.06,102.35,54.63,6.74
47079,203.8,196.14,189.03,167.63,142.54,76.29,9.13
47081,73.3,70.68,70.71,64.25,53.41,20.53,-12.33
47083,152.9,148.98,148.5,138.53,111.58,40.26,-31.13
47085,162.4,141.18,130.39,116.84,95.82,29.1,-37.08
47087,25.1,61.49,62.22,47.91,35.73,7.72,-20.95
47089,136.7,124.36,112.95,102.61,89.53,62.39,36.6
47091,137.4,121.46,107.33,90.57,77.11,37.85,-1.56
47093,117.9,107.84,97.05,84.98,72.79,105.65,140.37
47095,96.9,84.55,79.88,64.21,62.84,12.09,-38.28
47097,111.5,111.04,103.25,95.6,96.79,62.55,26.85
47099,162.6,152.02,143.07,128.71,111.44,56.97,3.33
47101,163.9,157.64,154.19,134.2,116.96,39.43,-37.56
47103,122.3,111.91,105.94,96.23,84.7,31.86,-20.08
47105,119.2,110.55,101.37,91.19,75.38,25.19,-23.72
47107,185.0,178.54,160.43,136.96,114.83,70.56,27.62
47109,190.1,185.26,174.05,150.62,125.27,79.5,33.2
47111,139.6,130.58,128.09,113.35,88.74,20.81,-48.36
47113,139.2,132.05,126.66,114.68,99.59,142.15,184.98
47115,113.5,108.58,102.34,86.21,70.94,25.29,-20.16
47117,129.5,133.62,143.27,124.49,100.5,59.12,19.06
47119,155.9,146.78,135.99,115.36,97.63,106.44,115.54
47121,8.1,8.0,45.52,38.54,33.18,19.3,6.76
47123,172.8,164.11,148.01,137.15,122.35,60.24,-0.25
47125,95.8,88.13,86.68,77.75,68.3,45.56,22.25
47127,31.6,26.34,22.09,17.8,5.88,4.8,4.65
47129,110.6,101.52,79.15,67.67,57.89,33.12,8.73
47131,118.7,102.74,99.62,94.65,93.47,82.74,72.31
47133,122.4,110.53,110.3,101.71,89.97,67.0,43.71
47135,112.7,97.29,98.54,99.14,85.58,93.99,102.19
47137,149.1,118.55,88.0,87.8,86.65,26.18,-35.03
47139,37.0,43.34,52.12,111.2,101.82,32.91,-35.79
47141,156.1,152.89,140.2,126.0,109.02,92.52,75.53
47143,174.6,169.16,160.85,139.98,123.79,49.38,-24.07
47145,167.3,160.22,146.92,128.58,107.36,58.31,10.22
47147,146.3,138.82,127.86,116.86,104.09,45.25,-13.96
47149,106.1,101.13,94.72,82.56,70.39,54.98,38.9
47151,121.7,134.97,165.24,155.05,124.4,85.66,47.85
47153,186.2,190.56,175.79,162.71,127.72,36.17,-55.75
47155,144.3,126.56,115.04,99.83,85.89,62.42,39.69
47157,79.2,76.59,73.85,65.12,54.6,62.46,68.57
47159,172.8,155.55,133.21,107.39,94.96,89.21,82.24
47161,66.5,56.81,62.86,57.35,48.26,13.63,-21.3
47163,189.7,178.71,165.59,146.45,125.93,140.24,154.64
47165,99.8,95.52,90.14,81.86,70.21,55.97,41.48
47167,102.0,105.08,111.61,102.22,87.3,46.19,4.58
47169,236.8,213.78,175.16,122.97,110.83,36.07,-39.38
47171,153.3,146.69,144.51,133.91,120.27,67.4,15.72
47173,132.7,110.74,93.76,76.09,60.84,14.99,-29.52
47175,9.8,8.68,7.6,8.71,-0.29,0.77,1.57
47177,170.0,165.46,157.71,133.85,117.82,57.94,-2.77
47179,121.0,115.74,108.62,96.0,83.93,127.15,171.43
47181,165.4,161.47,152.7,132.16,117.08,72.57,28.78
47183,130.0,130.03,127.96,116.32,105.98,87.72,69.06
47185,156.9,147.37,131.33,116.17,101.4,33.31,-35.55
47187,62.2,60.38,57.47,50.18,43.67,57.12,70.16
47189,106.0,98.63,90.62,78.05,68.94,58.44,47.04
48001,99.8,88.67,70.87,60.71,54.59,39.06,21.82
48003,55.2,47.56,57.53,56.26,48.79,19.88,-9.69
48005,122.2,105.67,94.75,87.83,80.79,63.52,43.87
48007,112.6,101.78,96.16,82.51,75.0,23.83,-28.12
48009,0.0,-0.63,-0.25,-0.23,-0.3,-0.07,0.24
48011,1.8,-0.03,0.05,-0.04,-0.28,8.14,15.83
48013,90.7,88.57,88.68,82.69,76.49,24.84,-27.87
48015,53.1,54.8,52.52,51.58,45.25,26.49,5.95
48017,78.8,65.99,62.08,66.97,65.46,29.97,-4.49
48019,44.8,38.52,33.37,37.36,34.56,10.39,-15.06
48021,88.3,84.01,78.88,71.65,63.27,17.68,-29.08
48023,72.6,59.32,49.52,60.55,59.83,38.59,16.36
48025,77.8,73.4,69.97,64.82,58.25,21.3,-14.65
48027,68.3,58.68,53.7,48.43,42.52,55.56,67.67
48029,64.5,58.14,54.74,50.05,44.14,46.31,46.78
48031,17.1,16.62,17.79,16.36,13.47,6.31,-1.62
48033,0.0,-0.4,0.2,-0.02,-0.23,-0.52,0.25
48035,36.1,37.87,39.03,35.86,34.04,13.17,-8.28
48037,138.5,124.05,124.03,114.22,101.62,111.29,122.63
48039,71.1,63.67,62.1,57.72,53.03,29.34,3.48
48041,77.4,67.35,56.16,47.23,42.16,42.51,40.4
48043,82.5,69.64,70.07,64.63,64.12,25.9,-9.63
48045,0.0,-0.28,-0.03,0.04,-0.17,0.68,1.33
48047,55.8,29.58,40.42,56.75,52.87,17.68,-18.15
48049,139.7,129.82,122.62,118.07,110.27,67.26,24.66
48051,35.7,30.64,53.88,51.82,45.48,19.33,-7.82
48053,114.7,103.49,96.97,87.5,71.85,21.48,-29.38
48055,60.6,55.38,52.47,46.32,38.45,8.64,-21.57
48057,115.8,99.99,100.92,95.37,88.77,36.12,-17.45
48059,2.2,1.95,10.83,19.74,19.28,9.68,1.55
48061,33.1,29.39,28.13,25.67,22.66,23.17,24.42
48063,96.6,72.13,69.16,58.18,52.95,36.82,21.38
48065,2.3,1.9,3.48,3.13,-0.19,0.91,1.15
48067,69.8,65.89,80.64,77.48,69.57,50.2,33.07
48069,2.4,1.46,0.46,0.94,-0.2,16.68,34.57
48071,5.5,13.29,32.59,31.59,29.64,10.28,-11.14
48073,66.6,51.11,70.1,61.66,58.36,32.4,4.93
48075,185.8,174.93,177.54,150.94,130.51,74.61,19.32
48077,0.0,-0.37,-0.24,-0.64,-0.39,18.75,37.0
48079,0.0,-0.42,-0.41,-0.14,-0.29,31.14,63.46
48081,0.0,-0.54,0.4,-0.54,-0.5,-1.07,1.37
48083,5.4,3.89,64.73,68.77,62.58,21.6,-19.29
48085,61.9,57.47,56.23,50.51,45.29,31.36,16.45
48087,0.0,-1.31,0.34,-0.57,-0.55,7.4,16.79
48089,77.3,66.71,60.69,48.71,39.78,23.97,6.33
48091,83.4,77.26,74.57,68.68,62.27,37.9,12.91
48093,92.5,74.17,78.72,72.46,67.9,50.41,33.41
48095,0.0,-0.31,0.35,-0.05,-0.39,8.93,18.73
48097,105.9,93.07,91.95,83.69,76.51,36.74,-3.78
48099,75.3,69.66,65.29,59.52,54.05,19.14,-17.07
48101,0.0,-0.09,0.05,-0.56,-0.58,-0.81,-1.24
48103,81.1,58.81,62.7,71.31,66.95,23.05,-19.46
48105,49.7,52.66,47.76,45.91,41.88,30.1,19.5
48107,2.5,1.21,1.93,1.66,-0.11,19.25,37.79
48109,0.0,-0.01,-0.03,-0.02,-0.01,84.35,170.12
48111,84.7,75.94,73.7,62.98,57.09,29.59,3.66
48113,59.8,52.61,50.76,45.09,40.18,48.73,56.99
48115,65.9,60.94,59.13,58.7,53.25,13.42,-25.91
48117,51.8,47.35,40.69,34.71,31.05,8.29,-13.67
48119,3.8,2.68,21.2,0.85,-0.48,17.64,36.54
48121,66.9,60.96,59.21,53.18,47.86,33.92,18.49
48123,52.3,48.28,50.86,45.35,42.79,35.61,27.57
48125,6.7,5.77,7.27,6.81,0.43,0.49,1.01
48127,102.9,96.61,94.85,102.02,75.97,17.13,-41.07
48129,3.0,4.03,3.69,2.04,0.03,1.03,2.6
48131,14.9,14.57,11.11,9.26,4.34,1.59,0.35
48133,70.7,65.83,71.37,77.56,70.37,15.62,-39.11
48135,92.4,77.49,70.91,66.71,61.54,51.63,41.92
48137,0.0,-0.06,-0.01,-0.08,-0.15,3.02,6.99
48139,81.0,74.97,73.7,66.48,58.55,32.36,5.64
48141,39.6,37.47,37.36,33.87,30.61,30.87,32.58
48143,85.7,76.29,71.04,67.57,61.94,37.13,12.17
48145,74.6,59.29,61.71,57.28,50.32,28.4,5.96
48147,67.7,62.51,61.39,55.14,49.54,20.09,-9.77
48149,71.7,66.61,60.94,58.58,55.75,62.54,67.69
48151,7.9,6.16,4.51,4.33,-0.24,1.18,3.54
48153,25.9,4.92,3.27,2.32,0.05,25.19,50.03
48155,59.3,61.28,58.8,51.8,32.16,52.56,72.71
48157,44.2,40.77,39.21,35.24,32.06,21.53,9.14
48159,75.8,67.17,73.28,69.37,60.07,29.73,-0.74
48161,3.9,2.74,27.25,26.04,30.49,16.26,0.95
48163,48.7,44.55,43.69,39.65,35.87,8.53,-19.52
48165,62.3,52.58,51.39,46.21,39.66,24.17,7.57
48167,92.4,79.53,75.95,69.2,64.67,46.02,25.56
48169,2.0,1.66,1.52,0.51,-0.12,4.07,8.83
48171,88.7,78.02,76.66,72.84,68.89,49.29,28.75
48173,0.0,-0.32,0.71,0.01,-0.2,-0.89,-0.38
48175,32.7,25.99,22.68,19.74,17.82,5.31,-7.26
48177,61.6,56.26,53.53,48.24,47.54,17.44,-13.99
48179,131.5,116.21,109.96,102.03,88.53,77.67,67.44
48181,133.2,113.71,105.15,94.73,85.53,70.67,55.29
48183,178.5,141.32,133.39,124.34,120.85,114.19,106.66
48185,23.4,19.33,27.09,24.97,20.79,9.91,-2.9
48187,51.7,47.15,47.42,44.37,41.6,20.32,-2.4
48189,71.5,69.02,65.07,58.5,55.89,37.54,18.57
48191,7.1,3.78,3.91,1.96,-0.26,12.2,24.92
48193,7.7,4.98,28.66,47.01,41.32,46.04,52.08
48195,1.5,0.42,0.8,0.05,-0.18,6.74,13.69
48197,85.9,74.88,77.66,73.95,78.07,47.59,18.02
48199,110.4,98.48,97.59,88.99,86.15,23.76,-41.62
48201,55.1,48.41,46.32,41.39,37.86,41.31,42.65
48203,78.0,69.57,71.64,63.16,60.25,41.91,24.44
48205,0.0,-0.84,-0.29,-0.78,-0.48,-2.08,-3.03
48207,9.3,18.18,9.17,6.58,0.4,7.92,14.73
48209,67.1,60.65,58.32,51.82,46.06,26.17,6.38
48211,4.2,2.62,2.99,1.39,-0.09,2.54,5.2
48213,93.6,84.19,80.45,74.97,69.24,35.95,0.76
48215,30.1,29.32,27.65,25.46,22.73,19.89,19.03
48217,95.4,80.84,62.94,58.28,54.27,35.88,17.0
48219,91.2,82.86,79.07,72.79,67.64,37.42,8.44
48221,136.4,125.82,119.74,108.17,99.99,60.59,20.83
48223,112.6,98.29,93.76,83.04,76.99,45.47,14.94
48225,26.0,21.56,46.61,41.33,40.44,13.73,-14.06
48227,71.9,60.35,66.74,62.98,59.54,24.75,-9.34
48229,0.0,0.01,-0.01,-0.02,-0.09,1.27,4.08
48231,107.5,93.88,90.86,83.14,73.52,33.98,-4.84
48233,85.6,78.3,81.22,74.15,67.63,34.65,1.69
48235,0.0,-0.18,0.03,-0.1,-0.17,-0.17,0.65
48237,4.9,1.62,1.84,0.94,-0.23,9.43,19.48
48239,35.0,29.12,32.81,31.36,19.14,16.41,12.06
48241,76.8,67.77,69.83,57.08,49.95,27.97,2.9
48243,0.0,-0.31,-0.11,-0.15,-0.0,41.64,83.37
48245,102.0,93.24,85.9,77.06,71.11,75.36,77.54
48247,3.3,1.4,33.23,25.19,19.32,0.27,-19.34
48249,92.9,83.89,79.83,75.47,72.27,44.96,17.89
48251,92.7,90.51,90.48,84.35,76.22,42.27,7.07
48253,34.2,30.21,29.73,29.41,24.64,12.11,-0.16
48255,76.4,66.88,58.46,54.3,44.05,23.77,2.84
48257,88.3,79.96,76.56,69.95,65.34,25.48,-13.95
48259,76.6,71.3,65.56,59.34,53.58,29.5,4.33
48261,0.0,-0.75,-0.15,0.22,-0.14,-1.36,-2.5
48263,0.0,-0.14,-0.1,0.02,-0.23,-0.27,-0.27
48265,99.0,85.66,80.78,76.29,74.76,43.86,12.31
48267,74.5,67.86,60.56,55.37,50.76,25.32,0.25
48269,0.0,0.15,0.03,-0.01,-0.17,0.62,0.85
48271,2.5,2.02,25.54,21.94,18.38,1.5,-14.92
48273,73.9,70.9,66.18,60.31,56.7,27.24,-1.4
48275,0.0,0.1,-0.48,0.1,-0.36,31.75,62.02
48277,169.1,159.06,152.45,138.62,129.78,68.77,7.98
48279,52.6,49.13,5.1,2.67,0.02,14.67,29.83
48281,34.4,30.88,61.06,58.99,51.4,20.44,-10.95
48283,0.5,0.28,0.35,0.23,-0.42,10.81,21.67
48285,57.9,50.73,56.08,51.05,46.37,14.2,-19.68
48287,24.5,19.51,48.63,45.56,39.67,11.44,-17.85
48289,4.3,3.04,38.78,39.31,36.18,6.23,-24.9
48291,118.3,102.76,92.21,82.69,76.49,34.06,-9.94
48293,107.2,94.37,87.8,85.48,89.8,38.37,-13.3
48295,0.0,-0.71,-0.14,-0.94,-0.2,0.99,1.96
48297,21.4,20.94,17.97,13.84,10.22,2.43,-4.38
48299,83.4,70.79,63.97,56.55,52.11,24.65,-3.61
48301,0.0,-0.82,-0.39,-0.4,-0.18,-0.82,-0.14
48303,94.2,84.06,84.05,77.95,70.43,93.04,116.18
48305,2.4,1.16,1.8,0.73,-0.27,9.1,19.45
48307,76.1,63.12,57.2,53.29,38.66,20.55,1.01
48309,89.8,77.09,75.1,70.53,63.46,50.39,36.68
48311,0.0,-0.08,-0.09,-0.21,-0.19,-0.71,-0.85
48313,51.8,45.59,72.89,71.4,63.37,22.99,-19.04
48315,2.8,1.09,1.75,1.16,-0.27,6.55,14.49
48317,3.8,1.61,37.34,39.87,33.9,21.13,8.36
48319,6.5,3.27,42.15,38.44,40.83,1.7,-37.38
48321,80.1,70.85,66.13,60.86,60.35,35.69,8.82
48323,31.3,29.05,28.63,27.36,24.84,10.14,-3.73
48325,44.0,43.41,43.91,41.98,36.49,19.45,1.57
48327,0.0,-0.17,0.04,-0.19,-0.16,0.93,1.81
48329,81.0,67.15,60.32,53.84,47.24,30.07,13.03
48331,81.3,64.44,68.43,61.3,54.82,22.8,-10.32
48333,0.0,-2.06,1.23,0.05,-1.27,5.7,12.92
48335,3.1,1.96,51.48,50.96,46.07,49.31,53.08
48337,92.2,83.4,82.18,73.04,68.6,39.43,8.47
48339,75.5,66.68,61.04,55.35,50.8,45.68,38.61
48341,66.2,58.44,55.54,51.44,51.63,37.04,22.54
48343,102.2,102.37,82.5,76.13,73.68,16.66,-39.24
48345,0.0,-0.31,-0.0,-0.07,-0.2,0.34,0.35
48347,119.6,103.35,87.74,81.38,73.48,59.62,44.05
48349,86.2,78.38,73.07,66.51,61.41,26.79,-8.86
48351,2.9,1.12,32.03,24.87,20.29,7.46,-8.71
48353,147.0,128.38,120.2,84.22,66.55,30.19,-4.61
48355,92.1,83.86,80.46,70.43,63.98,73.52,82.51
48357,80.2,42.11,46.02,52.68,49.14,24.6,-0.18
48359,0.0,-0.29,-0.25,-0.3,-0.18,-0.52,-1.03
48361,127.3,119.18,113.7,95.08,88.68,54.91,18.4
48363,130.6,117.21,108.83,95.25,86.9,32.12,-23.95
48365,83.7,81.44,81.47,75.56,72.05,28.12,-16.38
48367,81.1,75.49,73.21,65.02,57.9,33.76,8.85
48369,2.6,1.32,0.82,0.59,-0.14,17.5,36.31
48371,44.5,37.5,37.71,35.16,33.49,21.22,9.61
48373,120.5,107.04,102.56,91.53,84.63,32.9,-21.05
48375,89.3,78.6,76.28,72.2,65.42,98.95,132.14
48377,0.0,-0.12,0.02,3.16,6.26,7.65,10.42
48379,75.8,73.49,68.74,61.74,54.29,2.43,-48.69
48381,84.9,76.18,73.91,68.83,62.75,37.19,11.5
48383,0.0,0.43,24.29,25.05,21.14,3.63,-14.67
48385,0.0,-0.26,0.07,-0.11,-0.14,0.38,0.81
48387,6.0,2.76,45.1,55.77,54.59,70.86,88.04
48389,91.0,76.47,64.26,57.52,54.69,35.98,18.13
48391,3.2,1.23,1.49,0.91,-0.4,7.64,15.15
48393,0.0,-0.7,-0.29,-0.29,-0.63,-0.67,0.29
48395,6.0,3.41,27.58,24.69,21.57,7.16,-8.9
48397,78.7,69.46,73.93,69.91,63.34,49.13,34.48
48399,61.8,54.86,70.49,68.56,58.89,30.2,3.13
48401,68.1,52.78,49.07,43.84,42.91,19.37,-5.49
48403,7.0,3.39,53.36,44.96,34.38,22.11,7.32
48405,7.0,3.41,71.3,64.5,65.11,35.78,4.31
48407,1.9,0.2,17.04,16.51,19.29,-0.29,-22.3
48409,80.1,80.01,85.56,80.21,71.7,36.33,1.03
48411,77.8,6.87,47.39,42.29,2.79,5.18,7.37
48413,0.0,-0.08,-0.21,-0.07,-0.11,18.06,36.93
48415,106.6,91.68,86.11,80.97,73.3,20.68,-30.81
48417,0.0,-0.2,-0.28,-0.01,-0.38,1.19,3.24
48419,89.7,60.49,69.82,64.69,58.58,18.58,-22.99
48421,31.2,2.54,1.15,0.59,-0.12,-0.15,1.1
48423,107.9,94.91,89.02,81.28,73.46,100.12,126.25
48425,8.6,5.58,5.55,4.64,-0.12,40.57,81.26
48427,32.7,32.33,34.77,33.12,29.32,26.46,24.88
48429,128.1,119.5,104.48,95.68,83.7,24.82,-33.52
48431,0.0,-0.16,0.56,-0.07,-0.06,3.56,7.18
48433,4.9,4.04,2.37,2.56,0.01,2.08,3.74
48435,6.5,5.22,3.05,2.69,0.19,16.08,33.31
48437,3.0,2.17,2.1,8.49,0.42,6.93,13.24
48439,76.0,69.01,66.8,60.0,53.69,49.42,43.52
48441,130.7,115.68,108.07,98.12,89.33,89.39,91.06
48443,0.0,-0.1,0.03,-0.06,-0.05,78.47,158.13
48445,63.4,53.75,84.72,78.52,69.26,20.56,-27.66
48447,0.0,-0.27,-0.51,-0.05,-0.22,20.6,42.37
48449,106.0,91.07,85.41,75.43,69.75,46.03,23.05
48451,92.4,80.83,75.54,71.13,66.59,54.51,44.09
48453,61.1,55.47,51.26,45.05,39.37,41.64,43.96
48455,57.5,42.39,59.08,55.91,43.98,17.96,-9.26
48457,32.0,22.76,50.8,50.56,48.38,9.46,-32.35
48459,26.1,20.39,18.52,17.2,16.6,11.16,5.57
48461,1.9,1.26,1.82,1.9,0.01,4.56,10.26
48463,76.9,72.25,73.32,70.62,63.38,28.91,-5.45
48465,42.5,39.61,39.12,35.53,32.5,23.72,15.09
48467,88.3,81.59,78.36,69.99,64.18,24.48,-15.55
48469,121.1,104.54,99.25,93.37,84.69,70.47,55.49
48471,87.0,77.08,61.23,57.41,54.81,27.3,-1.89
48473,7.3,5.38,12.03,11.55,9.56,3.76,-4.05
48475,73.4,70.27,58.29,51.37,46.39,30.64,15.49
48477,90.5,87.97,76.89,70.22,65.1,30.9,-5.55
48479,30.2,29.19,27.63,24.7,21.17,18.42,16.97
48481,76.8,69.35,63.71,59.38,56.91,34.97,10.2
48483,47.7,45.56,39.41,32.45,20.51,9.78,0.32
48485,119.1,108.22,105.37,97.44,90.23,84.29,77.95
48487,167.2,152.66,147.88,136.32,122.82,54.35,-13.64
48489,53.8,47.34,29.8,32.21,31.7,20.27,9.11
48491,70.6,64.82,62.22,56.5,50.34,32.63,14.55
48493,56.3,59.22,58.45,54.37,50.6,16.8,-16.87
48495,87.1,60.91,56.41,47.58,44.1,11.24,-20.97
48497,68.9,62.93,63.43,61.73,57.07,39.45,21.14
48499,115.9,98.05,94.76,90.06,81.26,35.65,-10.19
48501,8.7,6.69,6.9,7.25,0.26,13.03,25.83
48503,112.6,103.57,99.01,92.47,88.93,46.04,3.49
48505,2.2,13.7,23.68,20.59,17.67,4.04,-7.96
48507,5.0,0.84,0.71,0.81,-1.1,-1.58,-2.49
49001,91.8,97.84,93.86,91.5,76.09,76.44,79.44
49003,85.5,81.71,79.81,73.26,66.63,33.4,0.47
49005,66.7,61.22,54.71,49.51,44.58,35.92,27.69
49007,188.9,183.21,175.25,155.23,147.46,136.76,127.54
49009,0.0,-0.3,0.0,-0.16,-0.27,0.81,0.16
49011,72.9,68.87,66.56,61.76,56.82,47.22,37.99
49013,54.1,51.03,57.22,58.14,56.67,48.1,40.83
49015,97.4,96.44,47.39,77.79,77.97,33.92,-8.84
49017,92.7,87.32,86.55,84.12,70.53,57.81,48.2
49019,108.4,95.71,83.29,79.68,73.38,57.75,43.12
49021,105.0,110.79,103.81,91.78,81.18,53.84,28.48
49023,96.9,95.66,81.91,75.87,71.13,43.04,15.58
49025,130.4,148.73,108.01,104.48,93.25,57.51,23.78
49027,69.0,69.94,58.2,64.02,55.53,32.49,12.11
49029,60.8,61.51,57.87,38.74,32.85,31.76,31.39
49031,0.0,-0.01,-0.14,-0.19,-0.6,-0.16,2.97
49033,44.0,31.63,29.39,28.78,27.87,10.17,-6.46
49035,80.2,74.95,70.61,63.01,55.61,57.38,60.5
49037,23.5,19.18,16.18,16.1,14.1,17.65,20.91
49039,95.5,87.14,94.13,85.83,78.21,44.04,11.53
49041,130.2,124.55,113.16,108.3,99.97,77.72,58.95
49043,69.9,65.82,61.25,51.29,44.65,51.99,60.76
49045,81.5,72.99,70.19,63.97,52.96,25.51,-1.18
49047,82.8,71.66,67.18,60.81,51.72,36.73,22.13
49049,64.5,61.14,58.41,52.79,47.29,40.48,35.07
49051,79.6,75.09,69.11,58.65,51.28,23.95,-1.91
49053,96.1,91.92,88.6,79.49,72.63,71.14,72.07
49055,0.0,-0.17,-0.47,0.18,-0.08,25.29,53.14
49057,90.7,86.97,83.32,76.15,69.8,58.09,46.45
50001,27.2,43.38,50.43,41.23,36.61,25.04,12.64
50003,83.4,81.82,72.68,62.34,52.57,43.18,33.39
50005,45.7,62.97,62.26,54.3,45.42,33.39,20.7
50007,43.6,50.93,49.01,41.76,35.26,41.37,45.78
50009,0.1,10.74,11.98,0.69,-0.44,38.68,77.11
50011,58.0,82.88,85.44,79.34,69.31,39.2,7.9
50013,13.3,20.26,18.86,14.85,12.26,11.84,9.98
50015,34.7,57.54,57.47,55.97,50.5,36.84,22.28
50017,22.1,41.79,42.46,33.86,25.01,23.32,21.28
50019,31.7,59.98,62.44,59.99,53.83,40.66,26.51
50021,88.9,85.41,80.11,65.53,52.63,44.31,35.42
50023,38.9,57.95,57.91,51.73,44.78,36.05,26.31
50025,77.9,74.73,72.34,59.64,50.6,39.27,27.04
50027,50.0,48.57,41.79,30.61,25.45,25.57,25.06
51001,70.5,64.86,60.71,50.89,34.64,18.75,0.35
51003,65.0,60.72,56.2,47.46,39.33,61.81,85.76
51005,90.4,82.61,82.93,70.06,61.49,47.31,32.73
51007,54.2,51.44,48.45,37.18,29.68,3.53,-22.15
51009,90.4,82.57,74.72,62.17,56.27,32.34,9.29
51011,146.2,138.89,125.86,99.25,86.62,43.33,1.4
51013,28.0,24.94,23.36,19.88,17.24,30.61,43.63
51015,33.3,25.34,16.93,10.4,6.47,24.97,44.76
51017,8.7,5.22,1.22,0.29,-0.76,12.16,25.67
51019,50.0,46.22,44.62,37.9,32.51,17.97,3.36
51021,71.1,79.21,66.07,53.79,42.23,82.58,122.33
51023,46.3,41.15,39.11,34.65,30.43,14.2,-1.98
51025,29.0,25.52,23.77,16.61,12.04,5.37,-1.38
51027,84.7,85.7,127.03,136.08,113.69,67.29,21.04
51029,2.7,1.84,1.51,0.88,-0.4,4.48,10.78
51031,38.0,33.51,40.65,32.33,27.42,8.32,-10.13
51033,19.9,20.32,33.59,31.08,27.81,6.38,-14.39
51035,44.7,43.52,42.28,34.4,29.33,36.45,43.44
51036,0.0,-1.01,0.52,-0.87,-1.03,7.51,13.93
51037,43.9,43.24,38.84,30.96,25.72,22.88,20.45
51041,77.9,72.48,67.62,55.62,44.97,37.53,29.78
51043,21.6,26.39,27.75,26.16,22.85,20.02,17.74
51045,8.4,5.41,4.49,4.76,-1.41,7.67,15.46
51047,79.3,71.94,65.86,53.9,46.64,21.51,-2.28
51049,35.5,32.94,29.43,21.77,18.02,0.07,-16.85
51051,157.3,137.72,180.9,155.64,131.52,98.3,64.76
51053,5.5,4.41,4.34,1.97,-0.99,-1.7,-2.13
51057,123.3,122.7,110.98,89.59,70.95,76.22,80.55
51059,33.7,30.64,28.92,24.33,20.76,25.6,30.41
51061,81.6,76.66,72.27,62.35,51.58,35.52,19.48
51063,65.0,58.85,50.13,35.15,27.41,9.77,-8.27
51065,38.0,36.18,31.25,26.82,24.08,11.87,1.45
51067,96.2,86.65,79.74,68.04,59.14,21.53,-15.96
51069,62.9,58.41,54.97,43.24,38.58,30.7,22.47
51071,149.5,142.9,121.93,102.65,85.26,36.1,-14.92
51073,128.1,119.95,108.46,90.59,73.8,36.4,-3.33
51075,16.4,15.07,14.42,10.49,1.66,6.61,11.89
51077,28.3,9.62,20.94,17.62,14.21,3.1,-8.17
51079,88.8,83.16,77.75,66.54,54.79,20.92,-11.21
51081,0.0,-2.0,-3.24,-10.43,-9.76,-11.15,-12.78
51083,75.9,87.0,81.45,70.93,57.74,24.92,-7.72
51085,102.0,96.11,90.67,74.66,58.87,51.27,42.26
51087,81.0,75.24,68.5,56.42,45.89,51.76,56.8
51089,101.1,77.45,65.49,54.18,44.1,22.83,1.5
51091,0.0,-0.44,-0.42,-1.02,-0.82,-0.95,-0.62
51093,67.3,67.36,72.83,64.19,56.19,16.73,-24.56
51095,112.7,106.97,98.04,83.62,72.22,47.23,19.79
51097,0.0,-0.46,-0.73,-1.68,-1.37,0.59,1.47
51099,54.5,53.47,54.25,44.5,39.18,8.15,-23.03
51101,47.4,42.59,40.28,29.75,22.69,9.18,-5.4
51103,187.1,183.54,159.86,129.22,102.17,50.37,-4.05
51105,129.3,112.5,144.47,131.73,113.14,67.55,22.2
51107,40.9,38.22,36.74,31.5,26.99,17.72,8.0
51109,58.9,53.37,49.89,42.24,35.3,10.92,-12.11
51111,4.3,2.14,1.77,0.18,-0.95,4.56,10.9
51113,0.0,-0.57,-0.77,-1.19,-1.06,1.06,4.78
51115,63.4,60.02,54.73,48.82,45.03,4.46,-38.44
51117,115.3,112.16,105.89,85.08,69.98,48.56,27.4
51119,5.4,4.13,1.28,0.33,-2.14,1.96,3.7
51121,72.5,65.44,60.89,53.05,45.29,56.5,66.42
51125,27.4,25.69,21.3,17.07,13.67,17.11,22.36
51127,68.8,62.12,59.04,45.69,36.48,18.86,-0.89
51131,115.5,112.52,113.31,96.01,92.03,73.4,53.16
51133,37.3,34.78,29.93,22.65,17.93,5.42,-9.83
51135,88.6,66.33,76.03,66.83,53.38,35.32,18.07
51137,105.3,96.98,91.09,75.1,62.45,22.21,-16.41
51139,102.9,99.32,86.9,77.22,68.73,41.99,16.71
51141,85.1,77.63,69.25,61.61,48.34,41.84,34.41
51143,22.8,23.11,21.38,15.48,11.81,4.51,-3.04
51145,55.5,51.51,46.15,41.51,37.45,17.52,-2.35
51147,113.6,105.4,99.83,84.07,72.68,29.19,-13.22
51149,0.6,-2.1,1.21,-1.74,-3.13,-1.78,-1.08
51153,44.0,40.54,38.19,31.84,27.79,18.56,9.13
51155,142.6,135.57,132.78,114.12,97.66,48.79,-0.49
51157,0.0,-0.53,-0.63,-0.98,-0.96,7.02,16.19
51159,45.5,43.45,43.03,34.82,28.87,6.66,-16.17
51161,98.6,89.36,83.18,72.6,63.59,100.42,137.02
51163,0.0,-9.96,-10.68,-10.36,-8.56,-10.9,-11.96
51165,34.8,31.29,28.38,24.12,17.42,7.78,0.35
51167,138.3,118.19,113.17,105.03,89.79,57.27,25.07
51169,169.4,160.65,153.17,137.63,121.38,168.31,215.51
51171,84.4,74.95,68.91,53.7,42.46,21.54,1.6
51173,151.7,139.4,131.33,105.94,84.37,42.4,0.43
51175,3.5,1.47,-0.18,-2.72,-2.76,-7.65,-14.7
51177,83.2,76.78,67.34,54.26,46.04,39.34,34.13
51179,57.9,54.24,49.03,40.14,34.65,25.47,16.76
51181,0.0,-0.21,0.03,-0.61,-0.52,-0.44,-2.15
51183,27.1,24.67,22.31,14.47,10.45,5.89,0.29
51185,231.1,202.14,180.06,158.71,133.01,80.8,28.14
51187,99.6,92.8,87.83,78.32,65.8,25.33,-14.97
51191,127.5,115.96,105.04,88.54,74.27,52.61,30.97
51193,52.4,46.12,43.03,34.39,29.39,4.32,-21.45
51195,235.7,208.37,190.04,154.16,122.1,124.53,127.24
51197,122.5,119.95,109.75,93.98,78.59,43.95,9.48
51199,57.7,50.83,46.33,39.06,34.73,21.08,4.96
51510,38.3,35.43,32.95,27.77,23.97,21.8,19.1
51520,190.8,185.18,174.16,161.61,147.83,41.68,-64.5
51530,85.1,71.05,81.79,80.66,78.15,31.85,-13.06
51540,77.2,70.0,55.66,45.65,35.91,136.58,238.77
51550,74.8,68.71,64.98,54.76,47.69,41.4,33.12
51570,277.3,247.56,228.47,188.5,151.02,88.24,24.39
51580,287.6,260.05,239.35,223.41,184.14,73.81,-36.67
51590,199.1,188.92,179.65,162.99,136.26,85.56,34.56
51595,315.5,303.16,287.44,235.21,195.04,140.04,84.59
51600,88.7,82.05,79.11,70.63,63.54,66.64,69.77
51610,81.5,66.85,58.78,52.23,43.92,34.04,23.72
51620,294.5,274.22,268.91,238.09,208.26,87.16,-36.19
51630,165.2,173.59,166.58,139.9,110.32,211.96,314.59
51640,460.3,433.78,399.38,361.74,308.16,178.33,48.99
51650,90.9,86.67,77.0,61.12,50.34,32.79,12.97
51660,143.3,134.77,126.1,110.28,91.16,86.75,84.5
51670,131.4,116.24,144.31,145.56,135.42,67.88,-0.52
51678,325.7,281.16,250.97,227.03,203.56,143.61,84.84
51680,154.2,138.86,119.54,95.52,80.52,98.3,116.34
51683,123.9,118.12,111.46,94.0,82.58,83.49,83.78
51685,0.0,-1.19,-1.6,-4.02,-3.49,-0.94,0.8
51690,532.5,457.56,410.16,358.21,305.4,353.94,401.89
51700,73.5,68.98,62.9,50.76,41.36,53.86,64.01
51710,74.1,70.57,64.42,53.31,43.68,66.17,87.14
51720,563.3,513.21,478.27,415.26,334.3,495.58,657.37
51730,167.4,156.56,151.46,129.73,106.13,63.36,20.01
51735,102.6,94.27,81.61,65.98,61.76,13.04,-38.09
51740,120.6,114.88,103.7,85.21,70.85,61.57,50.18
51750,124.4,109.64,98.73,84.74,70.86,44.37,17.29
51760,67.8,59.59,53.51,41.38,31.71,53.37,74.2
51770,122.0,109.14,102.28,88.87,72.88,91.56,110.16
51775,242.5,222.93,208.01,184.2,159.95,351.99,543.55
51790,217.6,193.22,176.81,149.12,124.83,68.8,14.2
51800,91.5,89.69,85.65,74.74,64.08,44.26,22.72
51810,68.4,64.94,60.92,52.04,45.38,44.93,43.16
51820,262.5,234.69,205.79,173.68,141.47,61.66,-17.15
51830,0.0,-0.96,-1.74,-2.9,-2.65,-4.92,-9.8
51840,201.6,191.87,179.14,146.94,129.15,193.15,256.91
53001,33.0,29.57,27.52,25.79,21.47,16.61,12.42
53003,152.8,146.32,150.15,133.73,123.99,63.16,1.47
53005,110.5,107.92,102.46,90.42,74.62,74.34,74.91
53007,91.9,87.18,79.94,70.72,61.83,61.73,60.77
53009,140.0,128.21,120.09,101.33,83.75,51.39,17.89
53011,67.5,63.39,59.51,53.64,46.8,41.85,37.29
53013,128.7,117.67,119.28,102.3,97.73,89.03,79.48
53015,105.6,97.69,88.99,77.08,65.73,41.23,16.44
53017,67.7,65.37,64.52,56.31,51.8,22.57,-7.58
53019,76.1,70.19,66.36,59.48,55.61,32.01,9.13
53021,70.1,68.8,62.75,53.21,45.73,20.66,-3.5
53023,143.0,132.61,120.01,95.53,99.36,97.25,93.54
53025,81.1,76.14,73.43,65.74,55.79,36.83,17.02
53027,123.9,119.64,112.95,93.95,79.31,51.73,24.04
53029,46.6,43.37,42.52,38.36,35.75,20.75,7.36
53031,96.5,90.46,85.29,79.05,70.05,50.01,29.67
53033,55.5,51.17,47.24,41.45,35.65,38.52,43.07
53035,71.2,66.65,61.8,56.12,48.37,36.95,25.83
53037,65.0,62.51,56.24,47.54,37.78,23.26,7.94
53039,29.4,23.59,4.29,18.41,21.14,30.76,39.91
53041,116.0,107.1,96.81,81.12,70.29,41.45,11.55
53043,164.1,95.81,93.14,77.75,68.19,68.7,68.77
53045,100.9,97.16,87.39,76.17,66.77,22.11,-22.71
53047,77.3,78.33,71.2,63.66,52.57,44.69,35.93
53049,48.3,43.49,37.47,29.82,25.14,17.87,10.77
53051,136.0,126.53,118.15,101.95,87.66,84.57,80.71
53053,72.9,69.08,65.04,56.76,49.84,43.88,39.05
53055,36.8,41.77,56.56,60.23,52.15,30.76,9.08
53057,94.3,89.71,81.15,71.43,65.95,59.05,53.18
53059,60.1,45.22,6.58,2.45,-0.39,14.79,29.57
53061,83.5,78.48,70.74,61.21,51.98,32.61,14.72
53063,92.5,86.32,83.59,76.52,68.41,63.85,57.97
53065,92.0,84.26,82.31,76.26,63.27,52.24,41.06
53067,71.6,69.38,62.98,54.34,47.36,45.81,43.19
53069,67.1,29.01,6.82,4.98,-0.31,1.85,3.83
53071,94.2,90.51,86.69,76.55,62.97,54.44,45.44
53073,79.3,76.84,71.53,63.93,55.61,44.84,34.23
53075,53.0,52.07,49.46,45.99,41.32,40.46,38.68
53077,78.0,72.58,67.84,60.25,50.42,42.49,32.9
54001,110.7,94.71,68.61,56.39,48.53,25.43,2.37
54003,115.3,102.0,91.39,83.18,72.78,37.42,2.2
54005,192.1,171.65,143.08,110.7,104.09,81.63,57.53
54007,114.5,99.08,89.83,79.98,70.57,29.64,-12.46
54009,114.3,98.7,86.92,75.86,65.27,23.83,-17.84
54011,148.8,136.08,122.62,109.13,93.0,124.5,155.57
54013,70.2,57.58,46.51,37.09,31.01,34.37,37.42
54015,75.3,66.71,61.61,52.1,44.94,20.87,-5.2
54017,47.7,41.75,33.89,26.87,22.61,0.89,-20.69
54019,95.4,90.51,77.13,62.22,53.4,27.86,0.14
54021,81.8,74.87,60.2,50.88,42.05,7.96,-26.74
54023,104.4,95.05,84.53,73.97,67.28,58.02,48.11
54025,148.4,127.86,108.91,96.15,77.97,55.15,30.32
54027,82.1,68.88,68.77,64.06,53.62,19.9,-14.35
54029,152.0,139.6,142.44,121.31,110.97,107.29,103.5
54031,97.0,86.22,80.53,70.01,62.29,26.92,-8.22
54033,130.3,119.62,103.52,90.09,79.96,94.79,109.21
54035,130.6,107.67,82.69,69.24,57.76,24.62,-8.44
54037,88.6,85.62,87.61,77.27,64.49,28.04,-8.5
54039,155.2,131.75,111.53,95.82,79.58,93.76,106.96
54041,107.7,88.01,82.38,74.25,66.69,56.96,47.03
54043,73.9,63.19,52.77,40.46,33.38,25.07,16.63
54045,263.0,209.06,192.73,170.95,147.11,97.58,45.91
54047,156.4,136.78,105.24,86.6,72.27,23.23,-26.42
54049,113.0,97.8,88.75,76.08,60.41,41.71,23.67
54051,137.9,130.12,117.14,109.81,91.67,65.18,39.59
54053,118.3,101.62,81.65,69.11,57.09,55.64,53.98
54055,160.5,151.22,120.26,102.59,85.69,66.77,47.19
54057,118.2,109.35,101.8,82.48,69.22,31.42,-6.54
54059,181.3,135.86,98.95,75.58,49.36,62.77,75.07
54061,78.2,69.96,59.72,46.93,37.78,63.92,91.58
54063,28.3,26.49,40.44,32.69,18.3,13.9,7.5
54065,72.3,71.25,73.0,68.49,61.32,27.84,-4.86
54067,186.8,158.83,135.96,116.26,106.71,61.08,14.7
54069,106.9,95.41,80.94,68.49,55.43,97.48,140.68
54071,83.6,87.97,83.52,61.29,43.54,12.18,-19.49
54073,134.1,122.83,114.38,100.94,81.4,31.37,-18.17
54075,68.1,56.94,57.71,49.19,46.24,18.18,-10.27
54077,71.4,73.57,70.15,60.69,51.16,37.57,24.7
54079,121.2,106.35,94.84,79.96,66.63,50.42,34.05
54081,164.6,145.3,106.25,80.62,66.38,62.0,55.58
54083,122.4,113.07,95.54,87.79,75.97,53.34,30.37
54085,69.2,58.53,66.18,58.52,50.4,13.76,-22.39
54087,125.6,109.14,94.54,88.41,74.48,43.58,12.36
54089,108.2,104.46,113.21,90.46,79.22,70.01,59.53
54091,89.2,80.5,69.39,58.91,51.25,29.14,7.18
54093,41.2,45.7,40.42,35.26,41.12,24.94,7.9
54095,63.1,55.01,51.05,44.84,37.35,14.81,-7.48
54097,82.6,71.3,57.87,50.02,43.3,17.32,-8.41
54099,82.5,75.63,67.45,61.59,59.31,17.48,-24.59
54101,76.6,68.47,60.98,51.92,48.62,116.28,182.46
54103,118.0,108.31,95.94,86.51,67.29,36.5,6.35
54105,66.2,50.36,37.87,33.6,32.2,13.57,-4.4
54107,152.3,133.32,110.66,93.65,77.11,75.96,74.6
54109,218.2,192.73,144.89,112.91,89.53,42.9,-5.06
55001,49.6,46.08,43.55,37.01,29.23,7.89,-14.35
55003,98.8,101.28,87.42,74.42,71.81,57.41,41.86
55005,79.9,75.01,76.45,70.34,55.4,43.78,32.07
55007,10.3,10.35,8.93,4.61,0.05,3.15,6.74
55009,73.6,69.81,65.31,55.88,49.35,50.88,51.18
55011,7.2,2.24,0.1,-0.12,-0.31,2.74,5.97
55013,58.7,62.7,62.81,62.33,58.67,27.43,-4.26
55015,21.8,20.3,19.26,17.62,16.49,13.26,8.71
55017,63.2,64.07,63.99,53.03,44.05,19.84,-4.4
55019,35.1,36.33,32.27,26.98,25.03,21.15,16.41
55021,103.5,98.37,93.21,81.04,69.83,37.02,2.21
55023,79.7,73.21,71.47,64.28,58.75,33.41,5.07
55025,62.4,58.78,53.13,43.58,37.84,45.42,51.28
55027,46.3,44.88,41.49,36.72,33.49,28.39,21.55
55029,59.8,70.0,65.38,57.8,52.8,30.76,6.24
55031,84.4,72.91,62.13,49.44,42.17,18.25,-6.13
55033,53.0,43.33,38.47,33.16,29.0,19.84,10.34
55035,72.2,64.04,58.02,48.55,43.38,58.06,72.96
55037,0.0,-0.81,-0.73,-1.14,-1.45,14.14,29.91
55039,57.4,55.36,51.45,44.24,42.75,31.6,18.5
55041,53.9,50.35,45.78,40.71,38.33,6.73,-24.88
55043,53.7,51.51,46.92,42.62,37.4,27.91,16.13
55045,64.3,60.07,54.23,46.23,42.81,40.92,37.15
55047,74.1,67.64,62.13,53.79,46.96,28.64,8.07
55049,51.0,49.93,46.81,40.02,35.36,26.14,16.18
55051,75.1,72.25,64.66,64.13,68.46,32.03,-6.27
55053,30.0,26.79,25.07,22.83,17.33,14.34,10.4
55055,73.2,68.47,63.55,54.41,47.85,18.74,-11.06
55057,117.3,123.12,119.06,103.15,83.29,36.8,-10.75
55059,75.8,71.29,64.24,53.3,47.12,31.85,17.34
55061,27.3,24.96,23.51,15.27,14.39,13.27,11.22
55063,71.1,64.92,62.95,57.76,50.51,54.28,56.04
55065,14.9,13.88,13.85,12.6,4.67,19.64,32.71
55067,111.6,106.5,94.9,83.5,72.5,43.79,14.66
55069,82.1,78.29,75.16,63.57,56.81,28.1,-1.42
55071,74.8,69.54,59.87,49.06,46.69,34.09,20.49
55073,56.3,52.92,49.76,42.32,38.92,47.9,55.74
55075,89.2,82.19,76.1,64.63,60.3,42.57,23.69
55077,38.4,36.25,33.17,26.28,22.48,4.11,-16.39
55078,0.0,-0.54,-0.67,-0.74,-0.47,7.86,15.1
55079,89.7,84.86,77.1,64.11,53.55,66.32,78.83
55081,74.2,67.9,65.43,58.25,51.09,34.6,16.19
55083,43.5,39.69,36.5,30.89,25.25,15.83,5.95
55085,102.4,93.4,84.6,70.04,61.99,48.96,35.72
55087,66.7,61.72,57.68,50.14,45.69,42.72,38.39
55089,66.5,63.54,60.85,54.97,46.41,50.18,53.18
55091,72.0,63.77,57.9,49.82,46.84,27.27,6.74
55093,37.4,36.03,38.03,31.35,24.7,14.02,1.98
55095,79.5,72.4,63.57,53.77,49.42,46.45,41.48
55097,65.8,59.64,55.26,47.09,40.6,30.8,20.11
55099,62.1,56.17,50.08,50.77,47.34,29.54,11.66
55101,89.1,84.68,78.34,65.25,55.14,40.59,26.23
55103,19.8,17.5,35.4,37.91,34.48,17.29,-2.22
55105,89.5,84.53,78.3,64.54,56.07,43.83,31.0
55107,40.4,34.55,31.33,27.84,23.0,16.16,10.28
55109,47.5,40.97,33.79,31.12,28.11,16.0,2.89
55111,75.7,73.84,67.36,57.23,49.3,37.3,23.37
55113,101.5,100.16,89.73,78.22,72.94,42.14,12.13
55115,54.1,48.39,42.45,35.88,34.11,17.96,0.71
55117,77.6,73.48,67.04,54.75,44.23,54.79,64.07
55119,33.5,31.45,29.09,22.14,14.59,10.91,7.29
55121,25.6,23.25,17.68,14.03,10.21,6.51,1.88
55123,51.0,46.71,42.71,37.24,33.98,26.04,15.75
55125,70.2,62.49,61.48,52.3,42.46,28.27,13.75
55127,72.4,67.43,62.91,52.11,45.32,20.79,-4.71
55129,65.4,31.64,28.99,26.55,22.33,49.54,76.46
55131,76.1,71.37,65.87,55.39,48.25,28.38,7.31
55133,76.9,73.46,68.21,58.17,50.97,41.35,30.65
55135,94.8,89.08,84.73,73.09,63.82,35.76,7.47
55137,26.6,24.99,26.13,24.35,24.89,14.04,1.63
55139,64.2,59.43,55.07,48.31,44.65,44.21,43.17
55141,83.5,75.73,72.05,60.37,52.6,50.31,47.69
56001,55.8,51.71,46.75,42.82,37.5,26.63,12.98
56003,62.1,58.45,55.78,49.65,46.77,28.41,8.37
56005,82.2,75.23,70.86,66.14,56.22,40.72,25.7
56007,76.8,80.43,72.65,60.19,50.22,69.61,88.26
56009,64.5,60.2,65.28,64.49,58.09,29.56,-0.03
56011,0.6,0.29,-0.01,0.13,-0.41,5.21,10.37
56013,95.1,93.15,83.83,76.07,59.78,48.55,37.37
56015,42.3,38.75,32.1,29.74,29.37,8.51,-14.35
56017,98.3,102.03,97.72,88.04,96.32,104.29,112.21
56019,68.0,67.32,65.65,60.55,55.1,35.12,14.35
56021,84.3,77.94,71.67,63.83,56.15,53.24,48.21
56023,80.1,80.57,77.7,64.69,58.56,39.99,23.47
56025,89.3,82.06,82.55,72.68,64.62,73.4,81.06
56027,2.4,1.39,2.95,1.47,-0.0,1.3,0.89
56029,106.0,98.1,85.91,73.41,72.74,59.59,44.97
56031,58.5,55.29,54.45,51.31,51.45,18.4,-17.88
56033,60.8,55.38,51.82,44.33,37.36,32.83,27.32
56035,63.7,56.73,58.31,53.88,55.4,53.75,53.32
56037,93.5,86.5,87.63,86.72,79.28,70.11,60.22
56039,81.2,76.32,63.12,58.5,43.22,53.28,64.14
56041,112.4,104.81,105.38,99.78,95.97,60.57,26.36
56043,109.7,95.94,81.79,81.53,75.42,47.82,20.0
56045,68.3,58.54,47.07,39.49,35.22,5.51,-25.86
