FIPS,2014 SVI Disability Ests,2015 SVI Disability Ests,2016 SVI Disability Ests,2017 SVI Disability Ests,2018 SVI Disability Ests,2019 SVI Disability Ests,2020 SVI Disability Preds
01001,57.62,64.54,72.38,75.78,78.56,74.43,69.23
01003,39.83,37.79,35.42,34.83,34.66,35.84,35.9
01005,84.75,86.1,88.16,88.72,89.32,84.14,78.98
01007,55.71,50.81,45.3,51.24,58.97,65.15,70.25
01009,65.87,57.04,47.16,42.74,38.88,40.3,41.64
01011,85.8,79.05,71.04,57.62,43.45,32.28,20.64
01013,89.97,85.68,80.66,75.55,70.17,62.38,54.46
01015,77.84,80.21,83.47,84.57,85.16,84.78,83.95
01017,84.24,77.66,70.35,66.31,62.28,66.66,69.76
01019,91.12,89.91,88.78,86.15,83.06,72.83,62.57
01021,66.92,65.58,64.08,66.14,68.52,75.01,79.9
01023,96.75,97.35,98.03,98.74,99.35,98.48,97.76
01025,54.76,54.21,53.87,58.36,63.31,69.62,75.85
01027,82.43,72.63,61.52,55.09,49.31,61.0,72.16
01029,84.24,86.31,89.31,90.41,91.0,89.51,87.4
01031,65.87,68.78,71.92,70.84,69.08,68.05,66.78
01033,84.24,82.47,80.56,77.42,74.65,71.14,67.18
01035,94.08,91.25,88.52,90.1,91.73,92.23,92.85
01037,88.16,89.46,91.04,91.83,92.21,93.55,93.55
01039,88.98,88.34,87.74,87.01,86.14,84.83,83.35
01041,76.5,78.02,79.73,82.38,85.59,87.53,89.28
01043,66.92,60.76,53.84,58.44,65.1,70.12,75.32
01045,81.95,84.4,87.13,87.33,87.49,86.94,86.51
01047,87.33,80.94,73.29,71.01,69.57,69.69,68.77
01049,57.62,54.11,50.33,49.96,49.91,40.77,32.06
01051,50.08,57.45,65.83,68.27,69.69,62.22,53.41
01053,84.75,83.84,83.22,80.74,77.31,76.26,74.84
01055,84.75,83.02,81.34,80.76,80.37,75.15,69.84
01057,97.01,97.7,98.58,98.27,97.77,97.06,95.57
01059,78.16,77.41,76.82,65.91,53.03,41.08,28.57
01061,92.36,91.84,91.15,90.06,88.98,91.27,93.38
01063,97.1,97.25,97.73,97.54,96.98,93.93,90.18
01065,91.12,90.0,88.77,88.16,87.28,90.4,92.73
01067,81.31,80.98,80.66,78.84,76.55,75.18,74.03
01069,69.02,69.0,69.02,68.67,68.54,64.03,59.36
01071,76.5,72.9,69.15,71.83,75.49,78.05,80.35
01073,43.11,44.0,45.34,47.48,49.34,49.55,49.02
01075,94.97,93.97,93.19,93.36,94.21,94.35,93.81
01077,55.71,54.13,52.39,48.15,43.62,41.18,38.33
01079,87.81,87.03,85.98,84.9,84.42,87.09,89.15
01081,18.31,18.26,18.9,22.39,26.06,26.67,26.53
01083,32.51,38.8,45.97,50.89,55.87,53.8,51.3
01085,87.81,90.41,93.41,94.87,96.19,96.74,96.6
01087,73.96,70.76,67.28,65.79,64.95,65.31,64.71
01089,24.45,25.05,25.5,25.84,26.43,25.59,24.29
01091,93.22,93.88,94.89,95.97,96.79,96.72,96.78
01093,96.63,96.54,96.63,96.34,96.61,96.36,95.66
01095,69.79,66.22,62.51,57.47,51.57,43.44,35.67
01097,50.08,49.33,48.45,42.8,36.46,33.67,29.77
01099,51.74,42.32,31.51,31.41,32.96,38.88,44.79
01101,53.68,56.27,58.75,57.92,57.12,56.08,54.5
01103,55.71,59.74,64.61,64.4,62.73,61.51,60.41
01105,98.89,97.91,97.11,97.3,97.19,96.16,94.79
01107,96.34,96.24,96.41,95.78,95.17,95.89,95.66
01109,45.78,51.34,57.77,60.41,62.95,59.97,56.77
01111,73.48,64.32,54.31,47.05,40.11,49.59,58.48
01113,75.33,72.02,68.34,69.0,72.11,77.76,82.85
01115,65.87,65.07,64.64,62.49,59.57,56.47,53.22
01117,16.71,15.92,15.08,14.76,14.0,15.78,16.74
01119,89.4,86.79,83.77,85.79,88.81,88.87,88.88
01121,81.31,78.78,76.29,76.95,78.1,82.44,85.91
01123,71.76,71.21,70.87,73.49,76.55,79.92,81.9
01125,19.8,19.33,18.95,19.13,18.96,21.45,23.16
01127,97.1,96.99,97.03,96.65,95.74,95.78,95.24
01129,93.22,94.1,95.22,95.58,95.8,85.27,74.59
01131,69.02,70.74,73.16,73.94,73.77,73.74,73.67
01133,97.1,97.17,97.28,97.01,96.8,94.83,92.16
02013,0.54,0.93,1.37,1.78,2.16,5.9,8.44
02016,0.25,0.82,1.41,1.32,1.2,1.39,-0.49
02020,7.9,8.99,10.34,11.68,12.68,13.04,12.07
02050,7.45,7.29,7.12,8.15,9.34,11.63,12.17
02060,28.84,25.47,23.04,30.92,37.75,45.21,51.47
02063,0.0,0.0,0.02,0.04,0.01,-0.05,-0.29
02066,0.0,0.01,0.03,0.33,0.34,0.31,0.52
02068,2.55,3.32,4.22,17.42,31.18,43.71,56.52
02070,19.8,21.31,23.17,22.89,21.95,20.26,17.11
02090,10.32,9.71,9.07,11.75,14.11,13.45,13.1
02100,40.75,47.14,54.28,37.79,17.82,43.44,69.0
02105,75.33,66.71,57.06,53.26,50.34,58.34,65.63
02110,5.76,5.64,5.71,10.71,16.14,17.25,18.55
02122,44.03,40.66,37.24,39.22,41.41,44.73,46.88
02130,23.72,29.28,35.02,38.62,41.79,42.06,42.5
02150,23.02,20.24,17.62,21.05,24.16,14.83,5.22
02158,0.0,-0.01,-0.0,-0.02,-0.02,0.02,-1.81
02164,53.68,35.54,15.83,23.72,33.63,43.31,52.27
02170,16.71,18.19,19.6,23.32,27.11,31.26,34.48
02180,11.46,11.31,11.14,8.89,6.52,4.99,1.32
02185,4.52,4.76,5.03,5.99,6.91,8.03,8.3
02188,7.45,7.83,8.25,7.56,6.92,5.55,2.54
02195,22.32,26.79,32.08,51.58,71.93,79.32,86.53
02198,47.85,55.51,63.65,75.27,87.16,89.81,92.99
02220,9.71,14.97,20.62,20.89,20.29,22.76,24.72
02230,0.22,2.11,3.72,5.11,8.7,27.4,45.85
02240,44.73,43.5,42.21,52.83,63.85,71.39,79.17
02275,97.39,88.17,77.51,74.91,72.17,65.67,59.19
02282,1.02,1.5,1.98,2.04,2.38,2.3,2.5
02290,62.56,59.24,55.71,50.47,44.95,49.15,52.81
04001,46.74,45.33,43.61,43.23,42.89,40.74,38.48
04003,66.92,65.99,64.74,64.56,64.44,65.78,67.47
04005,14.45,14.92,15.39,16.32,17.36,20.65,24.37
04007,81.31,85.76,90.55,90.77,90.73,88.95,87.9
04009,36.01,33.44,30.6,28.34,26.11,29.29,32.58
04011,33.4,31.0,28.47,27.18,25.75,23.2,19.83
04012,72.62,80.88,89.45,90.73,91.52,94.5,98.39
04013,9.11,10.67,12.03,12.32,12.68,13.39,14.68
04015,80.01,84.61,89.35,90.31,91.42,91.21,92.32
04017,71.76,71.32,70.78,70.25,69.89,72.73,75.52
04019,36.01,39.46,42.99,45.07,47.1,47.16,46.87
04021,27.19,32.26,37.58,42.06,46.64,50.6,54.92
04023,6.24,11.37,16.79,19.06,21.2,27.71,34.22
04025,74.59,74.78,74.78,73.78,72.9,72.49,73.07
04027,18.94,17.92,16.65,17.34,18.4,20.24,22.77
05001,86.44,89.64,93.26,94.45,95.56,92.64,89.54
05003,90.19,90.77,91.55,91.76,92.16,91.9,91.08
05005,93.7,91.77,89.63,88.33,87.2,90.23,91.85
05007,5.76,4.71,3.8,4.27,4.47,4.5,4.4
05009,87.81,86.32,84.62,80.92,76.89,79.48,81.18
05011,87.33,90.17,93.42,91.0,88.21,86.86,85.09
05013,98.79,98.74,98.9,97.3,95.83,94.03,92.17
05015,70.49,68.33,66.16,60.49,53.86,47.34,39.93
05017,97.1,96.4,95.82,96.22,96.25,96.69,96.24
05019,76.5,76.8,77.33,78.79,80.47,85.58,90.23
05021,96.21,95.99,95.51,94.83,94.39,92.86,90.58
05023,81.31,77.8,73.81,71.87,69.81,75.19,79.76
05025,92.68,92.95,92.92,89.0,84.86,83.01,80.57
05027,83.22,79.39,75.16,73.72,73.37,74.74,76.53
05029,77.84,81.47,85.86,90.28,93.83,95.02,95.73
05031,47.85,56.97,67.08,67.75,67.08,70.37,73.09
05033,68.26,71.57,75.32,78.96,82.52,81.77,80.3
05035,60.17,63.43,67.16,65.55,63.43,62.18,60.49
05037,89.4,90.11,90.75,86.81,82.59,77.62,71.91
05039,95.45,95.83,96.5,95.21,93.58,94.42,95.45
05041,78.16,82.02,85.91,85.96,85.77,78.87,71.13
05043,80.01,84.43,89.32,87.33,84.53,81.48,77.92
05045,24.45,24.38,24.31,31.64,39.82,41.42,42.22
05047,69.79,74.7,80.53,84.17,86.57,90.07,92.74
05049,97.01,97.38,97.67,96.92,95.91,94.69,92.07
05051,81.31,80.04,78.48,80.89,83.87,85.84,87.54
05053,75.33,71.2,66.41,71.74,79.02,77.22,75.2
05055,80.01,83.14,86.27,88.62,91.81,90.92,89.34
05057,85.8,84.84,83.87,78.29,71.79,74.1,76.65
05059,94.97,95.0,95.24,95.71,95.44,94.74,93.67
05061,71.76,69.54,67.23,69.62,72.77,73.91,75.11
05063,69.79,71.73,74.03,77.13,80.54,79.47,77.55
05065,94.3,93.51,92.46,93.71,95.56,96.84,96.71
05067,91.12,91.74,91.98,91.32,90.91,91.4,90.5
05069,74.59,76.42,78.61,75.99,72.09,71.91,71.66
05071,67.62,66.23,64.7,72.61,81.86,84.35,86.46
05073,92.68,93.32,94.38,93.56,92.33,93.84,95.91
05075,73.96,81.69,90.12,92.61,94.49,94.49,93.45
05077,94.81,96.21,97.91,96.22,94.41,94.31,93.89
05079,87.33,89.71,91.97,92.3,93.2,86.54,79.24
05081,72.62,77.21,83.08,86.01,87.9,84.95,81.73
05083,90.19,89.56,88.96,88.66,87.82,89.83,91.4
05085,55.71,48.37,39.94,37.0,34.52,39.56,43.74
05087,82.74,77.68,71.83,73.78,77.11,82.08,86.11
05089,98.34,97.12,95.64,94.07,92.47,95.07,97.18
05091,65.87,66.71,68.03,71.67,76.27,76.79,77.4
05093,89.62,88.36,86.74,83.73,80.93,77.54,73.95
05095,97.52,96.68,95.72,94.81,94.18,95.02,95.19
05097,99.78,99.26,98.84,98.89,98.46,98.12,97.43
05099,92.36,93.22,94.41,92.67,90.48,92.3,94.41
05101,92.04,91.3,90.67,91.37,91.91,93.13,93.5
05103,91.82,87.4,82.33,80.1,78.52,85.61,92.61
05105,84.24,87.24,90.73,93.68,95.81,94.6,92.87
05107,94.97,94.2,93.12,92.06,91.77,92.94,93.6
05109,98.5,98.34,98.31,98.81,99.06,98.3,97.74
05111,87.33,90.83,94.15,91.86,89.64,89.37,88.26
05113,96.63,95.77,95.32,94.64,92.76,91.77,90.63
05115,59.22,56.02,52.27,55.88,60.48,63.41,66.06
05117,96.34,94.34,92.31,90.18,87.61,89.52,90.96
05119,30.82,31.9,33.71,40.97,48.41,49.99,50.83
05121,80.01,83.41,86.69,87.79,88.95,90.14,90.19
05123,87.33,85.96,84.21,80.42,77.14,77.85,78.03
05125,71.12,67.3,62.93,63.48,63.95,61.59,58.5
05127,87.81,81.94,75.26,80.92,88.62,91.06,93.29
05129,95.45,93.9,92.28,92.28,92.38,93.1,92.97
05131,68.26,70.36,72.65,74.77,76.67,78.64,80.06
05133,39.83,33.72,26.65,28.92,32.58,35.48,38.08
05135,83.22,87.04,91.03,94.4,97.86,98.25,97.08
05137,94.08,94.21,94.51,93.3,91.57,93.44,94.29
05139,86.82,82.09,76.74,70.06,63.47,61.64,59.64
05141,92.04,91.61,91.29,92.96,94.7,96.52,97.69
05143,11.97,10.52,9.15,8.88,8.35,9.56,10.36
05145,62.56,59.48,56.31,56.12,55.96,61.43,65.98
05147,96.05,96.08,96.12,95.72,95.3,90.62,85.0
05149,86.44,85.32,84.1,85.49,86.54,77.97,69.35
06001,4.81,5.12,5.36,4.83,4.3,4.03,3.45
06003,90.51,92.88,94.87,90.23,85.73,70.38,54.28
06005,73.96,75.79,77.64,76.33,74.78,72.16,69.53
06007,67.62,66.99,66.16,64.48,63.2,62.42,60.82
06009,77.17,80.21,83.46,85.2,87.18,85.61,84.3
06011,24.45,23.87,23.36,21.94,20.46,23.39,26.21
06013,10.32,11.4,12.55,12.82,13.01,12.82,12.21
06015,91.56,91.92,92.27,89.24,86.26,80.72,73.75
06017,23.02,25.67,28.37,28.12,28.05,26.79,24.98
06019,20.89,21.6,22.44,24.14,25.73,25.6,24.01
06021,67.62,68.14,68.78,65.74,62.13,54.85,46.7
06023,60.17,61.79,63.49,60.59,57.59,58.77,58.17
06025,33.4,36.07,38.88,39.42,39.84,37.38,35.71
06027,34.16,33.52,32.72,34.25,36.22,41.37,45.11
06029,16.71,14.98,13.02,12.95,13.05,13.52,12.16
06031,12.61,14.27,16.06,18.37,20.81,19.36,16.41
06033,87.33,88.26,89.23,86.46,83.29,83.34,83.36
06035,71.76,73.12,74.76,68.13,61.45,59.85,57.67
06037,6.24,6.29,6.37,6.19,5.97,6.39,6.84
06039,28.84,26.82,24.6,25.43,26.83,27.8,27.52
06041,4.39,4.16,3.75,3.34,3.09,3.06,2.77
06043,73.48,71.87,70.1,71.21,72.9,75.0,77.02
06045,62.56,63.15,63.73,62.53,61.54,64.54,66.44
06047,54.76,52.3,49.71,41.53,32.47,29.32,24.99
06049,80.01,81.09,82.13,76.67,71.24,64.45,56.79
06051,4.81,2.97,0.87,0.32,0.17,-0.0,-0.98
06053,3.09,3.6,4.1,3.76,3.21,3.25,2.57
06055,15.09,14.68,14.0,15.06,16.68,17.82,18.78
06057,38.78,41.48,44.27,43.28,43.08,39.92,36.15
06059,2.32,2.42,2.46,2.43,2.39,2.84,3.05
06061,12.61,12.64,12.66,11.27,9.91,9.22,8.26
06063,90.19,88.45,86.08,78.91,72.88,68.63,63.53
06065,12.61,13.47,14.38,14.42,14.41,14.87,15.14
06067,28.84,26.93,24.77,22.13,19.63,18.79,17.49
06069,3.76,4.13,4.47,4.3,4.11,5.54,5.64
06071,13.34,12.86,12.25,11.71,11.24,12.5,13.61
06073,5.76,6.14,6.44,6.05,5.66,6.01,6.77
06075,10.98,10.76,10.57,9.57,8.32,7.6,6.69
06077,18.94,19.5,20.19,20.54,21.05,20.89,20.93
06079,13.72,13.21,12.76,13.85,15.07,15.44,13.75
06081,2.23,2.21,2.16,2.06,2.04,2.04,1.79
06083,8.25,7.05,5.73,5.88,5.99,6.39,5.24
06085,1.69,1.67,1.53,1.59,1.63,1.76,1.27
06087,4.11,5.27,6.61,9.03,11.8,13.34,14.2
06089,74.59,73.97,73.16,71.02,69.02,69.2,68.57
06091,56.73,64.81,73.43,53.85,30.95,40.52,49.85
06093,83.79,83.99,84.18,81.88,79.69,77.02,73.31
06095,14.45,16.5,18.93,20.21,21.06,20.31,19.48
06097,15.09,16.49,18.17,18.59,18.97,17.86,17.37
06099,32.51,31.62,30.53,28.64,26.99,26.24,25.23
06101,36.01,33.97,31.73,31.18,31.72,27.96,24.08
06103,79.08,80.37,81.83,82.0,82.34,79.73,76.52
06105,94.08,94.36,94.67,91.52,88.31,79.35,69.74
06107,13.72,16.63,19.79,19.99,19.59,17.79,14.9
06109,74.59,78.2,82.2,80.55,78.18,79.25,80.63
06111,8.63,9.1,9.68,10.37,11.06,11.39,10.17
06113,10.32,8.9,7.23,5.69,4.18,5.35,6.49
06115,65.87,64.75,63.56,59.79,55.26,50.97,46.39
08001,10.32,9.98,9.68,9.39,8.98,9.73,11.5
08003,55.71,64.48,74.69,75.65,74.48,71.16,67.49
08005,4.52,4.25,3.84,3.58,3.37,3.95,5.7
08007,39.83,43.03,46.17,43.6,40.82,43.54,45.31
08009,94.08,95.34,96.46,93.25,88.84,83.16,75.64
08011,94.97,96.91,98.89,97.52,96.54,92.58,87.7
08013,2.32,2.03,1.87,1.82,1.59,1.78,3.42
08014,2.74,2.35,2.19,2.04,1.83,1.85,3.17
08015,44.03,48.44,53.48,57.99,62.26,53.61,45.45
08017,50.08,47.14,42.99,34.08,26.3,21.28,15.59
08019,12.61,9.43,5.72,5.42,5.51,13.12,21.81
08021,83.22,86.29,89.42,86.18,82.43,83.08,82.91
08023,99.68,100.3,100.63,99.53,98.88,97.76,95.72
08025,94.49,94.23,93.85,91.55,89.26,90.9,92.34
08027,72.62,71.79,70.56,71.69,73.37,68.75,64.08
08029,71.12,73.75,76.45,76.43,76.43,74.55,73.61
08031,6.91,5.95,4.92,4.98,5.18,5.54,7.12
08033,91.56,91.74,91.75,91.74,91.5,80.67,69.56
08035,0.38,0.36,0.34,0.39,0.34,0.67,1.84
08037,0.0,0.01,-0.1,0.13,0.21,0.51,2.17
08039,8.63,9.66,10.82,8.81,6.54,5.55,5.37
08041,16.71,17.25,17.74,19.23,20.83,20.87,21.09
08043,71.76,74.43,77.42,77.65,77.08,71.12,65.36
08045,5.76,4.22,2.56,2.26,1.87,2.33,4.16
08047,9.71,6.8,3.65,3.08,2.75,4.03,6.35
08049,0.89,0.24,-0.22,0.02,0.06,0.64,2.24
08051,0.54,1.41,1.78,1.56,1.71,0.94,0.78
08053,39.83,60.78,84.56,90.66,94.11,90.03,86.13
08055,86.82,90.97,95.4,95.71,95.26,93.16,90.42
08057,9.11,5.69,1.96,1.09,0.47,11.31,22.51
08059,5.76,5.4,5.28,5.63,5.88,7.1,9.63
08061,44.03,53.47,64.42,54.56,42.21,30.91,18.69
08063,65.27,63.07,60.45,49.02,37.24,41.9,46.42
08065,2.23,3.96,5.95,11.14,16.77,24.09,32.38
08067,4.11,4.37,4.05,3.4,3.21,3.24,2.83
08069,5.48,5.42,5.45,5.7,5.71,6.53,8.14
08071,73.96,76.07,78.39,83.19,88.21,90.22,91.82
08073,79.53,78.5,77.23,65.3,52.85,56.1,59.09
08075,42.31,42.77,43.23,39.18,34.33,39.95,45.89
08077,37.03,38.01,39.02,40.18,41.31,43.02,45.34
08079,83.22,86.04,88.18,78.76,68.39,42.28,16.01
08081,11.97,9.66,7.46,10.88,14.5,24.04,33.78
08083,45.78,48.98,52.47,58.38,64.63,64.42,63.85
08085,50.08,55.96,62.32,63.39,63.29,52.94,43.16
08087,17.54,17.08,16.47,15.75,15.73,13.29,10.85
08089,83.79,83.95,83.95,84.54,85.7,85.04,83.77
08091,13.34,12.27,9.88,15.97,24.94,19.87,15.03
08093,4.81,6.53,8.63,12.16,15.63,16.21,17.68
08095,37.89,33.62,28.75,23.46,17.71,14.06,10.03
08097,1.02,0.77,0.35,0.34,0.28,0.6,2.04
08099,80.64,80.9,80.73,76.03,71.31,68.09,63.72
08101,69.79,71.67,73.73,75.6,77.65,76.53,75.02
08103,16.05,11.5,6.8,7.67,8.93,19.79,31.28
08105,60.17,57.62,54.24,61.81,72.16,76.76,80.99
08107,0.54,0.07,-0.14,0.21,0.27,1.41,2.57
08109,72.62,68.41,63.21,64.49,66.61,56.46,46.12
08111,2.55,11.15,20.27,25.05,29.91,17.56,5.31
08113,5.48,5.64,5.23,3.89,2.39,-0.98,-4.27
08115,41.45,41.27,41.48,52.08,62.24,60.6,59.26
08117,0.19,0.33,0.38,0.77,0.85,1.2,2.73
08119,38.78,37.2,35.21,37.52,40.5,39.87,39.81
08121,26.52,29.52,32.89,25.66,17.66,15.49,12.99
08123,10.98,9.58,7.97,7.42,7.07,8.57,11.01
08125,9.71,13.91,18.68,17.84,17.02,11.94,6.12
09001,3.76,3.67,3.56,3.62,3.79,4.65,5.09
09003,19.8,19.11,18.25,17.76,17.43,18.08,17.99
09005,8.25,8.59,8.96,10.14,11.47,15.89,20.2
09007,6.24,7.11,7.98,8.99,10.02,10.73,10.86
09009,16.05,15.69,15.28,15.0,14.73,14.91,14.64
09011,23.72,24.55,25.26,25.11,24.99,23.23,20.86
09013,4.52,5.27,6.09,6.44,6.78,6.86,6.36
09015,27.19,29.81,32.79,32.85,32.38,33.27,33.37
10001,29.96,32.33,35.07,37.43,39.72,46.25,52.43
10003,13.72,13.94,13.94,12.93,12.14,14.61,15.95
10005,42.31,40.13,37.73,37.04,36.65,36.37,35.98
11001,14.45,14.49,14.54,15.34,16.49,16.04,14.4
12001,9.71,9.66,9.69,9.86,9.96,10.7,9.82
12003,47.85,51.28,55.09,60.25,65.37,61.22,55.29
12005,62.56,65.89,70.0,74.74,79.19,80.42,80.8
12007,77.17,78.78,80.44,81.62,82.39,75.08,66.22
12009,47.85,46.9,45.67,47.89,50.62,53.11,54.53
12011,16.05,15.1,14.07,13.0,11.89,11.67,9.87
12013,96.5,95.37,94.07,92.8,91.13,92.36,93.47
12015,85.8,86.08,86.43,87.42,88.87,91.2,92.08
12017,86.44,86.91,87.56,87.66,87.85,88.45,88.17
12019,31.65,30.81,29.45,29.93,30.95,29.79,26.77
12021,16.71,16.01,15.35,14.57,14.04,15.27,15.08
12023,72.62,74.06,75.69,77.89,80.16,83.2,84.48
12027,47.85,45.77,43.51,40.36,37.01,44.63,51.03
12029,96.28,96.17,96.44,96.24,95.84,96.56,95.44
12031,27.19,29.26,31.27,31.01,30.48,28.11,24.26
12033,48.93,47.5,45.96,45.74,45.76,49.02,51.42
12035,61.64,60.84,59.77,57.85,55.85,49.3,40.97
12037,94.97,92.97,91.2,90.65,89.68,88.29,85.8
12039,61.64,67.32,73.95,78.44,82.4,80.46,77.79
12041,92.04,89.57,86.66,86.06,86.11,87.22,86.66
12043,82.43,86.23,91.1,88.23,84.0,76.13,67.43
12045,83.79,81.42,78.67,77.23,75.77,82.19,87.53
12047,96.05,95.17,94.24,93.54,92.82,87.75,80.59
12049,14.45,12.87,11.23,9.51,7.54,11.03,13.53
12051,46.74,43.98,40.72,32.83,24.77,19.57,13.41
12053,80.64,79.75,78.63,77.98,77.83,79.21,79.54
12055,80.64,77.49,74.14,77.78,82.73,85.69,87.52
12057,18.94,18.39,17.56,16.33,15.16,16.08,16.31
12059,95.61,94.06,92.37,93.05,94.33,93.54,92.69
12061,55.71,58.81,62.54,61.91,60.22,59.57,57.91
12063,90.89,89.45,87.77,84.97,81.85,81.81,81.81
12065,78.16,76.01,73.45,66.77,59.42,62.12,63.15
12067,79.53,78.23,76.75,72.07,66.58,65.14,61.85
12069,50.08,52.54,55.25,56.42,57.61,59.75,60.92
12071,36.01,35.97,36.04,33.69,31.18,32.07,31.61
12073,6.24,8.21,10.7,12.54,14.07,14.15,13.16
12075,90.19,89.07,87.73,85.34,82.7,83.04,81.98
12077,87.81,87.29,86.76,90.43,94.88,95.75,96.33
12079,91.12,90.2,89.32,84.26,78.65,67.43,54.88
12081,33.4,34.59,35.83,35.91,36.07,39.4,41.51
12083,70.49,71.23,72.02,71.58,71.23,68.54,64.06
12085,44.73,46.06,47.74,47.68,47.33,45.73,43.56
12086,9.71,8.87,8.15,7.46,6.82,7.09,5.8
12087,32.51,26.63,20.52,16.52,12.58,10.08,6.65
12089,50.08,54.12,58.15,57.56,56.33,59.79,61.45
12091,37.89,36.58,35.33,40.33,46.13,47.71,48.28
12093,60.17,54.04,46.84,46.28,46.97,53.11,57.93
12095,7.9,8.45,9.05,9.86,10.83,11.86,11.96
12097,38.78,39.78,40.83,40.7,40.23,40.58,40.21
12099,18.94,19.02,19.23,19.57,20.14,20.39,19.38
12101,59.22,60.21,61.38,59.66,57.34,57.87,57.83
12103,44.03,45.02,46.2,46.93,47.7,50.28,51.75
12105,47.85,48.76,49.8,49.5,49.07,48.54,47.23
12107,62.56,63.01,63.57,66.4,69.78,67.88,64.75
12109,11.97,13.54,15.18,14.61,13.78,13.34,11.51
12111,53.68,52.74,51.56,51.59,51.91,51.66,50.69
12113,44.03,46.65,49.89,52.49,54.52,55.17,55.16
12115,52.66,53.4,54.19,52.58,50.48,49.61,47.28
12117,10.32,10.03,9.58,9.1,8.56,9.34,9.12
12119,80.64,82.57,84.55,83.28,81.59,80.35,78.07
12121,69.02,71.39,74.33,76.66,78.89,82.39,83.85
12123,94.3,91.67,89.01,89.72,91.16,91.51,90.2
12125,45.78,46.33,46.71,48.01,49.26,47.41,44.13
12127,53.68,55.58,57.66,60.27,62.95,64.59,65.61
12129,74.59,66.41,57.06,56.25,56.96,45.36,32.8
12131,69.02,65.33,60.96,60.58,60.49,60.99,60.97
12133,85.32,84.72,84.07,82.96,81.4,82.29,82.77
13001,75.33,76.46,77.72,77.74,77.71,64.85,50.83
13003,46.74,46.87,46.56,45.34,45.29,44.78,43.0
13005,71.12,73.5,76.29,77.19,78.49,76.31,72.76
13007,72.62,77.15,82.34,85.03,88.17,86.34,84.25
13009,34.16,35.29,36.78,43.9,51.6,55.45,59.4
13011,56.73,57.52,58.19,57.76,57.38,64.47,71.74
13013,24.45,27.04,29.94,28.52,26.28,27.44,28.89
13015,37.03,40.16,43.68,41.32,38.23,33.2,28.18
13017,95.7,92.43,87.85,73.35,58.86,39.57,19.39
13019,71.76,78.0,84.72,83.32,81.65,73.64,64.49
13021,41.45,43.68,46.02,48.53,50.9,52.71,54.57
13023,85.32,82.73,78.96,71.52,64.29,67.52,70.08
13025,96.5,96.66,96.74,93.29,89.49,77.35,63.27
13027,89.62,88.8,87.57,78.28,68.34,56.53,43.43
13029,11.46,11.23,10.54,14.18,18.68,18.21,16.25
13031,19.8,20.58,21.83,24.49,27.4,27.37,25.83
13033,69.02,64.85,60.27,50.7,40.66,34.37,26.9
13035,44.03,45.9,47.78,49.58,52.31,52.87,53.62
13037,60.17,62.31,65.59,64.1,61.13,63.65,66.01
13039,10.98,15.72,20.72,20.95,20.25,20.3,18.71
13043,75.96,74.59,73.04,72.66,72.11,72.35,71.39
13045,50.08,50.86,52.06,48.43,43.67,42.87,41.03
13047,45.78,43.58,41.49,41.72,41.9,50.34,58.71
13049,29.96,35.27,41.27,58.48,78.31,84.98,89.54
13051,18.31,20.9,23.79,28.84,34.3,38.48,40.81
13053,57.62,54.6,51.44,35.53,16.74,18.0,18.48
13055,70.49,70.43,70.68,70.58,70.33,70.32,70.47
13057,4.81,5.12,5.16,5.21,5.66,7.47,9.32
13059,9.71,9.64,8.8,8.9,10.71,14.53,18.51
13061,94.49,86.76,77.88,78.81,82.71,86.91,90.71
13063,14.45,13.24,11.73,10.8,10.17,10.7,11.24
13065,84.24,82.25,79.84,66.94,51.89,52.17,50.86
13067,2.32,2.47,2.64,2.23,2.06,2.89,4.0
13069,53.68,59.81,66.85,70.67,74.89,72.21,68.27
13071,42.31,45.14,47.56,43.25,39.29,40.98,41.71
13073,9.11,9.68,10.71,12.31,13.98,17.32,20.07
13075,43.11,52.32,62.81,65.65,68.5,61.87,54.29
13077,9.71,9.75,10.13,9.91,9.64,11.4,12.64
13079,48.93,53.22,58.11,62.61,66.46,75.62,84.42
13081,85.32,82.14,78.01,73.67,70.33,71.98,73.06
13083,71.12,65.57,59.42,61.08,64.31,65.84,67.46
13085,20.89,21.75,22.58,30.5,40.13,41.2,42.37
13087,53.68,57.59,61.71,62.85,64.01,58.86,53.26
13089,7.45,7.47,7.48,7.69,7.89,8.95,10.15
13091,73.96,76.61,79.78,77.64,75.41,78.06,80.31
13093,50.08,56.64,64.2,72.75,82.66,76.92,70.38
13095,48.93,47.44,45.77,47.5,50.2,54.06,57.55
13097,18.31,18.7,19.1,17.84,16.37,16.24,16.08
13099,45.78,47.11,48.88,45.74,41.76,46.54,51.5
13101,39.83,37.03,33.91,36.65,41.48,34.18,25.28
13103,23.02,24.5,26.14,25.28,23.54,17.97,10.91
13105,71.12,73.25,75.23,78.02,81.91,83.26,84.13
13107,62.56,66.22,70.89,73.57,75.51,77.31,77.94
13109,51.74,52.71,54.02,57.17,60.18,48.32,35.22
13111,92.68,90.63,88.27,90.76,94.29,95.28,96.47
13113,6.24,5.5,4.58,4.42,4.59,7.71,10.52
13115,61.64,58.51,54.57,50.99,48.2,49.17,49.58
13117,1.46,1.4,1.22,1.56,1.74,1.48,1.55
13119,81.31,85.97,91.09,88.0,82.9,80.61,77.78
13121,5.16,5.57,6.1,6.47,6.81,7.09,7.33
13123,76.5,77.2,77.98,79.73,81.83,82.91,83.93
13125,36.01,30.26,24.36,27.0,30.5,35.45,40.63
13127,46.74,48.43,50.11,50.52,51.36,47.15,41.12
13129,50.08,59.93,71.81,74.21,74.79,64.12,53.46
13131,72.62,78.27,84.17,84.78,85.33,84.63,83.3
13133,24.45,33.75,44.81,46.08,45.32,41.86,38.3
13135,1.15,1.05,0.87,0.51,0.35,0.8,1.73
13137,58.42,57.5,56.17,57.03,58.67,60.1,61.47
13139,12.61,12.74,12.82,12.72,12.41,13.67,15.63
13141,47.85,41.4,34.04,42.13,52.75,55.66,58.53
13143,78.16,76.46,74.47,72.9,71.97,69.08,65.75
13145,61.64,62.39,63.87,66.98,70.43,65.86,60.68
13147,64.37,67.71,71.2,75.69,81.16,83.54,85.39
13149,92.96,88.65,84.14,81.66,79.46,86.98,94.17
13151,7.45,8.87,10.53,9.93,8.88,7.32,6.1
13153,17.54,21.13,24.75,27.17,29.09,26.09,22.53
13155,75.96,83.43,91.95,87.67,82.78,62.03,40.23
13157,36.01,35.38,34.39,32.57,31.11,33.6,36.49
13159,42.31,50.61,60.16,63.86,66.59,70.37,74.43
13161,64.37,65.64,67.2,64.32,60.55,63.31,65.04
13163,51.74,55.71,61.09,57.22,50.7,50.58,49.72
13165,77.17,72.4,67.03,55.35,42.54,44.95,45.86
13167,82.43,77.95,72.62,71.99,71.85,76.47,80.19
13169,46.74,45.05,42.64,42.88,43.79,39.6,35.54
13171,61.64,58.75,55.28,48.18,40.65,53.73,66.68
13173,82.74,81.89,80.69,75.56,70.37,57.77,43.5
13175,28.84,25.99,22.94,25.12,28.15,33.24,37.51
13177,13.72,10.43,6.8,7.54,8.55,12.39,16.04
13179,28.18,27.81,26.74,28.52,31.28,34.64,36.52
13181,62.56,63.1,63.91,67.57,71.88,73.77,75.44
13183,28.84,38.85,51.05,57.7,62.76,69.26,74.2
13185,29.96,28.73,27.1,22.23,17.53,13.16,7.06
13187,45.78,46.6,47.46,50.42,53.56,42.87,32.22
13189,52.66,47.68,42.78,39.59,35.38,32.41,29.37
13191,98.38,98.73,98.78,95.24,91.04,87.97,82.98
13193,88.16,86.46,84.29,77.25,68.82,69.8,69.56
13195,56.73,63.19,70.39,70.95,70.73,70.24,69.53
13197,75.33,74.42,73.98,60.72,44.85,48.57,51.58
13199,83.79,84.0,84.71,85.68,86.5,87.52,88.5
13201,52.66,50.38,47.3,38.58,28.99,29.23,29.7
13205,65.87,72.07,78.71,74.77,69.3,68.76,67.76
13207,44.73,45.47,46.19,43.37,39.75,50.98,61.91
13209,60.94,62.22,64.12,67.96,71.36,61.08,49.84
13211,39.83,46.79,54.6,52.14,48.17,43.55,38.86
13213,56.73,55.01,53.06,48.38,42.79,33.32,24.07
13215,75.96,75.11,74.69,71.2,67.44,68.47,68.85
13217,36.01,39.88,44.2,45.96,47.46,47.24,47.17
13219,7.45,7.27,6.36,5.37,5.52,6.05,6.55
13221,54.76,61.29,68.6,63.58,56.26,46.83,37.07
13223,6.91,7.48,8.08,6.74,5.46,7.75,10.26
13225,28.18,33.05,38.46,49.72,62.83,68.04,72.8
13227,54.76,56.94,59.22,58.65,57.44,64.13,70.55
13229,86.44,84.5,82.05,74.05,65.4,44.99,22.81
13231,32.51,31.93,31.57,27.93,23.65,21.88,20.16
13233,65.27,62.32,58.92,54.69,50.67,48.6,45.97
13235,56.73,69.05,83.63,84.81,83.64,83.28,82.35
13237,50.08,47.11,43.0,41.29,40.4,55.73,71.17
13239,99.08,98.13,97.52,94.36,90.58,91.03,90.83
13241,57.62,59.83,62.39,71.03,80.36,83.76,86.85
13243,89.62,83.09,76.22,68.48,60.16,58.71,57.03
13245,70.49,68.89,67.33,64.63,62.01,64.88,67.09
13247,10.98,9.02,6.18,5.51,5.85,8.16,10.8
13249,69.02,65.72,62.22,59.12,57.19,60.22,62.18
13251,73.96,67.89,61.12,58.94,58.23,58.8,57.91
13253,60.17,60.95,61.66,63.54,66.46,74.91,83.32
13255,59.22,59.83,60.56,58.42,56.07,53.56,50.86
13257,79.08,78.85,78.39,78.98,80.05,78.93,77.41
13259,96.91,94.26,92.06,84.38,76.42,81.73,86.48
13261,45.78,43.65,41.84,37.61,32.61,30.6,27.96
13263,92.04,86.53,80.24,78.86,78.93,80.05,80.69
13265,96.05,95.98,96.36,94.77,92.16,85.78,79.06
13267,80.64,76.09,70.41,68.23,66.52,64.44,61.44
13269,58.42,57.74,56.99,63.26,71.5,80.84,89.27
13271,65.87,54.9,41.64,29.74,19.08,26.6,33.11
13273,71.76,57.87,41.9,40.76,43.19,46.61,49.95
13275,61.64,64.33,66.89,66.25,66.22,67.93,68.68
13277,52.66,57.77,63.09,55.49,47.02,37.46,27.52
13279,40.75,40.77,40.94,48.4,57.17,59.11,59.71
13281,78.16,73.74,68.09,69.97,74.09,66.71,58.36
13283,83.22,80.22,76.86,80.95,86.26,85.71,84.1
13285,65.87,63.23,60.68,60.11,59.52,59.34,58.71
13287,84.24,85.1,85.76,77.67,69.5,67.66,65.48
13289,75.96,77.38,78.67,81.78,85.72,77.87,69.62
13291,90.19,88.74,86.9,81.61,74.68,74.04,72.98
13293,81.31,74.84,67.31,60.55,53.9,58.78,63.33
13295,84.75,81.52,78.19,76.41,74.2,74.62,75.25
13297,23.02,24.02,24.75,22.56,20.41,20.76,21.46
13299,80.64,79.59,78.29,72.41,66.47,51.37,34.5
13301,80.01,60.53,37.54,31.35,28.43,37.66,46.76
13303,43.11,45.62,49.16,58.16,67.56,69.02,69.57
13305,79.08,75.33,70.61,64.66,59.11,49.39,38.17
13307,92.68,85.27,77.28,63.95,49.72,55.12,59.72
13309,45.78,45.05,44.79,43.11,40.81,28.4,14.97
13311,52.66,56.28,60.57,60.76,59.36,63.18,66.69
13313,22.32,18.32,13.76,11.67,10.59,9.57,8.59
13315,80.01,80.85,81.56,68.82,54.63,38.56,22.18
13317,77.17,75.36,73.2,70.55,68.02,61.59,54.58
13319,55.71,57.72,60.12,56.02,49.4,42.83,36.09
13321,52.66,59.21,66.6,66.5,65.88,64.77,63.38
15001,32.51,31.5,30.32,31.09,31.96,35.5,38.81
15003,11.46,12.6,13.12,12.11,11.48,10.72,8.2
15005,23.72,49.09,76.76,86.52,94.69,66.81,37.29
15007,20.89,14.86,8.55,7.14,5.97,5.57,3.33
15009,11.46,12.52,12.34,11.24,11.0,6.25,0.98
16001,6.91,7.59,8.03,7.18,6.91,8.31,8.92
16003,84.24,85.07,85.11,87.57,91.68,83.14,73.38
16005,38.78,41.92,44.83,49.45,55.3,53.17,51.01
16007,36.01,35.37,34.61,32.34,30.47,28.7,26.8
16009,77.84,76.77,75.29,78.18,81.87,82.08,79.83
16011,29.96,32.21,34.73,35.44,35.63,43.58,50.87
16013,0.45,-0.2,-0.23,2.21,4.32,7.31,10.13
16015,58.42,63.52,68.83,56.57,42.39,43.02,42.73
16017,51.19,54.56,58.41,58.34,58.48,57.24,53.33
16019,27.19,29.04,31.53,33.91,36.35,33.02,29.29
16021,77.17,73.93,69.97,55.7,40.79,43.41,43.32
16023,84.24,71.78,58.35,57.05,56.43,58.22,59.37
16025,78.16,67.83,56.29,49.19,42.65,59.57,76.13
16027,37.03,34.77,31.49,31.96,33.78,37.21,39.42
16029,37.89,38.34,38.49,33.0,26.99,22.83,18.98
16031,24.45,22.1,19.66,25.89,32.21,33.01,33.47
16033,81.31,52.56,20.59,9.82,1.41,5.15,8.73
16035,97.71,98.03,98.17,95.0,91.15,89.82,87.0
16037,67.62,73.1,79.34,85.17,91.07,94.97,98.81
16039,37.03,32.65,28.01,29.99,33.09,46.34,58.93
16041,31.65,34.07,36.39,36.21,36.74,34.66,32.47
16043,29.96,26.49,23.62,24.69,25.34,38.28,51.39
16045,62.56,71.71,82.03,82.16,81.01,84.83,87.67
16047,44.73,43.21,42.13,36.55,29.16,29.55,29.52
16049,86.82,89.38,91.94,92.41,92.86,91.64,89.62
16051,23.02,21.35,20.05,16.98,12.77,10.26,7.81
16053,26.52,22.13,17.36,17.35,17.64,16.78,14.93
16055,33.4,32.91,31.99,31.16,30.52,34.38,35.84
16057,14.45,17.02,19.87,19.67,18.98,18.95,17.13
16059,68.26,75.27,82.54,76.9,70.11,73.21,75.86
16061,86.82,87.82,88.72,91.21,94.57,96.27,96.36
16063,34.16,31.04,28.01,33.92,40.72,39.99,38.51
16065,0.29,-0.82,-1.03,-0.19,0.28,2.49,4.88
16067,30.82,26.39,21.34,28.92,37.81,37.53,37.1
16069,67.62,68.6,69.61,69.29,68.76,69.65,68.63
16071,47.85,57.71,68.48,68.36,66.76,66.68,66.6
16073,50.08,52.65,55.8,58.09,59.74,65.62,70.56
16075,40.75,46.36,52.75,59.85,67.68,65.12,60.95
16077,48.93,56.66,65.32,66.98,67.28,53.34,39.53
16079,82.74,87.25,92.18,94.85,97.14,97.46,95.6
16081,18.31,11.34,3.4,1.84,1.2,1.35,1.49
16083,25.25,24.42,24.02,26.88,29.58,29.91,29.19
16085,53.68,65.36,78.2,80.53,81.36,58.45,34.59
16087,85.8,83.39,80.21,81.43,83.71,76.63,68.13
17001,34.89,33.76,32.78,33.11,33.27,40.45,45.98
17003,95.45,94.41,93.68,92.25,89.93,90.8,90.86
17005,46.74,51.2,56.24,54.78,52.19,56.91,60.45
17007,4.39,6.49,8.83,11.23,13.76,17.21,19.1
17009,11.46,12.93,14.56,24.42,35.5,54.96,73.72
17011,28.18,29.4,30.49,30.0,29.78,30.48,30.59
17013,55.71,59.34,63.51,69.08,75.61,75.95,74.91
17015,53.68,48.83,42.93,39.36,36.27,38.26,39.11
17017,31.65,30.38,28.66,29.45,29.46,31.77,33.02
17019,3.09,3.26,3.1,3.11,3.19,3.01,0.93
17021,40.75,39.76,38.82,31.3,22.46,25.23,26.05
17023,43.11,51.15,60.24,60.69,59.74,57.94,54.41
17025,67.62,71.79,76.43,79.33,81.88,81.16,78.47
17027,17.54,22.35,28.14,33.03,37.44,41.02,42.74
17029,32.51,32.12,31.57,37.95,46.04,51.51,55.05
17031,9.71,9.13,8.44,7.98,7.55,8.03,6.57
17033,54.76,57.12,59.08,57.64,56.07,57.23,56.62
17035,74.59,74.3,73.42,69.36,64.18,54.9,43.94
17037,2.9,4.44,5.87,6.41,7.11,9.04,9.67
17039,29.96,26.23,21.51,20.22,19.76,16.93,12.35
17041,9.71,10.41,11.09,13.41,15.51,18.09,18.74
17043,1.97,1.92,1.86,1.78,1.8,1.79,0.06
17045,41.45,47.54,54.09,55.75,56.62,58.22,57.92
17047,54.76,53.91,52.27,55.64,60.73,62.69,62.85
17049,19.8,22.91,26.55,26.35,25.01,28.25,29.05
17051,63.67,63.73,63.78,65.8,68.57,69.31,68.57
17053,50.08,55.23,61.04,59.34,56.31,49.65,41.46
17055,85.32,83.86,81.96,84.22,86.52,86.75,85.54
17057,44.73,45.12,45.43,45.54,45.26,43.88,41.66
17059,85.8,87.9,90.39,92.3,93.85,92.07,88.13
17061,54.76,54.71,54.47,56.55,58.95,53.48,46.93
17063,10.98,11.67,12.35,8.67,4.72,3.67,1.43
17065,61.64,60.52,59.09,67.54,77.95,80.84,82.14
17067,41.45,37.84,33.36,32.42,32.29,42.1,50.66
17069,99.59,99.63,99.44,99.01,98.48,98.8,96.92
17071,59.22,61.6,64.04,64.87,65.38,63.67,60.52
17073,18.94,19.92,20.98,21.49,22.63,25.76,28.08
17075,29.96,34.09,38.98,43.64,48.44,52.81,56.07
17077,23.72,25.19,26.96,31.03,34.88,40.45,44.66
17079,37.89,46.41,56.03,67.0,79.06,80.92,81.22
17081,62.56,66.74,71.83,76.27,79.37,77.71,74.2
17083,11.97,18.79,26.73,28.91,29.81,32.76,34.36
17085,21.46,20.86,20.15,28.35,38.12,39.28,39.05
17087,77.17,73.28,68.73,63.15,57.33,53.1,47.45
17089,1.97,2.06,2.0,2.01,1.99,2.31,0.98
17091,58.42,59.01,59.77,49.51,36.78,32.59,27.3
17093,1.02,1.04,1.04,0.85,0.98,1.32,0.07
17095,47.85,52.45,57.91,57.17,55.33,52.78,48.92
17097,1.97,2.2,2.35,2.67,2.95,3.61,2.09
17099,25.25,26.91,28.6,28.94,29.36,29.86,29.31
17101,75.96,81.69,87.66,86.4,84.21,80.42,74.71
17103,18.94,25.2,32.22,37.22,42.6,51.16,58.94
17105,32.51,36.9,41.53,45.47,49.62,50.02,49.33
17107,46.74,47.25,47.99,49.17,50.1,48.89,46.36
17109,14.45,17.5,20.86,25.05,29.06,32.66,34.81
17111,1.97,2.45,2.87,3.57,4.35,4.49,2.97
17113,4.81,4.53,4.25,4.38,4.49,4.28,3.27
17115,37.89,41.26,45.6,47.1,47.74,46.2,42.76
17117,51.19,52.8,54.37,51.22,47.29,47.23,45.93
17119,21.46,22.53,23.34,27.22,32.49,37.68,41.36
17121,75.96,74.09,71.46,71.66,72.48,72.35,70.08
17123,32.51,30.36,27.7,26.73,26.76,35.65,43.84
17125,60.94,58.47,55.46,59.78,65.38,68.11,69.74
17127,84.24,83.25,82.45,84.19,86.04,84.34,81.34
17129,19.8,22.67,26.2,31.08,35.67,38.87,40.89
17131,28.18,26.2,23.61,22.48,21.92,24.15,24.78
17133,7.9,7.17,6.59,5.79,4.48,5.28,4.43
17135,39.83,40.53,41.19,38.16,35.07,43.06,49.28
17137,44.03,42.4,40.74,47.6,55.58,59.83,63.1
17139,19.8,16.87,13.57,15.1,17.06,21.18,24.12
17141,11.97,16.18,20.74,21.03,20.65,25.49,28.8
17143,14.45,14.37,14.27,15.19,16.56,19.86,22.94
17145,61.64,59.02,56.02,64.51,74.76,80.03,83.67
17147,9.11,10.97,13.2,17.28,21.48,22.88,22.91
17149,51.74,53.59,56.28,57.1,56.88,60.78,63.66
17151,89.62,92.84,96.91,97.53,97.09,97.07,95.22
17153,95.29,94.69,94.63,94.87,94.27,93.25,91.14
17155,13.72,15.33,17.14,17.37,17.39,25.59,33.06
17157,51.19,49.36,47.65,50.04,52.13,56.12,57.99
17159,69.02,70.38,71.21,67.55,63.2,63.38,61.67
17161,28.84,28.04,27.02,27.9,29.41,33.33,35.47
17163,28.84,27.95,26.66,26.38,26.21,30.62,33.23
17165,88.98,88.49,87.73,89.39,91.42,92.01,90.7
17167,36.01,35.59,34.98,34.64,34.35,34.38,32.31
17169,51.74,58.0,65.28,74.15,82.34,86.69,90.27
17171,28.18,22.47,15.55,16.89,19.25,23.74,27.51
17173,44.73,35.26,24.02,21.69,21.32,28.11,33.0
17175,62.56,60.56,58.06,44.38,28.75,26.81,23.99
17177,44.03,41.54,38.52,39.94,41.92,46.28,48.39
17179,14.45,14.36,14.23,15.94,17.7,19.29,20.21
17181,69.79,69.17,68.68,68.68,68.63,66.8,63.74
17183,47.85,48.93,49.98,50.06,49.77,44.67,37.6
17185,69.02,70.95,72.5,70.84,68.75,70.54,70.31
17187,19.8,21.18,22.44,24.63,27.52,29.04,29.04
17189,34.89,29.65,23.39,22.24,21.54,22.13,20.86
17191,58.42,61.73,65.37,69.68,73.64,71.16,66.58
17193,76.5,78.64,80.83,82.53,83.5,82.73,79.87
17195,44.03,46.56,49.51,46.19,41.87,43.28,43.63
17197,2.55,2.77,3.07,2.42,2.08,2.69,1.58
17199,51.19,55.31,60.39,63.94,66.45,68.76,69.87
17201,30.82,32.61,34.44,35.01,35.43,36.6,36.11
17203,5.16,5.02,4.89,5.58,6.47,8.2,9.11
18001,18.31,20.34,22.72,20.89,18.08,15.77,12.89
18003,16.71,18.12,19.87,19.98,20.44,21.15,20.79
18005,23.72,23.81,23.8,22.79,20.96,26.47,31.18
18007,71.76,69.79,67.84,70.02,71.95,72.88,72.53
18009,88.98,87.12,85.16,84.97,84.73,86.22,86.48
18011,3.09,5.15,7.56,7.14,6.16,4.78,1.33
18013,18.31,19.21,20.18,22.87,25.8,30.93,34.99
18015,39.83,44.26,49.56,51.25,51.65,47.99,42.89
18017,37.89,40.86,44.35,45.98,47.07,44.27,40.59
18019,44.73,46.43,48.55,42.7,34.65,32.27,29.41
18021,68.26,70.52,72.6,71.93,71.45,72.77,72.56
18023,37.03,33.94,30.17,31.99,35.32,31.11,25.0
18025,86.44,85.96,84.87,83.89,83.3,78.4,72.37
18027,30.82,33.27,35.2,36.97,39.0,38.25,36.01
18029,20.89,19.87,18.26,17.67,17.88,23.73,28.59
18031,31.65,33.32,35.39,36.13,36.86,31.4,25.08
18033,63.67,58.76,52.66,45.43,38.43,31.59,23.87
18035,64.37,62.38,60.27,59.47,58.38,61.69,63.67
18037,7.45,8.4,8.66,9.55,10.82,14.77,17.25
18039,30.82,31.22,31.14,29.23,27.35,24.57,20.38
18041,85.8,82.26,78.02,74.7,71.69,74.02,75.33
18043,34.16,33.98,33.53,28.45,23.19,25.94,27.95
18045,62.56,64.68,67.27,68.87,69.64,72.52,73.92
18047,32.51,32.32,32.1,30.27,27.98,28.85,28.28
18049,56.73,57.39,58.14,58.56,58.95,54.82,49.41
18051,37.89,42.66,47.69,48.53,48.96,48.4,46.58
18053,71.12,69.83,68.66,71.95,75.8,77.21,77.36
18055,72.62,75.82,79.01,78.32,76.63,77.58,77.0
18057,1.02,1.03,0.92,1.11,1.28,1.33,-0.57
18059,24.45,25.05,25.78,25.6,25.45,27.23,27.56
18061,59.22,64.07,69.4,68.8,67.46,64.47,60.31
18063,6.24,9.31,12.74,11.77,10.27,8.11,4.22
18065,62.56,63.0,63.74,64.03,64.28,69.01,72.57
18067,65.87,66.38,67.24,67.87,67.92,64.49,59.63
18069,38.78,39.21,39.8,38.31,36.47,37.99,38.35
18071,23.72,25.0,26.6,34.33,42.32,44.47,45.94
18073,33.4,28.62,23.51,31.37,40.69,47.73,53.82
18075,59.22,58.05,56.71,57.2,58.03,59.31,59.95
18077,52.66,49.32,45.68,49.05,52.88,58.7,63.59
18079,50.08,49.67,49.32,55.45,62.31,65.04,66.86
18081,7.9,8.42,8.74,8.3,8.22,8.47,7.78
18083,37.03,46.47,57.11,65.59,74.5,74.1,71.82
18085,21.46,24.5,27.87,29.32,30.92,29.59,26.7
18087,10.32,10.43,10.05,8.75,7.87,9.76,10.21
18089,36.01,35.37,34.88,34.59,34.16,33.67,31.48
18091,37.03,35.04,32.82,32.57,32.75,35.49,37.18
18093,62.56,63.75,64.58,69.6,75.2,73.09,70.56
18095,72.62,70.97,69.11,69.83,70.92,73.35,74.45
18097,33.4,33.72,33.85,32.92,32.06,30.66,28.28
18099,28.84,31.03,33.59,34.64,35.56,30.34,23.55
18101,29.96,39.15,49.58,60.51,71.57,73.91,74.83
18103,65.87,63.41,60.34,60.47,61.39,56.67,50.29
18105,10.98,11.19,11.15,12.09,13.39,12.13,9.51
18107,42.31,43.46,44.47,44.21,43.79,44.26,42.85
18109,44.73,46.1,47.4,47.0,46.86,40.31,32.21
18111,53.68,45.76,36.61,42.04,49.68,57.39,64.08
18113,30.82,31.96,33.15,32.85,33.0,34.22,34.4
18115,16.71,22.84,30.17,29.41,26.85,35.6,43.36
18117,64.37,69.49,75.22,81.73,88.19,88.01,87.15
18119,61.64,64.53,67.53,67.99,68.34,67.3,64.37
18121,45.78,52.6,60.03,66.39,73.06,71.27,67.89
18123,43.11,44.38,45.46,44.71,44.12,50.32,54.84
18125,66.92,71.25,75.67,74.17,71.52,65.14,57.16
18127,13.34,12.37,11.67,11.65,11.34,12.08,11.34
18129,17.54,19.36,21.18,21.78,22.18,22.9,21.49
18131,65.27,64.08,62.79,64.65,66.95,61.81,55.2
18133,46.74,49.58,52.34,46.14,38.68,30.42,20.32
18135,60.94,59.28,57.23,59.22,62.3,63.77,64.69
18137,34.89,33.77,32.22,30.66,29.12,29.84,29.38
18139,51.19,50.55,49.75,44.21,37.92,45.92,52.79
18141,32.51,32.04,31.19,30.74,30.94,31.08,29.74
18143,77.17,71.79,65.39,67.8,71.35,80.08,88.53
18145,25.25,28.14,31.41,30.21,28.44,32.77,36.31
18147,34.89,35.59,36.01,39.48,44.65,44.66,43.07
18149,69.02,67.04,64.81,59.31,52.63,47.85,41.61
18151,34.89,39.12,44.29,43.63,41.7,36.43,29.8
18153,75.96,74.13,71.11,72.89,76.53,76.34,74.78
18155,37.03,45.01,54.58,57.78,60.03,67.72,74.33
18157,6.91,6.69,6.42,8.44,10.46,8.45,5.1
18159,65.27,63.5,61.52,61.52,61.83,54.21,44.86
18161,38.78,40.1,41.86,46.9,52.64,54.4,55.13
18163,37.03,39.89,42.88,45.93,49.19,47.88,44.85
18165,63.67,65.84,67.57,71.2,75.89,77.75,78.07
18167,60.17,65.04,70.25,71.37,72.22,70.39,67.18
18169,52.66,48.57,43.62,40.77,38.4,39.68,39.39
18171,65.27,60.0,53.51,55.72,59.7,61.1,60.94
18173,11.97,14.56,17.11,18.11,19.09,18.8,17.33
18175,65.87,67.1,68.56,71.29,74.07,70.83,67.17
18177,69.79,70.53,71.5,71.53,71.14,69.76,67.27
18179,25.25,24.99,24.68,25.23,26.41,25.67,24.05
18181,48.93,50.97,53.55,57.29,60.62,60.88,60.08
18183,47.85,51.58,55.98,51.91,46.15,42.04,36.96
19001,41.45,44.46,48.06,52.8,57.91,53.01,46.44
19003,53.68,52.12,50.32,42.9,34.03,32.99,30.36
19005,18.94,18.23,17.08,15.62,14.33,13.73,11.45
19007,51.19,54.99,59.65,65.2,71.77,71.96,70.72
19009,17.54,20.13,23.47,24.51,25.37,25.26,23.57
19011,21.46,18.87,16.33,14.91,13.33,12.32,10.18
19013,20.89,17.72,14.24,14.41,14.97,19.73,22.98
19015,23.02,30.5,39.4,40.23,39.55,34.13,27.45
19017,4.81,4.71,4.63,5.43,6.3,9.26,10.9
19019,11.97,10.97,10.03,11.96,14.12,17.77,20.61
19021,4.11,4.16,4.14,5.26,6.03,4.77,2.61
19023,6.91,7.41,8.09,8.84,9.71,12.14,13.1
19025,41.45,38.41,34.92,30.04,24.79,22.79,19.53
19027,13.72,13.39,13.17,11.53,9.63,10.06,9.19
19029,59.22,52.53,44.57,36.97,30.15,26.23,20.37
19031,13.34,13.46,13.68,12.15,10.36,10.05,8.17
19033,27.19,32.18,37.83,37.68,36.14,34.97,32.93
19035,21.46,25.59,30.29,34.1,37.48,26.56,15.31
19037,30.82,33.76,37.03,34.52,30.39,30.19,28.92
19039,48.93,43.51,36.87,33.78,31.99,47.32,60.77
19041,34.16,32.4,29.84,36.59,45.28,47.45,48.92
19043,19.8,24.46,29.95,29.91,28.73,31.01,31.96
19045,27.19,29.16,31.56,30.36,28.48,31.56,33.75
19047,23.02,23.59,24.39,29.99,36.77,40.3,42.68
19049,1.46,1.74,1.8,1.28,0.94,0.09,-2.82
19051,23.02,22.17,21.32,19.35,17.17,16.7,14.34
19053,66.92,68.93,71.54,63.23,52.88,48.56,42.87
19055,20.89,17.32,13.18,13.23,14.18,12.69,9.99
19057,41.45,42.91,44.06,45.03,47.03,52.52,56.65
19059,36.01,35.34,34.26,37.42,41.19,42.37,42.66
19061,13.72,13.05,12.35,12.42,12.6,12.48,10.85
19063,18.94,27.58,37.6,40.96,42.57,50.12,57.08
19065,38.78,37.17,35.07,37.51,40.72,45.97,49.93
19067,34.89,37.65,40.63,45.94,51.93,52.5,52.35
19069,29.96,28.49,26.74,18.71,9.61,5.67,0.74
19071,46.74,46.12,45.15,38.88,32.29,29.1,24.41
19073,61.64,60.44,58.84,55.5,52.37,56.16,58.77
19075,10.32,10.34,10.78,9.7,8.08,7.92,6.36
19077,33.4,33.69,33.83,32.65,31.43,25.84,19.11
19079,25.25,25.46,25.71,23.06,19.93,17.64,14.38
19081,10.98,14.87,19.07,21.21,22.82,26.93,30.74
19083,23.72,20.61,16.98,15.22,14.4,17.43,19.09
19085,47.85,47.46,46.9,37.93,27.61,24.17,20.05
19087,22.32,30.83,40.77,39.05,35.24,36.81,36.95
19089,19.8,18.82,17.66,14.84,11.59,8.11,3.73
19091,19.8,20.31,20.93,24.86,29.03,33.33,37.27
19093,28.84,28.32,27.72,32.34,37.79,30.44,22.52
19095,19.8,17.68,15.57,16.84,19.09,19.18,17.76
19097,21.46,22.13,23.01,21.81,19.96,18.29,15.4
19099,48.93,43.71,37.61,35.87,35.16,30.81,24.17
19101,5.76,5.81,5.79,7.97,11.06,18.55,24.17
19103,1.37,1.08,0.78,0.3,0.07,0.71,0.04
19105,28.84,27.1,25.22,21.47,17.31,18.2,17.76
19107,45.78,45.77,45.89,44.02,41.68,48.67,53.8
19109,24.45,25.73,26.72,35.7,46.55,54.39,61.63
19111,52.66,57.4,63.26,62.24,59.18,55.25,50.12
19113,7.9,7.63,7.71,7.41,6.83,6.72,5.4
19115,11.46,15.28,19.52,17.6,15.1,16.1,15.65
19117,44.73,47.26,50.18,53.19,56.58,62.71,66.79
19119,10.98,12.05,13.25,11.96,10.19,10.56,9.63
19121,18.31,19.44,20.81,21.85,22.79,16.36,7.97
19123,28.84,30.25,32.23,31.73,30.56,33.36,34.05
19125,21.46,24.79,28.84,32.09,35.15,38.04,38.76
19127,25.25,23.83,22.71,20.4,17.67,15.5,11.19
19129,54.76,58.55,63.05,56.91,49.2,44.73,38.77
19131,8.63,8.73,8.63,14.25,21.05,20.87,19.77
19133,41.45,39.07,36.39,38.31,40.9,43.85,46.07
19135,42.31,40.09,37.31,31.56,25.15,25.96,24.74
19137,69.02,68.79,68.65,62.17,55.12,46.12,35.99
19139,16.71,14.88,12.57,10.04,8.03,9.71,9.84
19141,23.72,23.8,23.59,26.75,31.05,35.21,38.36
19143,17.54,22.87,29.12,27.38,22.95,21.62,19.1
19145,58.42,58.65,59.01,58.35,58.06,47.59,35.49
19147,39.83,44.21,48.97,47.34,43.75,45.51,46.41
19149,9.11,13.68,18.91,16.67,13.02,14.66,15.69
19151,20.89,23.14,25.8,32.7,40.37,42.1,42.71
19153,10.32,11.13,12.0,11.78,11.35,11.05,8.33
19155,37.03,39.27,41.72,39.34,36.86,37.73,37.94
19157,28.84,23.24,17.09,11.97,6.91,9.21,9.2
19159,52.66,52.54,52.37,44.29,34.76,31.17,25.79
19161,28.84,24.82,20.26,16.17,11.66,8.96,4.81
19163,8.63,8.7,8.82,8.86,9.04,10.11,9.78
19165,48.93,48.3,47.56,42.08,36.08,27.6,18.01
19167,0.67,1.42,2.0,1.92,2.31,3.17,3.43
19169,0.86,1.27,1.42,0.77,0.65,0.62,-1.45
19171,30.82,27.02,22.96,19.05,15.02,12.78,9.13
19173,40.75,39.25,37.58,42.28,49.11,44.64,38.59
19175,46.74,47.93,49.44,53.87,59.28,54.12,46.97
19177,32.51,30.7,28.44,31.54,36.05,42.86,48.09
19179,51.74,46.26,39.81,37.45,36.29,42.54,46.84
19181,10.98,12.37,13.99,15.0,15.91,13.82,9.74
19183,30.82,30.49,29.96,22.84,14.88,14.96,13.66
19185,65.27,65.29,65.35,60.54,54.94,48.44,40.33
19187,44.73,41.7,38.14,35.69,33.57,36.68,38.96
19189,34.89,37.75,40.81,42.37,43.71,38.48,33.09
19191,2.74,2.64,2.54,6.66,11.87,14.29,15.7
19193,18.94,20.33,22.08,22.57,22.27,21.92,20.47
19195,32.51,32.56,32.27,34.76,38.1,37.74,37.02
19197,29.96,29.78,29.43,32.43,36.32,35.01,33.24
20001,82.74,82.03,81.49,79.03,75.0,73.68,70.39
20003,65.87,51.8,35.45,32.89,32.54,34.2,33.54
20005,57.62,56.4,54.41,51.96,49.49,38.64,26.33
20007,44.03,44.51,45.12,48.55,52.46,61.25,69.03
20009,38.78,35.12,30.67,37.4,45.98,45.67,43.71
20011,69.79,72.04,74.99,79.09,83.24,79.35,74.3
20013,65.27,66.1,66.59,62.31,57.3,54.71,50.23
20015,28.84,24.83,20.18,18.26,15.98,21.06,24.38
20017,59.22,58.36,57.06,60.63,64.95,51.46,35.31
20019,95.29,93.82,92.35,92.01,91.46,91.65,90.2
20021,84.75,83.46,82.35,86.38,90.77,91.7,92.09
20023,51.19,53.75,57.04,55.25,52.6,51.14,49.09
20025,56.73,52.85,48.72,41.37,33.29,54.8,74.82
20027,54.76,50.96,46.66,46.2,46.03,53.15,58.75
20029,54.76,51.22,47.62,43.24,37.76,33.37,27.21
20031,30.82,35.43,40.94,49.39,57.81,61.3,62.35
20033,46.74,41.78,36.76,30.84,23.93,48.98,72.98
20035,61.64,59.53,57.34,61.11,64.93,64.59,62.6
20037,51.74,52.16,52.82,52.91,52.64,50.72,47.71
20039,90.51,88.71,86.74,77.63,66.87,75.33,83.19
20041,53.68,57.11,61.34,65.3,68.45,64.99,59.17
20043,36.01,40.04,44.62,49.78,55.03,43.53,30.35
20045,6.24,6.57,6.94,7.99,9.18,10.0,8.72
20047,32.51,40.29,50.14,43.94,34.13,31.72,28.18
20049,85.32,87.48,89.88,93.24,96.66,94.39,89.99
20051,10.32,11.6,13.18,16.02,18.11,15.55,11.86
20053,55.71,56.8,57.6,62.33,67.17,61.81,55.22
20055,6.24,6.83,7.43,8.36,9.22,11.3,11.93
20057,9.11,7.74,6.65,5.58,5.2,8.67,10.16
20059,43.11,40.24,37.43,36.53,35.15,41.52,45.72
20061,11.97,14.78,18.04,20.1,21.76,22.17,20.27
20063,30.82,33.42,36.43,43.25,50.17,56.21,60.47
20065,71.12,74.16,77.79,79.8,81.43,74.8,67.5
20067,1.46,5.27,9.71,10.02,7.84,3.69,-2.09
20069,10.32,12.83,15.95,14.36,12.02,8.09,2.59
20071,33.4,46.19,60.45,72.08,82.83,77.82,71.39
20073,65.87,73.14,81.31,84.81,87.09,84.03,78.83
20075,25.25,18.37,9.89,17.47,26.83,27.97,27.76
20077,36.01,43.66,52.63,53.09,51.23,54.38,56.48
20079,25.25,28.79,33.32,40.34,46.99,43.96,38.73
20081,5.48,3.85,2.02,1.14,0.6,1.04,0.15
20083,70.49,62.51,53.26,42.19,30.92,35.71,38.68
20085,36.01,45.04,55.15,61.95,68.63,64.67,59.02
20087,30.82,34.55,38.56,40.43,42.1,37.64,31.41
20089,44.73,50.73,57.69,65.49,73.66,72.23,70.11
20091,3.09,3.47,3.86,4.29,4.43,3.11,-0.15
20093,17.54,16.89,15.88,18.68,21.15,29.45,36.55
20095,44.03,49.55,55.77,49.33,41.28,37.79,33.05
20097,73.96,61.87,47.88,44.04,43.53,54.49,63.76
20099,74.59,73.63,72.75,75.46,78.07,78.07,76.68
20101,62.56,62.9,63.59,62.5,60.43,57.19,52.11
20103,38.78,40.65,42.74,44.57,46.25,36.67,25.49
20105,36.01,42.69,50.36,56.63,62.04,56.71,50.36
20107,80.64,77.59,74.81,76.36,78.07,71.76,63.53
20109,37.03,34.96,32.32,34.97,37.54,42.51,46.19
20111,25.25,28.21,31.26,31.28,30.5,27.14,21.06
20113,17.54,18.29,19.07,22.24,24.89,25.61,24.31
20115,61.64,55.14,47.45,50.96,56.01,49.17,39.86
20117,43.11,46.26,50.05,51.11,51.85,44.58,36.3
20119,9.11,7.82,6.56,6.09,5.91,7.17,7.34
20121,19.8,18.59,17.5,21.42,25.93,27.68,27.32
20123,33.4,36.34,39.34,44.95,51.13,48.13,44.34
20125,73.96,70.79,67.29,71.02,76.02,77.77,78.21
20127,55.71,58.32,60.98,63.35,65.72,66.06,63.74
20129,34.16,37.99,42.4,49.77,57.01,63.18,67.99
20131,24.45,26.38,28.09,27.94,28.01,28.13,26.66
20133,67.62,66.67,65.64,68.51,71.9,74.91,76.25
20135,56.73,51.74,46.17,51.08,57.77,50.5,41.52
20137,50.08,49.71,49.6,36.92,21.7,25.91,29.49
20139,66.92,64.72,62.06,61.89,62.29,61.23,58.12
20141,59.22,66.95,75.79,75.65,73.46,60.83,46.84
20143,42.31,36.85,30.45,27.93,25.65,29.04,30.86
20145,59.22,60.1,61.09,65.67,71.42,77.51,81.84
20147,46.74,47.65,49.02,51.34,53.88,59.33,63.98
20149,4.52,5.41,5.95,6.34,7.29,9.04,8.88
20151,37.03,36.27,35.24,25.74,15.05,13.56,10.87
20153,58.42,59.49,61.05,68.37,76.28,78.22,79.41
20155,43.11,42.79,42.07,43.08,44.47,44.51,43.07
20157,59.22,48.7,36.39,32.98,31.27,27.41,22.52
20159,37.89,40.92,44.38,49.43,54.32,53.27,50.84
20161,0.89,2.29,3.45,5.37,7.61,11.24,13.18
20163,60.17,53.65,45.62,47.11,50.45,51.13,50.91
20165,60.94,61.36,62.06,62.08,61.08,49.63,36.64
20167,65.87,64.8,63.35,67.28,71.81,69.89,67.21
20169,22.32,23.02,23.92,31.4,39.78,47.02,52.92
20171,15.09,12.31,8.62,6.88,4.69,6.0,5.61
20173,21.46,19.57,17.39,20.24,23.49,29.71,34.25
20175,1.97,1.76,1.66,1.73,1.44,2.46,2.83
20177,43.11,43.06,42.45,38.78,34.79,32.06,27.05
20179,37.89,39.76,41.84,43.42,44.59,38.86,31.65
20181,69.79,66.08,61.42,63.34,66.66,58.43,48.66
20183,68.26,70.15,72.23,71.99,71.15,63.43,55.1
20185,44.73,45.79,47.12,46.35,45.41,43.39,40.0
20187,11.46,13.79,16.48,39.95,66.57,58.5,49.02
20189,11.46,9.18,6.35,8.18,10.59,10.26,8.98
20191,38.78,35.19,31.02,35.54,40.96,49.15,55.68
20193,19.8,18.69,17.35,27.25,38.79,35.32,30.66
20195,6.24,7.15,8.2,15.72,23.82,29.58,33.87
20197,32.51,40.8,50.14,52.81,54.39,56.81,57.0
20199,58.42,65.43,72.99,72.57,70.59,77.73,83.53
20201,55.71,48.22,39.76,36.72,34.64,35.45,35.02
20203,14.45,24.71,36.11,58.34,82.37,85.64,87.11
20205,92.36,92.11,91.86,92.25,92.31,86.54,78.86
20207,76.5,78.04,79.72,84.91,90.74,91.88,90.85
20209,38.78,38.77,38.53,40.09,42.13,37.31,31.06
21001,64.37,67.35,70.97,72.99,75.04,79.23,83.0
21003,67.62,72.69,78.79,82.34,85.46,83.28,80.27
21005,38.78,44.0,50.27,56.44,62.12,69.35,75.24
21007,57.62,50.56,42.04,47.56,56.64,63.3,68.96
21009,80.64,81.08,81.51,83.06,84.83,85.6,85.53
21011,90.51,92.03,93.43,94.47,95.7,96.27,96.33
21013,99.46,99.1,99.03,99.41,99.51,99.75,99.14
21015,13.34,13.58,13.74,13.34,13.31,15.58,16.69
21017,43.11,46.08,49.32,51.75,54.55,58.24,60.83
21019,85.8,85.4,84.98,87.61,90.7,92.32,93.27
21021,71.76,68.52,64.41,62.11,60.68,61.97,62.1
21023,48.93,45.53,41.13,33.66,26.65,34.6,41.16
21025,99.9,99.85,99.87,99.97,99.94,99.98,99.37
21027,85.32,86.09,86.61,86.45,86.74,87.18,86.09
21029,40.75,43.16,45.66,48.96,52.65,54.18,54.85
21031,84.75,87.96,91.8,91.33,89.92,87.17,82.88
21033,69.79,73.07,76.83,83.28,89.66,94.73,98.01
21035,37.89,35.85,32.93,39.14,46.97,53.81,59.76
21037,25.25,21.79,17.72,17.14,17.26,19.35,19.58
21039,47.85,48.36,48.93,46.88,43.41,43.34,41.96
21041,81.95,81.09,79.78,74.67,67.69,61.55,54.36
21043,81.95,81.17,80.35,81.36,82.21,83.61,84.18
21045,88.98,89.03,88.87,89.32,90.25,88.84,87.03
21047,31.65,37.82,45.35,51.86,57.55,63.58,68.32
21049,63.67,65.94,68.33,70.76,73.21,76.63,79.0
21051,93.47,94.39,95.8,97.28,98.45,99.09,98.64
21053,52.66,50.7,48.66,56.21,66.43,74.9,83.18
21055,65.27,68.23,71.77,78.05,84.64,90.12,93.43
21057,65.27,60.11,54.12,48.33,42.35,44.92,47.18
21059,50.08,53.36,57.2,55.51,52.84,54.86,55.01
21061,97.71,98.24,98.81,98.73,98.53,97.88,96.0
21063,91.82,91.43,90.88,93.27,95.92,96.15,96.11
21065,98.38,98.46,98.65,98.69,98.53,98.61,98.01
21067,16.05,15.81,15.42,17.0,19.03,20.64,20.99
21069,87.81,90.53,93.32,94.25,95.61,95.31,93.82
21071,99.11,99.27,99.46,99.39,99.31,98.28,97.2
21073,61.64,62.59,63.55,64.62,64.99,64.88,63.69
21075,86.82,89.27,91.97,92.6,92.91,91.09,88.02
21077,48.93,48.8,48.03,43.63,39.41,37.04,33.74
21079,80.64,82.08,83.96,82.81,81.02,75.05,68.24
21081,48.93,52.49,56.36,58.09,60.17,53.53,45.53
21083,47.85,51.37,55.5,60.78,65.7,70.21,73.33
21085,89.4,85.53,80.63,79.48,79.64,77.55,73.91
21087,94.97,96.2,97.25,97.83,98.61,98.88,98.55
21089,83.22,80.95,78.26,80.77,84.25,85.93,86.67
21091,73.48,76.78,80.44,75.31,68.17,69.19,68.51
21093,55.71,60.65,66.05,67.31,67.86,65.68,62.69
21095,99.71,99.79,99.89,100.0,99.91,99.8,99.09
21097,75.96,75.18,73.65,69.14,64.93,65.26,64.01
21099,88.16,87.66,86.78,88.09,89.9,89.27,87.98
21101,75.33,76.92,78.56,82.22,86.29,88.15,88.18
21103,62.56,63.25,64.06,69.91,76.38,77.76,77.94
21105,79.53,85.72,93.1,95.24,95.82,93.56,89.94
21107,66.92,66.39,65.67,68.23,70.81,77.67,83.0
21109,99.84,99.68,99.58,99.53,99.44,99.06,97.7
21111,44.73,43.71,42.24,39.92,37.76,38.25,37.93
21113,50.08,51.12,52.29,49.44,45.36,40.9,35.2
21115,99.17,99.33,99.49,99.13,98.72,97.85,96.67
21117,38.78,37.61,36.16,36.01,36.22,35.87,34.13
21119,98.79,99.27,99.68,99.8,99.87,99.71,99.17
21121,82.74,76.95,70.33,65.54,60.44,63.25,64.88
21123,77.17,81.15,85.42,85.91,85.64,84.58,82.55
21125,74.59,72.79,71.02,73.17,75.94,74.96,72.66
21127,97.1,96.64,95.95,95.3,94.51,90.78,86.21
21129,99.97,99.84,99.71,99.8,99.75,99.7,98.94
21131,99.55,99.82,100.05,99.95,99.85,99.77,98.91
21133,98.89,99.63,100.02,100.12,100.24,99.87,98.92
21135,94.49,94.29,93.88,92.21,90.27,88.0,84.69
21137,88.98,88.02,86.88,84.14,81.13,76.47,70.78
21139,91.82,90.96,89.92,91.77,93.69,95.13,94.58
21141,59.22,57.7,56.18,51.9,47.3,52.42,55.98
21143,95.7,93.84,91.16,92.08,92.96,96.13,97.52
21145,64.37,60.99,57.05,55.77,54.26,50.11,44.26
21147,99.11,98.42,97.71,97.99,98.38,95.48,92.2
21149,72.62,72.28,71.68,70.71,69.58,76.88,82.5
21151,53.68,54.53,55.46,57.02,58.91,60.09,60.42
21153,98.5,98.81,99.15,99.45,99.62,99.39,98.68
21155,47.85,54.94,62.84,72.57,83.23,85.08,85.99
21157,48.93,51.93,55.54,64.72,74.28,77.95,80.11
21159,99.75,99.61,99.49,99.47,99.37,99.12,98.42
21161,61.64,66.88,72.96,73.58,73.94,75.61,76.26
21163,54.76,60.86,67.69,70.08,72.14,73.76,74.08
21165,95.7,93.52,90.78,90.86,91.52,92.75,93.66
21167,81.95,80.96,79.46,77.79,76.2,74.33,71.26
21169,94.3,94.2,94.0,94.41,94.72,94.76,94.2
21171,94.97,94.16,93.35,92.7,92.23,91.83,91.26
21173,81.95,83.62,85.25,86.3,87.4,89.29,90.56
21175,94.81,95.53,96.51,97.59,98.35,97.66,96.78
21177,85.8,86.27,86.88,89.26,92.07,94.53,95.44
21179,60.94,61.72,62.11,66.96,73.01,69.89,65.64
21181,57.62,70.75,86.04,90.67,93.81,94.17,93.34
21183,90.13,88.93,87.45,85.89,84.84,79.17,71.57
21185,2.32,2.88,3.63,4.15,3.84,2.81,0.68
21187,76.5,80.73,85.58,85.81,84.93,76.61,67.08
21189,99.97,99.62,99.2,99.08,99.09,99.22,98.76
21191,64.37,67.86,72.04,72.62,73.09,74.43,74.19
21193,98.15,98.7,99.33,99.43,99.44,99.4,98.5
21195,99.59,99.35,99.06,98.96,98.82,98.48,98.6
21197,97.58,96.08,94.28,94.01,93.99,93.74,92.55
21199,88.98,89.14,89.53,85.79,81.18,77.74,73.65
21201,77.84,79.7,81.35,67.3,50.44,40.85,29.73
21203,94.49,94.15,93.84,94.59,95.66,92.4,88.17
21205,59.22,59.64,60.01,64.85,70.62,65.7,59.87
21207,90.51,88.0,85.01,79.76,74.15,74.93,75.64
21209,28.18,23.84,18.32,19.5,22.63,27.36,31.05
21211,22.32,23.72,25.45,33.12,41.94,36.0,28.69
21213,43.11,41.95,40.28,32.69,24.07,27.72,30.29
21215,39.83,37.84,35.14,35.4,35.92,33.86,30.63
21217,71.76,77.05,82.96,85.15,86.5,88.21,89.36
21219,62.56,53.82,43.22,36.7,31.32,36.66,40.71
21221,63.67,65.1,66.47,71.0,75.66,85.42,93.69
21223,73.96,69.51,64.16,72.64,84.45,87.81,90.67
21225,84.75,83.65,82.28,81.36,80.26,84.73,87.17
21227,41.45,42.82,44.24,44.27,44.62,40.73,36.0
21229,67.62,71.5,75.69,75.54,73.84,72.75,70.41
21231,97.61,97.27,97.03,94.31,90.67,88.73,86.64
21233,87.81,86.7,85.14,88.4,92.17,96.21,98.24
21235,90.19,86.09,81.45,82.89,85.52,88.19,89.97
21237,99.43,99.35,99.31,99.68,99.95,100.05,99.47
21239,34.89,33.06,30.76,30.54,30.76,33.85,35.76
22001,74.59,73.1,71.47,73.36,76.03,78.44,80.36
22003,80.64,84.76,89.68,85.47,79.82,77.57,74.36
22005,19.8,18.83,17.4,18.47,20.9,21.72,21.18
22007,73.48,75.87,78.89,82.66,86.05,87.85,88.22
22009,83.79,77.92,72.11,75.44,79.38,86.06,92.34
22011,86.82,87.23,87.62,85.08,82.91,81.86,80.11
22013,90.51,88.55,86.49,86.16,85.98,89.0,91.69
22015,24.45,23.51,22.68,21.05,19.42,19.53,19.25
22017,45.78,46.04,46.62,46.48,46.16,47.25,47.97
22019,64.37,62.44,60.7,56.21,51.8,42.74,32.74
22021,63.67,53.1,41.41,36.73,33.28,39.92,46.64
22023,72.62,66.85,60.7,51.93,42.74,35.06,26.47
22025,73.96,58.05,41.42,38.58,36.35,41.35,46.23
22027,87.33,85.49,83.64,76.84,69.48,69.76,69.75
22029,77.17,52.68,25.56,22.4,22.67,42.57,62.38
22031,71.12,68.68,65.91,66.85,67.97,73.4,78.23
22033,26.52,29.18,32.2,33.15,33.99,35.54,36.57
22035,51.74,54.53,58.82,58.7,55.12,62.02,68.2
22037,72.62,66.25,59.24,51.5,43.04,46.67,49.94
22039,86.82,88.63,90.95,92.76,94.56,95.22,95.62
22041,75.96,76.06,77.07,70.82,62.48,59.72,56.67
22043,85.32,81.66,78.27,75.7,72.99,71.76,70.07
22045,59.22,59.2,59.3,59.16,58.69,57.5,55.89
22047,65.87,70.59,76.05,79.56,82.66,80.61,77.36
22049,85.8,88.01,91.18,93.27,94.64,95.22,95.18
22051,30.82,29.99,29.37,32.03,34.15,37.97,40.11
22053,90.13,86.21,81.81,75.76,69.78,73.05,75.35
22055,20.89,19.21,17.14,17.35,17.84,17.4,16.54
22057,60.17,59.76,60.0,61.24,60.55,62.49,62.45
22059,64.37,56.63,49.17,47.4,45.37,40.9,35.98
22061,34.89,33.59,32.02,32.09,32.74,35.18,37.69
22063,45.78,45.97,46.26,37.58,27.24,24.73,21.28
22065,34.89,28.29,20.73,26.25,33.93,57.24,80.31
22067,65.87,61.88,57.07,50.71,44.37,42.89,40.86
22069,65.87,65.45,65.52,57.86,47.62,39.5,30.38
22071,34.89,33.77,32.92,35.72,37.83,37.38,35.25
22073,21.46,21.68,21.96,22.77,23.91,27.03,30.01
22075,9.71,7.18,4.52,11.53,18.63,27.01,33.31
22077,65.87,68.55,72.6,82.63,92.44,95.06,97.23
22079,83.79,78.36,72.8,66.87,60.36,61.8,62.8
22081,50.08,46.83,43.44,53.81,66.76,78.99,90.29
22083,22.32,28.52,36.37,38.34,38.87,45.39,51.28
22085,75.33,65.96,55.2,52.61,51.3,64.48,77.2
22087,27.19,24.09,20.58,29.18,39.65,47.97,54.69
22089,27.19,22.87,18.19,17.37,17.0,19.69,20.54
22091,96.21,94.56,92.91,90.48,88.58,90.39,91.65
22093,51.74,51.9,52.31,49.17,44.87,41.7,36.85
22095,46.74,43.02,38.88,35.43,32.16,33.44,33.26
22097,34.16,31.51,28.44,25.93,23.12,19.22,14.79
22099,46.74,46.9,47.17,46.48,45.24,45.35,45.31
22101,80.01,73.48,66.0,65.24,65.08,67.39,68.51
22103,42.31,43.0,43.92,40.28,35.6,41.43,44.96
22105,83.79,84.07,84.73,83.12,81.7,81.42,80.28
22107,40.75,34.21,27.68,20.16,11.72,14.91,17.43
22109,51.74,46.02,39.6,47.0,56.71,60.74,62.56
22111,50.08,52.36,55.25,55.14,54.67,54.7,53.94
22113,42.31,45.43,49.35,54.82,60.15,62.1,63.02
22115,71.76,69.81,67.75,65.85,64.3,68.4,72.1
22117,95.45,94.93,94.08,92.94,92.27,90.78,87.98
22119,83.22,81.06,78.87,68.9,57.51,54.06,50.54
22121,40.75,41.46,42.13,42.31,42.45,39.17,35.71
22123,44.73,38.54,31.44,31.97,34.05,40.77,46.58
22125,53.68,39.2,22.82,23.64,27.15,20.88,14.29
22127,90.51,87.09,83.63,83.04,82.86,85.46,87.7
23001,61.64,58.53,55.18,55.7,57.16,60.29,62.1
23003,91.82,91.29,90.72,91.29,91.97,91.24,89.06
23005,17.54,16.76,15.95,15.0,14.16,14.39,13.38
23007,65.27,62.36,58.9,57.53,56.42,53.31,49.67
23009,56.73,53.82,50.54,48.9,47.43,43.23,36.89
23011,64.37,62.55,60.49,59.88,59.25,58.07,55.36
23013,57.62,57.31,57.03,53.31,48.67,46.02,41.31
23015,46.74,48.62,51.32,54.97,59.07,59.19,57.23
23017,72.62,72.55,72.64,73.48,74.19,73.99,73.06
23019,69.02,70.68,72.59,73.93,75.09,73.15,69.47
23021,95.92,96.95,97.84,98.27,98.8,98.16,96.28
23023,44.73,39.72,33.94,27.31,20.23,18.01,14.59
23025,71.76,76.95,83.13,84.98,85.79,85.15,83.18
23027,61.64,59.55,57.17,58.89,61.66,60.31,56.73
23029,84.75,85.75,86.88,87.86,88.72,90.16,89.99
23031,39.83,40.84,41.9,41.49,41.1,42.33,42.09
24001,74.59,75.57,76.41,75.54,74.6,74.51,73.03
24003,5.76,6.5,7.28,7.93,8.57,9.24,8.96
24005,16.05,15.74,15.46,15.61,15.95,15.8,14.85
24009,8.63,10.68,13.0,12.24,10.89,9.05,6.25
24011,43.11,45.22,47.74,46.41,44.25,43.31,41.82
24013,4.52,6.35,8.48,10.67,12.62,14.82,16.06
24015,22.32,22.71,23.16,26.02,29.3,30.77,31.51
24017,4.52,3.54,2.57,2.31,2.51,4.01,4.5
24019,62.56,61.79,60.85,62.69,65.55,66.27,65.94
24021,8.25,8.27,8.08,9.75,11.68,10.36,8.05
24023,37.89,41.77,46.32,51.43,57.08,61.53,64.84
24025,8.63,9.58,10.88,12.82,14.38,13.01,10.91
24027,0.89,0.9,0.83,1.0,1.12,1.48,1.12
24029,51.74,45.37,37.75,36.39,36.46,33.64,30.12
24031,1.69,1.63,1.55,1.67,1.78,1.85,1.07
24033,2.9,3.36,3.74,4.09,4.35,4.57,3.68
24035,9.11,9.54,10.12,9.83,9.34,9.4,8.88
24037,13.72,14.68,16.23,17.82,19.83,19.67,18.69
24039,55.71,56.92,58.52,52.17,43.93,47.27,50.44
24041,28.84,32.15,36.05,35.36,33.81,37.73,40.89
24043,48.93,50.26,51.83,53.52,54.65,52.19,48.99
24045,18.94,15.83,12.12,12.65,14.17,18.51,22.42
24047,42.31,42.05,41.82,43.66,45.74,46.54,47.59
24510,51.74,50.86,49.8,48.64,47.33,47.67,47.04
25001,29.96,31.84,34.0,31.23,27.84,27.07,25.22
25003,41.45,44.36,47.74,50.07,52.09,51.09,49.87
25005,37.89,37.8,37.66,37.48,37.26,37.38,36.92
25007,1.37,1.84,2.34,2.11,2.08,3.81,4.27
25009,17.54,18.39,19.43,18.8,17.87,17.81,17.22
25011,38.78,37.91,36.75,40.51,45.22,50.38,55.31
25013,55.71,54.75,53.53,53.76,54.48,54.86,54.65
25015,10.32,10.97,11.68,11.76,11.21,11.64,11.67
25017,4.11,4.08,3.95,3.78,3.73,3.98,3.61
25019,1.24,1.69,1.93,2.75,3.88,13.61,21.56
25021,6.91,6.42,5.84,5.55,5.29,5.0,3.78
25023,16.05,15.48,14.75,13.74,12.96,13.02,12.63
25025,21.46,21.65,21.84,21.25,20.49,19.26,17.73
25027,16.71,17.51,18.34,18.57,18.62,19.05,18.75
26001,91.56,91.87,92.42,92.99,93.45,94.17,93.4
26003,78.16,77.66,77.09,72.05,66.52,71.35,75.5
26005,18.31,15.44,11.97,9.75,7.99,7.53,5.48
26007,74.59,74.21,73.84,73.47,72.99,74.75,75.61
26009,43.11,47.25,51.9,52.6,53.05,54.02,53.59
26011,86.44,85.89,85.15,85.46,86.0,82.51,77.55
26013,61.64,58.39,54.8,58.85,64.27,68.11,70.1
26015,39.83,35.85,31.28,26.14,21.15,21.1,19.43
26017,55.71,57.8,60.29,58.12,54.78,51.48,46.74
26019,75.33,69.67,63.13,59.49,56.5,51.1,44.54
26021,38.78,39.75,40.53,41.73,43.26,44.9,45.3
26023,41.45,40.77,39.82,39.28,39.12,36.71,33.33
26025,51.74,52.14,52.68,53.01,53.4,49.42,44.12
26027,50.08,56.83,64.72,67.47,69.38,69.37,67.89
26029,53.68,51.38,48.27,43.57,39.52,42.45,43.67
26031,82.43,82.8,83.3,81.71,80.12,77.78,73.75
26033,75.33,71.46,67.48,69.64,72.31,69.88,66.69
26035,94.3,92.58,90.59,91.7,93.18,92.95,91.49
26037,12.61,14.44,16.54,18.48,20.72,21.38,21.18
26039,89.62,87.21,83.9,84.44,86.09,87.21,87.14
26041,74.59,73.84,72.87,72.38,72.16,74.55,75.57
26043,52.66,59.06,66.6,70.23,72.79,68.42,62.47
26045,34.89,41.48,49.49,52.55,54.44,56.0,56.58
26047,29.96,32.62,35.87,31.5,25.79,27.21,26.89
26049,58.42,59.41,60.3,60.29,60.48,63.89,65.66
26051,86.82,87.56,88.53,88.39,87.69,86.7,84.3
26053,69.79,63.81,57.08,53.01,48.9,49.64,49.24
26055,23.72,24.08,24.65,23.25,21.65,20.88,18.61
26057,53.68,50.98,47.88,47.11,46.58,45.81,43.03
26059,48.93,46.04,42.35,43.2,44.99,44.21,42.49
26061,22.32,19.14,15.81,15.39,15.92,14.57,11.62
26063,67.62,63.65,59.03,58.42,58.33,55.37,51.27
26065,22.32,22.62,22.44,24.24,26.84,26.52,25.13
26067,48.93,44.61,39.45,30.25,20.56,18.69,15.21
26069,93.22,92.58,91.91,92.04,91.99,89.73,85.69
26071,85.32,82.05,78.18,72.62,66.59,71.04,73.53
26073,24.45,22.5,20.33,23.66,28.02,31.99,34.12
26075,50.08,50.21,50.12,50.29,50.36,47.9,44.28
26077,28.84,27.94,26.68,25.94,25.74,24.96,22.41
26079,65.87,71.37,77.56,76.23,73.66,71.23,67.87
26081,13.72,14.8,16.22,15.78,15.09,13.81,10.83
26083,88.98,85.76,82.32,70.66,57.52,41.76,24.49
26085,97.9,97.25,96.52,96.62,97.17,97.43,96.29
26087,36.01,38.34,40.83,40.32,39.35,39.04,37.31
26089,26.52,24.56,22.35,21.53,21.21,21.28,19.79
26091,48.93,50.22,51.83,52.34,52.46,48.27,42.88
26093,5.76,6.87,8.17,8.35,8.48,9.34,9.04
26095,97.9,97.2,96.74,93.81,90.39,88.34,85.25
26097,84.24,79.23,73.73,71.17,69.09,72.72,75.17
26099,34.89,35.08,35.3,35.19,35.2,35.06,33.49
26101,78.16,77.11,76.0,74.27,72.62,69.01,64.46
26103,28.18,31.19,34.54,36.45,38.19,36.93,34.87
26105,63.67,65.06,66.89,63.27,58.73,57.84,55.82
26107,53.68,53.35,52.96,51.56,49.75,54.32,57.44
26109,65.87,69.46,73.39,73.83,73.55,67.06,59.76
26111,32.51,31.16,29.78,29.99,30.62,31.28,30.1
26113,65.27,69.29,74.07,75.11,75.51,73.59,70.32
26115,28.84,27.36,25.43,27.91,31.22,35.17,37.76
26117,73.96,73.84,74.04,71.66,68.99,64.24,57.67
26119,97.71,97.74,97.53,96.83,96.03,95.03,92.77
26121,51.74,52.95,54.15,52.75,51.27,46.06,38.88
26123,68.26,71.04,74.32,74.89,75.27,73.38,70.43
26125,16.71,16.96,17.18,16.81,16.42,16.2,14.39
26127,69.79,69.67,69.36,67.37,65.56,61.61,56.34
26129,94.49,94.08,93.66,93.62,93.62,93.33,91.84
26131,61.64,67.69,74.91,76.37,76.35,76.54,74.75
26133,70.49,69.87,69.15,70.17,71.65,73.95,74.43
26135,91.56,91.96,92.45,92.96,93.52,93.56,92.22
26137,50.08,55.0,60.57,64.85,69.19,68.0,65.17
26139,6.91,6.97,7.04,6.95,7.21,7.02,5.23
26141,80.64,80.04,79.46,80.34,81.38,80.77,79.18
26143,97.39,97.84,98.23,98.36,98.33,97.96,96.42
26145,54.76,55.92,57.08,57.91,59.02,62.42,64.07
26147,59.22,60.79,62.48,62.78,62.79,61.69,59.34
26149,33.4,37.92,43.09,45.78,48.27,51.33,53.04
26151,57.62,59.05,60.71,64.22,68.21,70.5,71.22
26153,87.33,86.2,85.05,86.47,88.36,87.69,85.99
26155,51.19,51.75,52.16,51.21,49.8,50.72,50.3
26157,72.62,74.54,76.65,76.96,77.11,77.63,76.78
26159,41.45,44.38,47.63,47.09,45.8,42.16,37.04
26161,2.9,2.85,2.77,3.16,3.64,4.02,3.17
26163,57.62,57.1,56.56,56.06,55.46,53.83,50.35
26165,60.17,59.62,58.82,56.9,55.11,54.59,52.93
27001,75.33,73.69,71.69,70.68,69.9,74.07,76.71
27003,5.16,5.72,6.15,6.28,6.47,6.36,4.15
27005,23.02,21.76,20.48,24.37,28.68,32.99,35.83
27007,23.02,21.18,19.3,24.06,29.37,31.73,33.56
27009,25.25,26.34,27.43,26.15,24.5,19.53,13.82
27011,60.94,59.49,57.87,54.18,50.84,39.25,26.57
27013,4.81,5.22,5.59,5.71,5.72,5.33,4.6
27015,11.46,9.47,7.32,7.95,8.65,8.16,7.58
27017,17.54,17.4,16.83,19.33,22.71,29.86,35.64
27019,0.32,0.51,0.54,0.63,0.53,0.72,-0.23
27021,57.62,56.77,55.76,53.33,50.63,45.72,40.07
27023,32.51,31.48,30.67,31.05,30.99,30.55,29.21
27025,16.05,17.06,17.73,17.79,17.91,15.61,11.6
27027,9.71,8.59,7.02,6.51,6.21,7.82,8.31
27029,62.56,60.33,58.06,60.32,62.3,65.31,67.27
27031,18.94,18.28,17.76,23.88,30.31,27.13,21.73
27033,37.03,36.78,36.61,38.28,39.82,37.1,34.05
27035,41.45,39.14,36.58,36.01,36.07,35.86,34.6
27037,2.55,2.78,3.09,2.99,2.85,3.23,1.83
27039,1.97,1.96,1.91,2.2,2.51,2.31,0.97
27041,17.54,19.93,22.89,23.36,22.82,22.32,21.36
27043,28.84,27.27,25.23,23.7,22.3,21.75,21.13
27045,18.94,18.96,19.07,17.0,14.42,12.67,9.37
27047,31.65,33.09,34.67,34.32,33.47,27.86,21.89
27049,10.32,11.27,12.58,11.97,10.75,8.41,4.34
27051,48.93,43.07,35.87,34.81,35.61,36.16,35.69
27053,5.48,5.57,5.69,5.76,5.98,6.2,4.71
27055,16.05,13.76,11.03,11.66,13.22,12.56,10.33
27057,39.83,41.48,43.52,45.9,47.95,47.48,46.55
27059,17.54,21.59,25.99,26.43,26.47,23.8,19.8
27061,54.76,54.9,55.32,53.15,50.52,55.67,59.66
27063,11.97,9.69,6.72,8.38,10.59,14.7,17.95
27065,51.74,58.57,65.95,67.98,69.85,68.6,66.23
27067,18.94,17.25,15.47,16.16,17.21,18.47,19.01
27069,42.31,41.27,40.49,29.5,16.89,15.72,14.15
27071,71.12,65.0,58.58,60.11,62.26,64.8,66.43
27073,50.08,46.65,43.27,43.24,43.81,45.76,46.5
27075,33.4,31.31,28.92,32.78,37.25,43.83,48.71
27077,24.45,22.58,20.83,16.16,10.76,12.52,14.18
27079,5.16,6.38,7.66,8.71,10.01,10.84,10.85
27081,34.89,33.41,32.05,29.76,26.98,25.74,23.43
27083,11.97,9.96,7.84,6.64,5.53,6.59,6.55
27085,10.32,11.9,13.78,15.16,16.49,19.36,21.99
27087,38.78,34.63,29.96,36.59,44.35,46.27,47.25
27089,26.52,23.53,20.49,19.41,19.25,20.21,21.13
27091,30.82,33.24,35.86,36.84,37.2,40.89,44.54
27093,13.72,13.59,13.5,13.29,13.12,12.71,11.66
27095,45.78,48.54,51.31,50.43,49.48,49.33,48.11
27097,25.25,23.98,22.49,21.97,21.71,21.49,20.16
27099,26.52,25.33,23.89,23.09,22.33,18.04,13.24
27101,27.19,28.19,29.6,28.29,25.97,25.23,23.34
27103,6.24,8.64,11.65,14.65,17.63,19.1,20.3
27105,13.72,12.44,10.76,14.87,20.59,20.05,18.5
27107,15.09,14.43,13.84,16.81,19.82,19.64,18.85
27109,3.09,4.03,5.05,6.04,6.92,5.95,3.84
27111,32.51,32.52,32.56,30.14,27.42,26.99,25.63
27113,31.65,28.91,26.09,23.37,20.13,20.34,20.07
27115,51.19,59.03,67.54,67.63,66.58,68.0,67.9
27117,25.25,24.82,24.51,29.19,34.6,37.21,38.83
27119,34.16,30.97,27.39,28.02,29.23,27.75,25.78
27121,37.89,36.04,33.86,33.68,33.93,33.78,33.03
27123,15.09,15.33,15.49,15.64,15.86,15.7,13.52
27125,25.25,23.6,22.13,23.44,24.55,22.68,20.33
27127,32.51,29.77,26.85,20.24,12.7,11.05,9.19
27129,22.32,19.44,16.45,12.34,8.09,10.03,11.6
27131,2.74,4.09,5.47,5.4,5.12,4.34,2.73
27133,18.94,17.59,15.99,15.13,14.29,15.7,16.13
27135,14.45,12.11,9.85,9.72,10.24,10.78,11.52
27137,37.89,38.76,39.92,40.24,40.23,40.13,37.99
27139,0.67,0.81,0.85,0.93,1.01,1.38,0.48
27141,3.09,3.15,2.92,2.69,2.78,3.65,3.45
27143,12.61,12.36,12.03,11.16,10.01,10.86,11.77
27145,8.63,9.35,10.25,9.86,9.44,9.04,7.9
27147,12.61,12.74,12.85,12.86,13.18,11.62,9.63
27149,15.09,16.53,18.56,16.03,12.39,10.96,8.52
27151,46.74,42.62,38.05,36.02,34.47,37.19,38.92
27153,31.65,31.55,31.54,33.87,36.85,33.17,28.66
27155,62.56,67.81,74.0,71.48,67.45,63.71,58.85
27157,13.72,13.85,14.02,18.06,22.86,24.52,24.22
27159,63.67,65.42,67.53,67.08,65.92,60.09,53.29
27161,17.54,18.03,18.49,16.63,14.36,13.83,13.37
27163,2.45,2.58,2.69,3.16,3.53,3.7,1.74
27165,14.45,12.26,9.71,16.5,25.08,28.79,32.27
27167,21.46,29.28,38.33,41.1,42.35,42.71,41.86
27169,10.32,11.92,13.76,14.56,15.04,13.71,9.58
27171,1.37,1.71,1.97,2.79,3.74,4.22,3.44
27173,23.02,21.41,19.96,23.11,26.99,29.23,30.29
28001,65.87,56.88,48.47,52.15,56.49,61.32,65.86
28003,82.74,81.99,81.53,83.81,86.25,87.82,88.72
28005,98.09,94.31,90.48,84.66,79.38,87.41,95.12
28007,85.8,83.63,80.77,85.54,90.99,91.08,91.29
28009,77.84,75.95,74.23,74.67,74.6,75.08,75.35
28011,23.72,39.19,57.09,68.21,77.67,75.27,71.98
28013,85.32,84.77,84.31,86.45,89.44,91.35,92.82
28015,57.62,61.82,66.48,72.96,79.37,74.62,69.2
28017,61.64,61.56,61.88,60.42,58.67,62.59,65.76
28019,94.81,95.25,95.81,97.4,98.54,97.9,96.72
28021,37.03,38.26,40.29,39.89,39.44,39.1,38.22
28023,97.71,95.54,93.26,92.82,92.53,93.97,94.57
28025,64.37,54.97,44.26,30.2,15.52,9.14,2.38
28027,53.68,50.13,45.14,41.05,38.23,39.2,39.73
28029,56.73,58.66,61.12,52.32,41.99,38.21,33.32
28031,95.29,94.19,93.03,86.66,79.81,76.9,73.3
28033,11.97,12.44,13.38,14.0,14.99,17.85,20.05
28035,88.67,86.51,84.28,84.93,86.23,85.68,84.33
28037,75.96,76.96,78.97,68.94,56.67,70.24,83.18
28039,79.08,81.62,84.41,84.44,84.73,85.29,84.69
28041,92.04,93.31,94.61,89.78,84.15,82.91,81.14
28043,81.31,85.41,89.92,87.37,84.0,81.1,77.48
28045,66.92,67.27,67.62,72.35,78.0,64.95,50.68
28047,47.85,48.86,49.68,50.85,52.3,52.2,50.97
28049,28.84,26.46,23.64,21.68,19.95,21.83,23.44
28051,27.19,29.84,33.14,47.49,62.09,76.01,89.65
28053,63.67,56.89,49.27,65.03,83.33,90.47,97.18
28055,98.6,91.56,83.91,87.67,92.5,95.8,98.56
28057,89.4,87.79,86.19,83.69,81.32,70.53,58.74
28059,66.92,67.78,68.65,67.32,65.77,66.28,65.55
28061,93.7,88.27,82.12,77.28,73.1,71.91,69.88
28063,71.76,64.2,56.08,39.89,21.92,23.06,23.71
28065,81.95,83.8,86.22,80.94,74.74,69.94,64.09
28067,77.17,74.17,70.81,66.7,62.78,62.22,60.92
28069,81.31,81.53,81.9,82.46,82.8,84.12,84.88
28071,10.98,9.72,8.54,10.46,12.55,11.5,10.31
28073,52.66,49.64,46.21,45.64,45.91,44.0,41.13
28075,73.96,74.62,75.57,76.7,77.27,75.29,72.97
28077,68.26,63.9,58.83,50.91,43.37,58.93,73.52
28079,86.82,88.07,89.72,91.63,92.72,93.12,92.9
28081,63.67,62.99,62.56,58.96,54.75,49.15,42.6
28083,17.54,18.13,18.42,15.65,11.45,9.11,6.39
28085,56.73,53.85,50.65,48.64,48.39,46.44,43.55
28087,63.67,57.49,50.74,38.93,26.27,18.85,10.93
28089,6.91,7.47,8.35,7.88,6.22,6.44,5.94
28091,87.81,87.79,87.73,85.47,83.06,87.17,89.81
28093,46.74,40.98,34.56,34.48,35.16,48.5,61.55
28095,77.17,71.4,65.15,57.63,50.39,48.95,47.0
28097,73.96,76.11,78.35,85.7,93.97,90.19,85.45
28099,83.22,82.3,81.16,83.95,86.95,82.98,78.33
28101,81.95,80.57,78.94,80.18,81.87,81.68,80.85
28103,91.12,89.98,88.94,87.04,85.1,85.95,86.66
28105,20.89,18.12,15.52,14.61,14.46,14.87,14.87
28107,57.62,55.49,53.01,59.9,69.88,73.19,75.47
28109,76.5,78.5,80.61,80.6,80.31,80.66,79.13
28111,98.98,98.78,98.59,98.01,97.91,98.05,97.27
28113,84.75,82.18,79.51,72.56,65.18,67.11,68.34
28115,68.26,71.66,75.84,78.51,80.65,80.04,78.35
28117,93.47,90.92,88.15,88.56,89.66,85.08,79.8
28119,54.76,59.27,64.43,64.68,64.63,62.63,59.99
28121,34.16,33.9,33.56,29.49,24.96,25.93,26.43
28123,86.82,87.16,87.64,89.46,91.83,92.16,92.36
28125,91.82,85.48,78.79,84.03,89.24,86.07,82.43
28127,62.56,65.85,69.77,69.65,69.99,70.42,70.09
28129,84.24,84.81,85.73,79.95,73.16,77.48,81.31
28131,67.62,72.97,79.12,76.79,73.07,78.42,82.42
28133,33.4,32.12,29.97,35.17,41.9,44.12,45.51
28135,66.92,74.68,83.38,73.41,60.11,52.27,43.27
28137,62.56,61.35,60.09,54.47,47.75,45.55,42.79
28139,92.36,88.39,84.1,82.89,81.72,86.19,90.31
28141,93.47,92.77,92.24,91.38,90.55,89.95,88.63
28143,42.31,43.56,44.99,35.43,24.07,20.63,16.5
28145,76.5,75.3,74.11,76.35,79.11,80.31,80.85
28147,89.97,88.98,88.01,84.83,81.83,85.29,87.65
28149,28.84,28.16,27.86,39.85,53.36,62.98,72.66
28151,88.16,82.56,76.03,78.67,82.04,87.49,92.52
28153,93.47,93.44,93.52,92.03,90.35,89.45,88.21
28155,82.74,83.58,84.64,87.01,89.36,90.57,91.22
28157,97.9,95.52,94.13,95.13,95.0,95.61,95.72
28159,72.62,73.61,74.86,78.37,81.86,83.64,85.14
28161,92.96,87.9,81.66,72.86,63.62,62.48,60.87
28163,76.5,72.05,67.22,78.47,90.68,94.62,98.15
29001,23.02,21.95,20.59,19.38,19.23,19.63,19.14
29003,31.65,34.23,37.26,37.96,38.05,34.83,29.94
29005,75.33,74.31,72.94,73.41,74.53,72.35,68.36
29007,60.94,54.26,46.73,48.79,52.55,59.77,65.92
29009,73.48,70.03,66.13,68.06,70.84,61.85,52.36
29011,72.62,76.35,80.84,76.72,70.66,76.06,80.43
29013,83.22,79.15,74.52,68.37,61.54,62.29,61.71
29015,91.44,93.41,95.92,96.46,96.59,97.15,96.83
29017,94.81,95.14,95.73,94.86,93.62,92.06,89.54
29019,9.71,8.72,7.72,9.82,12.51,13.52,13.22
29021,52.66,52.88,53.0,53.71,54.83,53.68,51.3
29023,94.97,95.87,96.7,96.74,96.75,96.4,94.82
29025,67.62,69.11,70.73,68.13,65.75,56.17,45.46
29027,48.93,49.83,51.56,48.81,45.3,41.45,36.77
29029,71.76,69.08,66.16,70.56,76.63,76.42,75.39
29031,43.11,38.79,33.79,32.16,31.14,32.39,32.52
29033,52.66,55.97,59.92,59.3,58.31,49.62,40.08
29035,88.16,90.02,91.98,94.47,97.1,97.01,96.0
29037,23.02,24.69,26.87,27.97,28.79,29.68,29.23
29039,90.89,90.95,91.04,89.25,87.63,87.91,86.65
29041,82.74,78.83,74.24,70.73,67.85,66.71,64.53
29043,12.61,15.35,18.13,23.43,29.2,29.76,29.1
29045,60.17,52.35,43.01,40.76,40.06,40.47,39.59
29047,15.09,15.74,16.36,17.16,18.12,16.69,14.04
29049,25.25,24.43,22.96,23.76,25.81,24.37,21.89
29051,42.31,39.28,36.13,26.67,16.6,13.9,10.1
29053,36.01,39.45,43.75,50.32,57.13,57.12,55.87
29055,85.32,87.18,89.28,89.93,90.75,90.73,89.0
29057,69.02,71.37,74.11,74.39,74.34,63.89,52.56
29059,79.53,84.14,89.42,89.77,89.27,88.65,87.24
29061,52.66,55.58,59.05,53.27,45.99,35.07,23.08
29063,65.87,67.32,68.73,64.74,60.11,51.06,41.02
29065,97.61,97.67,97.41,95.06,92.54,90.68,87.67
29067,86.44,88.23,90.18,89.13,87.65,87.65,85.81
29069,91.12,91.43,91.62,91.71,91.84,88.48,84.71
29071,19.8,19.83,20.01,24.88,30.62,33.12,33.96
29073,81.95,79.81,77.46,73.27,69.2,68.69,66.83
29075,59.22,60.3,61.36,60.61,60.18,57.78,54.41
29077,34.89,35.27,35.33,38.86,43.18,42.23,40.14
29079,57.62,54.37,50.94,52.17,54.71,53.34,50.72
29081,79.08,80.3,81.75,77.03,71.44,77.67,82.6
29083,91.12,87.58,83.37,83.3,84.3,83.89,82.26
29085,95.45,95.32,95.02,95.27,95.97,95.43,93.97
29087,60.94,59.12,56.74,60.3,65.39,69.39,71.75
29089,44.03,43.33,42.53,49.39,57.76,53.53,48.29
29091,74.59,78.59,82.99,85.85,88.65,87.89,86.16
29093,98.66,98.15,97.52,97.14,96.78,95.7,93.69
29095,29.96,30.66,31.39,30.31,29.04,26.37,22.01
29097,43.11,38.92,34.27,35.85,38.31,41.35,44.17
29099,31.65,29.25,26.59,26.73,27.28,29.21,29.31
29101,17.54,18.71,19.96,19.21,18.32,19.78,20.09
29103,77.17,78.86,80.87,83.03,85.52,79.78,73.01
29105,80.01,79.86,79.36,76.41,72.88,69.62,65.21
29107,44.73,45.38,45.8,44.27,43.13,41.19,38.15
29109,54.76,55.62,56.73,63.95,72.0,70.83,69.09
29111,30.82,27.33,23.55,25.78,28.97,34.18,38.0
29113,62.56,61.57,60.33,52.45,43.01,42.73,40.81
29115,62.56,57.46,51.81,46.14,40.88,37.12,31.98
29117,48.93,46.73,44.46,41.08,37.82,34.0,29.09
29119,75.33,71.32,67.03,65.69,64.15,47.52,30.63
29121,56.73,64.75,74.49,71.95,67.09,67.09,65.7
29123,96.34,95.93,95.51,94.83,93.88,94.3,93.26
29125,85.32,86.62,88.18,83.26,77.81,74.0,69.09
29127,56.73,52.1,46.93,41.66,36.41,36.02,33.99
29129,58.42,52.85,46.57,45.75,46.96,47.97,47.6
29131,79.53,73.69,67.11,61.22,55.59,57.71,58.81
29133,93.92,90.44,86.32,85.1,84.27,88.5,92.09
29135,44.73,40.64,36.05,29.31,22.35,23.92,24.56
29137,62.56,62.16,61.92,65.22,69.3,60.65,50.43
29139,73.48,70.65,67.79,66.1,64.52,68.5,70.87
29141,90.51,85.71,80.31,74.27,68.01,72.9,76.59
29143,93.7,93.45,93.12,93.38,93.61,90.74,87.35
29145,55.71,50.07,43.82,43.03,42.41,40.07,37.34
29147,29.96,30.08,30.23,26.91,22.47,16.18,9.06
29149,96.63,97.44,97.97,97.11,96.31,95.5,93.42
29151,60.17,57.11,53.63,40.88,26.99,20.3,12.85
29153,91.56,90.88,90.1,88.65,87.36,91.3,94.2
29155,96.34,97.15,98.07,98.17,98.18,97.5,96.31
29157,55.71,54.01,52.52,52.22,51.44,43.9,34.62
29159,62.56,65.61,69.15,67.08,64.17,61.82,58.41
29161,52.66,55.6,58.92,58.58,58.0,58.07,56.38
29163,73.96,65.8,56.48,45.45,34.26,31.83,27.88
29165,6.24,7.95,9.87,12.74,15.75,16.68,16.27
29167,65.27,66.05,66.53,62.77,58.29,51.42,43.39
29169,56.73,61.08,66.2,73.62,81.82,77.86,72.63
29171,89.62,90.03,90.83,85.77,79.69,61.79,42.39
29173,45.78,45.73,46.38,43.16,38.89,36.12,31.68
29175,71.12,70.92,70.71,68.41,65.48,63.59,60.1
29177,54.76,57.44,60.46,55.24,48.81,37.06,24.1
29179,98.09,98.25,98.14,98.1,98.16,97.93,96.84
29181,95.61,97.29,98.85,99.38,99.87,99.41,98.15
29183,6.24,6.36,6.28,6.26,6.56,6.99,6.19
29185,93.7,93.6,93.71,93.01,92.22,90.8,87.92
29186,69.79,62.62,54.38,53.38,53.65,51.52,47.87
29187,82.74,83.89,85.65,86.64,86.98,86.5,84.72
29189,16.71,17.7,18.71,18.76,18.6,17.69,15.36
29195,70.49,71.57,72.57,70.15,67.31,65.7,63.33
29197,53.68,57.6,62.32,60.88,58.45,56.65,53.49
29199,41.45,43.28,45.48,42.82,39.02,34.83,29.53
29201,73.48,72.69,71.93,75.5,79.75,81.42,82.42
29203,80.01,84.45,89.52,93.09,96.54,95.56,93.67
29205,66.92,66.15,65.19,59.43,52.92,45.09,35.6
29207,88.16,90.04,92.29,93.63,94.53,94.56,93.52
29209,76.5,79.94,83.9,84.2,83.74,79.38,74.11
29211,72.62,62.44,50.76,38.87,27.25,17.46,6.89
29213,62.56,66.3,70.53,69.79,68.43,66.45,63.31
29215,93.47,93.3,92.78,93.56,94.69,94.64,93.54
29217,79.53,77.04,74.08,71.64,69.76,67.69,64.64
29219,45.78,45.71,45.84,47.47,49.46,49.99,48.8
29221,98.22,98.16,98.12,98.06,97.96,97.53,95.58
29223,99.17,99.25,99.17,99.3,99.54,99.43,98.16
29225,37.89,39.47,41.15,42.23,43.39,40.21,35.87
29227,44.73,46.66,48.75,51.47,54.97,54.62,53.22
29229,81.31,82.26,82.98,83.22,83.53,82.65,80.76
29510,45.78,47.88,50.25,50.25,49.58,48.94,46.84
30001,28.18,33.72,40.01,44.68,48.7,56.77,65.24
30003,13.72,11.92,10.01,6.91,3.51,3.5,3.81
30005,57.62,67.14,77.34,81.97,86.56,87.43,85.79
30007,34.89,44.34,55.38,62.54,69.14,67.53,65.16
30009,44.73,46.92,49.41,51.56,53.89,56.14,58.97
30011,18.31,23.97,30.28,31.28,31.29,29.78,28.02
30013,47.85,47.31,46.96,46.08,44.76,44.21,43.11
30015,10.98,12.17,13.1,13.94,15.13,13.08,9.17
30017,47.85,51.93,56.48,64.55,72.78,77.9,82.41
30019,26.52,28.77,31.51,40.36,49.6,50.88,51.29
30021,34.89,36.73,39.46,33.62,25.99,32.21,37.7
30023,88.98,92.01,95.01,94.99,95.1,96.33,96.77
30025,14.45,16.46,18.35,20.15,22.34,35.42,48.16
30027,41.45,41.19,40.85,32.41,22.43,28.17,32.4
30029,15.09,13.3,11.43,12.73,14.6,17.31,18.21
30031,1.88,1.59,1.42,1.67,1.7,1.78,1.26
30033,12.61,16.9,21.8,16.54,9.96,8.22,5.05
30035,43.11,37.73,31.92,23.63,14.93,11.32,6.58
30037,81.95,75.78,68.81,60.62,52.84,62.05,70.94
30039,76.5,78.29,80.0,78.34,76.6,74.48,71.27
30041,28.84,37.8,46.98,48.81,50.15,43.85,35.33
30043,38.78,39.34,39.27,33.83,27.82,38.4,49.14
30045,34.89,29.89,24.59,30.68,38.57,36.11,33.03
30047,38.78,39.8,40.94,40.64,40.07,46.28,50.54
30049,31.65,32.46,33.33,33.29,33.58,30.54,27.29
30051,52.66,58.46,64.78,65.33,65.27,66.51,66.63
30053,75.33,80.66,86.63,87.09,87.38,90.24,90.82
30055,37.89,36.29,34.66,29.48,24.23,20.27,15.99
30057,17.54,19.56,21.75,29.98,38.76,36.96,35.24
30059,80.64,71.87,61.93,54.23,46.95,51.91,56.44
30061,85.32,88.25,91.41,92.64,93.62,84.52,73.17
30063,15.09,17.57,20.14,21.98,23.9,20.06,14.65
30065,41.45,43.48,46.16,45.19,43.52,40.52,36.89
30067,33.4,27.34,20.24,15.91,12.62,10.16,7.3
30069,0.67,6.59,13.19,20.2,27.61,18.82,8.89
30071,69.02,68.13,66.75,63.57,60.39,69.26,76.39
30073,63.67,63.34,63.18,63.7,64.01,66.41,68.23
30075,54.76,52.27,49.23,53.88,59.44,51.76,43.97
30077,55.71,56.34,56.72,51.27,45.44,56.27,66.55
30079,68.26,63.45,57.81,56.0,55.11,56.66,57.18
30081,66.92,70.05,73.11,76.75,81.05,80.88,79.39
30083,37.89,25.99,12.9,16.96,23.36,28.3,32.41
30085,25.25,27.83,31.24,26.29,19.66,16.4,12.84
30087,31.65,42.59,55.34,64.75,72.83,75.71,79.28
30089,78.16,78.6,78.64,79.92,81.6,84.12,83.86
30091,46.74,38.33,28.96,26.65,25.13,38.42,51.26
30093,59.22,63.78,68.59,71.57,74.94,77.92,80.77
30095,34.89,33.69,32.3,29.5,27.16,31.97,37.09
30097,25.25,34.08,44.54,38.89,30.83,40.79,50.12
30099,57.62,54.69,51.52,50.62,50.07,48.95,47.48
30101,65.27,64.68,63.88,67.38,71.78,73.54,74.0
30103,84.75,67.56,47.91,48.1,51.0,69.96,89.0
30105,51.74,46.75,41.09,42.49,44.86,49.7,53.36
30107,42.31,36.69,30.73,24.79,19.14,21.97,24.3
30109,44.73,40.63,35.73,31.77,28.01,41.32,54.44
30111,27.19,26.64,26.26,23.83,21.24,21.26,21.51
31001,18.94,20.41,22.48,28.58,35.33,29.32,22.72
31003,48.93,50.87,53.67,51.83,48.35,43.03,37.86
31005,2.55,2.22,2.51,7.09,11.19,25.11,39.68
31007,80.64,68.35,54.06,47.36,41.84,34.98,27.88
31009,4.52,3.51,2.85,9.9,16.75,36.68,56.67
31011,26.52,22.72,18.54,18.27,18.02,21.1,24.52
31013,18.94,14.01,8.43,9.3,10.4,15.5,21.27
31015,64.37,65.59,67.11,66.87,67.2,65.4,64.07
31017,60.17,50.69,40.44,38.92,38.43,37.55,37.07
31019,3.09,3.86,5.44,8.65,11.64,13.15,14.03
31021,54.76,54.52,54.42,54.62,54.8,53.52,51.7
31023,23.72,24.45,25.54,21.88,16.99,19.26,20.94
31025,9.71,9.36,8.62,6.68,4.83,7.86,9.87
31027,15.09,12.61,10.0,12.15,14.58,11.56,7.57
31029,40.75,33.2,24.74,21.38,18.63,20.38,21.79
31031,37.03,33.19,29.61,29.85,30.7,27.59,25.06
31033,16.71,16.9,17.38,27.66,38.09,42.33,47.26
31035,48.93,51.79,55.04,52.85,49.33,42.1,34.59
31037,1.69,1.74,1.7,2.27,3.66,6.21,8.18
31039,21.46,20.93,20.64,16.25,10.73,9.49,7.14
31041,23.72,23.98,24.52,26.19,27.11,31.33,35.49
31043,2.45,2.39,2.4,4.47,6.91,11.57,15.44
31045,11.46,10.56,9.4,11.63,14.22,14.97,16.67
31047,16.71,17.63,18.63,20.62,22.86,24.14,24.95
31049,24.45,23.89,23.94,42.19,61.81,67.87,74.06
31051,34.89,30.82,26.18,28.47,32.11,27.05,21.11
31053,30.82,31.01,30.92,29.53,28.02,27.51,26.12
31055,9.71,9.71,9.34,8.97,9.37,8.93,8.17
31057,27.19,24.88,22.46,16.81,10.57,17.91,25.08
31059,47.85,51.2,55.26,55.18,54.07,45.63,37.03
31061,68.26,63.01,57.31,59.53,62.6,59.32,55.25
31063,18.94,25.45,33.45,49.41,66.22,75.78,85.25
31065,72.62,67.03,60.94,63.32,67.26,69.7,71.85
31067,46.74,48.74,50.78,50.53,49.75,50.57,51.04
31069,54.76,44.64,33.35,46.36,61.67,69.83,78.55
31071,46.74,41.03,35.05,42.87,51.18,40.75,29.98
31073,39.83,39.45,39.16,34.78,28.72,19.9,10.46
31075,16.71,14.84,12.48,14.4,16.64,16.94,17.41
31077,56.73,50.25,43.19,42.73,42.71,40.09,36.98
31079,18.94,18.42,17.89,19.34,20.95,21.09,21.16
31081,20.89,19.91,18.7,17.19,14.64,12.0,8.93
31083,75.33,67.73,59.49,58.04,57.48,56.08,54.68
31085,74.59,68.62,62.07,58.21,53.89,55.12,56.25
31087,74.59,73.63,73.22,74.16,74.36,77.23,79.85
31089,37.03,37.18,37.68,36.74,35.05,31.2,27.5
31091,75.33,84.11,94.69,97.02,97.47,77.79,58.54
31093,39.83,38.94,38.39,34.73,29.39,24.3,18.46
31095,44.73,49.33,55.03,58.56,61.39,67.73,73.59
31097,34.89,32.61,29.53,39.88,53.78,57.35,60.19
31099,34.16,27.34,19.61,18.0,16.91,16.25,15.29
31101,43.11,33.96,23.97,26.36,29.68,33.97,38.31
31103,71.12,59.03,45.94,29.13,11.66,8.13,5.51
31105,44.73,47.39,51.01,58.17,65.33,60.55,55.83
31107,40.75,35.72,29.83,29.73,30.66,35.66,40.44
31109,6.91,7.88,8.89,9.58,10.14,9.79,8.52
31111,46.74,44.55,42.35,41.05,40.4,40.12,40.07
31113,32.51,33.98,36.12,23.66,8.72,6.15,4.14
31115,34.89,29.35,23.43,41.09,61.8,62.64,63.39
31117,66.92,60.51,52.98,34.43,14.15,7.56,1.62
31119,10.98,11.23,11.76,11.53,11.49,10.97,9.66
31121,34.16,33.13,32.25,40.63,50.67,53.35,55.74
31123,46.74,44.91,43.43,42.84,40.99,36.77,32.53
31125,47.85,48.24,49.03,51.66,53.86,53.31,52.89
31127,32.51,36.42,40.89,40.66,39.03,45.0,49.22
31129,56.73,62.08,68.52,67.44,64.54,54.62,43.88
31131,25.25,29.25,33.77,38.58,43.46,45.87,47.07
31133,36.01,38.76,41.68,37.73,31.98,40.86,48.62
31135,18.31,17.09,16.72,21.68,26.3,27.74,29.07
31137,24.45,22.85,21.67,21.64,21.09,25.47,29.36
31139,16.05,14.57,12.98,12.83,12.89,14.47,15.29
31141,9.11,9.0,8.99,7.65,5.91,7.76,9.34
31143,21.46,18.67,15.64,18.54,22.15,21.11,19.5
31145,50.08,41.9,32.47,35.19,39.91,43.05,45.79
31147,51.19,52.82,54.68,55.14,55.63,54.37,51.41
31149,27.19,26.71,27.21,27.55,26.89,24.33,22.21
31151,29.96,28.21,25.97,21.31,16.17,14.56,12.28
31153,2.23,2.74,3.15,2.78,2.93,3.69,3.91
31155,18.94,21.86,25.16,28.11,31.07,29.53,27.08
31157,38.78,39.23,40.36,40.86,40.42,43.11,45.8
31159,10.32,10.01,9.67,9.49,9.27,8.16,5.99
31161,34.89,42.45,51.18,60.23,69.24,71.2,74.14
31163,62.56,56.56,49.73,50.07,51.43,50.65,49.71
31165,13.72,9.64,4.81,3.9,3.9,5.42,7.27
31167,24.45,23.82,23.13,19.22,14.84,16.3,17.17
31169,47.85,46.01,43.98,44.73,46.36,41.3,35.96
31171,20.89,16.6,11.49,20.75,32.98,34.04,35.35
31173,40.75,32.09,21.91,21.19,22.33,22.93,22.78
31175,64.37,62.49,61.18,59.16,54.85,46.0,36.6
31177,20.89,25.49,30.77,34.33,37.97,30.59,22.34
31179,2.9,5.02,7.95,7.89,6.67,6.32,4.64
31181,70.49,64.13,56.57,53.02,50.23,41.61,32.65
31183,40.75,35.53,29.81,37.96,47.81,55.57,63.58
31185,30.82,26.22,20.68,25.89,33.19,30.93,27.94
32001,78.16,72.36,65.66,52.3,39.4,42.23,43.83
32003,17.54,19.42,21.17,20.74,20.1,19.24,18.9
32005,48.93,52.95,56.26,51.8,48.16,41.82,34.83
32007,17.54,17.43,16.81,16.87,17.32,14.78,11.21
32009,64.37,69.26,74.56,76.17,77.46,81.82,84.58
32011,3.57,22.35,42.41,55.63,68.7,57.79,46.82
32013,13.34,14.21,15.2,13.87,12.89,18.06,22.05
32015,10.32,12.58,14.53,13.2,12.12,23.36,34.31
32017,40.75,43.04,45.28,64.36,84.94,84.42,84.0
32019,71.76,76.67,81.7,75.91,69.93,65.11,59.15
32021,98.73,97.89,96.86,86.87,76.47,59.31,40.96
32023,96.5,96.35,96.16,96.05,95.91,95.25,93.9
32027,84.75,80.93,76.7,57.71,37.85,30.59,22.33
32029,81.31,88.11,94.98,92.53,90.54,88.48,85.38
32031,14.45,18.14,21.38,18.67,17.51,18.27,18.54
32033,68.26,75.22,82.2,70.69,57.85,50.87,44.3
32510,51.74,68.87,88.29,89.53,88.94,76.64,63.8
33001,23.72,30.88,38.74,45.01,51.52,53.8,55.24
33003,52.66,56.21,60.02,56.8,52.52,53.72,54.28
33005,25.25,28.06,31.35,32.66,33.23,33.02,32.64
33007,83.79,83.2,82.67,83.77,85.14,85.56,85.95
33009,27.19,30.41,33.62,36.52,39.92,36.3,32.43
33011,11.97,12.76,13.57,14.63,16.06,16.56,16.59
33013,27.19,30.18,33.3,32.78,31.74,33.17,33.63
33015,7.45,7.68,7.76,8.19,9.07,9.82,10.18
33017,27.19,27.04,26.7,24.51,22.38,22.85,22.49
33019,47.85,45.03,41.39,37.81,34.29,30.46,26.11
34001,28.18,27.27,26.09,27.42,29.43,33.02,36.55
34003,2.74,2.36,1.9,1.93,1.98,1.98,1.73
34005,12.61,13.21,13.81,14.83,15.97,16.14,16.46
34007,30.82,31.11,31.53,30.78,29.88,30.49,30.77
34009,37.03,38.55,40.4,38.9,36.73,38.47,39.99
34011,51.74,48.58,44.68,40.21,36.09,38.36,40.7
34013,21.46,21.83,22.3,20.17,17.16,15.73,14.0
34015,22.32,23.15,24.18,24.03,24.16,22.88,21.17
34017,5.48,5.14,4.82,4.37,3.89,3.59,3.06
34019,3.09,3.39,3.51,3.48,3.24,2.86,2.06
34021,8.25,7.76,7.09,7.51,8.24,7.97,7.55
34023,3.09,3.21,3.4,3.4,3.57,4.15,4.99
34025,5.48,5.78,6.22,6.51,6.76,7.33,7.8
34027,1.69,1.88,1.94,1.95,2.02,2.03,2.01
34029,31.65,31.1,30.35,29.12,27.67,26.34,24.88
34031,4.81,4.22,3.48,3.09,2.82,2.66,2.19
34033,44.03,47.88,52.49,50.54,47.12,46.44,45.2
34035,1.46,1.6,1.71,1.68,1.66,1.53,1.43
34037,6.24,6.85,7.39,8.66,10.23,10.13,10.15
34039,4.11,4.18,4.38,3.94,3.48,3.61,3.52
34041,11.97,14.34,17.15,20.0,22.86,21.77,20.57
35001,27.19,28.28,29.38,29.65,30.09,34.98,38.73
35003,99.84,99.58,99.28,99.31,99.49,99.53,98.86
35005,62.56,63.58,64.9,62.45,59.66,61.41,62.76
35006,88.67,91.73,94.91,95.93,96.77,93.86,89.75
35007,95.7,92.87,89.64,90.54,91.77,93.29,93.94
35009,54.76,58.66,62.14,57.87,53.94,57.37,60.49
35011,88.67,91.55,94.64,93.82,92.76,79.43,65.16
35013,11.97,14.32,16.93,23.72,31.07,35.87,40.33
35015,53.68,47.29,40.19,34.53,29.48,36.04,43.23
35017,92.68,90.95,89.0,84.23,79.05,81.1,83.04
35019,92.04,89.34,86.24,88.94,92.42,86.48,79.9
35021,93.92,91.58,89.13,91.1,93.22,84.02,73.47
35023,76.5,76.19,75.8,81.46,87.84,84.72,81.56
35025,19.8,18.94,18.51,17.54,16.41,18.17,20.36
35027,83.79,81.2,78.64,76.71,74.6,81.56,88.41
35028,7.45,9.1,11.16,8.02,4.27,3.58,1.83
35029,73.96,79.53,85.65,86.28,86.19,85.7,84.9
35031,36.01,41.24,46.82,53.33,60.02,57.9,54.99
35033,99.3,98.7,98.12,98.34,98.8,98.95,98.22
35035,72.62,65.62,57.96,59.37,61.5,69.57,77.6
35037,98.22,97.42,96.38,94.02,91.8,90.19,88.29
35039,76.5,70.9,64.23,58.11,52.6,47.73,41.91
35041,47.85,56.89,66.7,65.74,64.3,70.77,76.54
35043,21.46,22.88,24.3,25.39,26.84,30.68,33.33
35045,23.72,30.27,37.28,40.6,43.49,43.99,43.08
35047,96.5,97.61,98.99,99.29,99.22,98.45,96.77
35049,28.84,29.5,30.24,27.73,25.1,29.9,34.11
35051,98.22,96.98,95.68,96.73,97.92,97.93,96.7
35053,98.44,98.19,98.01,98.13,98.3,97.18,95.26
35055,78.16,79.65,81.44,79.91,78.05,72.89,67.09
35057,69.02,67.78,66.36,65.05,63.76,68.76,72.75
35059,76.5,75.53,74.24,79.41,85.56,89.92,92.98
35061,76.5,78.41,80.46,80.12,79.29,82.64,84.91
36001,15.09,14.52,13.54,13.0,12.85,12.59,12.02
36003,45.78,48.05,50.54,53.02,55.26,54.25,52.07
36005,34.16,34.15,34.16,37.42,41.5,45.47,48.93
36007,38.78,42.39,46.56,48.83,50.82,50.65,50.54
36009,45.78,46.58,47.39,50.16,53.23,51.86,49.81
36011,34.89,34.73,34.18,38.01,42.79,40.64,38.77
36013,46.74,48.08,49.69,50.02,50.06,53.02,55.17
36015,40.75,39.36,37.45,42.11,48.16,50.67,52.84
36017,67.62,70.17,72.79,75.67,78.47,77.23,76.11
36019,42.31,46.22,50.37,51.56,52.66,55.13,58.17
36021,51.74,53.04,54.61,54.01,53.26,48.86,44.05
36023,23.72,24.47,24.98,25.9,26.7,25.7,24.86
36025,51.19,55.28,60.05,59.72,58.29,62.14,66.12
36027,28.18,28.11,28.13,27.45,26.63,23.88,20.88
36029,29.96,28.99,27.87,28.02,27.97,28.0,27.37
36031,55.71,59.56,63.3,62.82,62.25,57.8,53.69
36033,37.89,42.15,46.5,47.68,48.94,52.84,57.48
36035,60.17,61.52,62.78,60.49,57.13,57.51,58.58
36037,29.96,31.37,32.69,37.78,43.87,43.14,41.37
36039,46.74,46.57,46.39,41.44,35.64,30.67,25.34
36041,39.83,59.2,80.71,89.26,96.32,92.75,89.81
36043,38.78,40.0,41.15,45.68,51.04,51.04,51.3
36045,32.51,32.32,31.77,34.32,37.43,38.73,39.99
36047,6.91,6.87,6.93,7.14,7.37,7.07,7.04
36049,34.89,36.42,37.63,39.15,40.9,41.07,41.01
36051,19.8,21.89,24.06,25.24,26.14,22.79,18.82
36053,13.34,14.3,15.32,18.83,22.72,22.25,21.57
36055,23.02,24.9,26.74,28.62,30.62,32.74,34.3
36057,51.74,50.61,48.99,51.76,56.01,55.79,55.69
36059,2.9,2.67,2.38,2.28,2.14,2.3,2.36
36061,7.45,7.06,6.56,7.18,8.01,8.43,8.67
36063,31.65,30.44,28.76,30.93,33.68,34.65,35.18
36065,50.08,49.31,48.1,46.29,44.07,38.61,33.48
36067,18.94,20.42,21.92,22.84,23.29,23.78,24.43
36069,19.8,19.75,19.28,20.07,21.43,22.96,24.43
36071,18.31,18.87,19.54,18.94,18.01,16.87,15.29
36073,57.62,60.93,64.69,64.36,62.85,58.72,53.96
36075,36.01,39.08,42.58,45.32,47.87,45.74,44.03
36077,25.25,26.47,27.7,30.61,33.86,35.01,35.98
36079,9.71,9.72,9.82,8.85,7.73,6.39,4.83
36081,5.76,5.6,5.41,5.5,5.41,5.47,5.52
36083,23.02,24.46,26.08,28.07,30.17,32.4,34.36
36085,6.91,6.92,6.83,6.64,6.48,6.36,6.18
36087,3.57,3.96,4.47,4.37,4.12,3.53,2.59
36089,45.78,50.24,54.81,55.62,56.28,56.23,56.49
36091,13.72,14.29,14.73,14.01,13.22,12.99,12.43
36093,28.18,29.28,30.61,28.72,25.98,26.54,27.09
36095,58.42,55.89,52.79,53.93,55.72,56.28,56.64
36097,36.01,42.62,50.4,56.22,61.37,60.92,60.36
36099,48.93,51.43,54.2,58.46,62.75,61.42,60.21
36101,53.68,53.45,52.78,52.05,50.98,48.93,46.3
36103,4.52,4.74,5.01,5.14,5.11,5.02,4.94
36105,51.74,51.22,50.42,53.41,57.21,55.97,54.75
36107,29.96,32.61,35.58,38.51,41.19,43.48,45.72
36109,7.45,6.66,5.36,4.91,4.66,5.1,5.67
36111,39.83,37.21,34.15,33.27,32.93,35.2,37.17
36113,33.4,37.64,42.0,43.52,44.79,44.36,44.45
36115,38.78,37.6,35.72,37.7,40.82,45.62,50.17
36117,36.01,39.1,42.51,43.53,44.0,44.77,45.63
36119,4.11,3.97,3.84,4.2,4.45,4.65,4.42
36121,23.72,25.55,27.44,30.73,34.06,31.05,27.08
36123,25.25,26.3,27.21,25.48,23.05,18.63,14.07
37001,42.31,42.41,42.44,40.84,39.22,36.03,33.01
37003,61.64,65.65,70.15,71.25,71.89,70.26,69.08
37005,86.82,85.73,84.52,88.3,92.72,87.85,83.49
37007,80.64,80.05,79.9,75.94,70.53,71.7,72.97
37009,58.42,54.24,49.34,50.49,52.3,53.77,55.39
37011,75.96,81.25,87.63,85.95,82.65,78.96,75.59
37013,80.01,78.31,76.15,75.71,76.01,72.86,68.4
37015,88.16,89.25,90.66,90.04,88.64,92.12,94.87
37017,93.22,92.69,91.76,88.57,85.24,78.25,71.52
37019,62.56,65.24,68.25,67.74,66.92,62.45,57.53
37021,37.89,36.5,35.11,33.59,31.66,29.93,28.03
37023,83.22,84.03,84.97,84.22,83.7,84.04,84.67
37025,8.25,7.97,7.94,8.02,8.55,8.63,9.4
37027,75.96,76.53,76.88,75.13,73.25,74.03,75.33
37029,37.89,38.09,38.14,35.77,32.8,38.62,44.23
37031,73.48,76.88,80.24,80.07,80.46,76.52,71.8
37033,88.67,88.78,88.96,82.3,74.48,75.17,75.98
37035,31.65,34.93,38.61,38.25,37.55,34.67,32.3
37037,25.25,30.71,37.31,42.6,47.31,45.06,43.14
37039,82.43,84.31,86.26,86.18,85.75,83.74,81.34
37041,41.45,44.85,49.04,50.23,51.03,58.62,65.6
37043,55.71,59.7,64.18,68.73,72.85,76.09,78.64
37045,63.67,62.89,62.19,59.83,57.11,51.65,46.37
37047,85.8,85.67,85.37,83.75,82.27,80.41,78.5
37049,67.62,68.65,69.32,66.31,62.83,57.75,51.54
37051,40.75,47.04,54.58,59.7,63.56,62.62,61.24
37053,18.31,26.09,35.13,38.03,40.08,35.93,31.51
37055,39.83,41.71,43.06,36.27,29.74,23.28,16.31
37057,60.17,61.87,63.89,61.6,57.89,53.48,49.78
37059,28.84,31.61,34.68,40.77,48.17,50.93,54.04
37061,60.94,66.19,71.73,75.13,78.95,78.05,77.15
37063,9.11,8.11,6.78,6.26,6.19,5.51,5.04
37065,68.26,69.65,71.35,67.8,63.16,59.56,55.74
37067,11.46,11.92,12.09,10.45,8.56,9.92,11.78
37069,42.31,42.53,43.23,46.53,50.35,52.92,55.69
37071,62.56,59.83,56.59,54.17,52.15,48.88,45.9
37073,64.37,67.51,71.85,80.23,88.23,90.14,91.83
37075,29.96,48.73,70.95,79.29,83.92,86.44,88.72
37077,79.53,74.94,69.45,63.01,56.51,51.67,47.07
37079,80.01,84.1,88.78,91.05,93.1,91.32,88.34
37081,11.46,11.54,11.57,11.81,12.18,13.24,14.97
37083,93.7,92.2,90.65,84.74,78.86,78.01,77.4
37085,34.89,34.77,34.31,32.81,30.78,34.89,38.49
37087,51.74,56.15,61.79,65.54,67.72,67.32,66.81
37089,56.73,56.34,56.01,52.11,46.68,44.19,41.46
37091,92.96,87.96,82.11,84.23,87.85,90.14,91.44
37093,44.03,42.39,40.43,49.28,60.8,66.07,71.75
37095,58.42,64.79,71.49,56.43,39.06,38.91,38.68
37097,24.45,25.64,26.8,26.71,26.68,23.85,21.55
37099,34.16,30.56,25.98,30.53,36.23,37.22,38.02
37101,31.65,33.2,34.87,36.05,37.35,36.28,35.07
37103,96.28,97.33,97.99,97.27,96.99,95.94,93.97
37105,37.03,37.46,37.6,42.17,47.4,53.35,59.41
37107,90.89,92.91,94.64,94.79,94.99,94.4,92.68
37109,47.85,48.78,49.71,47.92,45.68,43.06,40.62
37111,94.3,91.14,87.42,86.31,86.24,85.88,85.6
37113,71.76,69.29,66.09,67.45,69.01,70.77,72.06
37115,60.94,55.25,48.45,52.66,59.25,62.54,65.7
37117,81.31,79.99,78.5,78.68,79.35,81.62,82.69
37119,3.76,3.33,3.05,2.33,1.71,1.6,1.74
37121,92.36,91.87,91.26,87.75,84.26,82.32,80.35
37123,58.42,51.17,42.83,42.67,43.85,53.45,63.75
37125,44.03,44.58,45.49,49.18,52.48,51.84,51.5
37127,51.74,53.39,55.39,56.28,56.9,57.46,57.51
37129,27.19,25.82,23.81,22.84,22.88,21.48,19.83
37131,95.61,94.79,94.12,89.23,84.58,83.39,81.88
37133,39.83,48.15,57.66,61.87,65.72,61.51,56.71
37135,3.09,3.34,3.45,3.15,2.97,2.2,1.75
37137,81.31,84.7,88.15,87.43,87.08,85.29,82.38
37139,53.68,50.07,45.46,43.65,43.6,46.29,48.6
37141,66.92,68.9,70.77,66.52,61.31,60.08,58.75
37143,80.64,76.93,72.28,63.36,53.4,57.63,61.25
37145,71.12,74.32,78.43,77.27,75.61,78.5,81.37
37147,18.94,19.96,21.03,22.38,23.76,28.68,32.27
37149,56.73,57.45,58.58,64.06,70.67,74.99,78.75
37151,34.16,35.64,37.38,43.51,50.45,56.17,62.65
37153,85.8,81.68,77.08,74.85,72.84,70.21,68.28
37155,68.26,65.53,62.19,60.28,59.08,57.63,56.37
37157,71.76,67.68,63.01,57.86,53.02,54.5,56.24
37159,58.42,57.1,55.54,53.7,51.77,53.13,54.95
37161,88.98,88.25,87.63,85.9,83.75,83.54,83.06
37163,78.16,79.61,80.83,78.6,76.35,63.4,50.17
37165,88.16,86.86,85.66,79.83,72.55,67.4,62.51
37167,63.67,59.73,55.34,49.91,43.93,47.66,52.04
37169,48.93,49.34,49.79,49.25,48.7,57.17,66.32
37171,69.79,74.41,79.92,81.83,83.17,83.13,84.41
37173,43.11,45.73,48.48,59.6,72.31,74.72,76.83
37175,69.02,63.67,57.33,56.9,57.43,52.98,48.3
37177,65.87,73.8,82.9,87.01,91.46,90.3,89.04
37179,4.11,4.01,4.09,3.88,3.67,4.33,5.29
37181,95.92,91.65,86.94,79.79,72.24,72.84,73.92
37183,1.46,1.71,1.95,2.27,2.38,2.35,2.34
37185,98.6,94.33,89.43,85.57,82.62,82.01,81.87
37187,95.7,94.8,93.42,92.57,92.56,93.01,92.86
37189,8.63,9.62,10.86,11.49,12.07,12.09,12.71
37191,58.42,61.6,64.98,63.04,60.19,55.83,50.86
37193,77.17,75.35,73.02,74.06,75.72,75.3,75.33
37195,56.73,53.56,49.38,49.76,51.65,49.85,47.38
37197,59.22,61.72,64.4,64.29,63.65,59.69,56.45
37199,82.74,83.04,83.73,80.3,75.75,73.62,71.26
38001,34.16,26.06,16.26,10.29,6.21,16.59,28.06
38003,15.09,21.19,28.06,33.6,38.92,29.23,19.4
38005,3.09,5.38,7.6,20.46,34.27,43.1,51.46
38007,0.06,2.03,4.2,9.56,15.53,20.26,24.75
38009,24.45,28.63,33.43,40.33,46.5,46.51,46.85
38011,13.34,13.38,12.3,10.18,9.08,8.42,8.25
38013,13.72,9.31,4.59,3.15,1.63,2.97,4.29
38015,10.32,9.02,7.98,7.76,6.53,7.29,8.8
38017,4.11,5.59,7.15,6.44,5.02,4.7,3.61
38019,24.45,20.04,15.15,11.02,6.68,7.18,8.03
38021,13.72,10.28,6.57,7.53,8.91,7.24,5.68
38023,59.22,57.04,55.21,47.6,38.84,35.54,31.78
38025,28.84,29.67,30.81,30.17,28.92,29.08,29.5
38027,16.05,20.04,24.47,46.69,71.7,75.64,79.11
38029,55.71,51.57,47.3,49.94,53.59,47.32,41.36
38031,10.98,13.16,15.49,14.87,12.02,16.18,20.21
38033,39.83,39.83,40.0,40.31,40.62,51.1,61.26
38035,5.76,6.84,8.08,7.88,7.51,5.63,3.34
38037,28.18,28.06,28.13,33.11,38.62,38.38,39.05
38039,36.01,41.77,47.61,46.49,45.07,37.57,29.86
38041,28.84,28.63,28.36,24.81,20.78,27.17,34.48
38043,18.94,20.52,23.11,25.6,27.09,19.54,12.28
38045,26.52,22.43,18.18,16.63,15.01,13.06,11.24
38047,45.78,35.86,24.48,18.84,14.49,12.07,9.69
38049,28.84,23.41,17.68,20.31,23.26,23.44,23.89
38051,56.73,58.78,61.72,51.07,37.73,30.9,24.07
38053,15.09,9.04,2.46,2.91,3.62,5.63,7.22
38055,7.9,7.59,7.9,8.45,8.01,7.36,7.59
38057,18.31,17.25,16.1,13.92,10.82,13.3,16.58
38059,15.09,10.84,6.24,5.53,4.6,2.76,1.91
38061,2.45,1.62,1.01,4.61,8.34,22.33,36.5
38063,16.05,20.28,24.38,30.88,38.34,54.71,70.89
38065,15.09,11.85,8.59,16.73,26.59,21.97,18.03
38067,34.89,30.1,25.16,21.7,18.9,19.12,19.14
38069,16.71,14.4,11.9,11.55,10.04,6.73,3.26
38071,32.51,38.93,46.08,48.67,49.02,55.94,62.52
38073,38.78,34.44,29.26,36.19,45.05,37.25,29.0
38075,18.94,16.45,13.8,25.82,39.5,44.42,49.54
38077,6.91,7.35,7.32,8.35,10.2,13.38,15.71
38079,28.84,30.43,32.31,41.68,51.38,53.53,55.94
38081,12.61,14.29,16.54,21.88,26.66,24.67,22.61
38083,61.64,46.39,29.37,29.56,31.02,23.87,16.98
38085,12.61,9.06,5.4,7.95,11.21,19.11,27.23
38087,17.54,35.03,55.25,62.63,67.71,71.26,74.92
38089,8.25,7.79,6.84,7.72,8.94,7.32,6.32
38091,23.02,32.65,42.97,38.89,32.75,20.12,7.04
38093,44.03,40.81,36.95,36.9,37.41,43.28,49.36
38095,6.24,7.88,9.57,19.18,29.51,36.69,44.12
38097,4.81,9.27,13.89,16.24,18.89,17.3,15.19
38099,64.37,59.92,54.92,48.56,42.18,41.47,40.56
38101,9.11,8.11,7.26,7.85,7.61,7.42,7.39
38103,39.83,36.79,33.86,47.07,61.12,50.27,39.42
38105,3.76,2.38,1.62,3.39,4.75,8.33,11.65
39001,85.8,86.05,86.53,85.3,83.76,85.32,85.56
39003,46.74,47.12,47.69,48.56,49.46,53.91,57.08
39005,34.89,37.72,40.82,38.62,35.52,34.19,31.53
39007,47.85,51.15,54.95,56.8,58.26,58.34,57.86
39009,39.83,45.6,52.12,55.63,59.08,59.47,57.89
39011,19.8,19.17,18.35,15.62,12.34,13.67,13.91
39013,63.67,63.17,62.67,61.63,59.45,56.26,51.54
39015,65.87,60.44,54.08,55.0,57.83,61.3,63.26
39017,16.05,16.34,16.74,18.39,20.0,19.19,16.73
39019,37.03,36.92,36.46,38.9,41.96,49.24,54.58
39021,42.31,44.26,46.61,50.4,54.58,55.08,54.82
39023,59.22,59.87,60.48,61.69,63.0,62.06,60.28
39025,25.25,24.7,24.25,26.47,28.74,32.15,33.75
39027,36.01,39.67,44.02,49.03,53.89,57.86,60.54
39029,61.64,58.95,55.72,55.96,56.73,58.2,58.1
39031,40.75,38.43,35.62,41.91,50.06,51.3,50.72
39033,54.76,59.35,64.49,64.02,62.56,63.32,62.92
39035,41.45,43.0,44.47,45.3,46.2,44.41,41.4
39037,33.4,37.61,42.61,40.69,36.88,34.27,30.92
39039,31.65,30.71,29.36,27.27,25.24,21.83,17.11
39041,1.24,1.33,1.2,1.22,1.4,1.57,0.59
39043,43.11,40.8,37.87,39.92,42.82,42.48,41.09
39045,29.96,30.12,30.22,31.37,32.41,31.24,29.4
39047,60.94,60.21,59.11,59.85,60.99,69.96,77.78
39049,18.31,17.29,16.0,15.01,13.83,14.07,13.32
39051,22.32,25.75,29.58,29.92,29.92,30.61,30.11
39053,79.53,80.21,80.97,82.42,84.41,84.21,83.36
39055,6.91,8.42,9.87,10.07,9.99,10.08,8.65
39057,21.46,21.82,22.11,23.42,24.78,25.51,24.83
39059,64.37,66.66,69.51,71.16,70.73,66.6,60.09
39061,24.45,23.78,23.14,22.78,21.89,20.44,17.3
39063,16.71,15.84,15.04,14.76,14.3,15.67,15.44
39065,44.03,39.11,33.53,35.73,39.47,41.63,42.4
39067,50.08,55.49,61.92,68.05,74.1,71.75,67.38
39069,30.82,33.6,36.63,33.18,28.6,25.55,20.73
39071,72.62,73.91,75.43,75.69,75.18,75.68,75.03
39073,60.17,63.35,66.73,67.39,67.83,66.58,64.41
39075,3.09,2.97,2.94,3.05,2.65,2.31,1.01
39077,34.89,34.08,33.03,32.71,32.48,33.89,34.08
39079,86.82,87.8,88.58,83.22,76.62,76.84,76.25
39081,71.76,72.7,73.72,73.21,72.38,71.32,67.99
39083,36.01,36.68,37.22,33.46,28.66,27.97,26.23
39085,16.05,18.11,20.21,22.62,25.21,28.48,30.53
39087,89.4,89.25,89.21,90.66,92.09,92.44,92.14
39089,34.16,34.58,34.97,40.58,47.19,48.83,49.3
39091,47.85,44.73,41.14,37.6,33.77,27.85,20.58
39093,39.83,44.0,48.84,48.83,47.67,42.63,36.32
39095,46.74,47.41,48.26,48.53,48.49,48.15,46.79
39097,37.03,41.49,46.65,47.96,48.18,50.32,51.29
39099,55.71,54.28,52.66,51.22,49.33,51.14,51.41
39101,72.62,76.72,81.46,81.44,80.3,75.86,70.34
39103,6.24,7.8,9.48,10.3,11.09,11.92,11.31
39105,86.82,88.44,90.23,91.52,92.9,92.86,91.46
39107,14.45,13.99,13.2,13.69,14.88,12.94,10.37
39109,28.18,28.57,28.86,31.16,34.19,31.86,28.39
39111,71.76,75.02,79.09,84.24,88.48,86.62,83.06
39113,51.19,50.54,49.69,49.0,48.12,47.74,46.18
39115,76.5,80.69,85.6,88.91,90.95,90.57,88.64
39117,37.89,39.39,40.73,41.0,41.83,46.19,49.36
39119,56.73,56.63,56.48,59.69,62.82,58.56,52.69
39121,79.53,70.56,59.63,67.84,80.24,84.23,85.84
39123,54.76,53.2,51.35,52.26,52.99,51.74,49.54
39125,57.62,58.62,59.67,62.61,66.41,64.7,61.81
39127,61.64,62.41,63.0,64.49,66.0,72.02,76.83
39129,51.19,48.69,45.56,46.69,48.74,51.23,52.93
39131,93.22,93.65,93.97,94.32,94.97,93.94,92.27
39133,20.89,22.36,24.17,26.16,27.94,28.19,27.33
39135,58.42,56.92,55.15,56.19,57.95,55.83,52.72
39137,7.45,7.39,7.3,7.23,7.32,6.79,5.1
39139,38.78,43.7,49.09,51.74,54.45,58.07,60.47
39141,70.49,73.86,77.64,80.99,84.24,84.96,85.0
39143,40.75,40.29,39.88,44.21,49.03,48.74,47.22
39145,90.19,89.9,89.55,90.08,90.68,91.75,91.89
39147,37.03,36.64,36.17,39.0,42.14,41.92,40.51
39149,18.31,19.97,21.94,22.85,23.66,28.14,31.39
39151,33.4,31.63,29.64,29.61,29.64,29.64,27.99
39153,25.25,24.75,23.94,24.31,24.97,26.85,27.42
39155,44.73,43.69,42.51,42.91,43.49,47.57,50.33
39157,30.82,33.37,36.39,38.36,39.41,40.74,40.43
39159,15.09,15.25,15.25,15.17,15.15,12.39,8.57
39161,40.75,42.75,44.86,42.77,39.84,39.17,37.75
39163,77.17,81.85,86.94,87.8,88.32,87.27,85.09
39165,4.81,4.79,4.77,5.54,6.05,6.99,6.45
39167,77.84,79.43,81.23,83.03,84.33,82.13,78.31
39169,18.31,16.3,13.74,15.31,18.11,21.0,22.5
39171,37.03,38.29,39.69,42.03,44.92,51.02,55.7
39173,7.9,9.69,11.73,13.02,14.15,16.19,16.9
39175,33.4,31.51,29.25,30.71,32.76,33.4,32.8
40001,78.16,78.25,78.48,78.58,78.41,81.09,83.45
40003,59.22,55.71,52.33,57.62,62.71,63.55,62.96
40005,94.3,94.25,94.34,93.57,92.04,92.45,93.24
40007,6.24,5.17,3.95,6.08,8.22,18.4,28.01
40009,51.74,47.71,43.75,46.2,48.05,44.12,39.27
40011,89.97,88.71,87.64,84.94,81.59,75.68,67.67
40013,75.33,79.69,84.89,86.4,87.47,87.09,88.07
40015,70.49,75.65,81.79,84.81,87.04,85.51,82.5
40017,25.25,26.96,28.92,28.81,28.44,28.17,25.5
40019,64.37,69.05,74.21,76.37,77.64,78.86,79.93
40021,70.49,67.33,63.65,64.23,65.8,73.49,80.43
40023,92.68,89.8,86.52,87.62,89.53,92.08,95.07
40025,27.19,32.13,37.41,40.74,43.94,65.31,85.66
40027,26.52,25.74,25.43,26.92,28.08,30.54,31.49
40029,91.12,88.14,84.91,88.22,92.19,94.39,97.11
40031,71.76,72.44,73.36,75.89,78.2,79.98,80.77
40033,91.12,86.08,80.0,81.21,83.69,86.02,87.4
40035,93.22,92.98,92.86,91.59,89.85,89.89,89.16
40037,69.79,57.73,44.02,37.76,32.92,32.06,30.31
40039,44.73,38.1,30.92,29.08,27.2,25.4,21.86
40041,92.36,92.46,92.69,93.36,93.75,91.98,89.89
40043,66.92,56.62,45.95,48.33,50.89,53.61,54.91
40045,55.71,43.34,29.7,38.12,47.77,63.84,79.38
40047,44.03,40.95,37.78,39.91,41.76,47.71,52.15
40049,55.71,48.5,40.43,42.94,46.47,48.84,50.15
40051,53.68,52.03,50.19,55.11,61.06,65.48,68.59
40053,69.79,59.11,46.9,59.38,75.48,78.57,80.89
40055,89.4,88.64,87.95,90.13,92.07,89.08,85.08
40057,84.75,82.3,78.78,78.58,80.64,83.8,86.1
40059,19.8,20.19,21.46,25.65,28.81,52.95,76.52
40061,90.89,92.04,93.39,95.04,96.65,96.07,94.92
40063,90.89,88.53,86.36,87.46,88.36,82.51,75.72
40065,45.78,46.64,47.85,53.65,59.77,57.12,53.52
40067,78.16,84.16,91.14,93.81,95.33,95.42,94.49
40069,97.99,98.06,98.06,97.1,95.4,94.85,94.82
40071,65.87,67.67,70.21,76.83,83.31,81.24,78.51
40073,54.76,58.78,63.55,57.41,49.56,37.28,22.58
40075,82.43,83.3,84.54,86.8,88.51,86.83,83.55
40077,94.81,94.99,95.29,95.53,95.47,95.31,94.49
40079,90.51,89.22,87.62,89.42,91.42,90.92,89.96
40081,85.8,83.26,80.63,79.73,79.02,80.69,80.92
40083,19.8,23.82,28.33,29.47,30.24,36.1,39.99
40085,47.85,54.98,62.89,71.32,80.35,85.17,90.48
40087,48.93,42.01,34.15,32.05,30.06,32.38,33.35
40089,88.16,84.22,80.11,82.28,85.14,86.13,87.05
40091,95.29,95.37,95.71,95.98,95.79,95.79,95.16
40093,84.24,78.04,71.42,67.87,63.95,63.67,61.65
40095,99.59,100.29,100.59,100.21,99.92,97.46,95.69
40097,80.01,82.87,86.41,88.55,90.35,92.54,94.06
40099,77.84,77.69,77.9,85.4,93.27,93.42,93.24
40101,78.16,76.24,74.08,72.23,70.02,75.08,79.19
40103,60.94,62.37,64.06,66.48,68.5,64.29,58.77
40105,81.31,79.51,77.57,70.8,62.86,60.51,57.01
40107,96.75,92.49,88.01,84.24,79.92,76.13,71.58
40109,33.4,32.53,31.31,30.86,30.95,31.75,31.04
40111,82.43,79.86,77.48,79.54,81.82,85.11,87.37
40113,72.62,74.05,76.23,74.38,71.83,71.4,69.9
40115,81.31,78.2,74.89,77.74,81.29,82.52,83.08
40117,79.08,76.26,73.2,68.14,62.64,56.48,48.92
40119,15.09,15.44,15.91,16.04,16.1,18.08,19.02
40121,89.97,89.73,89.56,91.82,94.21,94.5,94.44
40123,64.37,55.66,45.85,49.63,54.88,53.82,52.45
40125,69.02,68.71,68.98,70.96,72.56,70.88,67.92
40127,99.4,98.94,98.66,99.09,99.11,99.27,99.73
40129,41.45,34.2,26.77,37.85,50.39,50.69,50.38
40131,44.73,46.03,47.85,45.94,43.26,47.42,50.33
40133,88.67,86.51,84.59,86.84,88.93,90.7,91.28
40135,95.92,96.17,96.45,95.31,93.73,93.75,93.14
40137,79.08,79.77,80.63,81.97,82.83,84.21,84.52
40139,11.97,9.16,5.66,3.8,2.02,1.62,0.49
40141,69.02,66.99,64.76,67.58,70.34,78.6,85.78
40143,32.51,30.93,29.45,30.5,31.49,31.27,29.86
40145,51.19,49.85,48.45,52.81,58.22,64.28,69.06
40147,63.67,60.94,57.9,55.27,53.19,52.7,51.14
40149,34.16,27.88,21.13,22.53,24.52,43.26,60.33
40151,46.74,41.31,35.65,44.09,53.52,61.03,67.18
40153,26.52,21.5,16.98,32.33,48.67,59.36,69.49
41001,88.16,87.8,87.4,88.42,89.47,91.13,91.52
41003,10.32,10.73,10.86,10.98,11.49,11.54,9.6
41005,21.46,20.24,18.9,17.3,16.13,16.84,15.81
41007,80.01,80.81,81.33,80.72,80.19,78.19,74.5
41009,47.85,53.23,59.49,62.25,64.37,62.02,57.78
41011,95.29,94.83,94.34,93.9,93.68,93.69,91.71
41013,92.04,90.86,89.65,89.08,88.19,84.2,78.96
41015,97.1,97.39,97.61,93.56,89.24,88.61,85.53
41017,28.84,26.92,25.05,24.41,23.7,21.2,17.18
41019,89.62,89.12,88.4,86.94,85.52,84.04,80.91
41021,86.44,88.84,91.62,90.44,87.79,77.12,64.72
41023,83.22,82.1,81.03,86.9,93.36,94.85,94.56
41025,87.33,84.61,81.66,84.95,88.61,83.74,77.8
41027,9.71,9.58,9.73,7.65,5.09,6.93,7.16
41029,65.27,65.79,66.2,61.32,56.0,51.69,46.0
41031,68.26,64.71,60.69,63.29,66.78,67.74,67.08
41033,73.48,76.05,78.96,79.44,80.18,80.61,79.24
41035,83.22,82.84,82.33,81.66,81.54,78.41,74.47
41037,88.98,92.06,95.5,89.22,82.24,78.71,73.34
41039,53.68,56.53,59.65,61.07,62.28,62.18,60.32
41041,88.16,89.7,90.99,90.41,89.82,90.14,88.09
41043,64.37,66.33,68.48,67.98,67.08,65.79,62.53
41045,67.62,66.61,65.14,62.15,58.27,56.1,52.34
41047,44.73,45.31,46.03,44.94,43.62,44.05,42.98
41049,48.93,47.78,46.13,48.76,52.06,57.11,60.14
41051,26.52,27.32,28.36,26.6,24.36,22.84,19.72
41053,46.74,46.76,46.66,45.65,44.74,40.51,34.53
41055,84.24,79.55,74.02,79.95,88.34,89.69,89.34
41057,50.08,61.17,73.41,79.7,85.45,84.77,82.23
41059,36.01,40.74,45.88,51.21,56.77,60.1,61.75
41061,63.67,63.18,62.34,60.3,58.29,56.21,52.56
41063,89.4,91.85,94.51,90.13,84.96,80.27,74.01
41065,64.37,67.67,71.97,72.86,72.52,71.73,68.92
41067,6.91,7.46,7.97,7.21,6.55,6.54,5.11
41069,85.32,89.81,94.7,96.11,96.76,93.68,89.91
41071,51.19,50.87,50.19,49.48,49.22,47.84,44.43
42001,33.4,32.89,31.98,31.46,31.01,31.51,30.94
42003,29.96,29.3,28.53,28.63,28.67,29.5,29.1
42005,77.17,76.91,76.32,75.93,75.56,72.14,67.45
42007,47.85,46.07,43.86,46.35,49.87,51.13,50.51
42009,68.26,68.46,68.7,67.74,66.61,62.33,57.0
42011,30.82,30.27,29.47,29.58,29.97,32.12,33.69
42013,57.62,60.36,63.31,64.86,66.16,63.93,61.27
42015,42.31,43.46,44.77,46.6,48.06,44.93,41.7
42017,9.71,10.26,11.02,11.22,11.3,10.33,9.49
42019,18.31,19.24,20.22,20.81,21.01,21.64,20.68
42021,71.12,71.75,72.3,72.73,73.17,72.75,71.48
42023,74.59,77.15,79.71,78.26,76.55,79.0,80.75
42025,68.26,66.02,63.29,60.47,57.61,59.39,60.91
42027,6.24,6.64,6.8,6.02,5.29,4.3,2.81
42029,1.97,2.11,2.24,2.41,2.6,2.98,2.99
42031,57.62,60.23,63.05,62.14,60.43,56.06,50.84
42033,58.42,63.58,69.21,73.53,78.0,78.25,78.15
42035,42.31,44.86,47.77,52.54,57.82,60.67,63.04
42037,13.72,15.98,18.85,23.29,27.5,30.02,31.71
42039,60.17,58.48,56.33,60.49,65.56,67.53,68.49
42041,13.72,13.92,14.18,14.98,15.83,16.82,17.06
42043,29.96,29.92,29.74,27.89,25.81,25.12,23.74
42045,16.71,17.1,17.43,17.38,17.55,17.13,15.84
42047,45.78,52.69,60.34,58.88,55.88,54.53,52.46
42049,46.74,47.06,47.37,47.91,48.36,48.83,49.15
42051,75.96,74.14,72.0,74.72,78.33,79.89,80.25
42053,99.3,99.92,100.37,99.63,99.07,98.56,97.22
42055,19.8,21.4,23.2,29.27,35.99,40.34,44.0
42057,48.93,51.39,54.43,56.19,57.14,56.46,55.09
42059,77.17,79.46,82.15,81.96,80.36,79.41,77.12
42061,54.76,56.37,58.04,59.15,60.38,58.86,56.72
42063,34.89,37.19,39.64,43.3,47.24,51.06,53.99
42065,55.71,56.09,56.0,55.76,56.16,55.01,52.89
42067,42.31,39.87,37.04,36.27,36.08,33.31,29.86
42069,48.93,48.9,49.02,49.71,50.47,50.64,50.74
42071,14.45,15.33,16.27,17.25,18.3,17.12,15.05
42073,44.03,49.34,55.75,61.73,67.2,67.25,65.6
42075,20.89,23.18,25.9,26.6,27.02,28.2,28.89
42077,37.03,36.45,35.83,34.77,33.34,30.22,26.84
42079,52.66,52.63,52.7,52.05,51.17,51.45,51.33
42081,46.74,48.1,49.65,50.69,51.36,51.96,52.39
42083,69.79,70.49,71.02,71.99,73.27,75.15,76.08
42085,59.22,59.0,58.67,61.3,64.34,68.72,71.92
42087,69.02,68.36,67.5,63.43,58.53,51.47,43.87
42089,36.01,38.14,40.57,43.77,47.31,45.06,42.36
42091,5.48,6.05,6.66,6.71,6.6,6.88,6.5
42093,34.16,31.51,28.32,31.6,36.41,35.77,34.5
42095,26.52,25.2,23.48,22.54,21.88,20.42,18.81
42097,56.73,56.97,57.38,59.19,60.85,62.19,62.73
42099,27.19,28.17,29.43,32.13,35.15,34.32,32.55
42101,53.68,54.56,55.43,56.25,57.16,58.29,58.93
42103,52.66,56.75,61.54,63.71,65.11,63.81,62.3
42105,72.62,72.14,71.27,74.92,79.49,77.45,74.67
42107,70.49,70.26,70.04,69.07,67.93,69.05,69.65
42109,22.32,21.39,20.34,19.36,18.1,22.08,25.48
42111,60.17,59.96,59.5,59.37,59.2,59.87,59.84
42113,87.33,85.62,83.71,81.68,79.42,74.49,69.35
42115,65.87,64.4,62.51,62.26,62.46,59.47,56.61
42117,55.71,56.78,57.87,61.26,64.7,67.29,69.5
42119,28.18,27.27,26.22,25.69,24.82,27.25,28.97
42121,65.27,66.47,67.76,71.85,76.35,77.62,78.06
42123,69.02,69.17,69.13,66.87,64.28,58.56,52.28
42125,43.11,43.04,43.03,42.55,41.76,42.7,42.61
42127,69.79,69.22,68.45,69.12,69.97,72.71,75.45
42129,43.11,43.5,43.98,45.9,47.82,47.82,46.95
42131,46.74,43.64,39.95,36.05,32.01,30.3,28.75
42133,25.25,27.08,28.96,29.94,30.76,31.39,31.26
44001,19.8,18.58,17.09,14.91,12.3,9.09,5.71
44003,38.78,40.77,43.2,46.32,49.66,48.19,46.04
44005,19.8,20.4,21.03,22.18,23.51,20.21,16.36
44007,32.51,31.43,29.99,31.06,32.76,33.58,33.71
44009,8.63,10.48,12.54,13.33,13.91,12.65,10.92
45001,81.95,84.13,86.55,86.47,85.54,71.85,58.22
45003,38.78,38.47,38.12,35.8,33.02,36.35,38.84
45005,96.91,96.15,96.04,94.34,92.66,96.32,98.85
45007,58.42,58.21,57.69,57.29,56.75,56.76,56.33
45009,93.92,92.05,90.09,87.21,84.91,80.0,73.99
45011,92.96,93.36,94.09,93.86,93.77,91.93,88.68
45013,21.46,23.02,24.69,26.32,28.25,27.85,25.31
45015,27.19,29.37,31.98,33.7,35.62,35.2,33.75
45017,71.12,75.48,80.48,75.38,68.77,73.58,77.98
45019,11.46,12.16,12.92,11.75,10.47,9.95,7.76
45021,77.17,74.05,70.6,68.76,67.38,60.93,54.27
45023,65.27,67.72,70.87,73.39,75.56,72.07,68.47
45025,56.73,55.85,55.0,60.03,66.43,68.18,70.11
45027,92.36,93.59,94.66,94.56,94.9,93.53,92.29
45029,78.16,71.24,63.22,49.55,35.34,34.52,32.45
45031,72.62,73.76,75.24,75.99,76.49,75.63,74.58
45033,76.5,80.17,84.69,80.33,74.05,66.05,57.74
45035,16.71,18.43,20.38,20.8,21.47,24.48,25.87
45037,46.74,48.98,51.83,56.31,61.06,59.27,57.16
45039,82.74,80.94,78.78,79.76,80.82,73.22,65.35
45041,60.94,58.94,56.39,54.84,53.69,43.75,33.18
45043,51.74,52.41,53.03,54.64,56.62,57.2,56.73
45045,16.71,17.68,19.0,20.36,21.39,21.86,22.07
45047,51.74,51.55,51.26,53.53,56.23,47.35,38.52
45049,75.33,66.4,56.22,43.84,31.41,46.46,60.48
45051,53.68,56.15,58.89,59.83,60.59,61.68,62.23
45053,50.08,51.41,53.41,51.54,49.1,46.7,42.28
45055,52.66,50.28,47.31,51.45,56.92,61.3,65.57
45057,43.11,41.09,38.76,36.53,34.12,33.29,32.53
45059,84.75,82.87,80.72,81.23,82.08,75.05,67.98
45061,90.19,90.26,90.25,89.66,88.91,82.84,76.15
45063,18.94,21.35,24.18,27.02,29.8,31.8,33.41
45065,84.24,86.6,89.36,90.96,91.79,87.19,82.36
45067,73.96,73.82,73.44,71.87,70.71,61.99,52.67
45069,87.33,87.36,87.54,87.49,87.7,86.63,85.6
45071,39.83,40.29,41.15,42.42,42.91,45.83,48.58
45073,80.01,82.04,84.38,86.75,88.78,86.54,83.88
45075,67.62,68.39,69.16,63.0,56.61,47.05,36.86
45077,41.45,40.89,40.27,41.69,43.33,42.93,42.43
45079,16.71,17.33,18.02,21.82,26.33,30.18,33.64
45081,50.08,44.73,38.23,38.57,40.04,41.16,42.51
45083,52.66,51.81,51.01,49.47,47.31,45.5,43.09
45085,73.96,78.16,83.0,82.19,80.24,72.85,65.36
45087,88.16,85.28,81.95,82.31,83.3,83.69,83.76
45089,86.44,85.17,83.7,82.68,81.96,81.38,80.36
45091,16.71,15.79,15.01,12.38,9.24,8.19,7.19
46003,19.8,25.36,32.02,29.57,25.98,24.75,24.06
46005,36.01,30.38,24.75,18.81,12.9,14.87,16.41
46007,27.19,29.0,30.64,25.65,20.48,18.41,17.54
46009,28.84,30.71,32.89,28.92,23.92,23.62,23.21
46011,7.9,7.78,8.13,5.96,3.43,3.9,3.58
46013,7.45,7.57,7.93,9.65,12.1,11.41,10.68
46015,66.92,61.29,55.08,52.67,51.34,49.69,48.94
46017,70.49,67.72,65.19,61.08,56.26,54.98,54.09
46019,54.76,51.49,47.83,50.8,54.52,47.03,39.48
46021,43.11,36.89,29.67,27.71,27.91,27.43,27.64
46023,42.31,45.06,48.05,45.53,43.46,33.28,23.3
46025,63.67,64.3,65.54,47.99,27.73,19.15,10.17
46027,5.76,5.74,5.57,7.34,9.1,9.26,8.46
46029,36.01,30.66,24.94,25.44,28.38,30.12,31.53
46031,23.72,23.4,23.24,19.04,14.25,10.87,8.54
46033,47.85,48.65,49.37,50.7,52.66,56.7,60.69
46035,47.85,52.39,57.51,48.6,38.25,33.59,28.81
46037,43.11,41.41,39.86,27.51,13.46,12.77,12.04
46039,56.73,48.55,39.4,29.74,19.79,19.33,18.17
46041,22.32,17.35,11.69,8.23,5.51,4.96,5.35
46043,34.16,37.37,40.58,32.58,23.85,18.92,14.47
46045,9.11,14.83,21.72,15.21,6.96,6.14,5.56
46047,89.62,89.72,89.62,84.49,78.8,79.38,79.82
46049,48.93,44.62,39.85,35.27,31.4,31.34,31.65
46051,33.4,33.14,33.32,29.31,24.49,21.97,18.43
46053,68.26,62.45,56.26,42.57,28.19,19.73,12.28
46055,68.26,55.98,42.23,47.47,55.83,40.0,24.66
46057,26.52,22.33,17.78,11.11,4.87,2.95,0.5
46059,37.89,31.53,24.91,25.25,26.34,32.88,39.73
46061,16.71,19.59,22.18,20.17,19.87,14.89,9.82
46063,3.09,3.43,3.59,2.6,1.7,1.39,1.67
46065,10.32,9.47,9.22,12.81,17.11,21.83,27.5
46067,44.03,49.32,55.0,51.13,46.61,37.05,27.74
46069,9.11,8.21,7.68,6.29,4.65,4.35,5.01
46071,16.05,25.32,36.73,30.63,21.47,13.24,5.85
46073,48.93,34.97,18.9,17.64,19.85,34.66,49.26
46075,79.53,56.66,31.07,17.04,5.24,2.88,1.43
46077,25.25,29.47,34.69,27.13,18.18,16.09,13.05
46079,21.46,19.73,17.37,15.56,14.95,22.76,29.52
46081,45.78,45.46,45.59,49.08,52.74,48.98,45.36
46083,0.38,0.75,0.84,0.65,0.62,0.7,0.15
46085,12.61,12.74,13.71,11.31,8.17,17.51,27.73
46087,18.94,24.0,29.43,21.09,10.97,9.2,7.18
46089,65.87,67.87,70.02,66.7,63.87,50.87,37.67
46091,9.11,6.73,4.21,6.81,10.49,13.38,15.78
46093,34.16,35.44,36.9,30.85,23.49,22.89,23.15
46095,55.71,50.75,46.77,31.22,13.43,7.38,1.98
46097,19.8,25.64,32.16,29.15,25.71,39.03,51.84
46099,9.11,9.39,9.68,8.92,8.03,8.45,8.01
46101,20.89,16.9,12.29,12.11,12.94,20.16,26.58
46102,0.0,0.59,0.75,0.22,0.09,-0.07,0.64
46103,34.89,36.21,37.87,35.88,33.88,36.29,39.05
46105,48.93,56.33,65.13,56.77,45.94,42.59,39.95
46107,60.94,60.58,60.2,45.15,28.64,24.74,22.09
46109,25.25,22.68,19.55,15.6,12.31,9.68,5.86
46111,38.78,37.3,35.95,27.62,18.38,23.98,29.1
46115,64.37,53.65,41.92,32.93,25.02,19.64,13.77
46117,3.57,2.12,1.24,2.37,3.12,15.52,28.85
46119,15.09,14.03,12.92,8.08,3.1,6.41,10.62
46121,72.62,57.99,41.95,23.38,5.25,1.65,-1.6
46123,19.8,16.83,14.64,9.46,4.37,3.17,2.27
46125,24.45,26.71,29.15,29.64,30.43,26.69,23.01
46127,7.45,9.6,12.14,10.54,8.01,11.43,14.15
46129,41.45,44.94,49.44,42.3,33.76,43.77,54.57
46135,31.65,29.65,27.2,33.42,41.39,40.2,38.5
46137,8.25,8.02,8.21,9.55,10.74,9.52,8.94
47001,77.17,76.7,76.35,76.34,76.49,79.93,83.93
47003,48.93,51.32,54.48,54.68,54.24,51.23,47.24
47005,94.49,95.88,97.01,97.64,98.52,98.08,96.74
47007,97.55,97.87,98.25,98.24,98.37,98.7,99.29
47009,54.76,52.46,49.67,45.41,41.1,37.2,33.5
47011,76.5,72.68,68.75,69.09,69.78,70.92,72.32
47013,90.51,92.05,93.87,95.46,96.77,97.98,99.24
47015,91.56,87.64,82.92,79.23,76.18,76.51,76.84
47017,83.79,84.87,85.88,88.32,90.91,89.26,86.65
47019,93.92,91.95,89.6,89.12,89.31,89.14,89.26
47021,52.66,49.13,44.66,40.89,37.37,42.43,46.25
47023,26.52,30.09,34.48,35.11,35.05,28.07,20.32
47025,92.36,90.5,88.3,88.26,88.41,90.53,92.48
47027,91.44,91.95,93.1,87.22,78.89,78.25,77.55
47029,92.04,92.55,93.18,94.16,94.61,93.69,92.46
47031,86.44,81.55,75.73,72.13,69.62,73.0,76.23
47033,80.64,81.92,83.37,81.72,78.73,72.05,65.03
47035,92.96,93.22,93.74,93.08,91.84,89.85,87.78
47037,16.71,17.47,18.34,17.42,16.18,15.83,14.36
47039,89.62,90.03,90.37,85.69,79.98,70.45,60.4
47041,72.62,73.7,75.09,68.36,59.61,65.08,70.29
47043,60.17,59.39,58.34,57.57,57.09,62.61,67.41
47045,69.79,72.01,74.44,77.0,79.56,78.01,75.73
47047,60.17,55.66,50.67,51.29,52.35,57.89,62.8
47049,96.75,95.56,94.32,94.89,95.33,95.52,95.85
47051,77.17,78.0,79.35,79.3,79.53,84.84,89.84
47053,63.67,65.13,66.6,72.05,78.29,80.16,81.16
47055,65.87,68.23,70.8,69.94,68.35,65.41,61.98
47057,88.98,89.63,90.55,92.39,94.31,95.03,95.44
47059,91.82,91.94,92.14,93.46,94.64,94.68,94.85
47061,98.5,98.3,98.12,97.55,96.93,96.92,97.0
47063,78.16,77.28,76.24,76.07,76.06,76.03,75.4
47065,41.45,38.95,36.34,36.19,36.23,39.54,43.04
47067,97.39,97.72,98.23,98.62,98.78,98.68,98.2
47069,75.96,74.6,73.49,75.75,78.31,82.25,85.5
47071,88.16,83.52,78.17,74.45,71.16,71.61,71.39
47073,91.44,91.63,91.67,92.14,92.45,91.95,91.53
47075,78.16,74.04,69.34,69.46,70.63,76.79,82.4
47077,62.56,64.66,67.1,69.99,73.41,71.32,68.95
47079,87.81,89.0,90.11,90.38,89.89,89.71,88.59
47081,90.19,89.93,89.6,86.58,83.41,75.81,67.43
47083,93.22,94.62,96.13,94.67,92.97,88.2,82.53
47085,73.96,79.66,86.37,88.27,89.55,86.42,81.88
47087,94.49,92.45,90.4,91.42,93.02,93.88,94.77
47089,83.79,82.87,81.69,82.25,82.86,84.34,85.39
47091,97.39,96.03,94.47,94.86,95.01,92.59,90.45
47093,27.19,26.75,26.41,24.31,21.99,20.28,19.0
47095,97.99,98.08,97.96,96.21,94.13,92.5,90.51
47097,93.7,93.27,92.73,92.19,91.45,91.35,90.51
47099,66.92,67.72,68.64,70.95,73.81,74.39,74.54
47101,81.95,81.49,80.98,77.77,74.25,73.79,72.92
47103,82.74,84.24,85.7,83.01,80.09,76.81,73.05
47105,63.67,61.46,59.18,54.56,48.92,39.64,30.84
47107,80.64,75.6,70.28,72.51,76.0,79.46,83.29
47109,85.8,84.47,83.11,81.46,79.61,76.53,72.4
47111,79.08,77.24,74.9,77.1,80.47,77.29,73.33
47113,54.76,53.54,52.02,48.76,45.19,45.25,44.94
47115,93.92,92.21,90.54,89.75,88.52,89.37,89.97
47117,62.56,58.28,53.1,54.42,57.92,56.03,53.95
47119,44.73,43.8,42.79,40.27,37.29,30.03,22.01
47121,98.89,96.45,94.08,89.08,82.57,80.59,78.94
47123,81.95,76.92,71.2,75.27,81.44,86.27,91.4
47125,29.96,31.15,32.68,36.17,40.09,45.35,49.25
47127,69.02,68.94,68.91,57.84,44.29,49.84,54.9
47129,94.08,93.43,92.76,91.81,90.75,92.14,93.7
47131,75.96,77.47,78.94,82.82,87.52,88.89,89.29
47133,65.87,58.81,50.58,51.11,53.16,58.76,64.34
47135,81.31,81.76,82.15,80.13,78.24,81.34,83.92
47137,81.95,82.72,84.03,86.67,88.47,92.01,95.57
47139,88.98,82.63,75.59,72.84,70.12,72.1,74.14
47141,41.45,38.03,34.22,37.48,42.45,42.49,41.91
47143,96.34,94.03,91.66,88.24,84.73,86.34,88.25
47145,92.36,89.97,87.26,85.22,83.42,80.56,77.89
47147,31.65,35.08,39.21,40.6,41.59,39.65,36.61
47149,5.16,5.74,6.73,7.79,9.17,9.98,10.2
47151,90.51,92.69,95.51,96.77,97.66,98.28,98.89
47153,85.8,88.7,92.42,93.06,92.83,91.94,91.18
47155,70.49,69.26,67.53,67.49,67.84,68.97,69.92
47157,26.52,25.04,23.29,22.81,22.67,23.65,23.83
47159,69.02,71.15,73.83,71.5,67.89,63.99,59.63
47161,85.8,87.29,88.73,88.06,86.92,83.67,79.36
47163,82.74,83.55,84.52,85.55,86.2,84.17,81.99
47165,23.02,24.68,26.58,29.75,33.71,35.12,35.72
47167,46.74,48.22,50.08,52.33,54.47,59.81,64.44
47169,69.79,68.3,66.34,67.9,70.44,64.09,56.95
47171,96.05,96.15,96.13,95.51,94.7,92.72,90.83
47173,69.02,70.24,71.81,74.17,76.53,79.73,82.99
47175,92.04,92.21,92.45,94.11,96.27,97.05,97.58
47177,77.17,76.84,76.56,79.34,83.04,84.24,85.42
47179,64.37,66.0,68.0,70.43,72.79,69.28,65.69
47181,88.67,86.59,84.34,84.16,84.58,83.75,82.55
47183,62.56,63.36,64.05,68.63,74.0,77.56,80.56
47185,80.01,81.21,82.91,82.82,81.91,76.5,70.84
47187,1.34,0.9,0.6,0.48,0.51,0.36,-0.69
47189,23.02,24.93,27.14,26.64,25.52,25.25,23.75
48001,29.96,26.31,22.28,27.31,33.22,39.13,45.71
48003,22.32,16.69,10.83,7.2,3.75,7.33,10.46
48005,80.64,81.92,83.25,79.65,75.02,75.0,74.35
48007,92.96,92.65,92.71,91.01,88.53,79.29,70.35
48009,50.08,47.45,44.64,47.89,51.7,52.13,51.97
48011,52.66,52.57,52.26,39.67,25.29,14.79,3.55
48013,33.4,25.15,16.08,16.8,18.88,16.61,15.04
48015,26.52,29.7,33.1,28.02,22.52,30.53,38.51
48017,22.32,31.3,40.95,35.86,28.81,22.28,14.63
48019,74.59,75.88,77.29,78.39,80.07,82.28,85.67
48021,30.82,33.99,37.83,35.29,31.97,31.71,32.07
48023,84.24,77.88,70.4,75.95,83.38,82.84,81.38
48025,73.96,65.96,57.33,59.36,62.86,61.27,59.99
48027,32.51,35.64,38.55,40.43,42.62,42.01,42.35
48029,32.51,32.16,32.02,33.46,34.96,37.44,40.56
48031,64.37,62.5,60.45,60.96,62.31,63.52,65.73
48033,27.19,40.57,56.19,73.69,90.6,86.83,82.93
48035,70.49,69.67,68.44,67.72,67.08,71.63,76.87
48037,51.74,48.25,44.33,37.08,28.43,22.82,17.32
48039,8.63,7.22,5.64,5.5,5.26,4.49,3.75
48041,3.76,2.32,1.24,1.41,1.41,2.34,2.91
48043,82.43,85.36,89.26,87.31,84.98,74.29,62.97
48045,23.02,16.75,9.07,10.32,14.32,36.82,58.41
48047,97.07,85.47,70.36,70.4,74.97,81.51,89.0
48049,31.65,34.42,37.14,37.33,36.58,51.52,67.16
48051,75.33,70.64,65.36,59.94,54.91,51.33,47.67
48053,79.08,79.63,80.08,77.33,74.01,71.6,70.08
48055,50.08,45.08,39.39,36.46,34.34,38.22,43.05
48057,79.08,74.23,68.7,68.44,68.8,58.38,48.94
48059,79.08,77.31,74.62,74.36,75.05,79.84,85.24
48061,32.51,30.08,27.19,24.04,21.43,19.74,18.2
48063,73.48,67.87,61.8,55.14,48.61,49.85,51.79
48065,15.09,16.1,16.77,13.64,10.98,7.93,4.72
48067,77.84,70.59,62.47,63.32,66.02,71.36,77.2
48069,8.63,8.8,8.61,9.57,11.37,10.52,8.79
48071,37.89,32.83,27.41,20.56,13.26,11.06,8.08
48073,39.83,38.51,37.1,32.52,26.7,20.99,15.44
48075,24.45,44.6,67.79,68.85,66.68,56.88,45.92
48077,85.8,82.42,78.38,76.41,74.59,75.53,75.96
48079,66.92,64.87,62.15,57.19,52.13,59.02,64.63
48081,71.76,71.97,72.4,71.32,69.11,68.79,68.46
48083,24.45,25.29,26.36,32.85,40.1,55.81,71.8
48085,0.45,0.46,0.38,0.21,0.23,0.23,1.35
48087,52.66,56.02,59.41,48.65,36.03,45.21,53.33
48089,38.78,40.92,43.12,38.82,33.99,29.5,25.51
48091,34.16,33.39,32.64,32.93,33.63,35.96,39.24
48093,71.76,74.2,76.74,78.27,79.45,78.7,78.61
48095,62.56,37.67,8.86,5.07,5.27,31.96,59.1
48097,45.78,45.3,44.31,41.22,37.89,33.47,29.89
48099,29.96,39.83,50.72,57.99,65.04,68.8,73.34
48101,88.67,87.52,85.28,81.97,79.36,83.4,86.44
48103,3.57,1.9,0.65,-0.12,-0.42,-0.06,0.17
48105,19.8,17.35,14.93,9.31,2.87,3.62,4.04
48107,69.79,68.17,66.32,70.05,74.8,75.56,75.86
48109,96.75,96.42,96.22,95.96,95.87,93.59,91.71
48111,24.45,29.02,34.13,30.24,24.79,29.13,32.84
48113,5.76,5.5,5.25,4.95,4.76,5.15,6.94
48115,39.83,47.51,56.44,65.77,74.48,78.55,82.03
48117,10.98,9.33,7.11,6.88,7.62,6.97,5.38
48119,53.68,60.2,67.98,71.54,75.12,80.1,85.93
48121,1.88,1.87,1.85,1.51,1.41,1.43,2.8
48123,62.56,63.17,64.37,61.75,58.95,60.05,62.12
48125,87.33,90.82,94.72,93.06,90.1,88.35,85.87
48127,78.16,85.43,93.9,93.45,92.09,85.87,80.09
48129,70.49,71.16,71.62,61.83,51.32,31.01,10.19
48131,98.15,97.54,97.48,97.75,97.67,93.81,90.51
48133,90.89,89.44,87.33,89.27,91.7,88.31,86.42
48135,36.01,30.77,25.56,21.32,16.74,13.13,8.77
48137,85.32,88.15,91.24,95.63,99.64,94.42,90.54
48139,25.25,22.49,19.29,16.91,15.04,15.99,17.92
48141,28.18,31.45,34.91,35.14,34.68,32.59,30.63
48143,15.09,12.27,8.95,13.07,18.53,22.57,27.9
48145,79.53,81.37,83.55,84.88,86.19,88.12,90.95
48147,68.26,65.34,61.53,55.14,48.67,49.05,50.27
48149,27.19,30.84,35.08,39.23,44.09,44.85,46.4
48151,61.64,59.62,57.15,62.7,70.05,69.73,68.98
48153,37.89,36.57,35.16,29.48,22.64,24.36,25.55
48155,99.17,97.61,95.82,91.68,86.56,79.58,71.01
48157,1.46,1.55,1.6,0.75,0.33,1.01,0.88
48159,90.89,90.14,89.64,81.81,72.76,63.62,55.19
48161,67.62,67.47,67.46,72.79,78.68,80.79,83.05
48163,71.12,70.24,69.47,61.28,51.71,55.26,58.98
48165,25.25,22.39,19.48,16.82,13.6,18.11,22.22
48167,25.25,26.46,28.2,29.46,30.38,27.92,25.13
48169,47.85,40.83,32.16,36.0,41.59,48.73,55.54
48171,68.26,58.89,47.93,38.8,30.19,26.79,24.23
48173,0.03,-0.71,-0.9,0.6,1.03,2.42,3.56
48175,86.44,84.81,83.39,75.04,65.31,61.4,57.96
48177,84.75,82.34,79.84,75.29,70.35,67.37,65.28
48179,50.08,51.61,53.1,58.21,65.32,54.44,43.53
48181,56.73,58.18,59.77,59.92,60.2,55.49,51.31
48183,43.11,42.99,43.29,42.75,41.98,38.13,34.63
48185,40.75,36.78,32.36,32.32,33.38,36.66,39.7
48187,25.25,23.14,21.01,20.66,20.41,22.48,25.09
48189,15.09,13.82,12.25,13.82,16.34,15.3,13.47
48191,68.26,76.67,85.65,83.88,82.31,80.95,78.54
48193,86.82,91.28,95.92,94.78,92.61,91.03,90.21
48195,15.09,17.62,20.27,27.22,35.53,32.15,27.96
48197,93.7,93.66,93.26,92.29,91.51,90.06,87.76
48199,57.62,51.53,45.02,44.54,45.04,51.31,56.63
48201,4.81,4.53,4.31,3.57,3.22,3.83,3.51
48203,34.89,29.42,23.05,19.37,16.38,27.89,39.33
48205,16.05,17.9,19.69,20.13,22.04,28.99,35.49
48207,95.7,97.89,99.92,97.96,95.87,90.58,85.15
48209,5.48,4.86,4.51,4.06,3.38,4.6,6.92
48211,8.63,5.59,2.32,11.39,21.73,43.02,64.14
48213,71.76,69.21,66.34,64.73,63.05,67.01,71.48
48215,34.16,32.22,30.15,28.48,27.0,25.78,25.29
48217,74.59,73.41,72.18,71.09,70.32,70.59,71.73
48219,37.03,37.73,38.59,43.04,47.9,46.17,44.05
48221,55.71,48.37,40.0,32.18,24.11,23.89,24.93
48223,65.27,66.9,68.47,65.88,63.39,57.96,53.57
48225,82.43,76.96,70.9,71.18,71.85,77.29,82.12
48227,71.76,65.45,58.25,58.37,58.99,58.86,58.54
48229,97.61,97.87,98.2,98.38,98.82,96.8,95.4
48231,65.87,64.81,63.31,58.85,54.34,50.51,47.73
48233,50.08,58.53,68.06,70.72,72.75,66.84,60.57
48235,15.09,11.9,8.83,13.53,18.53,20.31,22.27
48237,85.32,84.59,83.74,73.87,62.28,57.66,53.87
48239,54.76,60.18,66.71,70.11,72.5,72.9,74.12
48241,91.44,90.67,89.79,82.39,74.09,66.72,59.24
48243,98.98,90.75,81.68,67.36,52.82,53.9,54.43
48245,44.73,39.06,33.37,34.22,35.71,39.83,43.17
48247,90.51,91.91,93.88,96.16,97.93,94.69,92.66
48249,75.96,69.02,61.28,56.01,50.56,51.69,53.28
48251,14.45,14.2,14.18,11.91,9.07,9.63,11.34
48253,80.01,83.1,86.32,87.68,89.51,81.71,74.16
48255,89.62,82.65,75.5,62.2,47.26,37.9,29.12
48257,22.32,22.08,21.91,21.05,20.27,18.84,18.39
48259,28.18,36.77,47.07,41.51,32.57,28.2,24.95
48261,0.89,37.25,79.3,88.98,93.11,76.43,60.71
48263,88.98,93.07,97.5,98.65,99.49,85.29,70.48
48265,78.16,78.64,79.21,78.1,77.13,71.92,67.71
48267,71.76,76.11,81.15,85.5,89.51,88.39,88.08
48269,4.39,2.95,0.92,8.19,17.73,23.33,27.97
48271,59.22,44.33,27.07,52.95,84.94,92.71,101.45
48273,46.74,47.94,48.81,47.27,45.72,39.6,34.31
48275,79.08,80.01,81.08,84.49,88.23,85.42,82.26
48277,71.12,71.95,72.83,72.35,71.9,75.38,79.35
48279,30.82,35.08,39.77,44.91,50.74,55.25,58.82
48281,52.66,59.9,67.57,71.95,76.16,82.01,88.71
48283,85.8,87.38,89.14,80.57,71.27,58.71,46.51
48285,78.16,75.34,71.89,68.9,66.5,55.81,45.84
48287,58.42,56.17,53.7,44.15,33.87,26.67,19.61
48289,47.85,43.75,39.45,52.09,66.8,70.45,74.22
48291,73.96,71.95,69.83,67.81,65.72,63.82,60.47
48293,60.94,64.52,68.78,66.88,63.31,61.52,59.91
48295,19.8,19.88,20.47,29.88,39.65,56.02,72.0
48297,73.48,68.77,64.17,69.17,75.59,77.5,79.6
48299,96.05,95.87,95.72,96.0,96.28,96.34,97.08
48301,73.48,83.22,95.31,91.54,84.95,91.43,98.3
48303,37.89,39.47,41.41,40.05,37.19,31.48,25.51
48305,74.59,75.58,76.67,82.36,87.88,88.87,89.12
48307,60.94,64.6,69.63,75.94,81.18,80.91,81.14
48309,26.52,26.26,25.64,26.92,28.8,29.67,30.98
48311,96.75,96.04,95.79,91.46,86.12,71.41,57.2
48313,59.22,55.95,52.69,53.84,54.52,57.14,59.58
48315,94.08,92.96,92.28,91.48,89.87,91.35,93.08
48317,27.19,21.75,15.87,11.79,7.26,11.25,14.91
48319,60.94,57.51,53.58,55.6,58.45,53.02,47.98
48321,48.93,45.08,40.85,49.52,59.8,59.87,60.3
48323,66.92,63.72,60.34,56.35,51.08,40.09,29.93
48325,60.17,54.67,48.42,51.63,56.39,61.41,67.56
48327,94.49,94.31,95.05,94.66,92.58,94.59,97.34
48329,18.31,13.18,7.85,5.59,3.74,4.44,4.66
48331,89.62,88.88,88.21,81.02,73.01,61.82,50.96
48333,51.19,62.33,75.0,84.27,93.16,93.32,93.93
48335,65.87,62.17,58.23,58.25,57.59,55.99,54.65
48337,73.48,75.5,77.5,79.37,81.68,79.92,78.23
48339,11.97,11.08,10.12,8.4,6.86,6.7,5.62
48341,28.18,29.21,29.89,20.38,9.96,7.15,3.38
48343,94.97,89.73,84.47,81.48,78.77,79.03,79.18
48345,75.33,79.22,83.41,81.69,79.32,78.34,76.57
48347,38.78,42.61,46.91,53.24,60.52,63.56,67.12
48349,70.49,72.81,75.57,70.38,63.8,63.8,64.19
48351,88.16,91.77,96.11,93.32,89.56,77.33,64.68
48353,80.01,75.84,71.26,73.12,75.56,79.57,83.94
48355,46.74,42.15,36.71,33.52,30.82,27.45,24.73
48357,6.91,8.78,10.77,11.03,10.06,12.81,14.83
48359,54.76,52.54,49.89,39.82,29.05,17.89,5.86
48361,71.12,66.24,61.18,61.43,62.02,61.41,60.1
48363,66.92,68.97,71.74,72.3,72.35,70.69,70.21
48365,59.22,62.15,65.37,65.15,64.1,65.03,66.07
48367,27.19,25.62,23.8,22.63,21.98,21.04,21.55
48369,18.94,25.9,33.49,32.22,30.61,28.6,26.26
48371,20.89,19.92,19.4,17.34,15.37,13.78,12.43
48373,97.1,96.24,95.15,92.36,89.29,89.51,88.19
48375,18.31,18.66,18.9,16.53,14.75,16.04,16.34
48377,92.96,91.59,90.11,88.83,87.77,89.66,91.4
48379,75.33,78.44,82.23,78.81,74.38,76.43,79.75
48381,11.46,12.81,14.43,13.87,13.77,12.9,11.17
48383,9.71,7.58,5.47,4.71,4.13,2.32,0.48
48385,76.5,85.09,95.2,98.13,98.7,98.64,99.01
48387,92.96,90.39,87.74,81.06,73.45,69.75,66.62
48389,43.11,34.55,25.12,16.76,9.48,11.55,13.63
48391,91.82,90.85,90.26,91.38,92.31,89.37,86.68
48393,50.08,51.82,53.77,47.75,39.28,33.61,27.78
48395,59.22,53.25,46.57,41.85,37.34,42.61,48.11
48397,1.69,1.9,2.22,1.96,1.94,1.5,2.63
48399,15.09,22.54,31.94,36.08,38.46,54.71,71.57
48401,53.68,54.28,54.95,55.61,56.5,52.67,48.82
48403,92.68,92.48,92.54,94.58,96.96,98.68,100.34
48405,98.31,98.55,98.63,98.75,98.72,98.63,98.73
48407,75.96,77.9,80.4,83.99,87.96,86.21,82.93
48409,55.71,49.99,43.69,43.73,44.83,53.21,62.26
48411,73.48,68.84,62.87,61.83,61.89,66.3,71.18
48413,24.45,16.88,8.69,6.58,4.79,4.34,4.11
48415,44.03,40.51,36.43,37.52,38.63,40.48,42.26
48417,39.83,53.71,69.64,73.74,75.52,77.28,80.02
48419,57.62,63.32,69.85,74.03,77.63,73.19,68.95
48421,57.62,60.08,62.58,59.09,55.17,50.91,45.91
48423,33.4,31.49,29.42,29.35,29.73,27.92,27.49
48425,19.8,17.51,15.42,15.75,16.44,24.78,34.28
48427,82.74,77.56,71.87,70.85,70.11,64.39,60.54
48429,52.66,56.78,61.04,70.58,81.61,82.77,85.39
48431,18.31,15.18,11.89,31.25,53.67,33.07,12.6
48433,74.59,82.49,91.44,87.1,80.03,64.65,48.78
48435,5.76,3.95,2.39,4.28,6.31,4.58,2.82
48437,61.64,66.01,71.26,70.35,68.1,66.33,63.59
48439,8.25,8.17,8.17,7.73,7.29,7.0,7.79
48441,61.64,60.53,58.85,54.96,50.57,48.65,47.23
48443,84.75,77.27,69.07,57.66,46.33,63.82,81.64
48445,64.37,59.67,54.2,59.02,65.35,59.03,52.14
48447,74.59,80.53,87.25,87.16,85.38,81.99,79.04
48449,58.42,52.06,45.18,39.51,34.7,33.16,32.28
48451,40.75,38.32,36.21,36.23,35.14,37.06,39.13
48453,3.76,3.51,3.0,2.35,1.87,2.15,2.97
48455,97.33,97.59,98.18,98.64,98.73,98.68,97.58
48457,94.49,94.43,94.51,94.99,95.89,95.93,95.61
48459,79.53,76.45,73.33,69.37,65.31,68.16,72.1
48461,22.32,22.43,23.0,14.26,4.06,2.65,1.13
48463,41.45,36.64,31.07,36.77,43.46,57.79,72.17
48465,15.09,20.37,26.91,36.62,44.41,49.86,56.55
48467,74.59,72.68,70.49,70.45,71.24,65.33,60.43
48469,51.19,49.24,47.05,45.67,44.88,45.28,46.37
48471,8.63,6.73,4.79,4.01,2.98,3.91,4.05
48473,28.18,32.25,36.99,26.64,13.93,12.98,11.17
48475,60.17,47.52,33.82,25.93,18.86,13.75,7.86
48477,43.11,43.5,44.01,45.27,47.38,41.59,36.01
48479,26.52,23.17,19.38,17.37,15.94,16.01,18.27
48481,47.85,46.9,45.68,43.03,40.05,38.33,36.7
48483,53.68,51.7,49.55,49.97,50.6,52.13,52.74
48485,41.45,44.18,47.84,54.08,59.82,60.48,60.05
48487,83.79,82.43,81.11,86.28,91.82,92.49,92.05
48489,69.79,71.81,73.44,67.27,60.88,54.34,48.74
48491,5.16,5.02,4.71,4.56,4.9,5.65,6.73
48493,31.65,25.89,19.9,19.37,19.53,21.15,23.44
48495,51.74,40.58,28.34,20.54,13.86,10.67,7.49
48497,52.66,56.75,61.41,62.58,63.4,58.02,53.7
48499,90.19,90.3,90.62,88.64,86.73,85.44,85.77
48501,25.25,19.41,13.05,9.42,6.11,7.68,9.1
48503,65.87,59.92,52.98,50.07,48.25,37.61,27.72
48505,53.68,54.85,56.46,60.74,64.96,64.19,65.59
48507,93.47,94.85,96.26,95.24,93.93,84.41,75.32
49001,14.45,14.44,13.85,17.87,23.05,24.3,25.94
49003,21.46,23.98,26.53,25.27,23.83,22.26,20.46
49005,1.97,2.76,3.5,2.54,1.82,3.15,4.7
49007,63.67,57.32,50.0,47.86,46.65,48.27,51.43
49009,65.27,46.31,25.18,14.55,4.91,2.33,0.55
49011,3.57,4.11,4.82,4.57,4.22,3.67,3.21
49013,5.76,8.63,12.31,16.8,20.93,25.73,31.51
49015,45.78,48.6,51.98,52.05,51.4,46.91,43.86
49017,38.78,43.14,47.48,43.73,39.52,48.46,57.94
49019,16.05,17.15,18.35,20.46,22.43,17.65,13.37
49021,16.05,14.53,12.62,11.51,10.62,13.56,16.75
49023,10.98,10.91,10.72,10.54,10.32,17.26,24.45
49025,53.68,55.4,57.17,48.17,38.44,53.56,69.17
49027,12.61,15.72,18.97,17.6,15.71,24.46,33.89
49029,3.09,2.14,1.04,0.85,0.76,0.99,1.27
49031,58.42,71.12,85.24,91.68,96.86,98.25,99.98
49033,45.78,40.07,33.61,23.86,13.52,37.29,61.31
49035,4.11,4.16,4.11,4.11,4.14,4.3,4.32
49037,57.62,55.69,53.36,55.49,58.07,62.45,67.3
49039,11.97,14.25,16.72,18.82,20.95,19.6,18.98
49041,19.8,21.92,23.52,27.81,32.88,40.69,49.07
49043,0.1,0.08,0.0,0.24,0.33,0.08,-0.19
49045,11.46,11.13,10.7,10.43,10.29,11.34,12.55
49047,9.71,9.49,9.97,10.44,10.2,14.37,18.97
49049,1.15,1.11,1.07,1.15,1.18,1.83,2.3
49051,1.24,1.06,1.02,1.5,1.68,1.56,1.79
49053,23.72,25.05,26.46,26.35,26.03,24.04,22.27
49055,3.57,7.22,10.73,16.59,22.93,31.98,41.7
49057,12.61,13.0,13.4,13.66,14.11,13.44,12.53
50001,28.18,32.74,37.53,40.45,43.31,45.39,47.6
50003,60.94,62.31,63.89,65.78,67.55,66.77,65.69
50005,79.53,80.14,80.74,78.41,75.39,69.71,64.42
50007,9.11,11.19,13.18,14.49,15.74,15.7,16.22
50009,87.33,84.16,80.4,78.89,77.81,80.0,82.12
50011,28.84,25.83,22.25,21.6,21.93,23.58,25.74
50013,18.94,19.24,19.34,15.47,10.81,11.34,12.2
50015,16.71,16.89,17.04,17.8,18.56,22.95,27.66
50017,48.93,55.82,63.75,64.37,63.56,56.15,47.87
50019,53.68,54.84,56.45,57.6,58.65,59.71,61.18
50021,48.93,50.86,52.81,54.45,56.15,52.84,49.52
50023,15.09,15.92,16.36,21.0,26.95,27.11,27.56
50025,56.73,56.13,55.28,56.59,58.09,60.17,61.93
50027,58.42,57.81,56.77,56.55,56.61,50.98,45.04
51001,22.32,22.45,22.5,24.3,27.13,28.81,30.38
51003,6.91,5.58,3.96,3.02,2.95,3.41,4.12
51005,78.16,79.34,80.43,76.56,72.88,68.65,64.07
51007,42.31,38.06,32.6,32.29,33.28,37.03,41.01
51009,42.31,40.89,39.81,41.74,43.3,45.56,48.08
51011,73.48,67.53,60.85,60.88,61.86,58.71,55.19
51013,0.1,0.15,0.18,0.31,0.43,0.31,-0.83
51015,30.82,32.51,34.63,31.52,27.16,27.72,28.2
51017,54.76,60.03,66.35,64.48,61.32,50.88,39.97
51019,33.4,35.83,38.83,38.62,37.15,33.6,30.47
51021,87.33,78.61,68.58,69.71,73.27,73.69,74.97
51023,34.89,36.01,37.2,38.79,42.09,32.77,23.52
51025,69.79,72.89,76.54,77.67,79.94,80.35,81.25
51027,98.44,97.07,95.61,96.19,97.08,98.13,99.65
51029,71.12,68.41,65.29,65.5,66.62,63.51,60.37
51031,44.73,43.84,43.07,45.87,49.08,44.79,40.54
51033,44.03,37.99,30.87,26.23,21.34,22.38,22.51
51035,81.95,79.7,76.85,74.96,73.55,72.98,73.16
51036,55.71,54.07,51.73,54.9,59.95,65.92,71.71
51037,88.67,88.44,88.29,88.04,87.18,85.94,84.58
51041,6.24,7.31,8.39,8.19,8.29,11.39,14.32
51043,12.61,12.66,12.4,12.01,11.42,15.43,18.72
51045,84.75,88.25,92.29,82.96,71.54,63.55,55.91
51047,13.34,12.98,12.34,14.15,15.48,19.57,23.3
51049,65.87,69.47,73.97,73.28,70.57,62.99,55.19
51051,98.73,98.43,97.83,97.92,97.93,98.43,99.23
51053,68.26,64.64,59.99,53.6,47.51,44.83,42.14
51057,44.73,31.25,15.87,19.85,27.82,38.83,49.17
51059,0.45,0.38,0.31,0.53,0.6,0.53,-0.43
51061,13.34,11.62,9.61,8.77,7.48,6.44,4.71
51063,37.03,37.23,37.42,34.67,31.58,30.19,29.23
51065,27.19,29.53,32.13,29.75,26.24,25.42,24.3
51067,51.74,49.97,47.92,46.52,45.81,45.74,46.0
51069,17.54,17.58,17.49,17.84,18.36,19.13,19.06
51071,87.81,84.74,81.24,73.65,64.92,49.24,33.91
51073,34.89,39.46,44.6,51.94,59.66,61.01,61.64
51075,8.63,13.74,19.73,21.7,22.74,22.12,20.89
51077,84.75,80.3,75.0,76.24,78.74,78.21,78.47
51079,25.25,30.38,36.33,35.94,34.1,32.78,31.67
51081,79.08,78.94,78.84,66.44,54.51,55.1,56.0
51083,69.02,69.68,70.54,71.0,71.6,77.24,82.92
51085,8.25,6.98,5.53,5.52,5.56,7.16,7.97
51087,9.11,9.61,10.14,10.51,10.96,12.1,12.89
51089,78.16,77.97,78.15,80.06,82.41,86.49,91.38
51091,67.62,70.97,74.74,76.81,79.51,83.44,86.9
51093,23.72,20.29,16.41,26.07,37.25,42.22,46.71
51095,7.9,11.42,15.46,21.02,25.97,26.21,26.23
51097,9.11,12.44,17.21,26.26,34.9,31.85,27.91
51099,16.71,15.34,14.14,12.06,9.4,9.25,8.34
51101,12.61,9.85,6.93,9.92,13.34,15.04,15.95
51103,60.17,58.9,57.56,58.65,60.44,62.6,63.85
51105,98.85,98.37,97.73,97.7,97.93,97.95,97.28
51107,0.1,0.14,0.21,0.36,0.4,0.24,-0.84
51109,41.45,46.34,51.79,56.1,60.04,60.71,60.51
51111,78.16,81.26,84.95,86.4,87.24,86.23,85.5
51113,19.8,22.69,25.74,26.78,27.01,27.89,28.3
51115,31.65,35.99,40.69,45.62,50.95,60.81,69.83
51117,79.53,81.35,83.6,84.07,84.48,82.69,81.02
51119,58.42,60.52,63.02,59.8,54.28,56.19,57.25
51121,5.16,5.44,5.86,5.08,5.0,5.91,7.04
51125,43.11,40.85,38.6,34.62,29.84,29.99,30.31
51127,5.16,6.89,9.02,9.61,8.8,7.31,5.67
51131,28.84,33.53,38.55,37.08,34.4,50.24,65.4
51133,53.68,49.54,45.11,43.12,41.29,39.25,36.61
51135,69.02,69.96,71.16,74.81,78.95,81.44,84.13
51137,36.01,36.42,36.7,45.66,56.56,58.1,59.06
51139,66.92,70.21,73.64,76.98,80.56,80.06,78.86
51141,87.33,83.67,79.42,75.38,71.38,73.24,75.61
51143,70.49,68.38,65.97,65.8,66.38,68.76,71.17
51145,3.76,5.39,7.14,9.57,12.6,14.24,15.37
51147,39.83,36.04,31.51,33.98,37.85,42.71,47.4
51149,37.89,38.2,38.24,37.54,37.61,34.67,31.77
51153,0.83,0.66,0.52,0.85,1.03,1.08,0.26
51155,70.49,68.79,66.93,69.76,73.84,76.11,79.38
51157,24.45,23.34,21.58,31.33,44.03,46.03,47.38
51159,74.59,59.39,42.02,33.38,25.41,32.99,40.08
51161,15.09,15.93,16.8,13.02,9.91,6.92,4.09
51163,68.26,61.59,54.67,49.76,43.78,46.21,48.16
51165,25.25,26.72,28.15,26.92,25.44,23.26,21.02
51167,97.84,96.17,94.14,95.47,96.95,97.53,98.65
51169,94.08,94.29,94.19,95.65,97.2,97.55,97.52
51171,31.65,36.76,42.44,42.74,42.46,46.31,49.34
51173,86.82,86.49,86.36,90.81,95.17,95.96,97.29
51175,57.62,56.42,55.61,55.03,52.85,55.77,58.39
51177,12.61,12.74,13.14,15.59,17.39,16.17,14.42
51179,1.46,1.61,2.09,3.09,3.46,2.98,2.0
51181,53.68,49.3,43.88,50.35,58.55,61.28,63.92
51183,80.64,79.74,78.94,75.21,70.77,70.19,69.52
51185,97.84,96.45,95.26,93.74,91.39,89.99,89.17
51187,23.72,28.41,33.67,36.01,37.19,37.99,38.01
51191,71.76,71.32,70.98,76.93,83.62,85.19,86.94
51193,61.64,60.48,60.19,54.36,45.96,48.21,49.85
51195,95.7,98.11,100.92,103.61,105.92,104.21,102.0
51197,71.76,72.04,72.87,75.22,76.78,75.99,75.96
51199,6.24,8.33,10.5,15.64,20.01,17.84,15.06
51510,0.32,0.37,0.47,0.64,0.64,0.75,-0.12
51520,88.67,88.6,88.51,91.83,95.36,94.42,93.37
51530,64.37,51.94,37.27,38.6,44.39,47.78,50.92
51540,4.52,4.11,3.53,3.05,2.89,2.99,3.37
51550,7.45,7.2,7.05,9.2,10.91,12.12,13.01
51570,45.78,51.66,58.6,57.07,53.35,51.59,49.75
51580,85.8,86.67,87.27,79.95,71.68,50.8,29.67
51590,83.22,82.82,82.49,80.22,77.8,79.2,80.79
51595,88.67,89.76,91.13,70.37,44.92,38.75,32.77
51600,1.69,1.45,1.27,1.21,1.12,0.82,-0.35
51610,0.67,0.55,0.36,0.36,0.37,0.44,-0.66
51620,37.89,28.46,17.47,22.7,31.38,45.3,58.86
51630,8.25,6.95,5.62,10.2,16.25,18.22,19.61
51640,79.53,85.1,92.01,94.88,95.76,92.06,89.19
51650,17.54,22.07,27.38,36.72,45.36,47.97,50.48
51660,0.67,1.15,1.37,0.88,1.23,2.09,3.0
51670,59.22,66.84,75.93,78.9,80.25,75.55,70.8
51678,10.32,12.34,15.13,19.66,23.74,24.55,24.86
51680,23.72,23.18,22.89,24.39,25.34,25.31,25.37
51683,2.9,2.13,1.34,1.43,1.4,0.93,-0.66
51685,1.88,1.54,1.15,2.43,4.1,4.15,3.03
51690,88.16,85.83,83.3,81.72,80.18,84.53,89.67
51700,21.46,24.2,27.29,37.75,48.72,48.94,48.92
51710,25.25,23.84,22.01,24.6,27.34,29.94,32.25
51720,44.73,53.62,63.59,74.16,85.08,88.92,92.25
51730,86.82,87.01,86.9,85.2,84.35,85.06,85.7
51735,12.61,12.89,12.77,18.87,25.75,24.45,22.83
51740,41.45,37.79,33.46,36.79,41.12,42.22,42.89
51750,22.32,23.35,24.77,23.2,20.91,18.17,15.9
51760,52.66,52.41,51.99,49.83,47.16,44.92,42.29
51770,63.67,64.79,66.17,58.35,48.63,35.94,23.51
51775,31.65,31.22,30.51,23.54,16.45,12.34,8.48
51790,60.94,59.86,58.67,54.25,49.73,47.11,44.36
51800,14.45,14.14,14.15,19.16,23.14,20.88,18.63
51810,7.9,8.32,8.64,9.98,11.25,12.9,13.96
51820,50.08,47.87,45.31,43.06,41.65,50.01,58.64
51830,1.15,2.86,4.56,8.51,12.07,10.32,8.23
51840,29.96,32.39,34.98,37.85,40.87,45.28,48.96
53001,6.91,6.86,6.57,9.51,13.19,15.05,14.05
53003,77.84,77.77,77.65,77.84,78.36,77.17,73.93
53005,20.89,23.91,27.1,31.54,35.95,36.96,35.0
53007,17.54,18.24,18.67,25.88,34.16,44.69,52.76
53009,86.44,85.34,84.22,83.08,82.07,82.91,83.04
53011,25.25,24.68,23.92,21.77,19.81,19.09,16.89
53013,83.22,83.65,84.08,87.87,92.48,89.79,84.64
53015,83.22,83.58,83.72,84.43,85.59,83.7,80.18
53017,59.22,62.41,65.85,72.35,78.6,81.34,81.93
53019,94.49,95.73,97.06,97.09,97.2,98.19,97.13
53021,2.74,4.99,7.19,10.14,13.22,16.63,17.51
53023,93.47,88.73,83.0,79.33,75.76,80.17,82.03
53025,16.71,19.14,21.74,21.57,20.62,21.77,20.65
53027,81.31,79.67,77.77,79.25,81.25,82.02,81.56
53029,37.03,41.06,45.78,47.59,48.78,49.17,48.31
53031,71.12,67.92,64.07,63.77,64.62,68.32,70.95
53033,6.24,6.03,5.68,5.04,4.58,4.93,3.95
53035,48.93,50.44,52.25,50.6,48.4,46.02,42.29
53037,26.52,27.39,28.43,29.58,30.44,30.02,27.92
53039,82.43,80.13,77.47,76.37,75.41,62.38,47.44
53041,88.16,87.63,87.14,85.99,84.74,82.35,78.5
53043,80.01,81.38,82.79,81.85,80.52,78.61,74.04
53045,87.81,87.99,88.15,87.02,85.64,82.92,79.13
53047,65.27,66.1,66.9,67.7,68.54,69.85,68.52
53049,98.69,98.69,98.66,98.71,98.62,96.75,93.5
53051,92.04,91.31,90.37,85.2,79.79,78.13,73.84
53053,31.65,31.66,31.45,30.36,29.29,27.91,25.32
53055,23.02,24.44,25.85,22.67,18.99,15.71,10.87
53057,38.78,39.77,40.64,42.39,44.79,41.77,37.18
53059,59.22,52.96,45.81,38.48,31.34,33.14,33.3
53061,16.05,17.21,18.44,17.56,16.35,16.09,14.04
53063,42.31,44.05,46.01,45.47,44.59,42.13,36.81
53065,78.16,78.46,78.78,78.44,78.46,80.04,79.06
53067,23.72,24.79,26.11,25.98,25.57,27.38,27.87
53069,97.36,96.76,95.82,95.11,94.57,94.25,92.71
53071,39.83,45.29,51.31,50.49,48.32,48.31,46.41
53073,28.84,30.54,32.29,30.04,27.51,26.85,24.65
53075,5.16,8.23,11.82,14.67,17.56,17.69,15.66
53077,25.25,25.14,24.96,25.47,25.94,26.81,25.11
54001,84.24,85.08,85.99,78.3,69.2,62.79,55.23
54003,31.65,32.66,34.07,39.45,45.28,42.23,38.31
54005,99.27,99.22,99.29,99.05,98.93,98.21,97.48
54007,83.79,80.79,77.22,77.39,78.81,80.87,82.74
54009,52.66,53.72,55.07,55.96,56.92,59.71,60.35
54011,83.79,82.89,81.85,79.79,77.41,75.22,72.75
54013,91.12,92.83,95.02,96.33,97.38,96.62,95.15
54015,92.68,94.41,96.53,97.94,99.03,99.12,99.21
54017,37.03,54.99,76.18,82.26,85.02,77.55,68.5
54019,97.99,98.04,98.21,98.24,98.21,98.1,98.3
54021,78.16,78.28,78.12,73.62,68.36,57.03,44.97
54023,72.62,73.68,74.5,73.22,72.92,68.83,63.92
54025,77.84,79.72,81.75,83.1,85.0,85.29,85.97
54027,94.97,95.25,95.25,95.36,95.98,95.78,94.56
54029,78.16,77.07,75.84,72.18,67.64,65.47,61.09
54031,60.17,63.63,67.16,57.93,46.75,42.63,37.6
54033,80.64,80.49,79.61,78.81,78.95,76.97,73.6
54035,76.5,74.07,71.23,68.33,65.24,70.59,75.11
54037,21.46,23.26,25.39,27.65,29.47,27.17,24.05
54039,83.22,81.78,80.17,76.39,72.2,71.53,71.02
54041,81.31,81.76,82.2,82.1,82.84,79.05,73.84
54043,99.36,99.12,99.08,98.51,98.08,96.08,93.94
54045,99.46,99.44,99.38,99.37,99.35,99.1,99.0
54047,99.81,99.63,99.52,99.77,99.75,99.7,100.55
54049,45.78,47.9,50.03,55.58,62.46,71.04,78.1
54051,56.73,51.76,45.64,53.86,65.57,68.7,70.19
54053,92.68,90.79,88.45,86.52,84.73,79.24,72.61
54055,96.63,96.26,96.26,97.55,98.44,97.3,96.79
54057,81.31,85.68,90.78,90.08,88.43,84.79,80.21
54059,99.46,99.49,99.52,99.6,99.55,99.64,99.95
54061,13.72,13.26,12.65,16.43,21.3,25.2,28.05
54063,96.91,97.51,98.08,96.95,96.24,90.84,85.79
54065,78.16,69.51,58.97,57.17,56.9,51.75,45.28
54067,91.56,90.03,88.1,85.94,83.91,85.14,86.72
54069,53.68,52.42,51.08,50.89,49.94,49.27,46.95
54071,82.74,85.45,88.31,83.8,78.53,70.32,61.89
54073,83.22,81.47,79.03,76.06,72.75,72.35,70.63
54075,95.92,94.99,93.65,93.7,94.87,94.65,93.92
54077,84.75,83.54,81.84,78.77,75.44,74.63,72.72
54079,30.82,28.94,26.79,23.98,21.3,19.51,17.28
54081,90.51,90.56,90.62,91.55,92.71,93.82,95.55
54083,79.08,78.55,78.01,71.73,64.94,59.72,53.46
54085,77.17,77.64,77.74,77.64,78.45,81.96,84.23
54087,93.22,92.92,92.59,94.54,97.08,98.01,98.25
54089,98.98,98.87,98.65,98.79,99.11,98.57,98.5
54091,80.01,83.05,86.51,82.72,77.19,78.67,79.2
54093,81.95,83.09,84.16,84.68,86.1,87.12,87.07
54095,78.16,76.56,74.02,71.09,68.3,70.79,71.43
54097,64.37,58.55,51.64,45.38,40.16,43.39,45.57
54099,89.97,91.77,94.11,95.25,95.96,95.18,93.75
54101,92.36,92.56,93.01,88.19,82.38,84.88,87.19
54103,58.42,62.17,66.37,71.14,75.8,76.49,75.45
54105,91.56,91.47,91.25,93.7,96.74,97.88,97.88
54107,71.12,72.02,73.03,73.85,74.51,74.13,72.24
54109,99.94,99.86,99.92,100.13,100.07,100.0,100.41
55001,83.22,84.78,86.7,88.11,89.06,88.74,86.84
55003,55.71,53.14,50.14,56.46,64.13,65.11,64.89
55005,25.25,29.37,33.84,36.54,39.0,34.56,27.4
55007,50.08,51.88,54.11,56.63,58.36,60.76,61.15
55009,12.61,12.44,12.28,11.34,10.27,9.85,8.31
55011,16.05,15.0,13.75,13.71,13.8,20.71,24.79
55013,59.22,61.8,64.42,63.54,62.3,64.82,65.45
55015,3.76,3.61,3.49,3.48,3.45,3.53,2.07
55017,28.18,28.07,27.4,25.8,24.41,19.64,11.97
55019,8.63,10.52,12.21,13.74,15.59,16.22,13.77
55021,13.34,12.63,11.96,12.53,13.28,14.28,13.49
55023,40.75,45.85,51.66,50.0,47.34,38.35,28.16
55025,4.39,3.83,3.27,2.67,2.16,2.42,0.81
55027,13.72,14.03,14.39,14.72,15.11,15.77,14.89
55029,27.19,27.77,28.36,30.79,33.59,31.59,28.09
55031,34.89,38.45,42.31,43.09,42.93,43.34,42.15
55033,8.25,11.02,13.99,17.94,21.93,21.4,18.56
55035,11.97,16.06,20.69,21.86,22.37,24.41,23.46
55037,80.64,79.25,77.18,79.41,83.3,78.64,72.34
55039,15.09,15.06,14.96,14.63,14.0,15.84,16.23
55041,67.62,69.29,71.03,68.52,65.45,60.13,52.77
55043,13.72,14.44,15.23,13.56,11.7,11.42,9.78
55045,21.46,20.61,19.66,19.06,18.11,18.81,17.57
55047,25.25,24.17,23.12,24.2,25.31,33.31,40.03
55049,23.02,22.28,21.37,20.5,19.73,16.68,11.98
55051,68.26,65.22,62.19,64.18,66.61,70.8,73.73
55053,33.4,32.79,31.87,30.84,29.72,30.08,27.6
55055,8.25,9.23,10.31,11.18,12.14,12.69,10.79
55057,67.62,66.78,65.78,65.4,65.19,63.18,58.91
55059,21.46,20.77,19.84,19.91,20.34,22.06,21.99
55061,27.19,26.59,25.99,23.22,20.0,20.52,19.55
55063,9.11,11.15,13.53,14.59,15.22,14.23,11.11
55065,11.97,12.36,12.94,15.72,18.43,18.12,16.48
55067,61.64,65.92,70.65,69.76,68.09,63.73,57.25
55069,28.18,27.2,25.84,27.76,30.99,33.6,33.71
55071,23.02,21.58,19.95,18.92,18.18,19.58,19.63
55073,11.46,13.08,14.63,14.88,14.91,15.73,14.35
55075,52.66,55.06,57.39,60.4,63.76,64.09,63.57
55077,64.37,61.7,58.75,57.77,57.15,63.55,68.53
55078,28.84,34.2,40.0,45.67,51.75,55.7,57.93
55079,29.96,29.73,29.44,27.22,24.67,23.09,19.29
55081,26.52,27.1,27.63,31.73,36.4,34.95,31.63
55083,21.46,23.14,24.56,28.78,33.59,34.33,33.43
55085,45.78,44.45,43.03,39.9,36.16,37.23,36.02
55087,5.76,6.16,6.49,7.18,7.91,8.26,6.74
55089,3.76,3.74,3.7,2.71,1.82,2.17,0.51
55091,20.89,19.2,16.96,17.63,18.69,21.41,22.14
55093,2.55,3.44,4.38,6.56,8.88,9.43,7.97
55095,23.72,24.27,24.6,27.98,32.2,32.78,30.99
55097,11.97,13.4,14.7,14.15,13.19,13.47,11.54
55099,43.11,46.64,50.52,52.22,53.56,52.4,48.81
55101,22.32,23.93,25.87,25.97,25.71,26.95,26.27
55103,31.65,31.16,30.49,27.46,24.35,25.81,26.05
55105,38.78,39.49,40.23,38.37,36.04,33.45,28.6
55107,45.78,52.84,60.76,64.72,68.32,65.51,59.77
55109,3.76,3.88,3.77,3.54,3.16,2.94,0.44
55111,28.84,27.81,26.7,23.94,20.91,20.71,18.71
55113,44.73,46.5,48.23,47.97,47.1,47.29,44.89
55115,17.54,20.23,22.73,23.11,23.08,27.31,29.78
55117,10.32,10.26,10.32,9.62,8.87,8.15,5.98
55119,16.05,19.22,22.56,22.02,21.04,20.09,16.49
55121,13.34,13.12,12.88,10.69,8.24,8.14,5.27
55123,13.72,14.83,16.06,14.6,12.86,10.52,6.92
55125,70.49,66.92,62.98,62.8,63.39,62.4,59.33
55127,12.61,14.25,15.89,17.3,18.82,18.07,15.5
55129,56.73,54.94,52.42,54.09,57.0,57.54,55.53
55131,5.48,6.09,6.9,7.04,7.32,6.85,4.55
55133,6.24,6.43,6.56,5.81,5.14,4.86,2.62
55135,27.19,30.93,35.15,36.47,37.37,38.3,36.98
55137,60.94,57.47,53.42,51.76,50.56,52.97,53.56
55139,15.09,14.86,14.59,15.77,17.29,18.93,18.9
55141,15.09,19.05,23.49,29.64,36.23,40.45,42.33
56001,3.76,4.43,5.07,5.52,6.24,6.1,5.38
56003,61.64,60.97,59.85,53.21,46.59,46.89,47.58
56005,5.16,3.78,2.63,5.51,8.29,8.31,8.15
56007,30.82,26.82,22.52,18.73,14.92,16.44,18.07
56009,36.01,44.28,52.73,55.33,58.22,47.73,37.25
56011,37.89,25.25,11.14,7.3,4.33,5.74,6.32
56013,44.73,42.8,40.52,41.1,42.21,43.96,45.81
56015,32.51,35.81,39.51,42.01,44.98,52.5,59.92
56017,66.92,63.44,59.3,54.33,50.47,57.02,63.89
56019,38.78,34.94,30.39,32.73,36.53,37.47,38.63
56021,22.32,22.86,23.45,25.91,28.78,32.12,35.34
56023,14.45,16.44,18.48,17.64,16.88,22.98,29.04
56025,21.46,28.86,36.6,38.93,41.19,40.65,40.35
56027,60.94,68.27,76.14,72.25,67.43,57.82,47.74
56029,19.8,19.55,19.22,20.7,22.84,19.76,17.6
56031,55.71,63.81,72.42,63.96,53.81,57.75,61.69
56033,28.84,32.35,36.33,32.28,27.15,24.34,21.71
56035,3.09,12.22,22.24,24.01,24.76,37.05,49.4
56037,16.05,15.27,15.08,17.56,19.8,23.63,28.1
56039,0.54,0.12,-0.17,0.27,0.57,0.87,1.43
56041,40.75,40.73,41.21,51.46,62.72,57.44,52.25
56043,60.94,67.56,75.31,62.14,46.44,39.26,33.13
56045,34.16,34.66,35.59,37.58,39.47,38.45,37.37
