FIPS,2014 DR Ests,2015 DR Ests,2016 DR Ests,2017 DR Ests,2018 DR Ests,2019 DR Ests,2020 DR Preds
01001,145.3,134.99,131.62,120.24,105.67,102.95,100.3
01003,143.5,135.89,128.38,115.21,101.82,80.7,59.56
01005,102.0,96.2,94.01,91.88,88.28,50.55,12.8
01007,75.8,71.57,87.62,89.73,84.36,45.18,6.03
01009,63.2,59.63,57.9,53.27,48.41,33.11,17.84
01011,34.3,27.06,22.49,21.17,23.43,24.15,25.15
01013,145.0,142.0,137.91,126.6,113.83,68.59,23.17
01015,180.0,170.28,164.49,149.86,137.53,118.27,99.05
01017,163.1,152.6,145.06,134.03,123.53,82.97,42.54
01019,175.1,171.12,162.7,145.61,135.49,80.47,25.37
01021,132.1,124.46,121.98,112.92,102.41,64.55,26.71
01023,141.2,111.71,102.98,95.88,78.26,53.09,27.78
01025,184.3,171.87,167.42,160.34,150.48,98.44,46.38
01027,150.6,143.34,137.3,124.96,113.1,95.47,77.66
01029,48.2,50.13,46.42,47.29,41.68,24.86,8.03
01031,143.2,135.65,131.82,125.36,118.5,94.53,70.66
01033,234.3,226.73,215.01,198.19,178.93,165.3,151.7
01035,154.4,120.04,103.65,94.24,90.71,102.93,115.26
01037,35.7,29.75,27.03,25.27,24.72,9.46,-5.87
01039,216.2,204.56,183.5,161.21,145.11,113.63,82.22
01041,101.5,96.52,93.05,85.51,69.6,47.06,24.47
01043,182.6,175.49,169.62,154.23,137.15,106.18,75.36
01045,71.5,66.32,74.08,71.17,70.19,47.81,25.47
01047,123.3,118.2,117.9,108.13,91.99,75.28,58.58
01049,122.7,119.29,116.22,109.27,102.37,77.76,53.14
01051,122.7,116.26,116.87,114.83,104.7,57.41,10.0
01053,166.8,171.74,173.16,162.86,147.07,103.49,60.1
01055,191.4,178.36,164.84,144.85,133.29,114.43,95.59
01057,162.5,162.19,144.13,125.22,104.87,70.07,35.1
01059,225.5,223.39,223.27,199.5,170.31,122.13,73.84
01061,50.4,54.39,51.83,47.03,42.03,25.45,8.65
01063,98.6,85.4,81.91,64.48,47.39,33.69,19.88
01065,100.2,90.13,94.87,97.62,83.45,45.57,7.61
01067,37.3,45.24,36.21,30.15,24.66,41.82,58.75
01069,161.1,151.4,146.03,140.09,132.49,140.92,149.32
01071,135.6,123.47,136.69,140.53,134.32,102.16,69.91
01073,130.2,125.65,120.06,110.8,101.53,127.47,153.32
01075,105.8,107.19,105.66,90.54,85.36,41.14,-3.19
01077,151.0,143.84,133.61,120.69,108.4,77.55,46.59
01079,140.5,130.96,120.41,108.91,95.95,55.38,14.86
01081,70.0,65.47,64.89,61.07,55.54,45.69,35.65
01083,79.1,73.16,75.26,71.62,65.35,45.42,25.35
01085,1.9,0.89,0.77,0.5,0.16,5.75,11.32
01087,67.2,63.95,61.49,51.61,45.94,24.18,2.14
01089,122.0,118.95,115.73,106.7,93.51,96.13,98.74
01091,140.9,134.15,132.59,131.05,141.42,98.72,56.0
01093,207.3,197.67,187.98,173.53,152.95,125.57,98.21
01095,221.2,207.31,197.19,178.23,161.93,121.94,81.86
01097,158.5,148.12,138.93,126.78,114.94,110.91,106.98
01099,143.8,137.55,136.44,129.57,117.37,75.08,32.62
01101,101.7,91.91,89.48,86.58,76.54,86.88,97.26
01103,142.7,139.6,137.02,125.1,115.08,86.7,58.35
01105,5.2,4.43,3.9,3.7,1.5,10.08,18.41
01107,124.7,107.42,91.25,79.02,69.33,47.3,25.07
01109,112.7,107.36,106.13,102.1,94.59,58.74,22.92
01111,126.3,116.8,111.78,104.48,93.08,70.23,47.49
01113,128.9,121.57,114.67,107.49,98.48,58.98,19.61
01115,112.9,109.35,112.49,108.99,103.47,77.77,52.1
01117,110.5,105.79,102.63,95.05,86.43,80.5,74.8
01119,45.7,42.77,41.33,38.94,31.97,35.73,39.22
01121,154.4,144.8,141.15,130.74,116.99,70.13,23.5
01123,109.8,105.3,106.96,103.11,96.92,66.04,35.26
01125,116.7,114.9,112.62,105.06,95.19,96.0,96.84
01127,291.1,263.64,246.04,229.15,214.08,163.83,113.29
01129,36.8,37.42,41.76,48.32,45.65,34.78,23.87
01131,62.1,62.98,65.11,59.85,54.4,37.17,19.89
01133,179.6,172.74,172.51,164.65,151.54,99.16,46.9
02013,0.0,-0.05,0.0,-0.01,-0.04,6.57,13.28
02016,0.0,-0.06,-0.03,-0.02,-0.01,1.56,3.02
02020,68.0,68.12,66.95,62.4,55.49,55.84,55.97
02050,0.0,-0.02,-0.03,0.04,-0.02,4.23,8.63
02060,0.0,-0.03,0.04,0.04,0.05,2.51,5.34
02063,0.0,-0.02,-0.05,0.01,-0.03,0.0,0.11
02066,0.0,0.0,0.02,-0.05,-0.08,-0.05,-0.04
02068,0.0,-0.02,-0.0,-0.02,-0.01,5.13,10.55
02070,0.0,0.0,-0.01,-0.02,-0.01,3.04,6.12
02090,54.3,51.75,49.68,45.16,39.99,33.56,26.91
02100,0.0,0.01,0.06,0.06,-0.01,0.77,1.66
02105,0.0,0.03,-0.0,0.06,-0.0,3.25,6.48
02110,87.6,83.43,81.15,72.04,61.49,45.81,30.19
02122,100.0,100.11,98.75,88.78,81.08,63.79,46.4
02130,100.6,101.43,95.26,83.65,68.13,57.11,46.25
02150,38.6,35.67,34.37,30.73,26.0,21.22,16.5
02158,0.0,-0.01,-0.02,-0.02,-0.04,0.01,-0.0
02164,0.0,-0.01,-0.09,-0.06,-0.02,0.24,0.45
02170,86.2,81.3,78.21,72.56,65.27,43.9,22.31
02180,0.0,0.0,-0.04,0.03,-0.02,1.35,2.75
02185,0.0,0.02,0.03,0.01,-0.02,1.88,3.83
02188,0.0,-0.02,-0.02,-0.03,-0.02,1.67,3.26
02195,92.2,84.27,75.96,68.69,66.44,67.85,69.31
02198,59.0,62.24,58.59,46.41,35.65,27.8,19.77
02220,14.1,11.71,10.29,8.45,3.29,11.55,19.64
02230,0.0,-0.02,0.05,0.01,-0.0,3.2,6.57
02240,0.0,-0.02,0.04,0.08,0.01,7.89,15.76
02275,0.4,0.38,0.58,0.34,0.16,4.2,8.23
02282,0.0,0.02,0.03,0.07,0.06,3.25,6.43
02290,0.0,-0.0,-0.0,0.02,0.09,0.82,1.52
04001,21.5,19.69,19.01,18.77,17.02,10.96,5.17
04003,82.7,83.24,80.57,73.09,65.17,48.29,31.58
04005,60.4,57.59,53.69,46.61,39.21,36.54,33.79
04007,124.3,119.0,113.35,97.17,82.7,60.3,37.72
04009,106.0,101.43,90.62,80.3,71.55,54.5,37.67
04011,1.3,0.76,0.26,0.06,0.05,1.53,2.98
04012,89.7,84.92,80.78,71.65,58.42,33.88,9.37
04013,77.9,75.09,70.72,63.31,54.23,49.44,44.5
04015,142.2,136.61,130.93,119.95,103.93,83.31,62.71
04017,74.7,71.79,69.05,66.83,60.47,52.22,44.0
04019,84.2,81.03,76.6,69.24,61.32,55.7,50.2
04021,65.6,64.03,60.49,53.72,45.37,24.37,3.6
04023,27.4,25.67,27.98,23.9,19.38,12.68,5.63
04025,110.6,106.5,101.08,92.32,79.7,60.98,42.16
04027,57.6,57.84,57.08,51.12,42.5,31.44,20.42
05001,92.8,87.18,113.36,120.54,114.26,89.78,65.45
05003,126.5,122.68,118.35,113.26,105.5,57.82,10.07
05005,148.0,143.0,142.8,136.95,118.58,123.58,128.72
05007,95.1,93.82,90.0,83.13,74.42,55.7,37.09
05009,168.8,169.31,161.25,148.54,134.59,97.06,59.54
05011,149.6,136.04,123.83,114.57,104.13,89.64,75.36
05013,84.4,87.27,84.94,80.83,71.25,37.22,3.33
05015,78.2,74.25,83.65,80.88,74.38,51.39,28.49
05017,88.9,86.54,81.04,79.98,79.67,88.13,96.64
05019,116.9,105.46,102.64,97.68,97.5,72.32,47.31
05021,140.3,142.92,137.7,125.31,113.26,90.4,67.62
05023,118.7,114.17,115.25,112.97,106.7,71.96,37.24
05025,0.4,0.5,0.9,0.86,6.42,3.92,1.72
05027,133.0,122.04,112.4,104.58,97.95,69.68,41.31
05029,130.5,132.64,132.11,127.39,112.55,66.48,20.47
05031,166.0,164.89,160.14,150.43,135.2,155.38,175.32
05033,169.4,166.27,161.08,151.56,139.59,87.36,35.32
05035,107.0,106.68,107.97,106.4,98.44,80.2,62.05
05037,138.5,131.6,124.49,114.97,104.79,77.22,49.73
05039,112.6,108.49,104.22,87.41,79.15,55.04,30.96
05041,166.6,164.44,151.49,138.83,116.15,102.54,88.85
05043,117.8,117.06,126.3,126.4,118.12,102.96,87.65
05045,100.7,98.51,98.11,93.08,82.53,70.58,58.77
05047,28.0,28.97,24.75,21.3,16.55,32.67,48.91
05049,104.2,97.19,109.42,109.52,102.93,78.22,53.38
05051,194.9,186.63,180.18,166.36,149.22,130.94,112.63
05053,88.4,83.41,79.67,76.11,66.78,33.96,1.45
05055,185.6,178.13,177.89,174.55,162.9,124.19,85.38
05057,131.5,123.58,118.63,116.03,106.72,65.41,24.07
05059,114.1,107.56,106.08,100.4,89.41,58.99,28.55
05061,180.7,174.11,166.33,155.02,144.51,98.22,51.81
05063,178.7,169.35,163.39,154.95,139.02,139.78,140.57
05065,93.9,82.42,95.87,98.33,95.25,86.19,77.32
05067,160.1,152.28,151.16,141.17,125.44,76.66,27.65
05069,114.9,113.3,110.34,105.38,99.56,103.51,107.89
05071,147.7,139.95,132.12,118.35,109.71,80.71,51.83
05073,4.2,2.55,70.43,95.14,98.0,94.36,90.44
05075,48.2,42.44,39.28,36.76,30.71,38.06,45.49
05077,55.3,52.66,62.32,65.64,59.95,65.81,71.87
05079,81.1,81.57,72.82,65.29,56.21,29.72,3.15
05081,164.3,163.92,163.69,158.27,150.27,111.56,72.73
05083,40.6,40.06,40.78,38.58,31.88,25.17,18.4
05085,111.4,110.52,104.89,98.71,90.5,46.16,2.01
05087,83.5,80.93,79.84,79.98,73.47,49.66,25.86
05089,95.6,88.75,85.39,80.41,65.49,31.16,-3.13
05091,138.1,132.52,118.01,108.1,99.5,87.21,74.9
05093,144.8,139.61,138.97,137.21,130.01,87.04,43.91
05095,109.2,104.89,97.25,90.07,81.13,38.06,-4.6
05097,108.1,108.28,99.02,88.74,79.89,80.5,81.04
05099,0.0,0.04,0.06,0.01,0.01,12.93,25.76
05101,2.8,2.1,1.28,1.11,0.38,1.44,2.6
05103,139.8,141.61,142.69,139.71,129.87,92.42,55.04
05105,94.9,63.83,55.97,38.59,44.6,25.11,5.52
05107,173.6,165.48,161.88,161.1,136.22,108.86,81.6
05109,10.6,6.64,63.56,77.35,76.6,52.5,28.46
05111,105.5,100.77,113.23,118.18,112.55,93.16,73.8
05113,133.2,126.61,121.06,111.06,102.44,72.64,42.75
05115,138.2,135.47,133.63,119.72,104.64,68.7,32.89
05117,91.3,89.5,84.83,79.54,72.95,39.85,7.07
05119,117.5,113.58,108.35,102.08,92.82,127.89,162.77
05121,116.2,115.07,114.53,107.87,92.9,54.84,16.78
05123,96.4,93.82,94.39,90.66,81.77,59.01,36.17
05125,106.9,100.21,98.44,94.72,86.11,59.81,33.78
05127,154.2,154.99,136.01,123.5,115.16,79.33,43.66
05129,99.7,90.59,85.62,81.95,77.17,47.61,18.01
05131,186.1,178.44,172.54,161.61,149.42,138.32,127.14
05133,82.9,71.14,67.6,60.82,50.05,30.05,10.06
05135,136.4,143.48,140.32,135.04,123.52,77.12,30.72
05137,169.7,162.9,156.51,154.34,148.8,115.23,81.7
05139,141.9,138.2,134.0,123.94,113.54,118.27,123.06
05141,114.4,110.84,106.02,103.37,99.96,65.38,30.64
05143,104.4,102.49,100.0,94.8,83.27,83.03,82.76
05145,138.1,129.54,125.79,120.22,106.91,75.37,43.84
05147,32.0,13.8,7.53,4.5,6.79,19.4,32.24
05149,72.3,70.3,68.11,61.1,57.45,43.97,30.48
06001,38.0,35.06,32.62,28.67,24.53,21.95,19.57
06003,0.0,0.01,-0.03,-0.02,0.05,14.92,29.96
06005,136.6,122.03,115.91,105.49,92.92,53.65,14.36
06007,143.9,139.29,130.61,115.14,99.23,81.15,63.12
06009,98.6,94.35,87.58,76.64,65.61,42.17,18.73
06011,44.9,42.4,44.13,38.24,33.75,29.76,25.67
06013,51.8,47.8,43.4,38.78,34.2,29.05,23.84
06015,168.6,154.2,141.37,126.49,108.45,76.22,43.9
06017,75.6,71.08,66.52,59.47,51.91,38.39,24.7
06019,66.1,61.78,59.29,55.33,50.98,48.08,45.0
06021,68.9,67.57,78.43,78.78,71.69,49.91,28.0
06023,113.6,104.98,96.96,84.87,73.79,62.56,51.14
06025,59.5,55.65,53.61,50.63,46.54,34.89,23.09
06027,63.6,61.75,61.48,54.44,46.52,33.91,21.32
06029,64.4,63.05,61.35,57.46,51.87,42.9,34.01
06031,78.5,71.3,67.24,62.0,57.37,44.25,31.25
06033,167.6,147.17,127.91,107.6,88.94,55.34,21.82
06035,104.2,97.0,87.42,74.24,60.36,51.82,43.26
06037,39.8,36.77,34.69,31.94,29.06,27.62,26.45
06039,58.4,54.57,51.48,45.8,40.31,27.41,14.37
06041,44.1,40.97,38.28,34.68,30.77,25.64,20.49
06043,67.8,69.1,68.19,60.42,52.45,30.71,9.07
06045,127.2,121.23,111.18,98.4,88.01,70.27,52.5
06047,74.0,70.34,67.18,60.63,52.76,42.77,32.73
06049,111.5,104.0,99.23,88.07,64.87,44.03,23.32
06051,53.0,53.63,54.06,48.06,41.82,35.0,28.39
06053,60.3,57.18,53.09,47.5,41.73,33.58,25.52
06055,50.9,47.93,43.27,38.4,34.5,29.96,25.35
06057,97.4,89.79,85.64,76.07,67.26,51.67,36.22
06059,47.6,45.09,43.24,39.85,36.11,33.45,30.77
06061,72.9,68.63,65.05,59.57,53.25,50.52,47.79
06063,109.7,96.74,89.68,79.41,71.51,56.26,41.02
06065,56.9,53.94,51.03,47.1,42.57,34.53,26.5
06067,60.1,55.89,52.4,47.22,41.57,38.77,35.81
06069,54.0,51.56,46.73,42.33,38.54,24.55,10.54
06071,58.7,56.09,53.7,49.8,44.7,40.25,35.56
06073,46.7,44.02,41.05,37.09,32.66,29.61,26.69
06075,38.6,36.48,33.81,29.57,25.44,31.04,36.6
06077,69.4,62.6,57.55,51.28,44.55,33.96,23.43
06079,86.0,80.17,74.72,67.95,62.17,51.75,41.12
06081,36.1,34.2,32.54,29.23,25.88,22.14,18.36
06083,62.4,59.2,56.37,51.85,46.12,44.22,42.4
06085,28.9,27.05,25.24,22.43,19.85,19.9,20.13
06087,70.3,64.91,59.95,53.11,46.03,35.49,25.08
06089,151.7,138.82,125.79,110.52,94.33,79.68,65.02
06091,35.1,30.79,24.83,17.11,9.91,7.17,4.3
06093,114.7,120.88,118.58,105.12,97.84,75.17,52.42
06095,52.9,48.79,45.15,40.33,35.05,27.54,20.07
06097,65.5,60.42,55.47,49.52,43.73,37.21,30.78
06099,103.9,95.22,88.84,80.62,71.41,64.14,56.78
06101,111.5,109.71,105.44,99.0,84.97,79.11,72.98
06103,119.4,109.11,100.13,89.43,77.9,56.02,34.27
06105,119.6,113.3,104.03,89.5,79.15,52.47,25.77
06107,78.8,72.15,67.75,62.05,55.39,45.4,35.67
06109,142.8,131.87,121.02,110.94,95.37,77.12,58.74
06111,60.2,57.89,55.43,51.22,46.68,38.16,29.62
06113,51.8,48.99,47.58,43.63,38.75,30.03,21.4
06115,96.2,93.42,86.98,75.36,66.91,45.43,23.8
08001,60.6,57.97,54.62,49.7,43.48,36.4,29.35
08003,175.8,168.91,158.64,134.24,112.11,69.08,25.87
08005,66.7,64.64,60.6,54.04,47.86,45.43,43.23
08007,75.6,76.87,73.98,68.57,62.7,47.47,32.31
08009,95.0,85.82,86.44,81.16,72.78,57.62,42.67
08011,59.1,63.43,60.98,50.62,40.51,45.66,50.47
08013,53.6,52.03,49.25,44.54,39.84,42.35,44.78
08014,61.5,57.43,54.58,49.45,44.27,43.24,42.18
08015,102.2,99.36,96.26,88.2,78.13,54.86,31.67
08017,74.0,73.33,70.07,65.17,54.87,31.38,7.73
08019,38.1,36.77,35.52,32.57,29.29,12.87,-3.53
08021,2.2,1.59,1.39,1.07,0.41,19.15,37.94
08023,0.0,-0.01,-0.06,-0.04,0.03,0.73,1.56
08025,32.4,32.33,30.64,27.21,24.66,12.34,0.15
08027,0.0,0.0,0.02,-0.01,-0.05,2.13,4.36
08029,96.5,92.39,86.85,80.09,71.13,50.37,29.48
08031,48.2,45.6,41.68,37.48,32.34,37.17,41.91
08033,0.0,0.05,0.02,0.01,0.03,46.16,92.24
08035,55.9,55.22,52.23,48.11,44.13,33.33,22.53
08037,53.0,50.03,47.69,43.4,37.12,44.92,52.87
08039,36.6,35.59,35.13,32.54,29.5,17.75,5.97
08041,75.1,73.34,69.6,63.58,56.36,51.57,46.69
08043,80.0,77.56,74.44,69.48,61.09,45.82,30.46
08045,92.9,88.44,82.23,71.09,58.61,42.73,26.86
08047,0.0,-0.02,-0.06,-0.0,-0.06,0.31,0.6
08049,50.3,48.35,45.19,40.2,36.06,21.59,7.19
08051,59.4,56.14,53.28,47.47,40.83,30.68,20.56
08053,0.0,-0.05,-0.03,0.02,0.03,9.23,18.5
08055,87.8,81.01,80.75,84.86,78.22,57.62,37.06
08057,0.0,0.02,0.02,0.05,-0.02,11.36,22.63
08059,81.4,77.94,73.2,65.65,57.86,46.76,35.63
08061,148.3,137.07,121.88,106.2,98.16,48.64,-0.98
08063,26.7,37.24,39.52,43.21,44.3,39.71,34.9
08065,68.6,58.52,53.0,47.76,42.42,24.15,6.16
08067,69.0,65.41,60.81,54.76,47.21,51.26,55.26
08069,78.5,72.84,66.21,57.53,49.6,44.1,38.83
08071,150.0,140.48,131.39,120.76,108.44,84.88,61.19
08073,1.3,1.27,18.57,32.24,33.4,24.34,15.07
08075,102.6,94.77,86.5,80.78,73.44,47.7,21.97
08077,87.9,86.73,81.67,75.31,65.57,60.4,55.25
08079,0.0,0.09,0.01,0.03,-0.0,0.05,0.14
08081,129.5,116.4,111.16,101.89,85.83,56.54,27.18
08083,105.2,101.42,94.79,83.23,71.29,50.23,29.13
08085,93.8,90.54,84.48,79.13,70.9,52.95,35.18
08087,97.1,81.98,71.63,63.92,55.64,36.64,17.56
08089,117.6,113.42,109.81,102.25,91.13,62.95,34.86
08091,45.4,41.74,37.1,31.54,12.99,15.46,18.06
08093,5.3,1.77,0.65,0.28,0.12,0.34,0.52
08095,43.6,36.64,13.8,5.23,1.98,20.04,38.02
08097,34.6,30.45,27.65,23.97,20.15,28.19,36.37
08099,94.5,90.48,83.47,76.39,63.49,39.2,14.79
08101,125.0,119.33,112.2,102.76,90.88,80.51,70.2
08103,30.2,29.6,27.33,27.32,26.58,29.87,33.11
08105,93.3,92.18,84.54,77.59,68.13,65.34,62.57
08107,76.9,71.82,65.62,54.2,45.47,41.34,37.11
08109,0.0,-0.05,0.01,0.02,-0.02,-0.04,0.14
08111,0.0,-0.04,0.02,0.04,0.04,0.02,-0.13
08113,39.3,40.81,37.78,32.41,24.93,21.57,18.3
08115,3.5,3.51,2.07,1.19,0.47,15.11,29.54
08117,73.1,68.44,63.12,55.87,49.69,38.8,27.98
08119,121.5,117.54,111.37,98.08,83.72,46.32,9.06
08121,0.0,-0.07,-0.08,-0.08,-0.06,2.66,5.51
08123,69.8,65.32,60.73,53.75,45.59,31.6,17.44
08125,80.6,78.66,73.9,65.61,54.1,45.09,36.16
09001,50.7,49.0,45.53,40.63,36.35,37.02,37.76
09003,66.5,63.98,59.01,53.04,46.97,44.92,42.64
09005,71.1,68.31,63.45,56.93,50.8,34.32,17.87
09007,73.5,71.49,66.34,59.67,53.44,40.3,27.24
09009,75.4,72.2,66.5,59.17,52.64,51.82,50.88
09011,79.6,76.43,70.16,61.26,53.37,44.2,35.03
09013,54.5,53.06,50.18,45.23,40.73,27.63,14.65
09015,82.4,79.5,74.59,66.6,59.06,42.01,24.69
10001,94.4,87.71,80.33,70.25,63.03,47.98,33.22
10003,81.2,79.29,76.41,69.52,62.09,56.83,51.31
10005,113.8,104.71,97.39,86.89,76.36,64.29,52.24
11001,40.1,37.22,34.32,30.67,27.16,35.01,42.93
12001,71.6,70.1,69.46,66.91,61.3,85.38,109.32
12003,142.0,125.26,117.15,110.07,97.06,47.11,-2.85
12005,128.4,123.75,122.16,116.76,104.84,92.09,79.36
12007,100.8,95.58,94.54,88.49,77.31,43.2,8.97
12009,97.0,94.38,92.98,87.81,79.46,65.28,51.19
12011,54.7,52.88,51.84,48.29,42.56,37.85,33.36
12013,79.7,76.73,73.25,69.68,67.24,45.81,24.6
12015,82.0,79.19,79.56,76.86,70.44,66.9,63.37
12017,107.2,105.12,104.95,103.89,95.16,69.01,42.9
12019,94.0,90.32,88.42,83.49,75.09,65.03,54.92
12021,62.0,59.73,58.72,54.39,48.88,42.81,36.77
12023,125.4,121.49,119.81,114.78,102.44,68.77,35.02
12027,58.0,55.73,56.78,56.43,50.61,26.31,1.9
12029,41.3,45.75,45.56,43.69,40.89,21.85,2.96
12031,95.1,90.78,89.49,85.47,76.51,77.65,78.7
12033,126.2,119.63,115.49,107.76,96.46,89.62,82.65
12035,80.9,78.73,79.68,76.72,70.14,45.54,21.0
12037,109.5,98.93,87.04,76.48,63.59,42.32,21.25
12039,63.0,60.01,59.26,55.5,49.57,24.19,-1.35
12041,45.5,46.38,44.7,43.6,39.54,19.49,-0.32
12043,7.6,5.82,5.34,4.37,4.05,1.57,-1.01
12045,128.0,133.65,115.05,100.02,88.39,62.94,37.38
12047,44.2,39.42,37.61,32.99,33.52,16.8,0.01
12049,45.9,43.35,40.51,36.8,33.49,16.28,-0.84
12051,75.1,70.97,70.94,66.7,60.14,29.59,-0.94
12053,106.3,108.31,109.36,105.88,97.26,82.38,67.5
12055,79.6,79.52,79.95,76.03,69.68,51.09,32.21
12057,72.9,68.97,66.88,62.86,56.48,51.69,46.68
12059,108.8,93.59,87.23,81.24,74.89,62.03,49.07
12061,100.0,97.79,97.11,93.19,85.76,70.5,55.1
12063,121.0,111.84,110.42,106.35,96.84,64.71,32.65
12065,57.1,53.31,52.32,49.22,43.48,18.93,-5.79
12067,65.0,61.81,59.03,53.33,46.53,29.19,12.03
12069,87.1,83.92,82.88,78.01,69.94,56.59,43.05
12071,68.8,66.55,66.46,63.51,58.39,47.97,37.64
12073,71.9,69.78,70.9,67.81,61.2,62.25,63.2
12075,118.9,108.22,104.71,100.75,91.72,56.39,21.1
12077,44.9,41.7,41.18,40.16,35.94,17.09,-1.91
12079,82.6,81.06,81.21,77.89,74.02,56.57,38.89
12081,82.3,78.99,77.22,73.32,66.51,50.4,34.32
12083,89.6,89.76,90.37,87.23,78.56,64.82,51.23
12085,75.8,74.68,74.72,72.53,67.76,64.77,61.78
12086,34.4,32.81,31.34,29.41,26.11,24.93,23.79
12087,83.1,80.92,80.24,76.79,69.43,49.19,28.82
12089,118.8,113.9,111.66,106.65,93.92,54.74,15.36
12091,92.1,89.01,86.71,81.21,71.7,56.46,41.11
12093,122.1,117.98,107.75,100.07,91.59,71.19,50.72
12095,50.8,47.59,46.1,43.15,38.8,39.43,40.05
12097,60.1,57.53,54.72,49.7,43.54,29.81,15.89
12099,63.3,61.06,59.96,56.33,51.37,46.38,41.39
12101,90.7,86.88,86.66,83.12,75.79,68.67,61.47
12103,88.9,85.32,83.51,78.09,71.34,67.59,63.77
12105,74.7,71.35,72.28,69.68,62.98,47.31,31.43
12107,126.7,117.94,113.0,106.31,94.68,57.83,20.76
12109,66.8,65.17,65.02,62.43,55.53,42.27,29.29
12111,72.9,69.64,67.09,63.69,58.14,41.36,24.75
12113,111.7,103.35,99.62,94.1,83.73,62.21,40.9
12115,85.1,81.88,80.1,75.92,69.67,61.22,52.96
12117,59.3,55.46,55.74,54.02,48.94,43.33,37.86
12119,71.8,72.69,72.64,70.56,67.49,34.96,2.52
12121,92.9,90.25,87.48,83.11,76.39,38.7,0.97
12123,121.8,115.5,114.37,113.57,107.19,72.09,36.93
12125,67.7,63.46,57.88,54.37,49.64,30.58,11.71
12127,86.9,82.99,82.2,76.91,69.1,57.73,46.36
12129,89.6,86.35,84.69,80.87,72.77,34.92,-2.94
12131,97.9,88.84,88.91,86.19,79.14,50.4,21.79
12133,184.1,156.09,136.5,127.01,115.86,67.46,19.06
13001,129.7,129.54,125.87,119.23,109.41,80.66,51.92
13003,71.3,75.72,70.82,68.15,61.15,62.97,64.76
13005,145.7,149.33,154.37,164.43,169.55,159.77,150.07
13007,0.0,0.07,-0.0,0.01,-0.01,18.08,36.1
13009,113.0,106.2,101.31,94.25,86.09,60.78,35.31
13011,51.1,48.99,44.83,36.64,38.36,20.06,1.72
13013,92.3,89.22,86.27,79.92,72.77,65.86,59.02
13015,112.1,107.09,104.45,101.22,92.67,73.48,54.04
13017,199.0,205.15,201.6,188.93,172.55,114.3,56.01
13019,61.8,58.77,57.08,54.32,49.99,31.41,12.59
13021,145.4,141.0,134.48,125.82,114.3,124.85,135.55
13023,147.0,144.92,136.77,128.63,117.41,65.78,14.24
13025,71.4,66.95,59.63,53.89,49.98,24.65,-0.76
13027,73.6,83.25,88.13,88.09,87.69,92.52,97.38
13029,93.7,90.4,90.52,85.31,75.21,50.66,25.97
13031,93.9,95.23,88.7,82.14,73.68,81.05,88.44
13033,93.0,89.66,86.28,80.01,71.67,51.82,31.66
13035,103.5,104.41,101.76,95.49,78.59,55.73,32.77
13037,2.0,1.32,1.84,1.58,0.61,9.1,17.73
13039,82.2,76.91,75.06,69.48,60.11,46.73,33.58
13043,151.1,157.56,165.14,160.14,144.59,102.97,61.42
13045,126.1,121.53,118.47,113.18,105.22,92.67,80.32
13047,148.9,132.28,122.17,111.21,99.2,61.82,24.4
13049,101.1,100.37,102.63,98.45,91.49,69.16,46.88
13051,91.7,89.06,86.42,80.77,73.54,76.97,80.49
13053,0.0,0.05,0.09,0.06,-0.01,0.27,0.62
13055,150.2,138.03,133.83,125.82,113.73,60.75,7.85
13057,71.3,69.15,69.7,66.1,60.11,57.25,54.44
13059,104.7,100.45,98.37,93.65,85.91,118.26,150.44
13061,67.7,59.23,52.88,46.67,37.76,66.82,95.71
13063,51.6,49.12,46.35,42.09,37.12,30.96,24.66
13065,144.8,150.5,150.68,147.72,138.24,92.09,46.08
13067,65.0,62.57,61.8,57.39,51.06,46.83,42.95
13069,173.1,169.04,172.08,174.45,162.67,163.55,164.57
13071,87.7,86.81,86.11,85.79,82.34,84.61,87.15
13073,88.6,86.04,82.85,76.21,67.98,67.03,65.92
13075,110.4,106.36,105.93,105.73,100.76,65.89,30.87
13077,80.3,80.89,81.1,77.82,71.86,58.93,45.96
13079,0.6,0.79,1.0,0.75,4.17,29.9,55.56
13081,180.4,179.21,176.31,171.91,164.94,119.43,74.0
13083,112.0,92.86,81.63,69.4,58.15,30.53,2.98
13085,162.6,153.9,142.4,142.72,135.31,76.85,18.55
13087,134.2,128.23,124.75,122.23,114.15,89.05,63.86
13089,48.6,46.82,45.68,42.36,38.08,43.48,48.91
13091,107.2,100.25,95.72,93.83,80.94,49.73,18.44
13093,0.5,0.57,0.58,0.73,0.35,1.47,2.51
13095,129.6,126.8,122.12,111.97,98.58,108.64,118.62
13097,101.7,98.57,96.04,89.41,80.75,59.26,37.74
13099,126.0,121.57,119.9,116.29,111.52,84.5,57.6
13101,0.0,-0.04,0.05,0.04,0.05,0.06,0.05
13103,86.5,86.65,82.31,75.93,67.33,38.87,10.27
13105,152.1,146.95,146.83,141.98,134.88,89.05,43.21
13107,107.8,109.15,111.84,109.82,101.26,75.81,50.32
13109,145.3,138.08,127.98,120.18,101.91,60.75,19.53
13111,160.8,162.51,157.37,143.4,130.19,104.34,78.61
13113,87.8,88.03,90.47,85.07,78.52,77.87,76.94
13115,163.8,161.34,156.3,143.48,130.03,149.7,169.33
13117,57.6,54.46,52.4,49.19,44.31,34.9,25.37
13119,141.9,132.4,126.47,117.76,114.45,70.76,27.17
13121,52.3,50.18,49.55,46.13,41.28,60.14,78.98
13123,145.4,141.41,137.5,125.9,117.72,77.74,37.66
13125,0.0,0.03,-0.01,-0.01,-0.07,-0.01,-0.0
13127,105.5,104.55,104.57,98.14,85.83,81.06,76.21
13129,130.5,123.46,119.92,111.5,101.6,79.07,56.61
13131,74.2,74.5,77.07,77.25,70.6,47.63,24.71
13133,140.6,133.04,138.58,132.87,115.14,77.67,40.23
13135,49.4,47.82,47.64,44.97,40.72,34.96,29.14
13137,118.3,111.43,105.4,102.52,93.05,53.01,13.15
13139,98.9,97.65,95.7,90.72,82.62,81.33,79.78
13141,53.8,54.6,54.01,48.88,42.0,23.06,4.14
13143,203.6,204.58,197.79,186.92,169.15,91.87,14.53
13145,8.4,8.84,8.24,6.65,6.0,4.96,3.7
13147,109.0,106.2,104.49,102.99,95.39,57.94,20.38
13149,1.2,0.81,0.7,0.61,0.31,0.1,0.1
13151,85.8,83.24,80.29,74.46,67.56,55.08,42.69
13153,104.9,101.16,96.45,90.48,81.99,67.29,52.63
13155,82.2,68.34,61.39,57.7,58.93,45.37,31.75
13157,119.2,112.59,115.08,110.96,102.56,68.56,34.43
13159,64.9,62.23,60.08,58.32,51.71,33.38,14.94
13161,110.8,106.3,97.16,89.22,78.92,50.84,22.74
13163,128.0,128.68,126.43,118.62,101.76,66.33,31.07
13165,38.0,37.98,33.59,29.39,21.62,25.56,29.22
13167,45.3,43.2,37.32,16.12,6.15,13.73,21.33
13169,55.5,54.42,54.03,52.33,48.08,34.84,21.64
13171,77.9,74.04,75.03,68.88,67.72,38.69,9.61
13173,3.3,12.01,54.17,63.73,65.33,42.66,19.72
13175,144.7,135.93,127.7,120.24,108.05,105.29,102.25
13177,53.4,54.44,53.17,48.95,43.66,36.08,28.48
13179,60.0,58.72,56.34,53.88,49.3,43.5,37.74
13181,6.8,4.03,18.33,29.25,29.74,40.36,51.01
13183,0.3,0.06,0.01,0.11,0.03,0.82,1.59
13185,103.8,95.57,93.82,89.12,85.68,81.48,77.48
13187,84.7,81.15,82.39,76.83,70.7,40.45,10.14
13189,178.6,174.33,167.34,151.43,131.11,94.16,57.14
13191,74.7,72.62,74.26,68.92,54.37,24.46,-5.43
13193,71.7,73.79,70.18,68.72,68.89,46.35,23.98
13195,128.0,119.93,109.69,98.73,85.37,36.72,-11.99
13197,20.9,20.28,19.65,18.04,17.13,7.8,-1.55
13199,77.9,77.33,80.76,78.11,74.28,52.0,29.39
13201,128.1,119.71,112.86,105.02,95.93,83.8,71.7
13205,108.8,107.57,103.13,97.13,93.08,64.66,36.31
13207,69.7,67.26,67.6,67.0,62.5,39.56,16.75
13209,37.3,30.82,34.59,42.49,35.29,23.33,11.37
13211,86.9,84.65,81.43,78.47,68.27,53.08,37.89
13213,113.9,104.9,100.42,91.85,82.47,50.41,18.34
13215,99.6,92.33,91.17,88.63,80.63,97.24,113.84
13217,88.8,83.63,82.53,78.2,70.78,49.9,29.04
13219,61.5,63.3,63.18,61.24,57.86,47.36,37.04
13221,48.4,44.43,41.82,38.83,35.31,16.04,-3.17
13223,63.0,61.27,59.6,55.56,49.91,35.43,21.06
13225,87.9,84.4,87.1,82.55,75.95,57.28,38.75
13227,132.9,129.35,124.77,116.8,107.6,61.31,14.75
13229,65.8,69.64,66.53,63.98,58.74,47.2,35.66
13231,19.3,15.63,13.64,12.01,10.78,6.65,2.36
13233,191.7,177.8,170.94,159.61,146.5,74.74,2.92
13235,99.9,97.63,92.05,90.84,85.62,53.55,21.33
13237,76.3,73.99,70.23,65.33,58.16,32.51,6.76
13239,0.0,-0.03,-0.02,-0.0,-0.04,0.53,1.26
13241,157.6,150.46,140.16,144.25,144.52,103.26,62.15
13243,180.0,162.86,147.44,134.86,119.15,64.34,9.82
13245,102.0,95.97,90.28,81.88,70.98,91.19,111.36
13247,79.6,80.07,79.59,76.17,70.78,60.34,49.78
13249,1.3,14.62,7.59,3.82,1.43,10.22,19.23
13251,43.6,43.62,52.66,59.49,59.46,36.97,14.54
13253,206.3,199.3,186.49,177.2,163.69,143.36,122.86
13255,147.8,145.34,139.96,128.24,116.55,104.39,92.3
13257,179.7,171.85,166.72,160.19,151.63,100.06,48.5
13259,64.0,61.04,61.59,55.85,53.61,37.25,20.91
13261,112.3,104.22,105.15,106.03,102.16,83.91,65.46
13263,0.0,0.0,-0.01,0.03,0.05,1.84,3.45
13265,0.0,-0.04,0.03,0.02,-0.03,0.08,0.18
13267,54.8,56.13,54.83,53.25,63.21,48.49,33.77
13269,44.9,43.09,61.73,79.9,77.42,31.49,-14.21
13271,59.5,53.46,56.73,61.86,61.2,28.42,-4.42
13273,41.1,46.33,49.41,48.09,37.36,18.44,-0.32
13275,103.6,101.67,105.24,104.53,100.23,116.93,133.66
13277,146.2,145.46,147.89,139.49,130.61,159.85,189.27
13279,186.4,166.1,157.8,143.87,122.92,81.11,39.23
13281,120.4,118.57,113.82,100.78,89.07,61.14,33.2
13283,39.6,56.24,68.99,73.01,64.56,25.43,-13.61
13285,113.2,105.42,101.32,97.02,90.82,82.49,74.17
13287,85.5,91.3,86.8,90.6,86.67,57.84,28.99
13289,1.6,1.09,1.27,0.87,0.29,0.64,0.95
13291,163.9,151.0,136.96,118.79,104.2,90.77,77.42
13293,148.5,141.37,139.61,141.42,137.67,105.22,73.16
13295,54.5,55.59,55.08,51.06,45.4,28.23,10.74
13297,113.4,114.37,112.34,104.92,93.67,50.34,6.91
13299,211.6,207.86,216.21,214.5,202.25,176.0,149.63
13301,1.3,1.07,0.57,0.24,0.05,4.5,8.95
13303,112.1,106.3,99.63,90.74,77.84,47.84,17.91
13305,148.0,150.69,146.54,142.03,125.65,112.52,99.34
13307,7.8,37.06,51.43,57.64,60.31,23.6,-12.9
13309,41.7,43.19,36.74,15.48,12.22,4.57,-2.79
13311,95.6,93.46,98.06,94.24,87.64,46.18,4.78
13313,102.6,98.89,95.46,90.32,81.26,85.74,90.27
13315,3.5,2.56,3.16,3.01,1.2,1.82,2.5
13317,157.0,151.24,142.95,129.31,116.71,77.96,39.22
13319,92.6,90.86,91.58,85.22,78.13,60.52,42.86
13321,97.7,96.7,95.9,87.74,82.21,51.16,20.06
15001,82.2,75.4,69.74,63.78,57.46,46.92,35.93
15003,38.0,36.4,34.66,32.13,28.85,28.04,27.03
15005,0.0,-0.04,-0.03,-0.01,-0.05,-0.04,-0.01
15007,66.1,60.52,57.11,52.37,44.7,36.94,28.84
15009,57.8,58.15,57.34,53.92,48.09,39.46,30.87
16001,81.5,77.8,74.15,67.72,59.14,60.13,61.35
16003,0.0,-0.01,-0.02,-0.03,-0.02,9.32,18.78
16005,111.3,108.35,104.13,97.5,88.15,84.17,80.27
16007,112.9,111.84,112.81,107.67,101.26,80.15,58.95
16009,99.8,99.3,93.5,85.96,77.47,60.25,43.14
16011,77.4,74.08,69.55,64.82,59.76,58.77,57.91
16013,40.1,40.21,43.82,43.58,39.33,29.44,19.53
16015,0.0,-0.02,-0.01,-0.02,-0.02,6.06,12.22
16017,84.9,76.91,69.47,63.68,57.49,48.4,39.41
16019,100.8,98.76,94.73,87.61,80.14,77.22,74.31
16021,126.1,115.79,105.79,101.1,91.83,59.68,27.65
16023,82.8,97.81,98.79,89.52,80.54,77.94,75.07
16025,0.0,-0.0,-0.01,0.01,-0.02,-0.06,0.15
16027,85.3,80.77,77.91,71.94,63.88,42.02,19.93
16029,116.0,112.34,109.17,104.45,100.15,94.83,89.53
16031,124.2,115.54,107.56,98.08,88.45,66.82,45.21
16033,0.0,0.02,0.06,-0.0,-0.0,0.02,0.02
16035,93.1,65.3,64.85,79.29,77.15,38.02,-0.96
16037,39.6,26.87,25.49,25.93,22.55,13.59,4.46
16039,71.3,71.24,69.96,66.59,60.58,39.14,17.82
16041,87.8,86.93,79.92,73.68,67.34,59.56,51.97
16043,46.9,45.83,44.2,36.42,31.73,22.63,13.55
16045,113.1,107.93,108.55,103.79,95.97,52.3,8.74
16047,43.4,43.12,53.64,51.87,47.33,34.71,22.11
16049,68.2,68.93,61.09,51.64,43.28,32.03,21.04
16051,39.4,38.38,37.84,36.37,34.44,24.02,13.44
16053,75.8,77.28,73.29,66.93,60.7,37.5,14.53
16055,107.0,103.21,98.05,91.3,82.32,69.65,56.81
16057,69.2,65.92,63.02,57.84,52.82,36.87,21.25
16059,89.4,109.01,102.85,95.33,88.57,53.76,18.93
16061,198.1,154.63,63.56,28.8,11.22,15.38,19.7
16063,0.0,-0.01,-0.02,8.47,14.5,12.83,11.05
16065,59.4,56.49,53.6,51.31,46.76,36.22,25.77
16067,36.2,34.5,31.86,29.92,27.66,23.59,19.63
16069,130.6,126.52,127.38,116.2,110.68,130.09,149.61
16071,121.0,111.16,106.56,100.63,92.6,78.17,63.74
16073,21.0,22.05,15.88,24.74,26.17,15.32,4.28
16075,43.6,45.03,46.82,44.82,43.02,50.68,58.19
16077,83.3,79.07,74.4,67.78,60.59,47.4,34.33
16079,132.3,120.56,111.82,102.94,86.97,53.24,19.6
16081,73.4,66.35,61.09,54.62,50.05,33.87,17.79
16083,116.0,110.21,103.83,96.44,88.62,89.9,91.26
16085,110.9,107.59,100.32,90.17,77.07,43.25,9.16
16087,141.1,125.18,117.9,107.25,92.39,63.21,34.02
17001,151.1,144.88,137.87,126.55,107.36,98.37,89.33
17003,48.7,47.96,20.74,7.86,3.0,38.36,73.85
17005,69.0,63.64,58.52,51.41,45.48,33.68,21.84
17007,55.3,54.18,51.96,49.21,43.72,34.47,25.06
17009,5.6,4.11,3.24,2.38,0.92,21.96,42.96
17011,32.5,32.48,31.48,31.2,28.32,42.55,56.64
17013,5.6,3.39,2.52,2.21,0.84,4.62,8.1
17015,24.7,28.11,33.18,35.79,32.27,23.9,15.74
17017,34.5,31.98,27.36,23.77,19.83,13.68,7.41
17019,72.0,70.95,67.81,62.21,55.59,51.67,47.88
17021,101.8,97.9,90.91,81.01,69.84,42.4,14.78
17023,52.9,37.76,30.76,26.63,41.63,40.48,39.53
17025,91.7,84.4,79.19,70.38,61.04,35.57,9.86
17027,39.4,37.77,35.54,33.61,28.79,19.59,10.33
17029,115.7,111.61,104.24,95.54,83.44,70.3,57.09
17031,45.2,43.75,42.2,38.86,34.89,37.39,39.89
17033,40.3,36.67,33.75,30.74,24.73,13.71,2.75
17035,2.6,2.2,1.11,0.83,0.32,10.53,20.63
17037,61.1,58.51,58.04,55.37,51.29,38.09,24.94
17039,93.8,88.68,86.64,80.87,69.94,41.86,13.76
17041,19.5,18.36,27.1,28.71,26.92,20.77,14.4
17043,51.3,49.43,47.69,44.34,40.34,43.89,47.45
17045,147.4,128.44,114.12,97.34,78.05,51.16,24.4
17047,99.6,98.58,97.15,88.46,77.14,58.03,38.5
17049,93.3,78.22,73.83,69.01,59.9,63.19,66.71
17051,75.8,69.47,64.44,59.04,52.43,34.12,15.88
17053,6.1,5.64,4.42,3.9,1.5,11.36,21.11
17055,137.2,130.32,135.4,121.28,111.86,66.42,20.88
17057,81.4,78.72,72.68,70.95,70.28,56.42,42.56
17059,0.0,-0.02,0.04,0.49,18.76,28.05,37.43
17061,6.9,5.13,3.45,2.87,1.24,26.45,51.68
17063,85.5,83.71,88.61,85.15,77.96,59.67,41.45
17065,28.9,11.88,6.15,3.73,1.46,6.32,11.32
17067,36.8,33.8,28.87,23.36,19.26,27.23,35.2
17069,223.3,236.66,238.38,220.09,211.8,196.03,180.47
17071,4.2,2.67,1.2,0.49,0.24,3.44,6.48
17073,68.6,65.83,63.11,59.06,52.92,37.29,21.77
17075,69.1,66.83,61.09,57.82,51.41,43.68,35.95
17077,112.0,107.87,105.79,96.91,85.09,98.25,111.32
17079,46.1,43.24,42.63,40.18,36.45,27.4,18.33
17081,128.1,120.33,116.21,108.75,96.71,96.55,96.35
17083,109.2,108.31,114.27,111.44,104.58,87.4,70.01
17085,47.7,43.65,40.29,38.39,25.76,25.14,24.59
17087,32.6,31.78,30.51,28.07,25.87,16.54,7.11
17089,46.0,43.9,42.41,39.41,35.79,27.84,20.04
17091,86.0,82.99,82.24,78.57,71.19,62.13,53.19
17093,59.5,56.78,53.82,50.84,45.34,24.52,3.62
17095,115.8,113.14,109.27,101.83,91.35,77.3,63.11
17097,57.5,55.51,53.42,49.98,45.24,41.18,37.27
17099,91.9,89.59,86.41,81.16,74.62,45.83,17.19
17101,103.9,96.66,90.39,85.96,79.16,58.53,37.81
17103,68.8,64.92,63.81,60.79,59.63,38.41,17.56
17105,80.7,76.0,73.11,73.98,67.58,52.76,37.91
17107,90.5,87.87,83.06,74.75,66.67,42.93,18.96
17109,84.8,84.05,82.18,80.22,71.99,56.76,41.22
17111,72.7,67.89,64.82,60.68,55.41,39.17,22.89
17113,64.2,62.11,59.09,54.99,49.68,53.62,57.61
17115,107.8,103.96,100.31,91.75,82.08,77.12,72.34
17117,37.7,37.81,38.64,36.07,32.32,25.96,19.79
17119,116.5,112.65,108.59,101.74,91.82,70.2,48.74
17121,137.3,139.26,132.11,124.18,113.61,78.26,43.01
17123,46.7,48.65,53.07,51.26,44.71,34.97,25.29
17125,65.6,65.42,62.36,58.08,48.33,33.02,17.82
17127,141.3,156.33,151.94,143.89,136.2,97.92,59.61
17129,2.4,1.96,9.02,19.08,19.86,8.3,-3.2
17131,41.1,38.7,36.36,24.78,19.0,19.96,21.04
17133,81.4,77.94,74.17,72.3,68.09,39.2,10.25
17135,127.7,121.16,121.95,113.34,102.29,68.18,34.01
17137,125.6,125.39,126.71,118.65,105.02,78.19,51.36
17139,42.1,42.16,40.18,34.6,30.35,15.95,1.62
17141,29.3,27.45,25.31,23.93,21.27,16.85,12.35
17143,87.6,86.0,81.65,74.48,65.62,89.83,113.95
17145,103.9,98.48,68.26,55.68,46.52,55.41,64.22
17147,42.2,41.39,37.89,31.33,26.19,24.33,22.22
17149,32.6,29.23,27.65,26.16,33.75,36.03,38.2
17151,49.4,48.49,48.76,42.29,19.52,24.55,29.43
17153,70.6,69.25,78.05,71.28,61.14,23.31,-14.47
17155,22.0,27.34,27.11,25.4,24.7,32.63,40.67
17157,75.1,72.88,70.23,66.2,57.19,47.78,38.51
17159,101.5,98.56,92.21,85.96,79.85,56.83,33.81
17161,88.2,85.7,84.77,79.32,71.26,58.43,45.49
17163,79.5,79.09,77.74,72.4,64.67,61.69,58.68
17165,246.9,224.61,219.9,209.29,189.35,150.83,112.4
17167,111.1,107.61,101.82,91.77,80.76,88.24,95.83
17169,47.9,18.69,8.59,4.13,20.95,26.67,32.29
17171,0.0,0.26,0.14,0.01,-0.02,2.66,5.52
17173,37.5,34.94,33.73,31.96,30.15,22.77,15.37
17175,0.0,0.06,-0.0,-0.05,0.01,0.64,1.35
17177,90.7,88.13,84.85,78.16,72.17,58.59,45.05
17179,99.8,96.15,92.89,87.04,78.22,49.99,21.87
17181,162.9,163.32,160.85,148.99,130.81,97.88,64.91
17183,107.1,102.5,96.89,89.52,78.62,63.42,48.09
17185,123.2,118.31,114.57,99.31,80.2,51.09,21.82
17187,71.1,72.12,74.99,71.38,64.75,44.18,23.34
17189,18.2,23.34,29.08,30.4,29.19,30.03,30.76
17191,85.3,82.58,80.93,77.04,69.13,63.68,58.24
17193,117.1,119.13,115.38,105.88,87.16,51.47,15.94
17195,70.3,69.56,66.15,59.85,52.11,43.39,34.66
17197,58.4,56.47,54.95,52.14,47.6,38.63,29.52
17199,153.8,151.25,151.61,141.74,129.21,106.44,83.86
17201,102.5,98.65,96.04,90.31,82.28,76.53,70.78
17203,20.8,23.61,26.95,27.3,25.35,30.65,35.84
18001,67.7,66.38,64.77,60.21,54.43,39.04,23.88
18003,85.8,83.36,78.79,71.67,63.31,76.27,89.12
18005,113.1,105.02,97.83,88.49,78.29,61.89,45.62
18007,25.1,22.41,21.46,21.07,18.43,12.54,6.84
18009,101.0,93.37,87.04,78.34,72.62,45.45,18.0
18011,79.2,75.06,69.88,62.73,55.86,49.59,43.39
18013,42.4,40.67,40.11,35.98,32.09,23.06,13.89
18015,34.9,33.58,31.67,26.63,22.0,11.48,0.9
18017,77.5,76.46,72.38,65.77,60.09,36.06,11.84
18019,130.4,120.77,110.79,99.11,90.03,80.34,70.9
18021,112.8,106.91,99.32,90.68,79.1,43.73,8.37
18023,98.0,85.66,75.8,69.2,57.94,34.84,11.76
18025,62.3,56.5,53.52,49.74,43.78,23.11,2.47
18027,101.5,92.64,85.27,78.1,70.13,50.53,30.99
18029,101.2,96.0,91.53,86.24,81.04,84.95,88.91
18031,96.6,89.92,79.27,67.74,58.03,46.39,34.75
18033,81.0,79.21,72.92,63.52,55.25,33.4,11.4
18035,129.0,111.88,104.12,96.08,86.89,86.97,87.1
18037,118.1,110.81,105.75,99.52,90.07,69.84,49.58
18039,84.7,80.31,75.72,67.43,57.43,49.02,40.41
18041,160.0,147.24,127.48,114.84,103.66,61.63,19.54
18043,152.6,143.22,136.16,124.78,112.3,119.46,126.39
18045,121.8,115.5,116.46,107.64,92.76,48.34,3.86
18047,57.8,56.01,52.47,47.17,41.6,34.46,27.16
18049,98.8,95.84,94.89,93.42,86.53,52.85,19.22
18051,114.5,105.07,97.38,90.8,83.59,55.33,27.03
18053,124.9,116.38,108.7,99.18,88.77,56.7,24.97
18055,98.9,97.86,95.48,85.37,72.73,49.39,25.89
18057,55.7,53.86,51.81,49.04,44.74,43.75,42.9
18059,80.0,78.83,77.58,71.79,65.66,46.39,27.2
18061,106.2,97.56,93.84,90.48,84.09,64.31,44.46
18063,82.7,79.81,75.61,69.39,62.81,51.61,40.39
18065,106.5,105.64,100.45,93.94,86.98,57.67,28.22
18067,137.3,130.83,125.78,119.16,108.83,83.72,58.64
18069,97.5,89.7,82.83,75.76,68.07,35.88,3.7
18071,109.7,103.6,95.16,83.18,68.74,64.0,59.07
18073,132.6,127.65,124.42,119.99,109.16,78.37,47.53
18075,114.8,107.82,96.16,87.94,78.5,46.71,15.01
18077,131.7,126.14,118.54,106.77,96.11,78.01,60.22
18079,122.9,112.73,103.65,94.42,82.9,45.78,8.76
18081,99.8,94.28,87.87,81.27,73.24,69.01,64.79
18083,147.7,137.5,132.55,124.31,108.9,112.07,115.4
18085,83.9,81.33,76.82,69.71,60.41,36.12,11.72
18087,26.9,25.32,23.97,21.88,18.75,13.71,8.51
18089,89.2,84.52,83.42,79.22,71.51,70.36,69.43
18091,119.1,113.02,108.55,97.85,86.06,73.85,61.9
18093,152.1,144.76,137.29,127.51,113.57,67.99,22.82
18095,126.0,119.65,113.71,105.48,94.14,74.32,54.36
18097,84.7,80.03,75.21,69.35,61.55,69.1,76.61
18099,98.4,95.67,91.64,85.11,75.0,45.26,15.49
18101,125.1,117.2,111.93,100.33,87.72,59.35,31.16
18103,75.1,73.05,69.45,63.17,56.45,38.3,20.21
18105,80.7,77.55,73.85,68.21,60.25,64.75,69.19
18107,105.5,103.01,100.24,96.51,84.59,48.03,11.67
18109,133.7,125.35,116.35,108.04,97.15,65.19,33.34
18111,28.0,26.87,26.23,23.37,19.96,8.72,-2.48
18113,89.2,83.6,79.43,73.06,65.41,36.3,7.35
18115,0.0,1.21,2.95,3.57,1.49,33.68,66.23
18117,132.0,121.9,111.93,98.27,84.2,50.54,16.54
18119,80.8,79.84,76.59,72.34,66.35,39.6,12.63
18121,51.0,48.68,43.88,37.92,36.32,34.56,32.76
18123,118.8,111.76,108.08,99.4,86.52,47.33,8.13
18125,89.0,89.86,92.78,87.06,76.95,55.39,33.89
18127,100.8,97.7,92.8,88.29,81.34,64.4,47.35
18129,57.5,57.62,56.5,53.82,52.96,52.34,51.76
18131,78.0,67.07,69.78,62.4,52.64,43.63,34.63
18133,91.9,86.99,81.82,65.82,55.15,36.72,18.19
18135,101.5,90.2,82.06,74.43,65.83,59.99,53.94
18137,107.0,105.68,106.99,103.16,95.46,60.34,25.08
18139,98.4,92.08,84.0,75.49,63.48,42.4,21.0
18141,90.6,87.35,83.52,76.55,66.53,68.04,69.57
18143,199.3,178.1,159.97,141.06,124.53,131.96,139.27
18145,95.5,87.34,81.64,75.03,65.71,46.16,26.88
18147,76.2,54.88,45.29,36.97,30.53,23.47,16.34
18149,125.7,120.7,117.07,109.66,98.22,70.16,42.05
18151,92.1,89.56,85.04,78.64,70.42,46.85,23.27
18153,123.0,113.76,103.88,90.1,75.04,60.03,45.07
18155,51.3,49.04,46.85,42.67,38.62,20.18,1.73
18157,83.7,80.02,74.64,68.31,58.17,60.87,63.37
18159,67.6,63.92,60.87,53.26,45.13,33.67,21.91
18161,61.6,64.33,59.37,50.2,46.04,28.67,11.41
18163,152.5,143.71,140.09,131.27,118.68,137.89,157.11
18165,104.3,98.97,94.74,87.8,76.22,45.66,15.02
18167,116.9,113.15,107.35,100.2,86.27,87.95,89.72
18169,105.2,100.53,96.48,90.39,79.81,45.67,11.47
18171,0.0,-0.07,0.03,0.07,0.03,2.9,5.87
18173,89.6,86.75,84.63,80.39,72.58,67.83,62.98
18175,95.7,93.71,81.57,76.27,71.83,53.56,35.19
18177,123.0,117.32,107.45,96.96,87.57,84.0,80.32
18179,79.7,79.78,77.1,71.48,64.84,52.3,39.69
18181,96.4,91.78,86.3,78.67,70.37,35.18,-0.06
18183,110.3,106.12,98.42,86.42,76.16,42.04,7.89
19001,52.8,54.43,52.83,46.78,40.53,25.64,10.71
19003,7.1,8.55,11.48,45.96,50.75,29.75,8.87
19005,50.5,49.05,46.28,42.83,32.63,30.77,29.0
19007,138.2,135.01,123.84,112.65,98.9,66.19,33.62
19009,51.3,52.32,49.32,52.9,61.7,48.47,35.03
19011,15.1,15.17,13.78,12.07,9.47,10.97,12.6
19013,85.3,81.18,75.96,68.36,62.53,61.0,59.45
19015,66.1,62.7,61.72,58.67,51.89,35.71,19.49
19017,50.6,47.91,48.24,45.22,40.37,31.39,22.52
19019,43.7,40.67,38.88,36.2,31.74,22.04,12.47
19021,44.0,47.59,44.22,39.95,35.16,26.82,18.27
19023,18.5,17.96,17.36,17.13,16.19,14.55,12.92
19025,55.4,60.58,65.19,66.14,63.43,57.97,52.59
19027,118.3,111.26,103.87,95.78,82.26,60.93,39.49
19029,112.2,108.27,103.24,95.22,85.27,63.3,41.08
19031,23.7,23.01,21.0,18.75,16.84,17.76,18.69
19033,112.7,108.6,101.92,89.61,74.73,73.63,72.66
19035,57.7,58.03,48.75,42.16,35.4,27.28,19.26
19037,29.8,34.25,29.65,25.09,21.06,11.61,2.0
19039,103.1,95.2,90.49,93.85,84.95,49.61,14.27
19041,113.2,116.84,109.49,103.27,94.94,78.99,62.93
19043,38.3,36.61,31.45,25.65,18.6,14.41,10.34
19045,87.8,86.62,81.83,75.51,68.14,53.09,38.22
19047,69.1,68.87,65.48,60.99,53.8,38.02,22.31
19049,15.9,16.04,16.98,18.99,19.53,13.9,8.17
19051,61.9,65.61,60.92,55.92,43.67,35.69,27.78
19053,33.7,42.9,44.38,50.07,52.59,53.32,54.0
19055,54.3,51.2,48.34,44.2,41.14,32.17,23.19
19057,111.9,108.38,100.35,90.75,81.22,66.69,52.03
19059,82.4,84.75,80.33,77.61,69.45,46.78,24.07
19061,66.9,67.5,63.57,57.74,53.08,45.01,36.83
19063,66.5,69.77,65.44,56.77,50.0,35.69,21.56
19065,86.5,74.27,68.38,63.28,57.35,36.47,15.83
19067,113.2,105.12,92.59,67.66,55.58,44.04,32.49
19069,29.3,19.94,12.29,5.29,2.05,4.67,7.28
19071,71.0,73.18,71.93,49.55,39.3,30.63,22.08
19073,107.9,100.18,95.53,89.83,78.09,55.47,32.88
19075,2.2,11.27,24.12,30.94,33.42,35.4,37.35
19077,16.7,10.03,5.45,7.78,25.54,28.7,31.99
19079,71.0,71.46,67.38,60.1,54.17,49.44,44.9
19081,0.1,0.45,0.33,0.19,0.03,19.17,38.33
19083,69.6,62.34,58.27,54.9,56.67,43.56,30.37
19085,72.6,72.68,70.7,64.12,53.5,44.64,35.84
19087,77.5,74.84,70.8,66.71,59.23,41.86,24.46
19089,42.1,38.51,33.67,30.35,26.38,16.72,6.86
19091,67.9,67.17,63.65,56.31,50.56,32.94,15.21
19093,54.3,38.81,50.55,59.39,61.5,44.35,27.13
19095,25.5,26.97,32.52,33.24,30.01,26.62,23.3
19097,40.8,40.18,37.41,34.2,30.48,20.5,10.57
19099,71.6,70.57,70.4,64.14,56.02,44.36,32.55
19101,96.5,96.42,93.37,87.3,78.22,59.2,40.0
19103,40.0,37.13,34.17,30.65,27.06,52.45,77.96
19105,33.6,39.73,44.06,41.18,31.62,23.96,16.06
19107,0.0,0.03,0.07,0.03,0.06,2.58,5.16
19109,50.2,45.38,41.01,36.69,33.32,21.79,10.02
19111,120.5,118.17,122.79,115.55,102.26,64.33,26.22
19113,80.4,75.74,69.03,61.07,52.06,42.26,32.57
19115,29.8,29.45,28.4,22.25,20.56,14.38,8.38
19117,113.8,112.87,109.6,94.44,83.68,61.66,39.75
19119,27.5,29.67,26.72,25.21,23.31,22.55,21.79
19121,86.5,85.77,84.83,78.96,69.07,48.55,27.97
19123,83.9,77.04,71.35,70.81,64.6,48.85,33.17
19125,75.8,70.31,64.63,60.17,55.13,45.89,36.81
19127,92.1,84.9,80.24,72.27,63.01,42.93,22.74
19129,39.8,40.11,40.28,45.62,41.9,42.6,43.34
19131,31.5,28.11,27.3,25.8,25.09,21.9,18.58
19133,91.5,91.0,91.25,87.75,83.42,53.75,24.21
19135,109.6,106.46,98.87,84.67,73.12,87.25,101.58
19137,79.7,83.49,83.62,83.17,94.75,62.19,29.56
19139,73.3,68.42,62.3,58.16,52.37,42.2,32.04
19141,49.0,54.06,56.44,58.17,54.13,43.97,33.85
19143,38.2,13.75,27.01,31.09,29.7,18.61,7.31
19145,124.5,120.05,115.29,106.29,95.09,68.19,41.26
19147,58.9,49.77,42.42,37.16,31.38,14.61,-2.24
19149,52.6,47.61,46.2,43.88,41.3,25.06,8.94
19151,59.8,62.45,62.95,59.47,52.19,32.36,12.74
19153,94.0,90.66,85.38,75.84,65.15,64.86,64.53
19155,99.7,97.32,93.09,84.87,74.74,55.09,35.7
19157,59.5,58.66,55.93,52.68,47.6,42.04,36.48
19159,107.9,100.25,93.43,73.79,65.64,40.15,14.84
19161,20.9,21.04,19.41,16.99,16.17,18.61,21.02
19163,83.2,79.75,75.74,68.93,60.46,59.5,58.39
19165,57.8,57.12,59.3,55.4,51.13,37.26,23.18
19167,31.7,29.5,31.1,25.96,23.01,21.6,20.05
19169,48.4,45.8,43.22,39.7,34.81,32.15,29.43
19171,20.8,27.18,29.6,28.07,27.32,25.32,23.23
19173,23.1,22.67,21.36,17.14,6.54,30.56,54.4
19175,148.2,146.55,133.79,123.19,111.72,78.59,45.54
19177,1.6,1.68,1.48,0.86,15.77,32.75,49.73
19179,132.5,133.53,125.58,109.06,88.71,61.86,34.95
19181,45.6,43.94,41.8,39.99,41.18,28.18,15.21
19183,49.3,47.89,46.54,43.99,41.03,31.94,22.56
19185,62.1,25.29,19.36,47.27,52.66,77.54,102.35
19187,104.1,97.91,93.21,82.11,71.68,61.8,51.99
19189,59.7,58.93,56.16,53.43,48.98,35.99,23.02
19191,54.3,49.83,48.18,45.51,41.15,33.13,25.11
19193,72.2,74.13,73.21,69.78,64.75,56.72,48.94
19195,1.2,1.04,0.85,0.81,0.45,1.12,1.74
19197,77.7,72.67,67.71,56.71,47.37,37.9,28.69
20001,175.0,162.96,120.34,122.61,127.69,102.11,76.34
20003,8.0,6.61,3.26,1.78,0.63,5.33,9.91
20005,115.8,110.55,106.81,100.9,90.78,65.33,39.92
20007,22.4,12.03,7.18,4.55,1.75,25.23,48.82
20009,106.3,105.23,104.18,100.7,98.43,73.22,47.74
20011,117.6,108.74,113.76,108.69,96.52,79.82,63.1
20013,64.3,57.81,51.52,48.12,40.99,38.23,36.0
20015,110.2,106.51,100.28,93.18,91.6,75.56,59.63
20017,0.0,-0.02,-0.04,-0.02,0.01,10.69,21.29
20019,23.1,19.95,16.45,11.89,4.53,20.45,36.16
20021,77.6,73.44,54.18,43.33,35.92,37.23,38.5
20023,119.9,117.21,116.61,110.08,107.46,123.34,139.13
20025,9.7,7.19,3.22,1.78,0.66,63.33,126.18
20027,78.6,31.97,64.17,73.15,75.35,65.79,56.37
20029,89.0,82.03,60.23,46.62,38.6,23.07,7.46
20031,11.4,18.12,10.01,5.84,55.26,79.28,103.27
20033,2.1,2.31,1.63,1.06,0.41,6.4,12.22
20035,99.8,94.73,94.82,92.18,88.45,70.67,52.74
20037,133.9,122.14,111.64,99.89,87.1,96.54,105.87
20039,114.8,99.36,88.85,84.84,71.34,43.11,14.86
20041,2.4,2.14,1.75,1.69,0.65,30.74,60.9
20043,0.0,0.03,0.02,0.06,0.04,1.75,3.36
20045,76.5,73.51,69.72,63.21,56.44,48.68,40.8
20047,3.0,22.23,49.31,57.98,66.04,61.04,56.06
20049,11.8,12.91,8.3,5.32,1.99,1.77,1.58
20051,133.5,123.59,113.83,102.74,96.02,75.39,54.7
20053,88.5,81.89,74.97,71.81,72.52,61.08,49.74
20055,87.4,81.7,77.2,70.66,65.04,45.78,26.34
20057,91.8,87.0,84.93,78.09,72.15,75.18,78.42
20059,126.7,108.4,105.7,98.79,91.91,63.12,34.37
20061,75.0,71.41,65.99,60.45,58.78,51.06,43.28
20063,3.7,3.09,19.82,41.9,16.09,21.83,27.42
20065,176.5,164.9,152.26,135.45,51.83,27.79,3.71
20067,11.8,55.42,58.91,57.62,54.79,35.69,16.88
20069,21.2,21.2,22.43,20.55,17.41,19.8,22.2
20071,97.1,105.97,108.77,108.33,104.66,116.54,128.43
20073,6.4,5.57,3.43,2.0,0.67,11.0,21.41
20075,93.5,89.09,77.42,56.95,45.74,21.15,-3.41
20077,85.9,73.64,67.97,69.77,67.29,51.98,36.73
20079,102.7,97.67,89.65,83.95,79.57,70.14,60.7
20081,6.8,4.95,3.34,2.77,1.09,15.1,29.27
20083,5.7,5.22,2.15,1.33,0.47,18.39,36.52
20085,55.6,52.47,49.9,46.96,41.98,29.02,16.1
20087,2.2,1.56,0.94,0.8,1.59,8.18,15.0
20089,1.6,0.78,0.62,0.55,0.25,0.16,0.22
20091,73.7,71.27,68.53,62.95,57.49,58.05,58.16
20093,54.8,49.94,48.74,43.48,38.07,63.5,88.83
20095,0.0,-0.01,-0.01,-0.04,0.07,20.4,40.88
20097,3.6,25.56,53.01,66.36,67.65,69.9,72.42
20099,118.8,112.38,108.11,102.89,96.44,77.5,58.49
20101,76.7,88.62,89.63,80.79,76.02,50.89,25.68
20103,52.8,50.02,46.44,42.28,37.66,32.59,27.25
20105,6.4,5.27,2.83,1.41,0.5,2.86,5.1
20107,4.1,5.36,4.33,4.03,1.63,8.13,14.94
20109,4.0,3.89,42.86,57.57,64.05,55.59,47.26
20111,74.3,73.72,75.56,73.1,65.67,51.48,37.37
20113,96.3,90.7,83.82,79.22,75.37,53.42,31.54
20115,35.3,18.0,24.94,28.41,27.24,16.7,6.32
20117,41.0,37.19,34.26,32.48,27.6,31.97,36.25
20119,1.9,1.84,1.3,1.07,0.5,13.13,25.48
20121,31.4,29.44,28.41,37.35,35.62,29.0,22.6
20123,91.4,89.5,94.03,93.0,89.46,80.77,72.21
20125,144.3,127.51,118.66,118.91,109.18,67.64,26.37
20127,4.3,5.1,2.58,2.1,0.88,6.34,11.71
20129,198.5,178.71,152.63,131.76,115.41,114.06,112.89
20131,39.7,33.59,30.51,27.86,25.11,20.51,15.84
20133,47.2,42.8,39.97,43.78,70.78,75.48,80.24
20135,7.1,5.8,63.21,87.46,99.93,72.23,44.66
20137,121.2,111.5,105.67,92.44,85.84,65.58,45.55
20139,4.0,3.47,2.29,2.09,0.79,10.46,20.14
20141,185.3,170.78,167.45,158.04,151.25,112.72,74.42
20143,4.8,4.06,2.52,1.46,0.57,8.76,16.93
20145,70.2,64.04,55.88,49.5,40.73,29.88,19.13
20147,6.3,5.54,3.57,2.87,1.11,17.39,33.56
20149,2.9,2.56,1.65,1.1,0.43,6.92,13.61
20151,202.2,193.09,187.93,169.5,149.82,116.45,83.23
20153,5.0,4.09,1.72,1.2,0.46,18.67,36.67
20155,117.7,114.67,109.64,101.44,90.95,77.06,63.04
20157,9.0,6.43,3.74,2.84,1.16,9.95,18.81
20159,56.6,53.49,51.39,44.06,36.77,22.46,8.4
20161,71.2,70.24,68.1,64.79,61.33,50.78,40.21
20163,3.1,3.43,2.76,2.52,1.05,31.27,61.47
20165,57.1,54.61,46.79,47.09,49.33,40.82,32.31
20167,6.6,4.9,3.44,2.85,1.09,33.61,66.16
20169,164.2,149.74,141.96,131.45,123.3,112.52,101.86
20171,121.1,108.56,99.23,93.3,89.94,84.81,79.87
20173,109.2,105.53,101.98,96.53,89.31,93.47,97.57
20175,131.6,122.93,110.47,102.53,95.86,72.13,48.17
20177,118.6,114.57,109.45,97.73,86.09,70.95,55.81
20179,1.9,1.96,1.68,1.5,0.57,5.09,9.37
20181,99.3,91.22,90.75,82.73,72.37,39.96,7.39
20183,156.9,142.85,139.24,125.26,115.25,98.65,81.93
20185,0.0,-0.08,-0.06,-0.08,-0.02,15.29,30.43
20187,3.2,2.11,26.38,68.76,82.25,101.16,120.22
20189,0.0,9.5,19.33,20.9,20.44,14.48,8.47
20191,67.6,66.03,66.3,65.59,58.16,56.69,54.9
20193,127.3,110.9,97.3,87.93,85.65,70.36,55.08
20195,148.3,148.61,141.91,137.32,128.13,121.42,114.76
20197,0.0,-0.02,-0.04,-0.06,-0.0,4.09,8.2
20199,43.8,47.97,44.09,42.51,39.5,16.53,-6.3
20201,20.8,46.26,68.18,78.21,81.24,67.66,53.94
20203,0.0,-0.0,0.04,0.03,0.03,3.25,6.43
20205,120.5,118.63,117.78,105.25,89.71,101.07,112.49
20207,3.3,2.85,1.46,1.19,0.42,8.59,17.0
20209,78.8,75.35,73.0,66.94,60.89,90.38,120.11
21001,126.4,122.76,108.61,102.79,96.1,80.75,65.35
21003,84.7,89.75,91.61,87.68,78.18,57.39,36.4
21005,100.7,95.99,92.53,83.11,73.68,42.57,11.4
21007,102.4,96.75,100.59,95.15,89.2,36.96,-15.78
21009,136.7,127.76,126.46,120.63,110.56,84.18,57.9
21011,61.8,60.53,56.35,50.85,43.5,19.45,-4.57
21013,271.8,259.0,253.2,236.42,212.64,177.26,141.92
21015,97.5,94.62,91.1,84.84,77.63,56.04,34.43
21017,109.7,104.6,100.51,93.59,84.43,55.16,25.8
21019,113.7,104.08,95.81,86.45,77.44,93.17,108.96
21021,148.3,137.39,124.93,110.01,99.16,103.15,106.97
21023,21.4,21.16,19.5,17.55,16.03,21.22,26.23
21025,213.0,210.24,194.95,180.04,162.5,104.14,45.84
21027,53.9,51.59,48.86,45.88,43.73,30.83,18.18
21029,69.3,68.56,66.08,64.19,61.02,34.22,7.35
21031,101.6,100.2,94.13,84.52,75.73,44.81,13.9
21033,141.2,136.7,133.85,128.67,121.29,68.88,16.64
21035,103.3,100.48,98.52,92.04,83.26,63.24,43.2
21037,96.5,92.78,88.54,81.72,74.69,57.2,39.81
21039,62.4,67.4,76.06,80.79,86.62,83.25,79.88
21041,195.7,186.55,172.28,149.7,132.75,80.42,28.07
21043,95.3,86.7,79.57,70.37,62.68,37.13,11.59
21045,127.7,124.37,112.95,96.66,81.49,51.89,22.25
21047,66.4,67.12,64.9,58.98,51.73,42.93,34.12
21049,108.3,101.48,97.45,93.16,86.99,144.91,202.92
21051,235.3,225.73,221.57,199.95,179.83,149.46,118.92
21053,234.7,197.63,171.9,146.77,127.39,89.6,51.85
21055,137.0,128.9,124.95,113.4,98.27,78.31,58.61
21057,216.2,206.13,186.25,162.08,140.48,89.35,38.27
21059,124.0,116.42,108.14,98.61,88.69,81.95,75.25
21061,65.5,49.61,75.37,72.55,66.39,35.71,4.9
21063,5.6,4.45,26.18,30.74,30.93,14.81,-1.47
21065,165.0,151.79,148.25,138.32,129.72,75.68,21.73
21067,73.6,71.3,67.57,60.21,52.43,94.94,137.2
21069,93.2,83.92,75.91,66.38,59.4,45.04,30.6
21071,263.1,250.99,235.57,223.72,212.34,170.85,129.45
21073,108.4,103.99,98.61,88.98,79.82,75.1,70.46
21075,178.5,180.22,179.98,171.34,161.81,76.65,-8.66
21077,39.3,42.92,42.8,39.83,34.13,50.04,65.85
21079,54.3,50.89,50.6,45.24,38.68,30.62,22.39
21081,127.2,119.31,111.56,104.19,93.62,47.98,2.53
21083,94.5,98.08,97.39,94.08,89.21,54.98,20.72
21085,145.9,137.94,131.91,126.3,119.76,82.97,46.2
21087,98.4,90.36,84.79,67.75,63.81,35.61,7.51
21089,94.8,85.61,80.21,72.61,65.75,42.2,18.67
21091,25.8,26.0,25.99,25.2,24.68,11.86,-0.83
21093,88.7,87.07,86.66,83.97,80.2,70.79,61.3
21095,144.3,141.12,134.15,126.44,116.52,83.0,49.36
21097,102.3,105.24,99.61,87.95,79.31,61.9,44.4
21099,64.8,62.31,60.28,58.62,56.59,28.91,1.21
21101,154.0,149.6,145.75,136.3,121.74,85.87,49.74
21103,64.6,62.47,62.03,58.66,53.68,37.11,20.44
21105,69.1,70.18,64.97,57.82,58.36,48.84,39.46
21107,139.5,137.45,132.73,128.2,123.86,107.89,92.1
21109,49.9,48.99,48.39,50.25,47.33,26.24,5.03
21111,95.5,90.84,86.23,80.17,73.79,86.01,98.37
21113,100.4,98.01,93.84,84.62,74.78,49.45,23.96
21115,180.0,182.43,179.75,173.52,157.92,127.49,97.13
21117,80.4,78.85,76.38,70.85,63.75,75.08,86.36
21119,75.4,84.87,86.49,83.02,72.75,58.33,44.15
21121,94.8,88.11,87.35,84.65,80.89,66.2,51.49
21123,87.3,89.26,87.57,83.72,71.93,45.91,20.12
21125,125.4,116.48,109.89,98.75,88.97,84.12,79.08
21127,119.5,113.83,109.55,101.41,92.1,64.19,36.07
21129,203.8,174.71,157.43,143.42,132.45,98.33,64.27
21131,244.2,226.51,216.0,193.79,174.04,104.89,35.79
21133,162.0,154.54,143.61,132.97,122.93,69.87,17.04
21135,34.3,32.24,26.84,23.77,20.01,18.53,17.1
21137,83.5,77.17,75.4,67.09,58.4,28.98,-0.59
21139,9.0,7.95,7.11,6.3,2.38,20.65,39.03
21141,74.4,82.41,95.85,101.86,99.03,52.92,6.84
21143,117.7,118.29,116.74,110.24,104.94,71.74,38.59
21145,190.8,184.7,184.06,172.85,158.64,217.53,276.27
21147,130.9,129.86,124.26,121.59,106.64,56.13,5.6
21149,89.4,88.18,87.43,83.38,74.18,34.23,-5.83
21151,96.1,91.58,86.8,79.26,72.1,47.44,22.7
21153,154.8,161.62,159.17,145.94,136.86,89.7,42.41
21155,125.7,118.08,112.05,102.81,89.67,61.21,32.59
21157,109.2,108.51,112.89,110.71,103.71,65.33,27.12
21159,127.3,134.87,135.3,133.2,127.06,91.45,55.9
21161,126.1,118.68,108.27,100.07,91.9,66.27,40.71
21163,60.2,60.95,59.37,56.89,51.74,26.79,1.96
21165,35.0,14.84,32.44,35.55,34.79,23.07,11.53
21167,104.7,104.66,100.58,91.65,80.39,43.08,5.98
21169,74.4,72.62,72.48,68.99,63.9,35.19,6.69
21171,165.4,146.88,130.23,115.48,101.15,62.62,24.13
21173,171.7,161.76,152.22,138.44,125.9,89.63,53.51
21175,65.0,60.88,63.77,74.51,77.41,61.38,45.11
21177,138.8,135.78,130.95,123.96,112.13,70.22,28.26
21179,101.6,95.48,93.56,88.76,82.73,54.42,26.2
21181,38.0,48.3,44.85,35.54,29.66,12.82,-3.99
21183,111.6,99.81,107.64,105.97,97.39,94.58,91.58
21185,65.5,61.89,59.33,54.59,49.59,30.76,12.0
21187,37.1,49.09,50.5,45.4,41.66,22.3,3.24
21189,262.2,253.86,252.41,244.59,242.88,192.25,141.48
21191,53.8,52.27,51.95,49.01,46.69,31.4,15.87
21193,243.4,226.22,215.68,209.25,205.74,275.11,344.56
21195,263.1,249.31,231.05,211.29,192.42,156.18,120.11
21197,149.0,149.22,149.15,143.38,136.97,96.02,55.06
21199,124.7,114.31,104.57,93.36,84.98,69.25,53.32
21201,0.0,-0.01,-0.01,0.06,0.1,0.02,-0.06
21203,104.0,92.11,84.86,74.8,65.75,54.91,44.1
21205,153.8,145.8,130.6,109.11,92.21,68.45,44.77
21207,169.8,160.97,138.56,120.85,109.15,67.62,25.82
21209,97.2,89.36,82.18,75.15,67.68,48.17,28.78
21211,79.6,75.58,74.5,68.05,62.04,38.91,15.83
21213,117.8,111.66,105.83,96.16,87.31,43.2,-0.79
21215,51.4,51.75,47.14,41.4,37.73,19.09,0.4
21217,115.8,105.0,96.74,93.84,88.56,65.9,43.15
21219,80.3,53.21,23.36,11.99,4.58,5.5,6.37
21221,85.5,46.0,63.03,70.36,67.61,35.43,3.12
21223,39.7,37.88,37.16,46.55,48.84,43.94,38.8
21225,143.5,140.19,131.84,125.34,110.61,65.24,20.01
21227,107.4,108.7,99.87,90.59,80.31,94.28,108.37
21229,51.9,49.59,44.39,41.92,39.69,24.47,9.23
21231,168.9,149.44,136.13,123.74,115.56,109.4,103.04
21233,109.4,105.71,102.59,97.99,95.37,65.35,35.41
21235,300.1,276.82,253.56,233.68,212.57,180.22,148.35
21237,198.7,196.2,175.99,143.17,129.28,98.24,67.1
21239,73.9,68.29,63.42,61.48,58.45,42.55,26.64
22001,80.2,74.3,75.86,73.14,70.2,46.68,22.98
22003,115.0,106.37,97.88,89.72,87.4,57.74,27.97
22005,110.1,103.26,97.16,89.88,80.86,54.38,27.76
22007,36.4,35.29,33.89,31.49,29.43,24.95,20.33
22009,146.5,133.08,129.04,120.63,108.9,68.51,27.86
22011,84.0,79.7,76.83,72.83,66.6,48.06,29.41
22013,88.5,82.19,67.92,65.29,59.5,31.36,3.01
22015,102.8,99.61,96.91,92.49,84.4,68.79,52.97
22017,118.6,111.97,111.96,107.8,96.74,123.66,150.64
22019,123.2,115.02,109.16,101.51,94.35,80.1,65.8
22021,86.9,70.87,58.88,51.62,43.15,38.18,33.38
22023,0.0,0.0,0.03,-0.01,0.07,4.26,8.53
22025,113.3,99.97,97.75,98.81,91.75,41.75,-8.33
22027,85.0,88.1,93.71,96.11,94.46,86.84,79.43
22029,93.9,80.8,78.26,86.6,85.47,60.22,34.92
22031,40.3,48.14,58.39,63.87,64.02,35.59,7.22
22033,103.8,98.73,94.59,86.63,77.96,95.37,112.49
22035,98.7,100.82,103.86,97.7,87.76,78.1,68.5
22037,52.7,51.47,48.46,46.61,45.09,33.68,22.09
22039,221.6,213.72,200.2,182.18,158.59,132.74,106.84
22041,100.7,94.86,112.83,110.56,99.04,80.73,62.49
22043,2.1,2.66,28.02,38.03,40.37,20.15,0.11
22045,117.0,104.77,97.39,91.31,85.09,87.1,88.95
22047,99.8,95.41,86.22,79.24,67.2,32.85,-1.44
22049,42.4,41.45,64.09,69.0,60.91,41.77,22.63
22051,119.5,116.58,110.33,101.73,89.76,95.06,100.49
22053,118.4,112.86,107.16,95.55,88.8,66.48,44.42
22055,112.1,105.31,100.12,91.89,84.49,91.99,99.78
22057,106.8,101.48,98.29,91.93,83.67,65.06,46.59
22059,138.3,125.24,121.55,111.86,100.82,84.9,69.11
22061,105.2,94.97,97.06,86.9,80.41,61.86,43.51
22063,113.3,108.59,106.47,98.46,88.42,44.94,1.39
22065,3.2,2.55,2.12,1.76,0.68,3.12,5.7
22067,124.3,114.28,116.81,113.23,99.55,68.05,36.76
22069,86.9,75.9,76.39,75.85,71.81,47.74,23.54
22071,71.9,69.22,66.4,62.03,55.18,79.68,104.35
22073,124.8,121.86,114.98,108.43,98.5,101.33,104.13
22075,3.7,3.17,30.9,38.24,37.73,24.78,11.63
22077,94.9,87.19,92.12,86.97,77.74,44.57,11.5
22079,169.8,158.35,149.36,139.32,125.62,128.33,131.17
22081,14.3,37.15,87.64,98.62,95.55,67.86,40.15
22083,80.2,72.03,114.09,130.61,127.46,104.86,82.27
22085,82.7,69.45,67.88,69.65,63.68,44.33,25.03
22087,170.4,164.33,153.84,130.03,102.23,54.33,6.4
22089,85.6,81.02,76.62,71.43,63.39,33.0,2.59
22091,46.4,50.15,64.5,70.96,70.82,47.73,24.7
22093,58.5,65.33,76.98,78.79,76.36,64.02,51.69
22095,97.5,98.16,95.12,94.34,90.26,77.65,65.27
22097,158.1,153.57,148.57,141.64,128.9,102.91,77.05
22099,86.4,80.87,77.12,72.81,68.44,36.8,5.09
22101,126.5,121.37,112.79,103.98,94.89,58.69,22.52
22103,119.1,110.56,105.6,97.66,87.89,82.67,77.44
22105,147.4,142.9,134.48,122.9,108.58,68.01,27.47
22107,56.0,49.38,46.42,57.81,66.73,40.35,13.98
22109,112.7,105.96,100.68,94.66,86.59,78.72,70.71
22111,74.7,72.87,81.25,82.14,74.28,51.6,28.87
22113,76.6,71.8,68.27,64.95,59.33,38.02,16.7
22115,104.1,95.69,84.78,77.2,70.6,59.16,47.81
22117,141.7,126.75,133.03,129.19,118.79,71.9,24.85
22119,133.8,119.84,116.62,111.22,104.11,69.51,34.91
22121,111.5,106.59,103.14,93.2,82.94,43.08,3.28
22123,66.2,55.95,52.68,51.67,42.09,28.87,15.79
22125,53.5,48.46,46.41,44.69,42.13,25.49,9.03
22127,68.6,60.06,92.2,95.18,90.48,55.66,20.84
23001,92.0,86.63,77.44,65.82,56.46,54.46,52.29
23003,85.7,84.9,78.45,69.61,58.76,55.66,52.66
23005,71.3,65.87,58.08,49.4,43.31,46.16,49.1
23007,73.0,69.75,64.04,55.04,47.12,34.26,21.48
23009,77.3,74.16,68.71,58.77,50.52,42.35,33.94
23011,117.2,113.66,106.21,92.03,78.48,72.3,65.99
23013,75.1,69.81,64.82,58.76,52.81,40.9,28.86
23015,69.3,58.4,50.32,42.33,37.19,41.28,45.35
23017,83.7,81.47,76.09,66.62,58.8,42.46,26.13
23019,83.7,82.4,75.39,65.89,56.92,53.34,49.79
23021,97.2,91.51,83.12,70.7,58.44,38.51,18.57
23023,79.9,73.94,66.21,55.85,49.33,38.15,27.07
23025,85.5,84.39,79.61,68.6,56.37,40.47,24.64
23027,62.2,57.15,50.21,42.75,37.29,34.71,32.24
23029,75.4,74.4,68.09,62.28,53.68,36.4,19.11
23031,79.8,75.85,68.29,58.45,51.24,39.89,28.63
24001,129.2,129.89,128.17,117.87,100.14,95.75,91.19
24003,78.2,75.42,71.94,65.43,58.14,52.7,47.18
24005,83.1,79.72,74.5,67.67,58.68,50.11,41.32
24009,102.8,98.3,93.17,84.34,74.55,54.66,34.48
24011,52.5,50.73,47.99,43.61,38.07,36.57,35.01
24013,81.4,78.37,74.61,68.42,60.45,42.51,24.75
24015,83.8,80.51,76.44,68.87,61.13,37.71,14.25
24017,87.7,83.76,80.49,74.84,66.77,51.46,36.21
24019,72.0,71.35,70.1,68.98,64.27,40.56,17.0
24021,79.6,74.45,70.04,65.56,59.86,56.18,52.58
24023,103.3,104.34,99.54,86.89,72.35,53.11,33.72
24025,85.3,81.59,76.21,69.27,61.23,47.64,33.96
24027,39.6,37.88,36.5,33.56,30.3,29.03,27.78
24029,134.6,127.01,120.8,105.08,92.4,91.76,91.0
24031,39.7,38.32,35.99,32.54,28.74,27.86,26.9
24033,45.4,43.08,40.35,36.47,32.55,28.79,24.96
24035,77.1,73.44,69.66,62.28,54.53,44.6,34.57
24037,78.2,73.7,69.46,61.75,54.84,34.35,13.92
24039,58.7,56.32,52.0,46.72,44.24,22.15,-0.06
24041,114.6,110.56,106.55,100.41,89.78,84.06,78.44
24043,122.8,118.67,115.17,106.24,96.38,98.83,101.03
24045,91.8,87.56,81.24,72.08,64.07,66.71,69.49
24047,95.5,86.09,80.1,69.32,63.35,41.32,19.53
24510,66.6,61.69,57.27,51.68,45.7,61.75,77.75
25001,77.7,72.41,65.1,56.17,48.97,40.32,31.71
25003,82.5,77.22,65.44,56.64,50.43,43.48,36.11
25005,88.1,83.69,76.7,67.64,60.19,49.92,39.69
25007,68.9,65.56,59.21,51.88,44.87,35.34,25.66
25009,59.2,55.21,49.99,43.44,38.22,31.83,25.46
25011,62.9,59.08,54.31,49.19,44.44,35.8,27.08
25013,83.9,79.34,71.45,62.77,54.97,50.89,46.81
25015,70.3,66.14,60.17,53.27,47.64,39.28,30.72
25017,43.2,40.33,36.28,31.66,27.78,25.53,23.36
25019,45.4,43.11,39.07,33.86,29.76,30.81,32.01
25021,52.3,49.46,44.91,39.31,34.56,29.74,24.64
25023,67.6,63.6,57.35,50.05,43.97,33.81,23.51
25025,40.8,37.93,34.32,29.51,25.35,49.91,74.5
25027,66.6,61.7,55.42,48.31,42.33,38.21,34.19
26001,34.3,32.1,29.71,25.34,20.91,15.84,10.84
26003,92.0,86.37,78.4,74.54,50.01,29.31,8.83
26005,66.3,61.06,55.9,50.26,43.27,25.19,7.03
26007,130.4,125.5,121.27,119.14,108.26,76.84,45.21
26009,57.2,53.69,51.79,48.39,43.19,44.55,45.89
26011,146.9,135.4,119.12,103.34,87.84,53.37,18.89
26013,92.0,90.77,86.54,77.81,66.75,50.13,33.49
26015,66.8,65.26,64.24,60.87,53.57,35.5,17.66
26017,114.4,111.68,105.43,97.03,82.91,83.02,83.33
26019,73.7,75.72,73.24,66.46,58.09,51.98,45.98
26021,116.0,110.47,102.31,92.23,78.16,61.15,44.15
26023,94.1,88.07,80.98,75.14,63.25,43.94,24.74
26025,127.2,126.12,122.54,111.18,92.65,75.54,58.51
26027,50.3,46.33,42.06,37.85,31.54,19.28,7.2
26029,82.4,80.85,80.74,76.33,68.9,46.17,23.48
26031,143.3,138.02,127.71,116.37,101.23,73.86,46.35
26033,77.6,69.74,65.43,62.35,52.67,39.99,27.23
26035,171.6,152.75,135.56,119.2,104.04,67.01,30.06
26037,43.4,40.91,39.23,36.89,35.85,27.83,19.88
26039,112.1,105.22,119.07,116.26,102.67,93.42,84.25
26041,113.0,111.48,105.43,97.06,86.55,73.95,61.17
26043,132.0,121.34,111.71,97.99,78.18,57.55,36.77
26045,110.6,103.92,98.5,90.89,77.89,50.4,22.85
26047,142.1,136.19,130.54,121.16,105.66,109.14,112.66
26049,138.8,131.01,123.91,111.82,95.35,82.84,70.54
26051,136.1,124.56,112.06,100.04,86.37,55.37,24.44
26053,127.1,123.11,117.02,103.2,85.18,74.15,62.97
26055,141.7,132.27,114.05,103.39,91.18,91.06,90.84
26057,89.0,84.88,80.04,74.51,65.27,49.23,33.02
26059,80.6,79.62,73.88,66.48,55.53,41.18,26.7
26061,46.7,45.94,43.93,41.34,36.97,30.9,24.83
26063,83.7,80.76,77.17,71.08,61.48,49.36,37.32
26065,86.0,79.86,74.83,68.65,60.09,68.26,76.29
26067,68.5,67.73,67.42,64.94,56.6,43.94,31.29
26069,173.5,169.4,159.43,148.59,129.78,83.66,37.47
26071,83.6,84.18,82.88,79.01,76.23,56.59,36.67
26073,95.6,87.25,79.37,68.56,55.86,42.18,28.35
26075,96.0,91.67,86.67,79.0,68.45,53.92,39.59
26077,84.8,80.58,75.42,68.77,59.97,67.8,75.8
26079,133.6,125.7,113.66,99.83,81.46,57.41,33.36
26081,87.4,81.77,77.8,71.43,61.41,62.53,63.51
26083,0.0,0.06,-0.03,-0.06,-0.1,-0.12,-0.17
26085,37.6,40.19,37.76,32.86,28.4,15.3,2.34
26087,96.6,89.85,82.68,74.56,63.88,42.81,21.6
26089,23.0,22.08,20.98,19.49,16.44,9.95,3.58
26091,97.6,94.59,92.41,87.0,74.78,56.17,37.59
26093,67.2,63.94,60.79,56.23,49.19,35.88,22.67
26095,161.7,155.09,141.07,121.9,104.46,70.65,36.84
26097,82.6,84.92,83.15,79.83,60.75,52.26,43.91
26099,107.8,103.72,99.88,91.94,80.27,65.51,50.82
26101,118.0,110.67,103.0,92.8,82.08,80.03,78.04
26103,93.1,92.76,87.22,80.09,71.48,68.59,65.7
26105,142.4,136.4,128.98,122.47,107.94,75.09,42.16
26107,104.6,98.31,93.17,87.11,76.47,75.9,75.21
26109,67.7,60.99,50.13,39.4,33.7,22.31,10.81
26111,92.1,89.01,85.45,79.17,69.11,61.82,54.8
26113,33.5,27.59,33.7,33.61,27.74,15.62,3.57
26115,107.6,102.96,96.55,85.67,73.93,51.59,29.22
26117,135.7,127.83,120.41,112.58,98.53,73.12,47.68
26119,74.5,69.96,66.44,62.47,54.38,34.14,14.14
26121,151.3,140.95,132.07,119.36,104.77,88.26,71.72
26123,131.3,129.18,120.93,111.12,97.13,61.52,25.95
26125,81.6,78.58,74.91,68.89,60.19,68.44,76.56
26127,73.8,71.97,69.05,64.32,54.68,50.36,46.14
26129,188.0,169.99,156.45,141.93,124.96,91.65,58.34
26131,37.8,38.9,34.86,31.34,26.82,41.71,56.96
26133,104.8,96.98,87.04,75.36,60.89,37.71,14.55
26135,143.8,125.96,108.52,93.44,80.07,36.61,-6.89
26137,174.0,164.73,155.6,149.66,134.93,121.87,108.61
26139,67.5,63.5,60.49,55.63,48.69,35.94,23.13
26141,53.7,53.98,52.98,50.87,45.3,32.87,20.26
26143,208.7,191.74,164.06,144.06,127.36,71.78,16.39
26145,110.0,101.36,94.92,85.07,73.91,80.68,87.4
26147,117.5,112.91,105.21,96.68,86.12,70.16,54.48
26149,129.4,121.59,111.85,100.85,85.54,54.82,24.4
26151,58.3,54.34,49.35,44.24,33.88,22.17,10.26
26153,118.4,104.99,105.31,98.52,90.79,70.28,49.76
26155,105.3,100.74,98.08,91.76,78.82,52.65,26.41
26157,90.9,85.37,80.98,72.69,63.47,53.94,44.32
26159,120.6,118.74,114.99,105.47,88.58,57.0,25.59
26161,55.5,52.24,47.1,41.83,34.92,60.75,86.62
26163,101.7,96.03,91.71,83.38,71.93,63.89,55.89
26165,176.2,167.86,153.33,135.93,113.15,79.89,46.75
27001,107.2,101.57,88.47,75.87,63.89,54.6,45.21
27003,61.6,58.74,54.58,48.35,42.24,29.91,17.44
27005,59.4,54.86,49.09,42.35,38.28,31.23,23.91
27007,67.0,62.4,57.97,50.85,45.03,35.31,25.6
27009,47.4,44.46,41.29,35.96,32.27,14.3,-3.76
27011,107.9,94.91,88.65,85.1,76.3,59.42,42.5
27013,72.7,71.33,68.03,61.77,55.25,50.39,45.61
27015,72.5,69.18,61.36,53.47,45.73,36.18,26.7
27017,99.1,81.12,69.69,60.62,54.75,38.32,21.7
27019,46.8,44.76,41.94,37.88,34.37,28.8,23.1
27021,42.2,38.02,33.71,28.22,24.35,15.76,6.95
27023,68.3,71.64,70.81,65.8,57.29,37.82,18.51
27025,39.9,40.73,36.97,33.08,28.55,20.26,12.13
27027,66.9,64.12,58.09,49.59,40.17,22.08,3.88
27029,80.7,77.26,71.74,63.12,53.54,54.32,55.17
27031,1.4,1.5,26.36,31.9,32.91,18.92,4.96
27033,63.1,55.4,66.97,73.33,69.36,41.12,12.61
27035,76.8,71.05,63.98,56.64,50.59,42.58,34.28
27037,59.3,55.77,51.16,45.91,40.33,26.92,13.25
27039,20.2,18.86,17.61,15.18,11.95,6.03,0.12
27041,109.1,104.04,95.86,86.18,70.16,50.83,31.46
27043,59.0,57.66,55.82,51.83,43.94,31.95,20.06
27045,31.9,31.49,30.39,29.43,26.07,18.37,10.57
27047,45.5,42.77,38.31,35.93,31.64,23.17,15.02
27049,57.5,53.27,49.31,44.32,37.82,27.34,16.78
27051,44.8,45.46,46.54,38.11,32.33,29.86,27.42
27053,47.8,44.72,40.93,36.2,31.53,36.41,41.22
27055,26.6,24.19,23.68,22.3,20.82,17.83,15.08
27057,74.2,67.46,61.15,53.74,45.59,37.87,30.04
27059,58.7,58.16,54.58,50.15,47.51,35.1,22.82
27061,97.9,86.95,73.26,62.6,55.38,40.28,25.15
27063,31.1,10.79,20.58,22.57,23.83,20.36,16.99
27065,87.4,89.5,85.04,75.95,66.73,49.01,31.37
27067,68.3,66.9,65.27,61.06,54.31,43.02,31.83
27069,41.7,40.79,39.55,38.07,34.51,23.47,12.41
27071,78.8,71.93,64.11,56.34,51.96,44.04,36.5
27073,57.0,56.95,59.53,58.48,54.7,43.83,32.69
27075,28.8,31.01,32.16,29.86,26.58,22.09,17.55
27077,77.2,73.53,70.26,65.92,36.35,15.83,-5.02
27079,29.2,24.53,16.13,11.99,10.8,5.75,0.67
27081,63.8,63.92,51.02,43.62,38.58,42.22,46.01
27083,54.8,53.6,51.07,46.18,41.74,33.26,24.77
27085,77.0,73.31,70.57,65.76,59.24,39.19,19.38
27087,57.3,51.06,42.67,35.3,30.49,15.87,1.22
27089,27.0,25.93,24.74,22.43,19.61,13.22,6.92
27091,91.5,87.9,80.84,74.28,66.59,56.46,46.18
27093,39.5,38.47,33.33,28.86,21.08,15.11,8.94
27095,89.5,85.88,78.69,68.33,57.13,40.04,23.08
27097,77.8,75.73,68.94,61.81,56.19,46.48,36.98
27099,49.2,48.49,43.92,38.33,31.28,21.31,11.27
27101,36.8,36.28,36.17,36.05,31.94,26.24,20.51
27103,28.3,26.43,22.51,20.1,18.14,16.26,14.41
27105,58.4,60.01,52.74,43.96,37.77,27.24,16.52
27107,41.9,39.81,31.48,25.4,17.26,13.72,10.4
27109,36.5,34.36,31.0,28.65,26.97,66.07,105.21
27111,66.6,62.58,58.58,52.13,45.03,33.4,21.69
27113,95.6,90.23,80.61,73.91,62.65,45.8,28.89
27115,61.9,62.3,62.91,57.58,51.97,35.09,18.1
27117,80.2,87.36,79.46,75.47,71.48,58.59,45.94
27119,78.8,73.58,67.68,61.02,53.92,39.69,25.5
27121,68.7,69.86,69.09,62.41,56.83,49.04,41.16
27123,48.9,46.95,43.91,38.75,34.09,39.11,44.05
27125,36.8,33.93,32.74,29.51,26.82,11.26,-4.45
27127,60.5,58.43,53.16,45.72,39.46,24.14,8.7
27129,33.0,32.13,31.4,29.74,25.49,34.87,44.19
27131,62.0,58.55,53.31,46.75,41.17,28.55,15.66
27133,55.7,37.72,51.42,52.89,51.59,38.27,24.89
27135,66.8,64.21,61.77,60.38,57.02,48.99,41.13
27137,80.6,76.92,69.26,60.19,52.59,50.55,48.49
27139,42.7,40.82,38.55,35.05,31.06,17.79,4.44
27141,52.8,50.31,44.52,39.21,34.62,20.71,7.13
27143,29.6,30.24,28.8,25.47,21.38,15.96,10.66
27145,67.4,64.74,58.68,52.17,47.33,47.73,48.24
27147,59.1,54.06,50.27,44.47,38.88,32.58,26.19
27149,55.8,53.96,56.23,52.17,46.67,34.77,23.13
27151,57.6,56.73,55.6,49.87,43.61,40.96,37.73
27153,29.4,28.05,26.31,24.27,22.25,13.25,4.22
27155,110.3,102.97,73.98,52.41,46.35,29.78,12.96
27157,9.8,11.11,10.45,9.12,7.21,10.65,14.03
27159,174.6,161.73,151.65,135.38,120.44,101.0,81.51
27161,49.1,48.52,45.33,46.76,38.88,25.54,12.51
27163,60.7,58.54,55.1,50.45,45.6,34.39,23.19
27165,49.3,46.01,44.19,44.95,42.8,42.21,41.72
27167,81.9,74.31,66.69,58.19,48.57,24.0,-0.64
27169,60.9,56.5,50.82,44.51,38.29,25.5,12.67
27171,61.9,58.48,54.91,49.82,44.36,27.61,10.8
27173,38.8,38.02,37.65,35.76,32.48,34.2,35.85
28001,178.7,170.24,162.73,137.36,111.07,96.15,80.96
28003,205.7,194.55,182.73,169.29,146.38,127.88,109.52
28005,52.2,49.96,48.95,44.9,38.58,19.49,0.37
28007,119.8,118.92,117.49,108.39,91.34,57.67,24.09
28009,73.8,69.9,68.34,62.74,53.22,28.12,2.88
28011,92.6,92.61,89.47,81.39,69.29,45.52,22.01
28013,84.8,83.01,81.03,75.63,64.5,49.98,35.61
28015,1.2,0.84,0.65,0.69,0.33,6.82,13.39
28017,125.7,105.81,93.91,87.83,80.55,52.0,23.38
28019,91.6,80.46,66.83,58.27,44.59,32.45,20.36
28021,90.0,86.46,81.62,68.71,54.71,38.43,22.33
28023,138.5,135.22,126.27,110.41,88.59,46.11,3.62
28025,119.8,116.89,114.66,107.53,97.74,74.76,51.87
28027,108.6,106.86,115.26,114.22,98.07,59.35,20.59
28029,108.7,105.09,102.95,95.08,81.36,63.98,46.45
28031,103.6,110.56,112.44,110.15,98.94,62.74,26.46
28033,109.4,106.1,102.58,95.21,83.97,71.31,58.74
28035,240.3,225.01,215.7,199.13,174.04,193.74,213.49
28037,87.4,84.96,76.92,67.22,54.13,23.73,-6.69
28039,179.7,172.84,164.1,143.61,121.09,68.94,16.55
28041,56.3,55.47,57.0,54.45,49.98,31.14,12.2
28043,147.5,154.42,160.86,160.53,144.22,98.3,52.46
28045,99.1,92.78,90.55,85.16,76.95,48.54,20.19
28047,141.0,136.52,129.83,116.65,99.6,91.4,83.4
28049,78.0,77.48,74.18,66.23,55.96,89.93,123.87
28051,65.8,64.93,65.92,62.51,57.46,38.87,20.37
28053,59.1,61.12,61.13,58.12,52.13,30.52,8.95
28055,0.0,-0.06,0.02,0.06,0.08,-0.03,0.06
28057,130.8,132.04,125.99,112.16,93.58,55.19,16.73
28059,124.8,117.9,108.67,96.77,82.57,75.72,68.84
28061,43.1,42.2,39.95,38.14,35.14,16.82,-1.53
28063,0.6,0.28,0.21,0.26,0.1,1.43,2.9
28065,127.9,121.67,119.59,113.91,98.44,50.95,3.8
28067,171.9,169.64,156.38,144.42,122.91,110.03,97.32
28069,57.6,53.26,44.82,37.79,32.67,15.24,-2.26
28071,77.6,74.31,72.44,65.77,57.61,69.67,81.58
28073,43.5,44.34,40.89,37.47,32.23,22.68,13.11
28075,170.1,165.24,160.57,148.16,128.53,151.47,174.5
28077,136.2,127.74,121.64,113.83,99.39,69.49,39.74
28079,91.5,91.0,91.91,89.05,78.58,59.56,40.66
28081,128.7,127.58,125.9,117.34,100.56,114.09,127.83
28083,118.8,118.23,118.85,115.1,104.3,105.22,106.0
28085,133.5,126.19,119.52,108.19,92.54,83.37,74.17
28087,130.5,131.15,126.78,110.15,90.73,71.51,52.29
28089,72.8,71.15,69.01,64.47,55.19,51.29,47.53
28091,217.9,201.27,189.8,176.58,154.21,97.6,41.02
28093,53.1,51.87,49.93,48.98,46.25,40.13,34.05
28095,113.1,105.03,103.34,98.09,84.29,57.49,30.74
28097,102.9,97.95,93.95,88.31,68.45,36.65,4.74
28099,187.0,169.7,155.57,138.32,113.87,60.2,6.49
28101,73.2,67.95,69.98,66.22,54.6,31.9,9.47
28103,99.2,97.09,98.45,91.26,78.12,41.19,4.38
28105,78.8,75.54,74.64,68.59,60.03,65.89,71.68
28107,110.4,110.66,104.88,97.9,87.81,52.22,16.73
28109,153.4,149.35,139.21,124.16,109.91,62.06,13.93
28111,96.8,94.29,90.99,75.62,60.77,46.8,32.93
28113,185.3,178.96,162.84,145.19,122.78,86.19,49.68
28115,108.7,105.54,101.11,91.7,75.22,45.08,14.84
28117,128.8,122.16,112.92,100.3,84.66,58.5,32.2
28119,70.8,59.85,67.67,70.33,64.01,30.19,-3.47
28121,105.8,103.76,102.09,95.56,83.6,75.52,67.5
28123,103.8,99.69,95.2,89.95,77.93,44.95,11.64
28125,132.5,124.42,109.0,92.71,78.92,33.57,-12.02
28127,125.4,119.56,112.15,102.15,90.46,56.93,23.53
28129,48.6,50.18,49.08,45.28,40.49,19.78,-0.88
28131,179.4,172.42,163.76,144.25,123.52,81.03,38.63
28133,54.3,52.63,53.38,49.31,43.19,37.13,31.06
28135,11.1,27.34,34.1,32.53,30.07,25.71,21.31
28137,143.3,139.28,132.41,118.56,100.98,69.36,37.85
28139,121.9,120.79,111.69,99.43,82.95,46.95,11.17
28141,161.9,152.59,157.71,142.73,121.59,80.56,39.75
28143,1.6,13.49,28.48,32.5,31.26,17.58,3.71
28145,132.3,126.8,119.89,107.57,91.25,74.8,58.11
28147,70.9,70.6,68.73,67.17,57.82,35.29,12.81
28149,120.7,114.52,109.16,99.08,83.04,79.18,75.22
28151,110.1,108.82,105.97,97.39,82.26,72.08,61.74
28153,144.7,141.7,137.75,128.19,107.8,61.98,16.12
28155,137.3,131.41,146.15,143.86,127.99,110.64,93.18
28157,116.9,113.16,100.09,84.94,72.41,52.72,33.07
28159,130.0,122.94,118.96,104.58,88.43,50.07,11.77
28161,59.9,58.61,56.4,51.61,45.05,24.33,3.52
28163,65.9,65.38,63.53,58.71,51.58,25.38,-0.72
29001,158.9,145.53,125.54,111.63,98.1,92.63,87.2
29003,2.2,1.81,1.37,0.77,0.28,1.3,2.46
29005,54.9,39.26,77.18,87.81,88.18,71.99,55.78
29007,76.0,73.41,71.13,65.57,62.83,41.33,19.67
29009,134.0,117.16,121.39,113.1,101.93,76.7,51.78
29011,66.4,63.5,103.25,104.54,87.34,58.55,29.56
29013,57.8,60.52,58.11,50.26,37.92,32.09,26.24
29015,106.6,107.9,105.11,100.36,88.15,49.54,10.85
29017,70.2,67.91,66.47,59.55,51.65,30.7,9.97
29019,53.8,52.08,48.64,43.87,39.37,68.99,98.76
29021,127.6,121.68,113.85,102.73,90.65,71.4,52.07
29023,216.1,203.75,189.29,172.89,154.32,143.21,132.02
29025,2.8,2.93,2.79,2.27,0.89,4.26,7.65
29027,41.3,43.57,43.85,40.36,35.88,24.17,12.68
29029,134.7,124.19,116.07,101.75,97.58,71.38,45.22
29031,128.3,126.5,121.07,111.41,96.66,105.2,113.79
29033,76.5,59.19,76.28,80.03,73.72,58.52,43.13
29035,1.9,1.21,0.95,0.57,0.15,7.24,14.38
29037,117.9,112.13,108.41,101.47,90.95,61.81,32.55
29039,19.7,18.33,12.6,50.44,103.08,86.14,69.15
29041,29.0,37.6,37.18,34.37,30.17,13.49,-2.85
29043,90.9,85.16,78.05,70.21,61.34,58.27,55.12
29045,4.8,5.84,53.01,65.1,60.59,55.41,50.24
29047,101.2,96.86,92.06,83.89,74.69,61.85,48.97
29049,63.8,64.52,63.22,59.16,56.57,38.51,20.37
29051,122.9,112.55,102.95,91.68,78.11,73.08,67.89
29053,45.9,42.93,39.91,37.03,31.99,22.97,13.88
29055,65.2,78.04,82.21,81.64,76.66,30.56,-15.53
29057,51.5,44.3,37.56,32.73,27.14,39.0,50.76
29059,42.4,39.37,35.95,33.05,27.37,17.6,7.84
29061,36.8,33.99,33.19,30.37,27.44,32.91,38.38
29063,0.0,0.0,0.05,-0.01,-0.02,2.61,5.32
29065,121.4,110.32,101.03,90.86,84.95,70.61,56.46
29067,99.4,92.27,87.54,81.86,72.1,39.07,5.91
29069,201.8,182.13,169.99,168.88,156.26,91.89,27.63
29071,115.2,110.08,104.06,94.1,82.03,64.41,46.76
29073,39.7,49.49,61.73,67.36,69.47,46.8,23.9
29075,46.0,45.94,48.8,51.12,58.82,39.72,20.54
29077,127.0,119.89,113.01,103.54,92.06,88.94,85.94
29079,149.2,137.06,119.73,107.18,97.86,64.88,32.11
29081,132.7,128.22,126.54,118.29,106.28,66.73,27.23
29083,166.1,152.33,149.67,138.21,122.74,94.42,66.01
29085,9.5,8.28,5.56,3.08,1.17,9.52,17.73
29087,0.0,-0.02,-0.02,-0.04,-0.03,1.33,2.66
29089,4.3,3.65,1.89,0.9,0.35,34.29,68.23
29091,192.7,181.88,169.72,157.61,141.56,119.63,97.5
29093,142.8,139.15,139.66,137.22,127.39,54.38,-18.58
29095,88.3,85.3,81.75,73.75,65.44,64.37,63.3
29097,169.3,158.23,147.43,135.1,121.05,110.24,99.48
29099,90.7,85.58,81.06,75.82,68.88,47.2,25.66
29101,57.8,57.84,55.91,51.43,46.25,37.88,29.57
29103,2.0,2.35,1.88,1.5,0.6,0.33,-0.07
29105,127.8,117.58,111.97,102.33,89.45,58.57,27.69
29107,61.1,56.94,48.83,45.67,41.94,37.96,34.12
29109,57.9,56.84,53.38,48.87,44.8,38.5,32.34
29111,2.9,3.26,3.36,3.54,31.67,46.99,62.33
29113,86.2,80.18,75.94,69.73,61.33,41.62,22.23
29115,57.1,50.06,44.93,40.67,41.87,28.35,14.76
29117,149.2,127.85,109.45,100.67,91.4,53.28,15.16
29119,45.9,47.97,45.19,40.76,33.38,19.04,4.63
29121,77.7,85.03,84.61,78.44,65.68,45.12,24.49
29123,156.5,153.68,137.04,131.29,121.36,71.72,21.97
29125,4.5,9.8,3.64,1.4,0.51,3.32,5.93
29127,128.0,126.23,121.47,112.22,102.8,94.28,85.82
29129,74.3,71.36,64.03,55.32,46.83,31.98,17.06
29131,73.6,70.83,71.48,65.44,58.27,34.42,10.65
29133,77.0,69.52,67.46,62.5,59.78,66.39,73.12
29135,2.5,2.17,1.0,0.68,0.29,5.2,9.93
29137,3.1,3.07,2.78,1.83,0.71,4.5,8.3
29139,72.2,67.59,62.59,52.88,44.41,36.61,28.57
29141,38.6,35.16,32.23,28.64,36.87,16.67,-3.55
29143,64.4,66.76,69.63,67.35,66.0,29.88,-6.15
29145,58.5,56.4,55.03,51.77,50.43,32.84,15.33
29147,84.8,85.94,80.03,73.39,65.35,49.34,33.26
29149,61.4,58.55,54.32,54.93,52.47,23.0,-6.35
29151,28.1,26.45,24.87,23.2,20.23,20.9,21.98
29153,57.9,55.78,51.73,51.65,53.91,28.23,2.4
29155,142.2,142.27,146.21,116.4,61.73,68.83,76.03
29157,68.0,65.1,63.33,59.0,52.26,25.09,-2.22
29159,96.4,82.41,80.4,74.93,70.67,49.56,28.61
29161,139.0,124.28,103.04,90.0,81.13,82.53,83.98
29163,70.1,68.93,69.33,77.16,76.25,53.14,30.01
29165,78.9,74.27,70.59,64.2,57.17,45.83,34.4
29167,118.7,107.64,102.33,92.76,74.27,55.91,37.76
29169,54.1,50.59,45.59,38.17,31.6,35.16,38.76
29171,2.6,1.66,36.78,41.18,37.11,20.81,4.7
29173,0.0,-0.01,-0.02,-0.05,-0.06,7.74,15.6
29175,116.8,112.33,113.85,111.53,102.18,59.51,16.79
29177,79.1,72.94,76.08,72.11,61.71,45.68,29.82
29179,3.3,2.38,1.39,1.22,0.56,5.7,10.95
29181,197.2,174.16,156.24,138.03,111.69,67.42,23.21
29183,81.2,79.34,76.73,70.84,64.01,47.6,31.41
29185,4.3,4.31,3.1,17.52,28.31,31.41,34.55
29186,37.5,38.7,43.17,42.88,41.6,32.04,22.45
29187,197.9,183.75,176.11,163.15,147.58,122.76,97.86
29189,75.3,73.12,70.62,65.9,59.28,67.98,76.69
29195,69.3,84.38,86.61,81.13,75.58,59.82,44.06
29197,0.0,-0.03,0.13,0.74,2.35,1.7,0.94
29199,4.8,4.0,65.62,77.9,70.1,46.56,23.25
29201,137.6,130.93,123.43,118.42,105.75,88.48,70.89
29203,2.0,1.36,27.41,32.28,30.86,13.64,-3.77
29205,40.1,35.39,33.4,29.52,25.26,12.18,-0.99
29207,125.7,111.72,103.96,92.91,81.63,57.92,34.06
29209,86.1,82.97,77.29,72.9,71.78,45.82,20.18
29211,2.0,11.49,54.22,63.71,54.94,61.89,68.67
29213,132.0,123.4,116.77,105.76,90.75,78.31,65.7
29215,75.9,67.45,66.56,55.99,44.38,33.62,22.79
29217,111.0,100.41,90.94,81.31,68.37,50.44,32.63
29219,74.4,70.28,64.33,60.07,54.25,26.31,-1.55
29221,52.7,49.38,44.52,40.04,30.43,19.6,8.53
29223,33.2,29.66,27.78,12.86,4.92,2.31,-0.3
29225,114.8,107.84,101.87,94.66,82.56,49.59,16.75
29227,4.2,4.28,4.22,2.51,0.96,0.77,0.46
29229,143.6,137.05,127.09,118.67,109.0,77.05,44.82
29510,60.8,58.72,55.82,50.89,45.68,72.64,99.62
30001,92.0,90.1,87.63,80.78,72.87,52.25,32.0
30003,2.1,2.13,1.51,12.41,17.92,12.81,7.66
30005,47.5,42.6,39.63,36.82,34.0,20.5,6.93
30007,1.7,1.17,22.39,27.86,27.94,18.33,8.67
30009,0.9,1.5,17.13,21.77,22.75,19.03,15.48
30011,0.0,0.01,0.04,-0.01,0.07,0.62,1.09
30013,113.9,106.45,100.64,87.52,73.77,63.44,53.18
30015,42.1,36.64,34.4,29.87,23.97,19.06,14.16
30017,126.7,119.53,110.5,103.34,89.27,84.28,78.95
30019,8.9,7.97,6.6,5.46,2.12,1.24,0.52
30021,94.3,93.3,88.84,85.56,71.47,48.72,25.75
30023,96.3,96.52,96.15,83.19,76.95,61.21,45.5
30025,5.2,3.6,3.13,2.62,1.03,0.94,0.8
30027,90.6,84.84,81.54,75.62,68.49,50.47,32.33
30029,103.8,98.46,92.33,84.2,76.66,71.34,65.96
30031,56.6,53.23,49.13,42.56,35.96,32.48,29.23
30033,0.0,-0.04,0.02,0.04,0.07,4.35,8.74
30035,49.6,43.96,36.11,36.52,33.04,22.56,11.88
30037,0.0,0.0,-0.05,-0.05,-0.08,0.02,0.3
30039,0.0,0.02,0.06,0.06,-0.0,12.07,24.15
30041,79.5,69.65,63.04,53.52,46.34,36.41,26.32
30043,16.3,15.77,14.68,13.46,15.64,16.0,16.62
30045,0.0,-0.04,-0.08,-0.08,-0.01,0.33,0.77
30047,75.8,70.5,66.71,63.26,59.55,49.95,40.48
30049,84.5,80.87,75.06,68.05,60.34,52.02,43.8
30051,35.1,32.49,37.82,37.2,36.94,20.49,3.89
30053,113.3,104.87,102.77,96.89,89.67,69.56,49.55
30055,0.0,0.04,0.02,0.03,0.03,23.04,45.81
30057,16.0,7.86,21.42,23.48,22.84,16.69,10.31
30059,62.7,58.96,55.94,51.94,46.07,34.5,22.74
30061,72.0,66.84,56.64,48.39,44.01,28.72,13.41
30063,85.3,78.77,74.03,66.65,61.02,60.58,60.14
30065,0.0,0.01,0.03,0.0,-0.06,20.37,40.6
30067,48.4,46.63,45.48,43.7,38.25,32.27,26.12
30069,0.0,0.03,0.03,0.06,0.01,0.08,-0.08
30071,79.8,66.12,77.85,77.37,68.2,54.57,41.17
30073,6.4,55.99,63.38,64.52,62.2,48.51,35.12
30075,58.2,51.31,43.39,37.37,31.88,13.23,-5.47
30077,85.4,82.72,78.5,72.79,62.95,51.44,39.92
30079,0.0,0.04,-0.03,-0.02,0.09,13.5,26.84
30081,88.4,80.06,78.84,74.01,66.3,45.08,23.99
30083,68.4,62.87,63.5,61.29,55.99,42.26,28.36
30085,27.7,26.8,26.93,24.78,24.04,26.86,29.61
30087,40.8,38.43,38.67,38.43,38.57,26.0,13.74
30089,94.2,76.82,78.24,72.74,66.41,53.44,40.45
30091,0.0,0.03,0.04,-0.0,-0.02,3.03,5.81
30093,112.7,109.63,102.73,92.97,82.23,65.64,48.82
30095,2.5,2.59,27.33,37.76,39.79,28.08,16.43
30097,3.1,2.23,28.88,39.21,41.66,23.38,5.06
30099,88.7,77.01,69.36,62.09,41.59,24.26,6.96
30101,57.9,60.62,58.83,52.74,51.92,92.19,132.57
30103,0.0,-0.01,0.04,0.02,0.02,0.02,-0.02
30105,52.7,50.18,45.03,41.56,36.02,23.66,11.04
30107,0.6,1.83,29.89,43.14,42.04,18.43,-5.04
30109,0.0,-0.01,-0.0,0.02,-0.0,-0.01,-0.17
30111,101.7,97.6,90.84,80.23,70.99,72.65,74.3
31001,83.7,80.51,78.8,72.8,69.64,55.77,42.06
31003,59.5,55.54,51.21,49.17,48.97,44.78,40.46
31005,0.0,0.0,0.03,-0.03,0.01,-0.02,-0.0
31007,0.0,0.04,-0.0,0.03,-0.02,-0.04,-0.05
31009,0.0,-0.0,-0.01,-0.01,-0.02,-0.02,0.11
31011,4.9,5.0,3.12,1.65,0.65,8.13,15.36
31013,83.6,88.48,96.79,100.13,93.59,81.36,69.1
31015,65.4,39.97,14.98,5.75,2.13,8.32,14.54
31017,64.3,60.95,57.5,47.4,39.08,19.95,0.88
31019,79.6,78.16,75.44,72.0,69.69,73.44,77.05
31021,54.9,49.33,31.51,24.39,20.48,19.69,18.94
31023,72.3,70.15,67.28,59.41,55.01,52.21,49.47
31025,25.3,25.99,25.96,31.62,30.78,18.04,5.01
31027,37.8,37.41,35.48,35.15,33.6,22.65,11.72
31029,75.9,71.69,67.11,60.63,55.84,74.73,93.28
31031,82.3,84.1,88.55,82.25,68.43,38.53,8.74
31033,68.4,58.81,50.51,43.9,38.68,32.11,25.55
31035,1.4,1.2,1.1,0.36,0.15,1.69,3.44
31037,1.4,1.39,0.85,0.44,0.21,7.49,14.77
31039,29.6,30.22,29.48,26.93,24.5,12.57,0.57
31041,93.1,86.38,89.3,82.9,78.48,58.97,39.72
31043,75.1,73.87,73.46,68.64,65.28,37.67,9.96
31045,75.6,72.38,72.64,68.12,61.14,46.18,31.25
31047,53.4,52.46,54.85,56.83,55.64,37.7,19.95
31049,4.3,4.28,4.1,2.15,0.8,2.14,3.5
31051,11.2,12.14,12.48,11.67,10.84,10.71,10.4
31053,107.7,105.42,102.41,94.87,85.39,66.69,48.22
31055,72.3,68.58,66.01,60.63,53.84,62.52,71.28
31057,111.3,113.9,120.75,112.04,109.38,70.06,30.56
31059,2.5,4.31,3.32,1.53,0.66,12.74,24.67
31061,3.6,4.01,1.57,0.5,0.23,46.71,93.24
31063,0.0,0.03,0.04,-0.03,0.04,1.99,3.96
31065,2.1,3.24,3.02,1.89,0.65,17.23,33.87
31067,90.3,80.84,69.24,59.86,48.17,34.26,20.35
31069,104.1,109.24,114.23,107.2,96.33,58.96,21.64
31071,7.3,10.03,12.11,69.82,128.86,106.9,85.04
31073,0.0,-0.03,0.02,-0.04,-0.06,0.01,-0.14
31075,0.0,-0.0,-0.01,0.07,0.02,-0.02,-0.12
31077,0.4,0.61,0.27,0.1,-0.02,-0.04,-0.04
31079,89.1,84.98,80.29,74.32,68.11,67.42,66.65
31081,68.9,68.37,66.34,61.86,56.1,56.69,57.02
31083,86.2,85.73,85.93,83.38,81.53,49.32,17.27
31085,0.0,-0.0,-0.0,-0.0,0.01,1.31,2.64
31087,0.0,-0.02,0.02,-0.04,-0.03,11.44,22.81
31089,78.2,74.94,65.36,46.26,24.82,24.45,24.04
31091,0.0,-0.01,-0.03,0.0,0.01,8.16,16.14
31093,80.9,78.77,73.66,65.33,58.99,47.77,36.61
31095,135.5,122.4,119.71,113.49,108.86,70.72,32.46
31097,51.4,51.11,48.0,45.43,45.34,55.85,66.34
31099,69.9,66.99,64.28,57.82,49.78,38.89,27.72
31101,134.1,126.03,121.98,110.64,99.89,67.97,35.94
31103,0.0,0.07,0.01,0.03,-0.04,0.02,0.11
31105,0.0,-0.01,1.78,1.39,0.48,10.34,19.98
31107,32.2,29.02,28.21,27.67,28.47,30.51,32.42
31109,69.0,65.73,63.97,59.24,53.77,52.65,51.82
31111,107.8,104.02,98.96,93.87,86.08,79.88,73.65
31113,0.0,-0.02,-0.04,0.01,-0.07,0.05,-0.02
31115,0.0,0.03,0.01,0.04,0.01,-0.02,0.06
31117,0.0,-0.01,-0.08,-0.05,-0.1,-0.06,-0.02
31119,103.2,98.19,92.52,87.04,82.28,75.54,68.87
31121,66.7,65.7,62.99,60.18,70.92,51.22,31.45
31123,58.0,65.3,62.18,58.82,58.13,32.31,6.68
31125,21.7,37.37,41.91,42.85,40.63,20.84,1.05
31127,104.5,102.62,97.15,92.6,86.32,74.84,63.51
31129,78.0,70.76,53.69,45.74,43.88,22.35,0.82
31131,97.6,94.05,89.59,83.9,75.6,56.66,37.85
31133,84.0,81.31,74.82,59.94,54.35,53.84,53.21
31135,64.5,65.23,66.96,68.6,73.41,85.84,98.21
31137,113.8,111.77,113.52,115.12,108.73,99.63,90.21
31139,29.9,27.28,28.12,27.56,26.04,30.88,35.58
31141,83.1,79.8,78.27,71.06,64.37,44.03,23.78
31143,34.2,28.49,26.12,23.93,23.34,15.23,7.31
31145,131.5,122.81,115.73,106.81,104.77,70.89,36.96
31147,60.4,56.0,53.25,48.29,41.83,25.35,8.75
31149,0.0,0.05,0.0,-0.03,-0.06,3.67,7.38
31151,62.3,58.81,55.03,51.27,49.71,34.95,20.24
31153,59.2,56.75,54.6,48.99,43.45,34.55,25.44
31155,48.4,45.5,36.81,30.68,23.93,20.55,17.15
31157,110.5,104.18,97.98,90.25,81.17,82.3,83.43
31159,49.3,54.55,52.69,51.3,48.73,35.61,22.63
31161,0.7,1.05,0.82,10.67,4.06,3.41,2.65
31163,2.7,2.83,2.36,1.76,0.65,2.56,4.29
31165,0.0,-0.03,-0.07,-0.07,0.02,-0.0,-0.06
31167,0.0,0.04,0.03,-0.02,0.0,1.21,2.52
31169,4.0,4.86,4.32,1.96,0.79,6.29,12.09
31171,0.0,-0.01,-0.04,-0.01,-0.09,1.2,2.48
31173,28.2,11.34,5.24,2.27,0.87,13.55,26.11
31175,5.2,9.15,7.99,3.46,1.26,20.42,39.52
31177,64.4,61.99,59.64,54.16,47.14,27.65,8.17
31179,56.6,53.28,52.11,49.73,45.72,34.18,22.66
31181,5.7,5.18,5.46,4.22,1.68,4.7,7.79
31183,0.0,-0.02,0.05,0.02,-0.03,-0.07,-0.08
31185,116.4,108.92,103.25,97.26,90.71,72.03,53.39
32001,135.2,126.19,114.86,106.27,88.6,61.51,34.21
32003,85.3,82.69,79.48,74.24,61.2,53.78,46.12
32005,105.9,104.71,104.47,101.17,89.73,60.45,31.15
32007,78.8,72.0,67.01,61.62,49.37,39.43,29.32
32009,0.0,-0.0,0.03,-0.02,-0.0,-0.05,-0.06
32011,0.0,0.01,-0.03,-0.03,0.01,7.47,15.05
32013,80.5,86.21,81.56,73.75,55.73,27.76,-0.22
32015,1.7,1.42,0.69,0.66,0.22,1.87,3.47
32017,97.7,94.95,89.14,81.28,72.51,60.13,47.72
32019,108.5,103.62,96.6,88.77,73.36,35.18,-2.75
32021,145.9,138.5,127.24,111.83,82.7,67.98,53.32
32023,146.6,143.47,139.38,126.34,104.22,68.12,32.25
32027,52.1,47.9,42.27,35.63,28.58,18.33,8.19
32029,0.0,0.02,-0.01,-0.0,-0.06,21.2,42.5
32031,98.0,92.86,86.96,78.62,65.2,59.49,53.72
32033,115.4,111.53,105.09,96.06,80.97,48.94,16.8
32510,144.1,140.73,134.09,122.52,103.53,101.24,98.96
33001,87.0,83.77,74.27,64.1,55.15,36.72,18.22
33003,90.0,86.73,79.41,70.41,61.48,56.26,51.11
33005,79.2,75.88,69.09,59.33,50.62,37.52,24.47
33007,93.9,89.37,77.72,65.35,56.12,49.04,41.83
33009,87.1,82.01,73.12,61.83,53.4,58.17,62.72
33011,70.1,66.65,59.12,49.57,42.83,38.35,33.8
33013,90.4,87.5,78.89,66.88,57.72,50.97,44.35
33015,76.0,73.31,66.94,58.24,51.54,37.66,23.64
33017,95.0,92.65,84.65,72.14,61.68,54.28,47.05
33019,66.5,63.34,58.1,49.66,42.73,31.23,20.0
34001,84.7,81.79,77.22,69.35,60.05,58.71,57.34
34003,44.4,44.39,43.22,39.35,34.83,31.83,28.75
34005,73.9,73.58,70.71,63.73,55.94,54.85,53.9
34007,90.8,88.91,86.35,77.38,67.57,65.56,63.38
34009,96.8,95.86,91.06,81.91,71.31,49.25,27.26
34011,98.0,98.17,94.14,84.27,74.65,52.88,31.1
34013,43.0,42.63,40.74,36.21,32.03,33.41,34.69
34015,85.8,83.75,80.56,72.92,63.92,50.23,36.89
34017,38.6,38.41,37.44,34.1,30.29,24.08,17.84
34019,46.3,45.43,43.72,38.26,34.45,27.3,20.28
34021,59.6,59.31,56.02,50.14,45.37,40.95,36.47
34023,45.8,44.91,42.75,39.43,35.21,32.73,30.1
34025,61.8,60.15,56.99,50.63,44.7,42.35,39.88
34027,45.9,45.44,43.48,38.59,33.56,35.15,36.68
34029,72.6,71.28,68.25,60.71,52.8,34.76,16.63
34031,50.8,50.67,47.69,42.22,36.26,33.69,31.1
34033,80.5,78.9,74.55,65.65,55.96,36.75,17.55
34035,38.7,38.81,37.65,33.92,29.56,26.34,23.01
34037,63.7,61.95,60.47,53.75,46.9,32.59,18.57
34039,45.2,45.0,42.39,37.57,32.74,27.73,23.01
34041,77.5,76.11,72.69,64.18,56.08,44.48,33.01
35001,74.7,74.7,70.97,63.83,55.87,57.19,58.68
35003,0.0,-0.05,-0.08,-0.05,-0.03,15.0,30.35
35005,88.8,85.99,83.0,74.32,66.94,59.75,52.55
35006,28.8,35.79,38.35,37.77,33.31,24.05,14.9
35007,85.8,77.91,72.85,66.3,58.09,68.07,78.01
35009,79.1,71.44,66.54,57.88,51.14,33.12,15.26
35011,26.2,13.37,9.57,7.91,3.11,4.17,4.93
35013,51.3,49.91,47.99,43.92,39.6,37.3,35.06
35015,98.9,95.92,91.91,84.05,75.91,73.15,70.32
35017,103.7,97.6,88.96,73.69,61.68,50.99,40.34
35019,9.9,9.02,7.79,7.26,2.81,32.06,61.15
35021,0.0,0.05,-0.07,-0.06,-0.02,13.75,27.42
35023,0.0,-0.02,-0.01,0.02,0.01,10.25,20.54
35025,79.4,73.5,72.62,68.15,66.3,47.95,29.71
35027,97.9,96.25,93.94,86.25,73.99,46.32,18.61
35028,63.0,64.03,68.15,65.16,59.68,47.22,34.61
35029,95.8,93.73,80.6,70.9,63.54,51.0,38.42
35031,22.9,23.03,22.71,21.45,19.89,15.92,11.78
35033,0.0,-0.02,0.08,-0.02,0.01,2.54,5.12
35035,62.4,63.25,58.6,53.28,47.29,37.07,26.76
35037,110.1,106.01,94.06,83.37,73.33,55.21,36.89
35039,93.7,91.4,86.14,79.52,72.4,46.74,20.98
35041,28.1,26.88,26.94,25.37,20.28,24.84,29.24
35043,57.4,57.19,55.59,50.94,45.46,31.67,18.0
35045,66.1,67.51,67.8,58.75,50.55,41.04,31.39
35047,85.0,78.09,72.24,62.04,54.28,42.75,31.43
35049,90.4,89.98,84.97,77.26,68.1,58.85,49.43
35051,115.0,103.81,96.21,83.59,74.23,50.65,26.91
35053,83.9,84.71,68.84,56.8,57.25,48.77,40.21
35055,96.6,92.44,88.33,78.3,67.59,65.12,62.53
35057,27.8,28.23,26.85,22.33,19.23,9.16,-0.73
35059,56.4,52.08,47.54,42.15,40.59,45.71,50.83
35061,90.2,87.46,82.55,74.89,66.32,39.37,12.16
36001,51.5,50.67,48.13,44.72,40.39,55.12,69.88
36003,59.2,59.82,59.19,56.04,50.6,38.31,25.93
36005,32.5,32.33,31.31,28.38,25.05,22.58,20.01
36007,71.6,71.0,70.16,66.09,59.66,59.72,59.76
36009,79.6,79.66,75.76,69.49,62.18,47.79,33.37
36011,34.1,45.24,47.81,46.74,43.43,32.69,21.99
36013,81.7,81.17,75.85,67.74,59.51,49.88,40.45
36015,101.8,99.18,90.08,79.57,71.85,69.56,66.82
36017,55.7,56.19,53.97,52.64,46.86,35.96,24.9
36019,44.4,64.2,72.1,73.64,69.24,70.13,70.94
36021,61.3,62.54,61.87,59.84,53.7,44.26,34.95
36023,43.3,54.85,57.73,57.95,52.98,33.42,13.74
36025,72.7,70.85,68.06,59.11,50.3,31.53,12.73
36027,57.7,57.94,56.41,52.55,48.86,40.66,32.27
36029,73.7,73.32,69.35,63.44,57.08,59.76,62.47
36031,29.0,39.88,44.2,44.94,42.39,37.87,33.22
36033,26.7,50.91,61.37,63.14,59.48,44.73,29.98
36035,70.7,72.58,70.37,66.76,61.03,46.24,31.42
36037,59.8,59.14,56.51,52.21,46.9,49.73,52.48
36039,70.4,68.81,66.24,62.44,57.13,34.71,12.13
36041,0.0,-0.01,-0.08,-0.08,-0.06,15.89,31.79
36043,34.9,44.01,47.68,46.04,41.37,27.76,14.15
36045,27.3,46.42,54.55,55.1,52.45,53.45,54.4
36047,24.4,24.52,23.79,21.82,19.62,18.03,16.54
36049,20.3,30.95,37.24,36.82,32.87,27.27,21.52
36051,48.4,48.71,49.08,47.92,43.61,43.6,43.68
36053,45.5,55.52,58.01,55.07,51.19,47.87,44.44
36055,51.9,52.16,50.3,45.81,40.82,42.15,43.39
36057,78.4,82.55,81.87,78.22,71.98,59.96,47.74
36059,44.6,44.18,42.01,38.69,34.68,39.85,45.39
36061,42.7,42.21,40.34,36.48,32.38,51.47,70.54
36063,80.8,81.09,78.07,70.73,62.97,41.12,19.53
36065,58.7,62.36,62.0,58.23,51.7,45.52,39.51
36067,46.2,53.89,55.1,52.39,49.07,59.52,69.99
36069,56.1,55.44,53.03,48.34,43.37,39.18,34.91
36071,61.4,61.69,59.78,55.18,48.71,40.08,31.53
36073,57.2,56.65,52.44,50.14,45.3,31.27,17.24
36075,44.8,53.51,56.28,55.17,51.22,34.5,17.71
36077,52.3,55.4,56.05,54.89,52.31,52.89,53.34
36079,41.7,41.81,41.3,39.85,36.52,31.77,26.82
36081,25.6,25.9,24.68,22.39,20.1,16.33,12.57
36083,59.3,59.83,58.51,55.2,50.55,37.89,25.38
36085,49.1,49.01,46.39,42.54,38.35,33.52,28.73
36087,35.3,35.14,34.84,32.74,29.86,29.62,29.22
36089,26.9,50.17,62.44,64.83,61.57,50.42,39.35
36091,52.9,53.29,52.0,47.78,42.45,36.29,30.36
36093,56.7,56.97,54.82,51.57,46.53,38.37,30.1
36095,49.2,50.17,48.62,50.4,47.47,39.95,32.36
36097,62.2,61.33,59.18,56.17,53.39,45.21,36.83
36099,27.1,38.46,42.76,43.94,41.5,30.59,19.88
36101,69.1,70.46,68.39,64.22,58.7,45.02,31.47
36103,54.7,54.04,52.4,48.61,44.5,37.36,30.22
36105,79.8,73.9,71.55,68.67,62.68,63.04,63.39
36107,42.2,42.34,42.97,41.04,35.77,26.06,16.3
36109,42.5,50.06,51.62,50.47,46.03,47.33,48.74
36111,66.4,67.83,67.64,62.41,56.74,44.94,33.06
36113,80.0,84.55,83.52,82.14,77.16,75.07,72.84
36115,66.2,67.73,66.81,62.48,57.01,38.26,19.26
36117,54.3,57.52,55.49,50.72,45.58,27.14,8.76
36119,36.9,36.93,35.67,33.01,30.08,28.4,26.71
36121,53.7,54.0,52.45,48.79,45.4,33.29,21.17
36123,39.0,38.19,35.26,32.02,28.53,21.92,14.78
37001,96.0,90.44,85.76,78.47,69.25,47.62,25.87
37003,33.6,30.57,27.32,23.65,19.53,11.17,2.7
37005,103.2,101.81,91.48,82.82,74.44,53.12,31.82
37007,91.3,88.34,81.31,75.91,69.27,31.62,-6.04
37009,110.3,107.41,104.84,98.98,85.92,61.38,36.76
37011,95.1,91.22,86.0,77.75,70.39,49.29,28.13
37013,141.3,142.72,141.62,135.15,120.16,77.6,35.0
37015,65.0,64.86,56.5,36.77,14.08,36.07,58.36
37017,114.8,117.13,115.34,109.49,101.74,59.25,16.86
37019,123.7,119.14,113.89,103.06,89.54,58.11,26.71
37021,95.6,90.87,84.61,76.52,65.45,72.16,79.06
37023,159.3,156.35,153.3,135.6,114.37,85.07,55.59
37025,110.3,104.39,98.69,89.18,76.96,66.36,56.03
37027,148.9,143.47,138.55,126.95,114.31,78.47,42.81
37029,0.0,0.01,-0.05,-0.05,3.92,1.58,-0.66
37031,119.1,115.79,106.61,94.22,82.62,70.28,57.91
37033,15.2,14.46,13.34,9.76,3.74,4.45,5.08
37035,142.6,136.53,131.93,121.38,107.04,107.7,108.47
37037,47.9,45.1,43.99,40.24,35.22,22.35,9.36
37039,125.8,116.11,121.58,119.68,112.19,82.55,53.12
37041,113.1,110.08,110.95,107.73,102.11,73.08,44.03
37043,133.9,137.88,126.84,122.01,114.04,64.09,14.08
37045,148.5,142.23,133.31,123.29,111.27,115.7,120.1
37047,198.0,192.12,183.13,155.86,132.89,98.18,63.72
37049,129.0,128.69,117.49,105.22,92.47,81.73,71.24
37051,96.5,96.52,89.99,81.37,73.02,68.65,64.25
37053,21.3,20.26,19.42,16.73,14.21,12.86,11.53
37055,132.3,122.97,113.34,104.48,93.95,82.93,71.76
37057,84.5,80.14,80.35,73.95,65.34,44.2,23.28
37059,120.9,115.28,102.94,94.43,82.71,48.58,14.47
37061,90.9,83.88,80.27,73.49,61.65,41.26,20.9
37063,57.8,55.57,51.5,45.31,38.55,60.52,82.36
37065,55.5,54.95,69.48,70.46,64.74,41.77,18.93
37067,92.6,86.79,80.02,70.86,61.59,86.37,111.13
37069,67.5,64.45,59.51,52.3,45.59,25.82,6.07
37071,138.1,130.46,123.26,110.1,96.6,79.45,62.2
37073,3.0,2.98,2.59,1.36,0.57,1.94,3.46
37075,111.2,113.59,106.22,95.62,86.3,38.04,-10.14
37077,87.6,86.45,82.24,70.08,59.54,37.68,15.63
37079,34.0,34.36,30.51,28.96,25.85,22.67,19.6
37081,88.9,85.63,78.69,70.39,61.55,61.4,61.07
37083,128.0,124.66,119.24,110.12,99.02,69.31,39.73
37085,93.7,88.86,83.18,76.44,65.71,55.11,44.61
37087,111.6,107.35,104.42,97.2,86.67,71.07,55.7
37089,94.0,91.15,86.75,78.62,67.78,50.34,33.0
37091,139.6,135.16,135.89,127.34,112.99,85.11,57.08
37093,66.5,62.27,61.59,58.06,44.17,27.57,10.77
37095,52.7,63.17,63.69,60.62,53.98,21.75,-10.1
37097,116.4,111.35,105.45,96.63,85.0,78.9,72.76
37099,109.9,104.21,96.43,86.86,75.31,54.28,33.34
37101,74.8,73.97,71.62,65.01,55.11,43.91,32.36
37103,5.3,5.32,17.1,28.96,36.87,22.74,8.51
37105,130.6,123.46,127.38,119.05,105.22,76.47,47.77
37107,91.8,85.79,87.23,83.97,73.53,57.6,41.58
37109,130.6,125.85,119.54,106.9,92.78,60.41,28.25
37111,97.6,94.3,89.98,82.3,68.6,48.17,27.59
37113,107.1,98.26,93.81,87.22,78.55,49.24,19.78
37115,63.3,61.71,59.89,54.78,47.36,25.52,3.57
37117,93.5,85.96,95.98,97.76,89.86,55.56,21.47
37119,63.7,61.06,56.9,50.87,44.07,52.24,60.46
37121,167.0,165.14,155.88,139.1,120.64,97.53,74.25
37123,74.9,72.15,67.79,59.89,50.97,38.29,25.6
37125,135.7,134.73,130.16,113.04,93.98,113.6,133.42
37127,114.9,110.07,98.98,89.28,78.84,83.74,88.66
37129,119.1,115.96,107.7,93.51,78.4,85.39,92.62
37131,1.6,1.5,10.27,13.06,14.29,10.04,5.87
37133,86.1,82.3,78.95,70.47,61.86,54.63,47.39
37135,46.8,44.91,43.2,39.28,34.89,74.2,113.46
37137,74.0,77.89,83.53,82.94,78.92,34.81,-9.34
37139,141.5,138.29,133.61,124.21,106.44,74.88,43.19
37141,46.1,46.27,48.94,48.88,43.45,30.1,16.44
37143,40.2,38.59,37.02,32.61,27.97,25.5,22.87
37145,112.2,110.6,106.83,97.5,85.14,47.07,8.9
37147,94.0,90.9,85.92,77.37,67.95,100.38,132.77
37149,68.9,71.36,67.17,59.67,51.97,37.53,23.25
37151,79.8,77.34,73.71,67.21,58.93,43.3,27.73
37153,160.3,143.36,148.48,141.36,125.22,107.18,89.25
37155,141.1,140.48,133.73,121.51,110.13,80.18,50.1
37157,148.4,137.32,133.96,126.39,114.9,80.25,45.92
37159,96.4,92.3,85.09,77.34,68.7,61.01,53.26
37161,106.4,104.17,99.9,93.26,83.68,56.31,28.88
37163,95.4,93.69,89.65,82.29,71.86,48.95,26.12
37165,225.1,219.45,201.97,179.99,156.91,124.56,92.29
37167,139.1,131.89,118.94,107.64,94.82,56.82,18.93
37169,91.2,87.38,86.58,83.84,75.59,49.82,24.13
37171,191.5,184.91,171.88,152.53,133.79,89.06,44.29
37173,104.8,99.73,92.78,83.59,74.94,98.93,123.1
37175,115.8,109.4,102.83,92.91,81.57,56.46,31.4
37177,74.3,87.93,88.5,82.8,75.24,36.44,-2.37
37179,76.6,74.3,70.28,64.13,56.38,37.67,18.88
37181,146.4,138.06,127.3,111.3,96.15,67.12,38.1
37183,61.3,59.51,56.37,50.9,44.86,41.17,37.49
37185,31.6,33.16,32.57,30.57,26.99,12.0,-3.03
37187,103.2,100.2,91.98,88.78,86.34,58.41,30.36
37189,92.1,87.75,80.93,73.35,67.25,59.9,52.41
37191,88.8,83.12,80.28,74.63,64.92,50.76,36.52
37193,100.2,98.36,94.04,84.79,74.3,49.05,23.57
37195,105.7,101.01,94.58,86.67,77.66,50.67,23.59
37197,74.4,67.83,68.82,60.47,52.09,37.55,23.13
37199,111.6,110.1,102.99,91.76,80.76,52.91,25.06
38001,148.5,130.98,124.04,109.25,94.23,105.09,115.89
38003,76.7,70.06,66.04,58.49,53.86,44.38,35.06
38005,6.9,7.29,7.06,6.68,5.01,4.6,4.14
38007,0.0,0.03,0.05,-0.04,0.05,0.01,-0.0
38009,47.6,43.51,38.41,32.84,28.89,18.48,8.21
38011,41.7,50.02,53.27,52.5,45.29,34.4,23.58
38013,0.0,-0.02,-0.0,-0.04,-0.02,2.84,5.48
38015,79.7,77.31,71.32,63.08,56.34,63.72,71.1
38017,42.7,38.46,33.71,28.25,23.61,33.82,43.93
38019,22.9,42.29,44.71,45.09,43.4,41.42,39.47
38021,79.7,76.17,70.05,65.76,57.0,43.54,30.06
38023,1.9,0.9,0.53,0.19,0.07,2.47,4.82
38025,26.7,20.57,18.3,17.41,17.3,9.39,1.23
38027,108.1,99.94,88.08,79.66,78.21,30.25,-17.67
38029,69.1,62.01,57.92,51.75,48.06,41.95,35.82
38031,107.2,114.58,109.49,96.11,87.44,86.44,85.27
38033,0.0,-0.05,0.01,0.05,0.03,2.88,5.95
38035,67.6,63.41,60.31,56.26,50.55,56.09,61.82
38037,0.6,0.43,0.46,0.35,0.14,2.98,5.91
38039,0.0,0.16,17.07,39.77,44.48,20.23,-4.03
38041,24.1,21.96,21.31,22.36,19.63,7.97,-3.45
38043,44.7,42.01,36.53,32.46,27.92,22.14,16.27
38045,39.7,36.19,37.65,33.94,33.48,16.62,-0.09
38047,0.0,0.22,0.38,0.15,0.06,8.46,16.91
38049,0.7,0.77,11.47,16.55,18.83,11.19,3.47
38051,52.6,46.12,43.74,38.63,33.16,31.24,29.18
38053,58.3,47.37,38.71,36.14,37.0,21.61,6.2
38055,50.9,47.02,43.44,38.17,35.98,29.1,22.38
38057,73.6,72.12,69.63,64.93,57.82,48.45,38.92
38059,50.0,48.21,44.18,40.59,38.61,20.88,3.38
38061,14.8,13.02,11.75,11.12,9.25,5.09,0.81
38063,35.8,34.66,33.46,30.1,30.51,14.65,-1.06
38065,0.0,0.02,-0.03,-0.04,-0.05,-0.05,-0.0
38067,69.5,67.23,59.09,54.44,48.78,44.74,40.78
38069,55.4,57.99,58.44,53.33,53.6,50.29,47.11
38071,142.1,134.16,125.53,115.76,106.37,81.58,56.74
38073,83.9,76.52,62.61,52.93,48.78,37.64,26.72
38075,20.7,19.24,24.23,24.43,23.88,9.12,-5.6
38077,43.2,38.11,35.91,30.97,27.24,27.06,26.77
38079,6.4,5.68,4.74,3.72,3.28,3.4,3.44
38081,1.6,1.29,0.56,0.24,0.13,1.13,1.99
38083,0.0,-0.03,-0.09,-0.01,0.03,1.83,3.85
38085,0.0,-0.01,-0.0,-0.04,-0.01,-0.0,0.1
38087,0.0,0.05,0.02,0.01,0.06,0.08,-0.01
38089,81.2,74.78,69.87,64.56,59.35,46.53,33.92
38091,0.0,0.0,0.01,-0.0,0.03,0.06,-0.19
38093,89.7,85.68,78.82,69.32,63.42,42.54,21.91
38095,0.0,0.15,0.32,1.27,0.47,7.42,14.33
38097,18.3,33.17,29.41,23.03,18.4,13.29,8.23
38099,61.0,58.91,49.56,43.39,37.39,26.53,15.72
38101,76.5,72.72,65.26,57.16,50.68,47.69,44.57
38103,3.5,2.57,49.64,59.08,57.84,54.9,51.88
38105,76.8,69.72,63.49,58.54,52.75,41.35,30.01
39001,91.8,89.5,85.99,81.46,73.79,52.73,31.87
39003,109.6,102.49,94.49,83.49,72.64,72.55,72.32
39005,51.9,50.05,46.97,40.87,34.34,25.07,15.63
39007,86.9,78.94,71.82,64.37,55.17,42.98,30.72
39009,96.2,93.01,86.86,76.13,65.04,54.88,44.72
39011,55.5,53.5,51.43,46.4,39.78,28.37,16.87
39013,118.2,108.12,95.73,83.82,70.98,54.12,37.32
39015,102.4,98.22,90.96,81.85,73.02,45.08,17.05
39017,93.4,87.87,81.09,71.55,61.31,50.53,39.8
39019,48.6,47.0,43.7,38.98,33.49,23.15,12.85
39021,81.9,77.09,72.81,66.38,59.75,30.83,1.81
39023,115.7,111.37,107.07,95.69,83.73,67.98,52.27
39025,100.2,92.07,85.97,77.86,68.43,39.75,10.86
39027,119.2,112.43,106.42,95.66,82.96,60.3,37.68
39029,99.0,94.59,88.11,76.43,64.53,39.41,14.39
39031,87.0,85.63,82.65,74.0,62.13,40.94,19.5
39033,104.6,99.33,91.89,82.33,73.02,55.81,38.25
39035,70.1,68.01,63.85,55.56,45.39,51.92,58.3
39037,58.5,57.99,54.35,47.88,42.47,27.55,12.67
39039,95.2,90.89,84.23,75.64,66.1,59.46,52.75
39041,62.0,59.5,56.41,51.38,45.38,35.7,26.06
39043,107.8,99.73,90.15,79.9,67.75,53.28,38.7
39045,86.2,82.29,76.71,68.18,59.74,54.66,49.55
39047,119.8,111.06,103.62,92.43,80.4,72.86,65.25
39049,88.5,82.94,76.15,65.97,56.12,62.03,67.86
39051,88.6,85.7,78.81,70.56,61.85,37.54,13.35
39053,126.6,115.16,97.93,80.03,64.08,58.33,52.7
39055,61.2,59.63,56.55,50.56,43.95,30.66,17.36
39057,91.1,86.03,78.72,68.35,57.79,53.45,49.41
39059,116.4,107.96,101.28,90.78,79.45,49.06,18.59
39061,86.4,81.1,75.55,67.38,58.28,68.5,78.95
39063,73.1,69.14,64.36,57.9,50.94,50.2,49.49
39065,82.8,75.46,71.53,64.2,56.15,28.57,1.09
39067,72.8,71.54,67.63,61.64,53.96,25.95,-1.99
39069,66.1,63.22,57.83,52.69,45.84,24.82,3.63
39071,127.8,116.25,107.64,97.43,86.37,50.55,14.68
39073,108.4,104.96,98.17,85.59,74.25,42.45,10.53
39075,32.3,30.15,25.98,22.65,19.17,12.77,6.37
39077,114.9,108.45,101.3,89.45,76.75,64.61,52.47
39079,175.3,159.65,143.52,124.75,102.8,58.45,13.75
39081,138.7,127.42,117.72,103.59,89.1,82.29,75.61
39083,63.6,59.49,56.12,49.42,41.8,30.2,18.5
39085,85.0,82.03,77.48,68.16,57.83,48.72,39.58
39087,101.3,95.64,87.52,79.04,69.02,57.45,45.76
39089,76.6,73.71,68.83,61.11,52.97,34.46,15.68
39091,99.9,93.43,87.14,77.98,68.15,43.98,19.97
39093,86.1,81.95,76.98,66.8,56.48,41.57,26.97
39095,112.1,108.15,101.77,91.41,80.39,83.68,86.97
39097,78.1,76.7,74.33,68.88,61.37,38.19,14.85
39099,112.3,107.9,98.86,86.48,75.0,78.9,82.67
39101,115.9,111.41,106.04,97.17,88.43,85.65,82.83
39103,73.1,68.93,64.18,56.08,47.61,32.18,16.64
39105,84.1,76.09,68.65,58.24,48.12,24.13,0.15
39107,58.9,50.59,48.97,44.68,39.7,31.07,22.35
39109,80.5,76.16,70.99,64.05,53.99,36.71,19.35
39111,60.3,57.42,49.52,41.78,34.03,22.5,11.19
39113,111.8,106.24,97.85,84.92,71.48,72.12,72.77
39115,48.1,47.65,44.26,41.02,35.41,18.35,1.56
39117,59.2,57.12,53.13,48.27,43.16,21.74,0.28
39119,115.6,108.66,101.19,91.02,78.69,70.46,62.33
39121,30.0,27.05,24.67,21.11,17.88,11.75,5.7
39123,79.5,76.79,72.47,65.34,56.67,36.86,17.08
39125,48.4,44.03,40.1,34.35,28.02,20.36,12.77
39127,95.3,88.92,83.95,75.01,65.37,45.73,26.04
39129,84.6,80.4,74.75,66.77,57.37,41.36,25.17
39131,132.2,122.67,112.08,100.69,84.87,63.5,42.28
39133,67.9,66.13,62.92,55.85,47.95,34.6,21.33
39135,64.2,62.16,65.13,61.23,53.24,32.5,11.73
39137,43.5,43.34,41.63,36.82,32.09,22.81,13.5
39139,87.9,82.29,74.79,65.48,56.93,43.05,29.37
39141,116.5,109.49,99.44,85.42,73.17,64.84,56.47
39143,85.3,78.12,71.92,65.15,59.69,39.03,18.29
39145,124.5,117.3,109.92,98.79,86.39,77.96,69.45
39147,85.3,81.52,76.04,66.56,57.23,34.16,11.11
39149,84.8,79.56,74.49,65.79,57.98,36.18,14.09
39151,111.5,106.18,97.68,85.27,73.0,64.09,54.93
39153,91.4,87.9,80.79,69.46,58.49,59.05,59.3
39155,105.6,103.02,97.85,87.92,78.28,59.1,39.87
39157,88.9,83.58,78.27,70.16,59.58,58.18,56.85
39159,74.3,73.61,69.72,62.94,55.79,44.41,33.15
39161,81.4,75.0,70.24,61.75,53.04,39.55,26.31
39163,1.6,1.11,3.45,13.33,16.06,8.75,1.53
39165,76.4,72.53,67.19,59.55,52.02,38.86,25.67
39167,147.5,138.3,126.86,112.09,97.57,79.03,60.53
39169,70.0,66.48,60.58,52.8,45.35,33.97,22.68
39171,81.9,66.62,57.89,49.25,42.21,27.24,12.22
39173,55.5,53.02,49.36,45.46,40.84,35.16,29.28
39175,52.9,50.05,47.64,44.08,38.52,21.41,4.37
40001,58.5,66.72,66.84,66.25,61.15,66.64,72.19
40003,6.3,5.75,2.46,1.28,0.44,3.56,6.71
40005,45.3,43.98,38.0,34.46,29.66,15.07,0.31
40007,0.0,0.02,0.03,0.06,0.08,5.61,11.29
40009,123.5,119.41,121.87,104.84,93.4,62.85,32.13
40011,6.5,8.49,4.27,2.34,0.84,14.47,28.39
40013,148.8,152.58,148.34,134.88,119.2,84.33,49.37
40015,86.3,83.61,79.66,68.37,55.63,36.83,18.16
40017,101.1,98.04,91.48,84.63,78.14,43.47,9.02
40019,188.7,179.36,170.41,157.5,147.35,116.31,85.25
40021,116.1,110.72,106.44,101.81,98.96,70.12,41.38
40023,54.9,51.03,41.22,36.73,28.99,28.26,27.7
40025,82.6,79.06,63.54,45.93,38.1,24.98,11.89
40027,93.8,88.38,82.56,77.81,72.34,53.3,34.28
40029,61.4,93.08,94.45,82.35,75.14,61.07,47.12
40031,80.0,82.08,82.37,78.61,73.82,69.41,65.05
40033,8.7,8.27,3.83,1.93,0.72,0.38,0.12
40035,122.2,112.77,108.35,103.28,91.31,50.92,10.66
40037,136.6,126.19,116.56,105.85,94.22,49.0,3.69
40039,113.6,110.73,106.82,98.5,90.56,55.46,20.38
40041,90.2,89.34,90.51,82.48,74.55,54.28,34.12
40043,6.5,5.03,12.69,12.58,9.88,8.87,7.92
40045,86.6,88.04,83.82,34.06,12.91,25.74,38.59
40047,97.2,97.02,97.29,94.65,90.02,74.04,58.16
40049,77.5,64.47,57.86,53.33,45.49,37.23,29.13
40051,61.9,57.8,55.4,55.57,52.15,37.19,22.2
40053,25.4,23.32,22.79,24.37,22.72,9.22,-4.48
40055,59.3,51.38,38.02,36.93,23.84,23.01,22.04
40057,210.3,177.82,183.47,177.9,175.58,167.75,159.99
40059,10.5,11.8,5.07,2.41,0.91,58.11,115.3
40061,121.6,115.44,104.14,97.28,91.26,62.46,33.48
40063,50.1,42.42,37.56,32.4,25.15,15.61,5.8
40065,128.9,112.51,105.68,97.46,93.7,64.96,36.34
40067,41.8,41.56,36.01,19.99,7.6,11.66,15.79
40069,8.7,8.2,4.59,3.19,1.24,9.08,16.92
40071,102.6,97.0,92.96,86.07,80.12,55.2,30.35
40073,53.2,33.52,80.86,99.42,104.93,103.22,101.56
40075,49.3,47.84,43.63,36.93,32.55,32.04,31.59
40077,83.6,80.45,76.96,75.13,69.1,63.76,58.21
40079,92.8,96.51,92.02,84.97,76.3,56.43,36.53
40081,23.6,26.14,22.81,19.53,19.33,23.61,27.53
40083,53.8,54.3,52.17,47.99,38.55,23.5,8.65
40085,83.8,76.1,75.67,71.72,70.32,96.79,123.39
40087,151.4,146.22,140.83,131.73,118.24,62.35,6.39
40089,96.9,77.88,77.82,71.94,62.73,40.43,17.87
40091,73.8,72.1,68.79,64.8,58.37,31.85,5.52
40093,6.8,6.25,3.07,2.01,26.34,19.85,13.39
40095,51.7,49.03,54.94,65.85,63.33,33.67,3.98
40097,122.5,110.75,105.01,94.74,82.65,52.2,21.71
40099,175.9,168.04,159.49,141.38,129.14,83.84,38.58
40101,127.7,127.96,124.85,118.24,114.39,93.01,71.7
40103,21.6,19.58,15.73,9.99,3.81,4.14,4.42
40105,76.4,71.38,67.3,58.66,51.07,45.06,38.79
40107,6.0,8.45,4.02,2.03,0.8,2.54,4.37
40109,126.5,120.46,113.36,103.27,91.71,100.3,108.8
40111,110.0,106.76,100.71,93.64,81.54,41.87,2.31
40113,20.2,16.13,13.78,11.35,9.66,11.7,13.59
40115,115.7,105.96,95.33,88.18,79.02,53.99,28.62
40117,105.6,103.23,101.27,92.82,83.47,49.2,15.08
40119,111.5,106.13,103.69,93.27,83.08,57.6,32.03
40121,170.7,166.43,160.25,148.13,134.91,103.86,72.98
40123,128.3,123.08,118.95,110.84,105.55,80.38,55.16
40125,146.6,135.82,131.13,124.75,120.44,78.9,37.51
40127,9.7,8.77,4.3,19.9,31.46,16.31,1.33
40129,4.1,4.07,1.93,1.18,0.47,4.38,8.58
40131,120.9,124.16,111.44,100.42,89.57,54.14,18.93
40133,73.8,73.96,68.58,63.28,62.15,39.48,16.89
40135,89.0,86.31,71.89,59.93,42.51,26.33,10.1
40137,123.8,129.6,131.08,125.87,127.08,92.42,57.82
40139,27.0,25.36,34.52,33.9,30.95,21.72,12.39
40141,110.5,99.16,97.73,91.88,94.25,78.46,62.74
40143,144.1,138.54,130.55,120.1,106.51,112.35,118.16
40145,77.3,71.42,66.3,61.0,53.83,28.9,4.1
40147,131.3,127.88,119.1,109.34,99.57,66.37,33.16
40149,2.6,3.14,1.5,0.81,0.31,10.53,20.86
40151,43.5,38.01,30.62,26.69,23.14,18.7,14.27
40153,118.3,113.56,108.58,99.33,93.16,72.78,52.13
41001,147.2,142.92,134.69,118.8,103.73,83.74,63.63
41003,56.9,53.45,49.07,42.24,35.4,52.85,70.2
41005,86.9,84.37,78.16,69.27,61.49,44.9,28.36
41007,149.2,132.43,116.85,100.38,87.42,68.64,50.08
41009,84.3,80.11,73.1,66.89,60.09,38.08,16.08
41011,158.6,150.58,140.27,125.07,109.19,90.33,71.22
41013,119.1,113.04,103.72,91.13,80.36,52.26,24.15
41015,177.6,161.92,153.54,140.64,131.08,98.79,66.23
41017,102.1,97.41,90.47,80.52,72.44,63.47,54.49
41019,118.1,111.84,105.33,95.56,85.0,66.11,47.1
41021,103.6,104.08,102.08,85.58,76.36,46.15,15.82
41023,4.2,3.65,3.08,34.57,50.55,48.23,45.9
41025,124.7,117.87,107.45,93.87,85.3,67.93,50.64
41027,92.0,88.99,91.83,83.89,75.58,72.61,69.52
41029,124.5,117.76,110.73,100.55,91.39,90.49,89.76
41031,65.2,61.12,59.63,55.27,48.22,33.57,19.07
41033,141.9,134.77,125.31,112.06,101.36,69.76,38.23
41035,108.5,99.24,89.03,76.67,63.99,49.57,35.36
41037,129.0,121.6,110.42,97.19,78.59,58.97,39.04
41039,123.4,116.78,107.43,94.93,82.48,72.45,62.42
41041,153.3,141.69,124.85,107.83,92.2,61.21,30.34
41043,127.0,119.18,109.1,96.64,84.94,50.47,16.14
41045,171.4,162.92,153.98,143.7,128.07,106.24,84.25
41047,78.4,75.23,71.25,63.59,54.63,46.04,37.38
41049,20.4,18.71,18.86,27.19,28.25,25.31,22.28
41051,65.3,60.26,54.68,47.36,40.61,47.36,53.96
41053,67.1,62.82,56.0,51.03,45.61,31.25,17.13
41055,0.0,0.04,-0.03,0.0,0.03,13.84,27.55
41057,124.0,117.42,107.77,97.87,89.23,68.93,49.03
41059,109.9,105.48,99.63,86.91,73.16,49.06,25.06
41061,131.5,128.01,119.33,107.49,93.97,73.9,53.97
41063,111.6,100.35,91.09,82.62,75.37,61.09,46.84
41065,156.5,146.37,139.82,128.76,115.19,77.92,40.57
41067,60.1,56.88,52.9,47.31,41.85,39.06,36.31
41069,0.0,-0.01,-0.03,-0.05,-0.07,35.41,71.15
41071,92.0,86.32,77.19,68.21,58.06,43.07,28.09
42001,52.6,51.83,48.07,41.56,35.82,30.08,24.2
42003,84.2,80.8,75.38,65.33,55.97,63.83,71.77
42005,83.9,81.99,77.05,75.54,68.14,43.92,19.77
42007,85.8,82.17,76.36,67.66,60.0,42.87,25.5
42009,75.1,71.06,68.25,60.41,49.49,31.07,12.81
42011,65.8,64.61,61.25,53.83,46.96,38.07,29.13
42013,115.7,112.78,108.21,96.68,83.68,78.88,74.34
42015,75.3,73.04,71.15,63.65,54.85,56.46,58.1
42017,75.3,72.26,68.6,61.41,55.53,46.68,37.77
42019,78.0,75.7,71.69,63.35,56.03,42.11,28.32
42021,109.2,105.67,101.31,91.65,80.83,68.67,56.46
42023,124.5,115.8,106.12,92.95,80.23,43.13,6.06
42025,83.3,80.9,76.61,66.73,56.38,39.41,22.57
42027,54.9,52.12,49.84,44.11,38.26,34.48,30.6
42029,57.3,55.85,52.66,47.35,42.12,34.98,27.68
42031,75.0,71.3,69.65,62.49,57.6,42.35,27.05
42033,92.1,86.97,79.95,68.96,59.18,53.4,47.76
42035,79.1,77.07,74.85,69.79,62.13,51.56,41.0
42037,89.6,87.22,83.17,75.11,67.21,58.27,49.28
42039,103.0,98.18,89.55,77.42,65.44,58.48,51.46
42041,79.6,76.7,72.08,62.23,53.53,46.23,38.87
42043,76.8,72.9,67.59,58.11,49.5,54.01,58.73
42045,82.2,79.04,73.79,63.91,54.0,48.68,43.06
42047,98.7,95.11,90.67,77.89,66.62,48.03,29.67
42049,93.2,89.37,83.2,72.89,63.89,61.56,59.31
42051,134.9,134.42,130.89,117.86,106.15,91.76,77.25
42053,42.7,41.55,41.61,40.08,37.34,16.28,-4.97
42055,83.7,80.4,75.86,65.24,54.97,43.49,32.26
42057,12.7,12.23,13.24,43.04,50.87,32.17,13.33
42059,82.3,79.59,79.28,72.65,65.16,41.33,17.39
42061,69.5,66.25,62.25,54.41,47.42,30.9,14.23
42063,80.2,78.07,73.71,66.6,54.62,41.77,29.03
42065,86.3,82.7,76.71,68.72,59.73,40.67,21.53
42067,63.1,59.96,57.34,52.83,46.5,36.38,26.15
42069,123.4,119.29,114.79,104.74,91.72,80.08,68.29
42071,65.1,62.11,57.36,50.13,44.0,38.2,32.38
42073,114.2,106.38,97.66,85.84,73.04,60.59,48.01
42075,66.2,64.29,60.26,52.8,45.88,36.39,27.01
42077,53.7,52.05,49.46,43.47,38.23,43.31,48.49
42079,98.8,94.31,88.89,77.9,67.78,57.39,47.04
42081,100.1,95.84,89.96,79.44,70.31,60.75,51.05
42083,100.3,94.13,89.54,82.78,74.95,57.96,40.83
42085,124.2,121.43,113.8,100.5,86.36,77.82,69.42
42087,92.4,87.0,84.04,74.07,62.84,48.86,34.88
42089,87.9,84.44,79.09,70.69,61.95,43.54,25.17
42091,65.9,64.28,61.25,55.05,48.1,50.11,52.33
42093,87.8,83.75,80.18,71.62,63.84,208.83,353.57
42095,77.4,74.12,69.27,60.31,53.51,53.51,53.5
42097,106.4,105.18,98.89,88.58,75.41,52.03,28.81
42099,70.6,66.66,59.96,53.15,46.95,28.11,9.35
42101,80.0,77.16,71.21,61.0,50.63,50.11,49.82
42103,70.7,61.86,53.69,45.56,41.4,31.11,20.86
42105,74.1,69.32,65.39,59.79,53.1,42.4,31.46
42107,88.1,85.21,81.44,73.15,64.95,44.68,24.2
42109,76.4,71.52,67.97,60.5,52.91,43.61,34.15
42111,72.7,72.62,70.86,65.24,55.11,38.21,21.29
42113,51.5,49.16,46.33,41.8,34.73,21.13,7.4
42115,65.7,61.9,55.6,51.26,45.86,31.24,16.76
42117,79.4,80.33,77.27,68.23,58.54,43.07,27.6
42119,64.4,63.13,60.27,55.42,47.6,53.82,60.14
42121,96.0,92.24,85.09,73.94,64.29,55.81,47.22
42123,82.7,81.21,78.19,71.84,65.54,51.72,37.82
42125,83.6,81.03,75.51,65.52,57.64,44.58,31.58
42127,72.1,68.99,66.2,60.11,55.21,34.18,13.28
42129,83.6,80.71,76.57,68.7,60.74,50.39,39.94
42131,90.7,87.07,83.11,73.06,58.94,46.01,33.11
42133,72.3,69.46,65.14,56.75,48.81,42.78,36.63
44001,54.7,52.38,47.51,42.55,36.74,25.95,15.26
44003,87.8,81.65,75.45,67.71,59.45,54.82,50.4
44005,68.8,65.42,61.85,54.91,47.82,35.72,23.66
44007,70.6,66.02,61.05,53.3,45.04,42.96,40.67
44009,73.5,68.82,65.28,59.68,51.71,40.82,29.94
45001,63.8,63.07,59.94,55.28,50.22,39.19,28.15
45003,97.9,94.47,90.28,82.51,72.98,54.04,35.27
45005,63.8,58.88,56.41,50.72,44.73,43.95,43.33
45007,102.7,99.13,95.7,89.12,81.49,78.04,74.52
45009,101.4,104.65,102.46,96.34,84.97,59.22,33.25
45011,105.6,102.17,99.77,93.57,81.46,60.66,39.48
45013,70.7,69.11,66.56,62.27,57.15,50.92,44.75
45015,64.7,62.77,60.62,57.07,50.62,30.45,10.23
45017,1.5,3.08,8.13,8.46,8.07,6.71,5.41
45019,91.0,86.91,80.08,71.49,62.09,92.92,123.76
45021,126.8,119.39,117.16,110.3,99.56,74.47,49.27
45023,106.8,102.84,99.37,88.79,78.05,55.0,31.87
45025,100.1,93.35,89.43,83.68,74.54,44.21,13.94
45027,92.4,87.39,83.28,77.41,72.11,54.03,35.94
45029,134.5,134.35,129.01,120.41,110.48,73.95,37.45
45031,168.8,160.93,155.61,146.67,134.8,113.29,91.78
45033,151.1,142.3,132.85,121.45,106.37,77.91,49.79
45035,105.7,103.88,102.12,94.38,83.92,45.82,7.73
45037,47.7,55.27,60.18,56.59,50.18,29.53,8.65
45039,74.3,69.52,59.64,51.41,45.51,33.03,20.53
45041,147.5,143.05,138.75,128.62,115.53,127.68,139.71
45043,105.3,99.91,92.53,83.77,73.04,60.73,48.44
45045,104.0,99.07,94.38,85.68,75.57,73.69,72.0
45047,137.4,130.96,121.18,108.92,97.13,91.41,85.93
45049,106.9,108.1,106.08,97.1,86.93,49.9,12.78
45051,129.8,124.6,115.92,104.51,91.39,73.8,56.26
45053,69.5,64.53,66.88,62.52,55.21,33.21,11.16
45055,82.2,80.09,86.61,82.7,73.26,46.97,20.87
45057,104.3,95.61,87.44,78.32,69.37,46.73,23.94
45059,96.5,92.68,88.64,82.67,74.4,51.83,29.38
45061,36.8,37.22,40.87,39.27,38.18,22.48,6.61
45063,105.5,100.29,94.92,87.07,78.08,65.64,53.45
45065,2.4,2.35,2.31,2.27,0.89,6.92,13.05
45067,134.6,129.56,120.89,114.51,97.43,64.52,31.74
45069,113.9,113.17,108.95,103.04,96.13,53.22,10.24
45071,99.7,92.8,88.24,81.59,70.92,51.25,31.64
45073,141.1,131.05,121.61,114.59,101.89,76.75,51.64
45075,98.9,95.44,92.94,85.96,75.86,58.7,41.76
45077,114.8,111.21,108.68,100.55,90.54,78.57,66.5
45079,74.7,72.16,67.6,61.88,55.09,59.76,64.33
45081,56.2,56.36,54.72,47.21,39.85,22.88,5.91
45083,125.4,119.18,111.86,101.11,89.6,87.28,84.85
45085,81.4,81.88,78.48,73.65,65.98,50.88,36.01
45087,140.6,130.1,123.65,113.14,96.94,47.64,-1.79
45089,98.4,91.47,81.42,75.74,68.01,37.31,6.81
45091,85.7,81.59,75.82,67.67,57.95,40.0,22.11
46003,0.0,0.02,0.05,-0.01,-0.03,12.01,24.15
46005,79.5,74.55,69.05,62.26,57.14,48.62,40.03
46007,0.6,0.75,0.28,0.24,0.08,2.24,4.25
46009,0.2,0.1,0.12,0.37,0.06,6.25,12.39
46011,53.5,52.13,46.17,43.74,38.07,31.47,24.74
46013,68.3,65.13,64.3,59.91,53.61,52.62,51.69
46015,94.4,32.73,64.66,72.68,69.22,60.64,52.23
46017,0.0,-0.04,-0.0,0.01,67.5,29.19,-9.12
46019,29.6,26.99,26.7,26.12,10.05,6.69,3.19
46021,0.0,0.03,0.01,-0.01,-0.01,1.62,2.9
46023,30.8,32.3,33.66,36.62,36.82,32.02,27.16
46025,0.6,0.32,20.26,24.71,21.67,22.02,22.39
46027,48.8,45.94,46.85,45.7,42.17,33.2,24.42
46029,83.5,80.44,72.01,65.53,59.78,47.66,35.66
46031,0.0,-0.02,-0.07,-0.01,-0.02,3.84,7.68
46033,49.1,46.66,42.99,37.15,34.76,26.68,18.49
46035,116.9,108.59,96.58,83.2,72.92,58.61,44.28
46037,1.4,0.97,0.83,0.59,0.22,2.8,5.15
46039,37.8,36.13,35.27,13.89,5.26,4.13,2.86
46041,0.0,-0.02,-0.04,0.03,0.03,2.16,4.42
46043,51.5,49.94,45.76,40.75,32.38,30.96,29.64
46045,66.9,69.24,60.36,58.26,52.82,45.19,37.55
46047,92.7,89.62,88.41,84.27,78.89,60.66,42.4
46049,1.9,0.81,0.41,0.19,0.09,8.42,16.71
46051,63.8,63.05,59.68,57.8,54.37,38.41,22.45
46053,108.0,120.71,106.84,89.98,74.68,67.03,59.34
46055,104.5,109.97,116.12,105.53,105.2,107.59,109.81
46057,0.0,-0.05,-0.02,0.06,0.02,1.81,3.37
46059,2.8,2.01,0.97,0.72,0.27,0.51,0.44
46061,0.0,0.02,-0.02,-0.02,-0.03,0.44,0.83
46063,0.0,-0.02,0.01,-0.03,-0.05,0.8,1.85
46065,120.3,113.1,103.63,91.94,76.59,55.31,33.98
46067,87.6,84.4,80.45,77.52,71.71,60.18,48.87
46069,0.0,-0.05,0.0,0.03,0.03,21.35,42.94
46071,0.0,-0.01,-0.03,0.1,0.04,4.89,9.97
46073,1.3,0.57,63.34,87.72,91.14,109.2,127.53
46075,0.0,0.01,-0.03,-0.06,-0.02,22.17,44.38
46077,32.7,23.62,41.54,44.27,41.61,32.85,23.97
46079,35.8,31.23,32.71,34.32,32.36,23.9,15.37
46081,93.8,88.96,83.01,74.55,65.87,44.46,23.01
46083,32.2,32.18,34.0,34.84,32.46,31.07,29.76
46085,21.6,19.18,14.07,11.7,10.62,7.97,5.44
46087,41.0,39.76,34.75,32.07,28.22,22.52,16.95
46089,45.3,45.14,21.16,8.14,3.15,2.83,2.58
46091,48.8,47.16,45.56,39.81,33.36,22.82,12.16
46093,14.3,14.82,14.25,13.34,11.89,10.39,8.62
46095,146.3,142.13,107.02,83.34,64.01,26.53,-11.13
46097,33.6,35.11,32.25,29.4,26.72,13.91,0.92
46099,76.4,77.23,69.93,62.89,54.99,58.78,62.58
46101,29.1,10.33,27.04,30.5,28.11,18.41,8.61
46102,0.0,-0.01,-0.01,0.03,0.04,2.56,4.93
46103,80.8,80.0,77.55,69.71,59.77,57.0,54.2
46105,41.8,44.85,46.28,48.42,47.42,23.51,-0.46
46107,2.8,1.33,0.71,1.21,0.5,4.68,9.05
46109,42.5,42.7,44.68,42.61,38.8,30.88,22.87
46111,0.0,0.02,0.04,0.0,0.09,1.72,3.49
46115,2.6,2.95,2.64,1.62,0.66,5.96,11.18
46117,2.0,2.06,2.6,2.6,0.95,3.48,6.08
46119,0.0,0.0,0.02,0.04,-0.01,1.11,2.38
46121,14.6,4.88,1.86,0.71,0.34,6.39,12.4
46123,132.6,135.69,114.85,91.94,74.05,61.74,49.29
46125,30.0,22.15,28.62,29.0,30.21,19.3,8.39
46127,74.5,76.66,72.49,65.5,71.96,199.85,327.85
46129,84.1,101.07,101.48,94.34,82.56,50.53,18.34
46135,115.5,108.43,100.08,90.0,82.73,68.6,54.4
46137,0.0,-0.01,-0.01,0.02,-0.01,-0.08,0.09
47001,180.3,172.02,156.65,138.06,120.36,90.06,59.7
47003,124.2,115.46,106.69,98.94,87.67,57.48,27.21
47005,151.8,146.29,140.33,127.33,107.04,71.58,36.12
47007,86.2,87.23,84.98,77.47,71.84,63.28,54.67
47009,110.1,104.7,96.15,86.4,75.76,56.01,36.46
47011,148.9,143.84,135.15,122.84,109.95,101.94,94.06
47013,244.1,233.45,209.78,190.01,162.57,89.45,16.2
47015,121.1,112.51,105.88,100.07,77.23,43.86,10.25
47017,164.2,153.88,145.08,128.73,112.31,122.74,133.15
47019,119.2,115.18,111.63,103.69,94.42,57.2,20.16
47021,101.0,94.44,102.26,97.24,88.38,56.09,24.0
47023,111.3,107.18,103.02,97.26,87.18,66.81,46.35
47025,232.2,223.66,202.23,180.78,160.58,124.74,89.25
47027,185.9,187.96,189.16,191.05,170.37,87.87,5.26
47029,213.9,205.66,194.78,178.33,157.82,102.06,46.31
47031,192.9,181.35,173.98,163.54,147.9,149.37,150.69
47033,98.5,102.42,95.42,78.63,64.15,36.52,8.95
47035,153.6,148.1,136.34,124.22,110.66,79.08,47.25
47037,95.8,93.36,88.3,79.4,67.78,82.82,97.88
47039,185.7,173.15,167.53,148.18,132.12,85.66,39.26
47041,208.7,189.73,171.95,150.85,129.43,83.71,38.21
47043,160.2,151.4,143.5,128.46,109.42,93.36,77.32
47045,184.4,183.57,179.24,169.25,163.49,114.51,65.51
47047,79.5,77.12,73.88,68.75,61.88,44.81,27.72
47049,175.3,180.16,179.24,166.88,140.01,78.93,17.9
47051,131.4,128.5,123.06,111.72,99.74,77.71,55.65
47053,140.0,141.04,139.99,134.01,124.82,90.45,55.87
47055,158.6,150.87,137.94,123.18,108.71,66.08,23.19
47057,122.0,112.75,101.32,90.38,78.69,37.81,-2.94
47059,144.0,137.9,129.36,118.15,104.65,76.81,48.85
47061,200.3,193.06,179.87,159.0,156.78,74.1,-8.86
47063,199.9,186.9,172.08,154.92,135.0,124.76,114.31
47065,136.1,132.55,126.59,116.21,102.76,106.31,109.91
47067,173.0,156.67,136.7,118.35,109.98,90.92,72.0
47069,113.6,113.34,113.5,106.38,95.85,62.16,28.61
47071,169.5,163.88,157.4,149.86,137.77,119.86,101.87
47073,102.4,97.07,92.02,83.55,75.51,49.28,22.83
47075,86.1,85.81,86.36,81.63,70.13,42.27,14.5
47077,151.4,148.66,141.28,128.87,112.21,74.97,37.74
47079,203.8,198.66,192.43,176.64,155.0,104.2,53.49
47081,73.3,72.06,71.57,67.49,59.18,34.91,10.67
47083,152.9,150.82,149.49,142.84,122.81,70.05,17.32
47085,162.4,147.37,136.34,124.24,106.83,57.54,8.38
47087,25.1,52.69,59.38,52.08,42.55,22.25,2.15
47089,136.7,128.82,119.07,109.29,97.41,76.44,55.2
47091,137.4,126.23,113.98,99.2,85.42,56.04,26.68
47093,117.9,111.36,102.8,92.02,80.33,100.58,120.87
47095,96.9,88.13,82.62,71.34,67.11,32.08,-2.83
47097,111.5,111.05,105.76,99.91,98.97,77.0,55.05
47099,162.6,155.39,147.73,136.18,120.76,81.39,42.27
47101,163.9,159.98,156.45,142.15,126.45,69.81,13.05
47103,122.3,115.12,109.15,101.17,91.08,52.74,14.21
47105,119.2,113.46,106.23,97.21,83.72,46.68,9.75
47107,185.0,180.39,165.94,146.1,126.07,91.61,57.06
47109,190.1,187.21,178.79,160.55,138.33,100.86,63.44
47111,139.6,133.74,131.41,121.13,100.42,50.39,0.31
47113,139.2,134.06,129.47,120.33,107.5,133.41,159.21
47115,113.5,110.75,105.72,93.74,79.35,47.39,15.29
47117,129.5,133.06,140.67,130.38,111.35,78.05,44.66
47119,155.9,149.36,140.31,124.54,107.86,109.31,110.72
47121,8.1,8.5,35.94,38.78,36.49,29.6,22.65
47123,172.8,166.87,154.59,143.76,130.53,86.43,42.47
47125,95.8,91.02,88.44,81.75,73.53,56.57,39.67
47127,31.6,28.47,24.55,20.82,11.75,9.38,6.93
47129,110.6,104.07,87.45,75.44,65.46,47.04,28.78
47131,118.7,106.89,102.29,98.13,95.6,92.96,90.19
47133,122.4,113.54,112.29,105.76,96.41,80.41,64.5
47135,112.7,102.25,100.33,100.8,91.6,97.14,102.75
47137,149.1,128.39,101.73,94.45,91.18,50.83,10.5
47139,37.0,42.01,49.41,91.97,98.45,55.71,12.78
47141,156.1,153.45,144.8,133.2,118.02,103.93,89.76
47143,174.6,170.53,162.39,147.57,132.18,76.3,20.43
47145,167.3,162.67,152.9,137.57,118.37,80.58,42.73
47147,146.3,141.24,132.19,122.42,110.89,68.73,26.4
47149,106.1,103.02,97.98,88.31,77.43,63.18,48.87
47151,121.7,131.76,155.34,155.26,135.85,106.51,77.12
47153,186.2,189.64,180.6,169.66,142.11,73.77,5.46
47155,144.3,132.03,121.28,107.77,94.13,74.04,54.13
47157,79.2,77.39,75.02,68.67,60.05,63.27,66.69
47159,172.8,160.68,143.39,121.38,105.31,98.4,91.78
47161,66.5,60.36,61.86,59.2,53.0,29.88,6.94
47163,189.7,182.06,171.35,155.43,136.63,140.78,144.9
47165,99.8,97.33,93.32,86.82,76.52,65.32,54.32
47167,102.0,104.41,109.22,104.67,93.57,63.66,33.72
47169,236.8,220.4,189.98,145.86,124.52,66.72,9.41
47171,153.3,148.71,146.45,138.88,127.24,87.28,47.24
47173,132.7,117.62,103.12,86.24,70.78,36.1,1.61
47175,9.8,9.26,8.85,9.92,3.85,5.83,7.76
47177,170.0,167.56,161.63,143.66,127.8,83.84,39.66
47179,121.0,117.63,111.86,102.01,90.97,119.06,147.2
47181,165.4,163.12,156.43,141.07,126.26,93.08,59.71
47183,130.0,130.44,129.04,121.18,111.76,97.88,83.96
47185,156.9,150.34,138.08,124.34,110.15,59.63,8.97
47187,62.2,61.13,58.88,53.84,48.0,54.1,60.3
47189,106.0,101.28,95.05,84.96,75.2,65.11,54.8
48001,99.8,92.27,77.42,66.83,59.07,46.95,34.71
48003,55.2,50.38,55.28,56.05,51.57,31.79,11.85
48005,122.2,111.01,99.88,92.4,85.17,72.09,59.14
48007,112.6,105.15,99.24,88.53,80.05,43.93,7.53
48009,0.0,0.01,0.07,0.05,0.06,0.38,0.72
48011,1.8,0.65,0.25,0.07,0.04,5.22,10.55
48013,90.7,89.22,88.99,84.95,79.64,44.35,8.99
48015,53.1,54.59,53.29,52.48,47.92,34.48,21.14
48017,78.8,69.84,65.33,66.69,65.91,41.49,16.87
48019,44.8,40.64,36.07,37.23,35.67,19.86,3.99
48021,88.3,85.42,80.82,75.12,67.66,35.48,3.28
48023,72.6,63.25,54.34,58.74,59.62,45.53,31.43
48025,77.8,74.77,71.74,67.38,61.62,35.57,9.34
48027,68.3,61.84,56.49,51.51,45.97,53.85,61.64
48029,64.5,59.97,56.55,52.5,47.3,48.12,48.93
48031,17.1,17.03,17.86,17.14,15.03,10.34,5.61
48033,0.0,0.07,0.0,-0.0,-0.05,0.76,1.63
48035,36.1,37.72,38.62,36.68,35.19,20.46,5.68
48037,138.5,128.3,126.0,118.49,107.81,112.33,116.71
48039,71.1,66.25,63.77,60.12,55.71,39.15,22.33
48041,77.4,70.4,60.1,51.8,45.77,44.8,43.97
48043,82.5,73.67,71.44,67.03,65.24,39.24,13.44
48045,0.0,-0.02,-0.0,0.02,-0.01,0.17,0.36
48047,55.8,37.27,39.39,50.88,52.05,29.99,7.82
48049,139.7,133.24,125.22,120.59,114.2,84.29,54.56
48051,35.7,32.47,46.84,50.19,47.22,29.67,12.33
48053,114.7,107.14,100.34,92.25,79.14,42.03,5.04
48055,60.6,57.12,54.27,49.33,42.43,21.33,0.45
48057,115.8,105.1,102.6,98.06,92.4,56.33,20.2
48059,2.2,2.4,7.74,15.68,18.19,13.3,8.49
48061,33.1,30.69,29.33,26.99,24.28,23.73,23.22
48063,96.6,79.1,73.16,63.53,56.95,45.63,34.34
48065,2.3,2.4,3.22,3.39,1.4,1.41,1.3
48067,69.8,67.17,76.36,77.1,72.39,58.1,43.93
48069,2.4,1.87,1.4,1.11,0.38,11.62,22.77
48071,5.5,11.55,25.72,29.61,29.7,17.86,5.77
48073,66.6,56.25,66.08,63.29,60.35,42.21,24.24
48075,185.8,178.59,177.84,160.13,140.92,97.51,53.99
48077,0.0,0.01,0.03,0.04,0.0,12.51,25.06
48079,0.0,-0.11,-0.04,0.05,-0.01,20.9,41.92
48081,0.0,0.03,0.01,0.04,0.02,0.03,-0.17
48083,5.4,4.7,44.49,59.7,61.61,36.37,11.17
48085,61.9,59.23,57.31,53.09,48.34,37.68,27.04
48087,0.0,0.0,-0.07,0.03,-0.04,5.34,10.85
48089,77.3,69.9,64.03,54.06,45.06,31.94,18.73
48091,83.4,79.17,76.23,71.48,65.65,48.03,30.37
48093,92.5,79.71,79.2,74.56,70.44,58.51,46.35
48095,0.0,-0.01,-0.01,0.06,0.07,6.39,12.68
48097,105.9,97.33,93.94,87.46,80.59,51.62,22.62
48099,75.3,71.5,66.77,62.11,57.15,32.13,7.15
48101,0.0,-0.03,-0.02,0.06,0.02,0.04,0.05
48103,81.1,65.45,64.06,69.03,67.64,38.42,9.17
48105,49.7,51.7,48.89,46.95,43.81,34.54,25.39
48107,2.5,2.01,2.04,1.9,0.71,12.3,23.95
48109,0.0,-0.02,0.02,0.0,-0.01,53.56,107.3
48111,84.7,78.51,75.53,67.26,60.53,39.7,18.99
48113,59.8,54.99,52.24,47.76,43.16,47.89,52.63
48115,65.9,62.55,59.9,59.2,55.45,28.59,1.74
48117,51.8,48.71,43.47,37.75,33.54,16.8,-0.08
48119,3.8,3.53,15.65,5.98,2.28,14.7,27.05
48121,66.9,63.03,60.61,56.06,50.99,40.33,29.58
48123,52.3,49.9,50.71,47.39,44.63,39.71,34.88
48125,6.7,6.15,6.94,6.86,2.6,1.01,-0.45
48127,102.9,98.59,96.19,100.06,84.2,40.23,-3.53
48129,3.0,3.85,3.81,2.7,1.12,0.74,0.61
48131,14.9,14.96,12.17,10.42,6.6,4.26,1.86
48133,70.7,67.64,70.24,75.15,72.13,36.58,0.81
48135,92.4,82.46,75.04,69.82,64.83,57.43,50.26
48137,0.0,-0.04,-0.02,-0.01,-0.02,2.02,4.12
48139,81.0,77.11,75.15,69.8,62.72,43.64,24.84
48141,39.6,38.15,37.74,35.4,32.46,31.55,30.59
48143,85.7,79.43,73.89,69.9,65.02,47.44,29.74
48145,74.6,64.2,62.71,59.24,53.56,37.95,22.23
48147,67.7,64.32,62.58,58.33,53.14,32.42,11.82
48149,71.7,68.33,63.27,60.56,57.78,62.25,66.78
48151,7.9,7.18,5.62,5.41,2.13,2.68,3.26
48153,25.9,10.95,6.13,3.76,1.53,17.21,33.03
48155,59.3,61.09,59.62,54.55,39.96,49.81,59.63
48157,44.2,42.0,40.29,37.13,34.02,26.32,18.52
48159,75.8,70.58,72.59,70.97,64.09,42.26,20.47
48161,3.9,3.47,19.47,23.68,28.17,21.9,15.73
48163,48.7,45.78,44.48,41.38,38.02,19.44,0.81
48165,62.3,55.63,52.61,48.59,43.08,31.53,20.07
48167,92.4,83.42,78.37,72.56,67.64,54.27,40.65
48169,2.0,1.75,1.71,0.96,0.35,2.65,4.8
48171,88.7,81.5,78.26,74.94,71.2,58.05,44.82
48173,0.0,0.01,-0.13,-0.1,-0.1,-0.0,-0.05
48175,32.7,28.27,24.82,21.73,19.54,10.78,1.8
48177,61.6,58.05,55.11,50.81,48.92,29.2,9.49
48179,131.5,120.55,113.6,106.11,94.73,83.95,72.98
48181,133.2,119.53,110.09,100.33,91.15,79.36,67.52
48183,178.5,151.96,140.05,130.12,124.22,118.23,112.24
48185,23.4,20.74,25.33,25.2,22.51,14.89,7.22
48187,51.7,48.67,48.04,45.94,43.44,29.22,15.25
48189,71.5,70.13,67.29,61.57,58.1,43.78,29.59
48191,7.1,4.83,4.15,3.04,1.17,9.06,17.11
48193,7.7,5.99,21.01,37.99,39.88,44.16,48.65
48195,1.5,1.62,0.96,0.43,0.14,5.26,10.3
48197,85.9,78.8,78.13,75.91,78.01,59.0,40.09
48199,110.4,102.25,99.2,92.9,88.8,47.04,5.11
48201,55.1,50.61,47.88,43.88,40.2,41.62,42.96
48203,78.0,72.55,72.22,66.41,62.63,49.04,35.38
48205,0.0,0.02,0.02,0.04,0.08,0.07,-0.11
48207,9.3,15.66,11.27,8.2,3.23,5.67,8.02
48209,67.1,62.69,59.99,54.88,49.43,35.02,20.65
48211,4.2,3.19,3.09,2.38,0.88,1.99,2.9
48213,93.6,87.24,83.06,78.14,72.66,49.47,26.41
48215,30.1,29.64,28.54,26.51,24.17,21.65,19.21
48217,95.4,85.25,70.67,62.96,57.65,44.37,31.26
48219,91.2,85.58,81.38,75.93,70.79,48.41,26.03
48221,136.4,129.0,122.94,113.45,105.01,75.29,45.4
48223,112.6,102.58,96.41,88.12,81.24,58.67,36.1
48225,26.0,23.34,38.39,40.14,40.63,24.0,7.46
48227,71.9,63.67,64.82,63.41,60.99,37.4,13.85
48229,0.0,0.04,0.02,0.03,0.06,0.04,0.11
48231,107.5,98.04,93.3,87.07,78.44,50.23,22.02
48233,85.6,80.7,81.21,76.66,70.98,47.22,23.17
48235,0.0,-0.04,-0.02,0.04,-0.05,-0.08,0.15
48237,4.9,2.93,2.39,1.74,0.67,7.92,15.06
48239,35.0,31.44,32.47,31.98,23.76,20.35,16.86
48241,76.8,70.54,68.48,61.07,53.98,38.12,22.18
48243,0.0,-0.03,-0.04,0.05,-0.06,26.73,53.62
48245,102.0,96.07,89.42,82.08,75.19,77.46,79.27
48247,3.3,2.19,22.43,23.79,20.96,8.03,-4.88
48249,92.9,86.57,82.23,78.02,74.52,55.66,36.8
48251,92.7,91.52,91.13,86.99,80.22,55.65,31.09
48253,34.2,31.63,30.75,30.22,26.92,16.99,7.18
48255,76.4,69.71,62.36,57.42,48.83,33.55,18.22
48257,88.3,82.66,78.7,73.29,68.5,41.15,13.89
48259,76.6,73.13,68.25,62.54,56.85,39.54,22.16
48261,0.0,-0.01,-0.05,-0.03,-0.05,-0.05,0.1
48263,0.0,0.03,0.01,-0.06,-0.04,0.02,0.0
48265,99.0,89.76,84.06,79.16,76.49,55.95,35.13
48267,74.5,69.93,63.63,58.36,53.39,35.47,17.42
48269,0.0,0.05,0.08,0.0,0.01,0.03,-0.12
48271,2.5,2.23,17.57,20.21,18.99,8.02,-2.97
48273,73.9,72.3,68.23,63.1,59.11,38.72,18.52
48275,0.0,-0.03,-0.05,-0.08,-0.02,20.89,41.79
48277,169.1,162.08,155.11,144.53,135.32,90.98,46.57
48279,52.6,50.39,20.47,9.44,3.57,11.4,19.3
48281,34.4,32.65,51.65,56.35,53.44,32.74,11.77
48283,0.5,0.43,0.46,0.28,0.1,7.67,15.49
48285,57.9,53.06,55.22,52.62,48.76,26.45,4.23
48287,24.5,21.24,39.55,43.38,41.15,22.79,4.38
48289,4.3,3.66,26.21,34.48,35.45,17.37,-0.74
48291,118.3,107.37,97.04,87.89,80.62,51.09,21.5
48293,107.2,98.38,90.79,87.53,89.2,56.45,23.56
48295,0.0,0.03,-0.02,0.05,0.08,0.14,0.16
48297,21.4,21.17,19.17,15.86,12.45,6.8,1.16
48299,83.4,75.25,67.38,60.63,55.8,36.94,17.98
48301,0.0,0.01,0.07,0.07,0.0,-0.04,-0.01
48303,94.2,87.14,85.28,80.62,74.15,87.03,99.89
48305,2.4,1.81,1.49,1.08,0.47,6.71,13.06
48307,76.1,67.57,59.83,55.76,44.97,29.74,14.62
48309,89.8,81.3,77.62,73.2,67.0,57.1,47.09
48311,0.0,0.03,-0.01,-0.02,0.06,0.01,-0.15
48313,51.8,47.62,64.04,68.63,65.15,38.21,11.36
48315,2.8,1.98,1.76,1.64,0.6,5.65,10.71
48317,3.8,2.74,26.12,35.01,34.23,26.67,19.12
48319,6.5,4.95,29.71,35.21,39.18,15.13,-8.71
48321,80.1,73.87,68.99,63.99,62.0,45.72,29.73
48323,31.3,29.82,28.96,27.97,26.25,16.52,6.75
48325,44.0,43.82,44.0,42.78,38.81,27.14,15.63
48327,0.0,0.0,-0.11,-0.1,0.03,0.99,1.9
48329,81.0,71.52,63.52,57.19,50.97,37.87,24.79
48331,81.3,69.66,68.42,63.97,58.32,35.77,13.04
48333,0.0,0.02,-0.0,-0.02,-0.03,4.35,8.8
48335,3.1,2.78,35.47,45.64,46.03,49.72,53.26
48337,92.2,86.12,83.63,76.99,71.74,50.42,28.99
48339,75.5,69.46,63.87,58.4,53.5,48.93,44.53
48341,66.2,61.13,57.49,53.68,52.5,42.6,32.57
48343,102.2,103.11,89.08,81.15,76.67,37.01,-2.91
48345,0.0,-0.01,-0.02,-0.01,0.05,-0.01,-0.11
48347,119.6,108.84,94.61,86.48,78.25,67.34,56.52
48349,86.2,81.02,75.92,69.96,64.58,41.16,17.83
48351,2.9,2.13,22.39,24.07,21.79,13.49,5.16
48353,147.0,133.88,124.41,98.1,78.12,47.12,15.99
48355,92.1,86.3,82.53,74.91,68.13,73.45,78.8
48357,80.2,53.23,48.81,51.52,49.9,33.17,16.74
48359,0.0,0.05,0.04,0.04,0.03,0.06,-0.1
48361,127.3,121.85,116.55,102.67,93.98,68.55,43.09
48363,130.6,121.39,113.34,101.87,92.55,54.22,15.9
48365,83.7,82.87,81.94,77.97,74.3,44.78,15.24
48367,81.1,77.56,74.94,68.78,62.02,44.85,27.81
48369,2.6,2.04,1.46,1.11,0.46,12.83,24.9
48371,44.5,39.78,38.55,36.4,34.58,25.95,17.27
48373,120.5,111.27,104.87,96.14,88.82,53.14,17.44
48375,89.3,81.78,78.28,74.53,68.64,91.31,113.93
48377,0.0,0.0,0.02,2.01,4.69,6.49,8.1
48379,75.8,74.9,70.91,65.35,58.47,23.22,-12.14
48381,84.9,78.99,75.74,71.28,66.01,44.6,23.21
48383,0.0,0.28,16.08,21.71,21.23,9.72,-1.62
48385,0.0,0.03,-0.06,-0.07,0.01,0.95,1.86
48387,6.0,4.33,31.56,47.31,52.13,65.67,79.32
48389,91.0,80.88,70.3,62.26,57.5,43.43,29.41
48391,3.2,2.21,1.83,1.62,0.68,7.23,13.76
48393,0.0,-0.0,-0.01,0.11,0.04,0.05,0.12
48395,6.0,4.66,19.67,22.86,22.13,13.29,4.28
48397,78.7,72.48,73.83,71.52,66.48,56.37,46.4
48399,61.8,57.07,65.52,67.42,61.85,41.68,21.28
48401,68.1,58.18,52.44,47.23,44.64,28.65,12.64
48403,7.0,5.01,36.02,41.35,36.79,28.32,19.87
48405,7.0,5.14,48.6,58.44,62.96,45.78,28.66
48407,1.9,1.42,12.48,15.34,18.25,7.72,-2.78
48409,80.1,80.45,84.21,81.92,75.48,49.95,24.44
48411,77.8,27.8,41.34,41.88,16.32,10.33,4.3
48413,0.0,0.0,-0.01,-0.07,-0.0,11.67,23.42
48415,106.6,96.03,88.79,83.87,77.14,39.99,3.04
48417,0.0,0.01,0.01,-0.03,-0.05,1.77,3.41
48419,89.7,68.97,69.08,66.3,61.38,34.67,8.01
48421,31.2,11.24,5.11,2.68,0.96,0.77,0.58
48423,107.9,99.44,92.62,85.62,77.96,93.89,109.83
48425,8.6,6.84,6.2,5.45,2.05,29.77,57.37
48427,32.7,32.41,33.75,33.35,30.85,28.25,25.76
48429,128.1,122.16,110.53,100.99,89.92,48.25,6.63
48431,0.0,0.01,-0.0,-0.06,-0.06,2.41,4.97
48433,4.9,4.2,3.08,2.81,1.02,1.56,2.15
48435,6.5,5.52,4.0,3.2,1.38,10.82,20.17
48437,3.0,2.55,2.41,6.56,2.5,5.72,8.54
48439,76.0,71.17,68.39,63.16,57.38,53.09,48.77
48441,130.7,120.09,111.89,102.94,94.37,92.03,89.81
48443,0.0,-0.02,-0.03,0.02,-0.0,50.1,100.24
48445,63.4,56.75,75.49,77.24,72.15,38.57,4.98
48447,0.0,0.02,-0.01,-0.02,-0.0,14.4,28.96
48449,106.0,95.7,88.73,80.15,73.76,56.81,39.88
48451,92.4,84.21,78.55,73.76,69.18,59.49,49.91
48453,61.1,57.37,53.48,48.29,42.83,43.56,44.47
48455,57.5,47.23,55.22,55.8,48.15,29.8,11.56
48457,32.0,25.88,42.46,47.91,48.37,24.41,0.5
48459,26.1,23.56,20.74,18.88,17.67,14.12,10.48
48461,1.9,1.89,1.62,1.62,0.7,4.16,7.79
48463,76.9,73.72,73.36,71.57,66.39,42.4,18.2
48465,42.5,40.49,39.32,36.99,34.18,27.47,20.77
48467,88.3,83.88,80.48,73.87,67.93,41.04,14.13
48469,121.1,109.65,102.77,96.87,89.27,77.71,66.19
48471,87.0,80.3,66.89,60.92,57.25,38.53,19.87
48473,7.3,6.05,10.3,11.17,10.29,6.54,2.86
48475,73.4,72.05,63.15,55.72,49.93,38.58,27.38
48477,90.5,88.95,80.58,73.92,68.49,44.26,19.97
48479,30.2,29.44,28.08,25.95,23.08,20.45,17.81
48481,76.8,71.83,66.6,62.12,59.06,43.88,28.78
48483,47.7,46.29,41.8,35.97,26.14,15.59,5.22
48485,119.1,111.35,107.5,100.86,93.89,87.56,81.41
48487,167.2,157.39,151.26,141.64,129.57,80.84,32.12
48489,53.8,49.44,36.58,34.0,32.7,24.71,16.7
48491,70.6,66.77,63.96,59.4,53.82,40.53,27.13
48493,56.3,58.6,58.6,55.98,52.68,30.06,7.52
48495,87.1,68.78,61.11,52.55,47.24,24.3,1.2
48497,68.9,64.98,64.09,62.83,59.28,47.02,34.69
48499,115.9,103.61,98.13,93.25,85.69,53.64,21.46
48501,8.7,7.6,6.87,7.35,2.84,10.41,18.12
48503,112.6,106.45,101.81,95.82,91.58,62.15,32.56
48505,2.2,10.21,18.66,19.97,18.5,9.37,0.37
48507,5.0,2.22,1.25,0.89,0.34,1.18,2.0
49001,91.8,95.96,94.68,92.79,82.23,79.11,75.88
49003,85.5,83.09,81.23,76.21,70.27,46.59,22.93
49005,66.7,63.06,57.71,52.72,47.71,41.01,34.59
49007,188.9,185.05,179.4,163.47,153.33,143.69,134.24
49009,0.0,0.04,0.02,-0.0,-0.03,0.98,1.88
49011,72.9,70.05,67.96,64.52,59.93,51.72,43.68
49013,54.1,52.17,55.63,57.42,57.05,51.74,46.26
49015,97.4,96.98,64.58,74.02,76.73,49.3,22.0
49017,92.7,88.81,87.74,85.52,76.0,64.64,53.4
49019,108.4,99.75,89.48,83.33,77.07,64.72,52.27
49021,105.0,109.01,105.82,96.98,87.19,66.13,45.14
49023,96.9,96.25,86.88,80.08,74.7,55.04,35.18
49025,130.4,143.1,120.44,110.62,99.83,73.15,46.64
49027,69.0,69.73,62.37,63.7,58.71,42.56,26.4
49029,60.8,61.57,59.21,45.86,37.79,34.43,31.01
49031,0.0,-0.03,-0.02,-0.01,-0.01,-0.02,-0.02
49033,44.0,35.47,31.68,30.13,28.92,17.44,5.98
49035,80.2,76.73,72.83,66.74,59.88,59.01,58.11
49037,23.5,20.57,17.93,16.82,15.16,16.45,17.51
49039,95.5,89.67,93.44,88.34,81.94,58.31,34.97
49041,130.2,126.26,117.89,111.71,104.41,87.46,70.77
49043,69.9,67.19,63.46,55.99,48.96,52.02,55.02
49045,81.5,75.7,72.29,67.15,58.22,37.43,16.65
49047,82.8,75.13,69.97,64.14,56.21,43.85,31.6
49049,64.5,62.27,60.06,55.64,50.58,44.86,39.11
49051,79.6,76.53,71.7,63.59,55.96,34.76,13.62
49053,96.1,93.14,90.5,83.59,76.88,73.8,70.92
49055,0.0,0.01,0.0,0.08,0.06,16.6,33.13
49057,90.7,88.12,85.08,79.63,73.62,64.19,54.74
50001,27.2,38.22,46.26,43.06,39.25,30.01,20.97
50003,83.4,82.35,76.12,67.5,58.23,49.19,39.98
50005,45.7,57.29,60.46,56.66,49.54,38.57,27.58
50007,43.6,47.86,48.39,44.12,38.6,40.98,43.4
50009,0.1,7.21,10.52,4.31,1.63,26.9,52.08
50011,58.0,75.15,81.74,80.16,73.14,50.92,28.79
50013,13.3,16.69,17.74,16.0,14.05,13.35,12.45
50015,34.7,50.03,54.67,55.64,52.57,42.86,33.15
50017,22.1,35.87,40.26,36.41,29.35,25.59,21.81
50019,31.7,50.93,58.11,59.43,55.89,46.02,36.1
50021,88.9,86.16,82.13,71.63,59.56,50.18,40.72
50023,38.9,51.65,55.49,53.24,48.05,40.54,33.08
50025,77.9,75.86,73.86,64.96,56.01,45.77,35.39
50027,50.0,49.06,44.44,35.86,29.51,27.44,25.49
51001,70.5,66.74,62.97,55.55,42.16,28.04,14.06
51003,65.0,62.74,60.42,52.83,45.07,45.77,46.53
51005,90.4,87.24,87.0,76.58,70.21,65.56,60.91
51007,54.2,52.95,49.96,41.84,34.42,14.85,-4.67
51009,90.4,85.42,78.87,68.86,61.35,42.19,22.98
51011,146.2,141.13,131.04,110.41,95.32,61.42,27.54
51013,28.0,26.75,25.32,22.37,19.72,29.18,38.66
51015,33.3,30.49,23.75,18.82,14.54,33.36,52.31
51017,8.7,7.05,3.47,2.02,0.7,10.03,19.45
51019,50.0,47.84,46.0,41.32,36.03,24.91,13.81
51021,71.1,77.63,70.83,60.68,49.69,75.04,100.47
51023,46.3,43.4,41.07,37.53,33.82,20.39,7.18
51025,29.0,26.77,25.0,20.2,15.57,9.81,3.85
51027,84.7,86.98,114.48,129.42,119.67,86.89,54.16
51029,2.7,2.23,2.15,1.9,0.74,4.31,7.75
51031,38.0,35.29,40.06,36.01,31.23,15.87,0.45
51033,19.9,20.3,29.65,31.25,29.66,14.07,-1.65
51035,44.7,45.16,45.06,39.96,35.72,43.32,50.98
51036,0.0,0.02,0.01,0.05,0.06,7.55,14.9
51037,43.9,43.47,40.65,34.98,29.54,26.86,24.22
51041,77.9,74.93,70.48,61.72,51.83,43.59,35.38
51043,21.6,25.65,27.48,27.87,25.5,21.7,18.07
51045,8.4,7.14,5.85,6.03,2.39,3.73,5.0
51047,79.3,74.11,68.72,59.12,51.33,31.77,12.2
51049,35.5,33.96,31.11,25.26,20.87,8.03,-4.88
51051,157.3,144.16,169.78,160.47,142.53,114.89,87.49
51053,5.5,5.55,5.32,4.37,2.09,1.61,1.16
51057,123.3,123.07,114.59,98.01,80.18,79.37,78.56
51059,33.7,32.58,30.76,27.35,23.97,26.26,28.68
51061,81.6,78.15,74.39,66.91,57.14,43.24,29.38
51063,65.0,61.18,54.15,42.18,33.17,17.48,1.81
51065,38.0,37.01,33.53,29.44,26.33,14.49,2.79
51067,96.2,90.35,83.96,74.35,65.24,35.2,5.15
51069,62.9,60.93,59.22,53.88,47.69,20.81,-6.17
51071,149.5,144.89,129.23,112.32,95.38,55.94,16.52
51073,128.1,122.28,113.05,98.1,81.9,52.18,22.54
51075,16.4,15.67,15.16,12.43,5.57,7.71,9.83
51077,28.3,15.22,21.37,20.61,18.59,13.56,8.64
51079,88.8,84.95,80.44,71.47,60.81,33.16,5.28
51081,0.0,-0.03,-0.0,0.07,-0.02,0.94,1.89
51083,75.9,83.86,82.2,75.32,64.38,39.79,14.9
51085,102.0,97.99,93.13,81.13,66.71,56.45,46.39
51087,81.0,77.2,71.6,62.23,52.26,51.71,51.0
51089,101.1,91.64,80.19,70.03,60.2,26.97,-6.21
51091,0.0,0.01,-0.01,0.06,0.04,0.43,0.89
51093,67.3,67.67,71.69,67.19,60.53,31.47,2.42
51095,112.7,108.26,100.73,88.29,76.79,55.2,33.56
51097,0.0,0.02,-0.0,-0.01,0.06,1.46,2.74
51099,54.5,53.86,54.28,48.27,43.07,19.17,-4.72
51101,47.4,44.03,41.7,34.21,27.14,15.19,3.28
51103,187.1,184.45,167.17,141.36,115.02,71.02,26.97
51105,129.3,117.98,137.67,134.23,120.86,85.92,51.11
51107,40.9,39.22,37.69,33.93,29.81,22.19,14.35
51109,58.9,55.1,51.78,45.83,39.31,21.1,2.96
51111,4.3,3.45,2.27,1.67,0.58,4.38,8.26
51113,0.0,0.03,-0.05,-0.04,-0.0,2.9,5.74
51115,63.4,61.23,57.45,52.83,48.57,20.42,-7.59
51117,115.3,113.16,108.53,93.26,78.36,59.65,40.83
51119,5.4,4.82,3.79,3.39,1.36,5.76,10.22
51121,72.5,68.18,64.16,57.82,50.57,53.93,57.59
51125,27.4,26.88,23.83,20.22,16.67,18.49,20.33
51127,68.8,64.03,60.65,50.62,41.47,26.06,10.62
51131,115.5,113.65,113.73,102.52,96.31,82.5,68.75
51133,37.3,35.75,32.59,27.07,22.08,13.33,4.72
51135,88.6,72.39,75.46,69.95,59.14,44.09,29.17
51137,105.3,99.47,94.18,81.99,69.53,38.47,7.33
51139,102.9,100.54,91.54,82.5,73.84,53.26,32.74
51141,85.1,80.42,73.37,66.35,55.15,47.91,40.81
51143,22.8,23.83,22.85,19.03,15.71,10.39,4.91
51145,55.5,52.74,48.47,44.39,40.4,25.23,10.11
51147,113.6,108.04,102.68,90.8,79.33,46.64,13.92
51149,0.6,0.19,0.09,0.05,0.01,5.68,11.63
51153,44.0,41.72,39.75,35.35,31.01,22.56,14.16
51155,142.6,137.87,135.53,121.95,106.75,68.86,30.94
51157,0.0,0.02,0.02,-0.02,0.0,6.73,13.09
51159,45.5,44.22,44.12,38.81,33.07,15.69,-1.59
51161,98.6,93.58,87.81,79.88,72.11,80.88,89.67
51163,0.0,-0.0,-0.02,-0.0,1.76,11.51,21.09
51165,34.8,33.35,31.46,29.18,24.24,13.81,3.26
51167,138.3,124.56,116.44,109.87,97.88,72.76,47.63
51169,169.4,164.41,157.77,146.12,131.95,155.1,178.12
51171,84.4,77.94,72.36,60.52,49.24,32.56,16.17
51173,151.7,143.71,135.96,116.7,96.36,62.36,28.47
51175,3.5,3.05,1.08,0.42,0.12,1.46,2.8
51177,83.2,77.95,70.68,61.15,53.11,39.22,25.44
51179,57.9,54.94,51.27,45.29,39.81,26.59,13.57
51181,0.0,0.03,0.04,0.05,0.0,0.76,1.48
51183,27.1,25.42,23.21,17.62,13.06,8.7,4.43
51185,231.1,210.68,191.1,170.67,146.86,104.81,62.68
51187,99.6,94.78,90.28,82.77,71.71,40.41,9.25
51191,127.5,119.9,110.58,96.79,82.96,67.26,51.7
51193,52.4,47.99,44.88,38.63,33.15,15.11,-2.88
51195,235.7,221.29,204.56,179.45,155.62,98.41,40.91
51197,122.5,121.14,113.84,101.5,87.48,59.48,31.49
51199,57.7,52.97,49.26,43.45,38.36,28.03,17.82
51510,38.3,36.76,34.32,30.22,26.37,22.64,18.82
51520,190.8,187.58,179.2,168.7,156.03,78.17,0.17
51530,85.1,76.26,81.85,81.9,80.0,47.52,14.79
51540,77.2,71.85,59.93,50.81,41.17,116.5,192.16
51550,74.8,70.54,67.32,59.69,52.47,45.24,37.96
51570,277.3,254.46,234.32,201.49,166.84,114.8,62.65
51580,287.6,266.83,247.08,231.79,198.44,109.18,20.01
51590,199.1,192.07,184.02,170.54,148.12,106.2,64.54
51595,315.5,305.53,291.52,248.52,208.3,156.88,105.51
51600,88.7,83.82,80.68,73.65,66.71,66.89,66.86
51610,81.5,69.92,61.95,55.5,47.51,36.2,24.94
51620,294.5,279.32,272.37,248.97,221.48,129.2,37.07
51630,165.2,172.31,168.57,148.94,122.36,190.73,258.96
51640,460.3,440.81,411.8,378.17,330.68,225.86,121.09
51650,90.9,88.26,81.12,68.57,56.95,41.68,26.53
51660,143.3,136.92,129.33,115.67,98.34,93.0,87.69
51670,131.4,120.9,140.15,145.81,140.04,88.89,37.61
51678,325.7,287.94,256.13,230.86,206.43,151.02,95.6
51680,154.2,143.12,126.66,106.13,89.42,98.77,108.18
51683,123.9,119.33,113.36,98.55,86.5,85.25,83.87
51685,0.0,-0.04,-0.03,-0.02,-0.03,0.02,0.02
51690,532.5,473.71,427.62,377.48,325.63,355.86,386.0
51700,73.5,70.55,65.72,56.17,46.61,55.58,64.37
51710,74.1,71.89,67.5,59.08,49.75,63.4,77.17
51720,563.3,524.39,490.61,435.84,358.86,488.04,617.29
51730,167.4,160.8,155.44,139.37,118.04,82.32,46.49
51735,102.6,96.65,86.64,73.52,66.79,28.99,-8.71
51740,120.6,116.53,107.71,92.82,78.67,66.78,54.68
51750,124.4,113.63,103.75,91.95,78.66,57.25,35.93
51760,67.8,62.23,56.58,47.25,37.92,50.73,63.72
51770,122.0,112.84,106.12,94.89,79.88,82.83,85.56
51775,242.5,227.93,214.29,193.76,170.79,304.58,438.37
51790,217.6,199.29,184.13,159.8,135.7,85.46,35.34
51800,91.5,90.52,87.3,79.74,70.12,55.16,40.06
51810,68.4,66.14,62.92,56.31,49.52,46.15,42.88
51820,262.5,242.26,217.7,188.43,157.29,90.54,23.76
51830,0.0,-0.02,-0.04,-0.01,-0.06,-0.05,0.07
51840,201.6,193.79,181.99,154.3,135.22,191.7,248.18
53001,33.0,31.01,28.82,27.2,23.79,19.62,15.51
53003,152.8,148.62,149.98,139.98,129.42,81.13,32.9
53005,110.5,108.71,104.72,95.54,82.12,78.74,75.23
53007,91.9,88.57,82.79,75.25,66.82,65.28,63.68
53009,140.0,131.85,124.31,109.6,93.42,67.24,41.03
53011,67.5,64.98,62.05,56.94,50.56,44.79,38.87
53013,128.7,121.16,120.36,109.14,102.06,93.85,85.68
53015,105.6,100.73,93.59,83.09,72.19,52.86,33.38
53017,67.7,66.39,65.58,59.92,55.24,33.38,11.39
53019,76.1,72.2,68.51,62.92,58.6,41.86,25.3
53021,70.1,69.35,65.12,57.88,50.77,30.68,10.86
53023,143.0,135.93,125.43,106.49,102.49,100.09,97.76
53025,81.1,78.01,75.15,69.29,60.85,45.76,30.82
53027,123.9,121.15,116.05,102.21,87.82,65.41,42.8
53029,46.6,44.52,43.47,40.43,37.84,27.39,16.95
53031,96.5,92.4,87.82,82.54,74.81,59.54,44.28
53033,55.5,52.6,49.32,44.53,39.12,39.33,39.82
53035,71.2,68.21,64.33,59.33,52.57,43.25,33.78
53037,65.0,63.48,58.89,51.82,43.1,30.64,18.15
53039,29.4,25.62,11.59,16.76,19.97,27.68,35.31
53041,116.0,110.01,101.77,88.76,77.17,54.3,31.32
53043,164.1,116.94,102.01,86.71,75.21,71.33,67.56
53045,100.9,98.41,91.37,81.97,72.59,40.14,7.51
53047,77.3,78.21,73.75,67.49,58.22,49.98,41.78
53049,48.3,45.62,40.82,34.28,28.82,22.46,16.12
53051,136.0,129.68,122.4,109.34,95.82,89.25,82.65
53053,72.9,70.32,67.11,60.68,53.91,47.65,41.66
53055,36.8,40.5,51.25,57.26,54.08,39.54,24.98
53057,94.3,91.12,84.58,76.25,69.9,63.4,57.0
53059,60.1,49.63,21.1,9.78,3.7,11.33,18.95
53061,83.5,80.06,74.19,65.97,57.1,41.38,25.76
53063,92.5,88.83,85.69,80.09,73.0,67.3,61.74
53065,92.0,87.2,84.27,79.5,69.35,58.64,47.95
53067,71.6,70.3,65.77,58.83,51.97,49.34,46.86
53069,67.1,40.57,19.04,10.89,4.12,3.79,3.39
53071,94.2,91.94,88.65,81.38,69.77,60.69,51.49
53073,79.3,77.57,73.56,67.43,60.1,50.67,41.25
53075,53.0,52.66,50.68,48.2,43.84,42.58,41.34
53077,78.0,74.27,70.31,63.91,55.5,47.39,39.32
54001,110.7,99.47,79.32,64.87,54.58,36.23,18.24
54003,115.3,105.7,95.99,88.09,78.58,51.76,24.89
54005,192.1,179.03,156.13,127.23,113.44,93.65,74.01
54007,114.5,103.9,95.25,85.78,76.21,45.02,13.87
54009,114.3,103.74,92.86,82.87,72.17,38.06,3.92
54011,148.8,140.03,128.95,116.41,101.39,119.17,136.77
54013,70.2,61.79,52.24,42.68,35.67,37.33,38.71
54015,75.3,70.06,65.4,57.35,49.85,31.95,14.24
54017,47.7,44.08,37.51,31.06,26.16,10.38,-5.35
54019,95.4,92.96,83.67,70.83,60.24,39.8,19.5
54021,81.8,77.7,66.16,56.67,47.46,22.12,-3.23
54023,104.4,97.75,89.22,79.8,72.09,64.52,57.17
54025,148.4,134.23,117.6,104.35,87.87,67.99,47.97
54027,82.1,72.98,70.58,67.07,58.8,34.11,9.44
54029,152.0,143.74,143.82,129.35,118.08,112.75,107.62
54031,97.0,89.77,84.08,75.52,67.43,41.57,15.73
54033,130.3,123.36,110.55,97.62,86.72,94.07,101.45
54035,130.6,114.85,94.31,78.57,65.66,39.29,12.94
54037,88.6,86.8,87.83,81.04,70.51,42.26,14.1
54039,155.2,139.08,121.61,105.79,89.23,93.91,98.8
54041,107.7,93.89,87.22,79.25,71.52,63.19,54.64
54043,73.9,67.34,58.55,47.73,39.19,30.86,22.3
54045,263.0,225.41,205.94,184.55,160.97,119.41,77.87
54047,156.4,143.5,119.01,98.96,83.09,45.75,8.52
54049,113.0,102.4,94.06,82.85,68.42,50.64,32.82
54051,137.9,133.02,123.08,115.16,100.4,76.3,52.07
54053,118.3,107.26,91.16,77.63,65.1,60.17,55.26
54055,160.5,154.04,132.29,114.03,96.32,77.2,57.96
54057,118.2,111.91,105.37,90.77,77.66,47.72,17.39
54059,181.3,149.9,116.51,90.72,64.79,67.45,69.88
54061,78.2,72.59,64.15,53.32,43.87,59.27,74.88
54063,28.3,27.53,37.01,34.97,24.6,19.02,13.55
54065,72.3,72.04,73.03,69.91,64.86,41.41,17.87
54067,186.8,167.23,146.96,127.58,114.65,79.13,43.63
54069,106.9,99.25,87.66,75.61,63.22,89.97,116.63
54071,83.6,87.01,84.92,69.64,53.0,26.78,0.9
54073,134.1,126.6,118.6,107.31,90.6,52.19,13.71
54075,68.1,60.52,59.09,52.77,48.86,27.99,7.23
54077,71.4,73.16,71.65,65.15,56.45,44.25,32.08
54079,121.2,111.47,101.48,88.13,74.8,58.26,41.69
54081,164.6,151.26,122.07,96.27,77.74,69.25,60.94
54083,122.4,115.92,102.85,93.6,82.24,64.04,45.99
54085,69.2,62.04,65.7,61.34,54.69,28.95,3.26
54087,125.6,114.55,101.99,93.79,81.51,57.01,32.38
54089,108.2,106.1,111.95,98.12,86.7,76.68,66.61
54091,89.2,83.64,74.97,65.17,56.79,38.64,20.44
54093,41.2,44.78,42.56,38.42,40.82,31.18,21.67
54095,63.1,57.75,53.88,48.59,42.22,26.01,9.81
54097,82.6,75.39,64.55,55.61,48.18,28.1,7.91
54099,82.5,78.24,71.51,65.78,62.4,31.47,0.7
54101,76.6,71.74,65.17,57.17,52.09,97.03,141.91
54103,118.0,111.45,101.47,92.06,76.11,50.82,25.64
54105,66.2,55.71,44.77,38.32,35.21,21.87,8.42
54107,152.3,139.23,120.65,103.55,86.78,81.83,76.82
54109,218.2,201.26,165.24,132.32,105.47,65.92,26.43
55001,49.6,47.04,44.88,40.26,33.58,18.11,2.65
55003,98.8,100.64,91.94,80.76,75.26,64.11,52.85
55005,79.9,76.98,76.88,72.85,61.7,50.19,38.53
55007,10.3,10.41,9.84,6.84,2.57,3.66,4.76
55009,73.6,71.07,67.42,60.13,53.26,52.16,50.88
55011,7.2,3.86,1.71,0.95,0.37,2.31,4.27
55013,58.7,62.14,62.67,62.66,60.25,38.8,17.22
55015,21.8,21.02,20.15,19.0,17.69,14.79,12.0
55017,63.2,64.11,64.21,57.02,48.85,29.51,10.07
55019,35.1,36.13,33.64,29.64,26.95,23.31,19.43
55021,103.5,99.96,95.73,86.35,75.87,50.72,25.82
55023,79.7,75.16,72.82,67.3,62.12,43.46,24.92
55025,62.4,60.03,55.69,48.25,41.85,45.11,48.47
55027,46.3,45.5,43.02,39.43,35.88,32.09,28.16
55029,59.8,67.15,66.05,60.99,55.91,39.91,23.94
55031,84.4,76.82,67.46,56.09,47.33,28.79,10.41
55033,53.0,46.37,41.35,36.46,31.93,24.48,17.06
55035,72.2,66.48,61.04,53.23,47.18,55.6,63.87
55037,0.0,0.04,0.0,-0.01,0.09,11.18,22.45
55039,57.4,56.1,53.2,47.61,44.79,36.34,27.95
55041,53.9,51.58,48.03,43.56,40.5,18.97,-2.75
55043,53.7,52.21,48.8,44.97,40.34,32.49,24.81
55045,64.3,61.47,56.85,50.32,45.83,42.73,39.94
55047,74.1,69.6,64.8,57.79,50.89,36.82,22.96
55049,51.0,50.32,47.92,42.86,38.28,30.4,22.63
55051,75.1,73.37,67.99,66.35,68.62,44.64,20.53
55053,30.0,27.9,26.29,24.34,19.98,16.59,13.27
55055,73.2,70.02,66.0,58.91,52.04,30.75,9.34
55057,117.3,121.72,119.96,109.08,92.5,56.71,21.03
55059,75.8,72.83,67.35,58.57,51.58,39.14,26.66
55061,27.3,25.6,24.51,18.78,16.29,14.82,13.28
55063,71.1,66.91,64.44,60.24,54.05,54.76,55.56
55065,14.9,14.38,14.29,13.43,8.13,16.16,24.05
55067,111.6,108.12,99.5,89.42,78.67,56.62,34.44
55069,82.1,79.65,77.01,68.6,61.27,39.98,18.65
55071,74.8,71.24,63.91,54.61,49.86,39.58,29.08
55073,56.3,54.09,51.48,45.88,41.71,46.54,51.39
55075,89.2,84.46,79.35,70.06,64.01,50.5,36.96
55077,38.4,37.04,34.72,29.61,25.36,12.49,-0.68
55078,0.0,-0.06,-0.06,-0.05,-0.04,6.59,13.23
55079,89.7,86.39,80.43,70.12,59.79,64.95,70.09
55081,74.2,69.8,67.01,61.58,55.21,42.5,29.68
55083,43.5,40.9,38.17,33.68,28.34,20.44,12.53
55085,102.4,96.23,88.73,76.86,67.66,56.59,45.68
55087,66.7,63.29,59.74,53.71,48.69,45.15,41.58
55089,66.5,64.67,62.48,58.19,50.94,50.86,50.83
55091,72.0,66.33,60.88,53.75,49.41,34.73,19.79
55093,37.4,36.8,38.0,33.83,27.99,19.49,11.39
55095,79.5,74.57,67.53,58.72,53.01,49.45,45.92
55097,65.8,61.63,57.58,51.14,44.51,35.95,27.4
55099,62.1,58.05,53.06,51.99,49.18,37.12,25.03
55101,89.1,86.12,81.31,71.31,61.17,48.09,34.88
55103,19.8,18.24,29.89,35.29,34.98,24.06,12.97
55105,89.5,86.13,81.17,70.69,61.56,50.66,39.72
55107,40.4,36.39,33.25,30.0,25.77,20.22,14.6
55109,47.5,42.95,36.88,33.48,30.27,21.42,12.46
55111,75.7,74.43,69.64,61.85,54.19,44.37,34.32
55113,101.5,101.2,93.76,83.78,77.01,54.1,31.36
55115,54.1,50.07,44.98,39.15,36.07,23.83,11.65
55117,77.6,74.89,70.05,60.49,50.3,53.82,57.26
55119,33.5,32.16,30.33,25.28,18.58,14.1,9.42
55121,25.6,24.18,20.04,16.32,12.55,8.6,4.63
55123,51.0,48.11,44.41,39.98,36.44,30.25,24.27
55125,70.2,64.99,63.09,56.4,47.72,35.81,23.76
55127,72.4,69.02,65.19,57.05,49.91,31.57,13.19
55129,65.4,41.43,33.76,29.55,25.17,42.49,59.73
55131,76.1,72.86,68.36,60.06,52.72,36.59,20.45
55133,76.9,74.71,70.68,63.05,55.63,46.79,37.55
55135,94.8,90.99,87.08,78.12,69.02,47.61,26.19
55137,26.6,25.72,26.22,25.33,25.37,18.65,12.08
55139,64.2,60.92,57.16,51.66,47.23,45.91,44.6
55141,83.5,78.09,74.23,65.44,57.42,53.21,49.02
56001,55.8,53.06,49.09,45.23,40.51,31.77,22.68
56003,62.1,59.74,57.44,52.62,49.03,36.18,23.2
56005,82.2,77.48,73.28,68.82,60.92,48.39,35.73
56007,76.8,79.4,75.14,65.76,56.14,64.92,73.57
56009,64.5,61.62,64.01,64.43,60.38,40.77,21.22
56011,0.6,0.64,0.43,0.42,0.16,4.01,7.91
56013,95.1,93.83,87.49,80.43,67.35,55.39,43.61
56015,42.3,40.01,34.91,31.75,30.31,16.35,2.28
56017,98.3,101.19,99.3,92.16,95.24,101.54,108.08
56019,68.0,67.76,66.61,62.9,58.08,43.66,29.27
56021,84.3,80.1,74.79,67.94,60.56,56.18,51.74
56023,80.1,80.59,78.7,69.86,62.86,48.52,34.33
56025,89.3,84.35,83.23,76.57,69.16,72.22,75.42
56027,2.4,1.81,2.6,1.91,0.83,1.63,2.79
56029,106.0,100.62,91.09,79.96,75.52,65.55,55.67
56031,58.5,56.33,55.24,52.84,52.05,30.8,9.5
56033,60.8,57.12,53.8,47.69,41.21,36.45,31.66
56035,63.7,59.0,58.79,55.83,55.78,54.71,53.51
56037,93.5,88.71,88.08,87.19,82.2,74.64,67.1
56039,81.2,78.02,68.41,62.39,50.11,52.88,55.71
56041,112.4,107.26,106.14,102.26,98.36,74.4,50.37
56043,109.7,100.11,88.42,84.35,78.56,58.93,39.1
56045,68.3,61.59,52.24,44.3,38.74,17.74,-3.32
