FIPS,2014 OD Ests,2015 OD Ests,2016 OD Ests,2017 OD Ests,2018 OD Ests,2019 OD Ests,2020 OD Preds
01001,8.2,8.62,9.9,9.8,10.56,9.73,8.79
01003,18.0,19.33,17.64,16.09,15.39,14.78,14.41
01005,4.4,4.49,5.26,5.65,5.34,5.59,5.68
01007,17.2,16.85,20.42,21.2,22.36,20.49,18.66
01009,18.6,18.79,21.21,24.78,21.74,20.91,20.0
01011,6.3,6.96,7.79,7.92,7.72,8.08,8.53
01013,7.4,8.25,9.81,9.82,9.14,9.75,10.54
01015,14.8,15.63,15.02,20.22,17.49,17.45,17.42
01017,8.7,9.48,11.17,11.82,11.87,12.89,13.83
01019,14.4,16.22,17.22,17.3,18.01,20.28,22.6
01021,14.2,16.78,15.34,16.58,18.69,18.69,18.62
01023,5.7,6.35,6.78,7.24,7.21,7.76,8.29
01025,6.9,7.31,7.68,8.86,9.06,9.98,10.74
01027,7.9,8.97,10.13,11.08,10.68,11.62,12.48
01029,14.5,15.18,13.95,15.08,14.11,14.03,13.77
01031,7.5,7.08,8.27,8.67,8.43,9.29,9.83
01033,7.8,8.17,8.64,8.84,8.87,10.56,12.27
01035,12.9,13.64,14.97,16.83,17.64,15.97,14.3
01037,9.2,10.17,11.39,12.81,13.03,12.35,11.79
01039,10.1,9.52,8.8,9.83,9.98,11.28,12.6
01041,7.3,7.48,7.78,8.94,8.82,9.21,9.83
01043,26.0,20.39,20.48,21.02,20.88,19.15,17.17
01045,8.9,9.64,10.11,9.54,10.03,10.68,11.23
01047,6.4,5.95,6.34,7.0,6.6,6.57,6.62
01049,12.1,19.22,21.96,27.3,23.85,25.92,27.73
01051,8.6,7.47,8.8,9.59,8.95,9.81,10.46
01053,27.9,26.06,26.2,30.61,31.13,33.18,35.16
01055,16.8,18.81,17.71,25.03,24.86,21.75,18.66
01057,14.6,14.78,17.88,19.85,18.21,21.28,24.25
01059,16.4,16.06,16.91,15.57,16.06,16.39,16.64
01061,8.4,10.31,10.65,13.43,14.52,12.95,11.51
01063,4.8,5.13,5.57,6.06,6.1,6.21,6.5
01065,5.9,6.03,6.3,7.26,7.41,7.07,6.73
01067,6.1,6.73,7.16,8.67,8.06,7.98,7.95
01069,11.3,11.73,11.07,13.05,14.45,12.82,11.11
01071,10.4,10.16,10.16,12.23,12.79,11.77,10.79
01073,25.6,24.67,27.71,29.61,28.38,28.56,28.96
01075,7.5,8.23,8.94,10.39,9.89,9.85,9.82
01077,9.5,9.52,11.22,12.12,13.09,12.79,12.52
01079,13.7,13.44,16.12,16.24,15.01,14.88,14.57
01081,7.1,8.32,7.61,8.51,8.01,7.82,7.7
01083,7.4,7.94,8.32,9.45,9.93,8.98,7.87
01085,5.0,6.0,6.17,6.74,6.53,6.51,6.59
01087,5.7,6.02,6.59,7.47,7.23,7.35,7.38
01089,7.7,10.12,13.83,17.51,14.58,17.75,20.84
01091,4.7,4.74,5.19,5.76,6.01,6.09,6.18
01093,5.6,6.38,6.78,7.95,7.43,8.17,8.84
01095,17.6,19.24,16.64,15.67,16.69,18.19,19.8
01097,13.5,15.38,15.61,14.05,14.57,13.71,12.85
01099,8.7,9.11,9.75,11.52,11.14,11.18,11.37
01101,7.2,6.81,7.09,7.12,7.64,6.85,6.17
01103,12.6,17.32,15.19,17.1,18.23,16.67,15.1
01105,5.3,5.61,6.16,6.75,6.76,7.07,7.52
01107,12.6,11.89,12.55,13.32,15.79,13.96,12.08
01109,5.5,6.07,7.14,8.2,7.65,7.55,7.45
01111,9.7,9.86,11.44,14.44,15.16,13.38,11.51
01113,11.5,12.01,12.27,12.1,14.31,19.26,24.16
01115,31.2,25.26,28.04,29.06,28.58,25.94,23.37
01117,18.0,18.48,19.82,17.7,17.75,17.24,16.59
01119,4.1,4.4,4.66,5.0,4.92,5.03,5.28
01121,9.3,10.55,11.32,13.52,15.19,12.47,9.65
01123,9.7,8.56,12.36,11.63,12.11,13.61,15.38
01125,12.5,13.33,14.54,16.2,15.09,14.48,13.85
01127,31.4,26.09,26.01,26.16,25.36,28.47,31.34
01129,7.0,7.43,8.5,9.41,9.79,9.09,8.37
01131,5.1,5.21,5.74,6.11,6.32,6.34,6.23
01133,10.3,10.03,11.97,11.87,13.27,13.62,13.91
02013,11.3,12.07,13.38,15.77,15.03,15.56,16.07
02016,9.9,10.51,11.09,12.32,12.02,12.08,12.19
02020,19.1,19.61,19.04,22.23,19.62,19.41,19.3
02050,8.5,8.98,11.17,12.51,12.2,13.12,14.03
02060,14.6,16.25,17.5,18.74,18.71,19.11,19.27
02063,0.0,-0.0,0.07,-0.05,0.03,0.02,0.04
02066,0.0,0.05,-0.04,-0.07,-0.02,0.05,-0.15
02068,11.8,11.91,13.07,14.18,14.15,14.47,14.56
02070,13.9,14.13,15.96,16.83,16.7,17.55,18.56
02090,14.9,13.17,14.34,15.16,14.42,16.81,19.26
02100,9.4,9.99,11.02,12.02,12.0,12.3,12.23
02105,0.0,0.0,0.03,0.06,0.05,0.07,0.02
02110,15.3,17.57,19.58,23.62,20.44,21.1,21.88
02122,18.1,21.83,23.46,22.18,24.32,22.88,21.27
02130,14.7,14.38,15.4,18.28,18.2,17.35,16.43
02150,11.9,13.68,15.28,15.39,14.55,15.08,15.62
02158,8.4,9.65,10.02,11.54,11.86,12.19,12.29
02164,12.8,13.51,15.05,16.99,16.55,16.76,16.97
02170,18.5,17.02,20.16,20.49,18.71,19.41,19.89
02180,9.9,10.06,10.52,11.17,11.45,11.87,12.29
02185,8.8,9.74,10.45,11.71,12.33,13.2,14.07
02188,5.5,5.82,6.42,7.33,7.23,7.51,7.74
02195,0.0,0.02,-0.03,0.03,0.0,-0.0,-0.1
02198,0.0,0.0,0.07,0.04,0.0,-0.03,0.12
02220,12.8,14.17,15.08,15.59,15.39,16.12,16.8
02230,0.0,-0.02,-0.0,0.03,0.09,0.02,-0.07
02240,9.6,10.59,11.88,12.89,12.44,12.45,12.62
02275,0.0,-0.01,-0.05,0.06,0.11,0.05,-0.02
02282,11.2,11.82,13.19,14.26,14.31,14.6,14.74
02290,11.3,12.51,14.6,14.83,15.09,16.1,17.24
04001,10.8,11.28,11.42,12.14,13.8,13.24,12.8
04003,16.7,21.5,21.23,22.1,20.82,21.36,21.87
04005,12.6,15.93,15.28,17.82,20.78,18.88,16.99
04007,28.3,30.45,33.65,34.24,32.11,31.53,31.06
04009,17.3,18.62,19.6,21.22,23.15,24.04,25.14
04011,16.4,19.52,18.47,19.57,18.83,19.43,20.02
04012,20.4,23.71,27.28,28.68,28.45,24.29,20.18
04013,17.0,16.99,18.1,20.69,23.02,25.63,28.25
04015,27.1,28.38,27.78,26.8,23.62,24.12,24.56
04017,21.5,18.16,23.93,20.51,18.32,21.25,24.16
04019,22.2,22.81,23.45,24.01,24.84,27.3,29.82
04021,9.7,12.84,13.89,14.23,15.61,17.11,18.41
04023,10.0,11.2,11.66,14.19,14.39,14.28,14.33
04025,26.6,25.94,28.77,27.18,26.13,32.38,38.41
04027,17.1,15.57,17.35,15.48,15.81,17.91,20.05
05001,11.6,11.34,11.69,13.34,12.68,13.09,13.57
05003,10.6,11.68,11.97,12.12,14.86,14.64,14.45
05005,20.2,20.39,20.43,22.84,21.0,19.92,19.05
05007,13.6,14.01,14.67,13.54,13.82,12.5,11.2
05009,12.1,15.57,15.77,15.34,14.88,16.36,17.86
05011,6.6,6.96,8.04,8.9,8.99,9.12,9.22
05013,10.2,10.44,11.85,12.46,12.33,12.48,12.56
05015,15.9,18.46,18.08,19.26,24.39,23.23,22.01
05017,7.6,9.63,9.9,10.08,9.77,9.9,10.2
05019,6.7,7.34,8.21,8.9,8.05,7.83,7.62
05021,12.6,19.25,18.04,17.01,16.82,18.94,21.33
05023,10.4,11.35,12.54,14.01,15.26,14.52,13.75
05025,8.1,8.59,10.33,10.2,10.69,10.69,10.48
05027,10.1,11.17,11.45,10.86,11.92,11.72,11.53
05029,13.4,14.03,15.35,15.31,15.07,15.1,15.18
05031,9.8,12.05,11.88,13.21,12.59,11.65,10.69
05033,17.6,19.2,19.61,20.3,21.56,18.3,15.51
05035,9.2,10.65,11.53,16.0,16.97,15.46,14.01
05037,11.1,12.65,13.21,15.01,15.36,15.72,16.26
05039,6.6,7.34,7.84,8.55,8.51,8.97,9.44
05041,6.2,6.5,7.3,7.88,7.86,8.34,8.92
05043,11.3,11.52,12.99,14.53,14.29,13.96,13.65
05045,12.3,11.0,12.38,13.09,14.51,14.54,14.82
05047,15.9,15.62,19.23,20.61,19.38,17.92,16.78
05049,14.1,16.07,17.36,20.1,18.5,20.29,21.61
05051,25.1,25.69,25.41,30.73,29.01,25.82,22.44
05053,12.4,11.29,12.17,14.03,13.91,14.02,14.05
05055,14.2,16.69,17.43,16.01,16.95,14.91,12.69
05057,7.0,7.67,7.97,9.01,10.23,10.14,10.11
05059,10.6,11.18,12.51,17.08,14.11,14.08,13.9
05061,7.0,7.01,7.75,8.39,8.62,8.55,8.67
05063,11.1,11.64,12.98,13.96,14.4,13.17,12.12
05065,16.0,20.54,19.13,22.25,20.63,19.74,18.86
05067,10.9,12.53,14.49,13.78,13.74,14.34,15.28
05069,7.8,9.83,9.99,13.34,14.09,13.3,12.48
05071,12.1,13.59,13.71,16.75,15.92,14.88,13.9
05073,6.4,6.82,7.46,8.17,8.22,8.34,8.4
05075,12.2,12.88,13.19,14.85,15.03,15.37,15.72
05077,8.4,8.88,9.84,11.99,11.61,12.56,13.53
05079,10.1,10.71,11.72,16.71,17.63,15.88,14.15
05081,10.3,10.88,11.91,14.52,13.53,13.91,14.23
05083,16.5,16.17,19.13,19.63,22.64,20.86,18.99
05085,15.1,13.11,17.19,15.64,16.61,17.56,18.48
05087,8.3,8.34,10.59,10.34,10.79,10.66,10.44
05089,14.4,13.66,15.48,17.36,18.87,17.9,16.97
05091,7.9,7.45,7.56,7.93,7.37,8.64,9.83
05093,12.5,11.53,15.41,16.12,15.63,14.31,13.18
05095,6.7,7.12,7.87,8.47,8.47,9.07,9.7
05097,10.8,11.37,12.54,14.09,15.49,15.01,14.55
05099,7.3,7.46,8.84,8.98,8.84,9.76,10.44
05101,14.0,14.84,16.35,19.76,19.16,19.97,20.82
05103,8.9,9.74,11.3,11.5,12.17,11.38,10.55
05105,10.3,11.87,13.34,14.48,13.55,13.86,14.34
05107,7.2,7.28,8.61,8.52,8.57,8.38,8.18
05109,12.3,14.73,14.96,15.62,17.32,16.53,15.45
05111,16.0,17.46,19.0,20.34,19.78,19.95,19.96
05113,12.4,14.59,15.36,15.64,15.43,15.04,14.92
05115,10.6,10.04,12.53,12.04,12.35,12.62,12.7
05117,7.5,8.27,8.81,9.44,9.47,9.72,9.9
05119,13.8,12.77,13.9,16.48,18.57,19.32,20.29
05121,12.3,13.5,13.89,15.11,14.72,15.83,16.91
05123,7.4,7.01,7.69,8.57,9.03,9.38,9.85
05125,13.6,13.94,15.69,20.45,18.43,22.87,27.29
05127,15.0,16.56,19.19,18.78,20.31,19.72,19.31
05129,12.0,13.87,15.72,15.27,15.28,15.55,15.79
05131,13.6,15.52,18.14,16.84,16.58,14.79,13.09
05133,9.0,10.32,10.71,12.21,11.66,12.0,12.36
05135,17.2,18.16,19.69,22.57,19.69,19.6,19.2
05137,10.5,11.12,12.24,13.17,13.7,14.09,14.53
05139,11.8,10.44,12.64,13.53,14.44,15.04,15.84
05141,9.8,11.7,12.34,14.13,13.52,13.38,13.33
05143,8.6,8.82,8.49,8.78,7.6,7.71,7.77
05145,11.2,13.66,14.73,15.58,13.6,14.73,15.71
05147,10.9,11.59,12.74,14.38,14.56,13.81,13.2
05149,11.1,11.78,13.39,15.01,15.76,14.32,12.84
06001,10.4,11.66,10.78,9.09,10.74,13.36,16.12
06003,17.1,18.14,20.06,21.75,21.8,23.2,24.56
06005,29.0,25.02,25.07,24.37,24.74,29.09,33.17
06007,32.3,30.35,31.9,26.68,27.16,27.29,27.39
06009,18.6,20.5,21.05,21.23,21.47,23.97,26.59
06011,9.6,10.94,14.68,14.12,12.73,14.26,15.76
06013,11.4,10.36,10.77,10.68,12.8,13.75,14.76
06015,17.5,18.31,19.17,21.44,18.92,21.75,24.57
06017,24.0,22.21,22.79,20.67,20.09,19.48,18.77
06019,13.3,14.0,14.57,13.5,12.3,13.09,13.88
06021,22.0,19.67,20.15,19.8,20.42,21.53,22.52
06023,32.3,31.97,36.98,35.78,31.5,30.99,30.3
06025,14.2,18.16,18.65,15.8,19.48,17.97,16.42
06027,20.5,19.38,22.63,22.42,26.63,25.22,23.79
06029,24.2,24.15,23.65,24.99,25.38,27.65,29.68
06031,13.3,11.47,10.74,11.29,12.4,14.06,15.74
06033,49.9,48.74,40.95,44.93,56.52,63.38,70.15
06035,33.5,30.52,34.69,31.48,29.74,35.05,40.41
06037,7.4,7.3,7.89,8.6,9.34,11.4,13.35
06039,13.4,14.55,13.7,13.86,12.1,15.64,19.4
06041,9.2,9.42,13.39,14.78,14.11,15.89,17.82
06043,22.5,20.65,24.54,25.28,23.62,26.56,29.5
06045,26.8,23.53,28.9,29.97,32.31,38.87,45.67
06047,11.5,13.45,14.17,13.79,14.04,15.33,16.53
06049,25.4,23.97,26.22,30.4,27.18,29.33,31.45
06051,9.1,10.07,12.08,12.03,12.58,12.52,12.5
06053,11.4,11.29,12.24,11.58,11.91,13.79,15.57
06055,10.1,11.89,11.0,11.54,12.51,13.01,13.42
06057,19.3,19.46,19.5,20.2,19.2,19.25,19.38
06059,11.9,12.01,12.72,12.23,12.82,12.89,13.06
06061,10.5,11.69,12.59,12.3,12.32,14.63,16.81
06063,35.7,33.02,28.63,29.77,29.48,31.55,33.64
06065,14.1,14.3,14.61,16.14,17.3,18.17,18.93
06067,17.0,18.34,16.45,15.23,16.02,19.04,22.0
06069,9.7,10.44,10.08,12.59,12.58,13.26,13.85
06071,6.0,5.42,5.17,7.62,10.72,11.24,11.54
06073,12.9,12.78,13.02,14.12,14.36,14.51,14.58
06075,19.6,21.78,21.8,21.74,25.11,37.43,49.72
06077,16.9,16.47,15.75,18.23,17.24,16.94,16.67
06079,12.7,16.24,16.47,16.34,16.36,17.66,19.29
06081,9.0,9.1,8.03,9.67,9.34,11.6,13.66
06083,12.8,14.78,15.18,15.39,15.88,17.31,18.74
06085,7.2,7.42,7.84,8.16,8.85,10.26,11.83
06087,20.4,18.84,18.45,17.62,16.99,18.9,20.8
06089,23.2,20.94,22.48,22.56,22.4,22.96,23.63
06091,26.1,25.43,27.31,29.24,31.64,30.65,29.8
06093,17.4,22.84,27.06,23.94,21.8,20.62,19.52
06095,15.3,14.1,12.82,13.47,15.91,16.64,17.57
06097,14.9,15.65,14.01,14.44,15.5,18.39,21.34
06099,13.6,17.13,15.21,14.32,14.98,15.59,16.25
06101,10.1,11.31,12.32,12.96,14.77,12.94,11.01
06103,12.7,13.21,14.12,14.15,13.18,12.63,12.05
06105,19.6,21.43,25.48,25.38,26.41,28.25,30.17
06107,8.3,9.34,9.6,9.03,10.57,9.98,9.43
06109,30.3,33.3,31.15,29.82,25.12,26.74,28.24
06111,14.3,14.25,13.7,16.05,16.1,16.24,16.42
06113,11.2,12.56,13.81,13.09,11.45,12.14,12.98
06115,10.7,12.46,15.11,16.43,15.85,15.08,14.23
08001,0.0,-0.01,0.03,0.03,0.03,0.03,-0.16
08003,23.7,22.35,21.95,24.27,25.33,25.21,25.25
08005,16.4,16.38,15.83,14.87,16.21,16.62,16.75
08007,11.9,13.09,14.44,16.19,16.44,17.4,18.23
08009,12.7,13.45,14.85,16.15,16.81,17.33,17.88
08011,16.8,18.49,20.62,21.5,20.57,20.6,20.72
08013,16.2,15.43,15.67,16.27,16.21,16.17,16.02
08014,0.0,0.07,-0.03,-0.03,-0.06,-0.05,0.14
08015,16.6,16.83,18.71,19.34,18.55,21.07,23.49
08017,7.4,7.82,8.8,9.55,9.49,9.69,9.97
08019,12.7,13.42,14.3,15.69,15.29,15.92,16.9
08021,23.0,24.38,28.75,32.74,29.35,33.97,38.44
08023,25.9,25.21,27.1,29.01,29.92,32.03,34.28
08025,12.8,13.55,15.66,17.11,17.11,16.83,16.73
08027,16.7,18.53,20.64,21.53,22.07,21.75,21.51
08029,14.2,13.44,15.03,16.62,15.94,20.92,25.91
08031,20.5,18.83,19.2,21.15,21.82,23.4,24.93
08033,16.6,16.76,19.06,21.02,20.32,20.39,20.41
08035,7.7,7.53,9.73,9.73,9.01,9.39,9.72
08037,7.6,8.52,9.08,10.89,10.64,11.32,12.21
08039,9.9,10.79,12.79,13.15,12.92,13.88,14.69
08041,20.7,21.29,23.18,25.13,25.64,26.06,26.41
08043,16.5,18.72,24.99,25.53,25.27,23.82,22.45
08045,12.6,11.65,16.29,16.78,16.26,16.99,17.78
08047,13.8,13.4,14.48,15.43,15.46,16.24,17.08
08049,12.0,11.31,12.77,15.57,14.05,13.29,12.59
08051,10.1,11.45,12.4,13.31,12.37,13.55,14.68
08053,12.3,13.14,14.55,15.84,15.83,16.2,16.24
08055,38.2,37.33,44.41,44.15,42.78,42.92,43.08
08057,15.9,16.13,17.68,19.91,19.41,19.66,19.71
08059,0.0,0.02,-0.04,0.04,0.03,-0.03,-0.1
08061,9.7,10.37,11.5,12.48,12.46,12.67,13.1
08063,9.5,8.81,9.34,10.98,10.43,10.74,11.21
08065,13.4,15.4,16.09,17.7,17.24,20.17,22.94
08067,11.2,13.99,14.51,15.15,14.94,14.8,14.45
08069,16.4,15.6,14.12,15.09,15.12,15.32,15.66
08071,33.9,39.19,39.63,37.68,36.05,37.05,38.22
08073,11.1,11.29,12.83,13.44,14.43,13.87,13.4
08075,11.5,11.59,15.04,14.01,14.08,14.27,14.71
08077,14.7,18.77,18.28,22.43,18.32,19.2,20.07
08079,14.0,14.8,16.44,18.59,18.18,18.33,18.53
08081,15.0,15.79,17.34,18.7,17.4,20.55,23.71
08083,14.3,14.99,19.82,18.62,17.81,20.04,22.31
08085,11.3,10.71,12.82,15.78,16.49,16.13,15.55
08087,11.0,12.38,13.35,12.93,14.17,13.86,13.64
08089,21.6,18.53,20.07,20.75,24.96,27.04,29.26
08091,12.7,13.42,14.3,15.19,15.12,16.54,18.05
08093,13.5,13.68,17.16,19.73,18.92,18.78,18.73
08095,8.0,8.49,9.83,10.3,10.24,10.41,10.52
08097,12.7,12.45,13.24,15.19,15.01,15.2,15.37
08099,12.6,13.31,15.19,16.63,17.32,16.08,14.97
08101,26.2,27.1,25.55,28.54,27.7,31.43,35.18
08103,14.9,15.11,18.61,19.97,19.99,21.06,22.13
08105,22.5,23.73,27.81,32.76,32.67,33.19,33.63
08107,11.3,12.32,16.75,18.46,15.99,16.31,16.74
08109,14.2,16.37,17.14,18.16,20.18,19.77,19.35
08111,14.2,14.38,15.79,17.03,16.96,18.04,18.99
08113,10.1,11.12,11.88,12.73,13.25,13.11,13.01
08115,10.4,11.55,12.39,13.34,13.92,13.73,13.75
08117,9.5,11.17,11.28,11.72,11.23,11.19,11.47
08119,18.5,18.1,17.9,20.89,19.77,19.57,19.29
08121,7.8,8.31,9.16,9.98,10.36,10.29,10.39
08123,0.0,-0.02,-0.03,-0.03,0.0,0.03,0.06
08125,4.6,5.08,5.42,5.77,5.83,6.19,6.5
09001,11.1,13.49,16.68,17.61,18.63,19.46,20.42
09003,17.8,21.26,26.51,31.38,32.27,35.34,38.41
09005,26.9,27.94,25.43,28.3,35.25,37.33,39.42
09007,20.3,22.46,26.0,27.54,32.66,31.02,29.32
09009,17.6,22.36,26.86,31.47,30.82,36.3,41.97
09011,21.1,25.28,31.15,32.19,33.93,38.38,42.93
09013,16.7,16.3,20.24,24.67,23.85,22.83,21.87
09015,25.5,26.86,28.71,32.95,32.63,38.55,44.34
10001,21.8,21.52,23.76,23.68,29.37,31.41,33.43
10003,20.2,20.61,25.68,35.04,40.29,43.86,47.45
10005,18.5,20.43,28.04,28.01,32.37,38.0,43.61
11001,15.1,17.5,30.41,38.42,36.54,40.36,44.42
12001,9.3,10.45,11.68,11.45,10.29,11.13,12.1
12003,19.4,22.31,21.88,23.72,22.66,21.74,20.87
12005,17.2,17.47,22.72,21.05,20.79,26.58,32.2
12007,19.2,20.03,21.02,24.13,23.32,24.54,25.76
12009,20.8,25.29,29.09,36.93,40.6,46.59,52.61
12011,12.2,14.17,22.62,26.27,24.17,25.19,26.44
12013,11.4,11.63,13.11,16.65,15.72,15.12,14.35
12015,8.3,8.65,9.43,8.82,8.85,10.15,11.5
12017,20.5,21.12,32.67,29.28,31.33,31.68,32.04
12019,16.1,20.3,27.7,27.12,26.9,26.59,26.19
12021,14.3,15.14,15.09,17.17,16.39,19.38,22.23
12023,18.2,17.87,17.72,21.49,22.51,21.27,20.05
12027,12.3,11.61,13.02,12.32,12.19,15.22,18.49
12029,23.3,26.2,30.75,30.56,30.85,27.11,23.22
12031,17.0,18.33,33.48,41.55,35.47,38.47,41.72
12033,14.0,17.17,16.3,17.62,22.42,25.64,28.79
12035,14.0,14.32,15.48,17.41,17.5,21.4,25.13
12037,20.1,21.18,23.85,25.96,25.31,24.51,23.64
12039,5.7,6.21,7.38,7.56,7.8,7.96,8.23
12041,11.8,12.91,13.27,16.15,15.12,15.05,14.75
12043,15.1,15.91,18.68,19.86,19.61,22.25,24.6
12045,15.1,16.57,17.01,21.38,20.41,20.7,21.1
12047,10.4,11.38,11.83,13.44,12.68,13.57,14.41
12049,9.9,11.22,12.11,12.85,12.87,13.14,13.31
12051,11.3,12.24,13.68,15.13,16.71,17.44,18.16
12053,17.7,18.92,21.53,22.36,23.81,26.86,30.14
12055,17.5,15.45,19.85,19.97,20.44,21.67,23.18
12057,12.7,13.14,15.3,16.26,17.9,18.66,19.33
12059,15.5,15.69,19.53,20.98,23.25,20.95,18.71
12061,18.5,17.04,19.87,18.73,21.94,21.22,20.57
12063,8.0,9.38,10.79,11.3,11.96,12.38,13.15
12065,9.8,10.43,12.98,14.96,13.85,17.61,21.26
12067,16.9,17.16,17.97,20.52,22.51,22.93,23.19
12069,12.9,14.1,14.29,19.89,16.26,22.45,28.57
12071,13.5,14.6,18.41,26.21,28.86,28.28,27.57
12073,6.6,6.53,8.06,8.67,9.01,9.38,9.76
12075,17.8,19.06,20.07,23.28,22.87,21.63,20.48
12077,9.3,9.44,10.27,11.98,11.93,12.5,13.21
12079,8.7,10.81,11.12,12.23,13.08,13.19,13.38
12081,25.7,34.72,40.9,37.33,29.99,30.65,31.29
12083,17.6,16.85,31.68,34.44,35.13,32.08,29.1
12085,15.7,17.56,21.47,24.69,27.86,25.83,23.64
12086,5.5,6.98,9.5,11.0,10.08,10.6,11.24
12087,19.4,24.16,31.56,29.49,28.1,33.02,37.79
12089,15.7,16.89,23.41,26.86,25.75,23.34,20.83
12091,12.9,18.91,20.63,20.46,23.75,24.32,25.0
12093,23.7,25.17,24.92,27.34,29.72,28.89,27.97
12095,14.1,14.77,15.76,16.51,17.94,19.28,20.72
12097,13.3,13.41,14.97,17.16,19.84,19.34,18.71
12099,17.2,20.73,32.71,38.16,31.59,30.94,30.52
12101,22.5,23.32,27.95,29.4,30.8,33.81,36.72
12103,20.7,20.68,24.77,25.78,28.9,36.15,43.54
12105,15.0,15.23,18.24,20.15,20.64,20.71,20.52
12107,13.5,12.37,15.84,19.13,19.57,19.56,19.28
12109,10.7,10.74,13.51,15.15,13.85,12.98,12.22
12111,16.6,17.5,26.42,27.06,24.56,23.36,22.05
12113,13.0,15.67,15.46,17.73,17.84,18.69,19.45
12115,15.1,20.97,21.9,27.32,25.12,24.7,24.38
12117,13.1,14.41,17.12,20.72,20.69,18.35,16.24
12119,9.1,11.34,12.25,11.92,13.01,13.95,14.59
12121,11.3,14.35,15.3,14.05,14.49,15.69,17.01
12123,12.1,13.16,15.64,17.92,16.15,18.57,21.13
12125,14.2,15.58,16.65,17.76,21.88,20.8,19.7
12127,15.8,18.31,20.69,24.3,29.23,31.66,34.21
12129,11.5,12.51,15.06,17.66,16.75,16.56,16.27
12131,11.7,14.44,16.31,17.74,18.59,20.06,21.49
12133,14.0,17.06,16.39,17.27,18.84,22.17,25.75
13001,12.2,11.97,13.31,13.4,13.52,13.8,13.92
13003,13.4,13.05,14.58,17.84,16.6,16.45,16.32
13005,13.0,12.64,13.5,15.11,14.78,16.61,18.76
13007,7.3,8.18,8.83,9.46,9.43,10.03,10.47
13009,7.6,6.96,7.11,8.44,8.18,8.69,9.43
13011,15.3,16.76,18.5,21.2,19.07,21.78,24.5
13013,16.3,15.21,16.92,19.43,18.78,18.93,19.04
13015,17.3,18.75,19.53,22.18,20.77,20.57,20.44
13017,7.3,7.64,8.42,9.55,8.97,10.42,11.92
13019,7.4,7.91,9.35,9.94,10.59,11.9,13.31
13021,9.4,10.4,11.2,12.63,11.23,10.77,10.32
13023,9.7,11.21,11.67,12.81,12.02,11.92,11.88
13025,17.6,20.61,23.88,25.11,25.02,23.08,21.32
13027,6.7,7.01,7.81,8.08,8.24,9.89,11.61
13029,8.0,9.4,9.85,12.17,12.77,12.03,11.12
13031,5.5,5.97,6.51,7.35,6.87,7.91,8.81
13033,9.3,11.02,12.5,13.07,13.39,15.28,17.01
13035,17.1,19.92,20.12,21.57,21.73,21.24,20.95
13037,5.3,5.86,6.64,6.91,6.88,6.98,6.89
13039,10.2,12.13,13.09,13.18,13.66,13.9,14.29
13043,7.8,7.94,8.92,9.79,10.27,9.75,9.24
13045,19.1,18.85,22.71,26.13,21.44,24.62,27.9
13047,20.0,20.22,25.62,28.68,22.22,22.11,22.1
13049,11.0,12.56,13.52,18.44,16.58,15.08,13.63
13051,9.5,10.05,11.58,12.66,13.73,13.56,13.42
13053,8.3,8.14,8.76,9.75,9.82,10.35,11.22
13055,17.1,18.58,21.66,23.65,26.72,23.9,21.3
13057,15.9,18.48,19.24,17.29,18.58,15.45,12.47
13059,9.4,9.99,11.7,11.55,11.2,13.1,14.93
13061,8.5,9.44,10.61,11.05,10.97,11.13,11.14
13063,7.9,9.14,9.09,11.25,10.3,9.24,8.0
13065,8.0,8.47,9.66,10.2,10.17,10.72,11.23
13067,16.0,15.2,16.18,18.16,16.11,15.29,14.34
13069,14.1,14.76,15.88,18.25,19.24,18.26,17.46
13071,8.9,9.36,9.2,10.18,10.93,10.71,10.35
13073,11.9,12.13,13.0,14.66,14.83,14.11,13.49
13075,9.3,10.25,10.2,11.04,10.99,11.61,12.21
13077,10.5,11.48,12.19,14.42,14.14,13.35,12.51
13079,12.7,12.87,16.42,17.82,16.1,16.9,17.54
13081,6.5,6.32,7.05,8.27,7.88,7.85,7.84
13083,13.9,13.6,14.09,17.05,16.57,18.57,20.53
13085,16.9,19.64,20.57,22.21,25.81,22.49,19.24
13087,7.4,8.09,9.04,9.12,9.62,10.23,10.97
13089,8.1,9.57,9.91,10.09,10.86,12.15,13.7
13091,11.7,13.76,15.54,16.95,17.0,16.68,16.53
13093,5.7,5.79,6.52,6.91,7.11,7.01,6.94
13095,6.4,7.18,8.79,9.01,9.58,13.21,16.81
13097,16.3,14.37,17.92,17.64,17.74,17.58,17.45
13099,6.1,6.55,7.79,8.31,7.99,8.64,9.34
13101,8.8,9.69,10.52,11.65,11.39,11.5,11.61
13103,8.3,8.58,9.95,12.75,11.18,10.99,10.78
13105,16.4,17.26,17.05,18.86,19.08,18.75,18.63
13107,7.1,7.18,7.46,8.51,8.74,8.3,7.9
13109,6.9,6.97,7.93,8.64,8.37,8.83,9.04
13111,22.5,21.9,25.23,27.27,23.84,22.86,22.02
13113,10.8,11.4,10.31,12.04,9.78,12.65,15.66
13115,13.2,14.29,16.89,16.65,19.02,18.88,18.84
13117,12.9,13.99,12.1,12.93,11.32,12.15,12.84
13119,24.1,25.18,25.49,25.63,25.86,30.32,34.81
13121,14.0,14.3,15.34,15.66,16.07,15.27,14.35
13123,17.4,16.98,19.7,24.0,20.11,20.53,21.04
13125,10.7,11.33,12.65,13.69,14.77,14.95,14.98
13127,12.0,12.73,14.84,17.57,16.54,16.57,16.34
13129,13.9,12.53,15.56,16.28,17.47,15.72,13.74
13131,5.3,5.8,6.28,7.33,6.69,7.07,7.37
13133,8.7,10.05,10.42,11.42,12.78,11.41,10.1
13135,7.0,9.65,9.28,9.91,10.41,9.45,8.34
13137,10.1,10.94,14.49,14.48,14.58,16.07,17.46
13139,12.9,12.9,14.89,16.38,15.86,15.86,15.97
13141,6.2,6.57,7.24,8.15,7.99,9.12,10.15
13143,26.7,29.35,31.79,30.33,30.73,29.68,28.5
13145,8.6,9.29,12.31,11.4,11.53,12.85,14.28
13147,12.3,12.97,13.61,13.88,14.53,15.01,15.37
13149,13.1,13.3,16.27,17.42,16.28,17.27,17.98
13151,13.8,13.18,15.72,14.51,15.34,14.35,13.31
13153,8.6,9.94,10.07,13.05,11.52,12.04,12.52
13155,8.1,8.63,9.59,10.37,10.32,12.36,14.18
13157,16.7,20.56,20.16,20.77,21.34,20.61,19.95
13159,11.3,11.52,12.43,14.94,14.39,13.99,13.57
13161,18.5,18.13,23.11,23.49,22.3,23.77,25.21
13163,8.2,8.98,10.06,10.82,10.49,10.15,9.83
13165,7.2,7.58,8.71,9.11,9.54,9.43,9.42
13167,8.1,8.22,9.35,9.83,9.78,9.61,9.22
13169,13.4,12.59,12.43,14.72,14.74,14.0,13.33
13171,13.4,16.42,16.87,18.33,17.21,16.97,16.87
13173,7.0,7.11,8.01,8.75,8.43,8.53,8.48
13175,10.4,11.65,13.61,14.01,13.44,13.09,12.69
13177,7.2,8.19,8.87,10.49,9.85,10.02,10.2
13179,9.1,9.32,9.72,11.08,12.03,11.21,10.24
13181,10.8,11.94,13.24,15.07,14.19,14.61,14.94
13183,10.2,10.84,11.33,13.27,12.45,12.68,12.84
13185,6.0,6.3,7.85,7.53,8.48,8.3,8.16
13187,13.6,15.26,19.1,23.02,22.13,20.76,19.28
13189,9.7,9.8,11.12,12.91,14.71,14.72,14.5
13191,12.9,13.58,16.06,16.02,16.11,16.87,17.67
13193,5.9,6.57,7.31,7.65,7.53,8.31,9.04
13195,24.9,19.87,20.04,22.62,22.45,22.59,22.79
13197,7.2,7.29,8.24,8.71,9.35,8.97,8.84
13199,13.2,14.38,13.37,14.42,16.09,15.84,15.66
13201,9.2,9.3,10.2,10.96,11.9,11.98,11.93
13205,7.3,8.42,8.07,9.29,8.84,8.9,9.18
13207,11.8,12.43,13.53,14.47,13.12,13.75,14.16
13209,9.0,9.53,10.17,11.77,11.11,11.49,11.77
13211,11.5,10.48,10.88,12.39,12.54,12.0,11.49
13213,24.4,23.94,23.24,24.85,26.25,24.0,21.69
13215,10.5,9.27,9.59,11.51,10.88,11.76,12.64
13217,10.3,11.48,12.88,14.3,13.17,13.65,13.81
13219,10.2,10.02,9.56,10.76,10.54,11.34,12.23
13221,11.5,12.6,13.05,14.82,14.48,16.86,19.37
13223,19.5,17.43,19.27,17.73,15.82,16.16,16.68
13225,9.3,11.4,12.08,12.86,15.16,13.47,11.93
13227,15.8,14.89,16.55,20.03,19.17,16.18,13.03
13229,19.2,16.43,18.47,18.09,17.5,19.38,21.32
13231,8.6,9.53,10.11,11.17,11.29,12.36,13.25
13233,18.1,20.45,21.75,23.47,20.43,22.7,24.86
13235,8.1,8.59,9.85,11.7,11.17,11.54,11.88
13237,8.7,9.94,10.74,11.89,11.62,12.12,12.63
13239,7.7,8.15,9.09,9.82,9.81,10.06,10.13
13241,23.2,23.51,24.36,28.26,24.27,27.85,31.31
13243,4.7,5.0,5.58,6.31,6.19,6.53,6.82
13245,14.3,18.77,21.31,24.33,26.57,23.1,19.6
13247,12.7,13.07,15.48,15.11,16.23,14.28,12.44
13249,5.8,6.21,6.8,7.48,7.36,7.86,8.52
13251,7.0,7.4,8.15,8.86,8.49,8.84,9.44
13253,10.4,10.13,10.94,13.26,13.29,12.98,12.69
13255,14.2,16.84,16.81,17.29,17.93,15.55,13.15
13257,19.6,19.78,21.03,20.42,20.41,20.02,19.56
13259,6.3,6.99,8.19,8.29,8.1,8.52,8.86
13261,5.2,5.28,5.81,6.33,6.86,6.98,7.11
13263,9.7,10.67,11.49,12.43,12.26,13.59,14.84
13265,9.0,9.54,10.55,11.48,11.47,12.21,12.99
13267,12.2,13.83,15.39,17.12,15.8,15.07,14.19
13269,10.6,10.28,11.12,12.93,12.84,12.52,12.01
13271,8.5,8.65,10.16,11.64,11.09,11.36,11.75
13273,4.7,4.94,5.43,5.89,5.97,6.34,6.71
13275,6.2,5.82,6.58,7.35,7.22,7.85,8.53
13277,5.7,7.27,8.38,8.28,7.95,8.35,8.6
13279,11.9,11.97,11.67,13.31,14.12,13.28,12.71
13281,20.0,19.48,21.57,23.23,22.5,22.5,22.49
13283,6.4,6.8,7.9,8.25,8.24,8.65,9.04
13285,13.5,15.18,14.97,15.62,14.21,13.84,13.19
13287,8.7,9.2,9.72,10.4,10.42,10.54,10.75
13289,9.7,10.32,12.34,13.11,13.61,13.05,12.57
13291,14.7,16.58,18.96,19.18,20.02,19.27,18.83
13293,13.7,13.36,13.76,14.9,14.99,14.76,14.42
13295,16.7,15.59,17.66,21.01,18.99,19.97,21.2
13297,15.3,17.21,17.39,17.16,19.03,19.44,20.13
13299,24.9,18.17,17.55,18.45,17.86,18.91,19.87
13301,8.9,9.4,10.4,11.29,11.81,11.72,11.46
13303,6.7,7.02,8.03,7.91,7.64,7.64,7.76
13305,19.0,20.57,22.89,23.29,23.54,21.53,19.46
13307,5.7,6.28,7.05,7.37,7.33,7.45,7.44
13309,8.3,9.99,10.17,11.06,10.69,10.79,10.78
13311,17.7,17.86,19.66,19.19,20.21,22.05,23.79
13313,12.5,13.25,13.69,16.1,14.64,17.07,18.97
13315,6.7,7.48,8.77,8.9,9.05,8.87,8.86
13317,11.5,12.08,13.42,15.09,15.92,15.98,15.85
13319,9.2,9.71,10.38,11.48,11.61,11.42,11.39
13321,8.5,9.72,11.7,10.85,11.05,11.7,12.6
15001,11.2,11.46,12.07,12.46,13.23,11.87,10.43
15003,10.6,11.75,13.31,14.43,14.81,17.16,19.48
15005,15.1,16.01,17.86,19.39,19.36,19.71,20.23
15007,11.2,11.67,13.17,13.72,14.63,15.87,17.31
15009,13.4,12.33,12.41,13.63,14.65,15.42,16.23
16001,15.5,12.54,14.57,15.12,15.46,16.12,16.85
16003,9.3,9.84,10.86,12.3,12.01,13.02,14.25
16005,25.2,20.21,22.97,24.32,21.29,26.4,31.31
16007,14.3,15.75,18.38,18.68,18.96,19.4,19.88
16009,12.8,15.38,16.2,16.64,16.29,17.05,17.96
16011,13.0,10.92,12.01,11.66,12.04,11.99,11.72
16013,9.3,9.78,11.16,13.07,12.4,12.4,12.27
16015,13.9,13.55,15.74,16.66,15.9,16.5,17.03
16017,9.1,10.58,11.37,12.82,12.96,13.19,13.33
16019,18.9,21.17,22.0,19.6,19.66,21.85,24.02
16021,14.5,14.73,15.35,16.9,16.97,17.85,18.71
16023,9.7,9.89,11.25,11.8,11.76,11.93,12.2
16025,9.3,9.94,11.03,11.9,11.84,12.11,12.54
16027,12.1,10.35,9.46,9.7,10.8,10.09,9.34
16029,10.3,10.83,12.0,14.11,13.53,13.47,13.3
16031,8.5,9.67,10.01,10.93,11.76,12.34,13.01
16033,9.7,10.24,11.91,13.21,12.74,12.84,13.0
16035,8.2,9.05,10.16,11.11,10.69,11.17,11.54
16037,11.0,11.2,12.12,13.72,13.92,13.66,13.29
16039,9.5,10.09,11.01,12.97,12.16,14.72,17.21
16041,11.0,11.61,13.22,13.37,12.64,12.96,13.3
16043,7.7,8.49,9.99,10.9,10.13,10.81,11.47
16045,14.4,16.36,19.66,19.47,22.4,20.31,18.36
16047,7.5,8.89,9.83,10.69,11.11,10.64,10.02
16049,9.5,10.91,11.34,13.49,12.91,12.45,11.94
16051,6.1,6.99,7.85,8.14,8.34,8.48,8.66
16053,7.5,8.18,9.13,9.79,9.46,9.51,9.59
16055,9.8,12.17,13.19,14.04,14.23,14.53,14.66
16057,8.0,8.74,9.84,11.47,13.0,11.79,10.82
16059,10.9,12.55,12.62,13.2,13.6,14.02,14.29
16061,9.6,10.22,11.85,12.48,12.4,12.52,12.74
16063,8.8,9.81,10.95,11.36,12.14,11.77,11.17
16065,4.1,4.37,4.49,4.88,4.69,4.65,4.8
16067,11.6,12.67,12.58,13.11,14.93,14.37,13.6
16069,12.1,13.48,15.22,18.44,18.29,16.07,14.03
16071,10.1,10.67,11.85,12.79,13.31,13.78,14.05
16073,11.3,12.99,12.53,12.89,13.72,13.21,12.68
16075,11.7,15.47,19.04,16.5,16.17,16.73,17.28
16077,9.7,11.17,11.63,12.38,11.9,11.85,11.76
16079,16.5,18.08,20.81,25.23,24.59,23.08,21.43
16081,8.3,8.38,9.08,10.19,10.34,10.47,10.53
16083,10.6,15.14,17.16,17.12,17.59,20.04,22.84
16085,12.7,14.6,15.72,15.1,15.53,15.35,14.97
16087,7.5,7.88,8.69,10.24,9.81,9.68,9.73
17001,11.9,15.09,14.55,13.75,15.07,13.21,11.23
17003,8.4,8.5,9.66,10.17,10.51,10.93,10.84
17005,12.0,14.79,14.69,15.76,16.33,16.21,16.2
17007,14.9,13.45,14.12,16.98,17.24,14.85,12.36
17009,6.5,6.86,7.89,8.27,8.22,8.37,8.7
17011,12.6,16.77,16.56,16.22,14.82,14.95,15.07
17013,11.9,13.26,14.78,16.75,15.83,15.71,15.52
17015,7.9,9.55,9.94,9.85,9.59,10.44,11.09
17017,8.1,8.58,8.79,9.27,9.88,9.58,9.44
17019,13.8,14.33,13.11,15.28,15.16,19.15,23.04
17021,14.9,16.07,18.04,18.34,16.19,14.69,13.12
17023,13.8,13.96,15.09,16.78,16.41,15.98,15.53
17025,8.8,10.54,10.78,11.26,10.78,11.17,11.56
17027,7.3,7.68,10.05,11.3,10.83,11.08,11.4
17029,8.5,9.86,11.3,11.52,13.31,13.29,13.38
17031,11.9,12.83,18.1,21.52,22.69,24.93,27.23
17033,11.6,11.34,12.05,13.38,13.51,13.8,14.11
17035,6.8,7.5,8.44,8.79,9.03,9.42,9.52
17037,8.9,9.11,11.99,14.26,13.43,13.75,14.31
17039,14.1,18.1,20.05,20.95,18.85,19.05,19.23
17041,7.8,8.54,9.51,11.13,10.31,11.76,13.13
17043,9.9,11.32,13.13,14.77,15.92,14.86,13.63
17045,11.0,12.62,13.61,13.53,14.14,13.15,12.29
17047,12.4,13.14,15.08,16.59,16.12,16.14,16.31
17049,9.1,10.67,10.85,14.24,14.36,12.51,10.44
17051,11.9,14.05,16.4,18.55,16.6,15.6,14.81
17053,11.0,11.2,11.64,13.81,13.83,13.03,12.29
17055,25.1,24.74,27.18,31.0,24.42,25.71,27.13
17057,10.4,12.19,14.12,15.7,16.03,14.7,13.15
17059,17.9,16.75,20.12,19.97,19.27,20.18,21.01
17061,13.9,14.67,16.1,18.68,19.88,18.69,17.55
17063,15.6,17.2,21.8,19.12,21.51,24.93,28.24
17065,8.8,9.34,11.23,12.06,11.46,11.49,11.6
17067,7.4,7.84,8.22,9.09,9.92,9.41,8.67
17069,18.5,19.58,22.56,23.78,25.47,24.66,23.99
17071,7.4,8.18,8.69,10.28,10.11,10.23,10.34
17073,8.4,8.53,9.15,9.5,10.25,11.42,12.55
17075,16.5,17.82,20.05,19.89,21.91,23.65,25.51
17077,14.3,14.8,16.69,17.57,20.93,17.2,13.22
17079,9.6,10.08,12.01,12.41,12.17,12.81,13.19
17081,12.3,16.93,16.84,18.44,19.22,19.21,19.05
17083,19.5,22.64,22.98,33.68,32.32,28.15,23.9
17085,8.4,8.16,9.11,9.83,9.58,10.0,10.12
17087,13.1,11.79,12.82,13.75,14.34,14.26,14.11
17089,8.5,8.09,10.36,14.04,13.69,14.13,14.56
17091,18.7,16.89,17.6,23.75,23.76,23.54,23.39
17093,9.3,9.36,14.18,13.76,13.86,12.75,11.63
17095,13.5,13.25,12.92,15.16,14.6,15.8,16.96
17097,11.6,11.13,12.39,13.36,13.96,13.57,13.24
17099,18.3,22.42,21.42,27.75,33.5,30.09,26.45
17101,13.9,14.54,16.0,16.63,18.95,18.23,17.47
17103,14.8,15.0,15.15,15.67,16.04,18.49,21.02
17105,15.0,17.86,21.74,23.98,25.68,24.74,23.46
17107,11.1,13.52,14.77,15.36,16.76,15.11,13.33
17109,6.2,5.93,7.28,7.59,7.19,7.72,8.26
17111,12.8,14.17,16.44,21.97,19.83,16.53,13.35
17113,12.7,13.02,13.56,16.35,16.95,17.21,17.27
17115,11.3,13.2,15.07,16.09,17.65,19.23,20.35
17117,11.8,14.15,16.19,15.68,17.05,17.27,17.48
17119,31.0,28.4,27.55,32.08,36.56,37.96,39.57
17121,20.8,22.27,24.62,25.09,24.18,26.7,29.3
17123,9.7,11.17,12.01,12.54,12.79,13.68,14.55
17125,10.6,12.14,12.12,13.65,14.37,13.4,12.71
17127,16.6,16.8,21.0,22.84,20.87,22.62,24.29
17129,12.4,13.65,14.06,15.32,16.11,16.05,15.94
17131,7.9,8.68,10.03,11.97,11.91,11.71,11.53
17133,10.8,10.2,14.09,13.34,13.58,14.38,15.04
17135,13.3,14.42,17.47,18.75,19.86,20.72,21.37
17137,15.3,13.14,13.29,12.26,13.17,13.66,14.3
17139,6.2,6.87,7.41,8.25,8.34,9.22,9.91
17141,13.0,10.32,14.65,15.0,14.19,15.21,16.2
17143,15.7,18.55,18.73,25.99,26.15,25.88,25.5
17145,14.9,13.94,18.25,16.94,16.12,15.98,16.04
17147,8.2,8.37,10.17,11.24,10.27,10.44,10.62
17149,9.6,9.77,11.92,12.78,11.53,12.46,13.29
17151,16.6,17.46,17.81,18.93,18.78,19.7,20.86
17153,11.3,11.42,12.4,14.11,14.3,15.16,16.05
17155,14.9,15.75,18.14,20.72,18.83,19.9,21.09
17157,15.2,15.89,17.77,16.1,17.49,15.93,14.03
17159,9.0,9.44,9.65,10.56,10.55,10.76,10.91
17161,9.8,9.63,10.94,13.23,12.45,14.32,16.11
17163,17.3,14.89,15.63,21.42,23.78,25.59,27.7
17165,24.7,25.06,25.97,28.04,27.52,32.86,38.26
17167,16.5,19.01,17.56,21.63,21.24,20.11,19.01
17169,6.7,7.46,8.05,8.99,8.8,8.83,8.91
17171,8.9,9.4,10.81,11.42,11.81,11.67,11.41
17173,10.3,10.08,10.82,12.85,12.89,13.07,13.38
17175,10.1,10.78,12.87,13.85,14.29,14.72,15.26
17177,11.7,13.53,12.97,13.57,14.39,16.32,18.14
17179,15.1,15.59,16.89,20.92,19.6,17.33,15.0
17181,13.1,12.76,15.3,18.22,17.04,18.02,19.02
17183,18.7,18.89,23.26,26.49,23.48,26.23,29.02
17185,10.4,11.02,13.61,13.72,12.86,13.22,13.68
17187,6.5,6.58,7.19,7.76,8.31,8.73,9.26
17189,11.6,13.85,15.08,15.17,14.22,13.64,13.1
17191,8.6,9.51,9.72,9.93,10.56,11.27,11.83
17193,11.7,11.8,12.85,16.78,14.98,16.21,17.34
17195,13.5,13.65,12.04,12.37,13.47,12.67,11.78
17197,12.9,14.19,17.02,19.68,18.95,20.21,21.56
17199,20.3,16.96,19.63,20.78,20.41,17.71,15.08
17201,28.2,31.34,34.99,37.09,45.19,43.4,41.61
17203,11.5,10.46,11.59,11.32,11.08,10.78,10.7
18001,10.7,10.86,11.61,13.6,12.75,14.8,16.73
18003,13.9,15.63,18.08,21.73,21.78,25.55,29.39
18005,15.7,14.68,17.52,28.35,25.68,24.38,22.87
18007,14.8,14.43,15.54,16.03,15.71,15.89,15.87
18009,24.0,29.31,34.4,35.33,33.79,29.84,25.87
18011,12.5,15.32,21.66,19.76,20.31,22.91,25.5
18013,15.8,19.35,19.18,20.64,21.28,19.24,17.22
18015,11.5,13.12,14.1,15.07,17.21,16.08,14.98
18017,9.0,10.16,10.51,11.47,13.51,13.22,13.13
18019,23.7,23.83,30.79,32.57,37.06,34.98,32.76
18021,12.5,13.56,16.04,16.98,17.48,17.41,17.48
18023,17.0,16.72,17.69,20.41,22.92,23.47,24.02
18025,15.5,15.77,19.94,20.87,20.59,21.65,22.8
18027,8.8,8.93,11.02,12.66,12.62,11.95,11.34
18029,26.1,28.22,30.14,31.54,28.08,29.93,31.69
18031,17.4,18.28,20.3,24.65,21.75,23.58,25.27
18033,10.8,13.4,13.42,14.3,14.7,17.9,20.85
18035,27.9,28.6,30.64,36.98,35.4,35.78,36.18
18037,9.0,8.47,10.17,9.35,9.67,9.29,9.13
18039,10.9,11.11,11.52,14.66,14.45,12.95,11.35
18041,47.0,46.25,52.0,60.82,56.97,63.79,70.5
18043,23.8,23.0,26.87,30.82,28.39,36.1,43.56
18045,14.4,14.08,16.21,17.13,19.51,20.76,21.98
18047,21.4,23.08,28.51,27.44,33.29,29.8,26.31
18049,13.5,14.19,17.23,17.39,16.93,18.88,20.55
18051,9.1,9.59,9.73,12.12,11.84,12.35,12.73
18053,20.5,31.11,29.73,34.8,32.95,28.0,23.06
18055,18.3,17.96,16.37,20.85,19.21,18.38,17.15
18057,9.1,10.1,11.08,13.1,12.4,11.49,10.83
18059,23.0,23.14,20.06,19.74,22.02,19.66,17.49
18061,14.9,17.08,22.91,21.1,21.01,24.78,28.61
18063,13.5,11.41,15.05,17.63,16.33,16.32,16.25
18065,25.3,23.77,22.73,26.55,25.82,26.96,27.98
18067,24.4,30.97,27.46,37.91,35.38,36.66,37.91
18069,15.4,16.68,19.3,17.24,17.52,17.75,18.15
18071,26.8,25.01,25.73,31.35,34.36,28.55,22.81
18073,12.7,14.27,17.86,19.94,18.12,19.2,20.44
18075,17.6,18.48,21.37,33.15,32.96,31.63,30.53
18077,14.9,16.71,16.76,19.61,20.3,19.18,18.11
18079,25.4,27.3,28.69,33.52,34.8,35.55,36.45
18081,16.4,16.79,20.86,21.98,22.06,20.46,18.84
18083,11.8,12.43,15.22,15.04,14.17,14.97,15.65
18085,9.8,11.34,13.16,17.59,15.97,15.21,14.43
18087,5.8,5.42,5.72,6.28,6.42,6.06,5.9
18089,10.9,12.41,17.74,26.21,25.87,28.02,29.95
18091,17.3,16.17,20.73,23.32,21.29,23.1,24.88
18093,15.3,13.38,13.58,14.84,17.36,18.65,19.86
18095,25.9,27.08,29.91,35.64,32.56,37.36,42.09
18097,25.9,26.44,30.95,35.33,35.0,37.28,39.67
18099,10.8,11.31,12.64,16.11,16.22,15.19,14.29
18101,10.1,11.15,11.95,13.9,14.23,14.55,15.05
18103,11.4,14.75,16.31,16.54,16.32,17.39,18.46
18105,19.0,16.24,17.64,18.98,18.79,18.54,18.07
18107,19.6,17.55,20.13,26.2,28.74,26.74,24.74
18109,24.4,25.57,27.0,25.98,31.44,31.07,30.48
18111,16.8,18.44,22.78,20.66,23.86,22.4,20.76
18113,10.2,9.97,11.64,12.02,11.16,12.27,13.64
18115,21.2,23.49,25.14,26.83,25.8,26.9,28.05
18117,9.7,9.85,11.08,12.53,12.81,12.56,12.34
18119,13.8,14.01,15.61,17.4,15.99,18.05,20.13
18121,11.7,12.34,12.56,13.23,13.05,13.23,13.62
18123,9.5,10.86,13.2,15.1,13.07,12.44,11.79
18125,8.9,9.41,10.81,11.42,10.99,12.25,13.45
18127,22.7,21.64,24.92,25.77,23.41,23.43,23.46
18129,11.2,11.82,13.29,15.35,14.82,15.4,15.88
18131,22.6,23.8,26.97,28.25,28.14,25.94,23.72
18133,13.5,13.27,13.17,12.86,14.06,13.03,12.11
18135,24.5,22.61,28.06,36.77,31.4,30.57,29.66
18137,17.4,22.93,24.7,28.52,25.07,24.69,24.42
18139,15.8,15.53,20.52,24.98,22.96,21.79,20.69
18141,13.6,17.65,19.63,22.77,22.52,17.86,13.43
18143,36.0,38.46,56.96,53.89,49.74,46.35,42.96
18145,18.7,17.92,18.63,22.19,23.69,25.04,26.32
18147,7.9,8.01,9.76,9.78,9.56,10.69,11.79
18149,32.1,35.45,38.48,47.6,45.63,46.48,47.31
18151,8.9,8.47,9.55,9.67,8.9,10.03,11.23
18153,21.4,20.95,23.0,22.5,21.08,22.2,23.51
18155,23.2,22.61,28.02,30.2,27.42,28.56,29.9
18157,14.3,15.94,16.6,15.52,18.89,20.12,21.63
18159,18.4,20.13,23.05,21.29,22.28,22.15,21.97
18161,27.8,29.33,31.01,38.13,39.85,35.95,32.11
18163,21.6,23.35,25.43,31.38,26.88,23.76,20.61
18165,14.9,16.31,17.3,22.92,18.93,20.98,22.89
18167,15.4,15.82,18.92,18.53,18.13,19.2,20.23
18169,17.7,19.11,22.03,28.32,24.62,24.14,23.66
18171,11.9,12.59,14.44,15.7,16.47,16.42,16.44
18173,8.3,8.19,8.65,10.34,10.99,11.35,11.86
18175,21.8,22.77,22.37,26.56,26.08,25.51,24.92
18177,30.0,37.56,44.34,68.28,60.28,61.6,63.15
18179,14.8,16.08,15.99,16.04,17.78,21.17,24.39
18181,18.4,17.46,18.42,20.04,20.72,19.53,18.26
18183,8.9,9.24,9.81,10.41,11.44,11.18,11.1
19001,7.4,7.55,8.23,9.67,9.21,9.48,9.96
19003,7.8,8.67,9.75,10.73,10.33,10.71,11.23
19005,6.3,6.38,8.22,7.98,7.68,8.31,8.94
19007,11.2,11.29,12.34,13.8,13.91,14.81,15.64
19009,5.1,5.6,6.55,6.72,6.6,6.9,7.24
19011,4.6,5.1,5.9,6.01,6.36,6.05,5.86
19013,6.5,6.57,8.68,9.28,9.45,8.36,7.17
19015,6.7,7.12,7.81,8.34,8.35,8.5,8.65
19017,5.0,5.73,6.26,6.71,6.71,7.31,7.95
19019,5.9,6.5,7.23,9.11,8.96,9.02,9.15
19021,4.2,4.3,4.96,5.36,5.29,5.43,5.61
19023,4.6,5.05,5.94,6.22,6.24,6.34,6.41
19025,4.9,5.24,6.31,6.74,6.42,6.96,7.56
19027,5.3,5.62,7.0,7.59,7.01,6.96,6.85
19029,6.7,7.75,8.11,8.95,9.0,9.91,11.05
19031,5.5,6.29,6.85,7.13,6.93,7.57,8.27
19033,11.7,10.77,11.49,12.56,11.04,12.06,13.17
19035,3.6,3.98,4.33,4.66,4.67,5.14,5.59
19037,4.3,4.81,5.15,5.82,5.62,5.7,5.68
19039,8.6,8.37,9.1,10.46,9.87,10.74,11.4
19041,3.8,4.19,4.53,5.17,5.16,5.45,5.55
19043,7.5,6.75,7.01,8.05,8.02,8.42,8.62
19045,8.3,10.08,10.26,10.68,11.66,11.5,11.41
19047,5.2,5.27,5.47,6.24,5.95,5.99,6.05
19049,5.3,5.33,6.24,6.76,6.44,6.65,6.84
19051,5.6,5.62,6.21,6.69,6.76,6.91,6.91
19053,7.3,7.71,9.27,9.91,9.82,10.03,10.27
19055,5.0,5.56,6.18,6.24,6.29,6.21,6.18
19057,9.5,11.97,12.81,12.77,12.13,12.06,12.17
19059,4.5,5.2,5.39,6.19,6.1,6.17,6.1
19061,7.4,7.92,9.62,9.16,9.12,9.0,8.82
19063,3.7,3.81,4.47,4.61,4.7,4.6,4.55
19065,5.3,5.44,6.12,6.33,6.6,6.55,6.56
19067,3.9,4.29,4.87,5.27,5.12,5.1,4.88
19069,4.0,4.39,4.89,5.11,5.07,5.41,5.57
19071,8.6,9.18,9.77,11.28,11.05,10.74,10.5
19073,6.0,6.39,7.07,7.94,7.68,8.04,8.62
19075,5.8,6.12,6.22,6.85,7.22,7.5,7.69
19077,5.3,5.62,5.94,6.7,6.5,6.77,7.01
19079,5.0,5.79,6.06,6.63,6.96,6.89,6.79
19081,3.5,3.86,4.2,4.58,4.53,4.57,4.79
19083,4.6,5.04,5.65,5.92,6.09,6.01,5.93
19085,8.5,8.6,9.79,10.26,10.63,10.89,11.14
19087,6.7,7.67,7.46,8.01,7.72,7.71,7.84
19089,3.2,3.4,3.83,4.1,4.1,4.1,4.36
19091,4.9,4.77,5.19,5.78,5.64,5.64,5.87
19093,5.1,5.95,6.13,6.53,6.53,7.02,7.22
19095,5.3,6.07,6.39,7.01,7.3,7.01,6.52
19097,10.4,9.43,9.54,10.31,10.3,12.12,14.04
19099,10.6,11.53,11.63,13.08,11.85,11.96,12.06
19101,9.1,8.57,9.73,11.01,10.84,11.39,11.93
19103,10.3,7.59,8.29,8.75,7.35,7.23,7.17
19105,5.4,5.7,6.25,6.53,6.44,6.78,6.96
19107,5.6,5.95,6.31,7.04,6.9,6.94,6.96
19109,3.5,3.84,4.11,4.59,4.51,4.8,5.18
19111,10.2,11.55,14.22,12.28,12.02,12.52,13.22
19113,12.5,12.71,11.3,13.49,12.84,14.3,15.71
19115,8.0,8.22,8.45,9.79,9.61,9.74,9.75
19117,8.2,8.71,9.62,11.76,11.0,11.64,12.32
19119,3.8,4.18,4.43,4.8,4.99,4.95,4.73
19121,6.4,7.05,8.17,8.29,9.14,9.59,10.1
19123,7.5,8.95,10.09,10.26,9.74,9.64,9.5
19125,7.6,9.31,10.62,11.52,10.89,11.18,11.45
19127,4.8,4.91,5.39,6.19,6.79,6.46,6.1
19129,7.2,7.65,8.73,8.71,9.64,9.08,8.79
19131,3.8,3.98,4.49,4.82,4.81,4.83,4.98
19133,8.6,9.11,9.37,10.25,9.92,9.96,10.08
19135,6.9,7.65,7.84,8.93,8.47,8.43,8.52
19137,9.6,11.05,12.02,13.44,13.11,13.2,13.3
19139,5.9,6.99,7.62,7.13,7.46,8.08,8.45
19141,3.0,3.14,3.51,3.77,3.76,3.86,3.94
19143,5.5,5.52,6.52,6.65,7.39,7.29,7.0
19145,6.5,7.22,7.73,9.68,8.71,9.15,9.96
19147,3.4,3.73,3.98,4.34,4.34,4.67,5.03
19149,4.2,4.65,4.97,6.07,5.65,5.45,5.75
19151,4.4,4.65,5.35,5.72,5.9,5.87,5.76
19153,10.8,13.74,14.11,15.74,15.77,19.35,22.89
19155,11.1,11.24,13.03,13.16,12.29,12.47,12.64
19157,5.9,6.26,6.86,7.18,7.99,7.86,7.69
19159,7.2,7.73,8.49,9.53,9.74,9.59,9.32
19161,5.5,5.83,6.51,7.72,7.6,7.42,6.97
19163,11.2,16.11,16.41,16.56,15.61,16.17,16.62
19165,6.2,6.29,7.15,8.14,7.71,7.82,7.48
19167,2.3,2.48,2.79,2.9,3.1,3.09,3.09
19169,5.9,6.57,6.8,7.06,7.17,6.78,6.51
19171,6.5,6.43,6.58,8.14,7.63,7.51,7.35
19173,6.3,6.62,7.98,8.26,8.05,8.52,9.1
19175,9.3,9.11,10.62,12.04,11.03,11.23,11.6
19177,6.8,7.87,8.52,8.85,9.82,9.28,8.51
19179,7.9,8.61,9.41,11.63,11.11,13.46,15.75
19181,8.5,8.12,9.95,9.81,10.63,11.37,12.17
19183,6.7,6.55,7.24,7.58,7.54,7.64,7.81
19185,7.9,8.35,9.24,10.93,10.4,10.74,11.04
19187,11.1,10.87,12.3,13.35,12.62,13.85,15.05
19189,4.0,4.29,4.72,5.31,5.21,5.23,5.27
19191,4.3,4.43,4.85,5.12,5.45,5.11,4.82
19193,8.6,8.22,8.8,9.54,9.18,8.91,8.55
19195,7.0,7.39,9.74,9.86,9.31,9.18,9.0
19197,4.8,5.09,5.79,6.41,6.09,6.14,6.21
20001,12.6,13.37,14.1,15.6,16.38,16.34,16.48
20003,8.6,9.56,10.17,10.98,11.44,11.32,11.09
20005,9.4,9.55,11.18,11.84,11.82,11.95,12.09
20007,12.6,13.44,14.89,16.12,15.57,16.22,16.89
20009,6.7,6.34,6.96,7.45,7.83,8.73,9.48
20011,12.1,11.88,12.7,14.63,13.92,14.92,15.72
20013,11.1,10.85,12.63,14.39,13.17,15.04,17.14
20015,13.4,14.26,14.2,16.15,16.13,14.22,12.21
20017,7.7,8.17,9.07,9.86,10.26,10.24,10.14
20019,14.2,16.51,17.22,18.32,19.69,19.11,18.46
20021,15.4,17.44,16.35,16.72,16.48,17.65,19.2
20023,5.8,6.21,6.9,7.38,7.8,7.68,7.54
20025,7.3,8.09,8.76,9.48,9.4,9.56,9.65
20027,8.9,9.37,11.75,11.77,11.89,11.65,11.78
20029,5.8,6.44,6.94,7.33,8.07,7.79,7.49
20031,12.8,13.01,13.17,14.31,14.3,15.15,15.92
20033,9.0,9.53,11.07,11.71,11.65,12.26,12.91
20035,12.1,14.52,15.34,15.74,14.66,14.95,15.22
20037,10.7,11.26,12.13,12.21,12.67,14.3,16.05
20039,6.1,6.45,7.18,7.78,7.85,8.02,7.95
20041,7.1,7.24,8.17,8.88,9.24,9.19,9.29
20043,7.0,7.12,7.74,8.35,8.34,8.56,8.48
20045,9.3,10.31,10.58,11.7,11.62,12.49,13.17
20047,6.8,6.87,7.52,8.2,8.12,8.27,8.43
20049,14.7,15.62,18.85,19.32,18.97,19.21,19.5
20051,4.8,5.33,6.2,7.01,7.65,7.27,6.84
20053,8.0,8.48,10.65,10.68,10.41,10.47,10.55
20055,6.3,8.05,8.01,8.1,8.44,9.05,9.65
20057,4.7,4.97,5.71,6.17,6.28,6.15,6.18
20059,10.9,11.49,13.0,14.48,15.78,14.96,14.16
20061,9.5,9.57,10.3,11.48,12.51,12.72,12.92
20063,5.6,5.7,6.21,6.71,6.7,6.81,6.87
20065,5.7,6.07,6.74,7.39,7.4,7.52,7.85
20067,3.8,4.2,4.49,4.82,4.81,4.94,4.96
20069,5.1,5.14,5.69,6.17,6.12,6.24,6.25
20071,8.5,9.01,10.01,10.96,11.32,11.19,11.26
20073,16.7,17.58,18.67,19.98,18.53,18.31,17.98
20075,9.6,10.11,11.27,12.66,12.48,13.61,14.76
20077,13.0,13.21,14.98,15.72,15.6,17.08,18.59
20079,9.3,11.35,11.17,11.99,11.18,11.89,12.45
20081,4.8,5.06,5.59,6.36,6.43,6.36,6.42
20083,5.0,5.31,5.93,6.44,6.42,6.56,6.71
20085,6.6,7.73,8.32,8.68,8.82,10.19,11.64
20087,8.5,10.12,10.3,10.75,11.5,10.78,9.95
20089,5.4,5.59,6.27,6.78,6.86,7.06,7.17
20091,9.5,8.38,9.44,9.15,9.63,10.63,11.57
20093,5.0,5.25,5.83,6.28,6.32,6.49,6.78
20095,12.0,12.17,13.3,13.79,13.63,14.31,15.22
20097,7.0,7.42,8.25,9.08,8.99,9.18,9.23
20099,13.1,14.31,16.34,17.86,16.36,17.74,18.98
20101,4.8,5.11,5.73,6.16,6.13,6.28,6.65
20103,15.6,12.89,15.64,13.45,13.3,16.01,18.96
20105,5.9,6.33,7.05,7.64,7.58,7.73,7.78
20107,14.3,15.79,16.22,17.76,19.26,18.12,17.0
20109,8.0,8.13,8.96,9.69,9.65,10.18,10.71
20111,6.3,7.29,7.55,8.16,9.46,9.19,8.99
20113,7.7,7.8,8.22,8.77,8.11,8.52,8.83
20115,7.1,7.78,8.4,9.77,9.69,9.86,9.74
20117,5.4,5.71,6.29,6.88,7.49,7.23,7.05
20119,6.0,6.4,7.45,8.14,8.27,8.4,8.67
20121,14.3,13.17,13.25,16.67,14.7,14.98,15.35
20123,4.6,4.93,5.48,5.92,5.9,6.07,6.18
20125,17.0,17.28,16.96,17.99,17.1,16.9,16.74
20127,7.0,7.09,7.75,8.73,8.56,8.62,8.75
20129,9.7,9.95,10.88,11.72,11.67,12.46,13.18
20131,5.3,5.36,5.86,6.66,6.44,6.42,6.53
20133,13.9,14.67,13.87,15.23,15.32,15.15,14.74
20135,5.7,6.04,6.71,7.6,7.41,7.53,7.4
20137,5.9,6.25,6.85,7.78,7.87,8.47,9.03
20139,11.9,14.19,13.85,14.9,14.82,14.59,14.26
20141,7.6,9.28,9.47,10.76,10.61,10.33,9.94
20143,5.8,5.95,6.52,7.0,7.02,7.2,7.17
20145,7.4,7.84,9.0,9.13,9.2,9.56,9.7
20147,4.4,4.67,5.39,5.63,5.66,5.76,5.77
20149,6.4,8.02,7.87,8.76,9.63,9.09,8.43
20151,8.5,10.23,10.45,11.42,11.02,11.47,12.0
20153,5.7,6.08,6.71,7.23,7.3,7.45,7.57
20155,14.1,15.01,14.26,14.45,16.92,17.67,18.51
20157,5.8,5.99,6.54,7.36,7.12,7.46,7.74
20159,8.3,9.17,10.6,11.31,10.87,11.14,11.58
20161,6.0,6.02,6.38,6.77,6.65,8.18,9.93
20163,6.7,6.84,7.44,8.09,8.71,8.43,8.11
20165,6.9,7.61,8.29,8.88,8.83,9.04,9.09
20167,8.3,9.19,9.43,10.38,10.08,10.17,10.27
20169,12.2,13.04,14.13,18.72,16.59,16.76,16.86
20171,5.8,5.85,6.31,6.94,6.91,6.99,7.22
20173,16.9,15.9,15.88,17.13,17.71,19.97,22.08
20175,5.5,6.02,6.66,8.18,7.99,8.69,9.21
20177,13.6,14.59,15.63,16.84,16.63,17.38,18.06
20179,5.2,5.48,6.11,6.66,6.65,6.84,6.91
20181,7.6,8.83,9.22,9.74,10.13,9.99,9.87
20183,6.3,6.99,7.82,8.58,8.23,8.56,9.05
20185,7.0,7.48,8.63,9.11,9.04,9.17,9.22
20187,7.2,7.97,8.57,9.28,9.3,9.37,9.58
20189,5.4,5.73,6.3,6.83,7.39,7.19,7.15
20191,12.9,14.03,15.02,15.31,15.16,16.91,18.93
20193,6.5,6.79,7.83,8.69,8.39,8.74,9.32
20195,5.8,6.18,6.88,7.48,7.42,7.56,7.45
20197,7.2,8.03,8.63,9.28,9.65,9.58,9.54
20199,6.5,6.89,7.65,8.35,8.33,8.5,8.72
20201,5.0,5.33,5.98,6.4,6.43,6.85,7.17
20203,6.1,6.51,7.3,7.88,7.89,7.95,8.22
20205,16.1,16.3,17.8,20.71,19.82,19.73,19.79
20207,14.0,14.86,17.87,18.38,19.58,18.83,18.05
20209,10.0,10.04,11.33,11.65,11.37,13.71,16.16
21001,17.0,17.83,17.58,20.1,19.91,20.11,20.34
21003,17.6,18.46,20.77,21.03,19.92,26.37,32.79
21005,20.1,25.03,29.89,34.61,31.16,34.62,38.13
21007,14.2,15.69,18.22,20.81,18.39,18.38,18.61
21009,11.3,12.21,13.33,17.44,15.79,14.98,14.12
21011,30.6,32.09,34.8,35.87,36.67,35.1,33.55
21013,48.4,65.58,58.92,54.61,53.38,54.94,56.48
21015,26.9,33.26,33.6,34.76,34.77,30.61,26.63
21017,24.0,25.94,26.5,31.42,31.7,35.16,38.69
21019,34.7,40.28,46.87,54.44,56.16,58.28,60.33
21021,17.7,21.79,29.86,28.16,25.09,25.66,26.12
21023,20.4,26.48,27.35,27.85,27.4,29.7,31.88
21025,45.1,40.33,48.26,44.73,45.15,50.18,55.23
21027,12.3,14.05,15.64,16.26,16.1,16.24,16.46
21029,27.0,22.5,24.04,33.18,31.2,32.01,32.92
21031,15.4,24.38,21.52,21.24,22.14,21.28,20.57
21033,15.8,15.51,17.85,18.78,18.02,18.58,19.42
21035,10.9,12.71,14.61,14.44,13.66,16.27,18.7
21037,45.8,47.6,60.09,66.69,59.75,50.48,41.09
21039,8.6,9.11,10.12,11.02,10.94,11.18,11.38
21041,35.6,32.59,33.83,36.82,37.09,38.99,40.84
21043,26.9,32.37,35.99,46.62,43.78,39.48,35.11
21045,21.4,24.18,27.7,30.09,29.36,30.35,31.38
21047,8.2,8.25,9.34,11.68,11.41,12.65,13.73
21049,31.9,36.42,37.05,46.14,49.66,46.81,43.96
21051,28.1,33.31,36.11,35.37,37.54,43.44,49.24
21053,48.8,49.48,48.18,49.53,48.95,47.81,46.83
21055,15.4,16.98,18.16,20.28,19.07,18.95,18.68
21057,24.5,25.9,28.43,29.49,29.16,28.5,27.76
21059,12.8,14.54,15.32,15.89,16.24,15.21,14.38
21061,13.2,18.72,17.7,19.35,20.23,18.86,17.39
21063,27.1,29.71,34.18,34.72,37.82,37.1,36.32
21065,46.8,46.0,52.85,60.57,54.76,60.89,66.84
21067,26.3,30.57,33.78,37.0,37.23,33.82,30.39
21069,20.8,24.42,25.59,28.9,25.35,26.65,28.07
21071,54.9,51.53,51.74,50.48,49.49,49.68,49.74
21073,20.8,22.06,26.42,33.86,31.11,30.92,30.56
21075,8.9,9.38,10.89,11.99,11.58,12.2,12.8
21077,37.8,47.75,50.86,57.46,58.62,51.6,44.66
21079,22.8,23.09,29.16,29.61,27.48,26.22,24.88
21081,40.4,37.72,47.41,45.63,45.15,52.19,59.17
21083,12.0,13.05,14.28,14.78,14.6,14.83,15.17
21085,26.7,25.39,31.51,33.84,29.27,25.69,22.26
21087,11.8,11.95,12.99,15.11,14.95,15.67,16.47
21089,28.0,31.47,32.6,39.86,42.96,54.17,65.32
21091,11.6,12.3,15.21,16.47,14.87,14.92,15.15
21093,15.3,13.16,18.29,18.59,18.01,18.77,19.53
21095,35.1,36.55,38.19,41.99,39.05,42.33,45.79
21097,31.2,34.7,59.53,49.68,39.93,39.76,39.37
21099,12.3,14.57,16.55,17.24,18.87,16.85,14.88
21101,11.9,12.43,13.76,16.19,15.35,13.6,11.79
21103,18.5,23.53,22.68,24.83,26.68,26.89,27.17
21105,9.5,10.52,11.82,12.45,12.19,12.31,12.76
21107,15.9,15.98,19.07,22.55,18.4,17.94,17.53
21109,16.5,18.15,19.32,22.91,22.14,22.23,22.14
21111,24.2,26.51,36.12,42.31,38.79,40.91,42.99
21113,22.6,26.18,29.6,40.93,36.47,37.63,38.74
21115,30.0,33.21,32.43,33.27,34.94,33.34,31.56
21117,44.5,58.32,54.04,65.03,59.75,54.88,50.0
21119,49.1,45.71,46.12,46.59,45.86,51.87,57.68
21121,24.9,40.28,38.61,42.67,34.43,36.43,38.57
21123,11.1,10.81,11.5,12.88,12.6,14.76,16.68
21125,23.6,23.27,22.25,24.35,25.25,21.53,17.59
21127,28.2,30.64,35.62,38.73,37.03,36.88,36.71
21129,34.3,43.85,42.4,43.56,44.36,55.3,66.16
21131,54.6,47.45,52.95,52.14,50.9,49.72,48.85
21133,31.1,33.53,32.54,37.19,38.4,40.61,42.7
21135,19.3,24.54,23.08,27.75,28.92,27.92,26.97
21137,20.3,23.54,30.24,31.05,32.51,30.81,29.39
21139,23.3,23.58,26.61,27.9,25.76,29.32,32.85
21141,13.6,13.72,15.16,14.41,14.69,15.05,15.45
21143,14.9,16.33,16.84,18.55,20.1,20.23,20.61
21145,23.3,19.19,20.03,19.56,19.95,21.71,23.33
21147,16.0,18.84,19.74,23.17,23.07,20.74,18.55
21149,13.6,14.38,18.56,18.2,18.88,18.76,18.73
21151,26.3,29.18,29.91,38.85,43.19,47.76,52.3
21153,29.8,32.47,35.54,42.09,42.41,41.85,41.39
21155,16.9,18.45,18.92,21.93,19.37,20.45,21.59
21157,25.3,21.57,24.86,21.68,20.75,21.26,21.77
21159,39.4,52.16,50.44,51.91,47.17,53.48,59.78
21161,23.3,24.47,32.22,36.26,29.67,27.53,25.3
21163,14.8,15.05,19.03,20.65,16.97,16.17,15.6
21165,23.4,24.61,28.04,34.37,34.6,31.71,28.93
21167,19.9,21.55,27.55,24.47,22.8,24.62,26.4
21169,13.0,14.38,17.99,18.03,16.89,16.23,15.72
21171,23.1,23.46,26.24,28.41,29.47,30.42,31.29
21173,32.0,31.39,33.81,40.37,40.04,36.85,33.53
21175,18.2,18.52,22.27,23.01,24.27,25.21,26.03
21177,19.8,17.72,18.73,20.95,19.68,20.64,21.5
21179,16.0,17.2,21.21,27.5,22.06,24.48,27.01
21181,24.3,25.65,29.2,29.58,29.97,32.97,35.65
21183,15.4,19.28,18.12,18.29,18.55,18.93,19.42
21185,9.7,14.2,15.14,14.73,14.75,17.2,19.63
21187,36.8,32.54,40.96,42.83,48.21,48.03,47.83
21189,35.0,36.99,40.61,47.25,45.16,50.31,55.24
21191,35.0,34.26,38.51,45.45,45.73,42.77,39.8
21193,45.0,44.4,44.36,43.78,45.11,43.19,40.99
21195,44.7,40.57,37.72,34.76,35.63,40.84,46.49
21197,62.9,56.86,58.09,55.7,59.91,59.06,58.29
21199,17.4,18.94,20.84,23.49,22.56,23.37,24.33
21201,23.3,24.72,28.51,32.69,30.84,31.93,32.71
21203,27.8,29.06,33.45,36.34,36.63,34.26,31.75
21205,21.0,22.6,26.97,27.91,28.46,26.75,25.17
21207,49.6,41.33,39.81,37.36,39.96,42.64,45.22
21209,16.9,20.06,26.49,24.82,25.2,23.97,22.46
21211,13.9,19.04,21.12,20.38,19.2,21.37,23.46
21213,13.3,17.0,17.59,17.83,16.39,16.12,15.56
21215,15.5,18.14,20.36,23.49,22.69,21.89,21.04
21217,18.7,22.37,25.71,29.5,31.15,29.69,28.4
21219,15.7,15.9,16.59,17.0,19.27,18.46,17.36
21221,13.2,16.44,16.31,19.51,17.62,17.1,16.68
21223,20.3,19.8,22.07,23.89,23.89,25.26,26.49
21225,24.9,25.25,26.28,26.8,24.78,25.28,25.54
21227,13.1,12.8,13.71,13.44,14.45,15.9,17.15
21229,14.8,16.25,17.98,20.22,19.73,20.57,21.53
21231,21.2,20.8,21.31,24.51,23.69,21.73,19.89
21233,15.1,16.56,18.36,19.24,19.1,17.96,16.92
21235,40.2,42.27,37.99,43.26,37.92,36.27,34.42
21237,43.1,45.33,43.22,44.03,44.7,48.93,53.19
21239,20.6,24.48,22.84,25.16,26.92,28.76,30.57
22001,18.6,18.27,20.03,20.24,17.45,23.08,28.63
22003,11.8,12.88,14.64,16.99,18.04,18.74,19.53
22005,14.2,15.48,15.46,19.63,27.66,23.64,19.77
22007,10.5,11.96,17.27,15.43,15.42,15.19,14.95
22009,19.0,18.14,17.85,17.85,20.76,21.05,21.05
22011,13.2,12.97,13.7,14.07,14.69,16.03,17.5
22013,10.9,10.27,10.4,11.81,11.65,11.81,11.82
22015,9.1,10.67,13.44,13.44,11.97,12.21,12.57
22017,9.4,11.75,11.68,13.17,13.38,13.05,12.74
22019,17.3,15.26,14.36,15.67,17.37,18.39,19.39
22021,12.0,12.25,13.21,15.47,14.69,15.28,15.72
22023,16.2,17.83,19.83,22.42,23.62,22.78,21.63
22025,11.6,11.81,12.84,14.91,14.17,14.15,14.33
22027,9.4,10.31,12.36,13.27,11.94,13.48,14.82
22029,9.2,9.33,11.29,12.19,11.01,10.67,10.41
22031,10.2,10.34,12.83,13.36,12.45,15.52,18.76
22033,13.8,15.54,17.1,18.18,20.1,24.14,28.31
22035,6.1,6.51,7.43,8.55,8.07,8.06,8.1
22037,9.8,10.39,11.77,12.84,12.9,13.6,14.27
22039,18.6,18.28,19.27,20.89,24.98,23.61,22.18
22041,7.2,8.99,8.84,9.23,9.14,9.18,9.45
22043,12.0,12.17,14.62,14.11,14.13,15.79,17.6
22045,13.3,15.74,18.17,16.41,18.7,19.4,20.23
22047,12.8,14.83,15.2,17.9,19.12,18.7,18.22
22049,9.2,11.49,11.25,11.65,12.01,11.86,11.67
22051,25.9,27.86,31.49,36.84,36.55,36.48,36.56
22053,17.5,22.16,21.78,25.68,27.42,31.46,35.48
22055,14.6,14.45,16.7,18.88,17.77,22.71,27.69
22057,21.6,17.66,18.44,20.22,18.52,20.16,21.9
22059,17.9,18.77,17.83,20.17,20.57,21.74,23.1
22061,5.5,5.36,6.39,7.08,6.74,7.43,8.1
22063,26.4,32.4,37.52,39.99,35.01,37.07,39.15
22065,5.9,6.26,6.93,7.86,7.65,7.74,7.92
22067,12.8,16.15,17.33,16.72,18.37,19.26,20.31
22069,8.7,8.82,9.1,10.63,10.59,12.31,13.81
22071,27.6,26.37,32.96,36.09,38.21,40.9,43.59
22073,11.3,13.27,15.59,15.07,17.8,17.41,17.13
22075,25.5,27.36,28.12,26.19,27.88,28.29,28.71
22077,12.8,13.98,16.5,18.11,16.79,17.51,18.27
22079,13.3,13.06,18.67,20.01,22.46,26.59,30.7
22081,7.0,7.45,8.24,8.96,8.84,9.39,9.83
22083,7.4,8.5,9.15,10.28,9.64,11.98,14.18
22085,8.3,9.08,9.69,11.18,11.02,10.46,9.81
22087,30.8,33.81,41.35,44.94,56.26,56.42,56.34
22089,16.9,20.67,23.39,21.41,22.34,22.88,23.53
22091,23.1,20.96,26.26,25.72,26.65,25.63,24.39
22093,8.1,9.22,11.23,10.87,11.18,10.82,10.28
22095,16.2,18.01,20.58,24.6,24.53,23.59,22.68
22097,14.4,15.62,15.99,16.97,17.84,19.15,20.27
22099,11.1,10.51,12.36,12.74,12.34,15.07,17.85
22101,14.3,17.73,17.12,21.98,23.57,22.38,21.14
22103,28.2,27.01,27.62,31.34,33.86,36.59,39.1
22105,22.6,22.31,25.6,28.65,31.17,31.87,32.51
22107,7.5,8.39,9.02,10.1,9.81,9.79,9.89
22109,20.3,26.12,23.29,34.21,32.26,32.9,33.54
22111,9.0,8.5,9.64,9.7,9.22,9.79,10.47
22113,10.1,14.39,16.6,15.02,15.76,15.39,15.27
22115,9.8,9.08,11.01,11.9,12.81,12.14,11.4
22117,30.4,35.0,44.98,52.77,58.57,76.19,93.84
22119,13.9,14.03,12.91,15.08,13.51,13.54,13.6
22121,15.4,17.24,17.88,19.29,19.93,19.82,20.04
22123,10.6,11.72,12.09,17.67,14.6,14.69,14.74
22125,12.6,13.21,14.5,16.81,18.46,20.92,23.21
22127,12.9,14.16,15.69,17.57,17.92,18.98,20.02
23001,19.5,21.07,22.65,21.96,24.58,26.81,28.97
23003,10.3,11.06,17.51,14.87,15.12,15.66,16.33
23005,15.8,21.47,21.39,27.7,25.63,27.45,29.39
23007,11.4,12.91,14.25,14.89,15.75,17.33,18.99
23009,16.8,17.5,21.6,19.29,18.1,17.79,17.61
23011,17.6,22.15,24.6,33.97,31.38,31.49,31.71
23013,19.4,19.03,21.17,23.83,21.5,23.23,24.95
23015,14.9,17.26,20.29,21.4,21.41,23.39,25.55
23017,10.9,13.67,16.67,16.95,19.9,18.51,17.02
23019,15.7,17.76,25.44,32.7,31.17,31.31,31.46
23021,17.3,16.92,19.3,21.09,21.27,20.99,20.52
23023,10.7,11.6,13.19,14.81,14.17,15.87,17.48
23025,15.2,17.34,20.51,25.62,22.26,25.55,29.03
23027,16.7,15.39,17.91,19.96,19.78,17.99,16.26
23029,27.1,24.48,40.28,39.93,37.46,34.39,31.34
23031,20.9,20.98,25.37,35.15,31.43,28.71,26.14
24001,20.7,22.71,41.54,45.22,44.02,36.62,29.6
24003,21.6,22.95,31.78,39.29,41.69,42.37,43.11
24005,23.1,27.17,38.36,45.67,49.94,47.1,44.26
24009,21.9,23.32,28.4,32.97,35.26,34.86,34.3
24011,27.4,25.47,31.5,35.45,32.36,37.96,43.5
24013,20.9,23.28,29.74,32.35,38.17,38.54,39.14
24015,35.0,34.67,40.79,56.38,56.59,62.03,67.44
24017,14.7,15.22,22.06,25.07,22.11,23.92,25.62
24019,15.8,16.54,20.2,28.01,26.15,30.87,35.62
24021,17.0,15.88,29.14,30.32,30.48,27.19,23.92
24023,11.9,13.9,14.03,19.7,17.41,19.0,20.65
24025,19.4,21.73,29.37,36.79,38.48,38.66,39.0
24027,7.9,11.34,13.98,16.38,15.3,14.47,13.78
24029,20.3,21.28,26.28,25.18,22.75,26.8,30.93
24031,7.1,8.19,10.26,11.42,10.25,12.1,13.83
24033,7.7,7.89,11.95,14.93,14.9,16.6,18.41
24035,20.6,20.76,24.1,24.82,30.62,30.47,30.34
24037,12.5,17.01,19.08,25.98,24.95,25.35,25.68
24039,19.2,20.71,27.11,26.38,27.17,27.1,27.06
24041,14.8,16.03,20.21,23.11,24.38,23.94,23.34
24043,28.8,33.32,36.98,35.51,45.51,49.31,53.41
24045,16.5,15.34,25.03,27.86,28.91,29.01,29.19
24047,20.6,27.31,32.02,31.91,31.36,29.62,27.88
24510,42.5,48.91,69.35,81.77,98.55,110.13,121.62
25001,24.7,28.54,34.8,34.53,36.19,36.97,37.97
25003,20.9,24.97,26.31,26.47,31.98,35.9,39.74
25005,29.3,29.93,40.02,44.22,42.85,46.62,50.2
25007,17.8,19.41,19.26,19.25,20.82,20.38,19.88
25009,24.3,27.12,33.12,37.85,36.59,36.63,36.99
25011,15.7,21.25,21.2,20.0,24.13,24.62,25.03
25013,14.3,20.76,26.41,26.35,39.36,43.02,46.68
25015,14.8,14.2,18.17,19.83,23.12,25.05,26.89
25017,16.4,19.07,23.66,23.26,22.85,21.7,20.39
25019,12.7,13.36,15.2,17.29,16.48,16.83,17.35
25021,17.6,20.77,27.77,25.2,26.22,22.87,19.53
25023,19.6,27.14,34.07,37.57,34.65,34.37,34.37
25025,17.3,21.81,28.31,31.9,30.0,30.46,30.72
25027,16.8,23.42,26.45,29.81,33.94,34.33,34.66
26001,12.2,12.4,12.99,14.27,13.93,14.56,15.08
26003,10.9,13.79,15.14,15.88,14.63,14.36,14.04
26005,16.8,12.77,13.99,14.1,12.49,13.02,13.64
26007,12.4,13.59,15.42,17.76,16.2,16.29,16.6
26009,13.1,16.09,15.38,16.2,16.14,15.93,15.54
26011,13.0,12.71,14.15,16.49,16.34,16.6,16.75
26013,12.7,12.92,15.79,16.97,17.02,16.16,15.27
26015,10.7,12.29,14.21,14.17,13.57,13.84,14.19
26017,17.3,20.35,24.39,24.5,24.6,25.72,26.88
26019,13.3,14.56,14.0,15.41,17.91,15.67,13.65
26021,19.0,19.38,20.63,18.45,18.05,17.26,16.56
26023,11.9,13.73,14.75,16.56,16.49,16.21,15.83
26025,23.2,29.25,32.16,33.47,35.74,32.01,28.35
26027,13.5,12.79,14.62,14.94,14.67,16.88,19.02
26029,8.6,9.8,10.63,13.09,12.77,13.79,14.82
26031,15.1,15.34,15.96,16.77,17.26,17.73,18.0
26033,14.1,13.44,15.01,15.17,15.38,15.28,15.1
26035,19.5,22.31,26.13,27.62,26.91,28.45,29.79
26037,8.8,10.08,11.32,13.03,12.24,12.65,12.98
26039,18.6,21.09,23.5,28.0,29.08,28.07,26.95
26041,6.1,6.37,7.84,7.91,10.26,9.37,8.39
26043,13.8,16.15,16.9,20.97,24.14,20.52,16.7
26045,12.9,16.27,17.57,17.18,20.06,16.55,12.97
26047,9.3,11.33,11.66,13.91,12.67,13.23,13.73
26049,14.9,15.76,25.44,33.37,44.73,42.87,40.96
26051,20.4,20.08,21.3,23.21,19.74,19.73,19.88
26053,9.4,11.18,12.79,12.53,12.07,12.17,12.12
26055,11.6,13.6,16.94,18.98,14.96,14.69,14.25
26057,6.8,9.02,9.08,10.08,10.94,11.1,11.31
26059,10.3,10.84,16.0,15.65,15.23,15.31,15.4
26061,7.6,6.95,9.01,9.47,9.15,8.52,8.0
26063,11.1,12.54,14.88,18.61,16.48,15.44,14.2
26065,18.6,20.67,23.18,24.57,28.54,29.79,30.96
26067,16.6,13.95,16.63,17.3,15.72,15.95,16.2
26069,16.9,19.63,24.08,22.3,22.44,24.2,26.0
26071,12.4,14.24,18.75,17.81,15.94,16.0,15.75
26073,8.8,12.44,15.04,14.3,14.2,13.64,12.82
26075,8.2,9.51,9.09,9.42,8.87,10.07,11.17
26077,14.3,12.94,18.76,19.7,19.19,18.09,16.99
26079,11.8,12.02,13.45,16.27,15.22,15.58,15.96
26081,9.9,13.73,13.17,16.99,15.23,15.59,15.83
26083,9.7,10.29,11.43,12.95,12.59,12.71,12.88
26085,10.8,11.97,13.23,14.27,14.4,14.65,14.77
26087,12.1,13.17,14.8,19.03,18.97,18.8,18.62
26089,8.3,8.78,9.15,10.14,9.84,9.57,9.42
26091,17.0,20.15,19.04,16.7,20.35,20.86,21.12
26093,22.7,17.51,17.84,20.3,17.79,19.37,21.07
26095,10.5,11.56,13.01,13.49,13.37,14.06,14.71
26097,9.3,10.24,11.94,12.15,12.34,12.25,12.02
26099,29.0,28.93,33.56,40.47,38.99,33.96,29.11
26101,20.2,23.36,25.84,27.78,27.93,26.73,25.76
26103,12.8,16.57,20.04,16.83,16.82,16.26,15.75
26105,12.4,15.04,14.92,18.64,18.48,17.59,16.83
26107,9.2,9.22,10.65,10.87,10.07,9.89,9.71
26109,12.2,12.34,12.86,14.59,13.43,13.72,14.03
26111,10.4,11.42,13.21,13.45,13.54,15.06,16.71
26113,10.7,13.26,14.02,14.97,15.02,14.75,14.34
26115,23.8,27.39,32.09,35.08,32.55,29.3,25.81
26117,12.1,15.85,14.67,17.76,18.72,15.03,11.26
26119,12.2,12.48,14.1,15.34,15.37,15.08,14.84
26121,27.0,24.0,22.53,23.48,26.01,28.01,29.96
26123,12.2,13.16,13.17,16.97,14.64,13.25,11.65
26125,10.3,10.1,10.9,13.18,14.0,13.28,12.6
26127,13.0,14.66,15.74,18.46,16.41,16.85,17.21
26129,26.0,23.96,23.38,26.3,26.77,28.17,29.5
26131,12.7,14.02,15.02,16.86,16.99,18.07,19.09
26133,12.9,13.11,13.61,17.72,15.49,15.4,15.37
26135,17.5,17.78,19.37,24.25,22.77,23.48,24.19
26137,16.5,16.14,20.27,23.96,24.81,19.91,14.99
26139,10.9,11.13,12.6,14.61,12.63,12.73,12.73
26141,14.7,14.89,14.99,16.25,16.29,17.23,18.2
26143,21.3,20.21,24.8,29.14,28.54,27.08,25.67
26145,19.6,18.55,19.65,22.93,21.96,21.16,20.6
26147,26.4,26.5,36.71,39.02,36.25,35.35,34.54
26149,12.2,11.6,13.22,14.17,14.93,13.32,11.68
26151,12.4,12.93,15.77,17.95,16.99,16.3,15.7
26153,12.9,13.67,15.67,16.61,17.68,19.07,20.65
26155,14.1,15.85,16.42,22.88,23.13,21.59,20.1
26157,11.9,12.83,13.14,15.28,15.79,16.26,16.68
26159,16.5,17.46,17.41,24.3,21.74,22.66,23.35
26161,16.8,16.58,17.92,18.81,20.23,18.97,17.55
26163,25.7,30.19,35.03,39.79,42.24,42.6,43.06
26165,18.9,18.57,18.41,21.99,19.94,22.36,24.74
27001,14.7,16.06,17.71,20.53,19.15,18.85,18.62
27003,8.5,9.8,10.51,12.19,13.18,12.74,12.39
27005,6.6,8.06,8.63,8.76,8.35,9.23,10.15
27007,11.2,11.31,12.5,14.12,15.25,17.72,19.96
27009,8.8,10.33,11.97,11.4,10.9,10.94,10.88
27011,5.9,6.57,7.44,7.69,7.63,7.73,7.85
27013,5.1,5.18,6.36,6.17,6.02,7.05,8.12
27015,4.8,4.86,5.47,5.78,5.77,5.87,5.86
27017,14.6,15.28,15.51,15.63,15.71,16.03,16.18
27019,5.2,6.0,6.27,6.17,6.33,7.28,8.18
27021,18.0,19.33,21.07,24.29,24.4,22.13,19.95
27023,5.1,5.14,5.63,6.32,6.43,6.35,6.29
27025,9.5,9.63,9.69,10.92,11.15,9.84,8.61
27027,12.1,14.06,13.63,13.55,11.91,10.79,9.67
27029,10.6,11.22,13.44,14.24,13.74,14.26,14.76
27031,8.8,9.78,10.5,11.68,11.78,11.61,11.34
27033,4.4,4.71,5.17,5.62,5.64,6.39,7.26
27035,10.4,11.13,13.44,12.25,12.24,11.97,11.8
27037,7.4,8.92,9.51,9.58,8.41,9.81,11.43
27039,5.6,6.4,6.99,7.46,8.41,8.83,9.31
27041,5.1,5.16,5.57,6.44,6.23,6.87,7.51
27043,4.4,5.25,5.38,5.61,5.58,5.87,6.12
27045,5.3,5.36,6.28,6.7,7.39,7.38,7.49
27047,5.1,5.55,6.47,7.46,6.86,7.41,7.99
27049,7.2,7.61,8.26,9.49,10.02,11.79,13.48
27051,4.5,5.04,5.41,5.82,5.88,6.2,6.55
27053,11.0,12.13,14.61,16.42,15.03,17.04,19.32
27055,6.7,7.71,8.27,9.96,9.37,9.95,10.49
27057,9.2,9.37,10.53,11.02,11.72,12.13,12.56
27059,8.5,8.93,11.08,10.58,11.14,11.31,11.69
27061,12.4,12.15,12.9,13.18,13.08,16.13,19.41
27063,3.9,4.01,4.88,5.12,4.99,5.09,5.16
27065,8.7,8.86,9.28,10.25,10.59,11.48,12.11
27067,5.2,6.89,6.3,7.67,7.61,6.84,5.86
27069,6.3,6.36,7.24,7.94,7.68,7.77,7.69
27071,8.1,7.86,9.18,9.34,9.56,9.83,10.2
27073,4.6,4.81,5.9,6.07,5.92,6.34,6.61
27075,6.5,6.92,7.66,8.3,9.6,9.31,8.83
27077,9.9,10.06,10.93,12.27,11.95,12.08,12.19
27079,4.8,4.85,5.55,5.5,5.47,5.6,5.78
27081,5.3,5.28,5.77,6.35,6.44,6.46,6.78
27083,4.8,5.52,5.52,5.55,5.49,6.48,7.33
27085,4.6,4.88,5.29,6.41,7.19,6.82,6.55
27087,24.3,21.12,24.43,29.09,28.91,27.3,25.64
27089,5.9,6.84,7.07,7.5,7.43,8.52,9.76
27091,4.1,4.3,4.57,4.82,5.41,5.13,4.99
27093,6.7,6.52,7.56,8.03,8.25,8.76,9.38
27095,15.5,15.7,19.22,23.25,20.42,22.83,25.29
27097,9.1,11.07,12.55,12.66,14.67,14.24,13.82
27099,8.4,10.64,9.94,12.25,11.0,11.7,12.57
27101,5.2,5.46,5.64,6.16,5.97,6.21,6.63
27103,5.2,5.27,5.28,6.22,5.95,5.97,5.85
27105,4.0,4.17,4.96,6.05,5.95,5.87,5.71
27107,6.3,6.62,8.02,8.24,8.07,8.48,8.97
27109,9.3,8.27,9.7,10.06,10.4,10.8,11.22
27111,5.6,6.33,7.03,7.87,8.0,7.76,7.89
27113,10.7,10.49,12.11,13.2,14.85,13.69,12.57
27115,11.0,11.09,11.94,13.68,13.52,12.8,11.97
27117,3.5,3.65,4.1,4.44,4.67,4.64,4.69
27119,11.7,12.28,12.43,12.65,12.37,14.31,15.64
27121,6.3,6.63,7.37,7.95,8.02,8.16,8.03
27123,11.4,13.84,15.53,17.96,15.86,17.35,18.62
27125,7.5,8.0,8.86,9.65,9.6,9.81,10.01
27127,6.0,7.25,8.01,9.4,8.9,8.26,7.61
27129,6.3,7.29,7.32,7.64,7.78,8.05,8.31
27131,7.0,6.49,7.45,8.74,8.36,9.38,9.97
27133,5.3,5.42,6.76,6.71,6.74,6.72,6.6
27135,6.0,6.67,7.17,7.93,7.74,8.37,9.09
27137,15.2,15.31,17.0,17.74,15.8,18.16,20.49
27139,6.2,5.49,7.4,8.48,7.94,8.73,9.66
27141,10.5,9.51,10.75,10.83,10.98,11.39,11.78
27143,5.2,6.31,6.6,7.04,7.0,6.94,6.71
27145,8.3,9.69,10.89,11.32,10.32,10.19,9.86
27147,5.5,5.83,6.41,7.36,7.58,7.26,7.22
27149,4.7,5.01,6.02,6.17,6.06,6.16,6.34
27151,4.7,5.18,5.79,6.1,6.6,6.31,5.84
27153,5.7,6.01,6.41,7.5,6.97,7.73,8.45
27155,6.1,7.17,7.41,7.87,8.2,8.14,8.05
27157,6.9,7.24,8.28,9.0,9.68,10.18,10.8
27159,8.6,8.39,9.76,11.17,10.95,11.08,10.89
27161,5.8,6.41,7.71,8.54,8.35,8.78,9.09
27163,9.0,8.22,9.36,10.31,9.92,12.4,14.81
27165,4.0,4.37,4.72,5.57,5.45,5.5,5.63
27167,5.7,5.87,6.46,6.96,6.93,7.34,7.72
27169,10.5,9.61,9.29,11.25,12.43,12.38,12.26
27171,6.0,5.5,5.98,6.9,7.43,8.1,8.69
27173,5.8,5.95,6.5,6.77,6.97,6.84,6.7
28001,9.5,9.34,10.65,11.97,11.81,11.57,11.36
28003,14.9,14.59,17.41,16.09,16.2,15.51,14.89
28005,9.0,9.57,10.52,10.96,10.79,10.95,11.08
28007,5.8,6.37,7.16,7.47,7.18,7.45,7.67
28009,6.9,7.32,8.11,8.84,9.18,9.12,9.03
28011,5.0,4.92,5.52,5.94,5.95,5.87,5.75
28013,7.9,8.76,9.44,10.49,10.97,10.6,10.16
28015,6.8,6.92,7.57,8.2,8.49,8.72,8.79
28017,7.5,8.28,9.13,9.58,9.14,9.5,9.86
28019,6.9,7.05,8.02,8.7,8.71,8.89,9.1
28021,5.5,6.12,6.59,7.42,7.12,7.25,7.34
28023,11.1,12.77,12.75,12.88,12.12,12.02,11.97
28025,4.5,4.68,5.39,5.99,5.83,5.82,5.53
28027,13.6,13.36,13.74,14.48,14.91,14.45,13.84
28029,7.6,8.0,9.09,8.88,9.2,9.1,9.28
28031,10.8,11.81,14.08,16.17,17.78,18.61,19.57
28033,12.7,15.42,18.1,18.19,17.51,17.39,17.37
28035,9.7,9.85,10.1,11.45,12.71,12.97,13.35
28037,11.5,11.72,13.28,15.15,15.9,15.37,14.81
28039,15.7,19.0,18.22,19.13,19.57,18.79,18.22
28041,7.3,7.42,8.07,8.37,8.29,8.35,8.41
28043,7.9,8.01,8.72,9.29,9.66,10.02,10.36
28045,23.1,25.73,31.73,37.6,33.07,39.9,46.86
28047,23.0,18.4,18.77,22.08,19.16,20.47,21.92
28049,4.9,6.17,7.13,9.82,8.85,9.45,10.25
28051,5.1,5.33,5.66,6.13,6.37,6.83,7.2
28053,4.6,4.86,5.37,6.12,6.12,6.04,6.14
28055,6.3,6.62,7.39,8.04,8.05,8.2,8.28
28057,12.1,13.24,14.57,14.62,14.28,15.0,15.52
28059,22.5,21.39,21.87,20.94,18.69,22.19,25.68
28061,7.6,7.43,7.96,8.22,8.03,8.6,8.87
28063,5.8,6.11,6.75,7.29,7.6,7.89,8.24
28065,8.4,8.86,9.89,10.26,10.46,11.16,11.96
28067,7.2,8.34,9.79,12.76,13.59,11.44,9.36
28069,5.3,5.63,6.02,6.69,6.57,6.56,6.79
28071,6.3,7.15,7.13,7.85,8.51,9.5,10.17
28073,11.9,13.92,13.37,13.02,13.16,13.35,13.79
28075,7.4,8.22,8.27,8.54,9.79,8.76,7.63
28077,11.2,11.89,13.05,14.58,13.38,13.53,13.8
28079,9.7,7.94,8.53,8.76,8.4,8.61,8.88
28081,8.7,9.64,11.97,12.87,11.54,12.55,13.55
28083,5.5,6.79,7.27,7.48,7.15,7.36,7.57
28085,11.0,10.41,10.63,10.73,9.87,11.84,13.71
28087,7.3,8.74,8.89,9.59,10.02,10.27,10.6
28089,9.3,7.48,6.89,6.94,6.9,7.87,9.08
28091,19.3,24.65,24.91,26.64,27.63,27.61,27.62
28093,7.1,8.47,8.31,9.18,8.42,10.5,12.52
28095,7.1,8.1,8.75,8.65,8.69,9.53,10.4
28097,10.6,10.34,11.48,12.15,11.96,12.57,13.25
28099,11.2,12.26,11.41,13.16,11.85,11.61,11.17
28101,9.2,9.34,9.76,9.67,10.03,9.57,9.18
28103,4.5,4.65,5.17,5.46,5.4,5.77,6.19
28105,2.9,3.39,3.69,3.97,3.81,3.92,4.08
28107,11.5,11.64,12.57,15.18,13.68,13.66,13.64
28109,21.8,30.56,29.13,34.66,30.89,31.98,33.07
28111,13.5,13.18,14.12,14.56,14.31,15.66,16.74
28113,9.5,10.01,10.16,10.94,11.32,12.46,13.38
28115,13.9,14.59,15.78,17.74,16.65,16.39,16.0
28117,10.7,11.3,12.41,14.75,13.44,16.05,18.72
28119,11.3,12.46,12.82,14.18,13.76,14.34,15.06
28121,10.7,11.23,16.26,13.96,14.25,14.63,14.82
28123,7.0,7.9,7.95,8.65,8.99,8.9,9.02
28125,5.4,5.98,6.45,6.91,6.93,7.08,7.08
28127,11.4,11.62,13.45,14.67,14.3,15.34,16.22
28129,12.3,12.09,12.88,13.79,14.8,17.86,20.81
28131,17.0,16.61,19.67,18.86,19.38,21.27,23.15
28133,5.1,5.13,6.53,6.64,6.28,7.0,7.85
28135,7.0,8.08,8.83,9.13,8.96,10.2,11.68
28137,14.4,17.97,19.1,17.89,21.16,21.54,21.71
28139,6.5,8.08,8.66,8.4,7.93,8.19,8.53
28141,26.6,24.4,23.76,24.35,24.05,27.55,30.96
28143,7.9,8.77,9.46,10.49,10.99,11.4,11.73
28145,7.1,6.61,7.18,7.55,8.34,8.43,8.63
28147,12.7,15.72,15.02,15.96,15.86,17.92,20.04
28149,7.3,7.96,9.04,9.47,9.42,9.56,9.81
28151,4.7,5.18,6.86,6.66,6.41,6.37,6.46
28153,14.5,14.14,14.62,14.41,13.92,14.97,15.92
28155,9.3,9.49,10.71,10.89,10.63,11.57,12.49
28157,9.0,10.02,10.35,12.4,12.25,11.51,10.85
28159,9.8,9.19,10.46,10.98,10.56,10.55,10.75
28161,9.6,9.79,10.28,11.31,11.81,11.74,11.84
28163,8.9,8.35,9.48,10.34,9.64,9.59,9.52
29001,12.2,12.81,13.96,14.02,12.48,12.49,12.35
29003,6.2,6.83,8.6,8.96,8.21,8.67,9.23
29005,5.5,6.05,6.85,7.49,7.19,7.34,7.28
29007,9.5,9.91,11.22,11.47,12.04,12.04,12.03
29009,10.9,12.65,13.22,13.98,13.05,13.37,13.58
29011,12.1,12.34,13.96,15.8,14.4,14.62,14.78
29013,22.1,19.55,23.92,24.88,27.11,26.64,26.24
29015,15.3,17.45,18.02,19.52,22.47,20.42,18.61
29017,11.0,11.11,11.56,13.87,12.85,13.19,13.61
29019,10.8,12.14,12.57,13.05,16.73,16.55,16.22
29021,12.9,11.62,12.56,13.31,15.03,16.21,17.32
29023,26.8,22.8,23.1,25.86,31.02,27.39,23.77
29025,11.6,12.34,14.52,16.18,15.72,15.79,15.96
29027,14.1,15.67,17.1,17.75,18.99,18.22,17.64
29029,15.1,17.73,20.09,19.98,20.53,20.45,20.44
29031,12.3,12.72,16.39,14.6,19.2,19.93,20.94
29033,11.1,11.26,12.77,13.41,14.32,14.33,14.56
29035,14.8,16.31,18.27,19.81,19.17,20.81,22.43
29037,13.2,12.97,13.49,14.55,15.95,15.39,14.67
29039,13.7,13.9,16.79,16.84,16.34,18.27,20.24
29041,8.6,8.73,9.58,10.34,10.32,10.48,10.56
29043,13.3,13.35,14.26,17.04,17.4,15.63,13.93
29045,8.0,9.22,10.01,10.34,10.15,10.28,10.57
29047,10.3,13.93,16.47,14.06,13.99,15.19,16.31
29049,12.8,16.27,16.87,16.58,15.09,14.7,14.4
29051,10.2,11.92,14.1,13.34,13.65,14.06,14.41
29053,7.0,7.1,7.75,8.29,8.69,8.96,9.27
29055,21.7,27.63,27.95,28.22,26.99,31.92,36.76
29057,13.6,13.78,15.75,17.15,17.14,18.14,19.23
29059,14.3,13.97,15.48,17.84,18.4,18.81,19.26
29061,7.6,8.06,9.3,10.63,10.04,10.07,10.07
29063,7.7,7.83,8.88,9.3,9.95,9.62,9.53
29065,30.8,27.38,28.99,33.73,31.84,36.74,41.83
29067,8.1,8.25,9.03,10.07,10.13,10.34,10.49
29069,24.4,21.97,19.6,23.12,22.83,21.2,19.5
29071,24.6,24.4,32.81,30.49,35.04,38.71,42.52
29073,18.4,21.71,22.75,24.1,24.86,26.25,27.73
29075,8.7,8.85,10.53,12.19,11.06,11.25,11.34
29077,22.9,28.09,28.22,27.77,26.84,27.49,28.21
29079,10.9,11.47,13.15,12.37,12.79,12.15,11.53
29081,10.9,10.22,11.77,11.93,11.68,12.27,12.98
29083,10.3,11.34,12.47,12.98,13.27,13.2,13.07
29085,16.4,18.13,20.86,22.01,21.13,21.85,22.59
29087,6.1,6.55,7.23,7.82,7.79,7.99,8.13
29089,6.1,6.42,7.35,7.82,8.06,8.25,8.81
29091,15.6,14.36,15.84,17.43,17.18,17.3,17.5
29093,24.0,24.34,27.27,31.66,29.47,30.14,30.68
29095,16.1,17.71,17.36,17.72,19.08,19.69,20.27
29097,15.1,11.38,12.86,13.98,13.64,13.65,13.73
29099,30.8,29.6,37.69,38.51,45.21,44.3,43.07
29101,5.7,6.02,7.3,7.32,7.63,7.93,8.15
29103,8.5,8.98,10.46,11.08,10.98,11.57,11.93
29105,9.6,11.28,12.18,11.8,15.75,16.5,17.13
29107,9.6,10.45,11.1,12.16,12.7,12.62,12.81
29109,14.2,16.83,17.16,18.4,16.51,16.97,17.54
29111,9.1,9.94,12.22,12.19,13.21,12.38,11.53
29113,19.5,21.77,25.07,24.72,28.93,31.06,33.29
29115,8.2,8.06,8.92,9.7,10.15,9.73,9.27
29117,14.5,17.22,17.48,16.51,16.81,18.37,20.19
29119,11.6,12.18,12.79,14.49,13.51,15.19,16.89
29121,7.1,7.81,8.64,9.41,9.12,9.19,9.25
29123,20.1,22.85,23.7,26.89,26.43,25.91,25.18
29125,18.5,18.73,21.13,23.92,26.14,23.06,20.17
29127,14.4,16.74,19.84,19.87,19.48,22.06,24.72
29129,7.3,7.79,8.62,9.36,9.3,9.38,9.81
29131,11.9,11.27,11.51,13.76,14.32,15.16,16.19
29133,9.2,11.06,13.17,14.02,14.52,13.43,12.36
29135,5.5,5.83,6.37,6.88,7.36,7.18,7.17
29137,9.8,10.37,11.01,11.73,11.72,12.97,14.01
29139,19.1,20.14,22.13,20.74,20.39,22.86,25.43
29141,11.8,9.99,11.36,11.88,12.22,11.29,10.36
29143,12.8,14.61,17.55,18.74,21.53,17.75,13.99
29145,10.3,12.26,12.46,14.49,16.61,14.82,13.04
29147,4.5,4.54,4.92,5.76,5.79,5.53,5.5
29149,10.8,11.45,12.99,12.81,12.8,12.58,12.35
29151,10.7,10.42,11.18,12.49,14.06,12.94,11.73
29153,13.2,15.13,15.82,17.38,18.23,17.58,16.73
29155,17.9,18.88,19.91,21.15,20.5,22.75,25.16
29157,13.4,12.52,16.5,17.47,16.9,18.08,19.11
29159,9.1,9.93,12.84,12.0,13.27,12.82,12.45
29161,17.6,17.82,21.54,27.41,25.41,33.52,41.56
29163,11.6,12.72,13.12,14.27,15.35,18.56,21.88
29165,10.2,11.14,11.61,12.61,12.43,12.63,13.12
29167,15.0,16.82,21.53,23.33,21.65,22.5,23.37
29169,19.3,22.18,26.03,24.8,25.65,32.78,39.79
29171,7.8,8.25,9.17,9.96,10.02,10.6,11.33
29173,8.8,9.76,10.92,12.29,12.04,12.66,13.24
29175,10.6,10.29,10.24,10.61,10.87,12.86,14.8
29177,12.0,10.88,14.64,14.94,14.38,14.28,14.24
29179,17.4,19.95,20.95,23.97,23.6,23.71,23.98
29181,14.5,15.32,18.16,18.7,18.42,17.31,16.19
29183,17.3,17.1,19.56,21.82,25.62,25.2,24.72
29185,7.5,7.91,8.78,9.85,9.69,9.79,9.96
29186,18.8,19.77,20.83,24.25,25.81,26.8,27.82
29187,40.1,34.08,35.05,33.21,34.29,37.19,40.09
29189,18.8,17.44,23.04,26.51,32.06,32.57,33.08
29195,12.6,11.07,12.7,14.41,13.29,13.52,13.72
29197,6.9,7.67,8.62,9.01,9.26,9.14,9.25
29199,7.3,7.73,8.47,9.25,9.28,9.87,10.35
29201,14.4,17.6,19.23,19.43,17.61,19.14,20.58
29203,11.7,12.91,13.32,14.17,13.97,14.81,15.6
29205,11.6,11.29,11.73,12.96,13.52,12.98,12.19
29207,11.7,13.71,13.95,15.14,17.78,15.98,13.97
29209,16.2,15.92,20.24,19.0,20.42,20.01,19.64
29211,9.4,9.51,10.38,11.8,12.33,12.35,12.11
29213,13.6,12.6,15.81,21.92,19.38,18.64,18.04
29215,11.7,13.2,15.72,16.18,16.12,17.35,18.65
29217,12.9,12.47,13.37,16.5,16.71,18.25,19.57
29219,22.1,25.05,23.43,26.67,32.5,29.0,25.73
29221,28.6,29.9,27.87,31.31,31.21,31.58,32.08
29223,27.6,23.45,23.86,24.08,24.5,23.47,22.38
29225,17.1,21.27,18.67,21.59,22.22,24.45,26.59
29227,7.2,7.69,8.53,9.74,9.53,9.56,9.85
29229,8.4,9.34,10.77,12.21,11.96,13.06,14.01
29510,37.3,35.03,52.09,61.39,67.21,74.33,81.59
30001,10.0,11.04,11.39,12.03,12.4,12.33,12.26
30003,10.8,10.59,12.3,12.1,12.11,13.82,15.44
30005,9.2,9.38,11.14,11.3,11.52,12.39,13.01
30007,8.7,8.81,9.61,10.37,10.35,10.88,11.57
30009,11.9,14.27,14.48,15.16,15.56,14.87,14.38
30011,7.2,7.58,8.43,9.16,9.22,9.45,9.33
30013,9.7,12.33,12.22,14.23,13.37,16.22,19.23
30015,9.5,10.1,10.73,11.41,11.8,11.68,11.85
30017,11.9,11.69,12.55,13.35,12.88,12.94,12.99
30019,12.5,12.71,14.51,15.17,15.08,15.35,15.75
30021,8.4,7.86,8.31,9.21,9.03,9.13,9.22
30023,21.9,23.09,26.27,27.64,25.55,26.99,28.45
30025,6.4,6.75,7.45,8.09,8.14,8.28,8.42
30027,9.7,10.73,12.41,13.53,13.16,13.26,13.3
30029,13.1,13.16,15.57,16.06,14.16,14.39,14.84
30031,6.6,6.99,6.73,8.14,8.59,9.42,10.39
30033,6.7,7.27,7.95,8.62,8.61,8.78,8.99
30035,15.9,16.18,16.28,17.61,18.93,19.64,20.48
30037,8.8,9.31,10.26,11.17,11.24,11.43,11.72
30039,10.7,11.35,13.16,13.91,13.76,14.02,14.17
30041,13.4,14.7,15.1,15.35,16.11,16.11,15.97
30043,11.9,12.57,13.29,15.22,16.16,16.11,16.1
30045,8.1,8.59,9.49,10.35,10.44,10.64,10.87
30047,19.5,21.0,20.26,21.86,19.6,21.29,22.91
30049,10.8,13.38,13.78,14.38,13.29,13.66,14.13
30051,8.5,9.1,10.03,10.89,10.9,11.09,11.41
30053,10.9,12.54,13.99,15.07,14.13,16.01,17.88
30055,7.7,8.15,9.09,9.83,9.78,9.98,10.34
30057,10.7,10.94,12.92,13.17,13.9,13.89,13.84
30059,9.2,9.34,10.15,11.04,10.99,11.19,11.57
30061,20.2,20.5,22.33,24.05,23.13,23.18,23.18
30063,13.2,14.48,14.18,13.5,15.57,14.92,14.37
30065,8.5,9.41,10.44,11.02,11.27,11.23,11.12
30067,16.9,17.08,17.81,18.77,19.94,18.79,17.58
30069,7.5,8.0,8.87,9.71,9.64,9.85,10.18
30071,6.2,6.52,7.3,7.97,7.97,8.0,8.15
30073,9.6,10.19,10.78,11.58,12.01,11.88,11.62
30075,8.8,8.9,9.66,10.5,10.49,10.71,11.06
30077,20.7,19.45,20.62,24.74,23.72,24.66,25.58
30079,7.8,8.4,9.29,10.03,10.09,10.28,10.46
30081,10.5,11.33,12.69,14.14,13.99,13.32,12.67
30083,10.7,12.3,13.33,14.88,15.16,15.54,15.64
30085,15.9,15.55,16.12,17.54,18.23,18.21,17.97
30087,7.1,7.5,8.24,8.97,8.93,9.12,9.17
30089,10.8,11.95,12.82,14.11,13.75,14.32,15.0
30091,11.0,11.63,13.46,14.31,14.74,14.59,14.34
30093,20.4,20.61,22.4,20.41,20.87,21.86,22.79
30095,8.4,8.93,9.47,10.47,10.62,10.45,10.3
30097,9.1,10.13,11.79,12.1,12.26,12.16,11.95
30099,11.6,11.31,13.72,14.14,13.39,13.37,13.3
30101,9.5,10.19,12.19,12.54,12.22,12.92,13.61
30103,8.7,9.25,10.29,11.08,11.21,11.43,11.5
30105,7.1,7.24,7.9,8.61,8.95,9.19,9.33
30107,9.4,9.94,10.99,12.04,12.58,12.92,13.45
30109,7.7,8.15,9.51,10.05,9.98,10.18,10.08
30111,13.9,16.04,15.13,16.21,17.24,19.08,20.52
31001,3.9,4.89,4.76,5.41,5.33,5.37,5.38
31003,3.3,3.51,3.9,4.16,4.18,4.3,4.55
31005,5.8,6.18,6.84,7.45,7.43,7.56,7.65
31007,8.2,8.7,9.7,10.58,10.59,10.8,11.05
31009,4.6,4.9,5.35,5.78,5.68,5.87,5.88
31011,3.9,4.41,4.69,5.11,5.1,5.12,5.28
31013,8.9,8.7,9.69,10.59,10.25,10.29,10.37
31015,4.3,4.5,4.94,5.45,5.49,5.58,5.48
31017,4.7,4.95,5.51,6.0,6.0,6.15,6.32
31019,5.7,5.81,6.02,7.5,6.76,7.48,8.15
31021,6.0,6.6,7.15,7.71,7.31,7.36,7.73
31023,3.7,4.07,4.38,4.88,4.98,4.91,4.52
31025,6.3,7.82,7.52,7.89,8.09,9.03,10.09
31027,3.9,4.33,4.74,5.26,5.05,5.25,5.46
31029,4.9,5.18,5.78,6.37,6.35,6.43,6.38
31031,5.1,5.23,5.68,6.19,6.43,6.28,6.26
31033,7.7,9.22,9.78,10.93,10.24,10.15,10.1
31035,3.6,3.79,4.22,4.58,4.74,4.74,4.78
31037,3.6,3.77,4.65,4.73,4.61,4.93,5.38
31039,4.4,4.92,5.19,5.54,5.59,5.96,6.33
31041,4.6,4.86,5.59,5.97,6.39,6.38,6.31
31043,4.5,4.47,4.98,5.15,5.05,5.41,5.83
31045,8.1,8.95,10.41,10.62,10.44,10.94,11.4
31047,4.1,4.2,4.38,4.87,4.68,5.21,5.45
31049,7.0,7.45,8.26,8.95,8.97,9.18,9.35
31051,3.6,3.88,4.27,4.7,4.59,4.68,4.8
31053,5.2,5.07,6.58,6.89,6.37,7.04,7.63
31055,8.9,8.74,8.54,10.29,9.28,10.11,10.67
31057,6.0,6.41,7.09,7.76,7.72,8.19,8.59
31059,4.2,4.56,4.99,5.43,5.33,5.47,5.57
31061,5.7,6.07,7.0,7.4,7.58,7.58,7.52
31063,4.5,4.75,5.24,5.69,5.71,5.87,5.9
31065,5.8,6.14,6.84,8.4,7.8,7.68,7.69
31067,6.1,6.44,6.75,6.97,7.11,7.57,8.08
31069,6.6,7.32,7.89,8.53,8.55,8.64,8.71
31071,5.9,6.32,7.02,8.21,8.18,7.96,7.77
31073,4.2,4.45,4.91,5.43,5.43,5.57,5.61
31075,5.3,5.66,6.25,6.84,6.82,6.94,7.04
31077,4.9,5.19,5.74,6.21,6.29,6.41,6.31
31079,4.3,4.24,5.19,5.34,5.14,5.76,6.31
31081,3.8,3.93,4.27,4.77,4.64,4.71,4.51
31083,5.1,5.67,6.1,6.59,6.63,6.69,6.59
31085,6.0,6.31,7.02,7.76,7.68,7.79,7.84
31087,7.0,7.48,8.31,9.06,8.98,9.17,9.28
31089,3.5,4.24,4.3,4.45,4.39,4.56,4.57
31091,4.9,5.25,5.77,6.29,6.33,6.38,6.52
31093,5.0,5.28,5.9,6.38,6.33,6.42,6.78
31095,5.4,5.29,5.69,6.33,6.14,6.23,6.2
31097,6.8,6.97,7.53,8.22,8.22,8.72,8.98
31099,5.5,5.65,6.16,6.97,7.1,6.94,6.72
31101,6.9,7.29,8.4,8.89,9.21,9.47,9.87
31103,5.2,5.56,6.16,6.74,6.67,6.84,6.91
31105,9.6,10.66,11.34,12.83,12.47,12.56,12.62
31107,3.7,3.9,4.43,4.76,4.68,4.75,5.01
31109,7.7,7.53,7.66,7.83,8.72,9.26,9.73
31111,7.5,6.87,6.64,7.37,8.0,7.82,7.47
31113,4.7,4.96,5.59,6.0,5.96,6.09,6.24
31115,4.7,4.89,5.55,6.08,6.09,6.14,6.39
31117,5.2,5.56,6.18,6.83,6.7,6.75,7.14
31119,4.1,4.08,5.25,5.47,5.11,5.8,6.53
31121,7.3,7.76,8.23,8.75,9.51,9.2,8.93
31123,7.2,7.68,8.5,9.24,9.31,9.85,10.58
31125,5.0,5.14,5.6,6.12,6.08,6.2,6.39
31127,8.2,9.09,9.32,10.35,10.02,10.39,10.88
31129,4.4,4.65,5.16,5.7,5.65,5.78,5.88
31131,5.3,6.12,6.31,6.74,7.0,7.15,7.36
31133,6.3,6.69,7.44,8.15,8.12,8.28,8.78
31135,6.6,7.02,7.7,8.37,8.37,8.58,8.62
31137,5.0,5.29,6.11,7.32,6.7,6.66,6.52
31139,3.7,3.74,4.15,4.48,4.58,4.58,4.47
31141,4.2,4.17,4.63,5.43,5.93,5.38,4.94
31143,4.4,4.65,5.1,5.53,5.62,5.73,5.56
31145,7.3,7.46,8.54,9.63,9.72,9.37,8.76
31147,7.9,8.71,9.38,10.06,10.39,10.34,10.08
31149,4.6,4.93,5.43,5.96,5.95,6.01,6.22
31151,3.9,4.16,4.82,5.03,5.08,5.4,5.69
31153,5.8,5.66,6.97,6.96,8.02,8.7,9.47
31155,4.3,4.57,4.99,5.51,5.4,5.27,5.15
31157,6.5,7.69,8.02,8.6,10.81,9.54,8.32
31159,4.5,5.19,5.46,5.89,6.3,6.19,6.22
31161,5.8,6.15,6.84,7.72,7.67,7.68,7.71
31163,4.3,4.53,5.05,5.38,5.46,5.51,5.73
31165,7.8,8.23,9.19,9.9,9.91,10.15,10.51
31167,4.1,4.4,4.89,5.4,5.37,5.39,5.32
31169,4.2,4.72,4.99,5.61,5.48,5.47,5.49
31171,4.7,4.96,5.5,5.95,5.98,6.1,6.35
31173,5.9,6.03,6.91,7.52,7.3,7.6,7.78
31175,4.9,5.17,5.73,6.15,6.19,6.66,6.85
31177,3.7,3.94,4.26,4.66,4.82,4.99,5.19
31179,3.3,3.47,4.05,4.25,4.21,4.3,4.35
31181,5.1,5.44,6.61,6.85,6.72,7.35,7.85
31183,4.8,4.9,5.36,5.87,5.85,5.96,5.96
31185,5.5,6.12,7.08,8.48,7.58,7.64,7.5
32001,24.9,26.84,26.64,28.28,30.68,29.35,28.05
32003,19.7,20.6,21.77,21.68,21.99,20.62,19.36
32005,20.4,19.91,22.52,21.89,20.79,21.11,21.14
32007,11.5,12.79,12.82,13.99,14.42,13.04,11.65
32009,14.3,15.21,16.89,18.38,18.37,18.59,19.0
32011,13.9,14.71,16.26,17.8,17.83,18.11,18.27
32013,13.3,14.05,15.91,17.32,18.65,20.11,21.64
32015,19.7,20.88,23.92,25.2,25.99,24.72,23.66
32017,15.7,16.63,21.7,21.09,21.06,20.76,20.36
32019,18.2,18.9,20.95,26.03,26.17,28.39,30.52
32021,21.6,24.99,28.14,29.52,30.33,30.02,29.59
32023,27.1,32.41,35.37,37.21,39.96,34.6,29.34
32027,16.7,18.49,19.79,22.0,22.18,21.03,20.27
32029,19.0,22.89,23.23,24.36,25.06,25.72,26.3
32031,19.1,20.64,23.27,26.15,24.56,26.71,28.94
32033,25.6,25.01,27.74,31.12,28.62,30.13,31.58
32510,22.7,32.96,29.38,32.82,31.79,28.7,25.56
33001,20.6,26.77,28.74,34.12,38.11,34.5,31.03
33003,19.0,23.87,26.55,28.11,25.91,25.87,25.83
33005,18.9,16.63,21.65,24.94,30.72,26.55,22.28
33007,25.2,27.07,26.39,28.42,26.0,24.08,21.96
33009,13.9,15.12,15.51,18.49,16.6,18.07,19.54
33011,26.2,34.47,41.81,42.11,39.14,35.98,32.71
33013,24.3,22.89,23.79,24.71,28.76,26.76,24.69
33015,22.2,27.11,29.99,29.94,28.31,27.02,25.95
33017,31.0,30.34,34.35,35.95,35.22,37.17,39.05
33019,14.6,16.24,19.26,17.12,18.77,18.58,18.46
34001,23.2,23.76,31.65,42.09,49.44,53.12,56.79
34003,9.5,9.81,11.42,13.76,15.39,15.68,15.76
34005,16.4,19.0,22.44,31.18,36.22,36.37,36.62
34007,25.8,28.99,34.19,47.1,53.2,55.47,57.52
34009,20.4,23.84,29.28,41.37,44.74,47.35,49.81
34011,19.1,18.92,27.84,39.87,52.62,50.9,49.17
34013,12.3,13.9,21.23,29.23,32.09,36.45,40.68
34015,23.0,25.08,30.89,41.17,47.99,52.17,56.51
34017,8.3,11.19,13.24,17.1,19.97,21.42,22.7
34019,10.4,11.27,13.42,15.67,14.1,13.61,13.15
34021,12.0,14.48,15.32,21.52,28.14,26.71,25.36
34023,13.8,12.59,17.72,22.39,22.62,24.19,25.86
34025,17.0,17.84,21.98,27.04,31.51,29.0,26.73
34027,10.6,10.14,13.35,17.51,17.62,18.86,20.15
34029,22.1,23.74,33.15,34.49,37.18,34.79,32.33
34031,10.5,12.17,15.79,19.45,24.29,24.2,24.33
34033,20.5,25.97,28.35,30.47,47.82,51.52,55.4
34035,9.9,10.23,12.98,16.47,15.06,15.72,16.46
34037,12.0,16.82,22.25,23.2,25.48,28.75,31.93
34039,8.9,10.91,12.95,17.66,21.76,22.32,23.05
34041,15.7,17.54,22.11,27.72,28.79,22.79,16.87
35001,29.4,29.92,28.92,27.22,28.21,33.95,39.72
35003,24.5,24.87,26.04,27.72,28.74,28.36,28.21
35005,17.2,19.17,22.12,28.49,25.59,26.06,26.66
35006,17.7,16.3,21.87,19.11,20.52,20.72,20.91
35007,24.5,24.96,32.02,32.61,33.22,30.0,26.59
35009,15.3,15.03,17.76,17.4,17.91,17.92,17.73
35011,18.0,18.24,20.01,22.56,21.94,22.19,22.44
35013,17.1,17.98,16.03,17.29,16.99,18.2,19.4
35015,26.0,27.74,24.1,26.54,31.02,31.11,31.27
35017,28.4,30.41,31.2,36.12,33.94,32.82,31.51
35019,27.9,30.84,35.71,37.74,34.94,37.15,39.41
35021,15.5,16.45,18.24,19.81,19.81,20.27,20.56
35023,22.8,20.48,23.29,24.47,25.17,24.94,24.88
35025,16.3,16.8,19.08,19.75,20.41,22.93,25.27
35027,31.8,26.85,37.79,34.75,32.81,35.4,37.97
35028,15.4,16.87,18.53,22.02,20.64,21.07,21.44
35029,14.6,14.85,17.02,19.19,21.59,20.85,20.06
35031,13.0,13.16,13.87,13.58,16.49,17.8,19.13
35033,24.2,24.59,26.82,28.76,29.97,29.77,29.69
35035,22.2,21.9,21.77,22.2,22.06,23.86,25.76
35037,21.6,25.66,25.2,26.11,25.79,26.11,26.5
35039,87.9,76.21,77.94,78.71,79.52,74.11,68.72
35041,13.2,14.46,15.38,16.4,15.41,18.08,20.97
35043,22.8,19.37,18.26,20.25,21.87,18.97,15.84
35045,16.8,15.73,16.53,18.99,18.61,21.49,24.42
35047,36.1,33.84,41.54,41.79,40.36,37.49,34.68
35049,29.9,31.29,31.73,28.22,28.39,32.86,37.39
35051,30.4,33.11,34.01,34.58,42.84,40.01,37.29
35053,25.6,25.14,25.91,26.24,29.39,30.13,30.69
35055,26.7,30.11,28.97,29.35,31.28,29.34,27.59
35057,32.6,30.9,32.52,37.45,38.62,36.27,33.83
35059,12.7,12.95,14.16,15.19,15.09,15.48,16.01
35061,27.2,23.53,27.01,34.4,34.71,34.95,35.19
36001,11.7,11.57,11.24,13.75,15.06,16.46,17.83
36003,7.2,7.29,8.03,9.27,10.49,10.22,9.75
36005,10.3,13.91,19.35,22.74,25.6,27.36,29.05
36007,17.3,17.93,27.42,29.32,23.85,22.86,21.97
36009,9.2,13.21,16.38,15.77,14.3,16.0,17.82
36011,12.4,15.85,17.76,21.48,19.28,16.52,13.63
36013,13.3,16.11,20.43,24.02,21.18,21.45,21.86
36015,13.3,15.13,19.53,23.92,22.48,28.21,33.92
36017,10.7,10.5,11.14,11.8,11.19,10.81,10.26
36019,10.8,10.93,11.95,14.63,12.85,10.67,8.62
36021,12.8,12.93,16.17,20.25,17.54,17.06,16.53
36023,10.6,13.06,13.89,17.4,14.97,17.18,19.54
36025,11.3,12.97,16.76,16.38,18.87,16.27,13.77
36027,16.1,19.35,20.82,25.69,28.09,26.1,24.16
36029,15.6,24.47,28.79,29.18,24.65,21.5,18.48
36031,9.3,11.31,12.37,11.7,11.91,11.04,10.21
36033,8.6,10.37,9.96,10.56,11.17,11.97,12.83
36035,8.9,9.94,11.32,11.81,12.82,12.72,12.72
36037,10.0,13.37,17.44,18.72,22.3,20.4,18.63
36039,18.3,18.6,20.75,22.64,24.1,20.77,17.66
36041,7.9,7.98,9.11,9.6,9.49,9.59,9.73
36043,8.0,8.98,10.83,11.52,11.9,11.89,11.95
36045,12.4,12.33,16.16,16.76,14.33,14.61,15.06
36047,8.6,9.23,11.46,13.28,12.29,12.9,13.5
36049,10.5,10.26,12.19,17.72,15.66,15.64,15.28
36051,8.0,9.3,11.73,12.86,17.01,15.2,13.26
36053,12.6,11.71,14.17,12.74,13.93,12.89,12.14
36055,14.5,13.95,15.89,22.4,26.33,27.89,29.47
36057,9.1,10.89,12.57,12.88,14.29,12.11,9.81
36059,12.5,13.91,14.7,15.98,14.46,14.98,15.55
36061,10.4,10.48,14.17,15.18,16.34,18.45,20.73
36063,15.9,19.9,21.39,21.6,22.05,21.89,21.51
36065,15.4,15.56,19.86,21.74,19.27,20.66,21.97
36067,16.0,18.49,25.7,22.24,21.57,24.5,27.44
36069,11.0,10.54,13.43,15.43,16.01,16.7,17.08
36071,17.5,18.01,19.71,22.51,27.27,24.08,20.86
36073,7.9,7.64,9.09,8.77,10.26,11.8,13.56
36075,14.5,16.87,18.57,19.25,17.75,22.28,26.88
36077,11.6,12.17,15.0,14.82,14.16,13.71,13.38
36079,14.4,15.5,18.34,23.55,21.83,18.71,15.48
36081,6.7,7.02,9.76,11.32,11.48,11.64,11.7
36083,7.7,10.2,9.63,11.47,12.22,13.61,15.09
36085,17.9,18.03,23.33,23.95,24.86,24.93,24.8
36087,7.3,9.49,11.35,12.08,11.72,14.1,16.55
36089,9.2,9.83,11.48,12.21,10.57,8.57,6.69
36091,9.2,9.11,7.93,8.46,10.2,8.96,7.83
36093,8.0,9.98,15.12,18.98,17.29,17.26,17.43
36095,6.6,7.51,9.08,9.74,10.0,10.01,9.99
36097,7.5,8.96,9.11,9.91,10.33,11.09,11.78
36099,9.9,11.11,11.2,11.26,13.4,12.78,12.2
36101,10.9,9.67,12.87,13.99,12.93,12.98,12.79
36103,17.2,18.03,22.45,28.24,27.0,23.72,20.29
36105,25.5,25.82,26.46,33.2,36.9,38.54,40.03
36107,15.6,13.63,14.25,15.37,14.67,14.23,13.8
36109,12.1,12.15,15.2,16.74,15.2,15.98,16.86
36111,13.1,16.03,24.06,26.04,29.55,24.35,19.17
36113,8.2,8.61,9.65,10.04,9.95,10.7,11.35
36115,6.7,6.54,7.2,9.07,8.99,9.14,9.22
36117,8.1,8.71,10.16,10.53,14.44,13.46,12.43
36119,9.6,10.78,13.15,14.03,15.51,13.11,10.82
36121,7.2,8.4,10.49,12.95,11.99,13.37,14.45
36123,8.0,8.75,9.74,12.19,11.11,11.3,11.45
37001,13.8,12.87,13.66,21.05,21.53,20.64,19.77
37003,19.7,25.15,24.4,23.5,22.17,19.78,17.24
37005,16.9,18.56,19.92,21.94,20.0,20.21,20.36
37007,11.6,12.73,14.0,14.99,16.79,16.74,16.54
37009,17.4,17.59,19.53,20.27,20.06,20.21,20.25
37011,16.6,19.52,22.71,21.78,23.12,21.68,20.34
37013,16.0,17.65,19.7,26.95,26.18,24.46,22.82
37015,9.1,10.39,13.02,14.12,13.33,13.72,14.21
37017,21.9,19.69,19.13,21.23,23.53,22.88,22.27
37019,20.5,24.26,28.5,33.91,27.7,26.22,24.81
37021,16.5,16.69,21.41,33.19,35.06,36.07,37.11
37023,29.9,34.54,32.74,32.93,28.78,32.1,35.59
37025,14.8,16.08,18.89,26.3,25.58,21.65,17.74
37027,21.5,28.3,29.92,27.02,26.06,24.94,24.02
37029,13.5,16.85,17.3,19.57,18.48,19.07,19.69
37031,25.8,27.48,28.61,29.59,31.54,30.44,29.43
37033,12.6,13.7,15.73,19.55,19.28,18.33,17.46
37035,19.6,18.76,23.24,25.38,22.09,21.45,21.04
37037,10.5,9.1,9.18,11.89,13.69,13.66,13.53
37039,25.5,25.82,29.61,32.85,32.53,36.05,39.69
37041,10.9,13.04,14.16,17.17,15.52,17.44,19.47
37043,24.1,22.72,27.6,29.67,28.62,30.6,32.83
37045,17.0,22.62,21.01,18.72,17.88,19.04,20.34
37047,19.5,18.64,24.05,24.43,22.87,21.03,19.16
37049,19.1,23.95,28.73,32.72,31.41,35.05,38.43
37051,13.6,15.37,17.37,25.36,24.99,25.76,26.85
37053,15.0,16.85,19.18,22.69,22.07,20.72,19.63
37055,24.9,23.09,23.14,30.78,33.81,35.18,36.42
37057,20.2,18.92,22.96,28.66,27.81,27.99,28.15
37059,16.8,16.4,24.72,23.06,21.98,20.73,19.58
37061,9.4,9.89,9.74,10.27,11.17,12.08,12.98
37063,9.3,9.33,10.43,13.77,15.05,14.0,12.78
37065,14.6,15.27,18.23,19.46,20.16,23.75,27.49
37067,15.9,17.7,19.82,21.44,24.56,24.87,25.08
37069,12.4,13.57,16.28,17.62,22.15,22.52,22.76
37071,21.8,21.65,27.63,26.71,23.55,20.63,17.63
37073,11.5,13.76,15.61,17.05,15.97,16.45,16.9
37075,21.2,25.3,26.61,28.19,27.17,28.22,29.3
37077,13.3,12.43,15.06,16.89,15.2,15.94,16.7
37079,11.3,10.99,12.19,12.81,13.56,14.11,14.57
37081,10.9,12.05,16.03,19.83,21.22,22.29,23.3
37083,14.3,17.22,18.21,16.46,20.17,22.5,24.77
37085,13.0,13.86,14.83,20.08,20.18,23.95,27.88
37087,18.6,21.82,23.72,28.04,30.31,34.2,38.11
37089,15.3,18.32,17.94,24.52,21.47,20.41,19.37
37091,9.3,9.84,11.68,13.26,14.05,15.57,17.18
37093,11.9,11.65,12.58,13.72,15.36,16.58,18.03
37095,15.9,16.87,20.14,23.37,22.28,24.86,27.38
37097,16.0,16.0,19.82,21.34,19.35,17.21,15.25
37099,18.4,19.14,27.01,28.6,30.69,27.26,23.96
37101,10.5,13.29,12.83,16.3,14.85,17.02,19.28
37103,15.9,18.24,22.24,25.55,22.73,23.76,24.9
37105,14.2,16.46,17.61,23.88,22.3,25.28,28.17
37107,11.3,14.19,14.03,20.2,16.11,19.48,22.85
37109,15.2,15.25,20.29,18.49,21.3,19.67,18.06
37111,17.2,19.48,28.09,29.32,25.66,27.59,29.24
37113,18.0,21.27,22.84,25.46,24.0,24.28,24.37
37115,17.0,19.9,18.25,19.56,18.45,22.15,25.85
37117,13.6,14.8,15.18,19.0,21.31,21.19,20.95
37119,10.7,10.64,13.93,16.61,17.66,17.32,17.12
37121,24.3,28.48,28.86,29.1,30.41,29.52,28.63
37123,10.0,11.7,11.88,15.36,15.69,15.13,14.57
37125,13.8,14.18,15.91,16.8,14.02,17.52,20.9
37127,12.0,14.38,18.98,17.57,21.43,18.76,16.1
37129,20.2,22.98,27.71,33.28,34.27,30.29,26.14
37131,9.6,10.06,11.09,12.88,13.75,12.97,12.15
37133,12.2,12.37,17.55,18.31,21.06,19.21,17.45
37135,8.4,9.17,11.33,11.22,13.96,12.24,10.61
37137,23.9,25.11,25.55,30.61,30.87,33.49,36.27
37139,13.0,14.06,16.78,19.45,20.52,24.81,28.94
37141,13.6,19.68,23.52,23.74,22.8,21.72,20.54
37143,13.3,15.25,15.91,16.34,16.58,17.51,18.5
37145,13.1,14.65,14.64,17.61,23.56,21.3,19.1
37147,15.4,13.15,14.81,21.78,20.1,22.52,24.9
37149,17.2,18.74,21.92,25.52,24.8,25.57,26.48
37151,16.6,21.59,24.04,31.31,30.6,34.0,37.53
37153,23.2,25.33,22.67,23.39,22.23,22.53,23.1
37155,16.8,15.46,16.27,18.27,20.05,32.52,44.8
37157,15.3,17.67,23.56,25.93,29.06,30.44,31.78
37159,23.2,25.62,28.87,40.44,34.54,33.96,33.44
37161,20.9,27.34,27.37,30.06,28.1,25.14,22.1
37163,21.1,17.66,19.14,18.86,20.65,18.93,17.01
37165,16.4,18.27,18.42,18.04,18.05,18.21,18.31
37167,16.5,20.5,20.35,26.86,31.05,29.55,27.93
37169,19.0,23.85,28.57,34.72,33.12,28.35,23.68
37171,20.8,20.57,22.74,26.42,31.07,28.08,25.03
37173,23.6,25.7,27.21,34.07,34.74,38.9,43.22
37175,18.7,19.41,22.7,24.53,21.85,23.4,24.96
37177,14.7,14.91,17.65,18.04,18.38,19.69,21.07
37179,9.9,10.73,11.34,12.71,13.94,12.99,11.8
37181,15.6,17.22,18.8,23.9,22.51,23.96,25.22
37183,8.3,8.61,10.89,12.66,12.24,11.52,10.83
37185,8.7,9.2,10.44,10.63,11.62,11.31,11.07
37187,9.2,9.77,11.22,11.77,11.74,12.76,13.8
37189,11.2,13.22,13.77,13.34,13.5,13.8,13.95
37191,10.3,11.46,14.49,16.58,18.61,22.4,26.3
37193,39.3,38.32,40.89,36.24,34.67,33.25,32.0
37195,10.3,11.28,13.95,15.61,14.97,18.56,22.12
37197,26.3,22.18,22.58,24.71,29.08,25.69,22.59
37199,29.2,27.76,28.18,28.47,29.63,27.07,24.44
38001,5.1,5.46,5.93,6.5,6.51,6.62,6.79
38003,5.0,5.17,5.63,6.01,6.52,6.28,6.03
38005,11.7,12.92,13.86,15.48,15.61,15.96,16.36
38007,6.5,6.91,7.68,8.3,8.29,8.45,8.75
38009,5.4,5.77,6.89,7.13,6.95,7.06,7.27
38011,5.5,5.83,6.41,6.99,6.98,7.09,7.34
38013,5.5,5.8,6.47,6.93,6.91,7.08,7.56
38015,4.8,6.19,7.03,7.53,6.99,7.05,7.03
38017,6.5,6.01,9.35,8.74,9.33,9.01,8.8
38019,5.6,5.91,6.51,7.13,7.13,7.24,7.38
38021,3.7,3.9,4.56,4.79,4.72,4.79,5.09
38023,7.0,7.37,8.21,8.92,8.92,9.07,9.26
38025,6.2,6.86,7.75,8.08,7.95,8.11,8.25
38027,4.5,4.7,5.26,5.71,5.7,5.82,6.02
38029,7.1,6.97,7.83,8.27,8.41,8.35,8.16
38031,3.4,3.6,4.05,4.42,4.36,4.47,4.68
38033,6.4,6.77,8.0,8.45,8.35,8.4,8.47
38035,7.7,7.59,8.69,8.98,9.16,8.57,7.78
38037,5.2,5.56,6.17,6.72,6.72,6.71,7.02
38039,4.0,4.15,4.66,5.13,5.11,5.24,5.51
38041,4.8,5.11,5.63,6.18,6.19,6.31,6.51
38043,4.2,4.44,4.91,5.39,5.37,5.47,5.75
38045,3.7,3.87,4.33,4.78,4.71,4.84,4.94
38047,3.9,4.13,4.66,5.05,5.03,5.12,5.07
38049,4.4,4.66,5.18,5.85,5.71,5.75,5.68
38051,4.5,4.56,4.92,5.31,5.39,5.42,5.32
38053,11.2,12.13,11.69,12.01,13.6,13.36,13.12
38055,5.7,6.65,7.11,8.06,7.62,7.8,8.25
38057,5.4,5.69,6.07,6.49,6.78,6.64,6.61
38059,5.8,5.87,7.14,7.56,8.08,8.51,8.88
38061,8.3,9.98,10.15,12.05,11.44,10.61,9.94
38063,5.3,5.68,6.6,6.95,6.82,7.17,7.74
38065,5.1,5.32,5.91,6.45,6.41,6.52,6.8
38067,6.3,6.6,7.34,7.65,7.83,8.13,8.33
38069,5.0,5.34,6.16,6.66,6.65,6.72,6.89
38071,6.4,7.13,7.32,8.06,8.48,8.68,9.09
38073,5.1,5.41,6.23,6.55,6.59,7.54,8.35
38075,5.1,5.44,6.24,6.68,6.66,6.8,6.68
38077,5.6,6.98,7.17,7.59,7.26,7.36,7.39
38079,7.2,8.36,8.97,9.66,9.67,9.89,9.97
38081,4.3,4.53,5.28,5.64,5.57,5.67,5.9
38083,4.5,4.85,5.45,5.82,5.82,5.85,5.82
38085,9.1,10.58,10.98,12.71,12.06,13.09,14.06
38087,5.8,6.17,6.74,7.32,7.31,7.53,7.85
38089,7.7,8.86,10.57,10.85,10.88,12.4,14.03
38091,5.4,5.75,6.41,7.03,7.01,7.12,7.23
38093,4.1,4.48,4.81,5.67,5.37,5.63,5.93
38095,6.9,7.3,8.1,9.15,8.94,9.12,9.16
38097,5.7,6.04,7.01,7.81,7.49,7.5,7.41
38099,5.2,5.51,6.39,7.32,7.19,7.05,6.64
38101,4.8,5.32,5.41,6.01,6.73,10.36,14.0
38103,4.0,4.18,4.56,5.02,5.06,5.11,5.26
38105,8.9,9.57,10.51,12.98,11.9,12.39,12.58
39001,33.3,37.47,39.81,45.92,42.56,43.61,44.72
39003,13.0,15.44,20.69,27.92,19.92,17.06,13.99
39005,12.1,12.57,15.59,16.28,15.48,14.62,13.62
39007,26.7,24.83,33.16,37.3,33.82,34.02,34.22
39009,14.1,14.56,15.89,16.87,16.95,17.24,17.49
39011,8.1,10.57,10.36,10.34,9.4,10.6,11.66
39013,19.1,21.19,24.68,26.14,25.39,25.45,25.46
39015,36.4,45.17,43.87,53.62,53.24,43.91,34.71
39017,41.0,47.24,53.14,62.22,52.45,47.84,43.41
39019,13.5,14.22,15.0,17.47,17.97,18.57,18.81
39021,22.8,20.62,24.78,31.36,27.84,25.51,23.27
39023,29.0,43.64,49.96,58.96,53.65,47.11,40.65
39025,38.6,44.85,46.92,46.39,40.64,40.96,41.35
39027,30.7,38.13,35.85,49.76,42.71,42.89,42.75
39029,19.7,25.04,31.68,38.18,33.64,37.36,41.15
39031,10.5,11.37,13.27,14.97,15.71,15.72,15.73
39033,21.5,24.26,24.0,31.97,30.43,28.8,27.27
39035,22.5,23.3,36.76,44.29,40.06,39.82,39.68
39037,21.4,24.48,29.77,37.86,33.26,27.25,21.17
39039,13.3,14.83,14.92,13.78,15.59,16.52,17.42
39041,7.8,9.08,8.88,12.43,13.63,13.27,12.81
39043,20.9,24.95,33.94,36.37,33.41,27.71,22.03
39045,12.1,12.62,16.3,23.43,20.32,19.66,19.0
39047,32.3,36.36,32.58,52.06,38.96,36.8,34.56
39049,18.7,22.75,25.11,31.07,35.14,39.64,44.06
39051,12.0,13.03,16.44,14.72,15.87,14.79,13.64
39053,25.8,29.37,33.78,44.07,45.31,51.41,57.72
39055,13.1,13.94,18.68,20.82,17.25,19.48,21.8
39057,23.8,25.74,27.67,34.11,31.09,27.45,23.84
39059,20.5,21.97,25.56,25.75,24.2,25.81,27.13
39061,31.5,39.41,40.14,49.8,47.31,46.17,44.76
39063,15.3,16.96,20.4,28.83,27.83,23.57,19.35
39065,14.6,18.75,21.93,24.52,23.15,25.62,27.89
39067,14.0,15.37,15.33,19.07,18.7,16.47,14.18
39069,10.5,13.36,14.26,14.26,17.48,16.37,15.09
39071,26.6,28.18,33.62,43.65,32.48,32.88,33.61
39073,18.0,17.67,21.15,23.99,28.3,25.06,21.87
39075,4.8,5.02,6.74,7.85,7.86,6.9,6.01
39077,25.0,21.55,25.54,35.61,31.16,33.65,36.67
39079,30.0,28.72,29.13,31.78,35.42,34.0,32.38
39081,29.9,27.41,27.3,35.08,37.08,36.54,35.92
39083,14.4,15.76,17.56,19.96,17.94,17.76,17.78
39085,23.8,23.18,34.29,38.39,34.38,33.6,32.79
39087,19.8,29.6,36.48,42.4,44.37,39.76,35.1
39089,17.6,19.45,16.44,21.11,22.87,24.33,25.76
39091,15.4,18.72,24.23,27.67,25.56,25.57,25.39
39093,23.7,23.04,37.13,40.09,35.39,35.14,34.81
39095,27.1,28.18,34.14,36.43,38.26,47.71,57.23
39097,17.8,18.49,26.57,30.83,24.02,29.48,34.75
39099,22.6,25.43,32.67,42.29,42.5,44.07,45.57
39101,33.4,31.97,34.91,39.74,39.8,40.79,41.81
39103,11.2,15.53,19.83,22.11,20.03,16.26,12.36
39105,21.0,22.02,26.98,26.56,35.56,33.71,32.02
39107,9.1,8.86,10.13,12.57,10.68,9.79,8.95
39109,19.2,18.55,27.74,33.23,28.59,25.46,22.34
39111,13.8,13.03,13.79,15.1,17.1,15.78,14.57
39113,49.1,48.85,56.22,81.34,64.16,56.17,48.16
39115,14.9,13.47,16.4,16.35,17.7,16.68,15.7
39117,19.6,18.1,19.85,25.0,23.28,27.42,31.49
39119,11.9,15.07,15.38,19.99,27.95,30.83,33.58
39121,11.7,15.13,15.68,16.02,17.43,15.97,14.39
39123,12.8,14.39,21.24,20.9,22.67,21.85,21.09
39125,8.9,8.34,8.83,10.17,11.23,11.01,10.42
39127,14.0,17.29,17.26,18.39,22.53,23.03,23.5
39129,18.0,19.06,19.38,24.0,27.59,29.67,31.73
39131,25.2,33.29,32.4,44.57,45.35,44.23,43.16
39133,18.2,19.72,23.71,23.12,20.63,20.27,19.9
39135,24.3,28.63,37.58,48.74,38.74,36.04,33.17
39137,7.4,8.47,9.07,9.73,9.45,8.83,8.37
39139,24.4,27.17,42.05,39.85,39.46,40.62,41.81
39141,35.9,41.92,47.26,41.54,45.13,46.76,48.42
39143,18.6,18.78,24.8,27.81,25.9,25.44,24.91
39145,32.9,37.69,43.9,57.11,59.5,80.93,102.22
39147,15.9,16.53,15.18,21.63,20.75,19.65,18.59
39149,16.5,17.55,22.74,29.76,24.85,26.62,28.24
39151,18.2,19.13,24.43,25.81,22.89,25.93,28.99
39153,23.1,30.11,46.37,45.48,32.72,36.07,39.55
39155,29.4,39.16,49.1,58.45,48.39,49.55,50.65
39157,10.3,10.97,13.21,16.83,14.71,14.97,15.21
39159,13.1,13.22,14.81,17.03,16.32,18.58,21.11
39161,12.9,12.57,16.38,18.49,17.3,17.56,17.77
39163,27.9,28.32,30.38,31.36,35.23,32.9,30.66
39165,18.8,19.43,23.37,30.65,23.53,21.76,19.84
39167,16.7,16.07,23.95,22.88,21.24,19.43,17.71
39169,11.8,15.16,22.22,19.83,16.89,16.51,16.3
39171,9.5,9.99,14.2,14.52,15.69,14.53,13.14
39173,11.7,13.98,14.71,14.14,13.46,15.77,18.17
39175,9.6,10.93,13.58,14.22,15.63,14.41,13.04
40001,18.1,18.32,21.71,25.34,23.23,22.72,22.29
40003,10.6,11.29,12.93,13.63,14.06,14.03,13.85
40005,17.5,19.15,22.7,22.65,21.38,20.49,19.39
40007,9.5,9.61,10.08,11.74,11.14,11.1,10.85
40009,16.2,18.27,22.48,24.26,25.96,23.98,21.83
40011,14.6,18.25,20.13,20.2,21.2,20.46,19.7
40013,16.6,19.83,24.9,23.87,24.62,23.88,23.19
40015,20.2,19.15,25.53,25.82,24.84,24.73,24.84
40017,12.9,12.31,13.07,13.0,14.33,13.01,11.71
40019,30.1,29.64,28.42,31.1,30.46,27.51,24.22
40021,26.0,24.41,27.42,25.05,27.85,25.69,23.65
40023,19.0,21.54,23.97,22.67,25.64,25.38,25.5
40025,12.0,12.19,13.37,14.41,14.41,14.64,14.95
40027,14.8,16.98,17.28,15.31,16.83,15.13,13.4
40029,21.7,24.91,27.06,32.63,30.46,30.11,29.75
40031,20.3,15.21,16.57,15.69,15.43,15.49,15.43
40033,16.0,16.93,19.49,20.54,22.02,23.03,23.91
40035,16.4,20.15,20.62,23.34,22.31,20.86,19.19
40037,26.6,22.86,24.35,24.51,23.73,26.08,28.37
40039,11.3,12.36,12.31,13.67,13.38,12.58,11.81
40041,21.2,17.2,20.44,19.55,19.35,17.95,16.56
40043,10.0,10.14,12.06,12.85,12.24,12.37,12.13
40045,10.4,10.49,12.03,12.6,12.49,13.75,14.99
40047,13.5,12.15,12.83,14.29,14.56,15.22,15.77
40049,20.8,27.85,31.83,33.41,31.1,32.16,33.22
40051,20.3,19.36,22.06,21.54,24.03,22.6,21.25
40053,9.3,10.34,11.12,12.48,12.08,12.06,12.44
40055,17.3,19.12,20.51,22.83,21.44,21.28,20.9
40057,14.3,15.13,16.76,18.98,20.0,19.26,18.43
40059,7.9,8.37,9.26,10.11,10.13,10.34,10.4
40061,20.1,19.72,20.37,22.9,22.55,22.77,23.03
40063,15.6,15.3,15.8,21.69,18.57,18.71,18.85
40065,15.0,16.92,17.5,19.6,18.35,21.18,23.87
40067,24.7,25.0,29.35,32.37,31.52,30.61,29.8
40069,30.7,31.07,38.3,36.29,34.84,38.23,41.75
40071,12.4,13.36,15.94,18.99,16.09,16.06,16.16
40073,9.3,10.63,11.53,13.82,14.4,13.37,12.33
40075,17.2,18.22,19.24,23.08,20.72,20.94,21.07
40077,18.4,21.9,23.91,29.76,26.44,25.63,24.79
40079,22.0,22.26,25.7,26.51,26.31,22.87,19.37
40081,18.2,20.12,22.6,21.2,22.64,20.59,18.57
40083,10.7,12.37,12.4,15.0,12.48,12.74,12.77
40085,22.0,23.11,27.16,27.84,29.36,30.4,31.52
40087,18.5,21.04,19.51,21.59,18.85,19.41,19.98
40089,17.7,17.85,24.21,25.96,24.15,23.2,22.12
40091,28.3,26.11,26.24,30.75,28.34,27.04,25.82
40093,8.1,8.63,9.44,11.68,10.84,10.73,10.58
40095,14.5,14.17,16.35,17.79,17.19,16.14,14.8
40097,22.2,25.73,24.34,26.44,26.08,26.22,26.35
40099,32.7,31.95,32.8,33.29,32.7,29.92,27.38
40101,34.8,30.59,31.97,26.99,30.5,27.94,25.38
40103,15.6,15.91,16.57,17.56,19.52,18.54,17.43
40105,11.9,13.56,14.72,16.44,16.07,16.85,17.55
40107,21.9,20.68,21.02,23.73,22.52,23.16,23.81
40109,20.8,19.49,20.87,21.48,18.77,18.95,19.16
40111,19.1,20.49,23.91,25.99,23.39,23.22,22.92
40113,14.8,15.92,17.65,24.45,21.18,21.1,21.01
40115,18.1,20.19,21.45,23.32,21.15,20.09,19.02
40117,25.0,31.15,30.29,31.04,34.64,33.3,32.18
40119,9.4,10.35,12.35,10.84,10.86,10.5,10.23
40121,28.0,23.93,24.33,25.32,27.09,26.86,26.46
40123,19.1,21.65,23.1,22.0,24.77,25.49,26.23
40125,17.5,22.24,24.62,23.73,26.27,22.9,19.59
40127,19.8,24.38,33.32,30.33,28.6,27.44,25.91
40129,8.5,9.05,10.48,11.12,10.92,11.0,11.24
40131,13.7,14.1,13.87,14.09,14.25,13.51,12.82
40133,22.0,22.25,25.3,25.87,29.45,28.04,26.68
40135,29.3,26.25,31.15,31.15,28.8,28.09,27.23
40137,23.7,23.96,22.9,22.73,21.79,21.15,20.51
40139,14.0,13.19,13.0,13.39,15.87,14.43,13.28
40141,16.0,16.96,17.3,18.19,18.68,18.54,18.33
40143,19.1,18.32,19.92,20.81,20.53,20.49,20.51
40145,23.3,22.0,19.86,22.84,20.67,20.3,19.9
40147,18.0,15.48,17.17,18.82,17.86,18.52,19.11
40149,21.1,20.62,20.48,22.97,22.5,21.94,21.39
40151,11.2,13.48,16.01,15.8,14.81,14.66,14.66
40153,12.7,13.36,14.65,16.25,15.47,14.97,14.31
41001,15.0,15.2,16.46,17.63,17.6,17.21,16.75
41003,7.5,7.99,8.67,7.96,7.14,8.66,10.16
41005,11.6,10.35,10.55,9.95,9.81,10.13,10.4
41007,16.7,18.53,21.86,19.71,23.6,23.43,23.13
41009,12.3,12.02,14.13,14.65,16.59,14.65,12.83
41011,12.1,13.28,14.39,14.55,14.16,16.97,19.72
41013,10.3,14.31,13.92,13.83,13.95,14.58,15.14
41015,17.0,21.25,19.33,22.73,19.65,19.85,20.08
41017,11.0,9.93,12.28,11.97,10.61,9.99,9.45
41019,12.9,15.57,14.53,14.4,15.01,16.87,18.7
41021,7.3,7.76,8.6,9.33,9.38,9.57,9.83
41023,10.1,12.22,12.86,13.3,13.09,13.16,13.14
41025,12.4,13.11,15.1,15.31,15.05,15.09,15.42
41027,6.9,7.32,8.0,9.28,9.22,9.73,10.22
41029,15.7,15.89,15.7,14.98,18.96,17.45,16.02
41031,7.4,7.18,7.99,8.99,8.87,8.62,8.3
41033,17.0,17.11,14.09,18.51,18.98,21.34,23.78
41035,14.4,14.91,13.65,16.11,16.69,19.97,23.33
41037,20.0,18.05,18.85,19.27,18.97,19.1,19.21
41039,17.4,17.54,18.85,19.61,19.09,19.52,20.11
41041,24.0,19.77,18.81,20.42,18.7,22.19,25.76
41043,19.4,15.38,14.64,13.53,13.86,14.24,14.71
41045,9.7,10.26,10.8,11.47,12.13,13.04,13.97
41047,8.3,9.43,11.38,12.54,11.01,11.21,11.31
41049,7.1,7.2,7.61,8.08,8.34,8.47,8.61
41051,16.0,16.09,16.2,18.36,20.09,22.88,25.69
41053,10.1,8.59,9.81,9.69,9.95,10.14,10.51
41055,9.0,9.53,10.55,11.49,11.47,11.71,12.06
41057,16.5,19.8,18.97,19.88,19.86,17.77,15.68
41059,8.7,9.62,9.96,10.6,10.39,10.18,10.1
41061,13.8,14.02,14.47,15.69,15.82,15.65,15.37
41063,7.4,7.87,8.76,9.83,9.5,9.59,9.81
41065,9.9,9.72,10.74,12.33,12.56,12.43,12.52
41067,8.7,8.63,9.43,8.71,8.64,9.42,9.82
41069,8.6,9.08,10.21,11.05,11.03,11.3,11.54
41071,10.2,11.12,10.24,12.6,11.01,11.06,11.14
42001,10.3,10.44,16.18,16.32,17.71,14.21,10.92
42003,25.7,31.14,43.53,54.8,44.32,43.45,42.5
42005,24.8,31.22,46.99,46.74,41.46,36.43,31.24
42007,23.9,22.96,46.62,48.39,37.44,36.93,36.63
42009,16.7,16.93,19.42,27.42,26.93,22.75,18.5
42011,16.0,13.86,20.2,24.37,22.99,26.74,30.3
42013,17.1,23.82,28.0,32.4,25.13,24.2,23.1
42015,13.2,15.28,16.95,21.26,19.36,19.81,20.1
42017,22.9,23.1,28.8,37.92,38.85,35.93,32.85
42019,20.5,24.52,34.41,41.88,30.4,32.77,34.98
42021,30.0,35.88,55.76,58.08,49.98,47.27,44.42
42023,11.3,13.06,13.66,14.46,14.44,14.71,14.76
42025,24.9,25.15,29.58,34.11,40.2,40.91,41.74
42027,7.9,8.21,9.5,10.06,10.23,9.0,7.86
42029,14.0,16.47,20.07,26.91,26.89,24.52,22.21
42031,13.1,13.71,15.27,16.84,19.21,18.79,18.33
42033,15.2,16.48,17.27,17.4,22.38,20.37,18.52
42035,12.1,12.67,18.13,15.43,14.18,13.77,13.38
42037,14.5,15.86,18.39,19.93,22.63,22.85,23.21
42039,19.9,25.92,33.58,28.22,29.05,26.19,23.4
42041,11.6,14.04,19.44,26.01,21.78,18.01,14.36
42043,18.4,19.67,24.73,28.26,33.93,31.76,29.69
42045,28.1,32.18,37.86,44.88,40.36,38.31,36.22
42047,20.2,16.52,17.99,22.36,22.22,21.28,20.28
42049,19.9,20.96,26.02,34.12,29.3,26.9,24.58
42051,28.7,32.24,44.62,53.7,44.12,37.98,31.81
42053,11.4,13.18,13.73,14.66,14.58,15.97,17.42
42055,14.0,13.78,18.38,17.95,17.14,14.71,12.27
42057,18.7,22.03,29.56,24.0,23.38,22.74,22.12
42059,26.2,28.7,39.94,33.34,30.47,30.45,30.39
42061,13.5,14.53,17.68,20.5,18.73,19.28,19.89
42063,17.9,27.99,38.89,41.1,34.82,35.6,36.35
42065,18.6,20.5,20.62,21.86,23.03,23.82,24.56
42067,10.4,9.49,11.33,11.22,11.42,11.96,12.71
42069,19.8,25.48,31.65,36.2,40.32,35.3,30.31
42071,13.0,14.08,18.78,25.96,23.2,20.88,18.58
42073,24.7,32.08,38.52,50.1,44.37,39.48,34.58
42075,11.3,14.87,12.73,13.59,13.17,15.68,18.22
42077,18.2,18.9,23.62,28.31,27.73,24.5,21.15
42079,21.1,25.75,34.34,39.55,42.5,43.36,44.34
42081,12.4,14.95,19.64,22.54,20.06,24.04,28.05
42083,14.1,17.26,18.28,17.87,19.87,16.95,14.04
42085,25.1,21.02,25.36,31.06,39.26,37.74,36.29
42087,14.0,14.58,18.57,21.24,22.43,19.05,15.67
42089,17.0,21.85,20.76,22.1,22.01,23.16,24.43
42091,18.3,18.89,25.45,25.79,25.37,26.49,27.61
42093,18.4,18.7,23.98,27.67,25.27,26.27,27.12
42095,13.5,21.64,25.15,33.02,30.19,27.2,24.03
42097,16.7,17.54,25.01,27.56,26.58,34.93,43.25
42099,16.4,16.04,19.43,25.3,22.53,22.8,23.1
42101,33.0,35.15,42.69,57.04,58.68,61.47,64.2
42103,18.6,21.95,25.23,31.09,31.63,29.29,27.04
42105,10.7,12.28,15.33,16.64,15.64,14.96,14.38
42107,19.3,21.39,32.68,28.29,33.23,35.63,37.95
42109,7.5,8.72,10.86,11.4,12.0,12.84,13.57
42111,21.1,23.27,28.27,34.05,26.19,24.78,23.32
42113,13.4,13.57,15.43,16.75,16.25,17.74,19.06
42115,25.9,22.49,24.42,24.63,25.08,20.54,15.76
42117,9.3,10.11,12.18,16.83,15.05,14.88,14.75
42119,7.1,8.03,8.64,8.92,8.78,9.75,10.51
42121,19.5,20.87,22.9,22.16,22.65,21.57,20.48
42123,10.5,11.79,12.55,13.46,11.63,14.26,17.12
42125,19.8,27.86,40.81,45.45,40.15,38.49,36.83
42127,23.5,25.52,27.39,28.81,29.56,31.94,34.32
42129,27.8,33.9,47.9,53.28,43.72,39.36,34.98
42131,20.3,25.69,27.47,32.42,37.42,38.0,38.51
42133,25.9,23.03,23.05,27.58,29.2,27.3,25.39
44001,20.3,19.44,20.78,21.31,22.23,22.29,22.27
44003,23.7,27.18,30.92,28.94,33.11,30.25,27.23
44005,14.0,14.16,21.92,26.23,24.17,21.59,18.92
44007,24.2,30.35,31.59,32.68,31.92,32.3,32.87
44009,21.5,20.33,19.93,20.57,19.62,20.65,21.37
45001,9.5,10.75,12.47,16.28,15.26,14.09,13.07
45003,18.2,19.85,20.59,24.33,23.7,22.07,20.36
45005,5.6,5.9,6.63,7.52,7.58,7.4,7.5
45007,19.1,20.58,20.0,19.64,19.06,20.28,21.41
45009,9.4,9.96,10.47,11.67,11.4,12.27,13.17
45011,11.8,12.48,13.18,15.45,16.09,15.45,14.94
45013,8.7,8.56,9.53,13.2,12.73,14.46,16.23
45015,13.3,13.43,17.92,18.51,20.41,20.12,19.72
45017,7.2,7.96,8.47,9.07,9.75,10.19,10.77
45019,15.1,16.86,17.64,19.91,20.63,21.23,21.6
45021,11.5,12.35,12.69,13.18,14.19,15.95,17.68
45023,11.1,10.86,10.84,15.27,14.74,15.06,15.58
45025,12.7,12.46,13.53,14.84,14.64,16.05,17.4
45027,8.9,9.36,10.18,10.82,11.25,12.37,13.36
45029,15.2,18.0,18.37,20.21,21.07,21.08,21.04
45031,12.5,12.25,12.59,14.54,15.41,15.47,15.59
45033,11.6,11.79,14.04,15.0,15.43,15.89,16.21
45035,10.9,15.46,14.74,16.05,19.11,17.58,15.96
45037,7.5,7.92,8.33,9.88,8.9,8.68,8.4
45039,9.3,11.05,11.62,12.28,12.26,13.38,14.37
45041,13.1,12.43,13.49,18.0,18.86,17.12,15.6
45043,17.8,17.47,22.0,24.76,27.34,24.95,22.64
45045,17.5,20.28,19.36,20.32,25.81,25.36,25.15
45047,15.3,13.26,14.29,17.38,21.74,17.88,13.82
45049,8.1,8.91,10.19,10.91,10.77,11.34,11.88
45051,21.0,18.62,32.95,29.35,28.61,33.52,38.21
45053,12.0,15.12,15.05,16.6,17.3,18.18,19.3
45055,12.1,11.43,11.99,15.41,17.71,17.49,17.19
45057,12.7,13.8,14.52,21.68,20.51,27.8,34.93
45059,16.5,17.95,20.15,22.53,25.39,23.36,21.26
45061,5.7,6.07,7.26,7.82,7.69,8.09,8.53
45063,18.1,17.66,17.1,17.74,19.07,20.32,21.67
45065,8.9,9.02,10.18,10.71,11.49,11.91,12.64
45067,10.7,12.54,14.09,14.27,13.51,15.36,17.28
45069,7.9,9.45,10.31,11.0,10.69,11.53,12.37
45071,10.0,9.16,10.45,10.69,10.79,11.04,11.35
45073,25.1,25.19,25.19,27.46,27.35,31.76,36.21
45075,8.1,8.47,9.28,9.48,10.34,12.31,14.22
45077,30.1,28.64,27.6,27.32,30.23,30.36,30.55
45079,11.9,11.35,13.26,17.47,17.75,16.85,16.08
45081,8.5,8.3,9.58,10.09,10.01,10.13,10.28
45083,16.2,18.61,20.75,23.39,25.6,24.58,23.24
45085,7.3,8.11,9.49,9.73,16.82,16.32,15.9
45087,13.7,15.4,15.97,16.28,15.14,17.52,19.89
45089,9.3,10.92,12.33,14.78,14.42,16.09,17.48
45091,14.3,15.85,18.35,20.68,22.05,22.0,21.92
46003,5.0,5.1,5.5,5.95,6.04,6.37,6.61
46005,6.0,6.85,7.35,8.27,8.41,8.29,8.16
46007,5.1,5.48,6.05,6.53,6.56,6.65,6.75
46009,3.7,3.88,4.51,4.77,4.71,4.74,4.66
46011,3.7,4.04,4.4,4.7,4.82,4.49,4.14
46013,5.0,5.7,6.23,6.24,5.82,5.55,5.33
46015,7.1,6.94,7.81,8.13,8.12,8.85,9.62
46017,6.7,7.09,8.23,8.69,8.89,9.18,9.52
46019,6.2,6.25,6.89,7.76,7.85,8.26,8.88
46021,6.5,6.91,7.97,8.8,8.55,8.58,8.6
46023,5.2,5.82,6.26,6.72,6.38,6.71,6.86
46025,4.5,5.0,5.4,5.86,5.74,5.84,5.96
46027,3.9,4.15,4.7,5.14,4.99,5.23,5.6
46029,3.9,4.29,4.55,5.35,5.05,5.48,5.77
46031,8.6,9.56,10.68,12.8,11.63,11.92,12.17
46033,9.3,9.02,10.92,11.7,10.9,10.79,10.42
46035,5.0,4.88,5.23,5.62,5.83,5.57,5.26
46037,4.2,4.43,4.89,5.35,5.42,5.74,6.14
46039,4.5,4.8,5.33,5.78,5.76,5.88,6.13
46041,9.0,10.01,9.92,10.79,10.75,10.98,11.06
46043,4.1,4.37,5.05,5.55,5.32,5.38,5.35
46045,3.5,3.77,4.16,4.6,4.66,4.68,4.75
46047,14.6,14.84,16.81,17.73,18.23,18.69,19.1
46049,5.3,5.16,5.56,6.01,6.03,6.11,6.18
46051,4.5,4.8,5.6,5.95,5.89,5.97,6.15
46053,5.5,5.93,6.82,7.17,7.14,7.26,7.26
46055,6.1,6.53,7.25,8.24,8.04,8.07,8.21
46057,3.7,4.04,4.58,4.79,4.76,4.86,5.05
46059,4.6,4.9,5.46,5.93,5.89,6.02,6.08
46061,3.8,3.95,4.51,4.89,4.78,4.92,4.96
46063,6.2,6.31,6.89,7.45,7.51,7.62,7.72
46065,5.4,5.46,6.47,6.82,6.85,7.25,7.54
46067,3.1,3.25,3.55,3.89,3.92,4.13,4.09
46069,4.6,4.9,5.5,5.93,6.0,6.08,6.09
46071,5.2,5.43,6.1,6.63,6.67,6.78,6.85
46073,5.3,5.64,6.3,6.83,6.81,6.94,7.17
46075,5.7,6.37,6.93,7.42,7.38,7.5,7.74
46077,3.5,3.68,4.06,4.41,4.41,4.76,5.03
46079,3.3,3.37,3.69,4.18,4.05,4.07,3.92
46081,8.0,7.52,8.13,9.18,8.37,9.17,9.91
46083,4.2,4.26,4.86,5.39,5.78,5.59,5.61
46085,5.8,6.26,6.93,7.8,7.55,7.61,7.46
46087,3.8,4.11,4.52,4.95,5.05,5.09,5.17
46089,3.9,4.12,4.66,5.08,5.03,5.09,5.25
46091,5.1,5.93,6.19,6.56,6.52,6.65,6.64
46093,7.2,8.63,9.38,9.7,9.59,10.66,11.94
46095,6.0,6.3,7.04,7.67,7.76,7.83,8.11
46097,3.9,4.19,4.66,5.33,5.13,5.12,5.33
46099,8.8,10.05,9.95,9.99,10.7,12.85,14.68
46101,4.4,4.83,5.19,5.63,5.57,5.65,5.8
46102,9.4,10.77,10.85,12.2,12.91,12.47,12.05
46103,8.0,8.1,9.76,9.91,8.83,10.09,11.32
46105,6.2,6.54,7.26,7.88,7.9,8.06,8.08
46107,4.6,4.89,5.49,5.87,5.89,6.05,6.1
46109,7.1,7.58,8.3,8.7,9.29,10.4,11.82
46111,4.2,4.48,4.93,5.41,5.35,5.74,6.1
46115,5.7,5.99,6.66,7.58,7.26,7.69,8.15
46117,5.4,5.77,6.38,6.89,6.89,7.03,7.0
46119,4.9,5.21,5.77,6.3,6.32,6.44,6.47
46121,11.5,11.69,12.22,13.5,13.57,14.94,16.34
46123,5.2,5.53,6.43,6.69,6.68,6.72,6.75
46125,4.3,4.52,5.03,5.94,5.68,5.68,5.71
46127,4.3,4.38,5.15,5.47,5.41,5.76,6.13
46129,4.8,5.09,5.81,6.13,6.02,6.16,6.33
46135,6.2,5.8,6.67,7.85,7.5,7.25,7.19
46137,8.6,9.64,10.34,12.15,11.54,11.88,12.23
47001,26.6,31.46,36.72,48.37,42.13,41.49,41.12
47003,16.8,17.95,17.34,17.59,20.19,22.92,25.65
47005,37.5,39.13,36.45,40.14,38.34,39.34,40.3
47007,15.0,16.4,18.76,20.48,22.06,21.5,21.15
47009,19.4,23.53,26.42,34.36,33.79,34.88,36.17
47011,22.0,20.94,19.86,24.89,26.01,23.27,20.46
47013,40.6,43.59,38.92,37.37,34.04,35.23,36.46
47015,26.4,30.8,31.17,32.38,31.98,36.52,41.23
47017,15.0,16.96,17.62,19.66,18.82,18.73,18.6
47019,19.9,21.62,27.15,31.01,29.62,27.8,26.03
47021,37.7,37.98,38.93,48.43,49.6,53.92,57.98
47023,12.3,15.22,15.6,17.08,16.0,16.34,16.42
47025,32.5,34.61,44.46,36.72,39.0,35.15,31.19
47027,42.9,38.99,46.66,46.64,44.07,43.81,43.6
47029,27.4,23.62,23.65,31.47,30.14,28.55,26.95
47031,17.9,21.08,25.24,26.87,28.59,26.65,24.78
47033,11.5,12.18,12.49,13.54,14.12,15.09,16.25
47035,22.3,18.18,18.62,22.09,20.99,22.13,23.32
47037,19.7,21.89,28.69,31.97,33.71,41.42,48.96
47039,22.3,26.34,28.62,27.68,28.55,29.35,29.86
47041,38.9,32.08,31.75,37.64,38.0,39.49,40.85
47043,23.1,27.4,31.85,27.0,28.52,36.35,44.12
47045,10.5,11.81,11.53,12.99,12.88,14.7,16.58
47047,10.6,11.93,12.66,14.35,13.75,14.54,15.33
47049,22.9,24.81,27.13,29.84,28.44,32.82,37.48
47051,21.9,24.72,22.64,22.46,21.99,23.73,25.35
47053,13.1,15.95,18.24,18.77,19.04,20.9,22.73
47055,19.1,23.35,22.08,25.69,25.17,25.24,25.39
47057,22.3,23.37,25.13,25.21,26.19,30.17,34.01
47059,26.4,20.35,23.81,28.22,30.42,28.95,27.71
47061,29.9,28.32,29.74,30.37,31.93,32.9,34.01
47063,31.2,28.47,31.46,29.32,25.57,28.95,32.23
47065,17.5,17.46,18.81,21.64,19.81,23.39,27.01
47067,30.6,36.42,39.66,44.01,44.76,41.22,37.84
47069,9.6,10.89,11.72,13.99,13.1,13.95,14.77
47071,35.5,35.86,35.12,33.28,34.52,34.57,34.75
47073,23.0,26.76,32.07,27.84,27.92,27.61,27.37
47075,8.7,8.81,10.37,10.66,11.23,11.23,11.47
47077,17.7,19.1,19.06,22.23,24.3,23.37,22.4
47079,23.0,21.96,22.92,23.26,27.81,32.18,36.53
47081,20.2,24.99,26.47,27.9,32.78,35.96,39.24
47083,25.5,29.14,31.43,33.56,34.74,34.46,34.3
47085,21.5,22.58,24.39,28.55,27.8,28.7,29.76
47087,33.1,34.67,38.78,41.83,40.71,42.13,43.56
47089,16.6,17.62,17.98,21.08,24.34,25.31,26.22
47091,17.0,17.88,18.82,18.66,18.71,21.03,23.47
47093,29.8,32.49,36.01,45.61,51.53,48.55,45.53
47095,9.6,10.13,11.17,12.57,12.87,13.73,14.46
47097,15.4,13.72,19.26,19.49,18.59,20.34,22.06
47099,18.0,19.76,20.22,23.92,24.77,27.19,29.68
47101,17.7,18.72,19.74,26.07,24.27,24.02,23.71
47103,17.2,15.78,19.06,19.25,20.51,20.1,19.74
47105,27.4,25.19,27.95,34.55,31.38,33.3,35.33
47107,23.8,23.0,25.37,28.67,26.54,26.51,26.47
47109,17.0,23.37,21.97,22.88,20.85,21.57,22.36
47111,16.9,19.02,23.92,23.52,22.8,22.78,22.66
47113,9.0,10.23,11.93,13.89,12.31,10.99,9.97
47115,17.8,18.59,18.92,22.16,19.91,23.75,27.39
47117,25.4,24.87,28.92,28.87,26.88,28.28,29.79
47119,20.6,19.0,21.03,20.51,22.45,25.14,27.77
47121,25.4,29.74,36.91,37.28,31.5,34.78,38.0
47123,18.9,22.57,30.72,27.41,30.6,30.81,30.82
47125,14.4,16.91,16.5,17.97,23.08,28.33,33.63
47127,15.3,15.55,16.98,19.82,19.57,19.04,18.52
47129,21.6,29.65,30.38,29.09,29.66,32.12,34.49
47131,9.8,11.09,11.87,12.29,13.82,13.77,13.8
47133,23.1,25.79,29.22,31.54,31.68,30.42,28.84
47135,16.1,16.36,17.77,19.88,19.4,20.25,21.25
47137,23.3,23.62,25.76,28.78,29.25,29.82,30.51
47139,19.0,20.69,24.3,26.61,24.51,22.59,20.87
47141,24.8,22.14,21.14,21.25,23.85,22.79,21.34
47143,18.1,20.19,21.5,23.94,23.08,29.31,35.57
47145,38.3,38.67,43.65,43.42,47.78,38.83,29.62
47147,17.1,19.42,18.41,21.96,21.63,27.74,33.77
47149,13.0,16.51,17.67,19.39,23.52,25.77,28.07
47151,25.0,25.3,25.55,25.56,25.12,28.38,31.85
47153,19.6,19.84,22.18,24.78,25.95,27.69,29.39
47155,21.2,26.03,26.98,30.59,37.78,36.12,34.72
47157,16.0,18.97,20.23,21.38,18.7,24.93,31.27
47159,29.9,34.19,41.01,36.26,35.64,37.77,39.95
47161,20.0,20.29,22.73,22.89,28.44,32.06,35.73
47163,26.2,23.88,26.06,26.81,31.69,23.85,15.89
47165,16.1,15.38,18.99,20.64,21.64,22.86,23.98
47167,15.1,18.92,23.0,23.17,22.85,25.32,28.13
47169,17.0,17.92,20.2,22.6,29.43,25.77,22.18
47171,28.8,29.2,33.2,40.29,38.83,37.61,36.69
47173,32.1,34.51,39.62,40.43,36.9,36.87,36.71
47175,13.8,14.67,19.1,18.62,18.61,18.21,17.96
47177,14.8,16.86,20.26,19.01,19.64,19.97,20.39
47179,19.6,22.06,25.74,26.16,22.42,23.0,23.76
47181,16.0,16.17,17.5,16.87,20.01,17.69,15.41
47183,11.8,14.27,17.05,15.25,17.65,16.86,16.12
47185,18.9,22.67,27.54,23.68,26.58,29.51,32.26
47187,9.2,10.68,11.45,12.55,14.4,14.41,14.57
47189,20.6,24.59,25.25,25.49,23.26,32.72,42.03
48001,12.2,14.83,14.46,16.35,15.83,16.37,16.87
48003,9.4,9.88,11.2,12.76,12.07,12.0,11.86
48005,9.1,10.65,12.67,13.12,13.65,12.53,11.28
48007,18.7,20.25,22.06,22.79,22.91,23.84,24.9
48009,16.7,17.04,19.95,21.17,20.34,19.69,18.82
48011,7.4,7.83,8.72,9.52,9.47,9.62,9.84
48013,7.0,7.35,8.92,9.46,10.7,9.19,7.64
48015,6.7,6.74,7.79,7.74,8.64,8.74,8.91
48017,7.5,8.32,8.93,9.61,9.61,10.61,11.49
48019,10.5,10.2,11.77,14.28,13.81,13.94,13.74
48021,11.7,9.95,9.97,10.75,11.55,11.94,12.31
48023,18.6,20.52,21.21,23.42,24.43,24.34,24.41
48025,5.8,6.7,8.37,8.71,8.09,8.55,8.87
48027,6.6,7.56,6.99,9.57,11.01,9.45,7.84
48029,10.4,10.49,11.3,11.15,11.55,12.64,13.57
48031,10.1,11.1,11.44,12.48,12.13,12.68,13.16
48033,7.9,8.34,9.26,10.05,9.98,10.23,10.73
48035,10.2,11.16,11.91,13.71,16.74,15.89,15.08
48037,7.2,8.26,8.29,10.17,10.32,9.28,8.37
48039,7.5,8.82,9.98,10.94,11.0,11.41,11.97
48041,8.8,8.35,7.05,5.95,5.89,6.44,7.12
48043,12.9,15.51,15.71,15.87,15.49,17.52,19.62
48045,8.0,8.49,9.43,10.26,10.23,10.87,11.55
48047,7.5,7.95,8.48,9.89,9.35,9.77,10.18
48049,14.4,14.57,13.71,13.54,15.26,17.65,20.15
48051,9.1,9.64,10.13,11.59,11.06,11.4,11.68
48053,9.8,10.15,13.27,14.01,12.98,13.76,14.41
48055,6.4,6.67,8.88,9.89,9.1,8.2,7.06
48057,11.5,12.16,11.96,12.84,12.0,12.74,13.57
48059,8.6,9.08,9.95,10.75,10.25,11.57,12.68
48061,3.1,4.07,4.06,4.62,4.66,5.69,6.68
48063,8.8,11.02,12.13,12.7,12.1,11.62,11.08
48065,10.5,11.08,12.8,13.54,13.98,13.86,13.99
48067,8.9,9.37,10.2,11.74,12.46,12.05,11.62
48069,5.1,5.44,5.97,6.5,6.78,6.71,6.6
48071,13.8,12.7,14.33,15.83,14.24,18.37,22.61
48073,12.3,11.0,11.23,13.18,12.95,12.95,13.01
48075,10.5,12.7,13.38,13.7,13.43,14.16,14.82
48077,16.1,16.34,16.99,18.71,18.83,19.26,19.64
48079,11.0,11.21,13.36,13.66,13.92,13.79,13.36
48081,8.5,8.94,10.36,11.51,11.03,11.55,12.15
48083,5.8,6.12,6.77,7.32,7.38,7.55,7.4
48085,7.8,7.83,8.7,7.95,7.63,7.75,7.83
48087,11.6,11.82,12.87,13.87,13.88,14.19,14.31
48089,5.9,6.53,7.53,7.94,7.95,8.37,8.84
48091,8.9,10.29,12.27,12.57,12.09,11.56,11.31
48093,8.0,8.8,9.82,11.05,10.8,11.23,11.8
48095,5.9,6.19,6.9,7.52,7.62,7.74,7.98
48097,18.3,16.36,17.68,17.69,19.29,18.1,16.93
48099,6.1,5.96,7.0,7.8,7.11,7.31,7.52
48101,7.4,7.95,8.72,9.46,9.48,9.63,10.08
48103,9.6,10.16,12.83,13.37,12.71,12.65,12.62
48105,8.6,9.58,10.21,11.05,11.09,12.27,13.29
48107,7.7,8.2,9.37,10.25,10.0,10.42,10.94
48109,8.3,8.84,9.88,10.72,10.7,10.91,11.08
48111,7.8,8.33,8.72,9.37,9.31,9.43,9.54
48113,13.4,12.08,12.26,12.73,12.88,13.03,13.17
48115,8.7,9.98,11.23,11.8,11.28,12.62,13.86
48117,7.8,7.06,7.35,8.13,7.95,8.25,8.72
48119,11.5,12.21,13.43,15.77,16.2,16.69,17.18
48121,6.9,7.47,8.23,8.69,7.68,7.8,8.05
48123,7.1,7.15,7.75,8.34,9.37,9.61,9.8
48125,6.8,7.16,7.93,8.59,8.64,8.76,8.9
48127,8.4,7.26,7.78,8.03,8.59,8.24,7.72
48129,9.3,9.47,10.8,11.87,11.43,11.44,11.52
48131,9.3,9.43,11.2,11.43,12.12,12.58,13.04
48133,6.8,6.64,7.11,7.9,7.72,8.19,9.05
48135,18.2,13.32,12.91,14.22,13.94,15.23,16.24
48137,5.2,5.53,6.13,6.69,6.72,6.85,6.87
48139,6.5,7.24,8.11,10.06,8.75,8.69,8.81
48141,9.1,8.26,9.53,10.54,10.31,11.07,11.95
48143,8.6,7.99,9.04,10.11,10.33,9.86,9.37
48145,7.6,8.31,8.93,10.75,10.74,11.3,11.79
48147,10.8,11.34,11.89,12.5,11.96,13.52,15.41
48149,8.4,7.64,7.89,8.46,9.07,9.02,9.02
48151,6.5,6.88,7.64,8.31,8.56,8.59,8.5
48153,6.5,6.5,7.45,7.86,7.86,7.9,7.98
48155,10.2,11.35,12.19,13.18,13.7,13.58,13.55
48157,5.3,5.15,6.13,5.92,6.36,6.47,6.59
48159,8.2,8.63,9.16,10.16,10.31,10.57,10.7
48161,7.0,7.38,8.46,9.22,10.32,10.56,10.67
48163,4.5,4.76,5.47,6.56,6.51,6.15,5.76
48165,7.0,7.31,8.33,8.77,8.7,8.81,9.04
48167,15.4,16.53,16.45,17.12,17.34,17.18,16.88
48169,7.4,7.56,8.16,8.82,8.78,9.33,9.82
48171,6.9,7.34,8.37,9.15,9.49,8.99,8.67
48173,8.1,8.66,9.51,10.39,10.36,10.55,10.85
48175,8.3,9.13,10.23,11.15,11.63,11.08,10.59
48177,9.4,9.93,10.06,10.54,10.88,10.76,10.72
48179,10.2,10.33,11.21,12.03,12.01,12.61,13.36
48181,12.6,11.62,10.53,12.43,12.19,12.18,12.07
48183,7.0,7.96,8.84,8.82,9.37,11.02,12.6
48185,10.4,11.78,12.26,12.43,13.04,13.89,14.8
48187,8.4,8.2,8.26,9.35,8.85,9.0,9.07
48189,6.5,7.72,8.16,8.29,8.8,8.76,8.73
48191,7.8,8.32,9.14,9.89,10.0,10.1,10.4
48193,10.3,11.39,12.16,12.58,14.43,13.8,13.1
48195,8.5,8.66,9.44,10.59,10.39,10.49,10.43
48197,10.0,10.14,11.04,12.46,12.16,12.74,13.51
48199,16.6,15.11,16.19,16.22,15.94,15.9,16.12
48201,9.1,9.78,10.79,11.26,12.12,12.75,13.28
48203,9.4,9.77,10.55,10.86,10.2,11.31,12.44
48205,6.5,7.01,7.63,8.35,8.7,8.7,8.52
48207,7.9,8.39,9.34,10.5,11.01,11.05,11.08
48209,6.6,7.39,8.64,8.98,9.92,8.09,6.3
48211,8.0,8.52,9.47,10.31,10.67,11.09,11.25
48213,16.6,16.74,15.62,16.36,18.13,18.86,19.78
48215,2.7,3.12,3.3,3.47,3.77,4.06,4.15
48217,9.7,10.97,12.94,12.85,12.52,14.81,17.24
48219,7.8,8.21,9.03,9.11,9.82,10.33,10.81
48221,15.2,14.12,13.28,16.58,15.3,15.32,15.21
48223,8.9,9.34,10.5,10.95,11.25,11.86,12.39
48225,8.2,10.14,10.83,11.08,12.58,12.57,12.26
48227,10.0,10.9,12.29,13.34,14.32,14.86,15.46
48229,7.2,7.63,8.4,9.1,9.15,9.34,9.54
48231,10.7,11.65,13.07,13.92,13.62,12.91,12.13
48233,13.5,12.76,14.99,14.76,16.57,16.93,17.39
48235,11.5,11.23,12.14,13.03,13.04,13.85,14.74
48237,12.5,13.21,15.16,16.57,16.68,16.4,15.99
48239,9.8,9.58,9.9,10.09,11.03,11.7,12.2
48241,11.8,13.23,15.66,17.03,17.14,17.45,18.02
48243,8.3,8.81,9.74,10.65,10.64,10.84,11.22
48245,14.0,12.72,13.15,14.05,13.97,14.25,14.46
48247,6.2,6.22,7.08,7.49,7.43,7.57,7.7
48249,8.4,8.27,9.63,10.32,10.32,11.18,12.32
48251,10.1,9.73,10.78,10.85,12.18,11.62,10.95
48253,7.5,7.27,8.11,8.44,8.13,8.09,8.04
48255,6.4,6.85,7.18,7.46,7.6,7.43,7.4
48257,12.8,12.55,12.08,12.85,13.5,15.12,16.73
48259,6.7,7.93,8.09,8.9,8.87,8.7,8.49
48261,6.4,6.78,7.53,8.25,8.22,8.35,8.47
48263,6.8,7.23,8.04,8.77,8.69,8.88,8.95
48265,11.4,13.43,13.64,15.4,15.77,15.65,15.5
48267,8.0,8.96,9.62,10.36,10.79,10.67,10.63
48269,7.4,7.87,8.69,9.46,9.51,9.69,9.69
48271,4.4,4.69,5.18,5.62,5.65,5.73,5.93
48273,7.1,7.46,7.74,8.7,9.06,9.45,9.66
48275,7.4,7.84,8.73,9.46,9.45,9.59,9.6
48277,13.0,11.62,12.24,12.91,13.59,12.95,12.17
48279,9.6,9.7,10.49,11.32,12.24,11.48,10.73
48281,7.4,7.55,8.19,9.51,8.75,9.3,9.76
48283,7.2,8.29,9.15,9.75,9.44,9.79,10.14
48285,6.9,6.73,6.89,7.85,8.32,8.04,7.79
48287,7.3,7.99,8.6,9.88,9.82,9.29,8.55
48289,11.2,12.75,14.84,16.23,14.27,15.29,16.19
48291,14.7,16.72,15.47,17.07,15.57,17.42,19.18
48293,9.1,8.54,9.67,9.77,11.53,10.85,10.0
48295,8.8,9.35,10.23,11.62,11.79,11.7,11.55
48297,6.2,6.61,7.32,8.64,7.84,7.77,7.64
48299,14.1,14.82,17.84,16.69,17.49,16.34,15.22
48301,13.2,13.97,15.56,16.9,16.94,17.24,17.52
48303,10.6,10.27,11.55,13.5,14.69,14.34,14.13
48305,7.8,8.28,9.47,9.99,10.69,11.62,12.68
48307,7.1,7.78,8.42,9.45,9.23,9.25,9.17
48309,7.2,8.8,8.81,9.26,10.91,10.86,10.76
48311,6.6,7.06,7.79,8.42,8.47,8.69,8.79
48313,8.0,9.22,9.32,10.04,10.06,9.86,9.69
48315,13.3,14.62,15.65,18.11,17.87,18.77,19.71
48317,9.4,9.92,10.91,11.91,14.04,12.94,11.96
48319,6.6,7.02,7.76,8.52,8.49,8.61,8.69
48321,9.8,8.94,10.67,10.98,10.89,10.68,10.48
48323,4.2,4.08,4.66,4.8,5.04,5.05,4.81
48325,4.3,4.72,5.26,5.38,5.73,6.1,6.41
48327,8.2,8.68,11.0,11.05,11.15,10.94,10.75
48329,10.6,9.29,7.98,8.21,9.52,9.05,8.64
48331,8.2,8.95,9.13,9.94,9.33,10.03,10.7
48333,8.4,8.9,11.31,11.31,10.96,12.02,12.66
48335,7.7,8.16,9.0,11.04,10.31,10.15,10.2
48337,15.3,16.1,16.96,19.92,21.88,20.24,18.57
48339,9.4,11.0,12.11,15.25,13.93,14.97,15.67
48341,6.2,6.54,7.26,7.52,7.99,8.01,8.0
48343,9.9,10.48,11.01,11.86,12.29,13.15,13.98
48345,7.6,8.1,8.95,9.72,9.75,9.94,10.1
48347,10.4,13.69,11.77,12.38,11.09,11.31,11.73
48349,8.9,9.65,10.83,12.04,12.23,12.76,13.17
48351,18.0,19.04,20.71,20.89,20.45,22.03,23.56
48353,12.1,13.31,13.6,13.39,13.93,16.08,18.12
48355,17.5,18.2,18.1,20.18,17.49,15.55,13.7
48357,6.9,7.37,7.74,8.33,8.32,8.45,8.6
48359,10.9,11.6,13.52,14.17,14.03,14.15,14.84
48361,19.9,21.24,19.62,25.8,23.28,22.44,21.68
48363,16.2,14.9,14.93,18.84,16.58,16.88,17.33
48365,9.5,9.64,10.78,13.02,11.54,12.76,13.94
48367,11.5,12.23,13.72,13.52,11.16,12.0,12.95
48369,5.5,5.82,6.42,6.96,6.99,7.13,7.21
48371,6.8,6.99,7.89,8.27,8.44,8.32,8.3
48373,19.1,18.14,17.77,18.14,18.77,17.76,16.7
48375,14.7,14.28,15.55,15.02,14.59,18.64,22.62
48377,5.6,5.95,6.54,7.11,7.12,7.25,7.43
48379,10.7,12.25,12.7,14.09,14.17,14.88,15.71
48381,8.2,10.55,11.69,13.64,12.26,12.16,12.05
48383,13.3,12.83,14.49,15.22,15.01,16.55,17.92
48385,6.5,6.92,7.63,8.37,8.42,8.6,8.7
48387,10.5,11.13,13.28,13.03,13.18,13.4,13.74
48389,14.5,15.81,16.35,16.62,15.77,16.69,17.59
48391,11.2,12.94,12.96,14.12,14.22,14.55,14.75
48393,8.3,8.9,9.77,10.65,10.64,10.84,11.01
48395,11.3,11.02,11.3,12.88,12.56,14.72,16.97
48397,8.2,7.96,7.59,10.08,11.01,8.94,7.04
48399,6.5,6.62,7.14,8.09,7.89,7.9,7.92
48401,8.8,8.67,9.1,9.92,10.23,11.18,12.29
48403,10.6,11.2,12.36,14.38,14.3,14.49,14.42
48405,10.8,10.97,11.91,13.85,13.23,13.62,14.29
48407,13.2,16.04,17.93,20.52,18.16,18.56,18.9
48409,13.8,13.51,13.82,14.67,14.84,14.23,13.91
48411,7.8,8.25,9.48,9.95,10.27,10.27,10.07
48413,7.4,8.24,8.81,9.42,9.41,9.61,9.87
48415,9.0,9.19,10.37,10.42,10.58,10.46,10.46
48417,6.2,6.62,7.32,7.98,8.02,8.52,9.03
48419,10.2,9.97,12.68,12.96,11.94,13.92,16.07
48421,9.7,9.9,10.79,11.67,12.12,12.05,11.89
48423,9.8,9.78,9.7,9.64,9.92,10.68,11.3
48425,7.8,8.99,9.45,10.0,9.96,10.79,12.01
48427,3.1,3.24,3.5,3.72,3.93,4.08,4.2
48429,6.6,7.05,7.76,8.34,8.38,8.82,9.42
48431,8.3,8.86,9.79,10.63,10.61,10.84,11.07
48433,6.8,7.28,7.99,8.72,9.14,9.11,8.98
48435,6.6,7.35,7.83,8.53,8.61,8.62,8.96
48437,7.2,7.33,8.38,8.77,9.05,8.93,8.81
48439,10.0,9.42,10.25,10.01,9.18,8.75,8.51
48441,12.4,12.38,13.42,13.16,13.04,12.02,10.96
48443,7.8,8.26,9.45,10.03,9.94,10.15,10.49
48445,6.9,7.31,8.41,9.23,9.26,9.08,8.92
48447,10.6,11.23,12.45,13.49,14.04,14.01,13.94
48449,8.8,7.48,7.33,8.43,7.76,8.55,9.25
48451,10.3,10.09,12.29,12.38,10.73,10.72,10.83
48453,11.5,11.76,12.16,12.25,12.85,13.17,13.19
48455,15.1,15.95,18.06,19.62,21.09,19.26,17.39
48457,17.5,16.55,18.06,18.67,21.67,21.11,20.56
48459,8.2,9.26,10.91,12.02,11.82,12.96,14.23
48461,9.2,10.2,11.05,11.89,11.78,13.57,15.41
48463,5.2,5.72,6.65,7.56,7.73,7.59,7.51
48465,5.4,5.67,6.42,7.41,7.23,6.72,6.11
48467,14.9,13.74,14.9,14.15,13.27,14.55,15.56
48469,9.2,8.96,10.08,11.44,10.47,10.71,10.93
48471,6.6,6.69,7.38,8.57,8.6,9.0,9.56
48473,9.0,10.42,9.89,11.99,11.34,11.0,10.65
48475,11.4,12.51,12.41,14.57,13.92,13.79,13.87
48477,6.1,6.2,6.43,7.33,8.03,7.75,7.73
48479,8.7,9.35,11.19,13.02,10.98,10.76,10.65
48481,6.6,7.21,8.72,9.47,9.27,12.01,14.98
48483,10.0,10.16,11.62,12.12,12.51,12.39,12.27
48485,18.4,16.2,16.6,16.23,16.48,16.11,15.95
48487,12.5,12.65,12.76,13.33,13.16,14.41,15.68
48489,5.6,5.45,6.1,6.84,7.81,7.29,6.79
48491,6.8,6.66,6.86,6.05,6.91,6.69,6.63
48493,6.9,6.29,6.31,7.29,7.42,7.87,8.32
48495,14.2,14.98,15.86,16.99,16.95,17.9,18.51
48497,11.0,11.06,13.05,14.51,13.08,13.88,14.81
48499,10.7,11.12,12.07,14.05,13.17,12.72,12.19
48501,10.8,11.38,12.51,13.55,13.6,13.84,14.06
48503,22.4,21.99,24.15,28.51,27.88,24.84,21.55
48505,6.5,6.82,8.46,8.87,8.48,8.68,9.03
48507,6.1,6.69,7.56,7.86,8.1,8.22,8.51
49001,20.0,20.33,22.07,24.64,24.02,25.97,27.83
49003,17.1,19.18,23.41,21.35,20.62,19.96,19.23
49005,11.4,10.9,11.9,12.49,13.19,12.07,11.04
49007,43.5,41.68,49.38,48.98,45.54,42.48,39.53
49009,17.7,19.66,23.03,23.56,23.09,23.31,23.48
49011,15.5,16.47,17.82,17.53,15.82,14.99,14.31
49013,22.3,24.82,25.81,24.11,25.94,25.39,24.91
49015,29.3,30.89,35.0,36.71,41.7,40.14,38.61
49017,14.2,15.71,18.34,19.37,19.99,19.1,18.2
49019,16.7,18.26,19.5,21.72,24.41,24.93,25.38
49021,16.7,19.35,23.23,22.55,21.15,19.14,17.48
49023,21.0,21.27,22.92,26.25,24.98,26.54,28.21
49025,21.2,21.55,25.12,25.65,25.19,25.3,25.32
49027,16.2,17.71,20.39,22.95,23.37,24.73,25.99
49029,17.1,14.89,15.29,17.24,17.52,16.65,15.91
49031,15.8,16.7,18.56,20.13,20.21,20.55,20.92
49033,14.9,16.5,17.69,19.05,19.78,19.68,19.35
49035,24.1,25.07,24.2,24.26,23.46,22.46,21.59
49037,10.8,12.35,12.9,14.07,13.71,14.25,14.9
49039,18.1,18.84,19.02,22.24,20.99,19.59,18.35
49041,18.8,18.99,22.52,24.67,25.61,27.04,28.58
49043,15.5,15.71,17.64,18.84,17.92,17.35,16.61
49045,30.4,25.94,22.42,24.28,24.7,24.83,25.04
49047,16.5,17.26,18.61,19.36,21.44,23.71,26.01
49049,16.3,16.84,17.6,18.28,16.89,15.35,13.98
49051,13.7,14.73,16.5,18.15,16.73,17.4,18.04
49053,17.3,19.76,18.52,20.51,21.8,19.93,17.98
49055,20.3,21.44,24.73,26.12,29.19,27.57,25.79
49057,24.9,27.7,26.64,27.07,25.89,24.81,23.74
50001,10.0,10.11,12.48,12.29,12.76,12.55,12.36
50003,16.1,14.4,18.84,17.0,21.92,22.29,22.59
50005,13.8,13.98,16.53,19.36,19.42,22.9,26.36
50007,12.7,13.96,15.83,18.98,14.96,14.79,14.69
50009,14.3,16.48,16.57,17.29,17.75,18.29,18.79
50011,15.7,17.89,17.62,20.52,21.69,19.44,17.12
50013,12.6,13.92,15.53,15.62,15.26,15.38,15.24
50015,12.5,12.29,13.51,14.48,15.08,15.41,15.75
50017,13.2,14.36,16.74,19.54,19.02,17.99,16.95
50019,13.8,16.68,18.83,18.53,18.62,18.8,18.94
50021,16.4,18.48,21.02,22.67,27.71,26.19,24.72
50023,10.9,13.65,16.7,18.27,20.86,19.25,17.59
50025,20.6,18.67,21.25,30.06,37.46,38.5,39.46
50027,16.9,20.56,23.78,24.13,27.13,26.9,26.62
51001,15.2,13.56,14.39,15.22,15.67,16.05,16.34
51003,6.3,6.17,6.63,7.66,7.2,7.94,8.79
51005,13.3,13.45,16.39,16.97,15.78,15.46,15.25
51007,10.0,10.6,12.15,12.81,12.71,16.17,19.3
51009,8.4,8.32,9.88,10.47,9.74,12.31,14.88
51011,6.6,7.31,8.09,8.14,8.21,8.35,8.63
51013,6.1,6.96,8.77,8.47,7.28,7.51,7.76
51015,11.9,10.73,12.84,15.79,15.9,15.04,14.02
51017,11.0,11.65,12.96,14.07,14.6,14.57,14.49
51019,9.7,10.98,11.91,15.93,14.02,13.34,13.01
51021,26.9,28.4,30.11,33.29,31.3,32.3,33.07
51023,11.5,12.09,11.82,12.98,16.45,16.49,16.66
51025,8.2,8.99,10.5,12.9,12.57,13.6,14.5
51027,37.9,41.76,40.12,40.89,44.96,42.75,40.58
51029,5.5,5.82,6.44,7.17,7.25,7.47,7.76
51031,10.3,9.83,11.2,12.16,13.67,11.95,10.25
51033,12.6,13.79,18.32,19.48,21.2,18.27,15.21
51035,19.8,16.21,15.08,17.22,16.12,19.14,22.23
51036,12.1,13.36,16.27,16.73,17.05,18.22,19.51
51037,10.1,10.71,12.22,13.4,13.43,15.31,17.26
51041,9.8,10.82,17.05,19.03,22.58,23.03,23.41
51043,12.6,13.85,15.86,16.15,15.82,17.75,19.75
51045,13.6,14.36,16.48,17.46,17.29,17.59,18.02
51047,21.6,21.21,22.08,30.0,27.54,24.58,21.71
51049,9.4,10.36,11.59,13.72,12.6,13.33,14.03
51051,44.7,45.28,46.9,49.26,48.03,52.45,56.79
51053,9.3,10.14,10.82,12.3,13.41,13.57,13.6
51057,9.3,10.28,11.99,12.12,12.86,12.42,11.94
51059,6.5,7.08,8.37,9.48,8.82,8.55,8.37
51061,14.4,16.98,24.26,24.03,22.11,22.96,23.63
51063,11.3,11.46,12.02,14.21,13.73,14.11,14.58
51065,7.4,7.43,8.11,9.01,11.27,9.81,8.22
51067,16.6,16.34,20.48,19.72,25.11,21.74,18.45
51069,20.3,21.74,22.86,21.58,21.87,20.17,18.48
51071,20.5,23.08,23.99,28.75,24.94,25.35,25.7
51073,13.6,14.24,18.48,19.06,18.92,17.05,15.36
51075,11.2,11.73,12.73,13.69,13.27,13.77,14.06
51077,9.3,10.27,11.39,11.88,11.71,12.36,13.1
51079,8.5,9.77,10.13,11.9,12.32,13.63,14.96
51081,9.4,9.52,10.3,13.57,13.38,12.56,11.81
51083,8.6,10.15,11.36,11.49,14.2,16.0,17.76
51085,12.2,12.23,12.24,16.41,16.41,17.47,18.51
51087,11.2,13.22,16.45,18.41,18.14,19.14,20.34
51089,22.9,20.98,22.43,26.52,28.36,30.55,32.72
51091,12.2,13.52,14.61,15.67,15.66,16.0,16.21
51093,9.2,10.71,12.36,13.54,15.42,14.48,13.61
51095,8.6,9.17,10.5,11.95,11.04,10.83,10.39
51097,13.7,13.92,16.42,17.45,20.24,18.12,15.96
51099,14.3,16.74,19.85,24.51,25.65,24.99,24.5
51101,12.1,14.95,17.71,20.13,18.65,18.37,17.82
51103,11.7,11.92,13.49,14.69,15.32,14.21,13.27
51105,26.6,23.06,24.18,27.15,30.15,29.23,28.3
51107,8.0,6.85,8.59,8.15,7.92,7.49,6.9
51109,11.4,13.27,14.73,16.8,17.68,22.69,27.74
51111,7.1,7.54,8.01,8.56,8.8,9.03,9.69
51113,12.5,14.34,15.54,16.65,17.21,18.35,19.21
51115,12.1,13.28,14.3,15.33,14.78,14.28,13.65
51117,10.5,12.31,13.38,14.79,18.11,16.51,14.76
51119,11.8,12.99,14.03,18.16,16.16,15.65,15.09
51121,11.0,10.46,12.29,13.24,12.92,12.83,12.82
51125,8.5,8.9,12.01,13.27,12.11,12.75,13.24
51127,10.4,11.31,11.25,15.62,15.19,14.74,14.13
51131,11.7,10.98,12.6,14.28,13.52,14.0,14.31
51133,11.3,11.88,12.08,14.28,13.69,13.75,13.71
51135,8.6,8.38,9.63,9.86,10.8,11.41,12.04
51137,22.1,20.48,27.78,25.71,28.33,27.48,26.66
51139,18.0,16.58,18.91,19.23,19.65,21.31,22.87
51141,20.6,22.45,23.09,22.09,22.61,23.78,25.14
51143,9.9,11.38,12.54,13.74,15.12,17.55,19.72
51145,12.1,11.84,12.53,16.34,14.82,16.38,17.85
51147,6.9,7.83,9.51,9.48,8.96,9.25,9.72
51149,9.8,10.29,11.92,15.21,13.94,14.04,14.03
51153,8.3,7.97,10.59,12.74,12.7,13.25,13.78
51155,30.9,27.38,29.83,33.21,31.71,34.64,37.49
51157,20.2,20.66,22.34,22.24,21.69,22.6,23.51
51159,12.7,13.96,14.52,15.92,16.04,16.92,17.73
51161,16.8,14.59,17.19,20.37,20.09,17.72,15.44
51163,9.6,11.86,12.18,12.74,12.56,12.79,13.11
51165,7.8,7.41,8.24,9.26,8.65,9.76,10.92
51167,33.7,29.03,31.62,31.11,27.45,27.96,28.34
51169,17.2,17.45,20.74,19.55,20.48,19.92,19.34
51171,12.5,18.01,17.68,19.67,19.01,22.12,25.36
51173,16.0,17.94,19.17,20.98,20.64,21.41,22.04
51175,8.6,9.02,10.38,10.85,11.65,11.31,10.98
51177,11.8,14.36,17.9,17.15,19.44,20.99,22.61
51179,9.1,10.95,14.45,13.95,15.1,17.64,20.0
51181,11.0,11.16,12.24,14.33,14.12,14.23,14.23
51183,9.0,9.12,10.4,12.22,11.73,12.2,12.73
51185,33.9,34.34,33.24,35.26,34.87,41.43,48.0
51187,21.5,25.15,25.03,31.2,30.72,33.56,36.35
51191,18.3,16.65,16.57,19.37,17.39,18.12,18.73
51193,14.8,19.58,24.27,26.86,24.89,27.76,30.68
51195,32.2,34.96,39.17,46.17,40.91,41.02,41.08
51197,25.4,24.22,26.75,26.41,22.54,22.52,22.56
51199,8.6,9.33,9.6,10.76,11.61,13.57,15.23
51510,7.7,8.49,9.52,10.05,9.06,11.32,13.49
51520,23.4,21.42,24.6,24.34,25.25,25.97,26.68
51530,8.1,8.64,9.58,10.73,10.89,10.73,10.66
51540,8.9,9.01,9.62,10.78,11.01,11.32,11.49
51550,11.4,15.24,17.68,18.66,17.77,16.92,16.03
51570,16.0,17.56,20.72,25.96,28.31,25.45,22.82
51580,15.5,16.43,18.15,25.12,21.02,20.47,20.04
51590,18.2,15.46,15.96,16.76,18.67,20.88,23.01
51595,9.0,9.54,10.55,11.39,11.88,11.91,11.93
51600,11.2,14.34,16.41,17.79,15.85,18.06,20.3
51610,7.2,7.6,8.7,11.66,11.15,10.05,8.92
51620,11.0,11.67,12.9,15.15,14.98,14.61,14.25
51630,17.2,19.92,21.29,22.57,25.93,22.26,18.62
51640,13.0,14.43,14.86,16.42,15.89,17.3,18.55
51650,10.9,14.2,18.72,16.83,18.36,24.38,30.31
51660,7.5,7.82,8.81,10.73,10.34,11.29,12.1
51670,16.8,18.24,25.12,30.4,34.58,32.82,31.19
51678,6.9,7.33,8.33,8.79,9.12,9.42,9.73
51680,8.0,8.63,9.83,11.18,12.04,14.81,17.54
51683,14.7,13.62,15.31,18.02,18.78,21.44,24.42
51685,7.2,7.31,8.36,10.15,9.07,9.53,9.9
51690,28.9,27.36,28.88,32.67,34.53,35.84,37.0
51700,14.7,13.38,18.34,17.33,19.5,19.66,19.79
51710,13.1,15.62,22.59,23.22,21.01,20.51,19.79
51720,23.1,25.53,28.52,29.79,31.8,31.85,31.9
51730,18.0,20.72,28.89,32.96,29.41,35.59,41.81
51735,11.7,12.85,16.06,14.96,14.24,15.28,16.33
51740,18.4,19.26,24.27,25.4,25.98,29.4,32.69
51750,11.4,11.54,13.96,13.92,14.98,14.6,14.24
51760,22.9,22.33,27.26,31.46,32.69,37.97,43.27
51770,17.8,22.14,20.99,35.17,42.55,39.15,35.49
51775,23.4,19.57,20.99,25.08,26.09,26.84,27.51
51790,17.1,17.89,17.59,19.99,19.68,18.7,17.71
51800,9.7,9.71,10.01,10.88,11.1,12.92,14.71
51810,11.9,12.94,16.44,16.62,15.34,12.94,10.6
51820,14.3,16.79,16.42,17.4,18.57,23.37,28.24
51830,12.7,11.98,13.65,15.38,14.68,16.22,17.87
51840,22.7,22.28,27.88,28.4,25.35,29.75,34.17
53001,6.4,6.77,7.48,8.45,7.91,8.77,9.58
53003,15.6,16.46,20.37,21.19,18.65,18.47,18.43
53005,12.1,15.73,15.62,15.92,15.35,14.91,14.63
53007,11.8,12.93,13.95,14.68,14.0,16.06,18.19
53009,17.9,20.2,25.4,25.82,25.88,25.26,24.48
53011,13.6,14.3,13.82,15.88,14.39,14.44,14.2
53013,10.7,11.34,12.08,13.47,13.61,13.38,13.1
53015,22.2,19.58,21.12,22.99,21.62,21.37,21.16
53017,10.7,13.28,14.15,12.93,12.56,14.06,15.51
53019,20.5,21.6,21.31,23.72,24.07,23.73,23.17
53021,7.9,8.01,9.16,9.59,10.0,9.36,8.58
53023,11.8,12.52,14.47,15.36,15.17,15.32,15.63
53025,10.7,13.25,13.38,15.29,16.1,15.48,14.94
53027,23.1,23.21,27.12,27.0,23.85,25.32,26.71
53029,14.3,13.97,12.25,14.83,12.15,12.95,13.88
53031,16.3,17.64,20.95,22.82,22.32,21.73,21.36
53033,14.4,13.74,14.12,14.88,15.92,17.52,19.2
53035,12.6,14.93,15.03,14.16,15.2,15.36,15.57
53037,8.7,9.45,9.32,11.02,10.05,11.72,13.46
53039,11.3,11.97,14.58,15.02,14.81,17.7,20.58
53041,18.3,17.6,18.38,18.63,18.45,18.79,19.12
53043,14.0,13.67,16.52,17.06,16.63,16.8,16.89
53045,19.9,20.61,20.65,20.64,19.76,22.1,24.44
53047,16.1,17.21,16.64,15.59,19.77,18.42,17.17
53049,19.7,20.65,22.31,25.12,23.41,22.28,21.23
53051,17.7,19.37,19.86,20.22,19.12,21.84,24.49
53053,15.2,16.34,17.2,18.06,17.64,17.07,16.89
53055,11.9,12.08,15.27,15.77,16.22,17.12,18.02
53057,14.2,17.36,19.1,18.86,18.92,17.34,15.74
53059,14.5,14.71,16.0,18.4,16.99,17.26,17.59
53061,17.0,17.41,16.71,17.19,19.45,21.11,22.6
53063,13.7,17.6,21.01,18.76,17.17,16.55,15.66
53065,15.5,15.16,18.88,19.78,18.74,16.18,14.08
53067,10.5,12.84,12.07,13.06,13.62,14.16,14.6
53069,15.5,16.4,18.07,20.35,20.64,20.19,20.12
53071,20.0,17.41,17.04,20.84,19.75,18.6,17.37
53073,8.9,12.15,10.37,11.49,9.45,9.97,10.63
53075,6.4,7.82,8.21,9.27,8.57,8.62,9.13
53077,10.2,11.14,11.51,13.9,14.64,16.36,17.71
54001,14.3,16.23,17.5,20.09,20.48,21.06,21.5
54003,39.6,40.37,59.24,67.68,58.95,52.4,46.01
54005,78.9,72.44,61.73,66.11,83.77,72.35,60.83
54007,18.2,19.21,20.99,24.12,25.57,24.84,24.37
54009,35.5,35.86,40.3,40.2,37.52,39.99,42.54
54011,51.5,68.24,84.84,119.92,116.51,104.49,92.89
54013,15.3,15.56,16.27,17.93,19.57,18.48,17.23
54015,24.0,26.2,29.1,28.31,32.62,30.46,28.14
54017,14.5,15.27,17.56,18.47,17.74,18.42,19.01
54019,37.2,34.59,37.59,53.2,51.77,58.97,66.02
54021,10.3,10.96,12.05,13.04,13.51,14.02,14.63
54023,12.9,14.79,17.97,17.9,21.75,20.55,19.27
54025,29.4,30.42,29.35,30.63,32.93,34.22,35.53
54027,30.3,38.85,47.14,45.82,49.01,54.51,59.95
54029,47.3,45.65,45.5,49.73,45.7,53.03,60.36
54031,14.4,15.84,17.47,19.61,22.07,21.1,19.94
54033,27.1,27.28,32.14,31.4,31.41,35.55,39.73
54035,18.4,19.2,20.04,22.4,23.54,22.34,21.27
54037,24.0,27.71,41.29,39.48,38.88,40.75,42.68
54039,41.6,50.36,55.84,62.63,63.76,69.61,75.43
54041,12.9,14.05,15.58,21.74,21.32,20.85,20.36
54043,44.2,42.45,51.51,62.1,57.29,57.47,57.52
54045,58.2,61.43,57.73,79.84,70.08,80.31,90.61
54047,57.4,95.02,83.45,78.67,82.72,75.81,68.91
54049,15.4,15.91,18.41,19.82,23.61,29.3,35.02
54051,18.1,17.75,21.88,23.6,24.42,25.12,25.92
54053,36.6,32.42,41.3,48.08,45.69,40.5,35.22
54055,64.1,59.34,65.38,61.52,59.84,51.88,43.91
54057,16.6,19.92,27.65,26.77,28.94,29.4,29.76
54059,75.9,61.89,73.75,70.69,57.83,57.2,56.31
54061,14.0,14.11,20.83,23.7,21.37,22.02,22.64
54063,24.7,26.84,30.56,32.27,32.08,33.53,34.94
54065,28.2,29.52,33.81,46.21,42.66,44.02,45.48
54067,31.0,33.27,39.87,36.83,30.92,31.57,32.0
54069,21.9,25.98,26.71,33.39,37.01,37.19,37.63
54071,12.6,12.78,14.49,16.47,16.72,16.53,16.38
54073,14.9,15.77,16.65,17.74,19.01,18.48,18.17
54075,23.5,27.88,29.34,30.11,29.67,30.08,30.21
54077,17.9,15.94,20.24,20.74,18.37,18.88,19.27
54079,22.1,27.52,30.37,41.95,39.28,37.23,35.29
54081,49.9,65.33,61.93,69.36,67.0,79.17,91.42
54083,16.0,15.67,18.89,19.62,18.37,19.88,21.48
54085,13.6,14.41,15.9,18.49,17.7,19.03,20.2
54087,18.7,20.42,27.07,25.23,25.63,24.56,23.48
54089,38.1,41.31,49.46,49.8,49.11,46.78,44.49
54091,14.3,15.67,16.74,20.5,21.44,20.09,18.81
54093,9.9,10.43,11.97,12.68,13.12,13.48,13.91
54095,13.8,14.62,16.18,17.4,18.11,18.71,19.02
54097,11.3,12.84,14.31,17.13,16.24,15.55,14.93
54099,42.3,41.81,63.09,87.74,71.48,64.11,56.7
54101,29.5,33.51,34.89,36.9,36.79,38.67,40.46
54103,16.3,19.26,20.27,23.87,24.64,23.67,22.87
54105,15.8,16.67,17.69,19.66,20.63,22.19,23.7
54107,23.9,25.01,36.86,29.62,30.71,34.32,37.72
54109,78.0,89.12,82.27,79.04,71.4,70.89,70.3
55001,18.4,19.35,19.65,25.09,28.91,26.71,24.32
55003,15.5,17.01,16.85,19.47,19.33,20.95,22.74
55005,7.5,7.59,8.51,8.93,8.47,8.48,8.45
55007,8.9,9.01,9.28,10.71,10.94,10.85,10.72
55009,10.6,10.99,12.37,14.18,12.15,13.84,15.65
55011,6.9,6.94,7.86,8.32,8.89,8.68,8.12
55013,10.8,10.59,12.2,11.92,12.44,12.84,13.29
55015,7.4,7.44,7.78,8.17,8.33,8.89,9.4
55017,7.7,8.61,10.03,13.04,12.14,12.48,13.0
55019,5.1,5.17,5.98,6.63,6.44,6.49,6.45
55021,15.3,18.66,22.71,22.27,23.82,24.59,25.19
55023,9.2,10.92,11.62,12.78,11.99,12.72,13.39
55025,15.2,15.68,18.14,19.43,19.07,21.16,23.54
55027,13.3,18.29,22.31,22.64,22.89,21.97,20.98
55029,7.1,7.83,7.81,8.69,8.21,9.07,10.03
55031,10.9,11.42,12.7,14.98,14.21,17.88,21.45
55033,6.3,7.65,8.12,8.37,7.9,8.53,8.86
55035,8.6,8.94,10.04,10.47,11.17,12.66,14.16
55037,13.4,14.93,16.01,18.57,17.64,19.0,20.41
55039,11.4,13.0,13.54,12.41,14.04,13.79,13.75
55041,18.8,18.34,19.63,23.49,26.25,25.79,25.28
55043,7.7,7.32,8.79,9.37,8.33,8.89,9.37
55045,9.3,9.72,12.1,11.26,12.85,12.86,13.07
55047,12.6,11.92,13.44,14.12,13.14,14.38,15.6
55049,10.2,10.34,12.44,12.46,12.14,12.26,12.49
55051,10.9,12.15,13.06,15.2,15.54,14.78,14.13
55053,10.6,12.11,13.06,17.41,14.34,13.79,13.23
55055,13.6,13.46,13.35,17.95,16.49,16.79,17.23
55057,10.9,12.39,14.82,15.24,15.57,16.24,17.3
55059,25.0,23.09,26.89,29.13,26.7,22.75,18.94
55061,6.8,6.87,7.76,8.2,8.37,8.57,8.88
55063,9.6,10.93,15.28,18.08,16.8,17.12,17.51
55065,6.0,6.17,7.64,7.85,8.03,7.66,7.21
55067,10.7,13.24,13.61,14.34,14.16,13.89,13.5
55069,10.4,10.47,10.98,11.65,12.36,13.31,14.23
55071,15.6,17.3,15.62,15.87,16.37,16.76,16.98
55073,6.9,8.43,9.8,10.67,9.48,10.06,10.91
55075,9.2,10.41,12.37,13.13,12.73,14.36,16.01
55077,17.9,16.83,22.04,26.7,27.81,23.11,18.53
55078,19.5,19.81,21.56,26.18,25.22,24.31,23.36
55079,25.9,26.5,31.3,34.92,36.47,39.92,43.39
55081,14.6,11.94,12.53,13.96,15.07,19.45,23.85
55083,6.3,6.31,7.27,7.46,7.42,8.03,8.5
55085,9.3,10.19,11.94,10.91,12.39,11.6,10.96
55087,7.7,9.23,9.94,10.52,8.63,9.94,11.28
55089,9.7,9.31,9.16,11.29,10.21,10.79,11.31
55091,5.9,6.27,6.98,7.55,7.56,8.72,9.82
55093,7.5,7.34,7.54,9.02,8.79,8.22,7.91
55095,6.6,7.5,7.01,7.33,8.08,7.52,6.86
55097,8.0,7.89,9.39,10.22,9.74,10.64,11.31
55099,7.9,8.36,9.98,11.08,10.83,11.29,11.75
55101,21.0,19.62,17.28,22.01,17.83,18.87,20.08
55103,10.2,10.38,14.24,15.11,14.12,14.94,16.11
55105,18.8,18.9,23.25,26.32,26.62,26.47,26.67
55107,9.0,9.59,9.8,11.57,11.44,11.57,11.83
55109,6.7,6.8,7.51,8.21,8.77,8.52,8.29
55111,13.9,16.94,20.19,19.2,21.59,22.2,22.77
55113,18.9,17.85,18.69,21.35,21.73,22.17,22.63
55115,7.9,7.99,9.28,11.51,11.01,11.35,11.7
55117,10.5,13.99,16.6,17.03,15.25,16.39,17.75
55119,4.7,5.45,5.65,6.0,6.2,6.35,6.77
55121,7.1,6.64,8.34,8.03,9.14,8.52,7.92
55123,8.9,7.53,9.21,9.54,8.74,8.93,8.95
55125,15.7,19.09,18.33,19.28,19.82,22.43,24.9
55127,13.9,14.36,16.3,17.46,18.63,21.37,23.98
55129,8.6,10.29,10.91,11.61,10.73,10.6,10.23
55131,13.4,12.75,15.04,15.72,15.45,15.71,16.05
55133,12.7,11.98,14.27,16.87,17.24,16.3,15.25
55135,8.1,8.76,9.02,10.0,10.84,11.01,11.07
55137,7.6,7.64,9.36,9.62,9.85,9.74,9.65
55139,14.8,14.43,14.82,17.55,16.97,14.98,12.86
55141,8.7,10.29,12.98,12.5,11.13,12.91,14.83
56001,11.3,11.42,13.54,13.04,12.32,13.29,14.27
56003,13.2,14.51,17.36,19.97,19.08,20.47,21.62
56005,13.7,12.98,12.81,14.09,13.42,13.4,13.55
56007,20.8,22.72,25.84,26.42,23.03,22.76,22.41
56009,9.3,9.83,12.22,11.84,11.84,11.56,11.2
56011,7.5,7.59,8.32,9.26,9.02,9.1,9.23
56013,17.5,22.44,21.18,18.8,20.6,23.43,26.12
56015,8.6,9.51,9.8,10.34,11.06,11.11,11.4
56017,12.1,12.3,13.45,15.11,14.73,14.91,15.08
56019,10.5,11.55,12.95,13.51,12.84,13.39,13.95
56021,17.7,17.03,15.16,16.18,14.65,16.38,18.22
56023,15.0,15.2,17.56,17.91,15.98,17.05,18.13
56025,20.6,18.54,19.64,17.89,18.13,18.33,18.64
56027,9.1,10.08,10.88,11.69,11.62,11.85,11.74
56029,11.0,12.47,14.29,14.62,13.92,13.0,12.17
56031,12.1,12.85,14.09,14.72,15.66,15.66,15.84
56033,9.4,9.57,10.34,11.44,11.15,11.2,11.76
56035,8.4,8.5,9.63,10.17,10.89,10.84,10.81
56037,22.1,18.58,22.23,20.51,19.5,19.99,20.37
56039,7.0,7.39,8.74,9.27,9.16,9.7,10.13
56041,24.2,23.76,23.7,23.04,21.02,21.2,21.57
56043,12.1,13.3,14.84,15.53,17.94,17.21,16.41
56045,8.1,8.63,9.53,10.24,10.72,10.68,10.61
