FIPS,2014 SVI Disability Ests,2015 SVI Disability Ests,2016 SVI Disability Ests,2017 SVI Disability Ests,2018 SVI Disability Ests,2019 SVI Disability Ests,2020 SVI Disability Preds
01001,57.62,63.02,69.81,73.91,77.1,74.98,72.97
01003,39.83,38.31,36.39,35.67,35.44,35.84,36.21
01005,84.75,86.32,88.22,89.35,90.17,85.9,81.55
01007,55.71,51.93,47.08,50.43,56.84,62.42,67.95
01009,65.87,58.99,50.46,44.92,40.44,40.73,41.09
01011,85.8,80.13,72.9,61.34,48.08,36.9,25.6
01013,89.97,86.46,82.1,77.08,71.66,64.55,57.52
01015,77.84,80.08,83.04,84.39,85.13,85.08,85.11
01017,84.24,79.1,72.75,67.85,63.41,65.77,68.36
01019,91.12,90.44,89.56,87.19,84.24,76.3,68.43
01021,66.92,65.84,64.44,65.47,67.31,72.85,78.17
01023,96.75,97.2,97.8,98.28,98.74,98.42,98.06
01025,54.76,54.55,54.3,57.3,61.54,67.54,73.54
01027,82.43,74.71,65.11,58.05,51.86,58.7,65.47
01029,84.24,86.44,89.27,90.52,91.34,89.64,87.99
01031,65.87,67.96,70.75,70.59,69.25,68.35,67.22
01033,84.24,82.86,81.2,79.24,77.1,73.68,70.18
01035,94.08,92.39,90.21,90.63,91.77,92.13,92.65
01037,88.16,89.33,90.83,91.49,91.81,92.5,93.23
01039,88.98,88.57,88.02,87.25,86.39,85.37,84.31
01041,76.5,77.6,79.07,81.78,84.89,87.51,90.22
01043,66.92,62.2,56.39,58.69,64.07,68.82,73.4
01045,81.95,83.75,86.02,87.01,87.52,87.52,87.63
01047,87.33,81.97,75.34,72.08,70.14,69.88,69.55
01049,57.62,55.13,51.97,50.81,50.36,43.58,36.86
01051,50.08,55.89,63.09,66.55,68.55,63.39,58.04
01053,84.75,84.42,84.01,81.58,78.39,76.7,75.18
01055,84.75,83.65,82.24,81.6,81.22,77.61,73.81
01057,97.01,97.59,98.33,98.29,97.85,97.22,96.61
01059,78.16,77.75,77.29,68.75,57.17,45.71,34.09
01061,92.36,91.88,91.29,90.45,89.32,91.16,93.12
01063,97.1,97.49,97.84,97.61,97.09,94.37,91.6
01065,91.12,90.3,89.25,88.35,87.39,89.85,92.55
01067,81.31,81.12,80.99,79.36,77.15,75.74,74.23
01069,69.02,68.95,68.96,68.87,68.99,64.86,60.91
01071,76.5,73.96,70.77,71.98,74.75,77.62,80.44
01073,43.11,44.15,45.51,47.23,48.94,49.13,49.4
01075,94.97,94.57,94.14,94.56,95.37,95.21,95.24
01077,55.71,54.53,53.0,49.51,45.17,42.58,40.05
01079,87.81,86.93,85.8,85.24,84.9,87.16,89.32
01081,18.31,18.98,19.75,22.28,25.32,25.86,26.4
01083,32.51,37.45,43.66,49.07,54.35,53.81,53.33
01085,87.81,89.88,92.52,94.4,95.82,96.93,97.95
01087,73.96,71.51,68.49,67.01,66.12,66.3,66.41
01089,24.45,24.6,24.85,25.32,26.01,25.95,25.74
01091,93.22,93.89,94.71,95.51,96.2,96.52,96.83
01093,96.63,96.69,96.78,97.11,97.44,97.62,97.69
01095,69.79,67.36,64.36,59.36,53.59,46.51,39.53
01097,50.08,49.57,48.79,44.36,38.78,35.23,31.79
01099,51.74,44.3,34.94,32.57,32.88,37.38,41.86
01101,53.68,55.19,56.96,57.3,57.0,57.16,57.48
01103,55.71,59.18,63.45,63.7,62.37,61.53,60.81
01105,98.89,98.51,97.96,97.65,97.32,96.11,94.9
01107,96.34,96.54,96.67,96.56,96.23,96.26,96.37
01109,45.78,50.24,55.96,59.53,62.42,60.97,59.55
01111,73.48,66.58,58.07,50.54,43.33,47.74,52.07
01113,75.33,72.69,69.42,71.0,74.25,77.74,81.24
01115,65.87,65.69,65.48,63.48,60.65,57.47,54.32
01117,16.71,16.15,15.45,14.56,13.57,14.74,15.89
01119,89.4,87.22,84.49,85.52,88.0,88.71,89.3
01121,81.31,79.57,77.58,77.66,78.43,81.01,83.68
01123,71.76,71.6,71.44,73.27,75.98,78.5,80.94
01125,19.8,19.6,19.33,19.03,18.65,20.38,22.02
01127,97.1,97.15,97.26,96.62,95.69,95.59,95.55
01129,93.22,94.01,94.99,95.48,95.82,87.79,79.9
01131,69.02,70.81,73.14,73.7,73.67,73.57,73.44
01133,97.1,97.26,97.49,97.39,97.13,95.52,93.77
02013,0.54,0.84,1.2,1.63,1.94,4.39,6.99
02016,0.25,0.6,1.05,1.18,1.28,1.34,1.18
02020,7.9,8.69,9.74,10.78,11.81,12.21,12.49
02050,7.45,7.28,7.18,7.89,8.83,10.64,12.51
02060,28.84,27.54,25.89,29.26,34.41,41.06,47.91
02063,0.0,-0.01,-0.06,0.01,0.02,0.02,-0.06
02066,0.0,-0.0,-0.08,-0.07,-0.0,-0.03,-0.17
02068,2.55,3.12,3.86,12.72,24.56,36.8,48.97
02070,19.8,20.97,22.52,22.55,21.89,20.56,19.1
02090,10.32,9.91,9.4,10.6,12.47,12.65,13.05
02100,40.75,45.69,51.91,41.24,24.2,37.25,50.44
02105,75.33,68.77,60.52,55.74,52.23,56.14,59.96
02110,5.76,5.86,6.02,9.44,14.08,15.34,16.78
02122,44.03,41.65,38.83,39.14,40.54,43.28,45.92
02130,23.72,27.47,32.32,36.08,39.38,41.1,42.67
02150,23.02,21.3,19.15,20.3,22.62,17.45,12.42
02158,0.0,0.0,0.01,0.02,-0.01,0.0,-0.01
02164,53.68,40.24,23.37,23.67,30.15,38.73,47.21
02170,16.71,17.69,18.95,21.74,25.16,29.1,33.1
02180,11.46,11.3,11.18,9.72,7.7,5.91,4.31
02185,4.52,4.63,4.94,5.58,6.4,7.34,8.5
02188,7.45,7.75,8.06,7.76,7.31,6.11,5.15
02195,22.32,25.99,30.61,44.99,63.08,73.97,84.65
02198,47.85,53.34,60.22,70.11,81.2,86.85,92.54
02220,9.71,13.47,18.24,19.64,19.73,21.48,23.08
02230,0.22,1.11,2.3,5.44,9.39,20.21,30.98
02240,44.73,43.86,42.76,49.15,58.47,66.61,74.78
02275,97.39,90.07,80.96,75.81,72.06,67.26,62.14
02282,1.02,1.32,1.63,2.06,2.43,2.13,1.76
02290,62.56,60.29,57.37,52.82,47.73,48.6,49.41
04001,46.74,45.5,43.98,43.27,42.79,41.37,39.9
04003,66.92,66.11,65.02,64.54,64.36,65.19,65.96
04005,14.45,14.8,15.23,16.04,16.97,19.28,21.59
04007,81.31,84.52,88.56,89.96,90.36,89.32,88.04
04009,36.01,34.12,31.71,29.46,27.15,28.88,30.44
04011,33.4,31.73,29.72,28.09,26.62,24.14,21.69
04012,72.62,78.4,85.65,88.8,90.48,93.08,95.94
04013,9.11,9.92,10.96,11.67,12.11,12.74,13.58
04015,80.01,83.16,87.04,89.18,90.6,90.96,91.15
04017,71.76,71.41,71.0,70.54,70.08,71.94,73.61
04019,36.01,38.4,41.31,43.71,45.8,46.27,47.14
04021,27.19,30.78,35.22,39.83,44.39,48.47,52.59
04023,6.24,9.9,14.44,17.38,19.75,24.98,30.09
04025,74.59,74.53,74.52,73.97,73.26,72.7,72.24
04027,18.94,18.04,16.82,17.12,17.95,19.54,20.92
05001,86.44,88.88,91.94,93.69,95.0,93.3,91.46
05003,90.19,90.78,91.5,92.16,92.71,92.3,92.12
05005,93.7,92.28,90.46,89.08,87.96,89.48,90.99
05007,5.76,5.36,4.74,4.62,4.69,5.56,6.33
05009,87.81,86.63,85.08,82.08,78.48,79.54,80.78
05011,87.33,89.51,92.21,91.46,89.39,88.01,86.58
05013,98.79,98.93,99.12,98.31,97.11,94.63,92.01
05015,70.49,69.02,67.23,62.25,56.01,49.75,43.43
05017,97.1,96.83,96.57,96.27,96.0,96.3,96.73
05019,76.5,76.88,77.23,78.46,79.96,84.01,88.24
05021,96.21,95.77,95.19,94.72,94.27,93.3,92.57
05023,81.31,78.57,75.11,72.53,70.28,73.74,77.54
05025,92.68,92.56,92.5,89.83,86.24,84.24,82.06
05027,83.22,80.36,76.72,75.35,74.71,74.75,74.78
05029,77.84,80.89,84.73,88.17,91.48,93.73,96.18
05031,47.85,54.9,63.64,66.33,66.7,69.72,72.85
05033,68.26,70.74,73.89,77.38,81.01,80.9,80.74
05035,60.17,62.8,66.06,65.82,64.39,62.9,61.42
05037,89.4,89.79,90.3,87.85,84.26,79.47,74.66
05039,95.45,95.97,96.55,95.66,94.23,94.39,94.67
05041,78.16,80.72,83.83,84.92,85.19,80.64,76.21
05043,80.01,83.32,87.47,87.24,85.26,83.13,80.68
05045,24.45,24.42,24.33,29.62,36.92,39.54,42.24
05047,69.79,73.93,79.08,82.26,84.75,88.34,91.76
05049,97.01,97.11,97.33,96.67,95.79,94.75,93.96
05051,81.31,80.2,78.92,80.41,83.03,85.33,87.54
05053,75.33,71.96,67.76,71.23,77.44,77.06,76.95
05055,80.01,81.89,84.36,87.43,90.78,90.67,90.69
05057,85.8,84.91,83.85,79.3,73.43,74.07,74.72
05059,94.97,95.3,95.63,95.41,94.78,94.28,93.88
05061,71.76,70.1,68.0,69.36,71.98,73.26,74.54
05063,69.79,71.3,73.29,76.12,79.25,78.97,78.71
05065,94.3,93.5,92.54,93.45,95.1,96.29,97.45
05067,91.12,91.1,91.17,91.02,90.79,91.41,92.16
05069,74.59,76.23,78.2,76.17,72.69,72.6,72.55
05071,67.62,66.53,65.17,70.59,78.65,82.39,86.1
05073,92.68,93.46,94.51,94.05,92.99,93.52,93.87
05075,73.96,79.71,86.91,90.58,93.02,93.84,94.46
05077,94.81,96.12,97.69,97.19,95.78,94.86,93.9
05079,87.33,88.73,90.52,92.01,93.25,88.57,84.0
05081,72.62,76.99,82.44,85.48,87.46,85.59,83.62
05083,90.19,89.63,88.95,88.07,87.02,88.99,91.11
05085,55.71,49.83,42.35,38.1,35.06,38.19,41.41
05087,82.74,78.71,73.66,74.06,76.57,80.78,85.18
05089,98.34,97.42,96.37,94.97,93.52,94.55,95.61
05091,65.87,66.87,68.17,71.71,76.31,76.97,77.58
05093,89.62,88.33,86.78,84.44,81.81,78.7,75.49
05095,97.52,96.89,96.03,95.33,94.71,95.05,95.4
05097,99.78,99.61,99.24,98.84,98.31,98.22,97.72
05099,92.36,93.33,94.49,93.5,91.65,91.81,91.79
05101,92.04,91.74,91.46,91.55,91.81,92.41,93.26
05103,91.82,88.36,84.0,81.55,79.73,84.4,89.13
05105,84.24,86.7,89.68,91.93,93.89,94.19,94.52
05107,94.97,94.27,93.24,92.81,92.64,93.15,93.43
05109,98.5,98.5,98.57,98.69,98.83,98.16,97.32
05111,87.33,89.5,92.18,91.78,90.35,89.74,89.14
05113,96.63,96.49,96.22,94.81,92.8,91.89,90.92
05115,59.22,56.53,53.08,54.85,58.43,62.37,66.27
05117,96.34,95.09,93.4,91.21,88.77,89.28,89.99
05119,30.82,32.25,34.04,39.32,45.97,48.63,51.18
05121,80.01,82.07,84.65,86.47,87.99,89.54,91.03
05123,87.33,86.0,84.3,81.73,78.87,78.91,78.9
05125,71.12,68.02,64.13,62.94,62.72,61.68,60.5
05127,87.81,83.06,77.32,80.23,86.41,89.7,92.76
05129,95.45,94.29,92.93,92.49,92.34,92.54,92.79
05131,68.26,69.86,71.81,73.54,75.24,77.65,80.03
05133,39.83,34.9,28.71,28.91,31.53,34.43,37.39
05135,83.22,85.92,89.45,92.83,96.31,97.52,98.87
05137,94.08,94.39,94.69,93.65,91.92,92.76,93.78
05139,86.82,83.14,78.57,72.76,66.45,63.1,59.68
05141,92.04,91.82,91.57,92.57,94.0,95.48,96.84
05143,11.97,10.98,9.85,9.05,8.32,9.02,9.63
05145,62.56,60.49,57.95,56.87,56.45,60.04,63.34
05147,96.05,96.19,96.42,96.18,95.85,91.79,87.89
05149,86.44,85.62,84.78,84.96,85.6,79.19,72.89
06001,4.81,4.99,5.17,4.94,4.46,4.19,3.96
06003,90.51,91.84,93.5,91.26,87.61,75.64,63.72
06005,73.96,75.09,76.55,76.18,75.04,73.12,71.27
06007,67.62,67.1,66.54,65.49,64.36,63.63,62.89
06009,77.17,79.35,82.05,84.5,86.82,86.01,85.33
06011,24.45,24.13,23.64,22.59,21.22,23.33,25.48
06013,10.32,11.04,12.03,12.52,12.8,12.8,12.89
06015,91.56,91.78,91.96,90.27,87.84,83.05,78.38
06017,23.02,24.77,27.1,27.87,28.28,27.66,27.19
06019,20.89,21.48,22.29,23.47,24.89,25.25,25.49
06021,67.62,68.02,68.61,66.53,63.52,57.34,51.16
06023,60.17,61.3,62.75,61.43,59.08,59.2,59.55
06025,33.4,35.26,37.68,38.81,39.48,38.01,36.46
06027,34.16,33.62,32.82,33.73,35.35,39.28,43.34
06029,16.71,15.33,13.7,13.15,13.09,13.4,13.58
06031,12.61,13.74,15.23,17.41,19.8,19.46,19.16
06033,87.33,88.07,88.89,87.15,84.44,83.68,82.73
06035,71.76,72.86,74.2,70.58,65.14,61.99,58.71
06037,6.24,6.25,6.3,6.24,6.08,6.3,6.55
06039,28.84,27.32,25.43,25.64,26.63,27.52,28.29
06041,4.39,4.11,3.77,3.45,3.19,3.12,3.04
06043,73.48,72.23,70.76,71.35,72.72,74.48,76.02
06045,62.56,62.88,63.31,62.86,62.12,63.9,65.67
06047,54.76,52.97,50.75,44.19,36.0,31.34,26.72
06049,80.01,80.77,81.64,78.51,74.06,67.84,61.65
06051,4.81,3.4,1.72,0.94,0.56,0.48,0.27
06053,3.09,3.41,3.88,3.68,3.27,3.1,2.97
06055,15.09,14.49,13.75,14.67,16.13,17.48,18.72
06057,38.78,40.62,42.84,43.82,44.26,41.2,38.31
06059,2.32,2.38,2.36,2.42,2.4,2.59,2.85
06061,12.61,12.67,12.62,11.84,10.61,9.95,9.26
06063,90.19,88.49,86.45,82.05,76.79,70.95,65.16
06065,12.61,13.17,14.03,14.28,14.44,14.67,14.9
06067,28.84,27.36,25.42,23.16,20.7,19.35,18.19
06069,3.76,4.05,4.45,4.44,4.36,5.29,6.08
06071,13.34,12.92,12.46,11.94,11.42,12.13,12.88
06073,5.76,5.99,6.17,6.03,5.79,5.97,6.03
06075,10.98,10.81,10.63,9.76,8.64,7.94,7.19
06077,18.94,19.34,19.89,20.45,20.9,20.99,21.04
06079,13.72,13.37,12.97,13.55,14.48,15.18,15.82
06081,2.23,2.13,2.24,2.18,2.18,2.18,2.05
06083,8.25,7.41,6.4,6.05,5.93,6.22,6.55
06085,1.69,1.63,1.48,1.48,1.47,1.51,1.75
06087,4.11,4.95,6.17,8.31,10.85,12.53,14.32
06089,74.59,74.05,73.3,71.85,70.05,70.01,69.87
06091,56.73,62.67,70.08,58.18,39.1,41.51,43.77
06093,83.79,83.94,84.11,82.83,80.85,78.58,76.38
06095,14.45,16.18,18.41,19.66,20.61,20.21,19.83
06097,15.09,16.19,17.61,18.44,18.9,18.03,17.2
06099,32.51,31.74,30.82,29.55,28.13,26.95,25.72
06101,36.01,34.49,32.55,32.36,32.82,29.44,26.07
06103,79.08,80.04,81.27,82.05,82.58,80.89,79.0
06105,94.08,94.22,94.46,92.53,89.82,82.71,75.39
06107,13.72,15.88,18.58,19.31,19.25,18.23,17.36
06109,74.59,77.31,80.79,80.45,78.73,79.51,80.4
06111,8.63,9.02,9.57,10.15,10.78,11.16,11.47
06113,10.32,9.29,7.88,6.42,4.9,5.38,6.09
06115,65.87,65.08,64.12,60.69,56.32,52.66,48.99
08001,10.32,10.14,9.94,9.52,9.16,9.63,10.04
08003,55.71,62.97,72.0,74.17,73.74,71.69,69.49
08005,4.52,4.28,3.98,3.71,3.46,3.87,4.2
08007,39.83,41.96,44.72,43.98,41.98,43.94,45.78
08009,94.08,94.81,95.77,93.15,89.3,84.48,79.71
08011,94.97,96.24,97.88,97.98,97.53,94.41,91.28
08013,2.32,2.27,2.19,2.04,1.83,1.8,1.77
08014,2.74,2.6,2.47,2.22,2.01,1.67,1.59
08015,44.03,47.36,51.64,55.84,60.02,55.49,50.7
08017,50.08,47.07,43.3,37.43,30.7,24.6,18.5
08019,12.61,10.07,6.91,5.86,5.55,11.53,17.54
08021,83.22,85.34,87.83,86.41,83.44,83.42,83.17
08023,99.68,99.7,99.67,99.51,99.21,98.42,97.51
08025,94.49,94.14,93.71,92.18,90.2,90.98,91.88
08027,72.62,71.69,70.62,71.26,72.75,70.53,68.29
08029,71.12,72.83,74.96,75.8,76.18,75.46,74.94
08031,6.91,6.16,5.21,5.01,5.21,5.23,5.39
08033,91.56,91.6,91.61,91.32,91.0,83.55,76.1
08035,0.38,0.37,0.34,0.33,0.33,0.5,0.53
08037,0.0,-0.01,0.04,0.02,0.04,0.07,0.25
08039,8.63,9.46,10.52,9.44,7.58,6.18,4.71
08041,16.71,17.1,17.56,18.72,20.29,20.78,21.0
08043,71.76,73.81,76.47,76.98,76.55,72.81,69.15
08045,5.76,4.64,3.29,2.53,2.06,2.05,2.0
08047,9.71,7.51,4.82,3.65,2.98,2.98,3.11
08049,0.89,0.56,0.28,0.13,0.15,0.18,0.23
08051,0.54,0.75,0.85,1.02,1.28,1.56,1.59
08053,39.83,56.35,76.94,86.36,91.62,92.09,92.57
08055,86.82,89.87,93.72,94.73,94.79,93.65,92.47
08057,9.11,6.56,3.41,1.91,0.95,8.31,15.7
08059,5.76,5.76,5.73,5.79,5.8,6.58,7.26
08061,44.03,51.56,60.99,56.45,46.71,35.96,25.16
08063,65.27,63.53,61.35,53.21,42.68,43.09,43.54
08065,2.23,3.49,5.09,9.26,14.46,21.54,28.57
08067,4.11,3.76,3.29,3.05,2.99,3.51,3.94
08069,5.48,5.53,5.65,5.62,5.59,5.94,6.24
08071,73.96,75.58,77.55,81.45,86.05,88.81,91.73
08073,79.53,78.65,77.61,69.48,58.77,57.49,55.95
08075,42.31,42.6,42.95,39.98,35.7,39.17,42.74
08077,37.03,37.74,38.62,39.66,40.72,42.34,43.87
08079,83.22,84.42,85.86,79.84,70.98,50.27,29.54
08081,11.97,10.49,8.69,10.36,13.28,20.35,27.34
08083,45.78,48.18,51.09,56.12,61.99,63.97,65.95
08085,50.08,54.52,60.24,62.02,62.29,55.58,48.93
08087,17.54,17.07,16.46,16.33,16.36,14.12,12.02
08089,83.79,83.77,83.81,84.52,85.68,85.18,84.66
08091,13.34,11.2,8.68,13.93,22.2,21.03,19.92
08093,4.81,6.2,8.02,10.8,13.9,15.12,16.16
08095,37.89,34.45,30.18,24.98,19.42,15.7,11.92
08097,1.02,0.73,0.32,0.24,0.05,0.28,0.54
08099,80.64,80.39,80.11,77.09,73.04,70.46,67.8
08101,69.79,71.13,72.84,74.76,76.78,76.65,76.37
08103,16.05,12.8,8.79,8.1,8.64,16.0,23.27
08105,60.17,57.73,54.74,60.45,69.64,75.93,82.43
08107,0.54,0.45,0.36,0.24,0.22,0.29,0.38
08109,72.62,69.03,64.54,64.19,65.5,59.08,52.8
08111,2.55,8.77,16.49,22.3,27.6,20.22,12.78
08113,5.48,5.12,4.57,3.22,1.54,0.79,0.03
08115,41.45,41.68,41.94,48.09,56.51,57.9,59.09
08117,0.19,0.27,0.32,0.36,0.37,0.33,0.24
08119,38.78,37.34,35.56,36.8,39.24,39.79,40.33
08121,26.52,28.79,31.65,27.65,21.11,17.44,13.81
08123,10.98,9.9,8.53,7.81,7.33,8.33,9.47
08125,9.71,13.01,17.21,18.3,18.41,13.89,9.32
09001,3.76,3.63,3.57,3.65,3.72,4.36,5.02
09003,19.8,19.13,18.32,17.84,17.37,17.73,17.96
09005,8.25,8.57,8.86,9.82,11.09,14.87,18.31
09007,6.24,6.92,7.8,8.7,9.72,10.48,11.13
09009,16.05,15.72,15.27,15.02,14.74,14.68,14.51
09011,23.72,24.12,24.61,24.82,24.81,23.52,22.29
09013,4.52,5.07,5.76,6.27,6.75,6.73,6.87
09015,27.19,29.25,31.83,32.35,32.12,32.99,34.04
10001,29.96,32.0,34.57,36.98,39.32,44.55,49.75
10003,13.72,13.63,13.44,12.82,12.22,14.12,15.84
10005,42.31,40.55,38.35,37.31,36.74,36.15,35.36
11001,14.45,14.46,14.45,15.3,16.41,15.91,15.31
12001,9.71,9.74,9.71,9.76,9.87,10.76,11.65
12003,47.85,50.43,53.68,57.94,62.65,61.19,59.72
12005,62.56,65.43,69.04,73.19,77.51,79.0,80.54
12007,77.17,78.38,79.9,80.84,81.61,76.48,71.46
12009,47.85,46.97,45.92,47.3,49.55,51.93,54.32
12011,16.05,15.41,14.55,13.57,12.5,12.0,11.57
12013,96.5,95.54,94.4,92.9,91.24,91.9,92.68
12015,85.8,86.12,86.53,87.58,89.01,90.26,91.51
12017,86.44,86.8,87.29,87.65,87.91,88.35,88.68
12019,31.65,30.61,29.18,29.51,30.31,30.32,30.41
12021,16.71,16.27,15.8,15.31,14.78,15.21,15.75
12023,72.62,73.7,74.96,76.85,78.85,82.09,85.02
12027,47.85,46.25,44.32,41.45,38.21,43.11,47.81
12029,96.28,96.49,96.85,96.67,96.3,96.35,96.65
12031,27.19,28.62,30.32,30.63,30.35,28.4,26.5
12033,48.93,47.74,46.17,45.68,45.46,47.99,50.79
12035,61.64,60.89,59.89,58.27,56.4,51.16,46.01
12037,94.97,93.84,92.44,91.26,90.15,88.92,87.52
12039,61.64,66.25,71.93,76.43,80.37,80.32,80.27
12041,92.04,89.9,87.37,86.51,86.45,86.96,87.29
12043,82.43,86.06,90.71,89.53,86.2,78.89,71.61
12045,83.79,81.84,79.52,77.71,76.12,80.55,84.97
12047,96.05,95.39,94.67,93.6,92.56,89.28,85.9
12049,14.45,13.32,11.93,10.17,8.21,10.02,11.75
12051,46.74,44.19,41.04,35.03,27.92,22.65,17.31
12053,80.64,79.78,78.7,78.33,78.18,79.01,79.62
12055,80.64,78.34,75.5,77.63,81.59,84.12,86.73
12057,18.94,18.27,17.54,16.69,15.76,15.83,15.93
12059,95.61,94.46,92.99,93.4,94.49,93.69,92.63
12061,55.71,58.33,61.64,61.6,60.43,59.61,58.79
12063,90.89,89.7,88.21,85.77,82.76,81.89,80.9
12065,78.16,76.47,74.32,68.88,62.25,63.25,64.22
12067,79.53,78.44,77.05,73.07,68.03,65.73,63.88
12069,50.08,51.92,54.17,55.83,57.22,59.14,61.18
12071,36.01,36.07,36.08,34.49,32.32,32.24,32.2
12073,6.24,7.99,10.26,12.02,13.53,14.53,15.52
12075,90.19,89.36,88.32,86.24,83.62,83.28,83.01
12077,87.81,87.46,86.98,89.73,93.63,95.24,96.71
12079,91.12,90.65,90.01,86.22,81.24,71.53,61.83
12081,33.4,34.26,35.45,35.91,36.15,38.43,40.6
12083,70.49,70.96,71.57,71.57,71.33,69.26,67.41
12085,44.73,45.92,47.42,47.63,47.32,46.09,44.89
12086,9.71,9.17,8.72,8.07,7.44,7.29,7.28
12087,32.51,28.38,23.35,19.0,14.94,11.8,8.67
12089,50.08,52.82,56.13,56.49,55.67,58.79,61.96
12091,37.89,37.01,35.83,39.18,44.1,46.4,48.68
12093,60.17,55.25,48.96,47.33,47.26,51.75,56.29
12095,7.9,8.32,8.83,9.6,10.61,11.37,12.35
12097,38.78,39.55,40.49,40.46,40.02,40.2,40.46
12099,18.94,19.02,19.12,19.54,20.11,20.35,20.77
12101,59.22,60.1,61.14,60.13,58.13,57.84,57.61
12103,44.03,44.86,45.83,46.69,47.59,49.38,51.07
12105,47.85,48.61,49.55,49.6,49.26,48.53,47.87
12107,62.56,62.91,63.41,65.72,68.75,68.39,68.19
12109,11.97,13.13,14.58,14.58,14.05,13.95,13.82
12111,53.68,52.83,51.75,51.69,51.97,51.82,51.73
12113,44.03,46.36,49.3,51.54,53.53,54.33,55.08
12115,52.66,53.18,53.85,52.83,51.14,49.58,47.96
12117,10.32,9.88,9.37,8.84,8.27,8.85,9.31
12119,80.64,81.97,83.64,83.11,81.77,80.7,79.57
12121,69.02,71.11,73.84,76.33,78.8,81.95,85.31
12123,94.3,92.54,90.36,90.52,91.6,92.07,92.53
12125,45.78,45.96,46.21,47.16,48.36,47.9,47.58
12127,53.68,55.21,57.02,59.43,61.95,64.05,66.18
12129,74.59,68.01,59.8,57.4,57.04,48.27,39.33
12131,69.02,66.05,62.34,60.79,60.14,60.56,60.94
12133,85.32,84.91,84.45,83.24,81.82,82.24,82.5
13001,75.33,76.26,77.38,77.87,78.0,67.86,57.75
13003,46.74,46.26,45.73,45.75,46.15,46.47,46.99
13005,71.12,72.99,75.41,77.2,78.76,78.84,78.9
13007,72.62,76.12,80.59,84.48,88.1,86.51,84.88
13009,34.16,35.39,36.99,42.48,49.4,53.52,57.72
13011,56.73,57.14,57.7,57.74,57.6,63.15,68.81
13013,24.45,26.75,29.6,29.04,27.03,27.16,27.24
13015,37.03,39.42,42.35,41.44,39.13,34.56,30.27
13017,95.7,92.0,87.51,76.95,64.06,47.58,31.11
13019,71.76,76.21,81.76,82.85,82.11,77.05,72.19
13021,41.45,43.08,45.14,47.38,49.61,51.7,53.74
13023,85.32,82.01,77.95,72.11,65.54,67.65,69.71
13025,96.5,96.56,96.65,94.21,90.94,82.14,73.44
13027,89.62,88.66,87.48,80.74,71.79,60.84,49.88
13029,11.46,10.97,10.27,12.92,16.8,17.34,17.69
13031,19.8,20.79,21.89,24.11,26.74,27.63,28.46
13033,69.02,65.84,61.76,54.28,45.39,37.24,28.99
13035,44.03,45.08,46.49,48.96,51.84,51.59,51.4
13037,60.17,62.76,66.04,64.99,62.39,63.36,64.25
13039,10.98,14.39,18.61,19.55,19.33,19.72,20.08
13043,75.96,74.8,73.23,72.35,71.61,72.42,72.96
13045,50.08,51.04,52.16,49.42,45.19,43.35,41.68
13047,45.78,44.53,43.01,42.56,42.56,49.38,56.13
13049,29.96,34.0,39.15,53.72,72.0,81.52,91.1
13051,18.31,20.31,22.77,27.22,32.19,37.22,42.27
13053,57.62,55.43,52.69,39.35,21.89,18.86,15.86
13055,70.49,70.72,71.05,70.99,70.75,71.16,71.5
13057,4.81,4.74,4.61,4.98,5.65,7.06,8.43
13059,9.71,8.83,7.75,8.93,11.09,14.79,18.43
13061,94.49,87.97,79.84,80.12,83.38,86.4,89.31
13063,14.45,13.38,11.94,11.12,10.36,10.59,10.71
13065,84.24,82.63,80.59,70.22,56.43,55.08,53.6
13067,2.32,2.35,2.33,2.3,2.2,2.68,3.27
13069,53.68,58.79,65.16,70.07,74.5,73.35,72.17
13071,42.31,43.67,45.39,43.59,40.74,41.77,43.13
13073,9.11,9.99,11.06,12.52,14.12,16.78,19.58
13075,43.11,50.48,59.79,65.09,68.92,64.75,60.38
13077,9.71,9.98,10.28,10.22,10.01,10.76,11.67
13079,48.93,52.43,56.75,60.32,63.58,71.62,79.75
13081,85.32,82.12,78.21,74.86,71.72,73.2,74.47
13083,71.12,66.77,61.41,61.67,64.09,65.25,66.49
13085,20.89,21.48,22.18,28.93,37.94,40.91,43.78
13087,53.68,56.41,59.89,61.89,63.32,59.39,55.24
13089,7.45,7.53,7.55,7.69,7.89,8.69,9.31
13091,73.96,76.41,79.52,79.35,78.06,78.94,79.96
13093,50.08,55.4,62.07,71.05,81.03,77.43,73.95
13095,48.93,47.76,46.21,47.39,49.68,52.79,56.01
13097,18.31,18.65,19.07,18.29,17.07,16.33,15.54
13099,45.78,47.23,49.03,47.02,43.55,46.04,48.49
13101,39.83,37.67,35.0,37.4,41.73,36.82,31.48
13103,23.02,24.29,25.79,25.07,23.51,18.97,14.56
13105,71.12,72.28,73.68,76.92,80.86,83.47,86.03
13107,62.56,66.03,70.34,72.99,75.13,76.49,77.93
13109,51.74,52.81,54.15,56.43,59.06,49.98,41.0
13111,92.68,91.17,89.31,91.05,94.16,95.24,96.34
13113,6.24,5.61,4.78,4.73,4.98,7.4,9.81
13115,61.64,58.74,55.12,52.22,49.68,50.43,51.26
13117,1.46,1.35,1.16,1.01,0.89,0.86,0.69
13119,81.31,84.91,89.39,87.4,82.93,80.54,77.94
13121,5.16,5.52,6.04,6.51,6.77,6.75,6.85
13123,76.5,77.04,77.72,79.43,81.5,82.85,84.1
13125,36.01,32.35,27.77,28.26,30.57,34.02,37.44
13127,46.74,47.81,49.23,50.46,51.51,48.74,45.87
13129,50.08,58.52,69.08,73.04,74.74,66.46,58.43
13131,72.62,76.69,81.66,83.82,84.95,84.69,84.51
13133,24.45,32.36,42.33,45.19,45.34,42.38,39.57
13135,1.15,1.01,0.84,0.73,0.54,0.61,0.77
13137,58.42,57.3,55.81,56.52,58.05,59.06,60.04
13139,12.61,12.65,12.68,12.45,12.06,13.18,14.21
13141,47.85,42.68,36.22,40.94,49.82,53.11,56.25
13143,78.16,76.71,74.92,73.92,73.18,70.32,67.39
13145,61.64,62.89,64.38,67.04,70.13,66.31,62.58
13147,64.37,66.66,69.48,74.2,79.81,82.86,86.15
13149,92.96,89.93,86.06,83.41,81.13,85.66,90.29
13151,7.45,8.69,10.25,9.96,9.11,7.58,6.05
13153,17.54,19.8,22.62,24.53,26.29,25.2,23.88
13155,75.96,82.38,90.3,90.04,86.66,69.56,52.28
13157,36.01,35.12,34.05,32.85,31.63,32.75,33.8
13159,42.31,49.02,57.46,62.13,65.51,68.71,71.85
13161,64.37,65.59,67.08,65.06,61.8,64.5,66.99
13163,51.74,55.7,60.63,57.99,52.46,51.03,49.49
13165,77.17,73.46,68.78,58.98,47.16,46.31,45.82
13167,82.43,78.53,73.63,71.81,70.98,74.93,78.92
13169,46.74,44.89,42.45,42.34,43.15,39.48,35.74
13171,61.64,59.15,56.04,50.23,43.23,52.15,60.93
13173,82.74,81.81,80.63,77.11,72.63,61.8,50.83
13175,28.84,26.75,24.23,25.35,27.71,32.07,36.44
13177,13.72,11.5,8.73,8.15,8.3,11.08,13.84
13179,28.18,26.89,25.29,26.71,29.32,32.97,36.49
13181,62.56,63.16,63.87,67.01,71.15,74.18,76.96
13183,28.84,38.04,49.56,56.51,61.66,68.6,75.48
13185,29.96,28.87,27.48,24.03,19.68,16.93,14.11
13187,45.78,46.29,46.97,49.11,51.93,43.33,34.84
13189,52.66,49.92,46.3,41.93,37.21,32.54,28.04
13191,98.38,98.41,98.4,95.72,92.04,89.18,86.42
13193,88.16,86.3,84.15,77.59,69.32,69.39,69.52
13195,56.73,61.77,68.19,70.33,70.93,70.45,69.78
13197,75.33,75.25,75.13,64.72,50.35,49.23,48.2
13199,83.79,84.43,85.23,86.01,86.74,87.52,88.01
13201,52.66,50.17,47.07,39.91,31.2,29.5,27.67
13205,65.87,70.35,76.03,74.43,70.14,69.18,68.08
13207,44.73,45.27,45.98,43.95,40.83,48.17,55.56
13209,60.94,62.41,64.23,66.77,69.57,62.27,54.93
13211,39.83,45.1,51.61,51.46,48.83,44.32,39.87
13213,56.73,55.42,53.87,49.44,44.03,35.43,26.87
13215,75.96,75.8,75.53,72.9,69.59,68.8,67.86
13217,36.01,39.06,42.96,45.26,46.99,46.79,46.64
13219,7.45,6.66,5.57,5.47,5.8,5.92,6.1
13221,54.76,59.82,66.17,63.43,57.39,49.09,40.79
13223,6.91,7.35,7.92,7.32,6.27,8.05,10.02
13225,28.18,31.8,36.43,46.95,59.65,65.57,71.53
13227,54.76,56.3,58.22,57.92,56.81,62.99,69.01
13229,86.44,84.75,82.61,76.38,68.52,52.04,35.47
13231,32.51,32.46,32.42,29.68,25.92,22.11,18.23
13233,65.27,62.9,59.96,56.23,52.41,50.08,47.71
13235,56.73,67.23,80.31,83.91,84.07,84.05,84.1
13237,50.08,46.74,42.68,40.68,39.6,52.57,65.49
13239,99.08,98.88,98.66,96.04,92.5,91.72,90.78
13241,57.62,59.58,62.15,68.83,77.28,82.11,86.85
13243,89.62,85.04,79.27,71.63,63.31,59.45,55.43
13245,70.49,69.29,67.68,65.51,63.15,64.69,66.24
13247,10.98,8.65,5.86,5.29,5.6,7.89,10.19
13249,69.02,66.62,63.65,61.87,60.49,60.49,60.44
13251,73.96,69.36,63.55,61.28,60.28,59.0,57.7
13253,60.17,60.72,61.43,63.73,66.59,73.53,80.4
13255,59.22,59.84,60.56,59.34,57.32,53.85,50.33
13257,79.08,78.56,77.89,78.49,79.5,78.74,77.94
13259,96.91,95.67,94.22,88.95,82.2,82.47,82.68
13261,45.78,44.88,43.75,39.95,35.04,31.32,27.71
13263,92.04,87.64,82.04,80.26,80.03,79.89,79.84
13265,96.05,96.67,97.38,95.75,93.11,87.44,81.81
13267,80.64,76.48,71.18,68.21,66.1,66.09,66.04
13269,58.42,57.95,57.44,62.81,70.41,77.69,84.85
13271,65.87,56.29,44.24,33.62,23.38,28.45,33.7
13273,71.76,60.47,46.35,43.48,44.63,46.04,47.51
13275,61.64,63.3,65.49,66.51,67.07,68.24,69.59
13277,52.66,56.0,60.08,56.27,49.54,41.84,34.22
13279,40.75,40.85,40.99,46.86,54.81,59.34,64.01
13281,78.16,73.55,67.78,68.99,72.81,66.37,59.99
13283,83.22,80.76,77.64,80.0,84.45,85.43,86.59
13285,65.87,64.18,62.19,61.01,60.18,58.99,57.82
13287,84.24,84.57,84.89,79.97,73.14,70.95,69.14
13289,75.96,76.94,78.0,81.21,85.29,79.56,73.83
13291,90.19,89.05,87.62,82.28,75.42,75.03,74.67
13293,81.31,76.0,69.33,62.82,56.32,57.67,58.92
13295,84.75,82.52,79.77,77.07,74.38,73.71,72.98
13297,23.02,23.4,23.99,22.74,20.9,20.86,20.67
13299,80.64,79.83,78.78,74.69,69.5,57.24,45.09
13301,80.01,63.45,42.68,34.06,29.84,37.1,44.26
13303,43.11,45.78,49.11,56.14,64.62,66.98,69.38
13305,79.08,75.4,70.8,65.8,60.77,52.87,45.03
13307,92.68,87.22,80.4,68.83,55.46,55.76,55.98
13309,45.78,45.96,46.27,44.66,42.2,30.55,18.98
13311,52.66,56.04,60.12,60.2,58.86,63.1,67.33
13313,22.32,18.9,14.68,12.8,11.78,11.04,10.32
13315,80.01,80.46,81.11,72.28,59.89,44.55,29.18
13317,77.17,75.59,73.56,71.26,68.96,63.82,58.7
13319,55.71,57.48,59.7,55.72,49.33,44.28,39.2
13321,52.66,57.99,64.68,66.53,66.71,65.36,63.9
15001,32.51,31.8,30.83,31.04,31.62,34.19,36.95
15003,11.46,11.7,11.97,11.77,11.39,11.74,11.99
15005,23.72,42.48,65.87,79.39,89.49,73.68,57.78
15007,20.89,16.65,11.35,8.75,7.0,6.14,5.3
15009,11.46,11.14,10.74,10.51,10.44,8.78,6.74
16001,6.91,7.12,7.39,7.51,7.57,7.38,7.12
16003,84.24,83.89,83.46,86.25,90.24,86.9,83.56
16005,38.78,40.59,42.87,47.57,53.31,53.54,53.91
16007,36.01,35.49,34.87,33.49,31.94,29.03,26.14
16009,77.84,76.75,75.39,77.36,80.6,81.53,82.38
16011,29.96,31.73,33.83,34.61,35.0,41.8,48.65
16013,0.45,0.63,0.82,2.13,3.75,5.47,7.33
16015,58.42,61.87,66.25,58.84,47.17,44.56,42.17
16017,51.19,53.99,57.37,58.67,59.35,57.67,56.02
16019,27.19,28.92,31.14,33.54,36.07,33.48,30.98
16021,77.17,74.46,70.93,60.41,47.14,45.0,42.8
16023,84.24,75.14,63.91,59.42,57.33,57.86,58.34
16025,78.16,70.16,60.21,52.53,45.7,55.82,66.03
16027,37.03,34.39,31.17,31.49,33.09,35.7,38.32
16029,37.89,37.88,37.99,34.25,29.04,24.83,20.72
16031,24.45,22.87,20.88,23.99,28.92,31.86,34.8
16033,81.31,59.57,32.42,17.42,6.65,5.46,4.51
16035,97.71,97.81,97.81,95.33,91.84,90.4,89.01
16037,67.62,71.91,77.17,82.74,88.63,92.73,96.76
16039,37.03,33.86,29.85,30.55,32.83,41.75,50.67
16041,31.65,33.12,34.97,36.15,37.01,35.0,32.91
16043,29.96,28.26,26.24,25.7,25.69,34.97,44.3
16045,62.56,69.81,78.74,81.08,80.97,84.25,87.43
16047,44.73,44.18,43.43,38.3,31.5,29.64,28.11
16049,86.82,88.53,90.71,91.66,92.28,91.99,91.72
16051,23.02,22.11,20.99,17.72,13.68,10.99,8.39
16053,26.52,23.05,18.68,17.35,17.21,16.74,16.51
16055,33.4,32.68,31.9,31.22,30.6,33.63,36.77
16057,14.45,16.39,18.82,19.21,18.69,18.88,18.87
16059,68.26,73.11,79.23,77.15,72.12,72.9,73.62
16061,86.82,87.42,88.13,90.61,93.81,95.77,97.79
16063,34.16,32.21,29.92,33.36,39.03,39.13,39.47
16065,0.29,0.33,0.35,0.63,0.92,1.6,2.52
16067,30.82,27.27,22.87,27.04,34.38,36.56,38.78
16069,67.62,68.39,69.36,69.31,68.82,69.83,70.75
16071,47.85,55.23,64.39,66.71,66.43,67.17,67.92
16073,50.08,52.43,55.34,57.18,58.73,63.24,67.77
16075,40.75,45.52,51.4,58.58,66.42,65.48,64.5
16077,48.93,54.81,62.25,64.89,65.76,56.44,47.1
16079,82.74,86.22,90.45,93.33,95.82,96.81,97.71
16081,18.31,12.8,5.89,3.12,1.83,1.21,0.48
16083,25.25,25.12,25.11,26.6,28.79,29.54,30.2
16085,53.68,62.53,73.61,78.12,80.1,64.64,49.05
16087,85.8,83.39,80.48,80.89,82.56,78.51,74.4
17001,34.89,34.41,33.75,33.46,33.21,37.89,42.67
17003,95.45,95.01,94.57,92.58,90.04,90.53,91.05
17005,46.74,50.21,54.58,54.3,52.24,55.26,58.22
17007,4.39,5.91,7.92,10.35,12.86,16.11,19.2
17009,11.46,12.52,13.77,21.38,31.43,48.53,65.83
17011,28.18,28.84,29.73,30.1,30.13,29.48,28.97
17013,55.71,58.6,62.2,67.93,74.51,75.58,76.54
17015,53.68,49.49,44.28,40.5,37.17,37.72,38.18
17017,31.65,30.3,28.66,27.94,27.5,29.51,31.54
17019,3.09,2.85,2.55,2.6,2.76,3.1,3.5
17021,40.75,40.2,39.5,33.48,25.43,25.2,25.09
17023,43.11,49.37,57.14,59.19,59.08,58.04,56.92
17025,67.62,70.71,74.63,77.68,80.39,80.78,81.13
17027,17.54,21.83,27.15,31.79,36.24,39.33,42.35
17029,32.51,32.09,31.7,36.93,44.43,50.21,55.93
17031,9.71,9.27,8.64,8.21,7.82,7.97,8.05
17033,54.76,55.81,57.25,56.67,55.48,57.01,58.61
17035,74.59,73.81,72.87,68.92,63.85,55.75,47.7
17037,2.9,3.81,4.98,5.82,6.51,7.98,9.49
17039,29.96,26.5,22.29,20.58,19.73,17.62,15.6
17041,9.71,10.19,10.78,12.26,13.98,16.37,18.84
17043,1.97,1.95,1.99,1.91,1.9,1.85,1.63
17045,41.45,45.86,51.5,54.0,55.3,57.32,59.32
17047,54.76,53.6,52.05,55.02,59.67,62.02,64.12
17049,19.8,22.42,25.66,25.8,24.83,27.47,30.32
17051,63.67,63.65,63.56,65.49,68.13,68.31,68.42
17053,50.08,54.04,58.87,58.61,56.54,51.26,46.04
17055,85.32,83.86,81.97,82.67,84.38,85.34,86.5
17057,44.73,44.9,45.2,44.97,44.71,43.73,42.86
17059,85.8,87.53,89.79,91.55,93.07,91.84,90.59
17061,54.76,54.59,54.33,55.79,57.77,53.74,49.6
17063,10.98,11.32,11.83,9.58,6.26,4.53,2.7
17065,61.64,60.5,58.98,65.21,74.51,79.25,84.05
17067,41.45,38.05,33.83,32.46,32.19,39.78,47.19
17069,99.59,99.26,98.89,98.41,97.88,98.03,98.19
17071,59.22,60.9,63.05,63.97,64.51,62.83,60.87
17073,18.94,19.63,20.51,21.82,23.23,25.23,27.05
17075,29.96,33.36,37.58,42.25,47.06,51.52,55.9
17077,23.72,25.01,26.67,29.68,33.17,38.53,44.18
17079,37.89,44.61,53.07,64.16,76.23,79.89,83.62
17081,62.56,66.38,71.07,74.33,77.28,77.18,77.05
17083,11.97,17.49,24.39,27.14,28.44,31.85,35.11
17085,21.46,21.06,20.52,26.69,35.35,38.03,40.67
17087,77.17,73.6,69.28,64.1,58.6,54.37,50.33
17089,1.97,1.98,1.93,1.92,1.82,2.06,2.46
17091,58.42,59.07,59.7,51.59,40.19,34.48,28.69
17093,1.02,0.93,0.8,0.93,1.05,1.23,1.19
17095,47.85,51.66,56.45,57.0,55.84,53.36,50.8
17097,1.97,2.12,2.28,2.54,2.78,3.2,3.72
17099,25.25,26.28,27.67,28.38,28.9,28.95,28.73
17101,75.96,80.06,85.1,85.32,83.79,80.79,77.96
17103,18.94,23.8,29.75,35.5,41.08,48.39,55.54
17105,32.51,35.69,39.73,43.99,48.32,49.6,50.72
17107,46.74,47.24,47.93,48.72,49.54,49.0,48.23
17109,14.45,16.67,19.46,22.99,26.8,30.39,34.01
17111,1.97,2.2,2.55,3.18,3.78,4.12,4.48
17113,4.81,4.51,4.27,4.2,4.23,4.45,4.64
17115,37.89,41.02,45.02,46.6,47.52,46.17,44.91
17117,51.19,52.17,53.46,51.48,48.26,47.01,45.68
17119,21.46,21.91,22.45,26.1,31.14,35.69,40.13
17121,75.96,73.99,71.44,71.17,71.66,72.01,72.43
17123,32.51,30.59,28.16,27.46,27.34,33.4,39.53
17125,60.94,58.71,55.94,58.53,63.27,66.63,70.02
17127,84.24,83.91,83.49,84.4,85.84,84.9,83.86
17129,19.8,22.38,25.64,29.58,33.7,37.24,40.85
17131,28.18,26.38,24.04,22.85,22.09,23.46,24.74
17133,7.9,7.63,7.3,6.24,4.9,4.91,4.93
17135,39.83,40.2,40.7,39.14,36.74,41.59,46.31
17137,44.03,43.01,41.78,46.48,53.32,57.74,62.11
17139,19.8,17.61,15.01,15.11,16.34,19.56,22.9
17141,11.97,14.96,18.85,19.75,19.85,23.24,26.68
17143,14.45,14.46,14.37,15.43,16.81,19.19,21.78
17145,61.64,59.58,57.04,62.75,71.65,77.44,83.32
17147,9.11,10.73,12.88,16.27,20.14,22.24,24.31
17149,51.74,53.86,56.55,57.13,56.95,59.14,61.27
17151,89.62,92.65,96.43,97.37,97.31,97.42,97.41
17153,95.29,95.5,95.75,95.24,94.39,93.08,91.78
17155,13.72,15.16,16.82,17.35,17.54,23.65,29.47
17157,51.19,50.17,49.02,49.78,51.3,54.93,58.62
17159,69.02,69.26,69.74,67.03,63.18,63.37,63.6
17161,28.84,28.12,27.25,27.97,29.32,32.38,35.41
17163,28.84,27.86,26.61,26.13,25.85,29.2,32.66
17165,88.98,88.32,87.53,88.62,90.46,91.52,92.67
17167,36.01,35.45,34.79,34.56,34.37,34.04,33.62
17169,51.74,56.98,63.52,70.87,78.55,82.59,86.8
17171,28.18,23.25,17.03,16.29,17.58,21.67,25.69
17173,44.73,36.87,27.02,23.58,22.43,26.59,30.95
17175,62.56,60.75,58.49,47.69,33.57,28.52,23.65
17177,44.03,41.98,39.48,39.96,41.49,44.81,48.09
17179,14.45,14.44,14.43,15.46,16.76,18.26,19.75
17181,69.79,69.52,69.12,68.96,68.95,67.16,65.22
17183,47.85,48.64,49.54,49.6,49.28,45.34,41.3
17185,69.02,70.03,71.29,70.34,68.55,70.22,71.99
17187,19.8,20.56,21.56,23.85,26.77,28.61,30.44
17189,34.89,30.34,24.61,22.06,20.68,21.18,21.5
17191,58.42,60.93,64.13,67.65,71.28,70.66,70.39
17193,76.5,78.12,80.22,81.27,81.94,82.07,82.31
17195,44.03,46.05,48.6,46.64,43.01,42.63,42.15
17197,2.55,2.75,3.05,2.98,2.91,3.05,3.21
17199,51.19,54.98,59.64,62.77,65.37,67.84,70.42
17201,30.82,32.07,33.6,34.37,34.9,35.59,36.44
17203,5.16,5.15,5.09,5.51,6.16,6.98,8.0
18001,18.31,19.98,22.1,20.99,18.51,16.48,14.28
18003,16.71,17.89,19.34,20.35,21.12,21.85,22.59
18005,23.72,23.6,23.51,22.18,20.3,24.74,29.2
18007,71.76,70.48,68.84,69.25,70.52,71.77,73.07
18009,88.98,87.63,86.04,85.17,84.46,85.45,86.73
18011,3.09,4.83,6.98,7.06,6.37,5.59,4.77
18013,18.31,18.9,19.71,21.99,24.72,29.47,34.31
18015,39.83,43.59,48.25,49.96,50.67,48.79,46.78
18017,37.89,40.4,43.39,45.18,46.38,45.52,44.54
18019,44.73,46.52,48.77,43.98,36.59,32.73,28.86
18021,68.26,69.49,70.95,71.32,71.21,73.01,75.0
18023,37.03,34.23,30.63,31.69,34.48,32.1,29.82
18025,86.44,85.38,84.02,83.34,82.79,79.13,75.29
18027,30.82,31.64,32.8,34.47,36.45,37.33,38.53
18029,20.89,19.64,18.07,17.88,18.23,22.21,26.01
18031,31.65,33.2,34.93,36.12,37.09,31.71,26.62
18033,63.67,59.09,53.46,47.13,40.37,33.71,27.14
18035,64.37,62.89,61.09,59.7,58.4,60.65,62.65
18037,7.45,7.53,7.64,8.44,9.62,13.85,18.1
18039,30.82,30.63,30.41,29.11,27.46,25.14,22.9
18041,85.8,82.61,78.71,75.43,72.39,73.35,74.4
18043,34.16,33.52,32.82,29.49,25.21,26.96,28.52
18045,62.56,64.52,67.13,68.08,68.65,71.76,74.69
18047,32.51,32.41,32.39,30.77,28.64,28.61,28.53
18049,56.73,57.24,57.75,58.23,58.72,56.35,53.7
18051,37.89,41.36,45.74,47.54,48.51,48.72,48.81
18053,71.12,70.31,69.38,71.66,75.12,76.74,78.32
18055,72.62,74.93,77.74,77.37,76.02,77.2,78.27
18057,1.02,1.03,0.94,1.05,1.26,1.63,1.87
18059,24.45,24.99,25.62,25.8,25.8,26.47,26.96
18061,59.22,63.03,67.77,68.55,67.94,65.2,62.49
18063,6.24,8.6,11.57,11.71,10.86,9.54,8.01
18065,62.56,63.16,63.92,64.33,64.65,67.66,70.42
18067,65.87,66.63,67.54,67.68,67.6,66.02,64.5
18069,38.78,39.22,39.78,38.81,37.24,38.09,38.94
18071,23.72,24.99,26.63,32.14,39.2,42.1,45.01
18073,33.4,30.1,25.88,30.29,37.89,44.84,51.88
18075,59.22,58.35,57.14,57.25,57.73,58.89,60.0
18077,52.66,50.19,47.13,48.08,50.62,56.02,61.24
18079,50.08,49.87,49.56,53.85,59.91,62.88,66.11
18081,7.9,8.04,8.21,8.27,8.39,8.43,8.59
18083,37.03,44.45,53.82,62.94,71.94,73.65,75.52
18085,21.46,23.77,26.64,28.91,30.8,30.22,29.82
18087,10.32,9.87,9.46,8.74,8.03,9.51,11.05
18089,36.01,35.72,35.45,35.02,34.56,33.65,32.86
18091,37.03,35.44,33.52,33.02,33.1,35.12,37.05
18093,62.56,62.92,63.36,67.08,72.08,72.33,72.52
18095,72.62,71.42,69.82,69.96,70.74,72.59,74.4
18097,33.4,33.39,33.39,32.95,32.4,31.18,29.93
18099,28.84,30.68,33.12,34.51,35.67,31.97,28.31
18101,29.96,37.4,46.61,56.92,67.72,71.95,76.46
18103,65.87,63.7,60.97,60.67,61.26,57.72,54.17
18105,10.98,10.82,10.57,11.3,12.38,11.95,11.57
18107,42.31,42.92,43.69,43.84,43.68,44.42,45.06
18109,44.73,45.63,46.66,46.94,47.07,41.8,36.44
18111,53.68,47.3,39.23,41.46,47.39,54.36,61.25
18113,30.82,31.67,32.72,33.36,33.89,34.88,35.87
18115,16.71,21.95,28.47,28.84,26.99,33.54,40.21
18117,64.37,68.37,73.3,79.09,85.16,87.18,89.45
18119,61.64,63.74,66.32,67.68,68.45,67.95,67.54
18121,45.78,51.12,57.81,64.44,71.11,70.85,70.66
18123,43.11,43.83,44.73,44.87,44.65,49.45,54.35
18125,66.92,69.84,73.64,73.12,71.07,66.0,60.79
18127,13.34,12.94,12.42,11.97,11.42,11.71,12.15
18129,17.54,18.77,20.29,20.92,21.36,22.41,23.52
18131,65.27,64.35,63.2,64.33,66.33,62.79,59.28
18133,46.74,48.56,50.87,46.79,40.19,32.95,25.85
18135,60.94,59.5,57.58,59.14,61.78,63.21,64.82
18137,34.89,33.69,32.23,30.82,29.39,29.15,29.21
18139,51.19,50.6,49.87,45.52,39.83,44.78,49.8
18141,32.51,31.74,30.83,30.66,30.84,31.23,31.64
18143,77.17,72.63,67.07,67.28,69.71,77.55,85.4
18145,25.25,27.64,30.58,30.47,29.15,31.81,34.4
18147,34.89,35.0,35.19,38.85,43.95,44.01,43.9
18149,69.02,67.49,65.58,60.47,54.09,49.81,45.55
18151,34.89,38.73,43.52,43.79,42.31,37.87,33.18
18153,75.96,73.62,70.74,72.31,75.58,76.05,76.56
18155,37.03,44.11,52.85,57.51,60.53,66.91,73.27
18157,6.91,6.77,6.54,7.71,9.29,8.57,7.72
18159,65.27,63.87,62.09,61.58,61.66,55.81,49.87
18161,38.78,40.23,41.96,46.42,51.82,53.85,55.5
18163,37.03,39.04,41.59,44.72,48.05,47.48,46.87
18165,63.67,64.46,65.48,69.01,73.54,76.7,79.88
18167,60.17,63.69,68.05,70.04,71.23,70.22,69.11
18169,52.66,49.15,44.82,41.72,39.18,40.02,41.22
18171,65.27,60.56,54.61,55.41,58.68,60.4,61.91
18173,11.97,13.73,15.79,16.96,17.82,18.51,19.21
18175,65.87,66.87,68.21,70.31,72.77,70.76,68.67
18177,69.79,70.44,71.42,71.29,70.83,69.58,68.29
18179,25.25,25.0,24.58,25.32,26.49,25.87,25.01
18181,48.93,50.66,52.85,55.69,58.78,60.45,62.14
18183,47.85,50.97,54.86,52.37,47.56,43.29,39.19
19001,41.45,44.12,47.36,51.83,56.71,54.34,52.03
19003,53.68,52.52,50.97,44.44,36.08,35.19,34.37
19005,18.94,18.07,16.83,15.66,14.44,14.13,13.59
19007,51.19,54.46,58.58,64.43,71.07,72.69,74.38
19009,17.54,20.05,23.15,24.74,25.84,26.14,26.46
19011,21.46,19.69,17.43,15.66,13.99,12.7,11.39
19013,20.89,18.47,15.31,14.67,14.89,18.39,21.91
19015,23.02,29.42,37.37,39.61,39.66,35.29,30.84
19017,4.81,4.74,4.69,5.26,6.07,8.03,9.93
19019,11.97,11.44,10.83,11.85,13.46,16.32,19.09
19021,4.11,4.02,4.08,4.46,5.05,5.4,5.9
19023,6.91,7.4,7.94,8.85,9.8,11.53,13.11
19025,41.45,39.15,36.15,31.74,26.72,23.64,20.81
19027,13.72,13.63,13.41,12.2,10.48,10.28,10.13
19029,59.22,53.44,46.35,39.74,33.19,29.05,24.68
19031,13.34,13.53,13.79,12.76,11.25,10.33,9.42
19033,27.19,31.19,36.21,36.9,35.86,35.06,34.43
19035,21.46,24.81,28.88,32.32,35.54,28.37,21.32
19037,30.82,33.19,36.2,34.3,30.66,30.12,29.56
19039,48.93,44.14,38.11,35.11,33.14,44.89,56.63
19041,34.16,32.23,29.87,34.74,42.4,45.79,49.11
19043,19.8,23.65,28.58,29.38,28.79,30.75,32.44
19045,27.19,28.91,31.19,30.72,29.33,31.08,32.88
19047,23.02,23.71,24.54,29.11,35.19,39.41,43.71
19049,1.46,1.31,1.11,0.99,0.86,0.87,0.95
19051,23.02,22.45,21.68,19.94,17.69,16.56,15.16
19053,66.92,68.93,71.39,65.56,56.48,50.24,44.14
19055,20.89,17.92,14.34,13.66,14.18,12.69,11.45
19057,41.45,41.96,42.56,44.46,46.65,51.53,56.54
19059,36.01,35.11,34.01,36.08,39.38,40.76,42.12
19061,13.72,13.19,12.55,12.37,12.41,12.46,12.6
19063,18.94,25.99,34.85,38.82,41.15,47.41,53.98
19065,38.78,37.31,35.47,37.0,39.67,43.96,48.46
19067,34.89,36.98,39.54,44.38,50.07,51.77,53.49
19069,29.96,28.52,26.93,20.45,12.11,7.34,2.48
19071,46.74,45.87,44.83,40.33,34.46,31.09,27.8
19073,61.64,60.42,58.95,56.64,53.84,56.28,58.72
19075,10.32,10.73,11.34,10.41,8.95,8.03,6.98
19077,33.4,33.39,33.42,32.59,31.51,27.44,23.13
19079,25.25,25.48,25.77,23.77,20.89,18.43,16.03
19081,10.98,13.88,17.58,19.82,21.48,25.7,30.08
19083,23.72,21.23,18.04,16.52,15.7,17.59,19.31
19085,47.85,47.36,46.74,39.87,30.54,26.64,22.74
19087,22.32,29.3,37.96,38.41,35.75,36.07,36.19
19089,19.8,18.93,17.85,15.26,12.21,9.07,6.1
19091,19.8,20.21,20.77,23.48,27.03,31.24,35.48
19093,28.84,28.5,27.93,31.26,36.02,31.79,27.66
19095,19.8,18.37,16.62,17.43,19.3,19.04,18.63
19097,21.46,22.18,22.96,21.93,20.21,18.62,16.93
19099,48.93,44.65,39.31,37.09,35.92,31.84,27.98
19101,5.76,5.75,5.71,7.83,10.75,15.94,21.48
19103,1.37,1.23,1.09,0.89,0.81,0.91,0.99
19105,28.84,27.54,26.01,22.78,18.83,18.61,18.7
19107,45.78,46.02,46.25,44.73,42.6,46.91,51.22
19109,24.45,25.01,25.69,32.95,42.89,50.71,58.5
19111,52.66,57.05,62.66,62.28,59.65,55.03,50.46
19113,7.9,8.06,8.21,7.84,7.27,6.92,6.72
19115,11.46,14.36,18.07,17.82,16.12,16.0,15.77
19117,44.73,46.76,49.42,52.59,55.99,60.82,65.63
19119,10.98,11.8,12.8,12.07,10.77,10.51,10.38
19121,18.31,19.27,20.42,21.3,22.06,17.3,12.55
19123,28.84,30.37,32.19,32.14,31.33,32.4,33.49
19125,21.46,24.41,27.99,31.29,34.37,36.98,39.66
19127,25.25,24.67,23.88,21.82,19.24,16.77,14.27
19129,54.76,57.94,61.97,58.4,51.92,46.96,41.88
19131,8.63,8.53,8.34,12.73,18.84,20.4,21.82
19133,41.45,39.69,37.45,38.3,40.2,43.17,45.99
19135,42.31,40.28,37.67,32.5,26.35,25.69,24.94
19137,69.02,68.98,68.92,64.47,58.42,50.36,42.16
19139,16.71,15.02,12.88,10.94,9.1,9.64,10.09
19141,23.72,23.37,22.94,25.65,29.58,34.1,38.64
19143,17.54,22.1,27.86,26.65,22.74,21.4,20.13
19145,58.42,58.75,59.16,59.19,59.08,51.14,43.02
19147,39.83,42.96,46.92,45.83,42.68,43.87,45.12
19149,9.11,12.66,17.07,16.3,13.58,14.69,15.79
19151,20.89,22.81,25.14,30.94,38.12,40.59,43.15
19153,10.32,10.86,11.63,11.63,11.4,11.54,11.5
19155,37.03,38.68,40.79,40.14,38.55,38.97,39.46
19157,28.84,24.58,19.27,14.16,9.11,9.66,10.1
19159,52.66,52.49,52.3,45.95,37.33,32.98,28.74
19161,28.84,25.68,21.61,17.17,12.74,10.18,7.75
19163,8.63,8.77,9.01,9.09,9.03,9.22,9.15
19165,48.93,48.41,47.77,43.74,38.5,30.49,22.43
19167,0.67,0.99,1.34,1.7,2.22,2.88,3.38
19169,0.86,0.83,0.76,0.77,0.9,1.2,1.47
19171,30.82,28.1,24.71,20.98,16.98,14.07,11.19
19173,40.75,39.51,38.05,42.21,48.33,45.98,43.71
19175,46.74,47.86,49.22,53.32,58.44,54.98,51.74
19177,32.51,30.86,28.92,31.22,35.14,40.89,46.45
19179,51.74,47.2,41.38,38.79,37.19,41.05,44.78
19181,10.98,12.16,13.55,14.53,15.38,13.74,12.08
19183,30.82,30.31,29.6,24.38,17.3,15.33,13.54
19185,65.27,65.31,65.28,61.73,56.68,50.59,44.61
19187,44.73,42.19,38.94,36.53,34.51,36.31,38.09
19189,34.89,36.94,39.53,41.3,42.66,38.94,35.3
19191,2.74,2.74,2.75,6.09,10.81,13.5,16.15
19193,18.94,20.17,21.73,21.96,21.79,20.82,19.91
19195,32.51,32.18,31.6,33.78,36.98,37.99,39.07
19197,29.96,29.7,29.41,31.94,35.46,34.66,34.05
20001,82.74,82.56,82.33,79.35,75.31,73.79,72.51
20003,65.87,54.33,39.94,34.81,33.09,33.9,34.76
20005,57.62,56.01,54.03,51.83,49.48,42.1,34.6
20007,44.03,44.38,44.88,47.76,51.43,58.0,64.54
20009,38.78,35.62,31.63,35.7,42.77,44.83,46.98
20011,69.79,71.94,74.63,78.2,82.16,80.11,78.25
20013,65.27,65.57,65.87,62.59,58.08,56.22,54.24
20015,28.84,25.64,21.63,18.7,16.08,19.89,23.64
20017,59.22,58.31,57.16,59.52,63.27,54.28,45.55
20019,95.29,94.19,92.92,91.99,91.33,91.71,92.18
20021,84.75,84.14,83.34,85.72,89.35,90.82,92.3
20023,51.19,53.47,56.32,55.6,53.51,51.9,50.01
20025,56.73,53.88,50.46,44.11,36.58,48.87,61.31
20027,54.76,51.98,48.46,47.09,46.6,51.72,56.72
20029,54.76,52.56,49.92,45.22,39.71,35.02,30.32
20031,30.82,34.84,39.95,47.07,54.92,59.44,63.81
20033,46.74,43.57,39.52,33.49,26.77,41.63,56.42
20035,61.64,60.13,58.29,59.99,63.06,63.53,64.06
20037,51.74,52.06,52.64,52.49,52.28,50.63,49.18
20039,90.51,89.2,87.62,80.13,70.26,74.53,79.04
20041,53.68,56.6,60.36,63.56,66.6,64.65,62.92
20043,36.01,39.51,43.82,48.65,53.77,45.67,37.41
20045,6.24,6.46,6.91,7.68,8.75,10.03,11.06
20047,32.51,39.69,48.69,45.25,37.03,32.51,27.76
20049,85.32,87.02,89.1,92.0,95.21,94.56,94.05
20051,10.32,11.55,13.0,14.67,16.54,16.18,15.81
20053,55.71,56.2,56.81,60.07,64.26,62.14,60.03
20055,6.24,6.69,7.32,8.11,8.9,10.47,11.94
20057,9.11,8.5,7.66,7.31,7.14,7.79,8.65
20059,43.11,41.35,39.25,37.23,35.35,40.09,44.71
20061,11.97,14.16,16.86,18.77,20.53,21.33,21.76
20063,30.82,32.96,35.56,40.8,47.14,53.74,60.43
20065,71.12,73.64,76.92,78.97,80.74,75.63,70.8
20067,1.46,4.66,8.71,8.21,6.07,3.96,1.77
20069,10.32,12.62,15.47,14.8,12.94,9.02,5.19
20071,33.4,43.14,55.24,66.19,76.7,76.28,76.06
20073,65.87,71.5,78.63,82.45,85.15,84.4,83.78
20075,25.25,19.24,11.67,14.86,22.01,26.17,30.36
20077,36.01,42.31,50.17,51.61,50.63,52.89,54.92
20079,25.25,28.59,32.76,38.24,44.29,43.61,42.82
20081,5.48,4.13,2.37,1.51,1.07,1.27,1.67
20083,70.49,64.04,55.96,45.92,35.17,36.49,37.91
20085,36.01,43.07,51.89,59.28,66.19,65.16,64.0
20087,30.82,33.57,37.09,39.36,41.36,39.23,37.15
20089,44.73,49.69,55.69,63.04,70.85,72.65,74.54
20091,3.09,3.3,3.63,3.8,3.84,3.43,2.81
20093,17.54,16.86,15.99,17.18,19.14,26.86,34.22
20095,44.03,48.2,53.42,50.23,43.79,39.41,34.86
20097,73.96,64.06,51.6,47.41,46.15,51.65,57.37
20099,74.59,74.12,73.41,74.74,76.88,77.52,78.26
20101,62.56,63.16,63.9,62.77,60.86,58.05,54.99
20103,38.78,40.21,42.01,43.7,45.31,38.76,31.93
20105,36.01,41.46,48.17,53.85,59.19,57.24,55.35
20107,80.64,78.89,76.65,76.9,77.92,72.99,68.1
20109,37.03,35.16,32.81,33.47,35.2,40.45,45.75
20111,25.25,27.28,29.83,30.09,29.58,28.09,26.67
20113,17.54,18.12,18.76,20.55,22.74,24.8,26.86
20115,61.64,56.21,49.36,50.15,53.86,50.54,47.31
20117,43.11,45.75,49.13,50.67,51.62,45.8,39.98
20119,9.11,8.15,7.07,6.66,6.54,5.83,5.2
20121,19.8,19.1,18.31,20.91,24.85,26.87,28.79
20123,33.4,35.25,37.64,42.61,48.55,48.66,48.72
20125,73.96,71.54,68.56,70.81,75.06,77.25,79.57
20127,55.71,57.4,59.7,61.94,64.21,66.14,67.9
20129,34.16,37.13,40.86,46.69,53.44,60.13,66.85
20131,24.45,25.51,26.83,27.55,28.14,28.18,28.27
20133,67.62,66.88,65.94,67.91,70.99,74.27,77.39
20135,56.73,52.93,48.13,50.8,56.33,51.81,47.22
20137,50.08,50.1,50.04,40.28,26.82,26.5,26.13
20139,66.92,64.97,62.57,62.06,62.35,61.16,60.23
20141,59.22,65.3,72.94,74.09,72.86,64.1,55.18
20143,42.31,37.69,31.89,28.45,25.71,28.15,30.55
20145,59.22,59.79,60.57,64.64,70.2,76.41,82.66
20147,46.74,47.85,49.23,51.35,53.72,58.34,62.88
20149,4.52,4.5,4.56,5.38,6.4,8.15,10.05
20151,37.03,36.46,35.69,28.51,19.0,14.85,10.65
20153,58.42,59.53,60.93,66.53,73.71,76.45,79.52
20155,43.11,42.44,41.61,42.3,43.63,44.36,45.38
20157,59.22,50.61,39.84,35.09,32.46,29.24,26.05
20159,37.89,40.39,43.38,47.56,51.99,52.81,53.65
20161,0.89,1.67,2.75,4.48,6.62,9.91,13.22
20163,60.17,54.46,47.32,47.13,49.55,51.09,52.58
20165,60.94,61.49,62.03,61.49,60.36,52.07,43.8
20167,65.87,64.82,63.38,65.85,69.65,70.4,71.23
20169,22.32,22.97,23.83,29.37,36.81,44.41,52.05
20171,15.09,12.31,8.87,6.13,3.7,5.01,6.49
20173,21.46,20.09,18.27,19.7,22.43,27.41,32.27
20175,1.97,2.05,2.1,1.8,1.38,1.73,2.17
20177,43.11,42.48,41.58,38.8,35.37,32.97,30.68
20179,37.89,39.26,41.02,42.38,43.67,39.3,34.83
20181,69.79,66.57,62.47,63.26,65.77,59.94,54.16
20183,68.26,69.58,71.33,71.36,70.9,65.79,60.92
20185,44.73,45.55,46.68,46.48,45.83,43.97,42.3
20187,11.46,13.37,15.71,33.56,57.35,57.07,56.84
20189,11.46,9.44,6.81,7.45,9.26,9.95,10.67
20191,38.78,35.92,32.39,34.49,38.77,45.94,53.17
20193,19.8,18.95,17.78,24.72,34.7,34.48,34.24
20195,6.24,6.92,7.79,13.21,20.41,27.31,34.4
20197,32.51,39.05,47.2,51.06,53.32,55.89,58.51
20199,58.42,63.55,69.96,70.83,69.67,76.01,82.26
20201,55.71,49.78,42.38,38.47,35.89,35.69,35.43
20203,14.45,22.33,32.0,50.93,73.38,81.22,89.0
20205,92.36,92.09,91.86,91.62,91.4,87.33,83.16
20207,76.5,77.45,78.67,83.01,88.55,90.99,93.41
20209,38.78,38.46,38.13,39.4,41.35,38.17,34.9
21001,64.37,67.09,70.38,72.85,75.05,78.24,81.32
21003,67.62,72.02,77.52,81.25,84.38,83.54,82.8
21005,38.78,43.45,49.36,55.05,60.73,67.94,75.13
21007,57.62,51.45,43.71,47.53,55.77,62.33,68.88
21009,80.64,80.93,81.22,82.5,84.08,85.41,86.56
21011,90.51,91.37,92.34,93.41,94.58,95.85,97.1
21013,99.46,99.57,99.73,99.84,99.89,99.4,99.02
21015,13.34,13.34,13.41,13.48,13.63,15.03,16.09
21017,43.11,45.15,47.74,50.58,53.48,56.88,60.2
21019,85.8,85.57,85.26,87.03,89.53,91.61,93.82
21021,71.76,68.72,64.77,62.76,61.44,63.05,64.4
21023,48.93,45.64,41.57,35.86,29.68,34.85,40.34
21025,99.9,99.91,99.9,100.02,99.98,99.99,99.97
21027,85.32,85.61,86.02,86.43,86.91,87.07,87.36
21029,40.75,42.59,44.94,48.13,51.61,53.81,56.1
21031,84.75,87.62,91.08,91.31,90.39,88.35,86.16
21033,69.79,72.63,76.0,81.19,87.1,91.64,96.25
21035,37.89,35.72,33.02,37.16,43.87,50.86,57.66
21037,25.25,22.2,18.45,17.41,17.22,18.97,20.63
21039,47.85,48.35,48.99,46.54,42.96,42.68,42.21
21041,81.95,80.94,79.56,74.01,66.99,61.25,55.65
21043,81.95,81.42,80.69,80.9,81.38,83.21,84.95
21045,88.98,88.83,88.73,89.42,90.49,89.4,88.22
21047,31.65,37.2,44.11,50.03,55.55,60.55,65.49
21049,63.67,65.34,67.42,69.7,72.08,75.31,78.56
21051,93.47,94.58,95.89,97.07,98.19,98.75,99.23
21053,52.66,51.26,49.4,55.85,65.34,72.77,80.2
21055,65.27,67.88,71.11,76.41,82.59,87.84,92.91
21057,65.27,60.92,55.42,49.62,43.62,44.26,44.85
21059,50.08,52.75,56.12,55.59,53.52,54.37,55.26
21061,97.71,98.16,98.67,98.63,98.35,98.4,98.42
21063,91.82,91.41,90.91,92.49,94.83,95.97,97.02
21065,98.38,98.55,98.7,98.52,98.26,98.29,98.6
21067,16.05,15.85,15.65,16.9,18.71,19.92,21.51
21069,87.81,89.37,91.28,93.1,94.9,95.41,96.05
21071,99.11,99.27,99.39,99.42,99.47,98.67,97.81
21073,61.64,62.31,63.17,63.48,63.49,63.91,64.41
21075,86.82,88.43,90.4,91.23,91.65,90.74,89.95
21077,48.93,47.69,46.12,43.21,39.76,37.38,34.88
21079,80.64,82.12,83.97,83.42,81.9,76.73,71.31
21081,48.93,51.65,55.15,57.81,60.25,54.97,49.47
21083,47.85,50.74,54.3,58.69,63.31,68.18,73.18
21085,89.4,85.77,81.41,80.06,79.88,78.4,76.73
21087,94.97,95.52,96.14,96.85,97.64,98.26,98.71
21089,83.22,81.34,79.0,80.38,83.29,85.03,86.8
21091,73.48,76.13,79.51,75.75,69.44,69.02,68.49
21093,55.71,59.37,64.01,65.94,66.88,65.78,64.68
21095,99.71,99.76,99.77,99.82,99.81,99.72,99.66
21097,75.96,74.57,72.84,69.87,66.38,65.99,65.44
21099,88.16,87.55,86.74,87.69,89.33,89.27,89.12
21101,75.33,76.46,77.91,81.06,84.82,86.93,88.99
21103,62.56,63.21,63.95,68.3,74.07,77.49,81.12
21105,79.53,84.82,91.37,94.03,95.25,93.48,91.75
21107,66.92,66.39,65.67,67.15,69.28,74.72,80.43
21109,99.84,99.77,99.69,99.46,99.25,99.19,99.18
21111,44.73,43.48,42.04,40.4,38.65,38.62,38.58
21113,50.08,51.0,52.15,49.72,45.98,41.56,37.19
21115,99.17,99.3,99.49,99.15,98.84,98.25,97.63
21117,38.78,37.88,36.86,36.43,36.44,35.38,34.56
21119,98.79,99.08,99.47,99.7,99.79,99.8,99.61
21121,82.74,78.03,72.16,66.71,61.36,62.93,64.41
21123,77.17,80.04,83.64,84.55,84.62,84.57,84.75
21125,74.59,73.55,72.1,73.41,75.76,75.01,74.14
21127,97.1,96.6,96.05,95.27,94.5,91.5,88.5
21129,99.97,99.89,99.83,99.81,99.69,99.63,99.75
21131,99.55,99.7,99.89,99.99,99.82,99.69,99.62
21133,98.89,99.15,99.33,99.49,99.59,99.58,99.74
21135,94.49,94.23,93.79,92.35,90.44,88.48,86.47
21137,88.98,88.28,87.25,84.88,81.94,78.02,73.89
21139,91.82,91.01,90.0,90.79,92.34,94.0,95.86
21141,59.22,58.33,57.11,53.87,49.59,51.86,54.13
21143,95.7,93.56,90.98,90.43,90.69,93.61,96.37
21145,64.37,61.43,57.75,55.36,53.4,49.98,46.59
21147,99.11,98.59,98.06,98.1,98.31,96.04,93.68
21149,72.62,72.18,71.65,70.68,69.64,75.21,80.99
21151,53.68,54.32,55.13,56.73,58.57,60.2,61.81
21153,98.5,98.7,98.88,99.2,99.53,99.46,99.58
21155,47.85,53.33,60.21,69.7,80.26,83.8,87.33
21157,48.93,51.71,55.1,62.34,70.96,75.37,79.82
21159,99.75,99.56,99.45,99.44,99.49,99.47,99.46
21161,61.64,66.1,71.75,74.04,75.06,75.86,76.57
21163,54.76,59.47,65.36,68.81,71.23,73.31,75.34
21165,95.7,93.64,91.17,90.73,91.05,92.51,94.06
21167,81.95,80.89,79.51,78.16,76.61,74.57,72.6
21169,94.3,94.25,94.18,94.41,94.74,94.47,94.19
21171,94.97,94.42,93.73,93.41,93.13,92.47,91.88
21173,81.95,83.06,84.28,85.55,86.56,88.31,90.01
21175,94.81,95.59,96.56,97.28,97.72,97.64,97.66
21177,85.8,86.37,87.02,88.99,91.53,93.21,94.96
21179,60.94,61.01,60.96,65.13,70.85,69.65,68.22
21181,57.62,68.74,82.56,89.44,93.81,94.45,95.09
21183,90.13,88.95,87.54,86.53,85.6,80.26,75.01
21185,2.32,2.93,3.86,3.63,3.05,2.7,2.15
21187,76.5,80.03,84.48,85.29,84.93,78.6,72.16
21189,99.97,99.6,99.13,99.08,99.03,99.18,99.58
21191,64.37,67.55,71.51,73.08,73.91,74.66,75.18
21193,98.15,98.55,99.07,99.28,99.46,99.44,99.38
21195,99.59,99.42,99.2,99.05,98.9,98.58,98.42
21197,97.58,96.19,94.54,93.98,93.86,93.39,92.94
21199,88.98,89.31,89.77,86.88,82.73,79.43,76.14
21201,77.84,78.64,79.67,69.04,53.81,42.73,31.52
21203,94.49,94.23,93.94,94.6,95.67,93.51,91.47
21205,59.22,59.5,59.82,63.71,68.86,65.8,62.86
21207,90.51,88.25,85.48,80.78,75.4,74.98,74.63
21209,28.18,24.25,19.22,19.57,22.05,26.37,30.48
21211,22.32,23.56,25.09,31.35,39.56,36.03,32.33
21213,43.11,41.82,40.09,34.04,26.15,27.93,29.57
21215,39.83,37.67,34.97,34.26,34.24,33.96,33.65
21217,71.76,75.77,80.83,83.26,84.65,86.97,89.33
21219,62.56,54.74,44.99,38.28,32.7,35.15,37.53
21221,63.67,64.55,65.5,68.83,73.16,81.74,90.19
21223,73.96,70.14,65.39,71.91,82.76,86.74,90.73
21225,84.75,83.62,82.26,81.07,79.91,83.41,86.74
21227,41.45,42.34,43.51,44.32,45.03,41.61,37.99
21229,67.62,70.52,74.1,73.9,72.27,72.23,72.19
21231,97.61,97.54,97.4,94.92,91.53,89.17,86.97
21233,87.81,86.81,85.44,87.55,90.82,93.83,96.89
21235,90.19,87.04,83.21,83.59,85.54,87.74,90.15
21237,99.43,99.46,99.51,99.67,99.83,99.96,99.98
21239,34.89,33.05,30.7,30.16,30.1,32.66,35.45
22001,74.59,73.55,72.11,73.39,75.74,77.83,79.81
22003,80.64,84.06,88.34,86.2,81.8,78.71,75.72
22005,19.8,18.62,17.12,18.45,21.0,21.99,22.93
22007,73.48,75.71,78.62,81.67,84.86,87.05,89.26
22009,83.79,79.94,75.18,75.86,78.57,83.95,89.31
22011,86.82,86.97,87.3,86.11,84.33,83.21,82.02
22013,90.51,89.1,87.36,86.53,86.11,88.02,89.82
22015,24.45,23.85,23.08,21.93,20.55,19.78,19.08
22017,45.78,46.29,46.84,46.79,46.47,46.6,46.74
22019,64.37,63.3,61.88,58.67,54.63,46.56,38.54
22021,63.67,55.47,45.31,39.68,35.64,39.45,43.21
22023,72.62,68.44,63.24,55.58,46.82,39.11,31.27
22025,73.96,62.96,49.34,42.75,38.74,39.98,41.37
22027,87.33,86.19,84.67,79.61,73.07,71.2,69.25
22029,77.17,58.23,34.49,26.37,23.98,38.74,53.77
22031,71.12,69.21,66.78,66.55,67.04,71.08,75.32
22033,26.52,28.8,31.67,33.26,34.47,35.98,37.32
22035,51.74,55.32,59.86,58.34,54.52,58.85,63.31
22037,72.62,67.73,61.77,54.14,45.87,47.06,48.36
22039,86.82,88.54,90.74,92.48,94.3,95.05,95.59
22041,75.96,76.91,78.11,72.97,65.43,60.1,54.72
22043,85.32,83.19,80.43,77.82,75.16,72.94,70.86
22045,59.22,59.25,59.29,58.92,58.37,57.49,56.72
22047,65.87,69.75,74.6,78.18,81.34,80.52,79.78
22049,85.8,88.14,91.02,92.69,94.06,94.33,94.56
22051,30.82,30.67,30.41,31.5,33.12,36.67,40.18
22053,90.13,87.01,83.11,78.09,72.41,73.6,74.79
22055,20.89,19.29,17.31,17.01,17.4,17.2,17.14
22057,60.17,60.71,61.44,60.52,58.98,60.82,62.88
22059,64.37,59.57,53.61,49.92,47.13,41.9,36.89
22061,34.89,33.75,32.24,32.25,32.79,34.62,36.46
22063,45.78,45.98,46.23,39.45,29.93,25.99,22.06
22065,34.89,29.43,22.56,25.26,31.45,50.18,68.74
22067,65.87,62.45,58.16,52.53,46.29,43.47,40.63
22069,65.87,66.16,66.5,59.81,50.38,41.39,32.3
22071,34.89,34.38,33.72,34.39,35.55,34.78,34.05
22073,21.46,21.62,21.84,22.78,24.02,26.12,28.06
22075,9.71,8.07,5.91,9.35,14.97,22.84,30.83
22077,65.87,69.16,73.33,80.77,89.61,94.01,98.36
22079,83.79,79.94,75.23,69.31,62.96,62.29,61.55
22081,50.08,47.74,44.78,52.23,63.48,74.69,85.91
22083,22.32,27.99,35.01,37.8,39.07,43.27,47.35
22085,75.33,67.82,58.49,54.37,52.27,61.59,70.87
22087,27.19,24.72,21.55,27.46,36.76,45.22,53.74
22089,27.19,23.83,19.63,18.11,17.46,18.84,20.36
22091,96.21,95.16,93.76,92.33,90.82,90.58,90.53
22093,51.74,52.15,52.55,49.78,45.84,42.33,38.87
22095,46.74,43.75,40.19,36.96,33.96,33.93,33.95
22097,34.16,31.96,29.23,26.35,23.45,19.99,16.51
22099,46.74,46.96,47.2,46.39,45.22,45.6,45.83
22101,80.01,74.8,68.28,65.8,64.77,66.57,68.09
22103,42.31,42.94,43.72,40.98,36.72,40.72,44.34
22105,83.79,84.25,84.79,84.18,83.11,81.89,80.83
22107,40.75,36.35,30.82,23.52,15.42,14.63,13.82
22109,51.74,47.18,41.46,46.01,54.47,58.56,62.92
22111,50.08,52.24,54.89,55.48,55.31,54.75,54.29
22113,42.31,45.24,48.86,53.5,58.47,60.95,63.28
22115,71.76,70.34,68.54,67.1,65.73,67.99,70.29
22117,95.45,94.94,94.19,93.6,93.11,91.08,88.92
22119,83.22,81.7,79.85,71.92,61.62,56.2,50.77
22121,40.75,40.88,40.99,41.16,41.27,39.19,37.07
22123,44.73,39.63,33.17,32.6,34.22,38.6,42.82
22125,53.68,41.97,27.29,24.59,26.22,21.24,16.33
22127,90.51,88.08,85.02,83.94,83.49,85.27,86.99
23001,61.64,59.48,56.64,56.59,57.56,59.96,62.58
23003,91.82,91.44,90.95,91.18,91.76,91.45,91.09
23005,17.54,17.12,16.44,15.74,14.92,14.52,14.18
23007,65.27,62.86,59.89,58.17,56.91,54.36,51.93
23009,56.73,54.54,51.71,49.77,48.16,44.8,41.47
23011,64.37,62.92,61.16,60.19,59.46,58.48,57.52
23013,57.62,57.48,57.26,54.16,49.88,47.31,44.78
23015,46.74,48.77,51.29,55.01,59.12,59.45,59.82
23017,72.62,72.8,72.95,73.44,73.92,73.8,73.81
23019,69.02,70.33,72.01,73.32,74.39,73.6,72.8
23021,95.92,96.43,97.13,97.73,98.28,98.21,98.15
23023,44.73,40.61,35.48,29.04,21.98,19.02,16.09
23025,71.76,76.08,81.49,83.8,85.09,85.29,85.3
23027,61.64,59.92,57.77,58.86,61.14,60.76,60.47
23029,84.75,85.5,86.43,87.33,88.21,89.58,91.18
23031,39.83,40.63,41.57,41.69,41.46,42.15,42.75
24001,74.59,75.2,75.91,75.48,74.7,74.95,75.31
24003,5.76,6.33,7.17,7.91,8.49,9.06,9.6
24005,16.05,15.83,15.61,15.79,16.21,15.83,15.39
24009,8.63,10.2,12.2,12.04,11.0,9.38,7.58
24011,43.11,44.82,46.99,46.32,44.55,43.1,41.66
24013,4.52,6.06,7.98,9.8,11.72,14.1,16.28
24015,22.32,22.75,23.23,25.42,28.32,30.02,31.74
24017,4.52,3.65,2.53,2.46,2.79,3.85,5.16
24019,62.56,61.79,60.76,62.44,65.19,65.47,65.89
24021,8.25,7.99,7.86,9.08,10.78,10.38,9.95
24023,37.89,41.05,44.98,50.1,55.59,60.13,64.9
24025,8.63,9.62,10.92,12.24,13.56,13.02,12.49
24027,0.89,0.86,0.77,0.8,0.93,1.28,1.51
24029,51.74,46.17,39.3,37.07,36.61,34.12,31.68
24031,1.69,1.59,1.52,1.55,1.55,1.81,1.77
24033,2.9,3.22,3.58,3.85,4.15,4.59,4.94
24035,9.11,9.54,10.07,9.93,9.66,9.52,9.46
24037,13.72,14.84,16.27,18.17,20.29,19.79,19.26
24039,55.71,56.98,58.49,53.52,46.03,47.0,48.07
24041,28.84,31.6,34.98,35.07,33.96,37.18,40.35
24043,48.93,50.05,51.39,52.34,53.18,52.19,51.07
24045,18.94,16.31,13.09,13.1,14.35,17.49,20.36
24047,42.31,42.21,42.14,43.4,45.19,45.91,46.37
24510,51.74,50.95,49.99,48.68,47.21,47.62,48.13
25001,29.96,31.4,33.32,31.8,28.99,27.25,25.67
25003,41.45,43.71,46.57,48.88,50.9,50.84,50.95
25005,37.89,37.92,37.98,37.88,37.71,37.96,37.96
25007,1.37,1.67,2.08,2.17,2.11,3.17,4.05
25009,17.54,18.27,19.23,18.91,18.17,17.89,17.89
25011,38.78,37.91,36.78,39.49,43.69,48.6,53.46
25013,55.71,54.73,53.56,53.7,54.35,54.61,55.02
25015,10.32,10.88,11.64,11.44,10.74,11.02,11.06
25017,4.11,3.94,3.91,3.86,3.91,4.06,4.48
25019,1.24,1.41,1.63,2.47,3.61,10.57,17.31
25021,6.91,6.53,6.01,5.73,5.45,5.13,4.87
25023,16.05,15.57,14.94,14.15,13.43,13.26,13.23
25025,21.46,21.65,21.84,21.46,20.8,19.57,18.41
25027,16.71,17.35,18.08,18.37,18.34,18.8,18.98
26001,91.56,91.96,92.43,92.82,93.26,94.03,94.79
26003,78.16,77.75,77.22,73.54,68.64,70.9,73.33
26005,18.31,15.9,12.89,10.82,9.03,8.19,7.51
26007,74.59,74.24,73.94,73.54,73.02,74.23,75.74
26009,43.11,46.41,50.44,52.19,53.12,53.86,54.44
26011,86.44,85.99,85.45,85.65,86.04,83.55,81.12
26013,61.64,59.21,56.1,58.41,62.81,66.67,70.49
26015,39.83,36.61,32.57,28.11,23.42,22.21,20.76
26017,55.71,57.56,59.69,58.24,55.42,52.32,49.25
26019,75.33,70.82,65.22,61.28,58.05,53.22,48.19
26021,38.78,39.22,39.82,41.09,42.55,44.31,46.03
26023,41.45,40.67,39.65,39.27,39.08,37.53,35.88
26025,51.74,52.13,52.63,52.99,53.43,50.4,47.42
26027,50.08,55.62,62.56,66.1,68.38,69.03,69.6
26029,53.68,51.24,48.24,44.72,41.07,42.3,43.52
26031,82.43,82.64,82.99,82.18,80.97,78.55,76.17
26033,75.33,72.67,69.34,69.83,71.69,70.38,69.16
26035,94.3,92.9,91.08,91.37,92.56,92.56,92.55
26037,12.61,14.09,15.98,18.04,20.21,21.12,21.88
26039,89.62,87.07,83.98,84.1,85.49,86.94,88.52
26041,74.59,73.8,72.87,72.45,72.22,74.01,75.93
26043,52.66,58.07,64.9,68.61,71.19,69.23,67.4
26045,34.89,40.63,47.79,51.4,53.74,55.65,57.57
26047,29.96,32.32,35.27,32.57,27.8,27.49,27.29
26049,58.42,58.95,59.64,60.12,60.55,63.01,65.37
26051,86.82,87.6,88.51,88.27,87.59,86.92,86.41
26053,69.79,65.07,59.17,54.32,49.84,49.39,49.22
26055,23.72,24.21,24.71,23.9,22.49,21.78,20.67
26057,53.68,51.55,48.94,47.62,46.86,45.86,44.88
26059,48.93,46.3,43.05,43.17,44.5,44.44,44.38
26061,22.32,20.08,17.13,16.58,16.79,16.23,15.79
26063,67.62,64.46,60.42,59.02,58.45,56.36,54.28
26065,22.32,21.9,21.47,23.18,25.68,26.07,26.33
26067,48.93,45.29,40.74,32.9,23.93,20.54,17.31
26069,93.22,92.81,92.3,92.05,91.98,90.36,88.72
26071,85.32,82.65,79.39,74.29,68.51,70.89,73.02
26073,24.45,23.03,21.28,23.42,27.01,30.75,34.46
26075,50.08,50.08,50.05,50.07,50.09,48.51,47.08
26077,28.84,27.93,26.65,26.12,25.8,25.33,25.0
26079,65.87,70.18,75.53,75.68,73.88,71.79,69.47
26081,13.72,14.83,16.35,16.5,16.07,14.66,13.26
26083,88.98,86.68,83.82,74.44,62.44,48.17,33.8
26085,97.9,97.39,96.76,96.87,97.35,97.51,97.56
26087,36.01,37.62,39.74,39.84,39.26,38.84,38.54
26089,26.52,25.0,23.09,22.28,21.86,21.78,21.47
26091,48.93,50.06,51.42,51.86,52.07,48.96,45.81
26093,5.76,6.62,7.67,8.1,8.33,9.0,9.64
26095,97.9,97.62,97.36,95.07,92.06,89.42,87.16
26097,84.24,80.44,75.83,72.82,70.46,72.48,74.35
26099,34.89,35.02,35.13,35.17,35.22,35.23,35.17
26101,78.16,77.54,76.8,75.33,73.86,70.65,67.51
26103,28.18,30.52,33.42,35.7,37.65,36.99,36.1
26105,63.67,64.94,66.46,64.16,60.36,59.05,57.87
26107,53.68,53.42,53.12,51.79,50.15,53.51,56.83
26109,65.87,68.52,71.76,72.68,72.83,68.4,63.9
26111,32.51,31.38,30.05,30.05,30.56,31.19,31.72
26113,65.27,68.61,72.89,74.52,75.33,73.9,72.42
26115,28.84,27.57,25.99,27.48,30.25,34.1,38.06
26117,73.96,74.16,74.36,72.7,70.41,65.8,60.88
26119,97.71,97.53,97.32,96.69,95.97,95.35,94.66
26121,51.74,52.53,53.53,52.96,51.73,47.79,43.74
26123,68.26,70.55,73.33,74.58,75.37,74.15,72.85
26125,16.71,16.84,17.03,16.82,16.63,16.34,16.08
26127,69.79,69.53,69.15,67.95,66.45,63.25,59.86
26129,94.49,94.15,93.73,93.64,93.59,93.66,93.86
26131,61.64,66.72,73.16,75.29,76.0,76.23,76.41
26133,70.49,69.95,69.22,70.0,71.19,73.1,74.87
26135,91.56,91.95,92.39,92.8,93.26,93.47,93.79
26137,50.08,54.0,58.9,63.46,67.78,67.6,67.61
26139,6.91,6.96,6.96,7.16,7.43,7.45,7.66
26141,80.64,80.23,79.78,80.29,81.16,80.92,80.71
26143,97.39,97.71,98.06,98.22,98.21,98.02,98.04
26145,54.76,55.56,56.58,57.78,58.9,61.67,64.43
26147,59.22,60.29,61.7,62.18,62.39,61.79,61.35
26149,33.4,37.0,41.44,44.59,47.37,50.53,53.55
26151,57.62,58.76,60.14,63.19,66.76,69.4,71.95
26153,87.33,86.67,85.75,86.68,88.35,87.64,86.86
26155,51.19,51.5,51.92,51.09,49.88,50.3,50.56
26157,72.62,74.03,75.73,76.41,76.9,77.41,77.99
26159,41.45,43.75,46.58,46.76,45.92,43.0,40.02
26161,2.9,2.8,2.74,2.94,3.36,3.91,4.54
26163,57.62,57.2,56.76,56.15,55.51,54.07,52.51
26165,60.17,59.44,58.53,57.22,55.61,55.15,54.79
27001,75.33,73.94,72.26,71.21,70.39,72.85,75.62
27003,5.16,5.46,5.83,6.17,6.3,6.44,6.62
27005,23.02,22.06,20.94,23.28,26.91,31.18,35.53
27007,23.02,21.74,20.17,22.93,27.42,30.13,32.6
27009,25.25,25.96,27.02,26.34,24.94,20.65,16.46
27011,60.94,59.7,58.18,55.66,52.77,42.84,32.98
27013,4.81,4.97,5.29,5.22,5.21,4.86,4.86
27015,11.46,9.98,8.12,7.9,8.22,7.87,7.67
27017,17.54,17.09,16.48,18.55,21.67,27.42,33.19
27019,0.32,0.39,0.47,0.49,0.47,0.59,0.6
27021,57.62,56.92,56.08,54.13,51.65,47.5,43.28
27023,32.51,32.13,31.53,31.25,31.01,30.27,29.5
27025,16.05,16.46,16.87,17.21,17.49,16.08,14.63
27027,9.71,8.48,7.04,6.35,6.09,7.36,8.58
27029,62.56,61.1,59.17,59.56,60.79,63.73,66.81
27031,18.94,18.56,18.15,22.04,27.45,27.16,26.54
27033,37.03,37.09,37.02,37.91,39.1,37.23,35.1
27035,41.45,39.65,37.46,36.64,36.47,36.23,35.98
27037,2.55,2.67,2.88,2.89,2.82,3.16,3.54
27039,1.97,1.95,1.82,2.09,2.4,2.65,2.86
27041,17.54,19.82,22.6,23.06,22.8,22.6,22.3
27043,28.84,27.3,25.36,23.94,22.5,22.08,21.37
27045,18.94,19.03,19.17,17.5,15.18,13.62,12.06
27047,31.65,32.81,34.28,34.23,33.66,29.54,25.37
27049,10.32,11.06,12.1,11.62,10.57,8.65,7.15
27051,48.93,43.75,37.23,35.81,36.1,36.4,36.83
27053,5.48,5.54,5.72,5.81,5.89,6.17,6.19
27055,16.05,13.94,11.42,11.61,12.95,12.87,12.83
27057,39.83,41.33,43.19,45.03,46.89,47.36,47.62
27059,17.54,20.54,24.42,25.72,26.22,24.43,22.5
27061,54.76,55.04,55.36,53.78,51.49,54.3,57.17
27063,11.97,9.91,7.25,7.79,9.39,13.29,17.08
27065,51.74,56.72,63.05,66.53,69.0,68.55,68.24
27067,18.94,17.76,16.32,16.5,17.2,18.01,18.88
27069,42.31,41.91,41.41,33.22,22.15,18.04,13.95
27071,71.12,66.8,61.34,60.73,61.8,63.74,65.53
27073,50.08,47.78,44.82,44.14,44.3,45.6,47.22
27075,33.4,31.82,29.75,31.85,35.43,41.21,47.1
27077,24.45,23.33,21.89,17.98,13.03,12.76,12.51
27079,5.16,5.99,7.05,8.29,9.6,10.37,11.37
27081,34.89,34.01,33.01,30.8,28.1,26.24,24.33
27083,11.97,10.55,8.71,7.46,6.27,6.66,7.14
27085,10.32,11.7,13.42,14.94,16.24,18.61,20.98
27087,38.78,35.6,31.64,35.16,41.54,44.53,47.37
27089,26.52,24.41,21.82,20.94,20.57,20.59,20.63
27091,30.82,32.57,34.8,35.67,36.06,38.94,41.9
27093,13.72,13.61,13.43,13.21,13.07,12.52,12.12
27095,45.78,47.51,49.84,49.93,49.33,49.57,49.83
27097,25.25,24.17,22.82,22.22,21.8,21.94,22.11
27099,26.52,25.49,24.2,23.2,22.26,19.29,16.36
27101,27.19,28.16,29.54,28.32,26.14,25.48,24.71
27103,6.24,8.36,11.0,13.85,16.71,18.46,20.29
27105,13.72,12.39,10.85,14.25,19.39,19.65,20.11
27107,15.09,14.79,14.32,15.95,18.28,19.09,20.07
27109,3.09,3.82,4.75,5.61,6.47,6.15,5.88
27111,32.51,32.46,32.37,30.55,28.01,27.21,26.66
27113,31.65,29.72,27.31,24.45,21.19,20.7,20.49
27115,51.19,56.98,64.26,66.18,66.27,67.28,68.29
27117,25.25,25.1,25.02,28.54,33.28,35.76,38.36
27119,34.16,31.67,28.54,28.16,28.8,28.11,27.46
27121,37.89,36.34,34.49,34.02,34.08,33.91,33.69
27123,15.09,15.25,15.37,15.49,15.67,15.56,15.6
27125,25.25,24.41,23.37,23.66,24.37,22.95,21.65
27127,32.51,30.54,28.19,22.41,15.43,12.42,9.46
27129,22.32,20.29,17.75,14.09,10.04,10.33,10.43
27131,2.74,3.83,4.99,5.19,5.13,4.64,3.98
27133,18.94,17.8,16.36,15.33,14.29,15.27,16.2
27135,14.45,12.87,10.98,10.68,10.93,10.79,10.88
27137,37.89,38.69,39.66,39.81,39.85,39.37,38.83
27139,0.67,0.71,0.73,0.81,0.89,1.2,1.45
27141,3.09,2.94,2.58,2.65,2.81,3.69,4.54
27143,12.61,12.27,11.93,11.03,10.02,10.41,10.81
27145,8.63,9.29,10.04,9.96,9.62,9.68,9.71
27147,12.61,12.64,12.64,13.03,13.35,12.28,11.28
27149,15.09,16.72,18.61,16.87,13.72,12.11,10.58
27151,46.74,43.52,39.57,37.09,35.21,36.92,38.72
27153,31.65,31.64,31.42,33.32,36.0,33.95,31.99
27155,62.56,66.99,72.46,71.76,68.73,65.53,62.36
27157,13.72,13.85,13.97,17.13,21.46,23.44,25.68
27159,63.67,65.17,66.96,66.89,66.11,61.82,57.54
27161,17.54,17.83,18.25,16.93,14.96,14.51,13.92
27163,2.45,2.57,2.7,2.97,3.35,3.66,3.94
27165,14.45,12.65,10.42,15.21,22.65,26.97,31.43
27167,21.46,28.0,36.21,39.7,41.45,41.92,42.43
27169,10.32,11.7,13.39,14.22,14.75,13.68,12.61
27171,1.37,1.58,1.76,2.44,3.39,3.86,4.21
27173,23.02,22.12,20.94,23.05,26.45,28.46,30.48
28001,65.87,60.92,54.71,55.14,57.88,58.61,59.19
28003,82.74,82.54,82.31,83.75,85.9,87.49,89.2
28005,98.09,95.22,91.71,87.38,82.69,86.09,89.49
28007,85.8,83.71,81.02,83.49,87.87,89.49,91.18
28009,77.84,76.96,75.75,75.09,74.6,73.64,72.65
28011,23.72,36.43,52.27,63.69,73.62,74.31,74.87
28013,85.32,84.89,84.43,86.3,88.99,90.71,92.29
28015,57.62,60.92,64.99,70.35,76.45,74.48,72.49
28017,61.64,61.91,62.34,61.38,59.9,62.36,65.3
28019,94.81,95.17,95.56,96.33,97.19,97.41,97.67
28021,37.03,38.75,40.87,41.45,41.46,39.27,36.88
28023,97.71,96.17,94.23,93.32,92.98,93.94,95.09
28025,64.37,56.99,47.7,35.06,21.12,12.76,4.1
28027,53.68,49.83,44.99,41.81,39.26,39.83,40.25
28029,56.73,58.44,60.51,54.58,45.46,39.95,34.43
28031,95.29,94.45,93.44,88.77,82.79,78.86,75.03
28033,11.97,12.65,13.52,14.53,15.7,17.33,18.87
28035,88.67,87.15,85.28,85.47,86.55,86.03,85.74
28037,75.96,77.6,79.7,72.43,61.73,68.98,76.16
28039,79.08,80.91,83.28,84.56,85.4,85.49,85.74
28041,92.04,92.9,94.07,90.81,85.8,84.21,82.59
28043,81.31,84.38,88.26,87.59,85.19,82.78,80.45
28045,66.92,67.07,67.29,70.98,75.98,66.89,57.63
28047,47.85,48.34,48.94,50.08,51.39,52.3,53.26
28049,28.84,26.75,24.2,22.37,20.76,21.66,22.52
28051,27.19,29.65,32.64,42.83,55.68,70.2,84.75
28053,63.67,58.58,52.14,61.39,76.61,85.73,95.02
28055,98.6,93.16,86.27,87.27,91.16,94.28,97.54
28057,89.4,88.34,87.02,85.11,83.07,74.24,65.41
28059,66.92,67.48,68.2,67.56,66.37,66.36,66.41
28061,93.7,89.43,84.03,79.59,75.37,72.78,70.19
28063,71.76,65.91,58.64,44.62,27.98,24.22,20.52
28065,81.95,83.77,85.99,82.89,77.62,70.96,64.32
28067,77.17,74.92,72.28,68.68,64.86,63.23,61.7
28069,81.31,81.62,81.9,82.19,82.36,83.78,85.32
28071,10.98,10.36,9.52,10.48,12.03,11.21,10.29
28073,52.66,50.19,47.09,46.3,46.3,44.46,42.57
28075,73.96,74.76,75.71,76.34,76.82,75.57,74.15
28077,68.26,64.59,59.96,53.71,46.79,57.49,68.13
28079,86.82,87.96,89.39,90.49,91.41,92.45,93.59
28081,63.67,63.28,62.8,59.92,56.09,51.48,47.02
28083,17.54,17.63,17.75,14.95,10.97,9.49,8.15
28085,56.73,54.55,51.7,50.97,50.96,46.62,42.24
28087,63.67,59.16,53.51,43.33,31.52,22.7,13.8
28089,6.91,7.6,8.47,7.6,6.0,5.69,5.72
28091,87.81,87.96,88.11,86.61,84.52,86.65,88.89
28093,46.74,42.29,36.78,35.31,35.29,45.43,55.64
28095,77.17,72.88,67.61,61.12,54.39,51.49,48.72
28097,73.96,75.34,77.08,83.12,90.78,89.99,89.04
28099,83.22,82.45,81.44,83.06,85.6,83.16,80.95
28101,81.95,80.91,79.57,80.07,81.25,81.63,82.08
28103,91.12,90.5,89.61,88.03,86.12,86.32,86.57
28105,20.89,19.31,17.38,16.74,16.53,16.08,15.75
28107,57.62,55.8,53.53,59.54,68.71,72.4,76.11
28109,76.5,77.97,79.79,80.29,80.18,80.91,81.63
28111,98.98,98.8,98.58,98.54,98.47,98.25,98.12
28113,84.75,82.96,80.82,75.22,68.37,67.11,65.83
28115,68.26,71.31,75.17,77.76,79.94,79.84,79.94
28117,93.47,91.43,89.03,88.95,89.71,86.32,82.97
28119,54.76,58.55,63.25,64.79,65.25,63.55,61.79
28121,34.16,33.84,33.57,30.47,26.58,26.24,26.07
28123,86.82,87.08,87.52,89.16,91.35,91.88,92.33
28125,91.82,87.47,81.97,82.96,86.22,84.4,82.68
28127,62.56,65.26,68.58,70.28,71.46,70.72,70.09
28129,84.24,84.98,85.79,81.69,75.7,77.73,79.89
28131,67.62,71.8,77.14,76.57,73.87,77.54,81.44
28133,33.4,31.55,29.05,32.77,38.79,42.5,46.19
28135,66.92,73.03,80.56,74.62,63.62,55.5,47.4
28137,62.56,61.76,60.7,55.83,49.39,46.08,42.94
28139,92.36,89.37,85.58,83.42,81.87,85.36,88.83
28141,93.47,93.23,92.89,92.21,91.45,91.16,90.75
28143,42.31,43.24,44.49,37.68,27.8,22.85,17.7
28145,76.5,75.62,74.49,75.87,78.34,79.77,81.22
28147,89.97,89.33,88.56,86.4,83.68,84.78,85.76
28149,28.84,28.7,28.62,37.01,48.82,57.68,66.83
28151,88.16,83.6,77.95,77.95,79.99,85.36,90.85
28153,93.47,93.55,93.67,92.67,91.28,90.38,89.52
28155,82.74,83.56,84.48,86.36,88.47,90.08,91.48
28157,97.9,97.51,96.99,96.46,95.87,95.19,94.28
28159,72.62,73.55,74.72,77.28,80.48,82.9,85.27
28161,92.96,88.45,82.78,74.9,66.08,63.82,61.57
28163,76.5,73.25,69.17,75.27,85.16,90.77,96.46
29001,23.02,21.88,20.46,20.2,20.37,20.95,21.58
29003,31.65,33.71,36.38,37.3,37.51,35.88,34.28
29005,75.33,74.32,73.1,73.48,74.43,72.91,71.37
29007,60.94,55.68,49.17,49.38,52.05,58.5,64.48
29009,73.48,70.81,67.39,67.88,69.93,64.28,58.91
29011,72.62,75.75,79.77,77.15,72.11,75.81,79.62
29013,83.22,80.16,76.19,70.33,63.73,63.34,62.79
29015,91.44,93.32,95.67,96.4,96.66,96.95,97.07
29017,94.81,95.31,95.89,95.26,94.08,92.7,91.32
29019,9.71,9.0,8.16,9.48,11.64,13.07,14.81
29021,52.66,52.52,52.32,52.98,54.04,55.04,56.13
29023,94.97,95.54,96.3,96.55,96.58,96.5,96.53
29025,67.62,68.65,69.92,69.02,67.39,60.25,53.01
29027,48.93,50.27,51.9,50.23,47.26,42.94,38.61
29029,71.76,69.88,67.47,70.55,75.84,76.03,76.05
29031,43.11,39.57,35.13,32.94,31.64,32.62,33.42
29033,52.66,55.46,58.85,59.65,59.31,52.75,46.23
29035,88.16,89.45,91.15,93.5,96.03,96.72,97.38
29037,23.02,24.48,26.45,27.63,28.62,29.5,30.64
29039,90.89,90.91,90.92,89.97,88.65,88.82,88.88
29041,82.74,79.49,75.4,72.16,69.22,68.0,66.86
29043,12.61,14.64,17.05,21.62,26.95,29.15,31.52
29045,60.17,53.49,45.17,41.88,40.59,40.5,40.38
29047,15.09,15.46,15.85,16.74,17.8,17.37,17.07
29049,25.25,24.2,22.85,23.97,26.04,26.16,26.29
29051,42.31,40.25,37.67,30.39,21.42,16.69,11.9
29053,36.01,39.12,42.93,48.61,55.06,56.47,57.98
29055,85.32,86.76,88.63,89.78,90.76,90.79,90.8
29057,69.02,70.81,73.13,73.86,74.17,66.27,58.44
29059,79.53,83.32,88.05,89.34,89.44,89.49,89.54
29061,52.66,55.06,58.15,54.51,48.32,38.92,29.5
29063,65.87,66.88,68.11,65.5,61.52,54.21,46.68
29065,97.61,97.3,96.96,95.21,93.04,91.45,89.8
29067,86.44,87.74,89.35,88.98,87.87,87.62,87.38
29069,91.12,91.28,91.55,91.66,91.81,89.43,87.19
29071,19.8,19.92,20.11,23.83,28.93,31.84,34.74
29073,81.95,80.32,78.16,74.94,71.19,69.81,68.34
29075,59.22,59.82,60.6,60.8,60.77,58.96,57.28
29077,34.89,34.77,34.53,37.24,41.13,42.05,43.05
29079,57.62,55.44,52.68,53.45,55.55,54.54,53.66
29081,79.08,80.12,81.35,78.27,73.5,77.56,81.64
29083,91.12,88.08,84.26,83.79,84.5,83.98,83.58
29085,95.45,95.22,94.87,95.24,95.87,95.77,95.99
29087,60.94,59.18,56.97,59.6,64.12,69.01,73.81
29089,44.03,43.4,42.63,47.65,55.02,53.43,51.81
29091,74.59,77.67,81.56,84.63,87.51,87.63,87.82
29093,98.66,98.21,97.66,97.25,96.91,96.04,94.98
29095,29.96,30.4,30.97,30.3,29.09,27.21,25.23
29097,43.11,39.81,35.83,36.0,37.86,40.74,43.63
29099,31.65,29.74,27.37,26.9,27.08,28.73,30.27
29101,17.54,18.45,19.56,19.45,18.82,19.81,20.8
29103,77.17,78.58,80.32,82.68,85.2,81.12,77.1
29105,80.01,79.63,79.06,76.51,73.23,70.74,68.26
29107,44.73,44.88,45.14,44.62,43.93,42.63,41.46
29109,54.76,55.54,56.62,62.06,69.17,70.91,72.68
29111,30.82,28.32,25.29,26.18,28.65,32.89,37.27
29113,62.56,61.75,60.68,54.02,45.22,43.54,41.75
29115,62.56,58.68,53.89,48.96,43.84,39.69,35.13
29117,48.93,47.37,45.41,42.67,39.59,36.66,33.84
29119,75.33,72.43,68.9,66.63,64.75,51.74,38.5
29121,56.73,63.62,72.34,72.24,68.91,68.51,68.26
29123,96.34,96.17,95.83,95.12,94.26,94.71,95.28
29125,85.32,86.45,87.81,84.86,80.44,76.21,72.09
29127,56.73,52.91,48.17,43.34,38.33,36.64,34.86
29129,58.42,54.0,48.49,47.66,48.45,49.0,49.52
29131,79.53,75.11,69.46,63.87,58.21,58.23,58.47
29133,93.92,90.97,87.34,85.51,84.32,87.66,91.0
29135,44.73,41.56,37.61,31.77,25.27,24.51,23.91
29137,62.56,62.58,62.55,65.22,68.99,62.68,56.31
29139,73.48,71.59,69.44,67.53,65.93,68.09,70.12
29141,90.51,86.8,82.26,76.66,70.58,72.67,74.86
29143,93.7,93.47,93.2,93.32,93.61,91.39,89.19
29145,55.71,51.51,46.23,43.82,42.35,41.16,40.06
29147,29.96,30.01,30.19,27.16,23.02,18.15,13.28
29149,96.63,96.85,97.1,96.69,96.0,95.62,95.17
29151,60.17,57.74,54.75,44.87,32.49,24.2,15.77
29153,91.56,91.0,90.15,89.09,87.99,90.5,93.02
29155,96.34,97.03,97.82,98.09,98.25,98.18,97.95
29157,55.71,54.76,53.61,52.59,51.61,45.42,39.05
29159,62.56,65.01,68.11,67.27,65.09,62.56,60.11
29161,52.66,54.92,57.63,58.36,58.19,58.53,58.86
29163,73.96,67.38,59.1,49.14,38.49,33.82,29.14
29165,6.24,7.61,9.33,11.92,14.69,17.4,19.96
29167,65.27,65.6,65.85,63.1,59.31,53.66,48.1
29169,56.73,60.26,64.69,71.56,79.36,78.04,76.8
29171,89.62,90.37,91.18,87.4,81.95,67.02,52.08
29173,45.78,46.63,47.68,45.16,41.31,37.75,34.07
29175,71.12,70.95,70.78,68.62,65.89,64.54,63.34
29177,54.76,56.77,59.44,56.1,50.6,40.99,31.27
29179,98.09,98.04,97.98,97.97,97.98,98.09,98.35
29181,95.61,96.65,98.01,98.88,99.41,99.43,99.39
29183,6.24,6.07,5.77,5.88,6.31,6.72,7.29
29185,93.7,93.92,94.1,93.57,92.68,91.36,89.97
29186,69.79,63.88,56.55,54.28,53.91,52.17,50.3
29187,82.74,84.2,85.96,86.62,87.03,86.87,86.56
29189,16.71,17.28,18.06,18.26,18.29,17.54,16.89
29195,70.49,71.14,71.81,70.23,67.74,66.84,65.9
29197,53.68,56.99,61.09,60.96,59.18,58.07,57.24
29199,41.45,43.1,45.07,43.18,39.72,36.07,32.22
29201,73.48,73.13,72.64,75.19,78.96,80.47,82.01
29203,80.01,83.46,87.81,91.37,94.86,95.26,95.69
29205,66.92,66.04,64.97,60.48,54.65,48.0,41.27
29207,88.16,89.85,91.81,93.03,94.03,94.5,94.88
29209,76.5,79.18,82.69,83.54,83.41,80.8,78.16
29211,72.62,64.52,54.41,43.35,31.94,22.55,13.18
29213,62.56,65.43,69.16,69.63,68.97,67.39,65.65
29215,93.47,92.97,92.46,93.03,94.05,94.62,95.45
29217,79.53,77.31,74.6,72.65,70.91,68.69,66.29
29219,45.78,45.98,46.29,47.8,49.83,49.83,49.64
29221,98.22,98.15,98.05,97.94,97.81,97.58,97.32
29223,99.17,99.11,98.98,99.02,99.28,99.35,99.52
29225,37.89,39.0,40.2,41.49,42.74,40.86,39.03
29227,44.73,46.29,48.29,51.25,54.76,55.08,55.33
29229,81.31,81.81,82.47,82.99,83.45,83.04,82.87
29510,45.78,47.57,49.76,49.91,49.41,48.57,47.87
30001,28.18,32.45,37.87,42.31,46.47,53.38,60.18
30003,13.72,12.36,10.72,8.07,4.89,3.76,2.54
30005,57.62,64.48,72.97,78.97,83.99,86.12,88.18
30007,34.89,42.67,52.34,59.98,66.96,66.51,66.14
30009,44.73,46.48,48.71,51.02,53.31,55.09,56.82
30011,18.31,22.72,28.12,29.99,30.52,29.84,29.26
30013,47.85,47.69,47.46,46.47,45.26,44.72,43.98
30015,10.98,11.57,12.3,13.25,14.42,13.56,12.56
30017,47.85,50.95,54.79,61.37,68.86,74.74,80.5
30019,26.52,28.51,30.98,37.58,45.86,48.52,51.24
30021,34.89,36.9,39.49,35.43,28.93,30.93,32.95
30023,88.98,90.94,93.42,94.48,94.91,95.35,95.67
30025,14.45,15.57,17.0,18.99,21.2,30.95,40.51
30027,41.45,41.28,41.14,34.68,25.87,28.05,30.29
30029,15.09,13.8,12.15,12.74,14.21,16.05,18.23
30031,1.88,1.82,1.75,1.63,1.58,1.82,2.05
30033,12.61,15.99,20.2,17.44,12.23,9.46,6.75
30035,43.11,39.17,34.29,27.06,18.84,13.77,8.44
30037,81.95,77.14,71.05,64.08,56.73,60.92,64.96
30039,76.5,77.65,79.09,78.55,77.23,74.83,72.47
30041,28.84,34.98,42.7,46.36,48.67,45.21,41.43
30043,38.78,38.48,38.15,34.28,29.01,36.29,43.45
30045,34.89,31.29,26.94,30.4,36.77,35.85,35.03
30047,38.78,39.58,40.46,40.46,40.07,44.6,49.05
30049,31.65,32.26,32.88,33.44,33.88,30.74,27.58
30051,52.66,56.98,62.24,64.03,64.53,66.01,67.42
30053,75.33,79.44,84.58,86.64,87.59,89.26,90.97
30055,37.89,36.72,35.32,31.57,26.94,22.41,17.89
30057,17.54,18.98,20.85,27.11,34.98,35.57,36.1
30059,80.64,73.82,65.28,57.49,49.97,51.81,53.43
30061,85.32,87.45,90.08,91.58,92.78,86.71,80.73
30063,15.09,16.86,18.97,20.96,22.82,20.83,18.73
30065,41.45,43.37,45.84,45.51,44.24,41.24,38.17
30067,33.4,28.46,22.17,17.95,14.53,11.2,7.78
30069,0.67,5.11,10.7,17.54,24.81,20.16,15.43
30071,69.02,68.08,66.87,64.45,61.53,66.82,72.14
30073,63.67,63.67,63.64,63.79,64.06,65.74,67.77
30075,54.76,52.55,49.9,52.47,56.92,53.08,49.44
30077,55.71,55.97,56.28,52.73,47.62,54.34,60.96
30079,68.26,64.27,59.44,57.22,56.0,56.02,55.89
30081,66.92,68.9,71.49,75.1,79.13,80.49,81.94
30083,37.89,28.94,17.8,17.93,22.17,26.05,30.0
30085,25.25,27.61,30.6,27.41,21.88,17.98,13.99
30087,31.65,40.46,51.49,60.4,68.53,72.71,76.94
30089,78.16,78.15,78.13,79.17,80.8,83.25,85.56
30091,46.74,40.37,32.38,28.65,26.31,34.97,43.33
30093,59.22,62.45,66.52,70.2,73.67,76.02,78.3
30095,34.89,33.71,32.25,30.34,28.37,30.64,33.02
30097,25.25,32.56,41.82,39.94,33.95,38.89,43.91
30099,57.62,55.44,52.67,51.44,50.55,49.39,48.16
30101,65.27,64.76,64.0,66.65,70.48,72.43,74.49
30103,84.75,71.22,54.41,50.23,50.69,64.26,77.87
30105,51.74,47.89,43.1,42.85,44.45,47.99,51.55
30107,42.31,38.3,33.24,28.0,22.52,21.85,21.3
30109,44.73,41.33,37.06,33.23,29.47,37.49,45.69
30111,27.19,27.01,26.75,25.02,22.66,21.43,20.25
31001,18.94,20.46,22.25,27.34,33.69,30.66,27.79
31003,48.93,50.94,53.35,51.88,48.92,44.15,39.21
31005,2.55,3.09,3.71,6.33,9.67,21.08,32.43
31007,80.64,70.45,57.76,49.81,43.54,37.25,31.24
31009,4.52,4.17,3.85,7.64,13.07,30.03,47.09
31011,26.52,23.6,20.08,18.64,18.03,20.44,22.76
31013,18.94,15.16,10.49,9.44,9.74,13.83,17.69
31015,64.37,65.44,66.7,67.44,68.07,67.17,66.19
31017,60.17,53.15,44.43,41.08,39.77,38.28,36.93
31019,3.09,4.34,5.81,8.11,10.79,12.51,14.16
31021,54.76,54.75,54.89,55.0,55.09,54.08,53.01
31023,23.72,24.47,25.35,22.38,17.97,19.13,20.09
31025,9.71,9.02,8.12,6.72,5.16,7.46,9.67
31027,15.09,13.24,11.12,11.81,13.41,11.79,10.0
31029,40.75,34.99,27.8,23.51,20.35,20.37,20.4
31031,37.03,34.71,31.9,31.47,31.79,29.29,26.74
31033,16.71,17.08,17.61,24.3,33.36,39.4,45.32
31035,48.93,51.18,53.96,52.67,49.79,45.01,39.99
31037,1.69,1.64,1.54,2.62,4.12,5.63,7.28
31039,21.46,21.34,21.22,17.56,12.5,10.33,8.07
31041,23.72,24.12,24.72,25.38,26.1,29.58,32.91
31043,2.45,2.52,2.63,4.38,6.6,11.19,15.71
31045,11.46,10.67,9.66,11.01,13.15,14.2,15.31
31047,16.71,17.26,18.04,19.91,22.16,23.75,25.45
31049,24.45,24.65,24.84,37.22,54.32,63.57,72.98
31051,34.89,31.54,27.46,28.35,31.26,27.52,23.9
31053,30.82,30.58,30.43,29.38,28.11,28.02,28.17
31055,9.71,9.28,8.66,8.76,9.21,9.2,9.32
31057,27.19,25.46,23.28,18.58,12.92,17.05,21.11
31059,47.85,50.73,54.4,54.8,54.09,48.08,42.28
31061,68.26,64.59,59.96,60.25,62.27,60.41,58.7
31063,18.94,24.64,31.74,44.85,60.35,71.23,82.0
31065,72.62,68.44,63.29,64.08,67.16,68.89,70.79
31067,46.74,48.2,50.04,50.06,49.46,49.85,50.32
31069,54.76,47.0,37.27,43.26,55.22,64.51,73.53
31071,46.74,42.63,37.57,40.83,47.16,41.6,35.9
31073,39.83,39.58,39.4,35.1,29.36,21.35,13.2
31075,16.71,15.04,12.88,13.59,15.29,16.15,17.23
31077,56.73,51.86,45.74,43.64,42.92,40.91,38.86
31079,18.94,18.59,18.13,19.08,20.41,21.43,22.4
31081,20.89,20.15,19.1,16.84,14.12,12.56,11.22
31083,75.33,69.53,62.39,59.58,58.36,56.47,54.3
31085,74.59,70.02,64.38,59.57,55.05,54.69,54.31
31087,74.59,74.5,74.46,74.43,74.38,76.0,77.81
31089,37.03,37.38,37.7,36.67,35.04,32.34,29.55
31091,75.33,82.81,92.11,95.46,96.72,82.64,68.6
31093,39.83,39.55,39.33,35.59,30.47,25.8,21.18
31095,44.73,48.88,54.05,57.63,60.76,66.48,72.15
31097,34.89,32.47,29.48,37.7,50.29,54.43,58.42
31099,34.16,28.66,21.88,18.78,16.9,16.52,15.91
31101,43.11,36.09,27.18,26.26,28.09,31.63,35.08
31103,71.12,62.11,50.9,35.89,19.25,12.48,5.41
31105,44.73,47.47,50.83,56.38,62.84,61.02,59.2
31107,40.75,36.61,31.48,30.41,30.77,34.7,38.65
31109,6.91,7.64,8.5,9.21,9.65,9.57,9.39
31111,46.74,45.24,43.26,42.31,41.76,40.54,39.64
31113,32.51,34.07,35.92,26.99,13.96,8.53,3.23
31115,34.89,30.83,25.7,37.06,54.79,59.9,64.68
31117,66.92,61.64,54.98,40.03,21.67,12.36,3.16
31119,10.98,11.3,11.72,12.0,12.28,11.01,9.85
31121,34.16,33.55,32.74,39.09,48.04,52.21,56.1
31123,46.74,45.88,44.92,43.15,41.11,37.61,34.07
31125,47.85,48.57,49.49,50.93,52.57,52.64,52.96
31127,32.51,35.67,39.76,39.8,38.5,43.32,48.07
31129,56.73,61.39,67.19,67.15,64.98,57.89,50.82
31131,25.25,28.53,32.7,37.21,41.71,44.26,46.73
31133,36.01,38.09,40.62,37.55,32.35,38.92,45.56
31135,18.31,18.37,18.48,21.19,24.94,26.53,28.24
31137,24.45,23.89,23.08,22.33,21.62,25.09,28.58
31139,16.05,14.96,13.53,13.13,13.09,14.39,15.54
31141,9.11,9.17,9.12,7.98,6.34,7.36,8.4
31143,21.46,19.32,16.57,17.93,20.84,20.72,20.53
31145,50.08,43.45,35.25,35.43,38.75,41.04,43.44
31147,51.19,52.42,54.02,54.92,55.6,54.12,52.79
31149,27.19,27.93,28.68,28.35,27.66,25.41,22.92
31151,29.96,28.25,26.16,22.19,17.43,15.46,13.48
31153,2.23,2.45,2.79,3.1,3.29,3.7,3.97
31155,18.94,21.28,24.23,27.13,30.11,29.45,28.9
31157,38.78,39.89,41.34,41.41,41.01,42.85,44.52
31159,10.32,10.18,9.92,9.79,9.6,8.7,7.88
31161,34.89,40.85,48.45,56.66,65.26,69.16,72.98
31163,62.56,57.8,51.86,50.82,51.61,51.46,51.28
31165,13.72,10.27,5.98,4.58,4.23,4.97,5.79
31167,24.45,23.82,23.12,20.12,16.18,16.66,17.01
31169,47.85,46.29,44.29,44.79,46.28,43.08,39.99
31171,20.89,17.19,12.59,19.07,29.63,32.79,35.91
31173,40.75,33.56,24.66,22.28,22.47,22.82,23.26
31175,64.37,63.73,62.99,59.51,55.03,48.6,42.15
31177,20.89,24.71,29.47,33.59,37.47,31.95,26.36
31179,2.9,5.17,8.04,8.11,7.11,6.7,6.36
31181,70.49,65.09,58.33,54.16,51.09,44.98,38.84
31183,40.75,36.95,32.17,36.82,45.0,53.41,61.81
31185,30.82,27.0,22.07,25.28,31.45,31.34,31.03
32001,78.16,73.57,67.76,57.81,46.08,44.55,43.02
32003,17.54,18.73,20.24,20.37,19.99,19.58,18.92
32005,48.93,50.67,52.89,51.77,49.45,45.89,42.31
32007,17.54,17.09,16.47,16.63,16.93,15.46,13.98
32009,64.37,67.93,72.31,74.8,76.52,80.22,83.84
32011,3.57,17.1,33.99,48.45,62.16,58.78,55.28
32013,13.34,14.04,14.99,14.68,14.03,16.71,19.28
32015,10.32,11.6,13.14,12.98,12.3,20.17,28.13
32017,40.75,42.24,44.17,57.68,75.7,81.23,86.68
32019,71.76,75.26,79.61,77.38,72.72,67.68,62.69
32021,98.73,98.06,97.18,90.38,81.37,66.68,52.04
32023,96.5,96.31,96.1,95.93,95.72,95.31,95.07
32027,84.75,81.9,78.38,64.65,47.1,36.12,25.04
32029,81.31,85.74,91.3,92.26,91.38,90.1,88.9
32031,14.45,16.4,18.85,19.37,19.26,18.8,18.25
32033,68.26,72.87,78.74,72.79,62.47,55.19,48.04
32510,51.74,65.43,82.51,87.91,89.12,79.81,70.4
33001,23.72,29.19,36.07,42.76,49.51,52.46,55.46
33003,52.66,55.13,58.3,56.56,53.15,53.6,54.01
33005,25.25,27.59,30.57,31.94,32.67,32.68,32.57
33007,83.79,83.5,83.13,83.78,84.95,85.43,85.79
33009,27.19,29.24,31.84,35.08,38.66,37.27,35.97
33011,11.97,12.49,13.06,14.19,15.5,16.07,16.63
33013,27.19,29.27,31.83,32.04,31.27,32.53,33.93
33015,7.45,7.51,7.54,8.18,8.97,9.59,10.11
33017,27.19,26.82,26.29,24.72,22.77,22.66,22.5
33019,47.85,45.3,42.09,38.74,35.22,32.14,28.87
34001,28.18,27.47,26.5,27.45,29.16,31.9,34.49
34003,2.74,2.39,2.01,1.89,1.73,1.72,1.74
34005,12.61,13.1,13.65,14.61,15.78,16.01,16.26
34007,30.82,31.0,31.17,30.61,29.76,30.28,30.93
34009,37.03,38.33,40.02,39.17,37.38,37.9,38.55
34011,51.74,48.9,45.21,41.44,37.58,38.19,38.88
34013,21.46,21.82,22.33,20.51,17.64,15.96,14.21
34015,22.32,22.93,23.81,24.29,24.56,23.08,21.78
34017,5.48,5.1,4.85,4.47,3.99,3.74,3.42
34019,3.09,3.21,3.41,3.26,3.01,2.92,2.8
34021,8.25,7.72,7.13,7.49,8.14,8.02,8.18
34023,3.09,3.18,3.37,3.43,3.5,4.06,4.67
34025,5.48,5.81,6.19,6.5,6.74,7.29,7.64
34027,1.69,1.72,1.75,1.93,2.0,2.21,2.3
34029,31.65,31.16,30.61,29.42,28.16,26.82,25.21
34031,4.81,4.22,3.61,3.3,3.13,2.91,2.78
34033,44.03,47.41,51.63,50.78,47.97,46.6,45.23
34035,1.46,1.56,1.6,1.63,1.58,1.52,1.43
34037,6.24,6.54,6.85,8.0,9.44,10.01,10.62
34039,4.11,4.24,4.27,4.14,3.93,3.84,3.97
34041,11.97,13.92,16.45,19.1,21.88,21.85,21.78
35001,27.19,27.83,28.7,29.31,29.84,33.17,36.44
35003,99.84,99.67,99.42,99.34,99.43,99.58,99.62
35005,62.56,63.49,64.65,63.29,61.02,61.15,61.2
35006,88.67,90.75,93.36,94.82,95.98,94.49,92.94
35007,95.7,93.46,90.69,90.41,91.15,92.7,94.28
35009,54.76,56.76,59.49,58.17,55.34,57.11,59.03
35011,88.67,90.72,93.31,93.56,93.02,83.48,74.07
35013,11.97,13.71,15.84,21.24,27.85,33.17,38.44
35015,53.68,48.84,42.7,37.51,32.39,34.84,37.35
35017,92.68,91.35,89.62,85.79,81.03,81.36,81.76
35019,92.04,89.96,87.29,88.62,91.35,88.32,85.18
35021,93.92,92.32,90.24,90.89,92.35,86.49,80.61
35023,76.5,76.29,75.91,79.88,85.44,84.78,84.03
35025,19.8,19.6,19.32,18.58,17.57,17.78,17.9
35027,83.79,82.1,79.99,77.82,75.65,79.56,83.51
35028,7.45,8.91,10.89,9.25,6.2,4.38,2.63
35029,73.96,78.03,83.15,85.04,85.61,85.63,85.68
35031,36.01,39.76,44.47,50.41,56.77,57.44,58.18
35033,99.3,98.86,98.3,98.47,98.73,99.08,99.62
35035,72.62,67.44,61.03,59.92,60.9,66.43,72.17
35037,98.22,97.57,96.7,95.04,92.91,91.7,90.23
35039,76.5,71.81,66.02,60.66,55.43,50.16,44.98
35041,47.85,54.6,62.97,65.21,65.02,69.33,73.81
35043,21.46,22.37,23.56,24.99,26.45,29.05,31.74
35045,23.72,28.45,34.42,38.36,41.56,42.97,44.27
35047,96.5,97.45,98.71,99.06,99.14,98.64,97.91
35049,28.84,29.29,29.89,28.44,26.16,29.04,31.84
35051,98.22,97.4,96.34,96.58,97.54,97.51,97.48
35053,98.44,98.27,98.08,98.18,98.31,97.41,96.43
35055,78.16,79.48,81.14,80.41,78.95,74.88,70.5
35057,69.02,68.01,66.79,65.56,64.34,67.3,70.28
35059,76.5,75.59,74.48,78.0,83.23,87.2,91.17
35061,76.5,77.95,79.72,79.88,79.45,81.55,83.69
36001,15.09,14.29,13.23,12.94,12.95,12.59,12.04
36003,45.78,47.53,49.75,51.79,53.92,54.31,54.63
36005,34.16,34.29,34.42,37.22,41.13,44.91,48.8
36007,38.78,41.63,45.14,47.63,49.75,50.37,51.04
36009,45.78,46.25,46.95,49.17,51.95,51.7,51.36
36011,34.89,34.38,33.69,36.65,40.92,40.48,39.91
36013,46.74,47.83,49.2,49.68,49.96,52.39,54.75
36015,40.75,39.21,37.33,40.6,45.76,49.29,52.86
36017,67.62,69.41,71.65,74.25,76.98,76.89,76.82
36019,42.31,45.27,48.88,51.05,52.61,54.58,56.31
36021,51.74,52.78,54.13,54.32,53.89,50.35,46.79
36023,23.72,24.13,24.69,25.36,26.06,25.69,25.37
36025,51.19,54.43,58.5,59.03,58.08,61.1,63.95
36027,28.18,28.27,28.44,27.92,27.01,24.53,22.02
36029,29.96,29.14,28.18,27.75,27.39,27.79,28.12
36031,55.71,57.99,60.86,61.59,61.6,58.62,55.59
36033,37.89,40.72,44.24,46.44,48.08,51.43,54.52
36035,60.17,60.96,62.01,59.89,56.71,57.52,58.31
36037,29.96,30.79,31.78,36.15,41.86,42.96,44.01
36039,46.74,46.63,46.43,42.59,37.45,32.7,27.58
36041,39.83,54.44,72.8,83.87,92.27,92.3,92.39
36043,38.78,39.52,40.54,44.34,49.26,50.79,52.3
36045,32.51,32.11,31.67,33.45,35.97,37.83,39.7
36047,6.91,6.95,7.03,7.23,7.44,7.2,6.97
36049,34.89,35.62,36.57,38.03,39.74,40.67,41.7
36051,19.8,21.35,23.17,24.33,25.15,23.29,21.51
36053,13.34,14.05,14.96,17.81,21.45,22.2,22.86
36055,23.02,24.23,25.74,27.59,29.62,31.93,34.38
36057,51.74,50.53,49.03,51.56,55.62,55.6,55.45
36059,2.9,2.72,2.42,2.19,2.03,2.02,2.01
36061,7.45,7.2,6.71,7.02,7.61,7.94,8.11
36063,31.65,30.63,29.28,30.53,32.84,34.2,35.55
36065,50.08,49.15,48.0,46.16,43.97,39.82,35.55
36067,18.94,20.04,21.29,21.93,22.28,23.54,24.91
36069,19.8,19.37,18.87,19.61,20.86,22.71,24.57
36071,18.31,18.79,19.38,18.93,18.19,17.34,16.3
36073,57.62,60.18,63.31,63.45,62.27,59.41,56.65
36075,36.01,38.35,41.38,43.92,46.51,45.76,45.1
36077,25.25,25.97,26.94,29.41,32.43,34.03,35.76
36079,9.71,9.77,9.83,9.1,8.19,6.97,5.85
36081,5.76,5.62,5.39,5.2,4.96,5.04,5.16
36083,23.02,24.21,25.77,27.64,29.72,32.0,34.3
36085,6.91,6.89,6.83,6.66,6.55,6.38,6.18
36087,3.57,3.91,4.37,4.28,4.08,3.68,3.17
36089,45.78,48.84,52.56,54.35,55.41,55.76,56.02
36091,13.72,14.0,14.31,13.99,13.38,12.81,12.27
36093,28.18,29.25,30.56,29.04,26.44,26.65,26.86
36095,58.42,56.33,53.76,53.98,55.29,55.92,56.87
36097,36.01,41.63,48.7,54.36,59.42,60.43,61.33
36099,48.93,50.93,53.43,57.08,61.11,61.38,61.4
36101,53.68,53.15,52.54,51.7,50.74,49.48,47.95
36103,4.52,4.7,4.88,4.95,5.03,4.97,4.89
36105,51.74,51.2,50.47,52.74,56.08,55.76,55.28
36107,29.96,32.01,34.61,37.19,39.72,42.48,45.15
36109,7.45,6.31,4.88,4.21,3.84,4.65,5.79
36111,39.83,37.67,34.91,33.89,33.47,35.25,36.83
36113,33.4,36.33,39.91,41.97,43.57,43.81,44.06
36115,38.78,37.3,35.54,36.99,39.77,44.39,48.97
36117,36.01,38.34,41.29,42.49,43.14,44.25,45.3
36119,4.11,3.96,3.89,4.01,4.16,4.35,4.27
36121,23.72,25.02,26.58,29.26,32.28,31.3,30.37
36123,25.25,25.73,26.18,24.87,22.89,19.59,16.33
37001,42.31,42.29,42.2,41.17,39.74,36.73,33.82
37003,61.64,64.89,68.9,70.6,71.52,70.75,69.83
37005,86.82,86.09,85.15,87.65,91.29,88.28,85.05
37007,80.64,80.72,80.81,77.16,72.09,71.61,71.29
37009,58.42,55.03,50.87,50.44,51.57,53.4,55.2
37011,75.96,80.69,86.51,86.2,83.67,80.12,76.57
37013,80.01,78.51,76.6,76.11,76.29,73.55,70.7
37015,88.16,89.27,90.65,90.05,88.65,90.87,93.22
37017,93.22,92.61,91.89,89.55,86.56,80.98,75.72
37019,62.56,64.56,67.3,67.6,67.16,63.87,60.47
37021,37.89,36.95,35.93,34.15,32.18,30.47,28.9
37023,83.22,83.78,84.59,84.64,84.31,84.52,84.42
37025,8.25,8.22,8.27,8.58,9.07,8.75,8.32
37027,75.96,76.13,76.19,75.15,73.72,74.16,74.51
37029,37.89,37.87,37.92,35.76,32.74,38.12,43.39
37031,73.48,75.6,78.31,79.67,80.46,77.95,75.49
37033,88.67,88.77,88.99,84.02,76.97,75.84,74.65
37035,31.65,34.23,37.35,38.01,37.76,35.63,33.28
37037,25.25,29.87,35.69,40.6,45.2,44.32,43.47
37039,82.43,83.58,84.99,85.23,85.08,83.4,81.98
37041,41.45,44.66,48.64,50.56,51.59,56.93,62.42
37043,55.71,59.09,63.41,67.35,71.19,76.16,81.24
37045,63.67,63.34,62.85,60.79,58.36,53.84,49.54
37047,85.8,85.58,85.28,84.3,83.16,81.9,80.53
37049,67.62,68.04,68.65,66.55,63.55,59.43,55.1
37051,40.75,46.28,53.02,57.56,61.3,61.72,62.09
37053,18.31,24.85,33.06,37.14,39.8,36.1,32.24
37055,39.83,40.59,41.57,37.93,32.55,26.37,20.22
37057,60.17,61.56,63.29,61.45,58.24,53.82,49.64
37059,28.84,31.0,33.6,39.5,46.6,50.22,53.76
37061,60.94,64.77,69.48,73.7,77.69,78.64,79.46
37063,9.11,8.22,7.02,6.61,6.47,5.91,5.61
37065,68.26,69.45,71.07,68.41,64.26,60.58,56.85
37067,11.46,11.51,11.7,10.55,9.01,9.42,9.69
37069,42.31,42.9,43.69,46.49,49.99,52.47,54.92
37071,62.56,60.28,57.32,55.22,53.35,50.51,47.44
37073,64.37,67.7,71.9,78.27,85.39,87.59,89.85
37075,29.96,45.67,65.16,74.67,80.5,84.36,88.34
37077,79.53,75.73,70.88,65.18,58.93,53.26,47.33
37079,80.01,83.31,87.54,90.22,92.46,91.4,90.37
37081,11.46,11.51,11.72,11.89,12.26,12.91,13.32
37083,93.7,92.55,91.13,86.95,81.74,79.59,77.52
37085,34.89,34.4,33.72,32.25,30.45,33.88,37.26
37087,51.74,56.0,61.19,64.1,66.24,66.89,67.51
37089,56.73,56.68,56.57,52.85,47.56,45.11,42.76
37091,92.96,88.73,83.49,84.11,86.82,88.55,90.18
37093,44.03,42.44,40.37,47.36,57.78,64.31,70.79
37095,58.42,62.97,68.56,59.58,45.23,41.66,38.14
37097,24.45,25.16,26.12,26.43,26.48,24.53,22.51
37099,34.16,30.87,26.78,28.95,33.49,35.83,38.28
37101,31.65,32.89,34.37,35.65,36.9,36.59,36.47
37103,96.28,96.57,96.88,96.91,96.78,96.64,96.1
37105,37.03,37.09,37.08,40.48,45.2,51.0,57.05
37107,90.89,92.07,93.36,94.02,94.49,94.6,94.6
37109,47.85,48.6,49.53,48.44,46.52,44.45,42.37
37111,94.3,91.63,88.28,87.22,86.93,86.33,85.59
37113,71.76,69.34,66.25,65.87,66.5,69.15,71.87
37115,60.94,56.16,49.99,52.5,58.14,61.73,65.22
37117,81.31,80.22,78.91,78.95,79.45,81.01,82.59
37119,3.76,3.56,3.31,2.86,2.36,2.07,1.74
37121,92.36,91.65,90.78,88.56,85.82,83.7,81.55
37123,58.42,52.64,45.44,43.88,44.2,51.08,57.93
37125,44.03,44.85,45.82,48.02,50.66,50.47,50.42
37127,51.74,53.29,55.37,56.39,57.11,57.67,58.2
37129,27.19,25.72,23.83,23.42,23.52,22.52,21.48
37131,95.61,95.21,94.73,91.88,88.19,85.14,81.92
37133,39.83,46.31,54.45,59.78,64.14,62.18,60.02
37135,3.09,3.09,2.99,2.88,2.87,2.6,2.43
37137,81.31,83.72,86.82,87.8,88.02,86.67,85.13
37139,53.68,50.1,45.72,44.83,45.2,45.57,46.01
37141,66.92,68.2,69.76,66.97,62.37,61.24,59.88
37143,80.64,77.06,72.55,64.45,54.97,56.7,58.21
37145,71.12,74.1,77.78,78.06,77.01,78.49,80.0
37147,18.94,19.7,20.57,21.86,23.27,27.72,32.24
37149,56.73,57.55,58.65,63.58,69.82,74.02,78.25
37151,34.16,35.47,37.02,42.07,48.37,54.01,59.72
37153,85.8,82.69,78.66,76.17,74.09,71.2,68.34
37155,68.26,65.88,62.82,61.11,59.79,58.95,57.83
37157,71.76,68.49,64.33,59.77,55.19,54.41,53.75
37159,58.42,57.25,55.83,54.06,52.19,52.95,53.73
37161,88.98,88.53,88.03,86.4,84.21,83.9,83.53
37163,78.16,78.89,79.81,78.73,76.87,67.02,56.92
37165,88.16,87.39,86.4,81.04,74.07,69.06,64.05
37167,63.67,60.79,57.1,51.92,46.02,47.04,48.21
37169,48.93,49.29,49.81,49.61,49.33,55.49,61.73
37171,69.79,73.65,78.43,80.93,82.58,83.02,83.51
37173,43.11,44.79,47.0,56.13,67.87,72.34,76.93
37175,69.02,64.56,58.99,57.52,57.54,54.1,50.37
37177,65.87,72.26,80.28,86.09,91.24,90.46,89.79
37179,4.11,4.27,4.46,4.41,4.27,4.31,4.47
37181,95.92,92.75,88.69,82.26,75.03,74.05,72.83
37183,1.46,1.64,1.8,1.95,2.1,2.23,2.32
37185,98.6,95.14,90.82,87.46,84.55,82.98,81.5
37187,95.7,94.54,93.08,92.67,92.66,92.56,92.35
37189,8.63,9.51,10.55,11.31,11.97,12.32,12.71
37191,58.42,60.67,63.6,62.64,60.39,57.34,54.17
37193,77.17,75.41,73.28,73.59,74.92,75.42,75.92
37195,56.73,53.58,49.69,49.73,51.26,50.34,49.18
37197,59.22,60.91,63.04,63.29,62.86,59.97,57.12
37199,82.74,83.38,84.14,81.28,76.96,74.56,72.15
38001,34.16,27.18,18.56,13.22,9.04,15.01,20.96
38003,15.09,19.85,25.76,31.13,36.51,31.43,26.36
38005,3.09,4.4,6.01,15.42,27.64,38.08,48.67
38007,0.06,1.49,3.27,7.65,13.15,17.65,22.14
38009,24.45,27.79,31.99,37.16,42.72,44.89,46.93
38011,13.34,12.19,10.7,9.66,8.97,7.81,6.68
38013,13.72,10.42,6.52,4.1,2.33,2.5,2.7
38015,10.32,9.92,9.44,8.26,6.84,7.86,8.82
38017,4.11,5.28,6.75,6.25,5.01,4.8,4.74
38019,24.45,21.13,16.94,12.66,8.35,7.25,6.19
38021,13.72,11.14,7.98,7.69,8.45,7.93,7.37
38023,59.22,58.02,56.51,50.38,42.51,37.37,32.37
38025,28.84,29.71,30.68,30.15,29.11,28.79,28.56
38027,16.05,19.03,22.69,40.24,63.04,70.77,78.5
38029,55.71,52.89,49.32,50.34,53.04,48.54,44.0
38031,10.98,12.46,14.34,12.68,9.72,14.25,18.84
38033,39.83,39.96,40.15,40.37,40.58,46.97,53.43
38035,5.76,6.63,7.6,7.75,7.69,6.19,4.67
38037,28.18,28.29,28.39,31.97,36.94,37.56,38.04
38039,36.01,39.78,44.48,45.38,44.84,39.57,34.26
38041,28.84,28.72,28.55,25.79,22.12,25.67,29.32
38043,18.94,20.94,23.5,25.15,26.46,21.55,16.81
38045,26.52,23.63,20.01,17.62,15.7,14.16,12.67
38047,45.78,37.89,27.9,21.91,17.34,14.39,11.61
38049,28.84,24.94,20.04,20.19,22.31,23.36,24.7
38051,56.73,59.07,61.88,54.17,42.53,35.23,27.78
38053,15.09,10.69,5.04,3.47,3.36,4.28,5.29
38055,7.9,8.3,8.79,8.46,8.01,7.7,7.44
38057,18.31,17.61,16.65,14.25,11.27,12.96,14.64
38059,15.09,11.81,7.77,5.73,4.42,3.2,1.91
38061,2.45,2.05,1.55,3.8,6.97,17.68,28.2
38063,16.05,18.81,22.19,28.34,35.43,49.44,63.29
38065,15.09,12.78,10.02,15.46,23.99,22.12,20.17
38067,34.89,31.59,27.44,24.3,21.54,20.15,18.58
38069,16.71,14.99,12.91,10.97,9.13,7.17,5.22
38071,32.51,37.42,43.62,45.59,46.0,51.7,57.25
38073,38.78,35.04,30.42,34.45,41.67,38.27,34.83
38075,18.94,17.09,14.77,22.56,34.15,40.8,47.47
38077,6.91,6.46,5.95,7.24,9.18,12.55,15.84
38079,28.84,30.05,31.46,38.14,46.85,51.03,55.28
38081,12.61,14.38,16.58,20.02,24.0,24.37,25.02
38083,61.64,50.03,35.36,31.09,30.5,26.31,22.01
38085,12.61,10.09,6.96,7.82,10.32,17.18,23.94
38087,17.54,31.74,49.45,58.74,65.05,68.85,72.65
38089,8.25,7.51,6.66,7.25,8.28,7.03,5.9
38091,23.02,30.04,38.85,38.03,33.57,23.9,14.05
38093,44.03,41.4,38.05,37.36,37.5,42.29,47.35
38095,6.24,7.39,8.97,15.97,25.24,32.81,40.44
38097,4.81,7.91,11.74,14.95,17.91,18.17,18.28
38099,64.37,61.03,56.79,51.25,45.2,42.46,39.75
38101,9.11,8.65,7.97,7.37,6.86,6.79,6.52
38103,39.83,38.06,35.79,43.72,55.34,50.98,46.9
38105,3.76,3.42,3.03,3.54,4.46,6.8,9.2
39001,85.8,86.08,86.4,85.54,84.16,85.0,85.81
39003,46.74,47.26,47.99,48.7,49.58,53.07,56.36
39005,34.89,36.93,39.53,38.41,35.78,34.17,32.49
39007,47.85,50.39,53.61,55.62,57.09,57.65,58.05
39009,39.83,44.18,49.63,53.83,57.5,58.77,59.98
39011,19.8,19.2,18.42,16.06,13.06,13.4,13.64
39013,63.67,63.25,62.77,60.9,58.42,56.52,54.55
39015,65.87,61.35,55.59,55.55,57.71,59.88,62.04
39017,16.05,16.45,16.88,18.05,19.47,19.09,18.76
39019,37.03,36.74,36.36,38.17,40.86,47.39,53.83
39021,42.31,43.99,46.06,49.55,53.59,55.02,56.59
39023,59.22,59.5,59.88,60.78,61.9,61.57,61.29
39025,25.25,25.15,25.06,26.29,28.14,30.85,33.54
39027,36.01,39.08,42.96,47.45,52.26,55.94,59.46
39029,61.64,59.4,56.57,56.15,56.61,57.55,58.55
39031,40.75,38.65,36.03,40.51,47.75,50.4,53.01
39033,54.76,58.34,62.78,63.24,62.26,62.82,63.52
39035,41.45,42.38,43.52,44.59,45.66,44.73,43.82
39037,33.4,36.99,41.54,40.44,37.2,35.04,32.87
39039,31.65,30.59,29.24,27.43,25.36,22.42,19.65
39041,1.24,1.15,1.1,1.15,1.38,1.6,1.8
39043,43.11,41.09,38.62,39.63,42.06,42.43,43.07
39045,29.96,30.08,30.24,30.86,31.54,30.81,30.3
39047,60.94,59.98,58.85,59.23,60.12,67.38,74.62
39049,18.31,17.34,16.13,14.9,13.68,13.84,13.88
39051,22.32,24.95,28.3,29.51,29.88,30.63,31.49
39053,79.53,80.13,80.99,82.53,84.43,84.84,85.11
39055,6.91,7.91,9.08,9.33,9.37,9.44,9.31
39057,21.46,21.65,21.85,22.89,24.08,24.92,25.66
39059,64.37,66.65,69.53,69.73,68.89,66.63,64.4
39061,24.45,24.11,23.69,22.85,21.76,20.17,18.57
39063,16.71,16.16,15.44,14.72,14.09,15.13,16.36
39065,44.03,40.12,35.24,36.01,38.95,41.16,43.15
39067,50.08,54.54,60.26,66.03,72.06,71.4,70.65
39069,30.82,32.96,35.51,33.5,29.67,26.46,23.07
39071,72.62,73.71,75.0,74.98,74.6,74.62,74.7
39073,60.17,62.37,65.1,66.4,67.06,66.26,65.47
39075,3.09,3.15,3.12,2.66,2.09,2.0,1.87
39077,34.89,34.12,32.97,32.44,32.22,33.53,35.0
39079,86.82,87.26,87.82,83.76,77.91,77.44,76.8
39081,71.76,72.4,73.31,73.04,72.46,71.23,69.96
39083,36.01,36.39,36.84,33.72,29.23,28.05,26.75
39085,16.05,17.4,19.1,21.48,24.14,27.49,30.72
39087,89.4,89.39,89.43,90.29,91.57,92.09,92.86
39089,34.16,34.5,34.97,39.38,45.35,47.79,50.05
39091,47.85,45.31,42.09,38.4,34.41,29.03,23.6
39093,39.83,43.22,47.5,48.2,47.53,43.83,40.3
39095,46.74,47.3,47.95,48.1,48.02,47.82,47.68
39097,37.03,40.76,45.56,47.22,47.68,49.44,50.99
39099,55.71,54.55,53.1,51.26,49.32,50.3,51.42
39101,72.62,76.0,80.29,80.93,80.24,76.56,73.18
39103,6.24,7.44,8.88,9.87,10.65,11.69,12.75
39105,86.82,87.95,89.44,90.89,92.35,92.78,93.16
39107,14.45,13.86,13.16,13.82,15.04,13.35,11.36
39109,28.18,28.32,28.4,30.54,33.42,32.03,30.66
39111,71.76,74.98,78.98,82.76,86.43,86.07,85.71
39113,51.19,50.62,49.87,48.89,47.81,47.81,47.85
39115,76.5,80.02,84.39,87.09,89.18,89.87,90.58
39117,37.89,38.63,39.61,40.63,41.78,45.39,49.08
39119,56.73,56.65,56.53,58.4,60.95,58.44,55.85
39121,79.53,71.57,61.5,66.51,77.14,82.74,88.07
39123,54.76,53.47,51.95,51.77,51.98,51.56,51.28
39125,57.62,58.46,59.47,62.46,66.17,65.36,64.4
39127,61.64,61.9,62.32,63.35,64.68,70.65,76.51
39129,51.19,48.82,45.94,46.37,47.95,50.15,52.23
39131,93.22,93.34,93.42,94.02,94.76,93.94,93.16
39133,20.89,22.29,23.96,25.7,27.44,27.68,27.75
39135,58.42,57.02,55.23,55.77,57.22,56.22,55.11
39137,7.45,7.28,7.13,7.24,7.44,6.8,6.02
39139,38.78,42.51,47.19,50.84,53.99,57.2,60.35
39141,70.49,73.22,76.66,79.88,83.06,84.1,85.27
39143,40.75,40.56,40.42,43.3,47.47,48.18,48.82
39145,90.19,90.03,89.91,90.13,90.62,91.4,92.3
39147,37.03,36.74,36.3,38.15,40.8,41.27,41.83
39149,18.31,19.8,21.59,22.77,23.62,27.5,31.5
39151,33.4,32.03,30.29,29.64,29.37,28.93,28.34
39153,25.25,24.67,23.9,24.06,24.53,26.24,27.99
39155,44.73,43.85,42.8,42.81,43.27,46.3,49.55
39157,30.82,33.02,35.56,37.06,38.15,39.8,41.23
39159,15.09,15.09,15.03,15.06,15.13,13.09,11.04
39161,40.75,42.28,44.19,42.91,40.38,39.72,39.02
39163,77.17,80.73,85.03,87.03,88.19,87.54,86.91
39165,4.81,4.75,4.68,4.94,5.34,6.35,7.51
39167,77.84,79.25,81.0,82.3,83.41,82.08,80.8
39169,18.31,16.49,14.08,15.2,17.56,20.12,22.77
39171,37.03,38.12,39.41,41.81,44.56,50.18,55.9
39173,7.9,9.31,11.03,12.42,13.69,15.74,17.73
39175,33.4,31.81,29.65,30.42,32.16,33.06,33.98
40001,78.16,78.34,78.56,78.48,78.24,80.01,81.7
40003,59.22,57.14,54.45,56.53,60.23,61.72,63.07
40005,94.3,94.46,94.51,93.52,92.12,92.08,92.26
40007,6.24,5.44,4.45,5.47,7.3,14.66,21.85
40009,51.74,49.24,46.02,45.84,46.69,43.82,40.84
40011,89.97,89.41,88.63,86.32,83.47,78.44,73.33
40013,75.33,78.96,83.52,85.85,87.24,87.28,87.32
40015,70.49,74.72,80.04,83.27,85.73,85.17,84.58
40017,25.25,26.63,28.26,28.69,28.57,28.29,28.15
40019,64.37,67.76,71.95,74.07,75.53,77.46,79.75
40021,70.49,67.82,64.47,64.46,65.56,71.17,76.73
40023,92.68,90.38,87.47,87.74,89.24,91.19,93.03
40025,27.19,30.79,35.29,38.87,42.41,58.69,75.15
40027,26.52,26.5,26.56,27.2,27.99,29.8,31.59
40029,91.12,89.0,86.31,87.89,91.05,93.65,96.21
40031,71.76,72.45,73.34,74.99,76.97,78.75,80.48
40033,91.12,86.84,81.4,81.07,82.69,84.74,86.89
40035,93.22,93.15,93.03,91.93,90.41,90.05,89.81
40037,69.79,60.26,48.28,41.07,35.53,33.38,31.38
40039,44.73,39.9,33.91,30.48,27.97,25.36,22.7
40041,92.36,92.59,92.84,93.18,93.58,92.71,92.01
40043,66.92,59.72,50.63,48.79,49.61,51.91,54.36
40045,55.71,46.42,34.66,36.36,43.07,56.18,69.2
40047,44.03,41.96,39.46,39.49,40.65,46.19,51.66
40049,55.71,50.2,43.3,42.95,44.97,47.54,50.13
40051,53.68,52.47,50.94,54.32,59.42,63.82,68.27
40053,69.79,61.26,50.51,57.09,70.1,75.4,80.72
40055,89.4,89.02,88.45,89.44,90.95,89.31,87.5
40057,84.75,81.97,78.43,78.91,80.88,83.25,85.82
40059,19.8,20.78,22.04,24.29,26.81,43.75,60.73
40061,90.89,91.9,93.08,94.55,96.13,95.93,95.81
40063,90.89,89.48,87.79,87.57,87.91,83.68,79.24
40065,45.78,46.62,47.63,51.88,57.35,56.79,56.13
40067,78.16,82.97,89.03,92.04,94.04,94.68,95.07
40069,97.99,98.06,97.93,96.83,95.32,94.99,94.59
40071,65.87,67.66,69.92,74.58,80.2,80.67,81.21
40073,54.76,57.95,61.93,58.32,52.0,41.13,30.23
40075,82.43,83.34,84.46,85.78,87.27,86.05,84.96
40077,94.81,95.03,95.21,95.25,95.2,95.22,95.29
40079,90.51,89.45,88.24,89.0,90.52,90.63,90.65
40081,85.8,84.01,81.77,80.38,79.56,80.47,81.43
40083,19.8,22.94,26.8,28.89,30.14,35.1,39.95
40085,47.85,53.4,60.28,68.49,77.35,83.26,89.07
40087,48.93,43.39,36.48,32.71,30.1,31.4,32.79
40089,88.16,85.44,82.03,82.62,84.66,85.7,86.81
40091,95.29,95.52,95.77,95.77,95.72,95.56,95.43
40093,84.24,79.68,74.11,69.4,65.13,64.23,63.3
40095,99.59,99.56,99.66,99.56,99.51,97.93,96.15
40097,80.01,82.45,85.48,87.78,89.69,91.21,92.82
40099,77.84,78.17,78.51,83.6,90.52,92.23,93.91
40101,78.16,76.64,74.87,72.71,70.38,73.43,76.42
40103,60.94,62.1,63.54,65.27,67.24,64.71,62.18
40105,81.31,80.04,78.45,72.64,65.26,61.67,58.34
40107,96.75,93.67,89.96,85.74,81.36,77.56,73.88
40109,33.4,32.33,31.03,30.77,30.88,31.29,31.61
40111,82.43,80.96,79.2,79.99,81.66,84.34,86.98
40113,72.62,74.25,76.22,75.36,73.3,72.5,71.7
40115,81.31,79.09,76.22,77.56,80.34,82.33,84.35
40117,79.08,77.08,74.55,70.1,64.96,58.84,52.69
40119,15.09,15.43,15.93,16.08,16.31,18.03,19.73
40121,89.97,89.86,89.78,91.23,93.35,94.35,95.07
40123,64.37,57.59,49.21,49.54,53.04,53.39,53.81
40125,69.02,69.3,69.73,70.74,72.02,70.72,69.61
40127,99.4,99.24,99.09,98.93,98.89,98.98,99.02
40129,41.45,36.5,30.37,35.95,46.04,48.3,50.51
40131,44.73,45.92,47.4,46.08,43.93,46.5,49.28
40133,88.67,87.46,85.99,86.73,88.33,90.7,92.98
40135,95.92,96.04,96.17,95.21,93.84,93.48,93.25
40137,79.08,79.64,80.34,81.14,82.01,83.29,84.47
40139,11.97,9.51,6.49,4.28,2.25,1.68,1.06
40141,69.02,67.52,65.62,66.48,68.56,75.9,83.27
40143,32.51,31.77,30.83,30.99,31.64,30.84,30.11
40145,51.19,50.24,49.02,52.05,56.77,61.91,66.97
40147,63.67,61.54,58.85,56.76,54.8,53.54,52.29
40149,34.16,29.55,23.75,23.04,24.13,39.31,54.35
40151,46.74,42.95,38.02,42.33,49.97,56.69,63.46
40153,26.52,23.66,20.09,28.99,42.55,52.41,62.73
41001,88.16,88.01,87.75,88.22,88.99,90.81,92.44
41003,10.32,10.35,10.43,10.89,11.42,11.7,12.06
41005,21.46,20.45,19.21,18.08,17.06,17.09,17.23
41007,80.01,80.31,80.61,80.43,80.04,78.81,77.61
41009,47.85,52.24,57.74,60.96,63.39,62.35,61.02
41011,95.29,94.87,94.47,94.14,93.91,93.77,93.54
41013,92.04,91.2,90.28,89.34,88.38,85.61,82.66
41015,97.1,97.32,97.52,94.87,91.12,89.72,88.32
41017,28.84,27.51,25.98,24.98,24.12,22.34,20.34
41019,89.62,89.12,88.59,87.5,86.14,84.74,83.35
41021,86.44,88.48,90.96,90.08,87.77,79.79,71.78
41023,83.22,82.38,81.39,85.13,90.6,93.46,96.22
41025,87.33,85.37,82.9,84.35,87.21,84.8,82.48
41027,9.71,10.02,10.34,8.86,6.73,7.61,8.47
41029,65.27,65.6,65.93,62.64,58.02,53.81,49.59
41031,68.26,65.52,62.02,63.1,65.75,67.3,68.94
41033,73.48,75.47,77.96,79.34,80.27,80.86,81.47
41035,83.22,82.85,82.32,82.21,82.15,79.93,77.75
41037,88.98,91.27,94.14,90.77,85.22,81.2,77.14
41039,53.68,55.86,58.48,60.26,61.7,62.06,62.37
41041,88.16,88.95,89.99,89.99,89.69,90.06,90.43
41043,64.37,65.9,67.81,67.88,67.26,66.22,65.05
41045,67.62,66.27,64.58,61.39,57.55,56.65,55.62
41047,44.73,45.33,45.99,45.41,44.25,44.68,45.03
41049,48.93,47.75,46.17,47.73,50.47,55.39,60.38
41051,26.52,27.42,28.57,27.36,25.31,23.34,21.5
41053,46.74,46.62,46.51,45.88,45.02,41.43,38.02
41055,84.24,80.3,75.29,78.99,86.07,89.45,92.82
41057,50.08,58.43,68.84,76.13,82.47,83.96,85.52
41059,36.01,39.39,43.77,48.85,54.19,58.13,61.77
41061,63.67,63.09,62.3,60.85,59.14,57.17,55.25
41063,89.4,91.29,93.54,91.05,86.79,82.57,78.35
41065,64.37,67.52,71.47,72.39,72.24,72.22,72.21
41067,6.91,7.19,7.5,7.24,6.83,6.9,7.07
41069,85.32,88.76,92.97,94.84,95.86,94.53,93.19
41071,51.19,50.59,49.84,49.46,49.24,48.23,47.32
42001,33.4,32.73,31.88,31.19,30.57,30.94,31.22
42003,29.96,29.46,28.86,28.61,28.51,29.31,30.13
42005,77.17,76.71,76.13,75.67,75.34,72.74,69.99
42007,47.85,46.23,44.31,46.03,49.1,50.55,51.96
42009,68.26,68.39,68.58,67.91,66.93,63.58,60.19
42011,30.82,30.36,29.75,29.76,29.96,31.69,33.23
42013,57.62,59.58,62.04,63.85,65.35,64.35,63.16
42015,42.31,43.32,44.56,45.82,47.25,45.31,43.58
42017,9.71,10.19,10.83,10.98,11.15,10.56,9.95
42019,18.31,19.01,19.82,20.17,20.34,21.34,22.35
42021,71.12,71.46,71.76,72.14,72.53,72.56,72.68
42023,74.59,76.17,78.16,77.81,76.56,78.45,80.31
42025,68.26,66.33,64.01,61.35,58.63,59.51,60.44
42027,6.24,6.28,6.34,5.97,5.39,4.8,4.3
42029,1.97,2.01,2.07,2.28,2.5,2.83,3.12
42031,57.62,59.6,62.18,61.85,60.51,57.06,53.77
42033,58.42,62.26,67.0,71.56,76.17,77.54,78.9
42035,42.31,44.27,46.82,51.07,55.95,59.21,62.48
42037,13.72,15.87,18.58,22.18,26.07,29.06,31.94
42039,60.17,58.62,56.7,59.26,63.55,66.05,68.71
42041,13.72,13.84,13.97,14.53,15.3,16.48,17.67
42043,29.96,29.72,29.46,28.0,26.0,25.15,24.19
42045,16.71,16.84,17.06,17.31,17.55,17.09,16.64
42047,45.78,51.1,57.85,58.15,56.25,54.89,53.49
42049,46.74,46.87,47.12,47.48,47.74,48.32,48.87
42051,75.96,74.44,72.4,74.1,77.21,78.93,80.77
42053,99.3,99.5,99.76,99.64,99.31,99.21,99.03
42055,19.8,21.1,22.57,27.5,33.76,38.82,43.64
42057,48.93,51.18,53.93,55.32,56.31,56.63,57.01
42059,77.17,79.26,81.62,81.22,79.57,78.69,78.09
42061,54.76,55.91,57.21,58.55,59.85,59.54,59.05
42063,34.89,36.65,38.83,42.12,45.76,49.84,54.12
42065,55.71,55.43,55.14,55.41,55.87,55.31,54.79
42067,42.31,40.2,37.61,36.7,36.45,34.32,32.36
42069,48.93,49.12,49.31,49.82,50.55,50.75,50.68
42071,14.45,15.02,15.66,16.66,17.73,17.06,16.21
42073,44.03,48.74,54.6,60.02,65.25,66.04,66.95
42075,20.89,22.83,25.21,26.26,26.93,27.93,29.0
42077,37.03,36.74,36.36,35.27,34.07,31.01,27.94
42079,52.66,52.72,52.78,52.27,51.48,51.45,51.43
42081,46.74,47.88,49.18,50.03,50.69,51.49,52.23
42083,69.79,70.08,70.48,71.52,72.83,74.8,76.66
42085,59.22,58.85,58.32,60.08,62.65,66.79,70.98
42087,69.02,68.52,67.81,64.29,59.61,53.5,47.33
42089,36.01,37.69,39.86,42.78,46.02,45.09,44.04
42091,5.48,5.86,6.46,6.44,6.44,6.82,7.04
42093,34.16,31.68,28.53,30.82,35.05,34.91,34.8
42095,26.52,25.28,23.67,22.72,22.03,21.15,20.23
42097,56.73,57.12,57.76,58.79,59.98,61.2,62.42
42099,27.19,28.18,29.47,31.9,34.69,34.38,34.12
42101,53.68,54.39,55.11,55.99,57.01,58.16,59.24
42103,52.66,55.96,60.17,62.44,63.87,63.61,63.39
42105,72.62,71.97,71.15,73.84,77.76,77.19,76.2
42107,70.49,70.28,70.06,69.22,68.16,68.65,69.05
42109,22.32,21.59,20.77,19.67,18.49,21.39,24.32
42111,60.17,59.89,59.53,59.27,59.08,59.69,60.21
42113,87.33,86.0,84.27,82.14,79.97,75.94,71.8
42115,65.87,64.52,62.9,62.42,62.51,60.15,57.97
42117,55.71,56.53,57.48,60.01,63.04,66.08,68.93
42119,28.18,27.49,26.54,25.56,24.6,26.41,28.21
42121,65.27,66.16,67.35,70.52,74.53,76.75,79.15
42123,69.02,68.99,68.93,67.26,65.03,60.05,55.14
42125,43.11,43.14,43.1,42.59,41.83,42.45,43.05
42127,69.79,69.17,68.47,68.74,69.49,72.0,74.52
42129,43.11,43.48,43.92,45.3,46.96,47.35,47.69
42131,46.74,44.27,40.98,37.33,33.36,31.5,29.67
42133,25.25,26.58,28.31,29.43,30.36,30.99,31.63
44001,19.8,18.62,17.03,14.69,11.94,9.7,7.47
44003,38.78,40.58,42.84,45.77,49.11,48.42,47.94
44005,19.8,20.31,20.78,21.95,23.26,20.97,18.68
44007,32.51,31.37,30.03,30.77,32.2,33.45,34.72
44009,8.63,9.99,11.67,12.58,13.22,12.93,12.81
45001,81.95,83.61,85.78,85.87,85.11,75.2,65.55
45003,38.78,38.48,38.11,36.18,33.61,35.97,38.41
45005,96.91,97.15,97.58,96.54,94.93,95.75,96.64
45007,58.42,58.0,57.49,56.95,56.37,57.29,58.24
45009,93.92,92.48,90.79,88.91,86.93,82.0,77.16
45011,92.96,93.51,94.2,94.38,94.47,92.58,90.91
45013,21.46,22.64,24.13,26.03,27.94,27.76,27.55
45015,27.19,28.87,30.98,32.99,35.02,34.84,34.59
45017,71.12,74.53,78.8,76.05,70.72,74.2,77.45
45019,11.46,11.96,12.4,11.75,10.72,10.01,9.23
45021,77.17,74.76,71.71,69.81,68.34,63.02,57.59
45023,65.27,67.56,70.56,72.9,75.04,72.99,70.86
45025,56.73,56.08,55.38,59.26,64.95,67.33,69.54
45027,92.36,93.07,93.94,94.6,95.22,94.65,94.22
45029,78.16,72.72,65.91,54.51,41.32,36.6,31.99
45031,72.62,73.66,75.09,75.71,76.08,76.57,77.0
45033,76.5,79.83,83.85,81.21,76.01,69.46,62.75
45035,16.71,18.27,19.98,21.15,22.04,24.32,26.66
45037,46.74,48.78,51.37,55.29,59.83,58.81,57.87
45039,82.74,81.22,79.29,79.23,79.81,74.19,68.47
45041,60.94,59.18,56.98,55.45,54.31,46.95,39.45
45043,51.74,52.16,52.63,53.92,55.8,56.71,57.72
45045,16.71,17.69,18.92,19.94,20.96,21.89,23.1
45047,51.74,51.58,51.29,52.93,55.36,50.08,44.91
45049,75.33,68.28,59.48,48.49,36.65,45.23,53.89
45051,53.68,55.58,57.97,59.15,60.14,61.61,63.04
45053,50.08,51.45,53.22,52.23,50.26,47.33,44.2
45055,52.66,50.56,47.95,50.59,55.23,60.15,64.95
45057,43.11,41.4,39.28,36.97,34.57,33.76,32.96
45059,84.75,83.24,81.45,81.22,81.77,77.06,72.4
45061,90.19,90.06,90.03,89.54,88.65,84.39,80.0
45063,18.94,20.94,23.53,26.03,28.63,30.6,32.57
45065,84.24,86.13,88.59,89.69,90.43,87.95,85.29
45067,73.96,73.64,73.2,72.53,71.75,65.24,58.65
45069,87.33,87.46,87.61,88.07,88.63,87.98,87.25
45071,39.83,40.6,41.58,41.98,42.25,45.31,48.27
45073,80.01,81.76,83.92,85.68,87.51,86.39,85.42
45075,67.62,68.05,68.6,64.82,59.45,50.02,40.31
45077,41.45,40.97,40.47,41.32,42.65,42.97,43.13
45079,16.71,17.1,17.64,20.72,24.79,28.78,32.63
45081,50.08,45.46,39.6,38.64,39.36,40.77,42.26
45083,52.66,52.07,51.41,49.75,47.62,46.16,44.78
45085,73.96,77.36,81.65,81.8,80.55,74.71,69.17
45087,88.16,85.93,83.09,82.7,83.29,84.18,85.44
45089,86.44,85.46,84.18,83.09,82.23,82.18,82.05
45091,16.71,16.19,15.47,13.2,10.27,9.23,8.22
46003,19.8,24.68,30.81,30.62,28.05,25.75,23.64
46005,36.01,32.34,27.7,22.36,16.56,15.02,13.53
46007,27.19,28.15,29.51,26.94,22.92,20.32,18.05
46009,28.84,30.31,32.22,29.57,25.24,24.66,24.12
46011,7.9,8.32,8.78,7.26,4.97,3.87,2.79
46013,7.45,7.74,8.09,9.84,12.23,12.03,11.66
46015,66.92,62.69,57.33,54.8,53.18,50.76,48.31
46017,70.49,68.77,66.61,62.65,58.09,55.04,52.12
46019,54.76,52.28,49.19,50.51,53.48,48.87,44.38
46021,43.11,37.95,31.44,29.6,29.42,28.04,26.71
46023,42.31,44.27,46.83,46.63,45.35,36.88,28.32
46025,63.67,64.68,65.95,53.48,35.8,24.6,13.31
46027,5.76,5.7,5.71,6.72,8.09,8.87,9.94
46029,36.01,32.08,27.13,27.75,30.3,30.97,31.62
46031,23.72,23.67,23.53,20.44,16.23,11.93,7.67
46033,47.85,48.35,48.95,50.53,52.43,55.51,58.54
46035,47.85,51.28,55.53,50.41,41.73,36.05,30.29
46037,43.11,42.13,40.83,31.39,18.9,15.16,11.51
46039,56.73,50.46,42.61,33.45,23.67,20.9,18.26
46041,22.32,18.34,13.42,10.02,7.22,5.67,3.89
46043,34.16,36.15,38.64,34.15,27.08,22.44,17.86
46045,9.11,13.89,19.89,16.65,10.04,8.37,6.43
46047,89.62,89.56,89.37,85.76,80.76,79.95,78.89
46049,48.93,45.67,41.58,37.83,34.21,32.5,30.83
46051,33.4,33.77,34.19,31.13,26.78,24.14,21.38
46053,68.26,63.98,58.72,47.8,34.61,24.76,15.01
46055,68.26,58.92,47.16,48.38,54.39,44.23,34.29
46057,26.52,23.35,19.5,14.27,8.48,4.88,1.56
46059,37.89,33.62,28.28,26.91,27.08,31.42,35.69
46061,16.71,18.2,19.97,21.12,22.01,17.14,12.44
46063,3.09,3.19,3.39,3.03,2.33,1.82,1.5
46065,10.32,10.17,9.91,12.74,16.73,18.71,20.75
46067,44.03,47.92,52.7,51.6,48.35,40.59,32.89
46069,9.11,8.89,8.57,7.33,5.69,4.33,2.72
46071,16.05,24.06,34.14,31.74,24.81,17.62,10.31
46073,48.93,37.78,23.83,20.55,21.16,31.41,41.75
46075,79.53,61.92,39.86,24.7,12.0,6.23,0.43
46077,25.25,28.89,33.38,29.41,22.14,17.63,13.05
46079,21.46,19.7,17.5,16.56,16.1,20.61,25.12
46081,45.78,45.97,46.26,48.57,51.73,50.0,48.41
46083,0.38,0.49,0.58,0.68,0.84,0.91,0.73
46085,12.61,13.45,14.36,12.76,10.11,16.02,21.97
46087,18.94,22.71,27.42,22.49,13.77,10.61,7.36
46089,65.87,67.19,68.88,67.96,66.05,55.23,44.37
46091,9.11,7.32,5.17,6.78,9.91,12.68,15.36
46093,34.16,35.18,36.38,32.1,25.67,24.0,22.52
46095,55.71,53.63,50.99,38.56,22.41,12.74,3.13
46097,19.8,24.33,29.96,29.94,27.82,36.68,45.56
46099,9.11,9.34,9.67,9.19,8.5,8.24,7.83
46101,20.89,17.58,13.6,12.61,12.82,18.13,23.28
46102,0.0,-0.0,-0.06,-0.03,-0.02,-0.06,-0.03
46103,34.89,35.87,37.12,36.5,35.03,36.17,37.34
46105,48.93,55.1,62.84,58.63,49.94,44.68,39.32
46107,60.94,60.69,60.3,49.75,35.44,27.89,20.48
46109,25.25,22.97,20.22,17.28,14.33,11.43,8.57
46111,38.78,37.89,36.78,30.51,22.22,23.34,24.24
46115,64.37,56.33,46.24,37.73,29.77,22.98,16.06
46117,3.57,3.2,2.68,2.67,2.73,12.78,22.94
46119,15.09,14.28,13.3,9.93,5.65,6.25,6.98
46121,72.62,61.46,47.52,31.3,14.13,6.51,-1.18
46123,19.8,18.61,17.04,13.29,8.68,5.41,2.22
46125,24.45,26.07,28.1,29.37,30.3,27.78,25.58
46127,7.45,9.2,11.32,10.29,8.31,10.85,13.38
46129,41.45,44.7,48.69,44.58,37.49,42.91,48.46
46135,31.65,29.99,27.84,32.26,39.21,39.82,40.49
46137,8.25,8.48,8.81,9.66,10.61,10.14,9.7
47001,77.17,76.89,76.55,76.7,77.01,79.79,82.52
47003,48.93,51.47,54.56,55.31,55.27,51.82,48.54
47005,94.49,95.13,95.96,97.09,98.04,98.48,98.98
47007,97.55,97.73,98.11,98.39,98.55,98.75,98.9
47009,54.76,52.57,49.86,46.28,42.3,38.87,35.29
47011,76.5,73.96,70.84,70.2,70.43,70.6,70.95
47013,90.51,91.86,93.51,94.82,96.11,97.1,98.11
47015,91.56,88.14,83.91,80.59,77.62,76.62,75.44
47017,83.79,84.47,85.32,87.2,89.48,88.96,88.53
47019,93.92,91.92,89.51,89.01,89.23,89.74,90.45
47021,52.66,49.47,45.49,41.85,38.45,41.43,44.83
47023,26.52,29.7,33.65,34.87,35.13,29.65,24.12
47025,92.36,90.78,88.64,88.1,88.12,89.84,91.55
47027,91.44,92.44,93.78,88.48,80.63,78.63,76.77
47029,92.04,92.54,93.21,93.55,93.88,93.37,93.0
47031,86.44,82.16,76.92,73.69,71.28,72.64,73.95
47033,80.64,81.8,83.29,81.68,78.88,72.87,66.67
47035,92.96,93.4,94.05,93.45,92.34,90.53,88.68
47037,16.71,17.38,18.04,17.48,16.49,15.76,15.1
47039,89.62,89.84,90.1,86.52,81.31,72.74,63.93
47041,72.62,73.67,75.01,69.67,61.81,65.21,68.49
47043,60.17,59.48,58.62,58.09,57.74,62.26,66.45
47045,69.79,71.5,73.74,76.12,78.58,78.31,77.88
47047,60.17,56.83,52.58,51.67,51.97,55.62,59.02
47049,96.75,95.91,94.82,94.69,94.97,94.98,94.87
47051,77.17,78.25,79.57,80.26,80.95,83.73,86.53
47053,63.67,64.65,65.94,70.56,76.52,79.52,82.28
47055,65.87,67.7,69.87,69.53,68.29,66.29,64.41
47057,88.98,89.75,90.67,92.17,93.79,94.5,95.29
47059,91.82,92.03,92.27,93.04,93.97,94.56,95.04
47061,98.5,98.45,98.33,97.72,97.04,96.64,96.09
47063,78.16,77.38,76.37,75.98,75.82,75.8,75.71
47065,41.45,39.62,37.38,36.67,36.45,38.35,40.24
47067,97.39,97.75,98.15,98.44,98.63,98.58,98.61
47069,75.96,75.22,74.35,75.61,77.7,80.89,84.06
47071,88.16,84.42,79.6,75.95,72.58,72.63,72.5
47073,91.44,91.54,91.65,91.86,92.13,92.06,91.98
47075,78.16,74.72,70.56,69.92,70.72,75.66,80.4
47077,62.56,64.17,66.17,69.29,72.88,72.57,72.34
47079,87.81,88.62,89.74,89.54,88.97,89.09,89.2
47081,90.19,89.89,89.64,87.41,84.58,77.66,70.92
47083,93.22,94.0,95.01,94.34,93.02,89.25,85.43
47085,73.96,78.71,84.65,87.54,89.18,87.15,85.21
47087,94.49,93.11,91.37,91.9,93.22,93.94,94.57
47089,83.79,83.01,82.07,82.11,82.57,83.86,85.16
47091,97.39,96.32,94.93,94.52,94.35,92.77,91.06
47093,27.19,27.02,26.76,25.1,22.97,20.97,19.03
47095,97.99,97.98,97.84,96.23,94.27,93.18,91.85
47097,93.7,93.37,92.99,92.36,91.64,91.26,90.81
47099,66.92,67.61,68.42,70.66,73.5,74.45,75.71
47101,81.95,81.61,81.17,78.69,75.58,74.83,73.83
47103,82.74,83.81,85.04,83.73,81.53,77.88,74.26
47105,63.67,62.25,60.44,55.93,50.49,41.96,33.3
47107,80.64,77.04,72.61,73.33,75.93,78.63,81.27
47109,85.8,84.82,83.58,81.95,80.2,77.43,74.68
47111,79.08,77.33,75.13,76.68,79.57,78.1,76.78
47113,54.76,53.56,51.97,49.05,45.66,45.91,46.2
47115,93.92,92.8,91.58,90.12,88.61,88.85,88.98
47117,62.56,58.78,53.94,54.83,57.87,57.16,56.43
47119,44.73,44.18,43.52,41.12,38.12,32.19,26.4
47121,98.89,97.5,95.77,90.63,84.2,80.98,77.77
47123,81.95,77.95,72.87,75.34,80.49,85.39,90.25
47125,29.96,31.1,32.54,35.51,39.16,43.31,47.67
47127,69.02,68.99,68.93,59.89,47.46,50.04,52.59
47129,94.08,93.65,93.13,92.28,91.28,92.15,93.11
47131,75.96,76.95,78.03,81.54,85.89,88.07,90.41
47133,65.87,59.94,52.64,51.61,52.91,57.58,62.23
47135,81.31,81.61,81.94,80.99,79.51,82.19,84.99
47137,81.95,83.22,84.8,86.06,87.14,89.84,92.51
47139,88.98,84.15,78.1,74.17,70.92,71.82,72.78
47141,41.45,38.68,35.44,37.6,41.86,42.18,42.34
47143,96.34,94.64,92.48,89.65,86.5,87.06,87.6
47145,92.36,90.6,88.36,86.56,84.72,82.05,79.26
47147,31.65,34.76,38.69,40.59,41.86,39.36,37.0
47149,5.16,5.79,6.61,7.79,9.16,9.97,10.66
47151,90.51,92.43,94.87,96.25,97.17,97.95,98.71
47153,85.8,88.41,91.75,92.7,92.74,91.79,90.97
47155,70.49,69.24,67.61,67.29,67.41,68.52,69.83
47157,26.52,25.26,23.64,23.03,22.74,22.7,22.61
47159,69.02,71.01,73.53,71.94,68.83,65.26,61.93
47161,85.8,86.74,87.88,87.46,86.46,83.77,81.11
47163,82.74,83.4,84.25,84.82,85.39,84.45,83.39
47165,23.02,24.25,25.75,28.93,32.83,34.85,36.79
47167,46.74,48.18,49.99,52.0,53.99,58.21,62.35
47169,69.79,68.33,66.44,67.59,69.91,65.35,60.87
47171,96.05,96.09,96.21,95.59,94.83,93.51,91.85
47173,69.02,70.19,71.49,73.49,75.71,78.61,81.57
47175,92.04,92.06,92.09,93.6,95.66,96.89,98.23
47177,77.17,77.06,76.96,79.41,82.95,83.76,84.58
47179,64.37,65.88,67.78,70.03,72.15,69.84,67.47
47181,88.67,87.15,85.32,84.93,85.21,84.25,83.25
47183,62.56,62.87,63.28,66.84,71.49,75.8,80.09
47185,80.01,81.29,82.83,82.64,81.83,77.11,72.46
47187,1.34,1.01,0.81,0.74,0.73,0.75,0.94
47189,23.02,24.53,26.44,26.33,25.37,25.38,25.46
48001,29.96,27.28,23.98,26.52,31.19,36.74,42.53
48003,22.32,18.38,13.44,9.53,5.9,7.2,8.11
48005,80.64,81.43,82.53,79.93,76.06,75.27,74.45
48007,92.96,93.08,93.22,91.58,89.3,81.87,74.72
48009,50.08,48.14,45.69,47.24,50.31,51.71,53.14
48011,52.66,52.45,52.28,43.07,30.41,19.75,9.2
48013,33.4,27.29,19.68,18.3,19.27,17.42,15.57
48015,26.52,28.82,31.69,29.32,25.14,30.19,35.44
48017,22.32,28.95,37.18,35.64,30.42,23.9,17.44
48019,74.59,75.32,76.31,77.97,79.78,81.7,83.79
48021,30.82,33.54,37.1,36.17,33.6,32.62,31.61
48023,84.24,79.18,72.73,75.21,81.0,82.43,83.68
48025,73.96,68.11,60.83,60.48,62.81,61.68,60.55
48027,32.51,34.31,36.57,38.85,41.05,41.48,41.84
48029,32.51,32.48,32.43,33.36,34.51,36.48,38.42
48031,64.37,62.9,61.22,61.62,62.85,63.68,64.42
48033,27.19,38.15,51.86,67.28,83.38,84.55,85.69
48035,70.49,69.69,68.62,67.92,67.24,70.27,73.22
48037,51.74,48.81,45.23,38.24,29.98,24.45,19.06
48039,8.63,7.52,6.11,5.47,5.05,4.77,4.31
48041,3.76,3.23,2.64,2.32,1.97,2.11,2.36
48043,82.43,85.15,88.66,88.37,86.86,77.76,68.77
48045,23.02,17.66,10.9,11.36,14.46,31.74,48.83
48047,97.07,85.96,72.04,70.63,73.77,80.6,87.69
48049,31.65,33.47,35.77,36.02,35.5,46.6,57.88
48051,75.33,71.69,67.09,62.45,57.62,53.87,50.3
48053,79.08,79.38,79.8,77.66,74.67,72.14,69.45
48055,50.08,46.02,40.91,37.91,35.63,37.81,40.11
48057,79.08,75.21,70.36,68.85,68.61,61.38,53.93
48059,79.08,77.0,74.4,74.21,74.82,78.32,81.69
48061,32.51,30.51,28.02,25.6,23.16,21.33,19.35
48063,73.48,69.33,64.18,58.15,51.82,51.3,50.79
48065,15.09,15.41,15.84,14.46,12.39,10.7,9.08
48067,77.84,72.2,65.26,64.7,66.45,70.5,74.41
48069,8.63,8.28,7.8,9.02,10.72,10.73,10.78
48071,37.89,34.17,29.45,23.04,16.01,12.71,9.43
48073,39.83,38.97,37.75,33.59,28.25,22.73,17.49
48075,24.45,40.62,60.83,66.41,66.7,58.67,51.06
48077,85.8,82.86,79.21,76.79,74.78,75.55,76.24
48079,66.92,64.94,62.56,58.56,53.85,57.79,61.91
48081,71.76,71.88,72.18,70.77,68.75,68.39,68.21
48083,24.45,25.14,26.01,30.93,37.43,49.06,60.78
48085,0.45,0.44,0.4,0.43,0.51,0.48,0.59
48087,52.66,54.89,57.68,50.62,39.81,45.11,50.11
48089,38.78,40.21,41.97,39.54,35.53,31.11,26.75
48091,34.16,33.56,32.85,33.09,33.77,35.37,36.88
48093,71.76,73.46,75.69,77.13,78.36,77.97,77.56
48095,62.56,42.52,17.42,8.93,6.52,24.7,43.2
48097,45.78,44.83,43.7,41.27,38.21,34.72,31.18
48099,29.96,37.39,46.59,54.37,61.7,66.4,71.13
48101,88.67,86.84,84.59,82.2,80.03,83.01,86.07
48103,3.57,2.87,1.87,1.45,1.24,0.91,0.43
48105,19.8,18.2,16.22,11.48,5.64,4.34,3.06
48107,69.79,68.53,67.02,69.65,73.83,75.07,76.19
48109,96.75,96.66,96.59,96.53,96.49,94.4,92.34
48111,24.45,28.02,32.51,30.26,25.52,27.3,29.08
48113,5.76,5.65,5.46,5.22,4.95,5.2,5.45
48115,39.83,45.92,53.53,61.7,70.01,75.75,81.54
48117,10.98,9.49,7.56,7.5,8.07,7.84,7.52
48119,53.68,59.11,65.83,70.57,74.67,79.21,83.6
48121,1.88,1.81,1.67,1.66,1.46,1.79,2.15
48123,62.56,63.5,64.65,63.33,61.09,61.38,61.43
48125,87.33,90.12,93.51,92.63,90.27,89.27,88.09
48127,78.16,84.01,91.3,93.04,92.85,89.12,85.15
48129,70.49,70.75,71.07,64.64,55.65,37.77,20.01
48131,98.15,98.32,98.49,98.36,98.22,95.2,92.03
48133,90.89,89.3,87.43,88.25,89.96,88.09,86.17
48135,36.01,32.74,28.44,23.92,19.22,14.89,10.67
48137,85.32,87.29,89.79,93.17,96.8,94.75,92.61
48139,25.25,23.02,20.11,18.08,16.25,16.25,16.14
48141,28.18,30.53,33.51,34.18,34.19,32.84,31.46
48143,15.09,12.75,9.98,12.54,17.02,20.98,24.95
48145,79.53,81.07,83.0,84.59,85.92,87.71,89.59
48147,68.26,65.54,62.07,56.79,50.84,49.83,48.59
48149,27.19,30.13,33.84,38.37,43.21,45.14,46.86
48151,61.64,59.89,57.75,61.8,68.17,69.85,71.6
48153,37.89,36.99,35.88,30.91,24.42,23.96,23.62
48155,99.17,98.02,96.59,92.68,87.66,81.63,75.39
48157,1.46,1.52,1.51,1.4,1.17,1.09,0.77
48159,90.89,90.7,90.48,84.56,76.33,66.98,57.54
48161,67.62,67.54,67.48,71.27,76.48,79.16,82.01
48163,71.12,70.71,70.2,63.89,55.36,56.15,56.94
48165,25.25,23.41,21.09,18.15,15.01,17.36,19.67
48167,25.25,26.6,28.26,29.37,30.32,28.62,27.01
48169,47.85,41.67,33.94,34.81,38.93,46.35,53.64
48171,68.26,60.58,50.98,42.22,33.81,29.49,25.21
48173,0.03,0.07,0.07,0.02,0.05,2.4,4.65
48175,86.44,85.58,84.47,77.77,69.0,63.94,59.22
48177,84.75,83.13,81.1,77.29,72.62,69.07,65.48
48179,50.08,50.96,52.16,57.43,64.3,57.54,50.83
48181,56.73,57.81,59.21,59.96,60.45,56.81,53.31
48183,43.11,43.52,43.96,43.55,42.87,38.77,34.5
48185,40.75,37.55,33.72,33.14,33.78,36.11,38.43
48187,25.25,23.93,22.16,21.37,20.83,21.9,22.79
48189,15.09,13.89,12.52,13.71,15.8,15.02,14.2
48191,68.26,74.23,81.75,83.74,83.7,82.25,80.74
48193,86.82,89.86,93.68,93.6,92.18,90.86,89.43
48195,15.09,16.87,18.98,25.21,32.93,32.25,31.45
48197,93.7,93.35,92.96,92.36,91.69,90.95,90.2
48199,57.62,53.13,47.54,45.79,45.56,50.08,54.59
48201,4.81,4.62,4.49,4.17,3.89,4.06,4.1
48203,34.89,30.33,24.58,20.76,17.73,25.99,34.02
48205,16.05,17.08,18.35,20.6,23.19,27.97,32.62
48207,95.7,96.85,98.3,97.65,96.18,92.98,89.66
48209,5.48,5.32,5.08,4.56,3.74,4.14,4.35
48211,8.63,6.49,3.75,9.39,18.18,35.95,53.62
48213,71.76,69.89,67.48,65.51,63.69,66.5,69.3
48215,34.16,32.82,31.28,29.81,28.24,27.07,25.64
48217,74.59,73.69,72.66,71.79,71.05,70.4,69.85
48219,37.03,37.71,38.6,42.0,46.36,46.06,45.77
48221,55.71,49.8,42.44,34.58,26.56,24.07,21.7
48223,65.27,66.21,67.32,66.46,64.72,59.67,54.71
48225,82.43,78.26,72.99,71.53,71.38,75.56,79.61
48227,71.76,66.59,60.29,58.39,58.24,58.88,59.4
48229,97.61,97.8,98.01,98.26,98.62,97.42,96.07
48231,65.87,64.71,63.31,60.02,56.08,52.0,47.92
48233,50.08,56.67,64.91,69.13,71.88,68.51,65.22
48235,15.09,13.09,10.61,12.74,16.67,19.52,22.87
48237,85.32,84.81,84.11,76.41,66.02,60.96,55.76
48239,54.76,59.5,65.4,68.82,71.28,72.81,74.68
48241,91.44,90.62,89.63,84.04,76.56,70.12,63.81
48243,98.98,92.73,84.99,73.08,59.43,56.56,53.61
48245,44.73,40.93,36.24,35.31,35.88,38.91,41.95
48247,90.51,92.1,93.98,95.53,97.01,95.08,93.66
48249,75.96,70.69,64.02,58.14,52.54,52.5,52.33
48251,14.45,14.65,14.94,13.18,10.49,9.81,8.99
48253,80.01,82.13,84.7,86.93,89.06,83.71,78.21
48255,89.62,84.8,78.71,67.05,53.08,42.63,32.34
48257,22.32,22.25,22.15,21.6,20.77,19.37,17.99
48259,28.18,35.43,44.53,41.8,34.6,29.76,25.33
48261,0.89,30.15,66.71,81.96,89.42,79.55,69.78
48263,88.98,91.97,95.76,97.59,98.85,88.99,78.94
48265,78.16,78.57,79.16,78.69,78.01,73.76,69.47
48267,71.76,75.2,79.59,83.72,87.82,88.41,88.99
48269,4.39,2.92,1.1,6.73,15.17,21.64,27.98
48271,59.22,47.27,32.4,47.56,73.87,86.2,98.69
48273,46.74,47.27,47.91,47.21,46.06,41.52,37.14
48275,79.08,79.85,80.83,83.51,86.8,86.08,85.25
48277,71.12,71.74,72.47,72.52,72.3,74.64,76.59
48279,30.82,33.95,37.81,43.01,48.7,53.69,58.49
48281,52.66,57.76,64.09,69.15,73.63,79.52,85.45
48283,85.8,86.86,88.22,82.98,75.27,64.29,53.19
48285,78.16,75.6,72.57,70.06,67.69,58.97,50.23
48287,58.42,56.6,54.3,46.98,37.71,30.34,23.03
48289,47.85,44.95,41.32,49.51,62.1,67.25,72.21
48291,73.96,72.61,70.91,68.93,66.9,64.75,62.53
48293,60.94,63.97,67.66,66.45,63.46,61.6,59.94
48295,19.8,20.2,20.75,27.04,35.51,48.51,61.62
48297,73.48,70.44,66.68,69.31,74.44,77.45,80.59
48299,96.05,96.1,96.18,96.4,96.71,96.67,96.77
48301,73.48,82.08,92.72,92.34,87.84,90.71,93.77
48303,37.89,39.23,41.07,39.56,36.88,32.83,28.71
48305,74.59,75.4,76.36,80.07,84.89,87.58,90.18
48307,60.94,64.77,69.49,74.22,79.1,79.0,78.86
48309,26.52,25.97,25.35,26.43,28.13,29.09,29.65
48311,96.75,96.68,96.66,93.11,88.34,76.51,64.71
48313,59.22,57.08,54.46,53.72,53.67,55.72,57.88
48315,94.08,93.99,93.88,92.61,90.84,90.36,89.65
48317,27.19,23.16,18.16,13.39,8.76,10.69,12.64
48319,60.94,58.22,54.88,55.51,57.7,54.23,50.62
48321,48.93,45.96,42.39,47.63,56.33,58.92,61.53
48323,66.92,64.68,61.72,57.33,52.25,43.76,35.16
48325,60.17,55.95,50.51,51.75,55.37,59.44,63.35
48327,94.49,95.31,96.29,95.0,92.88,93.34,93.89
48329,18.31,14.78,10.34,7.61,5.5,4.83,4.31
48331,89.62,89.27,88.92,83.53,76.45,66.07,55.7
48333,51.19,59.96,70.9,80.41,89.41,91.07,92.75
48335,65.87,63.29,60.08,58.18,56.87,56.3,55.74
48337,73.48,74.81,76.57,78.67,81.07,80.32,79.87
48339,11.97,11.29,10.43,9.21,7.81,7.09,6.65
48341,28.18,28.55,28.98,22.5,13.54,9.48,5.51
48343,94.97,91.55,87.3,83.9,80.89,79.56,78.22
48345,75.33,78.28,81.98,81.72,80.09,78.24,76.24
48347,38.78,41.62,45.15,51.15,58.14,62.36,66.38
48349,70.49,72.46,74.87,71.53,66.03,64.55,63.14
48351,88.16,91.35,95.31,94.36,91.5,81.34,71.28
48353,80.01,76.9,73.02,73.21,74.72,78.52,82.23
48355,46.74,42.91,38.04,34.7,31.95,28.59,25.44
48357,6.91,8.3,10.01,9.81,8.98,10.78,12.51
48359,54.76,52.92,50.7,43.07,33.28,22.48,11.61
48361,71.12,67.81,63.58,62.47,62.58,61.83,61.37
48363,66.92,68.98,71.43,72.32,72.65,71.58,70.43
48365,59.22,61.54,64.39,64.71,63.99,64.61,65.03
48367,27.19,25.9,24.36,23.52,22.93,21.9,20.93
48369,18.94,24.16,30.62,31.93,31.34,29.63,27.89
48371,20.89,20.74,20.47,19.12,17.4,14.91,12.35
48373,97.1,96.31,95.3,92.85,90.01,89.65,89.68
48375,18.31,18.42,18.49,17.44,15.99,17.03,17.88
48377,92.96,92.0,90.74,89.74,88.73,89.75,90.63
48379,75.33,77.94,81.27,79.51,75.88,77.33,79.11
48381,11.46,12.66,14.23,14.77,15.02,13.71,12.48
48383,9.71,8.22,6.46,5.33,4.58,3.17,1.43
48385,76.5,83.45,92.19,95.31,96.53,97.4,98.47
48387,92.96,91.21,89.0,83.27,76.29,71.85,67.13
48389,43.11,36.56,28.33,20.94,13.85,12.47,11.19
48391,91.82,91.62,91.3,91.74,92.6,90.65,88.63
48393,50.08,51.39,53.21,48.02,40.14,34.9,29.62
48395,59.22,54.56,48.77,43.82,39.14,42.23,45.02
48397,1.69,1.95,2.2,2.34,2.4,1.99,1.74
48399,15.09,21.82,30.18,34.4,37.18,48.83,60.61
48401,53.68,54.12,54.67,55.38,56.29,53.69,51.19
48403,92.68,92.89,93.12,94.71,96.68,97.66,98.68
48405,98.31,98.26,98.18,98.24,98.19,98.39,98.74
48407,75.96,77.79,80.07,83.41,87.17,86.29,85.3
48409,55.71,51.49,46.26,44.94,45.15,52.34,59.76
48411,73.48,69.04,63.42,61.54,61.05,64.76,68.25
48413,24.45,18.86,11.82,8.19,5.74,4.59,3.32
48415,44.03,41.09,37.43,36.8,37.33,39.87,42.43
48417,39.83,50.85,64.63,70.39,73.25,76.26,79.33
48419,57.62,62.2,67.84,72.14,75.85,73.08,70.42
48421,57.62,59.28,61.31,59.61,56.57,51.98,47.28
48423,33.4,32.09,30.35,29.91,30.1,28.86,27.64
48425,19.8,18.6,17.05,16.95,17.33,23.16,29.19
48427,82.74,78.93,74.15,71.96,70.59,66.37,62.24
48429,52.66,55.4,58.96,67.41,77.66,81.51,85.17
48431,18.31,16.1,13.3,26.61,46.08,35.61,25.07
48433,74.59,80.81,88.73,86.64,81.05,69.49,58.08
48435,5.76,4.77,3.53,4.26,5.93,4.92,3.65
48437,61.64,65.42,70.15,70.18,68.45,66.35,64.38
48439,8.25,8.3,8.3,8.05,7.7,7.36,6.68
48441,61.64,60.53,58.99,55.66,51.49,49.17,46.63
48443,84.75,79.14,72.24,62.61,51.94,60.6,68.95
48445,64.37,60.57,55.77,58.15,63.13,59.59,56.0
48447,74.59,79.29,85.05,85.89,84.77,83.02,81.26
48449,58.42,53.74,47.71,42.73,38.1,35.35,32.61
48451,40.75,39.55,38.02,36.56,35.12,35.85,36.34
48453,3.76,3.53,3.2,2.82,2.31,2.12,2.03
48455,97.33,97.88,98.48,98.73,98.92,98.37,97.95
48457,94.49,94.66,94.76,95.51,96.48,96.4,96.58
48459,79.53,77.39,74.55,71.06,67.28,68.57,69.81
48461,22.32,22.67,23.12,16.78,7.9,4.38,0.76
48463,41.45,37.7,33.03,35.44,40.44,52.82,65.23
48465,15.09,19.87,25.77,32.38,39.22,45.98,52.86
48467,74.59,72.96,71.05,71.02,71.67,66.66,61.41
48469,51.19,49.59,47.63,46.58,45.85,46.1,46.48
48471,8.63,7.29,5.65,4.3,3.17,3.57,4.14
48473,28.18,31.43,35.52,28.75,17.89,14.27,10.46
48475,60.17,50.96,39.39,30.67,23.08,16.69,10.64
48477,43.11,43.49,43.87,45.67,47.82,43.04,38.1
48479,26.52,23.83,20.48,18.49,16.84,16.89,16.86
48481,47.85,46.97,46.0,43.61,40.7,38.97,37.23
48483,53.68,52.26,50.39,50.28,50.8,51.82,52.71
48485,41.45,44.36,47.9,52.56,57.63,59.18,60.76
48487,83.79,83.0,82.02,85.09,89.86,91.49,93.17
48489,69.79,70.63,71.62,68.1,62.96,57.45,52.12
48491,5.16,4.86,4.5,4.67,5.09,5.72,6.53
48493,31.65,27.68,22.77,21.1,20.71,21.43,22.39
48495,51.74,43.38,32.91,25.01,18.0,13.01,7.83
48497,52.66,55.93,60.03,62.14,63.5,59.72,55.93
48499,90.19,90.47,90.77,89.67,88.2,86.8,85.22
48501,25.25,20.93,15.39,11.38,7.84,7.67,7.44
48503,65.87,60.94,54.83,51.54,49.42,40.98,32.65
48505,53.68,54.86,56.27,59.42,63.2,63.99,64.86
48507,93.47,94.33,95.47,95.13,94.21,86.83,79.3
49001,14.45,13.89,13.09,16.23,20.73,22.79,24.78
49003,21.46,23.2,25.32,25.13,24.18,22.72,21.48
49005,1.97,2.49,3.16,3.09,2.63,2.56,2.3
49007,63.67,58.52,52.18,49.16,47.42,48.23,49.04
49009,65.27,50.92,32.82,20.16,9.59,4.64,-0.5
49011,3.57,4.07,4.69,4.56,4.26,3.93,3.66
49013,5.76,8.27,11.46,15.18,19.17,23.56,27.87
49015,45.78,48.18,51.04,51.55,51.21,47.94,44.55
49017,38.78,41.63,45.15,43.93,40.83,45.71,50.6
49019,16.05,16.87,17.86,19.51,21.39,18.79,16.34
49021,16.05,14.77,13.16,11.99,11.06,12.58,14.0
49023,10.98,10.72,10.58,10.49,10.45,15.31,20.05
49025,53.68,54.79,56.29,50.81,42.65,50.15,57.47
49027,12.61,14.85,17.41,17.32,15.96,21.6,27.45
49029,3.09,2.28,1.2,0.88,0.82,0.89,0.96
49031,58.42,68.16,80.39,87.94,93.73,95.86,98.05
49033,45.78,41.27,35.74,27.13,17.32,32.44,47.48
49035,4.11,4.11,4.06,4.13,4.17,4.28,4.2
49037,57.62,56.05,54.07,54.96,56.92,60.8,64.57
49039,11.97,13.74,15.86,17.8,19.88,19.01,18.38
49041,19.8,20.77,21.96,25.62,30.25,37.08,44.05
49043,0.1,0.1,0.11,0.09,0.1,0.1,0.04
49045,11.46,11.14,10.75,10.56,10.42,11.13,11.71
49047,9.71,10.22,10.84,10.79,10.49,13.03,15.35
49049,1.15,1.19,1.15,1.18,1.21,1.32,1.52
49051,1.24,1.24,1.16,1.25,1.44,1.48,1.59
49053,23.72,24.7,25.87,26.01,25.84,24.27,22.78
49055,3.57,5.85,8.74,13.82,19.77,27.74,35.68
49057,12.61,12.83,13.18,13.7,14.14,13.59,12.82
50001,28.18,31.39,35.52,38.7,41.69,44.61,47.57
50003,60.94,62.1,63.56,64.99,66.51,66.25,66.03
50005,79.53,79.98,80.52,78.71,76.04,71.25,66.34
50007,9.11,10.57,12.33,13.68,14.99,15.18,15.47
50009,87.33,84.72,81.47,79.62,78.38,79.91,81.42
50011,28.84,26.31,23.08,22.35,22.49,23.16,23.91
50013,18.94,19.02,19.16,16.0,11.63,11.1,10.46
50015,16.71,16.88,17.05,17.55,18.1,21.84,25.28
50017,48.93,54.36,61.21,62.84,62.63,57.83,53.17
50019,53.68,54.84,56.3,57.39,58.4,59.14,59.89
50021,48.93,50.18,51.92,53.49,55.15,53.42,51.62
50023,15.09,15.22,15.37,19.45,24.99,26.77,28.43
50025,56.73,56.16,55.37,56.03,57.33,59.47,61.53
50027,58.42,57.78,56.94,56.75,56.83,52.98,48.99
51001,22.32,22.25,22.13,24.08,26.81,27.44,27.91
51003,6.91,5.52,3.74,3.29,3.32,3.37,3.28
51005,78.16,78.86,79.79,78.22,75.88,76.0,76.19
51007,42.31,38.28,33.27,32.37,32.93,36.23,39.69
51009,42.31,41.94,41.38,41.95,42.94,45.06,47.36
51011,73.48,68.79,62.83,61.41,61.56,59.13,56.79
51013,0.1,0.1,0.1,0.19,0.23,0.25,0.34
51015,30.82,32.87,35.47,33.19,29.0,28.1,27.18
51017,54.76,59.18,64.65,64.45,62.1,53.6,45.25
51019,33.4,35.63,38.47,38.32,37.02,34.99,32.83
51021,87.33,79.99,70.91,70.22,72.78,73.71,74.94
51023,34.89,35.57,36.5,39.46,43.14,36.49,30.02
51025,69.79,72.39,75.56,78.4,81.2,81.16,80.95
51027,98.44,97.41,96.1,96.28,96.81,97.82,98.77
51029,71.12,68.87,66.09,65.94,66.88,64.76,62.47
51031,44.73,44.15,43.5,45.42,48.3,45.29,42.38
51033,44.03,39.1,32.95,27.58,22.43,22.32,22.3
51035,81.95,79.47,76.32,74.66,73.52,73.43,73.19
51036,55.71,53.58,50.92,53.79,58.66,65.2,71.98
51037,88.67,88.64,88.62,87.93,86.95,85.93,84.84
51041,6.24,6.98,7.82,8.35,8.74,11.45,14.16
51043,12.61,12.23,11.87,11.37,10.76,14.45,18.07
51045,84.75,87.6,91.18,84.95,75.15,68.12,61.05
51047,13.34,12.9,12.35,12.67,13.32,17.97,22.62
51049,65.87,69.39,73.71,73.01,70.51,64.08,57.78
51051,98.73,98.29,97.76,97.54,97.44,98.14,98.9
51053,68.26,64.84,60.59,55.42,49.76,45.93,42.2
51057,44.73,34.05,20.68,21.74,28.14,36.71,45.31
51059,0.45,0.47,0.5,0.59,0.56,0.68,0.88
51061,13.34,12.01,10.13,8.54,6.92,6.12,5.1
51063,37.03,37.27,37.79,35.7,32.74,30.75,28.59
51065,27.19,28.88,31.09,29.62,26.68,25.92,25.11
51067,51.74,50.3,48.43,47.42,46.73,46.45,46.16
51069,17.54,16.8,15.96,15.92,16.28,15.98,15.65
51071,87.81,85.31,82.22,75.27,66.85,52.95,39.14
51073,34.89,38.33,42.65,49.36,56.95,59.24,61.3
51075,8.63,12.78,17.99,20.36,21.76,21.66,21.88
51077,84.75,80.6,75.49,75.48,77.49,78.57,79.8
51079,25.25,29.47,34.75,35.22,33.96,32.74,31.49
51081,79.08,78.79,78.36,72.83,65.4,61.65,57.81
51083,69.02,69.62,70.25,70.97,71.63,75.94,80.21
51085,8.25,7.3,6.09,5.7,5.64,6.68,7.79
51087,9.11,9.56,10.15,10.8,11.5,12.32,13.38
51089,78.16,78.76,79.56,81.51,84.08,85.75,87.13
51091,67.62,70.23,73.42,76.39,79.19,83.16,87.16
51093,23.72,21.01,17.49,23.47,33.01,39.64,46.13
51095,7.9,10.99,14.82,19.13,23.72,25.66,27.45
51097,9.11,13.17,18.13,25.11,32.89,30.71,28.25
51099,16.71,15.94,15.01,12.98,10.46,9.27,8.22
51101,12.61,10.48,7.77,8.88,11.45,13.9,16.46
51103,60.17,59.2,58.02,59.13,61.25,62.09,62.89
51105,98.85,98.3,97.63,97.52,97.64,97.76,97.91
51107,0.1,0.15,0.11,0.18,0.26,0.19,0.08
51109,41.45,45.27,50.02,54.24,58.25,59.99,61.78
51111,78.16,80.69,83.88,85.33,86.21,85.85,85.54
51113,19.8,21.85,24.38,25.27,25.54,26.94,28.45
51115,31.65,34.74,38.7,43.63,48.93,57.66,66.41
51117,79.53,81.06,83.02,84.0,84.61,83.11,81.47
51119,58.42,60.15,62.32,58.93,53.41,54.73,55.93
51121,5.16,5.32,5.59,5.95,6.55,7.48,8.33
51125,43.11,41.75,40.11,36.19,31.38,29.95,28.69
51127,5.16,6.74,8.68,8.38,7.16,6.39,5.59
51131,28.84,32.26,36.49,36.25,34.34,45.74,57.21
51133,53.68,50.95,47.36,44.89,42.67,39.38,36.13
51135,69.02,70.0,71.21,74.18,77.87,80.33,82.96
51137,36.01,36.08,36.05,43.33,53.44,56.41,59.25
51139,66.92,69.21,72.08,75.49,79.15,79.41,79.73
51141,87.33,84.23,80.39,76.63,72.86,72.83,72.71
51143,70.49,68.78,66.61,66.28,66.63,68.0,69.6
51145,3.76,4.91,6.29,8.86,11.84,13.62,15.42
51147,39.83,36.63,32.65,33.83,36.9,41.91,46.8
51149,37.89,37.3,36.51,36.7,37.3,35.06,32.77
51153,0.83,0.82,0.76,0.82,0.99,1.13,1.29
51155,70.49,69.23,67.7,70.05,73.99,76.91,79.99
51157,24.45,23.05,21.31,29.28,40.97,44.16,47.41
51159,74.59,62.34,47.14,36.38,27.21,31.67,36.12
51161,15.09,15.77,16.65,16.37,15.54,14.16,12.76
51163,68.26,61.99,54.09,45.68,37.25,43.94,50.51
51165,25.25,26.33,27.72,26.86,25.14,22.61,19.93
51167,97.84,96.41,94.67,94.84,95.71,96.77,97.86
51169,94.08,93.84,93.42,94.35,95.7,96.93,98.18
51171,31.65,35.46,40.22,41.76,42.2,45.6,48.97
51173,86.82,86.9,86.99,89.69,93.57,95.14,96.68
51175,57.62,57.8,57.98,55.89,52.95,53.46,54.15
51177,12.61,13.09,13.65,14.63,15.66,15.21,14.63
51179,1.46,1.87,2.36,2.49,2.37,2.39,2.63
51181,53.68,49.84,45.05,48.67,55.45,59.51,63.5
51183,80.64,80.24,79.69,76.59,72.38,70.75,69.16
51185,97.84,97.0,95.97,93.95,91.56,90.19,89.01
51187,23.72,27.56,32.29,34.42,35.57,36.68,37.56
51191,71.76,71.59,71.43,75.58,81.41,84.22,87.25
51193,61.64,61.9,62.29,56.54,48.44,48.01,47.51
51195,95.7,96.11,96.64,97.41,98.16,98.49,98.94
51197,71.76,72.73,73.85,74.78,75.83,75.73,75.81
51199,6.24,7.62,9.39,12.21,15.57,16.05,16.58
51510,0.32,0.38,0.5,0.5,0.54,0.68,0.88
51520,88.67,88.74,88.71,90.8,93.63,93.88,94.29
51530,64.37,53.33,39.55,39.63,44.81,47.24,49.55
51540,4.52,4.19,3.61,3.41,3.4,3.11,2.82
51550,7.45,7.5,7.56,8.46,9.67,11.18,12.61
51570,45.78,51.13,57.77,56.92,53.29,51.96,50.55
51580,85.8,86.09,86.5,81.15,73.57,53.75,34.06
51590,83.22,83.11,82.93,81.44,79.33,79.19,78.82
51595,88.67,89.77,91.28,73.65,48.65,39.38,30.0
51600,1.69,1.52,1.31,1.07,0.93,0.84,0.46
51610,0.67,0.52,0.35,0.22,0.23,0.41,0.58
51620,37.89,29.65,19.48,22.17,29.63,42.19,54.97
51630,8.25,7.21,5.9,9.79,15.56,18.05,20.7
51640,79.53,84.95,91.86,94.26,95.07,92.52,89.93
51650,17.54,21.85,27.14,33.98,41.53,46.14,50.85
51660,0.67,0.62,0.57,1.3,2.34,3.67,5.11
51670,59.22,66.21,75.02,78.68,80.33,75.75,71.34
51678,10.32,14.74,20.17,25.16,30.07,26.15,22.11
51680,23.72,23.6,23.48,23.89,24.44,25.43,26.27
51683,2.9,2.26,1.55,0.97,0.7,0.54,0.42
51685,1.88,1.62,1.37,2.64,4.46,4.47,4.32
51690,88.16,86.12,83.61,81.44,79.43,83.02,86.71
51700,21.46,23.77,26.69,34.82,44.82,47.5,49.98
51710,25.25,23.91,22.14,23.15,25.2,28.36,31.54
51720,44.73,53.16,63.61,75.09,87.04,91.71,96.32
51730,86.82,86.21,85.56,85.49,85.77,86.61,87.68
51735,12.61,11.91,11.03,15.42,21.81,22.29,22.93
51740,41.45,38.02,33.82,35.48,39.2,40.93,42.72
51750,22.32,23.54,25.08,23.79,21.42,18.81,16.43
51760,52.66,52.21,51.57,49.59,46.99,44.46,41.85
51770,63.67,64.63,65.95,58.95,48.8,35.94,23.08
51775,31.65,30.82,29.9,25.12,18.92,15.23,11.52
51790,60.94,59.71,58.16,55.05,51.31,47.42,43.45
51800,14.45,14.82,15.21,17.3,19.93,19.01,18.24
51810,7.9,8.0,8.2,9.17,10.47,11.77,13.26
51820,50.08,48.17,45.7,44.21,43.08,49.47,55.78
51830,1.15,2.01,3.11,5.55,8.56,8.8,9.11
51840,29.96,32.39,35.23,38.35,41.51,46.34,51.24
53001,6.91,6.66,6.28,8.56,11.8,13.91,16.04
53003,77.84,77.77,77.51,78.03,78.65,77.12,75.47
53005,20.89,23.15,25.92,29.78,33.79,35.18,36.79
53007,17.54,17.68,17.75,23.22,30.71,40.97,51.28
53009,86.44,85.71,84.79,83.73,82.74,82.99,83.15
53011,25.25,24.68,23.85,22.45,20.83,19.89,18.85
53013,83.22,83.54,83.96,87.14,91.42,89.75,88.05
53015,83.22,83.2,83.26,84.13,85.18,84.24,83.46
53017,59.22,61.72,64.88,69.74,75.27,78.03,80.73
53019,94.49,95.39,96.49,96.97,97.24,97.89,98.5
53021,2.74,4.08,5.83,8.36,11.25,14.98,18.88
53023,93.47,89.51,84.46,80.33,76.65,79.63,82.7
53025,16.71,18.5,20.74,20.87,20.17,21.18,21.84
53027,81.31,80.06,78.52,79.16,80.75,81.71,82.72
53029,37.03,40.49,44.78,46.86,48.21,48.85,49.6
53031,71.12,68.27,64.64,63.99,64.49,67.47,70.31
53033,6.24,6.01,5.62,5.31,4.98,5.17,5.32
53035,48.93,50.17,51.81,51.02,49.18,46.76,44.48
53037,26.52,27.13,27.96,28.78,29.67,29.55,29.31
53039,82.43,80.57,78.27,76.88,75.71,65.53,55.56
53041,88.16,87.75,87.33,86.39,85.31,83.14,81.2
53043,80.01,80.95,82.08,81.72,80.76,79.14,77.85
53045,87.81,87.94,88.04,87.24,86.13,83.69,81.39
53047,65.27,65.82,66.37,67.08,67.93,69.07,70.27
53049,98.69,98.73,98.72,98.72,98.6,97.3,95.86
53051,92.04,91.34,90.49,86.69,81.96,79.3,76.61
53053,31.65,31.56,31.47,30.75,29.82,28.46,27.23
53055,23.02,23.93,25.21,23.34,20.32,17.19,13.86
53057,38.78,39.24,39.83,41.72,43.98,42.26,40.46
53059,59.22,54.21,47.93,41.27,34.4,33.82,33.45
53061,16.05,16.84,17.83,17.41,16.5,16.12,15.71
53063,42.31,43.66,45.37,45.38,44.81,42.73,40.52
53065,78.16,78.32,78.65,78.81,78.97,79.94,80.78
53067,23.72,24.66,25.89,26.05,25.82,27.5,28.87
53069,97.36,96.72,95.9,95.2,94.6,94.58,94.7
53071,39.83,43.98,49.15,49.44,47.99,48.21,48.35
53073,28.84,30.04,31.52,30.43,28.44,27.72,26.6
53075,5.16,7.66,10.82,13.71,16.65,17.27,17.79
53077,25.25,25.13,24.99,25.22,25.6,26.63,27.7
54001,84.24,85.04,86.06,80.49,72.36,65.06,57.77
54003,31.65,32.83,34.3,38.58,43.86,42.65,41.52
54005,99.27,99.27,99.34,99.3,99.24,98.57,97.95
54007,83.79,81.33,78.12,78.15,79.41,81.25,83.02
54009,52.66,53.63,54.83,55.99,57.35,59.86,62.43
54011,83.79,83.02,82.03,80.05,77.81,75.96,74.01
54013,91.12,92.65,94.63,95.99,97.04,97.1,97.13
54015,92.68,94.24,96.19,97.6,98.72,98.88,98.89
54017,37.03,52.33,71.37,79.46,83.44,78.42,73.41
54019,97.99,98.11,98.19,98.25,98.2,97.94,97.78
54021,78.16,77.89,77.55,74.08,69.27,59.6,49.62
54023,72.62,73.02,73.48,73.86,74.19,70.67,67.23
54025,77.84,79.28,81.1,83.11,85.13,86.19,87.09
54027,94.97,94.93,94.93,95.53,96.35,96.32,96.43
54029,78.16,77.25,76.1,72.7,68.26,65.75,63.2
54031,60.17,62.54,65.53,59.28,49.56,44.87,39.99
54033,80.64,79.56,78.25,78.24,78.74,77.35,76.03
54035,76.5,74.58,72.14,69.23,66.21,70.24,73.93
54037,21.46,22.95,24.84,26.54,28.15,27.06,26.19
54039,83.22,82.13,80.8,77.57,73.64,72.36,71.26
54041,81.31,81.58,81.97,82.7,83.51,80.51,77.5
54043,99.36,99.32,99.22,98.96,98.61,96.9,95.44
54045,99.46,99.44,99.35,99.32,99.28,99.3,99.25
54047,99.81,99.83,99.85,99.83,99.92,99.85,99.49
54049,45.78,47.21,48.97,54.27,60.87,68.78,76.63
54051,56.73,52.16,46.45,52.65,63.26,67.55,71.58
54053,92.68,90.99,88.92,86.98,85.17,80.0,74.81
54055,96.63,96.93,97.43,97.93,98.3,97.85,97.51
54057,81.31,84.84,89.25,89.66,88.49,85.44,82.24
54059,99.46,99.51,99.6,99.65,99.64,99.67,99.84
54061,13.72,13.23,12.49,15.53,19.85,23.45,26.95
54063,96.91,97.38,98.06,98.01,97.72,93.69,89.77
54065,78.16,70.67,61.26,57.87,56.83,53.08,49.32
54067,91.56,90.16,88.47,86.6,84.77,85.09,85.33
54069,53.68,52.81,51.78,50.5,48.96,48.81,48.67
54071,82.74,84.71,87.08,84.6,80.26,73.1,65.81
54073,83.22,81.47,79.33,76.47,73.3,72.33,71.54
54075,95.92,94.83,93.49,94.04,95.14,95.16,95.23
54077,84.75,83.4,81.8,78.93,75.66,74.3,72.94
54079,30.82,29.41,27.68,25.33,22.78,20.64,18.25
54081,90.51,90.53,90.6,91.41,92.44,93.49,94.64
54083,79.08,78.8,78.34,73.9,67.89,62.12,56.59
54085,77.17,76.85,76.53,77.25,78.35,82.07,85.41
54087,93.22,92.89,92.63,94.21,96.51,97.44,98.16
54089,98.98,98.81,98.63,98.74,98.98,99.24,99.25
54091,80.01,82.59,85.69,83.03,78.2,78.58,78.9
54093,81.95,82.74,83.69,85.16,86.77,87.84,88.97
54095,78.16,75.85,72.98,70.35,67.79,70.41,73.16
54097,64.37,59.36,53.12,47.86,42.95,44.77,46.51
54099,89.97,91.7,93.83,94.97,95.84,95.64,95.19
54101,92.36,92.85,93.42,89.74,84.36,84.91,85.33
54103,58.42,61.39,65.13,69.33,73.62,75.28,76.97
54105,91.56,91.43,91.2,93.22,96.0,97.2,98.5
54107,71.12,71.73,72.47,73.24,73.92,74.07,74.05
54109,99.94,99.94,99.88,99.9,99.9,99.88,99.89
55001,83.22,84.7,86.56,87.8,88.74,88.4,88.2
55003,55.71,53.57,50.91,54.92,61.5,63.5,65.64
55005,25.25,28.33,32.18,34.94,37.4,35.19,33.12
55007,50.08,51.69,53.65,55.22,56.8,59.25,61.94
55009,12.61,12.44,12.27,11.43,10.53,9.95,9.35
55011,16.05,15.12,14.06,13.71,13.71,18.97,24.5
55013,59.22,60.96,63.05,63.02,62.2,64.18,65.93
55015,3.76,3.66,3.6,3.47,3.39,3.3,3.12
55017,28.18,27.49,26.49,25.37,24.21,20.64,17.08
55019,8.63,9.74,11.24,12.93,14.67,15.63,16.68
55021,13.34,12.95,12.49,12.74,13.33,13.62,13.97
55023,40.75,44.73,49.87,49.95,48.21,40.84,33.39
55025,4.39,3.91,3.43,2.91,2.37,2.53,2.62
55027,13.72,13.94,14.26,14.57,14.97,15.3,15.49
55029,27.19,27.53,28.17,30.1,32.63,31.86,31.34
55031,34.89,37.64,41.06,42.13,42.42,42.52,42.58
55033,8.25,10.32,12.94,16.37,20.12,20.84,21.73
55035,11.97,15.37,19.56,21.25,22.12,23.96,25.98
55037,80.64,78.89,76.7,78.69,82.34,79.51,76.67
55039,15.09,15.08,15.05,14.57,14.07,15.16,16.1
55041,67.62,68.82,70.29,68.93,66.44,62.03,57.53
55043,13.72,14.12,14.66,13.72,12.16,11.99,11.7
55045,21.46,20.86,20.11,19.21,18.28,18.7,19.05
55047,25.25,24.6,23.86,24.32,25.19,31.06,36.76
55049,23.02,22.41,21.62,20.89,20.19,17.6,14.84
55051,68.26,66.34,63.96,64.64,66.37,69.68,73.22
55053,33.4,32.7,31.85,30.87,29.8,29.95,30.28
55055,8.25,9.08,9.98,10.86,11.81,12.52,13.05
55057,67.62,66.84,65.88,65.43,65.06,63.56,62.11
55059,21.46,20.72,19.8,19.77,20.11,21.55,22.9
55061,27.19,26.77,26.3,24.0,21.05,20.87,20.48
55063,9.11,10.93,13.15,14.12,14.74,14.45,14.16
55065,11.97,12.44,13.0,14.81,17.04,17.74,18.33
55067,61.64,64.83,68.88,69.21,68.15,64.66,61.49
55069,28.18,27.18,25.81,27.41,30.24,32.84,35.46
55071,23.02,21.88,20.55,19.57,18.81,19.56,20.36
55073,11.46,12.45,13.76,14.21,14.39,15.16,15.86
55075,52.66,54.2,56.09,59.02,62.12,64.07,65.94
55077,64.37,62.25,59.72,58.37,57.43,61.94,66.43
55078,28.84,32.95,38.02,43.79,49.92,54.02,58.06
55079,29.96,29.71,29.41,27.69,25.51,23.58,21.81
55081,26.52,26.93,27.41,30.59,34.92,34.8,34.83
55083,21.46,22.44,23.56,27.1,31.4,33.09,34.88
55085,45.78,44.88,43.82,40.97,37.33,37.6,37.7
55087,5.76,5.94,6.28,6.81,7.55,7.89,8.2
55089,3.76,3.68,3.61,3.06,2.32,2.43,2.6
55091,20.89,19.3,17.37,17.31,18.06,20.13,22.3
55093,2.55,3.27,4.14,5.99,8.06,9.06,10.11
55095,23.72,23.92,24.1,26.96,30.79,32.31,33.8
55097,11.97,12.81,13.81,13.54,12.91,12.95,13.09
55099,43.11,45.77,49.1,51.07,52.67,52.27,51.91
55101,22.32,23.78,25.56,25.92,25.76,26.65,27.62
55103,31.65,31.18,30.65,28.55,25.9,26.65,27.18
55105,38.78,39.25,39.82,38.53,36.56,34.14,31.57
55107,45.78,51.13,57.77,62.48,66.48,65.87,65.29
55109,3.76,3.68,3.59,3.1,2.69,2.86,2.89
55111,28.84,28.13,27.22,24.9,22.15,21.28,20.27
55113,44.73,45.95,47.35,47.33,46.71,47.19,47.53
55115,17.54,19.07,20.87,21.47,21.51,25.44,29.56
55117,10.32,10.35,10.41,9.99,9.36,8.48,7.4
55119,16.05,18.27,21.05,21.3,20.81,20.2,19.92
55121,13.34,13.16,12.87,11.17,8.95,8.03,7.29
55123,13.72,14.58,15.57,14.73,13.32,11.59,9.85
55125,70.49,67.79,64.5,63.81,64.04,62.68,61.29
55127,12.61,13.78,15.25,16.72,18.22,18.02,17.95
55129,56.73,54.84,52.46,53.65,56.01,56.92,58.01
55131,5.48,6.07,6.73,7.1,7.41,6.95,6.47
55133,6.24,6.22,6.29,5.94,5.39,5.16,4.88
55135,27.19,30.12,33.85,35.77,36.87,37.59,38.03
55137,60.94,58.07,54.43,52.37,50.97,51.9,52.89
55139,15.09,14.86,14.58,15.44,16.8,18.09,19.25
55141,15.09,18.11,21.92,27.55,33.75,38.51,43.35
56001,3.76,4.24,4.65,5.34,6.01,5.64,5.35
56003,61.64,60.83,59.92,55.51,49.8,48.31,46.99
56005,5.16,4.53,3.72,4.99,7.16,7.93,8.9
56007,30.82,27.83,24.19,20.54,16.77,16.47,16.0
56009,36.01,41.58,48.6,53.17,56.81,50.48,44.0
56011,37.89,28.29,16.27,10.01,5.9,6.18,6.65
56013,44.73,43.18,41.33,41.34,42.04,42.84,43.53
56015,32.51,35.07,38.2,41.32,44.38,50.17,55.8
56017,66.92,64.04,60.37,56.73,53.17,56.44,59.73
56019,38.78,35.6,31.57,32.73,35.76,37.12,38.42
56021,22.32,22.75,23.13,25.09,27.71,30.69,33.62
56023,14.45,15.81,17.5,17.72,17.3,21.12,24.91
56025,21.46,26.71,33.23,36.94,39.72,40.57,41.58
56027,60.94,66.19,72.95,72.35,68.93,61.29,53.66
56029,19.8,19.62,19.4,20.63,22.46,20.36,18.42
56031,55.71,61.48,68.72,64.86,57.05,58.0,58.86
56033,28.84,31.58,35.03,32.94,29.0,26.01,22.93
56035,3.09,9.93,18.35,21.92,23.69,32.53,41.35
56037,16.05,16.07,16.16,17.52,19.33,22.08,24.72
56039,0.54,0.41,0.41,0.49,0.6,0.49,0.55
56041,40.75,41.24,41.82,49.06,58.82,56.82,54.64
56043,60.94,66.22,72.93,65.33,52.44,43.37,34.26
56045,34.16,34.81,35.67,37.07,38.78,38.53,38.21
