FIPS,2015 kals,2016 kals,2017 kals,2018 kals,2019 kals,2020 kals
01001,8.8,10.46,9.98,10.83,9.41,7.73
01003,20.0,16.86,15.4,15.31,14.8,13.65
01005,4.5,5.64,5.9,5.31,5.73,6.44
01007,16.6,21.81,21.76,22.85,19.91,15.75
01009,18.9,22.46,26.62,20.78,20.11,18.73
01011,7.3,8.25,8.04,7.52,8.31,9.0
01013,8.6,10.53,10.14,8.91,10.0,10.39
01015,16.0,14.76,22.64,16.62,17.09,17.25
01017,9.9,11.99,12.32,11.69,13.34,14.72
01019,17.1,17.86,18.28,17.9,21.05,24.38
01021,18.1,15.39,16.96,19.57,18.61,16.52
01023,6.7,7.01,7.6,7.29,7.91,8.26
01025,7.5,8.08,9.57,9.19,10.32,11.23
01027,9.6,10.93,12.01,10.69,11.62,12.44
01029,15.6,13.87,16.05,13.38,13.99,14.74
01031,6.9,8.56,9.13,8.4,9.48,10.74
01033,8.4,9.18,8.87,9.14,11.13,13.15
01035,14.0,15.67,17.99,17.97,15.57,12.58
01037,10.7,12.31,13.51,13.38,12.23,10.36
01039,9.3,8.72,10.37,10.14,11.64,13.52
01041,7.5,8.1,9.52,8.67,9.46,10.09
01043,17.6,20.22,21.51,20.54,18.43,15.12
01045,10.0,10.55,9.75,10.15,10.69,11.02
01047,5.8,6.53,7.35,6.58,6.54,5.21
01049,22.8,23.48,29.81,23.14,26.55,30.03
01051,6.9,9.38,9.83,8.92,9.89,10.33
01053,25.2,26.09,32.68,31.67,33.9,35.83
01055,19.8,17.48,28.06,24.7,20.78,16.82
01057,14.9,19.2,20.87,17.63,22.36,26.09
01059,15.9,17.47,15.14,16.05,16.84,17.25
01061,11.3,11.27,14.55,15.27,12.3,9.51
01063,5.2,5.86,6.42,6.1,6.06,5.42
01065,6.1,6.7,7.72,7.55,6.81,5.4
01067,7.1,7.6,9.33,7.96,7.9,7.87
01069,11.9,11.04,13.84,15.05,12.35,9.43
01071,10.1,10.16,13.6,12.55,11.86,11.1
01073,24.2,29.22,30.36,27.95,28.5,28.3
01075,8.7,9.43,11.1,9.64,10.12,9.19
01077,9.6,11.84,12.67,13.69,13.03,12.12
01079,13.3,17.07,16.65,14.87,14.61,13.34
01081,8.9,7.88,8.85,7.94,8.27,8.32
01083,8.2,8.67,10.4,9.88,8.75,6.64
01085,6.5,6.45,6.93,6.32,6.47,5.67
01087,6.2,7.13,7.81,7.27,7.55,7.71
01089,11.4,15.14,19.24,13.82,18.46,22.63
01091,4.8,5.44,6.18,6.25,6.16,5.42
01093,6.8,7.23,8.37,7.21,8.7,9.19
01095,20.0,15.88,16.13,16.46,18.62,20.39
01097,16.3,15.61,13.39,14.54,13.53,12.01
01099,9.4,10.07,12.59,11.1,11.16,10.58
01101,6.6,7.46,7.2,7.65,6.63,5.63
01103,19.7,15.38,17.96,18.43,16.21,13.17
01105,5.8,6.63,7.13,6.87,7.24,6.33
01107,11.5,12.9,13.9,16.72,13.52,9.11
01109,6.3,7.79,8.77,7.43,7.61,8.39
01111,9.9,12.32,15.76,15.25,13.1,11.39
01113,12.3,12.55,12.44,14.62,20.71,27.18
01115,22.3,28.81,30.26,28.11,24.73,20.43
01117,18.7,20.87,17.39,17.62,16.75,14.51
01119,4.5,4.82,5.28,4.95,5.05,4.59
01121,11.2,12.04,14.72,15.62,11.44,6.46
01123,8.0,13.77,11.78,12.18,14.14,16.18
01125,13.8,15.57,17.1,14.84,14.12,12.44
01127,23.5,26.23,26.37,24.89,29.67,33.12
01129,7.6,8.87,9.81,9.94,8.9,7.02
01131,5.2,5.96,6.48,6.43,6.39,4.9
01133,9.9,12.94,12.06,13.67,14.04,13.24
02013,12.4,14.09,17.18,14.52,15.86,16.51
02016,10.8,11.51,13.18,11.8,12.22,10.86
02020,19.9,19.06,23.66,18.41,19.29,18.53
02050,9.2,12.34,13.23,11.94,13.68,11.75
02060,17.0,18.28,19.65,18.64,19.28,18.28
02063,0.0,0.06,0.04,-0.04,-0.0,-0.47
02066,0.0,0.04,0.01,-0.08,-0.0,-1.29
02068,12.1,13.85,14.77,14.14,14.69,12.88
02070,14.2,17.05,17.35,16.49,18.08,16.73
02090,12.3,14.93,15.66,13.93,18.23,19.87
02100,10.3,11.6,12.53,11.95,12.43,12.51
02105,0.0,0.15,0.28,-0.33,0.1,-0.34
02110,18.8,20.56,25.57,19.07,21.42,23.38
02122,23.7,24.36,21.65,25.26,22.07,18.14
02130,14.2,15.94,19.96,18.44,16.93,14.54
02150,14.5,16.3,15.53,14.15,15.37,14.83
02158,10.3,10.37,12.45,11.98,12.31,10.47
02164,13.9,15.85,18.05,16.4,16.82,15.62
02170,16.3,21.51,21.04,17.58,19.66,20.45
02180,10.1,10.8,11.52,11.7,12.13,8.97
02185,10.2,10.92,12.42,12.59,13.71,13.72
02188,6.0,6.9,7.88,7.1,7.68,7.35
02195,0.0,0.01,0.04,-0.13,0.08,-1.09
02198,0.0,0.07,0.14,-0.11,-0.11,-0.38
02220,14.8,15.67,15.92,15.22,16.56,17.31
02230,0.0,0.13,0.16,-0.08,0.02,0.13
02240,11.1,12.61,13.5,12.15,12.6,11.46
02275,0.0,0.01,0.1,-0.02,-0.03,-1.1
02282,12.2,13.96,14.94,14.4,14.8,14.59
02290,13.1,15.78,15.06,15.26,16.71,16.03
04001,11.5,11.83,12.31,14.84,13.32,12.97
04003,23.9,21.2,22.67,20.17,21.61,25.04
04005,17.6,15.43,18.83,22.3,18.27,16.35
04007,31.6,35.44,34.54,31.08,31.43,33.48
04009,19.3,20.05,22.21,23.97,24.73,26.83
04011,21.1,18.28,20.29,18.51,19.75,22.67
04012,25.4,29.21,29.43,28.49,22.25,17.82
04013,17.0,18.83,22.03,24.29,27.2,31.63
04015,29.0,27.57,26.24,21.86,24.08,28.14
04017,16.4,26.83,19.11,17.23,22.57,29.24
04019,23.1,23.76,24.47,25.33,28.6,32.83
04021,14.4,14.67,14.65,16.32,18.09,20.66
04023,11.8,11.81,15.49,14.65,14.38,16.07
04025,25.7,30.18,26.59,25.6,35.44,46.69
04027,14.8,18.23,14.44,16.18,18.87,23.29
05001,11.2,11.96,14.33,12.56,13.23,13.54
05003,12.1,12.36,12.42,15.84,14.66,13.11
05005,20.5,20.68,24.12,20.56,19.46,18.4
05007,14.2,15.08,13.36,13.62,12.1,10.74
05009,17.3,16.47,15.88,14.82,16.64,18.12
05011,7.2,8.76,9.36,9.12,9.14,9.33
05013,10.5,12.67,12.75,12.39,12.49,13.23
05015,19.7,18.49,19.66,26.23,23.11,19.85
05017,10.6,10.27,10.38,9.71,9.93,10.26
05019,7.7,8.64,9.63,7.51,7.59,8.32
05021,22.5,18.11,17.12,16.99,19.08,20.62
05023,11.9,13.28,14.71,15.6,14.35,13.21
05025,8.8,11.09,10.88,10.83,10.41,11.14
05027,11.6,11.84,10.72,12.24,11.82,12.21
05029,14.4,16.19,15.66,14.87,15.21,16.19
05031,13.2,12.3,13.64,12.46,11.2,9.1
05033,20.0,20.75,20.45,21.62,16.89,12.69
05035,11.4,12.22,17.83,17.32,15.58,13.28
05037,13.5,13.71,16.08,15.52,15.88,15.76
05039,7.7,8.42,8.98,8.39,9.18,10.43
05041,6.7,7.75,8.45,7.89,8.36,8.85
05043,11.6,13.65,15.45,14.37,13.7,13.26
05045,10.4,13.11,13.62,14.9,14.8,14.94
05047,15.4,20.77,21.45,19.35,16.92,14.86
05049,17.1,17.99,21.57,17.64,20.55,23.29
05051,26.0,25.7,33.28,28.26,24.66,21.78
05053,10.7,12.63,15.51,13.69,14.33,15.7
05055,18.0,17.81,15.81,16.96,14.24,10.33
05057,8.0,8.24,9.53,10.67,10.27,10.33
05059,11.4,13.18,19.45,12.84,13.72,14.97
05061,7.1,7.97,8.76,8.76,8.51,8.45
05063,11.9,13.63,14.7,14.34,12.77,10.6
05065,22.8,19.25,23.9,20.09,19.46,18.64
05067,13.3,15.53,14.09,13.66,14.5,14.95
05069,10.9,10.54,15.11,14.5,12.97,12.15
05071,14.4,14.44,18.12,15.96,14.35,13.15
05073,7.0,7.88,8.51,8.24,8.46,9.57
05075,13.2,13.31,15.58,14.96,15.53,15.54
05077,9.1,10.41,12.95,11.64,12.98,14.38
05079,11.0,12.36,18.8,18.1,15.34,12.75
05081,11.2,12.44,15.79,13.31,13.9,15.14
05083,16.0,20.53,20.13,23.75,19.96,16.52
05085,12.1,18.73,15.72,16.88,17.98,19.16
05087,8.4,11.45,10.57,11.04,10.51,10.34
05089,13.2,16.01,18.5,19.27,17.64,15.87
05091,7.2,7.54,8.31,7.21,8.85,11.13
05093,11.1,17.16,16.63,15.36,14.14,12.38
05095,7.3,8.32,9.02,8.52,9.31,10.04
05097,11.7,13.15,15.1,16.16,14.68,13.51
05099,7.5,9.4,9.33,8.93,9.94,10.99
05101,15.2,16.97,21.19,19.15,20.38,21.13
05103,10.2,12.16,11.68,12.33,11.23,10.73
05105,12.6,14.32,15.36,13.17,14.01,15.52
05107,7.3,9.1,8.82,8.52,8.36,8.78
05109,15.9,15.37,16.27,18.03,16.12,14.54
05111,18.1,19.85,21.23,19.65,19.83,19.34
05113,15.7,16.2,15.95,15.38,14.78,13.82
05115,9.8,13.46,12.37,12.26,12.38,13.2
05117,8.7,9.52,9.89,9.46,9.94,10.14
05119,12.3,14.79,17.74,19.34,20.22,21.59
05121,14.1,14.24,15.77,14.43,16.11,16.99
05123,6.8,7.99,9.41,9.25,9.61,9.91
05125,14.1,16.65,22.93,17.9,24.19,30.78
05127,17.3,20.66,18.86,20.94,19.2,17.66
05129,14.8,16.55,15.59,15.0,15.64,15.77
05131,16.4,19.78,16.57,16.58,13.48,10.86
05133,11.0,11.46,13.12,11.33,12.14,12.83
05135,18.5,20.35,23.99,18.66,19.48,20.04
05137,11.4,12.65,13.98,13.76,14.13,14.43
05139,9.8,13.59,13.95,14.88,15.37,16.22
05141,12.7,12.95,14.83,13.4,13.37,13.44
05143,8.9,8.83,8.9,7.2,7.42,8.21
05145,14.9,15.8,16.06,13.23,14.98,16.33
05147,11.9,13.42,15.11,14.6,13.73,12.31
05149,12.1,14.34,15.83,16.2,13.67,11.51
06001,12.3,10.57,8.82,11.48,15.08,19.58
06003,18.7,21.11,22.55,21.69,23.86,25.4
06005,23.1,24.58,23.86,24.72,30.97,36.72
06007,29.4,32.5,24.55,27.12,27.43,27.06
06009,21.4,21.13,21.24,21.18,25.54,29.44
06011,11.6,16.12,14.3,12.92,14.98,16.52
06013,9.9,10.72,10.68,13.88,14.78,16.24
06015,18.7,19.57,22.73,17.32,23.06,28.15
06017,21.3,22.99,20.02,19.78,19.75,19.29
06019,14.4,14.71,13.12,11.8,13.79,15.55
06021,18.5,20.49,19.32,20.83,22.12,22.87
06023,31.8,39.79,35.3,29.04,30.83,32.48
06025,20.2,19.24,14.19,21.33,17.33,13.59
06027,18.8,24.22,22.41,28.66,24.54,20.48
06029,24.1,23.49,25.81,25.64,28.7,31.54
06031,10.5,10.23,11.36,12.96,14.92,16.34
06033,48.1,38.02,46.24,61.82,67.45,72.68
06035,29.1,36.27,30.42,28.67,37.77,46.53
06037,7.3,8.14,9.24,9.84,12.33,13.95
06039,15.1,13.62,13.73,11.22,17.47,23.69
06041,9.5,14.64,15.51,14.5,18.09,22.03
06043,19.7,25.94,25.7,22.59,28.04,33.86
06045,21.7,31.11,30.89,34.11,42.67,50.73
06047,14.4,14.46,13.67,13.99,16.27,18.1
06049,23.2,27.56,32.42,25.7,30.57,35.32
06051,10.5,13.43,12.09,12.85,12.59,13.04
06053,11.2,12.56,11.56,11.94,14.83,18.24
06055,12.8,10.81,11.88,13.36,13.69,13.72
06057,19.5,19.61,20.55,18.91,19.26,18.6
06059,12.1,13.1,12.27,13.18,13.14,12.17
06061,12.3,13.1,12.09,12.3,15.61,18.4
06063,31.7,27.34,29.61,29.36,32.78,35.45
06065,14.4,14.85,17.04,18.17,18.46,17.84
06067,18.9,16.12,14.53,16.06,20.42,23.78
06069,10.9,10.03,13.44,12.64,13.91,15.45
06071,5.1,5.04,8.89,12.37,11.53,9.4
06073,12.8,13.17,14.49,14.65,14.53,14.9
06075,22.9,22.19,21.94,26.19,42.05,58.43
06077,16.2,15.19,19.1,17.1,17.1,16.89
06079,18.0,16.65,16.35,16.33,18.64,21.12
06081,9.2,7.69,10.02,9.71,14.04,18.89
06083,15.8,15.47,15.6,16.21,18.08,20.16
06085,7.5,7.68,8.32,9.07,11.25,14.38
06087,18.1,18.15,17.33,16.73,20.03,24.48
06089,19.8,23.47,22.45,22.26,23.33,24.2
06091,25.1,28.04,30.52,32.53,30.65,27.85
06093,25.6,29.4,22.69,20.69,20.23,18.65
06095,13.4,12.19,13.63,16.89,17.17,17.47
06097,16.0,13.25,14.82,16.58,20.19,23.87
06099,19.0,14.62,14.08,15.03,16.15,17.07
06101,11.9,13.22,13.14,15.12,12.48,9.69
06103,13.5,14.86,13.91,12.87,12.51,11.74
06105,22.3,27.9,25.25,26.77,29.29,31.54
06107,9.9,9.77,8.89,11.4,9.94,7.55
06109,34.8,30.74,29.2,23.0,27.65,31.59
06111,14.2,13.43,17.2,16.21,16.49,16.61
06113,13.2,14.22,12.97,11.23,12.68,13.81
06115,13.4,16.24,16.81,16.15,14.64,12.89
08001,0.0,0.07,0.14,0.2,0.22,0.93
08003,21.7,22.42,25.66,25.41,25.71,27.82
08005,16.4,16.14,14.79,16.54,16.97,18.91
08007,13.6,15.35,17.38,16.34,17.88,19.98
08009,13.8,15.68,16.87,17.12,17.66,18.47
08011,19.4,21.97,22.22,20.56,20.66,20.03
08013,15.0,15.62,16.53,16.15,16.17,17.43
08014,0.0,0.11,0.21,-0.01,0.02,1.21
08015,16.9,19.75,19.92,18.01,22.13,27.49
08017,8.1,9.36,10.12,9.49,9.78,10.0
08019,13.8,14.87,16.62,15.17,16.34,18.02
08021,25.0,30.86,35.15,28.36,35.64,44.48
08023,24.9,28.36,29.98,30.27,33.12,37.39
08025,13.9,16.86,17.95,17.71,17.03,15.84
08027,19.4,22.21,22.08,22.29,21.75,21.68
08029,13.1,15.9,17.93,15.42,22.99,32.42
08031,18.0,19.07,21.28,22.07,23.68,26.77
08033,17.0,20.57,21.98,20.05,20.57,22.36
08035,7.5,10.59,9.87,8.75,9.67,11.97
08037,9.0,9.7,11.87,10.42,11.87,13.88
08039,11.3,13.84,13.37,12.93,14.3,16.74
08041,21.5,24.06,26.35,25.77,26.36,28.21
08043,19.9,27.74,26.45,25.1,23.43,22.74
08045,11.2,18.53,17.5,15.78,17.65,20.57
08047,13.2,14.82,16.18,15.26,16.56,18.44
08049,10.9,13.51,17.04,13.45,13.01,13.35
08051,12.2,13.14,13.94,11.95,14.35,17.73
08053,13.5,15.35,16.65,15.75,16.41,18.29
08055,36.9,47.34,44.3,42.12,43.19,44.28
08057,16.3,18.71,21.14,18.96,19.72,22.01
08059,0.0,0.21,0.38,0.03,0.28,1.76
08061,10.7,12.24,13.13,12.47,12.72,13.36
08063,8.5,9.67,11.76,10.21,10.88,12.12
08065,16.4,16.68,18.61,16.89,21.47,26.1
08067,15.4,15.22,15.56,14.85,14.94,15.78
08069,15.2,13.51,15.42,15.06,15.54,17.19
08071,41.8,41.11,36.8,35.32,37.31,39.59
08073,11.3,13.63,13.9,14.84,13.75,13.36
08075,11.7,16.57,13.78,14.13,14.44,15.39
08077,20.7,18.49,24.51,16.59,19.64,24.6
08079,15.3,17.45,19.99,18.03,18.44,20.15
08081,16.2,18.56,19.29,16.5,22.11,29.42
08083,15.3,22.01,18.57,17.33,21.16,26.53
08085,10.4,13.72,17.27,16.8,16.59,17.81
08087,13.1,13.95,12.65,14.67,13.79,14.24
08089,17.0,20.75,21.18,26.47,28.05,28.31
08091,13.8,14.87,15.88,15.16,17.19,20.61
08093,13.8,18.64,21.12,18.54,18.94,20.12
08095,8.7,10.49,10.66,10.24,10.48,11.64
08097,12.3,13.83,16.18,14.85,15.63,16.97
08099,13.7,16.28,17.39,17.68,15.63,14.03
08101,27.5,25.61,29.75,27.42,32.9,38.47
08103,15.2,20.49,20.94,19.84,21.98,25.75
08105,24.3,29.65,35.16,32.86,33.56,36.16
08107,12.8,19.02,19.64,14.84,16.59,19.82
08109,17.5,17.96,18.96,20.98,19.78,19.65
08111,14.5,16.47,17.68,17.03,18.52,21.39
08113,11.6,12.58,13.38,13.3,13.36,14.95
08115,12.1,13.0,13.79,14.02,13.76,14.58
08117,12.0,11.76,12.35,10.86,11.43,12.85
08119,17.9,18.36,22.35,19.27,19.45,20.74
08121,8.5,9.81,10.19,10.61,10.24,10.77
08123,0.0,-0.12,0.1,0.04,0.06,1.19
08125,5.3,5.82,6.06,5.96,6.39,7.4
09001,14.7,18.55,18.85,18.78,19.8,18.6
09003,23.0,29.09,33.95,34.03,36.71,38.3
09005,28.4,25.37,30.03,38.26,38.74,37.93
09007,23.5,28.21,29.11,34.42,31.59,27.02
09009,24.7,29.25,33.82,31.53,38.2,42.63
09011,27.3,34.14,33.4,34.75,40.26,43.78
09013,16.1,22.3,26.9,24.81,23.31,20.67
09015,27.5,30.17,34.69,33.03,40.65,46.67
10001,21.4,25.8,24.62,32.1,33.13,33.05
10003,20.8,28.21,40.09,43.73,45.81,45.96
10005,21.4,32.17,29.07,34.21,40.61,46.0
11001,18.7,33.89,40.5,35.99,41.34,45.51
12001,11.0,12.75,11.98,9.9,11.14,12.67
12003,23.8,22.66,24.96,22.18,21.32,21.05
12005,17.5,24.91,20.94,20.64,29.16,37.86
12007,20.5,22.04,25.2,23.34,24.71,26.94
12009,27.6,31.42,40.74,43.05,49.4,56.56
12011,15.1,27.2,28.54,22.71,25.7,29.16
12013,11.7,13.87,18.04,15.47,15.23,15.4
12015,8.8,10.01,9.31,8.72,10.92,12.63
12017,21.4,38.03,28.64,32.1,31.93,31.87
12019,22.4,32.03,28.27,26.04,26.58,28.52
12021,15.6,15.63,18.56,16.22,20.8,24.91
12023,17.7,17.65,23.06,23.38,20.94,19.47
12027,11.3,13.8,12.24,12.0,16.59,21.39
12029,27.6,32.93,31.4,30.84,25.77,20.45
12031,19.0,39.77,45.28,33.49,39.11,45.92
12033,18.8,15.93,18.35,24.24,27.09,29.85
12035,14.5,16.61,18.76,17.7,23.17,28.98
12037,21.7,25.47,27.46,24.8,24.17,24.36
12039,6.5,8.05,8.04,7.75,8.12,9.13
12041,13.5,13.95,17.22,15.01,14.37,13.97
12043,16.3,20.22,20.69,20.1,23.12,26.19
12045,17.3,17.85,23.38,20.06,21.17,22.93
12047,11.9,12.0,14.19,12.6,13.84,16.54
12049,11.9,13.16,13.22,12.82,13.51,14.67
12051,12.7,14.93,16.15,17.21,18.23,19.51
12053,19.6,24.11,22.59,24.63,28.59,32.18
12055,14.5,21.59,20.42,20.78,22.4,24.03
12057,13.4,16.92,16.71,18.57,19.92,20.82
12059,15.8,20.67,22.02,24.35,20.54,17.09
12061,16.3,21.81,18.77,23.21,21.15,20.4
12063,10.0,11.48,12.04,12.36,12.71,13.4
12065,10.7,14.05,15.98,13.44,19.09,25.52
12067,17.3,18.49,21.44,23.16,23.29,23.68
12069,14.7,14.98,22.06,15.35,24.38,33.83
12071,15.2,20.06,29.61,30.32,28.69,26.68
12073,6.5,9.03,9.34,8.87,9.95,11.28
12075,19.7,21.66,24.46,22.85,21.07,18.99
12077,9.5,10.96,13.28,11.74,12.63,14.09
12079,11.9,11.67,12.84,13.33,13.78,14.84
12081,39.2,44.06,36.77,26.95,30.89,34.4
12083,16.4,37.9,36.22,35.64,31.16,26.53
12085,18.5,24.9,26.2,28.43,24.96,21.77
12086,7.7,11.72,11.88,9.26,11.25,13.52
12087,26.5,35.74,28.5,27.24,35.77,46.0
12089,17.5,27.0,29.08,24.91,22.71,21.93
12091,21.9,21.77,20.93,25.13,25.02,25.36
12093,25.9,25.86,28.24,30.81,28.62,26.78
12095,15.1,16.62,17.81,18.42,19.76,21.2
12097,13.5,15.88,18.38,21.16,19.59,18.58
12099,22.5,39.12,41.45,28.86,30.45,32.03
12101,23.7,30.29,30.08,31.72,35.68,39.16
12103,20.6,27.01,26.13,29.9,39.65,48.71
12105,15.3,19.77,21.19,20.9,20.85,21.28
12107,11.7,17.88,20.65,19.74,19.75,19.95
12109,10.8,16.04,16.38,12.85,13.05,13.88
12111,17.9,30.44,28.02,24.51,22.3,20.98
12113,17.0,15.34,18.87,18.84,19.52,19.81
12115,23.8,23.25,29.01,23.74,24.84,25.32
12117,15.1,18.44,22.83,21.34,18.33,15.73
12119,12.5,14.41,12.37,13.16,14.67,15.99
12121,15.9,15.93,14.53,14.84,16.12,18.26
12123,13.8,17.12,19.21,15.65,19.54,23.58
12125,16.3,17.19,18.78,22.98,20.83,18.94
12127,19.6,22.1,26.5,31.32,33.21,34.96
12129,13.0,16.65,19.09,16.39,16.61,17.08
12131,15.8,17.51,18.37,19.36,20.99,22.33
12133,18.5,17.08,17.78,19.59,23.44,27.67
13001,11.8,14.23,13.66,13.26,14.01,15.07
13003,12.9,15.39,19.22,16.48,16.42,16.94
13005,12.5,14.43,15.82,14.57,17.35,20.62
13007,8.6,9.13,9.89,9.39,10.26,12.3
13009,6.7,7.18,9.2,8.04,8.96,10.64
13011,17.4,19.46,22.14,18.66,22.82,27.96
13013,14.6,17.13,20.29,18.78,18.94,19.7
13015,19.5,20.47,22.93,20.4,20.19,20.32
13017,7.9,9.02,10.11,8.91,11.08,14.13
13019,8.1,9.96,10.41,10.79,12.43,14.6
13021,10.9,11.84,13.66,10.76,10.51,11.26
13023,11.9,12.21,13.54,11.69,11.81,12.53
13025,22.2,25.77,26.02,24.88,22.49,21.51
13027,7.2,8.22,8.35,8.45,10.57,13.56
13029,10.1,10.36,13.37,13.18,11.7,11.57
13031,6.2,6.95,7.96,6.63,8.18,10.68
13033,11.9,13.32,13.66,13.64,15.52,18.84
13035,21.3,20.77,22.32,21.53,20.92,20.83
13037,6.2,7.16,7.26,6.82,7.19,8.24
13039,13.1,14.7,13.99,13.16,13.67,15.48
13043,8.0,9.41,10.36,10.39,9.72,9.67
13045,18.7,24.41,27.28,20.17,25.32,31.5
13047,20.3,27.26,30.69,20.38,22.55,24.85
13049,13.4,14.59,20.52,15.89,14.27,14.22
13051,10.4,12.3,13.86,13.95,13.53,14.24
13053,8.0,9.08,10.2,10.1,11.25,13.16
13055,19.3,23.23,24.82,27.71,23.52,19.38
13057,19.8,19.91,17.34,18.57,14.31,10.57
13059,10.2,12.26,12.34,11.07,13.75,17.43
13061,9.9,11.21,11.51,10.85,11.18,12.09
13063,9.7,9.53,11.92,10.07,9.04,8.74
13065,8.7,10.45,10.98,10.0,11.02,12.5
13067,14.7,16.61,18.45,15.51,14.72,14.51
13069,15.0,16.74,19.55,19.47,18.47,17.82
13071,9.6,9.3,10.46,11.19,10.83,11.33
13073,12.2,13.53,15.83,15.19,13.42,12.46
13075,10.7,10.5,11.33,11.13,11.97,14.0
13077,11.9,12.64,15.43,13.67,13.62,14.32
13079,13.0,17.43,18.65,15.71,16.76,18.63
13081,6.2,7.42,8.72,7.87,7.98,9.06
13083,13.4,14.58,18.89,15.87,19.67,23.5
13085,21.1,21.6,23.48,26.31,21.43,17.11
13087,8.5,9.6,9.49,9.65,10.55,12.37
13089,10.4,10.44,10.25,11.09,12.15,13.82
13091,14.8,16.55,17.64,16.85,16.67,17.0
13093,5.8,6.99,7.34,7.05,7.07,8.32
13095,7.5,9.45,9.4,9.67,14.27,20.04
13097,13.4,19.33,17.92,16.99,17.75,19.41
13099,6.7,8.43,8.81,7.98,8.67,10.33
13101,10.2,10.85,12.33,11.34,11.6,13.13
13103,8.8,10.45,14.07,10.78,10.89,11.84
13105,17.7,17.15,19.77,19.21,18.93,18.84
13107,7.2,7.83,9.07,8.9,8.23,7.77
13109,7.0,8.41,9.31,8.05,8.73,10.29
13111,21.7,27.05,28.76,22.49,22.35,21.84
13113,11.7,10.3,12.81,9.13,13.05,17.38
13115,14.9,18.25,17.02,19.51,18.96,18.51
13117,14.5,11.66,13.35,11.15,11.6,12.99
13119,25.7,25.99,25.96,25.83,31.83,38.14
13121,14.5,15.77,16.04,15.96,15.07,14.92
13123,16.8,21.0,26.03,18.98,19.83,20.63
13125,11.7,13.32,14.2,15.14,14.98,15.98
13127,13.1,16.21,18.71,16.14,16.52,18.3
13129,11.8,16.65,17.12,17.81,14.92,11.9
13131,6.1,6.59,7.71,6.47,7.29,8.98
13133,10.7,10.86,12.21,13.27,11.19,10.27
13135,11.0,9.47,10.29,10.55,9.17,8.59
13137,11.4,15.96,14.89,14.31,17.01,20.33
13139,12.9,15.55,17.41,15.9,15.78,16.82
13141,6.8,7.71,8.77,8.03,9.46,12.08
13143,30.7,33.34,30.63,29.82,29.93,30.65
13145,9.7,13.21,11.62,11.5,13.58,15.86
13147,13.2,13.85,14.41,14.77,15.87,16.89
13149,13.4,17.46,18.44,15.56,17.48,19.67
13151,12.9,16.34,14.72,15.35,13.69,12.46
13153,10.6,10.55,14.14,11.38,11.83,13.45
13155,8.9,10.08,10.8,10.22,13.06,16.62
13157,22.5,20.97,21.75,21.37,20.84,21.46
13159,11.6,12.91,16.11,14.31,13.8,13.79
13161,17.9,24.9,24.13,21.89,24.27,26.69
13163,9.4,10.71,11.35,10.57,10.07,10.66
13165,7.8,9.26,9.55,9.59,9.55,10.68
13167,8.3,9.96,10.12,9.64,9.41,9.98
13169,12.3,12.51,15.73,14.43,13.79,13.77
13171,18.0,17.38,19.0,16.84,16.93,16.93
13173,7.1,8.64,9.26,8.39,8.65,9.54
13175,12.2,14.52,14.34,13.14,12.84,13.27
13177,8.7,9.41,11.0,9.79,10.69,12.83
13179,9.4,9.98,11.95,12.24,10.98,10.54
13181,12.5,14.11,16.04,14.11,14.69,15.88
13183,11.0,11.82,14.19,12.32,12.37,13.14
13185,6.4,8.53,7.7,8.69,8.4,9.23
13187,16.1,20.72,24.39,22.32,20.12,18.28
13189,9.9,11.75,13.79,15.34,14.64,15.29
13191,14.0,17.46,16.5,15.96,17.17,19.27
13193,6.9,7.82,8.08,7.56,8.51,10.41
13195,17.4,19.61,23.43,22.27,23.31,25.1
13197,7.4,8.82,9.13,9.51,9.08,9.42
13199,15.0,13.29,15.02,16.51,15.98,15.83
13201,9.4,10.65,11.55,12.13,12.07,13.03
13205,8.9,8.23,9.87,8.8,9.14,10.16
13207,12.7,13.98,15.27,12.43,13.66,15.31
13209,9.8,10.62,12.45,11.0,11.48,12.46
13211,9.9,10.9,13.08,12.64,11.79,11.93
13213,23.7,23.58,26.1,25.84,23.51,20.98
13215,8.7,9.86,11.95,11.17,12.75,14.6
13217,12.0,13.75,14.75,13.18,13.31,13.59
13219,9.9,9.8,11.38,10.56,11.89,14.21
13221,13.2,13.57,15.78,14.49,17.72,21.82
13223,16.4,20.28,17.59,14.81,16.29,18.18
13225,12.5,12.98,13.8,15.24,13.32,12.38
13227,14.5,17.33,21.62,18.86,14.72,11.25
13229,15.0,19.24,18.31,17.12,19.85,23.52
13231,9.9,10.2,11.86,11.37,12.44,13.75
13233,21.7,22.92,24.03,19.6,23.33,27.36
13235,8.8,10.42,12.53,10.88,11.61,13.17
13237,10.6,11.17,12.75,11.57,12.17,13.46
13239,8.4,9.58,10.17,9.73,10.2,11.05
13241,23.7,25.26,29.72,22.96,29.08,35.45
13243,5.2,5.92,6.63,6.12,6.69,7.64
13245,21.0,22.65,26.01,27.28,22.16,17.75
13247,13.3,16.33,15.27,16.52,13.98,11.84
13249,6.4,7.31,7.87,7.51,8.06,9.57
13251,7.6,8.62,9.29,8.36,9.11,10.96
13253,10.0,11.35,14.2,13.39,12.9,13.18
13255,18.2,17.14,17.69,17.91,15.16,12.49
13257,19.9,21.81,20.74,20.02,20.96,22.46
13259,7.3,8.71,8.6,8.07,8.7,10.51
13261,5.3,6.06,6.74,7.11,7.13,8.39
13263,11.2,12.14,12.82,12.39,13.98,16.07
13265,9.8,11.13,12.17,11.7,12.45,14.32
13267,14.6,16.21,18.0,15.5,14.77,14.51
13269,10.2,11.67,13.82,12.73,12.5,13.09
13271,8.7,10.9,12.35,10.79,11.62,12.72
13273,5.1,5.83,6.26,5.98,6.63,8.13
13275,5.6,6.88,7.92,7.17,8.36,10.11
13277,8.1,9.0,8.48,7.9,8.69,10.07
13279,12.1,11.9,14.12,14.19,13.16,12.44
13281,19.3,23.17,24.26,22.01,23.15,23.75
13283,7.0,8.41,8.82,8.13,8.66,9.75
13285,16.0,15.37,16.17,13.86,13.77,14.11
13287,9.5,10.26,10.63,10.39,10.83,12.44
13289,10.6,13.03,14.04,13.61,12.88,13.06
13291,17.6,20.91,20.14,19.82,19.46,18.72
13293,13.2,13.89,15.57,15.0,14.81,15.16
13295,15.1,18.93,23.0,17.66,20.48,23.48
13297,18.2,17.87,17.41,19.45,19.56,20.59
13299,14.8,17.23,18.69,17.38,19.39,22.11
13301,9.7,11.09,12.04,12.31,11.88,12.68
13303,7.2,8.66,8.08,7.55,7.71,8.66
13305,21.3,24.18,23.73,23.44,20.82,19.18
13307,6.6,7.55,7.6,7.36,7.57,8.69
13309,10.8,10.77,11.77,10.46,10.91,11.78
13311,18.0,20.93,19.67,20.26,22.82,25.62
13313,13.6,14.6,17.55,13.9,17.05,20.06
13315,7.8,9.3,9.31,8.93,8.97,9.78
13317,12.5,14.05,16.07,16.12,16.01,16.98
13319,10.0,10.8,12.12,11.56,11.34,11.86
13321,10.3,12.65,10.95,11.12,12.24,14.45
15001,11.6,12.39,12.71,13.59,11.09,7.69
15003,12.3,14.23,15.12,15.08,18.46,20.6
15005,16.5,18.83,20.43,19.57,20.1,19.69
15007,11.9,13.95,14.01,15.27,16.73,17.2
15009,11.8,12.49,14.43,15.19,15.85,15.7
16001,11.0,15.21,15.49,15.86,16.25,15.87
16003,10.1,11.43,12.85,11.91,13.53,14.66
16005,17.7,23.82,24.99,20.16,28.15,37.83
16007,16.5,19.8,19.12,18.94,19.74,22.52
16009,16.7,16.96,17.06,16.06,17.29,16.83
16011,9.9,12.61,11.46,11.86,12.52,15.17
16013,10.0,11.87,13.96,12.27,12.35,12.75
16015,13.4,17.09,17.18,15.81,16.57,16.98
16017,11.3,11.93,13.67,13.0,13.57,11.69
16019,22.2,22.72,18.9,19.49,22.67,27.78
16021,14.8,15.71,17.65,16.9,18.44,18.16
16023,10.0,12.08,12.26,11.73,11.98,12.79
16025,10.2,11.62,12.55,11.85,12.32,12.61
16027,9.5,9.35,9.76,11.42,9.81,7.6
16029,11.2,12.91,15.0,13.14,13.75,15.87
16031,10.3,10.25,11.44,12.53,12.5,14.15
16033,10.6,12.89,13.98,12.61,12.89,14.03
16035,9.5,10.88,11.73,10.41,11.2,10.6
16037,11.3,12.81,14.63,14.02,13.59,12.97
16039,10.3,11.51,14.03,11.95,15.95,19.37
16041,11.9,14.24,13.68,12.47,13.04,15.96
16043,8.9,10.57,11.39,9.89,11.0,12.88
16045,17.3,21.27,19.49,23.38,19.73,15.82
16047,9.7,10.5,11.1,11.18,10.59,10.79
16049,11.6,11.82,14.37,12.68,12.32,10.14
16051,7.4,8.28,7.99,8.33,8.86,10.81
16053,8.6,9.63,10.02,9.63,9.83,11.23
16055,13.3,14.06,14.3,14.12,14.66,13.72
16057,9.1,10.59,12.27,13.3,11.52,8.75
16059,13.4,12.86,13.55,13.72,14.13,14.84
16061,10.5,12.65,13.18,12.2,12.58,11.42
16063,10.2,11.49,11.77,12.5,11.6,11.65
16065,4.5,4.71,5.03,4.56,4.85,6.51
16067,13.2,12.72,13.44,15.6,14.26,14.39
16069,14.2,16.8,19.7,17.81,15.47,12.24
16071,11.0,12.62,13.31,13.46,14.13,16.41
16073,13.8,12.66,13.18,14.12,13.09,11.44
16075,17.4,20.81,16.31,16.39,16.95,16.84
16077,11.9,12.36,12.86,11.42,12.25,14.16
16079,18.9,22.09,27.41,24.44,22.55,18.71
16081,8.4,9.53,10.72,10.35,10.71,12.34
16083,17.4,18.33,17.52,17.72,20.91,25.05
16085,15.5,16.52,15.13,15.56,15.38,14.81
16087,8.1,9.35,10.68,9.71,9.72,9.69
17001,16.7,15.13,13.51,15.35,12.93,9.8
17003,8.6,10.56,10.66,10.55,11.1,11.81
17005,16.2,15.28,16.52,16.51,16.36,15.69
17007,12.7,15.01,18.52,18.39,13.85,8.26
17009,7.0,8.38,8.58,8.26,8.43,7.95
17011,18.9,17.1,16.59,14.26,15.03,14.94
17013,13.9,15.72,18.48,15.99,15.29,13.75
17015,10.3,10.24,9.99,9.67,10.8,11.93
17017,8.8,9.07,9.49,10.16,9.51,8.38
17019,14.5,13.13,16.18,14.91,20.74,25.31
17021,16.7,19.08,19.05,15.53,14.02,11.68
17023,14.1,15.84,17.33,16.34,15.92,14.33
17025,11.5,11.07,11.74,10.59,11.34,11.05
17027,7.8,10.97,12.07,10.71,11.31,10.83
17029,10.5,12.08,12.01,13.66,13.49,12.51
17031,13.3,20.63,23.68,23.08,25.8,28.39
17033,11.2,12.82,13.92,13.63,13.98,13.43
17035,7.9,9.09,9.33,9.23,9.33,8.58
17037,9.1,13.53,15.67,13.3,13.51,12.83
17039,20.1,21.17,21.77,18.3,18.97,19.24
17041,8.9,10.07,11.91,10.08,12.52,13.65
17043,12.0,14.88,16.21,16.19,14.77,12.93
17045,13.4,14.44,14.24,13.86,13.28,11.41
17047,13.5,16.03,17.41,15.8,16.27,15.95
17049,11.5,11.2,15.58,14.35,11.99,8.45
17051,15.1,17.54,19.82,16.04,15.31,13.47
17053,11.2,12.12,14.97,13.92,13.11,11.43
17055,24.5,28.59,32.48,22.64,25.69,28.04
17057,13.0,14.94,17.05,16.21,14.11,11.36
17059,16.2,21.4,20.55,18.8,20.94,22.26
17061,15.1,16.86,20.41,20.13,18.02,15.03
17063,18.0,24.0,19.06,22.48,25.83,28.71
17065,9.6,12.16,12.93,10.94,11.94,12.4
17067,8.0,8.73,9.24,10.19,9.26,7.7
17069,20.2,24.02,24.64,25.69,25.1,23.05
17071,8.5,9.17,10.74,10.02,10.29,10.29
17073,8.6,9.41,9.87,10.46,12.02,12.94
17075,18.5,21.5,20.33,22.72,24.4,24.24
17077,15.1,18.4,18.11,21.62,15.94,9.98
17079,10.4,12.93,13.07,12.3,12.91,12.71
17081,19.2,17.6,19.15,19.02,19.61,19.0
17083,24.2,23.99,37.89,32.87,26.76,19.59
17085,8.1,9.61,10.25,9.56,10.29,10.32
17087,11.2,13.72,14.61,14.35,14.42,14.42
17089,7.9,11.82,15.71,13.62,13.92,12.79
17091,15.9,18.49,26.15,24.35,23.89,21.69
17093,9.4,16.37,14.28,14.04,12.6,10.16
17095,13.2,12.98,16.31,14.45,16.16,16.92
17097,10.9,13.58,14.61,13.6,12.91,11.97
17099,24.5,21.93,29.96,35.83,29.34,22.05
17101,15.0,16.91,16.96,19.47,18.3,16.41
17103,15.1,15.53,16.0,16.19,19.37,22.08
17105,19.3,23.66,25.35,26.8,24.46,21.66
17107,14.7,15.39,16.11,17.11,14.36,10.93
17109,5.7,7.87,7.88,7.12,7.79,7.64
17111,14.8,17.83,24.52,19.26,15.29,10.01
17113,13.2,14.02,17.63,17.15,17.06,16.48
17115,14.2,16.08,16.92,17.94,19.62,20.18
17117,15.2,17.23,16.63,17.56,17.18,15.75
17119,27.1,28.4,34.88,38.59,38.94,38.47
17121,23.0,25.63,25.53,23.67,27.48,30.61
17123,11.9,12.8,13.34,12.76,13.97,14.11
17125,12.9,12.46,14.81,14.75,12.91,10.33
17127,16.9,22.81,23.71,20.32,23.51,25.78
17129,14.3,14.15,16.31,16.49,15.8,14.22
17131,9.1,10.7,12.94,11.91,11.9,10.66
17133,9.9,17.04,14.22,14.89,14.77,13.99
17135,15.0,18.71,19.49,20.33,20.9,20.45
17137,12.1,13.33,12.35,13.49,13.77,13.51
17139,7.2,7.85,8.78,8.37,9.58,9.95
17141,9.0,15.96,15.62,14.45,15.61,15.49
17143,19.9,19.42,28.88,26.27,25.55,23.93
17145,13.6,19.97,16.86,15.55,15.65,15.21
17147,8.4,10.87,12.1,9.85,11.01,10.94
17149,9.8,12.79,13.26,11.25,12.96,13.63
17151,18.0,18.83,19.53,18.57,20.45,21.31
17153,11.5,13.42,14.86,14.11,15.48,16.88
17155,16.2,18.8,21.91,18.76,20.04,20.2
17157,16.3,19.19,15.71,17.96,15.31,12.34
17159,9.7,10.07,10.93,10.69,10.95,9.78
17161,9.6,11.2,13.8,12.1,14.8,16.93
17163,13.6,17.34,23.93,25.46,26.86,27.78
17165,25.2,26.96,28.96,27.07,34.63,41.32
17167,20.2,17.5,23.04,21.35,19.59,16.85
17169,7.8,8.49,9.46,8.73,8.76,8.19
17171,9.7,11.62,11.84,12.02,11.78,10.71
17173,10.0,11.21,13.77,12.76,13.1,12.21
17175,11.1,13.72,14.74,14.32,15.1,14.65
17177,14.5,13.37,13.81,15.03,16.98,17.93
17179,15.8,17.31,23.2,19.39,16.4,12.88
17181,12.6,16.63,19.15,17.21,18.07,18.82
17183,19.0,24.98,28.18,22.53,27.31,31.15
17185,11.3,14.8,14.3,12.56,13.27,12.9
17187,6.6,7.49,8.38,8.42,9.01,8.96
17189,15.0,16.35,15.36,13.84,13.53,12.45
17191,9.9,10.08,10.33,10.44,11.68,12.25
17193,11.9,13.71,18.27,14.31,16.76,18.07
17195,13.7,11.44,12.51,13.76,12.67,11.39
17197,14.8,19.05,21.09,19.06,20.88,21.81
17199,15.3,20.73,21.64,19.9,16.93,13.65
17201,32.9,37.06,38.62,47.72,43.05,37.37
17203,10.0,12.1,12.2,10.85,10.46,9.49
18001,10.9,12.32,15.06,12.64,15.79,17.55
18003,16.5,19.14,23.04,22.13,27.37,30.62
18005,14.2,18.5,32.64,25.62,23.41,21.08
18007,14.2,16.24,16.07,15.95,15.93,14.21
18009,32.0,36.43,37.76,33.0,28.43,21.96
18011,16.8,24.5,20.38,20.58,23.73,25.57
18013,21.2,20.16,22.4,21.69,18.25,14.5
18015,13.9,14.58,15.86,18.45,15.87,11.24
18017,10.8,10.88,12.31,14.03,13.33,10.8
18019,23.8,34.28,33.99,37.17,36.08,33.72
18021,14.2,17.23,17.7,17.59,17.74,16.34
18023,16.5,18.26,21.63,24.09,23.83,22.18
18025,15.9,22.04,21.34,20.38,22.34,23.48
18027,9.0,11.96,13.52,12.5,11.91,10.72
18029,29.3,31.09,32.9,26.55,29.79,32.28
18031,18.7,21.78,27.36,20.79,23.93,26.35
18033,14.7,14.1,14.78,14.91,19.23,22.02
18035,28.9,31.98,40.83,34.14,35.85,36.2
18037,8.2,11.12,9.36,9.53,9.46,8.47
18039,11.2,12.07,16.19,14.41,12.12,8.78
18041,45.9,54.59,65.75,55.81,65.02,73.41
18043,22.6,29.93,32.35,28.21,37.87,46.68
18045,13.9,17.42,18.22,20.23,21.31,21.31
18047,24.0,31.0,28.94,33.66,29.31,24.25
18049,14.6,18.7,18.4,16.51,19.25,20.58
18051,9.8,10.3,13.09,11.52,12.5,12.12
18053,36.4,30.53,37.16,32.02,26.27,18.46
18055,17.8,16.26,22.47,18.69,18.21,16.99
18057,10.6,12.14,14.02,12.05,11.76,10.1
18059,23.2,19.97,20.53,22.24,19.61,15.66
18061,18.2,26.1,21.75,20.35,26.54,32.33
18063,10.4,16.91,18.6,16.51,16.4,15.11
18065,23.0,23.24,29.97,24.45,27.72,29.65
18067,34.3,27.28,40.94,35.37,36.89,36.92
18069,17.3,20.27,17.44,17.19,18.09,16.78
18071,24.2,27.09,33.98,35.17,26.62,17.59
18073,15.0,20.0,20.94,17.8,19.23,19.5
18075,18.9,23.17,38.04,32.67,31.2,27.76
18077,17.6,18.57,20.88,20.11,18.89,16.73
18079,28.2,30.17,36.34,34.94,35.26,35.06
18081,16.9,22.49,23.19,22.53,20.1,16.29
18083,12.7,16.56,15.35,14.01,15.17,15.38
18085,12.2,14.22,19.61,15.42,14.83,12.76
18087,5.3,6.12,6.81,6.34,5.94,4.28
18089,13.2,20.59,29.9,25.77,28.88,31.56
18091,15.6,22.95,25.02,20.13,23.5,26.1
18093,12.4,13.72,15.93,18.18,18.8,18.66
18095,27.7,30.93,38.32,31.66,38.49,44.46
18097,26.7,32.85,36.87,35.2,37.65,38.68
18099,11.6,13.65,18.34,16.0,14.7,12.68
18101,11.7,12.62,14.81,14.37,14.66,14.4
18103,16.5,17.02,17.97,15.8,17.59,17.72
18105,14.9,18.02,20.04,18.83,18.23,17.13
18107,16.6,21.31,28.34,30.39,26.42,21.04
18109,26.2,28.22,26.32,32.86,30.98,28.13
18111,19.2,24.92,20.79,24.5,22.17,18.3
18113,9.9,12.24,12.54,10.88,12.89,13.54
18115,24.5,26.1,28.23,24.82,26.51,27.52
18117,9.9,11.95,13.34,12.94,12.61,11.92
18119,14.1,16.45,18.41,15.83,18.47,20.18
18121,12.7,13.14,14.34,12.77,13.51,12.79
18123,11.5,14.69,15.82,12.19,12.34,12.05
18125,9.7,11.75,11.91,10.72,12.6,13.64
18127,21.1,27.02,27.57,22.24,23.74,24.03
18129,12.0,14.25,17.03,13.99,15.26,14.99
18131,24.4,28.61,29.84,27.86,25.27,21.11
18133,13.1,13.8,12.99,14.55,12.78,9.63
18135,21.7,30.47,42.74,28.8,29.78,28.86
18137,25.7,26.46,30.34,23.82,24.68,24.68
18139,15.3,22.54,27.92,22.16,22.1,21.21
18141,19.7,21.07,24.42,22.29,16.57,9.66
18143,39.6,63.06,54.94,48.75,44.77,39.98
18145,17.5,19.53,24.37,23.93,25.34,26.12
18147,8.1,10.84,10.21,9.22,11.0,12.18
18149,37.1,40.53,51.05,45.04,46.52,46.89
18151,8.2,10.26,9.8,8.64,10.43,10.98
18153,20.7,23.97,22.7,20.38,22.5,23.62
18155,22.4,29.64,31.94,26.89,28.29,29.26
18157,16.8,17.41,15.8,20.34,20.51,19.42
18159,21.0,23.48,22.6,21.83,22.34,21.11
18161,30.1,33.34,43.52,38.56,35.38,31.17
18163,24.2,26.44,33.6,25.98,22.92,18.42
18165,17.0,18.18,24.74,17.98,21.5,23.52
18167,16.1,20.27,18.9,17.74,19.48,19.99
18169,19.8,23.18,30.47,23.56,23.77,22.13
18171,12.9,15.67,16.5,16.88,16.78,15.55
18173,8.1,9.16,11.58,10.5,11.08,10.55
18175,23.2,24.15,27.96,26.03,25.32,24.19
18177,41.3,48.42,78.4,57.51,61.78,64.5
18179,16.7,16.49,16.53,17.84,22.2,24.94
18181,17.0,18.92,20.59,21.45,19.06,14.92
18183,9.5,10.43,11.08,11.46,11.61,9.85
19001,7.6,8.62,10.29,8.96,9.74,11.98
19003,9.1,10.4,11.27,10.01,11.0,13.68
19005,6.4,8.93,8.13,7.41,8.6,10.05
19007,11.4,12.74,14.63,13.97,15.13,17.84
19009,5.9,7.15,7.03,6.51,7.08,8.78
19011,5.3,6.23,6.41,6.27,6.11,7.12
19013,6.6,9.5,9.86,9.47,8.03,8.09
19015,7.3,8.17,8.76,8.38,8.59,10.59
19017,6.1,6.68,6.99,6.71,7.39,9.74
19019,6.8,7.73,10.02,9.06,9.05,9.39
19021,4.3,5.42,5.7,5.34,5.58,6.54
19023,5.3,6.49,6.55,6.2,6.37,8.74
19025,5.4,6.88,7.12,6.33,7.23,9.12
19027,5.8,7.62,7.99,6.71,6.94,8.66
19029,8.3,8.51,9.45,8.95,10.33,13.48
19031,6.7,7.2,7.21,6.79,7.98,9.31
19033,10.3,11.91,13.02,10.5,12.25,16.04
19035,4.2,4.5,4.82,4.59,5.24,7.19
19037,5.0,5.43,6.13,5.56,5.76,7.31
19039,8.3,9.48,11.24,9.78,11.03,14.37
19041,4.4,4.77,5.35,5.08,5.52,7.5
19043,6.4,7.26,8.51,7.85,8.6,9.21
19045,10.9,10.38,10.98,12.01,11.79,11.72
19047,5.3,5.72,6.77,5.75,6.03,7.08
19049,5.3,6.59,7.15,6.37,7.22,9.37
19051,5.7,6.57,7.12,6.68,7.17,8.1
19053,7.9,10.06,10.48,9.68,10.16,12.79
19055,5.8,6.68,6.51,6.27,6.33,6.41
19057,13.2,13.35,13.0,11.85,12.05,12.04
19059,5.5,5.61,6.56,6.1,6.21,7.82
19061,8.2,10.42,9.24,9.01,9.1,9.08
19063,3.8,4.73,4.78,4.76,4.62,6.05
19065,5.4,6.46,6.74,6.68,6.62,6.96
19067,4.5,5.22,5.51,4.92,5.17,7.6
19069,4.6,5.32,5.39,5.05,5.54,8.18
19071,9.4,9.96,12.01,10.95,10.72,11.82
19073,6.5,7.43,8.33,7.62,8.31,10.58
19075,6.3,6.49,7.22,7.34,7.48,9.13
19077,5.8,6.33,7.1,6.4,7.03,8.87
19079,6.2,6.38,7.03,7.09,7.05,8.27
19081,4.1,4.54,4.8,4.41,4.67,6.28
19083,5.3,6.0,6.19,6.15,6.02,7.42
19085,8.7,10.34,10.74,10.64,11.03,12.74
19087,8.2,7.63,8.18,7.59,7.72,8.03
19089,3.5,4.06,4.38,4.19,4.15,5.97
19091,4.7,5.51,6.14,5.46,5.82,7.22
19093,6.3,6.35,6.88,6.41,7.05,8.81
19095,6.5,6.6,7.43,7.38,6.89,7.85
19097,8.9,9.47,10.51,10.3,12.82,15.47
19099,12.0,11.69,13.78,11.49,12.02,13.82
19101,8.3,10.24,11.72,10.89,11.6,13.23
19103,6.2,8.27,9.0,6.87,7.21,8.17
19105,5.9,6.62,6.79,6.35,7.1,8.32
19107,6.1,6.64,7.4,6.66,6.95,8.87
19109,4.0,4.34,4.87,4.44,5.04,6.4
19111,12.2,15.12,11.88,11.93,12.62,12.98
19113,12.8,11.07,14.25,12.65,14.78,17.46
19115,8.2,8.72,10.29,9.57,9.82,10.24
19117,9.0,10.2,12.83,10.65,12.05,15.17
19119,4.4,4.86,4.96,5.15,4.95,6.32
19121,7.4,8.88,8.68,9.28,9.99,12.12
19123,9.7,10.84,10.71,9.42,9.75,11.39
19125,10.2,11.31,12.17,10.56,11.3,13.66
19127,4.9,5.65,6.65,6.89,6.34,6.92
19129,7.8,9.27,9.14,9.82,9.13,9.66
19131,4.1,4.7,5.1,4.57,4.92,7.5
19133,9.4,9.66,10.71,9.78,10.01,11.14
19135,8.0,8.26,9.7,8.2,8.63,10.75
19137,11.8,12.61,14.22,12.96,13.29,15.25
19139,7.5,8.0,7.22,7.37,8.38,9.4
19141,3.2,3.71,3.9,3.82,3.89,5.11
19143,5.6,7.11,7.05,7.71,7.23,8.42
19145,7.5,8.09,10.55,8.38,9.31,11.59
19147,3.8,4.36,4.55,4.38,4.76,6.35
19149,4.9,5.23,6.57,5.55,5.6,6.06
19151,4.8,5.8,5.93,5.85,5.93,6.81
19153,15.2,14.75,16.43,15.91,20.49,26.43
19155,11.3,13.8,13.46,12.17,12.62,14.12
19157,6.4,7.26,7.62,8.1,7.79,8.89
19159,7.9,9.21,10.23,9.69,9.63,11.76
19161,6.0,6.88,8.14,7.52,7.4,7.98
19163,18.6,17.31,17.32,15.3,16.7,17.7
19165,6.4,7.71,8.67,7.61,7.8,9.15
19167,2.6,3.01,3.09,3.08,2.99,3.88
19169,6.9,6.94,7.28,7.21,6.79,7.58
19171,6.3,6.81,8.84,7.56,7.41,8.89
19173,6.8,8.6,8.63,7.94,8.81,11.12
19175,9.0,11.24,12.83,10.68,11.42,13.96
19177,8.4,9.11,9.16,10.08,9.25,8.91
19179,8.9,9.91,12.55,10.94,14.23,18.63
19181,7.8,10.52,10.02,10.67,12.06,15.1
19183,6.5,7.6,7.91,7.42,7.68,9.09
19185,8.6,9.78,11.84,10.18,11.02,13.49
19187,10.7,12.9,13.94,12.44,14.2,17.76
19189,4.4,5.06,5.66,5.03,5.38,6.99
19191,4.4,5.09,5.27,5.57,5.06,5.76
19193,8.0,9.06,9.88,9.03,8.91,9.11
19195,7.6,10.6,10.23,8.83,9.28,11.61
19197,5.2,6.23,6.69,6.05,6.28,8.05
20001,13.7,14.67,16.34,16.69,16.37,16.29
20003,10.0,10.72,11.63,11.66,11.09,11.21
20005,9.6,12.08,12.25,11.89,12.32,14.16
20007,13.8,15.65,16.74,15.28,16.6,18.72
20009,6.1,7.37,7.76,7.85,9.06,11.67
20011,11.7,13.19,15.74,13.85,15.3,17.14
20013,10.7,13.35,15.26,12.82,15.64,18.7
20015,14.7,14.37,17.05,16.17,13.75,12.51
20017,8.4,9.52,10.46,10.48,10.14,11.3
20019,17.6,17.97,19.11,19.9,18.98,19.82
20021,18.5,16.57,17.19,16.12,18.08,20.21
20023,6.4,7.25,7.77,7.93,7.79,8.29
20025,8.5,9.19,9.78,9.4,9.61,10.51
20027,9.6,12.77,12.01,12.04,11.72,11.86
20029,6.7,7.32,7.69,8.17,7.69,8.09
20031,13.1,13.28,14.91,14.45,15.34,16.82
20033,9.8,11.87,12.12,11.57,12.6,14.55
20035,15.8,15.98,16.21,14.02,15.06,17.7
20037,11.5,12.67,12.57,12.61,15.16,17.74
20039,6.6,7.7,8.16,7.82,7.94,9.61
20041,7.2,8.65,9.6,9.36,9.35,9.48
20043,7.2,8.39,8.7,8.46,8.82,10.19
20045,10.8,10.99,12.21,11.69,12.87,14.48
20047,6.9,7.89,8.47,8.13,8.38,9.69
20049,16.0,20.25,20.03,18.8,19.06,21.21
20051,5.6,6.62,7.53,7.98,7.18,7.99
20053,8.7,11.58,11.03,10.17,10.57,12.32
20055,8.9,8.23,8.2,8.58,9.33,10.57
20057,5.1,6.1,6.51,6.29,6.18,6.46
20059,11.8,13.58,15.53,16.13,14.85,13.86
20061,9.6,10.81,12.0,12.83,12.87,13.38
20063,5.7,6.51,7.06,6.75,6.96,8.96
20065,6.3,7.2,7.7,7.43,7.68,9.06
20067,4.4,4.78,5.17,4.91,5.04,5.14
20069,5.2,5.9,6.42,6.15,6.26,6.76
20071,9.2,10.56,11.36,11.49,11.33,11.29
20073,18.1,19.5,20.72,17.93,17.92,19.52
20075,10.4,11.81,13.51,12.35,14.01,15.78
20077,13.3,15.85,16.28,15.5,17.86,21.75
20079,12.3,11.3,12.57,11.14,12.21,14.7
20081,5.2,5.97,6.74,6.52,6.37,5.95
20083,5.5,6.34,6.82,6.34,6.58,7.78
20085,8.2,8.74,8.92,8.87,10.71,12.57
20087,11.0,10.84,11.03,11.74,10.9,11.02
20089,5.8,6.61,7.2,6.84,7.07,8.59
20091,7.8,9.96,9.32,9.8,11.24,13.32
20093,5.4,6.12,6.63,6.38,6.66,7.58
20095,12.3,13.86,14.14,13.62,14.94,17.22
20097,7.6,8.7,9.39,9.0,9.24,10.81
20099,14.9,17.11,18.81,15.65,18.29,21.64
20101,5.3,6.02,6.47,6.18,6.4,7.66
20103,11.6,16.51,12.94,13.06,17.09,22.55
20105,6.5,7.47,8.12,7.45,7.82,9.34
20107,16.5,16.88,18.8,19.85,17.81,16.19
20109,8.2,9.33,10.09,9.57,10.5,12.48
20111,7.7,7.86,8.7,9.98,9.22,9.22
20113,7.9,8.4,9.19,7.72,8.72,11.41
20115,8.2,8.77,10.61,9.57,9.78,11.46
20117,5.9,6.72,7.21,7.7,7.33,6.2
20119,6.6,7.94,8.67,8.23,8.5,8.89
20121,12.6,13.45,18.02,14.44,14.9,15.56
20123,5.1,5.72,6.25,5.94,6.04,7.99
20125,17.4,17.08,18.72,16.46,16.92,18.19
20127,7.2,8.13,9.33,8.62,8.6,9.72
20129,10.0,11.36,12.33,11.9,12.7,13.76
20131,5.4,6.27,7.09,6.33,6.68,6.64
20133,15.0,13.93,16.09,15.31,15.18,15.69
20135,6.2,7.04,8.09,7.36,7.5,9.04
20137,6.4,7.27,8.34,7.92,8.65,10.9
20139,15.3,14.03,15.51,14.92,14.5,14.16
20141,10.1,9.78,11.41,10.49,10.18,11.71
20143,6.0,6.94,7.5,6.76,7.21,8.4
20145,8.0,9.62,9.36,9.44,9.75,10.92
20147,4.8,5.74,5.99,5.63,5.8,7.24
20149,8.8,8.02,9.3,9.94,9.11,8.55
20151,11.1,10.76,11.91,10.88,11.78,13.94
20153,6.2,7.13,7.65,7.25,7.52,8.94
20155,15.5,14.15,14.54,17.75,18.3,21.06
20157,6.0,6.8,7.72,7.12,7.61,8.84
20159,9.6,11.33,11.71,10.75,11.5,13.24
20161,6.1,6.58,7.08,6.8,8.59,10.67
20163,6.9,7.9,8.56,9.07,8.34,9.27
20165,8.0,8.64,9.19,8.89,9.08,10.93
20167,9.6,9.72,10.87,10.01,10.1,12.11
20169,13.5,14.76,20.38,15.95,16.7,18.59
20171,5.9,6.78,7.17,6.93,7.12,8.21
20173,15.5,15.77,17.75,17.95,20.87,24.62
20175,6.3,7.05,8.96,7.93,8.74,9.8
20177,15.2,16.04,17.4,16.67,17.59,18.73
20179,5.7,6.53,7.05,6.65,6.91,8.53
20181,9.4,9.56,10.15,10.17,9.99,10.49
20183,7.3,8.23,8.95,8.14,8.66,10.46
20185,7.7,9.19,9.42,9.03,9.26,10.83
20187,8.4,9.13,9.79,9.33,9.54,9.9
20189,5.9,6.67,7.29,7.75,7.17,6.56
20191,14.6,15.48,15.77,15.01,17.84,22.58
20193,7.0,8.4,9.14,8.32,8.94,11.01
20195,6.3,7.23,7.76,7.42,7.46,9.69
20197,8.4,8.9,9.73,9.73,9.55,9.79
20199,7.1,8.11,8.75,8.34,8.59,9.33
20201,5.5,6.36,6.65,6.4,7.03,7.22
20203,6.7,7.68,8.3,7.92,8.15,8.82
20205,16.5,18.53,22.0,19.46,19.66,20.79
20207,15.3,19.11,19.06,19.98,18.71,18.11
20209,10.1,12.04,11.58,11.47,14.71,19.14
21001,18.3,18.15,21.06,20.2,20.25,20.45
21003,18.9,21.99,21.31,19.66,28.32,36.16
21005,27.4,32.19,36.79,29.99,35.76,40.43
21007,16.4,19.57,21.89,17.83,18.7,18.91
21009,12.7,14.19,18.71,15.45,14.86,13.77
21011,32.8,36.42,37.53,36.75,34.28,31.32
21013,74.1,58.79,52.78,52.09,55.18,58.42
21015,36.4,34.32,37.2,33.39,28.82,23.62
21017,26.9,29.2,32.68,31.26,35.74,39.08
21019,43.1,51.35,60.67,55.5,58.42,61.67
21021,23.8,33.9,28.38,23.76,25.66,26.59
21023,29.5,29.65,29.51,26.21,29.48,32.61
21025,37.9,50.3,44.46,45.11,52.81,60.76
21027,14.9,17.21,16.81,15.38,16.11,15.97
21029,20.2,25.53,36.72,29.97,32.85,34.67
21031,28.9,21.46,21.3,22.21,21.03,18.69
21033,15.3,18.73,19.81,17.6,18.83,18.57
21035,13.6,15.84,14.41,13.83,17.46,19.97
21037,48.4,61.74,70.74,57.05,47.52,37.19
21039,9.4,10.97,11.56,10.63,11.34,10.87
21041,31.0,34.74,38.29,37.45,39.53,40.27
21043,35.1,38.52,51.2,43.53,38.87,33.96
21045,25.6,29.84,31.22,29.26,30.72,31.78
21047,8.3,9.74,12.83,11.78,13.34,13.84
21049,38.7,38.41,50.2,51.16,46.55,40.73
21051,35.9,37.58,36.22,37.51,45.59,54.0
21053,49.8,48.58,50.44,48.8,47.7,46.13
21055,17.8,19.3,21.23,18.67,18.94,17.65
21057,26.6,29.98,30.28,28.9,28.25,27.25
21059,15.3,16.19,16.35,16.19,14.95,13.12
21061,21.4,18.17,20.17,20.28,18.25,15.26
21063,31.0,36.51,36.55,38.29,36.41,34.27
21065,45.6,54.77,63.97,54.29,63.04,71.17
21067,32.7,35.69,40.0,37.33,33.36,28.47
21069,26.2,27.25,30.73,23.78,26.67,29.07
21071,49.9,51.46,49.96,48.95,50.84,52.97
21073,22.7,28.64,36.22,30.56,31.23,30.55
21075,9.7,11.65,12.32,11.83,12.25,12.11
21077,52.7,54.53,59.86,59.15,50.73,41.6
21079,23.2,32.13,31.12,26.8,26.14,24.27
21081,36.4,51.47,46.47,44.87,52.77,60.26
21083,13.5,15.22,14.74,14.44,15.14,14.75
21085,24.8,33.33,35.0,27.97,24.18,19.77
21087,12.1,13.72,16.29,15.07,15.74,15.89
21089,33.2,34.43,44.65,43.9,58.86,73.92
21091,12.6,16.51,17.06,14.18,14.88,14.88
21093,12.0,20.59,19.68,17.0,19.19,20.78
21095,37.3,39.34,43.37,38.58,43.09,47.6
21097,36.4,68.14,48.85,37.0,39.63,41.0
21099,15.7,17.6,18.12,19.08,16.21,13.16
21101,12.7,14.72,17.51,14.67,12.75,9.31
21103,26.0,23.88,25.77,27.27,27.6,26.75
21105,11.0,12.69,12.79,12.27,12.46,11.82
21107,16.1,20.56,24.02,17.12,17.61,16.7
21109,18.9,20.29,25.22,21.75,23.19,24.38
21111,27.6,39.91,45.5,38.03,42.11,45.33
21113,28.0,31.74,44.6,35.8,37.73,38.75
21115,34.8,33.03,34.17,34.77,33.49,32.17
21117,65.2,56.63,69.0,57.81,51.96,45.27
21119,44.0,46.16,46.82,45.88,53.79,62.47
21121,48.0,38.58,44.22,31.78,36.63,42.05
21123,10.7,12.7,13.99,12.06,15.37,18.03
21125,23.1,21.49,25.77,24.66,20.74,17.15
21127,31.8,39.11,42.7,34.55,36.29,38.45
21129,48.6,44.12,45.25,44.19,59.38,74.56
21131,43.9,54.13,52.23,50.4,50.13,50.01
21133,34.7,33.1,39.13,38.72,42.13,46.51
21135,27.3,23.66,31.04,28.8,28.64,28.48
21137,25.1,33.91,31.99,32.38,30.5,27.69
21139,23.8,28.12,28.37,25.21,30.45,34.02
21141,13.8,15.51,14.46,14.85,15.38,14.86
21143,17.1,17.88,19.19,20.13,20.83,19.79
21145,17.2,20.8,19.64,19.34,22.52,24.44
21147,20.2,19.76,24.96,22.49,20.23,17.65
21149,14.8,20.13,18.64,18.74,18.64,17.7
21151,30.6,31.55,43.02,44.1,49.34,53.54
21153,33.8,37.31,43.94,43.15,42.29,41.74
21155,19.2,19.97,23.48,18.38,20.95,22.42
21157,19.7,25.9,21.06,20.19,21.85,22.08
21159,58.6,52.45,53.43,44.05,55.33,66.75
21161,25.0,34.54,38.93,27.28,26.74,26.19
21163,15.2,21.55,21.6,15.43,16.32,16.64
21165,25.3,29.76,36.34,35.29,31.29,26.71
21167,22.4,30.53,24.8,21.17,25.28,28.51
21169,15.0,19.53,18.78,16.56,15.88,15.06
21171,23.6,28.4,29.29,29.36,30.61,31.65
21173,31.1,34.96,42.85,40.82,35.81,30.57
21175,18.7,24.12,24.22,25.04,25.44,25.88
21177,16.7,19.01,21.83,19.16,20.7,21.51
21179,17.7,23.04,30.57,20.24,25.33,29.64
21181,26.3,31.96,30.33,29.17,33.87,37.72
21183,21.2,18.25,18.43,18.49,18.88,18.1
21185,16.4,17.01,15.28,14.59,17.98,19.8
21187,30.4,44.6,44.09,49.71,48.44,45.77
21189,38.0,42.09,49.02,44.85,53.75,62.54
21191,33.9,41.81,47.18,45.13,42.36,39.25
21193,44.1,45.59,43.78,45.08,43.58,42.44
21195,38.5,36.97,33.69,34.71,43.23,52.54
21197,53.8,58.59,57.19,60.29,59.53,57.97
21199,19.7,21.88,25.06,22.4,23.21,24.43
21201,25.4,31.7,33.51,29.14,32.41,35.13
21203,29.7,35.59,38.34,36.77,33.53,29.83
21205,23.4,28.92,29.31,28.55,25.81,22.98
21207,37.3,38.84,37.14,40.29,43.19,46.36
21209,21.6,30.53,25.2,24.69,23.65,21.39
21211,21.6,22.71,21.3,18.51,22.18,24.4
21213,18.8,18.38,18.22,16.03,16.55,16.73
21215,19.6,22.07,25.65,21.56,22.43,22.15
21217,24.1,27.36,31.37,31.53,29.81,27.51
21219,16.0,16.9,17.59,20.19,18.92,16.43
21221,18.0,16.89,20.75,17.32,17.26,15.94
21223,19.6,23.23,24.82,24.13,25.77,25.97
21225,25.4,27.16,27.37,23.99,25.18,24.65
21227,12.7,13.58,13.48,14.53,16.51,17.89
21229,17.0,19.47,21.61,18.57,21.48,23.22
21231,20.5,21.45,25.99,23.72,21.28,18.97
21233,17.3,19.72,20.02,18.26,17.59,14.79
21235,43.3,35.79,44.94,35.61,35.4,35.16
21237,46.4,43.79,44.58,44.99,51.15,57.11
21239,26.4,24.28,27.11,26.36,29.27,31.14
22001,18.1,20.64,20.72,16.89,25.34,33.78
22003,13.4,15.63,18.28,18.97,19.25,20.0
22005,16.0,16.17,21.11,30.04,23.13,15.56
22007,12.7,18.87,16.03,15.62,14.74,13.86
22009,17.7,18.23,18.18,22.14,21.43,19.83
22011,12.8,14.21,14.36,14.96,16.65,19.16
22013,9.9,10.47,12.54,11.34,11.89,12.21
22015,11.4,14.34,13.99,11.43,12.34,13.12
22017,12.9,12.34,13.87,13.18,13.4,13.65
22019,14.3,13.93,16.58,18.09,18.97,19.9
22021,12.3,13.68,16.48,14.67,15.54,15.76
22023,18.7,20.59,24.1,24.3,22.74,20.95
22025,11.9,13.27,15.96,13.95,14.29,13.63
22027,10.8,13.26,13.89,11.39,13.94,16.71
22029,9.4,12.22,12.91,10.64,10.53,9.35
22031,10.4,14.02,14.02,11.97,16.9,21.76
22033,16.4,18.16,19.15,20.59,25.08,28.93
22035,6.7,7.93,9.62,7.66,8.13,8.49
22037,10.6,12.8,13.47,12.8,14.05,14.27
22039,18.1,19.88,21.75,26.78,23.8,20.64
22041,9.9,9.1,9.7,8.9,9.4,9.5
22043,12.2,16.09,14.41,14.27,16.86,19.44
22045,16.9,19.42,16.22,19.5,20.12,21.39
22047,15.9,15.64,18.97,20.16,18.55,16.91
22049,12.6,11.67,12.18,12.18,12.05,11.07
22051,28.8,34.1,38.67,37.67,37.01,36.03
22053,24.5,22.14,27.44,28.21,33.44,38.72
22055,14.3,17.8,19.42,17.64,24.76,32.65
22057,15.7,17.81,22.39,17.65,20.52,23.78
22059,19.2,17.94,21.3,20.86,22.53,23.3
22061,5.3,6.88,7.44,6.61,7.7,8.1
22063,35.4,40.18,41.67,34.57,37.4,38.89
22065,6.5,7.33,8.47,7.35,7.97,7.59
22067,17.9,18.1,16.94,19.04,19.81,20.26
22069,8.8,9.49,11.45,10.66,13.01,16.07
22071,25.8,35.81,38.29,40.6,41.66,42.21
22073,14.3,16.7,15.2,18.73,17.73,16.04
22075,28.4,29.4,26.12,29.4,28.6,27.08
22077,14.6,17.67,19.22,16.51,18.13,19.39
22079,13.0,21.05,20.77,23.73,28.33,32.44
22081,7.6,8.74,9.5,8.82,9.83,11.41
22083,9.0,9.6,10.77,9.47,12.79,15.62
22085,9.5,10.34,12.02,10.97,10.47,10.65
22087,35.2,44.86,46.84,59.54,57.52,54.95
22089,22.5,25.33,22.25,22.43,22.95,22.95
22091,19.9,28.56,26.18,26.82,25.85,23.17
22093,9.9,12.51,11.55,11.47,10.28,9.01
22095,18.8,22.2,25.95,24.94,23.44,21.48
22097,16.3,16.75,17.65,18.31,20.14,22.14
22099,10.3,13.28,13.03,12.34,16.39,21.47
22101,19.4,17.34,24.09,24.44,21.93,20.16
22103,26.3,28.72,33.73,35.05,38.6,41.77
22105,22.1,27.76,30.48,32.34,32.97,32.32
22107,8.8,9.45,10.63,9.64,9.87,9.52
22109,29.0,23.31,38.23,31.73,33.36,35.31
22111,8.2,10.28,9.75,9.26,10.09,10.64
22113,16.5,18.05,14.88,15.84,16.14,17.16
22115,8.7,12.01,12.5,13.23,12.17,11.54
22117,37.3,48.67,56.71,61.11,83.41,105.04
22119,14.1,12.93,16.02,12.83,13.72,14.95
22121,18.2,18.53,20.22,20.5,20.47,19.99
22123,12.3,12.48,19.63,13.95,14.69,15.29
22125,13.6,15.33,18.05,19.11,21.78,23.68
22127,14.8,16.43,18.57,18.06,19.6,20.48
23001,21.9,23.55,22.46,25.21,27.88,29.43
23003,11.5,21.35,13.47,15.09,15.93,16.86
23005,24.3,22.34,30.86,24.85,28.2,30.24
23007,13.6,15.16,15.83,15.8,18.13,20.28
23009,17.8,24.62,18.69,17.04,17.46,16.65
23011,24.5,26.3,37.94,30.67,31.97,32.19
23013,18.9,22.53,25.08,20.42,23.85,25.78
23015,18.4,21.8,22.69,20.96,24.55,26.63
23017,15.1,18.08,17.59,20.95,18.31,15.06
23019,18.8,29.58,36.02,30.59,31.25,31.81
23021,16.7,21.17,22.49,21.01,20.95,21.33
23023,12.1,14.02,15.93,13.73,16.95,18.79
23025,18.4,22.29,28.65,21.11,26.82,32.01
23027,14.8,19.44,21.51,19.19,17.6,14.76
23029,23.2,48.88,39.88,36.02,32.75,28.23
23031,21.0,27.44,39.75,30.06,27.93,24.9
24001,23.8,49.14,47.86,43.46,34.49,24.15
24003,23.6,36.71,43.17,43.82,43.59,42.25
24005,29.2,45.9,51.25,55.64,50.47,43.47
24009,24.0,31.12,35.99,35.74,35.27,33.09
24011,24.5,34.43,37.16,32.26,40.06,46.99
24013,24.4,33.99,34.14,40.63,38.43,35.09
24015,34.5,44.06,63.23,57.9,64.19,68.69
24017,15.5,25.15,27.19,21.14,24.6,27.13
24019,16.9,22.95,31.36,25.97,32.57,37.68
24021,15.3,34.91,30.86,31.38,26.3,20.46
24023,14.9,16.16,21.74,16.4,19.12,21.22
24025,22.9,34.2,41.71,39.86,39.33,36.95
24027,13.1,17.99,18.88,16.63,15.03,12.34
24029,21.8,29.73,26.43,23.05,28.45,32.75
24031,8.8,12.58,12.53,9.78,12.4,14.44
24033,7.9,15.45,17.65,14.72,17.75,19.85
24035,20.9,26.99,25.92,32.24,31.45,29.6
24037,19.3,21.09,29.1,24.69,25.83,25.69
24039,21.5,30.45,27.01,27.38,27.22,25.77
24041,16.6,23.03,25.48,24.8,24.76,23.19
24043,35.6,41.67,35.49,47.74,50.25,52.6
24045,14.7,29.38,29.35,29.4,29.64,28.18
24047,30.7,35.66,32.24,31.44,29.14,25.31
24510,52.1,77.3,86.95,102.56,111.22,118.5
25001,30.5,38.16,34.97,36.58,37.49,36.52
25003,26.9,27.41,27.05,34.71,37.73,41.0
25005,30.3,43.96,46.14,42.62,47.5,49.79
25007,20.2,20.37,19.53,21.24,20.32,17.69
25009,28.5,36.26,39.83,35.86,36.46,35.74
25011,24.0,22.54,20.31,26.96,24.83,22.56
25013,24.0,29.63,27.41,44.21,45.12,45.5
25015,13.9,19.81,20.15,26.55,26.28,25.59
25017,20.4,26.56,23.76,22.35,21.02,17.97
25019,13.7,16.46,18.27,16.25,17.09,15.98
25021,22.3,31.41,25.44,25.85,22.04,16.4
25023,30.8,38.68,39.3,33.58,34.35,32.88
25025,24.1,32.15,32.95,29.49,29.89,28.53
25027,26.8,28.66,31.25,35.95,34.62,32.24
26001,12.5,13.74,15.05,13.58,14.99,16.43
26003,15.1,16.3,16.06,14.2,14.19,14.83
26005,10.8,14.36,14.72,11.43,13.25,15.29
26007,14.1,16.34,19.07,15.54,16.46,17.83
26009,17.5,15.85,17.17,15.84,15.64,15.91
26011,12.6,15.04,17.54,16.14,16.94,17.44
26013,13.0,17.33,17.54,16.92,15.7,14.5
26015,13.0,15.53,14.52,13.21,13.55,13.89
26017,21.9,26.27,25.23,24.48,26.17,26.88
26019,15.2,14.19,16.3,18.41,14.94,12.28
26021,19.6,21.61,18.34,17.32,17.02,16.38
26023,14.7,15.88,17.33,16.68,15.91,14.24
26025,32.3,34.3,34.15,36.69,30.65,23.95
26027,12.5,15.46,15.64,14.47,17.19,18.87
26029,10.4,11.0,14.37,12.65,14.02,15.55
26031,15.5,16.37,17.46,17.34,17.82,19.07
26033,13.1,15.83,15.28,15.44,15.28,14.9
26035,23.8,28.0,28.8,26.2,28.78,32.08
26037,10.7,12.16,14.24,12.52,12.44,11.81
26039,22.3,25.15,30.72,29.51,27.45,25.61
26041,6.6,8.7,8.21,11.31,8.86,7.69
26043,17.3,17.7,22.72,25.23,19.6,14.07
26045,17.9,18.75,17.36,21.23,15.48,9.63
26047,12.4,12.13,15.11,12.4,13.45,14.92
26049,16.1,29.04,37.64,49.11,42.68,34.97
26051,19.9,22.23,24.09,18.55,19.83,21.54
26053,12.1,13.57,12.95,11.93,12.16,12.94
26055,14.6,18.16,20.26,13.7,14.33,15.64
26057,10.1,9.53,10.78,11.18,10.94,10.22
26059,11.1,17.92,15.75,15.4,15.12,13.62
26061,6.6,10.05,9.91,8.92,8.34,7.88
26063,13.3,16.34,20.25,15.5,14.91,13.28
26065,21.7,24.27,25.43,29.91,29.86,29.11
26067,12.7,17.17,17.85,15.17,15.57,15.61
26069,21.0,26.11,22.5,22.23,24.95,28.09
26071,15.2,20.88,17.98,15.08,15.86,16.78
26073,14.3,16.36,14.41,13.87,13.49,12.26
26075,10.1,9.44,9.36,9.07,10.32,10.02
26077,12.2,21.01,20.74,18.96,17.56,15.83
26079,12.1,14.21,17.84,14.63,15.47,16.6
26081,15.7,13.52,18.73,14.41,15.45,16.67
26083,10.6,12.27,13.67,12.47,12.65,14.02
26085,12.5,13.88,15.59,14.05,14.72,15.94
26087,13.7,16.65,21.67,19.62,18.23,15.77
26089,8.9,9.57,10.77,9.44,9.3,10.04
26091,21.7,19.54,15.73,21.54,21.26,19.14
26093,14.9,18.07,21.81,17.65,19.6,19.53
26095,12.1,13.85,13.87,13.34,14.45,15.9
26097,10.7,12.76,12.42,12.42,12.26,12.31
26099,28.9,36.47,43.87,38.57,31.95,23.4
26101,24.9,26.97,29.08,27.95,26.16,24.61
26103,18.4,22.01,15.61,16.67,15.87,15.56
26105,16.4,15.29,20.5,18.44,17.33,16.62
26107,9.3,11.14,11.63,9.43,9.56,10.49
26109,12.5,13.3,15.54,13.22,13.83,14.96
26111,11.9,14.38,13.77,13.3,15.66,17.43
26113,14.6,15.08,16.36,14.48,14.85,15.59
26115,29.3,34.97,36.61,32.19,28.59,23.38
26117,17.7,14.79,19.18,18.85,13.84,8.94
26119,12.5,15.12,16.61,15.16,14.83,14.46
26121,22.5,21.82,24.34,26.52,28.93,32.01
26123,13.6,13.14,18.88,13.84,12.59,12.09
26125,10.0,12.18,15.14,14.39,12.53,8.55
26127,15.5,16.19,20.14,15.59,16.92,18.93
26129,22.9,23.66,27.92,26.78,28.76,30.41
26131,14.7,15.81,17.58,17.08,18.53,20.41
26133,13.2,14.09,19.34,14.66,15.55,17.08
26135,17.9,20.4,26.64,22.58,23.62,24.65
26137,16.0,21.74,26.14,25.28,18.2,10.82
26139,11.2,13.24,15.97,11.85,12.99,14.31
26141,15.0,15.38,16.99,16.15,17.57,19.32
26143,19.7,26.59,31.51,28.37,26.66,24.89
26145,18.0,20.56,24.64,22.24,20.98,18.94
26147,26.6,41.84,41.09,34.75,34.45,32.15
26149,11.3,14.07,14.86,15.3,12.75,8.91
26151,13.2,17.75,19.34,16.07,15.9,14.17
26153,14.0,16.71,17.11,18.32,19.81,22.24
26155,16.7,17.49,26.06,24.25,21.12,16.7
26157,13.3,13.99,16.86,16.11,16.33,14.91
26159,17.9,18.15,26.81,20.92,22.82,24.38
26161,16.4,18.72,19.44,20.75,18.55,14.34
26163,32.4,37.94,42.43,43.05,42.35,39.49
26165,18.4,18.67,23.66,19.09,22.93,27.38
27001,16.8,18.81,21.88,18.46,18.77,18.91
27003,10.5,11.21,13.02,13.28,13.01,13.88
27005,8.8,9.19,9.19,8.08,9.53,11.56
27007,11.4,13.17,14.95,15.75,18.84,22.4
27009,11.1,13.0,11.59,10.62,11.02,12.31
27011,6.9,7.88,7.95,7.66,7.82,8.81
27013,5.2,6.82,6.4,5.85,7.41,10.81
27015,4.9,5.78,6.07,5.71,5.82,8.74
27017,15.6,15.89,16.03,15.58,16.65,17.55
27019,6.4,6.8,6.42,6.29,7.74,10.87
27021,20.1,22.1,25.87,24.63,21.46,18.55
27023,5.2,5.9,6.72,6.58,6.3,7.38
27025,9.7,9.88,11.39,11.38,9.52,8.58
27027,15.1,14.28,13.32,11.4,10.4,9.25
27029,11.5,14.68,15.14,13.62,14.51,16.0
27031,10.2,10.95,12.34,11.9,11.49,12.08
27033,4.8,5.43,5.89,5.58,6.64,10.22
27035,11.5,14.61,12.36,12.07,11.84,11.4
27037,9.6,10.29,10.06,7.76,10.71,15.41
27039,6.8,7.38,7.99,8.67,9.16,10.85
27041,5.2,5.92,6.97,6.11,7.1,10.33
27043,5.7,5.58,5.81,5.51,6.12,8.43
27045,5.4,6.81,7.09,7.84,7.41,8.6
27047,5.8,6.95,7.92,6.48,7.69,10.32
27049,7.8,8.8,10.09,10.13,12.48,16.92
27051,5.3,5.71,6.03,5.73,6.26,8.84
27053,12.7,15.62,17.34,14.45,17.93,23.12
27055,8.2,9.16,10.99,9.1,10.06,11.99
27057,9.4,11.31,11.65,11.96,12.34,12.94
27059,9.1,12.15,10.87,11.1,11.52,12.92
27061,12.1,13.34,13.53,12.84,17.74,22.56
27063,4.2,5.32,5.29,4.95,5.12,7.55
27065,8.9,9.9,10.98,10.47,11.87,13.7
27067,7.8,6.35,8.19,7.63,6.52,6.79
27069,6.4,7.7,8.4,7.51,7.85,7.68
27071,7.8,9.94,9.62,9.63,10.09,10.94
27073,5.0,6.36,6.33,5.97,6.44,8.11
27075,7.1,8.04,8.72,10.16,9.36,9.52
27077,10.1,11.53,13.14,11.92,12.27,12.14
27079,4.9,5.98,5.82,5.31,5.92,8.47
27081,5.4,6.13,6.6,6.43,6.61,8.46
27083,5.9,5.76,5.76,5.4,6.71,10.18
27085,5.0,5.62,6.86,7.49,6.89,7.74
27087,19.6,25.79,31.05,29.0,26.76,25.31
27089,7.3,7.52,7.9,7.63,8.97,9.88
27091,4.4,4.72,5.14,5.65,5.18,6.58
27093,6.4,7.92,8.32,8.36,8.9,10.76
27095,15.8,20.72,24.87,19.76,23.65,27.91
27097,12.1,13.5,12.93,15.12,14.25,13.96
27099,11.7,10.07,13.08,10.61,12.09,14.23
27101,5.6,5.77,6.42,5.88,6.36,8.6
27103,5.3,5.56,6.5,5.91,6.05,8.37
27105,4.3,5.47,6.5,6.04,5.87,6.87
27107,6.8,8.88,8.57,7.94,8.49,9.59
27109,7.8,10.19,10.43,10.7,11.11,13.04
27111,6.7,7.46,8.19,7.96,7.93,9.54
27113,10.3,12.81,13.85,15.47,13.58,11.17
27115,11.2,12.52,14.47,13.54,12.66,12.59
27117,3.8,4.43,4.73,4.75,4.7,6.15
27119,12.5,12.75,12.73,12.22,14.82,16.6
27121,6.8,7.69,8.26,7.99,8.2,10.17
27123,15.1,16.67,19.13,15.34,18.08,22.55
27125,8.2,9.58,10.2,9.71,9.89,9.56
27127,7.9,8.29,10.01,8.71,8.14,9.47
27129,7.7,7.34,7.92,7.88,8.11,10.09
27131,6.2,7.83,9.37,8.17,9.76,13.43
27133,5.5,7.22,6.85,6.81,6.7,7.94
27135,6.9,7.46,8.37,7.63,8.71,9.25
27137,15.4,17.88,18.23,15.01,19.32,24.14
27139,5.1,7.95,8.93,7.63,9.45,12.86
27141,9.0,11.4,11.26,11.0,11.62,13.58
27143,6.8,6.88,7.35,7.04,6.82,9.01
27145,10.3,11.63,11.5,10.0,10.13,11.29
27147,6.0,6.71,8.0,7.57,7.39,8.6
27149,5.2,6.51,6.36,6.05,6.19,7.93
27151,5.4,6.17,6.37,6.7,6.22,6.55
27153,6.2,6.71,8.22,6.95,8.01,10.28
27155,7.6,7.75,8.12,8.33,8.24,9.5
27157,7.4,8.92,9.54,10.15,10.51,12.68
27159,8.3,10.51,11.94,10.89,11.04,12.19
27161,6.7,8.37,9.06,8.33,8.95,11.53
27163,7.9,9.77,11.04,9.53,13.25,18.42
27165,4.6,5.1,5.84,5.42,5.61,8.38
27167,5.9,6.64,7.18,6.8,7.45,9.51
27169,9.2,9.57,12.02,13.0,12.38,12.98
27171,5.3,6.44,7.31,7.71,8.55,10.26
27173,6.0,6.78,6.96,6.88,6.86,8.93
28001,9.2,11.28,12.73,11.61,11.45,9.79
28003,14.4,18.03,15.99,15.96,15.82,15.23
28005,9.8,11.32,11.32,10.82,10.94,10.24
28007,6.7,7.62,7.79,6.88,7.58,7.48
28009,7.6,8.42,9.11,9.13,9.43,9.15
28011,4.8,5.86,6.14,5.91,5.91,5.73
28013,9.2,9.85,11.0,11.13,10.54,9.08
28015,7.0,7.92,8.44,8.6,9.0,9.14
28017,8.6,9.75,9.9,8.9,9.61,9.45
28019,7.1,8.6,9.11,8.69,9.06,8.58
28021,6.4,7.02,7.85,7.1,7.32,6.8
28023,13.5,13.02,12.99,11.95,11.98,11.7
28025,4.8,5.7,6.26,5.78,5.98,4.96
28027,13.2,14.03,14.95,14.98,14.33,14.22
28029,8.2,9.68,9.06,9.18,9.29,9.07
28031,12.3,15.1,17.19,18.49,19.16,19.59
28033,16.7,19.11,18.62,17.23,18.06,19.07
28035,9.9,10.32,11.92,13.11,13.23,13.61
28037,11.8,13.95,15.91,16.12,15.33,13.64
28039,20.6,18.3,19.3,19.74,18.81,17.77
28041,7.5,8.36,8.6,8.3,8.38,7.79
28043,8.1,9.16,9.73,9.85,10.24,10.34
28045,27.1,34.35,40.86,31.41,42.66,53.63
28047,16.2,19.1,23.65,17.58,21.88,26.01
28049,6.7,8.1,10.48,8.75,9.79,10.02
28051,5.5,6.02,6.42,6.38,7.05,7.18
28053,5.0,5.82,6.35,6.13,6.11,6.06
28055,6.8,7.71,8.58,7.82,8.3,8.86
28057,13.8,15.38,15.0,13.94,15.5,16.62
28059,20.8,22.08,20.71,17.46,23.59,29.5
28061,7.3,8.26,8.58,8.12,8.68,9.17
28063,6.3,7.27,7.85,7.69,7.99,7.41
28065,9.1,10.36,10.9,10.58,11.49,11.98
28067,8.9,10.59,13.93,14.12,11.02,8.06
28069,5.8,6.11,7.16,6.48,6.55,5.31
28071,7.5,7.25,8.42,8.72,9.8,10.11
28073,14.9,13.52,13.29,13.45,13.71,14.23
28075,8.6,8.33,8.77,10.19,8.34,6.59
28077,12.2,13.51,15.19,13.01,13.83,14.34
28079,7.0,8.64,9.05,8.17,8.73,8.81
28081,10.1,12.9,13.41,10.96,12.98,14.7
28083,7.5,7.72,7.62,7.0,7.53,7.87
28085,10.1,10.74,10.8,9.46,12.45,14.7
28087,9.5,9.22,10.0,10.11,10.26,9.46
28089,6.6,7.08,6.89,6.83,8.29,9.18
28091,27.3,25.55,27.66,28.04,28.5,28.43
28093,9.1,8.51,9.54,8.25,11.42,14.42
28095,8.6,9.22,8.88,8.6,9.99,10.63
28097,10.2,12.13,12.41,11.99,12.91,13.34
28099,12.7,11.32,13.74,11.5,11.44,10.56
28101,9.4,9.89,9.77,10.14,9.49,8.74
28103,4.6,5.42,5.64,5.44,5.66,5.21
28105,3.6,4.0,4.08,3.74,3.95,3.51
28107,11.8,12.9,16.12,13.54,13.82,13.82
28109,34.9,30.26,37.68,29.8,33.87,37.96
28111,13.0,14.6,14.92,14.41,16.12,18.05
28113,10.2,10.47,11.4,11.46,13.26,14.59
28115,14.9,16.41,18.58,16.3,16.43,15.43
28117,11.6,13.1,15.38,13.04,17.1,20.65
28119,13.1,13.21,14.91,13.68,14.64,15.8
28121,11.5,18.09,13.81,14.11,14.97,15.16
28123,8.4,8.44,8.84,9.14,9.11,8.77
28125,6.3,6.85,7.29,6.79,7.06,7.52
28127,11.7,14.53,15.16,14.3,16.03,16.73
28129,11.9,13.49,14.3,15.26,18.97,22.52
28131,16.4,20.79,19.29,19.12,22.43,25.91
28133,5.2,7.25,6.78,6.19,7.29,8.39
28135,8.6,9.24,9.49,8.87,10.74,12.39
28137,19.7,19.99,17.99,22.01,21.92,21.54
28139,8.9,9.23,8.47,7.72,8.42,8.8
28141,23.3,23.66,24.45,23.96,28.95,33.7
28143,9.2,9.82,11.13,11.36,11.61,12.21
28145,6.4,7.66,7.97,8.38,8.69,7.76
28147,17.2,15.52,16.89,16.2,19.76,23.46
28149,8.3,9.64,9.97,9.46,9.71,9.45
28151,5.4,7.58,6.69,6.24,6.42,6.64
28153,14.0,14.82,14.44,13.67,15.19,16.46
28155,9.6,11.42,11.21,10.61,12.04,12.09
28157,10.5,10.85,13.3,12.39,11.45,9.57
28159,8.9,10.87,11.45,10.36,10.58,10.34
28161,9.8,10.42,11.86,11.94,11.82,11.06
28163,8.1,9.95,10.76,9.44,9.58,9.7
29001,13.1,14.63,14.23,11.92,12.34,13.22
29003,7.1,9.41,9.4,8.18,8.96,11.0
29005,6.4,7.22,8.04,7.06,7.26,8.83
29007,10.2,11.97,11.64,12.4,12.45,11.71
29009,13.6,13.8,14.37,12.84,13.26,13.62
29011,12.4,14.87,16.8,14.03,15.11,15.95
29013,18.3,25.44,25.66,28.03,26.6,24.82
29015,18.4,18.83,20.16,23.53,19.82,15.45
29017,11.2,12.37,14.87,12.95,13.21,12.8
29019,12.8,13.0,13.31,18.12,16.66,14.64
29021,10.9,13.06,13.57,15.44,16.69,19.35
29023,20.7,23.05,26.86,33.08,26.29,18.87
29025,12.6,15.72,16.81,15.58,15.86,17.4
29027,16.4,17.86,17.83,19.79,18.06,15.46
29029,19.0,21.42,20.32,21.03,20.65,19.56
29031,12.9,18.07,14.5,20.56,20.46,20.37
29033,11.3,13.56,13.87,14.6,14.54,14.96
29035,17.1,19.43,20.77,19.05,21.09,23.27
29037,12.9,13.85,15.08,16.56,15.27,13.79
29039,14.0,18.3,17.33,16.04,19.11,22.15
29041,8.8,10.11,10.77,10.36,10.7,11.45
29043,13.4,14.71,18.21,17.29,15.26,12.69
29045,9.8,10.71,10.38,10.3,10.29,9.54
29047,15.7,17.82,13.71,13.83,15.61,18.41
29049,18.0,17.85,16.57,14.6,14.58,16.03
29051,12.7,15.09,13.46,14.28,13.91,12.97
29053,7.2,8.3,8.64,9.02,8.98,8.58
29055,30.6,29.07,29.05,26.5,34.41,42.05
29057,13.9,16.77,17.84,16.82,18.71,20.78
29059,13.9,16.25,18.9,18.73,19.27,19.77
29061,8.3,10.17,11.18,9.93,10.06,11.52
29063,7.9,9.49,9.6,9.9,9.71,10.82
29065,25.6,29.74,36.08,30.9,39.55,47.79
29067,8.3,9.35,11.0,10.15,10.45,10.85
29069,20.8,18.61,24.21,22.97,20.69,17.86
29071,24.2,36.1,30.33,37.42,40.14,43.06
29073,23.3,23.86,24.67,25.64,26.94,28.34
29075,8.9,11.37,12.94,10.7,11.28,13.67
29077,30.7,28.95,28.28,26.35,27.62,28.41
29079,11.8,13.94,12.36,12.82,12.1,12.6
29081,9.9,12.46,12.16,11.45,12.49,14.94
29083,11.8,13.36,13.37,13.68,12.96,12.25
29085,18.9,22.36,22.78,20.94,22.02,22.99
29087,6.7,7.75,8.26,7.74,8.15,9.78
29089,6.6,7.89,8.13,8.27,8.59,8.7
29091,13.8,16.43,18.2,16.99,17.54,17.98
29093,24.5,28.38,33.82,28.73,30.54,32.56
29095,18.6,17.75,17.79,19.7,20.14,21.72
29097,9.5,12.96,14.64,13.58,13.75,13.55
29099,29.0,41.64,39.37,48.17,44.66,40.21
29101,6.2,7.97,7.43,7.92,7.86,7.73
29103,9.3,11.2,11.34,10.86,11.7,12.57
29105,12.1,12.88,11.95,17.28,17.51,17.37
29107,10.9,11.89,12.56,12.96,12.74,12.88
29109,18.2,17.83,18.99,15.86,17.12,17.82
29111,10.5,13.12,12.17,13.59,12.12,9.62
29113,22.9,26.5,25.36,30.82,31.7,32.23
29115,7.9,9.41,10.06,10.29,9.72,9.41
29117,18.5,18.14,16.34,16.88,18.97,22.34
29119,12.5,13.39,15.25,13.23,15.42,17.4
29121,8.2,9.24,9.92,9.0,9.26,9.57
29123,24.2,24.76,28.48,26.33,25.92,25.0
29125,18.9,22.43,25.49,26.87,23.28,19.15
29127,17.9,21.08,20.2,19.48,22.76,24.56
29129,8.0,9.27,9.75,9.27,9.65,11.26
29131,10.9,11.94,14.5,14.76,15.47,15.72
29133,12.0,14.29,14.51,14.58,12.97,10.81
29135,6.0,6.86,7.15,7.89,7.05,6.2
29137,10.7,11.46,12.2,11.89,13.35,14.79
29139,20.7,22.9,20.54,20.87,23.56,25.51
29141,9.1,11.79,12.18,12.59,10.71,8.85
29143,15.5,18.69,19.7,22.6,16.57,9.73
29145,13.2,12.95,15.47,17.07,14.49,12.09
29147,4.6,5.36,6.32,5.63,5.6,6.89
29149,11.7,13.9,13.08,12.47,12.67,13.18
29151,10.3,11.75,13.03,14.85,12.5,9.7
29153,16.1,16.42,18.54,18.25,17.25,16.28
29155,19.4,20.59,22.0,20.25,23.42,26.0
29157,12.2,18.26,18.12,17.07,18.29,19.15
29159,10.3,14.15,12.01,13.88,12.55,11.23
29161,17.9,23.24,29.86,25.07,36.95,48.15
29163,13.3,13.68,14.76,15.88,20.01,23.4
29165,11.6,12.38,12.31,12.3,13.43,15.74
29167,17.7,23.61,24.49,21.06,22.87,25.01
29169,23.7,28.12,25.1,25.89,36.0,45.2
29171,8.5,9.66,10.56,10.13,10.86,12.97
29173,10.2,11.69,12.87,12.09,13.42,13.62
29175,10.2,10.37,10.91,11.12,13.58,16.39
29177,10.3,16.05,15.3,14.25,14.36,15.34
29179,21.3,21.77,25.79,23.11,24.14,25.17
29181,15.7,19.27,19.17,18.54,16.98,14.89
29183,17.0,21.53,23.28,27.96,25.03,21.39
29185,8.2,9.72,10.46,9.74,9.88,9.97
29186,20.2,21.95,25.2,26.74,27.32,27.76
29187,31.1,35.06,33.4,34.57,38.24,42.07
29189,16.8,27.6,29.74,35.24,33.94,32.23
29195,10.3,13.47,15.09,13.09,13.43,14.1
29197,8.0,9.26,9.32,9.2,9.34,9.46
29199,8.0,9.15,9.72,9.32,10.05,10.82
29201,19.2,20.43,19.65,17.53,19.26,20.6
29203,13.5,13.9,14.74,13.75,15.24,17.12
29205,11.1,11.99,13.39,13.59,12.93,12.08
29207,14.7,14.43,15.76,19.13,14.9,10.35
29209,15.8,21.9,19.74,20.68,19.78,18.47
29211,9.6,10.98,12.24,12.55,12.37,13.09
29213,12.1,17.29,24.14,19.18,18.17,17.41
29215,14.0,17.04,16.86,15.91,18.5,20.45
29217,12.4,14.22,17.84,16.85,18.96,20.8
29219,26.5,24.01,27.46,35.42,28.71,21.74
29221,30.5,28.15,32.39,31.5,32.37,33.58
29223,21.5,23.93,24.76,24.7,22.87,20.48
29225,23.4,18.32,22.81,22.59,25.37,27.64
29227,7.9,9.1,10.31,9.24,9.58,11.59
29229,9.7,11.34,13.05,12.03,13.62,15.23
29510,33.9,57.39,65.41,70.57,76.45,81.82
30001,11.6,11.81,12.29,12.55,12.29,11.71
30003,10.5,13.1,12.15,12.07,14.65,17.4
30005,9.4,11.95,11.57,11.68,12.66,13.6
30007,8.9,10.06,10.85,10.32,11.22,12.06
30009,15.5,14.78,15.64,15.81,14.69,14.1
30011,7.8,8.98,9.67,9.17,9.5,9.75
30013,13.7,12.51,15.14,12.96,17.62,22.04
30015,10.4,11.09,11.94,12.06,11.87,11.6
30017,11.5,12.96,13.88,12.68,12.98,13.87
30019,12.8,15.5,15.75,15.08,15.46,15.51
30021,7.6,8.64,9.79,8.96,9.13,8.82
30023,23.7,27.9,28.36,24.77,27.64,30.09
30025,7.0,7.93,8.46,8.17,8.35,9.06
30027,11.2,13.26,14.29,13.07,13.31,13.82
30029,13.2,16.81,16.55,13.1,14.6,14.7
30031,7.2,6.77,8.9,8.92,9.61,10.96
30033,7.4,8.4,9.09,8.62,8.89,9.41
30035,16.3,16.46,18.24,19.44,20.22,19.0
30037,9.6,10.86,11.79,11.33,11.59,13.06
30039,11.7,14.16,14.58,13.56,14.11,14.31
30041,15.3,15.49,15.52,16.52,16.19,15.56
30043,12.9,13.78,16.04,16.38,16.33,15.8
30045,8.9,10.11,10.91,10.37,10.77,10.98
30047,21.7,20.14,22.61,18.64,22.03,24.71
30049,14.7,14.31,14.99,12.77,13.97,14.16
30051,9.3,10.6,11.33,10.93,11.17,11.18
30053,13.3,14.82,15.73,13.58,16.98,18.49
30055,8.4,9.58,10.34,9.84,10.07,10.17
30057,11.0,13.84,13.38,14.35,13.99,13.38
30059,9.4,10.62,11.63,10.97,11.46,12.35
30061,20.6,23.12,25.05,22.78,23.21,22.52
30063,15.1,14.27,13.38,16.17,14.89,12.01
30065,9.9,11.18,11.49,11.47,11.3,12.31
30067,17.2,18.17,19.37,20.55,18.32,16.44
30069,8.2,9.38,10.15,9.69,9.98,10.81
30071,6.7,7.8,8.24,7.95,8.11,8.2
30073,10.5,11.39,11.98,12.11,11.96,10.16
30075,9.0,10.26,11.08,10.47,10.87,12.34
30077,18.8,21.25,26.36,23.31,25.13,26.18
30079,8.6,9.82,10.53,10.01,10.4,10.68
30081,11.8,13.51,14.91,14.0,12.9,10.92
30083,13.1,14.07,15.87,15.27,15.63,15.92
30085,15.3,16.36,18.3,18.59,18.27,17.36
30087,7.7,8.8,9.4,8.96,9.27,9.78
30089,12.5,13.41,15.17,13.44,14.65,14.35
30091,12.0,14.49,14.91,14.92,14.59,13.59
30093,20.7,23.57,19.91,20.86,22.42,23.38
30095,9.2,9.7,10.99,10.82,10.34,10.74
30097,10.6,12.58,12.42,12.42,11.92,11.91
30099,11.1,14.73,14.6,13.04,13.44,13.07
30101,10.4,13.18,12.87,12.21,13.26,12.49
30103,9.5,10.88,11.65,11.23,11.54,12.73
30105,7.3,8.35,8.91,9.05,9.31,8.73
30107,10.2,11.74,12.57,12.74,13.14,13.82
30109,8.4,10.17,10.42,9.95,10.15,10.54
30111,17.1,15.12,16.87,17.73,19.86,23.03
31001,5.4,5.05,5.72,5.29,5.44,6.53
31003,3.6,4.07,4.38,4.22,4.37,6.49
31005,6.3,7.2,7.75,7.39,7.58,10.03
31007,9.0,10.15,11.17,10.75,10.78,12.17
31009,5.0,5.69,6.1,5.83,6.0,7.45
31011,4.6,4.99,5.33,5.02,5.2,6.4
31013,8.6,10.24,11.07,10.1,10.27,12.68
31015,4.7,5.25,5.68,5.47,5.61,7.66
31017,5.1,5.89,6.29,6.01,6.22,7.48
31019,5.8,6.17,8.29,6.52,7.72,9.52
31021,6.9,7.44,7.92,7.18,7.5,8.2
31023,4.3,4.69,5.14,5.01,4.75,5.23
31025,8.6,7.73,8.12,8.35,9.46,11.46
31027,4.5,5.12,5.5,4.89,5.35,6.25
31029,5.3,6.16,6.61,6.31,6.55,7.59
31031,5.3,6.0,6.56,6.51,6.42,7.78
31033,10.0,10.38,11.4,9.94,10.14,11.24
31035,3.9,4.53,4.82,4.75,4.77,5.57
31037,3.9,5.06,4.99,4.57,5.03,6.07
31039,5.1,5.51,5.82,5.57,6.07,6.83
31041,5.0,5.93,6.16,6.45,6.45,7.49
31043,4.4,5.29,5.46,5.07,5.49,6.21
31045,9.3,11.23,10.84,10.34,11.11,14.22
31047,4.2,4.57,5.23,4.57,5.29,7.22
31049,7.7,8.79,9.48,9.09,9.28,10.62
31051,4.0,4.62,4.9,4.46,4.82,5.43
31053,5.0,7.08,7.14,6.28,7.2,8.67
31055,8.7,8.83,10.74,9.21,10.32,12.65
31057,6.6,7.51,8.09,7.71,8.41,9.78
31059,4.8,5.2,5.64,5.19,5.44,6.58
31061,6.2,7.39,7.63,7.59,7.6,8.31
31063,4.9,5.63,6.09,5.71,5.86,7.29
31065,6.3,7.23,9.18,7.63,7.64,8.79
31067,6.6,7.07,7.18,7.21,7.82,8.43
31069,7.7,8.25,8.87,8.5,8.72,10.27
31071,6.5,7.39,8.82,8.16,7.93,9.51
31073,4.6,5.25,5.83,5.26,5.63,7.27
31075,5.8,6.56,7.2,6.87,6.98,9.73
31077,5.4,6.1,6.61,6.28,6.49,7.89
31079,4.2,5.56,5.62,5.11,5.9,7.46
31081,3.9,4.5,5.12,4.49,4.77,5.12
31083,6.0,6.55,7.02,6.5,6.72,7.78
31085,6.5,7.47,8.13,7.69,7.88,9.07
31087,7.7,8.75,9.51,8.99,9.25,10.8
31089,4.6,4.44,4.63,4.39,4.54,6.62
31091,5.4,6.1,6.64,6.28,6.47,7.8
31093,5.4,6.21,6.68,6.41,6.64,7.39
31095,5.2,5.83,6.63,6.06,6.23,6.8
31097,7.0,7.83,8.59,8.18,8.95,9.83
31099,5.7,6.52,7.45,6.99,6.98,7.66
31101,7.5,8.97,9.31,9.32,9.64,11.32
31103,5.7,6.56,7.0,6.7,6.93,7.98
31105,11.1,11.91,13.48,12.41,12.65,13.94
31107,4.0,4.64,5.08,4.74,4.88,6.25
31109,7.5,7.72,7.84,9.05,9.49,9.96
31111,6.5,6.62,7.67,8.32,7.76,8.99
31113,5.1,5.85,6.33,6.04,6.2,7.33
31115,5.1,5.83,6.36,5.99,6.1,8.26
31117,5.7,6.53,7.11,6.71,6.89,8.7
31119,4.1,5.7,5.7,4.88,6.01,7.68
31121,8.0,8.51,9.1,9.59,9.15,9.34
31123,7.9,8.96,9.68,9.35,9.98,12.12
31125,5.2,5.86,6.43,6.14,6.16,7.01
31127,9.5,9.66,10.85,9.92,10.56,11.83
31129,4.8,5.6,6.05,5.77,5.98,6.97
31131,6.5,6.49,7.05,7.08,7.33,8.56
31133,6.9,7.89,8.56,8.18,8.42,8.58
31135,7.2,8.24,8.75,8.47,8.71,9.98
31137,5.4,6.5,7.91,6.5,6.64,7.55
31139,3.8,4.45,4.71,4.66,4.7,5.55
31141,4.1,4.92,5.79,6.17,5.38,5.27
31143,4.8,5.41,5.86,5.58,5.57,6.75
31145,7.5,8.88,10.2,9.82,9.16,10.14
31147,9.1,9.74,10.53,10.38,10.54,10.72
31149,5.0,5.74,6.22,5.9,6.12,7.34
31151,4.3,5.1,5.26,5.03,5.52,6.22
31153,5.6,7.42,7.34,8.06,9.1,11.1
31155,4.7,5.33,5.71,5.44,5.44,5.45
31157,8.3,8.41,8.93,11.76,9.28,8.2
31159,5.5,5.66,6.29,6.36,6.27,6.33
31161,6.4,7.27,8.27,7.55,7.69,9.87
31163,4.7,5.36,5.78,5.5,5.66,7.1
31165,8.5,9.69,10.42,10.13,10.21,12.22
31167,4.5,5.18,5.8,5.33,5.46,6.38
31169,4.9,5.26,5.97,5.41,5.51,6.31
31171,5.1,5.81,6.3,6.02,6.23,7.37
31173,6.1,7.28,7.85,7.11,7.77,8.38
31175,5.3,6.05,6.53,6.19,6.82,8.7
31177,4.0,4.63,4.95,4.75,5.14,6.34
31179,3.6,4.32,4.43,4.22,4.35,4.88
31181,5.6,7.11,7.03,6.59,7.53,9.07
31183,4.9,5.55,6.06,5.83,5.97,7.74
31185,6.4,7.63,9.07,7.34,7.57,8.1
32001,27.8,27.02,29.49,31.7,28.99,26.16
32003,21.0,22.5,21.59,22.2,19.63,17.44
32005,19.8,22.86,22.46,20.23,20.81,21.42
32007,13.4,13.07,14.83,14.84,12.39,11.21
32009,15.7,18.06,19.19,18.68,18.62,18.67
32011,15.2,17.3,18.6,17.82,18.21,19.3
32013,14.4,17.06,18.18,19.38,20.83,22.32
32015,21.4,25.55,26.1,26.45,24.27,22.67
32017,17.1,24.35,21.12,21.04,20.39,21.08
32019,19.2,21.53,28.26,26.51,29.23,31.03
32021,26.6,29.98,30.36,30.77,29.85,28.88
32023,35.0,37.2,38.19,41.46,31.81,21.73
32027,19.3,20.68,23.36,22.53,20.58,18.65
32029,24.8,23.68,25.86,24.95,26.22,26.49
32031,21.4,24.18,27.8,24.25,27.55,29.72
32033,24.8,29.3,33.03,27.31,30.87,34.27
32510,38.1,29.58,34.21,31.45,27.89,24.01
33001,29.9,30.35,36.7,39.75,33.35,26.81
33003,26.2,28.09,29.71,25.05,25.46,25.53
33005,15.5,23.85,26.91,34.08,25.02,15.15
33007,28.0,26.26,29.37,25.1,23.14,22.21
33009,15.7,15.98,19.94,16.09,18.21,20.61
33011,38.6,45.67,42.78,38.47,34.13,28.92
33013,22.1,24.65,25.32,30.31,25.57,20.24
33015,29.6,32.48,30.55,27.37,26.4,24.71
33017,30.0,36.3,37.82,34.55,37.32,39.3
33019,17.1,21.12,16.99,20.18,18.13,16.24
34001,24.1,36.03,48.46,53.82,54.82,54.14
34003,10.0,12.94,15.4,16.91,16.36,14.35
34005,20.3,25.17,36.83,39.33,36.78,31.75
34007,30.6,37.61,54.2,56.8,56.76,55.07
34009,25.6,33.0,47.6,47.89,48.67,47.99
34011,18.9,31.79,46.09,59.67,51.62,42.04
34013,14.7,23.81,32.17,33.97,37.67,40.27
34015,26.2,34.22,47.23,52.59,53.86,53.3
34017,12.6,15.71,19.23,21.11,22.38,22.46
34019,11.7,15.07,17.93,13.53,12.5,10.09
34021,15.8,17.16,25.15,30.56,26.24,20.16
34023,12.0,19.9,24.93,23.41,24.45,23.72
34025,18.3,24.73,29.53,33.46,28.16,21.18
34027,9.9,15.34,20.08,18.43,19.53,19.04
34029,24.5,37.7,36.79,39.09,33.64,26.82
34031,13.1,17.87,21.68,26.05,25.02,22.9
34033,28.7,31.28,34.19,54.49,53.91,51.39
34035,10.4,14.79,18.9,15.0,15.77,14.87
34037,19.2,25.01,24.91,26.51,29.52,31.04
34039,11.9,15.43,20.58,23.27,23.36,22.4
34041,18.5,24.05,30.55,28.82,20.87,11.13
35001,30.2,29.12,27.57,28.79,35.42,43.45
35003,25.1,26.79,28.53,29.23,28.2,28.68
35005,20.1,23.92,31.84,24.3,26.4,31.01
35006,15.6,24.59,18.11,21.35,20.91,22.49
35007,25.1,35.29,33.23,33.5,28.57,24.01
35009,14.9,18.75,17.53,17.87,18.18,20.32
35011,18.4,21.18,24.01,21.42,22.53,25.87
35013,18.5,15.41,17.95,17.04,18.66,21.85
35015,28.7,22.79,27.89,33.16,31.53,31.87
35017,31.5,31.82,38.55,33.48,31.91,31.69
35019,32.3,38.53,39.03,33.54,37.98,44.56
35021,16.9,19.32,20.7,19.93,20.42,21.4
35023,19.4,24.43,25.45,25.35,24.84,26.22
35025,17.0,20.14,20.27,20.71,24.13,29.12
35027,24.4,42.86,33.83,31.68,36.54,43.16
35028,17.6,19.68,23.26,20.52,20.95,23.19
35029,14.9,18.1,20.58,22.81,20.37,19.53
35031,13.2,14.51,13.35,18.04,18.51,20.58
35033,24.8,28.41,29.66,30.57,29.43,29.57
35035,21.8,22.22,22.3,22.03,24.84,29.25
35037,27.8,25.43,26.66,25.56,26.32,28.22
35039,70.4,78.08,79.44,79.71,71.95,66.44
35041,15.1,16.28,17.02,15.06,19.21,25.8
35043,17.7,17.73,20.82,22.58,18.68,16.23
35045,15.2,17.08,20.17,18.55,22.98,28.67
35047,32.7,45.06,42.26,39.63,36.41,33.71
35049,32.0,32.58,27.14,28.1,34.39,41.62
35051,34.5,34.72,35.07,46.98,38.95,32.88
35053,24.9,26.72,26.79,31.06,30.4,31.63
35055,31.8,29.41,29.79,32.11,28.35,27.09
35057,30.1,33.54,39.93,39.24,35.63,33.18
35059,13.0,14.85,15.78,15.19,15.67,15.88
35061,21.7,28.45,37.72,35.52,35.4,36.5
36001,11.5,11.6,15.13,15.43,16.91,18.52
36003,7.3,8.88,9.92,10.91,10.11,7.29
36005,15.7,21.85,24.23,26.55,27.91,27.99
36007,18.2,31.17,30.72,21.93,22.02,20.08
36009,15.2,18.05,15.87,13.55,16.39,16.63
36011,17.6,19.15,22.56,18.93,15.86,11.57
36013,17.5,22.69,25.95,19.54,21.58,21.13
36015,16.1,21.62,26.14,21.78,30.33,37.25
36017,10.4,12.25,12.04,10.64,10.52,8.58
36019,11.0,12.39,15.76,12.06,9.83,7.53
36021,13.0,17.52,22.14,17.53,16.59,15.29
36023,14.3,15.14,18.61,13.78,17.94,20.13
36025,13.9,18.83,16.67,19.73,15.16,9.32
36027,21.0,22.36,28.22,29.59,24.64,18.6
36029,28.9,31.34,29.69,22.88,20.21,15.03
36031,12.3,13.2,11.69,11.71,10.73,9.32
36033,11.3,10.07,10.99,11.15,12.06,12.52
36035,10.4,12.05,12.14,13.22,12.24,10.96
36037,15.1,19.68,19.67,23.64,20.08,13.86
36039,18.7,22.21,24.13,24.61,19.26,13.98
36041,8.0,9.75,9.96,9.35,9.64,9.58
36043,9.5,12.18,12.06,11.9,11.98,11.6
36045,12.2,18.12,17.53,12.86,14.83,14.9
36047,9.6,13.3,14.49,12.61,13.19,12.33
36049,10.1,13.46,20.16,14.69,15.68,14.84
36051,9.9,13.0,13.98,18.87,14.77,8.78
36053,11.3,15.8,12.27,13.86,13.08,11.24
36055,13.6,17.11,25.14,28.79,28.62,26.67
36057,11.8,13.72,13.39,14.82,11.47,7.73
36059,14.6,16.06,16.95,14.01,14.85,14.49
36061,10.5,15.96,16.72,17.38,19.23,19.98
36063,21.9,22.7,21.71,21.53,21.42,19.82
36065,15.6,21.88,22.5,18.42,21.07,22.88
36067,19.7,28.88,21.61,20.85,25.65,29.21
36069,10.4,14.57,16.74,16.96,16.61,14.73
36071,18.2,20.89,24.35,29.26,22.92,16.02
36073,7.6,10.09,9.05,11.44,12.37,11.25
36075,18.0,20.16,19.49,17.09,24.23,30.28
36077,12.4,16.5,14.82,14.1,13.29,11.48
36079,16.1,19.66,25.91,22.04,17.28,10.96
36081,7.2,11.39,12.41,11.62,11.95,10.8
36083,11.5,10.04,12.5,13.02,14.27,15.55
36085,18.1,25.64,25.75,25.68,25.19,22.96
36087,10.6,12.84,13.09,12.27,14.19,15.14
36089,10.1,12.49,12.76,9.69,7.69,4.5
36091,9.0,7.91,8.89,10.83,8.68,6.93
36093,10.9,16.62,20.69,17.42,17.22,16.94
36095,8.0,10.26,10.2,10.29,9.58,8.68
36097,9.7,9.94,10.84,10.07,11.8,11.79
36099,11.8,11.77,11.99,13.87,12.5,9.2
36101,9.1,14.35,14.89,12.48,13.22,12.04
36103,18.4,24.78,30.94,26.7,22.45,16.69
36105,25.9,27.32,36.16,39.12,38.73,36.91
36107,12.7,15.48,16.42,13.61,14.3,13.04
36109,12.2,16.49,17.87,14.32,16.69,17.09
36111,17.5,27.41,28.17,31.49,22.08,12.02
36113,8.8,10.14,10.3,10.09,10.79,11.1
36115,6.5,7.81,9.72,9.75,9.07,8.59
36117,9.0,11.22,11.35,16.06,13.43,9.7
36119,11.4,14.68,14.94,15.99,12.83,8.35
36121,9.0,11.75,13.92,12.04,13.45,12.33
36123,9.1,10.49,13.1,11.04,11.27,9.67
37001,12.4,14.41,24.19,22.31,20.31,18.72
37003,27.9,25.38,22.82,21.2,18.62,15.72
37005,19.4,20.76,22.51,19.6,20.24,20.9
37007,13.3,14.35,16.23,17.4,16.81,16.04
37009,17.7,20.25,20.36,19.85,20.44,20.8
37011,21.0,24.15,21.7,23.26,21.35,19.77
37013,18.4,20.88,30.7,26.0,24.32,22.64
37015,11.0,14.34,15.19,13.19,14.07,14.57
37017,18.6,19.42,22.28,24.46,23.26,21.92
37019,26.1,31.74,36.46,25.35,25.02,24.82
37021,16.8,23.01,37.98,35.7,36.96,38.92
37023,36.8,33.0,32.45,26.96,32.82,38.98
37025,16.7,20.68,30.15,25.37,20.06,15.52
37027,31.7,30.95,25.99,24.88,24.73,24.46
37029,18.5,18.39,21.13,18.45,19.97,21.17
37031,28.4,29.77,30.63,32.35,30.34,28.27
37033,14.3,16.86,21.61,20.16,18.08,15.95
37035,18.4,24.69,25.55,21.05,20.87,20.28
37037,8.4,9.36,13.84,14.02,13.96,14.43
37039,25.9,31.78,34.26,32.12,37.21,41.7
37041,14.0,15.07,18.17,15.02,18.22,21.08
37043,22.0,29.44,30.77,28.05,31.41,34.27
37045,25.4,21.48,17.94,17.16,19.31,22.0
37047,18.3,26.86,25.21,22.08,20.67,19.45
37049,26.4,31.05,35.35,30.85,36.31,41.87
37051,16.3,18.48,28.69,25.51,26.93,28.73
37053,17.8,20.43,24.64,21.92,20.56,19.06
37055,22.2,23.36,34.56,35.28,36.03,36.96
37057,18.3,24.99,31.81,27.48,28.14,29.21
37059,16.3,28.13,24.13,21.42,19.76,18.85
37061,10.1,10.1,10.81,11.47,12.45,13.71
37063,9.4,11.34,15.23,15.8,13.39,11.22
37065,15.6,19.88,20.18,20.75,25.15,29.08
37067,18.5,21.87,23.05,25.31,24.53,24.26
37069,14.2,17.79,18.55,23.59,22.72,21.65
37071,21.7,30.0,26.78,22.79,19.45,16.47
37073,14.9,16.68,18.05,15.68,16.83,17.82
37075,27.3,28.17,29.79,26.73,29.04,30.32
37077,11.9,16.06,18.35,15.47,15.86,16.39
37079,10.9,13.03,14.45,13.19,15.21,17.56
37081,12.6,18.11,22.72,21.81,22.79,24.16
37083,18.7,19.16,16.24,21.53,23.22,24.93
37085,14.3,15.35,23.15,20.21,25.61,32.03
37087,23.3,25.35,31.14,31.12,35.69,40.22
37089,19.9,18.97,27.92,20.65,20.33,20.37
37091,10.1,12.51,14.17,14.17,16.15,17.72
37093,11.5,13.14,15.24,15.7,18.15,20.95
37095,17.3,21.79,25.47,21.88,26.13,29.65
37097,16.0,22.05,22.75,18.3,15.92,13.42
37099,19.5,29.83,30.83,31.11,27.25,22.92
37101,14.7,13.33,17.9,14.73,18.03,22.16
37103,19.4,24.24,27.77,21.71,24.41,27.36
37105,17.6,18.47,27.05,21.85,26.74,32.35
37107,15.6,14.76,22.75,15.01,20.75,27.28
37109,15.3,22.72,18.44,21.21,18.94,16.73
37111,20.6,30.88,30.67,24.32,27.92,32.01
37113,22.9,24.68,27.17,23.36,24.69,25.48
37115,21.3,18.87,21.68,18.19,23.12,28.57
37117,15.4,16.05,21.18,21.98,21.52,20.96
37119,10.7,15.69,18.38,17.77,16.66,15.76
37121,30.5,30.24,29.61,30.59,28.93,27.84
37123,12.6,12.07,17.57,15.78,15.07,15.18
37125,14.4,16.4,18.14,12.97,18.88,25.13
37127,15.6,21.23,17.63,22.97,18.89,14.2
37129,24.3,30.39,35.86,34.22,28.57,22.76
37131,10.4,11.7,13.49,14.63,13.04,11.12
37133,12.3,19.85,19.04,21.75,18.7,15.93
37135,9.5,12.28,12.7,14.99,11.54,8.58
37137,25.7,26.35,33.28,30.86,34.83,38.23
37139,14.6,17.58,20.74,20.55,25.83,30.92
37141,22.7,26.12,24.72,22.7,20.56,19.06
37143,16.2,16.79,17.06,16.4,18.58,20.19
37145,15.4,15.22,19.16,25.69,20.88,15.9
37147,12.0,15.51,25.0,19.75,23.56,27.66
37149,19.5,23.13,27.94,24.41,25.5,26.81
37151,24.1,25.79,35.36,30.59,35.4,40.52
37153,26.4,22.07,23.78,21.78,22.79,24.38
37155,14.8,16.58,19.26,20.92,36.95,53.01
37157,18.8,26.25,28.0,30.3,30.95,31.77
37159,26.8,31.24,45.25,32.97,32.9,33.32
37161,30.7,28.38,31.33,27.16,24.51,22.32
37163,15.9,19.52,19.53,21.42,18.69,16.15
37165,19.2,18.54,18.23,17.96,19.26,20.64
37167,22.5,20.94,30.53,32.48,29.0,26.05
37169,26.3,31.23,37.34,33.67,26.75,19.81
37171,20.4,23.69,28.13,32.74,27.09,21.54
37173,26.7,28.64,37.07,35.5,40.1,44.02
37175,19.8,24.15,26.5,20.9,23.79,27.46
37177,15.0,18.93,19.02,18.47,20.62,22.08
37179,11.2,12.02,14.44,14.31,13.12,12.33
37181,18.1,19.94,25.82,22.91,24.19,25.13
37183,8.8,11.94,14.12,12.35,11.49,10.49
37185,9.4,11.22,11.11,12.29,11.37,9.69
37187,10.0,12.11,12.8,11.49,13.41,14.98
37189,14.2,14.51,12.83,13.45,13.86,14.35
37191,12.0,15.76,18.02,19.17,24.38,29.81
37193,37.8,41.73,34.8,33.92,32.27,30.5
37195,11.8,15.51,16.44,15.32,19.85,24.57
37197,20.1,23.37,25.35,30.57,24.31,18.41
37199,27.0,28.7,29.3,29.6,26.51,23.42
38001,5.6,6.31,6.91,6.51,6.64,6.87
38003,5.2,5.92,6.3,6.68,6.3,5.04
38005,13.5,14.35,16.14,15.72,16.13,15.34
38007,7.1,8.12,8.61,8.27,8.69,9.07
38009,5.9,7.5,7.29,6.87,7.15,5.88
38011,6.0,6.81,7.27,7.01,7.29,6.89
38013,6.0,6.86,7.5,7.07,7.26,6.9
38015,6.9,7.62,7.93,7.01,7.21,7.97
38017,5.8,10.23,8.6,9.25,8.85,8.2
38019,6.1,6.87,7.5,7.12,7.34,6.5
38021,4.0,4.85,5.02,4.71,4.93,4.92
38023,7.6,8.76,9.41,8.84,9.18,8.82
38025,7.2,8.26,8.52,8.12,8.26,8.64
38027,4.9,5.65,6.1,5.69,5.92,5.04
38029,6.9,8.2,8.54,8.45,8.41,9.44
38031,3.7,4.28,4.62,4.38,4.52,4.02
38033,7.0,8.56,8.68,8.31,8.53,9.16
38035,7.5,9.26,9.16,9.1,8.48,7.41
38037,5.7,6.52,7.02,6.63,6.92,8.22
38039,4.3,5.0,5.26,5.09,5.25,4.8
38041,5.3,6.1,6.46,6.22,6.52,6.87
38043,4.6,5.22,5.65,5.42,5.61,5.32
38045,4.0,4.59,4.98,4.67,4.93,4.86
38047,4.2,4.83,5.22,4.96,5.08,5.17
38049,4.8,5.55,6.28,5.76,6.04,5.36
38051,4.6,5.24,5.62,5.4,5.5,6.53
38053,12.7,11.64,12.35,14.15,13.31,12.85
38055,7.1,7.47,8.55,7.48,8.06,8.04
38057,5.9,6.29,6.71,6.7,6.74,6.66
38059,5.9,7.7,7.96,8.23,8.65,9.93
38061,10.8,10.32,12.86,11.33,10.29,9.06
38063,5.8,7.03,7.32,6.92,7.37,8.03
38065,5.5,6.29,6.81,6.51,6.66,6.88
38067,6.9,7.84,7.97,7.92,8.26,7.76
38069,5.5,6.6,6.84,6.49,6.73,5.52
38071,7.4,7.64,8.51,8.58,8.92,8.13
38073,5.5,6.71,6.8,6.55,7.9,8.43
38075,5.6,6.76,7.0,6.66,7.0,6.13
38077,7.7,7.4,7.76,7.19,7.34,8.78
38079,8.9,9.51,10.04,9.68,9.96,8.68
38081,4.7,5.66,5.79,5.54,5.83,5.83
38083,5.0,5.74,6.14,5.73,5.97,5.39
38085,11.3,11.47,13.56,11.79,13.34,16.28
38087,6.3,7.19,7.78,7.4,7.7,7.97
38089,9.3,11.43,11.15,10.74,13.06,15.23
38091,5.9,6.88,7.28,7.02,7.22,7.16
38093,4.7,4.99,6.02,5.29,5.67,4.64
38095,7.5,8.54,9.79,8.92,9.15,7.54
38097,6.3,7.66,8.07,7.32,7.55,7.28
38099,5.7,6.9,7.76,7.16,6.95,5.99
38101,5.6,5.48,6.33,6.92,11.91,15.71
38103,4.3,4.9,5.38,5.08,5.25,4.15
38105,9.9,10.97,14.24,11.71,12.48,13.29
39001,39.6,40.98,50.26,40.59,43.82,47.34
39003,16.6,22.88,30.74,17.4,15.96,12.38
39005,12.8,18.71,16.56,14.41,14.35,11.99
39007,23.9,37.83,39.74,31.73,33.79,33.81
39009,14.8,17.54,16.94,18.23,16.67,14.67
39011,11.8,11.63,11.76,7.54,10.72,11.99
39013,22.2,26.18,27.88,25.88,25.28,23.68
39015,49.6,44.75,58.03,51.61,41.24,30.61
39017,50.4,56.35,67.88,47.87,45.68,41.94
39019,14.6,15.93,19.26,17.47,19.26,19.37
39021,19.6,27.1,34.91,25.34,24.42,21.41
39023,51.0,54.62,64.73,50.3,44.59,37.19
39025,48.0,48.64,48.97,36.94,39.22,40.96
39027,41.8,36.08,57.19,38.08,42.28,45.34
39029,27.7,35.98,42.19,31.3,38.97,45.46
39031,11.8,14.22,16.13,16.34,15.97,14.3
39033,25.6,25.59,35.22,29.9,28.66,24.89
39035,23.7,43.85,47.58,37.56,39.76,39.4
39037,26.0,33.42,43.55,29.89,24.86,17.86
39039,15.6,15.47,13.45,16.4,16.66,14.74
39041,9.7,9.45,14.83,14.09,14.24,12.25
39043,27.0,39.42,38.85,31.58,25.79,17.75
39045,13.0,17.44,26.81,20.7,19.7,17.18
39047,38.4,32.13,60.15,33.94,35.96,37.72
39049,24.7,26.6,34.41,36.21,41.65,45.49
39051,13.5,17.9,14.02,16.86,14.78,10.54
39053,31.1,37.14,49.51,46.24,52.44,58.09
39055,14.3,22.86,22.54,14.54,20.23,23.78
39057,26.7,29.43,41.22,26.32,24.81,22.1
39059,22.7,26.89,26.55,24.21,26.01,26.47
39061,43.4,41.91,54.28,44.55,44.32,42.89
39063,17.8,21.98,32.27,27.6,22.2,14.58
39065,20.8,24.14,26.71,22.08,26.01,27.16
39067,16.0,15.62,21.18,18.62,15.98,11.57
39069,14.8,15.24,14.19,18.72,16.06,11.61
39071,29.0,34.8,50.13,27.44,32.27,36.87
39073,17.5,22.58,25.35,30.39,24.14,16.72
39075,5.1,8.07,8.2,7.32,6.76,4.24
39077,19.9,28.41,39.39,29.27,33.8,35.83
39079,28.2,29.86,34.23,37.38,34.61,31.75
39081,26.2,27.85,37.44,36.67,37.76,37.68
39083,16.5,18.78,21.57,17.43,18.07,16.4
39085,22.9,40.29,41.03,31.86,33.47,32.51
39087,34.5,41.78,50.32,44.15,38.8,33.32
39089,20.4,15.77,23.66,23.8,25.08,24.41
39091,20.3,27.32,30.22,23.97,25.66,24.62
39093,22.7,44.12,42.6,32.87,34.42,33.92
39095,28.7,36.6,37.31,38.76,50.56,60.32
39097,18.8,29.29,34.67,21.12,31.05,38.88
39099,26.9,36.94,47.46,41.0,44.86,46.81
39101,31.2,36.03,42.37,39.82,41.53,40.5
39103,17.7,24.61,22.99,17.5,15.24,11.19
39105,22.5,29.96,27.27,38.31,33.33,27.23
39107,8.8,11.26,14.57,9.22,9.42,7.94
39109,18.3,32.06,38.47,24.75,23.19,19.87
39111,12.6,14.34,15.89,17.81,15.28,12.21
39113,48.7,59.56,91.14,57.98,52.34,45.28
39115,12.8,17.83,16.32,18.89,16.33,13.38
39117,17.4,21.07,27.6,22.69,28.65,32.27
39119,16.6,15.9,21.92,31.13,32.12,31.99
39121,16.9,17.02,16.18,18.13,15.44,12.65
39123,15.1,25.1,21.79,22.52,21.58,18.3
39125,8.1,9.25,10.55,11.64,11.22,9.1
39127,18.9,17.94,19.73,24.71,23.25,20.68
39129,19.6,20.17,27.02,28.1,30.8,33.15
39131,37.3,33.44,49.63,46.08,45.54,44.92
39133,20.5,27.76,23.55,17.11,20.84,23.17
39135,30.8,42.21,56.82,33.49,33.63,32.81
39137,9.0,10.02,10.95,8.67,8.18,5.67
39139,28.6,47.42,41.14,38.68,40.96,40.82
39141,44.9,49.34,42.49,45.29,47.28,48.75
39143,18.9,27.66,29.75,25.18,25.04,22.81
39145,40.1,46.07,63.67,61.13,88.87,116.4
39147,16.9,15.8,24.53,20.28,19.11,15.72
39149,18.2,25.65,33.06,22.47,26.67,28.87
39151,19.6,27.53,26.67,20.65,27.21,32.26
39153,33.5,53.32,46.11,28.14,36.55,43.19
39155,44.0,54.68,63.45,45.57,49.71,52.08
39157,11.3,14.52,18.54,13.97,15.02,14.54
39159,13.3,16.12,18.95,15.47,19.83,21.5
39161,12.4,17.83,19.81,16.6,17.77,16.97
39163,28.5,31.71,32.22,37.36,31.99,26.44
39165,19.8,25.11,36.31,18.37,20.02,20.49
39167,15.7,27.65,21.83,21.11,19.19,16.66
39169,16.8,25.85,19.41,15.16,16.29,15.7
39171,10.2,15.94,14.49,16.41,14.43,10.5
39173,15.1,16.11,14.6,13.48,17.25,18.61
39175,11.6,14.83,16.24,15.61,13.82,9.98
40001,18.4,23.46,26.52,22.9,22.16,21.79
40003,11.6,13.94,14.24,14.1,14.02,15.48
40005,20.0,25.03,22.95,20.61,20.1,20.1
40007,9.7,10.41,12.59,10.92,11.06,11.44
40009,19.3,24.29,25.52,26.41,23.26,20.28
40011,20.0,21.34,20.69,21.49,20.08,20.74
40013,21.5,27.49,23.74,24.62,23.85,23.75
40015,18.7,28.22,26.32,24.57,24.53,26.23
40017,12.0,13.68,13.11,14.6,12.4,12.61
40019,29.4,28.62,32.09,30.21,26.3,23.32
40021,23.6,28.81,24.52,28.58,24.91,21.21
40023,22.8,26.12,21.97,26.48,25.45,24.38
40025,12.3,13.9,15.09,14.5,14.78,15.39
40027,18.0,17.62,14.89,16.85,14.53,13.6
40029,26.6,28.75,34.6,29.76,29.93,31.11
40031,12.7,17.04,15.42,15.23,15.54,16.58
40033,17.4,20.82,21.13,22.46,23.36,25.62
40035,22.1,21.36,24.59,21.78,20.18,19.72
40037,21.0,24.83,24.89,23.33,26.77,31.07
40039,12.8,12.73,14.45,13.16,12.18,12.97
40041,15.2,21.25,19.64,18.94,17.3,16.51
40043,10.2,12.99,13.37,11.91,12.19,13.66
40045,10.6,12.81,13.16,12.39,14.17,15.99
40047,11.5,13.13,15.11,14.62,15.36,18.21
40049,31.4,33.81,34.37,30.26,32.1,34.63
40051,18.9,23.2,21.63,24.68,22.24,21.3
40053,10.8,11.79,13.3,11.85,12.32,14.44
40055,20.0,21.35,24.29,20.86,21.28,21.97
40057,15.6,17.55,20.12,20.39,19.21,18.16
40059,8.6,9.91,10.54,9.98,10.42,11.22
40061,19.5,21.23,24.21,22.14,22.5,23.2
40063,15.1,16.37,24.14,17.84,18.6,20.1
40065,17.8,18.07,21.01,17.68,22.15,26.54
40067,25.2,31.2,33.92,31.36,30.11,30.38
40069,31.3,41.38,36.26,34.14,39.04,44.92
40071,13.9,17.1,20.57,15.24,15.97,18.21
40073,11.3,12.09,15.01,14.52,12.87,13.66
40075,18.7,20.07,24.87,19.82,20.98,22.44
40077,23.6,25.46,32.27,25.33,25.01,24.76
40079,22.4,27.55,26.99,26.15,21.32,16.49
40081,21.1,23.9,20.78,23.14,19.61,17.16
40083,13.2,12.89,15.88,11.76,12.52,15.56
40085,23.7,28.9,28.75,29.94,30.36,31.51
40087,22.2,19.59,21.89,18.46,19.25,21.26
40089,18.0,27.04,26.87,23.49,22.72,21.66
40091,25.0,26.55,32.6,27.62,26.37,25.67
40093,8.8,10.12,12.6,10.62,10.5,12.33
40095,14.0,17.87,18.18,17.12,16.0,15.44
40097,27.5,24.46,27.19,26.11,25.97,26.46
40099,31.6,33.43,33.45,32.19,29.06,26.73
40101,28.5,32.48,25.63,31.13,26.84,22.71
40103,16.0,17.07,18.11,20.06,18.22,17.81
40105,14.5,15.44,17.55,15.69,17.13,19.01
40107,20.0,21.54,25.05,22.08,23.25,25.19
40109,18.9,21.34,21.62,18.09,18.45,21.1
40111,21.2,25.6,27.41,22.25,23.04,24.35
40113,16.5,18.37,27.16,20.46,20.98,22.77
40115,21.2,22.08,24.36,20.36,19.53,19.55
40117,34.3,30.76,31.86,35.51,33.13,32.14
40119,10.8,13.25,10.61,11.07,10.19,10.38
40121,21.8,24.55,26.44,27.04,26.69,26.69
40123,23.0,24.28,22.22,25.48,25.72,26.81
40125,24.6,26.24,23.55,27.47,21.57,16.73
40127,26.7,37.64,29.66,27.71,26.61,25.98
40129,9.3,11.49,11.53,11.08,11.08,10.62
40131,14.3,13.85,14.85,13.94,13.37,13.54
40133,22.4,26.51,26.51,30.66,27.57,25.44
40135,24.7,33.3,31.39,27.93,27.21,26.89
40137,24.0,23.16,22.78,21.22,20.71,21.62
40139,12.8,12.97,13.76,16.75,14.02,11.33
40141,17.4,17.61,18.67,18.73,18.79,19.08
40143,18.0,20.51,21.8,19.93,20.55,22.1
40145,21.4,19.5,23.5,20.15,19.88,20.3
40147,14.2,17.72,20.15,17.31,18.76,21.1
40149,20.3,20.73,24.23,22.2,21.55,21.68
40151,14.6,17.42,16.03,14.36,14.61,16.07
40153,13.7,15.45,17.03,15.16,14.87,14.5
41001,15.3,17.08,18.31,17.6,17.05,17.08
41003,8.3,9.09,7.73,6.69,9.46,12.34
41005,9.7,10.6,10.12,9.72,10.66,11.81
41007,19.4,23.44,19.46,24.99,23.36,22.41
41009,11.9,15.18,15.26,16.96,13.9,11.76
41011,13.9,14.83,14.77,14.0,18.62,22.46
41013,16.3,14.43,13.86,13.83,14.83,15.03
41015,23.4,18.61,24.44,17.94,20.31,21.21
41017,9.4,13.19,11.98,9.92,9.72,8.59
41019,16.8,14.1,14.52,15.35,17.94,19.7
41021,8.0,9.05,9.8,9.44,9.68,10.16
41023,13.3,13.43,13.54,12.92,13.17,13.82
41025,13.5,16.14,15.53,14.8,15.2,15.43
41027,7.5,8.68,10.22,9.1,10.13,10.98
41029,16.0,15.25,15.05,20.7,17.2,12.38
41031,7.1,8.44,9.43,8.73,8.48,7.43
41033,17.1,12.69,20.37,19.62,22.41,23.83
41035,15.1,13.06,17.13,17.07,21.67,25.01
41037,17.1,19.37,19.66,18.62,19.43,19.25
41039,17.7,19.58,19.98,18.8,19.94,20.77
41041,17.6,18.24,21.13,17.85,23.83,30.21
41043,13.4,14.33,13.07,13.71,14.72,16.05
41045,10.5,11.42,11.17,12.36,13.36,14.18
41047,10.1,12.37,13.15,10.51,11.29,12.08
41049,7.2,7.77,8.36,8.29,8.59,9.36
41051,16.2,16.44,19.07,20.3,23.71,27.23
41053,7.8,10.15,9.83,9.66,10.46,11.24
41055,9.8,11.2,12.09,11.48,12.04,12.17
41057,21.5,18.94,20.35,19.94,16.94,15.18
41059,10.1,10.22,11.23,10.28,10.05,9.66
41061,14.1,14.86,16.58,15.83,15.46,15.29
41063,8.1,9.23,10.58,9.37,9.69,9.14
41065,9.6,11.42,13.05,12.69,12.75,12.57
41067,8.5,9.65,8.81,8.61,9.68,11.54
41069,9.4,10.65,11.56,11.12,11.39,11.39
41071,11.5,10.26,13.43,10.36,11.09,12.57
42001,10.5,19.46,17.24,18.64,12.5,5.63
42003,33.9,51.72,59.75,38.69,42.66,45.58
42005,34.5,54.93,48.11,37.69,34.53,30.13
42007,22.5,55.74,52.01,31.76,37.02,40.83
42009,17.0,22.34,30.45,25.86,20.92,15.31
42011,12.8,23.32,26.64,22.46,27.86,30.99
42013,27.1,31.66,34.42,22.08,23.21,22.51
42015,16.4,18.31,23.49,18.53,20.28,20.02
42017,23.2,31.57,42.49,39.59,35.03,28.91
42019,26.6,41.22,45.72,24.78,32.45,38.07
42021,38.8,64.46,60.72,45.53,45.64,43.94
42023,13.9,14.39,15.17,14.54,14.44,12.18
42025,25.3,32.27,36.33,42.58,41.37,37.99
42027,8.5,10.65,10.38,10.45,8.25,4.22
42029,17.7,22.84,30.95,26.64,24.01,19.27
42031,14.0,16.78,17.41,19.67,18.72,15.52
42033,17.1,18.22,17.68,23.85,19.81,12.98
42035,12.9,20.61,14.94,13.32,13.76,12.02
42037,16.6,21.15,21.08,23.55,23.67,22.3
42039,28.9,37.78,27.49,28.82,24.9,18.86
42041,15.2,22.37,29.25,21.03,16.16,9.47
42043,20.4,26.92,30.56,35.36,31.34,25.16
42045,34.2,41.41,49.82,40.57,38.03,33.51
42047,14.7,18.22,23.95,22.81,20.85,16.54
42049,21.5,29.2,37.55,27.23,25.56,21.8
42051,34.0,51.46,57.63,39.58,35.15,29.95
42053,14.1,14.3,15.05,14.72,16.54,15.69
42055,13.7,21.25,17.53,17.28,13.62,9.72
42057,23.7,33.61,23.53,22.52,22.1,21.06
42059,30.0,45.9,32.7,28.02,30.1,30.9
42061,15.1,19.69,21.89,17.51,18.92,18.66
42063,33.0,46.34,42.59,30.97,34.99,36.86
42065,21.5,21.55,22.4,23.57,24.01,21.91
42067,9.0,12.81,12.17,11.16,11.88,10.76
42069,28.3,34.56,38.78,42.38,33.99,24.55
42071,14.7,21.09,29.8,22.44,20.05,15.52
42073,35.8,43.92,55.56,41.88,38.13,32.63
42075,16.6,13.79,14.52,13.21,16.44,17.17
42077,19.3,26.26,31.31,27.39,23.29,16.62
42079,28.1,38.4,42.47,44.69,43.69,40.73
42081,16.2,22.19,23.89,18.95,25.59,30.14
42083,18.8,19.25,17.97,20.46,16.22,9.84
42085,19.0,27.97,34.25,40.9,37.46,31.34
42087,14.9,20.49,22.45,22.67,18.03,11.97
42089,24.2,21.72,23.77,22.33,22.9,21.31
42091,19.1,28.98,28.83,24.52,26.2,26.51
42093,18.8,26.78,29.22,25.02,27.91,29.19
42095,25.7,28.0,36.88,29.79,25.43,18.66
42097,18.0,28.3,28.85,26.44,37.47,46.64
42099,15.9,21.46,27.82,21.87,22.23,20.9
42101,36.2,46.37,63.5,59.93,62.02,62.0
42103,23.6,26.95,33.9,32.54,28.74,22.99
42105,13.0,16.91,17.45,15.25,14.51,11.71
42107,22.4,37.82,27.9,34.98,37.27,37.98
42109,9.4,12.59,11.87,12.03,13.88,13.55
42111,24.3,32.96,37.17,21.91,23.1,22.88
42113,13.7,16.65,18.07,16.08,18.42,18.84
42115,20.8,25.73,25.36,25.05,18.67,10.24
42117,10.5,13.7,19.14,14.06,15.14,14.8
42119,8.4,10.02,9.23,8.27,10.83,11.36
42121,21.4,24.52,22.03,22.99,20.93,17.04
42123,12.4,13.34,13.98,10.7,15.14,16.87
42125,31.9,48.29,48.39,36.65,37.87,37.8
42127,26.5,28.84,30.33,30.26,31.95,32.27
42129,36.9,56.01,56.91,38.0,36.87,35.21
42131,28.4,29.61,34.87,39.6,37.74,34.43
42133,21.5,24.05,30.04,30.08,26.05,20.34
44001,19.0,22.86,22.08,22.33,22.21,20.17
44003,28.9,32.9,29.03,33.8,29.87,24.33
44005,14.2,24.98,27.99,24.05,20.84,15.9
44007,33.4,33.73,33.13,32.16,32.41,31.32
44009,19.7,20.77,20.77,19.38,20.78,20.73
45001,11.4,13.38,18.03,15.59,13.24,11.15
45003,20.7,21.14,26.0,23.89,21.36,19.97
45005,6.1,6.99,8.09,7.55,7.49,8.52
45007,21.3,19.94,19.91,19.46,20.65,21.28
45009,10.2,10.94,12.32,11.43,12.65,15.47
45011,12.8,13.57,16.71,16.32,15.35,15.56
45013,8.4,9.83,14.96,12.83,15.17,18.12
45015,13.5,19.25,19.34,21.57,19.88,18.82
45017,8.3,8.9,9.52,10.49,10.62,11.59
45019,17.8,18.52,21.08,21.29,21.28,22.07
45021,12.8,12.63,13.32,14.29,16.57,19.69
45023,10.7,10.99,17.36,14.52,15.84,18.13
45025,12.3,13.9,15.87,14.72,16.6,19.14
45027,9.6,10.76,11.37,12.05,12.76,14.74
45029,19.4,18.61,21.14,21.68,21.12,21.89
45031,12.2,12.82,15.62,15.74,15.57,15.79
45033,11.9,15.19,15.54,15.74,16.85,18.08
45035,17.7,15.43,16.88,20.42,17.29,14.94
45037,8.1,8.72,10.91,8.66,8.1,8.48
45039,11.9,12.09,13.43,12.2,13.81,16.45
45041,12.1,13.99,19.72,19.42,16.82,14.13
45043,17.3,25.19,25.83,28.49,24.53,21.48
45045,21.7,19.43,21.06,27.96,25.45,23.26
45047,12.2,14.73,18.93,23.46,16.5,9.52
45049,9.3,10.87,11.53,10.82,11.61,13.6
45051,17.4,39.31,28.76,27.91,35.22,42.9
45053,16.7,15.53,17.88,17.37,18.78,20.95
45055,11.2,12.34,17.23,18.84,17.7,17.36
45057,14.3,15.15,24.75,20.54,30.02,40.52
45059,18.7,21.15,23.78,26.97,22.48,18.58
45061,6.3,7.92,8.59,8.48,8.19,8.85
45063,17.4,17.16,18.52,19.5,20.76,22.51
45065,9.1,10.89,11.66,11.75,11.88,12.48
45067,13.4,15.76,14.51,13.24,16.19,19.17
45069,10.2,10.64,11.49,10.61,12.03,13.31
45071,8.7,11.06,11.09,10.91,11.03,12.15
45073,25.3,25.34,28.27,27.45,33.5,39.9
45075,8.6,9.65,9.68,10.76,12.99,16.44
45077,27.9,27.21,27.47,31.2,30.9,30.77
45079,11.1,13.78,19.16,18.36,16.87,16.12
45081,8.2,10.23,10.66,10.18,9.99,10.62
45083,19.9,21.58,24.78,26.81,24.36,21.77
45085,8.5,10.21,10.32,19.28,16.62,14.99
45087,16.3,16.54,17.01,15.01,18.25,22.04
45089,11.8,13.65,16.06,14.78,16.51,18.82
45091,16.7,19.72,22.18,22.24,22.35,22.85
46003,5.1,5.8,6.32,6.02,6.57,8.58
46005,7.3,7.8,8.84,8.46,8.29,9.81
46007,5.6,6.36,6.9,6.52,6.68,8.54
46009,4.0,4.91,4.96,4.67,4.82,6.4
46011,4.3,4.58,4.92,4.93,4.4,6.09
46013,6.1,6.55,6.3,5.67,5.44,6.75
46015,6.8,8.26,8.45,8.0,9.17,11.3
46017,7.3,8.84,9.03,9.03,9.42,11.08
46019,6.3,7.18,8.25,7.79,8.66,10.16
46021,7.1,8.6,9.25,8.45,8.64,9.72
46023,6.1,6.57,7.01,6.29,6.79,8.71
46025,5.2,5.6,6.0,5.71,5.9,8.76
46027,4.2,5.15,5.58,4.88,5.31,6.45
46029,4.5,4.83,5.7,4.98,5.68,7.89
46031,10.1,11.3,13.9,11.25,12.1,13.96
46033,8.9,11.96,12.21,10.59,10.76,12.46
46035,4.8,5.43,5.8,5.78,5.48,7.01
46037,4.6,5.2,5.67,5.36,5.91,7.48
46039,5.0,5.7,6.06,5.78,5.97,7.65
46041,10.5,10.09,11.35,10.68,11.15,12.31
46043,4.5,5.33,5.75,5.21,5.4,7.12
46045,3.9,4.41,4.79,4.49,4.71,5.89
46047,15.0,17.92,18.2,18.32,18.91,21.44
46049,5.1,5.74,6.34,6.02,6.17,7.86
46051,5.0,6.0,6.1,5.8,6.06,7.17
46053,6.1,7.33,7.44,7.08,7.38,8.68
46055,6.7,7.61,8.72,7.94,8.12,9.83
46057,4.3,4.88,4.98,4.71,4.9,7.63
46059,5.1,5.82,6.19,5.87,6.09,7.51
46061,4.1,4.68,5.09,4.89,4.96,6.87
46063,6.4,7.37,7.9,7.49,7.76,7.58
46065,5.5,6.92,7.19,6.78,7.36,9.68
46067,3.4,3.87,4.13,3.88,4.06,6.08
46069,5.1,5.89,6.32,6.05,6.1,7.65
46071,5.6,6.37,6.96,6.62,6.84,8.21
46073,5.8,6.62,7.08,6.83,7.0,8.55
46075,6.7,7.27,7.76,7.42,7.62,8.97
46077,3.8,4.33,4.75,4.42,4.8,7.74
46079,3.4,3.86,4.39,3.98,4.12,5.94
46081,7.3,8.61,9.63,8.08,9.53,11.96
46083,4.3,4.94,5.55,5.99,5.92,7.55
46085,6.4,7.39,8.2,7.59,7.78,9.21
46087,4.2,4.77,5.25,5.19,5.19,6.73
46089,4.3,4.94,5.29,4.99,5.14,6.15
46091,6.3,6.47,6.8,6.5,6.76,7.36
46093,9.3,10.0,9.91,9.34,11.34,14.34
46095,6.5,7.47,8.05,7.64,8.0,9.6
46097,4.3,4.9,5.55,5.05,5.22,7.09
46099,10.6,10.18,10.18,10.87,13.3,17.49
46101,5.1,5.56,5.86,5.67,5.83,8.14
46102,11.5,11.15,12.87,13.17,12.36,13.59
46103,8.1,10.51,10.03,8.34,10.62,13.97
46105,6.7,7.63,8.31,7.83,8.19,8.0
46107,5.0,5.79,6.22,5.95,6.17,7.02
46109,7.8,8.68,8.91,9.47,10.88,12.91
46111,4.6,5.2,5.64,5.44,5.86,7.61
46115,6.2,7.06,8.04,7.22,7.84,10.57
46117,5.9,6.76,7.19,6.88,7.17,9.03
46119,5.3,6.08,6.52,6.28,6.48,8.53
46121,11.8,12.58,14.02,13.65,15.51,19.05
46123,5.7,6.88,6.92,6.61,6.82,8.47
46125,4.7,5.3,6.48,5.65,5.59,7.01
46127,4.4,5.54,5.74,5.38,5.86,7.12
46129,5.2,6.29,6.57,5.98,6.27,7.71
46135,5.6,7.04,8.36,7.43,7.25,8.33
46137,10.1,10.72,13.06,11.19,12.02,13.66
47001,33.9,39.05,53.17,41.18,40.77,40.28
47003,18.5,17.86,17.89,21.05,23.94,26.23
47005,40.0,36.11,41.75,38.1,39.88,41.03
47007,17.1,20.43,21.39,22.46,22.24,21.72
47009,25.6,28.48,38.68,34.55,35.09,35.6
47011,20.4,20.1,26.94,25.62,22.85,19.98
47013,45.1,37.94,37.24,31.9,35.46,38.87
47015,33.0,32.21,33.11,32.39,38.31,43.88
47017,17.9,17.93,20.63,18.9,18.9,18.49
47019,22.5,29.65,32.72,29.52,27.0,24.07
47021,38.2,39.61,51.55,50.88,57.05,62.4
47023,16.6,15.79,17.79,15.54,16.2,17.09
47025,35.6,46.52,34.44,38.68,34.47,30.34
47027,37.1,49.34,47.34,43.33,43.64,43.43
47029,21.7,23.74,34.74,30.42,28.26,26.27
47031,22.7,26.91,27.83,29.49,26.75,22.94
47033,12.5,13.02,14.04,14.21,15.66,16.81
47035,16.1,18.87,22.97,21.05,22.77,24.1
47037,23.0,31.19,34.21,34.79,45.11,54.4
47039,28.4,29.7,28.3,28.95,29.45,30.14
47041,28.7,31.76,38.57,38.53,40.73,41.9
47043,29.6,33.86,26.78,29.41,39.54,48.75
47045,12.5,12.06,13.58,12.94,15.73,18.16
47047,12.6,13.36,15.02,13.29,15.43,17.39
47049,25.8,28.25,31.26,28.11,34.44,40.98
47051,26.1,22.75,22.87,21.84,24.11,25.97
47053,17.3,19.32,19.29,19.18,21.38,23.36
47055,25.5,22.42,27.3,25.1,25.48,25.09
47057,23.9,26.88,24.95,26.18,31.15,35.82
47059,17.3,25.03,29.85,30.88,28.59,26.54
47061,27.5,30.37,30.99,32.36,33.76,34.73
47063,27.1,32.6,29.48,24.98,29.7,34.26
47065,17.4,19.82,23.54,18.52,24.52,30.04
47067,39.3,42.05,45.11,45.24,40.49,35.52
47069,11.6,12.23,15.03,12.74,14.24,16.1
47071,36.0,34.82,32.55,34.86,34.64,34.47
47073,28.6,34.94,27.43,28.08,27.14,25.43
47075,8.9,11.51,11.05,11.23,11.66,12.08
47077,19.8,19.15,23.42,24.92,23.29,21.88
47079,21.4,23.08,23.68,29.33,34.11,38.17
47081,27.4,27.82,28.66,34.55,38.15,40.77
47083,30.9,32.8,34.74,35.95,35.65,34.52
47085,23.0,25.11,30.28,27.97,29.51,30.22
47087,35.5,41.49,42.73,40.71,42.34,43.56
47089,18.2,18.88,22.68,25.65,25.99,26.02
47091,18.3,19.79,18.85,18.6,21.79,24.73
47093,33.8,37.96,50.71,52.89,47.99,43.08
47095,10.4,11.77,13.38,13.07,13.85,14.16
47097,12.8,21.37,19.9,18.18,21.21,24.13
47099,20.7,20.66,25.91,25.33,27.96,29.78
47101,19.2,20.43,28.6,24.51,24.15,23.19
47103,15.1,20.13,19.91,20.65,20.27,18.99
47105,24.0,29.68,37.33,31.06,32.99,34.54
47107,22.5,27.43,29.62,25.6,26.65,27.4
47109,26.6,22.21,23.09,20.23,21.79,23.15
47111,20.1,26.49,23.84,23.21,23.04,22.26
47113,10.8,12.64,14.92,11.96,10.81,9.06
47115,19.0,19.38,23.77,19.28,25.27,31.19
47117,24.6,30.33,29.24,26.63,29.05,30.9
47119,18.2,21.88,20.73,23.18,26.45,28.55
47121,32.0,39.86,38.68,29.91,36.09,42.14
47123,24.4,34.47,27.84,30.82,31.05,31.26
47125,18.2,16.93,19.04,25.07,30.93,35.88
47127,15.7,17.65,20.63,19.82,19.2,17.64
47129,33.6,31.91,29.63,29.56,32.47,35.38
47131,11.8,12.62,12.56,14.38,13.87,12.61
47133,27.1,31.43,32.83,31.89,30.3,28.67
47135,16.5,18.38,21.0,19.34,20.6,21.25
47137,23.8,26.77,30.26,29.11,30.1,30.71
47139,21.5,26.24,28.33,23.57,21.85,19.54
47141,20.8,21.85,21.27,24.54,23.02,20.79
47143,21.2,23.17,24.95,22.14,31.09,39.89
47145,38.8,45.8,44.44,48.38,36.89,25.06
47147,20.6,18.84,23.81,21.83,30.38,37.91
47149,18.3,18.74,20.2,25.06,27.94,30.45
47151,25.5,25.23,26.21,24.38,29.68,35.03
47153,20.0,23.37,26.16,26.3,28.89,30.77
47155,28.3,28.02,33.44,40.54,36.19,31.55
47157,20.4,21.29,22.15,17.76,26.85,35.66
47159,36.4,44.08,35.9,35.89,38.51,40.57
47161,20.5,23.64,23.58,30.49,33.88,36.29
47163,22.7,27.56,26.98,32.47,21.92,11.14
47165,15.0,20.23,21.66,21.98,24.85,26.61
47167,20.8,25.34,23.6,22.42,26.67,30.7
47169,18.4,21.97,22.86,30.95,26.07,20.17
47171,29.4,35.08,42.75,38.41,37.06,35.71
47173,35.7,41.58,41.27,35.99,36.64,36.99
47175,15.1,21.26,18.53,19.01,18.5,17.2
47177,18.0,22.11,19.08,20.07,20.55,20.43
47179,23.3,28.34,27.45,21.83,21.95,21.8
47181,16.3,18.04,17.21,21.17,17.19,13.41
47183,15.5,18.47,15.02,18.65,17.08,14.7
47185,24.4,29.99,23.21,27.48,30.45,32.88
47187,11.4,12.66,13.31,15.64,15.89,15.76
47189,26.6,26.67,25.98,23.34,36.05,47.78
48001,16.1,14.57,17.32,15.94,16.61,16.61
48003,10.1,11.99,13.58,11.95,11.97,13.09
48005,11.4,13.38,13.57,13.88,12.03,9.67
48007,21.0,22.71,23.35,22.71,24.2,27.44
48009,17.1,21.23,22.01,20.13,19.23,19.01
48011,8.1,9.43,9.96,9.43,9.92,11.57
48013,7.5,9.54,9.77,11.12,8.68,7.07
48015,6.8,8.28,8.01,8.96,8.92,9.96
48017,8.7,9.47,9.92,9.63,10.99,14.01
48019,10.1,12.28,15.4,13.8,13.96,14.4
48021,9.1,9.93,11.11,11.89,11.98,12.89
48023,21.5,21.81,24.4,24.88,24.32,24.32
48025,7.1,9.18,9.05,7.8,8.65,10.84
48027,8.0,7.08,10.73,11.6,8.97,5.66
48029,10.6,11.75,11.3,11.57,12.94,14.65
48031,11.6,11.99,12.96,12.1,12.7,14.2
48033,8.6,9.86,10.59,10.18,10.48,11.45
48035,11.7,12.43,14.47,18.05,15.89,13.75
48037,8.8,8.73,11.18,10.33,9.24,8.15
48039,9.5,10.6,11.52,11.16,11.68,13.08
48041,8.0,6.61,5.76,5.76,6.84,7.58
48043,16.8,16.1,16.08,15.36,18.49,21.91
48045,8.8,10.05,10.75,10.3,11.2,12.67
48047,8.2,8.89,10.52,9.22,9.87,11.58
48049,14.6,13.73,13.49,15.94,18.86,21.82
48051,9.8,10.23,12.23,10.91,11.56,11.97
48053,10.4,14.79,14.34,12.62,13.77,15.0
48055,6.9,9.77,10.54,9.11,7.67,6.43
48057,12.4,12.07,13.2,11.67,13.1,15.9
48059,9.3,10.49,11.08,10.19,12.0,14.94
48061,4.6,4.15,4.98,4.76,6.15,8.36
48063,12.1,12.83,13.27,11.88,11.69,11.68
48065,11.5,13.76,13.97,14.21,14.03,15.11
48067,9.6,10.6,12.67,12.71,12.14,12.11
48069,5.6,6.33,6.8,6.84,6.7,8.21
48071,12.1,14.79,16.69,13.37,20.17,27.63
48073,10.4,11.13,14.15,12.87,13.06,13.22
48075,13.8,14.0,14.13,13.34,14.44,15.49
48077,16.5,17.9,19.7,19.03,19.2,20.33
48079,11.3,14.33,13.94,14.05,13.74,15.23
48081,9.2,11.1,11.98,10.8,11.83,13.64
48083,6.3,7.08,7.65,7.45,7.79,8.44
48085,7.9,8.97,8.09,7.53,7.65,8.41
48087,11.9,13.56,14.62,14.03,14.16,14.41
48089,6.8,8.2,8.25,8.01,8.57,9.92
48091,11.0,13.08,13.03,11.92,11.47,11.37
48093,9.2,10.4,11.68,10.93,11.57,12.84
48095,6.4,7.4,7.87,7.51,7.77,8.36
48097,15.4,18.43,18.04,20.01,17.76,16.44
48099,5.9,7.31,8.49,7.11,7.23,6.36
48101,8.1,9.18,9.9,9.47,9.86,10.1
48103,10.5,13.89,13.96,12.41,12.77,13.52
48105,10.0,10.76,11.56,11.07,12.82,15.47
48107,8.4,10.07,10.94,9.98,10.57,12.45
48109,9.1,10.34,11.23,10.76,10.99,12.68
48111,8.5,9.08,9.74,9.34,9.4,9.77
48113,11.4,12.35,13.06,12.87,13.11,13.95
48115,10.6,11.97,12.26,11.19,13.05,16.05
48117,6.7,7.61,8.51,7.82,8.38,11.32
48119,12.5,14.28,16.87,16.63,16.97,17.14
48121,7.7,8.8,8.86,7.19,7.8,9.08
48123,7.2,8.06,8.74,9.75,9.68,10.36
48125,7.4,8.41,9.06,8.68,8.94,10.01
48127,6.7,8.04,8.2,8.67,8.17,8.59
48129,9.6,11.54,12.39,11.34,11.5,12.55
48131,9.5,12.05,11.73,12.28,12.93,14.81
48133,6.5,7.39,8.45,7.58,8.72,10.74
48135,10.9,12.54,14.84,13.96,15.57,17.53
48137,5.7,6.48,7.02,6.7,6.91,7.39
48139,7.6,8.66,10.97,8.43,8.74,9.63
48141,7.8,9.91,11.34,10.14,11.6,13.43
48143,7.8,9.47,10.92,10.34,9.79,9.74
48145,8.7,9.26,11.59,10.96,11.54,10.78
48147,11.6,12.33,12.89,11.93,14.13,16.46
48149,7.2,8.14,8.8,9.22,9.0,8.9
48151,7.1,8.11,8.63,8.8,8.67,9.05
48153,6.6,8.08,8.22,7.87,8.02,9.25
48155,11.9,12.75,13.9,13.87,13.71,13.51
48157,5.1,6.57,6.0,6.52,6.61,7.17
48159,8.9,9.64,10.78,10.24,10.68,10.73
48161,7.6,9.03,9.74,10.73,10.75,10.02
48163,4.9,5.92,7.1,6.49,5.89,6.67
48165,7.5,9.05,9.23,8.65,9.05,10.53
48167,17.2,16.73,17.7,17.4,17.39,18.38
48169,7.6,8.68,9.25,8.93,9.68,11.03
48171,7.5,8.81,9.53,9.54,8.86,8.9
48173,8.9,10.13,10.89,10.54,10.66,11.73
48175,9.6,10.89,11.73,11.78,10.99,11.65
48177,10.2,10.39,10.98,11.06,10.65,10.9
48179,10.4,11.82,12.4,12.06,12.76,14.51
48181,11.1,10.55,12.94,12.14,12.07,12.39
48183,8.4,9.44,9.1,9.34,11.8,15.01
48185,12.5,12.43,12.79,13.17,14.3,15.48
48187,8.1,8.56,9.72,8.62,8.92,9.72
48189,8.3,8.54,8.53,9.04,8.8,9.64
48191,8.5,9.64,10.4,9.91,10.35,10.66
48193,11.9,12.74,12.95,15.23,13.64,11.75
48195,8.7,9.93,11.23,10.5,10.44,10.94
48197,10.2,11.49,13.25,11.97,13.05,14.39
48199,14.3,16.56,16.68,15.54,16.04,16.24
48201,10.1,11.29,11.86,12.31,13.16,14.67
48203,10.0,11.05,11.39,9.89,11.98,14.66
48205,7.2,8.07,8.76,8.83,8.69,9.02
48207,8.6,9.76,11.07,11.35,11.05,11.62
48209,7.8,9.43,9.28,10.02,7.39,5.44
48211,8.8,10.01,10.75,10.88,11.31,11.78
48213,16.8,15.36,16.59,18.77,19.54,20.21
48215,3.3,3.46,3.65,4.03,4.2,4.93
48217,11.6,13.92,13.28,12.8,15.56,18.09
48219,8.4,9.69,9.34,10.21,10.4,11.78
48221,13.5,13.11,17.62,14.73,15.39,16.73
48223,9.5,11.07,11.49,11.24,12.15,12.55
48225,11.1,11.34,11.53,13.11,12.37,10.73
48227,11.3,13.1,14.02,14.79,15.06,15.98
48229,7.9,8.91,9.63,9.17,9.46,10.15
48231,12.1,13.63,14.6,13.54,12.68,11.97
48233,12.3,15.88,14.87,17.21,17.22,17.87
48235,11.1,12.88,13.45,12.93,14.26,15.79
48237,13.6,16.26,17.83,16.39,16.08,16.81
48239,9.5,10.18,10.35,11.24,12.08,14.26
48241,14.0,16.82,17.72,17.49,17.8,17.98
48243,9.1,10.31,11.15,10.68,11.14,11.71
48245,12.1,13.08,15.2,13.47,14.36,15.45
48247,6.3,7.74,7.82,7.3,7.68,9.04
48249,8.2,10.46,10.8,10.33,11.51,14.11
48251,9.5,11.28,11.09,12.3,11.47,11.66
48253,7.2,8.52,8.73,8.03,8.01,9.4
48255,7.0,7.46,7.61,7.61,7.4,8.61
48257,12.4,11.99,13.38,13.74,15.57,18.06
48259,8.5,8.28,9.44,8.89,8.66,9.44
48261,7.0,7.94,8.78,8.16,8.35,9.76
48263,7.4,8.45,9.0,8.75,8.9,9.85
48265,14.5,14.06,16.45,15.89,15.6,16.45
48267,9.4,10.13,10.78,10.92,10.57,10.92
48269,8.1,9.2,9.99,9.57,9.77,10.23
48271,4.8,5.52,6.0,5.64,5.78,6.66
48273,7.7,7.96,9.3,9.12,9.64,11.27
48275,8.1,9.14,9.95,9.57,9.66,10.23
48277,10.9,12.76,13.06,14.14,12.77,11.32
48279,9.8,11.14,11.7,12.77,11.32,11.21
48281,7.6,8.82,10.11,8.53,9.44,9.4
48283,8.9,9.6,10.3,9.34,9.89,11.89
48285,6.6,7.07,8.4,8.66,8.02,8.2
48287,8.4,8.88,10.6,9.8,9.01,8.25
48289,13.5,15.71,17.01,13.79,15.61,16.06
48291,17.7,15.38,17.9,14.67,18.36,21.84
48293,8.3,10.26,10.14,12.2,10.82,8.99
48295,9.6,10.92,12.42,11.89,11.72,11.57
48297,6.8,7.79,9.22,7.59,7.8,9.01
48299,15.2,19.41,16.59,17.56,16.16,14.55
48301,14.4,16.22,17.68,16.95,17.45,19.42
48303,10.2,12.2,14.34,15.3,14.45,14.52
48305,8.5,10.2,10.47,11.06,12.03,14.05
48307,8.2,8.92,9.93,9.28,9.37,9.75
48309,9.6,9.02,9.65,11.56,10.88,9.25
48311,7.3,8.34,8.95,8.47,8.7,10.56
48313,9.8,9.52,10.48,10.04,9.95,8.78
48315,15.3,16.32,19.15,17.79,19.21,21.18
48317,10.2,11.49,12.43,14.87,12.69,11.59
48319,7.2,8.36,8.77,8.53,8.57,9.46
48321,8.5,11.49,11.28,10.8,10.74,11.98
48323,4.0,5.0,4.84,5.13,4.98,5.56
48325,4.9,5.61,5.65,5.87,6.29,6.96
48327,9.0,12.01,11.25,11.14,10.99,10.89
48329,8.6,7.72,8.51,10.1,9.05,8.5
48331,9.3,9.29,10.6,9.17,10.27,10.97
48333,9.2,12.39,11.48,11.0,12.43,13.89
48335,8.4,9.54,11.9,10.07,10.24,10.63
48337,16.5,17.81,21.4,22.75,19.64,17.95
48339,11.8,12.74,16.82,13.38,15.4,17.41
48341,6.7,7.75,7.77,8.34,8.08,8.52
48343,10.7,11.47,12.41,12.28,13.43,14.72
48345,8.3,9.45,10.11,9.79,9.99,11.02
48347,15.4,11.51,12.67,10.59,11.4,11.97
48349,10.0,11.46,12.77,12.5,13.13,13.54
48351,19.5,21.74,21.35,20.27,22.57,25.34
48353,13.9,14.1,13.59,14.07,16.9,20.35
48355,18.5,18.16,21.16,16.5,14.69,14.11
48357,7.5,8.02,8.75,8.3,8.38,8.93
48359,11.9,14.3,14.64,13.98,14.6,16.19
48361,21.9,19.47,28.14,22.67,22.19,21.98
48363,14.2,15.19,20.62,15.65,17.05,19.04
48365,9.7,11.5,13.95,10.96,13.53,16.65
48367,12.6,14.47,14.15,9.9,12.25,14.96
48369,6.0,6.88,7.21,7.0,7.31,8.99
48371,7.0,8.36,8.48,8.43,8.5,8.19
48373,17.7,17.94,18.47,18.88,17.26,14.3
48375,14.0,16.16,15.17,14.23,19.68,26.58
48377,6.1,6.95,7.46,7.14,7.5,7.81
48379,13.1,13.34,14.71,14.11,15.24,16.73
48381,11.7,12.66,14.25,11.74,12.9,15.47
48383,12.7,15.29,15.66,14.94,17.31,20.26
48385,7.1,8.06,8.88,8.43,8.57,9.29
48387,11.4,14.53,13.27,13.1,13.35,13.25
48389,16.5,16.67,16.93,15.31,17.15,19.43
48391,13.8,13.3,14.74,14.19,14.71,16.39
48393,9.1,10.45,11.22,10.8,11.07,11.39
48395,10.9,11.45,13.62,12.54,15.76,17.76
48397,7.9,7.59,10.95,11.39,8.58,6.48
48399,6.6,7.6,8.51,7.75,7.98,9.04
48401,8.5,9.35,10.38,10.27,11.82,14.17
48403,11.5,13.2,15.46,14.3,14.62,15.19
48405,11.0,12.56,14.9,13.01,13.93,15.18
48407,17.4,18.85,21.87,17.42,18.64,18.55
48409,13.4,13.98,15.31,14.48,14.09,15.12
48411,8.5,10.23,10.2,10.43,10.33,10.25
48413,8.6,9.32,9.86,9.39,9.75,10.7
48415,9.2,10.85,10.72,10.58,10.54,10.39
48417,6.8,7.81,8.38,7.95,8.75,10.41
48419,9.9,13.82,13.49,11.23,14.96,18.75
48421,9.9,11.31,12.14,12.41,12.0,11.87
48423,9.8,9.81,9.77,9.89,11.12,12.17
48425,9.6,9.78,10.8,9.96,11.14,12.98
48427,3.3,3.88,3.84,4.02,4.26,4.27
48429,7.2,8.22,9.02,8.24,9.0,10.2
48431,9.1,10.35,11.1,10.53,11.03,12.2
48433,7.5,8.58,9.24,9.32,9.06,9.3
48435,7.7,8.2,8.9,8.48,8.74,9.75
48437,7.4,8.82,9.08,9.14,8.97,9.86
48439,9.1,10.82,10.07,8.75,8.76,9.39
48441,12.5,14.06,13.21,13.0,11.79,11.7
48443,8.5,10.24,10.41,10.05,10.36,11.03
48445,7.5,9.08,9.63,9.39,9.13,10.19
48447,11.6,13.27,14.43,14.4,13.88,14.13
48449,6.8,7.29,8.91,7.57,8.78,9.73
48451,10.0,13.43,12.66,10.11,10.73,11.5
48453,11.8,12.6,12.31,13.17,13.02,13.5
48455,16.3,18.91,20.38,21.71,18.55,14.11
48457,16.1,18.81,19.1,22.78,21.01,18.91
48459,9.8,11.69,12.63,11.77,13.61,15.95
48461,10.7,11.79,12.34,11.74,14.43,17.23
48463,6.0,7.18,8.08,7.81,7.63,8.22
48465,5.8,6.83,7.9,7.03,6.43,6.72
48467,13.2,15.2,14.25,13.0,14.98,17.96
48469,8.9,10.7,12.21,10.31,10.87,12.8
48471,6.7,7.77,9.45,8.63,9.16,8.56
48473,11.1,9.91,12.75,11.33,10.87,11.03
48475,13.1,12.72,15.61,13.63,13.95,14.48
48477,6.2,6.61,7.86,8.29,7.83,7.81
48479,9.7,12.27,13.89,9.98,10.71,11.97
48481,7.5,9.7,9.8,9.25,13.21,18.18
48483,10.2,12.42,12.61,12.62,12.33,12.01
48485,15.1,17.08,16.42,16.49,16.01,16.25
48487,12.7,12.91,13.82,13.16,14.93,17.13
48489,5.4,6.35,7.34,8.24,7.08,7.34
48491,6.6,6.98,5.98,7.19,6.64,6.75
48493,6.0,6.37,7.69,7.54,7.95,9.22
48495,15.4,16.34,17.85,16.85,18.28,20.67
48497,11.1,14.06,15.45,12.47,14.07,16.76
48499,11.4,12.57,14.78,12.94,12.66,12.98
48501,11.7,13.36,14.09,13.65,14.12,16.32
48503,21.8,25.14,30.57,27.56,23.55,20.45
48505,7.0,9.39,9.18,8.18,8.81,10.03
48507,7.0,8.04,8.1,8.22,8.25,9.38
49001,20.5,23.29,25.88,23.66,26.81,32.03
49003,20.2,25.06,20.89,20.18,19.5,20.93
49005,10.6,12.67,12.58,13.43,11.65,12.13
49007,40.8,53.03,49.24,44.4,40.79,39.26
49009,20.7,25.04,23.73,22.95,23.55,26.64
49011,17.0,18.17,17.81,15.22,14.5,15.85
49013,26.1,26.8,23.31,26.62,25.31,26.44
49015,31.7,37.54,37.75,43.67,39.32,37.17
49017,16.5,19.93,20.06,20.32,18.67,18.44
49019,19.1,20.36,22.98,25.78,25.29,26.35
49021,20.7,25.35,22.49,20.47,18.3,16.33
49023,21.4,23.78,27.94,24.37,27.03,31.4
49025,21.7,27.0,26.13,25.07,25.18,25.38
49027,18.5,21.77,24.65,23.44,25.53,28.78
49029,13.8,15.26,17.9,17.33,16.27,17.36
49031,17.2,19.8,21.18,20.35,20.75,22.96
49033,17.3,18.62,19.66,20.1,19.55,21.36
49035,25.6,23.92,24.5,23.0,21.95,23.71
49037,13.1,13.39,14.73,13.52,14.53,16.1
49039,19.3,19.9,23.85,20.68,19.08,18.36
49041,19.1,24.28,26.01,26.17,27.71,30.82
49043,15.8,18.46,19.52,17.31,17.03,19.05
49045,23.7,20.75,24.87,24.71,24.87,27.41
49047,17.5,19.5,19.49,22.41,24.76,30.02
49049,17.1,18.03,18.93,16.0,14.83,16.53
49051,15.3,17.6,19.02,16.02,17.37,21.23
49053,21.0,18.32,21.27,22.39,18.91,15.73
49055,22.1,26.69,27.12,30.89,26.86,23.78
49057,29.1,27.01,27.25,25.38,24.13,25.24
50001,10.2,13.72,12.42,12.91,12.27,11.18
50003,13.5,20.58,17.11,24.51,22.62,20.9
50005,14.1,17.7,20.88,19.53,24.14,28.79
50007,14.6,16.81,20.45,13.72,14.39,15.02
50009,17.6,16.86,17.93,17.69,18.69,20.3
50011,18.9,17.91,21.65,21.96,18.66,15.68
50013,14.6,16.23,16.53,14.83,14.84,14.88
50015,12.1,14.15,15.25,15.28,15.52,15.93
50017,14.9,18.05,20.89,19.11,17.56,16.03
50019,18.1,19.84,18.74,18.5,18.99,19.67
50021,19.5,22.66,23.49,30.09,25.7,21.41
50023,15.0,18.31,19.48,21.67,18.9,16.06
50025,17.8,22.81,33.16,41.7,38.76,35.6
50027,22.4,25.82,24.54,28.73,26.65,24.69
51001,12.7,15.24,15.52,15.71,16.15,15.0
51003,6.1,6.87,8.33,7.37,8.4,8.32
51005,13.6,17.38,19.05,14.71,15.15,15.8
51007,10.9,13.1,13.48,12.56,17.29,21.71
51009,8.2,10.63,10.95,9.67,13.33,15.96
51011,7.6,8.83,8.32,8.24,8.77,8.07
51013,7.4,10.9,10.28,6.75,8.52,9.0
51015,10.1,12.92,16.91,15.93,15.32,13.97
51017,12.0,13.69,14.75,14.52,14.52,14.42
51019,11.7,12.71,17.73,14.21,13.02,11.28
51021,29.2,31.62,34.23,30.21,32.08,33.87
51023,12.3,12.12,14.89,17.71,16.3,14.84
51025,9.4,11.18,13.86,12.81,13.83,14.61
51027,43.7,39.08,40.89,45.75,42.82,40.01
51029,6.0,6.98,7.77,7.23,7.69,7.53
51031,9.5,11.79,12.79,14.16,12.0,8.96
51033,14.3,20.37,20.39,22.14,17.49,12.78
51035,14.3,14.68,18.07,15.79,20.06,24.72
51036,14.0,17.74,18.35,17.27,18.37,19.63
51037,11.0,12.96,13.89,13.81,15.96,17.28
51041,11.4,19.73,21.06,23.83,24.07,24.51
51043,14.4,18.32,16.23,15.0,18.87,22.12
51045,14.8,17.68,18.92,17.35,17.53,18.09
51047,21.0,23.42,31.96,27.34,23.96,19.84
51049,10.9,12.27,14.53,12.3,13.81,15.04
51051,45.6,47.63,50.39,47.69,54.09,60.98
51053,10.6,12.24,13.64,13.51,14.13,14.92
51057,10.8,13.0,12.89,12.93,12.18,11.32
51059,7.4,9.38,10.27,7.95,9.08,9.45
51061,18.3,27.17,25.1,21.51,23.21,23.86
51063,11.5,12.71,15.16,13.69,14.42,14.48
51065,7.5,8.64,9.69,11.99,9.95,7.3
51067,16.2,21.98,20.88,27.17,20.81,14.04
51069,22.4,25.52,22.47,20.77,22.12,22.55
51071,24.4,25.62,30.4,23.77,25.28,26.99
51073,14.6,20.09,19.92,18.67,16.7,14.8
51075,12.0,13.61,14.77,13.18,14.37,15.41
51077,10.7,12.16,12.52,11.12,12.86,14.75
51079,10.4,10.69,12.77,12.62,14.33,14.96
51081,9.6,10.91,14.54,13.53,12.53,11.32
51083,10.9,12.09,12.03,15.62,16.78,17.13
51085,12.3,13.29,18.08,16.62,18.06,19.53
51087,14.2,18.49,20.45,18.53,20.48,22.52
51089,20.0,23.45,28.37,29.54,31.18,32.88
51091,14.2,15.28,16.43,15.62,16.05,15.75
51093,11.5,13.72,14.1,15.97,14.87,13.28
51095,9.5,11.5,12.96,10.76,11.03,11.08
51097,14.0,17.39,18.48,20.64,17.6,14.14
51099,17.9,21.91,26.41,26.2,25.02,23.39
51101,16.4,19.25,21.56,18.77,17.91,16.6
51103,12.0,14.12,15.94,15.09,13.83,11.8
51105,21.4,24.83,28.32,30.78,29.18,27.35
51107,6.3,10.18,7.94,7.42,7.64,7.22
51109,14.2,16.08,17.59,18.34,24.18,29.12
51111,7.8,8.44,8.93,9.23,9.34,8.74
51113,15.3,16.76,17.6,17.43,18.7,19.08
51115,13.9,15.41,15.99,14.39,13.91,13.16
51117,13.2,14.04,15.68,19.3,16.2,12.25
51119,13.6,14.85,19.5,15.91,15.04,13.84
51121,10.3,13.43,14.33,12.82,12.87,12.62
51125,9.2,13.16,14.12,11.76,13.34,13.76
51127,11.8,12.26,17.21,15.23,14.58,13.82
51131,10.6,13.55,14.99,13.27,14.07,13.88
51133,12.3,12.63,15.54,13.52,13.78,13.11
51135,8.3,10.35,10.22,11.01,12.08,12.36
51137,19.7,30.25,26.02,29.03,27.49,25.32
51139,15.8,19.5,20.03,19.61,22.25,23.9
51141,23.4,24.06,22.64,22.78,23.96,24.94
51143,12.1,13.52,14.58,16.25,18.54,20.07
51145,11.7,13.32,17.67,14.57,17.23,19.71
51147,8.4,10.44,9.77,8.7,9.52,9.69
51149,10.5,14.2,17.64,14.1,14.45,15.11
51153,7.8,11.89,13.88,12.64,13.98,14.4
51155,25.6,30.79,34.52,31.05,35.43,40.13
51157,20.7,23.24,23.37,21.15,23.13,24.46
51159,14.7,15.27,16.94,15.96,17.18,17.89
51161,13.4,17.17,24.85,23.64,17.83,12.05
51163,13.0,13.01,13.46,12.83,13.02,12.68
51165,7.2,8.55,10.17,8.45,10.32,11.42
51167,26.7,32.08,31.53,26.35,28.19,29.52
51169,17.6,22.69,19.52,20.94,19.08,17.29
51171,20.8,18.44,20.74,19.05,23.56,27.2
51173,18.9,19.83,21.94,20.27,22.24,24.2
51175,9.3,11.11,11.71,11.8,11.2,10.6
51177,15.6,20.03,17.48,20.87,20.64,19.94
51179,11.9,16.37,14.46,15.87,17.8,18.9
51181,11.3,13.09,15.35,14.12,14.49,14.4
51183,9.2,11.27,13.42,11.46,12.37,13.66
51185,34.5,31.32,35.31,34.83,42.9,50.8
51187,27.0,25.8,32.77,30.49,35.01,39.1
51191,15.8,17.13,20.15,16.77,18.55,20.02
51193,22.0,26.58,28.97,24.41,28.47,32.04
51195,36.3,41.1,47.52,41.27,41.78,43.21
51197,23.6,27.67,26.86,20.92,22.98,24.81
51199,9.6,10.97,10.76,11.94,13.98,15.96
51510,8.9,11.4,11.31,8.25,11.94,14.58
51520,20.4,26.04,24.8,25.45,25.59,25.34
51530,8.9,10.04,11.33,10.84,11.0,10.47
51540,9.0,9.94,11.52,11.18,11.69,11.15
51550,17.2,19.89,19.29,17.42,17.14,16.3
51570,18.3,23.61,28.58,28.69,26.42,24.69
51580,16.9,19.35,26.79,20.12,20.36,20.66
51590,14.1,16.35,17.59,19.72,21.71,23.23
51595,9.8,11.12,12.73,12.17,11.64,11.0
51600,15.9,17.76,18.7,15.4,18.22,20.41
51610,7.8,10.06,12.3,10.2,10.42,9.63
51620,12.0,13.62,16.01,15.07,14.53,14.12
51630,21.2,23.18,22.97,27.16,22.24,16.85
51640,15.1,15.43,17.34,15.56,17.98,20.54
51650,15.8,21.44,16.56,18.5,25.43,32.24
51660,8.0,9.34,11.58,10.08,11.81,12.69
51670,19.0,27.78,32.92,35.2,33.0,31.2
51678,7.5,8.66,9.23,8.94,9.4,9.31
51680,8.9,10.62,11.96,12.24,15.48,17.72
51683,13.0,16.33,18.84,18.2,21.74,24.14
51685,7.4,9.51,11.29,9.16,10.79,11.47
51690,26.6,29.9,34.63,35.88,36.69,38.03
51700,12.8,19.83,17.28,20.05,20.78,21.17
51710,16.9,25.57,23.55,20.62,21.04,21.01
51720,26.7,30.55,32.81,30.56,31.5,33.23
51730,22.1,31.62,35.43,29.87,35.63,41.71
51735,13.4,18.04,14.71,14.52,16.51,18.45
51740,19.7,26.46,25.82,25.75,29.91,33.46
51750,11.6,15.37,14.97,14.61,14.98,15.75
51760,22.1,29.4,33.34,33.33,38.99,44.82
51770,24.3,22.59,37.97,43.15,37.53,31.99
51775,17.8,21.29,27.85,27.05,25.79,24.68
51790,18.3,18.15,21.36,19.89,18.73,16.8
51800,9.8,10.84,11.39,11.3,13.71,15.48
51810,13.4,18.62,17.03,14.51,12.21,9.67
51820,18.0,17.07,18.5,18.76,24.59,29.37
51830,11.6,14.47,16.16,14.34,16.2,17.82
51840,22.0,29.78,28.22,24.69,29.5,33.34
53001,7.0,7.86,9.08,7.72,9.02,9.98
53003,16.8,21.87,22.37,18.01,17.85,17.1
53005,17.5,16.17,16.3,15.26,14.7,14.27
53007,13.5,14.37,14.8,13.77,17.06,18.77
53009,21.3,28.22,26.38,25.83,25.01,24.44
53011,14.7,14.1,16.89,14.33,14.66,15.55
53013,11.7,12.57,14.4,13.45,13.19,12.33
53015,18.3,21.88,24.01,21.28,21.11,21.23
53017,14.6,14.69,12.81,12.19,14.92,16.13
53019,22.2,21.27,24.9,24.41,23.29,19.92
53021,8.0,9.37,9.97,9.96,9.05,7.91
53023,12.9,15.54,15.97,14.93,15.37,15.28
53025,14.5,13.68,16.21,16.47,15.46,13.2
53027,23.3,29.0,27.33,22.17,25.84,30.01
53029,13.9,12.17,15.72,11.41,13.02,15.12
53031,18.3,22.28,23.81,22.18,21.76,21.65
53033,13.5,14.14,15.2,16.55,18.3,19.29
53035,16.1,15.43,14.12,15.56,15.75,15.96
53037,9.9,9.39,11.8,9.63,12.74,14.69
53039,12.2,15.73,15.71,14.7,18.89,23.19
53041,17.2,18.8,19.12,18.18,18.99,19.61
53043,13.5,17.98,17.3,16.52,16.8,15.85
53045,20.9,20.81,20.57,19.27,23.15,26.83
53047,17.8,16.4,15.21,21.75,17.87,12.85
53049,21.1,23.59,26.27,22.84,21.92,21.82
53051,20.2,20.59,20.47,18.58,22.73,24.71
53053,16.9,17.54,18.58,17.72,17.28,16.42
53055,12.1,16.56,16.35,16.09,17.51,18.98
53057,18.9,19.73,19.11,18.66,16.88,15.02
53059,14.8,16.54,19.67,16.42,17.48,19.04
53061,17.7,16.44,17.5,20.2,21.98,23.16
53063,19.6,22.88,17.95,16.24,16.18,15.23
53065,15.0,20.55,20.45,18.25,15.4,10.73
53067,14.0,12.11,13.4,13.65,14.6,15.61
53069,16.9,19.26,21.36,20.94,20.04,19.55
53071,16.0,16.74,22.62,19.4,18.09,15.91
53073,13.7,9.97,11.9,8.63,10.1,10.8
53075,8.5,8.84,9.85,8.45,8.57,8.02
53077,11.6,11.8,15.13,15.09,17.28,18.98
54001,17.2,18.55,21.43,20.58,21.3,21.44
54003,40.8,66.65,71.12,57.22,51.1,44.52
54005,69.2,57.8,70.13,87.72,71.12,54.74
54007,19.7,22.01,25.39,26.17,24.79,23.61
54009,36.1,42.42,42.42,36.71,41.16,44.51
54011,76.6,94.06,134.79,115.21,100.41,85.4
54013,15.7,17.26,18.55,20.4,18.08,15.78
54015,27.4,31.04,28.79,33.78,30.24,26.86
54017,15.7,18.79,19.42,17.5,18.84,19.86
54019,33.3,38.04,59.23,51.99,62.3,73.49
54021,11.2,12.82,14.13,13.94,14.09,13.69
54023,15.7,19.62,18.35,23.33,20.34,16.51
54025,31.0,30.02,31.51,33.18,35.09,37.33
54027,43.1,52.17,46.5,49.96,56.36,61.8
54029,44.9,47.54,52.18,43.3,55.19,65.64
54031,16.5,18.7,20.13,23.46,21.29,18.15
54033,27.4,33.99,32.29,31.62,37.05,41.65
54035,19.6,22.03,23.77,24.05,21.57,18.29
54037,29.5,48.15,40.39,37.93,40.72,43.36
54039,54.8,58.62,67.2,64.96,70.88,76.32
54041,14.7,16.62,24.11,21.36,20.93,20.06
54043,41.6,55.25,70.61,55.34,56.1,57.04
54045,63.0,57.4,87.14,67.32,82.34,97.8
54047,113.9,82.37,77.27,82.75,74.26,65.65
54049,16.3,20.4,20.75,24.55,31.42,37.44
54051,17.6,23.5,25.0,25.1,25.46,24.82
54053,30.3,44.56,52.3,45.87,39.23,31.22
54055,56.9,66.09,60.84,58.39,49.77,41.34
54057,21.6,32.63,27.46,29.31,29.07,27.93
54059,54.9,74.86,72.29,52.16,57.8,64.09
54061,14.1,24.56,24.77,20.18,22.29,23.84
54063,28.0,32.77,33.4,31.6,33.76,36.09
54065,30.2,38.27,50.71,41.54,43.92,45.94
54067,34.4,42.66,37.13,28.89,31.81,34.87
54069,28.0,28.68,35.63,37.75,37.65,36.75
54071,12.9,15.35,17.48,17.09,16.54,14.8
54073,16.2,18.06,18.06,19.42,18.62,16.89
54075,30.2,30.57,30.79,29.36,30.31,30.84
54077,15.0,22.41,22.01,17.14,19.0,19.84
54079,30.2,33.56,49.2,38.23,35.91,32.82
54081,73.1,62.02,73.07,66.17,83.13,100.65
54083,15.5,20.19,20.43,17.93,20.32,21.7
54085,14.8,16.84,19.42,17.83,19.4,20.83
54087,21.3,29.67,25.49,26.13,24.06,21.95
54089,42.9,52.2,51.33,48.46,47.13,46.04
54091,16.4,18.2,21.94,22.1,20.88,19.01
54093,10.7,13.11,13.33,13.26,13.7,13.64
54095,15.0,16.94,18.32,18.59,18.69,18.46
54097,13.6,15.36,18.88,15.86,15.46,14.29
54099,41.6,70.95,99.71,67.26,60.56,54.0
54101,35.5,36.19,37.7,36.42,39.32,41.91
54103,20.7,21.53,25.1,25.22,23.79,21.71
54105,17.2,19.46,19.63,21.17,22.76,24.21
54107,25.5,41.5,28.22,30.88,34.82,38.24
54109,94.7,78.42,78.44,68.55,70.45,72.5
55001,19.8,20.62,27.17,30.53,26.01,20.91
55003,17.7,17.04,20.81,19.38,21.51,24.67
55005,7.7,8.86,9.24,8.33,8.5,9.27
55007,9.1,9.57,11.73,11.01,11.11,11.81
55009,11.2,12.95,15.0,11.37,14.57,17.71
55011,7.0,8.44,8.68,9.29,8.64,9.48
55013,10.4,12.81,12.13,12.51,12.92,14.2
55015,7.5,7.87,8.55,8.16,9.13,9.76
55017,9.1,10.76,14.23,11.94,12.84,14.81
55019,5.2,6.55,7.16,6.18,6.64,7.5
55021,20.4,25.16,22.59,24.41,24.65,24.36
55023,11.8,12.37,13.28,11.57,13.08,14.8
55025,15.9,19.54,19.97,19.15,22.07,24.26
55027,20.8,24.59,23.2,23.0,21.72,19.55
55029,8.2,7.89,9.17,8.01,9.43,11.25
55031,11.7,13.38,16.08,14.0,19.42,25.28
55033,8.4,8.5,8.65,7.82,8.78,10.3
55035,9.1,10.64,11.03,11.24,13.23,16.43
55037,15.6,16.91,20.1,17.87,18.77,20.24
55039,13.8,14.15,12.15,14.29,13.76,12.97
55041,18.1,20.24,25.39,27.5,25.81,24.14
55043,7.1,9.66,9.62,7.9,9.05,10.18
55045,10.0,13.5,11.22,13.57,13.1,11.75
55047,11.5,14.57,14.65,12.91,14.2,14.98
55049,10.4,13.83,12.56,11.99,12.36,12.54
55051,12.7,13.6,16.12,15.64,14.78,14.04
55053,12.9,13.93,19.19,13.48,13.81,14.45
55055,13.3,13.92,19.71,16.11,17.02,16.52
55057,13.1,16.15,16.11,16.04,16.58,16.79
55059,22.1,27.89,30.86,25.36,21.68,17.29
55061,6.9,8.06,8.55,8.29,8.92,9.46
55063,11.6,17.17,19.72,16.53,17.46,18.61
55065,6.2,8.42,7.96,8.0,7.62,6.94
55067,14.5,14.15,15.07,14.2,13.7,12.89
55069,10.6,11.36,11.96,12.67,13.8,14.52
55071,18.2,15.37,16.0,16.35,17.12,18.26
55073,9.2,10.61,11.23,8.91,10.45,11.45
55075,11.0,13.25,13.86,12.48,14.95,17.32
55077,16.3,24.15,28.75,28.82,21.61,13.84
55078,19.9,22.34,28.1,24.95,24.21,23.1
55079,26.9,33.15,37.15,36.57,41.17,44.61
55081,10.6,13.05,14.86,15.16,21.19,27.88
55083,6.4,8.09,8.23,7.13,8.49,9.18
55085,10.6,12.64,10.8,13.05,11.63,10.43
55087,10.0,10.39,11.2,7.93,10.18,12.31
55089,9.1,9.8,12.34,9.82,11.25,11.78
55091,6.5,7.39,7.93,7.7,9.23,11.56
55093,7.2,7.84,9.78,8.81,8.43,9.49
55095,7.9,7.04,7.55,8.38,7.19,7.11
55097,7.8,10.19,10.74,9.56,11.02,12.12
55099,8.6,10.76,11.88,10.75,11.53,13.27
55101,18.9,17.37,24.01,16.31,18.72,20.4
55103,10.5,16.05,15.62,13.82,15.48,16.4
55105,18.9,25.25,27.87,27.29,26.52,24.92
55107,9.8,10.03,12.53,11.38,11.73,12.55
55109,6.8,7.79,8.7,8.89,8.62,9.75
55111,18.5,22.23,19.15,22.46,22.53,22.13
55113,17.3,19.08,22.67,21.87,22.55,24.12
55115,8.1,9.91,13.1,10.8,11.41,11.84
55117,15.7,17.76,17.54,14.54,16.84,19.33
55119,5.8,5.93,6.26,6.15,6.57,7.46
55121,6.5,9.06,8.42,9.25,8.32,8.58
55123,6.9,10.19,9.89,8.3,9.34,10.38
55125,20.8,18.66,19.59,20.17,23.27,26.5
55127,14.6,17.66,18.95,18.84,21.94,24.33
55129,11.2,11.48,12.11,10.42,10.61,11.64
55131,12.4,16.17,16.38,15.24,15.9,15.22
55133,11.6,15.66,18.61,17.35,16.54,14.39
55135,9.1,9.47,10.76,10.97,11.16,11.02
55137,7.7,10.38,10.38,9.96,9.42,8.23
55139,14.2,14.99,18.32,16.86,14.52,11.88
55141,11.0,14.36,12.69,10.48,13.66,16.5
56001,11.5,14.56,13.1,11.73,13.82,17.69
56003,15.2,18.85,21.29,18.82,21.05,23.92
56005,12.6,12.8,14.72,13.21,13.4,15.37
56007,23.7,27.67,26.62,21.24,22.67,26.1
56009,10.1,13.47,11.67,11.8,11.47,13.54
56011,7.6,8.72,9.89,8.92,9.22,10.71
56013,25.0,20.95,17.56,21.46,24.82,30.36
56015,9.9,10.08,10.71,11.54,11.2,12.54
56017,12.4,13.93,15.85,14.89,15.01,17.09
56019,12.1,13.79,13.96,12.61,13.6,16.13
56021,16.7,14.44,16.55,14.04,17.23,21.62
56023,15.3,18.85,18.21,15.17,17.47,21.55
56025,17.6,20.28,16.96,18.13,18.47,21.53
56027,10.5,11.37,12.13,11.68,11.85,13.91
56029,13.2,15.33,15.05,13.58,12.61,12.67
56031,13.2,14.85,15.03,16.13,15.79,17.2
56033,9.6,10.87,12.01,11.01,11.4,12.45
56035,8.6,10.27,10.35,11.16,11.08,14.02
56037,16.8,24.0,19.64,18.89,20.21,24.62
56039,7.6,9.45,9.65,9.18,9.98,12.62
56041,23.5,23.83,22.78,20.05,21.16,24.6
56043,14.0,15.86,16.18,18.98,17.1,16.83
56045,8.9,10.14,10.79,10.85,10.7,12.24
