FIPS,2016 kals,2017 kals,2018 kals,2019 kals,2020 kals
01001,10.7,10.08,10.78,9.48,9.63
01003,16.6,15.38,15.34,14.76,14.11
01005,5.7,5.82,5.19,5.7,7.1
01007,22.6,21.82,22.85,19.9,18.4
01009,22.7,26.66,20.76,20.19,21.71
01011,8.3,8.11,7.51,8.31,10.33
01013,10.8,10.17,8.94,9.98,12.24
01015,14.6,22.65,16.6,17.1,19.77
01017,12.2,12.42,11.82,13.26,16.24
01019,18.0,18.17,17.85,21.05,25.99
01021,14.5,16.83,19.56,18.57,19.26
01023,7.1,7.62,7.35,7.99,8.25
01025,8.0,9.51,9.14,10.4,11.91
01027,10.9,12.04,10.7,11.65,14.16
01029,13.2,15.88,13.29,13.95,16.26
01031,8.9,9.23,8.45,9.47,11.23
01033,8.9,8.82,9.13,11.15,16.08
01035,15.8,18.07,18.02,15.55,13.74
01037,12.1,13.48,13.42,12.18,13.01
01039,8.4,10.32,10.14,11.68,13.89
01041,8.0,9.44,8.65,9.43,11.41
01043,20.6,21.54,20.51,18.35,18.8
01045,10.5,9.76,10.12,10.72,11.72
01047,6.6,7.37,6.66,6.55,7.99
01049,23.6,29.9,23.14,26.54,31.96
01051,9.6,9.89,8.89,9.84,12.79
01053,26.3,32.69,31.72,33.93,36.27
01055,17.1,28.11,24.73,20.76,19.37
01057,19.7,20.96,17.74,22.43,28.56
01059,17.5,15.12,16.02,16.87,19.98
01061,10.8,14.36,15.22,12.27,9.87
01063,5.9,6.51,6.18,6.12,7.21
01065,6.5,7.67,7.54,6.85,7.48
01067,7.5,9.31,7.97,7.84,8.17
01069,10.7,13.8,15.04,12.32,9.77
01071,10.1,13.63,12.52,11.92,13.41
01073,29.5,30.42,27.9,28.47,31.09
01075,9.3,11.07,9.58,10.11,11.82
01077,12.2,12.74,13.69,12.94,14.75
01079,17.8,16.83,14.89,14.6,16.75
01081,7.2,8.71,7.9,8.33,9.69
01083,8.6,10.37,9.89,8.81,9.91
01085,6.2,6.87,6.3,6.48,7.8
01087,7.0,7.82,7.23,7.53,9.2
01089,16.0,19.34,13.9,18.45,25.6
01091,5.4,6.19,6.21,6.18,7.2
01093,6.9,8.32,7.22,8.71,11.86
01095,15.1,16.02,16.43,18.6,23.46
01097,15.7,13.46,14.52,13.44,12.6
01099,10.0,12.63,11.13,11.17,11.47
01101,7.3,7.15,7.61,6.67,7.36
01103,14.0,17.68,18.34,16.22,16.17
01105,6.6,7.13,6.82,7.18,8.59
01107,12.9,13.82,16.68,13.48,11.37
01109,7.9,8.8,7.47,7.64,8.48
01111,12.4,15.83,15.27,13.16,11.82
01113,12.4,12.4,14.76,20.78,27.57
01115,29.7,30.37,28.19,24.69,23.16
01117,20.6,17.32,17.61,16.75,17.64
01119,4.8,5.26,4.96,5.0,5.95
01121,11.7,14.62,15.63,11.43,9.07
01123,14.7,11.83,12.27,14.18,17.81
01125,15.3,17.11,14.78,14.12,14.49
01127,26.0,26.38,24.92,29.68,36.24
01129,9.1,9.79,9.93,8.85,7.92
01131,6.0,6.46,6.36,6.29,7.38
01133,13.1,12.12,13.66,13.96,16.86
02013,14.1,17.13,14.52,15.89,16.47
02016,11.5,13.23,11.8,12.21,12.23
02020,18.6,23.6,18.38,19.26,19.41
02050,12.4,13.23,11.91,13.68,14.04
02060,18.2,19.61,18.66,19.29,18.83
02063,0.0,0.05,-0.06,-0.01,-1.27
02066,0.0,0.01,-0.07,0.04,-2.34
02068,13.8,14.73,14.15,14.73,12.6
02070,17.1,17.37,16.49,18.07,19.14
02090,15.0,15.7,13.94,18.23,20.03
02100,11.7,12.59,11.96,12.45,12.1
02105,0.0,0.25,-0.29,0.09,0.32
02110,20.7,25.63,19.02,21.45,23.44
02122,24.4,21.64,25.28,22.09,18.96
02130,16.0,19.97,18.36,16.92,15.63
02150,16.3,15.55,14.14,15.31,17.5
02158,10.3,12.46,11.97,12.34,11.83
02164,15.9,18.08,16.37,16.85,16.54
02170,22.0,21.08,17.61,19.65,21.02
02180,10.8,11.49,11.7,12.09,12.01
02185,10.9,12.38,12.6,13.73,12.8
02188,6.9,7.9,7.13,7.7,8.15
02195,0.0,0.02,-0.07,0.03,0.3
02198,0.0,0.16,-0.06,-0.07,0.49
02220,15.7,15.88,15.23,16.55,18.03
02230,0.0,0.14,-0.12,-0.02,0.03
02240,12.6,13.47,12.12,12.56,10.61
02275,0.0,0.09,-0.03,-0.01,0.41
02282,14.0,14.95,14.43,14.83,13.79
02290,15.8,15.06,15.27,16.7,16.86
04001,11.5,12.33,14.82,13.28,12.21
04003,20.9,22.6,20.2,21.64,23.25
04005,15.0,18.78,22.24,18.23,16.05
04007,35.5,34.54,31.13,31.5,32.3
04009,20.2,22.22,23.97,24.71,25.64
04011,17.8,20.21,18.44,19.7,21.73
04012,29.4,29.4,28.49,22.25,16.01
04013,18.8,22.0,24.27,27.19,30.96
04015,27.4,26.25,21.86,24.13,25.72
04017,27.5,19.14,17.22,22.54,27.84
04019,23.8,24.49,25.34,28.58,32.47
04021,14.5,14.7,16.34,18.05,20.66
04023,11.9,15.52,14.63,14.38,14.23
04025,30.4,26.59,25.63,35.47,45.58
04027,18.4,14.5,16.16,18.91,20.91
05001,11.9,14.35,12.55,13.26,13.18
05003,12.2,12.42,15.82,14.66,12.44
05005,20.5,24.07,20.46,19.43,18.09
05007,15.0,13.31,13.66,12.16,10.29
05009,15.8,15.71,14.83,16.71,18.16
05011,8.7,9.44,9.1,9.08,7.78
05013,12.7,12.72,12.37,12.63,10.9
05015,17.9,19.6,26.08,23.08,20.03
05017,10.0,10.24,9.67,9.94,9.01
05019,8.7,9.63,7.43,7.65,6.29
05021,17.2,16.92,16.9,19.11,21.57
05023,13.3,14.77,15.63,14.38,12.32
05025,11.4,10.85,10.83,10.47,9.05
05027,11.6,10.72,12.24,11.79,10.58
05029,16.1,15.62,14.83,15.17,15.07
05031,11.8,13.62,12.51,11.2,9.82
05033,19.9,20.3,21.6,16.94,10.87
05035,12.0,17.8,17.26,15.53,14.54
05037,13.5,16.03,15.57,15.89,16.2
05039,8.2,8.93,8.41,9.14,8.62
05041,7.7,8.51,7.94,8.31,7.87
05043,13.8,15.5,14.37,13.71,12.17
05045,13.2,13.57,14.93,14.75,14.26
05047,21.4,21.57,19.39,16.93,13.9
05049,18.1,21.56,17.6,20.52,22.86
05051,25.3,33.22,28.33,24.65,19.83
05053,12.7,15.48,13.6,14.28,14.19
05055,18.0,15.84,16.94,14.26,11.39
05057,8.1,9.46,10.61,10.33,9.18
05059,13.4,19.56,12.98,13.77,13.23
05061,8.1,8.86,8.72,8.52,7.45
05063,13.8,14.67,14.41,12.82,10.2
05065,18.3,23.64,19.97,19.45,17.99
05067,15.7,14.13,13.64,14.48,14.9
05069,10.1,15.07,14.57,12.98,10.46
05071,13.7,17.95,15.89,14.32,12.16
05073,8.0,8.52,8.34,8.51,8.1
05075,13.3,15.61,14.98,15.55,15.57
05077,10.4,12.98,11.66,12.99,14.11
05079,12.4,18.82,18.12,15.26,11.66
05081,12.6,15.79,13.35,13.95,13.68
05083,20.8,20.15,23.69,19.94,15.62
05085,19.7,15.86,17.01,18.08,18.69
05087,12.0,10.74,11.11,10.52,9.46
05089,16.5,18.6,19.3,17.66,15.89
05091,7.6,8.4,7.2,8.9,9.6
05093,17.8,16.76,15.27,14.16,13.33
05095,8.3,9.03,8.5,9.31,10.11
05097,13.3,15.13,16.17,14.62,12.7
05099,9.6,9.32,8.92,9.84,10.08
05101,17.2,21.29,19.13,20.3,21.25
05103,12.2,11.68,12.38,11.22,9.09
05105,14.2,15.36,13.18,13.99,13.88
05107,9.3,8.79,8.56,8.44,8.41
05109,15.1,16.24,17.97,16.09,13.64
05111,20.0,21.28,19.63,19.8,19.8
05113,15.8,15.89,15.37,14.8,13.61
05115,13.9,12.47,12.29,12.47,11.74
05117,9.2,9.77,9.41,9.85,10.52
05119,14.6,17.69,19.3,20.23,20.23
05121,14.1,15.7,14.46,16.14,17.67
05123,8.1,9.39,9.19,9.65,9.85
05125,16.8,22.97,17.86,24.21,29.71
05127,20.7,18.8,20.93,19.16,17.15
05129,16.7,15.63,15.1,15.59,15.98
05131,19.7,16.52,16.67,13.57,9.09
05133,11.0,13.02,11.36,12.1,12.04
05135,20.7,24.11,18.74,19.45,19.58
05137,12.9,14.05,13.77,14.2,13.43
05139,13.9,13.95,14.88,15.35,14.57
05141,12.7,14.79,13.42,13.42,12.47
05143,8.3,8.76,7.15,7.44,7.01
05145,15.4,15.92,13.11,14.9,16.57
05147,13.5,15.16,14.66,13.66,13.21
05149,14.3,15.86,16.13,13.7,10.25
06001,10.2,8.76,11.44,15.14,19.96
06003,21.3,22.55,21.63,23.79,26.44
06005,25.0,23.94,24.69,31.06,37.72
06007,32.8,24.51,27.11,27.41,28.64
06009,21.3,21.33,21.2,25.52,30.65
06011,17.0,14.44,12.98,14.97,17.7
06013,11.1,10.69,13.86,14.76,16.72
06015,19.7,22.76,17.36,23.11,29.62
06017,23.1,20.0,19.81,19.74,20.22
06019,14.8,13.16,11.79,13.79,16.57
06021,20.4,19.3,20.87,22.15,24.53
06023,40.0,35.26,29.04,30.8,33.41
06025,19.0,14.15,21.36,17.33,12.54
06027,24.5,22.5,28.67,24.55,21.43
06029,23.4,25.79,25.64,28.71,32.56
06031,10.2,11.38,12.97,14.94,18.11
06033,36.3,46.01,61.79,67.42,74.27
06035,37.1,30.52,28.67,37.75,47.73
06037,8.2,9.16,9.77,12.32,14.66
06039,13.2,13.64,11.33,17.52,23.6
06041,15.8,15.74,14.54,18.03,22.45
06043,26.9,25.85,22.5,28.03,34.14
06045,32.1,31.03,34.17,42.68,52.13
06047,14.6,13.71,13.94,16.29,18.82
06049,27.6,32.38,25.66,30.64,36.81
06051,13.3,12.03,12.84,12.63,13.06
06053,12.8,11.55,11.96,14.86,18.52
06055,10.6,11.81,13.27,13.65,14.9
06057,19.5,20.48,18.89,19.26,20.05
06059,13.2,12.27,13.18,13.15,12.79
06061,13.2,12.26,12.32,15.57,19.48
06063,26.1,29.52,29.33,32.77,36.99
06065,14.9,17.02,18.14,18.41,17.83
06067,15.4,14.4,15.98,20.34,25.37
06069,9.9,13.45,12.69,13.87,16.25
06071,4.9,8.9,12.36,11.55,9.81
06073,13.2,14.51,14.66,14.54,13.87
06075,21.8,21.74,26.05,42.05,59.01
06077,15.3,19.09,17.16,17.12,17.39
06079,16.6,16.29,16.31,18.65,22.2
06081,7.4,10.03,9.84,14.08,19.11
06083,15.5,15.64,16.21,18.06,21.67
06085,8.0,8.48,9.14,11.26,14.46
06087,18.1,17.2,16.66,20.02,23.84
06089,23.5,22.43,22.24,23.35,25.36
06091,28.5,30.58,32.58,30.68,28.97
06093,29.6,22.71,20.71,20.18,21.03
06095,12.1,13.72,16.98,17.23,18.31
06097,13.0,14.82,16.53,20.24,24.07
06099,14.1,13.99,14.96,16.1,17.84
06101,12.8,12.98,15.03,12.44,10.19
06103,14.6,13.94,12.92,12.48,13.11
06105,27.9,25.24,26.72,29.32,32.0
06107,9.7,8.89,11.39,9.89,9.5
06109,29.8,29.0,23.05,27.63,32.82
06111,13.4,17.28,16.25,16.49,17.4
06113,14.6,13.04,11.23,12.65,15.17
06115,16.7,16.92,16.24,14.73,13.72
08001,0.0,0.14,0.16,0.14,0.73
08003,21.7,25.42,25.4,25.78,25.73
08005,15.6,14.62,16.5,17.03,17.97
08007,15.3,17.39,16.4,17.79,19.25
08009,15.7,16.91,17.14,17.64,17.62
08011,21.9,22.19,20.59,20.61,19.58
08013,15.7,16.61,16.27,16.18,16.56
08014,0.0,0.1,-0.02,0.06,0.53
08015,19.8,19.89,18.04,22.26,25.17
08017,9.3,10.03,9.51,9.76,9.66
08019,14.7,16.56,15.16,16.23,17.59
08021,31.4,35.23,28.31,35.59,42.62
08023,28.2,30.03,30.23,33.15,35.54
08025,16.9,17.98,17.7,17.07,15.72
08027,21.9,22.05,22.27,21.7,20.18
08029,16.0,17.86,15.45,23.05,30.16
08031,19.4,21.54,22.12,23.71,25.79
08033,20.6,22.02,20.05,20.58,21.13
08035,11.0,9.99,8.77,9.72,10.89
08037,9.4,11.82,10.45,11.81,13.6
08039,14.0,13.41,12.89,14.3,16.43
08041,24.2,26.36,25.79,26.37,26.81
08043,28.8,26.62,25.14,23.43,20.95
08045,19.1,17.55,15.82,17.67,20.13
08047,15.0,16.17,15.3,16.61,18.11
08049,13.7,17.11,13.45,12.98,12.88
08051,13.0,13.91,11.93,14.29,16.49
08053,15.4,16.64,15.71,16.42,16.68
08055,48.6,44.49,42.23,43.17,43.51
08057,18.6,21.1,18.9,19.77,20.73
08059,0.0,0.26,-0.03,0.26,0.43
08061,12.2,13.09,12.5,12.84,11.67
08063,9.7,11.76,10.19,10.89,11.88
08065,16.5,18.65,16.9,21.37,26.05
08067,14.8,15.52,14.81,14.96,14.72
08069,13.2,15.38,15.07,15.53,16.84
08071,40.0,36.59,35.3,37.32,38.93
08073,13.7,13.85,14.9,13.77,12.6
08075,17.1,13.78,14.11,14.43,16.22
08077,17.9,24.46,16.57,19.65,23.21
08079,17.4,19.95,18.0,18.44,18.43
08081,18.2,19.23,16.58,22.09,28.17
08083,22.7,18.58,17.25,21.16,24.96
08085,14.0,17.3,16.81,16.55,16.56
08087,13.9,12.71,14.7,13.83,14.24
08089,21.0,21.23,26.45,28.0,28.88
08091,14.7,15.94,15.14,17.13,18.69
08093,19.2,21.24,18.55,18.92,18.71
08095,10.6,10.67,10.21,10.48,12.35
08097,13.8,16.26,14.79,15.63,17.01
08099,16.4,17.46,17.61,15.64,12.76
08101,24.6,29.58,27.36,32.9,37.69
08103,20.7,20.95,19.86,21.97,23.98
08105,30.3,35.35,32.9,33.57,33.54
08107,19.4,19.69,14.78,16.59,18.56
08109,17.5,18.85,20.95,19.78,18.01
08111,16.6,17.76,17.07,18.52,19.29
08113,12.4,13.32,13.32,13.47,12.56
08115,12.9,13.79,14.08,13.81,15.64
08117,11.4,12.27,10.87,11.48,12.24
08119,17.8,22.2,19.24,19.43,19.05
08121,9.7,10.17,10.62,10.23,10.47
08123,0.0,0.14,-0.03,0.01,0.81
08125,5.7,6.11,5.93,6.38,7.59
09001,18.6,18.84,18.75,19.74,22.22
09003,29.7,34.06,34.06,36.69,41.4
09005,24.1,29.76,38.23,38.74,40.86
09007,28.0,29.04,34.47,31.52,30.96
09009,29.5,33.94,31.52,38.19,46.67
09011,34.7,33.52,34.79,40.27,47.88
09013,22.6,26.89,24.83,23.35,24.04
09015,29.9,34.73,33.08,40.62,50.44
10001,25.0,24.5,32.1,33.14,35.67
10003,28.6,40.33,43.86,45.8,48.95
10005,32.6,29.1,34.12,40.63,48.78
11001,38.1,42.22,36.63,41.59,47.36
12001,12.4,11.87,9.87,11.16,11.8
12003,21.7,24.78,22.17,21.29,19.61
12005,25.9,21.14,20.66,29.16,37.32
12007,21.6,25.2,23.4,24.79,25.31
12009,31.4,40.75,43.04,49.42,54.53
12011,27.7,28.62,22.7,25.72,27.96
12013,14.0,18.18,15.51,15.2,14.54
12015,9.9,9.2,8.64,10.85,11.91
12017,39.6,28.79,32.08,32.0,30.63
12019,32.2,28.18,25.99,26.61,26.15
12021,15.1,18.45,16.19,20.8,23.04
12023,17.7,23.09,23.33,21.0,18.08
12027,13.8,12.3,11.97,16.59,20.1
12029,33.6,31.46,30.83,25.78,19.91
12031,42.5,45.73,33.56,39.08,43.61
12033,15.7,18.28,24.15,27.19,29.22
12035,16.2,18.66,17.66,23.16,27.1
12037,25.6,27.49,24.88,24.19,23.43
12039,8.1,8.02,7.76,8.17,8.0
12041,13.5,17.25,15.07,14.45,13.13
12043,20.4,20.66,20.06,23.17,24.91
12045,17.3,23.15,20.05,21.23,21.8
12047,12.0,14.16,12.59,13.87,14.18
12049,12.6,13.04,12.79,13.55,13.09
12051,14.6,16.06,17.23,18.19,17.99
12053,23.2,22.41,24.58,28.52,31.33
12055,22.5,20.51,20.79,22.36,22.43
12057,16.6,16.62,18.57,19.93,20.28
12059,21.8,22.27,24.43,20.6,16.56
12061,21.6,18.68,23.17,21.12,17.85
12063,11.6,12.13,12.32,12.64,12.91
12065,14.4,16.06,13.43,19.05,24.36
12067,18.4,21.51,23.24,23.3,23.01
12069,14.4,22.09,15.44,24.46,31.36
12071,20.7,29.78,30.39,28.67,25.4
12073,9.0,9.27,8.85,9.93,10.53
12075,20.6,24.22,22.78,20.93,18.61
12077,10.8,13.25,11.65,12.64,13.16
12079,11.3,12.73,13.34,13.72,13.6
12081,44.6,36.87,26.96,30.86,33.68
12083,40.6,36.71,35.7,31.2,24.86
12085,23.9,25.99,28.38,24.97,20.25
12086,11.0,11.77,9.27,11.22,12.04
12087,36.0,28.55,27.25,35.82,42.51
12089,27.3,29.11,24.94,22.75,19.45
12091,21.7,20.82,25.04,25.09,24.33
12093,24.7,28.15,30.86,28.6,25.27
12095,16.4,17.72,18.39,19.68,18.91
12097,15.8,18.43,21.12,19.61,16.29
12099,40.0,41.6,28.87,30.4,31.03
12101,30.7,30.19,31.79,35.65,38.49
12103,27.2,26.18,29.89,39.67,48.34
12105,20.1,21.31,20.99,20.86,19.09
12107,17.9,20.69,19.77,19.75,18.07
12109,15.1,16.25,12.76,13.06,12.0
12111,31.9,28.33,24.59,22.35,19.19
12113,15.3,19.01,18.88,19.5,19.1
12115,22.6,29.01,23.75,24.91,24.88
12117,18.8,22.91,21.33,18.33,13.27
12119,12.7,11.94,13.04,14.63,14.5
12121,15.9,14.4,14.75,16.1,16.96
12123,17.2,19.26,15.64,19.48,22.88
12125,17.3,18.86,23.02,20.69,17.98
12127,22.0,26.51,31.37,33.26,33.31
12129,16.7,19.13,16.33,16.62,16.19
12131,17.5,18.37,19.42,20.87,22.04
12133,15.9,17.49,19.56,23.43,27.14
13001,14.0,13.57,13.3,13.98,14.44
13003,15.5,19.31,16.53,16.46,16.3
13005,14.1,15.77,14.55,17.37,19.82
13007,9.1,9.87,9.43,10.35,11.2
13009,7.1,9.2,8.08,8.98,10.28
13011,19.5,22.23,18.63,22.81,27.07
13013,18.0,20.49,18.95,18.92,19.32
13015,20.0,22.93,20.42,20.13,20.31
13017,8.9,10.07,8.86,11.09,12.89
13019,10.2,10.5,10.88,12.48,13.83
13021,11.6,13.49,10.72,10.53,11.28
13023,11.9,13.46,11.61,11.77,11.79
13025,25.9,26.07,24.89,22.58,18.81
13027,8.2,8.4,8.44,10.63,12.23
13029,10.1,13.39,13.16,11.72,9.68
13031,6.8,8.0,6.65,8.19,9.55
13033,13.3,13.69,13.59,15.63,17.35
13035,20.3,22.21,21.53,20.98,20.97
13037,7.1,7.13,6.75,7.16,7.81
13039,13.7,13.81,13.14,13.62,13.27
13043,9.6,10.37,10.32,9.69,9.01
13045,25.0,27.44,20.16,25.45,31.54
13047,28.7,31.08,20.48,22.6,26.96
13049,14.2,20.52,15.91,14.29,11.86
13051,12.5,13.84,13.99,13.54,12.55
13053,9.1,10.23,10.1,11.23,13.68
13055,23.5,24.85,27.74,23.44,20.75
13057,19.7,17.23,18.54,14.3,10.22
13059,12.8,12.51,11.18,13.83,16.79
13061,11.3,11.59,10.85,11.25,11.92
13063,9.1,11.77,9.97,9.05,8.95
13065,10.5,11.03,10.03,10.95,11.67
13067,16.7,18.55,15.5,14.76,14.0
13069,16.5,19.4,19.44,18.41,17.15
13071,9.1,10.52,11.16,10.81,10.13
13073,13.5,15.78,15.24,13.38,11.54
13075,10.1,11.25,11.07,11.94,12.64
13077,12.6,15.43,13.65,13.64,14.38
13079,18.5,18.96,15.79,16.77,18.51
13081,7.5,8.71,7.84,7.95,7.96
13083,14.3,18.89,15.9,19.72,25.6
13085,21.1,23.32,26.35,21.42,16.76
13087,9.6,9.4,9.58,10.53,11.22
13089,10.2,10.23,11.11,12.2,13.54
13091,16.6,17.66,16.89,16.64,15.77
13093,7.0,7.35,7.09,7.07,7.21
13095,9.8,9.43,9.68,14.24,19.03
13097,20.1,18.03,17.1,17.79,19.2
13099,8.6,8.84,7.99,8.71,9.67
13101,10.9,12.39,11.31,11.68,11.08
13103,10.7,14.14,10.83,10.82,10.96
13105,16.8,19.69,19.11,18.92,18.34
13107,7.7,8.99,8.9,8.2,7.06
13109,8.5,9.31,8.06,8.72,9.59
13111,27.3,28.78,22.55,22.33,23.1
13113,9.7,12.68,9.13,13.02,18.1
13115,18.5,17.01,19.6,19.03,19.59
13117,10.9,13.17,11.08,11.56,12.23
13119,25.7,25.94,25.83,31.8,37.88
13121,15.9,16.08,15.95,15.11,14.54
13123,21.3,26.12,18.95,19.84,21.3
13125,13.3,14.23,15.2,14.98,14.33
13127,16.2,18.69,16.11,16.57,15.76
13129,17.3,17.22,17.82,14.94,12.87
13131,6.5,7.7,6.52,7.32,7.94
13133,10.7,12.1,13.24,11.23,9.2
13135,9.0,10.24,10.61,9.16,7.84
13137,16.6,15.09,14.39,17.18,19.46
13139,16.1,17.56,15.86,15.78,15.81
13141,7.7,8.78,8.01,9.45,11.3
13143,33.3,30.6,29.81,29.92,31.17
13145,14.0,11.72,11.52,13.5,16.54
13147,14.0,14.37,14.75,15.82,17.04
13149,18.0,18.52,15.57,17.43,20.47
13151,17.3,14.86,15.39,13.78,12.56
13153,10.2,14.13,11.39,11.9,12.71
13155,10.1,10.85,10.27,13.09,15.22
13157,20.0,21.38,21.09,20.82,20.66
13159,13.0,16.12,14.24,13.8,13.66
13161,26.1,24.36,21.99,24.22,26.17
13163,10.7,11.4,10.61,10.09,9.3
13165,9.4,9.63,9.63,9.56,9.08
13167,10.0,10.08,9.68,9.44,8.61
13169,12.3,15.66,14.45,13.75,14.21
13171,17.1,18.91,16.82,16.84,17.91
13173,8.6,9.19,8.36,8.56,8.93
13175,14.8,14.44,13.15,12.91,12.05
13177,9.2,10.89,9.83,10.68,12.15
13179,9.9,11.9,12.32,10.98,9.22
13181,14.1,16.07,14.11,14.63,15.19
13183,11.6,14.19,12.23,12.31,11.73
13185,8.9,7.77,8.73,8.44,7.61
13187,21.4,24.68,22.39,20.19,17.92
13189,11.8,13.87,15.32,14.57,13.57
13191,17.6,16.46,15.95,17.1,17.11
13193,7.8,8.07,7.54,8.5,9.84
13195,20.1,23.62,22.36,23.34,24.44
13197,8.9,9.15,9.49,9.11,9.68
13199,12.8,14.99,16.48,15.98,16.83
13201,10.7,11.59,12.09,12.09,12.27
13205,7.9,9.8,8.83,9.09,9.27
13207,14.2,15.27,12.47,13.57,16.09
13209,10.5,12.47,10.96,11.51,11.28
13211,11.1,13.2,12.69,11.83,10.96
13213,22.8,25.9,25.84,23.5,22.25
13215,9.8,11.98,11.08,12.72,15.28
13217,13.7,14.78,13.11,13.27,13.62
13219,9.3,11.24,10.42,11.76,13.56
13221,13.3,15.73,14.44,17.7,20.88
13223,20.4,17.59,14.77,16.18,18.23
13225,12.5,13.6,15.11,13.29,11.89
13227,17.6,21.7,18.89,14.75,10.9
13229,19.7,18.43,17.15,19.84,21.71
13231,10.5,11.96,11.43,12.47,14.74
13233,22.6,24.0,19.58,23.35,27.89
13235,10.6,12.64,10.95,11.65,12.17
13237,11.2,12.8,11.67,12.22,12.82
13239,9.6,10.2,9.85,10.17,11.23
13241,24.9,29.76,22.98,29.12,35.58
13243,5.9,6.66,6.07,6.67,7.75
13245,22.8,25.99,27.22,22.15,16.68
13247,16.9,15.36,16.6,13.94,11.68
13249,7.2,7.77,7.52,8.07,9.61
13251,8.6,9.25,8.34,9.07,9.71
13253,11.4,14.26,13.44,12.94,12.21
13255,16.8,17.66,17.84,15.09,13.31
13257,21.9,20.64,19.93,20.93,21.84
13259,8.9,8.61,8.1,8.8,10.72
13261,6.0,6.78,7.09,7.17,8.15
13263,12.0,12.88,12.44,13.98,16.58
13265,11.2,12.22,11.7,12.45,12.85
13267,16.3,18.11,15.5,14.74,13.88
13269,11.6,13.73,12.82,12.5,12.89
13271,11.0,12.39,10.79,11.57,11.84
13273,5.8,6.25,5.94,6.6,7.88
13275,7.0,7.93,7.21,8.34,9.46
13277,9.0,8.41,7.9,8.73,9.02
13279,11.5,14.01,14.16,13.17,11.57
13281,22.8,24.09,21.85,23.12,24.95
13283,8.5,8.82,8.16,8.72,8.22
13285,14.8,16.0,13.83,13.82,15.22
13287,10.1,10.71,10.36,10.93,10.69
13289,13.5,14.15,13.59,12.84,12.6
13291,20.4,19.94,19.76,19.37,20.2
13293,14.0,15.57,14.97,14.83,15.92
13295,18.9,22.86,17.61,20.45,25.49
13297,17.5,17.29,19.45,19.6,19.92
13299,17.1,18.62,17.32,19.37,20.52
13301,11.0,11.95,12.3,11.85,11.03
13303,8.7,8.09,7.56,7.68,7.5
13305,24.3,23.75,23.44,20.92,17.3
13307,7.5,7.65,7.31,7.52,8.82
13309,10.2,11.59,10.38,10.93,10.46
13311,20.7,19.5,20.23,22.76,25.02
13313,14.0,17.43,13.88,17.08,21.5
13315,9.4,9.37,8.93,8.95,8.64
13317,14.2,16.13,16.19,16.11,15.5
13319,10.7,12.11,11.51,11.28,11.49
13321,12.9,10.93,11.14,12.18,13.1
15001,12.4,12.75,13.58,11.09,8.97
15003,14.2,15.1,15.1,18.43,24.02
15005,18.9,20.4,19.53,20.09,22.43
15007,14.0,14.02,15.27,16.71,20.73
15009,12.4,14.41,15.23,15.86,17.94
16001,15.8,15.62,15.83,16.25,16.31
16003,11.5,12.88,11.99,13.54,15.64
16005,24.6,25.15,20.19,28.2,37.35
16007,19.9,19.08,18.93,19.72,22.25
16009,16.7,17.05,16.05,17.29,20.41
16011,12.6,11.53,11.95,12.52,14.29
16013,11.9,13.96,12.25,12.35,13.06
16015,17.1,17.13,15.87,16.61,16.92
16017,11.9,13.62,12.99,13.52,15.32
16019,22.5,18.83,19.46,22.66,27.26
16021,15.7,17.67,16.93,18.47,21.61
16023,12.1,12.25,11.7,11.93,13.66
16025,11.6,12.58,11.87,12.31,12.86
16027,8.9,9.6,11.36,9.81,8.68
16029,12.7,14.98,13.11,13.75,15.87
16031,10.3,11.43,12.51,12.55,13.41
16033,13.0,13.93,12.64,12.92,13.59
16035,10.8,11.71,10.44,11.2,13.48
16037,12.8,14.62,13.99,13.57,13.13
16039,11.5,14.02,11.85,15.95,19.96
16041,14.2,13.66,12.45,13.06,15.28
16043,10.7,11.36,9.91,11.01,12.87
16045,21.5,19.53,23.42,19.79,15.74
16047,10.4,11.06,11.24,10.63,10.47
16049,11.6,14.41,12.68,12.27,13.34
16051,8.3,8.05,8.32,8.87,10.59
16053,9.6,10.05,9.55,9.81,11.02
16055,13.9,14.41,14.22,14.72,17.22
16057,10.6,12.27,13.31,11.44,11.27
16059,12.7,13.63,13.73,14.14,13.98
16061,12.8,13.21,12.18,12.59,14.44
16063,11.6,11.76,12.54,11.57,11.66
16065,4.5,5.02,4.54,4.86,5.92
16067,12.6,13.4,15.61,14.27,13.89
16069,16.4,19.61,17.76,15.5,14.99
16071,12.5,13.28,13.46,14.02,17.14
16073,12.3,13.18,14.2,13.06,12.48
16075,21.3,16.31,16.38,16.83,17.74
16077,11.9,12.72,11.4,12.26,14.31
16079,22.4,27.43,24.41,22.48,21.44
16081,9.5,10.74,10.4,10.74,11.99
16083,18.4,17.63,17.74,20.87,25.17
16085,16.4,15.06,15.56,15.42,14.94
16087,9.2,10.68,9.75,9.77,9.92
17001,14.3,13.35,15.38,12.9,11.29
17003,10.4,10.59,10.57,11.17,12.8
17005,14.6,16.39,16.51,16.31,17.45
17007,14.5,18.41,18.3,13.77,10.27
17009,8.5,8.55,8.25,8.47,9.84
17011,16.5,16.4,14.2,14.94,16.77
17013,15.7,18.51,15.97,15.34,15.19
17015,10.3,10.02,9.67,10.8,12.67
17017,8.9,9.48,10.17,9.52,10.02
17019,12.3,16.07,14.87,20.68,28.04
17021,19.3,19.04,15.51,14.09,13.03
17023,15.8,17.38,16.28,15.97,15.88
17025,10.9,11.73,10.5,11.33,13.56
17027,11.4,12.28,10.81,11.3,13.38
17029,12.2,12.01,13.66,13.51,14.53
17031,21.3,23.83,23.16,25.86,29.16
17033,12.6,13.85,13.58,13.99,14.78
17035,9.0,9.33,9.26,9.24,10.61
17037,13.6,15.66,13.32,13.55,14.29
17039,21.2,21.76,18.34,18.92,20.78
17041,10.1,11.95,10.11,12.49,16.19
17043,14.2,15.99,16.13,14.81,14.04
17045,14.2,14.05,13.79,13.24,13.76
17047,16.3,17.44,15.85,16.27,17.47
17049,10.9,15.64,14.36,12.03,10.78
17051,17.8,19.8,15.99,15.3,15.73
17053,11.9,14.94,13.9,13.16,13.62
17055,28.7,32.47,22.6,25.65,30.05
17057,15.2,17.13,16.28,14.13,12.97
17059,22.1,20.65,18.77,20.95,23.13
17061,17.0,20.42,20.16,18.03,16.73
17063,24.5,19.09,22.44,25.93,29.77
17065,12.4,13.0,10.81,12.01,13.78
17067,8.5,9.15,10.18,9.2,9.5
17069,24.4,24.76,25.82,25.04,24.49
17071,9.1,10.68,10.03,10.35,11.84
17073,9.5,9.88,10.4,12.04,14.58
17075,21.5,20.36,22.65,24.34,26.87
17077,17.9,18.0,21.64,15.91,11.64
17079,13.3,13.12,12.28,12.99,14.78
17081,16.8,18.93,18.94,19.55,21.83
17083,23.2,37.84,32.87,26.74,21.15
17085,9.7,10.23,9.57,10.22,11.52
17087,13.5,14.52,14.28,14.49,15.8
17089,11.8,15.79,13.67,13.84,14.83
17091,18.0,26.01,24.36,23.85,23.72
17093,17.1,14.42,14.07,12.62,11.77
17095,12.7,16.21,14.43,16.19,19.14
17097,13.2,14.54,13.6,12.99,13.07
17099,20.8,29.81,35.72,29.33,24.26
17101,16.8,16.93,19.55,18.31,17.4
17103,15.2,15.96,16.21,19.43,22.96
17105,24.1,25.41,26.86,24.39,23.33
17107,15.5,16.13,17.04,14.39,12.34
17109,8.1,7.89,7.07,7.74,10.04
17111,17.8,24.52,19.27,15.26,11.7
17113,13.9,17.67,17.15,17.2,17.98
17115,16.2,16.87,17.95,19.7,21.97
17117,17.4,16.6,17.5,17.14,17.8
17119,27.1,34.61,38.56,38.91,40.03
17121,26.1,25.66,23.76,27.51,32.72
17123,12.6,13.22,12.7,13.94,15.91
17125,12.2,14.68,14.7,12.91,12.04
17127,23.6,23.92,20.29,23.49,27.55
17129,14.3,16.37,16.43,15.7,15.66
17131,10.9,12.99,11.95,11.8,12.73
17133,16.4,13.87,14.72,14.79,15.77
17135,19.3,19.63,20.36,20.95,22.46
17137,13.5,12.32,13.49,13.82,14.93
17139,7.7,8.79,8.38,9.58,12.04
17141,17.2,15.83,14.47,15.59,17.3
17143,18.9,28.82,26.3,25.54,25.81
17145,20.8,17.06,15.66,15.61,17.15
17147,11.3,12.2,9.9,10.95,13.68
17149,13.2,13.39,11.22,12.98,15.45
17151,18.1,19.33,18.49,20.48,23.02
17153,13.1,14.82,14.02,15.45,18.24
17155,19.6,22.18,18.8,20.06,22.43
17157,18.9,15.61,18.02,15.37,14.19
17159,9.8,10.92,10.66,10.88,12.25
17161,11.8,14.11,12.24,14.85,18.03
17163,16.1,23.6,25.32,26.79,29.41
17165,26.5,28.97,27.15,34.62,42.73
17167,16.7,22.96,21.34,19.6,18.61
17169,8.4,9.48,8.79,8.81,10.12
17171,11.7,11.85,12.04,11.67,12.27
17173,11.2,13.84,12.8,13.06,14.14
17175,14.2,14.83,14.4,15.08,16.52
17177,12.6,13.7,15.02,16.93,20.08
17179,17.6,23.21,19.41,16.35,14.64
17181,16.8,19.26,17.28,18.06,19.92
17183,25.9,28.35,22.62,27.39,33.17
17185,15.2,14.36,12.61,13.33,14.85
17187,7.5,8.41,8.43,9.01,10.78
17189,15.9,15.26,13.81,13.53,14.85
17191,9.9,10.2,10.42,11.72,13.88
17193,13.5,18.24,14.37,16.69,19.56
17195,11.0,12.47,13.74,12.67,12.08
17197,18.7,21.05,19.06,20.81,22.85
17199,21.3,21.74,19.88,16.96,15.5
17201,37.2,38.61,47.72,43.04,39.35
17203,12.3,12.27,10.87,10.47,10.96
18001,12.1,14.98,12.64,15.83,19.7
18003,19.5,23.18,22.18,27.41,32.64
18005,19.3,33.0,25.67,23.47,21.72
18007,16.1,16.04,15.91,15.96,16.65
18009,37.4,37.86,32.96,28.3,24.37
18011,25.4,20.39,20.49,23.64,28.17
18013,19.1,22.01,21.55,18.25,15.0
18015,14.7,15.95,18.45,15.85,13.91
18017,10.8,12.28,14.09,13.38,13.17
18019,35.0,34.11,37.29,36.1,35.28
18021,17.5,17.64,17.53,17.68,18.2
18023,18.2,21.61,24.05,23.84,24.46
18025,22.5,21.54,20.39,22.33,24.16
18027,12.3,13.63,12.55,11.96,11.29
18029,31.3,33.0,26.59,29.78,33.06
18031,21.6,27.29,20.75,23.95,27.26
18033,13.4,14.58,14.86,19.27,24.6
18035,31.9,40.8,34.13,35.87,38.27
18037,11.2,9.33,9.59,9.42,9.25
18039,11.8,16.16,14.4,12.11,11.6
18041,55.5,66.06,55.86,65.01,74.73
18043,29.2,32.16,28.12,37.87,47.76
18045,17.5,18.12,20.16,21.35,23.21
18047,31.8,29.1,33.76,29.38,24.97
18049,19.1,18.47,16.54,19.26,23.11
18051,9.8,13.02,11.45,12.46,14.21
18053,28.8,36.84,32.06,26.33,21.24
18055,15.4,22.28,18.63,18.16,17.81
18057,11.6,13.92,12.1,11.75,12.57
18059,18.3,20.13,22.11,19.55,18.1
18061,26.4,21.68,20.37,26.6,32.89
18063,17.3,18.7,16.5,16.45,17.56
18065,22.2,29.66,24.43,27.76,31.62
18067,25.4,40.73,35.19,36.84,39.3
18069,20.8,17.49,17.18,18.09,19.44
18071,26.1,33.69,35.03,26.57,18.3
18073,20.0,20.94,17.75,19.17,21.56
18075,23.2,38.11,32.68,31.2,30.11
18077,16.8,20.47,19.95,18.88,17.92
18079,29.5,36.16,34.88,35.33,35.6
18081,23.3,23.25,22.59,20.07,18.21
18083,17.0,15.33,14.0,15.18,16.13
18085,14.3,19.62,15.5,14.83,15.26
18087,5.9,6.81,6.32,5.95,7.29
18089,20.9,30.04,25.82,28.96,32.71
18091,23.6,25.22,20.22,23.6,27.88
18093,13.7,16.05,18.23,18.85,18.88
18095,31.6,38.67,31.72,38.54,46.18
18097,33.6,37.12,35.29,37.69,41.32
18099,13.4,18.3,15.97,14.72,15.01
18101,12.4,14.83,14.41,14.71,14.46
18103,17.3,17.99,15.86,17.55,19.97
18105,18.6,20.21,18.91,18.29,17.21
18107,21.7,28.58,30.42,26.46,23.4
18109,27.8,26.23,32.87,30.95,29.44
18111,25.3,20.85,24.57,22.17,20.67
18113,12.6,12.64,10.89,12.89,16.02
18115,26.1,28.25,24.74,26.48,28.7
18117,11.8,13.32,12.91,12.62,11.81
18119,16.6,18.46,15.86,18.45,21.16
18121,12.7,14.18,12.76,13.41,15.06
18123,14.5,15.78,12.19,12.32,13.34
18125,11.7,11.88,10.64,12.6,14.75
18127,26.8,27.37,22.11,23.66,25.83
18129,14.2,16.95,14.05,15.28,16.75
18131,28.8,29.77,27.86,25.26,23.3
18133,13.2,12.93,14.54,12.77,11.17
18135,31.3,42.87,28.83,29.81,30.9
18137,25.8,30.25,23.88,24.67,25.63
18139,23.6,28.16,22.21,22.1,22.65
18141,20.8,24.38,22.23,16.5,12.53
18143,68.0,55.92,49.0,44.74,41.02
18145,19.1,24.28,23.91,25.26,27.37
18147,10.9,10.2,9.22,11.07,12.95
18149,40.3,51.11,45.09,46.54,48.91
18151,10.2,9.79,8.67,10.44,13.87
18153,24.2,22.77,20.43,22.5,24.73
18155,31.2,32.4,27.02,28.41,30.26
18157,17.0,15.64,20.38,20.53,21.49
18159,24.7,22.74,21.91,22.35,23.18
18161,32.0,43.02,38.45,35.38,32.5
18163,26.7,33.84,26.03,22.9,20.1
18165,18.0,24.81,18.03,21.5,26.12
18167,20.8,19.01,17.78,19.57,21.65
18169,23.8,30.65,23.58,23.79,24.85
18171,15.5,16.5,16.94,16.77,17.76
18173,8.9,11.48,10.55,11.06,11.86
18175,22.2,27.6,25.93,25.32,24.7
18177,48.4,78.64,57.54,61.76,66.16
18179,15.9,16.37,17.85,22.25,27.22
18181,18.9,20.57,21.42,19.01,17.02
18183,10.1,10.93,11.32,11.57,12.68
19001,8.6,10.34,9.01,9.64,11.29
19003,10.4,11.21,9.98,10.96,12.43
19005,9.3,8.2,7.49,8.64,9.79
19007,12.9,14.62,13.98,15.23,17.28
19009,7.2,7.02,6.38,7.1,7.96
19011,6.4,6.42,6.33,6.18,5.71
19013,10.0,9.94,9.5,8.14,7.14
19015,8.2,8.75,8.36,8.62,9.77
19017,6.5,6.97,6.66,7.44,8.39
19019,7.7,10.02,9.04,9.06,8.42
19021,5.5,5.72,5.32,5.56,5.8
19023,6.5,6.53,6.17,6.4,7.05
19025,6.9,7.15,6.31,7.19,8.14
19027,7.8,8.0,6.77,6.99,7.11
19029,8.3,9.43,8.96,10.31,12.03
19031,7.2,7.27,6.81,7.96,9.35
19033,12.0,13.05,10.57,12.28,14.61
19035,4.5,4.84,4.61,5.34,5.75
19037,5.4,6.09,5.63,5.67,6.23
19039,9.4,11.2,9.79,11.07,13.56
19041,4.7,5.33,5.12,5.55,6.15
19043,7.2,8.49,7.88,8.62,8.93
19045,10.4,11.0,12.04,11.85,11.86
19047,5.6,6.71,5.84,5.96,6.24
19049,6.8,7.22,6.42,7.25,8.55
19051,6.5,7.19,6.63,7.12,8.34
19053,10.2,10.51,9.75,10.19,11.7
19055,6.6,6.48,6.27,6.29,6.06
19057,13.2,12.91,11.87,11.99,13.08
19059,5.5,6.48,6.03,6.19,6.57
19061,10.6,9.28,8.99,9.13,8.91
19063,4.9,4.86,4.8,4.67,4.77
19065,6.5,6.78,6.64,6.49,6.57
19067,5.2,5.56,4.96,5.16,5.88
19069,5.3,5.36,5.06,5.6,6.53
19071,10.0,12.01,10.99,10.74,9.79
19073,7.4,8.3,7.55,8.27,9.11
19075,6.3,7.23,7.3,7.43,7.93
19077,6.2,7.04,6.41,7.06,8.21
19079,6.2,6.94,7.05,6.99,7.72
19081,4.4,4.74,4.41,4.64,5.47
19083,6.0,6.18,6.21,6.03,6.37
19085,10.5,10.68,10.61,11.05,11.66
19087,7.3,8.16,7.5,7.72,8.97
19089,4.0,4.33,4.13,4.18,4.16
19091,5.4,6.14,5.46,5.82,6.55
19093,6.3,6.88,6.46,7.09,7.67
19095,6.5,7.36,7.33,6.95,6.59
19097,9.5,10.51,10.35,12.91,15.29
19099,11.5,13.77,11.51,12.03,12.71
19101,10.5,11.69,10.83,11.62,13.21
19103,8.7,9.1,6.88,7.15,8.05
19105,6.7,6.84,6.36,7.12,7.41
19107,6.5,7.36,6.7,7.01,8.19
19109,4.3,4.85,4.45,4.99,5.67
19111,15.7,12.02,11.97,12.62,14.23
19113,10.5,14.13,12.57,14.72,16.62
19115,8.7,10.31,9.56,9.84,11.1
19117,10.2,12.85,10.72,11.99,14.51
19119,4.7,4.93,5.1,5.0,3.97
19121,8.8,8.66,9.22,10.0,11.47
19123,10.9,10.77,9.44,9.75,10.47
19125,11.4,12.14,10.56,11.31,12.64
19127,5.8,6.7,6.88,6.32,6.01
19129,9.4,9.16,9.85,9.11,8.2
19131,4.7,5.15,4.57,4.97,5.72
19133,9.5,10.66,9.77,10.04,10.15
19135,8.0,9.64,8.18,8.6,9.97
19137,12.6,14.32,12.99,13.41,13.38
19139,8.0,7.22,7.39,8.36,9.62
19141,3.7,3.89,3.8,3.86,3.53
19143,7.2,7.08,7.72,7.29,6.67
19145,8.0,10.49,8.37,9.32,9.97
19147,4.3,4.63,4.42,4.79,5.18
19149,5.2,6.49,5.5,5.54,5.86
19151,5.8,5.94,5.83,5.89,5.94
19153,14.3,16.32,15.81,20.5,25.65
19155,14.1,13.48,12.22,12.6,13.12
19157,7.3,7.6,8.04,7.75,7.37
19159,9.0,10.21,9.63,9.63,10.57
19161,6.9,8.16,7.48,7.4,7.6
19163,16.6,16.95,15.16,16.67,18.24
19165,7.7,8.74,7.65,7.85,8.0
19167,3.0,3.11,3.02,2.93,2.59
19169,6.9,7.3,7.27,6.73,7.18
19171,6.7,8.8,7.64,7.41,7.26
19173,8.8,8.79,7.83,8.76,10.09
19175,11.4,12.85,10.69,11.36,13.31
19177,9.0,9.17,10.03,9.22,9.51
19179,10.0,12.68,10.98,14.25,18.17
19181,11.0,10.08,10.73,12.11,14.16
19183,7.7,7.91,7.41,7.76,8.51
19185,9.8,11.81,10.21,11.01,12.99
19187,13.2,13.94,12.48,14.32,16.23
19189,5.0,5.6,5.0,5.38,6.17
19191,5.0,5.25,5.55,5.07,4.6
19193,9.1,9.89,8.97,8.87,9.29
19195,11.1,10.37,8.83,9.25,10.17
19197,6.3,6.76,6.05,6.23,7.43
20001,14.6,16.44,16.72,16.3,16.39
20003,10.7,11.64,11.63,11.16,10.43
20005,12.2,12.21,11.87,12.31,13.69
20007,15.7,16.75,15.32,16.56,18.74
20009,7.3,7.68,7.85,9.06,11.69
20011,13.2,15.7,13.89,15.36,16.59
20013,13.7,15.37,12.9,15.66,19.05
20015,14.2,17.02,16.17,13.72,12.7
20017,9.6,10.46,10.42,10.17,10.41
20019,17.6,19.02,19.78,18.93,19.08
20021,15.8,16.93,16.06,18.11,20.61
20023,7.3,7.81,7.9,7.8,9.03
20025,9.1,9.76,9.41,9.62,10.44
20027,13.2,12.11,12.06,11.71,12.43
20029,7.2,7.69,8.24,7.79,8.54
20031,13.1,14.78,14.47,15.28,16.6
20033,12.0,12.1,11.54,12.55,14.45
20035,15.8,16.18,14.04,15.11,16.94
20037,12.7,12.59,12.55,15.1,18.13
20039,7.6,8.17,7.81,7.99,10.96
20041,8.7,9.44,9.28,9.28,10.34
20043,8.1,8.61,8.45,8.77,9.6
20045,10.8,12.18,11.64,12.81,14.32
20047,7.9,8.52,8.21,8.38,10.42
20049,20.7,20.17,18.9,19.12,20.07
20051,6.7,7.55,7.98,7.14,8.53
20053,11.9,10.99,10.16,10.52,12.68
20055,8.0,8.15,8.6,9.33,10.58
20057,6.1,6.5,6.25,6.15,7.56
20059,13.9,15.68,16.15,14.8,13.38
20061,10.8,12.05,12.8,12.94,13.95
20063,6.5,6.97,6.63,6.86,9.77
20065,7.2,7.71,7.42,7.6,10.38
20067,4.7,5.13,4.94,5.02,4.58
20069,6.0,6.39,6.08,6.29,7.46
20071,10.6,11.36,11.48,11.31,10.99
20073,19.4,20.7,18.03,17.95,18.88
20075,11.9,13.51,12.35,14.0,15.52
20077,16.0,16.23,15.49,17.84,21.16
20079,11.1,12.54,11.07,12.22,14.95
20081,6.0,6.76,6.45,6.42,6.24
20083,6.3,6.79,6.45,6.59,8.63
20085,8.7,8.95,8.91,10.66,13.4
20087,10.4,10.96,11.67,10.89,10.69
20089,6.7,7.24,6.93,7.13,8.65
20091,10.2,9.33,9.86,11.29,12.92
20093,6.2,6.71,6.43,6.66,7.28
20095,14.0,14.15,13.59,14.91,16.8
20097,8.7,9.41,8.95,9.27,10.5
20099,17.6,18.94,15.64,18.25,22.09
20101,6.0,6.55,6.23,6.43,8.47
20103,17.4,13.12,13.1,17.13,21.63
20105,7.4,8.08,7.54,7.8,9.75
20107,16.5,18.67,19.82,17.84,14.92
20109,9.4,10.05,9.61,10.53,13.2
20111,7.7,8.61,9.98,9.15,8.5
20113,8.4,9.29,7.8,8.73,11.29
20115,8.8,10.58,9.49,9.77,11.64
20117,6.7,7.19,7.67,7.27,7.11
20119,8.0,8.72,8.25,8.52,9.18
20121,13.3,17.96,14.5,14.91,15.2
20123,5.8,6.29,5.91,6.05,8.26
20125,16.7,18.67,16.39,16.89,18.49
20127,8.2,9.42,8.65,8.67,9.11
20129,11.4,12.29,11.87,12.71,12.62
20131,6.2,7.09,6.39,6.61,7.78
20133,13.4,15.92,15.29,15.12,15.98
20135,7.1,8.13,7.38,7.5,10.03
20137,7.3,8.37,7.99,8.67,12.07
20139,13.7,15.43,14.9,14.53,13.89
20141,9.5,11.36,10.43,10.11,12.26
20143,6.8,7.6,6.73,7.13,8.9
20145,9.7,9.35,9.34,9.62,12.0
20147,5.8,6.02,5.61,5.81,8.08
20149,7.8,9.25,9.88,9.13,8.28
20151,10.5,11.83,10.93,11.74,13.51
20153,7.1,7.63,7.23,7.44,10.37
20155,13.8,14.47,17.73,18.33,20.63
20157,6.8,7.69,7.15,7.58,9.1
20159,11.5,11.73,10.78,11.52,13.34
20161,6.5,7.04,6.85,8.49,10.96
20163,7.9,8.52,9.05,8.4,9.88
20165,8.6,9.21,8.84,9.09,11.41
20167,9.6,10.87,10.04,10.2,12.25
20169,14.8,20.44,15.91,16.74,18.5
20171,6.7,7.17,6.84,7.08,8.86
20173,15.9,17.8,17.99,20.82,24.92
20175,7.1,9.0,7.93,8.71,9.65
20177,16.3,17.4,16.71,17.61,18.76
20179,6.5,7.03,6.69,6.97,9.67
20181,9.4,10.1,10.22,9.97,11.07
20183,8.3,8.99,8.1,8.74,10.97
20185,9.3,9.48,9.03,9.38,10.41
20187,9.0,9.71,9.29,9.55,9.2
20189,6.7,7.29,7.78,7.2,5.78
20191,15.5,15.77,15.0,17.86,21.54
20193,8.5,9.22,8.36,8.96,11.18
20195,7.2,7.8,7.43,7.52,10.31
20197,9.0,9.8,9.81,9.61,9.58
20199,8.1,8.75,8.34,8.61,9.05
20201,6.3,6.59,6.36,7.0,8.44
20203,7.7,8.35,7.98,8.13,8.87
20205,18.7,22.02,19.46,19.71,20.24
20207,19.7,19.21,19.94,18.74,17.87
20209,12.1,11.6,11.44,14.69,18.29
21001,17.4,21.01,20.18,20.39,21.06
21003,22.1,21.38,19.62,28.29,37.59
21005,32.8,37.06,30.09,35.86,42.54
21007,19.7,22.0,17.89,18.67,21.16
21009,13.9,18.79,15.49,14.83,15.03
21011,36.4,37.48,36.71,34.29,32.24
21013,54.9,51.84,51.81,55.12,59.57
21015,33.9,37.11,33.48,28.87,24.22
21017,27.0,32.17,31.09,35.71,40.96
21019,50.8,60.52,55.45,58.42,62.81
21021,34.7,28.5,23.77,25.64,28.36
21023,27.9,29.01,26.01,29.39,33.42
21025,53.0,45.03,45.24,52.83,61.1
21027,16.6,16.67,15.3,16.07,17.49
21029,24.9,36.66,29.94,32.76,36.24
21031,19.8,21.01,22.19,20.98,20.4
21033,19.3,19.93,17.65,18.86,20.78
21035,15.7,14.39,13.88,17.44,22.69
21037,67.6,72.65,57.71,47.77,37.93
21039,10.7,11.41,10.64,11.23,13.58
21041,34.6,38.25,37.38,39.45,42.45
21043,38.2,51.27,43.55,38.85,34.83
21045,29.8,31.2,29.31,30.72,32.85
21047,10.0,13.0,11.79,13.33,16.1
21049,37.4,50.1,51.14,46.52,42.89
21051,37.8,36.19,37.45,45.57,54.82
21053,47.5,50.11,48.72,47.67,47.92
21055,18.9,21.1,18.66,19.0,19.54
21057,29.9,30.26,28.95,28.29,29.05
21059,15.8,16.22,16.09,14.98,14.29
21061,17.1,19.95,20.2,18.2,16.27
21063,36.8,36.59,38.45,36.48,35.15
21065,57.0,64.71,54.54,63.14,72.53
21067,35.8,40.03,37.31,33.34,30.15
21069,26.3,30.45,23.68,26.65,30.29
21071,51.9,50.17,48.98,50.92,53.16
21073,29.1,36.56,30.7,31.25,32.71
21075,11.8,12.4,11.85,12.22,13.91
21077,52.7,59.34,58.95,50.64,42.88
21079,32.8,31.23,26.75,26.08,26.21
21081,53.2,46.68,45.07,52.82,61.06
21083,14.9,14.68,14.45,15.15,17.61
21085,35.2,35.43,28.15,24.26,20.38
21087,13.6,16.29,15.01,15.68,16.76
21089,33.3,44.55,43.88,58.91,75.28
21091,17.0,17.17,14.18,14.85,16.2
21093,21.4,19.76,16.98,19.22,21.68
21095,39.2,43.46,38.6,43.11,48.37
21097,74.4,49.96,37.26,39.69,42.68
21099,17.6,18.13,19.11,16.23,13.77
21101,14.6,17.53,14.65,12.71,11.32
21103,22.2,25.37,27.18,27.56,28.74
21105,12.6,12.79,12.2,12.48,14.61
21107,20.9,24.07,17.1,17.58,19.0
21109,20.0,24.98,21.68,23.18,25.33
21111,41.8,46.0,38.15,42.1,46.59
21113,31.8,44.83,35.91,37.78,40.27
21115,32.1,34.03,34.72,33.48,32.79
21117,51.5,67.6,57.29,51.75,46.12
21119,46.3,46.89,45.92,53.8,62.6
21121,37.7,44.3,31.8,36.67,42.97
21123,12.1,13.82,12.04,15.37,18.66
21125,21.6,25.77,24.61,20.7,18.15
21127,38.6,42.44,34.51,36.26,39.35
21129,41.6,44.49,43.99,59.39,75.53
21131,56.3,52.71,50.58,50.22,50.39
21133,32.0,38.85,38.78,42.08,46.24
21135,22.2,30.69,28.7,28.6,29.08
21137,34.3,31.93,32.33,30.42,29.71
21139,28.4,28.41,25.2,30.47,36.43
21141,16.2,14.57,14.88,15.41,16.56
21143,17.2,19.13,20.09,20.73,22.5
21145,20.6,19.52,19.36,22.62,26.93
21147,20.3,25.16,22.58,20.2,19.5
21149,21.1,18.84,18.83,18.72,19.39
21151,30.3,42.74,44.06,49.28,55.46
21153,37.5,44.13,43.2,42.37,42.24
21155,19.2,23.35,18.39,21.0,24.09
21157,26.8,21.2,20.12,21.81,24.93
21159,49.3,52.72,43.84,55.24,67.97
21161,36.9,39.5,27.52,26.81,26.66
21163,21.4,21.5,15.4,16.34,17.51
21165,30.2,36.65,35.36,31.29,27.69
21167,31.3,24.88,21.23,25.25,30.25
21169,20.1,18.91,16.62,15.87,16.64
21171,27.9,29.05,29.25,30.62,33.6
21173,35.2,43.08,40.83,35.86,31.64
21175,24.6,24.16,24.98,25.36,26.44
21177,19.3,21.94,19.26,20.76,22.97
21179,23.5,30.79,20.29,25.37,30.93
21181,31.3,30.12,29.2,33.86,39.12
21183,17.4,18.23,18.33,18.79,19.76
21185,15.7,14.91,14.55,17.94,22.24
21187,46.1,44.35,49.75,48.41,48.05
21189,42.7,49.43,45.01,53.81,63.04
21191,41.1,47.06,45.07,42.38,39.78
21193,44.3,43.31,44.96,43.56,42.76
21195,36.1,33.33,34.65,43.19,52.61
21197,58.9,57.03,60.18,59.4,59.62
21199,21.9,25.04,22.41,23.26,25.13
21201,30.8,33.35,29.12,32.4,36.14
21203,36.0,38.4,36.79,33.53,31.53
21205,29.6,29.45,28.57,25.87,23.79
21207,39.0,37.13,40.25,43.19,47.01
21209,30.3,25.02,24.67,23.69,23.08
21211,22.4,21.19,18.38,22.11,26.62
21213,17.9,17.99,16.03,16.63,18.0
21215,21.7,25.51,21.57,22.47,23.65
21217,27.8,31.47,31.53,29.82,28.43
21219,17.0,17.57,20.16,18.89,18.28
21221,16.1,20.51,17.31,17.26,18.6
21223,23.4,25.05,24.25,25.8,27.9
21225,26.9,27.32,23.92,25.25,26.15
21227,14.2,13.64,14.58,16.57,19.11
21229,19.0,21.44,18.5,21.42,24.89
21231,21.6,26.11,23.8,21.39,20.05
21233,19.5,19.94,18.3,17.46,17.36
21235,35.4,45.03,35.61,35.4,36.83
21237,41.9,44.1,44.9,51.07,57.84
21239,21.9,26.47,26.18,29.26,32.7
22001,21.0,20.85,16.93,25.31,34.12
22003,15.7,18.24,18.98,19.26,19.82
22005,15.5,20.98,29.92,23.12,15.62
22007,20.4,16.3,15.81,14.74,13.29
22009,17.7,18.05,22.12,21.39,19.84
22011,14.1,14.4,15.06,16.74,18.14
22013,10.5,12.53,11.38,11.91,11.56
22015,15.1,14.19,11.46,12.33,13.02
22017,11.6,13.75,13.12,13.32,13.19
22019,13.8,16.6,18.1,18.98,19.89
22021,13.9,16.57,14.63,15.56,15.18
22023,21.1,24.19,24.31,22.68,21.46
22025,13.4,16.05,14.01,14.31,13.86
22027,13.6,14.0,11.43,13.99,16.29
22029,12.5,12.89,10.63,10.56,9.71
22031,14.4,14.06,11.99,16.88,21.13
22033,18.1,19.2,20.66,25.08,28.84
22035,8.1,9.66,7.65,8.13,7.97
22037,12.6,13.47,12.83,14.02,14.39
22039,19.9,21.77,26.72,23.75,20.31
22041,8.8,9.69,8.99,9.45,9.3
22043,16.1,14.37,14.29,16.88,18.86
22045,19.6,16.17,19.46,20.1,20.48
22047,15.3,18.9,20.18,18.58,15.91
22049,11.2,12.12,12.08,12.05,11.11
22051,33.6,38.57,37.67,36.93,35.6
22053,21.5,27.34,28.16,33.39,39.2
22055,18.1,19.55,17.68,24.8,31.78
22057,18.9,22.64,17.74,20.58,22.84
22059,17.3,21.16,20.79,22.52,23.59
22061,7.0,7.47,6.64,7.61,8.19
22063,40.5,41.68,34.61,37.45,39.27
22065,7.3,8.52,7.39,7.88,7.41
22067,18.0,16.85,19.02,19.82,19.11
22069,9.3,11.37,10.68,13.02,14.52
22071,37.0,38.49,40.55,41.75,41.94
22073,17.0,15.24,18.78,17.7,15.42
22075,28.5,25.97,29.45,28.56,26.85
22077,18.1,19.34,16.56,18.09,18.91
22079,22.1,21.03,23.79,28.34,32.43
22081,8.7,9.41,8.77,9.97,9.66
22083,9.6,10.75,9.51,12.8,15.13
22085,10.1,11.99,10.95,10.47,9.04
22087,45.9,47.07,59.65,57.51,54.47
22089,25.1,22.11,22.37,22.97,22.74
22091,29.5,26.31,26.9,25.82,23.84
22093,12.4,11.44,11.49,10.3,8.35
22095,22.2,26.11,24.93,23.44,21.06
22097,16.3,17.49,18.29,20.18,21.06
22099,13.5,13.1,12.34,16.48,19.99
22101,16.7,24.03,24.34,21.93,18.89
22103,28.0,33.5,34.98,38.65,40.95
22105,27.6,30.43,32.28,32.96,32.71
22107,9.4,10.62,9.54,9.83,9.73
22109,21.7,37.95,31.64,33.27,34.22
22111,10.3,9.76,9.25,10.1,9.99
22113,17.9,14.78,15.79,16.11,16.94
22115,12.2,12.37,13.26,12.23,10.64
22117,50.9,57.28,61.25,83.33,104.61
22119,12.3,15.84,12.78,13.68,14.09
22121,18.2,20.14,20.42,20.44,19.45
22123,12.3,19.64,13.92,14.7,14.78
22125,15.3,18.04,19.05,21.8,23.45
22127,16.6,18.67,18.11,19.57,20.49
23001,23.6,22.44,25.21,27.87,31.17
23003,21.3,13.44,15.09,15.92,15.53
23005,21.4,30.7,24.81,28.17,32.33
23007,15.1,15.84,15.84,18.11,21.75
23009,24.0,18.54,16.94,17.45,18.39
23011,26.1,37.96,30.74,31.92,33.53
23013,22.4,25.13,20.44,23.81,27.79
23015,22.0,22.75,20.92,24.59,28.42
23017,18.5,17.62,20.95,18.28,16.63
23019,30.0,36.09,30.63,31.27,31.68
23021,20.8,22.44,21.0,20.99,20.72
23023,14.1,15.96,13.79,16.94,21.06
23025,22.4,28.66,21.08,26.85,32.87
23027,19.4,21.52,19.18,17.61,16.29
23029,49.8,39.95,36.04,32.74,29.81
23031,28.1,39.92,30.08,27.91,27.0
24001,52.8,48.66,43.69,34.51,25.81
24003,37.2,43.26,43.84,43.63,44.3
24005,45.1,50.41,55.09,50.15,46.36
24009,31.4,36.06,35.8,35.19,35.29
24011,35.1,37.51,32.3,40.13,48.9
24013,33.5,34.08,40.69,38.45,37.45
24015,44.4,63.43,57.89,64.18,71.93
24017,26.2,27.4,21.13,24.62,28.4
24019,22.4,31.24,25.91,32.58,40.24
24021,37.1,31.47,31.52,26.35,22.01
24023,14.2,21.46,16.33,19.12,22.35
24025,34.0,41.59,39.85,39.23,40.51
24027,15.6,18.14,16.39,14.93,14.71
24029,29.4,26.27,22.93,28.44,35.53
24031,11.5,12.21,9.69,12.37,16.0
24033,14.4,17.05,14.5,17.66,21.81
24035,26.2,25.74,32.24,31.53,31.77
24037,20.3,29.02,24.66,25.83,27.3
24039,30.9,27.07,27.42,27.24,28.16
24041,22.7,25.28,24.77,24.74,25.27
24043,39.2,34.71,47.45,50.16,53.68
24045,30.8,29.59,29.53,29.55,31.6
24047,34.8,32.03,31.43,29.14,28.78
24510,81.6,88.58,103.33,111.56,121.05
25001,38.6,35.06,36.57,37.43,40.7
25003,27.1,27.04,34.68,37.78,42.48
25005,46.0,46.61,42.78,47.44,54.57
25007,19.2,19.3,21.14,20.31,21.83
25009,36.6,39.99,35.84,36.5,39.24
25011,21.2,19.95,26.87,24.87,24.71
25013,29.8,27.24,44.24,45.17,47.68
25015,20.6,20.52,26.63,26.26,27.81
25017,26.4,23.64,22.36,20.96,21.83
25019,16.4,18.28,16.29,17.13,20.31
25021,32.0,25.55,25.92,22.07,20.83
25023,38.3,39.16,33.54,34.39,37.11
25025,32.2,33.05,29.51,29.88,32.72
25027,28.2,31.25,35.93,34.56,35.73
26001,13.3,14.98,13.49,14.97,17.16
26003,16.1,16.0,14.16,14.19,13.99
26005,14.6,14.7,11.52,13.33,17.15
26007,16.5,19.15,15.55,16.51,17.55
26009,15.0,16.98,15.78,15.63,16.02
26011,15.0,17.56,16.14,16.9,19.37
26013,17.5,17.53,16.92,15.67,15.06
26015,15.4,14.44,13.18,13.58,15.88
26017,26.8,25.35,24.5,26.12,29.64
26019,13.7,16.11,18.43,14.94,12.73
26021,21.4,18.31,17.35,17.05,19.05
26023,15.4,17.18,16.67,15.88,16.98
26025,34.0,34.02,36.67,30.61,26.34
26027,15.7,15.72,14.37,17.07,22.02
26029,11.1,14.43,12.67,14.03,15.18
26031,16.3,17.49,17.3,17.87,19.0
26033,15.9,15.28,15.45,15.25,15.98
26035,28.4,28.83,26.29,28.84,33.07
26037,12.1,14.27,12.45,12.45,14.2
26039,24.9,30.65,29.45,27.41,26.89
26041,8.8,8.21,11.33,8.92,6.79
26043,17.4,22.74,25.2,19.53,14.07
26045,18.4,17.27,21.12,15.53,12.13
26047,11.8,15.05,12.42,13.46,14.72
26049,31.2,38.07,49.19,42.78,37.4
26051,22.0,24.12,18.61,19.9,22.59
26053,13.7,12.95,11.91,12.17,13.39
26055,19.0,20.44,13.69,14.33,16.13
26057,9.1,10.63,11.22,11.02,12.96
26059,19.1,15.93,15.5,15.16,16.77
26061,10.2,9.94,8.97,8.28,8.62
26063,16.3,20.29,15.55,14.92,15.26
26065,24.7,25.66,30.0,29.89,32.07
26067,18.2,18.08,15.21,15.56,17.76
26069,26.7,22.52,22.29,25.03,29.02
26071,21.5,18.13,15.14,15.92,16.69
26073,16.6,14.48,13.87,13.4,14.79
26075,8.9,9.36,9.05,10.24,13.39
26077,22.4,21.08,19.12,17.58,17.96
26079,14.3,17.9,14.7,15.47,17.26
26081,12.8,18.6,14.38,15.45,18.97
26083,12.1,13.62,12.46,12.71,13.46
26085,14.1,15.6,13.94,14.7,17.21
26087,15.8,21.47,19.55,18.27,18.04
26089,9.5,10.76,9.44,9.32,10.24
26091,18.3,15.45,21.42,21.23,22.48
26093,18.1,21.81,17.63,19.65,22.29
26095,13.8,13.88,13.34,14.44,15.89
26097,12.9,12.44,12.44,12.25,12.34
26099,36.4,43.82,38.51,31.95,25.8
26101,27.4,29.21,28.04,26.12,25.87
26103,22.1,15.63,16.77,15.86,14.97
26105,14.9,20.48,18.42,17.36,17.66
26107,11.5,11.68,9.42,9.51,12.28
26109,13.2,15.5,13.24,13.9,14.64
26111,14.4,13.72,13.21,15.68,19.39
26113,14.6,16.25,14.41,14.82,16.81
26115,34.9,36.55,32.2,28.61,26.21
26117,14.0,19.11,18.86,13.81,10.83
26119,15.1,16.62,15.25,14.82,14.9
26121,21.6,24.31,26.53,28.87,33.6
26123,13.1,18.89,13.82,12.6,13.63
26125,11.4,14.94,14.39,12.54,11.66
26127,16.4,20.19,15.68,16.93,20.28
26129,23.0,27.69,26.7,28.76,32.05
26131,15.7,17.65,17.05,18.51,21.32
26133,13.9,19.31,14.69,15.57,18.2
26135,20.3,26.66,22.57,23.61,25.13
26137,22.7,26.31,25.28,18.19,11.53
26139,13.6,15.99,11.87,12.98,16.14
26141,15.1,16.89,16.12,17.58,19.56
26143,27.6,31.74,28.4,26.63,26.6
26145,20.3,24.55,22.23,20.98,21.47
26147,42.8,41.24,34.79,34.49,34.16
26149,14.1,14.88,15.23,12.72,12.32
26151,17.5,19.37,16.07,15.85,16.08
26153,16.9,17.1,18.25,19.78,21.86
26155,16.7,25.87,24.14,21.0,19.89
26157,13.3,16.72,16.17,16.27,17.67
26159,17.3,26.6,20.86,22.83,27.18
26161,18.7,19.52,20.74,18.55,17.41
26163,38.0,42.47,43.14,42.34,42.38
26165,18.4,23.6,19.12,22.97,28.2
27001,18.8,21.92,18.51,18.73,21.12
27003,10.9,12.97,13.33,12.99,13.56
27005,8.9,9.15,8.06,9.49,11.35
27007,13.1,14.93,15.78,18.92,22.81
27009,12.9,11.48,10.62,10.97,12.76
27011,7.9,7.92,7.7,7.89,6.89
27013,7.1,6.42,5.91,7.36,8.59
27015,5.9,6.11,5.68,5.91,6.13
27017,15.6,15.93,15.61,16.56,19.36
27019,6.4,6.3,6.3,7.74,9.95
27021,22.1,25.92,24.66,21.43,19.17
27023,5.9,6.73,6.54,6.24,5.91
27025,9.7,11.4,11.43,9.53,9.03
27027,13.3,13.11,11.35,10.31,8.98
27029,14.7,15.11,13.62,14.54,16.04
27031,10.9,12.33,11.93,11.53,12.25
27033,5.4,5.84,5.58,6.66,8.06
27035,14.8,12.4,12.01,11.81,12.75
27037,9.9,9.92,7.7,10.77,13.76
27039,7.3,7.98,8.63,9.15,10.12
27041,5.9,6.94,6.0,7.08,8.93
27043,5.4,5.8,5.43,6.07,7.17
27045,6.9,7.16,7.82,7.41,6.85
27047,7.0,7.87,6.49,7.69,9.21
27049,8.7,10.07,10.11,12.54,15.28
27051,5.6,6.04,5.82,6.28,6.26
27053,16.1,17.48,14.48,17.9,21.59
27055,8.7,10.88,8.94,10.16,11.58
27057,11.2,11.56,11.93,12.33,13.07
27059,12.4,10.9,11.11,11.52,13.3
27061,13.3,13.56,12.81,17.71,23.71
27063,5.4,5.33,4.97,5.03,5.85
27065,9.5,10.9,10.45,11.87,14.78
27067,6.0,8.12,7.7,6.51,5.76
27069,7.8,8.38,7.57,7.84,8.35
27071,10.0,9.61,9.65,10.13,10.74
27073,6.5,6.25,5.85,6.45,5.84
27075,8.0,8.67,10.15,9.35,10.39
27077,11.5,13.11,11.92,12.24,12.72
27079,5.9,5.7,5.34,5.95,6.18
27081,6.2,6.65,6.42,6.62,5.27
27083,5.6,5.7,5.4,6.72,7.12
27085,5.6,6.98,7.5,6.81,6.33
27087,26.5,31.15,29.02,26.82,25.14
27089,7.3,7.81,7.56,8.99,9.98
27091,4.7,5.08,5.64,5.18,4.92
27093,8.2,8.34,8.36,8.96,9.73
27095,21.3,25.02,19.8,23.61,29.1
27097,13.4,12.91,15.22,14.36,14.43
27099,9.5,12.99,10.58,12.06,13.33
27101,5.7,6.4,5.84,6.4,6.21
27103,5.3,6.42,5.8,6.12,6.08
27105,5.5,6.6,6.1,5.86,5.16
27107,8.8,8.57,7.84,8.55,8.98
27109,10.6,10.51,10.69,11.05,11.95
27111,7.5,8.31,7.88,7.93,7.51
27113,13.1,13.92,15.48,13.55,11.92
27115,12.5,14.49,13.47,12.67,13.54
27117,4.4,4.69,4.77,4.69,3.4
27119,12.5,12.73,12.2,14.78,17.36
27121,7.8,8.33,8.01,8.19,9.04
27123,16.6,19.09,15.39,18.15,21.13
27125,9.4,10.15,9.76,9.85,10.34
27127,8.4,10.01,8.76,8.1,7.29
27129,7.3,7.94,7.75,8.01,8.04
27131,7.9,9.45,8.27,9.77,11.74
27133,7.5,6.88,6.86,6.71,5.64
27135,7.4,8.39,7.64,8.74,9.39
27137,18.1,18.27,14.97,19.34,24.75
27139,8.5,9.02,7.62,9.38,11.52
27141,11.5,11.23,11.01,11.66,13.74
27143,6.8,7.34,7.03,6.85,7.12
27145,11.6,11.54,9.97,10.12,11.0
27147,6.7,7.97,7.62,7.4,7.22
27149,6.6,6.43,6.07,6.19,6.13
27151,6.2,6.37,6.65,6.16,5.31
27153,6.6,8.17,6.89,8.06,9.5
27155,7.6,8.1,8.39,8.28,7.27
27157,8.9,9.53,10.18,10.58,11.22
27159,10.6,11.92,10.9,11.0,12.07
27161,8.5,9.1,8.32,8.95,9.99
27163,10.0,11.08,9.52,13.23,17.66
27165,5.0,5.88,5.47,5.67,5.84
27167,6.7,7.18,6.88,7.46,7.71
27169,9.2,12.0,13.03,12.35,12.17
27171,6.3,7.31,7.68,8.49,10.32
27173,6.8,6.95,6.95,6.91,6.24
28001,11.4,12.72,11.64,11.32,10.73
28003,19.1,16.2,15.98,15.78,17.58
28005,11.1,11.3,10.8,11.07,9.82
28007,7.6,7.8,6.99,7.62,8.5
28009,8.6,9.21,9.23,9.42,11.29
28011,5.8,6.15,5.96,5.97,5.45
28013,9.8,11.02,11.11,10.54,11.27
28015,7.9,8.47,8.56,8.94,10.24
28017,9.7,9.89,8.9,9.66,11.86
28019,8.6,9.06,8.71,9.12,10.44
28021,6.9,7.84,7.11,7.33,6.51
28023,12.8,12.94,11.92,11.94,11.81
28025,5.8,6.29,5.78,5.87,7.29
28027,14.0,14.98,15.06,14.36,14.08
28029,9.7,9.04,9.11,9.32,8.03
28031,15.5,17.29,18.52,19.15,18.94
28033,19.6,18.76,17.16,18.12,19.97
28035,10.3,12.02,13.09,13.25,12.67
28037,14.2,15.96,16.21,15.28,13.53
28039,17.7,19.21,19.67,18.83,17.8
28041,8.5,8.63,8.33,8.39,8.19
28043,9.1,9.73,9.84,10.26,11.55
28045,35.4,41.12,31.49,42.65,52.47
28047,18.9,23.57,17.61,21.89,25.08
28049,7.7,10.41,8.66,9.72,10.16
28051,5.9,6.4,6.4,7.02,7.95
28053,5.7,6.32,6.11,6.12,5.55
28055,7.8,8.55,7.78,8.26,7.67
28057,15.4,14.94,13.99,15.54,18.79
28059,22.2,20.73,17.5,23.6,29.26
28061,8.3,8.55,8.14,8.72,8.41
28063,7.2,7.82,7.68,8.05,7.37
28065,10.4,10.77,10.55,11.51,11.61
28067,10.7,13.98,14.18,11.02,7.24
28069,6.2,7.02,6.47,6.46,7.34
28071,7.1,8.36,8.75,9.79,12.31
28073,13.1,13.22,13.43,13.73,13.2
28075,8.3,8.78,10.18,8.36,6.93
28077,13.7,15.36,12.95,13.91,13.35
28079,8.9,9.14,8.07,8.75,8.97
28081,13.3,13.5,10.95,13.07,16.37
28083,7.5,7.57,6.96,7.52,8.8
28085,10.7,10.83,9.5,12.43,14.19
28087,9.0,9.97,10.17,10.32,11.56
28089,6.6,6.82,6.86,8.33,9.03
28091,25.1,27.61,28.1,28.38,28.03
28093,8.2,9.51,8.17,11.4,16.64
28095,9.1,8.88,8.53,9.96,12.6
28097,12.3,12.46,11.99,12.92,14.76
28099,10.9,13.76,11.46,11.34,12.08
28101,10.0,9.77,10.2,9.51,8.71
28103,5.5,5.72,5.51,5.75,6.88
28105,3.8,4.07,3.63,3.97,5.34
28107,13.1,16.24,13.53,13.81,14.89
28109,28.2,37.24,29.64,33.9,36.74
28111,14.7,14.95,14.38,16.09,16.9
28113,10.2,11.27,11.46,13.27,13.93
28115,16.4,18.57,16.34,16.32,17.98
28117,13.0,15.41,13.01,17.1,22.66
28119,13.1,14.83,13.68,14.58,16.37
28121,19.3,14.0,14.2,14.99,14.97
28123,8.0,8.7,9.09,9.11,8.12
28125,6.7,7.26,6.82,7.15,6.19
28127,14.5,15.19,14.37,15.99,16.55
28129,13.4,14.26,15.2,18.97,21.65
28131,21.5,19.31,19.11,22.43,25.1
28133,7.5,6.84,6.12,7.33,8.28
28135,9.2,9.46,8.86,10.67,13.83
28137,19.8,17.91,21.96,21.9,23.02
28139,9.0,8.41,7.67,8.46,10.72
28141,23.4,24.38,24.0,28.93,35.95
28143,9.8,11.08,11.39,11.63,12.28
28145,7.7,7.88,8.36,8.7,10.69
28147,14.6,16.65,16.14,19.81,22.24
28149,9.7,9.96,9.38,9.74,8.9
28151,7.9,6.83,6.22,6.41,5.77
28153,14.8,14.4,13.67,15.24,16.24
28155,11.5,11.12,10.59,11.96,14.42
28157,10.5,13.21,12.39,11.36,9.9
28159,11.2,11.57,10.38,10.61,11.8
28161,10.5,11.93,12.03,11.81,13.33
28163,10.2,10.8,9.51,9.57,9.32
29001,14.7,14.21,11.94,12.38,14.07
29003,9.6,9.45,8.19,9.02,10.17
29005,7.3,8.05,7.01,7.3,7.35
29007,12.1,11.66,12.4,12.33,14.12
29009,13.6,14.33,12.87,13.25,13.53
29011,14.9,16.81,13.99,15.02,15.97
29013,26.5,25.88,28.14,26.61,24.45
29015,18.4,20.13,23.51,19.75,16.0
29017,12.0,14.81,12.95,13.22,14.3
29019,12.8,13.26,18.11,16.67,15.86
29021,13.2,13.64,15.34,16.74,18.4
29023,23.4,26.94,33.08,26.23,20.34
29025,16.0,16.87,15.65,15.96,17.01
29027,17.9,17.96,19.87,18.09,17.19
29029,21.5,20.34,21.02,20.57,19.73
29031,18.6,14.54,20.54,20.54,21.26
29033,13.6,13.81,14.6,14.51,15.76
29035,19.4,20.79,19.12,21.14,23.56
29037,13.7,15.05,16.49,15.19,13.98
29039,18.6,17.36,16.01,19.17,21.45
29041,10.1,10.8,10.32,10.68,12.33
29043,14.9,18.25,17.38,15.22,12.69
29045,10.5,10.35,10.25,10.31,11.2
29047,18.0,13.75,13.85,15.68,18.09
29049,17.2,16.41,14.7,14.59,15.96
29051,15.4,13.42,14.2,13.85,13.95
29053,8.1,8.57,8.99,8.99,9.7
29055,28.1,28.88,26.54,34.41,42.45
29057,16.8,17.88,16.81,18.8,20.31
29059,16.4,18.97,18.72,19.27,19.22
29061,10.1,11.19,9.89,10.01,11.6
29063,9.5,9.67,9.93,9.59,10.68
29065,30.0,36.16,30.96,39.63,47.94
29067,9.4,10.96,10.12,10.51,10.69
29069,18.2,24.1,23.0,20.7,19.32
29071,37.9,30.77,37.49,40.2,43.67
29073,23.4,24.6,25.54,26.98,29.32
29075,11.5,12.9,10.74,11.36,13.0
29077,28.3,28.13,26.3,27.65,28.14
29079,14.2,12.4,12.85,12.08,13.16
29081,12.6,12.21,11.52,12.48,14.64
29083,13.2,13.32,13.71,12.97,12.04
29085,22.5,22.83,20.98,21.97,23.11
29087,7.6,8.16,7.76,8.2,8.74
29089,8.0,8.25,8.3,8.53,9.87
29091,16.7,18.3,17.05,17.48,17.5
29093,29.1,34.08,28.81,30.53,33.44
29095,17.1,17.65,19.64,20.19,20.89
29097,13.8,14.82,13.67,13.73,14.01
29099,42.5,39.52,48.22,44.62,41.93
29101,8.0,7.36,7.93,7.86,8.11
29103,11.3,11.43,10.97,11.73,14.12
29105,12.7,11.89,17.25,17.47,17.21
29107,11.5,12.5,12.96,12.72,13.49
29109,17.4,18.93,15.82,17.07,18.15
29111,13.5,12.31,13.62,12.16,11.69
29113,27.1,25.49,30.87,31.67,33.26
29115,9.5,10.09,10.35,9.73,10.46
29117,17.6,16.24,16.78,18.94,22.72
29119,13.2,15.19,13.21,15.3,17.68
29121,9.2,9.85,9.01,9.25,11.2
29123,24.3,28.36,26.33,25.84,26.76
29125,22.6,25.49,26.9,23.32,19.68
29127,21.7,20.3,19.48,22.74,27.41
29129,9.1,9.67,9.27,9.61,10.96
29131,11.6,14.48,14.78,15.52,15.83
29133,14.4,14.56,14.61,13.0,12.67
29135,6.7,7.05,7.84,7.06,6.63
29137,11.4,12.16,11.87,13.38,16.44
29139,23.3,20.6,20.87,23.52,27.66
29141,12.1,12.27,12.61,10.82,9.19
29143,19.3,19.81,22.67,16.59,12.0
29145,12.6,15.38,17.06,14.52,12.13
29147,5.2,6.29,5.59,5.62,6.31
29149,14.0,13.13,12.43,12.68,12.4
29151,11.6,12.98,14.88,12.54,10.65
29153,16.2,18.54,18.28,17.22,15.78
29155,20.5,22.0,20.3,23.39,27.71
29157,18.9,18.27,17.01,18.29,20.84
29159,14.5,12.16,13.9,12.52,11.57
29161,23.8,30.02,25.0,36.86,48.54
29163,13.3,14.72,15.86,20.04,25.2
29165,11.9,12.28,12.29,13.42,15.16
29167,24.4,24.56,21.13,22.91,24.6
29169,28.3,25.0,25.91,36.05,45.65
29171,9.7,10.58,10.03,10.9,13.26
29173,11.6,12.8,12.04,13.42,16.21
29175,10.2,10.9,11.13,13.61,17.55
29177,16.9,15.45,14.2,14.32,15.35
29179,21.4,25.65,23.13,24.19,25.85
29181,19.8,19.25,18.48,16.9,15.55
29183,21.0,23.18,27.98,25.06,22.46
29185,9.3,10.39,9.65,9.91,9.3
29186,21.4,25.17,26.72,27.32,29.34
29187,35.6,33.48,34.52,38.17,43.16
29189,26.4,28.98,35.02,33.88,33.44
29195,13.7,15.08,13.12,13.49,14.91
29197,9.2,9.33,9.19,9.22,10.87
29199,9.1,9.62,9.37,10.02,11.81
29201,20.2,19.61,17.53,19.25,22.09
29203,13.6,14.69,13.69,15.31,16.75
29205,11.9,13.36,13.63,12.98,13.56
29207,14.1,15.71,19.05,14.9,12.15
29209,22.9,19.89,20.71,19.76,18.95
29211,10.9,12.23,12.53,12.35,13.6
29213,17.8,24.33,19.25,18.22,16.99
29215,17.2,16.84,15.84,18.43,21.21
29217,13.9,17.82,16.82,18.93,20.17
29219,22.4,27.13,35.36,28.64,23.28
29221,26.7,32.16,31.44,32.4,33.93
29223,24.1,24.75,24.74,22.88,22.2
29225,17.2,22.6,22.51,25.37,27.56
29227,9.0,10.27,9.27,9.55,11.01
29229,11.6,13.16,12.14,13.63,14.77
29510,62.3,66.85,71.01,76.6,82.83
30001,11.6,12.24,12.54,12.32,12.38
30003,13.3,12.2,12.1,14.67,17.92
30005,12.1,11.6,11.65,12.69,12.24
30007,10.1,10.9,10.36,11.2,12.42
30009,14.6,15.62,15.83,14.65,14.22
30011,9.0,9.61,9.2,9.51,10.54
30013,12.2,15.11,12.98,17.65,21.38
30015,11.1,11.91,12.05,11.87,10.35
30017,13.0,13.91,12.69,12.98,14.08
30019,15.6,15.78,15.13,15.42,16.02
30021,8.6,9.74,8.95,9.13,9.7
30023,28.2,28.38,24.8,27.62,30.21
30025,7.9,8.47,8.15,8.39,9.56
30027,13.4,14.27,13.15,13.23,13.73
30029,17.1,16.63,13.08,14.63,16.87
30031,6.5,8.84,8.9,9.63,10.93
30033,8.4,9.1,8.62,8.89,8.69
30035,16.3,18.22,19.42,20.21,21.25
30037,10.9,11.78,11.27,11.61,12.28
30039,14.2,14.52,13.56,14.14,14.63
30041,15.3,15.54,16.56,16.17,15.01
30043,13.7,16.0,16.41,16.36,15.88
30045,10.1,10.96,10.35,10.77,11.23
30047,19.8,22.54,18.65,22.15,25.19
30049,14.1,14.93,12.7,13.91,14.61
30051,10.6,11.26,10.87,11.2,11.41
30053,14.8,15.74,13.57,16.96,21.55
30055,9.6,10.35,9.82,10.08,10.17
30057,14.1,13.43,14.33,13.93,14.24
30059,10.7,11.67,11.02,11.47,12.0
30061,23.4,25.09,22.71,23.2,23.72
30063,14.0,13.38,16.2,14.82,13.25
30065,11.2,11.57,11.49,11.33,11.3
30067,18.2,19.41,20.58,18.33,16.3
30069,9.4,10.16,9.71,10.02,10.07
30071,7.7,8.24,7.93,8.19,6.63
30073,11.2,11.91,12.13,11.98,11.78
30075,10.3,11.04,10.48,10.89,12.23
30077,21.3,26.44,23.35,25.13,26.17
30079,9.8,10.54,10.07,10.38,10.86
30081,13.6,14.87,13.96,12.9,11.58
30083,14.0,15.86,15.31,15.65,16.14
30085,16.3,18.26,18.58,18.29,17.97
30087,8.7,9.32,8.97,9.28,10.31
30089,13.3,15.13,13.48,14.66,15.9
30091,14.6,14.91,14.94,14.57,14.05
30093,23.6,19.9,20.79,22.46,23.21
30095,9.8,11.07,10.73,10.38,10.39
30097,12.8,12.34,12.45,11.91,12.09
30099,15.2,14.7,13.06,13.49,13.41
30101,13.4,12.93,12.27,13.17,14.53
30103,10.9,11.64,11.19,11.55,12.54
30105,8.3,8.88,9.06,9.28,9.67
30107,11.7,12.53,12.68,13.15,14.29
30109,10.3,10.46,10.0,10.19,10.82
30111,14.7,16.78,17.73,19.86,22.61
31001,4.8,5.65,5.14,5.45,7.01
31003,4.1,4.38,4.12,4.44,5.44
31005,7.2,7.82,7.39,7.57,10.38
31007,10.3,11.11,10.73,10.78,12.85
31009,5.7,6.15,5.82,5.94,7.63
31011,4.9,5.27,4.96,5.1,7.19
31013,10.3,11.07,10.13,10.27,12.36
31015,5.3,5.68,5.49,5.67,5.91
31017,5.9,6.28,5.97,6.21,7.08
31019,6.1,8.21,6.48,7.69,9.94
31021,7.4,7.95,7.13,7.46,8.06
31023,4.6,5.14,4.94,4.85,5.17
31025,7.3,8.07,8.34,9.43,10.57
31027,5.1,5.47,4.94,5.4,5.86
31029,6.1,6.62,6.32,6.49,9.09
31031,6.0,6.53,6.56,6.41,6.89
31033,10.1,11.29,9.94,10.08,12.75
31035,4.5,4.87,4.82,4.79,5.62
31037,5.1,4.89,4.7,5.02,5.48
31039,5.4,5.8,5.47,6.06,7.3
31041,6.0,6.17,6.47,6.45,8.46
31043,5.3,5.49,5.02,5.46,6.22
31045,11.3,10.9,10.35,11.09,13.68
31047,4.5,5.21,4.69,5.33,8.34
31049,8.8,9.45,9.07,9.26,11.43
31051,4.5,4.87,4.54,4.84,5.35
31053,7.5,7.29,6.23,7.18,8.82
31055,8.4,10.62,9.13,10.35,11.6
31057,7.5,8.14,7.73,8.45,11.21
31059,5.2,5.68,5.23,5.49,6.69
31061,7.5,7.64,7.7,7.62,8.77
31063,5.6,6.09,5.68,5.83,8.66
31065,7.2,9.23,7.52,7.59,10.71
31067,7.0,7.21,7.26,7.82,9.12
31069,8.2,8.89,8.45,8.72,10.85
31071,7.4,8.76,8.14,7.91,8.87
31073,5.3,5.84,5.29,5.56,8.67
31075,6.6,7.15,6.85,6.99,9.33
31077,6.1,6.58,6.33,6.57,8.01
31079,5.8,5.73,5.1,5.89,7.78
31081,4.4,5.06,4.52,4.68,5.8
31083,6.4,6.98,6.46,6.67,8.78
31085,7.5,8.09,7.76,7.92,10.53
31087,8.8,9.49,9.01,9.27,12.01
31089,4.3,4.62,4.4,4.61,5.43
31091,6.1,6.59,6.26,6.45,8.54
31093,6.2,6.64,6.35,6.57,8.08
31095,5.9,6.69,6.08,6.24,7.47
31097,8.0,8.62,8.22,8.96,9.76
31099,6.5,7.45,7.05,7.01,7.77
31101,9.1,9.29,9.33,9.69,12.02
31103,6.5,7.0,6.67,6.91,7.52
31105,11.9,13.54,12.45,12.68,14.39
31107,4.6,5.03,4.74,4.87,5.22
31109,7.7,7.9,9.08,9.53,10.36
31111,6.5,7.71,8.29,7.83,9.49
31113,5.9,6.29,6.0,6.23,7.69
31115,5.8,6.36,6.04,6.22,7.35
31117,6.5,7.09,6.74,6.87,9.27
31119,5.9,5.81,4.93,5.97,7.31
31121,8.5,9.13,9.66,9.25,9.57
31123,9.0,9.8,9.36,10.03,12.83
31125,5.9,6.43,6.19,6.1,7.15
31127,9.5,10.76,9.91,10.57,11.1
31129,5.5,5.92,5.68,5.9,7.15
31131,6.5,7.03,7.07,7.32,7.37
31133,7.9,8.51,8.17,8.45,8.9
31135,8.2,8.76,8.46,8.69,10.86
31137,6.6,7.91,6.5,6.64,8.44
31139,4.4,4.71,4.69,4.66,5.33
31141,4.9,5.73,6.22,5.42,4.62
31143,5.4,5.91,5.55,5.66,6.33
31145,9.0,10.18,9.77,9.13,11.44
31147,9.7,10.55,10.28,10.52,10.7
31149,5.8,6.17,5.94,6.05,6.97
31151,5.2,5.25,5.03,5.41,6.86
31153,7.8,7.39,8.04,9.13,10.31
31155,5.3,5.69,5.42,5.37,6.1
31157,8.3,8.92,11.75,9.22,9.42
31159,5.6,6.27,6.35,6.25,6.94
31161,7.3,8.25,7.49,7.7,8.88
31163,5.3,5.81,5.5,5.67,7.31
31165,9.7,10.39,10.12,10.25,12.96
31167,5.1,5.72,5.3,5.52,6.06
31169,5.2,5.98,5.39,5.57,6.47
31171,5.8,6.34,6.06,6.23,7.96
31173,7.4,7.95,7.18,7.74,8.86
31175,6.1,6.59,6.21,6.78,8.62
31177,4.5,4.97,4.84,5.18,6.0
31179,4.3,4.48,4.16,4.31,4.87
31181,7.3,7.03,6.6,7.54,9.43
31183,5.6,6.13,5.82,5.94,7.88
31185,7.7,9.07,7.35,7.53,8.83
32001,26.6,29.39,31.73,29.01,26.95
32003,22.5,21.61,22.29,19.7,16.62
32005,24.1,22.73,20.37,20.91,21.54
32007,12.9,14.78,14.84,12.43,11.11
32009,17.9,19.15,18.65,18.62,18.87
32011,17.3,18.56,17.77,18.2,19.26
32013,17.1,18.2,19.4,20.81,22.77
32015,25.7,26.15,26.47,24.25,22.7
32017,24.7,21.14,21.04,20.42,20.25
32019,22.2,28.43,26.49,29.25,32.27
32021,30.1,30.42,30.75,29.86,29.23
32023,37.2,38.2,41.44,31.73,22.65
32027,20.6,23.29,22.5,20.58,19.11
32029,23.4,25.74,24.94,26.19,27.35
32031,24.8,27.98,24.29,27.54,30.78
32033,29.4,33.03,27.36,30.81,34.59
32510,27.3,33.77,31.33,27.87,24.25
33001,29.9,36.57,39.79,33.35,28.47
33003,28.2,29.77,25.04,25.47,27.17
33005,24.7,27.06,34.1,24.97,17.81
33007,25.9,29.33,25.04,23.22,22.12
33009,15.7,19.91,16.1,18.2,21.27
33011,46.2,42.83,38.49,34.22,31.53
33013,24.4,25.33,30.31,25.61,22.19
33015,31.7,30.33,27.31,26.29,27.35
33017,36.7,37.81,34.54,37.43,41.5
33019,21.1,16.95,20.14,18.15,17.3
34001,36.3,48.39,53.85,54.81,57.53
34003,12.3,15.21,16.87,16.29,17.59
34005,24.4,36.58,39.26,36.67,36.17
34007,37.3,54.01,56.67,56.81,58.56
34009,32.5,47.58,47.89,48.67,50.97
34011,33.1,46.43,59.77,51.73,44.54
34013,25.6,32.93,34.21,37.8,43.47
34015,34.4,47.37,52.65,53.91,56.51
34017,14.5,18.88,20.97,22.38,25.8
34019,14.7,17.83,13.49,12.52,13.91
34021,15.9,24.96,30.6,26.16,24.02
34023,20.8,25.28,23.49,24.49,27.23
34025,24.4,29.48,33.4,28.16,25.04
34027,15.4,19.98,18.4,19.53,22.77
34029,38.7,36.85,39.13,33.63,30.41
34031,17.9,21.66,26.05,25.04,26.14
34033,29.8,33.7,54.33,53.86,54.64
34035,14.6,18.81,15.05,15.85,18.64
34037,25.5,24.91,26.45,29.45,34.39
34039,14.1,20.01,22.97,23.29,25.61
34041,24.8,30.77,28.84,20.88,14.65
35001,28.4,27.4,28.77,35.47,40.22
35003,26.7,28.55,29.34,28.22,27.03
35005,23.9,31.85,24.3,26.4,27.73
35006,25.2,18.16,21.3,20.95,19.2
35007,36.3,33.37,33.54,28.59,22.59
35009,19.3,17.66,17.91,18.19,18.17
35011,21.0,23.94,21.41,22.56,22.44
35013,14.9,17.92,17.1,18.69,19.18
35015,22.0,27.82,33.16,31.57,28.94
35017,31.7,38.57,33.44,31.88,30.03
35019,38.6,39.05,33.51,37.98,40.97
35021,19.3,20.71,19.86,20.37,20.89
35023,24.9,25.49,25.39,24.8,24.55
35025,20.4,20.3,20.7,24.11,27.46
35027,44.3,33.96,31.69,36.53,40.49
35028,19.5,23.22,20.43,20.93,20.46
35029,18.4,20.61,22.79,20.43,17.17
35031,14.3,13.33,18.07,18.56,18.49
35033,28.1,29.67,30.53,29.43,27.18
35035,21.7,22.19,22.0,24.84,27.13
35037,24.9,26.58,25.58,26.33,26.5
35039,79.0,79.59,79.81,72.0,63.82
35041,16.0,16.93,14.99,19.24,22.87
35043,17.6,20.91,22.62,18.72,13.25
35045,17.0,20.1,18.6,22.97,26.95
35047,46.2,42.38,39.65,36.42,31.77
35049,32.0,27.08,28.11,34.33,39.74
35051,34.6,35.05,46.95,38.99,29.9
35053,26.3,26.72,31.03,30.42,28.52
35055,28.3,29.67,32.13,28.37,24.64
35057,33.4,39.91,39.24,35.58,31.12
35059,14.8,15.79,15.21,15.66,15.11
35061,29.1,37.84,35.51,35.36,34.03
36001,11.1,14.96,15.47,16.94,19.84
36003,8.6,9.86,10.87,10.06,9.87
36005,22.7,24.5,26.64,27.86,31.29
36007,33.2,31.11,22.0,22.01,22.11
36009,18.2,15.85,13.56,16.36,19.56
36011,18.9,22.58,18.94,15.9,13.42
36013,23.0,26.03,19.52,21.59,23.63
36015,22.3,26.36,21.75,30.32,39.36
36017,11.6,11.96,10.61,10.46,11.36
36019,12.5,15.76,12.12,9.81,8.35
36021,18.1,22.28,17.46,16.57,16.97
36023,14.4,18.49,13.75,17.94,22.64
36025,19.0,16.64,19.74,15.21,11.36
36027,21.6,28.02,29.57,24.65,20.75
36029,31.4,29.72,22.89,20.22,17.97
36031,13.0,11.63,11.67,10.75,10.52
36033,9.7,10.87,11.1,12.07,13.76
36035,12.0,12.11,13.22,12.28,12.79
36037,20.0,19.71,23.72,20.14,16.97
36039,22.0,24.04,24.56,19.29,15.68
36041,9.8,10.02,9.33,9.64,10.91
36043,11.9,12.01,11.88,12.0,12.9
36045,18.5,17.64,12.84,14.75,17.46
36047,12.8,14.36,12.47,13.12,16.02
36049,13.3,20.07,14.67,15.66,17.36
36051,13.0,13.94,18.84,14.8,11.62
36053,15.6,12.19,13.79,13.11,13.29
36055,17.1,25.15,28.86,28.62,28.86
36057,13.6,13.35,14.81,11.46,9.58
36059,15.2,16.83,13.99,14.87,17.9
36061,16.5,16.8,17.44,19.29,23.26
36063,22.3,21.7,21.59,21.41,22.06
36065,22.4,22.6,18.47,21.1,24.21
36067,30.1,21.84,20.88,25.61,31.0
36069,15.1,16.89,16.97,16.6,16.86
36071,20.7,24.27,29.24,22.99,17.9
36073,10.0,8.96,11.3,12.31,13.84
36075,19.6,19.35,17.04,24.31,31.41
36077,16.6,14.88,14.09,13.25,13.69
36079,20.0,26.13,22.06,17.27,14.11
36081,11.4,12.41,11.66,12.0,14.49
36083,9.3,12.39,12.95,14.2,17.16
36085,26.5,25.95,25.81,25.17,26.95
36087,12.5,13.04,12.29,14.27,17.91
36089,12.6,12.81,9.74,7.7,6.0
36091,7.1,8.71,10.83,8.64,7.9
36093,18.2,21.06,17.56,17.25,18.33
36095,10.0,10.14,10.27,9.56,10.59
36097,9.2,10.54,9.99,11.82,14.24
36099,11.3,11.85,13.82,12.4,12.21
36101,14.8,14.95,12.47,13.13,14.68
36103,25.2,31.02,26.7,22.52,20.46
36105,26.7,36.03,39.14,38.77,39.26
36107,14.7,16.16,13.55,14.3,15.56
36109,17.1,18.09,14.43,16.73,19.27
36111,28.9,28.46,31.58,22.1,13.51
36113,10.2,10.38,10.16,10.77,12.43
36115,7.6,9.69,9.75,9.05,9.54
36117,11.1,11.32,16.06,13.48,10.9
36119,14.5,14.88,15.99,12.75,11.49
36121,11.7,13.96,12.07,13.39,15.39
36123,10.3,13.2,11.1,11.29,12.51
37001,14.1,24.19,22.29,20.31,19.96
37003,23.8,22.44,21.03,18.48,17.14
37005,20.6,22.55,19.57,20.26,21.94
37007,14.8,16.38,17.39,16.76,17.3
37009,20.6,20.45,19.78,20.38,22.57
37011,24.6,21.78,23.36,21.3,20.35
37013,20.9,30.7,25.96,24.34,24.8
37015,14.7,15.27,13.22,14.05,16.74
37017,18.8,22.25,24.41,23.14,24.43
37019,31.1,36.37,25.32,25.07,26.62
37021,24.2,38.4,35.77,37.0,38.81
37023,31.6,32.11,26.89,32.86,39.43
37025,20.7,30.22,25.31,20.12,15.55
37027,30.9,26.06,24.93,24.7,25.69
37029,17.5,20.79,18.34,19.9,23.88
37031,29.3,30.5,32.35,30.32,29.46
37033,16.9,21.64,20.14,18.06,17.57
37035,25.9,25.96,21.18,20.92,21.67
37037,9.2,13.81,13.99,13.92,15.84
37039,31.9,34.23,32.17,37.27,43.62
37041,14.9,18.16,15.05,18.18,23.33
37043,30.6,31.2,28.22,31.47,35.68
37045,20.0,17.71,17.11,19.27,22.16
37047,27.3,25.25,22.14,20.71,21.31
37049,31.6,35.45,30.89,36.32,43.59
37051,18.6,28.81,25.54,26.94,29.98
37053,20.6,24.75,22.02,20.49,21.53
37055,23.1,34.5,35.34,36.1,38.64
37057,25.4,31.85,27.44,28.12,30.4
37059,29.8,24.44,21.52,19.85,19.3
37061,9.6,10.74,11.54,12.44,15.53
37063,11.1,15.23,15.86,13.32,12.72
37065,20.0,20.21,20.8,25.1,31.38
37067,21.0,22.76,25.28,24.51,25.34
37069,17.9,18.54,23.55,22.76,24.2
37071,31.2,27.01,22.8,19.52,17.23
37073,16.8,18.04,15.63,16.89,20.19
37075,27.4,29.58,26.71,28.99,32.46
37077,16.6,18.46,15.5,15.86,18.05
37079,13.0,14.28,13.13,15.26,19.15
37081,18.4,22.78,21.88,22.81,25.19
37083,18.8,16.14,21.55,23.26,26.94
37085,15.4,23.18,20.2,25.63,33.2
37087,24.8,30.92,31.05,35.62,40.62
37089,17.7,27.66,20.59,20.31,20.51
37091,12.7,14.19,14.22,16.17,19.9
37093,13.2,15.16,15.64,18.14,22.12
37095,22.1,25.59,21.84,26.14,32.56
37097,22.1,22.61,18.23,15.86,14.55
37099,31.8,31.19,31.29,27.21,23.82
37101,12.5,17.76,14.55,18.04,23.53
37103,24.5,27.72,21.75,24.45,28.45
37105,18.3,26.96,21.88,26.75,33.68
37107,13.9,22.62,14.97,20.74,28.65
37109,23.3,18.44,21.21,18.85,17.93
37111,33.3,31.21,24.41,28.0,32.37
37113,23.9,26.99,23.24,24.61,26.49
37115,17.3,21.27,18.08,23.09,28.8
37117,15.5,21.0,21.84,21.47,23.11
37119,15.8,18.32,17.81,16.67,16.03
37121,29.1,29.24,30.49,28.91,28.43
37123,12.0,17.65,15.86,15.09,15.96
37125,16.9,18.23,13.0,18.87,26.32
37127,21.8,17.7,23.0,18.87,16.82
37129,30.6,36.0,34.24,28.53,25.35
37131,11.7,13.53,14.56,12.98,13.2
37133,20.6,19.25,21.77,18.72,17.38
37135,12.6,12.69,15.03,11.64,10.05
37137,25.8,33.14,30.86,34.8,40.18
37139,18.4,21.07,20.63,25.93,33.46
37141,25.8,24.58,22.66,20.55,21.31
37143,16.3,16.92,16.35,18.59,23.12
37145,14.7,19.08,25.69,20.88,17.43
37147,15.8,25.17,19.87,23.6,29.45
37149,23.9,28.05,24.42,25.47,27.18
37151,25.5,35.33,30.63,35.35,41.66
37153,21.1,23.63,21.72,22.78,25.5
37155,16.6,19.25,20.91,36.97,54.69
37157,27.1,28.11,30.36,31.04,32.63
37159,30.9,45.26,32.96,32.92,34.22
37161,27.4,31.1,27.15,24.52,22.28
37163,20.0,19.56,21.39,18.69,17.96
37165,18.4,18.21,17.97,19.24,21.89
37167,20.3,30.3,32.47,29.01,26.6
37169,31.5,37.48,33.68,26.68,21.47
37171,24.0,28.24,32.82,27.12,22.47
37173,28.2,37.0,35.5,40.15,45.33
37175,24.7,26.54,20.98,23.87,26.83
37177,19.3,19.09,18.42,20.59,25.07
37179,11.7,14.37,14.3,13.08,12.42
37181,19.7,25.78,22.82,24.18,27.01
37183,12.3,14.19,12.41,11.47,12.71
37185,11.2,11.09,12.29,11.36,12.21
37187,12.1,12.81,11.51,13.4,17.68
37189,14.1,12.71,13.42,13.89,15.31
37191,16.3,18.17,19.19,24.39,31.51
37193,42.4,35.03,33.99,32.29,31.96
37195,15.5,16.46,15.34,19.83,26.36
37197,22.8,25.24,30.52,24.35,19.23
37199,28.4,29.2,29.53,26.48,23.95
38001,6.3,6.8,6.48,6.78,6.71
38003,5.9,6.25,6.69,6.38,4.71
38005,14.4,16.28,15.81,16.2,16.05
38007,8.1,8.59,8.34,8.68,9.61
38009,7.6,7.31,6.96,7.15,7.48
38011,6.8,7.31,7.05,7.25,7.7
38013,6.9,7.45,7.04,7.29,7.93
38015,7.5,7.85,6.97,7.12,6.62
38017,11.3,8.78,9.29,8.91,7.6
38019,6.9,7.52,7.11,7.31,7.82
38021,4.9,4.98,4.71,4.91,4.61
38023,8.7,9.44,8.83,9.16,9.8
38025,8.3,8.46,8.02,8.22,8.5
38027,5.6,6.03,5.68,5.9,5.85
38029,8.3,8.52,8.44,8.45,7.23
38031,4.3,4.61,4.35,4.56,3.77
38033,8.6,8.62,8.21,8.5,9.23
38035,9.4,9.2,9.14,8.5,8.39
38037,6.5,7.02,6.63,6.95,7.11
38039,5.0,5.33,5.11,5.29,4.47
38041,6.0,6.51,6.21,6.42,6.98
38043,5.2,5.69,5.36,5.55,5.61
38045,4.6,5.01,4.68,4.88,4.75
38047,4.8,5.23,5.05,5.06,5.29
38049,5.5,6.27,5.74,6.08,6.66
38051,5.2,5.54,5.37,5.5,5.4
38053,11.4,12.35,14.16,13.33,12.92
38055,7.5,8.54,7.44,8.02,8.2
38057,6.3,6.7,6.81,6.69,6.24
38059,7.9,8.02,8.25,8.7,8.68
38061,10.2,12.91,11.28,10.35,9.41
38063,7.1,7.25,6.88,7.42,7.66
38065,6.3,6.81,6.5,6.73,6.67
38067,7.8,7.99,7.89,8.27,8.86
38069,6.7,6.88,6.47,6.69,6.62
38071,7.5,8.53,8.55,8.92,8.88
38073,6.7,6.8,6.51,7.86,8.25
38075,6.8,6.93,6.6,6.99,7.45
38077,7.3,7.79,7.19,7.4,6.61
38079,9.4,10.01,9.59,9.98,10.69
38081,5.7,5.79,5.49,5.76,5.44
38083,5.7,6.14,5.78,6.02,5.95
38085,11.3,13.62,11.85,13.42,14.05
38087,7.2,7.81,7.38,7.7,8.44
38089,11.6,11.23,10.73,13.13,15.34
38091,6.8,7.26,6.99,7.13,6.77
38093,5.0,6.01,5.32,5.67,5.4
38095,8.6,9.75,8.92,9.07,9.01
38097,7.6,8.06,7.4,7.52,7.4
38099,6.9,7.83,7.17,6.96,7.1
38101,5.4,6.39,6.96,11.86,16.64
38103,4.9,5.32,5.09,5.2,4.94
38105,11.1,14.26,11.69,12.46,13.47
39001,41.2,50.27,40.6,43.91,47.41
39003,23.9,31.14,17.51,16.0,14.58
39005,17.3,16.16,14.3,14.39,14.62
39007,38.2,39.78,31.69,33.81,35.06
39009,16.7,16.76,18.18,16.71,15.73
39011,10.2,11.2,7.42,10.7,14.36
39013,26.8,28.04,25.85,25.32,24.62
39015,43.2,57.88,51.51,41.21,31.03
39017,56.7,67.87,47.84,45.59,43.16
39019,15.4,19.2,17.52,19.26,21.03
39021,27.3,34.98,25.41,24.51,23.59
39023,53.8,64.53,50.26,44.65,39.11
39025,48.1,48.66,36.83,39.21,41.52
39027,34.5,56.98,38.06,42.3,46.41
39029,35.7,42.15,31.39,39.02,46.79
39031,14.4,16.2,16.28,16.05,15.85
39033,23.8,34.91,29.75,28.61,28.15
39035,44.7,47.81,37.61,39.76,41.88
39037,32.9,43.32,29.85,24.8,20.2
39039,14.9,13.23,16.3,16.61,18.34
39041,8.8,14.71,14.07,14.2,14.66
39043,39.4,38.77,31.58,25.73,20.97
39045,18.5,27.18,20.8,19.73,18.65
39047,30.3,59.97,33.88,35.98,38.28
39049,26.6,34.41,36.15,41.64,47.38
39051,18.5,14.18,16.87,14.74,13.9
39053,36.4,49.35,46.25,52.45,59.81
39055,21.5,22.27,14.48,20.24,25.2
39057,28.8,40.69,26.18,24.74,23.75
39059,27.7,26.63,24.19,25.92,29.04
39061,40.6,53.98,44.42,44.29,44.15
39063,22.5,32.51,27.65,22.2,17.39
39065,23.9,26.62,21.99,25.92,30.35
39067,15.2,21.18,18.64,15.91,13.13
39069,14.8,14.12,18.72,16.16,14.2
39071,36.9,50.61,27.56,32.33,37.55
39073,23.3,25.63,30.39,24.14,18.07
39075,7.6,8.14,7.29,6.67,6.37
39077,28.0,39.37,29.36,33.86,39.28
39079,29.4,34.12,37.36,34.54,33.19
39081,27.2,37.57,36.77,37.79,38.7
39083,18.6,21.53,17.41,18.09,18.66
39085,40.9,41.12,31.84,33.44,34.76
39087,40.5,49.63,43.99,38.8,34.81
39089,14.6,23.39,23.82,25.05,26.37
39091,27.6,30.27,23.91,25.7,27.57
39093,45.6,42.77,32.85,34.4,36.73
39095,37.7,37.62,38.82,50.58,63.59
39097,31.3,35.03,21.3,30.99,40.81
39099,37.1,47.56,41.09,44.83,48.64
39101,36.6,42.5,39.83,41.54,43.73
39103,22.4,22.43,17.38,15.21,13.37
39105,29.9,27.21,38.26,33.36,29.24
39107,10.9,14.54,9.3,9.45,10.35
39109,33.3,38.62,24.75,23.21,21.82
39111,14.2,15.86,17.81,15.23,13.56
39113,60.6,91.74,58.08,52.35,46.93
39115,18.1,16.44,18.86,16.3,14.98
39117,20.9,27.5,22.65,28.68,34.87
39119,15.6,21.92,31.21,32.13,34.16
39121,16.1,16.03,18.11,15.48,13.92
39123,25.3,21.73,22.51,21.58,21.74
39125,9.1,10.64,11.68,11.29,11.81
39127,17.3,19.53,24.66,23.2,22.45
39129,19.6,26.9,28.07,30.88,33.8
39131,31.9,49.39,45.97,45.49,46.04
39133,26.2,23.15,17.0,20.84,24.41
39135,43.0,56.81,33.51,33.67,33.67
39137,9.5,10.72,8.62,8.19,8.4
39139,51.0,41.89,38.88,40.94,43.84
39141,50.5,42.5,45.33,47.22,49.92
39143,28.5,30.02,25.22,25.06,26.12
39145,47.5,64.1,61.18,88.93,117.69
39147,14.3,24.3,20.27,19.06,18.72
39149,25.9,33.27,22.51,26.64,31.11
39151,27.6,26.64,20.56,27.14,33.77
39153,56.1,46.75,28.34,36.65,44.67
39155,55.0,63.59,45.54,49.76,53.68
39157,14.6,18.58,14.01,15.04,16.4
39159,15.7,18.77,15.45,19.74,24.66
39161,18.7,20.07,16.65,17.67,19.31
39163,31.7,32.23,37.39,31.99,27.76
39165,25.7,36.44,18.38,20.0,21.58
39167,28.6,22.02,21.17,19.15,18.36
39169,26.3,19.54,15.21,16.34,17.31
39171,16.8,14.77,16.5,14.4,13.46
39173,15.1,14.22,13.4,17.16,22.0
39175,15.2,16.3,15.61,13.87,12.99
40001,23.7,26.61,22.86,22.2,20.65
40003,14.0,14.2,14.18,14.04,14.19
40005,24.9,22.9,20.56,20.0,19.64
40007,10.4,12.57,10.92,10.98,11.87
40009,25.0,25.68,26.6,23.3,20.45
40011,21.3,20.73,21.55,20.08,19.38
40013,27.9,23.8,24.66,23.87,23.17
40015,29.3,26.47,24.53,24.51,24.76
40017,13.5,13.03,14.53,12.39,10.45
40019,27.6,31.93,30.19,26.34,22.23
40021,29.2,24.48,28.65,24.86,20.4
40023,25.5,21.82,26.45,25.44,24.07
40025,14.0,15.09,14.48,14.75,14.47
40027,17.5,14.88,16.87,14.58,11.83
40029,28.3,34.6,29.79,30.01,29.81
40031,17.3,15.44,15.17,15.48,16.62
40033,21.0,21.17,22.52,23.36,24.55
40035,21.0,24.57,21.7,20.14,19.35
40037,25.3,24.99,23.36,26.76,29.88
40039,12.2,14.32,13.2,12.22,11.95
40041,22.4,19.88,19.05,17.39,15.91
40043,13.2,13.45,11.93,12.22,12.18
40045,12.9,13.2,12.37,14.19,16.19
40047,13.2,15.12,14.63,15.35,16.49
40049,34.2,34.49,30.27,32.12,33.27
40051,23.7,21.67,24.67,22.13,19.95
40053,11.6,13.28,11.85,12.3,13.36
40055,21.3,24.34,20.85,21.22,22.65
40057,17.7,20.15,20.32,19.25,18.13
40059,9.8,10.54,10.02,10.48,10.56
40061,20.7,24.14,22.17,22.48,22.15
40063,16.1,24.09,17.83,18.59,18.7
40065,17.9,20.94,17.71,22.18,26.87
40067,32.0,34.11,31.42,30.14,29.27
40069,42.7,36.41,34.21,39.06,43.7
40071,17.5,20.65,15.24,15.99,16.23
40073,12.0,15.02,14.48,12.95,11.41
40075,19.9,24.82,19.8,20.95,22.84
40077,25.1,32.25,25.3,25.0,24.27
40079,27.8,27.1,26.16,21.27,16.21
40081,24.1,20.83,23.15,19.62,15.93
40083,12.5,15.8,11.68,12.42,13.53
40085,29.6,28.89,29.99,30.3,30.99
40087,18.6,21.74,18.44,19.22,19.96
40089,28.0,26.97,23.53,22.68,21.42
40091,26.3,32.61,27.63,26.43,24.8
40093,10.0,12.62,10.64,10.59,10.32
40095,17.6,18.1,17.03,15.94,15.38
40097,23.5,27.07,25.97,25.96,26.22
40099,33.3,33.42,32.2,29.1,25.48
40101,32.8,25.64,31.13,26.94,21.63
40103,17.0,18.14,20.09,18.25,16.38
40105,15.4,17.56,15.77,17.11,19.1
40107,21.2,24.95,22.06,23.25,24.11
40109,21.8,21.77,18.18,18.56,18.65
40111,26.0,27.51,22.28,23.0,23.67
40113,18.7,27.24,20.51,21.0,21.53
40115,22.2,24.39,20.44,19.63,19.2
40117,29.7,31.6,35.46,33.16,30.62
40119,13.6,10.71,11.07,10.15,9.09
40121,24.6,26.46,26.99,26.62,25.68
40123,24.0,22.1,25.49,25.74,25.41
40125,26.1,23.45,27.4,21.54,15.13
40127,38.7,29.85,27.71,26.65,25.28
40129,11.3,11.5,11.0,10.99,11.28
40131,13.8,14.86,13.92,13.27,13.18
40133,27.1,26.62,30.7,27.57,23.96
40135,34.2,31.51,27.9,27.19,25.3
40137,22.3,22.59,21.16,20.76,20.61
40139,12.9,13.75,16.74,14.07,10.89
40141,17.4,18.65,18.78,18.75,19.61
40143,20.9,21.81,19.91,20.59,21.21
40145,18.7,23.37,20.16,19.81,19.91
40147,18.3,20.2,17.32,18.82,20.63
40149,20.4,24.16,22.2,21.55,21.19
40151,17.5,16.01,14.22,14.62,15.35
40153,15.4,17.03,15.12,14.8,14.37
41001,17.2,18.33,17.59,17.0,18.72
41003,9.0,7.73,6.66,9.39,15.12
41005,10.7,10.07,9.68,10.6,13.86
41007,23.8,19.43,25.0,23.31,24.79
41009,15.5,15.3,16.98,14.0,14.05
41011,15.1,14.72,13.96,18.61,24.99
41013,13.8,13.79,13.83,14.82,17.48
41015,18.2,24.44,18.01,20.29,23.56
41017,13.7,12.04,9.92,9.69,11.71
41019,13.9,14.51,15.31,17.95,21.95
41021,9.1,9.81,9.42,9.78,11.6
41023,13.3,13.52,12.9,13.24,14.05
41025,16.3,15.56,14.87,15.2,16.78
41027,8.5,10.17,9.06,10.05,13.77
41029,15.5,15.01,20.64,17.23,14.97
41031,8.5,9.44,8.75,8.47,10.05
41033,12.3,20.35,19.62,22.43,26.09
41035,12.8,17.15,17.11,21.65,27.41
41037,19.4,19.68,18.58,19.38,21.07
41039,19.7,20.01,18.84,19.97,23.62
41041,18.3,21.12,17.84,23.83,32.18
41043,14.2,13.03,13.77,14.7,18.6
41045,11.1,11.15,12.28,13.36,15.37
41047,12.5,13.21,10.6,11.36,14.79
41049,7.7,8.3,8.28,8.62,10.48
41051,16.4,19.12,20.39,23.79,29.32
41053,10.5,9.95,9.58,10.43,14.33
41055,11.2,12.09,11.5,12.02,14.06
41057,18.5,20.28,19.92,16.97,16.22
41059,10.2,11.29,10.25,10.05,11.15
41061,14.8,16.51,15.85,15.5,17.11
41063,9.2,10.59,9.34,9.69,10.85
41065,11.3,13.08,12.69,12.78,14.86
41067,9.9,8.86,8.52,9.64,13.22
41069,10.8,11.58,11.12,11.38,12.98
41071,9.8,13.39,10.36,11.12,14.13
42001,19.7,17.36,18.68,12.53,6.91
42003,51.1,59.68,38.59,42.61,47.26
42005,56.5,48.28,37.83,34.59,31.98
42007,60.8,52.99,31.91,36.99,42.55
42009,20.9,30.28,25.71,20.93,16.91
42011,24.0,26.81,22.62,27.82,34.97
42013,30.6,34.2,22.02,23.19,25.09
42015,17.9,23.42,18.55,20.23,22.77
42017,32.2,42.79,39.66,35.12,32.77
42019,40.3,45.47,24.72,32.43,40.9
42021,67.8,61.31,45.68,45.72,46.27
42023,14.0,15.1,14.51,14.41,14.51
42025,32.3,36.4,42.6,41.38,41.97
42027,10.3,10.35,10.41,8.24,6.57
42029,22.2,30.78,26.56,23.97,23.24
42031,16.2,17.34,19.64,18.66,18.18
42033,17.8,17.61,23.84,19.74,16.25
42035,21.4,14.96,13.31,13.76,14.26
42037,20.0,20.67,23.46,23.7,25.09
42039,38.1,27.44,28.88,24.96,20.71
42041,22.7,29.35,21.01,16.16,11.96
42043,27.7,30.8,35.44,31.34,27.94
42045,41.3,49.72,40.51,38.01,37.43
42047,18.9,24.12,22.91,20.88,19.76
42049,29.1,37.58,27.2,25.63,22.98
42051,52.0,57.79,39.67,35.23,31.21
42053,14.1,15.11,14.73,16.5,18.85
42055,21.1,17.6,17.3,13.66,11.07
42057,34.1,23.6,22.6,22.12,22.72
42059,46.8,32.69,28.0,30.04,32.79
42061,19.6,22.0,17.53,18.92,20.83
42063,45.5,42.34,30.92,34.97,39.37
42065,20.7,22.29,23.58,24.03,24.83
42067,12.5,12.01,11.12,11.85,12.96
42069,35.3,39.01,42.48,34.1,27.18
42071,21.6,29.99,22.53,20.13,18.65
42073,42.4,55.26,41.74,38.07,34.92
42075,11.4,13.96,13.03,16.41,20.65
42077,26.4,31.28,27.45,23.2,21.44
42079,39.5,42.68,44.84,43.74,43.93
42081,22.5,24.0,19.0,25.59,32.52
42083,19.0,17.96,20.4,16.24,12.36
42085,28.0,34.31,40.92,37.39,34.01
42087,21.0,22.55,22.72,18.08,14.01
42089,20.1,23.42,22.21,22.78,25.4
42091,29.4,28.73,24.48,26.22,30.53
42093,27.1,29.28,24.93,27.93,31.72
42095,27.3,36.77,29.8,25.42,23.41
42097,29.5,29.23,26.53,37.46,48.96
42099,21.4,27.82,21.9,22.23,23.14
42101,47.2,63.89,60.07,62.01,66.14
42103,27.2,34.04,32.57,28.76,26.45
42105,17.2,17.5,15.24,14.54,14.13
42107,39.5,28.1,35.0,37.27,40.75
42109,12.2,11.84,12.08,13.85,16.26
42111,31.3,36.8,21.81,22.99,24.9
42113,16.5,18.16,16.02,18.46,21.59
42115,25.6,25.19,24.99,18.65,13.4
42117,13.5,19.1,14.1,15.23,16.72
42119,8.9,8.93,8.2,10.85,14.26
42121,24.1,21.99,22.96,20.96,19.19
42123,13.1,13.87,10.73,15.12,20.11
42125,48.6,48.38,36.69,37.89,39.48
42127,28.5,30.22,30.17,31.84,35.17
42129,56.2,56.87,38.02,36.95,36.63
42131,28.6,34.73,39.59,37.69,37.16
42133,23.0,29.79,30.05,26.07,22.87
44001,21.5,21.56,22.09,22.15,24.78
44003,33.2,29.15,33.83,29.96,28.49
44005,26.6,28.35,24.11,20.86,20.33
44007,32.4,32.91,32.12,32.36,35.25
44009,19.7,20.57,19.3,20.78,24.53
45001,13.5,18.05,15.62,13.27,11.27
45003,21.0,25.94,23.81,21.3,18.83
45005,7.0,8.0,7.55,7.54,7.36
45007,19.7,19.91,19.48,20.55,22.31
45009,10.9,12.37,11.43,12.68,14.01
45011,13.6,16.72,16.32,15.36,14.41
45013,10.1,15.04,12.91,15.14,17.75
45015,20.6,19.65,21.61,19.91,19.12
45017,8.8,9.53,10.42,10.57,11.28
45019,18.1,21.02,21.22,21.24,22.52
45021,12.8,13.49,14.43,16.64,19.1
45023,10.8,17.39,14.53,15.91,16.97
45025,14.2,15.89,14.66,16.67,19.48
45027,10.7,11.37,12.14,12.77,14.28
45029,18.6,21.13,21.7,21.22,20.85
45031,12.7,15.58,15.78,15.62,16.6
45033,15.4,15.57,15.68,16.92,19.96
45035,14.3,16.59,20.42,17.2,14.94
45037,8.6,10.91,8.67,8.18,7.37
45039,11.9,13.39,12.24,13.86,15.71
45041,14.0,19.77,19.48,16.75,16.08
45043,24.7,25.73,28.49,24.58,21.81
45045,18.8,20.93,27.91,25.42,23.58
45047,14.9,18.96,23.45,16.46,9.83
45049,11.1,11.61,10.84,11.63,12.35
45051,41.5,29.05,27.93,35.21,44.27
45053,15.0,17.73,17.2,18.82,19.83
45055,12.3,17.18,18.87,17.65,16.81
45057,15.0,24.74,20.56,30.11,39.69
45059,21.5,23.78,27.02,22.49,18.64
45061,8.0,8.63,8.41,8.19,8.79
45063,16.7,18.4,19.52,20.74,21.78
45065,10.9,11.59,11.72,11.88,12.28
45067,14.9,14.29,13.24,16.15,20.81
45069,10.8,11.56,10.7,12.0,14.8
45071,11.3,11.07,10.92,11.07,11.78
45073,25.2,28.27,27.46,33.51,39.53
45075,9.8,9.69,10.82,13.04,15.58
45077,27.1,27.55,31.25,30.96,30.78
45079,14.3,19.34,18.39,16.86,15.44
45081,10.3,10.71,10.19,9.97,10.16
45083,22.0,24.81,26.77,24.3,22.36
45085,10.3,10.37,19.18,16.58,14.98
45087,16.4,16.98,15.0,18.23,21.46
45089,13.2,15.97,14.74,16.5,19.23
45091,19.8,22.15,22.14,22.25,22.93
46003,5.8,6.24,6.01,6.48,6.81
46005,7.8,8.84,8.46,8.29,6.85
46007,6.4,6.91,6.57,6.69,7.76
46009,4.9,5.01,4.65,4.81,4.64
46011,4.6,4.93,4.91,4.45,2.09
46013,6.5,6.32,5.69,5.53,3.65
46015,8.3,8.45,8.02,9.12,9.97
46017,8.9,9.1,9.05,9.47,9.0
46019,7.2,8.17,7.76,8.6,10.57
46021,8.7,9.34,8.41,8.65,8.1
46023,6.5,6.95,6.23,6.74,6.98
46025,5.6,6.04,5.71,5.98,4.17
46027,5.1,5.52,4.97,5.32,5.67
46029,4.8,5.69,4.97,5.65,4.85
46031,11.4,13.81,11.16,12.08,12.35
46033,12.1,12.22,10.59,10.72,12.45
46035,5.4,5.8,5.75,5.56,4.4
46037,5.2,5.72,5.41,5.87,4.94
46039,5.7,6.06,5.79,6.0,4.89
46041,9.9,11.36,10.68,11.1,11.57
46043,5.4,5.83,5.25,5.45,5.48
46045,4.4,4.78,4.58,4.7,3.66
46047,18.0,18.19,18.36,18.97,20.87
46049,5.8,6.32,5.98,6.18,5.23
46051,6.0,6.06,5.83,6.03,5.27
46053,7.4,7.47,7.09,7.32,7.53
46055,7.6,8.78,7.94,8.14,8.04
46057,4.9,5.0,4.69,4.89,3.54
46059,5.8,6.21,5.89,6.06,5.17
46061,4.7,5.16,4.87,4.99,4.07
46063,7.3,7.93,7.48,7.7,8.96
46065,7.1,7.18,6.77,7.38,7.32
46067,3.8,4.14,3.91,4.04,3.96
46069,5.8,6.25,6.03,6.13,5.1
46071,6.4,6.94,6.5,6.77,7.78
46073,6.6,7.07,6.86,7.07,5.96
46075,7.2,7.68,7.37,7.61,7.37
46077,4.3,4.64,4.35,4.81,3.61
46079,3.9,4.41,4.08,4.15,2.56
46081,8.6,9.68,8.15,9.56,11.47
46083,5.1,5.64,6.02,5.9,5.19
46085,7.3,8.17,7.6,7.77,7.15
46087,4.8,5.23,5.17,5.14,3.78
46089,4.9,5.25,5.02,5.15,4.92
46091,6.4,6.77,6.47,6.73,6.14
46093,9.8,9.92,9.37,11.32,13.92
46095,7.5,8.04,7.75,8.06,8.05
46097,4.9,5.61,5.1,5.16,4.19
46099,9.9,10.2,10.87,13.28,14.78
46101,5.5,5.86,5.62,5.83,4.02
46102,10.9,12.91,13.22,12.38,12.83
46103,10.7,10.04,8.24,10.61,13.74
46105,7.7,8.35,7.86,8.08,8.44
46107,5.8,6.19,5.87,6.06,5.74
46109,8.8,8.95,9.49,10.85,11.24
46111,5.2,5.62,5.34,5.84,5.17
46115,7.1,8.03,7.2,7.85,6.33
46117,6.7,7.19,6.88,7.19,6.58
46119,6.1,6.6,6.32,6.49,6.5
46121,12.5,14.04,13.6,15.5,17.43
46123,6.9,6.95,6.59,6.88,6.53
46125,5.3,6.41,5.6,5.68,4.47
46127,5.6,5.78,5.36,5.88,6.2
46129,6.3,6.55,5.99,6.33,5.84
46135,7.2,8.36,7.4,7.16,6.78
46137,10.8,13.08,11.28,12.09,12.43
47001,39.9,53.39,41.18,40.81,41.84
47003,17.0,17.63,20.98,23.91,29.37
47005,34.9,41.53,38.14,39.83,43.62
47007,20.3,21.36,22.62,22.36,24.16
47009,28.2,38.7,34.48,35.11,36.35
47011,19.2,26.79,25.54,22.8,22.18
47013,36.2,36.79,31.84,35.29,40.8
47015,31.4,32.93,32.43,38.33,46.48
47017,17.9,20.69,18.9,18.94,20.91
47019,30.4,32.87,29.51,27.0,25.08
47021,39.4,51.63,50.97,57.05,64.14
47023,15.8,17.81,15.56,16.23,18.7
47025,50.3,35.33,38.96,34.56,31.24
47027,51.3,47.69,43.4,43.63,45.64
47029,23.7,34.81,30.47,28.36,26.6
47031,27.9,28.11,29.54,26.74,26.27
47033,12.6,13.92,14.26,15.68,18.59
47035,18.8,23.07,21.05,22.73,26.84
47037,32.8,34.53,34.88,45.11,56.23
47039,30.0,28.29,28.87,29.49,32.23
47041,31.6,38.74,38.57,40.62,45.02
47043,34.5,26.81,29.47,39.53,51.41
47045,11.3,13.42,12.84,15.65,20.16
47047,13.2,14.99,13.34,15.36,19.1
47049,28.5,31.38,28.14,34.48,43.15
47051,21.4,22.58,21.72,24.18,28.62
47053,19.6,19.3,19.25,21.48,25.17
47055,21.3,27.06,25.09,25.48,28.3
47057,26.2,24.71,26.15,31.15,36.54
47059,25.9,30.15,30.91,28.68,27.11
47061,30.6,31.04,32.35,33.75,37.47
47063,33.2,29.54,24.97,29.72,34.5
47065,19.6,23.41,18.53,24.48,32.71
47067,41.6,45.03,45.26,40.51,36.32
47069,12.3,15.04,12.66,14.24,17.48
47071,34.7,32.58,34.86,34.62,36.63
47073,35.2,27.3,27.94,26.97,26.81
47075,11.3,10.94,11.15,11.68,13.29
47077,19.0,23.4,24.86,23.29,23.81
47079,23.4,23.72,29.33,34.11,40.97
47081,27.3,28.45,34.45,38.19,43.5
47083,32.8,34.74,35.89,35.68,36.8
47085,25.5,30.48,27.99,29.53,32.77
47087,41.4,42.77,40.71,42.39,45.87
47089,18.2,22.52,25.63,25.93,27.1
47091,19.4,18.85,18.68,21.78,25.99
47093,38.1,50.69,52.88,48.05,43.79
47095,11.8,13.42,13.06,13.81,16.05
47097,22.6,20.08,18.28,21.21,25.27
47099,20.6,25.92,25.33,27.91,32.72
47101,20.4,28.66,24.52,24.25,25.37
47103,21.0,20.03,20.73,20.3,21.88
47105,29.5,37.29,30.99,32.98,36.13
47107,26.8,29.48,25.5,26.64,29.51
47109,21.1,22.9,20.24,21.84,25.12
47111,26.8,23.87,23.18,23.02,24.31
47113,13.0,15.01,11.93,10.74,10.92
47115,19.1,23.75,19.18,25.2,33.94
47117,31.4,29.41,26.76,29.11,33.06
47119,22.2,20.76,23.13,26.35,31.07
47121,41.2,39.01,30.08,36.08,44.45
47123,35.6,28.09,30.84,31.12,32.72
47125,16.3,18.86,24.99,30.88,38.2
47127,17.8,20.77,19.86,19.12,20.54
47129,30.7,29.26,29.47,32.49,37.35
47131,12.4,12.54,14.43,13.93,14.51
47133,31.3,32.76,31.8,30.3,31.16
47135,18.6,21.08,19.4,20.56,23.5
47137,27.0,30.29,29.13,30.0,32.89
47139,26.5,28.45,23.58,21.84,21.81
47141,20.7,20.98,24.58,23.06,23.27
47143,22.2,24.7,22.05,31.1,42.25
47145,46.6,44.56,48.51,36.81,26.96
47147,17.9,23.65,21.83,30.4,39.71
47149,18.4,20.22,25.03,27.98,32.55
47151,25.6,26.35,24.33,29.7,36.83
47153,23.5,26.23,26.31,28.94,33.66
47155,27.5,33.38,40.52,36.2,32.43
47157,21.0,22.12,17.81,26.83,36.9
47159,45.1,36.03,35.93,38.57,43.13
47161,24.2,23.69,30.53,33.89,38.54
47163,27.3,26.96,32.51,22.01,11.76
47165,21.2,21.91,22.05,24.87,28.58
47167,25.5,23.65,22.47,26.71,31.92
47169,21.5,22.71,30.92,26.02,22.82
47171,35.6,43.01,38.61,37.09,36.36
47173,42.6,41.5,35.98,36.6,38.43
47175,21.8,18.6,19.0,18.44,20.26
47177,22.3,19.05,19.98,20.55,23.83
47179,28.0,27.22,21.75,21.99,22.93
47181,18.3,17.22,21.12,17.22,15.6
47183,18.8,15.09,18.66,17.04,16.47
47185,30.5,23.24,27.45,30.44,35.72
47187,12.0,13.15,15.58,15.94,17.67
47189,25.6,25.69,23.24,35.93,50.27
48001,14.2,17.24,15.99,16.6,16.26
48003,12.1,13.62,11.89,11.95,11.87
48005,13.8,13.68,13.96,11.95,9.42
48007,23.0,23.41,22.74,24.25,27.42
48009,21.7,22.12,20.1,19.24,17.91
48011,9.3,9.94,9.46,9.87,10.91
48013,9.7,9.91,11.21,8.66,8.24
48015,8.5,7.98,8.93,8.93,9.61
48017,9.3,9.88,9.71,10.98,11.98
48019,12.7,15.53,13.9,13.91,14.64
48021,9.9,11.08,11.94,12.06,12.28
48023,21.6,24.46,24.9,24.27,24.04
48025,9.4,9.17,7.81,8.64,10.75
48027,6.7,10.63,11.6,9.02,5.59
48029,11.8,11.26,11.58,12.9,14.92
48031,11.7,12.88,12.05,12.74,14.27
48033,9.8,10.55,10.19,10.43,10.23
48035,12.4,14.51,18.14,15.88,13.0
48037,8.4,11.04,10.29,9.18,7.62
48039,10.6,11.5,11.14,11.65,13.21
48041,6.3,5.69,5.74,6.8,6.64
48043,15.9,16.05,15.32,18.47,20.87
48045,10.0,10.8,10.31,11.21,11.55
48047,8.8,10.5,9.22,9.87,11.83
48049,13.3,13.44,15.97,18.84,21.98
48051,10.4,12.31,10.92,11.65,11.15
48053,15.2,14.42,12.65,13.81,15.14
48055,10.1,10.62,9.06,7.66,6.67
48057,11.8,13.17,11.6,13.09,15.65
48059,10.5,11.1,10.23,12.04,13.54
48061,4.1,5.01,4.77,6.16,8.92
48063,12.8,13.2,11.86,11.67,10.64
48065,13.8,13.95,14.21,14.04,14.3
48067,10.7,12.69,12.72,12.18,10.33
48069,6.3,6.84,6.86,6.8,6.05
48071,15.3,16.86,13.38,20.26,26.85
48073,11.4,14.2,12.88,13.08,12.41
48075,13.8,14.06,13.4,14.42,15.26
48077,17.5,19.66,19.0,19.25,19.0
48079,14.6,14.0,14.09,13.82,12.7
48081,11.2,12.04,10.85,11.89,12.24
48083,7.2,7.72,7.49,7.79,8.15
48085,9.1,8.13,7.54,7.61,7.2
48087,13.5,14.56,13.98,14.18,14.69
48089,8.2,8.22,8.03,8.6,9.81
48091,13.4,13.11,11.98,11.46,11.34
48093,10.4,11.64,10.89,11.53,12.27
48095,7.3,7.86,7.53,7.77,8.39
48097,18.5,18.03,20.03,17.79,15.83
48099,7.6,8.65,7.12,7.25,6.69
48101,9.2,9.93,9.51,9.83,10.29
48103,14.4,14.01,12.46,12.83,11.98
48105,10.7,11.56,11.08,12.76,15.01
48107,10.1,10.91,9.92,10.6,11.07
48109,10.4,11.21,10.74,10.97,10.63
48111,9.0,9.77,9.38,9.47,9.42
48113,12.4,13.07,12.88,13.09,12.58
48115,12.0,12.28,11.21,13.05,14.52
48117,7.6,8.53,7.83,8.38,9.18
48119,14.3,16.87,16.51,17.01,16.78
48121,8.7,8.87,7.17,7.81,8.01
48123,8.1,8.75,9.74,9.66,10.44
48125,8.4,9.16,8.73,8.94,9.15
48127,8.1,8.21,8.71,8.16,9.03
48129,11.6,12.47,11.32,11.48,12.33
48131,12.2,11.79,12.28,12.92,15.02
48133,7.4,8.47,7.58,8.75,9.51
48135,12.7,14.92,13.97,15.56,16.48
48137,6.5,7.03,6.68,6.91,7.63
48139,8.6,10.95,8.4,8.75,8.42
48141,10.2,11.39,10.17,11.57,12.22
48143,9.7,10.96,10.3,9.79,9.09
48145,9.3,11.62,10.93,11.47,11.02
48147,12.2,12.89,11.88,14.05,16.4
48149,8.1,8.77,9.21,8.95,9.25
48151,8.1,8.6,8.8,8.67,8.28
48153,8.1,8.12,7.77,7.99,7.29
48155,12.8,13.87,13.89,13.7,13.73
48157,6.7,6.05,6.58,6.54,7.12
48159,9.5,10.75,10.27,10.7,10.54
48161,9.1,9.77,10.77,10.73,9.67
48163,5.9,7.04,6.47,5.88,7.36
48165,9.0,9.18,8.67,8.94,9.48
48167,16.4,17.61,17.33,17.39,18.35
48169,8.6,9.3,8.93,9.6,10.37
48171,8.9,9.48,9.56,8.86,9.15
48173,10.1,10.94,10.56,10.7,10.42
48175,10.9,11.71,11.79,11.05,11.44
48177,10.2,10.97,11.1,10.71,11.02
48179,11.7,12.46,12.06,12.84,13.86
48181,9.9,12.88,12.15,12.07,12.07
48183,9.4,9.09,9.27,11.78,13.63
48185,12.5,12.78,13.16,14.31,14.39
48187,8.3,9.68,8.65,8.92,10.0
48189,8.4,8.5,9.02,8.8,7.68
48191,9.7,10.4,9.97,10.35,10.92
48193,12.7,12.95,15.28,13.62,11.83
48195,9.9,11.24,10.49,10.45,10.32
48197,11.6,13.23,11.97,13.07,14.49
48199,16.8,16.75,15.61,16.0,15.77
48201,11.4,11.84,12.29,13.18,14.52
48203,11.0,11.31,9.83,11.97,13.44
48205,8.1,8.78,8.79,8.64,8.74
48207,9.8,11.1,11.28,11.01,10.84
48209,9.4,9.21,10.0,7.41,5.31
48211,10.0,10.74,10.83,11.21,12.02
48213,15.0,16.55,18.73,19.45,19.57
48215,3.4,3.62,3.99,4.15,6.5
48217,14.2,13.24,12.74,15.61,17.48
48219,9.5,9.21,10.19,10.37,10.2
48221,12.8,17.65,14.79,15.42,15.96
48223,11.2,11.54,11.33,12.1,12.39
48225,11.2,11.51,13.15,12.4,9.58
48227,13.2,14.1,14.85,15.07,14.92
48229,8.9,9.65,9.15,9.47,8.24
48231,13.9,14.61,13.59,12.66,11.09
48233,16.2,14.94,17.2,17.21,17.91
48235,12.7,13.5,12.87,14.25,15.28
48237,16.3,17.86,16.44,16.09,15.79
48239,10.1,10.31,11.3,12.08,13.68
48241,17.0,17.78,17.44,17.81,17.98
48243,10.4,11.14,10.66,11.14,10.63
48245,13.4,15.23,13.42,14.4,15.29
48247,7.7,7.84,7.31,7.66,9.26
48249,10.6,10.77,10.31,11.56,14.65
48251,11.4,11.1,12.31,11.51,10.45
48253,8.6,8.7,8.05,8.11,7.79
48255,7.4,7.58,7.5,7.37,8.95
48257,11.8,13.31,13.72,15.6,16.12
48259,8.0,9.37,8.82,8.7,9.49
48261,8.0,8.72,8.17,8.38,10.5
48263,8.5,9.04,8.74,8.95,9.46
48265,13.8,16.39,15.87,15.6,16.19
48267,10.0,10.71,10.92,10.61,11.16
48269,9.2,9.94,9.45,9.74,10.78
48271,5.5,5.95,5.6,5.74,6.55
48273,7.8,9.25,9.14,9.61,12.25
48275,9.2,10.02,9.57,9.7,9.78
48277,12.6,13.05,14.19,12.77,11.1
48279,11.1,11.75,12.72,11.28,9.09
48281,8.6,10.05,8.44,9.3,10.02
48283,9.5,10.22,9.2,9.91,12.33
48285,7.0,8.34,8.59,8.07,8.13
48287,8.9,10.62,9.8,9.05,7.94
48289,16.0,17.07,13.72,15.61,15.81
48291,14.7,17.79,14.69,18.36,22.0
48293,10.4,10.18,12.2,10.79,8.18
48295,10.9,12.42,11.96,11.8,11.47
48297,7.7,9.17,7.61,7.84,8.9
48299,19.7,16.56,17.58,16.13,15.18
48301,16.5,17.72,17.02,17.5,17.2
48303,12.4,14.41,15.33,14.42,12.62
48305,10.2,10.37,11.07,12.11,12.69
48307,8.8,9.93,9.24,9.34,10.06
48309,8.8,9.58,11.61,10.94,8.96
48311,8.3,8.89,8.46,8.69,10.51
48313,9.3,10.48,10.0,9.98,7.61
48315,16.3,19.21,17.88,19.23,19.86
48317,11.6,12.48,14.89,12.72,10.3
48319,8.2,8.8,8.58,8.56,9.65
48321,11.7,11.32,10.8,10.82,11.82
48323,5.0,4.86,5.1,4.98,6.32
48325,5.5,5.61,5.79,6.27,7.75
48327,12.4,11.29,11.15,10.93,11.48
48329,7.2,8.32,10.02,9.0,7.48
48331,9.3,10.65,9.18,10.22,10.75
48333,12.7,11.55,11.02,12.48,13.74
48335,9.5,11.91,10.11,10.21,10.38
48337,17.5,21.32,22.72,19.64,16.39
48339,12.9,16.85,13.38,15.42,16.92
48341,7.6,7.63,8.31,8.05,8.59
48343,11.4,12.47,12.28,13.48,13.43
48345,9.5,10.19,9.8,10.07,9.99
48347,10.6,12.47,10.51,11.48,11.11
48349,11.6,12.73,12.43,13.11,12.49
48351,21.8,21.31,20.25,22.49,25.15
48353,13.9,13.52,14.02,16.84,19.37
48355,18.0,21.2,16.5,14.68,15.18
48357,8.0,8.7,8.36,8.37,9.09
48359,14.5,14.63,13.98,14.51,15.36
48361,18.7,27.99,22.67,22.19,21.62
48363,15.0,20.55,15.56,17.02,18.48
48365,11.5,14.0,10.87,13.45,15.73
48367,14.6,14.12,9.97,12.22,14.4
48369,6.8,7.25,7.02,7.26,7.07
48371,8.4,8.56,8.44,8.43,7.21
48373,17.6,18.4,18.89,17.24,15.04
48375,16.4,15.22,14.24,19.77,25.12
48377,7.0,7.49,7.19,7.49,7.16
48379,13.1,14.7,14.09,15.3,15.15
48381,12.4,14.21,11.76,12.88,13.99
48383,15.5,15.66,14.94,17.31,18.77
48385,8.1,8.92,8.4,8.6,9.16
48387,14.5,13.3,13.13,13.37,13.3
48389,16.6,16.93,15.32,17.12,17.89
48391,13.0,14.71,14.23,14.68,16.9
48393,10.4,11.17,10.79,11.05,11.53
48395,11.5,13.65,12.54,15.74,16.99
48397,7.4,10.92,11.43,8.67,4.59
48399,7.5,8.46,7.65,7.92,8.02
48401,9.4,10.36,10.28,11.9,12.69
48403,13.1,15.51,14.21,14.57,13.97
48405,12.5,14.96,13.01,13.94,14.47
48407,19.1,21.93,17.43,18.62,18.83
48409,14.0,15.33,14.48,14.0,15.58
48411,10.2,10.22,10.39,10.38,10.26
48413,9.2,9.82,9.38,9.74,10.43
48415,11.0,10.76,10.6,10.54,10.43
48417,7.8,8.39,8.0,8.81,9.14
48419,14.4,13.59,11.32,14.96,17.38
48421,11.3,12.19,12.45,12.02,11.6
48423,9.7,9.72,9.87,11.04,11.72
48425,9.7,10.76,9.94,11.14,12.09
48427,3.8,3.8,4.08,4.23,6.49
48429,8.1,8.96,8.25,8.96,9.31
48431,10.3,11.09,10.52,11.05,11.09
48433,8.5,9.2,9.37,9.03,9.18
48435,8.2,8.9,8.5,8.76,9.51
48437,8.9,9.04,9.11,9.0,8.5
48439,10.8,10.12,8.77,8.73,8.36
48441,14.1,13.24,12.98,11.76,10.51
48443,10.3,10.4,10.0,10.42,9.59
48445,9.1,9.65,9.38,9.17,8.23
48447,13.2,14.36,14.39,13.85,13.47
48449,7.2,8.88,7.55,8.73,9.04
48451,13.7,12.63,10.11,10.75,10.89
48453,12.5,12.33,13.18,12.94,13.55
48455,19.3,20.45,21.8,18.52,14.11
48457,18.9,19.08,22.76,21.05,18.75
48459,12.0,12.69,11.75,13.6,14.6
48461,11.5,12.26,11.73,14.42,15.93
48463,7.2,8.07,7.84,7.64,8.39
48465,6.8,7.88,7.08,6.5,6.2
48467,15.6,14.35,13.03,15.07,16.1
48469,10.9,12.23,10.31,10.84,12.23
48471,7.8,9.41,8.61,9.13,8.59
48473,9.5,12.69,11.34,10.91,10.68
48475,12.4,15.52,13.6,13.98,13.33
48477,6.6,7.82,8.27,7.74,7.24
48479,12.3,13.95,10.02,10.69,13.13
48481,9.8,9.86,9.28,13.18,17.85
48483,12.4,12.61,12.62,12.3,12.86
48485,16.9,16.3,16.42,15.98,15.21
48487,12.8,13.82,13.17,14.96,17.03
48489,6.5,7.38,8.22,7.14,7.81
48491,6.9,5.95,7.22,6.67,6.28
48493,6.3,7.77,7.59,7.91,10.06
48495,16.4,17.85,16.89,18.29,18.84
48497,14.3,15.47,12.42,14.04,16.13
48499,12.6,14.83,12.97,12.71,11.38
48501,13.3,14.1,13.6,14.15,14.31
48503,25.4,30.64,27.62,23.63,19.18
48505,9.5,9.2,8.14,8.86,11.34
48507,8.0,8.15,8.26,8.28,9.68
49001,23.1,25.86,23.66,26.84,30.9
49003,25.9,21.08,20.29,19.52,19.89
49005,12.5,12.51,13.37,11.63,11.4
49007,54.1,49.33,44.46,40.78,36.9
49009,25.1,23.75,22.96,23.54,23.85
49011,18.6,17.87,15.25,14.48,14.09
49013,26.4,23.3,26.57,25.35,23.65
49015,37.4,37.67,43.66,39.39,34.85
49017,19.9,20.07,20.34,18.7,18.04
49019,20.3,22.98,25.74,25.26,25.99
49021,25.6,22.52,20.44,18.23,17.08
49023,23.9,28.05,24.3,27.09,29.37
49025,27.4,26.2,25.03,25.16,26.06
49027,21.9,24.68,23.45,25.49,27.52
49029,15.5,17.98,17.37,16.3,15.84
49031,19.6,21.17,20.35,20.79,22.14
49033,18.5,19.67,20.06,19.59,19.65
49035,23.6,24.4,23.0,22.05,21.42
49037,13.1,14.68,13.59,14.52,16.87
49039,19.2,23.81,20.66,18.99,16.99
49041,24.6,26.03,26.25,27.81,29.67
49043,18.8,19.66,17.38,17.02,17.01
49045,20.4,24.88,24.74,24.84,25.77
49047,19.4,19.46,22.42,24.8,26.92
49049,18.0,18.91,16.03,14.83,13.83
49051,17.6,18.93,15.91,17.31,19.39
49053,17.7,21.17,22.4,18.91,15.87
49055,26.8,27.09,30.83,26.78,24.43
49057,26.1,27.02,25.26,24.11,23.85
50001,13.9,12.45,12.86,12.27,12.38
50003,21.5,17.21,24.53,22.67,22.15
50005,18.1,20.89,19.53,24.11,29.1
50007,16.9,20.56,13.78,14.38,15.71
50009,16.6,17.9,17.74,18.66,20.21
50011,17.4,21.54,21.94,18.75,15.34
50013,16.5,16.58,14.81,14.73,15.22
50015,14.2,15.35,15.25,15.55,15.46
50017,18.2,20.94,19.04,17.57,16.0
50019,20.0,18.74,18.53,19.02,18.89
50021,22.6,23.43,30.04,25.73,22.09
50023,18.4,19.43,21.72,18.94,16.45
50025,22.8,33.26,41.74,38.7,37.75
50027,25.8,24.49,28.75,26.62,25.4
51001,14.8,15.44,15.65,16.12,17.9
51003,6.9,8.28,7.34,8.41,9.34
51005,18.1,18.95,14.65,15.1,16.63
51007,13.0,13.47,12.63,17.3,23.54
51009,10.8,11.02,9.65,13.34,17.84
51011,8.6,8.27,8.2,8.8,9.83
51013,9.8,9.53,6.43,8.35,11.14
51015,14.1,17.39,16.12,15.41,15.24
51017,13.7,14.82,14.56,14.59,15.43
51019,12.6,17.74,14.19,12.9,13.47
51021,31.1,34.04,30.09,32.07,34.72
51023,11.7,14.71,17.7,16.26,15.69
51025,11.3,13.94,12.82,13.9,16.13
51027,39.1,41.04,45.83,42.87,40.82
51029,6.8,7.75,7.23,7.64,8.76
51031,12.0,12.85,14.21,12.04,11.17
51033,21.1,20.58,22.15,17.4,13.7
51035,14.3,18.01,15.73,20.03,25.72
51036,17.9,18.34,17.32,18.37,20.18
51037,13.1,13.95,13.84,15.98,19.84
51041,20.7,21.18,23.82,24.06,25.68
51043,17.1,15.99,14.94,18.7,23.29
51045,17.8,18.83,17.34,17.64,18.55
51047,22.6,31.81,27.33,23.97,20.54
51049,12.3,14.55,12.28,13.8,16.47
51051,47.9,50.47,47.68,54.08,61.44
51053,11.2,13.29,13.35,14.05,17.08
51057,13.0,12.9,12.99,12.27,11.87
51059,9.2,10.37,8.06,9.09,11.13
51061,28.6,25.32,21.55,23.27,25.22
51063,12.3,15.13,13.75,14.25,16.28
51065,8.5,9.64,12.01,9.99,8.36
51067,22.9,21.01,27.19,20.8,15.73
51069,23.6,21.45,20.26,21.76,23.82
51071,24.5,30.2,23.68,25.28,27.77
51073,21.1,20.15,18.75,16.74,15.91
51075,13.4,14.73,13.09,14.38,16.48
51077,12.1,12.48,11.16,12.88,15.41
51079,10.4,12.77,12.59,14.32,16.16
51081,10.8,14.69,13.6,12.61,13.4
51083,12.1,12.01,15.65,16.77,19.48
51085,12.2,17.87,16.57,18.07,20.52
51087,18.4,20.3,18.48,20.48,23.66
51089,23.4,28.38,29.49,31.2,34.08
51091,15.2,16.35,15.54,15.94,17.27
51093,13.4,14.08,16.0,14.87,15.85
51095,11.3,12.89,10.72,11.02,12.34
51097,17.9,18.58,20.72,17.57,14.69
51099,21.7,26.43,26.24,25.02,24.01
51101,19.3,21.66,18.81,17.92,17.33
51103,14.4,15.98,15.14,13.83,13.1
51105,24.9,28.32,30.81,29.16,27.92
51107,9.5,7.82,7.29,7.61,8.47
51109,15.6,17.49,18.35,24.1,30.65
51111,8.3,8.91,9.21,9.37,10.96
51113,16.2,17.52,17.43,18.62,19.93
51115,14.9,15.86,14.37,13.92,14.32
51117,14.0,15.65,19.32,16.21,14.73
51119,14.5,19.49,15.86,15.04,15.0
51121,13.4,14.22,12.68,12.85,14.02
51125,13.9,14.29,11.81,13.32,15.07
51127,11.2,16.96,15.14,14.58,14.66
51131,13.5,15.05,13.21,14.08,16.25
51133,12.3,15.5,13.54,13.76,14.2
51135,10.5,10.18,10.97,12.04,14.67
51137,32.2,26.41,29.14,27.54,26.17
51139,20.4,20.17,19.59,22.21,25.04
51141,23.5,22.53,22.75,23.99,26.85
51143,13.2,14.49,16.17,18.47,22.36
51145,13.0,17.65,14.56,17.27,20.81
51147,10.6,9.78,8.74,9.48,11.63
51149,12.9,17.03,13.9,14.37,16.44
51153,12.1,13.98,12.71,14.0,15.64
51155,31.4,34.68,31.09,35.43,41.05
51157,23.3,23.29,21.13,23.12,25.1
51159,14.8,16.78,15.82,17.16,18.66
51161,18.7,24.86,23.42,17.63,13.17
51163,12.3,13.11,12.61,12.89,14.2
51165,8.6,10.13,8.48,10.42,12.56
51167,33.2,31.7,26.38,28.09,30.91
51169,22.7,19.53,20.92,19.05,18.05
51171,17.5,20.58,19.04,23.63,28.53
51173,19.9,21.9,20.27,22.26,25.55
51175,11.1,11.7,11.79,11.12,12.75
51177,20.1,17.44,20.86,20.67,20.83
51179,16.6,14.46,15.85,17.74,19.96
51181,12.8,15.3,14.12,14.4,16.53
51183,11.1,13.43,11.4,12.43,15.14
51185,32.6,35.84,34.96,42.98,51.71
51187,24.9,32.86,30.6,35.06,40.3
51191,16.5,19.98,16.7,18.55,21.34
51193,27.0,29.04,24.42,28.55,32.67
51195,41.7,48.25,41.44,41.93,42.92
51197,28.2,26.92,20.92,22.95,25.99
51199,9.6,10.42,11.76,13.95,17.65
51510,10.1,10.79,8.0,11.83,16.63
51520,26.5,24.88,25.49,25.6,26.39
51530,10.1,11.4,10.87,11.04,12.09
51540,10.0,11.53,11.15,11.71,12.35
51550,19.0,19.0,17.32,17.08,19.21
51570,22.6,28.09,28.46,26.27,25.8
51580,19.2,26.99,20.27,20.42,21.43
51590,16.3,17.55,19.71,21.66,25.35
51595,11.1,12.68,12.14,11.6,12.92
51600,17.6,18.8,15.41,18.31,21.84
51610,9.4,12.39,10.34,10.48,11.55
51620,13.6,16.09,15.15,14.62,16.29
51630,22.2,22.72,27.1,22.26,17.42
51640,15.1,17.26,15.57,17.98,21.74
51650,21.4,16.4,18.42,25.43,34.63
51660,9.3,11.62,10.09,11.77,13.64
51670,29.3,33.56,35.39,33.04,32.34
51678,9.0,9.45,9.1,9.5,10.84
51680,10.6,11.91,12.28,15.44,19.95
51683,16.4,19.02,18.32,21.8,25.71
51685,8.9,10.98,9.03,10.71,12.83
51690,29.7,34.55,35.88,36.77,38.82
51700,21.3,17.71,20.25,20.84,23.09
51710,26.7,23.82,20.72,21.05,23.6
51720,30.3,32.15,30.36,31.42,33.06
51730,33.8,36.2,30.21,35.81,43.28
51735,18.0,14.73,14.52,16.55,20.26
51740,27.3,26.1,25.78,29.89,36.38
51750,15.5,14.93,14.65,15.08,16.37
51760,30.2,33.66,33.43,39.04,45.87
51770,20.3,37.96,43.23,37.62,33.33
51775,21.8,27.99,27.23,25.95,25.86
51790,17.4,21.03,19.7,18.64,18.02
51800,10.2,11.24,11.25,13.66,18.34
51810,18.6,16.94,14.51,12.23,12.51
51820,16.2,18.28,18.74,24.63,30.62
51830,14.6,16.24,14.42,16.21,19.17
51840,31.3,29.21,25.17,29.87,35.18
53001,7.9,9.05,7.77,9.06,12.91
53003,22.7,22.54,18.06,17.87,19.51
53005,15.6,16.19,15.18,14.62,16.61
53007,14.6,14.87,13.79,17.06,24.1
53009,28.5,26.35,25.83,25.02,27.17
53011,13.6,16.76,14.24,14.64,17.56
53013,12.5,14.36,13.5,13.25,15.0
53015,22.1,24.01,21.3,21.07,23.83
53017,14.6,12.74,12.21,14.86,21.54
53019,21.0,24.92,24.36,23.22,25.31
53021,9.9,10.15,10.08,9.12,10.19
53023,15.6,15.97,14.91,15.35,18.01
53025,13.5,16.16,16.44,15.41,18.13
53027,29.4,27.36,22.15,25.86,32.7
53029,11.3,15.46,11.33,13.06,16.64
53031,22.9,23.97,22.18,21.82,23.91
53033,14.4,15.33,16.6,18.28,23.1
53035,15.1,14.07,15.57,15.74,18.74
53037,9.3,11.76,9.57,12.78,18.61
53039,16.1,15.69,14.74,18.87,25.34
53041,18.9,19.15,18.15,19.01,22.75
53043,18.2,17.25,16.52,16.76,20.35
53045,20.7,20.57,19.32,23.08,30.41
53047,16.3,15.19,21.76,17.95,17.37
53049,23.3,26.27,22.82,21.92,24.44
53051,20.2,20.39,18.53,22.67,29.37
53053,17.7,18.6,17.76,17.3,19.75
53055,17.1,16.46,16.04,17.5,21.22
53057,20.2,19.23,18.67,16.86,17.11
53059,16.7,19.72,16.45,17.51,21.29
53061,16.2,17.48,20.25,21.94,26.21
53063,23.1,17.91,16.22,16.22,18.74
53065,21.2,20.53,18.24,15.45,15.54
53067,11.6,13.32,13.64,14.62,18.65
53069,19.1,21.33,21.03,20.02,22.45
53071,16.7,22.62,19.35,17.98,19.01
53073,9.3,11.8,8.67,10.11,13.31
53075,8.5,9.75,8.44,8.63,10.69
53077,11.8,15.23,15.05,17.27,22.48
54001,18.2,21.41,20.66,21.34,22.99
54003,70.6,72.14,57.55,51.21,45.41
54005,55.3,69.61,87.65,71.15,55.34
54007,22.0,25.44,26.23,24.75,25.18
54009,43.0,42.51,36.75,41.21,45.47
54011,94.8,135.07,115.24,100.4,86.51
54013,16.7,18.42,20.23,18.1,17.2
54015,30.8,28.68,33.81,30.21,28.1
54017,18.9,19.4,17.53,18.89,21.31
54019,39.4,59.71,52.01,62.41,73.75
54021,12.7,14.05,13.94,14.02,15.43
54023,19.9,18.44,23.32,20.38,17.99
54025,28.8,31.22,33.09,35.03,38.16
54027,52.1,46.42,49.93,56.34,63.68
54029,45.3,51.52,43.07,55.14,67.33
54031,18.5,20.19,23.54,21.32,19.48
54033,35.1,32.52,31.63,37.05,43.2
54035,20.6,23.47,23.96,21.48,20.32
54037,49.4,40.34,37.9,40.81,44.5
54039,59.1,67.42,65.03,70.85,77.79
54041,16.5,24.18,21.37,20.98,21.41
54043,57.0,70.81,55.35,56.16,57.98
54045,55.5,86.94,67.2,82.35,98.66
54047,76.6,76.06,82.44,74.2,67.07
54049,19.9,20.56,24.58,31.38,39.08
54051,24.3,25.08,25.15,25.46,25.98
54053,46.7,52.83,46.06,39.23,33.56
54055,69.1,61.43,58.57,49.81,41.95
54057,32.2,27.1,29.23,29.07,29.35
54059,80.9,73.38,52.45,57.81,64.65
54061,24.8,24.84,20.17,22.32,25.18
54063,32.8,33.38,31.62,33.78,36.43
54065,36.4,50.24,41.39,43.84,47.49
54067,43.8,37.15,28.98,31.85,36.46
54069,27.2,35.39,37.71,37.74,37.71
54071,15.5,17.44,17.02,16.51,16.26
54073,17.2,17.83,19.43,18.58,18.97
54075,30.3,30.75,29.33,30.24,32.85
54077,22.8,22.04,17.06,18.94,20.8
54079,32.1,48.7,38.09,35.87,34.34
54081,59.9,72.65,66.0,83.04,101.24
54083,20.9,20.62,17.96,20.34,23.48
54085,16.7,19.48,17.77,19.46,22.25
54087,31.0,25.81,26.26,24.15,23.1
54089,54.3,51.7,48.53,47.14,46.69
54091,17.4,21.83,22.05,20.89,20.5
54093,13.0,13.29,13.31,13.65,14.45
54095,17.0,18.42,18.56,18.68,19.87
54097,15.2,18.85,15.84,15.47,16.32
54099,75.9,100.88,67.45,60.59,54.9
54101,35.7,37.64,36.38,39.33,43.57
54103,20.8,25.07,25.22,23.74,22.85
54105,18.3,19.5,21.25,22.73,25.52
54107,43.9,28.48,30.95,34.91,39.71
54109,78.1,78.58,68.62,70.48,73.78
55001,19.9,27.02,30.52,25.93,22.25
55003,16.8,20.77,19.35,21.54,25.02
55005,9.0,9.24,8.31,8.48,9.06
55007,9.6,11.81,11.05,11.15,12.37
55009,13.2,15.03,11.37,14.59,18.43
55011,8.5,8.64,9.3,8.59,8.38
55013,13.2,12.16,12.49,12.94,14.77
55015,8.0,8.56,8.09,9.08,10.73
55017,10.9,14.3,11.95,12.88,13.82
55019,6.5,7.1,6.15,6.63,6.83
55021,25.2,22.57,24.43,24.67,26.05
55023,11.9,13.31,11.53,13.09,14.96
55025,19.5,19.99,19.09,22.12,26.02
55027,24.8,23.16,22.93,21.71,20.68
55029,7.7,9.11,8.01,9.47,11.49
55031,13.5,16.17,14.02,19.45,26.75
55033,8.4,8.65,7.8,8.8,10.41
55035,10.7,11.0,11.25,13.28,15.17
55037,16.7,20.03,17.87,18.85,19.93
55039,13.8,12.09,14.35,13.78,13.78
55041,20.4,25.41,27.45,25.8,24.5
55043,9.7,9.59,7.85,9.07,10.23
55045,13.6,11.2,13.59,13.08,14.15
55047,14.4,14.62,12.96,14.16,16.21
55049,13.8,12.54,12.09,12.38,13.67
55051,13.6,16.1,15.66,14.76,14.69
55053,13.7,19.17,13.47,13.8,14.53
55055,13.3,19.73,16.14,16.96,18.34
55057,16.2,16.05,16.06,16.62,17.78
55059,29.1,31.24,25.45,21.66,18.78
55061,8.3,8.65,8.28,8.9,10.4
55063,17.9,19.88,16.57,17.41,18.83
55065,8.4,7.9,8.03,7.64,7.82
55067,13.8,14.99,14.15,13.73,14.2
55069,11.3,11.92,12.62,13.79,15.22
55071,14.7,15.87,16.33,17.11,18.71
55073,10.6,11.18,8.93,10.47,12.69
55075,13.5,13.97,12.46,14.93,17.71
55077,25.2,28.99,28.82,21.62,14.87
55078,22.6,28.2,25.01,24.15,24.48
55079,34.2,37.41,36.59,41.08,46.53
55081,12.9,14.82,15.2,21.25,28.14
55083,8.0,8.14,7.15,8.46,10.7
55085,13.0,10.88,13.03,11.61,10.97
55087,10.3,11.17,7.97,10.23,13.63
55089,9.1,12.2,9.86,11.29,13.06
55091,7.4,7.9,7.7,9.11,10.91
55093,7.7,9.76,8.8,8.42,8.9
55095,6.7,7.55,8.31,7.19,6.92
55097,10.3,10.84,9.54,10.97,13.33
55099,11.0,11.91,10.77,11.55,12.52
55101,15.8,23.58,16.18,18.74,21.91
55103,16.5,15.69,13.8,15.32,18.32
55105,25.9,28.02,27.33,26.57,26.83
55107,9.9,12.46,11.33,11.76,12.16
55109,7.9,8.72,8.92,8.63,8.91
55111,22.1,19.11,22.47,22.57,23.84
55113,19.3,22.7,21.92,22.48,23.78
55115,10.0,13.05,10.78,11.4,13.55
55117,18.2,17.56,14.53,16.85,19.77
55119,5.8,6.29,6.17,6.59,6.93
55121,9.2,8.51,9.32,8.34,7.73
55123,10.2,9.89,8.31,9.34,10.76
55125,17.9,19.48,20.16,23.25,26.97
55127,17.6,18.87,18.85,21.96,25.72
55129,11.2,12.01,10.4,10.6,11.8
55131,16.5,16.46,15.25,15.89,16.62
55133,15.7,18.59,17.31,16.52,16.18
55135,9.2,10.77,10.98,11.17,12.43
55137,10.3,10.3,9.96,9.43,9.6
55139,15.0,18.41,16.83,14.56,12.89
55141,14.6,12.74,10.47,13.66,17.21
56001,14.8,13.12,11.75,13.84,16.68
56003,19.1,21.41,18.8,20.91,23.77
56005,12.7,14.75,13.17,13.32,15.68
56007,27.7,26.61,21.25,22.72,24.33
56009,13.6,11.68,11.85,11.45,11.89
56011,8.7,9.9,8.93,9.22,10.3
56013,20.4,17.51,21.44,24.83,28.96
56015,10.0,10.67,11.51,11.15,12.62
56017,14.1,15.88,14.91,15.05,15.02
56019,13.8,13.98,12.65,13.63,15.64
56021,14.1,16.49,14.05,17.22,21.53
56023,19.0,18.22,15.14,17.45,21.21
56025,20.3,16.98,18.16,18.48,19.37
56027,11.3,12.11,11.66,11.84,13.9
56029,15.4,15.01,13.57,12.63,12.14
56031,14.9,15.09,16.17,15.81,16.93
56033,10.8,12.04,10.97,11.36,12.85
56035,10.3,10.33,11.24,11.1,12.56
56037,24.4,19.66,18.89,20.18,22.1
56039,9.5,9.67,9.17,9.92,12.27
56041,23.6,22.77,20.07,21.16,22.77
56043,15.8,16.12,18.92,17.17,14.99
56045,10.1,10.76,10.82,10.75,11.7
