FIPS,2014 kals,2015 kals,2016 kals,2017 kals,2018 kals,2019 kals,2020 kals
01001,8.2,8.74,10.36,9.97,10.77,9.45,8.98
01003,18.0,20.07,16.87,15.44,15.3,14.8,14.56
01005,4.4,4.63,5.7,5.89,5.22,5.74,6.79
01007,17.2,16.82,21.89,21.71,22.87,19.9,17.77
01009,18.6,18.12,22.25,26.6,20.74,20.13,19.79
01011,6.3,7.2,8.3,8.03,7.45,8.26,9.66
01013,7.4,8.49,10.55,10.14,8.88,10.0,11.77
01015,14.8,15.98,14.82,22.64,16.66,17.05,17.84
01017,8.7,9.85,11.98,12.35,11.81,13.26,15.51
01019,14.4,17.46,18.0,18.29,17.93,21.04,25.03
01021,14.2,17.52,15.36,17.06,19.67,18.57,18.51
01023,5.7,6.68,7.11,7.56,7.26,7.92,9.75
01025,6.9,7.49,7.99,9.51,9.12,10.33,12.99
01027,7.9,9.43,10.9,12.01,10.62,11.6,13.93
01029,14.5,15.71,13.94,15.97,13.33,13.96,14.79
01031,7.5,7.25,8.69,9.08,8.39,9.51,11.16
01033,7.8,8.22,9.2,8.86,9.14,11.19,14.23
01035,12.9,13.84,15.65,17.95,17.99,15.58,14.03
01037,9.2,10.58,12.31,13.49,13.34,12.16,12.35
01039,10.1,9.55,8.73,10.41,10.15,11.64,14.09
01041,7.3,7.53,8.13,9.49,8.69,9.5,10.84
01043,26.0,18.95,20.53,21.55,20.56,18.37,16.87
01045,8.9,9.87,10.49,9.79,10.14,10.67,11.92
01047,6.4,6.07,6.59,7.34,6.54,6.54,7.16
01049,12.1,21.37,23.23,29.74,23.09,26.54,30.63
01051,8.6,7.25,9.47,9.79,8.82,9.89,11.75
01053,27.9,25.84,26.16,32.76,31.74,33.91,37.24
01055,16.8,19.52,17.45,28.07,24.68,20.83,17.06
01057,14.6,14.76,19.19,20.9,17.58,22.37,28.62
01059,16.4,15.99,17.49,15.12,16.04,16.85,19.12
01061,8.4,10.94,11.15,14.56,15.27,12.33,9.85
01063,4.8,5.16,5.87,6.55,6.19,6.09,7.09
01065,5.9,6.15,6.67,7.68,7.52,6.87,6.9
01067,6.1,7.1,7.53,9.22,7.96,7.8,8.05
01069,11.3,11.99,11.15,13.92,15.09,12.31,9.77
01071,10.4,10.84,10.31,13.67,12.55,11.93,11.88
01073,25.6,24.01,29.19,30.35,27.95,28.57,29.41
01075,7.5,8.68,9.45,11.02,9.56,10.05,12.0
01077,9.5,9.72,11.84,12.66,13.64,13.04,13.18
01079,13.7,13.62,17.03,16.64,14.88,14.55,15.7
01081,7.1,8.62,7.72,8.85,7.95,8.27,9.22
01083,7.4,8.59,8.79,10.39,9.78,8.73,8.95
01085,5.0,6.31,6.37,6.89,6.35,6.42,6.95
01087,5.7,6.15,7.08,7.8,7.33,7.58,8.68
01089,7.7,11.08,15.04,19.14,13.92,18.48,24.11
01091,4.7,4.9,5.39,6.18,6.25,6.23,6.67
01093,5.6,6.58,7.25,8.45,7.23,8.72,11.87
01095,17.6,20.1,15.98,16.16,16.46,18.66,21.45
01097,13.5,16.11,15.59,13.4,14.53,13.52,12.48
01099,8.7,9.27,10.04,12.62,11.15,11.13,12.55
01101,7.2,6.72,7.47,7.26,7.67,6.72,6.28
01103,12.6,18.44,15.09,17.97,18.42,16.22,15.18
01105,5.3,5.73,6.62,7.13,6.82,7.22,8.18
01107,12.6,11.81,12.98,13.88,16.72,13.53,11.16
01109,5.5,6.28,7.75,8.8,7.44,7.62,8.17
01111,9.7,10.01,12.34,15.81,15.35,13.09,11.73
01113,11.5,12.1,12.4,12.43,14.73,20.77,27.41
01115,31.2,23.72,29.02,30.4,28.23,24.74,21.44
01117,18.0,18.46,20.79,17.36,17.57,16.7,16.2
01119,4.1,4.52,4.79,5.14,4.94,5.01,6.0
01121,9.3,10.7,11.88,14.64,15.63,11.41,8.18
01123,9.7,8.41,13.94,11.78,12.24,14.22,17.2
01125,12.5,13.48,15.46,17.13,14.83,14.13,14.75
01127,31.4,24.33,26.36,26.36,24.92,29.59,35.22
01129,7.0,7.62,8.91,9.77,9.93,8.85,8.8
01131,5.1,5.25,6.01,6.53,6.45,6.33,7.71
01133,10.3,9.54,12.86,12.05,13.7,14.05,15.87
02013,11.3,12.4,14.09,17.18,14.52,15.91,14.66
02016,9.9,10.8,11.49,13.21,11.78,12.21,10.65
02020,19.1,19.84,19.06,23.64,18.42,19.26,20.91
02050,8.5,9.22,12.33,13.21,11.93,13.66,15.23
02060,14.6,16.84,18.29,19.61,18.62,19.28,20.96
02063,0.0,0.01,0.05,0.04,-0.06,0.04,0.64
02066,0.0,-0.01,0.04,-0.0,-0.07,0.0,1.74
02068,11.8,12.09,13.88,14.79,14.2,14.71,16.54
02070,13.9,14.26,17.06,17.36,16.52,18.11,18.8
02090,14.9,12.44,14.96,15.7,13.95,18.24,23.67
02100,9.4,10.29,11.59,12.57,12.0,12.43,14.77
02105,0.0,0.2,0.2,0.27,-0.3,0.1,3.2
02110,15.3,18.57,20.52,25.53,18.99,21.41,26.32
02122,18.1,23.55,24.37,21.66,25.29,22.11,18.72
02130,14.7,14.2,15.87,19.96,18.36,16.87,15.47
02150,11.9,14.48,16.29,15.55,14.13,15.33,17.66
02158,8.4,10.25,10.36,12.47,11.98,12.33,12.45
02164,12.8,14.04,15.85,18.04,16.39,16.8,18.56
02170,18.5,16.51,21.49,21.01,17.52,19.64,23.15
02180,9.9,10.12,10.81,11.52,11.69,12.11,11.66
02185,8.8,10.18,10.91,12.39,12.61,13.71,14.8
02188,5.5,6.0,6.87,7.89,7.12,7.7,8.91
02195,0.0,0.08,0.05,0.05,-0.08,0.06,0.69
02198,0.0,-0.02,0.1,0.13,-0.08,-0.01,-1.05
02220,12.8,14.7,15.61,15.9,15.24,16.54,19.28
02230,0.0,0.07,0.13,0.16,-0.14,0.03,2.54
02240,9.6,11.0,12.59,13.47,12.12,12.55,14.02
02275,0.0,0.03,0.03,0.11,0.0,-0.03,-0.35
02282,11.2,12.2,13.96,14.97,14.44,14.81,16.75
02290,11.3,13.04,15.79,15.04,15.24,16.68,21.12
04001,10.8,11.35,11.78,12.33,14.87,13.35,12.66
04003,16.7,23.46,21.18,22.66,20.17,21.6,23.34
04005,12.6,17.22,15.44,18.91,22.29,18.26,16.23
04007,28.3,31.4,35.46,34.56,31.2,31.53,32.73
04009,17.3,19.43,20.1,22.21,24.0,24.71,25.38
04011,16.4,20.78,18.28,20.26,18.42,19.75,21.04
04012,20.4,25.17,29.2,29.38,28.47,22.24,17.98
04013,17.0,17.24,18.87,22.0,24.29,27.2,31.69
04015,27.1,29.09,27.62,26.28,21.84,24.12,27.44
04017,21.5,16.87,26.84,19.08,17.18,22.49,29.34
04019,22.2,23.29,23.73,24.47,25.31,28.62,32.56
04021,9.7,14.06,14.62,14.69,16.29,17.99,21.8
04023,10.0,11.91,11.82,15.51,14.62,14.4,14.62
04025,26.6,25.95,30.2,26.52,25.59,35.45,47.7
04027,17.1,15.21,18.28,14.48,16.2,18.91,23.09
05001,11.6,11.28,11.96,14.38,12.52,13.22,14.63
05003,10.6,12.19,12.39,12.44,15.82,14.67,14.83
05005,20.2,20.73,20.69,24.09,20.59,19.51,19.34
05007,13.6,14.15,14.97,13.36,13.7,12.12,11.13
05009,12.1,16.59,16.35,15.91,14.78,16.62,19.24
05011,6.6,7.17,8.72,9.35,9.09,9.1,10.5
05013,10.2,10.5,12.66,12.79,12.4,12.53,14.51
05015,15.9,19.3,18.57,19.66,26.14,23.1,21.17
05017,7.6,10.28,10.27,10.37,9.67,10.02,11.03
05019,6.7,7.71,8.69,9.68,7.46,7.6,8.43
05021,12.6,20.77,17.68,16.97,16.96,19.11,22.76
05023,10.4,11.92,13.34,14.75,15.56,14.28,14.19
05025,8.1,8.86,11.19,10.87,10.77,10.51,11.18
05027,10.1,11.43,11.8,10.83,12.29,11.78,12.91
05029,13.4,14.31,16.18,15.59,14.85,15.24,15.61
05031,9.8,13.05,12.21,13.66,12.52,11.29,10.79
05033,17.6,19.64,20.77,20.43,21.64,16.94,12.02
05035,9.2,11.52,12.23,17.89,17.32,15.64,14.78
05037,11.1,13.29,13.65,16.04,15.54,15.88,17.14
05039,6.6,7.62,8.46,9.02,8.38,9.15,10.96
05041,6.2,6.78,7.77,8.49,7.86,8.34,9.93
05043,11.3,11.77,13.61,15.43,14.4,13.63,14.38
05045,12.3,10.8,13.21,13.62,14.92,14.78,15.14
05047,15.9,15.72,20.81,21.43,19.3,16.98,14.59
05049,14.1,16.98,17.95,21.49,17.63,20.57,24.42
05051,25.1,26.03,25.73,33.29,28.35,24.74,21.53
05053,12.4,11.16,12.67,15.53,13.59,14.31,16.31
05055,14.2,17.91,17.85,15.72,16.92,14.21,12.88
05057,7.0,7.89,8.25,9.48,10.63,10.28,10.66
05059,10.6,11.34,13.14,19.46,12.96,13.7,15.52
05061,7.0,7.44,8.03,8.78,8.82,8.51,8.71
05063,11.1,12.15,13.69,14.66,14.47,12.78,12.31
05065,16.0,21.93,19.17,23.86,20.0,19.46,20.04
05067,10.9,13.19,15.49,14.08,13.64,14.47,16.52
05069,7.8,10.33,10.46,15.11,14.56,12.97,12.53
05071,12.1,14.01,14.34,18.03,15.86,14.31,12.65
05073,6.4,7.05,7.92,8.55,8.29,8.58,9.79
05075,12.2,13.46,13.4,15.65,14.97,15.54,17.75
05077,8.4,9.04,10.4,12.93,11.66,12.93,15.59
05079,10.1,10.97,12.35,18.79,18.11,15.31,13.32
05081,10.3,11.22,12.46,15.71,13.35,14.04,14.76
05083,16.5,16.3,20.5,20.14,23.75,19.97,16.58
05085,15.1,12.64,18.79,15.68,17.0,18.0,20.01
05087,8.3,8.62,11.51,10.63,11.11,10.5,10.68
05089,14.4,13.72,16.05,18.48,19.22,17.63,16.82
05091,7.9,7.52,7.63,8.43,7.18,8.86,11.42
05093,12.5,11.5,17.27,16.67,15.34,14.17,14.38
05095,6.7,7.29,8.32,9.07,8.52,9.37,11.29
05097,10.8,11.9,13.13,15.13,16.09,14.66,13.53
05099,7.3,7.72,9.35,9.22,8.91,9.87,11.86
05101,14.0,15.44,17.02,21.22,19.17,20.36,22.59
05103,8.9,9.99,12.1,11.64,12.35,11.23,12.03
05105,10.3,12.24,14.27,15.33,13.12,14.04,14.89
05107,7.2,7.31,9.1,8.86,8.56,8.45,9.73
05109,12.3,15.45,15.31,16.24,18.0,16.14,14.74
05111,16.0,18.18,19.83,21.23,19.58,19.83,20.56
05113,12.4,15.54,16.17,15.98,15.42,14.79,14.7
05115,10.6,10.21,13.58,12.42,12.37,12.47,12.63
05117,7.5,8.51,9.46,9.84,9.46,9.87,11.4
05119,13.8,12.43,14.85,17.79,19.39,20.19,21.97
05121,12.3,14.17,14.27,15.76,14.48,16.12,19.5
05123,7.4,7.16,8.07,9.36,9.22,9.61,10.83
05125,13.6,13.93,16.6,22.9,17.89,24.15,31.76
05127,15.0,17.23,20.65,18.79,20.98,19.18,17.91
05129,12.0,14.59,16.49,15.59,15.06,15.65,16.73
05131,13.6,15.94,19.68,16.54,16.58,13.47,10.84
05133,9.0,10.91,11.51,13.06,11.3,12.03,13.36
05135,17.2,18.71,20.38,24.07,18.65,19.44,21.67
05137,10.5,11.76,12.65,14.03,13.72,14.13,15.51
05139,11.8,10.18,13.62,13.95,14.87,15.35,17.94
05141,9.8,12.43,13.0,14.85,13.41,13.44,13.84
05143,8.6,8.94,8.85,8.88,7.17,7.47,7.78
05145,11.2,14.34,15.65,16.04,13.19,14.98,17.64
05147,10.9,12.04,13.44,15.13,14.63,13.7,14.28
05149,11.1,12.02,14.33,15.88,16.13,13.62,11.43
06001,10.4,11.97,10.48,8.82,11.46,15.19,19.14
06003,17.1,18.65,21.1,22.55,21.7,23.82,27.78
06005,29.0,24.18,24.87,23.9,24.7,30.95,38.76
06007,32.3,29.58,32.54,24.57,27.1,27.44,28.37
06009,18.6,20.87,20.95,21.18,21.17,25.57,31.13
06011,9.6,11.33,15.98,14.29,12.99,14.91,17.76
06013,11.4,10.28,10.79,10.69,13.89,14.73,16.43
06015,17.5,18.93,19.64,22.74,17.34,23.15,28.89
06017,24.0,21.66,22.96,19.98,19.79,19.75,21.35
06019,13.3,14.25,14.68,13.19,11.76,13.84,16.84
06021,22.0,18.86,20.55,19.27,20.86,22.15,23.99
06023,32.3,31.89,39.79,35.27,29.05,30.81,32.34
06025,14.2,19.76,19.17,14.15,21.33,17.36,14.62
06027,20.5,19.04,24.25,22.44,28.65,24.58,22.09
06029,24.2,24.14,23.44,25.83,25.65,28.76,32.67
06031,13.3,11.03,10.25,11.35,12.95,14.92,18.5
06033,49.9,48.22,38.05,46.27,61.85,67.43,73.67
06035,33.5,29.24,36.31,30.44,28.69,37.76,47.78
06037,7.4,7.31,8.14,9.16,9.83,12.29,16.7
06039,13.4,14.93,13.69,13.75,11.3,17.44,24.73
06041,9.2,9.74,14.67,15.55,14.52,18.1,22.28
06043,22.5,20.42,26.01,25.7,22.56,28.1,35.18
06045,26.8,22.01,31.13,30.9,34.11,42.72,51.11
06047,11.5,14.32,14.39,13.64,13.96,16.24,19.47
06049,25.4,23.22,27.51,32.41,25.71,30.64,35.54
06051,9.1,10.4,13.4,12.1,12.87,12.63,13.37
06053,11.4,11.23,12.49,11.57,11.94,14.84,18.23
06055,10.1,12.31,10.7,11.85,13.29,13.65,14.78
06057,19.3,19.47,19.65,20.57,18.9,19.25,21.09
06059,11.9,12.07,13.12,12.26,13.19,13.18,14.92
06061,10.5,12.11,13.07,12.2,12.28,15.59,19.87
06063,35.7,31.89,27.3,29.67,29.29,32.72,37.73
06065,14.1,14.38,14.86,17.03,18.19,18.44,20.06
06067,17.0,18.59,16.07,14.53,16.03,20.34,26.0
06069,9.7,10.77,10.06,13.42,12.68,13.9,15.6
06071,6.0,5.24,5.03,8.9,12.32,11.5,12.16
06073,12.9,12.93,13.18,14.56,14.63,14.52,16.48
06075,19.6,22.39,22.07,21.82,26.08,41.98,58.72
06077,16.9,16.51,15.2,19.04,17.07,17.18,17.87
06079,12.7,17.76,16.64,16.32,16.35,18.65,21.76
06081,9.0,9.4,7.76,10.05,9.83,14.06,18.69
06083,12.8,15.74,15.47,15.62,16.2,18.11,21.3
06085,7.2,7.45,7.75,8.34,9.11,11.25,13.59
06087,20.4,18.49,18.2,17.3,16.71,19.99,23.86
06089,23.2,20.33,23.51,22.48,22.24,23.31,24.92
06091,26.1,25.26,28.04,30.49,32.57,30.7,30.56
06093,17.4,24.97,29.37,22.72,20.7,20.18,20.8
06095,15.3,13.93,12.32,13.67,16.95,17.18,18.72
06097,14.9,15.91,13.3,14.91,16.58,20.23,24.72
06099,13.6,18.48,14.62,14.1,14.93,16.1,18.36
06101,10.1,11.9,13.34,13.12,15.11,12.5,10.78
06103,12.7,13.03,14.77,13.85,12.93,12.55,12.35
06105,19.6,21.99,27.85,25.24,26.72,29.29,31.9
06107,8.3,9.63,9.73,8.84,11.4,9.87,9.66
06109,30.3,34.32,30.66,29.2,23.06,27.61,33.83
06111,14.3,14.26,13.48,17.25,16.25,16.45,18.21
06113,11.2,13.04,14.15,12.96,11.19,12.73,15.13
06115,10.7,13.12,16.22,16.76,16.16,14.67,14.13
08001,0.0,-0.14,0.03,0.11,0.17,0.18,1.96
08003,23.7,22.24,22.59,25.67,25.41,25.77,28.21
08005,16.4,16.27,16.15,14.9,16.5,17.03,19.59
08007,11.9,13.47,15.39,17.43,16.38,17.81,21.16
08009,12.7,13.82,15.7,16.88,17.15,17.63,20.84
08011,16.8,18.97,21.87,22.15,20.55,20.61,22.79
08013,16.2,15.17,15.65,16.6,16.21,16.19,17.78
08014,0.0,-0.17,0.05,0.15,0.03,0.07,1.78
08015,16.6,17.13,19.77,19.94,18.1,22.19,27.61
08017,7.4,8.06,9.35,10.06,9.45,9.82,11.47
08019,12.7,13.58,14.87,16.58,15.15,16.4,18.72
08021,23.0,24.54,30.76,35.15,28.23,35.62,45.22
08023,25.9,25.14,28.39,29.98,30.28,33.09,38.55
08025,12.8,13.49,16.73,17.95,17.7,17.03,18.85
08027,16.7,19.32,22.3,22.04,22.29,21.69,23.44
08029,14.2,13.39,16.0,17.89,15.47,22.99,31.52
08031,20.5,18.69,19.27,21.33,22.08,23.71,27.38
08033,16.6,17.14,20.56,22.0,20.04,20.6,22.38
08035,7.7,7.54,10.46,9.89,8.8,9.63,12.9
08037,7.6,8.88,9.63,11.92,10.43,11.8,14.51
08039,9.9,11.12,13.82,13.33,12.91,14.29,18.5
08041,20.7,21.44,24.03,26.34,25.8,26.36,29.01
08043,16.5,19.64,27.66,26.43,25.07,23.39,24.1
08045,12.6,11.46,18.48,17.52,15.82,17.65,20.16
08047,13.8,13.35,14.82,16.1,15.27,16.48,19.63
08049,12.0,11.11,13.54,17.04,13.5,13.0,14.11
08051,10.1,12.01,13.1,13.93,11.88,14.37,17.61
08053,12.3,13.49,15.43,16.69,15.74,16.46,18.82
08055,38.2,37.35,47.42,44.35,42.22,43.2,46.81
08057,15.9,16.34,18.78,21.11,18.9,19.74,22.44
08059,0.0,-0.16,0.21,0.33,0.01,0.26,2.25
08061,9.7,10.71,12.3,13.11,12.55,12.77,14.99
08063,9.5,8.73,9.67,11.75,10.26,10.9,13.03
08065,13.4,16.13,16.65,18.57,16.87,21.41,27.73
08067,11.2,14.94,15.14,15.53,14.81,14.89,17.11
08069,16.4,15.3,13.46,15.42,15.11,15.52,17.99
08071,33.9,40.91,41.01,36.8,35.24,37.34,41.36
08073,11.1,11.37,13.64,13.83,14.85,13.75,15.03
08075,11.5,11.86,16.53,13.75,14.14,14.44,16.66
08077,14.7,20.18,18.45,24.5,16.57,19.76,23.22
08079,14.0,15.36,17.42,19.9,18.02,18.44,20.79
08081,15.0,16.12,18.6,19.33,16.54,22.11,29.1
08083,14.3,15.32,22.04,18.49,17.29,21.17,26.37
08085,11.3,10.61,13.77,17.31,16.77,16.57,17.54
08087,11.0,12.93,13.96,12.74,14.67,13.76,15.71
08089,21.6,17.93,20.93,21.22,26.44,28.0,32.16
08091,12.7,13.7,14.77,15.96,15.12,17.11,20.66
08093,13.5,13.88,18.62,21.17,18.48,18.97,20.82
08095,8.0,8.73,10.52,10.7,10.3,10.49,13.09
08097,12.7,12.47,13.89,16.17,14.87,15.62,17.58
08099,12.6,13.72,16.3,17.44,17.63,15.67,15.52
08101,26.2,27.49,25.62,29.79,27.44,32.94,40.34
08103,14.9,15.35,20.48,21.01,19.87,21.93,25.6
08105,22.5,24.2,29.63,35.17,32.95,33.57,36.1
08107,11.3,12.67,18.92,19.59,14.78,16.6,19.39
08109,14.2,17.22,17.86,18.96,20.95,19.76,20.54
08111,14.2,14.76,16.45,17.69,17.01,18.54,21.59
08113,10.1,11.52,12.59,13.38,13.35,13.4,14.86
08115,10.4,11.96,12.97,13.77,14.02,13.79,16.5
08117,9.5,11.79,11.78,12.35,10.8,11.48,13.79
08119,18.5,18.18,18.48,22.31,19.24,19.47,21.37
08121,7.8,8.51,9.8,10.18,10.67,10.22,12.4
08123,0.0,-0.11,-0.15,0.11,-0.01,0.07,2.21
08125,4.6,5.27,5.81,6.17,5.86,6.35,8.92
09001,11.1,14.62,18.55,18.95,18.8,19.79,19.28
09003,17.8,22.69,28.98,33.89,34.0,36.69,37.8
09005,26.9,28.93,25.56,30.06,38.23,38.74,37.57
09007,20.3,23.71,28.31,29.2,34.43,31.6,27.24
09009,17.6,24.07,29.16,33.73,31.51,38.19,43.3
09011,21.1,26.6,33.92,33.36,34.73,40.25,45.36
09013,16.7,17.12,22.53,26.96,24.9,23.36,20.26
09015,25.5,27.89,30.31,34.77,33.02,40.52,47.65
10001,21.8,21.59,25.79,24.66,32.11,33.24,31.6
10003,20.2,21.37,28.38,40.16,43.76,45.77,45.41
10005,18.5,21.39,32.26,29.01,34.1,40.53,45.43
11001,15.1,18.03,33.01,40.03,35.81,41.23,44.82
12001,9.3,10.9,12.72,11.96,9.85,11.12,12.13
12003,19.4,23.5,22.69,24.97,22.25,21.28,20.07
12005,17.2,17.95,24.91,20.98,20.67,29.16,38.19
12007,19.2,20.74,22.14,25.21,23.34,24.8,25.75
12009,20.8,26.97,31.34,40.67,42.97,49.44,55.87
12011,12.2,15.17,27.23,28.58,22.71,25.73,29.42
12013,11.4,11.83,13.89,18.08,15.47,15.24,15.04
12015,8.3,9.21,10.12,9.34,8.68,10.92,12.32
12017,20.5,21.49,38.06,28.6,32.14,32.02,31.45
12019,16.1,21.61,31.88,28.26,26.0,26.58,26.91
12021,14.3,15.74,15.64,18.58,16.26,20.78,24.6
12023,18.2,18.17,17.74,23.04,23.33,20.96,18.56
12027,12.3,11.69,13.75,12.22,11.95,16.55,21.14
12029,23.3,27.18,32.83,31.36,30.8,25.64,20.8
12031,17.0,19.1,39.8,45.24,33.46,39.06,44.4
12033,14.0,18.57,15.86,18.33,24.22,27.13,30.17
12035,14.0,14.58,16.63,18.72,17.76,23.2,28.29
12037,20.1,21.76,25.48,27.52,24.89,24.25,23.87
12039,5.7,6.38,8.09,7.99,7.7,8.16,9.22
12041,11.8,13.66,13.99,17.4,15.04,14.45,13.95
12043,15.1,16.29,20.14,20.65,20.04,23.14,26.09
12045,15.1,17.17,17.87,23.29,20.01,21.17,22.97
12047,10.4,12.11,12.04,14.13,12.58,13.87,15.72
12049,9.9,11.66,13.06,13.23,12.83,13.58,14.1
12051,11.3,12.69,15.02,16.16,17.24,18.21,19.01
12053,17.7,19.49,24.07,22.58,24.63,28.61,32.1
12055,17.5,14.94,21.72,20.44,20.81,22.39,23.94
12057,12.7,13.64,16.97,16.7,18.57,19.91,21.17
12059,15.5,16.31,20.7,22.06,24.36,20.47,17.25
12061,18.5,16.92,21.97,18.8,23.24,21.12,19.58
12063,8.0,9.79,11.43,12.06,12.36,12.63,13.48
12065,9.8,10.71,14.07,16.02,13.39,19.1,25.44
12067,16.9,17.73,18.6,21.49,23.24,23.35,23.34
12069,12.9,14.71,15.02,22.04,15.41,24.42,33.49
12071,13.5,15.13,20.03,29.61,30.34,28.67,26.7
12073,6.6,6.68,9.1,9.33,8.86,9.88,11.5
12075,17.8,19.66,21.79,24.46,22.83,21.05,18.83
12077,9.3,9.64,10.99,13.28,11.7,12.68,13.78
12079,8.7,11.63,11.6,12.77,13.31,13.74,14.59
12081,25.7,37.95,43.88,36.78,26.94,30.87,34.66
12083,17.6,16.76,37.86,36.18,35.62,31.09,26.52
12085,15.7,18.46,25.03,26.22,28.45,24.97,21.99
12086,5.5,7.82,11.77,11.85,9.25,11.23,13.0
12087,19.4,26.33,35.69,28.5,27.24,35.8,43.22
12089,15.7,17.64,26.95,29.08,24.9,22.74,20.17
12091,12.9,21.15,21.75,20.9,25.11,25.07,25.12
12093,23.7,25.63,25.8,28.32,30.78,28.61,26.66
12095,14.1,15.15,16.61,17.88,18.49,19.69,20.94
12097,13.3,13.66,15.89,18.43,21.14,19.59,18.32
12099,17.2,22.19,39.01,41.45,28.9,30.37,32.79
12101,22.5,23.7,30.26,30.05,31.75,35.64,39.32
12103,20.7,21.28,27.09,26.17,29.92,39.66,49.14
12105,15.0,15.41,19.75,21.25,20.97,20.84,20.53
12107,13.5,12.09,18.0,20.64,19.78,19.76,19.03
12109,10.7,11.08,16.1,16.52,12.83,13.04,12.91
12111,16.6,17.94,30.27,27.88,24.5,22.35,20.84
12113,13.0,17.14,15.41,18.92,18.78,19.54,19.83
12115,15.1,23.48,23.31,28.98,23.69,24.89,25.42
12117,13.1,15.18,18.49,22.81,21.31,18.33,15.25
12119,9.1,12.07,14.3,12.31,13.08,14.63,16.02
12121,11.3,15.26,15.79,14.47,14.86,16.18,17.2
12123,12.1,13.86,17.13,19.21,15.65,19.51,23.74
12125,14.2,16.27,17.08,18.74,23.0,20.76,18.43
12127,15.8,19.32,22.05,26.51,31.3,33.23,34.95
12129,11.5,12.87,16.57,19.08,16.36,16.58,17.5
12131,11.7,15.81,17.54,18.29,19.38,20.95,22.55
12133,14.0,17.92,16.99,17.7,19.6,23.42,27.81
13001,12.2,11.9,14.33,13.68,13.28,14.03,14.32
13003,13.4,12.87,15.29,19.18,16.49,16.44,17.13
13005,13.0,12.2,14.36,15.82,14.55,17.39,19.8
13007,7.3,8.56,9.09,9.95,9.43,10.29,11.81
13009,7.6,7.0,7.15,9.19,8.08,8.93,9.95
13011,15.3,17.15,19.35,22.18,18.71,22.89,27.36
13013,16.3,15.57,17.4,20.33,18.95,19.04,19.28
13015,17.3,19.13,20.35,22.88,20.45,20.2,19.78
13017,7.3,7.93,9.03,10.07,8.88,11.13,13.29
13019,7.4,8.17,9.96,10.53,10.77,12.44,14.85
13021,9.4,10.78,11.7,13.6,10.72,10.53,10.18
13023,9.7,11.78,12.25,13.56,11.65,11.79,11.3
13025,17.6,21.3,25.53,26.0,24.89,22.52,20.24
13027,6.7,7.24,8.21,8.4,8.5,10.61,13.03
13029,8.0,9.89,10.41,13.35,13.11,11.69,11.01
13031,5.5,6.13,6.89,7.93,6.69,8.19,9.61
13033,9.3,11.84,13.32,13.64,13.59,15.55,18.4
13035,17.1,20.76,20.64,22.32,21.56,20.94,20.41
13037,5.3,6.16,7.05,7.18,6.77,7.16,8.22
13039,10.2,12.97,14.77,13.98,13.22,13.69,13.27
13043,7.8,8.05,9.52,10.35,10.31,9.66,8.64
13045,19.1,18.98,24.42,27.27,20.06,25.4,30.67
13047,20.0,20.17,27.09,30.63,20.27,22.53,25.4
13049,11.0,13.3,14.51,20.56,15.9,14.32,11.97
13051,9.5,10.51,12.29,13.83,13.96,13.52,13.46
13053,8.3,8.07,9.03,10.28,10.05,11.21,13.43
13055,17.1,19.22,23.18,24.8,27.74,23.41,19.9
13057,15.9,19.12,19.7,17.3,18.54,14.32,10.33
13059,9.4,9.86,12.04,12.32,11.05,13.76,16.75
13061,8.5,9.74,11.17,11.53,10.86,11.15,12.03
13063,7.9,9.42,9.45,11.84,10.05,9.14,8.58
13065,8.0,8.26,10.32,10.9,9.99,10.96,12.8
13067,16.0,15.02,16.7,18.47,15.52,14.66,14.33
13069,14.1,14.76,16.77,19.6,19.49,18.43,17.77
13071,8.9,9.66,9.24,10.45,11.14,10.81,11.31
13073,11.9,12.79,13.74,15.81,15.21,13.4,12.49
13075,9.3,10.66,10.5,11.31,11.15,11.98,13.68
13077,10.5,11.75,12.65,15.43,13.67,13.6,13.89
13079,12.7,13.27,17.49,18.69,15.74,16.79,17.9
13081,6.5,6.35,7.52,8.81,7.86,8.02,8.77
13083,13.9,13.65,14.62,18.97,15.92,19.62,24.09
13085,16.9,20.52,21.44,23.44,26.33,21.49,17.08
13087,7.4,8.41,9.51,9.4,9.66,10.51,12.23
13089,8.1,10.11,10.38,10.34,11.09,12.09,13.82
13091,11.7,14.5,16.44,17.65,16.92,16.58,16.27
13093,5.7,5.9,7.0,7.34,7.03,7.02,7.9
13095,6.4,7.57,9.55,9.49,9.69,14.24,19.71
13097,16.3,13.91,19.38,17.93,17.02,17.76,18.91
13099,6.1,6.68,8.42,8.79,7.98,8.77,9.64
13101,8.8,10.09,10.87,12.38,11.28,11.59,13.07
13103,8.3,9.01,10.52,14.12,10.83,10.93,11.27
13105,16.4,17.5,17.11,19.84,19.17,18.91,19.37
13107,7.1,7.29,7.83,9.05,8.88,8.26,7.13
13109,6.9,7.22,8.49,9.31,8.14,8.77,9.73
13111,22.5,22.02,27.08,28.68,22.52,22.37,22.74
13113,10.8,11.78,10.4,12.75,9.15,13.09,17.51
13115,13.2,15.01,18.32,17.06,19.53,19.02,18.98
13117,12.9,14.66,11.81,13.37,11.14,11.57,12.59
13119,24.1,25.37,25.91,25.93,25.75,31.79,38.28
13121,14.0,14.58,15.76,16.02,15.97,15.09,14.95
13123,17.4,16.88,20.93,26.0,18.96,19.82,21.02
13125,10.7,11.7,13.25,14.24,15.2,14.94,15.67
13127,12.0,13.26,16.31,18.67,16.1,16.55,16.92
13129,13.9,12.3,16.78,17.15,17.81,14.94,11.86
13131,5.3,6.06,6.63,7.7,6.5,7.41,8.64
13133,8.7,10.43,10.85,12.14,13.24,11.25,9.33
13135,7.0,10.49,9.29,10.31,10.56,9.2,8.07
13137,10.1,11.29,15.9,14.96,14.32,17.06,20.45
13139,12.9,13.51,15.71,17.43,15.89,15.77,16.13
13141,6.2,6.8,7.75,8.82,8.03,9.47,11.36
13143,26.7,30.06,33.21,30.71,29.74,29.95,29.96
13145,8.6,9.63,13.19,11.63,11.5,13.48,16.49
13147,12.3,13.15,13.8,14.34,14.8,15.88,17.23
13149,13.1,13.52,17.48,18.46,15.58,17.51,19.34
13151,13.8,13.6,16.55,14.76,15.34,13.75,12.49
13153,8.6,10.62,10.6,14.13,11.4,11.84,12.11
13155,8.1,8.9,10.16,10.82,10.26,13.02,16.22
13157,16.7,21.16,20.69,21.6,21.25,20.8,20.65
13159,11.3,11.85,12.88,16.07,14.28,13.73,13.44
13161,18.5,18.08,24.82,24.15,21.91,24.27,26.35
13163,8.2,9.41,10.7,11.36,10.68,10.13,9.93
13165,7.2,7.86,9.31,9.59,9.58,9.56,9.72
13167,8.1,8.45,10.04,10.12,9.65,9.42,8.96
13169,13.4,12.65,12.62,15.79,14.49,13.88,12.69
13171,13.4,17.36,17.24,18.96,16.86,16.88,17.43
13173,7.0,7.2,8.71,9.26,8.48,8.64,9.88
13175,10.4,12.07,14.44,14.35,13.13,12.88,11.99
13177,7.2,8.49,9.35,10.89,9.78,10.71,12.4
13179,9.1,9.59,10.01,11.94,12.2,11.01,10.41
13181,10.8,12.23,14.02,15.97,14.12,14.66,16.1
13183,10.2,11.05,11.85,14.24,12.32,12.27,13.33
13185,6.0,6.5,8.58,7.73,8.66,8.35,9.17
13187,13.6,15.91,20.65,24.45,22.28,20.1,18.54
13189,9.7,10.11,11.76,13.75,15.37,14.56,14.93
13191,12.9,14.04,17.36,16.44,15.98,17.08,19.06
13193,5.9,6.81,7.8,8.07,7.64,8.56,10.11
13195,24.9,19.31,20.13,23.58,22.33,23.28,24.96
13197,7.2,7.39,8.86,9.13,9.5,9.04,9.92
13199,13.2,14.92,13.28,15.03,16.44,16.02,16.1
13201,9.2,9.47,10.67,11.58,12.11,12.1,12.53
13205,7.3,8.78,8.24,9.82,8.83,9.15,10.06
13207,11.8,12.97,14.07,15.2,12.44,13.65,14.7
13209,9.0,9.85,10.54,12.41,10.97,11.53,11.45
13211,11.5,10.4,11.09,13.1,12.73,11.9,10.92
13213,24.4,23.79,23.64,26.11,25.87,23.54,21.5
13215,10.5,9.29,10.03,11.96,11.16,12.79,15.0
13217,10.3,11.87,13.63,14.78,13.19,13.24,13.53
13219,10.2,10.12,9.88,11.33,10.48,11.83,13.49
13221,11.5,12.59,13.3,15.71,14.45,17.72,21.91
13223,19.5,17.08,20.41,17.63,14.84,16.22,17.7
13225,9.3,11.99,12.82,13.7,15.19,13.33,11.56
13227,15.8,14.98,17.53,21.71,18.84,14.74,11.09
13229,19.2,15.28,19.22,18.35,17.15,19.89,22.6
13231,8.6,10.15,10.27,11.88,11.39,12.39,14.27
13233,18.1,21.29,22.84,23.99,19.66,23.33,27.16
13235,8.1,9.0,10.45,12.6,10.88,11.61,11.98
13237,8.7,10.2,11.1,12.76,11.6,12.11,13.06
13239,7.7,8.4,9.62,10.17,9.79,10.22,11.22
13241,23.2,23.84,25.3,29.73,22.9,29.11,36.09
13243,4.7,5.29,6.04,6.66,6.17,6.71,7.79
13245,14.3,19.9,22.4,25.9,27.24,22.11,17.76
13247,12.7,13.52,16.38,15.22,16.52,13.92,11.59
13249,5.8,6.32,7.17,7.75,7.49,8.04,9.59
13251,7.0,7.64,8.58,9.22,8.38,9.03,10.19
13253,10.4,10.25,11.37,14.29,13.44,12.94,12.89
13255,14.2,17.72,17.04,17.65,17.79,15.08,12.96
13257,19.6,20.03,21.86,20.67,20.05,20.94,22.48
13259,6.3,7.23,8.75,8.54,8.04,8.79,10.6
13261,5.2,5.37,6.12,6.75,7.07,7.23,8.35
13263,9.7,11.02,12.11,12.88,12.37,14.03,16.59
13265,9.0,9.87,11.14,12.23,11.68,12.47,13.9
13267,12.2,14.21,16.12,18.02,15.44,14.76,14.39
13269,10.6,10.46,11.78,13.8,12.73,12.46,12.79
13271,8.5,8.87,11.04,12.34,10.79,11.63,12.18
13273,4.7,5.25,5.85,6.3,5.99,6.53,8.26
13275,6.2,5.84,6.94,7.92,7.19,8.29,10.21
13277,5.7,7.84,8.95,8.31,7.88,8.65,10.13
13279,11.9,12.21,11.98,14.15,14.18,13.18,11.87
13281,20.0,19.55,23.25,24.26,21.98,23.19,25.22
13283,6.4,7.06,8.33,8.79,8.15,8.66,8.66
13285,13.5,15.78,15.3,16.13,13.83,13.83,14.41
13287,8.7,9.58,10.27,10.62,10.35,10.8,12.0
13289,9.7,10.6,12.97,14.02,13.55,12.87,11.62
13291,14.7,16.93,20.74,20.02,19.81,19.5,19.85
13293,13.7,13.64,14.08,15.68,15.02,14.78,15.26
13295,16.7,15.51,19.01,22.88,17.67,20.55,24.14
13297,15.3,17.75,17.79,17.43,19.41,19.62,19.73
13299,24.9,16.5,17.56,18.76,17.3,19.36,21.63
13301,8.9,9.73,11.05,12.07,12.32,11.86,12.23
13303,6.7,7.17,8.71,8.11,7.51,7.69,8.25
13305,19.0,20.94,24.1,23.76,23.46,20.85,18.94
13307,5.7,6.53,7.59,7.67,7.32,7.57,9.0
13309,8.3,10.51,10.75,11.76,10.46,10.89,10.82
13311,17.7,18.24,21.11,19.61,20.2,22.64,25.89
13313,12.5,13.25,14.47,17.52,13.9,17.06,20.67
13315,6.7,7.84,9.32,9.29,8.94,9.07,8.83
13317,11.5,12.48,14.15,16.13,16.1,16.07,16.56
13319,9.2,9.87,10.79,12.11,11.58,11.35,10.74
13321,8.5,10.16,12.5,10.97,11.1,12.21,14.42
15001,11.2,11.56,12.4,12.77,13.57,11.11,8.9
15003,10.6,12.29,14.24,15.16,15.06,18.47,22.56
15005,15.1,16.36,18.78,20.38,19.59,20.13,21.23
15007,11.2,11.9,14.0,13.99,15.27,16.72,18.42
15009,13.4,11.96,12.48,14.39,15.2,15.78,17.89
16001,15.5,11.75,15.32,15.51,15.84,16.3,17.0
16003,9.3,10.29,11.48,12.86,11.9,13.49,16.29
16005,25.2,18.79,23.94,25.07,20.17,28.23,38.17
16007,14.3,16.36,19.73,19.08,19.0,19.72,23.37
16009,12.8,16.59,16.95,17.01,16.13,17.32,18.37
16011,13.0,10.15,12.65,11.52,11.9,12.52,15.27
16013,9.3,10.0,11.84,13.91,12.25,12.37,14.16
16015,13.9,13.44,17.06,17.13,15.85,16.58,18.05
16017,9.1,11.32,11.93,13.61,12.98,13.55,14.53
16019,18.9,21.61,22.62,18.88,19.47,22.68,27.88
16021,14.5,14.95,15.71,17.63,16.94,18.48,21.02
16023,9.7,10.0,12.02,12.24,11.7,12.03,13.42
16025,9.3,10.19,11.64,12.61,11.82,12.27,14.61
16027,12.1,10.07,9.54,9.71,11.35,9.77,9.11
16029,10.3,10.98,12.89,15.04,13.14,13.65,17.48
16031,8.5,10.36,10.26,11.38,12.47,12.53,13.83
16033,9.7,10.6,12.88,13.9,12.61,12.88,15.28
16035,8.2,9.57,10.92,11.72,10.42,11.19,12.72
16037,11.0,11.38,12.81,14.67,14.01,13.56,14.37
16039,9.5,10.27,11.54,14.02,11.9,15.93,21.23
16041,11.0,11.93,14.2,13.66,12.44,13.1,16.19
16043,7.7,8.83,10.57,11.39,9.92,10.96,13.96
16045,14.4,16.81,21.1,19.5,23.44,19.79,17.23
16047,7.5,9.74,10.5,11.02,11.2,10.61,12.09
16049,9.5,11.44,11.74,14.39,12.66,12.29,13.13
16051,6.1,7.41,8.26,7.97,8.33,8.89,11.22
16053,7.5,9.18,9.82,10.13,9.63,9.81,11.42
16055,9.8,13.37,14.13,14.38,14.15,14.68,15.13
16057,8.0,9.26,10.63,12.29,13.27,11.45,9.64
16059,10.9,13.3,12.87,13.6,13.74,14.15,15.43
16061,9.6,10.62,12.63,13.21,12.2,12.58,13.93
16063,8.8,10.22,11.5,11.83,12.56,11.59,12.22
16065,4.1,4.69,4.8,5.04,4.54,4.82,7.17
16067,11.6,13.22,12.78,13.45,15.7,14.27,13.97
16069,12.1,13.99,16.8,19.72,17.82,15.47,13.5
16071,10.1,10.94,12.64,13.27,13.47,14.05,16.7
16073,11.3,13.26,12.48,13.13,14.18,13.07,13.07
16075,11.7,16.45,20.57,16.21,16.34,16.88,18.51
16077,9.7,11.26,12.22,12.81,11.38,12.27,14.98
16079,16.5,18.95,22.07,27.4,24.35,22.48,20.9
16081,8.3,8.48,9.5,10.8,10.38,10.75,12.49
16083,10.6,16.58,18.13,17.44,17.67,20.91,25.32
16085,12.7,15.27,16.46,15.16,15.58,15.38,16.34
16087,7.5,8.36,9.5,10.73,9.75,9.75,11.07
17001,11.9,16.18,15.17,13.56,15.37,12.88,11.05
17003,8.4,8.89,10.64,10.65,10.55,11.17,12.57
17005,12.0,15.67,15.33,16.55,16.55,16.37,16.93
17007,14.9,13.46,15.3,18.61,18.49,13.85,9.72
17009,6.5,7.09,8.43,8.57,8.27,8.46,9.32
17011,12.6,18.07,16.94,16.58,14.29,14.97,16.61
17013,11.9,13.96,15.84,18.5,15.89,15.25,15.01
17015,7.9,10.04,10.15,9.91,9.64,10.75,13.37
17017,8.1,8.73,8.97,9.49,10.15,9.51,9.5
17019,13.8,14.46,13.06,16.22,14.91,20.6,27.08
17021,14.9,16.82,19.09,19.02,15.52,14.05,12.84
17023,13.8,14.26,15.91,17.37,16.36,15.92,16.12
17025,8.8,11.35,11.14,11.71,10.56,11.33,12.85
17027,7.3,8.1,10.93,12.08,10.68,11.28,12.52
17029,8.5,10.37,12.01,11.95,13.61,13.48,14.05
17031,11.9,13.22,20.67,23.74,23.15,25.88,28.29
17033,11.6,11.31,12.82,13.92,13.62,13.99,14.97
17035,6.8,7.97,9.1,9.37,9.2,9.31,9.58
17037,8.9,9.07,13.45,15.61,13.27,13.53,14.95
17039,14.1,19.36,21.09,21.73,18.26,18.94,19.55
17041,7.8,8.94,10.11,11.95,10.09,12.53,15.72
17043,9.9,11.74,14.9,16.23,16.26,14.85,13.42
17045,11.0,13.18,14.37,14.24,13.84,13.31,12.81
17047,12.4,13.5,16.13,17.43,15.86,16.35,16.5
17049,9.1,11.39,11.2,15.67,14.45,11.99,10.04
17051,11.9,14.98,17.49,19.84,16.0,15.26,14.96
17053,11.0,11.41,12.16,14.96,13.9,13.13,12.49
17055,25.1,24.55,28.6,32.49,22.62,25.61,28.79
17057,10.4,12.76,14.82,17.03,16.18,14.1,12.43
17059,17.9,16.62,21.39,20.52,18.78,20.98,23.71
17061,13.9,15.21,16.91,20.39,20.22,18.1,15.39
17063,15.6,17.94,23.91,19.03,22.52,25.99,29.58
17065,8.8,9.66,12.17,12.92,10.85,12.04,12.88
17067,7.4,8.19,8.8,9.26,10.17,9.24,8.72
17069,18.5,20.09,23.96,24.67,25.8,25.05,25.65
17071,7.4,8.63,9.18,10.68,10.03,10.26,11.12
17073,8.4,8.84,9.52,9.89,10.42,12.04,13.83
17075,16.5,18.24,21.4,20.3,22.64,24.33,25.99
17077,14.3,14.65,18.27,18.07,21.6,15.96,10.54
17079,9.6,10.47,12.88,12.95,12.23,12.98,14.11
17081,12.3,18.22,17.48,19.09,18.99,19.54,20.42
17083,19.5,23.45,23.79,37.83,32.88,26.74,20.87
17085,8.4,8.24,9.66,10.22,9.58,10.29,12.28
17087,13.1,11.43,13.75,14.59,14.28,14.47,15.2
17089,8.5,8.27,11.9,15.72,13.59,13.94,14.69
17091,18.7,16.67,18.62,26.14,24.37,23.81,23.51
17093,9.3,9.65,16.38,14.32,14.07,12.62,11.68
17095,13.5,13.36,13.04,16.33,14.45,16.2,18.39
17097,11.6,10.93,13.63,14.65,13.49,12.95,13.14
17099,18.3,23.9,21.88,29.98,35.8,29.33,23.69
17101,13.9,14.89,16.9,16.97,19.49,18.29,17.31
17103,14.8,15.09,15.46,15.97,16.22,19.37,23.79
17105,15.0,18.9,23.6,25.31,26.79,24.41,22.34
17107,11.1,14.58,15.45,16.11,17.08,14.37,11.64
17109,6.2,6.02,7.87,7.78,7.11,7.81,8.78
17111,12.8,14.36,17.77,24.52,19.22,15.14,11.76
17113,12.7,13.52,14.1,17.68,17.19,17.17,17.02
17115,11.3,14.14,16.02,16.83,17.96,19.65,21.47
17117,11.8,14.88,17.21,16.63,17.63,17.14,17.07
17119,31.0,27.76,28.54,34.9,38.65,38.92,40.07
17121,20.8,23.26,25.68,25.59,23.71,27.46,31.96
17123,9.7,11.83,12.78,13.37,12.76,13.93,15.55
17125,10.6,12.88,12.5,14.83,14.8,12.94,11.03
17127,16.6,16.47,22.49,23.58,20.25,23.43,27.67
17129,12.4,14.34,14.12,16.3,16.39,15.78,15.27
17131,7.9,9.04,10.66,12.96,11.9,11.78,12.37
17133,10.8,9.68,16.94,14.17,14.86,14.83,15.05
17135,13.3,15.11,18.73,19.5,20.22,20.93,22.04
17137,15.3,12.87,13.51,12.38,13.49,13.82,13.92
17139,6.2,7.24,7.82,8.78,8.37,9.6,11.37
17141,13.0,9.98,16.22,15.68,14.4,15.52,17.73
17143,15.7,19.24,19.31,28.89,26.26,25.51,24.56
17145,14.9,14.04,20.09,16.87,15.54,15.67,16.05
17147,8.2,8.77,10.88,12.1,9.93,11.03,12.75
17149,9.6,10.04,12.87,13.28,11.34,12.97,15.06
17151,16.6,17.63,18.89,19.6,18.6,20.47,23.4
17153,11.3,11.55,13.43,14.9,14.14,15.56,17.89
17155,14.9,16.78,18.93,21.92,18.73,20.06,22.01
17157,15.2,16.07,19.18,15.67,17.99,15.34,13.04
17159,9.0,9.77,10.05,10.92,10.67,10.94,11.31
17161,9.8,10.56,11.48,13.91,12.15,14.9,18.1
17163,17.3,14.04,17.5,24.0,25.38,26.86,28.91
17165,24.7,24.95,26.95,28.96,27.17,34.57,42.67
17167,16.5,19.9,17.42,23.1,21.34,19.57,17.62
17169,6.7,7.77,8.46,9.45,8.76,8.75,9.88
17171,8.9,9.45,11.5,11.83,12.0,11.71,11.25
17173,10.3,10.38,11.36,13.84,12.78,13.04,13.76
17175,10.1,11.26,13.77,14.76,14.33,15.1,16.28
17177,11.7,14.19,13.37,13.82,15.04,16.97,20.13
17179,15.1,16.08,17.38,23.19,19.42,16.41,13.29
17181,13.1,12.55,16.64,19.14,17.24,18.03,19.62
17183,18.7,19.1,25.02,28.17,22.51,27.41,32.33
17185,10.4,11.3,14.7,14.24,12.52,13.27,14.25
17187,6.5,6.69,7.46,8.42,8.44,9.02,9.88
17189,11.6,14.59,16.33,15.33,13.87,13.56,13.66
17191,8.6,10.07,10.08,10.29,10.42,11.72,13.03
17193,11.7,11.97,13.74,18.24,14.35,16.78,19.1
17195,13.5,13.94,11.48,12.53,13.84,12.74,12.33
17197,12.9,14.62,19.03,21.0,19.0,20.76,22.78
17199,20.3,16.18,20.89,21.7,19.92,16.99,14.55
17201,28.2,31.74,36.76,38.54,47.65,42.99,39.16
17203,11.5,10.62,12.25,12.24,10.85,10.47,9.95
18001,10.7,11.05,12.28,14.98,12.64,15.78,18.99
18003,13.9,16.24,19.09,23.03,22.16,27.38,31.83
18005,15.7,14.72,18.66,32.74,25.66,23.42,22.73
18007,14.8,14.5,16.39,16.09,15.97,15.95,14.62
18009,24.0,31.47,36.3,37.65,32.91,28.36,23.3
18011,12.5,15.93,24.2,20.24,20.49,23.6,26.91
18013,15.8,19.92,19.85,22.3,21.6,18.19,16.36
18015,11.5,13.69,14.48,15.83,18.45,15.93,11.8
18017,9.0,11.12,11.01,12.34,14.06,13.34,11.3
18019,23.7,24.21,34.37,33.99,37.19,36.14,35.98
18021,12.5,13.92,17.18,17.63,17.55,17.63,18.94
18023,17.0,17.09,18.39,21.63,24.08,23.92,22.56
18025,15.5,16.05,21.97,21.31,20.36,22.33,25.7
18027,8.8,9.01,11.98,13.54,12.53,11.95,12.66
18029,26.1,30.12,31.3,32.95,26.52,29.8,33.69
18031,17.4,18.81,21.82,27.33,20.76,23.95,28.0
18033,10.8,13.99,13.92,14.75,14.93,19.26,23.11
18035,27.9,29.3,32.02,40.8,34.17,35.91,36.81
18037,9.0,8.46,11.17,9.33,9.53,9.38,11.07
18039,10.9,11.44,12.17,16.21,14.42,12.18,8.39
18041,47.0,46.68,54.66,65.91,55.88,65.01,74.85
18043,23.8,23.22,30.25,32.48,28.24,37.87,48.8
18045,14.4,13.98,17.44,18.21,20.27,21.32,21.91
18047,21.4,24.11,30.92,28.93,33.71,29.34,25.82
18049,13.5,14.81,18.67,18.43,16.47,19.2,20.44
18051,9.1,9.83,10.31,13.18,11.51,12.56,14.1
18053,20.5,34.47,30.17,37.14,32.07,26.22,19.53
18055,18.3,17.79,16.32,22.47,18.7,18.24,19.09
18057,9.1,10.6,12.11,14.1,12.12,11.77,10.77
18059,23.0,23.16,20.07,20.54,22.18,19.53,16.9
18061,14.9,17.53,25.89,21.59,20.33,26.61,34.04
18063,13.5,11.25,17.14,18.71,16.53,16.41,16.99
18065,25.3,23.65,23.32,29.99,24.55,27.76,30.74
18067,24.4,33.14,27.17,40.85,35.28,36.86,37.23
18069,15.4,17.73,20.42,17.52,17.22,18.03,18.14
18071,26.8,24.93,27.32,34.06,35.1,26.66,19.22
18073,12.7,14.83,20.01,20.92,17.75,19.18,19.41
18075,17.6,19.0,23.19,38.02,32.64,31.13,29.8
18077,14.9,17.27,18.5,20.9,20.16,18.88,18.47
18079,25.4,27.92,30.09,36.31,34.91,35.26,36.61
18081,16.4,16.91,22.44,23.17,22.54,20.13,18.12
18083,11.8,12.61,16.59,15.37,14.02,15.08,17.09
18085,9.8,11.91,14.04,19.51,15.52,14.87,12.88
18087,5.8,5.42,6.09,6.84,6.28,5.88,4.47
18089,10.9,12.77,20.42,29.88,25.79,28.97,31.56
18091,17.3,16.06,23.03,25.02,20.18,23.61,25.84
18093,15.3,12.81,13.75,15.97,18.23,18.69,21.31
18095,25.9,27.8,30.8,38.3,31.67,38.59,44.46
18097,25.9,26.59,32.79,36.87,35.23,37.69,40.1
18099,10.8,11.96,13.74,18.38,16.0,14.74,12.1
18101,10.1,11.3,12.57,14.8,14.36,14.69,16.55
18103,11.4,16.45,16.99,17.95,15.75,17.53,18.43
18105,19.0,15.73,18.2,20.08,18.91,18.3,19.26
18107,19.6,17.25,21.47,28.48,30.33,26.41,22.52
18109,24.4,25.88,28.18,26.25,32.86,31.0,30.09
18111,16.8,18.93,24.86,20.87,24.52,22.22,18.28
18113,10.2,10.15,12.27,12.58,10.88,12.9,13.95
18115,21.2,25.16,26.37,28.29,24.82,26.54,28.81
18117,9.7,9.88,11.99,13.37,12.88,12.55,14.25
18119,13.8,13.92,16.37,18.43,15.87,18.49,22.36
18121,11.7,12.63,13.25,14.3,12.74,13.43,14.71
18123,9.5,11.27,14.68,15.83,12.25,12.44,14.14
18125,8.9,9.6,11.78,11.91,10.71,12.69,15.68
18127,22.7,21.6,27.17,27.61,22.21,23.57,24.69
18129,11.2,11.94,14.2,17.02,14.05,15.23,17.17
18131,22.6,24.4,28.59,29.86,27.91,25.24,20.99
18133,13.5,13.16,13.8,13.05,14.57,12.73,11.7
18135,24.5,22.82,30.75,42.84,28.79,29.84,30.47
18137,17.4,24.56,26.14,30.22,23.84,24.66,26.34
18139,15.8,15.36,22.49,27.82,22.13,22.07,22.64
18141,13.6,18.62,20.82,24.4,22.29,16.52,9.84
18143,36.0,39.04,62.69,54.97,48.78,44.8,41.96
18145,18.7,17.7,19.55,24.37,23.9,25.3,27.22
18147,7.9,8.24,10.83,10.17,9.2,10.96,14.17
18149,32.1,36.38,40.31,51.0,45.04,46.57,46.4
18151,8.9,8.63,10.39,9.87,8.69,10.46,11.29
18153,21.4,20.83,23.87,22.71,20.35,22.49,25.75
18155,23.2,23.5,29.81,31.93,26.95,28.32,30.11
18157,14.3,16.32,17.26,15.73,20.33,20.57,19.58
18159,18.4,21.75,23.72,22.69,21.92,22.4,21.59
18161,27.8,30.67,33.72,43.54,38.55,35.41,32.79
18163,21.6,23.79,26.4,33.62,25.97,22.86,20.8
18165,14.9,16.77,18.14,24.75,18.05,21.6,24.94
18167,15.4,16.17,20.29,18.86,17.7,19.49,22.24
18169,17.7,20.3,23.32,30.39,23.53,23.83,22.94
18171,11.9,12.72,15.59,16.52,16.99,16.78,16.03
18173,8.3,8.45,9.27,11.61,10.59,11.13,12.71
18175,21.8,23.0,24.22,27.95,26.1,25.39,25.96
18177,30.0,39.36,47.99,78.35,57.44,61.68,66.53
18179,14.8,16.84,16.62,16.58,17.9,22.27,26.22
18181,18.4,17.55,19.1,20.59,21.4,19.0,15.1
18183,8.9,9.71,10.48,11.06,11.4,11.61,10.79
19001,7.4,7.69,8.62,10.28,8.96,9.72,11.4
19003,7.8,8.98,10.45,11.26,10.01,10.97,13.67
19005,6.3,6.49,8.92,8.07,7.41,8.6,10.13
19007,11.2,11.51,12.84,14.62,14.02,15.18,17.82
19009,5.1,5.91,7.1,7.06,6.44,7.1,8.6
19011,4.6,5.21,6.14,6.38,6.32,6.2,5.88
19013,6.5,6.69,9.5,9.91,9.52,8.09,6.22
19015,6.7,7.35,8.13,8.71,8.39,8.62,9.63
19017,5.0,5.93,6.72,7.03,6.65,7.45,7.66
19019,5.9,6.71,7.75,10.06,9.0,8.99,9.54
19021,4.2,4.38,5.42,5.68,5.28,5.53,6.72
19023,4.6,5.29,6.43,6.52,6.21,6.34,6.22
19025,4.9,5.34,6.92,7.1,6.28,7.15,8.95
19027,5.3,5.78,7.63,7.95,6.74,7.04,7.73
19029,6.7,8.22,8.48,9.5,8.95,10.29,13.03
19031,5.5,6.56,7.15,7.26,6.75,7.96,10.27
19033,11.7,10.66,12.06,13.02,10.55,12.26,14.03
19035,3.6,4.17,4.52,4.8,4.58,5.28,6.76
19037,4.3,4.96,5.48,6.13,5.57,5.72,5.54
19039,8.6,8.39,9.59,11.21,9.79,11.09,13.5
19041,3.8,4.37,4.71,5.31,5.04,5.49,6.49
19043,7.5,6.69,7.37,8.52,7.86,8.56,9.94
19045,8.3,10.69,10.36,10.94,11.99,11.85,12.46
19047,5.2,5.34,5.68,6.73,5.75,6.04,6.67
19049,5.3,5.62,6.72,7.22,6.4,7.15,8.56
19051,5.6,5.82,6.61,7.2,6.69,7.14,8.11
19053,7.3,7.88,10.05,10.54,9.72,10.12,12.65
19055,5.0,5.71,6.58,6.44,6.38,6.34,7.26
19057,9.5,12.71,13.31,12.92,11.82,12.03,12.54
19059,4.5,5.34,5.65,6.64,6.14,6.19,6.91
19061,7.4,7.98,10.34,9.26,9.01,9.08,10.97
19063,3.7,3.91,4.82,4.79,4.77,4.67,5.16
19065,5.3,5.43,6.45,6.71,6.66,6.58,6.78
19067,3.9,4.47,5.19,5.51,4.96,5.16,5.29
19069,4.0,4.51,5.34,5.41,5.03,5.67,5.84
19071,8.6,9.46,9.97,11.97,11.01,10.72,12.58
19073,6.0,6.46,7.47,8.35,7.52,8.25,10.11
19075,5.8,6.3,6.5,7.22,7.31,7.5,7.09
19077,5.3,5.81,6.33,7.15,6.41,7.08,8.65
19079,5.0,6.05,6.39,6.98,7.08,7.01,6.97
19081,3.5,3.93,4.49,4.71,4.35,4.68,4.95
19083,4.6,5.3,5.93,6.17,6.17,5.96,5.59
19085,8.5,8.69,10.45,10.69,10.61,11.01,12.26
19087,6.7,8.14,7.64,8.18,7.56,7.67,8.18
19089,3.2,3.53,3.94,4.39,4.18,4.13,4.65
19091,4.9,4.81,5.46,6.16,5.5,5.79,6.25
19093,5.1,6.18,6.39,6.88,6.5,7.07,8.86
19095,5.3,6.25,6.58,7.38,7.3,6.94,5.77
19097,10.4,9.38,9.57,10.59,10.32,12.82,17.1
19099,10.6,12.03,11.69,13.77,11.5,12.1,13.16
19101,9.1,8.62,10.24,11.67,10.8,11.62,12.24
19103,10.3,7.04,8.4,9.03,6.84,7.2,7.7
19105,5.4,5.9,6.63,6.84,6.35,7.08,9.65
19107,5.6,6.05,6.63,7.5,6.68,7.08,6.75
19109,3.5,3.97,4.38,4.84,4.36,4.98,5.96
19111,10.2,12.16,15.11,11.94,11.97,12.6,13.43
19113,12.5,12.72,11.06,14.24,12.62,14.75,17.4
19115,8.0,8.35,8.78,10.32,9.56,9.82,10.36
19117,8.2,8.93,10.22,12.82,10.67,11.99,14.66
19119,3.8,4.37,4.82,4.94,5.16,5.01,4.85
19121,6.4,7.25,8.8,8.59,9.24,10.03,11.52
19123,7.5,9.56,10.77,10.69,9.41,9.74,10.28
19125,7.6,9.99,11.3,12.25,10.53,11.26,12.78
19127,4.8,5.01,5.74,6.67,6.85,6.32,5.9
19129,7.2,7.86,9.32,9.15,9.86,9.1,9.71
19131,3.8,4.24,4.74,5.13,4.57,5.03,5.31
19133,8.6,9.34,9.55,10.71,9.72,10.05,10.75
19135,6.9,8.03,8.2,9.72,8.19,8.64,9.92
19137,9.6,11.61,12.61,14.18,12.97,13.37,15.43
19139,5.9,7.38,8.01,7.19,7.42,8.39,9.85
19141,3.0,3.26,3.73,3.93,3.88,3.86,4.4
19143,5.5,5.65,7.02,7.01,7.63,7.3,7.41
19145,6.5,7.51,8.07,10.56,8.43,9.33,12.41
19147,3.4,3.83,4.33,4.64,4.44,4.77,5.4
19149,4.2,4.81,5.28,6.51,5.51,5.55,5.66
19151,4.4,4.76,5.7,5.93,5.91,5.97,6.25
19153,10.8,14.44,14.6,16.31,15.83,20.48,25.85
19155,11.1,11.35,13.73,13.41,12.19,12.61,14.08
19157,5.9,6.48,7.25,7.59,8.12,7.71,7.41
19159,7.2,7.78,9.11,10.21,9.68,9.67,11.32
19161,5.5,6.02,6.97,8.23,7.53,7.36,8.51
19163,11.2,17.17,16.87,17.16,15.21,16.69,19.09
19165,6.2,6.43,7.74,8.64,7.64,7.77,8.63
19167,2.3,2.59,3.05,3.12,3.1,3.04,3.19
19169,5.9,6.94,7.01,7.39,7.26,6.78,6.59
19171,6.5,6.38,6.75,8.78,7.62,7.37,7.13
19173,6.3,6.89,8.68,8.73,7.95,8.71,11.34
19175,9.3,9.17,11.2,12.84,10.65,11.38,13.57
19177,6.8,8.27,9.09,9.16,10.06,9.23,8.64
19179,7.9,8.85,9.95,12.53,11.02,14.22,18.07
19181,8.5,8.32,10.57,10.06,10.78,12.14,14.32
19183,6.7,6.44,7.6,7.94,7.44,7.71,7.6
19185,7.9,8.58,9.81,11.83,10.13,11.03,13.44
19187,11.1,10.86,12.93,13.86,12.44,14.24,16.87
19189,4.0,4.41,5.13,5.65,5.05,5.4,5.57
19191,4.3,4.45,5.14,5.31,5.56,5.08,4.83
19193,8.6,8.18,9.06,9.79,8.97,8.95,9.18
19195,7.0,7.49,10.53,10.23,8.8,9.3,9.88
19197,4.8,5.22,6.24,6.72,6.09,6.31,6.84
20001,12.6,13.68,14.64,16.35,16.67,16.36,17.56
20003,8.6,9.94,10.64,11.6,11.57,11.11,12.44
20005,9.4,9.54,12.06,12.21,11.91,12.33,16.04
20007,12.6,13.89,15.73,16.76,15.27,16.56,20.97
20009,6.7,6.36,7.41,7.75,7.85,9.09,14.38
20011,12.1,11.79,13.17,15.73,13.81,15.35,18.22
20013,11.1,10.83,13.36,15.25,12.86,15.68,21.72
20015,13.4,14.62,14.33,17.04,16.12,13.68,14.05
20017,7.7,8.42,9.48,10.49,10.42,10.11,13.19
20019,14.2,17.26,17.87,19.05,19.87,18.92,19.95
20021,15.4,18.0,16.49,17.15,16.12,18.12,21.29
20023,5.8,6.37,7.3,7.85,7.92,7.81,9.94
20025,7.3,8.37,9.17,9.78,9.37,9.6,13.49
20027,8.9,9.49,12.78,11.99,12.05,11.73,15.17
20029,5.8,6.63,7.34,7.72,8.16,7.71,11.75
20031,12.8,13.28,13.37,14.83,14.43,15.38,18.63
20033,9.0,9.83,11.89,12.13,11.59,12.62,16.71
20035,12.1,15.52,16.03,16.18,14.05,15.07,18.13
20037,10.7,11.42,12.62,12.57,12.6,15.12,18.83
20039,6.1,6.61,7.63,8.19,7.8,7.95,11.88
20041,7.1,7.25,8.67,9.56,9.22,9.2,12.97
20043,7.0,7.11,8.33,8.7,8.45,8.82,12.47
20045,9.3,10.62,10.99,12.28,11.7,12.85,16.73
20047,6.8,6.96,7.93,8.48,8.23,8.47,12.31
20049,14.7,16.1,20.16,20.06,18.91,19.2,21.46
20051,4.8,5.64,6.67,7.42,7.92,7.17,10.79
20053,8.0,8.7,11.55,11.06,10.13,10.56,14.75
20055,6.3,8.57,8.25,8.2,8.57,9.29,13.75
20057,4.7,5.12,6.05,6.55,6.28,6.16,9.86
20059,10.9,11.8,13.56,15.49,16.07,14.79,15.86
20061,9.5,9.67,10.79,12.08,12.89,12.92,16.68
20063,5.6,5.68,6.48,7.05,6.72,6.95,10.31
20065,5.7,6.27,7.16,7.78,7.44,7.65,11.14
20067,3.8,4.42,4.84,5.15,4.99,5.01,8.41
20069,5.1,5.3,6.01,6.4,6.23,6.34,10.45
20071,8.5,9.15,10.58,11.42,11.47,11.32,12.97
20073,16.7,18.06,19.61,20.8,18.0,17.94,20.45
20075,9.6,10.42,11.88,13.49,12.35,14.02,18.1
20077,13.0,13.34,15.81,16.23,15.48,17.87,22.66
20079,9.3,11.9,11.2,12.55,11.12,12.22,15.96
20081,4.8,5.25,5.91,6.76,6.42,6.39,10.17
20083,5.0,5.57,6.3,6.8,6.43,6.6,10.96
20085,6.6,8.16,8.74,8.96,8.81,10.72,16.13
20087,8.5,10.62,10.75,11.02,11.78,10.97,12.62
20089,5.4,5.85,6.69,7.21,6.89,7.14,10.97
20091,9.5,8.18,10.0,9.27,9.83,11.19,15.23
20093,5.0,5.58,6.14,6.73,6.37,6.65,10.07
20095,12.0,12.4,13.83,14.17,13.63,14.94,18.61
20097,7.0,7.59,8.69,9.37,8.93,9.23,13.04
20099,13.1,14.91,17.11,18.78,15.63,18.27,22.43
20101,4.8,5.19,6.05,6.54,6.18,6.42,10.62
20103,15.6,12.43,16.68,13.02,13.08,17.16,23.76
20105,5.9,6.46,7.45,8.05,7.5,7.8,11.99
20107,14.3,15.97,16.8,18.78,19.89,17.78,17.81
20109,8.0,8.28,9.38,10.1,9.61,10.57,14.13
20111,6.3,7.62,7.75,8.7,10.03,9.17,11.4
20113,7.7,8.13,8.42,9.2,7.82,8.77,13.16
20115,7.1,8.25,8.78,10.52,9.5,9.83,13.11
20117,5.4,5.9,6.74,7.16,7.73,7.21,10.43
20119,6.0,6.64,7.89,8.62,8.22,8.47,12.74
20121,14.3,12.89,13.56,18.07,14.52,14.95,17.37
20123,4.6,5.2,5.82,6.27,5.92,6.07,10.52
20125,17.0,17.59,17.11,18.7,16.43,16.94,18.86
20127,7.0,7.36,8.17,9.4,8.64,8.69,12.24
20129,9.7,9.97,11.29,12.26,11.83,12.64,16.46
20131,5.3,5.53,6.28,7.14,6.38,6.56,10.59
20133,13.9,15.0,14.03,16.11,15.33,15.17,16.74
20135,5.7,6.23,7.07,8.15,7.34,7.49,11.89
20137,5.9,6.42,7.35,8.31,7.96,8.67,12.94
20139,11.9,14.98,13.97,15.48,14.92,14.48,16.88
20141,7.6,9.84,9.62,11.36,10.47,10.16,13.92
20143,5.8,6.1,6.98,7.63,6.92,7.21,11.43
20145,7.4,8.02,9.57,9.36,9.37,9.69,13.98
20147,4.4,4.86,5.87,6.08,5.64,5.8,9.17
20149,6.4,8.55,8.05,9.24,9.93,9.08,11.9
20151,8.5,10.88,10.75,11.92,10.84,11.72,16.28
20153,5.7,6.2,7.14,7.64,7.29,7.54,10.67
20155,14.1,15.44,14.2,14.56,17.71,18.32,22.29
20157,5.8,6.09,6.79,7.69,7.09,7.55,11.81
20159,8.3,9.56,11.31,11.62,10.76,11.53,15.81
20161,6.0,6.26,6.56,7.0,6.74,8.59,14.01
20163,6.7,7.05,7.82,8.51,9.06,8.41,11.61
20165,6.9,7.86,8.65,9.15,8.84,9.05,14.21
20167,8.3,9.48,9.73,10.91,10.08,10.09,14.91
20169,12.2,13.33,14.72,20.42,15.86,16.67,21.78
20171,5.8,6.01,6.64,7.14,6.93,7.06,11.18
20173,16.9,15.97,15.89,17.77,18.0,20.83,25.67
20175,5.5,6.21,7.03,9.01,7.9,8.71,13.4
20177,13.6,15.28,16.09,17.4,16.64,17.58,21.38
20179,5.2,5.68,6.54,6.98,6.68,6.94,10.24
20181,7.6,9.22,9.52,10.11,10.18,9.98,11.87
20183,6.3,7.28,8.22,8.99,8.09,8.72,12.66
20185,7.0,7.71,9.2,9.43,9.07,9.28,13.27
20187,7.2,8.36,9.05,9.75,9.29,9.56,12.45
20189,5.4,5.88,6.69,7.29,7.79,7.21,9.58
20191,12.9,14.52,15.43,15.75,14.99,17.88,22.81
20193,6.5,7.06,8.38,9.11,8.3,8.94,11.89
20195,5.8,6.29,7.24,7.82,7.44,7.47,11.47
20197,7.2,8.44,8.88,9.71,9.79,9.56,12.73
20199,6.5,7.13,8.07,8.72,8.31,8.57,11.04
20201,5.0,5.48,6.38,6.75,6.44,7.0,11.4
20203,6.1,6.67,7.69,8.36,7.95,8.12,11.42
20205,16.1,16.63,18.61,21.93,19.49,19.65,21.78
20207,14.0,15.25,19.06,19.11,19.97,18.69,19.46
20209,10.0,10.19,11.98,11.54,11.38,14.6,20.51
21001,17.0,17.64,17.9,20.97,20.16,20.31,20.81
21003,17.6,19.1,22.0,21.26,19.69,28.28,37.85
21005,20.1,26.75,31.89,36.67,30.0,35.8,41.77
21007,14.2,15.89,19.39,21.87,17.82,18.61,20.89
21009,11.3,12.98,14.25,18.79,15.48,14.82,14.87
21011,30.6,32.61,36.35,37.54,36.72,34.3,32.18
21013,48.4,70.81,58.47,52.74,52.1,55.17,59.07
21015,26.9,36.51,34.46,37.34,33.47,28.86,24.54
21017,24.0,27.14,29.51,32.75,31.28,35.71,40.39
21019,34.7,43.19,51.4,60.73,55.42,58.48,62.28
21021,17.7,23.18,33.75,28.34,23.78,25.66,27.49
21023,20.4,28.47,29.4,29.4,26.19,29.54,32.71
21025,45.1,39.61,50.46,44.65,45.17,52.84,61.36
21027,12.3,14.59,17.29,16.74,15.35,16.12,18.21
21029,27.0,21.94,26.02,36.93,30.06,32.87,36.26
21031,15.4,26.94,21.1,21.21,22.22,21.05,21.16
21033,15.8,15.81,18.93,19.86,17.62,18.84,21.48
21035,10.9,12.99,15.73,14.34,13.86,17.43,22.43
21037,45.8,50.89,62.08,70.92,57.12,47.49,38.18
21039,8.6,9.43,10.99,11.53,10.61,11.27,13.4
21041,35.6,32.46,35.05,38.3,37.38,39.55,41.83
21043,26.9,34.55,38.35,51.12,43.54,38.86,34.34
21045,21.4,24.95,29.64,31.18,29.25,30.72,31.89
21047,8.2,8.64,9.85,12.91,11.83,13.33,16.92
21049,31.9,37.56,38.08,50.1,51.04,46.45,42.18
21051,28.1,35.18,37.45,36.12,37.48,45.59,53.96
21053,48.8,49.42,48.51,50.4,48.81,47.66,47.33
21055,15.4,17.47,19.32,21.21,18.71,18.95,20.35
21057,24.5,25.91,29.77,30.21,28.9,28.23,28.12
21059,12.8,15.12,16.25,16.32,16.19,14.93,15.45
21061,13.2,20.38,17.99,20.09,20.19,18.18,17.6
21063,27.1,31.11,36.49,36.52,38.36,36.48,34.63
21065,46.8,46.14,54.77,63.93,54.34,63.06,71.54
21067,26.3,32.38,35.61,39.98,37.27,33.36,29.57
21069,20.8,25.77,27.1,30.62,23.8,26.63,30.13
21071,54.9,50.88,51.66,50.05,48.95,50.88,53.76
21073,20.8,23.29,28.82,36.36,30.57,31.25,32.11
21075,8.9,9.91,11.74,12.38,11.89,12.32,13.74
21077,37.8,49.23,53.67,59.58,59.0,50.63,42.4
21079,22.8,24.04,32.37,31.2,26.79,26.05,25.05
21081,40.4,38.08,51.85,46.63,45.06,52.87,60.5
21083,12.0,13.09,15.17,14.74,14.49,15.15,17.49
21085,26.7,25.92,33.55,35.11,27.98,24.19,21.55
21087,11.8,12.59,13.92,16.43,15.16,15.73,16.87
21089,28.0,33.92,34.68,44.71,43.89,58.94,75.05
21091,11.6,12.85,16.53,17.11,14.12,14.79,17.49
21093,15.3,12.57,20.6,19.68,16.96,19.23,22.54
21095,35.1,37.04,39.18,43.32,38.57,43.08,48.48
21097,31.2,35.65,67.59,48.7,36.89,39.6,42.18
21099,12.3,15.39,17.53,18.09,19.08,16.24,14.15
21101,11.9,12.85,14.58,17.52,14.63,12.73,11.94
21103,18.5,24.81,23.72,25.66,27.24,27.53,28.35
21105,9.5,10.96,12.66,12.7,12.16,12.41,14.22
21107,15.9,16.12,20.46,24.04,17.03,17.59,19.82
21109,16.5,19.13,20.4,25.21,21.76,23.2,24.46
21111,24.2,26.84,39.54,45.4,37.94,42.1,47.28
21113,22.6,27.82,31.71,44.55,35.79,37.77,40.01
21115,30.0,34.81,33.17,34.22,34.76,33.48,32.82
21117,44.5,61.5,55.99,68.73,57.68,51.88,46.46
21119,49.1,44.77,46.31,46.91,45.89,53.77,63.2
21121,24.9,44.94,37.93,44.1,31.77,36.61,42.49
21123,11.1,10.81,12.66,13.93,12.0,15.36,19.4
21125,23.6,24.73,21.85,25.81,24.68,20.76,17.09
21127,28.2,32.35,39.34,42.84,34.63,36.36,38.33
21129,34.3,45.48,43.52,45.1,44.14,59.46,74.71
21131,54.6,46.55,54.57,52.34,50.42,50.13,50.42
21133,31.1,33.61,32.8,39.0,38.73,42.16,47.16
21135,19.3,26.93,23.6,31.08,28.74,28.59,29.63
21137,20.3,24.77,33.79,31.91,32.34,30.47,28.41
21139,23.3,23.54,27.97,28.35,25.18,30.46,37.1
21141,13.6,14.33,15.64,14.5,14.82,15.4,17.26
21143,14.9,16.73,17.78,19.24,20.05,20.86,22.54
21145,23.3,18.48,21.21,19.73,19.4,22.59,26.77
21147,16.0,19.9,19.6,24.96,22.51,20.2,18.19
21149,13.6,14.88,20.06,18.63,18.74,18.67,20.33
21151,26.3,30.14,31.58,43.0,44.07,49.37,54.46
21153,29.8,33.04,37.12,43.9,43.08,42.28,42.32
21155,16.9,19.32,20.04,23.49,18.38,20.97,23.76
21157,25.3,20.88,26.11,21.1,20.16,21.88,24.51
21159,39.4,54.49,51.58,53.21,44.01,55.27,67.07
21161,23.3,25.96,34.65,38.9,27.31,26.82,26.31
21163,14.8,15.09,21.49,21.56,15.52,16.29,18.75
21165,23.4,24.94,29.54,36.23,35.18,31.23,27.75
21167,19.9,22.98,30.69,24.92,21.26,25.28,29.37
21169,13.0,14.74,19.47,18.79,16.55,15.92,15.68
21171,23.1,23.51,28.42,29.29,29.35,30.66,32.46
21173,32.0,31.42,34.98,42.92,40.84,35.9,31.03
21175,18.2,19.22,24.24,24.16,25.05,25.44,26.36
21177,19.8,17.79,19.23,21.9,19.26,20.8,23.95
21179,16.0,17.41,22.82,30.64,20.28,25.38,30.75
21181,24.3,26.61,32.05,30.37,29.23,33.87,38.82
21183,15.4,20.81,18.17,18.42,18.44,18.85,21.02
21185,9.7,15.65,17.0,15.31,14.62,17.91,22.44
21187,36.8,32.23,44.96,44.21,49.75,48.48,47.08
21189,35.0,38.31,42.2,49.09,44.86,53.74,62.68
21191,35.0,35.05,42.14,47.2,45.12,42.39,39.39
21193,45.0,43.38,45.41,43.7,45.14,43.63,43.05
21195,44.7,39.37,37.14,33.58,34.71,43.14,52.82
21197,62.9,56.29,59.22,57.42,60.4,59.51,58.5
21199,17.4,19.39,21.82,25.1,22.4,23.26,24.01
21201,23.3,25.8,32.01,33.65,29.15,32.42,35.74
21203,27.8,29.84,35.51,38.36,36.82,33.49,29.98
21205,21.0,23.65,28.95,29.31,28.51,25.86,23.61
21207,49.6,39.97,39.5,37.29,40.36,43.26,46.44
21209,16.9,21.29,30.37,25.11,24.66,23.61,22.74
21211,13.9,20.92,22.61,21.32,18.45,22.21,26.1
21213,13.3,17.97,18.11,18.14,16.01,16.63,18.72
21215,15.5,19.47,22.06,25.55,21.57,22.36,23.87
21217,18.7,23.2,27.11,31.27,31.5,29.79,28.21
21219,15.7,16.11,16.9,17.53,20.13,18.81,19.53
21221,13.2,17.16,16.75,20.63,17.28,17.22,18.89
21223,20.3,20.15,23.29,24.83,24.11,25.72,27.83
21225,24.9,25.45,27.23,27.34,23.89,25.14,27.3
21227,13.1,13.85,13.94,13.56,14.57,16.54,19.88
21229,14.8,17.25,19.59,21.59,18.49,21.46,24.49
21231,21.2,20.44,21.35,25.95,23.66,21.25,19.25
21233,15.1,16.99,19.68,20.04,18.31,17.53,18.21
21235,40.2,44.74,36.27,45.13,35.59,35.44,36.21
21237,43.1,46.03,43.81,44.55,45.0,51.07,57.81
21239,20.6,26.27,24.43,27.14,26.42,29.24,32.33
22001,18.6,18.73,20.77,20.76,16.88,25.33,36.09
22003,11.8,13.34,15.58,18.22,18.97,19.3,21.55
22005,14.2,16.35,16.34,21.19,29.99,23.19,18.56
22007,10.5,12.88,18.91,16.04,15.67,14.71,16.76
22009,19.0,17.8,18.23,18.14,22.16,21.46,22.17
22011,13.2,12.87,14.16,14.45,15.03,16.71,20.75
22013,10.9,10.23,10.55,12.57,11.4,11.93,14.82
22015,9.1,11.33,14.2,14.01,11.38,12.31,15.75
22017,9.4,12.52,12.31,13.79,13.14,13.31,16.2
22019,17.3,15.19,14.16,16.69,18.16,18.94,21.91
22021,12.0,12.55,13.75,16.5,14.64,15.59,17.92
22023,16.2,18.53,20.58,24.04,24.22,22.69,23.42
22025,11.6,11.97,13.31,15.97,13.94,14.19,16.47
22027,9.4,10.58,13.22,13.86,11.34,14.03,18.78
22029,9.2,9.4,12.21,12.89,10.64,10.52,11.73
22031,10.2,10.53,14.06,14.01,12.0,16.85,25.03
22033,13.8,16.61,18.24,19.22,20.66,25.1,31.87
22035,6.1,6.75,7.94,9.66,7.64,8.15,9.62
22037,9.8,10.72,12.82,13.51,12.84,13.99,17.03
22039,18.6,18.3,19.9,21.79,26.69,23.72,22.97
22041,7.2,9.68,9.1,9.79,9.0,9.47,11.43
22043,12.0,12.26,16.12,14.42,14.22,16.8,21.65
22045,13.3,16.8,19.35,16.19,19.49,20.1,23.74
22047,12.8,15.8,15.72,18.92,20.16,18.56,19.5
22049,9.2,12.14,11.58,12.16,12.11,12.05,13.99
22051,25.9,28.45,34.02,38.59,37.68,36.92,38.32
22053,17.5,23.57,22.01,27.37,28.18,33.47,40.8
22055,14.6,14.71,17.82,19.48,17.56,24.73,34.71
22057,21.6,18.07,18.4,22.55,17.72,20.62,25.82
22059,17.9,19.03,17.96,21.29,20.86,22.52,26.45
22061,5.5,5.53,6.93,7.45,6.6,7.68,10.79
22063,26.4,33.85,39.82,41.56,34.54,37.35,42.37
22065,5.9,6.58,7.26,8.43,7.4,7.88,9.35
22067,12.8,17.31,18.07,16.84,18.98,19.76,22.07
22069,8.7,8.89,9.54,11.41,10.63,13.02,17.89
22071,27.6,27.02,36.08,38.46,40.6,41.7,44.75
22073,11.3,14.09,16.65,15.17,18.78,17.71,18.4
22075,25.5,28.4,29.58,26.22,29.5,28.58,29.39
22077,12.8,14.56,17.68,19.24,16.57,18.1,21.88
22079,13.3,13.0,21.03,20.85,23.82,28.38,34.74
22081,7.0,7.6,8.71,9.45,8.77,9.89,13.61
22083,7.4,9.23,9.63,10.79,9.49,12.82,17.43
22085,8.3,9.39,10.29,12.04,10.97,10.51,12.54
22087,30.8,34.42,44.52,46.72,59.48,57.53,57.32
22089,16.9,21.59,25.19,22.23,22.44,22.96,25.85
22091,23.1,20.82,28.72,26.2,26.86,25.76,26.78
22093,8.1,9.94,12.41,11.5,11.52,10.27,11.84
22095,16.2,18.74,22.16,25.94,24.85,23.43,24.28
22097,14.4,15.91,16.62,17.49,18.3,20.18,24.33
22099,11.1,10.78,13.42,13.09,12.36,16.47,23.49
22101,14.3,19.27,17.32,24.15,24.35,21.89,22.57
22103,28.2,27.32,28.87,33.76,35.08,38.69,43.55
22105,22.6,22.57,27.82,30.5,32.33,32.97,35.13
22107,7.5,8.74,9.39,10.6,9.58,9.85,11.54
22109,20.3,27.21,22.93,38.02,31.65,33.26,37.57
22111,9.0,8.52,10.3,9.79,9.28,10.09,12.77
22113,10.1,15.79,17.93,14.88,15.95,16.13,19.71
22115,9.8,8.93,12.13,12.44,13.22,12.21,13.47
22117,30.4,36.99,48.61,56.74,61.04,83.33,107.13
22119,13.9,14.2,12.98,16.0,12.88,13.7,16.7
22121,15.4,18.12,18.47,20.19,20.44,20.54,22.56
22123,10.6,12.33,12.43,19.64,13.91,14.71,16.3
22125,12.6,13.63,15.33,18.04,19.1,21.78,26.33
22127,12.9,14.69,16.41,18.52,18.09,19.56,23.17
23001,19.5,22.26,23.59,22.47,25.25,27.88,30.06
23003,10.3,11.43,21.37,13.45,15.1,15.92,17.03
23005,15.8,23.4,22.2,30.82,24.79,28.17,30.6
23007,11.4,13.81,15.15,15.81,15.8,18.18,20.16
23009,16.8,17.56,24.54,18.6,16.97,17.47,17.78
23011,17.6,23.8,26.15,37.92,30.7,31.99,32.6
23013,19.4,19.19,22.58,25.1,20.45,23.82,26.85
23015,14.9,18.07,21.72,22.75,20.91,24.62,27.5
23017,10.9,15.07,18.07,17.58,20.93,18.23,14.85
23019,15.7,18.38,29.52,36.07,30.62,31.23,32.03
23021,17.3,16.99,21.2,22.49,21.02,20.96,21.24
23023,10.7,12.64,14.18,15.92,13.75,16.89,19.63
23025,15.2,18.25,22.26,28.67,21.11,26.8,32.43
23027,16.7,15.37,19.61,21.53,19.18,17.6,15.72
23029,27.1,23.45,48.89,39.88,36.05,32.75,29.56
23031,20.9,21.58,27.6,39.83,30.07,27.97,24.45
24001,20.7,24.13,49.03,47.87,43.46,34.47,23.38
24003,21.6,23.94,36.8,43.11,43.85,43.7,41.4
24005,23.1,29.24,46.46,51.66,55.89,50.56,43.03
24009,21.9,24.23,31.19,35.96,35.74,35.22,32.45
24011,27.4,25.14,34.44,37.22,32.26,40.07,45.48
24013,20.9,24.13,33.93,34.07,40.58,38.4,34.81
24015,35.0,34.94,44.08,63.21,57.86,64.16,68.35
24017,14.7,15.81,25.19,27.19,21.16,24.54,25.88
24019,15.8,16.87,22.94,31.47,25.95,32.55,36.77
24021,17.0,16.1,34.96,31.01,31.44,26.27,19.5
24023,11.9,14.72,16.05,21.8,16.44,19.1,20.04
24025,19.4,22.73,34.16,41.64,39.86,39.28,37.1
24027,7.9,12.82,18.2,18.91,16.54,14.95,11.79
24029,20.3,21.75,29.7,26.46,22.98,28.49,31.47
24031,7.1,8.92,12.66,12.54,9.83,12.4,13.43
24033,7.7,8.4,15.86,17.91,14.81,17.81,18.89
24035,20.6,21.09,27.1,25.95,32.24,31.47,28.1
24037,12.5,18.65,20.97,29.12,24.65,25.8,24.77
24039,19.2,21.25,30.42,27.07,27.37,27.27,24.48
24041,14.8,16.22,22.88,25.35,24.82,24.77,21.96
24043,28.8,34.56,41.55,35.43,47.71,50.17,51.52
24045,16.5,15.69,29.52,29.34,29.48,29.59,27.52
24047,20.6,29.42,35.52,32.19,31.48,29.18,24.66
24510,42.5,50.89,76.41,86.63,102.42,111.15,117.91
25001,24.7,30.25,38.09,34.98,36.61,37.45,38.9
25003,20.9,26.37,27.32,27.03,34.69,37.75,39.41
25005,29.3,30.89,43.95,46.03,42.58,47.36,52.6
25007,17.8,20.17,20.37,19.53,21.28,20.4,19.81
25009,24.3,28.86,36.36,39.88,35.8,36.47,36.04
25011,15.7,22.77,22.34,20.29,26.92,24.87,21.12
25013,14.3,22.63,29.18,27.23,44.26,45.18,43.97
25015,14.8,15.43,20.26,20.32,26.6,26.28,24.06
25017,16.4,20.97,26.86,23.84,22.4,21.0,18.47
25019,12.7,13.88,16.54,18.26,16.19,17.06,18.33
25021,17.6,22.82,31.56,25.55,25.97,22.13,17.56
25023,19.6,29.71,38.52,39.28,33.59,34.28,34.96
25025,17.3,23.83,31.99,32.85,29.44,29.89,29.52
25027,16.8,26.13,28.55,31.23,35.91,34.62,32.38
26001,12.2,12.76,13.8,15.07,13.64,14.94,16.54
26003,10.9,14.89,16.26,16.01,14.18,14.16,14.95
26005,16.8,11.95,14.57,14.77,11.47,13.29,15.09
26007,12.4,13.9,16.29,19.05,15.47,16.43,18.19
26009,13.1,16.99,15.76,17.17,15.83,15.68,15.9
26011,13.0,12.86,15.12,17.56,16.18,16.97,17.69
26013,12.7,13.22,17.35,17.49,16.94,15.67,14.18
26015,10.7,12.85,15.46,14.53,13.23,13.53,13.65
26017,17.3,21.11,26.04,25.17,24.47,26.16,27.04
26019,13.3,15.3,14.27,16.24,18.45,14.98,11.41
26021,19.0,19.58,21.63,18.45,17.34,17.09,15.95
26023,11.9,14.51,15.84,17.27,16.68,15.9,14.28
26025,23.2,31.11,34.17,34.09,36.7,30.61,23.7
26027,13.5,12.92,15.59,15.62,14.41,17.08,18.79
26029,8.6,10.55,11.03,14.35,12.62,13.98,15.55
26031,15.1,15.63,16.38,17.45,17.25,17.9,18.66
26033,14.1,13.25,15.83,15.34,15.48,15.33,14.37
26035,19.5,23.29,27.88,28.71,26.27,28.82,31.47
26037,8.8,10.77,12.18,14.2,12.49,12.36,12.5
26039,18.6,21.64,25.01,30.7,29.48,27.52,25.14
26041,6.1,6.87,8.73,8.17,11.31,8.9,6.53
26043,13.8,17.03,17.69,22.79,25.24,19.53,14.05
26045,12.9,17.5,18.68,17.31,21.25,15.53,9.63
26047,9.3,12.04,12.02,15.06,12.43,13.42,14.8
26049,14.9,15.93,28.89,37.62,49.08,42.69,35.47
26051,20.4,20.23,22.28,24.17,18.53,19.86,21.33
26053,9.4,11.98,13.46,12.93,11.92,12.16,11.97
26055,11.6,14.27,18.08,20.28,13.73,14.36,14.76
26057,6.8,9.95,9.52,10.78,11.18,11.0,10.43
26059,10.3,11.42,18.07,15.71,15.33,15.19,13.8
26061,7.6,6.88,10.07,9.89,8.93,8.29,7.5
26063,11.1,13.27,16.31,20.34,15.47,14.99,12.88
26065,18.6,21.49,24.23,25.43,29.88,29.91,29.6
26067,16.6,14.04,17.46,17.96,15.14,15.58,15.64
26069,16.9,20.37,25.95,22.38,22.22,25.03,27.29
26071,12.4,15.16,20.85,18.0,15.14,15.86,16.58
26073,8.8,13.87,16.35,14.38,13.86,13.42,12.97
26075,8.2,10.17,9.45,9.42,9.03,10.29,10.64
26077,14.3,12.78,21.09,20.77,19.08,17.53,15.3
26079,11.8,12.51,14.4,17.88,14.64,15.46,16.19
26081,9.9,14.7,13.37,18.66,14.44,15.52,16.37
26083,9.7,10.52,12.3,13.66,12.44,12.7,12.68
26085,10.8,12.53,13.9,15.56,13.95,14.73,15.18
26087,12.1,13.47,16.59,21.66,19.6,18.23,16.49
26089,8.3,9.19,9.62,10.8,9.44,9.26,9.7
26091,17.0,21.22,19.39,15.71,21.61,21.28,19.92
26093,22.7,16.25,18.24,21.84,17.67,19.63,20.49
26095,10.5,12.05,13.86,13.84,13.35,14.45,15.78
26097,9.3,10.67,12.8,12.44,12.43,12.21,12.53
26099,29.0,29.18,36.55,43.86,38.56,31.96,24.67
26101,20.2,24.56,26.83,29.14,27.96,26.21,23.82
26103,12.8,18.11,21.94,15.66,16.74,15.85,15.0
26105,12.4,16.25,15.32,20.49,18.46,17.32,15.95
26107,9.2,9.72,11.22,11.68,9.46,9.58,9.58
26109,12.2,12.64,13.35,15.5,13.23,13.86,14.4
26111,10.4,12.1,14.53,13.8,13.2,15.56,18.26
26113,10.7,14.06,14.92,16.34,14.41,14.91,14.66
26115,23.8,28.91,34.93,36.63,32.15,28.58,25.15
26117,12.1,17.01,14.63,19.22,18.9,13.81,8.13
26119,12.2,12.52,15.07,16.66,15.23,14.81,14.6
26121,27.0,23.32,22.0,24.45,26.54,28.92,31.16
26123,12.2,13.59,13.2,18.86,13.82,12.57,11.35
26125,10.3,10.2,12.25,15.15,14.4,12.55,9.62
26127,13.0,15.24,16.09,20.1,15.64,16.91,18.78
26129,26.0,23.42,23.74,27.88,26.74,28.74,30.54
26131,12.7,14.64,15.88,17.68,17.04,18.53,19.52
26133,12.9,13.43,14.08,19.36,14.68,15.51,16.07
26135,17.5,17.94,20.43,26.62,22.57,23.48,24.89
26137,16.5,16.41,21.88,26.08,25.29,18.12,11.23
26139,10.9,10.94,13.11,15.89,11.82,12.95,13.8
26141,14.7,15.05,15.35,17.04,16.2,17.63,19.29
26143,21.3,20.2,26.7,31.63,28.39,26.71,24.41
26145,19.6,18.74,20.7,24.65,22.27,21.06,19.22
26147,26.4,26.68,41.79,41.06,34.73,34.47,33.26
26149,12.2,11.52,14.05,14.89,15.24,12.79,8.88
26151,12.4,13.24,17.8,19.37,16.09,15.81,15.18
26153,12.9,14.14,16.71,17.07,18.26,19.78,21.58
26155,14.1,16.23,17.48,26.06,24.22,21.06,17.54
26157,11.9,13.34,14.06,16.82,16.2,16.35,14.93
26159,16.5,17.3,18.01,26.65,20.88,22.83,24.44
26161,16.8,16.65,18.69,19.42,20.72,18.53,15.62
26163,25.7,31.48,37.83,42.42,43.08,42.34,40.86
26165,18.9,18.95,18.73,23.62,19.13,22.91,26.4
27001,14.7,16.67,18.78,21.89,18.54,18.81,19.51
27003,8.5,10.36,11.18,12.99,13.25,12.95,12.78
27005,6.6,8.46,9.15,9.16,8.13,9.49,10.73
27007,11.2,11.41,13.21,14.97,15.77,18.92,21.67
27009,8.8,10.88,12.92,11.59,10.58,11.0,12.32
27011,5.9,6.84,7.86,7.88,7.63,7.86,7.93
27013,5.1,5.31,6.86,6.35,5.88,7.37,8.67
27015,4.8,5.06,5.77,6.13,5.73,5.87,5.58
27017,14.6,15.52,15.78,15.98,15.65,16.61,17.06
27019,5.2,6.24,6.7,6.42,6.27,7.77,9.7
27021,18.0,19.94,22.13,25.9,24.61,21.42,18.75
27023,5.1,5.3,5.89,6.72,6.51,6.31,5.82
27025,9.5,9.78,9.96,11.43,11.42,9.53,7.96
27027,12.1,14.58,14.22,13.41,11.44,10.44,8.56
27029,10.6,11.25,14.6,15.16,13.65,14.52,15.55
27031,8.8,10.14,10.92,12.37,11.94,11.52,10.73
27033,4.4,4.83,5.41,5.76,5.58,6.67,7.78
27035,10.4,11.57,14.6,12.33,12.02,11.77,12.75
27037,7.4,9.25,10.2,10.16,7.73,10.73,13.98
27039,5.6,6.62,7.36,7.93,8.63,9.11,9.62
27041,5.1,5.33,5.92,6.94,6.04,7.14,9.33
27043,4.4,5.61,5.59,5.88,5.5,6.08,6.7
27045,5.3,5.4,6.76,7.07,7.79,7.37,7.66
27047,5.1,5.91,6.92,7.89,6.43,7.65,9.05
27049,7.2,7.74,8.72,10.13,10.21,12.49,14.72
27051,4.5,5.28,5.64,6.0,5.74,6.27,7.17
27053,11.0,12.68,15.69,17.36,14.52,17.91,21.43
27055,6.7,8.0,9.2,11.03,9.02,10.16,11.79
27057,9.2,9.46,11.35,11.59,11.89,12.31,12.81
27059,8.5,9.04,12.11,10.82,11.07,11.56,12.2
27061,12.4,12.24,13.36,13.57,12.81,17.7,22.43
27063,3.9,4.28,5.27,5.33,4.92,5.16,5.89
27065,8.7,8.95,9.91,11.06,10.47,11.84,13.86
27067,5.2,7.53,6.36,8.15,7.67,6.52,5.49
27069,6.3,6.49,7.73,8.31,7.58,7.83,7.58
27071,8.1,7.83,9.95,9.62,9.64,10.1,10.42
27073,4.6,5.02,6.35,6.3,5.98,6.42,6.74
27075,6.5,7.07,8.06,8.68,10.08,9.37,8.54
27077,9.9,10.07,11.47,13.14,11.91,12.25,12.16
27079,4.8,4.89,5.91,5.8,5.39,5.85,6.45
27081,5.3,5.47,6.18,6.61,6.37,6.58,6.88
27083,4.8,5.83,5.77,5.74,5.38,6.77,7.92
27085,4.6,5.01,5.57,6.87,7.49,6.82,6.39
27087,24.3,20.4,25.87,31.03,28.94,26.77,25.08
27089,5.9,7.12,7.52,7.88,7.6,9.01,9.88
27091,4.1,4.41,4.73,5.1,5.6,5.12,4.67
27093,6.7,6.65,7.94,8.33,8.4,8.92,10.0
27095,15.5,15.9,20.72,24.86,19.77,23.59,28.22
27097,9.1,11.86,13.54,12.94,15.24,14.31,14.53
27099,8.4,11.27,10.0,13.09,10.62,12.0,13.69
27101,5.2,5.63,5.83,6.52,5.89,6.32,7.01
27103,5.2,5.31,5.55,6.53,5.86,6.09,6.06
27105,4.0,4.25,5.45,6.47,6.13,5.83,6.01
27107,6.3,6.72,8.84,8.52,7.92,8.55,8.89
27109,9.3,8.15,10.29,10.47,10.7,11.14,11.54
27111,5.6,6.62,7.46,8.27,7.9,7.93,8.11
27113,10.7,10.48,12.81,13.86,15.5,13.6,11.42
27115,11.0,11.2,12.48,14.49,13.44,12.69,12.14
27117,3.5,3.89,4.39,4.67,4.7,4.68,4.63
27119,11.7,12.44,12.81,12.82,12.26,14.85,16.58
27121,6.3,6.86,7.75,8.3,7.96,8.18,9.04
27123,11.4,14.37,16.43,19.01,15.34,18.1,20.97
27125,7.5,8.04,9.53,10.16,9.73,9.79,9.81
27127,6.0,7.71,8.32,10.0,8.75,8.11,7.69
27129,6.3,7.68,7.45,7.96,7.87,7.99,8.52
27131,7.0,6.39,7.85,9.38,8.21,9.83,11.18
27133,5.3,5.53,7.26,6.85,6.79,6.68,6.36
27135,6.0,6.88,7.49,8.47,7.64,8.72,8.95
27137,15.2,15.47,17.93,18.25,15.03,19.34,22.97
27139,6.2,5.52,8.12,8.95,7.55,9.42,11.46
27141,10.5,9.35,11.48,11.26,11.02,11.69,12.8
27143,5.2,6.58,6.87,7.29,7.02,6.87,6.55
27145,8.3,10.19,11.6,11.5,9.99,10.1,11.31
27147,5.5,6.06,6.79,8.02,7.63,7.42,7.31
27149,4.7,5.21,6.48,6.44,6.09,6.17,6.86
27151,4.7,5.42,6.19,6.37,6.69,6.21,5.86
27153,5.7,6.26,6.72,8.17,6.92,8.03,10.11
27155,6.1,7.49,7.74,8.14,8.34,8.24,8.73
27157,6.9,7.27,8.83,9.53,10.19,10.54,11.29
27159,8.6,8.48,10.47,11.92,10.91,11.07,11.61
27161,5.8,6.62,8.39,9.08,8.32,8.99,9.66
27163,9.0,8.55,9.96,11.03,9.55,13.28,17.09
27165,4.0,4.53,5.02,5.89,5.44,5.68,5.34
27167,5.7,6.19,6.63,7.11,6.87,7.4,8.41
27169,10.5,9.42,9.65,12.04,12.99,12.36,12.48
27171,6.0,5.53,6.48,7.33,7.63,8.52,9.59
27173,5.8,6.04,6.74,6.93,6.94,6.92,6.53
28001,9.5,9.37,11.33,12.8,11.62,11.4,12.18
28003,14.9,14.93,18.13,16.04,15.95,15.75,17.28
28005,9.0,9.64,11.25,11.31,10.88,11.05,12.26
28007,5.8,6.4,7.61,7.78,6.95,7.59,9.7
28009,6.9,7.86,8.44,9.2,9.11,9.46,11.07
28011,5.0,4.9,5.9,6.15,6.02,5.9,7.21
28013,7.9,9.04,9.82,11.03,11.11,10.58,11.48
28015,6.8,7.05,7.94,8.43,8.51,9.0,11.11
28017,7.5,8.62,9.76,9.92,8.92,9.64,11.37
28019,6.9,7.13,8.61,9.15,8.71,9.08,10.82
28021,5.5,6.34,7.02,7.8,7.1,7.35,8.53
28023,11.1,13.15,12.94,12.95,11.98,11.98,12.92
28025,4.5,4.95,5.75,6.15,5.66,5.84,7.18
28027,13.6,13.42,14.01,14.91,15.01,14.35,15.16
28029,7.6,8.22,9.77,9.04,9.11,9.31,10.49
28031,10.8,12.23,15.04,17.21,18.47,19.14,20.86
28033,12.7,16.58,19.09,18.62,17.2,18.1,20.66
28035,9.7,10.27,10.39,11.98,13.17,13.3,14.57
28037,11.5,11.79,14.0,15.96,16.18,15.34,15.33
28039,15.7,19.84,18.22,19.28,19.73,18.86,18.45
28041,7.3,7.63,8.42,8.66,8.31,8.37,9.14
28043,7.9,8.17,9.17,9.69,9.82,10.22,12.77
28045,23.1,26.64,34.19,40.79,31.46,42.6,54.69
28047,23.0,17.44,19.26,23.71,17.62,21.88,26.81
28049,4.9,6.33,8.03,10.46,8.7,9.71,11.61
28051,5.1,5.45,6.0,6.34,6.4,7.1,8.63
28053,4.6,5.0,5.75,6.37,6.11,6.07,7.24
28055,6.3,6.92,7.79,8.56,7.85,8.25,9.91
28057,12.1,13.65,15.37,14.86,13.93,15.5,18.34
28059,22.5,20.98,22.08,20.68,17.49,23.59,30.45
28061,7.6,7.53,8.3,8.64,8.13,8.68,10.0
28063,5.8,6.3,7.22,7.83,7.67,8.01,9.04
28065,8.4,9.44,10.51,10.85,10.62,11.45,13.52
28067,7.2,8.67,10.58,13.9,14.06,11.03,8.81
28069,5.3,5.84,6.19,7.14,6.55,6.51,7.67
28071,6.3,7.46,7.3,8.39,8.74,9.79,12.56
28073,11.9,14.8,13.56,13.28,13.45,13.74,14.86
28075,7.4,8.54,8.35,8.74,10.2,8.33,7.64
28077,11.2,12.29,13.5,15.27,12.99,13.85,16.18
28079,9.7,7.53,8.71,9.07,8.13,8.66,10.88
28081,8.7,10.03,12.88,13.45,10.97,13.02,16.09
28083,5.5,7.19,7.63,7.71,7.08,7.57,9.44
28085,11.0,10.37,10.75,10.8,9.44,12.38,16.52
28087,7.3,9.2,9.2,10.02,10.22,10.33,11.23
28089,9.3,7.09,7.3,7.0,6.85,8.35,10.45
28091,19.3,26.55,25.47,27.63,28.07,28.4,30.14
28093,7.1,9.17,8.53,9.51,8.26,11.41,16.41
28095,7.1,8.61,9.21,8.9,8.67,9.99,12.6
28097,10.6,10.31,12.07,12.37,11.98,12.85,15.44
28099,11.2,12.36,11.26,13.77,11.44,11.35,12.53
28101,9.2,9.52,9.94,9.85,10.18,9.5,9.59
28103,4.5,4.59,5.42,5.67,5.4,5.7,7.11
28105,2.9,3.55,3.92,4.13,3.7,3.97,5.69
28107,11.5,12.16,12.93,16.14,13.52,13.79,15.89
28109,21.8,33.31,30.02,37.64,29.73,33.88,39.11
28111,13.5,13.2,14.54,14.83,14.37,16.06,19.06
28113,9.5,10.31,10.47,11.33,11.5,13.28,16.67
28115,13.9,14.81,16.38,18.61,16.31,16.38,17.39
28117,10.7,11.44,13.01,15.37,13.02,17.06,22.8
28119,11.3,12.94,13.2,14.87,13.65,14.61,16.86
28121,10.7,11.38,18.02,13.78,14.16,15.06,16.51
28123,7.0,8.08,8.24,8.81,9.15,9.13,9.83
28125,5.4,6.25,6.8,7.25,6.78,7.09,8.59
28127,11.4,11.67,14.47,15.16,14.32,16.02,18.38
28129,12.3,12.06,13.53,14.27,15.17,18.97,23.44
28131,17.0,16.85,20.88,19.26,19.07,22.44,26.8
28133,5.1,5.28,7.26,6.8,6.16,7.33,9.38
28135,7.0,8.46,9.24,9.47,8.91,10.7,14.07
28137,14.4,19.14,19.83,17.94,21.95,21.84,23.91
28139,6.5,8.62,9.14,8.47,7.74,8.46,10.43
28141,26.6,23.91,23.77,24.48,23.99,28.95,35.53
28143,7.9,9.37,9.96,11.16,11.36,11.59,13.86
28145,7.1,6.73,7.76,7.95,8.36,8.73,10.04
28147,12.7,17.13,15.63,16.91,16.22,19.89,24.86
28149,7.3,8.24,9.62,9.98,9.42,9.69,11.33
28151,4.7,5.49,7.67,6.76,6.26,6.45,7.43
28153,14.5,14.12,14.81,14.51,13.7,15.25,17.59
28155,9.3,9.65,11.39,11.15,10.6,12.0,14.65
28157,9.0,10.29,10.79,13.25,12.37,11.46,11.47
28159,9.8,9.09,10.97,11.5,10.31,10.67,11.94
28161,9.6,9.87,10.43,11.9,12.0,11.88,13.57
28163,8.9,8.21,9.96,10.75,9.49,9.59,10.51
29001,12.2,13.08,14.68,14.23,12.01,12.37,14.02
29003,6.2,6.88,9.36,9.39,8.19,8.96,13.25
29005,5.5,6.45,7.21,7.97,7.0,7.3,10.55
29007,9.5,10.32,11.97,11.63,12.44,12.4,13.33
29009,10.9,13.45,13.71,14.31,12.91,13.3,14.78
29011,12.1,12.26,14.76,16.8,13.95,15.04,17.24
29013,22.1,18.95,25.54,25.78,28.1,26.62,26.73
29015,15.3,18.12,18.77,20.18,23.55,19.75,17.34
29017,11.0,11.35,12.39,14.87,12.96,13.17,14.5
29019,10.8,12.66,13.0,13.32,18.04,16.62,16.84
29021,12.9,11.49,13.24,13.6,15.4,16.64,21.19
29023,26.8,21.91,23.29,26.86,33.04,26.23,21.28
29025,11.6,12.68,15.72,16.84,15.61,15.89,18.66
29027,14.1,16.28,17.81,17.87,19.88,18.07,17.95
29029,15.1,18.47,21.3,20.29,21.08,20.57,21.09
29031,12.3,12.96,18.05,14.51,20.56,20.46,21.15
29033,11.1,11.27,13.62,13.83,14.63,14.51,16.48
29035,14.8,16.58,19.23,20.78,19.11,21.12,24.34
29037,13.2,12.84,13.85,15.13,16.52,15.19,15.65
29039,13.7,14.07,18.34,17.33,16.05,19.11,23.49
29041,8.6,8.75,10.09,10.81,10.3,10.62,12.78
29043,13.3,14.12,14.89,18.21,17.29,15.26,14.16
29045,8.0,9.71,10.65,10.44,10.25,10.33,10.88
29047,10.3,14.84,17.54,13.67,13.85,15.64,19.72
29049,12.8,17.19,17.7,16.57,14.71,14.7,16.83
29051,10.2,12.33,15.06,13.33,14.17,13.87,15.61
29053,7.0,7.19,8.25,8.69,9.04,9.02,10.51
29055,21.7,29.34,28.89,28.94,26.5,34.4,43.46
29057,13.6,14.2,16.8,17.89,16.85,18.81,21.59
29059,14.3,14.54,16.43,19.01,18.76,19.21,20.87
29061,7.6,8.42,10.2,11.18,9.87,9.99,12.83
29063,7.7,8.16,9.61,9.64,9.85,9.65,12.47
29065,30.8,26.79,29.87,36.14,30.99,39.6,48.82
29067,8.1,8.6,9.38,11.02,10.16,10.51,11.65
29069,24.4,22.05,19.0,24.23,23.02,20.69,19.84
29071,24.6,24.71,36.2,30.43,37.46,40.22,43.66
29073,18.4,22.9,23.81,24.67,25.6,26.99,29.52
29075,8.7,8.82,11.29,12.83,10.68,11.32,14.3
29077,22.9,29.64,28.71,28.21,26.34,27.56,29.88
29079,10.9,11.85,13.98,12.3,12.85,12.08,13.92
29081,10.9,10.18,12.49,12.23,11.47,12.47,15.89
29083,10.3,11.64,13.34,13.38,13.74,12.96,13.92
29085,16.4,18.73,22.36,22.73,20.91,22.08,24.22
29087,6.1,6.69,7.69,8.26,7.82,8.18,11.84
29089,6.1,6.49,7.85,8.16,8.28,8.51,10.21
29091,15.6,14.31,16.51,18.23,16.95,17.53,18.61
29093,24.0,24.37,28.38,33.83,28.78,30.53,33.15
29095,16.1,18.27,17.77,17.76,19.7,20.22,22.83
29097,15.1,10.96,13.32,14.78,13.68,13.73,14.85
29099,30.8,29.12,41.59,39.28,48.14,44.59,41.49
29101,5.7,6.21,8.02,7.37,7.91,7.86,9.31
29103,8.5,9.32,11.21,11.4,10.92,11.7,13.31
29105,9.6,12.13,12.88,11.94,17.25,17.49,18.76
29107,9.6,10.72,11.78,12.55,12.92,12.76,14.17
29109,14.2,17.82,17.77,19.0,15.85,17.1,19.05
29111,9.1,10.61,13.08,12.16,13.65,12.16,11.02
29113,19.5,22.71,26.41,25.3,30.76,31.67,33.3
29115,8.2,8.12,9.45,10.04,10.33,9.76,10.76
29117,14.5,17.89,18.05,16.28,16.9,18.96,23.93
29119,11.6,12.42,13.34,15.27,13.29,15.42,18.07
29121,7.1,8.02,9.14,9.87,9.0,9.29,10.42
29123,20.1,23.17,24.54,28.42,26.24,25.89,26.27
29125,18.5,19.15,22.48,25.51,26.89,23.34,21.39
29127,14.4,17.64,21.03,20.16,19.48,22.79,26.21
29129,7.3,7.93,9.2,9.75,9.34,9.56,12.18
29131,11.9,11.37,12.02,14.5,14.74,15.51,17.7
29133,9.2,11.94,14.31,14.51,14.63,12.99,12.68
29135,5.5,5.93,6.87,7.11,7.92,7.06,7.9
29137,9.8,10.66,11.46,12.14,11.86,13.42,15.78
29139,19.1,20.88,22.95,20.56,20.92,23.59,27.22
29141,11.8,9.86,11.96,12.29,12.62,10.83,10.11
29143,12.8,15.29,18.62,19.69,22.66,16.58,11.68
29145,10.3,12.58,12.87,15.42,17.02,14.45,12.99
29147,4.5,4.66,5.36,6.34,5.58,5.62,8.19
29149,10.8,11.76,13.87,13.18,12.43,12.61,14.29
29151,10.7,10.77,11.82,12.99,14.86,12.45,12.05
29153,13.2,15.69,16.34,18.52,18.28,17.27,17.08
29155,17.9,19.13,20.46,22.0,20.24,23.39,28.3
29157,13.4,12.55,18.29,18.14,17.11,18.35,19.63
29159,9.1,10.07,14.03,11.94,13.86,12.5,12.77
29161,17.6,18.14,23.3,29.94,25.03,36.88,50.08
29163,11.6,13.32,13.6,14.69,15.81,20.07,24.34
29165,10.2,11.58,12.5,12.33,12.34,13.45,17.08
29167,15.0,17.62,23.54,24.42,21.04,22.95,25.74
29169,19.3,23.15,27.94,25.03,25.89,36.01,47.39
29171,7.8,8.49,9.63,10.56,10.01,10.89,13.4
29173,8.8,10.38,11.81,12.86,12.09,13.37,15.38
29175,10.6,10.35,10.44,11.01,11.13,13.57,17.64
29177,12.0,11.04,16.19,15.37,14.24,14.34,16.65
29179,17.4,20.62,21.67,25.69,23.14,24.15,26.31
29181,14.5,15.62,19.26,19.18,18.53,16.89,17.12
29183,17.3,17.24,21.54,23.3,28.01,25.04,22.63
29185,7.5,8.14,9.69,10.45,9.71,9.89,11.26
29186,18.8,19.57,21.85,25.24,26.81,27.33,27.89
29187,40.1,32.97,35.48,33.5,34.55,38.22,42.54
29189,18.8,16.79,27.88,29.88,35.35,34.01,33.2
29195,12.6,10.76,13.6,15.14,13.03,13.51,15.72
29197,6.9,7.92,9.18,9.26,9.2,9.28,10.33
29199,7.3,7.99,9.14,9.7,9.29,10.03,11.68
29201,14.4,18.62,20.33,19.69,17.5,19.17,22.12
29203,11.7,13.33,13.94,14.8,13.69,15.31,17.72
29205,11.6,11.38,12.04,13.33,13.58,12.93,13.2
29207,11.7,14.25,14.34,15.75,19.09,15.0,11.93
29209,16.2,16.1,21.93,19.77,20.63,19.73,19.51
29211,9.4,9.68,10.96,12.19,12.53,12.38,13.95
29213,13.6,12.61,17.32,24.17,19.23,18.22,17.78
29215,11.7,13.74,17.11,16.81,15.92,18.49,22.42
29217,12.9,12.42,14.22,17.79,16.77,18.9,22.52
29219,22.1,26.05,23.99,27.47,35.41,28.64,23.08
29221,28.6,29.99,28.0,32.41,31.42,32.36,33.86
29223,27.6,22.53,24.14,24.85,24.69,22.9,22.18
29225,17.1,22.74,18.26,22.77,22.56,25.3,29.43
29227,7.2,7.82,9.1,10.32,9.25,9.67,11.88
29229,8.4,9.8,11.38,13.03,12.07,13.63,16.8
29510,37.3,34.14,56.97,65.26,70.5,76.4,82.88
30001,10.0,11.53,11.83,12.26,12.57,12.25,12.98
30003,10.8,10.68,13.11,12.17,12.01,14.67,18.39
30005,9.2,9.46,11.94,11.54,11.67,12.7,14.76
30007,8.7,9.07,10.06,10.86,10.42,11.26,13.43
30009,11.9,15.2,14.76,15.63,15.8,14.67,14.71
30011,7.2,7.76,8.98,9.61,9.16,9.49,10.83
30013,9.7,13.38,12.49,15.22,13.01,17.63,24.04
30015,9.5,10.52,11.15,11.89,12.01,11.86,13.33
30017,11.9,11.61,13.0,13.87,12.65,12.97,14.36
30019,12.5,12.77,15.47,15.74,15.02,15.47,15.34
30021,8.4,7.85,8.68,9.74,8.99,9.07,9.02
30023,21.9,23.4,27.81,28.35,24.8,27.63,30.48
30025,6.4,6.99,7.97,8.5,8.19,8.44,8.73
30027,9.7,11.11,13.34,14.27,13.08,13.29,15.09
30029,13.1,13.35,16.8,16.61,13.16,14.62,17.6
30031,6.6,7.15,6.73,8.87,8.89,9.56,11.79
30033,6.7,7.38,8.37,9.08,8.62,8.87,10.51
30035,15.9,16.31,16.51,18.22,19.49,20.21,22.98
30037,8.8,9.62,10.92,11.81,11.31,11.61,13.21
30039,10.7,11.66,14.15,14.54,13.56,14.17,14.97
30041,13.4,15.17,15.43,15.58,16.54,16.15,17.21
30043,11.9,12.87,13.77,16.03,16.34,16.37,16.63
30045,8.1,8.99,10.05,10.89,10.33,10.75,13.23
30047,19.5,21.56,20.13,22.56,18.58,22.09,26.42
30049,10.8,14.26,14.25,15.02,12.74,13.87,15.9
30051,8.5,9.3,10.64,11.34,10.95,11.2,13.42
30053,10.9,13.17,14.79,15.77,13.54,16.93,21.68
30055,7.7,8.3,9.56,10.38,9.84,10.08,11.07
30057,10.7,11.04,13.88,13.4,14.3,13.99,14.08
30059,9.2,9.53,10.66,11.63,11.01,11.43,13.59
30061,20.2,20.75,23.12,25.03,22.75,23.15,25.09
30063,13.2,15.07,14.26,13.43,16.17,14.82,14.28
30065,8.5,9.9,11.09,11.46,11.46,11.3,12.95
30067,16.9,17.25,18.15,19.37,20.55,18.34,16.78
30069,7.5,8.2,9.43,10.16,9.7,10.01,11.69
30071,6.2,6.73,7.74,8.25,7.95,8.14,9.35
30073,9.6,10.45,11.38,11.94,12.09,11.99,13.42
30075,8.8,8.96,10.28,11.13,10.51,10.89,12.52
30077,20.7,19.29,21.39,26.44,23.29,25.18,27.25
30079,7.8,8.49,9.78,10.53,10.01,10.42,10.8
30081,10.5,11.82,13.5,14.85,13.98,12.94,11.95
30083,10.7,12.86,13.98,15.83,15.29,15.68,16.05
30085,15.9,15.44,16.4,18.34,18.64,18.26,18.21
30087,7.1,7.63,8.76,9.39,8.99,9.29,10.6
30089,10.8,12.44,13.45,15.15,13.45,14.69,16.54
30091,11.0,11.98,14.54,14.91,14.92,14.6,13.95
30093,20.4,20.86,23.58,19.86,20.84,22.44,24.27
30095,8.4,9.46,9.78,11.04,10.78,10.33,10.47
30097,9.1,10.54,12.63,12.4,12.39,11.95,12.57
30099,11.6,11.37,14.74,14.61,13.04,13.44,15.93
30101,9.5,10.39,13.15,12.87,12.22,13.19,16.29
30103,8.7,9.53,10.94,11.64,11.26,11.52,12.99
30105,7.1,7.31,8.36,8.89,9.06,9.29,10.14
30107,9.4,10.23,11.71,12.57,12.78,13.2,14.92
30109,7.7,8.33,10.18,10.39,9.91,10.17,9.84
30111,13.9,16.91,15.0,16.8,17.77,19.83,24.0
31001,3.9,5.18,5.08,5.76,5.23,5.5,9.31
31003,3.3,3.57,4.16,4.37,4.2,4.39,6.71
31005,5.8,6.3,7.2,7.84,7.46,7.59,10.6
31007,8.2,9.07,10.12,11.18,10.75,10.77,12.37
31009,4.6,5.04,5.76,6.12,5.82,6.03,8.06
31011,3.9,4.49,4.96,5.28,5.0,5.18,7.23
31013,8.9,8.72,10.2,11.07,10.1,10.3,12.51
31015,4.3,4.75,5.29,5.69,5.47,5.65,6.61
31017,4.7,5.1,5.86,6.29,5.95,6.25,7.53
31019,5.7,5.88,6.19,8.29,6.48,7.64,12.76
31021,6.0,6.85,7.45,7.99,7.26,7.48,8.06
31023,3.7,4.31,4.68,5.18,5.01,4.81,6.84
31025,6.3,8.22,7.66,8.16,8.33,9.38,12.22
31027,3.9,4.39,5.15,5.52,4.94,5.33,7.45
31029,4.9,5.33,6.19,6.6,6.32,6.5,9.75
31031,5.1,5.34,6.07,6.53,6.57,6.42,7.79
31033,7.7,9.8,10.27,11.3,9.95,10.16,12.23
31035,3.6,3.99,4.48,4.83,4.77,4.75,8.23
31037,3.6,3.87,5.07,4.94,4.66,4.96,7.16
31039,4.4,5.04,5.5,5.85,5.52,6.06,7.22
31041,4.6,4.94,5.91,6.14,6.51,6.49,9.28
31043,4.5,4.4,5.31,5.51,5.04,5.51,6.52
31045,8.1,9.27,11.18,10.87,10.32,11.08,13.7
31047,4.1,4.2,4.59,5.23,4.66,5.34,9.47
31049,7.0,7.85,8.87,9.45,9.08,9.21,12.12
31051,3.6,3.96,4.56,4.86,4.55,4.82,6.11
31053,5.2,5.15,7.23,7.19,6.21,7.24,9.55
31055,8.9,8.81,8.94,10.77,9.2,10.39,12.73
31057,6.0,6.58,7.5,8.06,7.67,8.38,11.72
31059,4.2,4.79,5.29,5.7,5.28,5.46,8.7
31061,5.7,6.3,7.49,7.7,7.61,7.55,11.52
31063,4.5,4.89,5.62,6.08,5.68,5.83,9.47
31065,5.8,6.29,7.19,9.14,7.6,7.64,11.24
31067,6.1,6.54,7.07,7.15,7.18,7.85,10.74
31069,6.6,7.66,8.2,8.88,8.45,8.71,11.37
31071,5.9,6.47,7.32,8.83,8.18,7.94,10.38
31073,4.2,4.59,5.26,5.82,5.24,5.62,9.56
31075,5.3,5.8,6.64,7.2,6.79,7.0,9.79
31077,4.9,5.33,6.07,6.58,6.33,6.45,9.76
31079,4.3,4.38,5.59,5.71,5.08,5.95,9.85
31081,3.8,3.87,4.38,5.02,4.48,4.65,8.1
31083,5.1,5.86,6.46,6.95,6.43,6.72,10.51
31085,6.0,6.54,7.46,8.14,7.72,7.9,11.46
31087,7.0,7.6,8.82,9.54,9.05,9.23,12.43
31089,3.5,4.54,4.4,4.68,4.44,4.61,6.67
31091,4.9,5.4,6.11,6.62,6.27,6.47,9.2
31093,5.0,5.33,6.21,6.64,6.35,6.62,10.02
31095,5.4,5.28,5.92,6.64,6.05,6.29,9.28
31097,6.8,7.11,7.89,8.57,8.24,8.97,11.82
31099,5.5,5.63,6.44,7.39,6.99,6.97,10.76
31101,6.9,7.47,9.0,9.24,9.37,9.63,12.86
31103,5.2,5.73,6.52,7.01,6.69,6.88,7.9
31105,9.6,11.0,11.91,13.5,12.38,12.65,14.4
31107,3.7,3.98,4.65,4.92,4.65,4.88,6.7
31109,7.7,7.65,7.72,7.84,9.07,9.46,12.3
31111,7.5,6.62,6.63,7.67,8.25,7.82,9.86
31113,4.7,5.04,5.85,6.33,6.01,6.19,8.84
31115,4.7,5.1,5.86,6.34,6.02,6.14,9.14
31117,5.2,5.66,6.45,7.1,6.76,6.89,9.39
31119,4.1,4.17,5.68,5.77,4.93,5.97,8.25
31121,7.3,7.94,8.56,9.11,9.65,9.18,11.7
31123,7.2,7.97,9.07,9.78,9.4,9.99,12.48
31125,5.0,5.3,5.89,6.42,6.19,6.18,8.18
31127,8.2,9.42,9.61,10.79,9.87,10.57,13.89
31129,4.4,4.88,5.46,5.93,5.68,5.96,9.86
31131,5.3,6.53,6.51,7.08,7.07,7.38,9.51
31133,6.3,6.87,7.78,8.53,8.11,8.46,11.31
31135,6.6,7.23,8.2,8.82,8.46,8.7,11.6
31137,5.0,5.44,6.5,7.93,6.57,6.62,10.78
31139,3.7,3.85,4.44,4.7,4.68,4.68,6.36
31141,4.2,4.16,4.92,5.74,6.18,5.37,6.38
31143,4.4,4.81,5.41,5.88,5.6,5.65,8.05
31145,7.3,7.57,8.93,10.19,9.75,9.14,11.83
31147,7.9,8.97,9.77,10.6,10.32,10.49,13.73
31149,4.6,5.02,5.77,6.18,5.86,6.05,8.08
31151,3.9,4.35,5.13,5.33,5.05,5.5,8.49
31153,5.8,5.77,7.35,7.34,8.03,9.1,11.35
31155,4.3,4.68,5.29,5.72,5.37,5.36,7.04
31157,6.5,8.21,8.43,8.94,11.73,9.29,7.99
31159,4.5,5.4,5.65,6.18,6.35,6.29,8.49
31161,5.8,6.39,7.29,8.24,7.54,7.7,9.69
31163,4.3,4.73,5.31,5.76,5.45,5.63,9.64
31165,7.8,8.6,9.7,10.36,10.14,10.22,11.82
31167,4.1,4.45,5.19,5.77,5.31,5.55,7.0
31169,4.2,4.8,5.22,5.99,5.42,5.5,9.24
31171,4.7,5.13,5.78,6.31,6.05,6.15,8.53
31173,5.9,6.11,7.29,7.89,7.1,7.69,9.19
31175,4.9,5.35,6.09,6.58,6.19,6.8,10.31
31177,3.7,3.93,4.58,4.95,4.82,5.23,6.11
31179,3.3,3.59,4.29,4.45,4.19,4.37,5.68
31181,5.1,5.63,7.15,7.01,6.62,7.58,12.35
31183,4.8,4.99,5.61,6.09,5.79,5.98,8.97
31185,5.5,6.34,7.54,9.12,7.3,7.51,10.73
32001,24.9,27.75,27.01,29.5,31.7,29.06,27.3
32003,19.7,21.23,22.47,21.6,22.25,19.63,18.25
32005,20.4,21.09,23.23,22.55,20.26,20.9,23.01
32007,11.5,13.34,13.03,14.84,14.87,12.4,11.6
32009,14.3,15.74,18.05,19.18,18.69,18.59,20.27
32011,13.9,15.2,17.4,18.61,17.75,18.2,19.87
32013,13.3,14.42,17.11,18.23,19.37,20.82,22.43
32015,19.7,21.41,25.44,26.12,26.49,24.22,22.95
32017,15.7,17.16,24.35,21.05,21.03,20.42,22.06
32019,18.2,19.91,21.65,28.32,26.5,29.2,32.59
32021,21.6,26.38,29.94,30.32,30.74,29.85,29.75
32023,27.1,34.61,37.18,38.21,41.44,31.78,24.11
32027,16.7,19.2,20.7,23.31,22.51,20.62,18.83
32029,19.0,24.62,23.61,25.85,24.93,26.23,28.58
32031,19.1,21.72,24.23,27.82,24.32,27.51,31.92
32033,25.6,24.91,29.29,33.05,27.38,30.8,36.98
32510,22.7,35.71,29.16,34.1,31.37,27.84,25.75
33001,20.6,28.8,30.07,36.49,39.73,33.36,25.88
33003,19.0,25.92,28.03,29.83,25.1,25.45,25.04
33005,18.9,16.52,23.99,26.92,34.06,24.99,14.47
33007,25.2,28.09,26.27,29.39,25.08,23.23,21.19
33009,13.9,15.97,16.14,19.92,16.07,18.18,19.32
33011,26.2,37.17,45.37,42.74,38.54,34.09,28.67
33013,24.3,23.47,24.98,25.42,30.39,25.61,19.27
33015,22.2,29.12,32.4,30.48,27.31,26.37,24.44
33017,31.0,30.78,36.33,37.82,34.51,37.37,38.61
33019,14.6,16.97,21.03,16.98,20.15,18.07,14.86
34001,23.2,24.38,36.09,48.53,53.81,54.83,53.08
34003,9.5,10.58,13.31,15.54,17.0,16.35,14.25
34005,16.4,20.2,25.12,36.86,39.3,36.64,32.25
34007,25.8,30.33,37.56,54.11,56.75,56.81,54.51
34009,20.4,25.12,32.92,47.65,47.93,48.69,46.9
34011,19.1,19.58,31.97,46.09,59.71,51.64,41.02
34013,12.3,14.62,23.56,32.2,33.97,37.65,39.85
34015,23.0,26.51,34.3,47.29,52.67,53.91,52.56
34017,8.3,11.73,15.53,19.15,21.05,22.33,21.91
34019,10.4,11.99,15.14,17.92,13.45,12.49,10.07
34021,12.0,15.36,17.09,25.17,30.68,26.16,20.29
34023,13.8,12.61,19.98,25.04,23.39,24.42,23.94
34025,17.0,18.22,24.8,29.54,33.47,28.14,20.78
34027,10.6,10.67,15.57,20.04,18.44,19.52,19.54
34029,22.1,24.43,37.66,36.69,39.07,33.64,25.93
34031,10.5,12.93,17.82,21.7,26.09,25.04,22.82
34033,20.5,27.44,31.0,34.05,54.4,53.9,50.57
34035,9.9,10.47,14.82,18.82,15.06,15.93,15.01
34037,12.0,18.42,24.81,24.81,26.51,29.49,31.91
34039,8.9,11.34,15.38,20.51,23.23,23.37,21.87
34041,15.7,18.99,24.19,30.59,28.79,20.85,11.59
35001,29.4,29.39,28.92,27.55,28.81,35.45,45.31
35003,24.5,25.18,26.72,28.49,29.27,28.2,29.21
35005,17.2,19.83,23.95,31.78,24.34,26.4,30.42
35006,17.7,15.65,24.66,18.13,21.31,20.9,22.61
35007,24.5,25.43,35.26,33.2,33.57,28.53,25.75
35009,15.3,15.23,18.75,17.57,17.88,18.19,19.98
35011,18.0,18.59,21.22,24.01,21.44,22.57,25.49
35013,17.1,18.36,15.37,17.92,17.1,18.66,21.56
35015,26.0,28.63,22.79,27.86,33.13,31.51,31.97
35017,28.4,31.3,31.87,38.58,33.48,31.86,31.19
35019,27.9,31.92,38.48,39.04,33.49,37.96,45.62
35021,15.5,17.03,19.34,20.67,19.89,20.39,23.82
35023,22.8,19.91,24.45,25.41,25.43,24.85,24.22
35025,16.3,17.05,20.06,20.26,20.68,24.1,29.28
35027,31.8,25.03,42.96,33.91,31.67,36.55,43.8
35028,15.4,16.41,19.4,23.25,20.46,21.02,23.43
35029,14.6,15.0,18.11,20.65,22.73,20.41,18.59
35031,13.0,13.09,14.54,13.37,18.03,18.57,19.77
35033,24.2,24.72,28.43,29.72,30.6,29.45,30.4
35035,22.2,21.66,22.2,22.3,22.01,24.87,29.31
35037,21.6,27.36,25.4,26.63,25.56,26.33,29.72
35039,87.9,72.73,78.41,79.46,79.8,71.92,65.71
35041,13.2,14.91,16.24,17.03,15.06,19.28,24.93
35043,22.8,18.36,17.83,20.85,22.57,18.73,17.68
35045,16.8,15.39,17.08,20.11,18.59,22.96,29.16
35047,36.1,33.29,45.18,42.24,39.65,36.37,35.81
35049,29.9,31.48,32.59,27.17,28.09,34.34,43.05
35051,30.4,34.22,34.66,35.01,46.99,38.97,31.91
35053,25.6,24.79,26.71,26.75,31.07,30.37,32.7
35055,26.7,30.74,29.19,29.78,32.11,28.47,26.27
35057,32.6,30.19,33.6,39.98,39.2,35.62,35.74
35059,12.7,13.11,14.78,15.82,15.2,15.64,18.54
35061,27.2,22.24,28.5,37.7,35.51,35.31,39.06
36001,11.7,12.14,11.9,15.25,15.45,16.89,17.21
36003,7.2,7.65,8.9,9.96,10.93,10.08,8.99
36005,10.3,14.64,21.32,24.01,26.45,27.92,27.43
36007,17.3,17.78,31.02,30.68,21.93,22.01,20.89
36009,9.2,14.97,17.98,15.91,13.51,16.39,18.96
36011,12.4,17.15,19.13,22.51,18.84,15.81,12.85
36013,13.3,17.57,22.8,26.02,19.56,21.64,22.54
36015,13.3,15.7,21.53,26.17,21.73,30.29,38.01
36017,10.7,10.56,12.31,12.06,10.57,10.5,9.51
36019,10.8,11.36,12.43,15.75,12.07,9.79,6.47
36021,12.8,13.41,17.62,22.12,17.43,16.5,14.67
36023,10.6,13.9,15.09,18.64,13.79,17.96,21.41
36025,11.3,13.59,18.74,16.65,19.74,15.13,10.26
36027,16.1,20.59,22.34,28.17,29.64,24.65,18.51
36029,15.6,27.71,31.21,29.66,22.89,20.12,17.81
36031,9.3,12.02,13.07,11.69,11.76,10.73,8.65
36033,8.6,11.13,10.01,10.9,11.2,12.1,12.24
36035,8.9,10.44,12.05,12.13,13.27,12.31,10.84
36037,10.0,14.61,19.4,19.61,23.71,20.13,15.87
36039,18.3,18.89,22.23,24.08,24.54,19.34,12.88
36041,7.9,8.12,9.82,9.96,9.33,9.65,9.29
36043,8.0,9.31,12.11,12.02,11.91,11.99,11.51
36045,12.4,12.27,18.09,17.57,12.78,14.76,17.2
36047,8.6,9.72,13.31,14.44,12.54,13.2,11.71
36049,10.5,10.2,13.52,20.09,14.68,15.64,16.71
36051,8.0,9.68,12.97,13.94,18.84,14.74,10.38
36053,12.6,11.76,15.91,12.32,13.84,13.14,11.57
36055,14.5,13.81,17.15,25.05,28.79,28.59,27.98
36057,9.1,11.56,13.59,13.4,14.75,11.44,7.64
36059,12.5,14.5,16.02,16.97,13.98,14.84,13.96
36061,10.4,11.31,16.3,16.89,17.52,19.3,19.4
36063,15.9,22.13,22.8,21.72,21.55,21.48,21.36
36065,15.4,15.61,21.92,22.5,18.45,21.03,23.41
36067,16.0,19.46,28.71,21.61,20.85,25.66,29.96
36069,11.0,10.69,14.69,16.74,17.01,16.65,15.97
36071,17.5,18.58,20.99,24.33,29.25,22.93,15.67
36073,7.9,8.19,10.17,9.08,11.36,12.33,13.01
36075,14.5,17.81,20.14,19.51,17.1,24.31,31.36
36077,11.6,12.48,16.49,14.84,14.14,13.26,12.42
36079,14.4,16.37,19.67,25.93,22.08,17.3,11.04
36081,6.7,7.6,11.49,12.4,11.63,12.0,10.36
36083,7.7,10.85,9.9,12.45,13.08,14.29,14.07
36085,17.9,18.42,25.67,25.83,25.73,25.19,22.85
36087,7.3,10.33,12.76,13.07,12.28,14.19,14.76
36089,9.2,10.15,12.51,12.79,9.67,7.69,5.43
36091,9.2,9.25,8.05,9.0,10.94,8.74,5.36
36093,8.0,10.49,16.46,20.58,17.35,17.17,15.8
36095,6.6,8.11,10.28,10.26,10.3,9.63,8.49
36097,7.5,9.47,9.92,10.87,10.06,11.85,13.41
36099,9.9,11.89,11.79,11.99,13.85,12.46,11.12
36101,10.9,9.57,14.42,14.87,12.41,13.17,13.7
36103,17.2,18.66,24.88,30.98,26.7,22.47,16.79
36105,25.5,26.27,27.34,36.15,39.09,38.73,38.16
36107,15.6,13.39,15.73,16.45,13.65,14.42,14.06
36109,12.1,12.49,16.58,17.87,14.41,16.62,18.13
36111,13.1,17.15,27.27,28.18,31.47,22.08,12.21
36113,8.2,8.78,10.17,10.4,10.11,10.73,10.62
36115,6.7,6.57,7.82,9.7,9.68,9.02,7.36
36117,8.1,9.04,11.25,11.43,16.08,13.46,10.96
36119,9.6,11.62,14.64,14.92,15.97,12.77,7.81
36121,7.2,9.5,11.91,13.97,12.07,13.45,14.2
36123,8.0,9.02,10.39,13.15,11.0,11.25,11.38
37001,13.8,12.86,14.48,24.15,22.29,20.36,18.88
37003,19.7,26.58,25.1,22.74,21.16,18.58,16.81
37005,16.9,18.9,20.7,22.56,19.61,20.23,22.48
37007,11.6,13.4,14.34,16.22,17.33,16.8,17.21
37009,17.4,17.96,20.35,20.37,19.79,20.52,22.02
37011,16.6,20.96,24.12,21.68,23.25,21.34,20.98
37013,16.0,18.25,20.78,30.64,25.98,24.39,20.69
37015,9.1,10.95,14.3,15.24,13.2,14.06,12.52
37017,21.9,18.94,19.47,22.28,24.45,23.22,22.91
37019,20.5,25.63,31.66,36.49,25.35,25.03,25.58
37021,16.5,17.35,23.08,37.97,35.67,37.03,39.35
37023,29.9,36.79,33.2,32.44,27.04,32.9,39.65
37025,14.8,16.75,20.64,30.18,25.39,20.1,15.31
37027,21.5,30.64,30.68,25.95,24.86,24.73,25.23
37029,13.5,17.84,18.28,21.06,18.46,19.93,19.78
37031,25.8,28.49,29.78,30.6,32.37,30.27,27.92
37033,12.6,13.94,16.79,21.54,20.08,18.06,16.78
37035,19.6,19.63,24.95,25.62,21.01,20.74,21.93
37037,10.5,9.08,9.54,13.84,14.04,13.9,13.98
37039,25.5,26.15,31.82,34.26,32.15,37.19,43.66
37041,10.9,13.84,15.0,18.16,15.04,18.25,19.48
37043,24.1,22.76,29.51,30.86,28.02,31.42,35.87
37045,17.0,24.49,21.31,17.92,17.13,19.29,22.7
37047,19.5,18.44,26.91,25.22,22.13,20.72,19.87
37049,19.1,25.55,30.9,35.34,30.82,36.35,40.74
37051,13.6,15.68,18.27,28.68,25.49,26.95,28.33
37053,15.0,17.74,20.34,24.65,21.92,20.6,17.71
37055,24.9,22.63,23.4,34.55,35.28,36.02,35.84
37057,20.2,19.21,25.28,31.83,27.43,28.1,29.25
37059,16.8,16.34,28.02,24.11,21.39,19.84,18.99
37061,9.4,10.24,10.18,10.79,11.47,12.45,13.67
37063,9.3,9.5,11.41,15.29,15.82,13.36,10.84
37065,14.6,15.74,19.97,20.16,20.82,25.14,27.37
37067,15.9,18.2,21.89,23.1,25.33,24.54,24.61
37069,12.4,14.2,17.87,18.57,23.64,22.75,21.18
37071,21.8,22.15,30.02,26.74,22.7,19.45,17.52
37073,11.5,14.66,16.63,17.98,15.64,16.9,15.69
37075,21.2,26.65,28.13,29.8,26.79,29.03,32.11
37077,13.3,12.47,16.17,18.39,15.4,15.85,16.11
37079,11.3,11.17,13.04,14.38,13.22,15.17,16.63
37081,10.9,12.84,18.16,22.75,21.85,22.84,24.48
37083,14.3,18.16,19.08,16.22,21.55,23.2,23.16
37085,13.0,14.29,15.45,23.24,20.27,25.64,31.18
37087,18.6,22.69,25.28,31.13,31.15,35.61,41.81
37089,15.3,19.37,18.9,27.9,20.62,20.39,20.72
37091,9.3,10.31,12.6,14.18,14.21,16.15,15.89
37093,11.9,11.83,13.17,15.25,15.72,18.14,20.97
37095,15.9,17.18,21.78,25.52,21.84,26.13,29.1
37097,16.0,16.13,22.07,22.72,18.29,15.85,14.31
37099,18.4,19.87,29.71,30.76,31.11,27.15,24.63
37101,10.5,14.11,13.3,17.84,14.63,18.12,20.71
37103,15.9,19.38,24.22,27.76,21.76,24.48,26.27
37105,14.2,17.13,18.33,26.95,21.79,26.78,31.96
37107,11.3,14.99,14.6,22.75,14.91,20.73,26.25
37109,15.2,15.58,22.75,18.49,21.21,18.99,17.73
37111,17.2,20.98,30.91,30.77,24.31,27.98,32.55
37113,18.0,22.27,24.54,27.29,23.33,24.67,26.99
37115,17.0,20.24,18.67,21.61,18.1,23.15,29.36
37117,13.6,15.22,16.02,21.14,21.87,21.47,19.09
37119,10.7,10.92,15.74,18.36,17.84,16.65,15.62
37121,24.3,29.63,30.02,29.5,30.6,28.93,28.78
37123,10.0,12.82,12.1,17.64,15.89,15.13,15.52
37125,13.8,14.71,16.42,18.19,12.94,18.84,25.59
37127,12.0,15.2,21.15,17.6,22.93,18.89,13.47
37129,20.2,24.58,30.45,35.89,34.19,28.54,23.93
37131,9.6,10.58,11.76,13.49,14.59,13.06,9.21
37133,12.2,12.99,19.97,19.13,21.8,18.65,15.53
37135,8.4,9.21,12.08,12.67,15.01,11.59,8.4
37137,23.9,26.0,26.51,33.23,30.92,34.83,37.49
37139,13.0,15.06,17.73,20.8,20.54,25.88,29.47
37141,13.6,21.65,25.91,24.61,22.68,20.61,18.92
37143,13.3,16.05,16.75,17.09,16.44,18.53,19.0
37145,13.1,15.14,15.22,19.12,25.74,20.87,16.54
37147,15.4,12.82,15.64,25.09,19.8,23.65,25.4
37149,17.2,20.1,23.27,27.93,24.42,25.49,27.42
37151,16.6,23.06,25.61,35.33,30.55,35.29,40.93
37153,23.2,26.19,22.12,23.81,21.81,22.79,24.93
37155,16.8,15.11,16.72,19.31,20.91,36.95,53.38
37157,15.3,18.26,26.07,27.93,30.36,30.96,32.64
37159,23.2,26.36,31.17,45.29,32.98,32.92,33.56
37161,20.9,29.68,28.21,31.27,27.14,24.47,23.18
37163,21.1,16.79,19.66,19.57,21.39,18.7,15.91
37165,16.4,18.87,18.44,18.17,17.98,19.2,21.02
37167,16.5,21.89,20.96,30.48,32.49,28.98,26.42
37169,19.0,25.15,31.0,37.23,33.65,26.74,20.85
37171,20.8,20.37,23.67,28.09,32.77,27.12,22.52
37173,23.6,26.82,28.86,37.12,35.55,40.09,46.41
37175,18.7,20.06,24.21,26.57,20.93,23.83,27.91
37177,14.7,15.11,18.91,19.04,18.45,20.59,20.93
37179,9.9,11.24,11.98,14.53,14.37,13.12,12.62
37181,15.6,17.76,19.79,25.77,22.82,24.13,24.98
37183,8.3,8.95,11.89,14.14,12.39,11.48,10.32
37185,8.7,9.72,11.32,11.15,12.3,11.38,9.43
37187,9.2,10.19,12.2,12.8,11.51,13.4,13.2
37189,11.2,14.23,14.5,12.86,13.46,13.82,15.53
37191,10.3,11.93,15.74,17.98,19.16,24.32,29.46
37193,39.3,38.48,41.86,34.83,33.94,32.31,31.48
37195,10.3,11.93,15.59,16.53,15.33,19.81,23.33
37197,26.3,21.43,23.69,25.4,30.63,24.3,18.78
37199,29.2,28.14,28.9,29.37,29.61,26.44,24.73
38001,5.1,5.59,6.3,6.74,6.47,6.71,6.39
38003,5.0,5.22,6.01,6.33,6.72,6.33,5.07
38005,11.7,13.31,14.35,16.24,15.75,16.21,15.13
38007,6.5,7.21,8.14,8.67,8.3,8.69,8.33
38009,5.4,5.94,7.52,7.26,6.94,7.13,6.73
38011,5.5,5.99,6.81,7.31,7.03,7.24,7.22
38013,5.5,6.02,6.9,7.45,7.03,7.3,7.3
38015,4.8,6.62,7.56,7.92,6.93,7.13,6.39
38017,6.5,6.24,10.29,8.6,9.19,8.79,8.01
38019,5.6,6.18,6.9,7.51,7.1,7.27,6.91
38021,3.7,4.1,4.84,5.07,4.74,4.96,3.94
38023,7.0,7.6,8.72,9.43,8.89,9.19,8.59
38025,6.2,7.2,8.28,8.43,8.05,8.23,7.78
38027,4.5,4.97,5.59,6.06,5.7,5.93,5.02
38029,7.1,7.1,8.21,8.54,8.42,8.41,7.0
38031,3.4,3.73,4.26,4.63,4.45,4.55,3.86
38033,6.4,7.0,8.58,8.7,8.29,8.52,8.29
38035,7.7,7.61,9.27,9.14,9.11,8.46,7.32
38037,5.2,5.74,6.53,7.07,6.74,6.95,6.84
38039,4.0,4.31,5.07,5.28,5.06,5.29,4.8
38041,4.8,5.34,6.09,6.49,6.18,6.46,6.29
38043,4.2,4.61,5.23,5.67,5.35,5.6,4.95
38045,3.7,4.01,4.64,4.96,4.68,4.93,3.97
38047,3.9,4.19,4.78,5.24,5.02,5.07,4.34
38049,4.4,4.83,5.44,6.27,5.78,6.07,5.45
38051,4.5,4.62,5.23,5.55,5.37,5.5,4.15
38053,11.2,12.74,11.65,12.39,14.14,13.35,12.36
38055,5.7,7.01,7.46,8.53,7.36,7.99,8.17
38057,5.4,5.95,6.34,6.75,6.81,6.72,5.91
38059,5.8,6.16,7.74,7.94,8.21,8.67,8.17
38061,8.3,10.61,10.26,12.9,11.3,10.37,8.8
38063,5.3,5.79,7.03,7.24,6.83,7.41,6.99
38065,5.1,5.55,6.28,6.78,6.53,6.67,5.92
38067,6.3,6.9,7.83,7.99,7.9,8.28,8.41
38069,5.0,5.54,6.67,6.88,6.5,6.73,5.7
38071,6.4,7.38,7.64,8.54,8.5,8.89,7.94
38073,5.1,5.53,6.68,6.8,6.55,7.86,9.0
38075,5.1,5.67,6.72,6.9,6.58,6.98,6.72
38077,5.6,7.45,7.47,7.78,7.18,7.41,7.61
38079,7.2,8.81,9.49,10.11,9.67,9.95,9.11
38081,4.3,4.72,5.64,5.77,5.5,5.76,5.9
38083,4.5,5.03,5.66,6.16,5.87,5.97,5.58
38085,9.1,11.05,11.45,13.61,11.85,13.44,13.93
38087,5.8,6.32,7.22,7.73,7.39,7.71,7.72
38089,7.7,9.2,11.38,11.16,10.8,13.07,14.73
38091,5.4,5.93,6.8,7.27,7.05,7.17,6.44
38093,4.1,4.62,5.04,6.03,5.25,5.63,4.92
38095,6.9,7.51,8.56,9.7,8.88,9.17,7.58
38097,5.7,6.2,7.6,8.08,7.37,7.58,7.03
38099,5.2,5.63,6.87,7.75,7.19,6.92,6.77
38101,4.8,5.59,5.56,6.44,6.95,11.91,16.29
38103,4.0,4.38,4.99,5.31,5.03,5.16,4.88
38105,8.9,9.99,10.98,14.29,11.68,12.38,13.47
39001,33.3,39.86,41.08,50.31,40.72,43.88,47.69
39003,13.0,16.47,22.87,30.67,17.39,15.9,14.43
39005,12.1,13.2,18.88,16.59,14.41,14.33,14.83
39007,26.7,24.62,38.01,39.76,31.73,33.78,35.09
39009,14.1,14.64,17.55,16.98,18.25,16.66,16.01
39011,8.1,11.42,11.65,11.74,7.57,10.68,13.66
39013,19.1,21.85,26.01,27.88,25.82,25.26,24.7
39015,36.4,48.4,44.58,58.02,51.58,41.22,31.29
39017,41.0,49.64,56.04,67.74,47.82,45.63,43.78
39019,13.5,14.76,16.02,19.38,17.44,19.32,20.96
39021,22.8,21.73,27.73,35.15,25.45,24.5,22.79
39023,29.0,46.92,53.59,64.53,50.32,44.64,38.51
39025,38.6,47.78,48.67,49.03,36.96,39.16,41.79
39027,30.7,40.73,35.88,57.15,38.05,42.24,46.8
39029,19.7,26.69,35.78,42.13,31.29,38.99,46.38
39031,10.5,11.94,14.26,16.17,16.37,16.01,15.72
39033,21.5,24.9,25.61,35.28,29.77,28.62,28.65
39035,22.5,23.86,43.83,47.65,37.58,39.77,41.45
39037,21.4,25.44,33.29,43.56,29.92,24.77,19.79
39039,13.3,15.37,15.41,13.42,16.41,16.72,16.4
39041,7.8,9.66,9.4,14.83,13.99,14.19,14.93
39043,20.9,25.74,39.09,38.8,31.5,25.8,20.42
39045,12.1,13.36,17.51,26.84,20.72,19.69,18.96
39047,32.3,38.49,32.21,60.21,33.86,35.96,38.64
39049,18.7,23.88,26.41,34.32,36.21,41.66,47.1
39051,12.0,13.74,18.0,14.05,16.79,14.8,11.77
39053,25.8,30.46,36.99,49.39,46.2,52.48,59.37
39055,13.1,14.55,23.0,22.6,14.53,20.26,25.25
39057,23.8,27.54,29.81,41.21,26.32,24.86,23.42
39059,20.5,22.75,26.94,26.47,24.13,25.93,27.97
39061,31.5,42.7,41.92,54.24,44.53,44.35,44.6
39063,15.3,17.86,21.9,32.31,27.6,22.14,16.62
39065,14.6,20.15,24.11,26.71,22.08,25.99,30.05
39067,14.0,15.77,15.51,21.19,18.7,15.99,13.1
39069,10.5,14.37,15.11,14.17,18.69,16.12,12.75
39071,26.6,30.31,35.01,50.15,27.46,32.36,37.42
39073,18.0,17.96,22.63,25.35,30.31,24.02,18.25
39075,4.8,5.49,8.24,8.19,7.37,6.71,6.24
39077,25.0,21.39,28.78,39.47,29.36,33.84,38.79
39079,30.0,29.45,30.08,34.27,37.38,34.62,32.8
39081,29.9,27.34,28.09,37.48,36.67,37.77,38.36
39083,14.4,16.33,18.72,21.51,17.42,18.08,19.07
39085,23.8,23.1,40.14,40.99,31.86,33.47,34.81
39087,19.8,33.47,41.78,50.47,44.18,38.76,34.49
39089,17.6,20.34,15.92,23.69,23.81,25.06,26.48
39091,15.4,19.75,27.09,30.16,23.96,25.73,27.08
39093,23.7,23.31,44.25,42.6,32.85,34.39,36.11
39095,27.1,29.1,36.66,37.28,38.75,50.57,62.27
39097,17.8,19.6,29.4,34.66,21.17,30.99,40.63
39099,22.6,27.67,37.28,47.53,41.07,44.84,48.34
39101,33.4,31.84,36.07,42.4,39.77,41.45,44.15
39103,11.2,17.14,24.71,23.0,17.53,15.25,12.57
39105,21.0,22.01,29.75,27.17,38.26,33.3,29.05
39107,9.1,9.11,11.35,14.6,9.26,9.56,9.64
39109,19.2,19.31,32.25,38.52,24.71,23.22,21.57
39111,13.8,13.3,14.47,15.98,17.89,15.33,12.66
39113,49.1,49.7,59.68,91.13,57.91,52.32,46.67
39115,14.9,13.62,17.94,16.35,18.86,16.27,14.13
39117,19.6,18.11,21.23,27.59,22.75,28.69,35.73
39119,11.9,16.19,15.86,21.92,31.18,32.2,33.16
39121,11.7,16.09,16.87,16.23,18.18,15.51,12.95
39123,12.8,15.16,25.14,21.8,22.51,21.58,20.7
39125,8.9,8.52,9.35,10.6,11.57,11.22,10.54
39127,14.0,18.21,17.78,19.73,24.71,23.25,21.71
39129,18.0,20.02,20.26,27.03,28.08,30.88,33.59
39131,25.2,36.2,33.34,49.58,46.05,45.51,45.83
39133,18.2,21.3,28.06,23.61,17.16,20.85,24.35
39135,24.3,30.37,42.09,56.86,33.52,33.7,34.02
39137,7.4,9.2,10.1,10.96,8.76,8.2,7.42
39139,24.4,27.88,47.03,41.07,38.67,40.95,44.15
39141,35.9,44.21,49.12,42.48,45.35,47.26,49.86
39143,18.6,19.19,27.6,29.73,25.21,25.04,24.94
39145,32.9,40.11,45.93,63.57,61.13,88.81,117.76
39147,15.9,16.99,15.79,24.49,20.35,19.09,18.16
39149,16.5,18.36,25.63,33.02,22.41,26.65,30.39
39151,18.2,20.16,27.74,26.66,20.67,27.19,33.24
39153,23.1,32.12,52.79,45.96,28.05,36.61,44.61
39155,29.4,41.78,54.13,63.34,45.49,49.71,53.79
39157,10.3,11.34,14.42,18.51,13.97,14.95,16.25
39159,13.1,13.57,16.19,18.92,15.47,19.84,23.95
39161,12.9,12.62,17.81,19.94,16.56,17.66,18.75
39163,27.9,28.65,31.66,32.2,37.43,32.05,27.69
39165,18.8,21.13,25.36,36.46,18.42,19.98,21.82
39167,16.7,16.1,27.78,21.83,21.15,19.2,17.53
39169,11.8,16.47,25.7,19.46,15.14,16.33,17.13
39171,9.5,10.36,15.98,14.56,16.41,14.29,12.05
39173,11.7,14.9,16.14,14.61,13.53,17.2,20.69
39175,9.6,11.59,14.91,16.25,15.59,13.84,12.97
40001,18.1,18.06,23.45,26.52,22.85,22.14,22.26
40003,10.6,11.55,13.9,14.14,14.07,14.03,16.45
40005,17.5,20.21,25.12,22.98,20.55,20.04,20.68
40007,9.5,9.74,10.43,12.55,10.87,11.04,14.78
40009,16.2,18.94,24.17,25.43,26.52,23.29,21.92
40011,14.6,19.3,21.23,20.75,21.51,20.09,20.46
40013,16.6,20.87,27.37,23.67,24.66,23.79,24.45
40015,20.2,18.75,28.11,26.31,24.5,24.57,26.06
40017,12.9,12.21,13.69,13.06,14.55,12.39,12.06
40019,30.1,29.69,28.76,32.11,30.23,26.32,23.96
40021,26.0,23.66,28.83,24.54,28.63,24.86,22.16
40023,19.0,22.64,26.12,21.95,26.47,25.41,24.91
40025,12.0,12.31,14.0,15.05,14.53,14.79,17.24
40027,14.8,17.85,17.64,14.98,16.88,14.59,13.59
40029,21.7,26.07,28.66,34.58,29.77,30.05,31.25
40031,20.3,13.84,17.26,15.5,15.22,15.5,17.69
40033,16.0,16.79,20.66,21.1,22.5,23.39,26.13
40035,16.4,21.42,21.24,24.7,21.76,20.21,20.15
40037,26.6,22.15,25.11,24.91,23.31,26.71,31.97
40039,11.3,12.7,12.66,14.4,13.22,12.21,13.15
40041,21.2,16.59,21.49,19.65,18.85,17.33,16.79
40043,10.0,10.44,13.01,13.4,11.93,12.18,14.91
40045,10.4,10.62,12.83,13.12,12.37,14.18,19.18
40047,13.5,12.01,13.21,15.16,14.65,15.38,17.95
40049,20.8,30.05,33.55,34.32,30.17,32.07,35.37
40051,20.3,19.28,23.24,21.62,24.67,22.18,21.5
40053,9.3,10.67,11.78,13.3,11.93,12.33,14.5
40055,17.3,19.88,21.38,24.32,20.83,21.33,23.54
40057,14.3,15.65,17.56,20.13,20.32,19.17,20.73
40059,7.9,8.68,9.89,10.58,10.05,10.44,14.21
40061,20.1,19.36,21.12,24.26,22.18,22.53,23.58
40063,15.6,15.18,16.32,24.1,17.8,18.59,20.17
40065,15.0,17.57,18.04,20.95,17.67,22.11,28.33
40067,24.7,25.23,31.15,33.93,31.44,30.13,30.84
40069,30.7,31.52,41.34,36.23,34.1,39.03,45.31
40071,12.4,14.07,17.11,20.56,15.25,15.95,18.14
40073,9.3,11.15,12.09,15.0,14.48,12.87,12.9
40075,17.2,18.45,20.01,24.81,19.8,20.94,23.94
40077,18.4,22.8,25.4,32.25,25.3,25.0,25.24
40079,22.0,22.61,27.64,27.09,26.13,21.27,17.52
40081,18.2,21.05,23.94,20.85,23.2,19.62,17.04
40083,10.7,12.92,12.84,15.84,11.74,12.48,14.55
40085,22.0,23.27,28.69,28.7,29.97,30.33,32.81
40087,18.5,21.99,19.68,21.91,18.45,19.24,21.38
40089,17.7,18.29,27.12,26.92,23.49,22.73,22.12
40091,28.3,25.04,26.52,32.55,27.62,26.4,25.74
40093,8.1,9.01,10.15,12.65,10.55,10.55,12.61
40095,14.5,14.19,17.96,18.23,17.11,16.01,16.34
40097,22.2,26.6,24.3,27.12,26.04,25.94,27.33
40099,32.7,32.4,33.66,33.48,32.21,29.09,26.98
40101,34.8,29.15,32.61,25.69,31.16,26.89,24.03
40103,15.6,16.16,17.11,18.2,20.05,18.26,16.97
40105,11.9,14.17,15.28,17.55,15.78,17.14,19.7
40107,21.9,20.36,21.65,25.0,22.01,23.23,25.22
40109,20.8,19.57,21.44,21.7,18.18,18.51,20.32
40111,19.1,20.34,25.29,27.48,22.32,23.09,24.74
40113,14.8,16.56,18.42,27.22,20.51,21.06,22.61
40115,18.1,20.94,22.01,24.29,20.41,19.6,20.02
40117,25.0,32.91,30.58,31.84,35.5,33.14,32.15
40119,9.4,10.95,13.23,10.58,11.04,10.22,10.21
40121,28.0,22.87,24.75,26.48,27.05,26.68,26.77
40123,19.1,22.86,24.31,22.21,25.5,25.7,27.04
40125,17.5,23.9,26.04,23.41,27.46,21.5,16.99
40127,19.8,26.13,37.49,29.69,27.71,26.58,26.3
40129,8.5,9.4,11.51,11.57,11.02,10.99,13.52
40131,13.7,14.34,13.86,14.86,13.94,13.33,14.19
40133,22.0,22.79,26.56,26.52,30.71,27.58,25.61
40135,29.3,25.48,33.39,31.32,27.93,27.16,26.73
40137,23.7,23.96,23.15,22.75,21.12,20.77,22.24
40139,14.0,12.98,13.05,13.73,16.78,14.05,14.25
40141,16.0,17.13,17.57,18.78,18.73,18.75,20.99
40143,19.1,17.93,20.44,21.72,19.9,20.5,23.06
40145,23.3,21.47,19.58,23.5,20.15,19.82,21.19
40147,18.0,15.2,17.98,20.14,17.23,18.78,21.83
40149,21.1,20.73,20.89,24.28,22.25,21.63,22.45
40151,11.2,14.3,17.4,15.99,14.39,14.6,17.65
40153,12.7,13.71,15.49,17.08,15.12,14.78,17.42
41001,15.0,15.37,17.1,18.25,17.57,17.12,17.2
41003,7.5,7.58,8.89,7.7,6.7,9.48,11.48
41005,11.6,10.14,10.79,10.11,9.69,10.59,11.83
41007,16.7,19.31,23.39,19.44,24.95,23.32,22.11
41009,12.3,11.87,15.09,15.23,16.99,13.97,12.08
41011,12.1,13.95,14.85,14.71,13.99,18.61,22.96
41013,10.3,15.56,14.3,13.83,13.85,14.87,16.72
41015,17.0,22.94,18.55,24.45,18.02,20.28,22.91
41017,11.0,9.8,13.23,11.99,9.92,9.69,9.89
41019,12.9,16.49,14.1,14.62,15.29,17.92,21.17
41021,7.3,8.06,9.14,9.82,9.42,9.74,10.17
41023,10.1,13.15,13.4,13.53,12.93,13.17,14.4
41025,12.4,13.5,16.13,15.6,14.84,15.19,16.44
41027,6.9,7.39,8.69,10.19,9.09,10.1,11.9
41029,15.7,16.21,15.27,15.02,20.61,17.23,14.6
41031,7.4,7.26,8.43,9.43,8.67,8.46,8.9
41033,17.0,17.39,12.73,20.34,19.62,22.38,25.52
41035,14.4,15.09,13.13,17.14,17.12,21.65,27.15
41037,20.0,17.3,19.36,19.66,18.6,19.39,19.94
41039,17.4,17.56,19.47,19.93,18.84,19.99,20.51
41041,24.0,18.31,18.35,21.11,17.79,23.8,29.24
41043,19.4,14.34,14.55,13.08,13.77,14.69,15.31
41045,9.7,11.01,11.62,11.26,12.34,13.34,15.3
41047,8.3,9.46,12.1,13.1,10.51,11.34,12.07
41049,7.1,7.48,7.7,8.31,8.35,8.59,8.91
41051,16.0,16.08,16.4,19.05,20.37,23.75,27.67
41053,10.1,8.19,10.3,9.94,9.65,10.43,11.29
41055,9.0,9.72,11.19,12.14,11.54,11.95,13.26
41057,16.5,20.94,18.91,20.33,19.89,16.93,13.95
41059,8.7,9.9,10.2,11.26,10.26,10.05,10.6
41061,13.8,14.1,14.84,16.55,15.82,15.44,16.44
41063,7.4,8.05,9.25,10.62,9.41,9.69,10.6
41065,9.9,9.74,11.4,13.07,12.67,12.78,13.43
41067,8.7,8.6,9.68,8.8,8.61,9.74,11.42
41069,8.6,9.53,10.68,11.54,11.08,11.41,12.37
41071,10.2,11.34,10.25,13.49,10.4,11.11,12.11
42001,10.3,10.6,19.45,17.21,18.54,12.51,4.56
42003,25.7,33.72,51.78,59.76,38.68,42.67,45.93
42005,24.8,34.25,54.89,48.01,37.72,34.59,30.63
42007,23.9,23.77,55.75,52.02,31.8,36.97,41.89
42009,16.7,17.77,22.48,30.47,25.84,20.93,14.18
42011,16.0,13.73,23.46,26.61,22.53,27.86,31.13
42013,17.1,26.17,31.57,34.47,22.04,23.25,22.13
42015,13.2,16.06,18.2,23.42,18.57,20.23,20.97
42017,22.9,23.66,31.63,42.55,39.56,35.04,28.95
42019,20.5,26.5,41.27,45.85,24.8,32.44,39.66
42021,30.0,38.79,64.44,60.69,45.57,45.61,44.57
42023,11.3,13.44,14.28,15.13,14.56,14.37,13.28
42025,24.9,26.12,32.41,36.43,42.57,41.38,38.51
42027,7.9,8.62,10.7,10.4,10.4,8.27,4.54
42029,14.0,17.37,22.81,30.93,26.62,24.0,19.0
42031,13.1,14.47,16.84,17.42,19.68,18.71,16.48
42033,15.2,17.22,18.17,17.67,23.92,19.79,14.1
42035,12.1,13.05,20.61,14.85,13.31,13.72,12.82
42037,14.5,16.71,21.24,21.02,23.57,23.7,22.28
42039,19.9,27.64,37.48,27.38,28.85,24.96,19.94
42041,11.6,14.5,22.17,29.21,21.1,16.17,8.94
42043,18.4,20.34,26.86,30.57,35.39,31.36,24.8
42045,28.1,33.61,41.25,49.79,40.54,37.98,33.46
42047,20.2,15.94,18.42,24.0,22.79,20.91,17.52
42049,19.9,21.73,29.25,37.55,27.18,25.56,23.35
42051,28.7,33.97,51.46,57.66,39.6,35.18,29.22
42053,11.4,13.8,14.14,15.03,14.69,16.49,17.02
42055,14.0,14.21,21.37,17.55,17.34,13.73,8.3
42057,18.7,23.22,33.42,23.43,22.58,22.1,19.75
42059,26.2,30.09,45.94,32.69,28.0,30.09,31.08
42061,13.5,15.48,19.75,21.94,17.49,18.83,18.37
42063,17.9,31.93,46.24,42.55,30.96,34.97,37.71
42065,18.6,21.61,21.66,22.43,23.53,24.0,23.04
42067,10.4,9.46,12.96,12.23,11.17,11.82,10.3
42069,19.8,27.61,34.45,38.77,42.42,34.01,24.69
42071,13.0,14.6,21.08,29.8,22.46,20.03,15.62
42073,24.7,34.2,43.58,55.51,41.89,38.18,33.98
42075,11.3,15.82,13.74,14.47,13.18,16.38,17.63
42077,18.2,19.94,26.49,31.42,27.47,23.29,17.06
42079,21.1,27.7,38.35,42.45,44.73,43.67,41.39
42081,12.4,15.73,21.97,23.88,18.89,25.6,30.89
42083,14.1,18.35,19.2,17.98,20.46,16.2,11.11
42085,25.1,21.3,28.46,34.39,40.91,37.34,33.24
42087,14.0,14.78,20.46,22.43,22.67,18.11,11.25
42089,17.0,23.97,21.69,23.77,22.33,22.89,22.09
42091,18.3,19.46,28.96,28.79,24.55,26.24,26.4
42093,18.4,19.15,26.87,29.26,25.03,27.94,29.34
42095,13.5,23.74,27.55,36.8,29.72,25.38,19.24
42097,16.7,18.04,28.15,28.83,26.43,37.45,46.91
42099,16.4,16.23,21.46,27.83,21.88,22.28,19.97
42101,33.0,36.27,46.35,63.54,59.95,62.06,61.76
42103,18.6,23.58,26.97,33.96,32.48,28.72,24.25
42105,10.7,12.85,16.89,17.44,15.26,14.54,12.89
42107,19.3,22.11,37.67,27.83,34.96,37.31,37.04
42109,7.5,9.18,12.54,11.83,12.02,13.83,13.79
42111,21.1,24.64,33.04,37.18,21.87,23.04,22.22
42113,13.4,14.23,16.81,18.22,16.04,18.4,19.88
42115,25.9,22.19,26.05,25.4,25.02,18.7,11.15
42117,9.3,10.58,13.73,19.12,14.12,15.22,15.42
42119,7.1,8.45,10.17,9.26,8.27,10.86,12.01
42121,19.5,21.64,24.61,22.06,22.97,20.97,18.29
42123,10.5,12.63,13.37,13.9,10.74,15.1,18.43
42125,19.8,30.61,48.03,48.34,36.66,37.89,38.08
42127,23.5,26.67,28.9,30.29,30.32,31.92,33.0
42129,27.8,36.88,56.08,56.91,38.03,36.88,34.78
42131,20.3,27.52,29.48,34.81,39.64,37.75,34.75
42133,25.9,22.57,24.33,30.07,30.07,26.02,19.85
44001,20.3,20.08,23.39,22.31,22.31,22.22,22.15
44003,23.7,28.32,32.64,28.91,33.75,29.95,25.91
44005,14.0,14.22,24.75,27.89,23.96,20.82,18.0
44007,24.2,32.25,33.52,33.06,32.17,32.42,32.55
44009,21.5,20.47,20.96,20.81,19.44,20.79,22.0
45001,9.5,11.03,13.21,17.97,15.57,13.21,12.28
45003,18.2,20.57,21.13,26.0,23.82,21.3,19.42
45005,5.6,6.21,7.03,8.08,7.6,7.55,7.93
45007,19.1,20.98,19.89,19.92,19.5,20.54,22.7
45009,9.4,10.36,10.94,12.34,11.45,12.69,15.02
45011,11.8,12.8,13.56,16.74,16.3,15.34,15.48
45013,8.7,8.96,9.98,15.04,12.9,15.21,18.05
45015,13.3,14.19,19.33,19.33,21.58,19.92,19.04
45017,7.2,8.13,8.85,9.53,10.44,10.63,11.41
45019,15.1,17.81,18.48,21.07,21.28,21.22,22.55
45021,11.5,13.52,12.85,13.35,14.37,16.65,20.14
45023,11.1,11.06,11.05,17.41,14.56,15.82,18.1
45025,12.7,12.55,13.95,15.8,14.67,16.68,19.52
45027,8.9,9.75,10.82,11.37,12.04,12.79,14.35
45029,15.2,19.19,18.66,21.18,21.64,21.15,21.91
45031,12.5,12.25,12.89,15.65,15.76,15.57,16.32
45033,11.6,11.97,15.12,15.56,15.7,16.91,18.77
45035,10.9,16.79,15.3,16.83,20.39,17.27,14.84
45037,7.5,8.24,8.8,10.98,8.7,8.11,8.28
45039,9.3,11.44,12.05,13.44,12.22,13.85,16.52
45041,13.1,12.44,14.08,19.71,19.45,16.72,15.72
45043,17.8,17.32,25.22,25.86,28.48,24.52,22.32
45045,17.5,21.22,19.36,21.05,27.99,25.46,23.89
45047,15.3,12.94,14.94,18.94,23.44,16.49,10.41
45049,8.1,9.43,10.8,11.46,10.77,11.61,13.32
45051,21.0,17.98,39.33,28.71,27.9,35.2,44.27
45053,12.0,16.01,15.41,17.86,17.33,18.74,20.58
45055,12.1,11.47,12.39,17.21,18.8,17.65,17.38
45057,12.7,14.1,15.03,24.7,20.51,30.07,40.35
45059,16.5,18.53,21.18,23.75,26.95,22.5,19.02
45061,5.7,6.16,7.78,8.56,8.47,8.25,8.38
45063,18.1,17.56,17.21,18.55,19.51,20.77,22.83
45065,8.9,9.18,10.86,11.64,11.72,11.87,13.11
45067,10.7,12.85,15.63,14.48,13.28,16.16,20.45
45069,7.9,10.09,10.61,11.54,10.63,12.01,13.9
45071,10.0,8.94,11.11,11.12,10.98,11.09,12.31
45073,25.1,25.34,25.36,28.27,27.45,33.54,40.23
45075,8.1,8.74,9.72,9.76,10.79,13.02,16.37
45077,30.1,28.69,27.37,27.55,31.28,30.98,31.19
45079,11.9,11.27,13.79,19.13,18.39,16.84,16.48
45081,8.5,8.17,10.12,10.63,10.12,10.03,10.8
45083,16.2,19.86,21.53,24.76,26.78,24.25,23.26
45085,7.3,8.35,10.17,10.35,19.31,16.61,14.63
45087,13.7,16.14,16.53,16.98,15.03,18.22,22.69
45089,9.3,11.46,13.65,16.05,14.78,16.5,19.01
45091,14.3,16.44,19.65,22.16,22.15,22.32,22.88
46003,5.0,5.16,5.81,6.22,5.97,6.58,7.24
46005,6.0,7.16,7.76,8.78,8.53,8.26,8.2
46007,5.1,5.64,6.34,6.89,6.5,6.71,8.43
46009,3.7,4.01,4.91,5.01,4.66,4.76,6.14
46011,3.7,4.25,4.61,4.86,4.92,4.43,3.77
46013,5.0,6.03,6.51,6.3,5.7,5.42,5.01
46015,7.1,6.94,8.34,8.41,8.03,9.14,10.45
46017,6.7,7.28,8.83,9.04,9.05,9.4,9.93
46019,6.2,6.24,7.17,8.13,7.77,8.62,11.14
46021,6.5,7.04,8.61,9.32,8.41,8.62,7.54
46023,5.2,5.99,6.52,6.95,6.29,6.77,7.48
46025,4.5,5.15,5.69,6.06,5.67,5.9,6.21
46027,3.9,4.21,5.1,5.54,4.92,5.34,6.84
46029,3.9,4.51,4.8,5.68,4.97,5.63,6.23
46031,8.6,10.0,11.32,13.81,11.19,12.1,11.59
46033,9.3,9.0,12.0,12.18,10.56,10.77,12.74
46035,5.0,4.91,5.44,5.8,5.82,5.53,5.56
46037,4.2,4.66,5.15,5.68,5.41,5.91,6.57
46039,4.5,5.0,5.68,6.07,5.76,5.96,6.54
46041,9.0,10.46,10.09,11.36,10.66,11.08,10.61
46043,4.1,4.46,5.32,5.81,5.26,5.47,5.78
46045,3.5,3.92,4.4,4.77,4.54,4.64,3.85
46047,14.6,15.04,17.85,18.2,18.42,18.96,21.39
46049,5.3,5.2,5.85,6.35,5.95,6.24,5.83
46051,4.5,5.05,5.98,6.16,5.84,6.01,6.45
46053,5.5,6.06,7.3,7.43,7.06,7.38,7.6
46055,6.1,6.76,7.61,8.77,7.91,8.1,9.68
46057,3.7,4.3,4.87,4.96,4.7,4.99,4.74
46059,4.6,5.04,5.79,6.22,5.94,6.06,6.34
46061,3.8,4.05,4.74,5.09,4.79,4.93,5.14
46063,6.2,6.48,7.31,7.92,7.49,7.73,8.59
46065,5.4,5.62,6.98,7.2,6.87,7.44,7.58
46067,3.1,3.41,3.86,4.17,3.97,4.08,4.67
46069,4.6,5.09,5.88,6.28,5.99,6.09,5.91
46071,5.2,5.65,6.43,6.93,6.59,6.83,8.28
46073,5.3,5.79,6.63,7.15,6.83,7.05,7.62
46075,5.7,6.6,7.21,7.75,7.37,7.56,8.75
46077,3.5,3.83,4.33,4.74,4.37,4.86,5.24
46079,3.3,3.52,3.93,4.45,4.05,4.09,4.06
46081,8.0,7.52,8.64,9.67,8.1,9.54,11.97
46083,4.2,4.48,4.95,5.61,5.98,5.94,5.82
46085,5.8,6.37,7.34,8.2,7.57,7.79,7.78
46087,3.8,4.23,4.73,5.26,5.15,5.23,5.1
46089,3.9,4.3,4.96,5.34,4.99,5.23,4.0
46091,5.1,6.19,6.44,6.72,6.47,6.77,6.64
46093,7.2,9.0,10.05,10.01,9.32,11.32,15.18
46095,6.0,6.5,7.5,8.08,7.72,8.0,9.55
46097,3.9,4.32,4.87,5.53,5.01,5.21,5.47
46099,8.8,10.28,10.21,10.25,10.95,13.27,15.25
46101,4.4,5.05,5.5,5.88,5.65,5.81,5.5
46102,9.4,11.31,11.13,12.87,13.21,12.37,13.26
46103,8.0,8.22,10.47,10.05,8.28,10.58,14.19
46105,6.2,6.75,7.63,8.38,7.85,8.11,7.99
46107,4.6,5.01,5.76,6.15,5.9,6.11,5.34
46109,7.1,7.86,8.78,8.93,9.48,10.88,12.6
46111,4.2,4.59,5.2,5.68,5.39,5.79,6.86
46115,5.7,6.23,7.04,8.0,7.27,7.84,7.98
46117,5.4,5.91,6.79,7.13,6.82,7.17,7.32
46119,4.9,5.24,6.13,6.58,6.24,6.51,6.35
46121,11.5,11.79,12.5,14.02,13.65,15.52,18.68
46123,5.2,5.66,6.85,7.02,6.6,6.85,7.67
46125,4.3,4.62,5.25,6.44,5.61,5.65,6.07
46127,4.3,4.46,5.52,5.79,5.34,5.79,6.83
46129,4.8,5.28,6.28,6.58,6.05,6.36,5.29
46135,6.2,5.74,7.07,8.43,7.41,7.11,8.31
46137,8.6,10.07,10.71,13.05,11.26,12.08,12.83
47001,26.6,33.36,38.9,53.09,41.2,40.81,41.62
47003,16.8,18.5,17.95,17.95,21.01,24.03,28.36
47005,37.5,39.91,36.03,41.77,38.13,39.83,43.13
47007,15.0,16.88,20.42,21.36,22.56,22.34,23.04
47009,19.4,25.09,28.36,38.63,34.51,35.11,36.57
47011,22.0,21.0,20.35,26.99,25.64,22.81,20.82
47013,40.6,45.41,38.11,37.27,31.96,35.45,40.01
47015,26.4,31.97,31.99,33.09,32.46,38.33,45.59
47017,15.0,17.78,17.93,20.71,18.9,18.91,20.19
47019,19.9,22.2,29.52,32.66,29.48,26.96,25.97
47021,37.7,38.77,39.76,51.52,50.86,57.03,65.26
47023,12.3,16.58,15.83,17.83,15.53,16.24,18.12
47025,32.5,37.16,46.71,34.6,38.71,34.49,31.67
47027,42.9,38.61,49.65,47.41,43.41,43.61,44.64
47029,27.4,22.67,23.96,34.7,30.51,28.29,27.51
47031,17.9,22.24,26.69,27.76,29.43,26.68,25.52
47033,11.5,12.65,13.1,14.02,14.21,15.64,18.38
47035,22.3,17.75,19.25,23.08,21.08,22.74,25.09
47037,19.7,22.93,31.05,34.15,34.75,45.03,57.39
47039,22.3,27.58,29.46,28.22,28.92,29.48,31.04
47041,38.9,31.42,32.42,38.78,38.56,40.64,44.05
47043,23.1,29.08,33.75,26.82,29.47,39.58,51.27
47045,10.5,12.29,12.0,13.52,12.92,15.7,19.95
47047,10.6,12.72,13.42,15.03,13.32,15.42,19.09
47049,22.9,25.59,28.2,31.35,28.19,34.49,41.24
47051,21.9,25.51,22.71,22.92,21.82,24.15,27.79
47053,13.1,16.92,19.17,19.15,19.16,21.38,25.07
47055,19.1,24.52,22.38,27.28,25.11,25.46,27.33
47057,22.3,23.88,26.84,24.93,26.24,31.18,37.34
47059,26.4,18.98,25.35,29.97,30.95,28.73,27.94
47061,29.9,28.32,30.59,31.03,32.36,33.79,36.35
47063,31.2,28.05,32.77,29.54,24.94,29.76,35.61
47065,17.5,17.39,19.86,23.61,18.6,24.47,30.99
47067,30.6,37.92,41.67,44.93,45.17,40.38,36.64
47069,9.6,11.72,12.23,15.01,12.72,14.21,17.09
47071,35.5,36.54,34.97,32.61,34.85,34.63,35.85
47073,23.0,27.31,34.69,27.29,27.94,27.03,27.5
47075,8.7,9.07,11.51,11.05,11.25,11.74,13.29
47077,17.7,20.17,19.27,23.42,24.85,23.34,22.53
47079,23.0,22.13,23.3,23.63,29.36,34.13,40.32
47081,20.2,26.59,27.68,28.59,34.56,38.18,43.17
47083,25.5,30.31,32.61,34.64,35.88,35.69,36.97
47085,21.5,23.47,25.2,30.34,27.95,29.54,32.54
47087,33.1,34.9,41.3,42.66,40.66,42.4,44.85
47089,16.6,17.99,18.79,22.62,25.67,25.99,27.53
47091,17.0,18.25,19.76,18.89,18.58,21.71,26.49
47093,29.8,33.98,38.07,50.7,52.85,47.95,44.5
47095,9.6,10.59,11.79,13.42,13.13,13.8,16.53
47097,15.4,13.52,21.44,19.96,18.21,21.18,25.83
47099,18.0,20.6,20.65,25.84,25.35,27.98,31.79
47101,17.7,19.28,20.41,28.57,24.45,24.14,25.71
47103,17.2,15.82,20.18,19.9,20.65,20.29,21.08
47105,27.4,25.55,30.08,37.41,31.12,32.95,35.7
47107,23.8,23.45,27.79,29.75,25.55,26.69,28.31
47109,17.0,25.1,21.97,22.97,20.21,21.77,24.78
47111,16.9,19.82,26.37,23.85,23.2,23.08,23.62
47113,9.0,11.02,12.72,14.97,11.96,10.8,10.98
47115,17.8,18.64,19.25,23.79,19.21,25.28,31.7
47117,25.4,24.96,30.28,29.2,26.72,29.05,33.32
47119,20.6,19.09,22.03,20.73,23.15,26.41,30.73
47121,25.4,30.83,39.34,38.51,29.9,36.07,42.87
47123,18.9,23.52,34.17,27.87,30.75,31.13,32.06
47125,14.4,17.86,16.85,19.03,25.17,30.92,39.09
47127,15.3,16.03,17.71,20.68,19.92,19.16,19.55
47129,21.6,31.64,31.46,29.49,29.45,32.47,36.2
47131,9.8,11.79,12.64,12.6,14.37,13.91,14.72
47133,23.1,26.17,31.12,32.66,31.71,30.25,30.09
47135,16.1,17.08,18.56,21.11,19.44,20.6,23.09
47137,23.3,23.88,26.87,30.3,29.14,30.07,31.84
47139,19.0,21.02,26.13,28.32,23.54,21.87,20.77
47141,24.8,21.9,22.19,21.38,24.71,23.11,22.18
47143,18.1,21.12,23.38,24.99,22.16,31.16,40.97
47145,38.3,39.36,45.89,44.49,48.42,36.84,26.1
47147,17.1,20.23,18.86,23.82,21.89,30.4,40.8
47149,13.0,17.98,18.68,20.18,25.1,28.0,32.57
47151,25.0,26.37,25.41,26.23,24.32,29.69,35.83
47153,19.6,20.07,23.37,26.13,26.23,28.85,32.22
47155,21.2,27.48,27.87,33.44,40.48,36.15,33.38
47157,16.0,20.16,21.24,22.17,17.78,26.81,37.46
47159,29.9,35.14,43.69,35.8,35.84,38.47,42.53
47161,20.0,20.95,23.75,23.67,30.51,33.89,38.65
47163,26.2,23.51,27.8,27.07,32.54,21.95,12.49
47165,16.1,15.99,20.52,21.74,21.92,24.76,29.08
47167,15.1,20.05,25.23,23.6,22.38,26.71,32.12
47169,17.0,18.85,22.17,22.85,30.93,26.13,22.07
47171,28.8,29.52,35.11,42.71,38.45,37.05,37.54
47173,32.1,35.95,41.57,41.26,35.9,36.58,38.9
47175,13.8,15.1,21.35,18.58,19.06,18.43,18.99
47177,14.8,17.61,21.97,19.05,20.0,20.59,22.18
47179,19.6,22.35,28.18,27.51,21.86,21.98,23.44
47181,16.0,16.51,18.02,17.24,21.15,17.16,14.96
47183,11.8,15.18,18.34,15.03,18.64,17.01,16.64
47185,18.9,22.92,29.5,23.0,27.39,30.44,34.87
47187,9.2,11.51,12.72,13.34,15.61,15.85,17.97
47189,20.6,25.92,26.56,25.99,23.35,35.99,50.23
48001,12.2,15.6,14.4,17.24,16.02,16.6,18.63
48003,9.4,9.82,11.87,13.54,11.94,12.02,13.74
48005,9.1,11.32,13.33,13.6,13.9,12.0,12.31
48007,18.7,20.88,22.66,23.35,22.64,24.21,28.77
48009,16.7,16.91,21.15,21.99,20.11,19.22,19.8
48011,7.4,8.06,9.44,9.95,9.43,9.85,12.84
48013,7.0,7.47,9.51,9.85,11.14,8.71,7.77
48015,6.7,6.88,8.31,8.02,8.96,9.02,11.14
48017,7.5,8.56,9.45,9.91,9.63,11.0,14.16
48019,10.5,10.39,12.36,15.36,13.84,13.88,15.17
48021,11.7,9.5,9.95,11.08,11.91,12.04,13.78
48023,18.6,21.16,21.77,24.39,24.87,24.37,25.51
48025,5.8,7.07,9.14,9.09,7.76,8.71,11.27
48027,6.6,7.9,7.02,10.68,11.55,9.05,8.36
48029,10.4,10.63,11.71,11.28,11.56,12.84,15.84
48031,10.1,11.58,11.95,12.93,12.01,12.76,14.79
48033,7.9,8.6,9.89,10.54,10.12,10.48,11.18
48035,10.2,11.75,12.48,14.5,18.05,15.84,15.39
48037,7.2,8.49,8.61,11.08,10.31,9.21,8.72
48039,7.5,9.3,10.57,11.5,11.16,11.67,14.16
48041,8.8,8.28,6.7,5.8,5.81,6.86,10.27
48043,12.9,16.45,16.06,16.05,15.32,18.5,22.61
48045,8.0,8.73,10.0,10.76,10.3,11.18,14.37
48047,7.5,8.17,8.88,10.48,9.18,9.83,13.01
48049,14.4,14.65,13.7,13.52,15.89,18.83,23.32
48051,9.1,9.75,10.26,12.25,10.9,11.55,14.51
48053,9.8,10.41,14.78,14.35,12.62,13.79,16.34
48055,6.4,6.89,9.68,10.49,9.09,7.65,8.01
48057,11.5,12.28,12.04,13.24,11.67,13.1,16.27
48059,8.6,9.18,10.45,11.06,10.17,12.09,14.84
48061,3.1,4.48,4.15,5.0,4.79,6.12,9.91
48063,8.8,11.5,12.7,13.26,11.87,11.61,13.16
48065,10.5,11.42,13.73,13.89,14.24,14.04,16.32
48067,8.9,9.64,10.64,12.65,12.71,12.14,12.96
48069,5.1,5.57,6.36,6.83,6.88,6.74,8.87
48071,13.8,12.49,14.84,16.72,13.42,20.14,28.85
48073,12.3,10.95,11.24,14.07,12.85,13.1,14.49
48075,10.5,13.43,13.88,14.11,13.39,14.42,17.79
48077,16.1,16.35,17.89,19.73,19.13,19.18,21.68
48079,11.0,11.35,14.35,13.94,14.04,13.74,14.81
48081,8.5,9.15,11.1,11.97,10.79,11.86,13.98
48083,5.8,6.26,7.12,7.65,7.49,7.74,9.32
48085,7.8,7.83,8.98,8.11,7.46,7.65,8.51
48087,11.6,12.06,13.58,14.66,14.02,14.14,16.99
48089,5.9,6.7,8.19,8.22,8.04,8.56,11.63
48091,8.9,10.7,13.05,13.01,11.91,11.39,12.15
48093,8.0,9.04,10.33,11.62,10.94,11.65,13.75
48095,5.9,6.44,7.41,7.79,7.52,7.8,8.69
48097,18.3,15.88,18.49,18.06,19.96,17.66,17.93
48099,6.1,6.17,7.43,8.63,7.21,7.23,9.47
48101,7.4,8.14,9.2,9.87,9.52,9.81,11.36
48103,9.6,10.27,13.91,13.88,12.44,12.89,13.73
48105,8.6,9.86,10.73,11.57,11.12,12.86,15.29
48107,7.7,8.34,10.07,10.91,9.95,10.6,11.89
48109,8.3,9.13,10.34,11.23,10.74,10.99,12.37
48111,7.8,8.5,9.13,9.72,9.35,9.46,12.2
48113,13.4,11.73,12.39,13.08,12.85,13.11,14.29
48115,8.7,10.42,11.96,12.26,11.25,13.09,15.76
48117,7.8,7.03,7.68,8.57,7.85,8.43,11.19
48119,11.5,12.4,14.18,16.82,16.56,16.96,17.29
48121,6.9,7.43,8.77,8.8,7.25,7.77,9.92
48123,7.1,7.21,8.02,8.73,9.75,9.61,11.87
48125,6.8,7.4,8.42,9.06,8.66,8.92,10.28
48127,8.4,7.04,8.09,8.24,8.76,8.06,9.07
48129,9.3,9.67,11.52,12.48,11.3,11.52,13.69
48131,9.3,9.51,12.02,11.72,12.3,12.94,15.92
48133,6.8,6.6,7.4,8.48,7.6,8.7,11.22
48135,18.2,11.95,12.68,14.89,13.92,15.56,18.58
48137,5.2,5.72,6.51,7.05,6.69,6.9,7.7
48139,6.5,7.45,8.63,10.94,8.41,8.82,9.69
48141,9.1,7.97,9.93,11.36,10.17,11.57,14.05
48143,8.6,8.0,9.56,10.95,10.31,9.77,10.45
48145,7.6,8.65,9.33,11.61,10.87,11.54,13.94
48147,10.8,11.61,12.36,12.91,11.9,14.06,16.41
48149,8.4,7.37,8.19,8.76,9.25,8.93,11.17
48151,6.5,7.11,8.05,8.61,8.79,8.66,9.68
48153,6.5,6.74,8.06,8.17,7.87,8.08,9.69
48155,10.2,11.78,12.74,13.82,13.84,13.73,14.75
48157,5.3,5.29,6.63,6.02,6.58,6.52,8.83
48159,8.2,8.82,9.57,10.73,10.27,10.72,11.96
48161,7.0,7.65,9.0,9.82,10.85,10.74,12.56
48163,4.5,4.96,5.93,7.04,6.46,6.0,6.52
48165,7.0,7.57,9.14,9.23,8.69,8.92,11.19
48167,15.4,17.1,16.73,17.68,17.34,17.41,19.55
48169,7.4,7.64,8.68,9.27,8.96,9.67,10.92
48171,6.9,7.68,8.89,9.53,9.56,8.93,8.36
48173,8.1,8.82,10.11,10.97,10.59,10.66,11.97
48175,8.3,9.57,10.9,11.73,11.79,11.02,12.26
48177,9.4,10.1,10.42,11.03,11.05,10.67,12.49
48179,10.2,10.39,11.81,12.48,12.08,12.83,16.44
48181,12.6,11.35,10.56,13.02,12.25,12.14,13.16
48183,7.0,8.26,9.48,9.09,9.34,11.8,16.14
48185,10.4,12.27,12.32,12.82,13.17,14.32,17.21
48187,8.4,8.31,8.64,9.73,8.64,9.0,10.56
48189,6.5,8.1,8.57,8.53,8.99,8.71,10.44
48191,7.8,8.6,9.73,10.4,9.99,10.36,12.94
48193,10.3,11.74,12.75,12.91,15.25,13.65,13.69
48195,8.5,8.67,9.9,11.28,10.46,10.4,12.93
48197,10.0,10.45,11.51,13.24,12.04,13.1,15.78
48199,16.6,14.55,16.55,16.59,15.61,16.0,18.44
48201,9.1,10.1,11.29,11.77,12.34,13.28,15.68
48203,9.4,10.17,11.01,11.4,9.82,11.95,16.06
48205,6.5,7.19,8.08,8.74,8.86,8.7,10.74
48207,7.9,8.53,9.77,11.12,11.36,11.01,12.04
48209,6.6,7.77,9.39,9.28,10.04,7.39,6.13
48211,8.0,8.75,10.01,10.77,10.87,11.2,15.09
48213,16.6,16.84,15.34,16.62,18.72,19.43,21.31
48215,2.7,3.3,3.47,3.7,4.01,4.22,6.76
48217,9.7,11.5,13.97,13.25,12.79,15.58,19.48
48219,7.8,8.35,9.66,9.27,10.23,10.45,11.63
48221,15.2,13.89,13.18,17.69,14.81,15.42,17.31
48223,8.9,9.58,11.14,11.49,11.27,12.13,12.77
48225,8.2,10.95,11.29,11.56,13.15,12.33,13.72
48227,10.0,11.26,13.1,14.06,14.85,15.04,16.73
48229,7.2,7.83,8.84,9.63,9.14,9.46,10.96
48231,10.7,12.01,13.64,14.64,13.58,12.7,11.87
48233,13.5,12.54,15.92,14.89,17.21,17.22,19.94
48235,11.5,11.2,12.76,13.42,12.86,14.24,16.7
48237,12.5,13.43,16.28,17.88,16.41,16.12,16.85
48239,9.8,9.49,10.21,10.34,11.24,12.08,15.0
48241,11.8,13.65,16.77,17.78,17.49,17.76,20.68
48243,8.3,9.28,10.31,11.17,10.69,11.17,12.66
48245,14.0,12.41,13.11,15.27,13.4,14.32,17.76
48247,6.2,6.3,7.74,7.83,7.37,7.65,10.43
48249,8.4,8.32,10.42,10.78,10.28,11.5,15.19
48251,10.1,9.65,11.27,11.1,12.32,11.51,12.04
48253,7.5,7.4,8.6,8.76,7.98,8.05,9.52
48255,6.4,6.96,7.51,7.55,7.54,7.43,8.82
48257,12.8,12.38,11.92,13.32,13.75,15.6,17.98
48259,6.7,8.36,8.27,9.44,8.91,8.66,9.92
48261,6.4,6.97,7.92,8.75,8.17,8.41,11.39
48263,6.8,7.44,8.53,9.15,8.77,8.91,10.27
48265,11.4,14.12,13.98,16.38,15.85,15.58,16.22
48267,8.0,9.36,10.12,10.77,10.98,10.64,10.8
48269,7.4,8.11,9.16,9.96,9.54,9.77,11.17
48271,4.4,4.78,5.48,5.93,5.65,5.77,5.94
48273,7.1,7.68,8.01,9.32,9.13,9.59,12.84
48275,7.4,8.23,9.19,10.05,9.55,9.61,11.25
48277,13.0,11.5,12.91,13.02,14.13,12.81,11.32
48279,9.6,9.85,11.03,11.73,12.74,11.24,11.4
48281,7.4,7.59,8.77,10.06,8.46,9.28,12.12
48283,7.2,8.7,9.59,10.21,9.23,9.87,12.78
48285,6.9,6.61,7.08,8.32,8.6,8.06,9.75
48287,7.3,8.1,8.85,10.65,9.84,9.0,10.23
48289,11.2,13.42,15.64,17.01,13.72,15.56,19.49
48291,14.7,17.35,15.41,17.95,14.68,18.44,23.33
48293,9.1,8.61,10.34,10.12,12.24,10.83,11.1
48295,8.8,9.56,10.89,12.35,11.93,11.7,15.0
48297,6.2,6.77,7.81,9.21,7.56,7.73,9.8
48299,14.1,15.09,19.46,16.58,17.61,16.18,15.28
48301,13.2,14.4,16.17,17.69,16.96,17.5,19.63
48303,10.6,10.41,12.29,14.38,15.32,14.43,13.71
48305,7.8,8.48,10.12,10.38,11.02,12.13,13.05
48307,7.1,8.16,8.96,9.93,9.24,9.35,10.4
48309,7.2,9.4,8.97,9.64,11.61,10.84,11.73
48311,6.6,7.27,8.32,8.98,8.54,8.72,11.12
48313,8.0,9.75,9.52,10.53,10.01,9.95,11.56
48315,13.3,15.17,16.29,19.15,17.8,19.28,22.37
48317,9.4,10.13,11.45,12.45,14.93,12.69,11.98
48319,6.6,7.33,8.32,8.82,8.59,8.6,9.58
48321,9.8,8.8,11.47,11.28,10.81,10.79,12.74
48323,4.2,4.07,5.06,4.85,5.13,5.02,5.66
48325,4.3,4.87,5.6,5.75,5.84,6.29,7.94
48327,8.2,8.97,12.02,11.28,11.14,10.95,11.11
48329,10.6,8.59,7.7,8.48,10.01,8.98,9.48
48331,8.2,9.17,9.28,10.67,9.16,10.27,13.63
48333,8.4,9.21,12.36,11.49,11.02,12.47,15.44
48335,7.7,8.39,9.58,11.9,10.09,10.26,11.47
48337,15.3,16.32,17.82,21.45,22.68,19.63,18.72
48339,9.4,11.85,12.75,16.8,13.38,15.42,18.98
48341,6.2,6.65,7.78,7.73,8.29,8.09,10.25
48343,9.9,10.71,11.44,12.45,12.29,13.4,16.21
48345,7.6,8.31,9.51,10.17,9.75,10.05,11.39
48347,10.4,14.82,11.55,12.68,10.56,11.41,14.16
48349,8.9,9.92,11.49,12.71,12.34,13.08,15.2
48351,18.0,19.34,21.72,21.31,20.21,22.59,27.62
48353,12.1,13.7,14.04,13.53,14.06,16.86,20.98
48355,17.5,18.4,18.16,21.15,16.54,14.69,15.24
48357,6.9,7.45,8.08,8.74,8.34,8.5,11.42
48359,10.9,11.86,14.33,14.65,13.96,14.44,17.61
48361,19.9,21.41,19.38,28.05,22.7,22.24,23.81
48363,16.2,14.49,15.26,20.61,15.57,16.98,20.05
48365,9.5,9.81,11.45,14.01,10.93,13.53,18.46
48367,11.5,12.29,14.39,14.12,9.92,12.2,16.46
48369,5.5,6.03,6.92,7.27,7.03,7.27,9.27
48371,6.8,7.16,8.4,8.56,8.49,8.51,9.2
48373,19.1,18.22,18.08,18.56,18.87,17.27,17.07
48375,14.7,14.5,16.32,15.25,14.23,19.82,26.77
48377,5.6,6.19,6.99,7.45,7.17,7.45,9.75
48379,10.7,12.73,13.24,14.76,14.14,15.24,16.44
48381,8.2,11.01,12.42,14.13,11.79,12.88,15.84
48383,13.3,12.87,15.35,15.62,14.93,17.3,20.22
48385,6.5,7.12,8.07,8.89,8.44,8.55,9.85
48387,10.5,11.26,14.48,13.32,13.15,13.44,14.13
48389,14.5,16.45,16.72,16.95,15.31,17.12,20.35
48391,11.2,13.58,13.33,14.78,14.28,14.7,17.95
48393,8.3,9.01,10.43,11.23,10.77,11.07,14.28
48395,11.3,11.0,11.46,13.51,12.5,15.71,20.9
48397,8.2,7.91,7.6,10.96,11.35,8.64,6.11
48399,6.5,6.61,7.55,8.51,7.71,7.97,9.58
48401,8.8,8.64,9.33,10.36,10.27,11.86,15.4
48403,10.6,11.44,13.2,15.52,14.25,14.52,17.75
48405,10.8,11.12,12.59,14.9,13.05,13.99,17.14
48407,13.2,16.75,18.67,21.83,17.41,18.6,21.14
48409,13.8,13.73,14.03,15.29,14.49,14.05,16.16
48411,7.8,8.49,10.24,10.2,10.36,10.34,11.37
48413,7.4,8.48,9.33,9.9,9.34,9.7,11.25
48415,9.0,9.3,10.92,10.75,10.62,10.5,11.66
48417,6.2,6.8,7.87,8.42,7.98,8.76,11.21
48419,10.2,10.08,13.86,13.53,11.28,14.93,21.24
48421,9.7,9.89,11.24,12.16,12.45,11.99,14.15
48423,9.8,9.81,9.81,9.72,9.84,11.09,13.14
48425,7.8,9.24,9.69,10.75,10.0,11.22,13.47
48427,3.1,3.28,3.88,3.81,4.01,4.22,6.92
48429,6.6,7.09,8.17,9.0,8.26,8.91,11.39
48431,8.3,9.08,10.42,11.14,10.52,11.0,12.69
48433,6.8,7.49,8.49,9.19,9.38,9.11,9.56
48435,6.6,7.8,8.3,8.84,8.48,8.77,9.69
48437,7.2,7.52,8.81,9.04,9.14,8.95,11.11
48439,10.0,9.15,10.76,10.08,8.76,8.69,10.08
48441,12.4,12.58,14.03,13.15,13.0,11.8,11.91
48443,7.8,8.58,10.21,10.4,10.02,10.33,12.0
48445,6.9,7.45,9.1,9.64,9.36,9.11,9.82
48447,10.6,11.59,13.2,14.32,14.35,13.89,14.99
48449,8.8,7.45,7.5,8.93,7.54,8.72,11.5
48451,10.3,10.06,13.44,12.72,10.16,10.74,12.0
48453,11.5,11.75,12.59,12.33,13.21,12.98,14.83
48455,15.1,16.27,18.92,20.35,21.78,18.56,16.77
48457,17.5,16.4,18.81,19.09,22.77,21.02,21.44
48459,8.2,9.77,11.76,12.63,11.81,13.58,16.79
48461,9.2,10.53,11.69,12.37,11.74,14.37,17.9
48463,5.2,6.0,7.18,8.07,7.79,7.63,7.98
48465,5.4,5.79,6.76,7.92,7.02,6.5,6.68
48467,14.9,13.62,15.26,14.34,13.02,15.14,17.71
48469,9.2,9.09,10.67,12.2,10.32,10.88,12.92
48471,6.6,7.04,7.81,9.41,8.61,9.14,10.92
48473,9.0,10.92,9.91,12.75,11.29,10.77,13.09
48475,11.4,12.86,12.73,15.59,13.59,13.92,16.29
48477,6.1,6.32,6.61,7.83,8.23,7.82,9.74
48479,8.7,9.65,12.22,13.95,10.03,10.69,13.16
48481,6.6,7.34,9.69,9.84,9.26,13.22,19.15
48483,10.0,10.29,12.4,12.56,12.61,12.34,14.78
48485,18.4,15.8,17.15,16.36,16.4,15.97,17.35
48487,12.5,12.89,12.91,13.81,13.15,14.92,18.83
48489,5.6,5.55,6.39,7.33,8.25,7.1,8.61
48491,6.8,6.67,7.01,5.99,7.27,6.69,7.99
48493,6.9,6.21,6.38,7.74,7.57,7.94,9.96
48495,14.2,15.3,16.37,17.86,16.85,18.27,21.61
48497,11.0,11.12,14.16,15.45,12.38,14.13,17.52
48499,10.7,11.44,12.63,14.83,12.97,12.72,13.21
48501,10.8,11.67,13.39,14.1,13.65,14.16,16.2
48503,22.4,21.95,25.19,30.59,27.7,23.62,20.85
48505,6.5,7.01,9.43,9.19,8.16,8.87,11.72
48507,6.1,6.77,8.02,8.11,8.19,8.32,9.74
49001,20.0,20.68,23.28,25.95,23.67,26.83,31.8
49003,17.1,19.87,25.07,20.85,20.21,19.54,20.63
49005,11.4,11.07,12.77,12.59,13.36,11.64,12.81
49007,43.5,41.35,53.07,49.2,44.48,40.74,39.23
49009,17.7,20.32,24.93,23.69,22.91,23.52,27.4
49011,15.5,16.75,18.1,17.78,15.2,14.42,16.04
49013,22.3,25.78,26.8,23.31,26.56,25.28,27.3
49015,29.3,31.41,37.53,37.72,43.64,39.38,37.18
49017,14.2,16.44,19.9,20.09,20.34,18.7,17.98
49019,16.7,19.09,20.4,23.0,25.77,25.27,26.29
49021,16.7,20.49,25.29,22.48,20.41,18.26,17.57
49023,21.0,21.41,23.82,27.99,24.29,27.01,31.88
49025,21.2,21.91,27.02,26.09,25.02,25.17,25.78
49027,16.2,18.28,21.78,24.68,23.52,25.59,29.25
49029,17.1,14.68,15.5,17.92,17.4,16.25,17.87
49031,15.8,17.18,19.81,21.13,20.38,20.79,22.7
49033,14.9,17.01,18.57,19.65,20.08,19.56,21.91
49035,24.1,25.1,23.83,24.43,22.91,22.02,23.4
49037,10.8,13.02,13.35,14.76,13.56,14.5,17.86
49039,18.1,19.24,19.8,23.89,20.66,19.03,19.15
49041,18.8,19.22,24.29,25.97,26.16,27.72,30.79
49043,15.5,15.84,18.43,19.56,17.37,17.03,19.79
49045,30.4,24.61,20.9,24.95,24.75,24.86,27.55
49047,16.5,17.67,19.53,19.48,22.45,24.84,29.83
49049,16.3,16.96,17.96,18.9,16.03,14.83,16.43
49051,13.7,15.15,17.58,19.01,15.97,17.34,21.47
49053,17.3,20.88,18.34,21.24,22.42,18.9,17.12
49055,20.3,22.11,26.75,27.09,30.9,26.86,23.74
49057,24.9,28.44,26.85,27.26,25.35,24.2,25.36
50001,10.0,10.61,13.86,12.47,12.89,12.3,10.24
50003,16.1,13.99,20.54,17.12,24.58,22.67,19.05
50005,13.8,14.56,17.66,20.74,19.51,24.14,28.72
50007,12.7,14.52,16.8,20.44,13.72,14.39,14.12
50009,14.3,17.48,16.84,17.97,17.66,18.68,19.97
50011,15.7,18.68,17.89,21.63,21.93,18.74,14.54
50013,12.6,14.5,16.21,16.56,14.79,14.81,13.68
50015,12.5,12.58,14.3,15.37,15.24,15.52,15.15
50017,13.2,15.12,18.14,20.91,19.09,17.51,14.75
50019,13.8,17.77,19.81,18.69,18.62,18.92,19.33
50021,16.4,19.25,22.55,23.39,30.05,25.72,19.68
50023,10.9,14.5,18.23,19.5,21.72,18.98,15.15
50025,20.6,18.36,22.93,33.17,41.74,38.77,34.27
50027,16.9,21.79,25.66,24.48,28.7,26.7,22.83
51001,15.2,13.25,15.31,15.48,15.68,16.15,14.54
51003,6.3,6.32,7.02,8.33,7.42,8.38,8.66
51005,13.3,13.92,17.42,19.17,14.73,15.15,16.24
51007,10.0,10.82,13.03,13.52,12.64,17.3,20.4
51009,8.4,8.4,10.69,10.96,9.71,13.33,16.41
51011,6.6,7.53,8.8,8.29,8.23,8.74,8.41
51013,6.1,7.46,11.14,10.45,6.86,8.54,8.39
51015,11.9,11.03,13.09,16.87,15.86,15.35,14.16
51017,11.0,12.24,13.75,14.77,14.51,14.6,14.87
51019,9.7,11.42,12.68,17.75,14.21,13.08,11.72
51021,26.9,28.57,31.31,34.11,30.18,32.06,34.53
51023,11.5,12.37,12.12,14.99,17.7,16.25,15.37
51025,8.2,9.38,11.11,13.89,12.76,13.79,13.23
51027,37.9,43.91,39.27,40.95,45.89,42.87,40.98
51029,5.5,6.08,7.04,7.77,7.19,7.67,7.22
51031,10.3,9.9,11.85,12.84,14.14,12.03,9.62
51033,12.6,14.49,20.4,20.37,22.13,17.5,10.66
51035,19.8,15.46,14.93,18.12,15.75,20.09,25.41
51036,12.1,13.84,17.68,18.29,17.35,18.33,16.99
51037,10.1,11.06,12.94,13.87,13.79,15.96,17.98
51041,9.8,11.3,19.72,21.08,23.83,24.13,22.25
51043,12.6,14.51,18.5,16.36,15.04,18.85,20.55
51045,13.6,14.57,17.58,18.83,17.34,17.55,18.2
51047,21.6,21.37,23.65,31.97,27.36,23.97,18.87
51049,9.4,10.71,12.23,14.43,12.24,13.84,14.07
51051,44.7,45.42,47.6,50.39,47.63,54.07,61.92
51053,9.3,10.68,12.35,13.67,13.52,14.19,12.93
51057,9.3,11.13,13.16,12.97,13.02,12.19,9.77
51059,6.5,7.73,9.61,10.48,8.09,9.25,7.94
51061,14.4,17.6,26.86,24.93,21.45,23.22,22.99
51063,11.3,11.22,12.64,15.08,13.74,14.31,15.96
51065,7.4,7.7,8.58,9.74,12.04,9.98,6.44
51067,16.6,16.22,22.0,20.86,27.14,20.75,15.26
51069,20.3,22.36,25.74,22.58,20.78,22.09,21.82
51071,20.5,23.59,25.46,30.37,23.71,25.33,27.56
51073,13.6,14.56,19.93,19.87,18.69,16.69,13.02
51075,11.2,12.01,13.56,14.79,13.12,14.34,13.56
51077,9.3,10.58,12.15,12.56,11.23,12.78,16.04
51079,8.5,10.08,10.73,12.77,12.57,14.28,15.13
51081,9.4,9.79,10.95,14.49,13.52,12.52,9.3
51083,8.6,10.7,12.1,11.99,15.64,16.75,18.42
51085,12.2,12.76,13.54,18.12,16.65,18.05,17.38
51087,11.2,13.5,18.13,20.37,18.53,20.48,20.53
51089,22.9,20.64,23.59,28.41,29.52,31.18,33.99
51091,12.2,14.15,15.27,16.38,15.59,15.99,16.33
51093,9.2,11.15,13.54,13.96,16.06,14.86,11.56
51095,8.6,9.28,11.51,12.99,10.77,11.02,9.09
51097,13.7,14.43,17.52,18.56,20.65,17.52,12.43
51099,14.3,17.92,21.9,26.48,26.24,25.07,21.39
51101,12.1,15.68,18.97,21.56,18.72,17.9,15.36
51103,11.7,12.19,14.11,15.88,15.15,13.81,10.36
51105,26.6,23.32,25.38,28.39,30.83,29.2,28.58
51107,8.0,7.01,10.4,8.05,7.36,7.64,5.58
51109,11.4,13.73,15.99,17.56,18.34,24.21,28.14
51111,7.1,7.87,8.57,8.99,9.18,9.37,8.06
51113,12.5,14.69,16.55,17.62,17.4,18.64,18.69
51115,12.1,13.69,15.38,16.05,14.42,13.88,11.48
51117,10.5,13.01,13.99,15.6,19.33,16.18,12.05
51119,11.8,13.38,14.8,19.41,15.84,15.12,11.99
51121,11.0,10.3,13.41,14.2,12.68,12.82,13.81
51125,8.5,9.25,13.2,14.19,11.81,13.28,13.8
51127,10.4,11.94,12.31,17.2,15.22,14.64,11.8
51131,11.7,10.84,13.57,14.96,13.19,14.01,13.29
51133,11.3,12.44,12.73,15.51,13.58,13.79,11.89
51135,8.6,8.57,10.46,10.28,10.99,12.11,11.31
51137,22.1,20.54,30.37,26.13,29.08,27.52,23.96
51139,18.0,16.72,19.64,19.93,19.57,22.21,23.53
51141,20.6,22.88,24.02,22.73,22.8,23.96,26.5
51143,9.9,11.41,13.31,14.47,16.14,18.51,21.45
51145,12.1,11.99,13.46,17.61,14.56,17.15,18.03
51147,6.9,8.24,10.39,9.8,8.73,9.57,9.32
51149,9.8,10.89,14.7,17.83,14.24,14.49,12.64
51153,8.3,8.13,11.85,13.83,12.68,14.03,12.67
51155,30.9,26.68,31.06,34.58,31.02,35.45,40.59
51157,20.2,21.07,23.26,23.43,21.16,23.14,23.23
51159,12.7,14.83,15.31,16.9,15.88,17.17,16.32
51161,16.8,14.78,17.54,25.3,24.02,18.03,12.65
51163,9.6,12.21,12.72,13.28,12.73,12.98,13.21
51165,7.8,7.51,8.68,10.35,8.6,10.46,11.02
51167,33.7,28.28,32.29,31.62,26.33,28.09,31.28
51169,17.2,17.57,22.65,19.56,20.93,19.05,18.54
51171,12.5,19.73,18.22,20.72,19.09,23.57,26.69
51173,16.0,18.45,19.6,21.88,20.24,22.25,25.28
51175,8.6,9.35,11.04,11.82,11.78,11.23,7.86
51177,11.8,15.34,19.95,17.54,20.89,20.66,18.33
51179,9.1,11.84,16.4,14.47,15.91,17.76,17.38
51181,11.0,11.33,13.01,15.26,14.08,14.46,12.58
51183,9.0,9.37,11.34,13.48,11.43,12.34,11.09
51185,33.9,37.25,32.1,35.54,35.0,42.95,51.49
51187,21.5,26.39,25.6,32.76,30.5,35.03,37.89
51191,18.3,15.94,17.21,20.08,16.74,18.54,21.63
51193,14.8,21.26,26.37,28.95,24.39,28.54,30.09
51195,32.2,35.64,40.77,47.17,41.11,41.7,43.95
51197,25.4,23.9,27.65,26.94,20.89,22.93,26.29
51199,8.6,9.41,11.01,10.79,11.93,14.05,14.02
51510,7.7,8.94,11.59,11.28,8.16,11.9,13.38
51520,23.4,20.72,26.03,24.79,25.47,25.68,27.02
51530,8.1,9.04,10.08,11.32,10.87,10.98,11.07
51540,8.9,9.04,9.96,11.43,11.15,11.7,11.07
51550,11.4,16.36,19.71,19.22,17.39,17.01,15.72
51570,16.0,18.27,23.95,28.76,28.82,26.52,21.98
51580,15.5,16.81,19.36,26.66,20.06,20.3,21.24
51590,18.2,15.18,16.66,17.74,19.77,21.69,24.58
51595,9.0,9.76,11.07,12.76,12.22,11.7,8.87
51600,11.2,14.62,17.22,18.5,15.24,18.22,18.84
51610,7.2,8.18,10.2,12.29,10.17,10.41,8.83
51620,11.0,12.04,13.59,15.99,15.11,14.57,11.6
51630,17.2,20.89,23.24,22.88,27.1,22.23,15.08
51640,13.0,14.31,15.21,17.21,15.54,17.95,21.94
51650,10.9,14.84,21.3,16.54,18.51,25.51,30.57
51660,7.5,7.83,9.16,11.52,10.01,11.68,12.15
51670,16.8,18.85,27.46,32.75,35.05,32.92,28.6
51678,6.9,8.0,8.87,9.3,8.98,9.43,9.84
51680,8.0,8.76,10.65,11.95,12.32,15.46,18.23
51683,14.7,13.75,16.58,18.95,18.29,21.74,22.86
51685,7.2,7.33,9.46,11.25,9.17,10.73,10.0
51690,28.9,26.9,29.88,34.66,35.87,36.75,39.06
51700,14.7,13.76,20.05,17.35,20.0,20.79,19.44
51710,13.1,16.61,25.39,23.47,20.58,21.04,19.85
51720,23.1,26.34,30.64,33.16,30.7,31.61,34.24
51730,18.0,21.32,30.95,35.15,29.75,35.55,39.21
51735,11.7,13.4,18.02,14.73,14.54,16.51,16.59
51740,18.4,20.25,26.66,25.87,25.8,29.94,32.46
51750,11.4,11.17,15.22,15.04,14.67,15.09,16.36
51760,22.9,22.85,29.57,33.44,33.35,38.99,42.78
51770,17.8,21.63,21.86,37.42,42.76,37.36,32.45
51775,23.4,19.41,21.75,28.01,27.15,25.82,25.13
51790,17.1,17.99,18.14,21.38,19.9,18.69,16.83
51800,9.7,10.32,11.03,11.42,11.26,13.62,14.08
51810,11.9,13.82,18.75,17.13,14.55,12.25,8.54
51820,14.3,17.13,16.85,18.49,18.78,24.62,29.55
51830,12.7,12.13,14.62,16.33,14.32,16.14,15.94
51840,22.7,23.13,29.74,28.1,24.69,29.43,32.43
53001,6.4,7.23,7.89,9.04,7.78,9.03,11.07
53003,15.6,16.87,21.82,22.33,18.06,17.94,17.91
53005,12.1,16.63,15.99,16.29,15.2,14.72,14.37
53007,11.8,13.75,14.4,14.79,13.84,17.02,21.56
53009,17.9,21.11,28.17,26.3,25.82,25.08,24.25
53011,13.6,14.45,14.04,16.97,14.24,14.62,16.24
53013,10.7,11.49,12.56,14.46,13.53,13.24,12.63
53015,22.2,18.91,22.02,24.03,21.26,21.06,21.92
53017,10.7,14.23,14.59,12.78,12.15,14.86,18.7
53019,20.5,22.08,21.26,24.91,24.38,23.31,22.41
53021,7.9,8.44,9.55,10.03,10.04,9.05,8.07
53023,11.8,12.9,15.51,15.93,14.89,15.37,15.43
53025,10.7,14.21,13.71,16.21,16.46,15.47,15.05
53027,23.1,23.48,28.96,27.31,22.14,25.79,30.17
53029,14.3,14.38,12.32,15.74,11.5,13.06,14.98
53031,16.3,18.19,22.28,23.86,22.13,21.78,21.65
53033,14.4,13.92,14.22,15.27,16.55,18.27,21.21
53035,12.6,15.64,15.37,14.14,15.57,15.74,16.71
53037,8.7,9.95,9.43,11.81,9.6,12.74,16.48
53039,11.3,12.16,15.77,15.66,14.72,18.84,23.76
53041,18.3,17.43,18.81,19.12,18.17,18.98,20.45
53043,14.0,13.79,17.97,17.28,16.5,16.83,17.13
53045,19.9,21.13,21.02,20.58,19.3,23.12,27.42
53047,16.1,17.85,16.37,15.21,21.75,17.9,15.16
53049,19.7,21.05,23.55,26.27,22.89,21.9,21.86
53051,17.7,20.1,20.59,20.42,18.58,22.71,27.05
53053,15.2,16.82,17.45,18.53,17.66,17.31,17.39
53055,11.9,12.49,16.62,16.4,16.06,17.51,18.6
53057,14.2,18.44,19.66,19.12,18.66,16.94,15.0
53059,14.5,14.73,16.56,19.61,16.44,17.52,19.3
53061,17.0,17.79,16.3,17.43,20.2,21.93,24.18
53063,13.7,19.08,22.84,18.0,16.18,16.2,16.4
53065,15.5,15.34,20.6,20.47,18.28,15.38,12.58
53067,10.5,13.52,12.09,13.44,13.67,14.65,16.11
53069,15.5,16.74,19.25,21.32,21.03,20.04,20.04
53071,20.0,16.64,16.82,22.55,19.33,18.01,17.39
53073,8.9,13.5,9.99,11.88,8.62,10.07,10.61
53075,6.4,8.41,8.85,9.86,8.48,8.58,8.97
53077,10.2,11.67,11.8,15.21,15.06,17.31,20.33
54001,14.3,16.82,18.55,21.48,20.61,21.38,21.51
54003,39.6,41.43,66.66,71.15,57.31,51.15,43.01
54005,78.9,71.96,58.45,70.34,87.85,71.12,55.09
54007,18.2,19.9,22.07,25.44,26.2,24.79,23.42
54009,35.5,36.12,42.17,42.36,36.71,41.19,44.68
54011,51.5,72.63,93.12,134.43,115.1,100.26,86.25
54013,15.3,15.95,17.34,18.57,20.39,18.07,16.16
54015,24.0,27.32,31.05,28.71,33.77,30.19,27.34
54017,14.5,15.71,18.76,19.4,17.49,18.92,19.75
54019,37.2,35.47,38.43,59.45,51.94,62.35,73.77
54021,10.3,11.24,12.81,14.14,13.9,14.05,13.91
54023,12.9,15.55,19.46,18.27,23.23,20.32,16.24
54025,29.4,31.25,30.1,31.53,33.14,35.08,37.64
54027,30.3,41.52,51.88,46.36,49.82,56.33,60.71
54029,47.3,45.64,47.76,52.14,43.27,55.14,66.89
54031,14.4,17.06,18.96,20.24,23.54,21.39,17.5
54033,27.1,27.67,34.04,32.34,31.64,37.05,41.41
54035,18.4,19.73,22.13,23.82,24.05,21.55,19.54
54037,24.0,28.6,47.9,40.3,37.89,40.82,41.54
54039,41.6,52.74,58.02,67.1,64.94,70.82,77.27
54041,12.9,14.64,16.6,24.1,21.36,20.88,19.98
54043,44.2,43.07,55.46,70.62,55.33,56.24,57.42
54045,58.2,61.5,56.94,86.92,67.2,82.29,97.92
54047,57.4,104.77,80.65,76.8,82.62,74.27,66.59
54049,15.4,16.36,20.43,20.67,24.56,31.42,37.07
54051,18.1,18.48,23.77,25.06,25.11,25.43,25.06
54053,36.6,32.56,44.99,52.47,45.88,39.23,33.09
54055,64.1,60.31,66.81,61.02,58.42,49.79,41.77
54057,16.6,21.6,32.8,27.47,29.43,29.13,26.65
54059,75.9,60.2,75.72,72.55,52.26,57.82,63.9
54061,14.0,14.42,24.55,24.7,20.13,22.37,23.07
54063,24.7,27.85,32.65,33.42,31.61,33.73,36.51
54065,28.2,30.5,38.52,50.74,41.44,43.91,44.26
54067,31.0,34.37,42.54,37.04,28.97,31.88,35.36
54069,21.9,27.0,28.58,35.6,37.74,37.73,36.72
54071,12.6,13.06,15.39,17.42,17.06,16.56,15.2
54073,14.9,16.1,18.18,18.05,19.46,18.57,17.53
54075,23.5,29.55,30.43,30.76,29.36,30.25,31.94
54077,17.9,15.78,22.57,21.95,17.05,19.0,19.05
54079,22.1,30.03,33.8,49.23,38.19,35.91,33.92
54081,49.9,69.94,61.44,72.93,66.03,83.1,100.9
54083,16.0,16.01,20.27,20.49,17.97,20.29,22.25
54085,13.6,14.75,16.82,19.37,17.77,19.44,21.01
54087,18.7,21.29,29.53,25.49,26.16,24.08,22.24
54089,38.1,43.12,52.28,51.34,48.54,47.15,46.61
54091,14.3,16.07,18.12,21.97,22.04,20.9,18.41
54093,9.9,10.71,13.15,13.28,13.34,13.67,12.89
54095,13.8,15.15,16.96,18.34,18.52,18.65,18.55
54097,11.3,13.56,15.38,18.93,15.91,15.48,14.61
54099,42.3,44.0,71.44,99.87,67.28,60.57,54.49
54101,29.5,35.04,36.17,37.64,36.41,39.38,42.58
54103,16.3,20.02,21.33,25.07,25.2,23.67,22.0
54105,15.8,17.07,19.53,19.68,21.29,22.74,24.68
54107,23.9,25.19,41.25,28.18,30.89,34.87,39.09
54109,78.0,95.39,78.88,78.52,68.54,70.47,73.04
55001,18.4,19.69,20.75,27.21,30.64,25.94,22.33
55003,15.5,17.48,17.02,20.84,19.35,21.55,22.83
55005,7.5,7.83,8.88,9.23,8.38,8.49,8.8
55007,8.9,9.22,9.55,11.74,11.05,11.14,10.74
55009,10.6,11.21,12.97,15.06,11.38,14.55,18.76
55011,6.9,7.06,8.44,8.68,9.34,8.6,8.68
55013,10.8,10.61,12.98,12.08,12.47,12.92,13.75
55015,7.4,7.79,7.99,8.6,8.19,9.16,10.86
55017,7.7,9.05,10.77,14.29,11.94,12.9,13.76
55019,5.1,5.4,6.52,7.11,6.1,6.59,7.56
55021,15.3,19.91,25.03,22.64,24.43,24.69,26.16
55023,9.2,11.28,12.31,13.23,11.63,13.1,15.94
55025,15.2,16.13,19.6,20.02,19.09,22.16,25.88
55027,13.3,19.77,24.37,23.12,22.92,21.67,21.34
55029,7.1,8.13,7.9,9.16,8.0,9.5,10.58
55031,10.9,11.68,13.4,16.04,13.96,19.4,24.74
55033,6.3,8.1,8.47,8.64,7.79,8.77,9.72
55035,8.6,9.18,10.7,10.98,11.12,13.24,15.44
55037,13.4,15.68,16.98,20.09,17.87,18.89,19.8
55039,11.4,13.68,14.16,12.11,14.35,13.77,14.28
55041,18.8,18.55,20.3,25.35,27.44,25.77,24.19
55043,7.7,7.34,9.72,9.7,7.84,9.06,11.81
55045,9.3,10.08,13.47,11.22,13.58,13.08,13.86
55047,12.6,11.92,14.64,14.72,12.95,14.21,16.46
55049,10.2,10.54,13.89,12.53,12.09,12.4,14.03
55051,10.9,12.83,13.66,16.06,15.68,14.77,13.48
55053,10.6,12.42,13.9,19.16,13.48,13.77,14.51
55055,13.6,13.66,14.07,19.69,16.18,16.92,18.46
55057,10.9,12.81,15.97,16.02,16.12,16.62,18.03
55059,25.0,22.37,27.78,30.89,25.35,21.64,18.62
55061,6.8,7.18,8.07,8.55,8.25,8.9,10.22
55063,9.6,11.15,16.93,19.64,16.49,17.46,18.5
55065,6.0,6.17,8.45,7.91,7.99,7.59,8.45
55067,10.7,14.02,14.09,15.01,14.24,13.79,12.78
55069,10.4,10.86,11.39,11.94,12.69,13.7,14.41
55071,15.6,18.11,15.36,15.99,16.38,17.15,18.86
55073,6.9,9.0,10.57,11.26,8.93,10.48,11.73
55075,9.2,10.85,13.19,13.99,12.47,15.01,17.51
55077,17.9,16.86,24.18,28.77,28.74,21.56,15.53
55078,19.5,20.03,22.34,28.05,25.0,24.14,23.72
55079,25.9,26.48,32.97,37.12,36.52,41.08,46.51
55081,14.6,11.38,13.25,14.97,15.19,21.23,27.78
55083,6.3,6.47,8.04,8.2,7.09,8.42,10.19
55085,9.3,10.75,12.63,10.78,12.97,11.54,10.53
55087,7.7,9.55,10.32,11.17,7.91,10.21,13.19
55089,9.7,9.34,9.94,12.39,9.89,11.3,13.45
55091,5.9,6.5,7.42,7.88,7.7,9.16,10.69
55093,7.5,7.34,7.84,9.75,8.79,8.39,8.22
55095,6.6,7.76,6.98,7.6,8.4,7.22,5.97
55097,8.0,8.09,10.29,10.82,9.53,11.05,12.35
55099,7.9,8.62,10.73,11.88,10.78,11.58,11.82
55101,21.0,19.12,17.59,24.05,16.38,18.71,21.71
55103,10.2,10.57,16.03,15.58,13.82,15.41,18.24
55105,18.8,19.05,25.22,27.91,27.29,26.61,26.17
55107,9.0,9.76,10.01,12.48,11.4,11.72,11.94
55109,6.7,6.81,7.75,8.69,8.88,8.69,8.24
55111,13.9,18.07,22.2,19.08,22.46,22.56,23.78
55113,18.9,17.67,19.25,22.7,21.9,22.52,23.26
55115,7.9,8.22,10.03,13.05,10.76,11.38,12.7
55117,10.5,15.12,17.66,17.54,14.51,16.79,20.23
55119,4.7,5.77,5.96,6.34,6.17,6.6,6.5
55121,7.1,6.76,9.11,8.52,9.35,8.33,7.85
55123,8.9,7.31,10.29,9.97,8.24,9.31,11.04
55125,15.7,20.37,18.58,19.62,20.23,23.33,25.73
55127,13.9,14.42,17.55,18.9,18.8,22.03,25.48
55129,8.6,10.82,11.33,12.12,10.43,10.54,10.61
55131,13.4,12.87,16.18,16.38,15.24,15.85,17.7
55133,12.7,11.82,15.66,18.6,17.32,16.57,16.42
55135,8.1,8.93,9.43,10.77,10.97,11.18,11.92
55137,7.6,7.65,10.36,10.35,9.99,9.4,10.34
55139,14.8,14.55,15.07,18.3,16.77,14.53,13.0
55141,8.7,10.74,14.23,12.67,10.46,13.72,16.8
56001,11.3,11.45,14.56,13.07,11.71,13.81,18.15
56003,13.2,15.18,18.82,21.31,18.78,20.99,25.09
56005,13.7,12.71,12.84,14.74,13.13,13.43,15.84
56007,20.8,23.52,27.63,26.63,21.26,22.7,25.84
56009,9.3,9.99,13.47,11.68,11.81,11.44,13.99
56011,7.5,7.54,8.67,9.94,8.9,9.24,10.8
56013,17.5,24.42,20.9,17.55,21.44,24.85,30.68
56015,8.6,9.87,10.07,10.69,11.51,11.24,11.8
56017,12.1,12.72,13.98,15.9,14.92,14.99,17.76
56019,10.5,11.99,13.74,13.91,12.62,13.52,17.38
56021,17.7,16.85,14.48,16.53,14.06,17.21,22.11
56023,15.0,15.38,18.86,18.22,15.17,17.46,22.86
56025,20.6,17.95,20.32,16.97,18.12,18.47,22.53
56027,9.1,10.45,11.43,12.11,11.7,11.84,14.5
56029,11.0,13.19,15.4,15.07,13.61,12.65,12.99
56031,12.1,13.18,14.84,15.05,16.17,15.8,17.18
56033,9.4,9.67,10.89,12.07,11.02,11.4,13.91
56035,8.4,8.72,10.32,10.32,11.17,11.12,12.9
56037,22.1,17.38,24.06,19.64,18.91,20.2,24.15
56039,7.0,7.61,9.47,9.63,9.14,9.95,12.59
56041,24.2,23.65,23.93,22.81,20.07,21.17,25.22
56043,12.1,13.93,15.82,16.11,19.03,17.13,17.55
56045,8.1,8.79,10.12,10.78,10.86,10.68,12.61
