FIPS,2014 kals,2015 kals,2016 kals,2017 kals,2018 kals,2019 kals,2020 kals
01001,145.3,130.47,129.83,114.2,100.71,86.6,71.75
01003,143.5,132.2,124.0,107.4,90.31,73.77,56.42
01005,102.0,93.78,92.64,90.5,90.3,90.27,87.83
01007,75.8,69.33,95.41,90.78,87.59,83.17,78.67
01009,63.2,57.31,56.58,49.54,43.85,36.75,29.55
01011,34.3,23.64,20.04,19.9,21.21,21.56,20.95
01013,145.0,139.78,135.31,120.08,105.54,91.31,76.34
01015,180.0,165.9,160.79,141.43,123.88,105.4,86.78
01017,163.1,147.88,141.13,127.87,115.0,103.11,90.1
01019,175.1,168.73,157.97,135.56,115.69,93.65,72.62
01021,132.1,120.7,120.86,107.71,95.96,83.52,71.15
01023,141.2,99.12,97.68,91.32,84.65,77.8,69.34
01025,184.3,166.1,165.02,156.45,146.78,137.48,127.08
01027,150.6,139.64,133.97,117.96,102.83,87.98,72.44
01029,48.2,50.16,44.11,46.32,50.46,53.97,57.77
01031,143.2,132.41,129.7,121.35,113.22,105.69,96.35
01033,234.3,223.14,208.97,187.96,167.5,145.87,124.9
01035,154.4,105.7,94.28,87.94,81.78,75.19,68.31
01037,35.7,26.72,25.62,23.43,22.58,21.74,19.51
01039,216.2,198.82,172.13,148.34,125.01,101.81,77.13
01041,101.5,93.88,90.68,80.81,71.71,62.84,53.63
01043,182.6,171.86,166.32,145.3,124.55,103.25,81.22
01045,71.5,64.1,76.99,69.54,62.75,55.85,47.53
01047,123.3,115.97,117.82,102.72,89.81,75.42,60.84
01049,122.7,116.74,114.76,104.64,97.03,87.49,78.83
01051,122.7,112.86,116.98,113.1,111.47,108.68,105.28
01053,166.8,172.72,173.54,156.94,140.38,124.19,106.38
01055,191.4,172.47,157.49,132.95,110.45,86.91,63.83
01057,162.5,161.11,134.59,113.82,92.74,70.35,48.54
01059,225.5,221.79,222.6,186.23,150.35,112.33,75.77
01061,50.4,54.51,50.45,43.94,38.6,33.44,26.38
01063,98.6,79.3,79.89,55.62,31.96,6.55,-19.36
01065,100.2,85.5,97.01,98.22,100.66,101.28,102.03
01067,37.3,47.33,32.1,26.53,22.29,17.88,11.68
01069,161.1,147.55,142.98,136.44,131.67,125.98,118.8
01071,135.6,117.72,142.44,141.96,143.06,143.0,144.05
01073,130.2,123.03,117.04,105.23,94.28,82.86,70.95
01075,105.8,107.32,103.77,81.53,58.86,35.48,12.42
01077,151.0,140.23,127.56,112.44,98.81,83.29,68.73
01079,140.5,126.67,114.79,101.5,88.81,74.76,60.56
01081,70.0,62.94,64.03,58.22,54.25,50.42,44.99
01083,79.1,70.26,75.36,68.76,63.08,56.39,49.84
01085,1.9,-0.17,0.61,-0.43,0.01,0.02,-0.72
01087,67.2,61.96,60.28,46.39,33.5,20.02,5.46
01089,122.0,116.98,114.16,101.29,89.06,75.74,62.58
01091,140.9,130.6,131.77,129.88,128.29,124.76,121.09
01093,207.3,193.64,182.59,164.32,145.94,126.02,107.15
01095,221.2,201.1,191.58,167.28,143.87,119.97,96.05
01097,158.5,143.41,133.63,119.17,102.96,89.17,74.41
01099,143.8,133.84,135.42,125.39,114.37,104.36,92.64
01101,101.7,87.48,88.04,84.63,83.03,80.73,77.96
01103,142.7,137.5,135.28,118.08,101.43,83.37,65.58
01105,5.2,3.43,4.27,3.26,3.75,2.28,1.48
01107,124.7,100.35,82.36,70.94,59.17,47.28,34.76
01109,112.7,104.64,105.38,99.68,95.43,90.81,85.01
01111,126.3,112.77,108.83,100.22,92.39,85.02,77.37
01113,128.9,118.37,111.51,103.68,99.23,92.72,85.94
01115,112.9,107.18,113.54,106.41,100.6,93.59,85.94
01117,110.5,103.34,101.05,90.43,81.48,72.07,61.75
01119,45.7,40.52,40.31,36.89,33.48,27.83,22.33
01121,154.4,140.49,138.92,124.6,111.59,97.41,83.26
01123,109.8,102.83,107.49,100.73,95.45,89.75,82.9
01125,116.7,113.23,111.37,100.44,90.15,78.87,67.42
01127,291.1,252.01,236.01,219.02,201.74,183.57,165.68
01129,36.8,37.08,43.83,51.35,58.43,65.77,71.69
01131,62.1,62.7,66.17,56.71,47.77,37.78,27.46
01133,179.6,168.72,171.36,159.15,147.68,134.42,122.01
02013,0.0,-0.01,-0.02,-0.01,1.2,2.54,1.76
02016,0.0,-0.0,0.01,0.01,-0.88,-0.66,-2.06
02020,68.0,68.07,66.3,59.63,52.88,43.42,36.14
02050,0.0,-0.01,0.02,-0.0,0.69,-2.45,-4.44
02060,0.0,0.02,0.0,-0.03,0.49,-0.05,-2.15
02063,0.0,-0.03,0.01,-0.03,-0.51,-2.16,-3.31
02066,0.0,-0.03,-0.02,-0.02,1.52,0.66,1.15
02068,0.0,-0.06,-0.0,-0.07,1.75,-0.07,-0.58
02070,0.0,0.01,-0.01,-0.01,0.35,-0.07,-1.76
02090,54.3,50.56,48.43,42.6,37.54,31.36,24.28
02100,0.0,-0.01,-0.01,-0.1,-0.28,0.89,2.74
02105,0.0,-0.11,-0.02,-0.26,-0.42,0.25,0.13
02110,87.6,81.42,79.84,66.72,52.81,39.39,25.54
02122,100.0,100.08,97.91,82.91,66.74,47.73,30.02
02130,100.6,101.9,91.65,76.59,62.14,48.66,34.83
02150,38.6,34.26,33.6,28.43,21.06,14.02,7.22
02158,0.0,0.04,0.01,0.01,-1.18,-3.14,-5.08
02164,0.0,-0.04,-0.01,-0.01,-0.22,-2.06,-4.9
02170,86.2,79.13,76.41,69.26,62.42,53.93,46.67
02180,0.0,-0.01,-0.03,0.0,-0.89,-3.23,-4.66
02185,0.0,0.0,-0.0,-0.02,2.85,4.76,6.09
02188,0.0,0.01,-0.01,-0.01,2.8,1.89,2.24
02195,92.2,80.66,71.3,64.37,55.96,48.8,42.71
02198,59.0,63.71,56.42,39.15,21.82,7.21,-8.99
02220,14.1,10.5,9.43,7.25,5.06,3.88,3.68
02230,0.0,-0.05,-0.02,-0.03,-0.43,0.74,2.38
02240,0.0,-0.01,0.01,-0.02,1.24,0.68,0.43
02275,0.4,0.19,0.28,-0.18,-0.75,-0.03,1.03
02282,0.0,0.02,-0.0,0.01,1.78,1.87,2.98
02290,0.0,-0.02,-0.0,-0.01,0.19,-1.33,-2.31
04001,21.5,18.88,18.47,18.52,19.72,19.99,21.8
04003,82.7,83.46,79.05,68.64,60.14,48.97,39.32
04005,60.4,56.24,51.24,42.27,33.12,24.1,14.2
04007,124.3,116.4,110.03,87.62,66.92,44.16,21.39
04009,106.0,99.38,84.56,74.21,66.16,56.37,47.1
04011,1.3,0.31,-0.35,-0.35,1.98,1.63,2.55
04012,89.7,82.65,78.28,66.06,52.46,39.11,27.04
04013,77.9,73.7,68.23,58.71,49.5,38.33,27.81
04015,142.2,133.96,127.51,113.29,99.66,85.06,72.8
04017,74.7,70.28,67.51,65.27,64.7,62.63,61.36
04019,84.2,79.47,74.05,64.71,55.77,45.18,35.8
04021,65.6,63.11,58.25,49.49,41.4,30.04,21.17
04023,27.4,24.8,29.11,21.28,14.72,5.74,-1.87
04025,110.6,104.51,97.83,86.87,77.27,65.22,54.3
04027,57.6,57.9,56.62,47.47,37.17,29.19,21.71
05001,92.8,84.6,126.09,124.74,124.45,123.84,121.41
05003,126.5,120.38,116.08,110.2,104.74,99.86,94.32
05005,148.0,140.27,142.71,133.85,124.52,114.66,103.99
05007,95.1,93.15,88.27,79.01,67.84,56.83,44.76
05009,168.8,168.98,157.39,141.68,124.58,108.41,90.17
05011,149.6,130.86,117.75,109.13,101.54,93.79,85.41
05013,84.4,87.86,83.46,77.56,72.66,68.41,63.19
05015,78.2,72.16,87.83,79.33,69.98,60.3,48.87
05017,88.9,85.3,77.86,78.59,81.49,83.74,84.52
05019,116.9,100.5,101.98,94.52,87.36,80.35,71.68
05021,140.3,142.13,134.4,118.51,100.68,83.73,67.23
05023,118.7,111.72,115.3,111.54,108.27,105.16,100.42
05025,0.4,0.11,0.45,-0.08,1.33,1.98,1.48
05027,133.0,117.63,110.69,100.66,91.49,82.0,72.31
05029,130.5,131.87,131.62,123.84,115.63,108.53,98.43
05031,166.0,163.8,158.57,145.37,131.67,118.0,104.18
05033,169.4,164.76,157.91,145.89,133.82,121.21,107.08
05035,107.0,106.46,108.89,105.17,101.28,96.83,91.95
05037,138.5,128.25,121.36,109.77,98.8,87.15,74.94
05039,112.6,106.81,101.76,78.61,57.03,35.15,11.93
05041,166.6,163.47,145.25,131.64,120.87,108.83,95.65
05043,117.8,116.06,129.53,126.08,124.27,121.62,117.99
05045,100.7,96.93,97.62,89.91,81.55,74.59,65.06
05047,28.0,29.03,22.4,18.72,13.98,10.0,3.64
05049,104.2,94.1,115.19,109.68,103.57,97.47,91.08
05051,194.9,182.49,176.98,158.56,139.99,122.17,101.67
05053,88.4,80.99,77.58,73.61,70.51,67.09,61.18
05055,185.6,174.91,177.23,172.0,165.99,160.5,154.98
05057,131.5,120.26,117.31,114.35,112.42,110.32,106.57
05059,114.1,104.03,105.03,96.46,88.04,79.75,69.29
05061,180.7,170.84,164.23,148.8,132.8,117.97,101.06
05063,178.7,165.02,160.29,149.9,140.07,129.6,118.46
05065,93.9,77.53,102.24,99.57,96.34,92.55,88.23
05067,160.1,148.21,150.04,135.62,122.26,109.1,94.28
05069,114.9,112.42,109.01,102.6,97.96,92.53,85.55
05071,147.7,136.76,128.0,110.64,92.02,76.39,56.95
05073,4.2,1.06,102.7,109.26,116.8,124.61,131.4
05075,48.2,40.03,37.55,34.47,30.41,26.51,22.4
05077,55.3,51.29,66.96,67.31,67.89,68.46,68.42
05079,81.1,81.55,68.96,60.78,55.17,49.55,42.1
05081,164.3,162.71,163.13,154.79,145.69,137.12,127.05
05083,40.6,39.74,40.08,36.67,33.2,29.86,24.61
05085,111.4,109.82,101.96,94.97,88.38,81.47,73.24
05087,83.5,79.68,79.49,79.47,77.85,77.15,75.67
05089,95.6,85.69,83.1,77.19,70.84,63.85,56.22
05091,138.1,129.57,113.09,102.4,92.88,82.45,72.12
05093,144.8,137.23,138.75,135.48,131.07,126.6,122.71
05095,109.2,102.64,93.96,85.98,78.97,71.68,62.76
05097,108.1,107.86,95.94,82.6,70.28,58.04,43.83
05099,0.0,-0.75,0.78,-0.27,-1.05,-1.79,-3.41
05101,2.8,1.52,0.46,0.26,-0.98,-0.71,-3.36
05103,139.8,142.05,142.95,137.55,133.03,128.73,123.85
05105,94.9,51.7,51.17,28.92,6.88,-14.35,-38.8
05107,173.6,162.19,161.31,160.62,160.8,160.08,158.27
05109,10.6,4.55,90.42,85.35,81.22,76.79,70.47
05111,105.5,98.52,118.9,120.27,122.05,123.32,124.32
05113,133.2,123.52,117.71,105.08,93.25,81.36,68.19
05115,138.2,133.82,132.43,111.93,91.2,72.13,49.02
05117,91.3,88.1,82.49,76.26,71.18,64.72,56.89
05119,117.5,111.29,105.54,98.3,91.1,85.14,76.38
05121,116.2,113.7,113.58,103.95,93.45,83.46,73.07
05123,96.4,92.24,94.87,88.54,82.89,76.04,68.98
05125,106.9,96.66,97.0,91.99,87.28,82.82,76.33
05127,154.2,155.23,126.23,115.84,105.25,94.33,82.37
05129,99.7,86.52,82.64,79.64,75.07,71.18,65.4
05131,186.1,175.51,168.51,155.25,141.57,128.01,113.05
05133,82.9,65.59,65.6,56.46,46.85,37.66,26.92
05135,136.4,145.48,139.81,132.09,123.3,114.26,105.25
05137,169.7,159.4,153.71,152.79,151.46,150.18,147.58
05139,141.9,136.48,131.79,118.37,104.72,92.43,79.71
05141,114.4,108.97,103.4,101.63,99.53,97.92,93.46
05143,104.4,101.86,98.52,91.58,83.39,75.78,67.89
05145,138.1,125.55,123.39,116.99,112.16,105.5,97.6
05147,32.0,5.83,3.6,2.04,1.58,0.53,-1.16
05149,72.3,68.73,66.67,56.16,45.15,34.58,21.03
06001,38.0,33.59,31.05,26.21,21.26,16.28,12.42
06003,0.0,-0.31,-0.25,-0.49,-0.97,-1.4,-1.04
06005,136.6,115.72,112.17,99.24,87.45,74.76,62.58
06007,143.9,136.89,126.25,106.23,87.37,67.66,49.67
06009,98.6,91.44,83.58,70.1,57.54,43.52,30.48
06011,44.9,40.9,44.69,34.54,25.98,17.15,8.87
06013,51.8,45.87,40.94,35.91,30.46,25.72,21.21
06015,168.6,147.22,133.93,117.33,101.98,84.61,67.56
06017,75.6,68.46,63.81,54.96,47.22,38.31,31.68
06019,66.1,59.57,57.73,52.81,47.49,43.12,38.87
06021,68.9,66.34,83.47,78.35,74.87,71.39,67.49
06023,113.6,100.71,92.12,77.47,62.77,47.36,32.34
06025,59.5,53.79,52.38,48.72,43.0,40.59,38.11
06027,63.6,60.76,61.26,50.17,40.04,28.91,19.29
06029,64.4,62.27,60.27,54.96,50.12,45.39,42.37
06031,78.5,67.81,64.81,58.82,52.77,47.43,44.46
06033,167.6,138.14,117.29,95.67,74.33,53.51,33.39
06035,104.2,93.24,81.87,66.32,52.42,37.88,22.36
06037,39.8,35.34,33.43,30.21,28.59,27.45,25.75
06039,58.4,52.72,49.76,42.31,35.01,27.45,20.03
06041,44.1,39.42,36.58,32.46,27.03,22.41,18.07
06043,67.8,69.35,67.45,55.8,43.54,31.45,19.64
06045,127.2,117.88,105.17,90.52,74.7,59.13,44.17
06047,74.0,68.41,65.2,56.63,47.86,38.88,29.53
06049,111.5,100.28,96.2,81.26,68.34,56.12,41.26
06051,53.0,53.83,54.21,44.47,34.75,24.65,15.2
06053,60.3,55.57,50.52,44.15,37.56,31.87,26.36
06055,50.9,46.24,40.5,35.38,31.21,26.89,22.65
06057,97.4,86.29,82.81,70.39,59.43,47.67,37.66
06059,47.6,43.88,42.06,37.7,35.38,33.14,30.22
06061,72.9,66.47,62.85,55.94,52.0,46.84,42.47
06063,109.7,90.67,85.29,72.97,62.25,50.93,39.85
06065,56.9,52.43,49.4,44.69,39.82,36.24,31.36
06067,60.1,53.72,50.35,44.05,39.53,34.64,30.3
06069,54.0,50.25,43.85,39.46,34.95,31.29,27.31
06071,58.7,54.77,52.21,47.4,43.4,39.44,35.11
06073,46.7,42.68,39.22,34.72,29.64,26.65,23.36
06075,38.6,35.37,32.28,27.09,20.79,15.23,10.35
06077,69.4,59.2,54.46,47.44,40.31,33.99,27.73
06079,86.0,77.37,71.66,63.87,55.9,48.2,42.19
06081,36.1,33.13,31.42,27.17,22.4,17.67,13.45
06083,62.4,57.61,54.68,49.1,43.58,38.78,33.34
06085,28.9,25.89,24.02,20.53,17.88,14.31,11.6
06087,70.3,62.56,57.12,49.07,42.53,35.57,28.78
06089,151.7,132.89,118.21,101.18,84.55,67.78,49.29
06091,35.1,28.41,21.33,12.16,4.19,-5.85,-13.9
06093,114.7,123.25,117.01,96.95,77.07,55.96,35.09
06095,52.9,46.74,42.97,37.38,32.32,27.7,22.73
06097,65.5,57.78,52.3,45.72,39.29,33.38,28.06
06099,103.9,91.05,85.16,75.65,67.18,58.21,48.62
06101,111.5,108.66,102.9,94.37,87.54,80.5,75.12
06103,119.4,104.08,95.15,82.72,72.22,61.72,50.09
06105,119.6,110.13,98.58,80.68,62.22,44.22,25.49
06107,78.8,68.91,65.15,58.47,53.35,48.41,45.46
06109,142.8,127.08,115.0,104.75,93.86,83.19,72.98
06111,60.2,56.69,54.02,48.66,43.44,40.38,35.75
06113,51.8,47.49,46.46,41.07,37.21,33.3,30.44
06115,96.2,91.97,83.59,68.97,56.45,43.19,31.74
08001,60.6,56.44,52.48,46.59,43.13,36.33,32.68
08003,175.8,166.21,153.18,121.45,92.8,62.68,34.09
08005,66.7,63.56,58.33,50.42,45.39,37.04,31.66
08007,75.6,77.43,72.38,65.22,60.46,55.38,50.97
08009,95.0,81.36,86.23,78.23,73.41,66.2,61.02
08011,59.1,64.66,59.51,44.5,33.13,19.61,6.82
08013,53.6,51.07,47.79,41.8,37.7,31.46,27.65
08014,61.5,55.75,52.74,46.38,42.28,35.12,31.0
08015,102.2,97.81,94.44,83.53,75.44,66.46,58.89
08017,74.0,73.13,67.92,62.11,58.83,54.37,50.83
08019,38.1,36.07,34.73,30.89,29.56,25.65,24.58
08021,2.2,1.09,0.67,-0.21,1.88,2.5,4.08
08023,0.0,-0.45,-0.22,-0.61,2.46,4.25,7.73
08025,32.4,31.98,29.66,24.85,24.8,21.43,19.3
08027,0.0,-0.24,-0.18,-0.3,2.57,4.48,8.52
08029,96.5,90.52,83.56,76.08,70.05,64.07,59.03
08031,48.2,44.32,39.36,34.38,31.4,25.53,22.83
08033,0.0,-0.22,-0.33,-0.4,0.42,1.07,2.73
08035,55.9,54.73,50.52,45.28,42.55,37.3,35.35
08037,53.0,48.39,46.17,40.51,38.4,35.84,34.05
08039,36.6,35.02,34.92,31.01,30.6,26.62,25.89
08041,75.1,72.39,67.47,59.59,54.2,47.44,43.33
08043,80.0,76.4,72.68,66.35,62.45,57.96,55.93
08045,92.9,86.24,78.64,64.67,53.27,42.16,31.27
08047,0.0,-0.29,-0.3,-0.55,1.51,0.84,2.89
08049,50.3,47.4,43.35,37.3,33.21,26.53,22.06
08051,59.4,54.49,51.58,43.89,40.05,35.83,32.89
08053,0.0,-0.11,-0.1,-0.13,1.85,3.98,7.96
08055,87.8,77.87,80.25,86.68,96.4,105.55,115.74
08057,0.0,-0.17,-0.23,-0.43,-0.15,-0.77,-0.09
08059,81.4,76.51,70.74,61.65,54.49,44.94,38.27
08061,148.3,132.45,113.53,97.14,83.53,68.67,53.78
08063,26.7,41.76,41.09,45.07,51.55,55.38,60.74
08065,68.6,54.03,49.79,44.36,42.27,39.09,37.16
08067,69.0,63.9,58.13,51.02,45.18,39.77,34.67
08069,78.5,70.18,62.37,52.48,44.34,33.15,25.68
08071,150.0,135.78,126.32,114.76,106.42,95.63,86.22
08073,1.3,1.21,27.92,40.01,55.52,68.69,82.03
08075,102.6,90.96,81.52,77.35,73.88,68.06,65.5
08077,87.9,85.99,78.59,71.44,67.58,62.5,58.69
08079,0.0,0.04,-0.14,-0.12,2.41,4.16,8.05
08081,129.5,110.39,107.86,96.34,86.23,74.03,63.5
08083,105.2,99.74,91.17,76.61,63.06,49.11,36.52
08085,93.8,88.91,80.84,75.67,72.68,69.31,67.66
08087,97.1,75.12,65.82,59.41,54.45,45.89,41.69
08089,117.6,111.83,107.75,97.67,92.67,84.04,76.92
08091,45.4,40.26,34.51,28.27,23.13,19.81,16.82
08093,5.3,-0.03,-0.28,-0.59,2.47,2.51,6.23
08095,43.6,33.56,1.73,-0.16,-3.18,-6.56,-7.83
08097,34.6,28.35,25.99,21.66,20.45,18.91,18.71
08099,94.5,88.35,79.32,71.73,67.97,62.32,56.25
08101,125.0,116.71,108.27,97.34,89.03,79.52,71.89
08103,30.2,28.86,25.93,26.9,30.28,33.54,37.69
08105,93.3,91.6,80.3,73.02,67.9,62.5,58.18
08107,76.9,69.3,62.23,47.6,34.76,19.82,6.18
08109,0.0,-0.17,-0.41,-0.6,2.49,4.19,7.89
08111,0.0,-0.05,-0.27,-0.37,1.82,3.87,7.33
08113,39.3,41.19,36.02,29.35,23.89,19.05,15.13
08115,3.5,3.13,0.7,0.21,-0.45,-2.07,-2.41
08117,73.1,66.07,60.14,51.81,47.13,40.15,35.53
08119,121.5,115.77,107.94,90.64,75.64,58.98,45.87
08121,0.0,-0.44,-0.33,-0.22,1.51,-0.75,1.2
08123,69.8,62.89,57.91,49.43,43.01,33.25,27.43
08125,80.6,77.81,71.06,60.96,50.26,38.48,28.65
09001,50.7,48.26,43.54,37.79,31.19,25.69,20.9
09003,66.5,62.68,56.01,49.32,42.88,36.65,31.02
09005,71.1,66.99,60.57,52.97,46.0,39.2,33.51
09007,73.5,70.45,63.33,55.57,47.57,39.64,32.91
09009,75.4,70.72,63.17,54.82,46.49,38.56,31.97
09011,79.6,74.94,66.6,56.01,44.71,35.08,25.46
09013,54.5,52.13,48.03,41.95,36.32,30.91,26.37
09015,82.4,78.0,71.68,61.74,51.46,42.32,33.61
10001,94.4,84.7,76.14,63.98,53.11,44.28,34.66
10003,81.2,78.22,74.49,65.17,56.55,50.11,43.7
10005,113.8,100.47,93.12,80.38,70.86,62.21,52.4
11001,40.1,35.84,32.63,28.41,24.19,21.88,18.14
12001,71.6,69.02,68.97,65.25,63.57,60.36,58.85
12003,142.0,118.13,112.51,105.71,100.16,92.6,86.65
12005,128.4,121.22,120.37,113.34,107.44,101.0,94.71
12007,100.8,92.83,93.34,85.07,77.94,69.87,63.33
12009,97.0,93.01,92.13,84.79,77.22,68.12,60.72
12011,54.7,51.96,51.24,46.15,41.0,37.71,34.31
12013,79.7,74.73,71.1,67.51,65.68,61.9,57.81
12015,82.0,77.85,79.7,75.17,71.59,67.41,62.36
12017,107.2,104.12,104.86,103.02,101.83,99.69,98.56
12019,94.0,88.18,87.32,80.52,75.18,68.04,62.08
12021,62.0,58.47,58.25,51.74,45.96,39.99,33.36
12023,125.4,119.49,118.54,111.81,105.86,97.92,91.52
12027,58.0,54.49,57.23,56.07,55.85,54.64,53.16
12029,41.3,47.24,45.43,42.6,40.92,37.89,35.53
12031,95.1,88.53,88.5,82.95,78.55,73.32,68.71
12033,126.2,116.37,113.01,102.96,93.36,83.82,73.75
12035,80.9,77.41,80.11,74.77,71.45,67.55,64.06
12037,109.5,94.38,79.97,70.02,62.07,52.02,41.86
12039,63.0,58.33,58.8,53.36,50.47,44.35,39.97
12041,45.5,46.56,43.77,42.63,43.11,42.04,42.04
12043,7.6,4.74,4.9,3.3,3.31,2.59,1.33
12045,128.0,135.59,105.25,91.21,77.68,63.1,48.36
12047,44.2,37.34,36.54,30.23,24.75,16.6,8.78
12049,45.9,42.16,39.01,34.44,30.71,26.33,21.31
12051,75.1,69.12,70.74,64.31,59.05,53.67,47.89
12053,106.3,108.84,110.01,103.85,98.75,93.51,87.89
12055,79.6,79.28,79.96,73.62,68.12,61.72,55.53
12057,72.9,67.03,65.7,60.32,56.66,52.06,46.3
12059,108.8,86.31,82.88,77.54,73.97,69.34,64.39
12061,100.0,96.65,96.48,90.8,84.16,77.37,72.18
12063,121.0,107.0,108.65,103.83,100.97,96.89,92.77
12065,57.1,51.72,51.93,47.37,43.98,38.08,32.82
12067,65.0,60.35,57.52,50.1,44.1,36.25,29.02
12069,87.1,82.56,82.3,75.25,69.19,61.53,56.03
12071,68.8,65.37,66.35,61.67,57.61,53.02,47.6
12073,71.9,68.59,71.35,65.98,62.97,56.95,51.55
12075,118.9,103.91,102.84,98.39,94.15,88.53,84.26
12077,44.9,40.05,40.32,39.12,39.48,38.02,36.66
12079,82.6,80.29,81.17,75.87,71.12,64.34,58.14
12081,82.3,77.3,76.17,70.84,67.48,62.94,57.54
12083,89.6,89.45,90.69,85.46,81.5,76.35,72.11
12085,75.8,73.94,74.58,71.23,66.74,63.36,59.71
12086,34.4,32.01,30.57,28.0,25.42,24.0,22.61
12087,83.1,79.81,79.89,74.73,68.09,64.92,59.73
12089,118.8,111.4,110.48,103.53,98.24,91.29,86.27
12091,92.1,87.0,85.37,77.85,71.4,64.01,56.08
12093,122.1,116.05,102.34,95.43,88.92,82.11,75.46
12095,50.8,45.96,45.28,41.2,37.97,33.63,30.32
12097,60.1,56.26,53.23,46.62,40.98,33.89,27.16
12099,63.3,59.93,59.34,54.07,48.21,43.68,38.1
12101,90.7,85.27,86.48,80.92,76.74,71.67,66.03
12103,88.9,83.6,82.4,74.87,68.44,61.02,52.24
12105,74.7,69.78,72.61,68.04,64.77,59.87,54.33
12107,126.7,114.14,110.32,102.38,95.64,87.65,80.13
12109,66.8,64.1,64.96,60.77,57.92,54.27,51.33
12111,72.9,68.15,65.61,61.65,56.55,52.51,48.58
12113,111.7,99.52,97.34,90.39,84.27,77.63,70.83
12115,85.1,80.3,79.08,73.47,69.63,64.72,58.53
12117,59.3,53.58,55.66,52.67,50.6,46.94,44.73
12119,71.8,72.76,72.7,69.11,66.82,63.16,60.67
12121,92.9,88.78,85.82,80.29,75.4,68.56,62.54
12123,121.8,112.6,113.65,112.72,112.43,110.57,108.83
12125,67.7,61.01,55.09,52.0,49.86,46.16,43.73
12127,86.9,81.2,81.9,73.88,67.8,59.39,53.58
12129,89.6,84.55,83.71,78.49,75.85,69.89,63.95
12131,97.9,84.32,88.4,84.26,80.79,77.72,74.5
12133,184.1,144.07,126.14,121.11,117.32,113.42,108.74
13001,129.7,129.32,123.78,115.89,107.79,98.8,90.32
13003,71.3,77.25,69.83,66.72,63.3,59.01,55.27
13005,145.7,150.7,156.72,168.99,181.69,194.24,206.61
13007,0.0,-0.37,-0.42,-0.56,0.52,-0.2,-0.28
13009,113.0,103.52,98.77,90.17,83.42,74.63,68.25
13011,51.1,47.32,42.68,31.96,23.82,14.54,6.58
13013,92.3,87.88,85.1,76.26,69.08,62.04,55.01
13015,112.1,104.67,102.87,98.66,96.73,93.04,89.99
13017,199.0,205.88,199.71,183.2,166.65,150.02,133.4
13019,61.8,57.64,57.75,52.83,48.21,42.66,36.88
13021,145.4,139.28,131.69,121.38,113.67,103.8,95.36
13023,147.0,143.61,132.34,124.23,116.76,106.96,99.49
13025,71.4,65.31,55.86,50.35,44.1,37.02,30.72
13027,73.6,86.34,90.77,87.86,85.75,81.55,77.53
13029,93.7,89.01,90.22,82.14,73.28,65.64,58.24
13031,93.9,95.79,85.72,78.32,70.94,62.36,55.19
13033,93.0,88.04,84.21,76.2,68.77,58.65,50.85
13035,103.5,104.29,100.43,91.87,84.63,77.2,69.94
13037,2.0,0.3,1.47,0.81,1.71,0.96,0.8
13039,82.2,74.45,73.97,66.09,59.4,50.82,44.12
13043,151.1,159.58,168.33,157.47,146.58,134.69,124.67
13045,126.1,119.91,116.44,109.82,104.65,99.0,93.23
13047,148.9,126.5,116.97,104.9,95.05,84.48,74.26
13049,101.1,99.51,103.56,95.95,88.67,79.83,72.19
13051,91.7,87.79,85.1,77.3,68.29,60.44,52.02
13053,0.0,-0.67,-0.32,-0.59,1.89,2.77,3.27
13055,150.2,132.74,131.24,120.72,112.02,102.26,94.06
13057,71.3,67.85,69.6,63.94,61.38,57.69,54.51
13059,104.7,98.69,97.01,90.87,85.73,80.81,76.18
13061,67.7,55.82,48.98,43.09,38.46,33.35,27.05
13063,51.6,48.0,44.89,39.01,35.82,32.46,28.37
13065,144.8,152.96,152.36,146.07,140.28,133.19,126.44
13067,65.0,61.37,61.31,54.72,51.43,46.97,42.68
13069,173.1,167.63,172.87,175.51,177.25,178.5,180.35
13071,87.7,86.3,85.78,85.06,85.19,84.63,83.97
13073,88.6,84.68,81.16,71.97,63.84,53.67,45.97
13075,110.4,104.85,106.33,105.11,105.37,104.17,102.53
13077,80.3,80.93,81.4,75.83,71.93,68.48,64.55
13079,0.6,0.26,1.74,0.64,1.66,2.03,2.82
13081,180.4,178.87,174.64,169.76,165.82,161.25,157.16
13083,112.0,85.42,76.11,62.44,50.69,38.13,25.56
13085,162.6,150.45,137.24,141.27,148.69,155.11,162.0
13087,134.2,125.49,122.51,120.46,119.96,117.26,114.63
13089,48.6,45.97,45.15,40.2,37.56,34.84,31.74
13091,107.2,97.51,93.05,92.26,92.74,92.15,92.4
13093,0.5,0.39,0.1,0.45,1.99,2.1,3.22
13095,129.6,125.95,119.88,106.61,93.72,80.52,67.59
13097,101.7,97.22,94.62,85.59,79.1,71.41,64.41
13099,126.0,119.38,118.22,113.91,111.58,107.92,104.01
13101,0.0,-0.27,0.76,-0.56,-0.76,-3.15,-5.55
13103,86.5,86.36,80.22,72.04,62.7,53.66,44.64
13105,152.1,144.51,146.22,139.14,132.3,125.88,120.54
13107,107.8,110.1,113.35,107.99,103.14,96.72,91.52
13109,145.3,135.61,123.06,115.56,108.15,100.44,93.65
13111,160.8,162.37,154.89,136.76,122.27,106.45,91.36
13113,87.8,87.84,91.21,81.85,75.5,68.45,61.07
13115,163.8,159.15,153.46,136.02,120.91,104.16,87.65
13117,57.6,52.77,50.95,47.4,46.21,44.58,43.09
13119,141.9,128.27,123.01,112.8,104.34,96.07,88.47
13121,52.3,49.13,49.13,43.91,41.55,38.86,35.94
13123,145.4,139.44,135.12,119.23,107.1,92.83,79.33
13125,0.0,-0.18,-0.52,-0.94,0.02,-1.28,-0.56
13127,105.5,103.79,104.38,94.26,83.49,72.59,62.38
13129,130.5,120.15,117.78,106.4,97.39,87.18,77.52
13131,74.2,74.31,78.42,77.25,77.87,75.83,74.66
13133,140.6,130.19,140.7,130.03,121.07,111.1,102.84
13135,49.4,47.13,47.26,43.13,41.67,39.77,37.96
13137,118.3,108.42,102.51,100.23,99.92,98.91,98.78
13139,98.9,96.55,94.58,87.84,84.14,79.19,74.63
13141,53.8,54.38,53.69,45.91,40.25,32.89,27.03
13143,203.6,204.18,194.25,180.92,168.46,155.86,142.97
13145,8.4,8.17,7.79,5.36,5.14,4.12,2.52
13147,109.0,104.19,103.22,101.33,100.63,100.25,100.41
13149,1.2,0.02,0.31,-0.03,0.82,1.84,2.77
13151,85.8,82.11,78.64,70.69,65.36,59.38,53.3
13153,104.9,99.53,94.07,86.93,80.79,73.24,67.06
13155,82.2,63.98,57.58,54.45,51.07,46.96,43.15
13157,119.2,109.88,115.44,108.13,102.86,97.24,92.23
13159,64.9,60.92,58.7,56.89,56.65,56.02,55.96
13161,110.8,104.21,92.86,85.04,77.13,68.06,59.9
13163,128.0,128.66,125.02,113.97,104.01,91.71,81.73
13165,38.0,38.03,32.0,26.89,22.7,16.44,11.74
13167,45.3,42.29,34.29,4.98,-23.66,-54.11,-82.82
13169,55.5,53.56,53.41,50.81,50.09,47.7,46.49
13171,77.9,72.27,75.06,65.77,59.28,51.19,43.36
13173,3.3,15.05,73.33,69.5,66.77,61.91,57.7
13175,144.7,132.72,123.41,115.18,107.68,97.74,89.89
13177,53.4,54.69,52.35,46.05,40.18,33.76,27.67
13179,60.0,57.97,55.28,52.23,49.06,45.82,43.32
13181,6.8,2.82,24.08,33.91,44.69,55.19,67.06
13183,0.3,0.01,-0.43,-0.41,-0.17,-0.08,0.79
13185,103.8,93.24,94.53,86.81,79.63,70.81,61.26
13187,84.7,79.02,81.97,73.81,68.72,62.47,56.83
13189,178.6,172.59,164.28,143.73,124.2,103.05,83.19
13191,74.7,71.66,74.92,65.71,56.54,47.31,39.27
13193,71.7,74.69,68.89,68.18,68.82,68.49,68.36
13195,128.0,116.29,104.76,92.66,81.55,70.15,59.28
13197,20.9,20.91,19.77,17.54,17.89,17.58,16.6
13199,77.9,76.67,82.2,76.69,73.88,69.72,65.2
13201,128.1,116.01,108.98,100.66,94.86,87.17,79.02
13205,108.8,106.93,100.9,93.83,87.29,79.24,71.73
13207,69.7,66.07,67.53,66.09,66.93,66.05,66.24
13209,37.3,27.79,35.4,43.96,52.6,60.05,68.82
13211,86.9,83.44,79.91,76.39,74.81,72.58,71.1
13213,113.9,101.19,97.72,87.37,79.87,70.91,62.78
13215,99.6,89.49,90.22,87.01,86.72,85.16,82.92
13217,88.8,81.92,81.62,75.61,71.23,66.78,62.13
13219,61.5,63.31,63.03,59.52,57.51,55.6,54.28
13221,48.4,42.21,40.12,36.38,33.91,31.32,29.75
13223,63.0,60.02,58.45,52.67,49.42,45.32,41.41
13225,87.9,82.99,87.83,80.45,74.41,67.97,62.38
13227,132.9,127.37,122.04,112.14,105.14,96.91,89.41
13229,65.8,70.8,65.68,62.5,59.01,54.62,51.07
13231,19.3,13.86,12.59,10.18,10.97,10.36,10.34
13233,191.7,172.39,166.67,152.59,140.84,127.53,114.49
13235,99.9,96.53,89.0,89.44,90.89,91.42,92.84
13237,76.3,72.54,68.37,62.23,58.4,52.79,48.97
13239,0.0,-1.06,-0.68,-0.71,2.07,4.45,4.95
13241,157.6,146.96,134.56,145.26,158.27,170.34,183.36
13243,180.0,156.89,140.14,128.06,117.94,106.37,94.98
13245,102.0,93.49,87.1,76.78,67.21,55.34,45.81
13247,79.6,79.71,79.19,73.95,70.51,66.78,62.55
13249,1.3,19.5,5.26,2.18,1.04,-0.48,-2.88
13251,43.6,43.64,56.59,62.64,69.07,73.1,77.85
13253,206.3,195.77,180.01,171.76,165.68,158.03,150.7
13255,147.8,144.13,137.4,121.94,108.95,95.09,81.62
13257,179.7,167.86,163.29,156.54,151.58,146.4,142.3
13259,64.0,61.42,62.07,53.15,46.61,38.51,30.0
13261,112.3,102.73,104.95,106.2,109.02,110.95,112.69
13263,0.0,-0.25,0.47,0.3,2.48,3.69,5.01
13265,0.0,-0.54,-0.04,-0.96,-0.34,-0.37,1.18
13267,54.8,55.71,53.55,51.59,49.6,47.58,45.77
13269,44.9,42.52,70.05,89.31,110.65,131.16,151.69
13271,59.5,50.89,57.18,62.72,69.4,75.13,81.88
13273,41.1,48.31,50.88,47.15,45.49,42.59,39.7
13275,103.6,101.11,107.04,104.23,102.28,98.03,94.14
13277,146.2,144.7,148.28,135.46,122.71,109.34,96.18
13279,186.4,158.98,154.07,137.48,120.36,102.77,86.84
13281,120.4,117.42,110.09,94.1,81.17,67.1,54.21
13283,39.6,61.7,75.11,74.27,74.4,72.57,72.44
13285,113.2,101.99,99.14,94.19,90.05,85.63,80.87
13287,85.5,93.23,84.84,91.31,97.39,103.05,109.36
13289,1.6,0.5,0.75,-0.19,0.62,-1.14,-0.61
13291,163.9,146.03,130.21,108.53,90.45,70.41,51.24
13293,148.5,138.35,138.92,142.26,149.11,154.31,159.42
13295,54.5,53.4,53.74,47.78,43.57,38.61,34.4
13297,113.4,114.43,111.21,100.91,91.79,82.41,73.11
13299,211.6,206.9,219.58,213.79,208.14,201.86,196.19
13301,1.3,0.75,-0.02,-0.96,-0.79,-0.96,-0.54
13303,112.1,104.03,96.01,85.04,75.27,63.32,53.84
13305,148.0,151.7,144.38,139.57,134.22,128.48,123.7
13307,7.8,47.27,58.45,60.38,64.49,67.5,70.49
13309,41.7,43.24,34.59,6.34,-21.08,-49.6,-76.97
13311,95.6,91.93,99.47,91.94,86.73,80.4,75.12
13313,102.6,96.15,93.23,86.81,82.73,77.9,73.11
13315,3.5,2.2,2.94,2.69,3.02,3.12,3.32
13317,157.0,148.81,139.55,122.65,106.65,90.6,75.52
13319,92.6,89.66,91.37,81.57,73.63,63.37,55.71
13321,97.7,96.39,95.11,83.35,71.95,60.46,48.12
15001,82.2,72.24,66.47,60.05,51.82,45.16,37.62
15003,38.0,35.58,33.62,30.64,27.02,23.26,18.67
15005,0.0,-0.02,-0.05,-0.14,-1.44,-2.23,-3.39
15007,66.1,57.83,55.12,49.55,44.34,35.93,29.16
15009,57.8,58.31,56.78,51.91,44.8,39.16,32.45
16001,81.5,76.11,72.18,64.31,56.47,49.74,42.85
16003,0.0,-0.51,-0.58,-0.81,-2.05,-1.27,-0.85
16005,111.3,106.76,101.63,93.62,87.4,79.62,73.45
16007,112.9,111.11,112.92,104.64,97.87,90.0,84.32
16009,99.8,98.54,90.32,81.56,73.28,66.33,58.39
16011,77.4,72.64,66.87,61.58,58.17,54.54,51.96
16013,40.1,40.34,45.72,43.52,42.3,40.69,41.02
16015,0.0,-0.33,-0.02,-0.41,-1.48,-0.57,-0.23
16017,84.9,72.94,65.0,59.92,56.58,52.39,47.33
16019,100.8,97.8,92.44,83.79,76.47,68.5,62.36
16021,126.1,110.89,100.09,98.08,97.46,97.49,95.18
16023,82.8,104.34,99.49,84.24,71.58,58.37,46.25
16025,0.0,-0.02,0.37,0.0,-0.29,0.33,0.78
16027,85.3,78.8,76.05,69.15,61.52,56.08,49.68
16029,116.0,110.64,107.12,101.4,98.02,93.73,90.89
16031,124.2,111.94,103.26,93.0,85.23,75.84,65.11
16033,0.0,0.06,-0.05,-0.34,1.63,2.83,6.39
16035,93.1,51.6,59.58,85.87,112.28,139.19,164.58
16037,39.6,21.72,24.32,25.88,28.2,30.78,34.4
16039,71.3,71.28,69.29,64.77,59.16,55.29,49.23
16041,87.8,85.94,76.14,69.75,64.99,58.86,54.38
16043,46.9,45.04,43.3,32.29,23.89,14.33,6.06
16045,113.1,105.57,108.53,101.02,92.69,85.77,78.51
16047,43.4,42.95,58.67,51.17,42.79,36.05,27.38
16049,68.2,67.09,53.05,45.76,37.92,30.77,23.48
16051,39.4,37.81,37.1,35.14,35.66,34.95,36.88
16053,75.8,77.19,71.45,63.6,56.68,49.7,42.06
16055,107.0,101.21,94.97,87.14,80.39,74.07,66.62
16057,69.2,64.08,61.37,54.97,47.87,42.28,35.44
16059,89.4,117.79,99.61,90.8,82.32,73.75,65.9
16061,198.1,136.2,18.42,8.76,-2.2,-11.92,-23.2
16063,0.0,0.12,0.13,12.47,26.16,39.53,52.25
16065,59.4,55.21,52.01,49.51,50.24,49.29,50.71
16067,36.2,32.97,29.8,28.18,28.62,27.86,25.95
16069,130.6,123.75,126.41,109.83,92.16,75.76,58.56
16071,121.0,106.72,103.55,96.89,91.32,85.45,80.13
16073,21.0,22.18,12.42,28.66,44.81,63.62,80.75
16075,43.6,44.14,46.86,42.78,37.61,33.95,29.74
16077,83.3,77.01,71.64,63.74,58.93,52.53,46.88
16079,132.3,114.96,106.79,97.58,88.99,80.71,71.47
16081,73.4,63.17,57.61,50.74,46.22,40.72,37.23
16083,116.0,107.92,100.26,91.73,84.58,77.6,69.47
16085,110.9,106.12,96.43,84.55,71.95,61.67,50.45
16087,141.1,118.47,113.65,100.99,87.56,75.64,63.06
17001,151.1,142.3,134.21,120.24,106.24,93.72,80.21
17003,48.7,47.21,9.43,-0.06,-9.84,-19.56,-30.32
17005,69.0,61.2,55.8,47.08,38.32,30.96,22.06
17007,55.3,53.2,50.57,47.14,44.59,41.48,39.36
17009,5.6,1.86,2.24,1.6,1.51,2.48,2.04
17011,32.5,32.63,30.91,30.68,30.53,30.49,31.26
17013,5.6,2.2,2.16,1.72,1.56,2.63,0.68
17015,24.7,29.18,35.34,36.79,38.19,41.48,42.96
17017,34.5,29.84,25.06,21.63,19.45,17.75,14.41
17019,72.0,70.27,66.18,58.96,51.09,44.97,37.31
17021,101.8,95.96,87.28,75.0,63.91,53.44,41.08
17023,52.9,30.94,26.35,23.51,22.18,21.9,19.81
17025,91.7,81.04,76.03,65.44,54.7,43.61,30.98
17027,39.4,37.18,34.32,32.16,30.51,29.37,27.23
17029,115.7,109.51,100.81,90.9,81.93,74.29,65.22
17031,45.2,42.87,41.27,36.86,32.03,26.96,21.42
17033,40.3,34.34,31.69,28.68,27.42,26.94,24.58
17035,2.6,1.07,0.33,0.06,0.91,2.89,2.62
17037,61.1,57.31,57.54,53.82,51.2,48.15,45.81
17039,93.8,86.47,84.96,77.18,70.05,63.75,56.5
17041,19.5,17.47,30.63,28.91,27.58,28.53,27.41
17043,51.3,48.47,46.69,42.39,38.1,33.62,28.59
17045,147.4,120.35,106.48,88.0,70.05,54.19,36.6
17047,99.6,97.84,95.98,83.1,71.3,58.06,44.43
17049,93.3,72.1,71.09,66.09,61.76,58.2,52.79
17051,75.8,66.29,61.59,55.53,49.34,44.51,37.46
17053,6.1,5.29,3.47,3.42,2.01,1.89,0.97
17055,137.2,126.63,136.67,113.8,91.71,69.13,45.8
17057,81.4,77.36,69.41,69.37,70.53,71.84,72.97
17059,0.0,-0.75,-0.4,-0.64,-0.34,-1.48,-2.89
17061,6.9,4.35,2.9,2.14,1.94,2.94,1.54
17063,85.5,82.68,90.79,83.32,75.8,68.82,60.78
17065,28.9,4.67,2.99,1.33,0.28,-1.66,-4.07
17067,36.8,32.23,26.98,19.78,12.03,6.42,-0.29
17069,223.3,240.72,239.34,210.89,182.73,153.58,123.68
17071,4.2,1.89,-0.08,-0.95,-2.46,-3.67,-4.29
17073,68.6,64.44,61.52,56.49,50.92,46.14,40.42
17075,69.1,65.66,58.1,56.07,53.4,51.12,48.06
17077,112.0,106.03,103.76,91.19,78.27,65.47,52.87
17079,46.1,41.41,41.92,38.66,36.67,35.19,32.44
17081,128.1,116.87,113.54,104.25,96.15,87.59,77.78
17083,109.2,107.77,116.97,109.92,102.38,95.64,87.57
17085,47.7,42.11,38.33,37.17,34.39,33.48,31.88
17087,32.6,31.39,30.01,25.51,20.84,15.29,10.24
17089,46.0,42.71,41.43,37.63,33.7,30.4,26.88
17091,86.0,81.47,81.74,76.52,70.78,64.89,58.78
17093,59.5,55.5,52.46,48.76,45.56,42.77,38.66
17095,115.8,112.04,107.27,97.5,87.26,77.79,69.23
17097,57.5,54.46,52.03,47.54,43.19,38.98,35.39
17099,91.9,88.66,84.98,78.19,71.0,65.03,58.24
17101,103.9,93.32,87.03,82.6,80.29,77.4,73.18
17103,68.8,63.3,63.03,59.06,56.06,53.17,49.23
17105,80.7,73.97,71.49,74.11,75.83,78.35,80.48
17107,90.5,86.49,80.45,70.12,60.9,51.7,42.39
17109,84.8,82.79,80.8,79.02,78.34,77.18,76.01
17111,72.7,65.8,63.03,58.05,54.03,49.99,46.6
17113,64.2,61.09,57.5,52.53,47.07,42.52,36.83
17115,107.8,102.25,98.14,86.69,75.31,65.45,54.26
17117,37.7,37.48,39.23,34.02,29.2,25.89,21.51
17119,116.5,111.11,106.59,97.8,88.34,79.55,69.41
17121,137.3,139.41,128.47,119.55,110.62,102.48,93.01
17123,46.7,49.71,55.14,50.37,46.12,41.64,36.96
17125,65.6,64.93,60.82,55.98,52.35,48.55,44.49
17127,141.3,160.97,150.91,138.94,126.82,113.72,100.7
17129,2.4,1.59,11.99,23.36,37.24,50.88,63.37
17131,41.1,37.54,34.95,18.45,0.94,-16.01,-32.18
17133,81.4,76.34,72.14,70.68,69.91,69.62,68.73
17135,127.7,118.26,121.88,108.48,94.86,82.17,68.16
17137,125.6,125.18,127.16,114.73,104.08,93.48,81.52
17139,42.1,41.81,39.39,31.38,23.83,18.23,10.9
17141,29.3,26.38,24.14,22.68,22.47,22.04,21.05
17143,87.6,85.19,79.43,70.52,63.17,55.64,48.71
17145,103.9,96.13,54.1,47.59,41.97,36.15,29.72
17147,42.2,40.79,36.25,27.44,19.46,12.4,4.4
17149,32.6,27.82,26.78,25.49,25.34,26.28,25.79
17151,49.4,48.78,48.78,37.76,26.39,14.04,2.43
17153,70.6,68.77,79.77,67.33,54.67,42.12,28.97
17155,22.0,29.33,27.34,24.4,22.14,19.47,16.65
17157,75.1,71.88,68.35,63.93,59.63,55.75,51.59
17159,101.5,96.87,88.89,82.14,76.58,71.13,63.68
17161,88.2,84.36,83.63,75.77,67.13,59.54,51.12
17163,79.5,78.64,76.79,69.32,61.75,55.17,47.83
17165,246.9,216.03,217.2,203.2,189.48,174.91,160.01
17167,111.1,106.15,99.13,86.33,75.41,64.51,52.43
17169,47.9,7.61,2.81,1.38,0.43,0.89,0.01
17171,0.0,0.03,0.07,-0.48,0.17,1.38,0.48
17173,37.5,33.4,32.69,30.43,28.41,28.36,26.22
17175,0.0,-0.07,-0.16,-0.41,-0.91,-1.02,-0.99
17177,90.7,86.94,83.06,74.49,65.69,58.16,49.83
17179,99.8,94.71,90.95,83.65,77.25,70.97,65.0
17181,162.9,163.34,159.39,142.38,125.72,108.17,90.46
17183,107.1,100.26,93.98,85.09,75.51,67.17,57.33
17185,123.2,115.86,112.16,91.2,71.9,52.1,30.5
17187,71.1,72.21,75.98,69.19,62.32,55.53,48.75
17189,18.2,25.04,30.6,30.75,31.27,32.44,32.39
17191,85.3,80.84,79.59,74.35,69.56,63.64,56.97
17193,117.1,119.09,113.48,100.98,90.01,76.93,63.52
17195,70.3,69.19,64.53,56.22,49.01,43.33,35.92
17197,58.4,55.43,54.14,50.26,46.76,43.32,39.44
17199,153.8,149.34,151.92,135.8,119.04,102.42,86.07
17201,102.5,97.11,94.48,87.12,80.63,73.73,67.63
17203,20.8,24.62,28.43,27.15,26.84,26.0,25.63
18001,67.7,65.46,63.47,57.14,48.69,40.67,32.71
18003,85.8,82.05,75.97,67.08,55.73,45.54,33.75
18005,113.1,101.33,93.6,82.83,73.39,64.75,54.46
18007,25.1,21.21,20.56,20.58,20.7,20.52,19.95
18009,101.0,89.38,83.12,73.05,61.45,51.17,39.8
18011,79.2,72.93,66.78,58.51,50.3,42.75,35.4
18013,42.4,39.28,38.96,33.14,28.0,23.21,17.25
18015,34.9,32.33,30.13,23.4,15.23,7.77,-0.25
18017,77.5,75.6,70.24,61.93,51.59,41.31,30.63
18019,130.4,116.19,105.32,92.48,79.77,67.44,54.08
18021,112.8,104.34,95.12,85.31,75.84,67.09,57.08
18023,98.0,80.65,70.51,64.87,59.46,54.75,49.22
18025,62.3,53.36,51.4,47.1,44.94,41.82,37.75
18027,101.5,88.6,81.31,73.21,66.35,59.89,51.96
18029,101.2,94.0,89.3,83.17,77.91,71.91,65.99
18031,96.6,86.64,73.63,61.03,50.14,39.41,27.29
18033,81.0,77.91,69.4,57.96,45.2,32.79,19.68
18035,129.0,104.63,99.16,91.15,82.44,73.45,64.1
18037,118.1,107.15,102.86,95.35,90.29,83.84,76.38
18039,84.7,78.24,73.06,62.77,51.0,38.73,25.44
18041,160.0,142.47,117.39,107.11,97.45,87.75,78.11
18043,152.6,138.77,131.6,118.45,106.4,93.76,80.56
18045,121.8,112.85,116.39,103.15,90.32,77.92,64.66
18047,57.8,54.75,49.75,43.53,39.38,34.57,29.74
18049,98.8,94.32,94.23,91.88,87.71,83.3,78.75
18051,114.5,101.11,93.49,86.12,80.79,74.91,67.28
18053,124.9,112.3,104.4,93.46,81.36,70.13,57.87
18055,98.9,96.71,93.62,79.4,65.78,52.9,39.54
18057,55.7,52.48,50.39,46.77,43.47,41.28,39.36
18059,80.0,77.74,76.33,68.4,61.72,55.2,48.89
18061,106.2,93.77,91.41,88.05,86.63,83.65,79.7
18063,82.7,78.08,72.82,65.39,58.24,52.11,44.88
18065,106.5,103.99,97.17,89.85,82.57,75.47,68.08
18067,137.3,127.91,122.72,115.03,106.11,97.53,87.99
18069,97.5,86.41,78.81,71.22,61.42,52.33,42.08
18071,109.7,100.04,89.92,76.04,62.66,49.96,35.72
18073,132.6,125.2,122.75,117.11,111.23,104.77,98.12
18075,114.8,104.14,90.14,82.79,74.27,66.45,57.76
18077,131.7,122.99,114.0,100.64,88.61,75.85,61.86
18079,122.9,107.99,98.17,88.27,79.91,71.7,62.26
18081,99.8,91.42,84.25,77.18,71.41,65.47,58.85
18083,147.7,132.93,129.46,119.31,111.08,103.17,93.92
18085,83.9,79.89,74.17,65.32,54.48,43.45,31.55
18087,26.9,24.0,22.54,19.97,15.17,10.54,4.64
18089,89.2,82.47,82.51,76.54,70.25,63.97,57.15
18091,119.1,110.22,105.81,91.79,76.68,60.7,44.56
18093,152.1,141.29,132.86,121.32,110.72,100.78,89.74
18095,126.0,116.46,110.37,100.68,91.26,82.17,72.35
18097,84.7,77.93,72.53,65.71,59.58,54.87,49.06
18099,98.4,94.12,89.35,80.98,70.87,61.03,50.24
18101,125.1,113.31,108.57,93.74,80.08,65.93,51.04
18103,75.1,71.73,67.29,59.32,49.56,40.05,30.67
18105,80.7,76.03,71.46,64.56,58.48,52.7,46.46
18107,105.5,101.49,98.5,93.69,88.43,84.43,79.03
18109,133.7,121.88,111.46,102.9,95.24,88.28,80.09
18111,28.0,25.92,25.58,21.56,16.96,12.99,8.47
18113,89.2,81.26,76.8,69.12,59.17,49.1,38.29
18115,0.0,1.2,3.42,3.06,3.39,3.58,2.99
18117,132.0,117.29,106.29,90.63,75.86,61.46,46.34
18119,80.8,78.94,74.55,69.09,63.43,58.52,52.96
18121,51.0,47.15,41.24,33.87,27.37,21.7,13.71
18123,118.8,108.44,105.88,95.02,86.62,75.7,64.85
18125,89.0,88.93,93.61,83.73,76.38,68.35,59.26
18127,100.8,95.92,90.24,85.2,79.8,73.19,66.03
18129,57.5,57.1,55.41,51.44,48.01,43.51,38.79
18131,78.0,62.38,70.38,58.31,44.84,30.73,16.32
18133,91.9,84.66,78.71,57.31,35.68,14.49,-7.34
18135,101.5,85.07,77.04,69.74,61.65,53.76,45.76
18137,107.0,104.51,106.87,100.57,96.59,91.81,86.81
18139,98.4,88.84,78.94,70.25,63.01,55.24,47.61
18141,90.6,85.63,81.13,72.14,62.66,51.72,40.0
18143,199.3,169.49,149.82,130.44,112.11,93.73,74.79
18145,95.5,83.68,78.04,70.91,64.29,57.29,50.2
18147,76.2,46.56,39.92,31.84,25.96,18.66,11.25
18149,125.7,118.05,115.24,105.16,92.84,80.2,67.72
18151,92.1,87.8,82.13,74.71,65.74,57.54,48.96
18153,123.0,109.54,98.47,82.43,67.7,52.65,37.64
18155,51.3,48.05,45.22,39.43,34.79,29.76,23.53
18157,83.7,78.05,71.71,64.67,56.93,49.73,41.37
18159,67.6,61.64,58.71,48.78,37.76,27.53,17.0
18161,61.6,64.28,55.93,44.82,34.65,24.24,13.31
18163,152.5,140.27,137.76,126.28,115.67,104.59,92.9
18165,104.3,95.94,91.83,83.19,75.01,69.24,60.99
18167,116.9,110.5,103.6,95.57,88.89,83.36,76.03
18169,105.2,98.22,94.03,86.67,76.88,67.34,57.8
18171,0.0,-0.61,-0.08,-0.8,-1.28,-1.58,-3.13
18173,89.6,84.25,83.05,77.16,72.82,67.58,61.99
18175,95.7,91.5,74.81,71.97,69.9,67.76,64.61
18177,123.0,114.58,101.97,90.75,79.5,68.3,57.17
18179,79.7,79.13,75.31,68.03,58.87,50.55,41.34
18181,96.4,89.59,83.6,74.13,63.81,53.51,42.69
18183,110.3,104.07,94.11,79.7,63.41,46.97,29.39
19001,52.8,54.75,51.56,44.08,35.91,30.66,22.2
19003,7.1,9.09,12.36,61.93,110.92,161.88,210.05
19005,50.5,47.99,44.65,40.68,35.37,31.92,27.53
19007,138.2,132.93,119.32,106.65,92.24,80.64,68.01
19009,51.3,52.23,47.41,53.93,60.23,67.22,71.76
19011,15.1,15.19,12.98,10.7,6.4,4.51,0.42
19013,85.3,79.79,73.87,64.51,53.0,42.46,31.09
19015,66.1,61.0,60.84,56.75,50.22,45.72,39.19
19017,50.6,46.62,47.85,43.16,36.84,31.68,26.48
19019,43.7,38.99,37.58,34.42,29.29,25.08,19.68
19021,44.0,49.02,42.48,37.48,30.72,26.06,18.74
19023,18.5,17.43,17.0,16.26,13.88,13.19,11.54
19025,55.4,62.26,67.27,66.09,62.95,61.01,58.03
19027,118.3,108.3,99.84,91.46,82.24,74.16,64.25
19029,112.2,106.88,100.6,91.71,81.84,73.2,61.62
19031,23.7,22.61,19.67,17.05,12.19,9.02,4.94
19033,112.7,106.6,98.2,82.81,65.57,49.6,32.86
19035,57.7,58.05,44.5,38.5,31.67,27.17,18.64
19037,29.8,35.23,27.07,21.92,14.71,8.57,1.84
19039,103.1,92.05,87.57,94.96,100.77,108.58,116.45
19041,113.2,118.28,105.68,99.59,91.91,86.7,78.17
19043,38.3,35.47,28.59,22.14,14.17,8.4,1.79
19045,87.8,86.23,79.51,71.75,64.27,57.69,50.49
19047,69.1,68.35,64.12,58.47,50.32,43.85,35.91
19049,15.9,15.65,17.11,19.31,19.48,22.52,24.0
19051,61.9,67.07,59.26,52.32,44.54,38.66,30.7
19053,33.7,45.38,44.87,52.79,59.58,67.36,75.0
19055,54.3,49.85,46.52,41.62,33.85,29.15,23.28
19057,111.9,106.97,96.58,85.54,74.39,63.67,52.8
19059,82.4,84.75,78.53,75.71,69.76,66.66,60.41
19061,66.9,67.63,61.41,54.36,45.47,38.53,30.42
19063,66.5,70.3,62.95,51.96,38.88,28.96,15.83
19065,86.5,69.14,64.88,60.23,53.68,48.56,42.91
19067,113.2,101.9,86.22,54.62,20.48,-11.74,-44.81
19069,29.3,15.86,7.96,0.89,-8.32,-16.47,-24.93
19071,71.0,73.52,72.11,38.48,3.56,-30.6,-67.33
19073,107.9,96.84,92.88,86.7,79.21,72.97,64.83
19075,2.2,14.44,30.25,34.44,35.89,38.98,41.31
19077,16.7,7.23,2.73,8.47,13.49,20.27,24.99
19079,71.0,71.05,65.2,55.52,44.03,33.67,22.67
19081,0.1,0.13,-0.21,-0.59,-2.84,-3.86,-5.78
19083,69.6,59.26,56.14,52.84,47.63,43.13,37.33
19085,72.6,72.51,69.49,60.13,50.28,40.95,30.12
19087,77.5,73.69,68.63,63.96,58.34,53.38,48.59
19089,42.1,36.95,31.03,28.28,23.08,20.65,17.83
19091,67.9,66.47,61.63,51.76,40.46,30.22,19.29
19093,54.3,32.8,55.35,63.88,70.42,79.01,85.05
19095,25.5,27.42,34.9,33.56,29.27,27.43,24.22
19097,40.8,39.99,35.87,32.19,27.18,24.83,21.0
19099,71.6,69.74,69.97,60.44,47.93,39.2,28.92
19101,96.5,96.39,91.49,83.64,73.86,66.23,57.44
19103,40.0,35.84,32.42,28.43,21.21,16.17,10.36
19105,33.6,41.98,45.91,39.4,29.76,23.33,14.76
19107,0.0,-0.08,-0.29,-0.41,-3.09,-2.73,-4.41
19109,50.2,43.23,38.37,34.02,27.44,22.71,16.46
19111,120.5,117.06,126.19,111.9,96.87,82.59,67.71
19113,80.4,73.98,65.69,56.66,45.0,35.92,24.85
19115,29.8,28.97,27.38,18.73,9.35,-0.07,-9.58
19117,113.8,110.92,107.5,87.76,66.46,47.29,27.65
19119,27.5,29.34,26.4,24.15,20.73,18.62,13.19
19121,86.5,85.24,83.86,75.98,66.79,60.25,51.85
19123,83.9,74.18,67.84,69.5,69.42,72.12,73.16
19125,75.8,67.87,61.32,56.99,50.92,47.63,42.64
19127,92.1,82.24,77.91,67.83,54.61,44.45,32.61
19129,39.8,40.22,40.15,47.16,53.62,60.91,65.28
19131,31.5,26.52,26.01,23.87,19.34,16.54,12.66
19133,91.5,90.05,91.03,85.78,79.57,75.91,69.53
19135,109.6,104.71,94.19,76.67,57.71,40.84,22.93
19137,79.7,84.84,83.59,83.2,82.04,81.85,78.63
19139,73.3,66.37,59.02,55.24,50.08,45.82,41.01
19141,49.0,55.05,58.09,58.79,58.4,59.64,58.76
19143,38.2,4.71,32.19,33.06,32.59,34.13,32.44
19145,124.5,118.2,113.72,101.31,88.52,76.75,61.38
19147,58.9,46.48,38.04,33.52,27.0,23.0,16.3
19149,52.6,45.69,45.26,42.1,36.85,33.93,28.37
19151,59.8,63.44,62.88,57.34,49.5,42.93,34.67
19153,94.0,89.35,82.84,70.93,57.15,46.09,33.21
19155,99.7,96.35,91.03,80.5,70.24,60.83,49.26
19157,59.5,58.21,54.6,50.6,43.75,40.9,36.48
19159,107.9,97.48,89.52,63.92,37.56,12.61,-13.94
19161,20.9,20.77,18.82,15.66,10.42,6.89,1.79
19163,83.2,78.2,73.64,64.91,55.09,46.35,36.82
19165,57.8,56.83,59.94,53.11,44.63,37.55,28.79
19167,31.7,28.57,31.77,23.21,13.15,5.22,-5.89
19169,48.4,44.35,41.64,37.28,30.34,25.67,18.74
19171,20.8,29.66,30.97,27.09,20.72,16.95,11.42
19173,23.1,22.35,20.49,15.72,10.71,6.43,-0.24
19175,148.2,145.81,127.53,117.88,107.19,98.65,87.87
19177,1.6,1.63,3.8,-0.03,-4.7,-8.14,-12.94
19179,132.5,133.82,121.0,100.15,77.56,57.69,35.83
19181,45.6,43.06,40.35,38.17,34.93,33.54,30.96
19183,49.3,47.23,45.59,42.41,36.65,32.66,27.08
19185,62.1,11.11,15.96,59.83,101.64,145.36,188.64
19187,104.1,95.54,90.61,75.78,59.66,44.32,27.92
19189,59.7,58.59,54.69,51.79,46.65,43.28,38.78
19191,54.3,47.76,46.9,43.81,38.8,36.34,33.21
19193,72.2,74.22,72.91,67.66,59.98,55.35,47.81
19195,1.2,0.64,0.26,0.02,-2.17,-3.43,-5.29
19197,77.7,70.42,64.73,50.43,33.94,18.94,2.28
20001,175.0,158.08,99.39,122.3,143.34,164.0,184.72
20003,8.0,5.48,0.13,1.11,0.57,-0.66,-2.2
20005,115.8,108.24,104.59,97.51,87.92,79.55,69.91
20007,22.4,7.2,4.25,2.81,2.48,1.13,-0.27
20009,106.3,104.43,103.09,98.73,94.28,89.83,84.63
20011,117.6,104.43,115.1,105.73,95.25,85.0,74.4
20013,64.3,54.84,48.12,45.94,42.62,39.84,35.31
20015,110.2,104.68,97.03,89.07,81.12,71.99,61.43
20017,0.0,-0.38,0.14,-0.04,-1.46,-3.71,-6.16
20019,23.1,18.28,14.19,9.08,3.38,-3.98,-10.44
20021,77.6,70.62,44.15,36.31,27.64,18.24,8.03
20023,119.9,115.92,116.26,105.97,97.27,86.95,77.59
20025,9.7,6.39,1.26,0.89,3.14,3.04,3.51
20027,78.6,13.36,79.01,78.46,78.12,77.52,75.86
20029,89.0,78.45,50.54,39.12,28.31,16.47,4.21
20031,11.4,20.47,5.74,3.47,0.02,-4.0,-7.96
20033,2.1,2.77,1.59,0.69,1.03,0.89,0.54
20035,99.8,92.42,94.58,90.4,87.14,82.32,78.7
20037,133.9,116.73,106.6,92.75,77.56,61.74,46.71
20039,114.8,92.5,82.73,81.88,83.37,84.18,84.16
20041,2.4,0.57,1.9,1.33,0.77,-0.09,-2.18
20043,0.0,-0.6,-0.61,-0.71,-2.08,-2.86,-5.19
20045,76.5,71.61,67.67,59.48,48.91,39.16,29.19
20047,3.0,30.31,63.78,63.32,63.39,62.46,61.06
20049,11.8,13.1,5.85,3.15,0.36,-4.13,-7.96
20051,133.5,119.53,108.71,96.77,85.51,74.02,61.54
20053,88.5,78.93,71.1,69.69,68.98,67.57,65.72
20055,87.4,79.22,74.64,66.72,61.73,55.67,49.4
20057,91.8,85.4,84.13,74.48,67.57,57.34,49.01
20059,126.7,101.15,103.67,95.37,84.85,74.6,63.56
20061,75.0,69.13,64.15,57.46,49.89,42.36,33.89
20063,3.7,2.95,29.09,53.62,80.01,106.63,129.97
20065,176.5,159.98,145.35,126.18,108.53,91.34,72.29
20067,11.8,72.57,62.6,58.17,56.54,53.89,52.67
20069,21.2,20.87,22.84,19.3,16.69,12.15,9.24
20071,97.1,109.47,109.96,107.62,107.64,107.05,105.35
20073,6.4,5.33,2.12,1.03,-1.46,-5.66,-9.34
20075,93.5,87.53,71.86,46.72,23.55,0.87,-22.5
20077,85.9,68.15,64.76,70.52,76.7,82.46,87.91
20079,102.7,94.86,85.51,80.47,76.55,71.03,65.0
20081,6.8,5.29,2.26,2.05,4.13,4.93,7.88
20083,5.7,5.4,2.61,0.66,1.05,0.32,-0.06
20085,55.6,50.9,48.2,45.14,39.91,35.79,30.34
20087,2.2,0.81,0.25,0.08,-2.75,-4.82,-7.03
20089,1.6,-0.12,0.08,-0.09,0.27,0.59,-0.81
20091,73.7,69.77,66.9,59.87,51.96,43.33,34.56
20093,54.8,48.71,47.58,40.14,34.95,29.68,23.49
20095,0.0,-0.69,-0.31,-0.43,0.39,0.67,0.38
20097,3.6,34.72,67.8,73.77,80.55,86.17,92.26
20099,118.8,108.81,105.17,99.91,93.75,85.23,78.66
20101,76.7,92.99,91.94,76.55,63.4,49.13,33.68
20103,52.8,48.48,44.39,39.57,33.68,27.59,21.56
20105,6.4,4.27,1.29,0.31,0.26,-0.27,-1.23
20107,4.1,5.44,3.58,3.78,1.95,-0.19,-1.44
20109,4.0,3.19,62.23,66.51,71.87,76.97,80.3
20111,74.3,73.72,76.05,71.83,66.83,60.8,54.78
20113,96.3,87.56,80.09,76.08,73.66,70.29,65.91
20115,35.3,10.64,27.54,30.1,32.7,34.31,35.11
20117,41.0,35.79,33.38,31.28,28.35,24.51,19.8
20119,1.9,1.56,0.53,0.75,3.23,4.1,6.02
20121,31.4,28.08,27.74,41.25,53.31,64.22,75.45
20123,91.4,88.19,95.76,92.17,89.88,86.35,81.92
20125,144.3,120.42,113.53,117.9,121.26,122.36,126.15
20127,4.3,5.22,1.47,1.66,0.49,-0.55,-2.84
20129,198.5,170.29,139.46,120.35,103.98,85.86,69.91
20131,39.7,30.71,28.27,25.93,21.91,18.29,12.97
20133,47.2,40.21,36.74,45.51,52.98,58.89,66.07
20135,7.1,5.5,92.01,101.53,112.59,123.22,133.25
20137,121.2,106.98,102.1,85.07,69.0,53.05,35.76
20139,4.0,2.83,1.54,1.31,-0.97,-2.75,-5.57
20141,185.3,164.39,165.45,152.56,141.92,130.15,117.95
20143,4.8,2.4,1.69,0.32,-0.0,-1.01,-2.99
20145,70.2,62.29,52.71,46.06,39.94,33.19,25.72
20147,6.3,4.62,2.36,1.73,2.58,3.22,1.42
20149,2.9,2.2,1.13,0.52,-1.75,-3.5,-7.05
20151,202.2,189.68,185.68,159.98,134.17,108.66,83.59
20153,5.0,2.88,0.12,0.31,2.48,3.54,3.78
20155,117.7,113.18,106.82,96.69,87.9,78.23,68.33
20157,9.0,5.26,1.7,1.99,2.43,2.5,1.47
20159,56.6,51.94,49.78,39.77,31.36,22.26,12.57
20161,71.2,69.13,67.63,62.92,56.32,50.56,43.36
20163,3.1,2.75,1.79,1.6,2.06,2.77,1.58
20165,57.1,53.18,43.42,46.8,51.23,53.99,56.72
20167,6.6,3.59,2.09,2.16,2.46,2.74,2.16
20169,164.2,143.62,137.6,125.96,114.25,102.3,89.34
20171,121.1,103.73,94.58,89.75,86.15,82.94,78.2
20173,109.2,103.73,99.76,93.24,86.92,79.54,71.5
20175,131.6,119.73,104.51,98.12,94.77,88.83,84.71
20177,118.6,112.81,106.7,91.54,73.73,56.7,39.0
20179,1.9,1.13,2.1,1.63,2.8,3.49,1.75
20181,99.3,87.76,90.27,78.16,67.81,56.41,45.59
20183,156.9,136.73,137.08,117.82,100.3,80.95,61.09
20185,0.0,-0.15,-0.05,-0.86,-1.06,-1.52,-2.66
20187,3.2,2.58,37.78,90.48,146.15,201.55,258.21
20189,0.0,13.56,23.91,21.94,21.86,20.45,20.86
20191,67.6,64.84,66.3,65.29,63.5,60.66,57.94
20193,127.3,104.12,91.6,82.81,76.07,68.06,58.82
20195,148.3,148.29,139.55,134.85,131.67,128.28,123.16
20197,0.0,0.04,-0.3,-0.39,-1.92,-2.56,-5.31
20199,43.8,49.74,42.56,41.43,41.86,42.62,42.44
20201,20.8,54.84,80.27,83.86,87.38,90.13,92.04
20203,0.0,-0.2,-0.09,-0.36,0.74,2.35,2.44
20205,120.5,117.3,116.99,99.39,80.3,59.31,39.71
20207,3.3,2.39,-0.93,1.17,1.51,0.69,-0.13
20209,78.8,73.64,71.28,63.18,54.34,45.34,36.2
21001,126.4,120.24,100.4,97.83,96.03,92.25,89.36
21003,84.7,90.71,92.05,84.54,78.8,71.32,62.76
21005,100.7,93.92,90.22,77.98,66.62,55.81,42.96
21007,102.4,95.18,102.39,92.11,81.64,70.44,59.68
21009,136.7,123.82,125.99,117.09,109.82,100.16,89.56
21011,61.8,58.63,53.92,46.54,39.67,33.22,26.1
21013,271.8,253.05,248.53,226.51,205.39,182.39,163.13
21015,97.5,93.52,89.33,81.48,73.87,65.88,57.43
21017,109.7,102.8,97.68,89.01,81.62,74.04,65.11
21019,113.7,99.79,91.06,81.02,71.98,62.52,52.43
21021,148.3,133.27,119.08,101.78,85.25,67.27,48.95
21023,21.4,20.72,18.3,16.14,14.77,12.8,8.85
21025,213.0,208.11,186.7,170.54,155.69,138.28,123.53
21027,53.9,50.28,47.44,43.96,43.46,40.35,36.2
21029,69.3,67.86,64.62,62.59,62.44,61.17,58.32
21031,101.6,99.05,92.09,79.08,67.49,54.66,41.35
21033,141.2,133.71,132.81,125.44,118.34,110.94,102.42
21035,103.3,98.81,97.79,87.96,79.44,69.92,60.0
21037,96.5,90.86,86.01,77.65,70.0,62.26,53.61
21039,62.4,68.86,79.81,82.25,85.12,87.06,89.32
21041,195.7,183.56,165.99,139.44,113.88,88.45,61.25
21043,95.3,82.91,76.75,65.09,54.29,43.17,32.43
21045,127.7,122.04,106.31,87.54,69.71,49.09,29.62
21047,66.4,64.65,63.47,55.85,50.42,43.42,36.25
21049,108.3,98.36,94.92,89.75,86.34,82.12,77.26
21051,235.3,220.95,219.16,188.55,158.66,126.33,96.89
21053,234.7,182.58,156.61,132.93,111.04,86.21,63.34
21055,137.0,126.61,122.48,106.54,90.93,73.95,56.82
21057,216.2,200.11,175.13,148.93,123.79,96.65,70.39
21059,124.0,112.76,104.17,93.33,83.79,73.11,62.42
21061,65.5,43.2,86.3,71.38,58.92,44.99,29.45
21063,5.6,3.18,35.41,33.06,31.24,28.96,27.7
21065,165.0,146.12,145.8,132.78,120.96,107.79,95.22
21067,73.6,69.66,65.25,55.92,47.51,39.15,28.63
21069,93.2,80.43,70.9,60.51,51.56,41.44,30.11
21071,263.1,246.72,227.15,216.2,205.52,192.46,183.17
21073,108.4,102.0,95.68,83.51,72.42,61.45,48.46
21075,178.5,180.02,179.32,166.85,154.59,140.52,127.09
21077,39.3,43.85,42.33,37.45,33.71,29.55,24.58
21079,54.3,48.85,49.64,41.39,33.29,24.32,15.44
21081,127.2,117.09,107.72,99.82,92.6,84.81,75.38
21083,94.5,99.42,97.26,91.7,87.53,81.98,76.3
21085,145.9,134.15,129.85,122.87,118.0,111.72,103.0
21087,98.4,86.84,81.38,59.45,39.43,17.57,-4.59
21089,94.8,81.17,76.55,67.72,59.12,50.36,40.55
21091,25.8,24.47,25.46,23.75,24.05,22.35,20.52
21093,88.7,86.38,86.21,82.33,81.46,78.63,73.49
21095,144.3,137.99,131.49,120.75,111.61,99.9,90.93
21097,102.3,106.24,96.83,81.78,67.7,53.78,37.75
21099,64.8,60.55,59.96,56.92,56.19,52.92,48.66
21101,154.0,147.46,143.36,131.0,119.57,107.5,94.94
21103,64.6,61.44,61.37,56.35,52.0,48.14,42.38
21105,69.1,70.89,63.29,53.9,45.01,33.79,23.53
21107,139.5,136.12,130.15,125.4,120.36,115.39,109.74
21109,49.9,47.07,47.76,49.65,53.13,53.99,57.35
21111,95.5,88.45,83.43,76.31,70.61,64.32,56.59
21113,100.4,96.6,91.54,79.49,67.26,55.02,41.61
21115,180.0,183.57,178.42,169.83,161.3,151.0,143.48
21117,80.4,77.59,74.53,67.21,60.53,53.78,46.04
21119,75.4,86.91,86.1,80.36,75.41,67.7,63.61
21121,94.8,83.52,85.31,81.06,77.44,72.1,69.2
21123,87.3,89.39,86.58,81.31,78.77,74.84,68.78
21125,125.4,111.91,106.06,92.07,78.19,61.65,48.74
21127,119.5,111.65,107.59,96.99,86.98,75.83,65.98
21129,203.8,163.96,148.35,134.43,121.93,106.98,94.28
21131,244.2,218.71,209.91,181.64,154.62,124.71,97.7
21133,162.0,150.42,137.97,125.35,113.56,99.37,89.04
21135,34.3,30.69,23.48,21.03,19.34,16.58,13.71
21137,83.5,73.87,73.4,61.68,50.76,37.91,25.53
21139,9.0,7.67,6.54,4.54,3.21,0.51,-2.18
21141,74.4,84.11,100.56,104.43,109.88,114.06,117.26
21143,117.7,117.13,116.66,106.76,97.86,87.98,77.44
21145,190.8,183.69,183.49,167.14,151.09,134.01,117.4
21147,130.9,128.13,121.22,118.89,116.95,112.39,110.72
21149,89.4,87.01,86.83,80.69,75.05,69.01,61.84
21151,96.1,89.08,84.28,74.77,66.34,56.62,47.4
21153,154.8,163.96,157.59,139.04,121.09,101.02,84.07
21155,125.7,114.58,108.36,97.69,88.85,77.97,65.8
21157,109.2,107.71,115.05,109.34,104.74,98.53,92.7
21159,127.3,136.17,134.21,130.97,127.77,122.61,120.48
21161,126.1,115.75,102.84,95.31,89.15,81.57,72.9
21163,60.2,60.72,58.52,55.39,55.12,52.34,48.27
21165,35.0,7.12,38.25,35.72,33.71,31.46,29.7
21167,104.7,103.74,97.82,86.2,75.2,63.46,50.68
21169,74.4,70.72,71.14,65.82,62.39,56.29,50.71
21171,165.4,139.93,121.84,107.19,93.39,77.38,61.95
21173,171.7,157.98,147.82,131.23,115.58,100.26,84.1
21175,65.0,58.97,65.66,77.95,90.53,102.14,115.22
21177,138.8,134.02,128.29,119.95,112.15,103.24,93.63
21179,101.6,93.11,92.02,85.99,81.59,76.35,69.56
21181,38.0,51.31,42.9,30.32,19.2,7.31,-5.86
21183,111.6,95.03,110.56,104.77,99.95,93.62,87.41
21185,65.5,59.72,57.47,51.65,46.66,41.88,35.28
21187,37.1,52.96,50.76,41.95,33.58,25.63,16.23
21189,262.2,248.47,249.84,239.23,229.8,217.87,208.81
21191,53.8,51.35,51.15,46.94,43.71,39.87,34.05
21193,243.4,219.41,209.44,203.91,199.69,192.6,188.44
21195,263.1,242.75,222.13,200.15,179.35,155.69,135.63
21197,149.0,147.02,148.77,139.22,130.61,121.85,112.98
21199,124.7,109.1,98.66,86.46,74.25,59.35,46.97
21201,0.0,0.16,-0.8,-1.06,-0.2,0.13,-1.67
21203,104.0,86.95,80.91,69.07,57.31,43.06,30.41
21205,153.8,141.93,124.38,98.24,73.12,47.28,21.71
21207,169.8,156.08,126.25,110.36,95.7,78.43,63.09
21209,97.2,86.49,78.16,70.68,63.88,58.14,50.02
21211,79.6,74.12,73.43,64.38,55.75,47.03,36.19
21213,117.8,109.66,102.81,90.66,80.55,69.2,57.22
21215,51.4,51.28,44.82,37.87,32.25,26.57,19.2
21217,115.8,100.4,91.5,90.43,90.75,90.19,89.09
21219,80.3,43.34,9.13,4.97,2.86,-0.49,-4.09
21221,85.5,30.9,69.95,74.0,79.07,83.88,88.01
21223,39.7,36.07,35.39,48.34,62.49,76.53,88.61
21225,143.5,138.87,127.76,121.14,115.26,108.24,100.82
21227,107.4,108.64,97.0,85.08,74.76,63.61,51.29
21229,51.9,47.91,41.31,39.37,38.37,36.26,32.35
21231,168.9,140.39,127.62,115.79,104.98,90.93,79.33
21233,109.4,103.92,100.26,94.92,89.67,84.0,78.01
21235,300.1,267.55,241.71,222.6,203.8,182.49,164.72
21237,198.7,193.3,167.04,126.96,87.39,46.08,6.45
21239,73.9,65.86,60.49,58.94,57.49,56.48,53.66
22001,80.2,71.47,75.9,70.94,68.38,64.52,60.27
22003,115.0,102.23,92.69,84.45,76.87,69.13,62.28
22005,110.1,100.64,94.03,85.59,77.11,67.89,58.42
22007,36.4,34.53,32.91,29.7,27.05,22.94,18.51
22009,146.5,126.68,126.16,115.45,106.4,96.5,87.25
22011,84.0,77.44,75.45,70.1,66.25,61.02,57.22
22013,88.5,79.82,62.86,63.13,63.33,63.99,64.91
22015,102.8,97.56,96.21,89.85,82.97,77.22,72.38
22017,118.6,109.45,112.19,105.44,97.99,91.9,86.29
22019,123.2,111.45,105.93,97.02,90.59,81.23,74.47
22021,86.9,63.67,54.23,46.9,39.5,32.37,25.47
22023,0.0,-0.5,-0.36,-0.58,0.48,-0.25,0.6
22025,113.3,93.36,96.36,99.16,101.74,105.55,108.38
22027,85.0,88.35,96.4,96.75,98.11,100.35,101.15
22029,93.9,74.73,76.22,88.71,102.47,115.79,128.92
22031,40.3,51.24,64.83,66.76,68.58,71.41,75.95
22033,103.8,96.14,92.15,81.77,72.82,62.77,52.08
22035,98.7,100.98,105.43,94.97,85.58,76.84,67.15
22037,52.7,50.7,47.08,44.99,44.53,43.01,41.56
22039,221.6,209.78,192.91,171.99,152.97,133.43,113.73
22041,100.7,91.48,122.73,110.64,98.04,85.3,73.09
22043,2.1,1.52,40.57,43.09,45.97,49.57,52.17
22045,117.0,99.37,93.11,87.46,82.63,76.83,71.56
22047,99.8,93.09,81.46,74.56,68.88,62.05,54.66
22049,42.4,40.12,75.9,71.43,67.52,63.16,59.47
22051,119.5,115.02,107.43,96.94,85.79,74.03,63.46
22053,118.4,109.94,103.88,89.01,76.96,62.55,49.24
22055,112.1,102.12,97.43,87.42,79.4,70.58,61.2
22057,106.8,99.0,96.59,88.32,80.21,70.67,62.37
22059,138.3,118.92,120.32,106.82,92.68,79.72,65.14
22061,105.2,90.84,98.81,81.78,64.63,48.18,31.44
22063,113.3,106.42,105.17,93.94,83.12,71.82,59.91
22065,3.2,1.9,2.75,1.3,0.96,0.48,-0.37
22067,124.3,109.77,118.7,111.39,104.4,97.2,89.99
22069,86.9,71.68,78.94,75.39,72.14,70.17,67.8
22071,71.9,67.42,63.8,57.0,49.2,40.99,33.82
22073,124.8,119.83,113.37,104.66,95.59,86.74,78.71
22075,3.7,2.39,44.22,41.38,37.31,32.58,28.97
22077,94.9,83.58,93.92,84.11,76.58,67.51,58.32
22079,169.8,153.12,145.58,133.68,122.13,110.93,99.07
22081,14.3,45.85,113.53,105.88,98.56,91.72,85.65
22083,80.2,68.16,134.83,139.83,144.78,149.49,154.1
22085,82.7,63.83,68.71,70.25,71.67,73.07,76.19
22087,170.4,161.84,150.4,118.87,85.88,52.7,20.51
22089,85.6,79.25,74.29,68.15,62.35,55.48,49.91
22091,46.4,51.26,71.08,73.91,76.36,79.63,81.85
22093,58.5,67.52,82.11,79.68,77.99,75.66,73.48
22095,97.5,98.2,93.7,93.22,93.39,92.11,91.05
22097,158.1,150.92,145.55,137.09,130.01,122.65,114.92
22099,86.4,77.76,74.64,69.72,66.03,61.73,57.62
22101,126.5,118.78,108.0,98.83,89.63,79.5,69.03
22103,119.1,106.58,102.46,92.43,81.01,70.6,60.13
22105,147.4,140.84,130.77,116.54,102.34,88.32,72.95
22107,56.0,46.14,45.28,62.93,79.76,97.32,115.4
22109,112.7,102.85,97.93,91.0,84.07,75.52,68.36
22111,74.7,71.63,85.08,82.05,78.01,75.68,72.66
22113,76.6,69.06,66.12,62.53,61.19,58.27,54.72
22115,104.1,91.62,79.44,72.52,66.22,60.07,54.16
22117,141.7,120.31,135.32,126.67,116.78,107.51,98.15
22119,133.8,114.18,115.1,108.34,101.43,95.71,88.97
22121,111.5,104.14,101.01,87.76,75.89,62.68,48.91
22123,66.2,51.74,51.68,50.64,51.45,51.75,51.88
22125,53.5,45.77,45.11,42.69,42.58,40.87,39.81
22127,68.6,56.26,109.4,97.45,86.43,76.15,64.39
23001,92.0,83.98,72.09,58.67,45.07,30.83,17.91
23003,85.7,84.51,74.68,64.17,50.66,36.25,24.18
23005,71.3,63.19,53.38,43.82,34.51,25.65,17.5
23007,73.0,68.33,60.62,49.26,37.58,25.5,15.08
23009,77.3,72.58,65.43,52.92,39.52,26.29,14.93
23011,117.2,111.71,101.83,83.82,64.1,43.91,25.67
23013,75.1,67.06,61.68,54.88,46.52,38.66,31.89
23015,69.3,53.66,45.43,37.28,27.66,18.23,10.26
23017,83.7,80.21,72.54,60.75,48.14,35.13,24.14
23019,83.7,81.51,71.25,60.05,46.97,34.11,24.0
23021,97.2,89.03,78.01,63.13,46.4,30.14,16.03
23023,79.9,70.78,61.49,49.64,36.28,24.04,12.82
23025,85.5,83.56,76.65,61.85,46.12,30.65,16.63
23027,62.2,54.82,46.1,37.95,28.02,18.24,11.05
23029,75.4,73.97,64.34,58.51,50.64,43.69,38.5
23031,79.8,73.87,63.81,52.46,41.15,29.25,18.39
24001,129.2,129.68,127.05,111.72,98.25,87.46,74.42
24003,78.2,74.01,69.82,61.6,53.19,46.99,40.22
24005,83.1,77.8,71.66,63.68,55.72,50.21,43.94
24009,102.8,96.12,90.26,79.29,68.3,59.33,47.75
24011,52.5,49.39,46.22,40.56,35.79,33.83,29.92
24013,81.4,76.8,72.38,64.7,57.15,51.45,45.09
24015,83.8,78.73,73.97,64.12,54.43,47.26,39.98
24017,87.7,82.05,78.59,71.38,63.83,58.26,50.5
24019,72.0,70.65,69.16,67.69,68.03,70.7,71.12
24021,79.6,72.15,67.6,62.52,57.01,53.75,48.56
24023,103.3,104.69,96.98,79.38,64.81,51.52,36.81
24025,85.3,79.65,72.92,64.69,56.26,50.89,45.23
24027,39.6,36.89,35.23,31.47,27.09,25.52,22.7
24029,134.6,123.72,117.16,96.39,75.91,57.55,38.79
24031,39.7,37.22,34.6,30.36,26.12,23.89,20.17
24033,45.4,41.89,38.7,34.07,28.74,25.43,20.98
24035,77.1,71.42,67.3,57.56,48.34,40.71,33.1
24037,78.2,71.57,66.87,57.15,47.96,40.84,30.5
24039,58.7,54.96,49.32,43.13,38.14,34.8,28.48
24041,114.6,108.76,104.26,96.77,90.89,87.28,82.13
24043,122.8,116.57,112.99,101.53,90.21,81.14,70.51
24045,91.8,85.33,77.65,66.65,57.34,49.72,39.65
24047,95.5,81.74,76.41,62.85,50.65,39.58,26.27
24510,66.6,59.62,54.52,47.97,41.06,36.94,31.95
25001,77.7,69.87,60.89,50.85,41.58,32.19,23.87
25003,82.5,75.02,59.05,51.32,44.09,37.47,31.85
25005,88.1,81.67,72.75,62.4,53.5,43.66,35.27
25007,68.9,63.84,55.51,47.36,39.46,32.26,26.25
25009,59.2,53.3,46.9,39.51,32.75,25.1,19.26
25011,62.9,57.17,51.35,45.67,40.47,36.86,33.17
25013,83.9,77.29,67.0,57.65,48.35,39.3,31.82
25015,70.3,63.99,56.52,48.96,41.53,34.55,29.1
25017,43.2,38.72,33.71,28.61,24.29,19.54,15.96
25019,45.4,41.92,36.59,30.62,25.0,19.87,15.42
25021,52.3,47.99,42.26,35.77,30.23,24.15,19.49
25023,67.6,61.6,53.53,45.45,38.38,30.78,24.72
25025,40.8,36.48,32.04,26.54,21.83,16.68,12.8
25027,66.6,59.33,51.75,43.92,36.32,28.76,21.89
26001,34.3,30.63,27.69,22.39,17.49,12.98,7.37
26003,92.0,83.56,73.69,71.79,67.53,63.66,59.68
26005,66.3,58.72,53.07,46.7,40.25,33.42,26.28
26007,130.4,123.3,118.93,117.7,114.48,111.66,107.43
26009,57.2,51.7,50.27,46.05,41.0,35.27,29.07
26011,146.9,129.88,109.92,93.98,78.55,64.65,49.43
26013,92.0,90.28,84.0,72.89,59.95,48.83,37.35
26015,66.8,64.22,63.51,58.61,54.46,50.17,44.44
26017,114.4,109.89,101.65,91.7,82.56,73.4,63.72
26019,73.7,75.94,71.24,62.44,53.76,44.81,34.84
26021,116.0,107.92,97.8,86.13,74.53,61.56,48.95
26023,94.1,85.44,76.92,71.12,64.78,58.51,52.28
26025,127.2,125.16,120.28,104.83,89.53,73.82,57.41
26027,50.3,44.25,39.3,34.7,29.54,23.49,16.96
26029,82.4,79.76,80.27,73.54,65.63,57.32,48.6
26031,143.3,135.58,122.11,109.8,95.32,81.17,65.89
26033,77.6,66.21,62.77,60.26,55.53,50.65,44.6
26035,171.6,144.31,125.85,109.72,93.54,77.39,60.68
26037,43.4,39.32,37.99,35.11,33.83,32.44,27.97
26039,112.1,101.04,123.82,114.24,102.92,92.79,81.41
26041,113.0,110.41,101.91,91.92,79.68,68.47,56.76
26043,132.0,117.09,106.51,90.61,73.18,56.42,39.24
26045,110.6,100.97,95.42,86.42,78.14,69.17,58.55
26047,142.1,133.67,127.15,115.65,102.3,89.17,74.9
26049,138.8,127.39,119.93,104.88,90.54,76.67,60.31
26051,136.1,118.49,104.3,92.28,80.38,69.01,57.07
26053,127.1,121.42,113.54,95.9,77.22,59.26,42.05
26055,141.7,128.43,104.66,96.73,89.19,81.29,72.4
26057,89.0,82.61,77.17,70.93,65.85,60.78,54.66
26059,80.6,78.61,70.51,61.88,53.68,45.81,37.29
26061,46.7,45.65,42.83,39.6,36.1,32.69,30.26
26063,83.7,79.25,74.91,67.27,59.87,52.63,45.31
26065,86.0,76.94,71.86,64.96,58.64,51.95,43.05
26067,68.5,66.87,66.86,63.1,60.82,58.48,53.57
26069,173.5,166.97,153.65,141.99,130.84,120.04,109.03
26071,83.6,84.21,82.17,76.52,68.75,61.53,55.71
26073,95.6,82.86,74.55,62.12,50.64,38.84,25.88
26075,96.0,89.66,83.76,74.4,64.79,55.47,45.26
26077,84.8,78.5,72.4,64.35,56.59,48.48,40.38
26079,133.6,121.8,107.55,92.05,77.06,61.42,45.19
26081,87.4,79.1,75.5,67.68,60.1,52.54,43.28
26083,0.0,-0.05,-0.06,-0.17,-0.34,-1.53,-1.13
26085,37.6,40.61,35.81,29.42,24.86,19.23,12.42
26087,96.6,86.67,78.5,69.48,60.31,52.51,42.97
26089,23.0,21.32,19.49,18.16,16.87,14.77,12.21
26091,97.6,93.0,90.56,83.51,76.22,69.86,61.89
26093,67.2,62.13,58.81,53.2,47.21,42.5,35.72
26095,161.7,151.72,133.53,110.9,86.46,62.69,38.3
26097,82.6,85.43,81.84,77.41,70.89,64.26,56.74
26099,107.8,101.64,97.35,87.09,75.61,65.2,53.5
26101,118.0,107.59,98.43,86.73,76.75,65.59,53.25
26103,93.1,92.4,83.83,75.75,66.47,57.28,48.22
26105,142.4,133.84,124.73,118.37,113.58,107.43,100.93
26107,104.6,95.23,89.79,83.07,76.94,70.17,63.64
26109,67.7,58.07,44.14,32.71,20.1,6.64,-6.96
26111,92.1,86.94,82.77,75.12,68.11,61.67,54.6
26113,33.5,24.04,34.6,32.08,30.52,28.76,26.31
26115,107.6,100.79,92.78,79.27,65.38,53.05,38.64
26117,135.7,124.27,116.22,107.91,100.59,93.13,84.26
26119,74.5,67.33,63.86,59.85,53.91,48.31,40.88
26121,151.3,136.48,126.93,111.97,96.77,81.35,65.28
26123,131.3,127.88,116.38,105.28,95.18,84.5,72.7
26125,81.6,76.75,72.72,65.01,56.55,48.91,40.12
26127,73.8,70.79,66.9,61.14,56.42,50.06,43.46
26129,188.0,161.37,147.7,132.91,117.75,104.5,89.55
26131,37.8,39.19,32.74,28.93,25.1,22.62,19.87
26133,104.8,93.23,81.44,68.45,57.02,44.04,30.79
26135,143.8,118.0,99.25,84.57,68.16,53.37,36.68
26137,174.0,160.5,151.08,145.84,138.56,132.82,125.12
26139,67.5,61.2,58.34,52.35,46.77,40.45,33.65
26141,53.7,53.69,52.16,49.53,44.51,39.76,33.44
26143,208.7,183.77,150.4,132.33,114.13,96.63,77.74
26145,110.0,97.52,91.12,79.18,68.63,58.14,46.18
26147,117.5,110.64,100.84,91.57,81.65,72.01,61.66
26149,129.4,118.22,106.53,94.61,81.65,68.83,55.11
26151,58.3,52.34,46.36,40.92,35.52,30.79,25.77
26153,118.4,98.96,104.82,94.29,81.89,70.64,58.3
26155,105.3,98.39,96.29,87.8,80.7,73.91,64.56
26157,90.9,82.55,78.1,67.64,57.22,47.24,36.79
26159,120.6,117.5,112.62,99.86,87.89,74.28,61.02
26161,55.5,50.53,44.25,38.37,31.06,25.94,18.9
26163,101.7,93.34,89.04,78.36,66.14,55.25,42.81
26165,176.2,163.99,146.06,126.23,107.26,87.71,67.21
27001,107.2,98.61,80.98,68.3,55.4,44.56,32.64
27003,61.6,57.41,52.07,44.86,36.85,30.37,23.52
27005,59.4,52.44,45.56,38.08,29.64,23.37,16.0
27007,67.0,60.02,55.21,46.49,38.56,31.16,24.66
27009,47.4,43.02,38.82,32.57,26.23,21.75,15.38
27011,107.9,89.72,84.6,82.46,79.87,79.72,75.56
27013,72.7,70.63,65.86,58.68,50.64,45.51,36.85
27015,72.5,67.71,57.35,49.12,40.11,33.3,23.47
27017,99.1,73.07,62.86,54.91,45.99,39.24,31.77
27019,46.8,43.65,40.21,35.4,31.09,27.88,23.97
27021,42.2,35.55,30.86,24.54,18.66,13.39,7.48
27023,68.3,72.84,70.59,62.95,55.07,49.7,40.33
27025,39.9,40.82,34.64,30.43,26.23,23.55,21.28
27027,66.9,62.57,54.53,44.77,33.99,25.72,15.28
27029,80.7,75.35,68.36,57.98,48.38,39.24,30.17
27031,1.4,1.64,40.39,35.22,30.3,26.16,22.56
27033,63.1,51.46,72.66,76.74,79.89,85.56,88.6
27035,76.8,68.28,59.6,51.86,43.85,37.79,30.39
27037,59.3,54.18,48.6,42.61,36.8,32.36,27.1
27039,20.2,18.01,16.58,13.47,9.48,6.75,4.23
27041,109.1,102.05,91.76,80.4,67.99,58.12,45.68
27043,59.0,56.88,54.43,49.45,41.98,37.54,30.88
27045,31.9,31.07,29.56,28.76,26.83,26.4,25.54
27047,45.5,41.56,35.91,34.5,31.55,29.7,26.99
27049,57.5,51.36,47.12,41.27,33.97,28.62,23.78
27051,44.8,45.35,46.37,33.02,18.78,6.75,-8.55
27053,47.8,43.29,38.69,33.25,27.32,23.8,18.47
27055,26.6,22.86,23.13,21.35,17.84,16.57,14.6
27057,74.2,64.15,57.43,49.09,41.58,33.89,26.76
27059,58.7,57.96,52.33,47.29,42.28,38.4,34.63
27061,97.9,81.65,65.35,56.01,46.72,38.93,30.62
27063,31.1,2.69,24.9,23.7,20.58,20.05,16.89
27065,87.4,90.12,82.49,70.58,57.9,47.3,36.5
27067,68.3,66.34,64.2,58.3,52.62,48.87,41.87
27069,41.7,40.35,38.5,37.09,34.77,32.82,29.88
27071,78.8,68.69,59.71,51.58,44.52,37.35,30.5
27073,57.0,56.82,60.55,57.23,53.97,52.95,48.2
27075,28.8,31.87,32.85,28.24,22.43,18.98,16.17
27077,77.2,71.69,68.14,63.28,60.8,58.62,56.56
27079,29.2,22.54,11.44,9.36,7.23,7.33,4.98
27081,63.8,63.92,44.38,38.78,33.37,30.5,24.32
27083,54.8,53.04,49.19,43.41,37.65,33.97,27.26
27085,77.0,71.78,68.87,62.94,57.18,53.31,46.96
27087,57.3,48.12,37.83,30.86,23.59,18.05,12.28
27089,27.0,25.14,23.66,20.87,17.69,15.44,13.11
27091,91.5,86.11,77.48,70.48,61.05,54.84,45.23
27093,39.5,37.76,30.49,25.99,22.05,20.42,16.56
27095,89.5,84.33,74.72,62.2,49.99,39.15,26.76
27097,77.8,74.6,65.05,57.36,49.51,43.51,35.87
27099,49.2,47.97,41.59,35.26,28.72,22.86,16.95
27101,36.8,35.94,36.0,35.42,35.45,36.97,35.85
27103,28.3,25.51,20.11,18.22,15.49,15.8,12.22
27105,58.4,58.93,50.86,39.53,26.78,16.09,2.13
27107,41.9,38.88,26.61,21.53,15.97,12.67,7.45
27109,36.5,33.44,29.12,27.03,23.95,21.62,20.76
27111,66.6,60.45,56.06,47.85,39.04,31.79,22.88
27113,95.6,87.78,75.65,69.91,63.27,57.78,51.94
27115,61.9,62.34,62.83,54.37,43.62,36.77,28.82
27117,80.2,89.08,76.75,73.15,70.14,68.01,62.46
27119,78.8,71.38,64.19,57.06,49.05,42.51,36.13
27121,68.7,70.2,68.44,58.49,47.94,39.53,28.56
27123,48.9,45.87,41.86,35.62,29.39,24.77,19.31
27125,36.8,32.23,31.22,27.25,22.93,19.57,15.91
27127,60.5,57.36,50.52,41.5,31.5,23.48,13.5
27129,33.0,31.63,30.67,28.3,26.69,27.43,24.85
27131,62.0,56.81,50.33,43.01,35.44,29.3,22.04
27133,55.7,30.81,57.05,53.73,50.11,47.24,40.76
27135,66.8,62.98,60.34,59.5,59.88,59.75,60.04
27137,80.6,74.78,64.71,54.69,43.75,35.62,27.68
27139,42.7,39.73,36.9,32.79,28.73,26.52,22.95
27141,52.8,49.04,41.31,35.87,30.26,26.0,20.83
27143,29.6,30.18,27.69,23.46,19.58,17.62,12.55
27145,67.4,63.57,55.29,48.3,41.69,37.41,30.38
27147,59.1,52.0,47.95,41.34,34.11,29.1,22.98
27149,55.8,52.87,56.72,49.43,41.8,37.15,28.85
27151,57.6,56.45,55.19,46.58,37.71,30.49,19.95
27153,29.4,27.09,24.8,22.38,19.92,19.58,16.86
27155,110.3,99.63,59.46,40.07,20.64,3.52,-17.36
27157,9.8,11.17,9.86,8.13,4.56,2.91,1.86
27159,174.6,156.0,145.88,126.18,106.75,88.9,69.64
27161,49.1,47.88,43.26,46.76,49.86,55.57,58.89
27163,60.7,57.44,52.95,47.61,41.67,37.3,32.58
27165,49.3,44.25,43.0,44.95,45.64,48.8,48.78
27167,81.9,70.88,62.55,53.01,42.4,34.85,24.03
27169,60.9,54.48,47.81,41.03,32.69,26.31,19.52
27171,61.9,56.82,52.65,46.75,40.91,36.3,30.82
27173,38.8,37.81,37.16,34.31,31.6,31.15,27.22
28001,178.7,166.09,158.68,125.67,93.84,61.13,29.08
28003,205.7,189.66,176.33,160.6,145.95,129.24,113.18
28005,52.2,48.75,47.7,41.91,36.88,31.72,26.49
28007,119.8,118.17,116.47,103.21,90.28,75.81,61.96
28009,73.8,68.24,66.87,59.19,52.44,43.19,34.76
28011,92.6,92.57,88.07,76.64,66.1,54.61,43.1
28013,84.8,81.59,80.12,72.48,64.74,55.52,47.1
28015,1.2,0.7,0.51,0.14,-0.18,-1.83,-3.32
28017,125.7,97.74,87.8,83.78,79.8,73.39,67.87
28019,91.6,75.63,60.73,52.59,44.41,34.97,24.85
28021,90.0,84.74,79.09,62.26,45.83,28.85,12.6
28023,138.5,132.98,121.53,101.5,81.65,62.0,41.29
28025,119.8,115.05,113.53,102.98,92.22,80.68,69.7
28027,108.6,105.78,119.81,113.8,110.16,105.1,99.78
28029,108.7,103.17,101.24,90.03,77.98,66.59,55.09
28031,103.6,112.73,112.94,108.32,104.12,101.13,96.46
28033,109.4,104.81,100.72,90.77,81.33,70.71,60.13
28035,240.3,219.66,210.4,190.07,169.56,151.01,131.22
28037,87.4,83.68,72.41,61.12,50.32,38.04,26.85
28039,179.7,169.58,159.27,132.0,103.85,76.64,49.36
28041,56.3,54.84,57.42,52.03,45.81,39.99,33.88
28043,147.5,157.27,164.12,160.25,157.32,153.11,148.87
28045,99.1,89.74,88.73,81.01,72.3,65.26,56.74
28047,141.0,134.1,125.82,108.75,90.39,73.73,56.87
28049,78.0,76.75,72.27,61.39,51.48,41.05,29.73
28051,65.8,64.55,66.28,60.32,54.71,48.51,42.26
28053,59.1,61.63,60.77,55.87,51.25,46.89,42.08
28055,0.0,-0.68,-1.25,-1.68,-0.81,-0.29,-0.24
28057,130.8,131.96,122.87,103.93,84.5,61.5,40.67
28059,124.8,114.5,103.29,89.06,73.56,59.72,45.24
28061,43.1,41.81,38.28,36.33,34.46,33.43,30.74
28063,0.6,-0.47,-0.61,-0.96,-0.6,-1.28,-1.05
28065,127.9,118.8,117.88,110.2,103.14,97.05,89.02
28067,171.9,168.68,149.6,137.35,125.49,114.28,101.5
28069,57.6,50.8,40.24,32.85,25.24,16.44,6.74
28071,77.6,72.79,70.8,61.56,53.59,44.0,34.64
28073,43.5,42.8,38.48,33.78,29.09,25.88,21.32
28075,170.1,162.49,157.6,141.07,124.47,107.59,89.44
28077,136.2,123.67,117.95,108.88,98.39,88.82,78.65
28079,91.5,90.11,91.82,86.75,82.64,76.69,71.06
28081,128.7,126.57,124.29,111.81,99.83,85.12,71.69
28083,118.8,118.31,119.19,113.11,107.58,101.58,94.97
28085,133.5,122.88,115.3,101.29,87.44,73.2,59.4
28087,130.5,130.82,124.31,100.75,76.68,52.15,27.61
28089,72.8,70.41,67.72,61.6,56.16,50.02,44.23
28091,217.9,194.45,183.76,169.31,154.21,140.24,125.06
28093,53.1,51.03,48.47,47.64,48.45,46.58,45.72
28095,113.1,101.58,101.84,94.27,86.68,77.59,68.96
28097,102.9,95.99,92.07,85.02,78.49,70.76,62.94
28099,187.0,162.45,148.14,128.41,109.26,88.87,67.85
28101,73.2,65.29,70.2,63.48,57.57,50.58,43.04
28103,99.2,95.63,98.48,86.69,74.21,61.83,48.49
28105,78.8,73.69,74.14,64.54,54.06,43.22,32.42
28107,110.4,110.44,102.28,93.7,87.04,77.47,69.54
28109,153.4,146.68,134.02,115.42,95.39,76.36,56.33
28111,96.8,92.64,88.69,66.57,43.8,22.48,0.49
28113,185.3,176.17,154.95,135.65,115.64,95.98,76.25
28115,108.7,103.46,98.43,86.16,73.58,58.29,44.59
28117,128.8,119.06,107.9,92.25,77.46,58.99,41.76
28119,70.8,56.15,71.29,71.32,73.79,73.6,74.89
28121,105.8,102.81,100.8,91.52,83.27,74.15,65.21
28123,103.8,97.81,92.9,86.75,81.48,75.1,68.4
28125,132.5,121.59,101.78,84.27,67.8,51.07,33.97
28127,125.4,117.21,108.32,96.41,84.67,73.56,61.03
28129,48.6,50.68,48.09,42.83,38.41,34.27,28.77
28131,179.4,169.02,158.59,132.66,105.02,79.45,52.91
28133,54.3,52.15,53.53,46.65,39.73,32.49,25.15
28135,11.1,33.44,38.26,31.72,26.37,19.41,13.42
28137,143.3,137.73,129.05,111.05,94.95,76.36,59.48
28139,121.9,119.77,106.81,92.15,78.83,62.81,48.07
28141,161.9,148.29,159.13,133.95,110.19,84.09,59.57
28143,1.6,17.69,36.19,34.51,34.34,32.35,30.6
28145,132.3,124.46,115.86,100.3,85.54,67.67,50.99
28147,70.9,69.03,67.14,65.1,62.68,60.67,57.96
28149,120.7,111.91,106.0,93.14,80.95,68.57,55.47
28151,110.1,108.12,103.95,92.56,82.97,73.35,62.34
28153,144.7,139.96,135.23,122.6,108.87,95.98,82.46
28155,137.3,128.21,152.3,142.74,133.03,122.19,111.16
28157,116.9,111.1,93.36,76.31,60.85,44.5,28.94
28159,130.0,119.2,115.98,96.29,76.76,56.01,34.08
28161,59.9,58.54,55.33,48.69,42.9,35.62,28.61
28163,65.9,64.99,62.22,55.63,49.78,43.62,37.08
29001,158.9,140.65,117.2,103.54,88.54,75.13,61.21
29003,2.2,1.38,0.65,-0.07,-2.65,-3.83,-6.57
29005,54.9,33.01,94.6,93.44,90.84,89.55,84.72
29007,76.0,72.24,69.85,62.36,54.84,48.0,39.63
29009,134.0,110.45,122.89,108.65,92.11,75.42,58.09
29011,66.4,61.38,121.67,106.38,89.22,72.07,54.55
29013,57.8,61.23,56.9,46.1,34.31,21.77,9.55
29015,106.6,107.56,103.61,97.52,90.51,83.07,74.93
29017,70.2,66.57,64.82,55.23,45.22,35.94,25.55
29019,53.8,51.17,46.67,41.01,34.47,28.06,20.41
29021,127.6,119.49,110.1,97.13,82.63,69.5,54.44
29023,216.1,197.66,181.25,162.98,142.76,124.63,105.45
29025,2.8,2.09,2.75,1.7,-1.09,-3.57,-7.35
29027,41.3,44.12,43.68,38.04,31.8,25.26,17.37
29029,134.7,119.75,111.69,93.59,75.72,57.44,37.85
29031,128.3,125.42,117.51,105.59,93.37,80.43,67.07
29033,76.5,52.08,83.87,82.06,76.75,72.79,68.19
29035,1.9,0.05,0.72,-0.5,-3.75,-5.25,-7.93
29037,117.9,109.72,106.21,97.57,87.68,76.64,65.73
29039,19.7,17.3,10.01,69.06,125.82,182.67,239.18
29041,29.0,40.67,37.29,32.7,25.69,20.22,13.62
29043,90.9,82.22,73.89,65.22,55.08,45.03,33.26
29045,4.8,6.18,77.16,72.38,66.66,61.7,56.5
29047,101.2,94.77,89.55,79.15,67.69,55.59,43.46
29049,63.8,64.54,62.5,56.68,50.34,45.0,37.91
29051,122.9,108.53,98.0,85.53,71.52,58.13,42.7
29053,45.9,41.84,38.19,35.27,31.1,27.42,22.77
29055,65.2,82.77,83.98,81.17,79.0,76.68,72.92
29057,51.5,40.98,34.64,30.53,24.1,17.27,9.32
29059,42.4,37.16,33.72,30.61,26.47,21.54,14.22
29061,36.8,32.15,32.04,28.59,24.52,21.16,16.08
29063,0.0,-0.08,-0.1,-0.3,-1.52,-2.49,-4.56
29065,121.4,105.35,95.9,84.74,72.48,61.36,47.94
29067,99.4,88.83,84.3,78.38,72.38,65.95,58.34
29069,201.8,174.42,163.53,165.96,166.5,167.31,169.15
29071,115.2,108.33,100.95,88.69,76.01,63.33,49.65
29073,39.7,53.39,67.67,70.31,72.44,75.08,75.77
29075,46.0,45.88,50.05,52.05,53.64,56.59,57.08
29077,127.0,116.51,108.91,98.06,85.88,73.86,59.75
29079,149.2,131.77,111.25,99.72,86.96,75.36,62.21
29081,132.7,126.41,125.11,113.6,102.01,91.16,79.16
29083,166.1,146.74,147.73,132.26,115.07,97.75,80.16
29085,9.5,7.38,3.92,2.07,-1.29,-4.78,-10.21
29087,0.0,-0.4,0.69,-0.16,-1.78,-2.27,-4.84
29089,4.3,3.56,0.94,-0.16,-2.39,-3.74,-6.29
29091,192.7,177.08,164.12,150.76,136.76,122.49,107.59
29093,142.8,137.19,139.14,135.43,129.89,125.86,121.55
29095,88.3,83.65,79.63,69.02,58.58,46.58,34.49
29097,169.3,153.59,142.13,127.9,112.32,95.98,78.85
29099,90.7,83.33,78.44,72.58,67.49,62.79,56.07
29101,57.8,57.17,54.71,48.46,40.23,32.03,23.32
29103,2.0,2.1,3.85,0.78,-2.86,-5.35,-8.4
29105,127.8,112.99,108.49,96.55,84.44,71.79,56.5
29107,61.1,54.85,45.28,43.32,39.91,36.59,33.02
29109,57.9,55.26,51.65,45.73,37.34,28.99,19.58
29111,2.9,3.13,4.71,3.09,1.13,0.62,-0.86
29113,86.2,77.5,73.43,66.54,59.98,54.8,46.85
29115,57.1,46.99,42.62,37.9,31.37,26.1,19.13
29117,149.2,118.64,100.18,95.28,88.32,82.88,75.5
29119,45.9,48.32,43.97,37.84,30.21,22.07,13.38
29121,77.7,87.41,84.14,74.87,63.42,53.16,41.94
29123,156.5,152.1,128.94,127.13,124.45,122.6,120.26
29125,4.5,11.37,0.06,-0.47,-0.62,-0.71,-2.79
29127,128.0,125.33,118.91,107.4,96.44,86.01,74.77
29129,74.3,69.44,61.11,51.08,40.13,29.77,19.25
29131,73.6,69.08,71.15,61.7,51.83,42.76,30.74
29133,77.0,66.37,65.6,59.68,53.46,47.16,40.89
29135,2.5,1.38,0.15,-0.2,-1.2,-1.56,-3.76
29137,3.1,2.66,2.51,1.03,-1.15,-2.34,-4.14
29139,72.2,65.67,59.97,47.57,34.48,22.53,9.25
29141,38.6,33.36,30.56,26.11,20.55,15.01,7.84
29143,64.4,66.53,70.68,65.37,58.67,51.56,45.14
29145,58.5,54.75,53.5,49.15,43.34,36.71,28.74
29147,84.8,86.08,77.98,69.81,60.76,52.86,41.77
29149,61.4,56.87,52.58,54.57,55.16,56.37,56.49
29151,28.1,26.0,23.96,21.91,19.14,17.45,13.92
29153,57.9,54.25,49.57,50.79,52.47,53.02,52.66
29155,142.2,141.28,147.51,101.58,53.38,4.86,-42.31
29157,68.0,63.81,61.9,56.24,49.46,42.99,36.8
29159,96.4,76.91,78.85,71.75,61.97,53.55,43.8
29161,139.0,118.81,91.95,82.29,72.61,63.58,52.42
29163,70.1,68.24,69.31,80.78,92.51,105.74,116.68
29165,78.9,72.12,68.33,60.11,50.68,41.7,32.66
29167,118.7,102.88,99.0,88.23,75.74,63.04,48.87
29169,54.1,48.18,42.11,33.37,24.04,15.17,4.13
29171,2.6,0.64,54.21,44.86,33.86,25.06,14.86
29173,0.0,-0.28,-0.37,-0.48,-0.19,0.9,0.99
29175,116.8,110.86,114.3,109.99,104.73,100.47,94.49
29177,79.1,70.09,77.4,69.96,60.72,51.61,41.65
29179,3.3,1.75,1.44,0.71,-2.11,-2.77,-4.19
29181,197.2,164.85,146.58,127.53,106.42,86.79,66.74
29183,81.2,78.26,75.15,67.41,59.8,52.43,43.66
29185,4.3,3.83,2.1,25.65,47.41,69.38,90.36
29186,37.5,38.39,44.84,42.28,39.21,37.12,35.0
29187,197.9,178.15,171.76,156.38,140.19,125.05,109.25
29189,75.3,72.0,69.01,62.95,56.44,50.38,43.16
29195,69.3,89.72,88.59,78.28,64.97,52.92,39.97
29197,0.0,-0.3,2.17,0.21,-2.94,-3.78,-6.17
29199,4.8,3.75,95.52,85.99,75.43,65.82,55.51
29201,137.6,127.66,118.61,114.79,110.67,106.61,102.44
29203,2.0,0.52,40.17,35.24,28.88,23.24,16.98
29205,40.1,33.82,32.1,27.22,21.91,17.14,12.22
29207,125.7,105.63,99.29,86.3,72.96,59.77,46.99
29209,86.1,80.77,74.56,69.5,63.8,57.69,49.76
29211,2.0,14.35,75.62,69.32,61.0,54.42,46.43
29213,132.0,119.82,112.88,99.51,85.51,71.82,55.35
29215,75.9,63.23,65.78,49.91,34.08,17.95,-0.65
29217,111.0,95.92,87.35,76.83,64.97,53.42,41.21
29219,74.4,68.28,61.07,57.11,52.1,48.22,43.17
29221,52.7,47.56,41.85,36.85,31.4,26.81,21.25
29223,33.2,27.69,26.09,4.69,-18.18,-39.67,-61.94
29225,114.8,104.39,98.14,90.21,81.39,72.55,61.66
29227,4.2,4.05,3.95,0.66,-2.6,-4.99,-9.22
29229,143.6,133.53,121.73,113.41,105.78,97.35,86.96
29510,60.8,57.68,54.17,47.74,41.82,36.44,29.78
30001,92.0,89.38,86.44,76.67,68.73,60.75,53.41
30003,2.1,2.07,1.18,18.21,36.83,54.38,72.48
30005,47.5,39.93,38.15,35.0,33.67,30.45,24.85
30007,1.7,0.73,33.08,31.09,31.94,32.1,31.12
30009,0.9,1.75,26.01,24.5,25.05,24.69,24.64
30011,0.0,-0.15,-0.11,-0.05,1.78,2.01,1.05
30013,113.9,102.84,97.24,79.96,65.51,49.21,30.76
30015,42.1,34.02,32.96,26.9,23.39,18.86,11.09
30017,126.7,116.34,105.51,99.02,93.93,88.49,81.14
30019,8.9,7.45,5.76,4.66,3.01,1.47,-0.9
30021,94.3,92.77,86.63,83.78,80.41,77.02,70.68
30023,96.3,96.5,95.62,75.89,57.45,38.32,18.89
30025,5.2,2.98,2.87,2.35,3.95,4.86,4.89
30027,90.6,82.25,79.93,72.31,65.39,58.87,49.75
30029,103.8,95.7,88.87,79.44,72.09,63.07,52.92
30031,56.6,51.57,47.58,38.73,31.75,24.38,16.47
30033,0.0,-0.11,0.0,-0.06,0.37,-0.1,-2.0
30035,49.6,42.21,31.44,36.43,44.35,50.28,54.71
30037,0.0,-0.05,1.05,0.11,-0.8,-2.59,-4.2
30039,0.0,-0.27,-0.14,-0.64,0.61,0.5,0.21
30041,79.5,64.93,59.35,47.96,39.8,30.28,18.24
30043,16.3,15.4,14.58,12.37,11.79,10.81,9.2
30045,0.0,-0.28,0.21,-0.23,-0.31,-0.64,-3.86
30047,75.8,67.87,64.33,60.91,58.96,55.13,50.54
30049,84.5,79.15,72.18,63.85,57.78,50.71,42.39
30051,35.1,31.31,40.46,36.66,36.06,34.23,30.24
30053,113.3,100.51,101.24,93.31,86.94,80.07,71.68
30055,0.0,-0.08,-0.11,-0.14,0.71,0.81,-0.42
30057,16.0,4.14,28.45,24.47,22.81,21.44,19.07
30059,62.7,57.23,55.18,49.66,46.41,42.05,35.74
30061,72.0,63.77,51.15,43.44,38.25,30.06,22.44
30063,85.3,75.56,71.2,62.36,55.11,46.11,36.2
30065,0.0,-0.03,-0.16,-0.15,1.42,1.36,0.45
30067,48.4,45.66,45.62,42.51,41.3,40.91,39.4
30069,0.0,-0.18,0.0,-0.07,0.02,-0.32,-3.38
30071,79.8,59.85,84.01,77.16,72.05,64.36,54.92
30073,6.4,76.56,67.9,65.15,65.98,65.54,62.38
30075,58.2,48.04,38.86,33.73,30.12,24.66,19.6
30077,85.4,81.49,76.08,69.1,63.16,56.18,49.88
30079,0.0,-0.16,-0.31,-0.16,0.74,1.05,-0.85
30081,88.4,76.28,77.76,71.02,66.97,61.07,55.59
30083,68.4,60.18,63.45,59.97,56.02,51.19,44.5
30085,27.7,26.36,26.93,23.6,19.21,14.27,8.76
30087,40.8,37.2,38.5,38.34,40.13,40.1,40.46
30089,94.2,68.69,78.32,69.36,62.35,53.14,44.32
30091,0.0,-0.08,-0.03,-0.07,-1.01,-1.86,-4.2
30093,112.7,108.27,99.29,87.0,75.93,63.67,51.75
30095,2.5,2.61,41.12,43.71,48.32,51.85,56.27
30097,3.1,1.87,43.86,45.49,48.6,51.22,53.52
30099,88.7,73.1,64.84,57.43,54.28,48.98,41.72
30101,57.9,62.9,57.83,49.39,43.17,35.36,25.45
30103,0.0,-0.06,-0.06,0.14,1.01,0.11,-1.17
30105,52.7,48.96,42.36,39.4,37.17,33.48,28.26
30107,0.6,2.22,45.22,50.93,58.46,65.4,70.38
30109,0.0,-0.07,-0.12,-0.06,-0.53,-0.59,-2.0
30111,101.7,95.8,87.81,74.62,62.29,49.32,37.0
31001,83.7,79.06,77.63,69.42,60.66,52.18,42.99
31003,59.5,53.73,48.77,47.78,46.58,46.28,44.25
31005,0.0,-0.1,0.03,-0.45,-0.5,-2.6,-2.86
31007,0.0,-0.23,-0.31,-0.36,0.8,-1.09,0.77
31009,0.0,-0.12,0.06,-0.23,-0.24,-0.05,-0.73
31011,4.9,5.57,2.17,0.57,-1.29,-0.62,-2.34
31013,83.6,90.76,101.05,102.07,103.24,103.48,104.27
31015,65.4,29.85,1.34,-0.43,-3.1,-4.73,-7.25
31017,64.3,59.65,55.88,42.13,27.0,13.68,-1.11
31019,79.6,77.29,74.11,69.87,66.52,62.36,58.22
31021,54.9,46.79,22.67,19.76,17.39,15.87,12.19
31023,72.3,69.05,65.62,55.22,45.94,37.66,27.17
31025,25.3,26.01,25.55,33.72,41.61,49.85,56.12
31027,37.8,36.84,34.53,34.66,33.87,34.8,34.08
31029,75.9,69.94,64.74,56.94,49.14,40.83,33.71
31031,82.3,84.64,90.91,78.89,65.7,53.71,40.14
31033,68.4,54.89,45.82,40.01,35.01,27.64,22.86
31035,1.4,0.9,0.61,-0.34,-1.58,-2.67,-4.93
31037,1.4,1.17,0.3,-0.64,-1.34,-0.08,-1.23
31039,29.6,29.84,28.55,25.47,22.26,21.46,17.55
31041,93.1,83.57,90.76,79.86,69.96,59.77,49.4
31043,75.1,73.3,72.92,66.06,57.03,50.88,42.16
31045,75.6,71.06,72.92,65.94,58.98,53.11,45.99
31047,53.4,52.0,56.12,57.81,59.87,61.56,63.19
31049,4.3,4.22,3.75,0.7,-2.29,-6.81,-10.3
31051,11.2,12.03,12.48,10.96,8.31,7.94,5.22
31053,107.7,104.31,100.28,90.74,81.87,72.95,62.32
31055,72.3,66.97,64.32,57.19,50.58,44.45,36.24
31057,111.3,114.71,124.06,107.25,91.42,75.05,59.76
31059,2.5,4.64,2.48,0.31,-2.45,-4.76,-9.12
31061,3.6,3.82,0.3,-0.49,-0.02,0.26,-0.65
31063,0.0,-0.21,-0.15,-0.2,1.04,1.32,1.17
31065,2.1,3.24,2.8,0.98,-0.48,-2.22,-5.18
31067,90.3,76.71,63.02,54.25,44.6,35.52,24.47
31069,104.1,111.35,116.93,103.5,90.54,75.03,61.89
31071,7.3,11.2,13.03,97.67,181.99,267.28,352.08
31073,0.0,-0.08,0.19,0.1,0.64,0.48,0.44
31075,0.0,0.16,0.13,0.07,0.22,-1.04,-2.33
31077,0.4,0.98,-0.13,-0.11,-1.3,-0.47,-1.27
31079,89.1,83.22,77.67,70.55,62.87,55.86,47.42
31081,68.9,67.73,65.07,59.21,53.78,48.83,42.53
31083,86.2,85.37,85.86,81.88,79.31,76.12,72.52
31085,0.0,-0.19,-0.06,-0.26,0.23,-0.07,0.32
31087,0.0,-0.24,-0.1,-0.37,0.05,-0.35,-0.97
31089,78.2,72.88,59.64,36.37,12.71,-10.41,-34.47
31091,0.0,0.04,0.06,-0.02,-0.96,-2.77,-3.88
31093,80.9,77.94,70.93,60.71,49.38,39.7,28.19
31095,135.5,117.5,117.99,110.0,102.32,94.01,83.66
31097,51.4,50.56,45.69,43.11,39.7,35.62,30.2
31099,69.9,65.73,62.82,54.46,47.12,38.66,30.16
31101,134.1,122.84,119.93,104.63,89.42,72.73,57.88
31103,0.0,0.16,-0.99,-1.06,-2.32,-2.12,-3.01
31105,0.0,-0.34,2.4,0.97,0.45,-2.17,-1.73
31107,32.2,27.38,27.4,27.0,25.45,25.63,25.0
31109,69.0,64.35,62.44,56.47,50.69,44.83,36.87
31111,107.8,102.43,96.28,90.94,85.88,79.59,74.18
31113,0.0,-0.18,-0.03,-0.19,0.5,-0.27,-0.23
31115,0.0,0.04,0.14,2.95,6.26,9.17,11.95
31117,0.0,-0.13,-0.1,-0.11,0.62,-0.73,-1.15
31119,103.2,96.35,89.87,84.26,77.13,73.04,66.37
31121,66.7,65.57,61.4,58.2,54.62,52.31,48.53
31123,58.0,68.36,60.93,56.77,53.32,47.91,44.2
31125,21.7,43.13,44.24,43.15,41.7,42.53,41.2
31127,104.5,101.16,95.53,89.42,82.13,76.38,68.08
31129,78.0,67.87,45.16,41.13,37.92,34.16,28.85
31131,97.6,92.64,87.19,80.51,72.78,65.73,56.34
31133,84.0,79.84,71.09,51.93,31.94,12.24,-8.53
31135,64.5,65.03,67.37,68.82,70.19,70.61,73.15
31137,113.8,110.97,114.16,115.74,118.09,119.76,121.8
31139,29.9,25.93,28.07,27.08,25.16,25.48,23.53
31141,83.1,78.7,77.36,67.26,57.39,49.56,39.16
31143,34.2,26.45,24.6,22.24,20.2,19.92,17.02
31145,131.5,118.89,111.8,102.01,93.65,84.07,73.94
31147,60.4,53.74,52.27,45.51,37.49,30.4,21.34
31149,0.0,-0.27,-0.55,-0.45,-2.33,-2.86,-4.08
31151,62.3,57.05,52.74,48.91,45.03,41.21,35.54
31153,59.2,55.58,53.3,46.31,39.54,33.21,24.88
31155,48.4,44.2,32.36,26.82,22.04,17.77,11.19
31157,110.5,101.91,94.53,86.02,79.3,69.62,62.22
31159,49.3,56.14,51.65,50.04,48.55,48.2,46.03
31161,0.7,1.22,0.99,15.91,30.25,45.32,58.9
31163,2.7,2.74,2.0,0.96,-0.73,-1.27,-2.68
31165,0.0,-0.16,-0.07,-0.23,1.04,1.6,2.81
31167,0.0,-0.43,-0.39,-0.48,-1.21,0.29,-0.41
31169,4.0,4.72,3.66,0.58,-2.13,-4.37,-8.61
31171,0.0,0.04,0.03,-0.12,-1.1,-1.66,-2.23
31173,28.2,4.73,1.51,0.28,-1.46,-1.33,-3.65
31175,5.2,10.79,7.49,3.75,-0.89,-4.61,-8.66
31177,64.4,60.78,57.88,50.66,44.27,38.28,30.26
31179,56.6,51.76,51.39,48.39,45.43,44.01,40.4
31181,5.7,4.47,4.96,3.11,1.29,-0.81,-3.69
31183,0.0,0.0,-0.21,0.98,0.62,2.59,3.17
31185,116.4,106.04,100.12,93.79,87.83,82.78,76.11
32001,135.2,121.92,108.2,100.98,94.91,88.59,81.51
32003,85.3,81.35,77.46,70.71,64.1,57.42,49.51
32005,105.9,103.99,103.96,98.79,94.2,88.83,84.41
32007,78.8,68.86,64.03,58.36,51.43,46.0,38.18
32009,0.0,-0.14,-0.09,-0.32,-1.31,-1.79,-1.5
32011,0.0,-0.15,-0.12,-0.12,-0.65,-1.25,-4.37
32013,80.5,88.78,78.93,69.07,58.47,48.94,37.39
32015,1.7,1.32,0.17,0.43,0.32,0.84,-0.66
32017,97.7,93.64,85.71,76.38,67.63,58.74,50.22
32019,108.5,101.34,92.64,84.29,74.95,66.17,56.72
32021,145.9,135.07,120.83,102.8,84.67,67.59,50.03
32023,146.6,141.94,137.06,118.57,101.23,83.11,66.52
32027,52.1,46.0,38.82,31.5,23.53,16.82,8.19
32029,0.0,-0.72,-0.9,-1.11,-2.63,-3.58,-4.53
32031,98.0,90.64,83.65,73.8,63.54,53.1,43.43
32033,115.4,109.56,101.38,90.67,80.03,69.59,58.29
32510,144.1,139.33,130.85,116.38,101.87,87.06,72.38
33001,87.0,82.17,68.7,57.63,47.42,36.1,26.17
33003,90.0,85.05,74.94,64.72,54.21,42.5,32.5
33005,79.2,74.2,65.33,53.48,43.06,33.05,23.28
33007,93.9,87.84,71.6,57.95,43.9,29.15,16.02
33009,87.1,80.28,68.16,55.05,43.33,31.37,18.98
33011,70.1,64.94,54.72,43.52,33.67,22.62,13.41
33013,90.4,86.05,73.78,59.69,46.41,32.68,19.98
33015,76.0,71.84,63.01,52.8,43.51,32.73,23.73
33017,95.0,91.39,79.96,64.74,49.76,34.13,19.57
33019,66.5,61.83,54.78,44.25,35.28,26.38,17.26
34001,84.7,80.45,74.53,64.37,56.8,50.13,42.8
34003,44.4,44.28,42.34,36.86,31.72,27.52,24.19
34005,73.9,73.21,68.92,59.32,51.33,44.88,38.05
34007,90.8,87.94,84.5,72.09,60.95,51.86,42.47
34009,96.8,95.02,88.19,76.23,66.03,56.77,46.78
34011,98.0,98.04,91.72,78.38,66.31,55.75,45.65
34013,43.0,42.47,39.49,33.51,27.48,23.3,19.83
34015,85.8,82.85,78.49,68.0,58.93,52.39,45.18
34017,38.6,38.27,36.67,32.01,27.63,24.42,21.55
34019,46.3,44.94,42.65,34.83,27.71,21.89,18.24
34021,59.6,58.96,54.24,46.48,40.43,35.24,30.48
34023,45.8,44.51,41.41,37.13,33.91,32.12,31.1
34025,61.8,59.4,55.12,46.91,39.73,33.07,26.77
34027,45.9,45.15,42.31,35.48,29.2,24.34,21.18
34029,72.6,70.61,66.48,56.09,47.03,39.9,31.57
34031,50.8,50.57,46.26,38.95,31.83,26.53,21.87
34033,80.5,78.03,72.14,60.19,49.6,41.88,33.83
34035,38.7,38.67,36.84,31.48,27.29,24.52,23.08
34037,63.7,60.84,59.32,49.77,39.98,31.84,26.06
34039,45.2,44.89,40.97,34.75,29.1,25.03,21.8
34041,77.5,75.32,70.63,59.07,48.09,38.0,31.25
35001,74.7,74.63,68.88,59.59,53.17,44.09,37.33
35003,0.0,-0.05,-0.17,-0.2,3.12,2.79,3.55
35005,88.8,84.57,81.27,69.09,59.28,45.66,32.84
35006,28.8,38.89,39.75,37.31,38.45,35.99,35.2
35007,85.8,74.18,69.89,62.34,57.56,51.5,46.04
35009,79.1,67.97,63.85,53.08,45.36,35.15,25.44
35011,26.2,7.46,7.13,6.69,10.43,9.74,12.04
35013,51.3,49.14,46.64,41.33,37.38,30.6,24.32
35015,98.9,94.46,89.64,79.32,70.56,59.63,49.75
35017,103.7,94.76,83.96,64.8,48.28,29.02,12.47
35019,9.9,8.27,6.89,6.66,10.71,11.38,13.72
35021,0.0,-0.2,-0.24,-0.26,4.3,5.03,7.1
35023,0.0,-0.13,-0.31,-0.35,2.36,2.55,4.71
35025,79.4,70.62,72.02,65.6,61.57,54.36,47.81
35027,97.9,95.47,92.46,81.64,73.2,62.13,51.85
35028,63.0,64.48,69.85,63.06,59.75,53.49,48.77
35029,95.8,92.51,73.31,64.96,58.42,49.02,40.95
35031,22.9,23.17,22.63,20.78,20.9,18.02,18.32
35033,0.0,-0.33,-0.28,-0.51,1.4,2.11,3.13
35035,62.4,63.44,56.07,49.81,44.49,37.64,31.15
35037,110.1,103.93,87.4,77.21,71.53,62.18,54.07
35039,93.7,90.33,83.45,75.48,70.19,62.75,56.24
35041,28.1,25.78,26.78,24.32,23.82,20.86,18.64
35043,57.4,57.21,54.51,47.97,43.98,37.28,33.06
35045,66.1,68.01,67.74,53.4,41.01,27.87,15.74
35047,85.0,75.1,68.99,56.28,46.28,34.33,23.49
35049,90.4,89.7,82.45,72.53,64.95,54.68,46.03
35051,115.0,98.62,91.37,76.08,62.45,44.45,28.42
35053,83.9,84.91,59.94,49.45,42.16,31.07,22.88
35055,96.6,90.42,85.89,72.57,61.61,49.59,38.14
35057,27.8,28.22,25.81,19.48,15.68,9.14,4.51
35059,56.4,50.02,44.6,38.61,37.18,30.62,26.64
35061,90.2,86.38,79.44,70.21,64.13,55.62,49.4
36001,51.5,50.41,46.74,42.66,37.72,34.74,32.98
36003,59.2,59.93,58.66,53.98,50.95,47.99,45.36
36005,32.5,32.21,30.58,26.67,22.42,19.11,16.84
36007,71.6,70.76,69.46,63.7,56.95,52.49,51.05
36009,79.6,79.49,73.53,65.56,58.89,52.3,46.75
36011,34.1,50.67,49.37,46.13,41.95,40.81,40.72
36013,81.7,80.82,72.69,62.84,54.62,46.13,37.76
36015,101.8,98.22,85.47,73.42,61.23,50.76,42.23
36017,55.7,56.87,52.78,51.48,49.44,50.07,52.37
36019,44.4,72.95,76.59,74.49,70.79,69.62,68.22
36021,61.3,62.75,61.12,58.39,55.0,52.28,51.66
36023,43.3,60.09,59.39,58.02,55.36,55.33,57.02
36025,72.7,70.04,66.4,54.32,40.72,30.33,21.64
36027,57.7,58.01,55.66,50.19,45.15,39.57,36.36
36029,73.7,73.25,67.09,59.62,53.06,46.11,39.67
36031,29.0,45.41,46.91,45.19,43.0,42.76,41.94
36033,26.7,62.65,67.69,64.33,60.15,58.92,56.43
36035,70.7,73.81,69.33,64.52,59.19,57.7,55.33
36037,59.8,58.98,54.89,49.75,43.96,38.04,33.25
36039,70.4,68.21,64.75,60.21,55.18,50.93,49.13
36041,0.0,0.56,0.05,-0.09,-1.44,0.53,0.94
36043,34.9,48.03,49.63,45.15,40.45,38.52,36.33
36045,27.3,55.6,59.41,55.43,50.82,48.22,45.57
36047,24.4,24.65,23.13,20.38,17.32,15.24,13.46
36049,20.3,36.51,40.87,36.59,32.42,30.6,28.31
36051,48.4,48.78,48.89,47.0,44.38,42.48,41.75
36053,45.5,60.12,59.38,53.42,46.91,43.59,40.36
36055,51.9,52.37,49.08,43.19,36.69,31.01,26.63
36057,78.4,84.27,81.4,76.21,70.25,67.47,64.5
36059,44.6,44.13,40.81,36.63,31.45,27.65,23.78
36061,42.7,42.12,39.58,34.36,29.21,25.14,21.97
36063,80.8,81.15,76.12,66.43,57.12,48.23,39.35
36065,58.7,64.76,62.09,55.96,49.69,46.45,42.15
36067,46.2,57.97,55.95,50.82,44.83,41.6,38.91
36069,56.1,55.56,51.69,45.68,39.23,34.11,30.3
36071,61.4,61.63,58.75,52.43,46.08,40.51,36.68
36073,57.2,56.49,50.03,48.4,46.21,44.19,42.79
36075,44.8,57.97,57.95,54.4,49.63,48.09,46.27
36077,52.3,56.76,56.36,54.02,51.16,50.77,50.59
36079,41.7,41.77,40.85,38.66,36.19,34.7,34.26
36081,25.6,25.91,23.92,20.9,17.08,14.54,12.1
36083,59.3,59.77,57.16,53.05,48.1,45.38,43.48
36085,49.1,48.88,44.94,40.18,35.62,32.37,29.92
36087,35.3,35.12,34.43,31.17,28.83,27.05,26.1
36089,26.9,61.6,69.8,66.43,61.27,59.1,57.01
36091,52.9,53.59,51.02,45.29,39.64,36.1,32.4
36093,56.7,57.03,53.54,49.52,44.72,42.27,40.37
36095,49.2,50.69,47.75,50.9,53.05,57.45,62.95
36097,62.2,61.22,57.68,54.11,50.47,48.18,48.08
36099,27.1,43.3,44.96,44.27,42.77,43.86,46.45
36101,69.1,70.96,67.09,61.51,56.37,51.8,49.11
36103,54.7,53.63,51.19,46.26,39.98,35.66,31.79
36105,79.8,71.27,70.05,66.59,63.02,60.76,60.41
36107,42.2,42.52,43.05,39.51,35.25,32.96,33.1
36109,42.5,53.5,52.52,49.7,46.54,44.7,45.66
36111,66.4,68.21,67.46,59.43,51.41,43.59,38.34
36113,80.0,86.48,83.07,81.0,79.14,79.55,79.32
36115,66.2,68.46,65.95,59.78,53.21,48.97,45.36
36117,54.3,59.31,54.5,47.87,40.26,34.37,29.31
36119,36.9,36.94,35.0,31.28,27.35,24.54,22.48
36121,53.7,54.17,51.5,46.53,41.31,36.27,32.23
36123,39.0,38.31,33.79,30.14,26.62,24.19,23.36
37001,96.0,87.98,83.13,74.23,66.35,59.08,52.51
37003,33.6,28.76,25.23,20.46,19.67,16.64,15.67
37005,103.2,99.91,86.57,77.04,68.15,59.38,52.23
37007,91.3,86.28,77.73,72.27,70.35,66.87,63.77
37009,110.3,105.63,102.84,94.95,89.45,83.01,79.59
37011,95.1,89.44,82.63,72.1,64.71,55.91,50.17
37013,141.3,143.17,141.24,131.54,123.83,116.26,109.54
37015,65.0,64.27,53.28,26.61,-0.0,-25.63,-51.0
37017,114.8,117.79,113.97,104.99,99.19,89.97,82.82
37019,123.7,116.85,110.44,95.94,84.54,70.65,57.44
37021,95.6,88.77,81.16,71.72,63.95,54.01,46.57
37023,159.3,154.62,151.17,125.92,103.73,78.96,57.51
37025,110.3,101.64,94.91,83.51,75.13,64.72,56.61
37027,148.9,141.07,135.75,119.97,107.17,92.3,80.12
37029,0.0,-0.51,-0.63,-1.33,-2.07,-3.11,-3.32
37031,119.1,114.42,101.65,86.93,73.39,59.37,47.1
37033,15.2,13.43,12.04,6.92,1.38,-2.27,-6.23
37035,142.6,133.73,129.14,115.02,103.43,90.24,79.22
37037,47.9,43.58,43.5,37.71,33.51,28.42,25.19
37039,125.8,112.62,122.48,118.24,117.55,115.91,114.25
37041,113.1,108.81,110.6,105.29,100.4,96.33,92.59
37043,133.9,138.22,122.01,117.85,116.89,114.69,113.77
37045,148.5,139.04,128.6,116.92,107.98,97.08,87.86
37047,198.0,189.46,178.07,140.73,107.05,68.52,33.1
37049,129.0,128.76,112.96,98.98,86.28,73.66,62.26
37051,96.5,96.23,86.63,76.35,69.73,59.97,52.67
37053,21.3,19.65,18.78,15.01,11.75,8.49,5.58
37055,132.3,119.23,107.9,99.18,90.38,81.02,74.27
37057,84.5,78.1,79.36,70.08,62.86,54.18,48.24
37059,120.9,112.56,96.81,89.05,83.37,76.16,72.03
37061,90.9,80.73,78.45,69.67,63.47,56.45,49.66
37063,57.8,54.51,49.34,41.38,34.48,28.08,23.55
37065,55.5,54.31,75.77,70.76,66.09,62.32,58.37
37067,92.6,84.05,76.45,65.76,55.49,44.67,36.83
37069,67.5,62.83,56.31,47.61,39.91,32.55,26.66
37071,138.1,127.02,119.07,102.53,88.97,73.03,59.26
37073,3.0,2.34,2.13,-0.62,-3.69,-5.43,-7.46
37075,111.2,113.98,102.33,89.65,80.88,70.25,60.54
37077,87.6,85.57,79.48,62.85,47.69,33.12,19.68
37079,34.0,33.89,28.74,27.31,26.94,27.15,28.42
37081,88.9,83.72,75.07,65.43,56.51,47.8,41.41
37083,128.0,123.21,117.1,104.98,93.34,82.22,71.96
37085,93.7,86.75,80.27,72.08,66.68,59.67,53.31
37087,111.6,105.05,102.23,92.56,84.39,74.66,66.65
37089,94.0,89.71,84.08,73.48,65.77,56.19,48.33
37091,139.6,133.11,136.17,122.13,108.34,95.45,82.61
37093,66.5,60.46,60.16,54.69,53.05,47.84,45.31
37095,52.7,68.05,64.02,58.62,54.14,49.43,46.2
37097,116.4,108.86,101.95,91.24,82.77,72.51,64.48
37099,109.9,101.28,92.06,81.18,72.54,63.06,54.64
37101,74.8,73.31,69.97,60.97,53.68,46.39,40.22
37103,5.3,4.97,22.17,34.28,47.35,60.33,74.18
37105,130.6,120.49,128.54,114.14,102.12,88.69,76.82
37107,91.8,83.2,87.85,82.39,77.79,73.44,69.74
37109,130.6,123.3,115.76,99.36,85.97,70.77,57.52
37111,97.6,92.91,87.21,77.06,69.74,60.25,53.01
37113,107.1,94.44,90.38,83.42,79.04,73.25,69.27
37115,63.3,60.62,58.27,51.17,45.22,37.42,32.14
37117,93.5,83.04,100.34,97.8,96.45,94.53,94.03
37119,63.7,59.34,54.23,46.68,42.54,35.91,31.03
37121,167.0,163.94,151.0,129.89,112.15,92.7,75.59
37123,74.9,70.54,65.24,54.7,47.24,37.58,29.13
37125,135.7,133.57,127.96,103.49,83.22,60.48,39.16
37127,114.9,108.08,93.99,83.82,73.79,64.66,56.34
37129,119.1,114.53,103.48,85.55,70.43,51.92,35.69
37131,1.6,0.86,13.78,12.61,12.06,12.87,14.17
37133,86.1,80.61,77.35,65.93,56.32,45.8,36.74
37135,46.8,43.73,41.88,36.63,32.57,28.47,26.24
37137,74.0,79.5,85.39,81.78,79.41,76.2,75.55
37139,141.5,137.29,131.59,119.93,108.35,96.77,85.45
37141,46.1,45.86,49.7,47.89,49.15,47.98,48.13
37143,40.2,38.02,36.05,29.72,24.21,19.08,13.88
37145,112.2,110.02,104.66,91.95,80.02,69.0,58.63
37147,94.0,89.55,83.92,72.79,62.27,52.64,43.44
37149,68.9,71.88,64.79,55.11,46.92,37.48,30.23
37151,79.8,76.0,71.52,63.1,56.06,48.16,41.64
37153,160.3,136.55,149.41,136.78,128.52,117.5,107.3
37155,141.1,139.84,129.65,114.03,102.14,86.38,73.63
37157,148.4,131.28,130.64,120.85,111.9,103.69,96.06
37159,96.4,90.1,80.88,72.5,66.2,57.75,52.19
37161,106.4,103.05,97.23,89.0,83.22,75.1,69.41
37163,95.4,92.7,87.25,77.78,71.41,63.26,56.01
37165,225.1,216.65,193.7,167.92,145.83,120.58,97.28
37167,139.1,128.75,111.98,101.0,93.51,83.98,75.68
37169,91.2,84.9,85.24,81.37,77.64,74.28,73.38
37171,191.5,181.81,165.03,141.67,118.52,95.85,74.73
37173,104.8,97.23,88.42,77.74,70.03,60.64,52.66
37175,115.8,106.41,99.01,87.0,77.24,66.22,56.64
37177,74.3,93.29,88.65,79.56,71.11,62.91,55.63
37179,76.6,72.76,67.59,60.31,56.73,50.31,45.33
37181,146.4,134.96,121.69,102.39,84.25,66.49,49.81
37183,61.3,58.52,54.48,47.32,41.2,35.09,29.92
37185,31.6,33.08,31.56,28.16,25.58,23.76,22.17
37187,103.2,99.35,88.07,86.21,84.35,83.24,82.77
37189,92.1,85.45,76.95,68.37,63.54,57.06,53.0
37191,88.8,80.53,78.45,71.19,65.46,60.34,55.76
37193,100.2,97.21,91.39,79.33,70.01,59.13,51.15
37195,105.7,98.82,91.07,81.95,73.99,66.73,60.6
37197,74.4,64.83,67.85,55.49,43.77,32.03,22.72
37199,111.6,109.27,99.02,84.93,72.51,58.55,46.71
38001,148.5,123.88,120.11,101.29,81.75,63.12,41.47
38003,76.7,67.14,63.66,54.26,42.74,32.96,20.42
38005,6.9,6.85,6.9,5.87,2.96,2.12,-1.38
38007,0.0,-0.34,-0.14,-0.09,-1.57,-3.58,-5.84
38009,47.6,41.63,35.7,29.56,21.88,16.97,9.28
38011,41.7,53.12,55.08,52.13,50.64,48.69,45.37
38013,0.0,-0.13,0.04,-0.03,-2.97,-3.74,-6.33
38015,79.7,76.14,68.07,58.44,46.86,37.58,25.68
38017,42.7,36.65,30.59,24.51,17.64,13.26,6.27
38019,22.9,50.62,45.99,45.23,43.47,41.14,38.43
38021,79.7,74.45,66.56,62.96,56.71,53.98,47.02
38023,1.9,0.37,0.15,0.07,-2.57,-3.07,-4.37
38025,26.7,17.58,16.81,16.76,15.06,12.89,9.09
38027,108.1,97.04,82.68,74.44,64.26,56.22,45.83
38029,69.1,59.02,55.52,48.35,38.48,33.12,22.78
38031,107.2,117.09,107.24,88.9,69.42,51.56,30.06
38033,0.0,-0.04,0.0,-0.01,0.12,-0.12,-1.83
38035,67.6,61.8,58.13,53.71,48.6,44.53,40.22
38037,0.6,0.1,0.41,0.22,-1.97,-2.27,-5.68
38039,0.0,0.05,25.15,51.49,77.03,103.38,128.18
38041,24.1,20.48,20.73,22.54,21.88,22.67,20.12
38043,44.7,40.87,33.85,29.81,23.71,19.63,11.78
38045,39.7,34.33,37.71,31.7,22.4,15.27,5.64
38047,0.0,-0.21,0.12,-0.38,-3.84,-3.66,-7.94
38049,0.7,0.7,16.93,19.09,18.89,22.55,22.99
38051,52.6,43.25,41.59,35.61,26.76,21.94,12.62
38053,58.3,42.31,33.79,34.43,34.16,34.34,32.23
38055,50.9,45.3,41.46,35.21,25.56,18.16,8.16
38057,73.6,71.31,68.14,62.23,53.21,44.93,36.07
38059,50.0,47.43,41.79,38.16,32.66,28.83,22.49
38061,14.8,11.9,10.73,10.6,7.28,6.03,2.24
38063,35.8,34.04,32.65,28.45,23.01,18.48,12.94
38065,0.0,-0.2,-0.29,-0.34,-3.18,-4.73,-8.27
38067,69.5,66.5,54.32,51.6,48.72,44.57,40.57
38069,55.4,58.99,59.48,50.66,39.87,31.32,19.72
38071,142.1,131.17,120.88,110.38,98.48,87.75,75.4
38073,83.9,73.17,55.19,47.23,38.03,30.69,20.41
38075,20.7,18.45,26.58,24.37,19.26,17.49,13.05
38077,43.2,35.52,33.87,27.65,20.33,15.6,7.85
38079,6.4,5.44,4.1,3.02,-0.1,-1.45,-4.55
38081,1.6,0.67,-0.5,-0.41,-1.67,-0.91,-3.12
38083,0.0,-0.09,1.68,-0.23,-4.94,-7.17,-12.54
38085,0.0,-0.21,-0.12,-0.23,-2.29,-1.37,-3.89
38087,0.0,0.32,0.03,-0.13,0.23,-0.16,-1.69
38089,81.2,71.98,67.32,61.69,53.67,45.41,36.48
38091,0.0,0.43,0.47,0.53,-0.52,-1.26,-2.84
38093,89.7,83.98,75.23,63.83,50.27,37.81,23.71
38095,0.0,0.63,0.4,1.56,2.88,4.37,4.18
38097,18.3,39.07,27.51,19.48,9.83,2.52,-6.11
38099,61.0,58.0,44.31,39.63,34.2,28.01,22.2
38101,76.5,71.06,61.73,52.68,40.53,31.65,18.99
38103,3.5,2.2,73.44,65.0,54.89,46.08,34.81
38105,76.8,66.3,59.93,55.7,50.78,45.21,38.23
39001,91.8,87.78,83.41,78.35,73.74,68.01,62.01
39003,109.6,99.45,90.44,77.12,62.88,49.35,34.91
39005,51.9,48.72,44.77,36.92,28.68,21.2,13.85
39007,86.9,75.33,67.6,59.54,51.89,45.69,37.97
39009,96.2,91.21,83.3,70.2,58.72,47.12,33.59
39011,55.5,51.83,49.8,42.99,35.55,28.61,21.61
39013,118.2,103.77,88.65,76.88,67.37,58.76,47.02
39015,102.4,95.88,86.87,76.63,66.9,56.32,44.77
39017,93.4,85.45,77.35,65.99,55.44,44.18,33.14
39019,48.6,45.79,41.47,35.41,29.38,24.79,18.11
39021,81.9,74.84,70.23,62.02,53.05,44.84,35.95
39023,115.7,109.15,104.35,89.23,74.22,59.45,43.04
39025,100.2,88.49,82.3,72.84,63.94,54.65,44.71
39027,119.2,108.99,102.61,89.19,77.0,64.15,50.75
39029,99.0,92.34,84.35,69.38,55.25,42.9,28.0
39031,87.0,84.54,80.51,69.02,57.85,47.23,35.46
39033,104.6,96.81,87.71,76.58,64.68,54.05,43.24
39035,70.1,66.85,61.27,50.44,40.54,31.17,19.68
39037,58.5,56.98,52.08,43.85,35.57,28.96,21.09
39039,95.2,88.41,80.42,70.56,59.82,49.46,38.14
39041,62.0,58.29,54.35,47.9,41.44,34.68,28.05
39043,107.8,95.96,84.65,73.53,62.27,51.13,38.91
39045,86.2,80.24,73.46,62.79,51.64,41.6,29.62
39047,119.8,106.95,99.26,85.7,72.42,59.47,44.93
39049,88.5,80.62,72.37,60.04,48.09,35.79,22.49
39051,88.6,84.1,74.95,65.68,56.93,47.92,37.74
39053,126.6,109.5,88.12,69.55,52.77,35.91,17.19
39055,61.2,58.68,54.61,46.63,38.49,31.83,23.05
39057,91.1,83.43,74.54,61.66,48.87,36.12,22.75
39059,116.4,104.31,97.4,84.74,72.91,63.03,50.07
39061,86.4,78.78,72.32,62.45,53.27,43.77,34.08
39063,73.1,67.19,61.68,54.01,45.59,37.71,28.97
39065,82.8,72.14,68.97,59.73,50.17,40.06,29.51
39067,72.8,70.15,64.88,57.47,51.52,47.08,39.86
39069,66.1,61.71,54.53,49.27,42.95,37.17,30.71
39071,127.8,110.98,102.54,91.13,80.59,69.6,57.08
39073,108.4,103.38,94.73,79.03,62.85,47.85,30.89
39075,32.3,28.91,23.59,20.08,15.46,12.04,7.81
39077,114.9,105.28,96.9,82.4,67.74,54.03,39.47
39079,175.3,153.02,134.85,114.66,95.91,77.12,57.25
39081,138.7,122.42,112.45,95.56,80.57,67.16,50.08
39083,63.6,57.63,53.93,45.36,37.13,29.49,21.2
39085,85.0,80.48,74.85,62.68,50.69,40.13,27.64
39087,101.3,92.14,82.38,73.33,65.22,57.12,48.13
39089,76.6,72.03,65.84,56.27,46.46,37.02,26.46
39091,99.9,90.37,83.65,72.49,60.91,49.43,36.99
39093,86.1,79.84,73.93,60.71,48.56,36.09,23.17
39095,112.1,106.27,98.14,85.53,73.45,62.31,48.4
39097,78.1,75.52,72.72,65.15,57.48,50.25,41.98
39099,112.3,105.81,93.86,78.9,64.33,51.54,36.94
39101,115.9,109.33,102.92,92.07,80.54,69.7,58.85
39103,73.1,66.91,61.15,50.99,41.48,32.37,21.98
39105,84.1,71.87,63.26,51.83,41.8,31.98,20.72
39107,58.9,46.98,47.47,41.8,34.64,28.58,22.61
39109,80.5,74.09,68.1,59.51,50.18,42.31,33.21
39111,60.3,55.49,44.93,36.98,31.28,26.82,19.02
39113,111.8,103.74,93.46,77.5,61.08,44.95,28.17
39115,48.1,46.77,42.04,38.32,35.92,34.81,31.05
39117,59.2,55.82,50.59,44.91,39.62,34.37,29.31
39119,115.6,105.53,97.06,85.04,73.34,62.11,48.93
39121,30.0,25.27,22.68,18.32,15.28,14.12,10.17
39123,79.5,74.98,69.68,60.84,51.4,43.02,33.23
39125,48.4,41.79,37.49,30.63,21.54,13.82,4.54
39127,95.3,86.05,80.79,69.5,58.66,48.46,35.85
39129,84.6,78.15,71.19,61.57,52.38,42.79,32.03
39131,132.2,118.01,105.83,93.66,82.95,71.84,59.04
39133,67.9,65.02,60.63,51.19,41.54,33.53,23.7
39135,64.2,61.02,65.59,58.5,51.31,44.23,36.43
39137,43.5,42.82,40.19,33.62,26.03,19.55,11.72
39139,87.9,79.81,70.53,60.0,49.91,40.77,31.62
39141,116.5,105.92,93.73,77.33,61.49,45.82,28.4
39143,85.3,74.94,68.22,60.72,52.57,45.97,37.7
39145,124.5,113.47,105.36,92.21,79.46,67.05,53.14
39147,85.3,79.45,72.79,61.12,49.0,38.3,25.92
39149,84.8,77.14,71.56,60.76,49.77,39.0,28.06
39151,111.5,103.75,92.89,78.12,63.78,50.7,35.19
39153,91.4,86.19,76.99,62.8,48.55,35.38,20.09
39155,105.6,101.65,94.59,81.68,68.84,57.75,44.61
39157,88.9,81.13,75.14,65.35,55.46,46.71,36.19
39159,74.3,72.81,67.38,58.71,49.52,40.77,31.62
39161,81.4,72.17,67.52,56.86,43.58,31.32,18.54
39163,1.6,-0.15,3.26,16.49,31.45,46.61,60.4
39165,76.4,70.27,63.96,54.57,45.83,36.6,27.41
39167,147.5,133.85,119.84,103.33,88.51,74.62,58.35
39169,70.0,64.73,57.13,48.15,39.22,30.74,21.36
39171,81.9,60.36,52.57,43.79,34.17,24.79,14.58
39173,55.5,51.65,46.88,42.58,37.7,34.44,29.35
39175,52.9,48.34,45.88,41.22,36.6,32.12,26.86
40001,58.5,69.71,66.59,65.43,62.88,59.36,55.84
40003,6.3,5.13,0.36,0.54,1.04,0.77,0.76
40005,45.3,44.91,34.43,31.72,28.49,24.77,21.14
40007,0.0,-0.83,-0.41,-0.12,2.55,4.1,6.28
40009,123.5,117.66,122.56,96.36,72.77,48.96,24.77
40011,6.5,8.75,3.43,1.23,0.34,-1.39,-2.48
40013,148.8,153.68,146.09,128.05,109.99,92.19,73.15
40015,86.3,82.39,77.52,62.18,49.88,38.32,24.87
40017,101.1,96.06,88.77,80.57,74.26,68.45,61.32
40019,188.7,175.18,165.63,150.07,134.86,120.93,104.95
40021,116.1,108.56,103.75,98.72,93.4,86.87,80.47
40023,54.9,49.05,36.03,34.48,32.2,29.39,27.78
40025,82.6,76.59,54.93,35.65,19.77,-0.06,-16.93
40027,93.8,85.62,78.98,74.23,70.56,67.65,63.41
40029,61.4,105.36,95.48,75.97,55.68,35.82,15.54
40031,80.0,82.8,82.3,76.25,73.22,71.48,67.2
40033,8.7,8.01,1.55,0.07,0.49,2.2,1.31
40035,122.2,108.39,105.4,99.76,92.84,84.72,77.1
40037,136.6,121.8,111.03,99.46,87.36,74.07,61.89
40039,113.6,109.48,104.66,93.76,86.26,79.01,71.5
40041,90.2,88.51,90.67,78.07,63.52,48.46,33.58
40043,6.5,4.33,16.24,12.02,9.48,7.06,4.62
40045,86.6,88.59,81.56,7.61,-63.51,-134.94,-207.04
40047,97.2,96.51,98.29,93.42,88.74,83.46,78.1
40049,77.5,58.59,53.78,49.73,45.37,42.14,37.11
40051,61.9,55.82,53.74,54.72,56.92,60.55,62.17
40053,25.4,22.13,22.22,25.01,27.62,30.85,33.1
40055,59.3,46.82,31.42,35.05,42.14,48.92,55.01
40057,210.3,164.13,185.21,174.82,167.49,160.29,152.21
40059,10.5,12.13,1.28,-0.07,0.99,0.53,0.32
40061,121.6,112.86,97.74,92.85,87.5,81.23,74.77
40063,50.1,39.85,34.51,29.02,23.67,18.33,12.55
40065,128.9,104.87,101.56,92.74,87.94,82.94,76.37
40067,41.8,41.31,33.08,11.1,-10.55,-31.62,-54.07
40069,8.7,8.35,2.64,1.79,0.56,0.89,-0.6
40071,102.6,94.45,90.65,82.04,73.89,64.49,55.88
40073,53.2,25.47,103.88,110.03,117.9,125.01,131.18
40075,49.3,46.67,41.14,33.04,28.74,24.09,18.51
40077,83.6,78.86,74.45,73.95,73.21,71.87,70.12
40079,92.8,97.47,88.95,80.61,70.41,60.25,49.87
40081,23.6,26.7,20.76,17.18,12.89,8.98,3.61
40083,53.8,53.79,52.21,45.51,39.93,33.61,27.52
40085,83.8,72.2,74.98,69.02,64.05,60.27,54.34
40087,151.4,143.5,137.59,126.89,117.19,108.68,98.24
40089,96.9,69.36,77.55,69.07,60.36,51.36,41.33
40091,73.8,71.07,66.59,62.12,56.99,50.44,43.92
40093,6.8,5.77,1.69,1.39,2.69,2.03,1.85
40095,51.7,47.45,57.16,70.59,84.95,100.14,114.0
40097,122.5,105.88,101.34,88.72,74.76,58.69,42.85
40099,175.9,164.2,154.54,131.46,108.26,86.86,62.91
40101,127.7,127.58,122.69,114.31,105.73,95.35,84.5
40103,21.6,18.39,13.87,6.23,-0.44,-7.92,-15.36
40105,76.4,68.64,64.42,53.68,41.81,27.72,15.25
40107,6.0,9.1,1.33,0.35,-0.46,-0.98,-2.09
40109,126.5,117.79,109.57,97.56,87.13,77.24,65.81
40111,110.0,105.12,97.17,89.48,80.66,71.3,61.99
40113,20.2,14.21,11.91,9.21,5.21,-0.51,-4.92
40115,115.7,101.72,89.02,83.59,76.4,69.36,61.16
40117,105.6,101.74,99.74,87.85,75.82,62.93,49.61
40119,111.5,103.95,102.16,87.4,73.28,57.88,42.77
40121,170.7,164.62,156.63,141.58,126.18,109.67,92.98
40123,128.3,121.26,116.32,105.73,94.42,84.49,72.49
40125,146.6,131.4,128.02,120.84,113.75,107.68,99.56
40127,9.7,8.05,1.46,27.62,52.81,77.85,103.17
40129,4.1,4.03,1.01,-0.86,0.06,1.13,1.48
40131,120.9,124.56,104.97,93.76,80.58,65.42,50.23
40133,73.8,73.19,65.65,60.12,55.05,49.73,43.11
40135,89.0,85.12,64.24,52.81,39.91,26.52,12.9
40137,123.8,131.75,131.61,122.63,115.0,108.6,100.1
40139,27.0,23.8,38.68,33.33,30.16,24.98,21.98
40141,110.5,93.68,96.45,88.31,82.17,76.96,70.82
40143,144.1,135.88,125.83,113.97,101.1,85.61,70.96
40145,77.3,68.77,62.83,57.37,52.05,44.55,36.83
40147,131.3,126.03,114.33,103.7,92.05,78.25,65.85
40149,2.6,3.03,0.46,-0.56,1.56,3.27,5.28
40151,43.5,35.37,26.45,24.49,23.7,21.92,20.41
40153,118.3,111.56,105.71,92.67,81.85,70.12,57.88
41001,147.2,140.65,129.91,109.82,88.3,69.66,50.0
41003,56.9,51.28,45.93,37.75,30.71,24.6,17.22
41005,86.9,82.8,74.39,64.01,54.82,46.96,37.35
41007,149.2,124.32,107.72,90.82,75.92,62.5,47.54
41009,84.3,77.6,68.89,62.99,59.18,55.8,50.7
41011,158.6,146.48,134.19,115.95,98.06,79.51,60.04
41013,119.1,110.17,98.51,83.93,67.42,52.35,36.02
41015,177.6,154.26,148.36,132.68,118.22,101.79,85.48
41017,102.1,94.9,86.3,74.35,61.45,50.33,36.99
41019,118.1,108.6,101.25,89.37,76.87,64.57,50.67
41021,103.6,104.21,101.21,77.07,51.77,28.85,5.32
41023,4.2,3.15,2.59,51.95,100.46,152.06,201.74
41025,124.7,114.6,101.29,86.3,71.48,58.17,43.93
41027,92.0,86.73,91.03,79.71,67.76,57.19,44.88
41029,124.5,114.48,106.42,94.13,83.43,69.94,57.44
41031,65.2,58.98,58.33,52.16,44.3,37.74,30.42
41033,141.9,131.1,119.86,104.0,89.21,71.66,55.08
41035,108.5,94.87,83.09,69.06,55.73,43.1,28.02
41037,129.0,117.9,103.82,89.03,75.56,62.51,47.21
41039,123.4,113.48,101.99,87.26,72.94,60.62,46.11
41041,153.3,136.23,115.22,97.7,80.9,66.45,49.04
41043,127.0,115.62,103.44,89.35,76.08,64.06,50.16
41045,171.4,159.59,149.56,138.12,125.87,115.21,103.76
41047,78.4,73.49,68.51,58.92,50.83,44.56,35.37
41049,20.4,17.91,18.66,30.91,41.48,54.63,66.35
41051,65.3,58.15,51.27,42.89,36.11,30.7,23.88
41053,67.1,60.57,51.93,47.49,43.97,42.22,37.68
41055,0.0,-0.4,-0.46,-0.74,-1.79,-0.45,-0.88
41057,124.0,113.82,101.99,91.63,82.0,73.57,63.09
41059,109.9,103.54,96.19,79.91,61.51,46.28,30.26
41061,131.5,126.04,114.4,100.43,84.36,70.83,56.1
41063,111.6,95.22,85.41,77.18,67.36,59.08,51.07
41065,156.5,142.04,135.9,123.08,108.31,95.82,81.96
41067,60.1,55.12,50.28,43.67,39.15,36.13,30.69
41069,0.0,-0.09,-0.13,-0.05,0.19,2.42,3.13
41071,92.0,83.69,72.15,62.77,54.45,48.09,38.74
42001,52.6,51.25,45.87,37.27,29.72,24.06,17.71
42003,84.2,79.07,72.25,59.29,48.86,39.55,27.58
42005,83.9,80.91,74.11,73.85,76.8,80.55,82.68
42007,85.8,80.04,73.07,61.92,52.06,43.88,33.0
42009,75.1,69.43,66.7,56.84,47.62,40.35,31.1
42011,65.8,63.91,59.2,49.52,39.35,30.5,22.82
42013,115.7,111.17,105.59,90.02,75.83,63.52,49.64
42015,75.3,71.96,69.74,59.26,48.57,39.9,33.21
42017,75.3,71.05,66.35,57.13,49.45,42.22,36.33
42019,78.0,74.31,69.08,58.42,49.96,42.54,33.31
42021,109.2,104.04,98.71,85.78,74.99,65.76,54.45
42023,124.5,111.95,100.64,85.16,71.2,57.21,43.05
42025,83.3,79.69,73.96,60.73,47.2,35.48,25.57
42027,54.9,50.51,48.27,40.26,32.95,27.87,21.52
42029,57.3,54.97,50.71,43.87,37.84,33.33,28.45
42031,75.0,69.66,68.25,58.32,51.03,43.87,36.02
42033,92.1,84.53,75.84,62.19,50.22,40.26,28.95
42035,79.1,75.83,73.45,66.45,60.5,56.17,51.05
42037,89.6,85.94,80.75,70.04,59.65,51.3,43.77
42039,103.0,95.88,84.6,70.0,56.76,44.57,30.98
42041,79.6,75.28,69.31,56.51,44.06,33.48,22.74
42043,76.8,71.01,64.4,52.38,40.86,31.72,22.29
42045,82.2,77.61,70.79,58.08,46.01,37.2,27.98
42047,98.7,93.09,87.82,70.48,54.07,38.66,22.83
42049,93.2,87.49,79.45,66.69,54.87,44.42,32.15
42051,134.9,134.09,128.9,110.32,94.52,80.26,63.27
42053,42.7,40.81,41.17,38.41,37.8,37.71,36.89
42055,83.7,78.88,73.4,60.17,47.29,36.83,25.08
42057,12.7,11.73,13.47,57.16,101.18,147.65,192.96
42059,82.3,78.0,78.31,68.3,60.77,55.07,46.2
42061,69.5,64.58,59.94,49.86,39.92,32.48,24.1
42063,80.2,76.93,71.08,62.33,56.85,52.21,45.89
42065,86.3,80.86,73.43,63.8,56.04,48.84,41.31
42067,63.1,58.24,55.56,49.55,44.44,41.86,38.16
42069,123.4,117.29,112.09,98.76,84.27,71.66,61.52
42071,65.1,60.69,54.67,45.71,36.7,29.0,22.08
42073,114.2,102.99,92.54,78.47,65.82,54.25,40.87
42075,66.2,63.3,57.84,47.99,38.56,31.2,24.47
42077,53.7,51.13,47.82,39.55,31.1,24.3,19.6
42079,98.8,92.22,85.82,71.24,56.54,43.98,33.06
42081,100.1,93.97,86.63,73.5,60.89,50.24,40.06
42083,100.3,91.3,86.9,78.6,72.37,65.25,58.51
42085,124.2,119.87,109.25,92.55,76.9,62.53,46.56
42087,92.4,84.62,82.21,68.64,55.18,44.4,32.79
42089,87.9,82.73,75.92,65.28,54.0,44.03,36.65
42091,65.9,63.27,59.25,50.95,43.63,37.91,33.05
42093,87.8,82.15,77.69,66.31,55.22,46.13,36.94
42095,77.4,72.69,66.62,54.98,43.58,33.61,26.28
42097,106.4,104.16,95.71,82.7,69.22,58.41,46.75
42099,70.6,64.75,56.33,48.78,41.53,36.42,31.21
42101,80.0,75.89,68.06,55.03,42.69,32.34,22.31
42103,70.7,57.99,49.24,40.61,30.73,23.27,17.87
42105,74.1,67.03,62.88,56.07,50.93,46.28,42.26
42107,88.1,83.88,79.15,67.95,56.47,47.18,39.25
42109,76.4,69.47,65.75,56.03,47.04,40.19,31.93
42111,72.7,72.49,69.69,61.48,54.59,50.65,43.96
42113,51.5,47.9,44.47,38.46,32.09,27.6,25.02
42115,65.7,60.18,52.19,48.17,44.24,42.39,42.81
42117,79.4,80.49,75.33,62.69,50.27,39.49,30.49
42119,64.4,62.01,58.46,51.94,45.64,41.32,36.03
42121,96.0,90.44,80.98,67.33,55.26,44.04,31.21
42123,82.7,80.41,76.31,67.9,61.54,55.78,49.96
42125,83.6,79.54,72.34,59.44,49.21,40.98,29.14
42127,72.1,67.11,64.31,56.2,47.23,40.76,36.47
42129,83.6,79.37,74.03,63.65,55.25,48.91,40.36
42131,90.7,85.24,80.63,67.3,53.67,42.41,33.47
42133,72.3,68.16,62.49,51.72,41.37,32.64,23.83
44001,54.7,50.74,44.43,38.94,33.79,28.38,24.56
44003,87.8,78.92,71.93,63.04,54.26,46.27,39.26
44005,68.8,63.66,59.54,50.75,41.9,34.03,26.49
44007,70.6,63.75,57.95,48.62,39.47,30.32,22.94
44009,73.5,66.53,63.01,55.85,49.19,43.49,38.61
45001,63.8,62.27,58.0,52.23,46.46,41.21,36.77
45003,97.9,93.19,88.16,77.86,68.08,55.78,46.78
45005,63.8,56.99,55.12,47.23,40.06,29.94,21.43
45007,102.7,97.34,93.59,85.1,77.69,69.85,62.69
45009,101.4,105.54,101.16,92.51,84.99,74.95,66.53
45011,105.6,100.65,98.36,89.74,82.28,71.54,63.73
45013,70.7,68.1,65.28,59.5,53.77,46.9,40.08
45015,64.7,61.62,59.15,54.43,50.93,44.66,40.38
45017,1.5,3.42,10.41,8.15,8.29,5.03,3.88
45019,91.0,85.01,76.36,66.37,57.39,46.76,36.49
45021,126.8,115.77,115.12,105.86,98.88,90.25,83.26
45023,106.8,100.45,96.95,82.5,71.02,57.44,45.48
45025,100.1,90.09,86.91,80.2,76.22,70.82,65.83
45027,92.4,85.22,80.75,73.99,68.98,60.55,53.92
45029,134.5,134.25,126.1,115.2,104.23,91.14,79.7
45031,168.8,157.55,152.77,141.42,133.32,123.05,113.51
45033,151.1,138.52,127.15,114.52,104.59,91.29,80.62
45035,105.7,102.86,100.7,89.93,80.0,67.55,57.41
45037,47.7,57.76,62.35,54.31,47.86,38.96,33.36
45039,74.3,67.06,54.56,46.17,40.58,31.63,24.18
45041,147.5,140.77,135.98,122.87,112.77,99.84,87.65
45043,105.3,97.24,88.08,78.3,70.8,60.33,50.74
45045,104.0,96.69,91.55,80.19,71.0,60.64,51.33
45047,137.4,128.34,116.13,102.1,89.09,75.4,63.93
45049,106.9,108.29,105.12,92.15,78.95,63.53,49.44
45051,129.8,121.88,110.73,97.14,88.24,73.7,60.79
45053,69.5,62.63,67.44,59.88,51.58,42.81,34.58
45055,82.2,79.07,89.42,80.47,74.55,65.97,58.72
45057,104.3,91.96,83.01,72.82,66.34,56.49,48.14
45059,96.5,90.56,85.98,78.63,72.55,65.45,59.65
45061,36.8,36.91,42.54,37.95,36.36,32.51,29.59
45063,105.5,98.1,92.03,82.37,74.8,63.73,55.1
45065,2.4,2.19,3.19,2.36,2.97,2.99,4.62
45067,134.6,126.81,115.66,109.78,106.28,99.33,94.76
45069,113.9,111.93,106.11,98.61,94.81,89.06,84.25
45071,99.7,89.64,85.24,77.29,70.53,61.39,53.87
45073,141.1,126.59,116.44,110.48,106.49,101.77,98.65
45075,98.9,94.27,91.64,82.14,74.62,64.01,55.28
45077,114.8,109.08,106.76,95.84,86.29,75.94,66.73
45079,74.7,70.78,65.23,58.34,53.41,45.68,39.1
45081,56.2,56.15,53.72,42.68,32.24,20.06,10.38
45083,125.4,116.21,107.76,94.72,83.99,71.8,61.18
45085,81.4,81.82,77.16,70.71,66.29,59.15,52.73
45087,140.6,125.31,119.83,106.9,95.58,82.63,71.71
45089,98.4,88.19,75.87,71.89,70.54,66.12,62.66
45091,85.7,79.28,72.38,62.51,55.48,46.21,38.91
46003,0.0,-1.34,2.0,-0.19,-1.66,-1.78,-4.34
46005,79.5,72.48,68.39,58.94,47.88,39.48,28.5
46007,0.6,0.67,0.03,0.29,-0.69,-0.12,-1.41
46009,0.2,-0.42,-0.37,0.14,-0.46,0.23,1.22
46011,53.5,50.92,43.93,41.84,38.92,39.45,36.01
46013,68.3,63.84,63.41,57.45,50.2,45.16,37.15
46015,94.4,7.68,79.42,77.29,74.37,72.62,69.42
46017,0.0,-2.12,2.03,0.11,-2.35,-3.38,-6.48
46019,29.6,25.73,26.2,25.37,23.98,22.98,20.47
46021,0.0,0.41,-0.53,-0.52,-2.58,-1.06,-3.84
46023,30.8,31.87,33.42,37.72,41.41,46.24,50.73
46025,0.6,0.02,30.4,27.37,23.96,23.47,19.03
46027,48.8,44.69,46.95,44.71,40.37,38.2,33.99
46029,83.5,79.16,68.28,61.48,54.66,50.84,42.61
46031,0.0,0.35,-0.02,-0.12,-2.27,-1.67,-4.56
46033,49.1,45.39,40.73,33.53,25.68,18.67,10.19
46035,116.9,105.56,90.68,76.18,62.35,50.22,35.6
46037,1.4,0.64,0.95,0.25,-1.3,-0.76,-2.27
46039,37.8,35.42,34.27,2.73,-29.1,-57.95,-89.97
46041,0.0,0.23,0.13,-0.07,-2.26,-2.09,-5.28
46043,51.5,49.17,43.56,38.1,32.01,27.46,21.63
46045,66.9,70.15,54.94,56.47,57.71,60.29,60.43
46047,92.7,88.1,87.59,81.69,75.56,70.33,63.56
46049,1.9,0.46,-0.29,0.0,0.19,1.78,1.56
46051,63.8,62.08,57.66,56.27,54.14,54.29,51.2
46053,108.0,124.82,99.84,80.42,58.93,40.36,19.87
46055,104.5,112.38,119.46,99.94,76.99,57.15,35.22
46057,0.0,-0.45,0.58,-0.73,-2.62,-0.48,-3.32
46059,2.8,1.51,1.4,0.74,-0.54,-0.19,-1.26
46061,0.0,-0.51,-1.09,-0.84,-0.16,2.13,1.92
46063,0.0,0.08,0.0,-0.11,-0.43,-0.21,-1.75
46065,120.3,110.58,99.3,86.34,70.72,57.76,42.01
46067,87.6,82.89,78.17,75.63,72.47,70.31,66.65
46069,0.0,-0.01,-0.11,-0.07,-1.79,-1.04,-1.6
46071,0.0,0.08,-0.27,-0.52,-3.26,-3.06,-4.72
46073,1.3,-0.48,94.52,102.0,108.32,117.13,123.1
46075,0.0,-0.14,-1.41,-0.89,-1.08,1.14,0.16
46077,32.7,19.91,50.15,46.11,41.61,40.61,35.58
46079,35.8,28.79,33.89,35.02,35.24,38.85,37.74
46081,93.8,86.89,79.85,70.04,60.16,50.56,39.46
46083,32.2,31.99,34.32,34.61,33.84,34.83,32.46
46085,21.6,17.3,11.54,9.86,7.49,6.13,3.05
46087,41.0,39.05,32.32,30.53,28.33,28.52,25.17
46089,45.3,44.99,8.57,0.61,-9.63,-16.6,-27.6
46091,48.8,46.39,44.68,36.7,27.11,20.21,10.27
46093,14.3,14.77,13.73,12.18,10.18,9.45,6.91
46095,146.3,140.01,89.22,69.97,49.34,31.56,10.92
46097,33.6,35.29,31.14,27.8,23.73,23.15,18.77
46099,76.4,76.8,67.63,59.56,50.74,43.17,32.52
46101,29.1,3.06,33.97,32.57,30.67,29.95,26.41
46102,0.0,-0.05,0.04,0.03,0.03,1.21,0.51
46103,80.8,79.63,76.3,65.34,53.51,43.59,31.23
46105,41.8,45.64,47.07,49.18,48.75,50.91,50.34
46107,2.8,1.14,0.21,1.3,1.38,3.21,2.86
46109,42.5,42.24,44.55,40.95,36.65,34.78,30.11
46111,0.0,-0.29,1.75,-0.23,-2.29,-1.89,-4.24
46115,2.6,2.97,2.87,0.89,-1.41,-1.37,-3.6
46117,2.0,1.42,1.85,1.49,-1.46,-1.6,-4.53
46119,0.0,-0.2,-0.27,-0.25,-1.33,-1.28,-3.69
46121,14.6,0.8,-1.64,-1.05,-2.22,-0.92,-1.25
46123,132.6,136.54,104.02,78.67,52.81,28.92,3.16
46125,30.0,18.92,31.31,29.31,26.37,24.48,20.39
46127,74.5,77.39,70.79,61.69,51.05,42.94,32.26
46129,84.1,108.01,101.98,90.76,78.15,68.47,55.05
46135,115.5,105.39,96.1,84.57,71.43,59.71,47.15
46137,0.0,0.09,0.1,-0.14,-3.26,-4.06,-7.04
47001,180.3,168.1,147.93,127.25,107.94,86.63,67.83
47003,124.2,111.83,102.37,93.97,86.97,79.9,72.09
47005,151.8,142.87,136.53,119.33,104.08,87.29,69.94
47007,86.2,87.37,83.16,72.74,64.11,54.11,44.89
47009,110.1,101.94,91.08,80.34,71.95,61.77,53.55
47011,148.9,141.78,131.22,117.64,106.57,93.72,82.23
47013,244.1,228.58,197.65,177.97,159.51,138.11,119.93
47015,121.1,108.02,101.33,95.04,91.74,86.99,81.34
47017,164.2,149.53,140.13,119.01,100.4,79.55,58.4
47019,119.2,113.08,108.9,98.54,89.97,80.61,73.97
47021,101.0,91.39,105.06,93.97,85.95,76.5,65.3
47023,111.3,105.08,100.33,92.87,86.72,78.36,69.31
47025,232.2,218.72,190.91,167.95,146.35,122.74,103.08
47027,185.9,187.96,188.37,190.25,193.28,193.56,195.29
47029,213.9,201.53,188.54,168.88,149.53,128.18,110.23
47031,192.9,176.31,169.32,157.11,146.06,134.19,122.77
47033,98.5,103.77,92.17,69.77,47.57,22.87,-0.42
47035,153.6,145.76,129.89,116.78,105.27,90.46,78.53
47037,95.8,92.07,85.78,74.18,64.61,54.34,42.7
47039,185.7,167.59,163.87,137.88,113.76,88.11,62.05
47041,208.7,182.14,161.94,138.56,117.58,95.15,72.67
47043,160.2,147.5,139.76,120.15,103.43,85.42,65.87
47045,184.4,183.02,176.74,162.65,147.54,132.05,116.69
47047,79.5,76.22,72.34,65.5,58.52,49.84,41.64
47049,175.3,180.87,178.17,160.22,142.93,122.23,104.73
47051,131.4,126.51,120.06,105.15,91.9,78.13,64.6
47053,140.0,141.19,138.8,129.58,121.54,110.64,100.86
47055,158.6,147.24,131.28,114.26,99.82,84.87,69.13
47057,122.0,107.67,93.78,82.89,72.95,59.96,51.19
47059,144.0,134.83,124.57,111.29,99.94,85.86,75.1
47061,200.3,190.07,172.78,147.13,122.35,97.23,72.38
47063,199.9,180.93,163.49,144.89,127.46,107.32,91.21
47065,136.1,130.2,122.68,109.82,99.03,87.12,75.59
47067,173.0,149.4,127.12,107.6,89.84,68.97,52.32
47069,113.6,112.95,113.18,101.92,91.41,79.34,67.99
47071,169.5,161.07,153.52,144.18,136.74,126.87,117.43
47073,102.4,93.85,88.94,77.85,68.02,55.39,47.31
47075,86.1,85.87,86.04,78.3,70.06,60.08,51.18
47077,151.4,146.55,137.24,121.08,107.3,90.49,73.39
47079,203.8,196.17,189.01,167.64,147.41,126.35,104.96
47081,73.3,70.71,70.72,64.25,60.92,55.62,49.05
47083,152.9,149.0,148.5,138.58,130.26,121.06,110.41
47085,162.4,141.19,130.39,116.83,105.4,92.7,79.36
47087,25.1,61.5,62.16,47.87,34.27,18.91,4.52
47089,136.7,124.39,112.99,102.61,93.67,82.06,73.81
47091,137.4,121.46,107.31,90.58,75.61,59.39,47.08
47093,117.9,107.78,97.01,84.95,74.87,62.17,52.03
47095,96.9,84.55,79.9,64.23,47.46,29.76,12.52
47097,111.5,110.99,103.24,95.58,86.42,77.74,69.34
47099,162.6,152.01,143.02,128.73,116.42,103.39,89.72
47101,163.9,157.66,154.19,134.23,116.81,97.92,77.71
47103,122.3,111.89,105.93,96.2,88.35,79.33,70.47
47105,119.2,110.49,101.37,91.19,82.77,73.04,64.93
47107,185.0,178.52,160.47,136.95,115.6,93.55,71.57
47109,190.1,185.28,174.05,150.56,128.89,105.2,81.21
47111,139.6,130.57,128.06,113.38,99.95,85.13,69.37
47113,139.2,132.11,126.67,114.63,104.18,90.31,77.16
47115,113.5,108.57,102.33,86.24,71.75,56.69,42.07
47117,129.5,133.61,143.32,124.53,108.0,90.71,72.44
47119,155.9,146.83,135.92,115.32,97.73,79.08,59.17
47121,8.1,7.96,45.47,38.56,33.4,27.68,22.04
47123,172.8,164.07,147.97,137.13,128.5,119.6,110.93
47125,95.8,88.1,86.69,77.66,71.25,63.56,55.06
47127,31.6,26.42,22.06,17.74,15.4,12.96,10.2
47129,110.6,101.6,79.14,67.61,57.7,44.65,34.8
47131,118.7,102.7,99.64,94.65,88.99,81.95,75.68
47133,122.4,110.44,110.34,101.73,94.27,84.08,76.0
47135,112.7,97.28,98.55,99.1,102.42,103.74,104.38
47137,149.1,118.56,88.02,87.78,89.41,86.95,87.43
47139,37.0,43.37,52.12,111.27,172.64,232.71,293.54
47141,156.1,152.88,140.21,126.07,113.0,97.57,83.24
47143,174.6,169.19,160.84,140.05,120.37,99.76,79.38
47145,167.3,160.24,146.93,128.6,112.11,93.58,76.86
47147,146.3,138.81,127.85,116.82,109.07,99.64,88.95
47149,106.1,101.19,94.78,82.6,72.4,61.44,49.89
47151,121.7,134.95,165.23,155.06,145.95,132.94,123.78
47153,186.2,190.55,175.81,162.72,151.73,139.26,126.81
47155,144.3,126.56,114.99,99.78,86.85,70.64,57.81
47157,79.2,76.59,73.88,65.08,56.8,47.09,38.03
47159,172.8,155.5,133.22,107.44,82.56,56.58,30.48
47161,66.5,56.83,62.91,57.36,53.21,48.38,42.14
47163,189.7,178.68,165.62,146.52,127.76,107.86,91.76
47165,99.8,95.58,90.12,81.91,75.87,68.64,60.28
47167,102.0,105.07,111.59,102.27,92.4,81.4,70.51
47169,236.8,213.82,175.06,122.89,72.89,21.63,-30.21
47171,153.3,146.68,144.46,133.87,125.34,115.49,108.45
47173,132.7,110.75,93.8,76.12,59.12,40.26,24.2
47175,9.8,8.7,7.56,8.73,11.36,13.06,15.42
47177,170.0,165.5,157.76,133.83,111.6,88.34,65.87
47179,121.0,115.74,108.63,96.0,84.76,72.35,63.76
47181,165.4,161.4,152.78,132.12,113.81,93.82,73.97
47183,130.0,130.01,128.0,116.34,105.85,93.45,81.34
47185,156.9,147.38,131.37,116.14,102.34,86.64,72.11
47187,62.2,60.32,57.49,50.19,44.66,38.65,31.26
47189,106.0,98.61,90.6,77.99,68.31,57.46,45.37
48001,99.8,88.63,70.87,60.73,51.2,40.47,30.88
48003,55.2,47.59,57.53,56.27,56.72,54.39,53.53
48005,122.2,105.64,94.75,87.84,81.93,74.59,69.3
48007,112.6,101.85,96.18,82.54,68.46,56.33,42.94
48009,0.0,-0.67,-0.26,-0.2,0.6,1.51,1.64
48011,1.8,-0.05,-0.01,-0.07,3.77,5.71,8.17
48013,90.7,88.5,88.69,82.7,75.8,71.04,67.46
48015,53.1,54.81,52.47,51.63,52.63,52.6,56.31
48017,78.8,66.03,62.06,66.93,73.93,79.32,84.07
48019,44.8,38.52,33.35,37.31,41.88,48.1,54.08
48021,88.3,84.02,78.92,71.7,65.3,59.03,54.65
48023,72.6,59.33,49.5,60.52,73.89,86.68,99.1
48025,77.8,73.4,69.97,64.86,59.2,55.17,51.23
48027,68.3,58.71,53.71,48.44,42.97,38.5,35.63
48029,64.5,58.15,54.71,50.0,46.88,44.72,43.67
48031,17.1,16.62,17.81,16.33,14.42,14.4,14.25
48033,0.0,-0.37,0.23,-0.13,2.78,3.94,5.06
48035,36.1,37.85,39.06,35.82,33.03,30.98,30.16
48037,138.5,124.08,124.03,114.19,105.02,95.27,84.85
48039,71.1,63.71,62.08,57.79,54.32,48.69,46.13
48041,77.4,67.34,56.17,47.2,40.72,31.16,25.63
48043,82.5,69.67,70.1,64.65,60.32,53.3,47.7
48045,0.0,-0.32,0.02,0.04,2.15,4.07,5.19
48047,55.8,29.56,40.38,56.74,71.81,89.67,106.69
48049,139.7,129.84,122.62,117.99,112.8,107.03,102.46
48051,35.7,30.67,53.91,51.85,51.94,50.16,51.03
48053,114.7,103.48,96.93,87.52,76.11,65.1,55.55
48055,60.6,55.41,52.44,46.29,41.09,37.01,34.0
48057,115.8,100.0,100.9,95.3,90.23,86.95,84.99
48059,2.2,1.97,10.81,19.77,28.42,35.59,44.44
48061,33.1,29.4,28.14,25.67,21.97,20.32,17.58
48063,96.6,72.11,69.11,58.19,47.5,37.25,26.76
48065,2.3,1.88,3.43,3.08,7.7,9.92,13.04
48067,69.8,65.84,80.65,77.49,74.13,70.27,67.11
48069,2.4,1.46,0.45,0.94,4.33,6.15,7.39
48071,5.5,13.28,32.62,31.56,33.26,31.68,32.55
48073,66.6,51.11,70.11,61.67,54.27,44.69,35.42
48075,185.8,174.99,177.56,150.95,126.85,102.42,77.2
48077,0.0,-0.38,-0.25,-0.59,-0.61,-0.89,-1.7
48079,0.0,-0.37,-0.42,-0.15,1.76,1.73,0.99
48081,0.0,-0.51,0.39,-0.53,-1.1,-2.85,-3.95
48083,5.4,3.88,64.74,68.79,72.42,74.98,78.26
48085,61.9,57.47,56.25,50.49,43.83,37.81,30.85
48087,0.0,-1.32,0.29,-0.6,1.57,3.03,3.65
48089,77.3,66.72,60.69,48.64,37.83,26.81,19.05
48091,83.4,77.21,74.53,68.68,63.11,59.58,56.05
48093,92.5,74.24,78.74,72.5,65.0,58.16,51.78
48095,0.0,-0.33,0.35,-0.04,-1.92,-3.54,-5.16
48097,105.9,93.09,91.92,83.66,76.22,70.17,61.48
48099,75.3,69.66,65.24,59.54,53.4,47.05,42.62
48101,0.0,-0.14,0.05,-0.56,1.07,2.97,4.0
48103,81.1,58.85,62.67,71.34,81.53,88.73,97.87
48105,49.7,52.69,47.76,45.87,45.83,44.15,43.6
48107,2.5,1.23,1.87,1.7,3.71,4.17,4.0
48109,0.0,-0.02,-0.03,0.0,0.77,-0.69,-0.59
48111,84.7,75.89,73.67,63.09,57.17,46.87,38.05
48113,59.8,52.54,50.78,45.1,37.89,30.97,24.35
48115,65.9,60.96,59.08,58.75,60.77,60.48,60.61
48117,51.8,47.34,40.72,34.7,32.23,27.6,22.25
48119,3.8,2.63,21.2,0.84,-18.76,-40.03,-61.32
48121,66.9,60.99,59.2,53.22,45.74,38.98,31.45
48123,52.3,48.26,50.86,45.4,38.98,34.2,32.08
48125,6.7,5.81,7.3,6.84,8.12,9.39,10.42
48127,102.9,96.64,94.87,102.01,109.96,118.16,125.97
48129,3.0,4.01,3.7,2.05,3.3,3.47,4.12
48131,14.9,14.58,11.16,9.24,6.57,6.98,6.23
48133,70.7,65.84,71.35,77.57,82.65,88.02,93.51
48135,92.4,77.51,70.94,66.68,64.14,59.24,56.27
48137,0.0,-0.09,0.01,-0.09,1.03,1.56,0.73
48139,81.0,74.97,73.69,66.48,58.34,50.48,43.74
48141,39.6,37.44,37.38,33.93,31.87,26.89,22.61
48143,85.7,76.31,71.07,67.53,63.7,60.08,57.27
48145,74.6,59.24,61.77,57.23,53.23,47.7,45.58
48147,67.7,62.48,61.4,55.15,48.74,42.07,34.79
48149,71.7,66.61,60.93,58.59,56.86,54.89,55.11
48151,7.9,6.18,4.5,4.32,4.41,2.99,2.53
48153,25.9,4.97,3.22,2.29,3.64,4.02,3.92
48155,59.3,61.29,58.75,51.84,46.02,40.87,34.59
48157,44.2,40.74,39.22,35.21,33.96,29.86,29.49
48159,75.8,67.17,73.23,69.36,66.41,62.97,59.52
48161,3.9,2.75,27.24,26.09,25.27,23.41,23.22
48163,48.7,44.53,43.66,39.63,35.62,33.28,31.47
48165,62.3,52.53,51.43,46.23,42.04,35.76,30.31
48167,92.4,79.53,75.92,69.19,64.3,57.32,52.4
48169,2.0,1.63,1.52,0.53,1.63,1.63,0.43
48171,88.7,78.0,76.69,72.88,67.34,64.01,60.19
48173,0.0,-0.29,0.71,-0.04,2.11,1.51,3.21
48175,32.7,25.96,22.7,19.69,16.91,15.4,15.37
48177,61.6,56.27,53.53,48.24,43.14,38.7,36.27
48179,131.5,116.22,109.95,102.04,98.37,92.29,86.44
48181,133.2,113.7,105.2,94.7,84.95,76.05,65.62
48183,178.5,141.31,133.42,124.34,114.79,105.33,96.26
48185,23.4,19.36,27.07,24.98,25.33,23.22,25.16
48187,51.7,47.14,47.47,44.36,41.76,40.7,40.29
48189,71.5,69.0,65.09,58.46,54.38,49.34,43.52
48191,7.1,3.8,3.94,2.0,2.85,2.89,1.89
48193,7.7,4.96,28.61,47.03,64.97,83.24,102.62
48195,1.5,0.4,0.79,0.08,2.4,2.6,3.5
48197,85.9,74.9,77.71,73.91,72.31,71.6,69.07
48199,110.4,98.42,97.61,88.99,80.99,71.9,64.81
48201,55.1,48.4,46.33,41.43,39.53,33.98,32.7
48203,78.0,69.57,71.62,63.18,52.82,43.78,35.11
48205,0.0,-0.83,-0.31,-0.88,3.93,4.74,7.25
48207,9.3,18.24,9.15,6.57,5.01,3.44,2.14
48209,67.1,60.68,58.37,51.78,44.87,40.08,35.79
48211,4.2,2.64,2.99,1.38,2.73,2.52,2.21
48213,93.6,84.21,80.46,74.94,69.34,64.72,59.27
48215,30.1,29.31,27.64,25.49,20.95,19.01,15.66
48217,95.4,80.87,62.91,58.28,53.42,49.05,46.59
48219,91.2,82.87,79.12,72.79,68.03,61.54,55.31
48221,136.4,125.77,119.72,108.17,96.0,85.01,74.92
48223,112.6,98.25,93.77,83.01,73.2,62.1,51.69
48225,26.0,21.55,46.65,41.34,37.61,31.9,28.44
48227,71.9,60.29,66.75,62.96,61.33,57.71,54.21
48229,0.0,0.0,-0.01,-0.07,0.9,-0.74,-0.51
48231,107.5,93.88,90.87,83.14,75.6,67.17,58.73
48233,85.6,78.31,81.23,74.15,71.87,66.18,62.25
48235,0.0,-0.21,0.06,-0.06,1.89,2.34,2.06
48237,4.9,1.62,1.87,0.9,0.35,-0.1,-0.43
48239,35.0,29.14,32.84,31.42,29.81,28.93,30.4
48241,76.8,67.76,69.81,57.1,45.71,34.23,23.43
48243,0.0,-0.33,-0.11,-0.15,1.37,-0.46,-0.56
48245,102.0,93.25,85.9,77.1,70.94,60.94,53.62
48247,3.3,1.43,33.23,25.2,15.94,8.82,1.91
48249,92.9,83.87,79.82,75.48,70.37,68.07,64.28
48251,92.7,90.53,90.54,84.31,77.62,71.11,66.11
48253,34.2,30.22,29.74,29.44,29.38,27.91,28.26
48255,76.4,66.92,58.42,54.28,49.68,47.13,46.32
48257,88.3,79.97,76.55,69.97,62.94,55.95,49.51
48259,76.6,71.29,65.52,59.34,54.2,50.55,47.43
48261,0.0,-0.78,-0.16,0.24,-0.69,1.45,1.94
48263,0.0,-0.11,-0.11,-0.01,1.71,2.78,3.77
48265,99.0,85.65,80.8,76.32,71.55,69.07,65.69
48267,74.5,67.9,60.55,55.32,48.92,43.38,37.66
48269,0.0,0.07,-0.01,0.03,1.32,3.09,4.53
48271,2.5,1.98,25.52,21.99,20.18,17.05,14.59
48273,73.9,70.95,66.15,60.29,54.19,50.83,46.04
48275,0.0,0.07,-0.46,0.06,2.24,4.22,6.07
48277,169.1,159.11,152.43,138.62,125.28,110.36,95.71
48279,52.6,49.11,5.11,2.73,1.59,-0.38,-3.22
48281,34.4,30.9,61.1,58.96,55.85,53.49,52.74
48283,0.5,0.31,0.38,0.23,-0.47,0.55,1.74
48285,57.9,50.74,56.07,51.05,46.89,42.52,40.86
48287,24.5,19.52,48.62,45.54,44.2,41.97,42.67
48289,4.3,3.04,38.79,39.29,40.9,40.48,42.75
48291,118.3,102.76,92.21,82.72,75.31,66.13,59.04
48293,107.2,94.34,87.75,85.48,83.62,81.01,80.86
48295,0.0,-0.76,-0.15,-0.91,0.11,1.01,1.81
48297,21.4,20.94,17.94,13.86,8.98,6.49,3.39
48299,83.4,70.79,63.93,56.56,47.55,39.1,31.76
48301,0.0,-0.77,-0.4,-0.4,-0.38,-2.71,-3.78
48303,94.2,84.03,84.01,77.95,73.68,67.43,60.58
48305,2.4,1.14,1.82,0.72,1.37,0.42,-0.58
48307,76.1,63.15,57.2,53.3,47.98,42.45,38.63
48309,89.8,77.1,75.11,70.52,67.43,63.23,61.08
48311,0.0,-0.07,-0.12,-0.22,-0.16,1.07,3.28
48313,51.8,45.57,72.87,71.41,71.44,69.01,70.59
48315,2.8,1.14,1.76,1.18,-0.73,-2.36,-3.32
48317,3.8,1.61,37.31,39.91,44.85,47.67,51.4
48319,6.5,3.25,42.21,38.45,33.09,27.94,23.15
48321,80.1,70.81,66.13,60.87,56.65,51.92,49.81
48323,31.3,29.05,28.63,27.37,27.71,26.64,25.74
48325,44.0,43.42,43.92,42.0,40.5,40.79,41.26
48327,0.0,-0.2,-0.02,-0.14,-1.57,-2.37,-4.04
48329,81.0,67.12,60.3,53.81,49.74,43.57,38.27
48331,81.3,64.38,68.35,61.28,55.73,48.82,44.25
48333,0.0,-2.06,1.23,0.04,-2.29,-4.8,-6.37
48335,3.1,1.99,51.52,51.0,51.38,50.55,50.43
48337,92.2,83.31,82.11,73.06,63.95,55.91,47.17
48339,75.5,66.67,61.03,55.34,52.66,47.97,46.53
48341,66.2,58.46,55.56,51.43,52.09,49.64,48.63
48343,102.2,102.37,82.53,76.13,69.82,63.97,57.77
48345,0.0,-0.31,-0.0,-0.1,2.07,3.99,5.13
48347,119.6,103.37,87.76,81.35,75.31,69.17,65.43
48349,86.2,78.38,73.09,66.5,60.56,54.36,49.08
48351,2.9,1.14,32.05,24.83,19.21,13.15,8.36
48353,147.0,128.31,120.21,84.21,48.93,11.89,-23.37
48355,92.1,83.82,80.51,70.41,59.47,51.42,41.82
48357,80.2,42.14,46.05,52.7,62.09,69.82,77.81
48359,0.0,-0.3,-0.23,-0.32,5.37,7.56,10.76
48361,127.3,119.22,113.66,95.05,78.92,59.85,42.58
48363,130.6,117.19,108.82,95.26,81.53,67.85,54.28
48365,83.7,81.46,81.49,75.52,68.97,62.83,57.95
48367,81.1,75.57,73.21,65.07,56.41,48.12,40.68
48369,2.6,1.3,0.77,0.61,3.83,5.0,5.83
48371,44.5,37.47,37.72,35.14,34.66,31.19,28.87
48373,120.5,107.03,102.57,91.48,81.91,71.58,63.48
48375,89.3,78.57,76.27,72.19,73.19,70.93,69.96
48377,0.0,-0.13,0.01,3.17,7.42,9.71,13.45
48379,75.8,73.53,68.73,61.78,55.25,47.65,41.09
48381,84.9,76.27,73.99,68.84,67.65,63.91,61.44
48383,0.0,0.41,24.29,25.06,28.2,27.94,30.38
48385,0.0,-0.22,0.07,-0.09,1.66,3.35,3.4
48387,6.0,2.81,45.18,55.76,66.87,77.46,87.52
48389,91.0,76.45,64.25,57.55,51.13,41.62,33.72
48391,3.2,1.24,1.52,0.94,0.33,1.94,3.37
48393,0.0,-0.72,-0.3,-0.27,3.5,5.21,6.87
48395,6.0,3.45,27.6,24.71,22.83,18.98,18.75
48397,78.7,69.53,73.9,69.9,64.99,60.15,55.69
48399,61.8,54.83,70.51,68.57,66.46,62.95,61.13
48401,68.1,52.76,49.09,43.88,38.17,32.39,27.47
48403,7.0,3.4,53.4,44.95,36.8,28.95,21.48
48405,7.0,3.43,71.24,64.47,58.71,52.4,47.15
48407,1.9,0.2,17.05,16.46,17.45,16.77,20.07
48409,80.1,79.96,85.54,80.21,73.8,69.51,64.6
48411,77.8,6.9,47.39,42.32,36.21,28.63,23.32
48413,0.0,-0.08,-0.18,-0.05,1.07,1.06,0.72
48415,106.6,91.67,86.12,81.0,77.6,72.05,67.37
48417,0.0,-0.15,-0.26,0.03,0.58,-0.06,0.73
48419,89.7,60.5,69.82,64.72,59.05,52.77,49.25
48421,31.2,2.48,1.15,0.56,3.33,2.44,4.56
48423,107.9,94.95,88.95,81.27,74.75,66.32,58.05
48425,8.6,5.51,5.53,4.65,3.19,2.66,3.13
48427,32.7,32.31,34.75,33.08,29.59,29.23,28.45
48429,128.1,119.48,104.49,95.67,87.1,77.52,68.39
48431,0.0,-0.1,0.53,-0.06,0.92,0.19,0.26
48433,4.9,4.04,2.42,2.55,4.06,4.22,5.52
48435,6.5,5.21,3.08,2.68,2.92,2.32,1.34
48437,3.0,2.17,2.09,8.54,18.03,26.03,33.82
48439,76.0,68.99,66.78,60.03,52.44,45.21,37.98
48441,130.7,115.67,108.07,98.12,87.31,75.34,65.14
48443,0.0,-0.07,-0.01,-0.08,1.53,1.43,3.23
48445,63.4,53.75,84.72,78.55,73.65,66.53,60.12
48447,0.0,-0.3,-0.53,-0.09,1.59,2.04,2.91
48449,106.0,91.08,85.42,75.44,65.69,57.08,47.46
48451,92.4,80.82,75.52,71.09,68.07,63.09,58.69
48453,61.1,55.48,51.25,45.08,38.92,33.96,29.57
48455,57.5,42.43,59.07,55.94,53.79,49.59,48.25
48457,32.0,22.73,50.78,50.62,51.01,50.52,52.2
48459,26.1,20.42,18.52,17.19,15.56,14.12,13.13
48461,1.9,1.22,1.8,1.88,3.71,2.92,4.12
48463,76.9,72.25,73.31,70.59,70.7,69.78,68.31
48465,42.5,39.62,39.1,35.53,34.27,30.87,28.71
48467,88.3,81.55,78.35,69.97,61.84,53.97,46.21
48469,121.1,104.52,99.22,93.36,86.98,82.18,79.27
48471,87.0,77.1,61.23,57.44,54.92,50.7,50.27
48473,7.3,5.41,12.04,11.47,13.46,14.22,18.72
48475,73.4,70.25,58.27,51.45,45.49,36.73,30.45
48477,90.5,87.96,76.89,70.22,65.64,59.1,56.51
48479,30.2,29.14,27.62,24.72,20.49,18.09,16.45
48481,76.8,69.36,63.74,59.33,56.14,52.21,51.7
48483,47.7,45.58,39.44,32.44,28.77,24.68,20.11
48485,119.1,108.26,105.35,97.4,91.19,84.92,77.25
48487,167.2,152.68,147.89,136.36,126.81,117.73,107.4
48489,53.8,47.36,29.85,32.21,32.95,36.5,39.18
48491,70.6,64.74,62.26,56.52,50.75,45.77,41.57
48493,56.3,59.23,58.47,54.41,50.04,46.89,45.52
48495,87.1,60.89,56.46,47.53,40.23,30.05,21.73
48497,68.9,62.91,63.47,61.71,59.43,57.53,55.66
48499,115.9,98.02,94.78,90.03,86.88,82.28,78.33
48501,8.7,6.7,6.9,7.24,8.51,8.07,7.79
48503,112.6,103.56,99.03,92.48,86.52,80.6,74.65
48505,2.2,13.73,23.68,20.6,15.64,13.36,10.87
48507,5.0,0.83,0.76,0.78,2.18,3.24,4.68
49001,91.8,97.85,93.85,91.51,88.54,84.91,82.55
49003,85.5,81.75,79.86,73.24,66.75,60.65,54.8
49005,66.7,61.18,54.7,49.52,45.74,41.58,37.96
49007,188.9,183.24,175.23,155.24,136.81,118.73,99.94
49009,0.0,-0.37,-0.03,-0.16,1.09,1.87,3.93
49011,72.9,68.79,66.52,61.78,57.34,53.35,48.06
49013,54.1,51.01,57.24,58.13,61.51,63.35,66.34
49015,97.4,96.42,47.38,77.74,109.53,141.88,172.82
49017,92.7,87.32,86.61,84.15,80.1,76.4,71.98
49019,108.4,95.72,83.31,79.68,79.21,76.61,75.85
49021,105.0,110.78,103.8,91.72,81.29,70.37,58.83
49023,96.9,95.72,81.9,75.9,69.98,65.26,58.35
49025,130.4,148.71,107.96,104.49,99.8,96.64,92.22
49027,69.0,69.89,58.18,64.03,69.12,75.56,80.92
49029,60.8,61.57,57.89,38.77,19.67,0.39,-18.88
49031,0.0,-0.01,-0.16,-0.14,-1.64,-3.05,-4.37
49033,44.0,31.68,29.4,28.74,30.33,29.27,29.56
49035,80.2,74.97,70.57,62.99,56.27,51.1,43.17
49037,23.5,19.22,16.19,16.1,16.74,16.63,19.05
49039,95.5,87.12,94.14,85.83,77.56,70.82,62.02
49041,130.2,124.59,113.17,108.31,102.43,96.95,90.83
49043,69.9,65.84,61.26,51.28,40.94,32.21,21.92
49045,81.5,73.01,70.2,63.96,58.27,53.37,46.54
49047,82.8,71.72,67.18,60.81,56.28,50.33,45.96
49049,64.5,61.12,58.45,52.78,48.37,44.79,38.4
49051,79.6,75.07,69.11,58.69,47.5,37.67,26.08
49053,96.1,91.94,88.6,79.52,70.24,61.5,51.37
49055,0.0,-0.18,-0.48,0.11,0.88,1.7,2.05
49057,90.7,86.95,83.29,76.15,69.02,62.1,55.03
50001,27.2,43.41,50.48,41.25,32.61,24.77,17.56
50003,83.4,81.7,72.73,62.31,52.07,42.79,34.24
50005,45.7,62.97,62.26,54.33,46.8,38.12,30.58
50007,43.6,50.9,49.06,41.74,34.07,27.65,21.4
50009,0.1,10.72,12.0,0.67,-10.63,-23.13,-33.83
50011,58.0,82.88,85.42,79.35,72.47,67.31,62.09
50013,13.3,20.22,18.84,14.84,9.78,7.31,3.99
50015,34.7,57.56,57.46,55.93,54.08,52.7,52.24
50017,22.1,41.82,42.47,33.92,25.32,17.45,8.51
50019,31.7,59.97,62.46,59.96,57.73,54.59,52.3
50021,88.9,85.45,80.01,65.55,51.27,38.85,27.2
50023,38.9,57.94,57.89,51.75,45.8,40.03,34.38
50025,77.9,74.83,72.32,59.67,48.18,37.12,26.49
50027,50.0,48.54,41.85,30.54,20.88,10.98,1.32
51001,70.5,64.79,60.69,50.87,41.39,33.85,23.85
51003,65.0,60.73,56.22,47.54,35.84,27.81,18.04
51005,90.4,82.62,82.93,70.1,56.51,44.08,30.43
51007,54.2,51.43,48.46,37.14,26.77,17.61,7.41
51009,90.4,82.6,74.73,62.2,48.7,36.86,24.0
51011,146.2,138.92,125.82,99.22,73.12,47.98,22.27
51013,28.0,24.92,23.45,19.92,16.63,15.09,11.7
51015,33.3,25.39,17.02,10.43,1.32,-4.31,-11.9
51017,8.7,5.19,1.22,0.26,-1.45,-1.2,-2.41
51019,50.0,46.24,44.67,37.83,31.39,26.52,20.35
51021,71.1,79.24,66.11,53.79,43.05,32.03,21.96
51023,46.3,41.13,39.12,34.62,30.4,28.03,23.8
51025,29.0,25.45,23.74,16.6,11.02,6.28,0.6
51027,84.7,85.7,127.04,136.07,145.34,154.49,166.2
51029,2.7,1.83,1.5,0.85,-0.69,-0.25,0.05
51031,38.0,33.44,40.62,32.34,23.74,16.43,7.96
51033,19.9,20.26,33.59,31.09,27.05,25.77,22.35
51035,44.7,43.49,42.25,34.37,27.38,20.89,15.15
51036,0.0,-0.92,0.52,-0.84,-1.64,-0.95,-1.48
51037,43.9,43.29,38.87,30.92,24.43,18.19,11.67
51041,77.9,72.59,67.62,55.65,43.73,33.84,22.93
51043,21.6,26.41,27.71,26.19,24.31,25.05,24.4
51045,8.4,5.42,4.48,4.7,5.54,8.03,8.38
51047,79.3,71.96,65.88,53.94,40.01,29.65,17.13
51049,35.5,32.9,29.43,21.79,14.22,8.11,1.17
51051,157.3,137.8,180.88,155.61,131.23,105.4,83.22
51053,5.5,4.43,4.31,1.92,0.51,0.78,0.65
51057,123.3,122.65,110.91,89.6,67.84,47.84,25.19
51059,33.7,30.67,28.92,24.36,19.83,17.63,13.17
51061,81.6,76.58,72.23,62.34,51.97,44.41,34.67
51063,65.0,58.84,50.15,35.18,20.61,7.43,-5.28
51065,38.0,36.21,31.21,26.81,20.23,17.27,13.06
51067,96.2,86.7,79.71,67.97,56.82,46.95,36.86
51069,62.9,58.4,54.96,43.12,31.46,22.02,11.34
51071,149.5,142.83,121.93,102.66,85.43,68.62,51.25
51073,128.1,119.97,108.51,90.56,72.79,56.46,38.82
51075,16.4,15.07,14.38,10.48,4.94,1.55,-2.94
51077,28.3,9.55,20.92,17.71,14.91,12.43,11.28
51079,88.8,83.15,77.72,66.51,52.33,42.29,30.08
51081,0.0,-2.05,-3.25,-10.42,-16.4,-21.73,-27.37
51083,75.9,86.95,81.44,70.98,60.39,51.84,42.5
51085,102.0,96.12,90.66,74.62,57.86,42.85,26.54
51087,81.0,75.18,68.52,56.44,43.57,32.8,21.05
51089,101.1,77.38,65.42,54.16,43.36,32.72,23.59
51091,0.0,-0.44,-0.46,-1.04,-1.88,-0.78,-1.14
51093,67.3,67.41,72.86,64.19,55.35,47.56,38.84
51095,112.7,106.97,98.04,83.65,69.17,55.67,41.44
51097,0.0,-0.37,-0.67,-1.63,-2.97,-2.56,-4.31
51099,54.5,53.47,54.25,44.48,34.19,26.01,15.42
51101,47.4,42.57,40.28,29.76,18.2,8.96,-2.31
51103,187.1,183.49,159.72,129.21,99.73,70.76,40.05
51105,129.3,112.54,144.43,131.71,120.69,107.17,97.07
51107,40.9,38.24,36.75,31.56,26.08,22.99,17.94
51109,58.9,53.39,49.89,42.26,32.92,25.43,16.7
51111,4.3,2.13,1.73,0.18,-0.9,-0.57,-0.9
51113,0.0,-0.53,-0.69,-1.24,-4.01,-2.84,-4.24
51115,63.4,59.98,54.75,48.85,42.86,37.95,31.39
51117,115.3,112.24,105.94,85.08,65.29,46.17,27.09
51119,5.4,4.16,1.29,0.31,-0.07,0.27,-1.45
51121,72.5,65.43,60.9,53.04,46.79,41.71,36.38
51125,27.4,25.66,21.29,17.09,10.68,7.34,3.34
51127,68.8,62.09,59.02,45.67,32.28,20.62,8.03
51131,115.5,112.59,113.32,96.0,78.41,62.79,45.77
51133,37.3,34.81,29.96,22.6,15.59,10.12,2.21
51135,88.6,66.39,76.04,66.87,57.95,50.83,42.41
51137,105.3,96.95,91.1,75.13,57.33,42.56,25.64
51139,102.9,99.33,86.87,77.16,65.62,58.16,47.99
51141,85.1,77.62,69.25,61.6,54.46,48.28,42.66
51143,22.8,23.14,21.43,15.52,9.32,4.99,0.22
51145,55.5,51.5,46.1,41.56,36.5,32.7,28.42
51147,113.6,105.42,99.86,84.1,68.98,55.19,40.33
51149,0.6,-2.12,1.2,-1.69,-3.87,-3.87,-4.25
51153,44.0,40.54,38.21,31.86,26.4,22.61,16.59
51155,142.6,135.6,132.84,114.12,96.77,79.7,63.96
51157,0.0,-0.57,-0.63,-0.99,-2.12,-0.26,0.0
51159,45.5,43.45,43.06,34.85,26.0,19.18,9.83
51161,98.6,89.41,83.16,72.56,61.98,53.66,43.72
51163,0.0,-9.98,-10.75,-10.37,-11.34,-10.3,-10.53
51165,34.8,31.32,28.4,24.27,17.35,14.8,9.63
51167,138.3,118.18,113.13,105.01,98.0,89.34,85.14
51169,169.4,160.66,153.19,137.61,123.45,107.13,94.62
51171,84.4,74.9,68.94,53.74,37.9,25.04,10.54
51173,151.7,139.42,131.3,105.96,81.35,56.45,34.09
51175,3.5,1.41,-0.21,-2.72,-5.04,-5.79,-7.06
51177,83.2,76.9,67.33,54.32,40.2,28.11,14.07
51179,57.9,54.2,49.06,40.15,31.41,24.49,15.66
51181,0.0,-0.2,0.04,-0.65,-0.45,0.77,1.52
51183,27.1,24.69,22.28,14.49,7.56,2.15,-3.93
51185,231.1,202.18,180.04,158.7,137.63,116.49,97.11
51187,99.6,92.87,87.83,78.32,68.25,61.22,52.54
51191,127.5,115.98,105.11,88.53,73.63,57.26,45.14
51193,52.4,46.14,43.05,34.4,25.09,18.22,8.76
51195,235.7,208.37,190.05,154.26,119.35,82.12,48.49
51197,122.5,119.96,109.69,93.95,79.09,64.6,51.65
51199,57.7,50.85,46.34,39.1,31.3,25.14,18.05
51510,38.3,35.39,32.93,27.78,22.72,19.53,14.43
51520,190.8,185.15,174.1,161.58,150.27,137.93,130.03
51530,85.1,71.07,81.76,80.69,78.25,77.92,76.3
51540,77.2,69.93,55.67,45.58,32.83,23.75,12.76
51550,74.8,68.68,65.0,54.73,44.42,34.92,25.31
51570,277.3,247.59,228.51,188.47,149.31,112.3,74.65
51580,287.6,260.06,239.33,223.44,206.98,191.88,175.18
51590,199.1,188.89,179.63,162.95,146.03,130.65,115.33
51595,315.5,303.15,287.46,235.2,184.2,133.94,83.41
51600,88.7,82.13,79.08,70.55,62.32,56.56,48.49
51610,81.5,66.83,58.76,52.19,45.96,41.97,35.15
51620,294.5,274.22,268.89,238.1,207.61,178.57,149.02
51630,165.2,173.58,166.57,139.8,112.85,87.87,60.78
51640,460.3,433.82,399.42,361.77,324.93,288.52,253.23
51650,90.9,86.65,76.95,61.06,44.97,30.7,15.8
51660,143.3,134.68,126.1,110.21,91.93,77.45,60.75
51670,131.4,116.22,144.33,145.47,147.24,150.79,154.04
51678,325.7,281.17,251.01,227.0,201.78,178.52,154.2
51680,154.2,138.86,119.56,95.54,71.1,47.66,23.32
51683,123.9,118.11,111.53,93.96,77.43,63.49,46.69
51685,0.0,-1.16,-1.63,-4.02,-5.69,-4.81,-6.64
51690,532.5,457.57,410.22,358.23,306.62,255.94,206.18
51700,73.5,68.98,62.89,50.74,38.31,27.15,15.38
51710,74.1,70.55,64.36,53.33,41.39,30.96,20.27
51720,563.3,513.21,478.25,415.16,353.36,289.1,228.53
51730,167.4,156.53,151.48,129.7,108.69,89.92,70.47
51735,102.6,94.24,81.66,66.02,50.19,35.75,20.66
51740,120.6,114.87,103.71,85.23,65.97,48.1,29.68
51750,124.4,109.62,98.66,84.69,72.11,60.2,48.9
51760,67.8,59.56,53.5,41.41,28.82,18.52,7.55
51770,122.0,109.12,102.26,88.86,75.13,63.81,51.11
51775,242.5,222.93,208.1,184.36,160.18,138.24,115.14
51790,217.6,193.21,176.74,149.12,119.1,92.31,63.29
51800,91.5,89.66,85.65,74.78,63.82,53.48,42.86
51810,68.4,65.0,60.96,52.04,43.07,35.73,27.47
51820,262.5,234.69,205.8,173.69,138.65,107.15,73.91
51830,0.0,-1.0,-1.68,-2.87,-4.32,-4.76,-5.97
51840,201.6,191.89,179.15,146.97,114.83,85.03,53.93
53001,33.0,29.59,27.56,25.77,22.45,22.24,20.0
53003,152.8,146.34,150.13,133.83,115.83,99.27,81.96
53005,110.5,107.88,102.39,90.37,76.36,66.36,54.19
53007,91.9,87.14,79.99,70.7,60.45,51.84,41.86
53009,140.0,128.22,120.18,101.31,80.87,63.25,45.16
53011,67.5,63.4,59.46,53.65,50.36,47.72,43.17
53013,128.7,117.61,119.26,102.3,83.23,66.64,48.4
53015,105.6,97.66,89.04,77.04,66.29,56.82,45.22
53017,67.7,65.34,64.44,56.31,46.98,39.34,29.99
53019,76.1,70.16,66.38,59.51,53.27,48.22,42.56
53021,70.1,68.82,62.77,53.26,42.03,33.73,23.87
53023,143.0,132.63,120.06,95.54,69.23,45.07,19.26
53025,81.1,76.15,73.43,65.77,56.75,51.49,43.95
53027,123.9,119.62,112.94,93.97,74.31,58.89,41.52
53029,46.6,43.42,42.5,38.39,33.45,30.68,26.11
53031,96.5,90.44,85.2,79.05,71.68,67.22,60.87
53033,55.5,51.19,47.24,41.5,34.34,30.76,24.64
53035,71.2,66.66,61.81,56.09,49.1,45.11,39.97
53037,65.0,62.57,56.22,47.56,38.04,31.13,22.02
53039,29.4,23.58,4.37,18.44,30.8,45.56,59.23
53041,116.0,107.09,96.82,81.12,65.91,53.11,37.79
53043,164.1,95.79,93.12,77.71,62.12,48.93,34.59
53045,100.9,97.19,87.36,76.14,63.71,54.68,43.46
53047,77.3,78.33,71.17,63.67,56.03,49.64,43.02
53049,48.3,43.53,37.46,29.81,23.25,18.29,12.97
53051,136.0,126.53,118.19,101.97,87.17,73.09,57.42
53053,72.9,69.04,65.03,56.78,47.23,40.84,31.77
53055,36.8,41.76,56.51,60.25,63.41,69.1,73.55
53057,94.3,89.72,81.14,71.44,61.01,52.07,41.24
53059,60.1,45.19,6.59,2.43,-0.89,-3.5,-8.01
53061,83.5,78.46,70.79,61.19,50.97,43.31,33.34
53063,92.5,86.33,83.54,76.53,69.21,64.19,57.32
53065,92.0,84.31,82.33,76.23,71.31,68.09,63.33
53067,71.6,69.37,62.99,54.35,45.35,38.7,29.98
53069,67.1,29.03,6.83,5.05,3.75,3.87,2.74
53071,94.2,90.57,86.7,76.55,64.21,55.14,44.56
53073,79.3,76.82,71.58,63.91,55.7,50.12,41.54
53075,53.0,52.03,49.42,46.01,41.28,38.53,33.65
53077,78.0,72.54,67.89,60.21,52.12,47.22,40.14
54001,110.7,94.73,68.6,56.41,44.95,35.82,23.63
54003,115.3,102.05,91.41,83.17,74.86,69.91,62.67
54005,192.1,171.69,143.18,110.69,78.27,45.17,11.93
54007,114.5,99.07,89.85,79.97,70.56,61.06,50.72
54009,114.3,98.7,86.84,75.83,67.28,59.6,48.22
54011,148.8,136.03,122.57,109.16,96.13,82.57,68.39
54013,70.2,57.57,46.47,37.05,28.99,21.57,12.09
54015,75.3,66.65,61.66,52.12,43.57,34.4,24.27
54017,47.7,41.78,33.95,26.91,21.61,18.17,11.3
54019,95.4,90.46,77.07,62.26,47.36,32.82,17.67
54021,81.8,74.89,60.16,50.92,42.96,35.5,26.01
54023,104.4,95.04,84.5,73.94,63.4,55.04,45.1
54025,148.4,127.86,108.9,96.18,84.07,72.47,59.69
54027,82.1,68.89,68.75,64.05,60.77,59.74,57.05
54029,152.0,139.53,142.45,121.32,101.79,83.76,62.66
54031,97.0,86.19,80.55,70.01,59.06,50.93,41.79
54033,130.3,119.57,103.41,90.11,77.93,67.93,54.17
54035,130.6,107.61,82.67,69.27,56.89,44.3,30.52
54037,88.6,85.6,87.57,77.27,66.81,59.15,49.33
54039,155.2,131.8,111.53,95.84,80.44,64.78,48.75
54041,107.7,88.0,82.34,74.19,67.04,61.0,52.64
54043,73.9,63.19,52.73,40.46,28.35,14.54,1.92
54045,263.0,209.03,192.75,170.97,149.42,126.47,105.01
54047,156.4,136.78,105.28,86.66,67.51,48.79,31.94
54049,113.0,97.77,88.75,76.04,66.15,57.91,45.78
54051,137.9,130.11,117.16,109.75,103.63,99.4,92.13
54053,118.3,101.72,81.71,69.06,58.46,47.1,34.83
54055,160.5,151.22,120.23,102.59,86.56,69.68,53.48
54057,118.2,109.3,101.81,82.49,64.91,49.72,32.54
54059,181.3,135.88,98.91,75.54,52.93,29.42,7.71
54061,78.2,70.01,59.68,46.84,37.05,29.25,18.49
54063,28.3,26.53,40.48,32.73,26.02,19.92,13.14
54065,72.3,71.19,72.95,68.51,64.47,63.12,59.96
54067,186.8,158.93,135.97,116.24,98.35,80.33,59.97
54069,106.9,95.39,80.95,68.56,57.71,48.19,35.66
54071,83.6,88.03,83.54,61.29,37.96,16.88,-6.49
54073,134.1,122.85,114.37,100.93,88.95,79.07,66.0
54075,68.1,57.0,57.71,49.14,40.72,34.55,25.93
54077,71.4,73.55,70.19,60.77,53.72,47.9,40.07
54079,121.2,106.33,94.84,79.93,65.88,50.4,35.23
54081,164.6,145.28,106.2,80.65,55.42,30.32,5.13
54083,122.4,113.01,95.59,87.8,80.22,74.56,66.49
54085,69.2,58.43,66.17,58.51,52.45,47.73,40.8
54087,125.6,109.15,94.58,88.43,83.2,77.94,71.7
54089,108.2,104.45,113.26,90.35,68.64,47.74,25.92
54091,89.2,80.53,69.4,58.9,50.25,43.29,33.65
54093,41.2,45.68,40.46,35.25,31.64,29.19,24.68
54095,63.1,55.02,51.09,44.8,40.68,38.23,32.15
54097,82.6,71.38,57.91,50.05,42.93,37.62,28.63
54099,82.5,75.69,67.47,61.61,56.33,50.23,44.3
54101,76.6,68.42,60.96,51.95,43.45,35.67,26.12
54103,118.0,108.32,95.99,86.51,79.19,73.14,63.71
54105,66.2,50.38,37.87,33.61,31.39,28.64,24.49
54107,152.3,133.38,110.67,93.68,78.29,63.14,46.05
54109,218.2,192.73,144.82,112.92,80.81,48.28,16.51
55001,49.6,46.05,43.49,37.03,27.46,19.25,11.99
55003,98.8,101.27,87.43,74.45,60.3,47.5,35.18
55005,79.9,75.01,76.42,70.34,61.84,55.39,49.58
55007,10.3,10.38,8.92,4.59,-0.05,-3.98,-6.6
55009,73.6,69.81,65.34,55.93,45.95,35.74,25.89
55011,7.2,2.23,0.12,-0.12,-2.43,-1.79,-1.01
55013,58.7,62.65,62.81,62.29,60.06,60.26,60.61
55015,21.8,20.32,19.25,17.59,15.48,13.56,12.45
55017,63.2,64.01,63.97,53.01,40.22,29.36,19.29
55019,35.1,36.3,32.2,26.95,20.21,15.3,10.33
55021,103.5,98.33,93.15,80.97,67.19,55.24,43.04
55023,79.7,73.19,71.44,64.22,56.71,50.54,42.78
55025,62.4,58.75,53.11,43.53,33.61,24.55,16.38
55027,46.3,44.91,41.49,36.75,30.69,26.18,21.83
55029,59.8,70.0,65.37,57.83,48.99,39.84,31.02
55031,84.4,72.89,62.13,49.45,35.69,23.13,11.81
55033,53.0,43.35,38.48,33.19,26.08,21.14,16.81
55035,72.2,64.03,57.99,48.56,37.22,28.18,20.14
55037,0.0,-0.83,-0.77,-1.16,-2.61,-3.61,-4.72
55039,57.4,55.33,51.48,44.27,35.63,28.02,20.67
55041,53.9,50.31,45.74,40.72,34.43,27.68,22.21
55043,53.7,51.5,46.92,42.6,36.59,32.86,27.74
55045,64.3,60.09,54.26,46.25,37.49,29.84,22.32
55047,74.1,67.62,62.15,53.71,43.37,35.28,27.63
55049,51.0,49.89,46.85,40.06,31.89,26.03,18.69
55051,75.1,72.29,64.71,64.16,62.34,61.36,61.55
55053,30.0,26.81,25.14,22.82,18.34,16.03,14.36
55055,73.2,68.48,63.58,54.44,44.95,36.23,28.39
55057,117.3,123.07,119.18,103.15,84.9,67.33,50.35
55059,75.8,71.37,64.2,53.32,42.25,31.23,20.64
55061,27.3,24.96,23.5,15.26,5.94,-3.07,-12.22
55063,71.1,64.97,62.9,57.73,51.21,46.13,40.76
55065,14.9,13.88,13.84,12.63,9.87,9.11,6.92
55067,111.6,106.52,94.92,83.49,71.18,58.91,47.24
55069,82.1,78.3,75.15,63.53,50.54,37.77,26.45
55071,74.8,69.52,59.91,49.09,38.15,26.95,15.9
55073,56.3,52.93,49.81,42.37,33.55,25.0,17.05
55075,89.2,82.18,76.08,64.63,52.05,39.14,25.76
55077,38.4,36.33,33.22,26.39,17.21,9.23,1.58
55078,0.0,-0.57,-0.7,-0.78,-1.63,-2.15,-1.76
55079,89.7,84.77,77.05,64.05,51.59,38.86,26.75
55081,74.2,68.0,65.39,58.29,48.51,40.04,32.08
55083,43.5,39.68,36.48,30.89,25.2,18.95,13.54
55085,102.4,93.43,84.59,70.04,55.05,39.29,25.09
55087,66.7,61.74,57.64,50.09,41.74,33.64,26.89
55089,66.5,63.52,60.86,54.96,49.7,43.84,38.05
55091,72.0,63.76,57.87,49.79,39.58,32.33,25.85
55093,37.4,36.08,38.03,31.31,23.97,19.39,14.63
55095,79.5,72.41,63.58,53.8,42.5,33.16,24.35
55097,65.8,59.64,55.3,47.08,36.91,27.95,19.29
55099,62.1,56.14,50.1,50.76,49.61,49.1,50.05
55101,89.1,84.66,78.33,65.28,52.68,38.88,26.2
55103,19.8,17.55,35.43,37.87,38.85,41.6,42.91
55105,89.5,84.5,78.27,64.54,50.82,37.58,25.38
55107,40.4,34.59,31.33,27.81,22.39,18.75,15.96
55109,47.5,40.92,33.76,31.16,27.08,25.31,23.42
55111,75.7,73.87,67.33,57.21,45.95,35.67,25.84
55113,101.5,100.16,89.72,78.17,65.16,53.09,42.36
55115,54.1,48.41,42.47,35.91,29.14,21.92,15.89
55117,77.6,73.49,67.06,54.77,43.03,30.68,18.3
55119,33.5,31.47,29.12,22.16,14.03,7.13,-0.05
55121,25.6,23.25,17.68,14.06,7.45,3.57,-0.21
55123,51.0,46.67,42.72,37.27,30.67,25.33,19.59
55125,70.2,62.5,61.46,52.33,42.03,31.52,22.52
55127,72.4,67.4,62.95,52.05,41.81,31.41,22.19
55129,65.4,31.67,29.0,26.63,21.73,18.77,16.93
55131,76.1,71.47,65.86,55.45,44.68,34.22,24.51
55133,76.9,73.48,68.25,58.17,48.47,38.59,29.51
55135,94.8,89.09,84.72,73.07,60.31,48.18,37.32
55137,26.6,24.96,26.1,24.37,20.03,18.06,15.99
55139,64.2,59.44,55.05,48.3,40.65,33.29,27.92
55141,83.5,75.73,72.04,60.34,47.33,35.9,24.59
56001,55.8,51.71,46.73,42.81,40.64,36.45,33.8
56003,62.1,58.44,55.75,49.65,44.06,38.53,32.93
56005,82.2,75.24,70.86,66.16,60.38,55.68,50.84
56007,76.8,80.42,72.66,60.15,49.0,36.13,24.29
56009,64.5,60.19,65.27,64.45,65.91,66.53,67.98
56011,0.6,0.25,-0.03,0.11,0.75,1.43,2.33
56013,95.1,93.15,83.79,76.1,69.45,62.59,56.0
56015,42.3,38.76,32.16,29.77,29.07,26.39,25.47
56017,98.3,102.02,97.74,88.03,79.38,70.57,61.85
56019,68.0,67.33,65.61,60.58,56.15,49.99,44.2
56021,84.3,77.94,71.7,63.85,56.92,47.85,41.63
56023,80.1,80.54,77.66,64.65,54.09,42.99,32.22
56025,89.3,82.05,82.57,72.72,63.15,52.97,43.78
56027,2.4,1.37,2.91,1.47,1.74,0.61,0.06
56029,106.0,98.07,85.95,73.4,62.22,51.06,39.53
56031,58.5,55.3,54.45,51.29,51.14,49.07,47.82
56033,60.8,55.41,51.84,44.31,37.74,30.16,23.71
56035,63.7,56.77,58.37,53.88,51.29,47.62,45.67
56037,93.5,86.53,87.61,86.71,87.46,87.46,89.68
56039,81.2,76.31,63.14,58.49,56.5,54.49,53.41
56041,112.4,104.79,105.35,99.79,95.77,89.96,86.34
56043,109.7,95.96,81.77,81.5,81.63,82.21,82.21
56045,68.3,58.56,47.11,39.5,33.12,26.15,18.58
