FIPS,2014 kals,2015 kals,2016 kals,2017 kals,2018 kals,2019 kals,2020 kals
01001,145.3,130.37,115.05,100.35,84.61,69.34,54.7
01003,143.5,132.24,118.85,107.62,97.34,85.88,74.07
01005,102.0,93.82,85.11,76.09,65.48,57.57,49.9
01007,75.8,69.37,61.47,55.25,47.6,39.77,32.85
01009,63.2,57.32,49.62,44.86,38.79,32.94,27.56
01011,34.3,23.62,13.63,2.37,-8.9,-19.58,-29.39
01013,145.0,139.75,134.7,130.37,124.48,119.41,114.6
01015,180.0,165.88,150.28,136.63,122.31,107.72,93.42
01017,163.1,147.86,132.86,117.81,102.48,87.65,72.87
01019,175.1,168.7,161.1,155.82,151.08,144.94,138.48
01021,132.1,120.77,108.48,97.42,85.81,73.64,62.84
01023,141.2,99.18,55.96,13.9,-27.95,-70.41,-112.03
01025,184.3,166.02,147.44,130.36,113.63,97.29,81.54
01027,150.6,139.7,127.35,116.49,104.85,92.3,80.83
01029,48.2,50.19,50.73,54.09,56.72,58.28,59.5
01031,143.2,132.39,121.82,112.36,100.81,89.13,79.59
01033,234.3,223.11,213.19,205.34,195.48,186.56,176.79
01035,154.4,105.7,56.79,8.43,-39.79,-87.49,-135.46
01037,35.7,26.7,16.67,8.08,-1.39,-10.49,-19.68
01039,216.2,198.83,181.53,165.31,148.13,130.22,114.08
01041,101.5,93.91,85.61,77.86,69.18,60.82,52.61
01043,182.6,171.85,160.27,151.12,140.96,130.88,120.62
01045,71.5,64.05,57.07,51.13,42.94,35.98,29.93
01047,123.3,115.95,108.83,101.14,92.86,85.65,78.9
01049,122.7,116.72,108.92,104.77,100.58,95.12,89.03
01051,122.7,112.87,102.37,92.31,81.7,70.82,60.32
01053,166.8,172.72,177.92,183.88,190.81,197.45,203.97
01055,191.4,172.48,151.84,133.88,115.95,97.08,77.94
01057,162.5,161.11,159.42,159.74,159.07,157.34,156.59
01059,225.5,221.74,220.11,220.16,218.37,217.53,216.16
01061,50.4,54.54,58.74,64.63,67.89,71.98,76.82
01063,98.6,79.26,60.16,42.0,22.33,3.35,-16.05
01065,100.2,85.52,70.4,56.76,41.7,27.29,12.21
01067,37.3,47.41,56.93,66.9,74.99,85.02,95.81
01069,161.1,147.48,134.43,122.16,108.37,94.66,81.72
01071,135.6,117.75,98.94,82.87,66.23,48.52,31.3
01073,130.2,123.0,114.24,108.58,100.61,93.82,87.44
01075,105.8,107.33,107.09,110.21,112.59,114.34,115.71
01077,151.0,140.21,131.22,123.99,114.85,106.7,96.4
01079,140.5,126.68,113.24,102.4,89.01,77.28,64.51
01081,70.0,62.92,56.17,48.88,41.39,34.08,27.2
01083,79.1,70.27,62.08,56.73,48.7,42.54,34.77
01085,1.9,-0.08,-3.21,-5.93,-9.15,-11.99,-14.68
01087,67.2,61.97,56.85,50.88,44.2,38.58,33.48
01089,122.0,116.96,111.93,110.05,105.81,103.41,99.47
01091,140.9,130.58,120.47,111.04,100.2,89.95,80.34
01093,207.3,193.64,180.79,169.72,156.96,144.55,131.57
01095,221.2,201.15,179.61,160.0,140.36,120.41,100.3
01097,158.5,143.39,128.11,114.49,101.83,88.16,73.15
01099,143.8,133.88,123.03,112.85,103.15,94.13,84.33
01101,101.7,87.5,72.24,57.55,42.12,26.65,12.27
01103,142.7,137.48,132.28,130.41,126.65,123.63,119.7
01105,5.2,3.43,1.06,-1.05,-3.68,-5.72,-7.02
01107,124.7,100.35,74.25,50.89,25.78,0.99,-23.41
01109,112.7,104.66,95.77,88.1,78.83,70.47,62.93
01111,126.3,112.78,97.24,84.42,69.95,55.51,41.92
01113,128.9,118.36,108.09,97.0,85.71,75.73,66.3
01115,112.9,107.14,100.11,95.42,89.28,83.31,78.21
01117,110.5,103.35,94.29,87.89,79.67,71.69,64.52
01119,45.7,40.52,35.52,32.42,27.44,23.87,19.56
01121,154.4,140.48,125.8,111.71,96.69,81.87,68.06
01123,109.8,102.83,95.99,89.11,81.28,74.21,67.27
01125,116.7,113.19,109.34,107.48,104.61,100.59,97.3
01127,291.1,252.0,212.87,176.01,138.26,99.95,62.25
01129,36.8,37.08,37.95,39.48,41.99,43.52,46.11
01131,62.1,62.7,62.68,62.92,63.3,64.41,65.32
01133,179.6,168.72,158.43,150.57,141.13,132.45,122.32
02013,0.0,-0.02,0.9,2.19,3.54,5.52,6.99
02016,0.0,0.0,-0.47,-0.48,-0.81,-0.41,0.55
02020,68.0,68.06,69.31,71.07,71.39,71.15,68.94
02050,0.0,0.0,1.61,0.91,0.37,-0.1,0.65
02060,0.0,0.03,1.57,1.3,0.69,-0.06,-0.3
02063,0.0,-0.01,0.19,0.25,0.05,-0.85,-1.67
02066,0.0,-0.02,-0.86,-1.06,-0.86,-1.5,-0.77
02068,0.0,-0.03,-0.19,1.49,1.24,-0.02,0.04
02070,0.0,-0.01,3.46,3.57,3.87,3.18,4.68
02090,54.3,50.55,48.53,47.92,45.06,41.16,38.78
02100,0.0,-0.04,-0.76,0.17,-0.76,-0.85,1.25
02105,0.0,-0.12,-0.86,-1.9,-3.62,-4.4,-3.38
02110,87.6,81.42,75.31,69.09,63.23,57.66,52.97
02122,100.0,100.06,102.85,106.19,109.17,110.49,111.11
02130,100.6,101.85,104.71,108.03,110.91,114.63,117.97
02150,38.6,34.26,31.22,27.28,24.4,18.91,14.19
02158,0.0,0.01,-0.88,-1.9,-3.33,-6.16,-8.22
02164,0.0,-0.03,1.87,2.29,1.84,0.16,0.43
02170,86.2,79.12,73.33,68.6,62.71,56.16,48.6
02180,0.0,0.01,0.17,-0.66,-2.0,-3.96,-5.39
02185,0.0,-0.01,1.81,1.84,2.94,2.72,3.32
02188,0.0,0.0,0.68,0.23,0.55,0.22,-1.75
02195,92.2,80.65,70.7,60.45,50.25,38.61,28.42
02198,59.0,63.74,69.15,75.99,82.46,89.48,94.6
02220,14.1,10.5,8.78,5.76,2.28,-1.18,-4.34
02230,0.0,-0.0,-1.16,-0.79,-1.48,-1.92,-0.29
02240,0.0,-0.02,-0.15,0.91,0.89,-0.26,0.65
02275,0.4,0.2,2.33,4.35,5.28,6.01,7.95
02282,0.0,0.02,-1.52,-2.21,-3.26,-3.46,-3.77
02290,0.0,-0.03,1.25,4.15,4.47,6.43,8.08
04001,21.5,18.86,17.34,14.47,10.76,8.17,7.16
04003,82.7,83.44,84.57,85.8,85.94,86.4,85.57
04005,60.4,56.22,53.6,49.84,45.63,43.01,40.49
04007,124.3,116.4,108.79,101.09,91.14,83.4,75.52
04009,106.0,99.39,93.31,87.28,80.19,73.9,68.33
04011,1.3,0.3,0.78,0.68,0.1,-0.16,0.72
04012,89.7,82.65,76.8,71.13,63.92,56.95,49.46
04013,77.9,73.69,69.71,65.01,59.47,55.54,49.68
04015,142.2,133.98,125.87,120.3,111.36,104.59,96.2
04017,74.7,70.33,66.5,60.91,53.9,50.13,46.42
04019,84.2,79.45,74.57,70.13,65.24,60.41,54.56
04021,65.6,63.12,60.76,59.54,56.93,54.63,50.46
04023,27.4,24.84,21.89,19.22,15.8,13.35,9.63
04025,110.6,104.53,99.01,93.1,85.25,79.04,72.33
04027,57.6,57.87,59.39,62.48,64.12,65.39,65.9
05001,92.8,84.62,76.18,69.13,61.9,54.6,46.99
05003,126.5,120.4,112.65,106.75,99.55,94.96,89.33
05005,148.0,140.31,132.47,122.9,114.53,106.72,96.96
05007,95.1,93.16,93.3,92.84,92.69,92.16,90.19
05009,168.8,168.92,169.87,168.78,170.1,172.1,170.19
05011,149.6,130.84,111.38,93.68,74.14,57.18,39.64
05013,84.4,87.81,91.37,95.94,98.85,104.95,110.19
05015,78.2,72.19,66.99,60.26,54.95,49.48,42.07
05017,88.9,85.37,81.27,77.95,74.55,71.87,69.27
05019,116.9,100.51,84.15,68.06,51.61,36.82,20.81
05021,140.3,142.15,144.24,145.68,147.7,149.57,152.0
05023,118.7,111.75,105.14,97.32,90.98,84.17,75.13
05025,0.4,0.16,-1.12,-0.94,-1.64,-0.5,0.65
05027,133.0,117.65,101.64,86.25,69.57,56.01,40.64
05029,130.5,131.86,132.97,134.47,137.18,139.91,139.97
05031,166.0,163.73,162.52,160.66,158.67,157.01,154.23
05033,169.4,164.78,161.06,156.06,152.11,147.85,141.57
05035,107.0,106.49,104.97,104.23,103.25,102.62,100.48
05037,138.5,128.17,118.54,108.93,99.57,89.9,79.1
05039,112.6,106.79,100.59,95.24,89.26,85.4,81.32
05041,166.6,163.4,159.69,158.36,156.24,154.97,153.28
05043,117.8,116.05,113.72,113.02,111.53,111.3,110.61
05045,100.7,96.97,92.18,88.32,85.46,82.65,77.13
05047,28.0,29.05,30.33,30.39,31.69,33.38,32.47
05049,104.2,94.09,84.47,73.49,63.4,53.5,43.2
05051,194.9,182.5,169.52,157.61,145.58,135.08,122.91
05053,88.4,81.04,72.96,66.0,58.89,53.01,46.45
05055,185.6,174.94,164.24,153.57,142.72,132.79,121.88
05057,131.5,120.26,107.83,96.98,84.42,73.86,62.01
05059,114.1,104.04,93.94,83.97,74.08,65.62,56.29
05061,180.7,170.87,160.02,150.51,141.49,133.49,123.19
05063,178.7,165.04,152.36,138.58,126.08,113.24,98.1
05065,93.9,77.47,61.6,44.82,29.35,13.63,-3.38
05067,160.1,148.21,136.79,124.79,113.5,102.13,88.72
05069,114.9,112.4,108.69,106.15,103.19,101.1,99.5
05071,147.7,136.76,126.1,115.02,104.77,94.34,81.95
05073,4.2,1.0,-3.41,-6.06,-9.51,-11.43,-14.49
05075,48.2,40.09,32.17,23.79,15.62,7.35,-1.48
05077,55.3,51.27,47.44,44.26,41.43,38.69,34.99
05079,81.1,81.57,80.72,81.41,81.49,82.32,82.95
05081,164.3,162.75,159.31,157.68,155.85,154.94,151.16
05083,40.6,39.74,39.09,37.39,36.17,35.8,33.29
05085,111.4,109.8,107.85,107.78,107.71,108.1,106.52
05087,83.5,79.69,77.54,73.93,71.91,69.24,64.25
05089,95.6,85.66,76.27,65.05,56.08,46.74,34.8
05091,138.1,129.61,119.91,111.34,102.55,95.27,86.84
05093,144.8,137.27,129.96,122.15,113.7,105.83,96.84
05095,109.2,102.64,96.4,90.93,85.9,79.99,74.04
05097,108.1,107.88,107.65,108.75,108.68,110.93,110.95
05099,0.0,-0.76,-2.08,-2.68,-3.6,-2.27,-3.0
05101,2.8,1.55,0.23,-1.43,-1.77,-2.29,-5.47
05103,139.8,142.04,144.28,146.69,149.02,153.95,157.82
05105,94.9,51.63,8.46,-34.07,-75.72,-116.63,-160.06
05107,173.6,162.28,150.32,139.62,128.39,117.14,105.14
05109,10.6,4.53,-1.56,-6.51,-11.43,-14.92,-20.88
05111,105.5,98.58,91.53,83.93,75.76,68.21,60.01
05113,133.2,123.52,113.7,104.59,96.49,89.43,79.61
05115,138.2,133.8,130.3,125.9,123.15,120.26,116.01
05117,91.3,88.11,85.31,83.38,82.11,80.74,77.6
05119,117.5,111.31,104.36,99.67,95.45,91.6,84.99
05121,116.2,113.64,111.63,109.02,107.14,105.49,103.43
05123,96.4,92.17,87.86,84.51,81.48,78.25,73.87
05125,106.9,96.65,85.79,76.35,67.71,59.73,49.43
05127,154.2,155.19,156.57,158.98,161.48,165.1,166.56
05129,99.7,86.51,73.05,58.91,46.27,33.53,19.11
05131,186.1,175.52,165.78,155.11,144.86,135.63,123.74
05133,82.9,65.55,47.6,31.72,16.25,0.68,-18.09
05135,136.4,145.42,154.74,163.4,173.03,181.89,190.47
05137,169.7,159.43,148.52,136.88,126.74,115.15,102.95
05139,141.9,136.54,129.9,124.57,117.65,114.02,109.79
05141,114.4,108.99,103.84,98.51,93.97,88.66,81.57
05143,104.4,101.82,101.83,99.43,98.81,97.52,94.78
05145,138.1,125.53,112.39,100.09,89.3,78.07,64.2
05147,32.0,5.89,-20.19,-46.25,-71.91,-98.33,-125.82
05149,72.3,68.75,65.54,61.67,58.91,56.38,52.46
06001,38.0,33.59,26.79,21.24,13.59,6.87,-0.19
06003,0.0,-0.31,-2.14,-3.17,-5.13,-6.34,-9.4
06005,136.6,115.8,92.57,70.88,47.45,25.45,1.76
06007,143.9,136.88,129.56,123.15,116.08,110.49,101.34
06009,98.6,91.36,81.73,74.38,65.74,57.57,48.77
06011,44.9,40.9,34.3,29.78,25.24,20.58,14.06
06013,51.8,45.86,37.69,30.87,21.45,13.75,4.78
06015,168.6,147.21,126.2,106.0,85.94,63.64,40.57
06017,75.6,68.45,59.72,51.9,43.3,36.26,26.36
06019,66.1,59.6,50.36,42.63,33.13,24.11,14.26
06021,68.9,66.33,63.07,60.66,58.36,56.67,51.19
06023,113.6,100.73,88.01,74.71,62.56,49.21,35.09
06025,59.5,53.77,49.64,46.54,42.73,39.07,33.8
06027,63.6,60.75,56.5,52.89,48.8,45.56,40.32
06029,64.4,62.28,58.36,54.8,48.96,46.26,40.98
06031,78.5,67.81,54.14,41.83,29.18,17.41,2.76
06033,167.6,138.12,106.15,75.47,44.67,14.06,-18.13
06035,104.2,93.22,82.53,71.27,59.98,49.86,36.53
06037,39.8,35.34,32.32,29.17,24.16,21.97,18.26
06039,58.4,52.74,44.33,38.13,29.98,21.97,14.13
06041,44.1,39.44,31.7,25.78,18.22,10.72,3.12
06043,67.8,69.28,69.77,72.3,73.46,74.56,75.99
06045,127.2,117.94,105.57,93.17,82.58,71.92,59.99
06047,74.0,68.35,61.41,55.4,48.6,41.75,35.66
06049,111.5,100.28,88.06,76.83,64.24,52.19,39.62
06051,53.0,53.85,53.86,54.03,53.23,53.18,52.51
06053,60.3,55.51,49.01,43.53,36.42,30.61,23.92
06055,50.9,46.22,38.43,32.73,24.29,17.04,8.65
06057,97.4,86.29,73.43,61.76,49.18,37.5,22.18
06059,47.6,43.87,41.68,39.23,35.3,33.61,30.81
06061,72.9,66.44,57.94,50.87,43.2,36.63,27.25
06063,109.7,90.7,71.22,51.09,31.52,12.2,-9.2
06065,56.9,52.42,49.71,47.5,43.68,40.63,36.9
06067,60.1,53.71,45.06,36.98,27.84,19.56,8.64
06069,54.0,50.33,43.48,38.17,31.24,24.21,17.38
06071,58.7,54.77,52.78,50.31,47.43,45.57,42.84
06073,46.7,42.71,39.93,37.98,35.0,32.04,29.46
06075,38.6,35.34,29.33,25.02,18.14,12.46,6.44
06077,69.4,59.22,46.02,35.31,22.39,10.14,-2.5
06079,86.0,77.39,66.17,54.67,43.66,33.5,22.5
06081,36.1,33.14,27.58,23.83,17.63,12.35,7.41
06083,62.4,57.59,51.16,44.63,37.69,32.37,25.98
06085,28.9,25.91,19.45,15.34,9.11,3.71,-2.14
06087,70.3,62.54,51.46,43.42,32.45,22.56,12.77
06089,151.7,132.85,116.44,98.61,81.25,64.24,47.21
06091,35.1,28.41,20.23,12.62,4.47,-2.51,-11.55
06093,114.7,123.29,133.16,141.04,150.23,157.55,165.94
06095,52.9,46.77,37.96,30.79,21.55,12.38,2.81
06097,65.5,57.78,47.64,39.39,28.78,20.14,10.23
06099,103.9,91.12,75.08,61.21,45.64,31.62,16.94
06101,111.5,108.61,103.92,100.55,96.85,94.13,88.47
06103,119.4,104.08,90.01,74.84,60.76,47.42,32.38
06105,119.6,110.11,100.53,91.04,81.71,72.48,63.3
06107,78.8,68.93,55.89,44.38,32.37,21.01,7.81
06109,142.8,127.06,109.66,94.02,76.92,60.41,43.72
06111,60.2,56.68,54.36,50.99,46.75,43.56,40.24
06113,51.8,47.48,40.69,35.33,28.3,22.32,14.48
06115,96.2,92.02,85.48,80.21,75.04,71.18,63.47
08001,60.6,56.41,51.72,46.42,43.51,39.15,36.99
08003,175.8,166.18,153.98,143.59,133.05,122.2,110.62
08005,66.7,63.61,59.9,56.3,54.6,50.99,49.56
08007,75.6,77.44,77.45,78.59,79.42,81.27,84.01
08009,95.0,81.32,69.77,57.5,46.29,35.16,23.57
08011,59.1,64.73,70.53,75.44,81.87,88.2,93.77
08013,53.6,51.06,47.99,44.73,43.5,40.11,39.01
08014,61.5,55.79,48.75,41.39,36.53,30.12,25.11
08015,102.2,97.83,91.49,85.82,79.63,73.86,70.32
08017,74.0,73.05,72.32,72.33,75.42,75.71,77.22
08019,38.1,36.06,33.55,30.52,28.8,25.53,23.5
08021,2.2,1.11,-2.67,-5.71,-8.44,-11.74,-14.75
08023,0.0,-0.45,-3.21,-4.67,-6.31,-7.66,-10.02
08025,32.4,31.96,31.21,30.71,32.3,31.94,32.01
08027,0.0,-0.29,-2.09,-2.98,-3.87,-3.61,-3.88
08029,96.5,90.5,83.15,76.43,69.91,64.26,59.23
08031,48.2,44.27,39.96,35.18,32.91,28.6,26.29
08033,0.0,-0.23,-2.4,-3.79,-4.66,-5.26,-3.71
08035,55.9,54.73,52.7,50.95,51.14,49.25,49.43
08037,53.0,48.4,43.1,36.97,31.39,24.62,20.31
08039,36.6,35.04,32.21,30.52,30.67,29.14,28.73
08041,75.1,72.39,68.9,65.38,64.07,62.41,61.01
08043,80.0,76.45,69.62,64.43,59.58,55.88,51.43
08045,92.9,86.28,78.47,70.67,63.43,55.57,49.56
08047,0.0,-0.23,-1.58,-2.65,-1.77,-3.13,-3.33
08049,50.3,47.38,44.73,41.37,39.7,35.77,33.25
08051,59.4,54.49,48.27,41.9,36.3,30.1,26.08
08053,0.0,-0.12,-3.0,-4.08,-4.38,-5.44,-4.15
08055,87.8,77.88,65.78,54.82,43.64,32.75,21.49
08057,0.0,-0.23,-0.87,-1.43,-0.6,-1.32,-0.11
08059,81.4,76.47,71.29,65.3,61.88,56.36,52.89
08061,148.3,132.5,116.55,100.59,87.38,71.57,56.23
08063,26.7,41.77,56.25,72.06,90.52,106.97,123.93
08065,68.6,54.06,38.52,22.51,6.52,-10.3,-25.25
08067,69.0,63.89,56.25,50.33,43.92,38.18,34.91
08069,78.5,70.19,61.92,53.66,47.17,38.87,32.2
08071,150.0,135.81,120.58,106.35,90.82,75.05,60.97
08073,1.3,1.19,0.43,1.64,5.07,5.79,7.21
08075,102.6,90.94,79.74,67.93,58.96,47.22,37.6
08077,87.9,86.01,82.87,80.81,80.55,79.33,77.94
08079,0.0,0.02,-1.85,-2.14,-2.38,-3.41,-2.7
08081,129.5,110.39,90.31,69.67,50.43,30.4,12.33
08083,105.2,99.73,91.56,85.23,79.42,74.39,69.83
08085,93.8,88.89,82.44,77.36,72.8,68.87,65.19
08087,97.1,75.17,53.24,31.08,11.8,-9.32,-29.4
08089,117.6,111.78,106.22,100.62,96.64,91.0,86.21
08091,45.4,40.25,33.12,26.88,20.71,15.75,11.67
08093,5.3,-0.08,-5.16,-10.76,-15.54,-21.59,-25.39
08095,43.6,33.56,23.13,13.44,5.7,-2.81,-10.7
08097,34.6,28.28,21.68,14.7,8.09,0.93,-4.81
08099,94.5,88.34,82.75,77.01,73.44,68.55,63.5
08101,125.0,116.71,107.44,99.02,92.62,83.69,75.67
08103,30.2,28.84,27.23,24.02,22.77,21.36,20.81
08105,93.3,91.58,89.32,87.86,85.59,83.36,81.5
08107,76.9,69.33,60.26,51.31,43.17,33.95,26.31
08109,0.0,-0.16,-1.67,-2.01,-3.46,-3.75,-3.98
08111,0.0,-0.03,-3.33,-4.99,-6.4,-7.68,-6.48
08113,39.3,41.25,40.05,40.12,40.25,41.41,43.32
08115,3.5,3.14,1.11,0.08,0.95,1.02,2.22
08117,73.1,66.13,58.62,51.03,43.19,34.32,27.18
08119,121.5,115.77,109.11,102.56,97.35,91.74,86.63
08121,0.0,-0.49,-0.86,-0.63,3.12,3.62,5.13
08123,69.8,62.88,55.37,48.29,42.76,35.69,30.11
08125,80.6,77.79,75.31,73.32,75.07,73.98,73.07
09001,50.7,48.29,46.98,43.7,40.83,40.42,36.26
09003,66.5,62.69,57.81,52.85,48.11,44.96,39.46
09005,71.1,67.01,62.77,57.47,52.41,49.39,43.04
09007,73.5,70.44,66.95,62.59,58.96,56.93,52.16
09009,75.4,70.73,66.69,60.78,55.52,53.1,46.46
09011,79.6,74.89,70.99,66.19,61.52,58.35,52.24
09013,54.5,52.09,49.03,45.96,43.32,41.58,38.14
09015,82.4,78.02,73.39,68.81,63.81,60.58,55.17
10001,94.4,84.71,76.53,65.62,57.4,48.31,37.87
10003,81.2,78.16,75.95,72.87,72.34,70.2,66.23
10005,113.8,100.48,88.9,75.69,64.12,52.24,37.89
11001,40.1,35.79,33.54,28.66,26.04,21.2,15.2
12001,71.6,68.98,65.89,60.25,56.07,51.07,46.75
12003,142.0,118.18,92.84,66.1,41.22,14.02,-11.42
12005,128.4,121.24,115.32,109.72,103.75,96.8,90.34
12007,100.8,92.84,83.37,71.43,61.3,49.4,39.83
12009,97.0,93.01,88.42,83.87,80.3,75.66,69.49
12011,54.7,52.0,49.0,45.91,43.77,40.7,36.06
12013,79.7,74.69,70.2,65.8,61.07,55.72,51.0
12015,82.0,77.84,73.6,68.63,64.89,59.97,53.85
12017,107.2,104.14,100.2,94.95,91.51,87.48,82.12
12019,94.0,88.17,80.64,71.52,63.73,54.94,48.15
12021,62.0,58.5,54.24,51.12,47.31,43.64,38.13
12023,125.4,119.42,112.97,105.11,99.0,92.01,85.51
12027,58.0,54.46,51.11,48.3,46.97,43.22,38.62
12029,41.3,47.26,53.93,57.22,62.54,68.09,72.27
12031,95.1,88.56,80.06,70.51,62.29,52.64,45.22
12033,126.2,116.41,105.87,96.37,88.23,78.87,69.14
12035,80.9,77.45,73.05,68.19,63.4,58.92,54.27
12037,109.5,94.4,80.2,64.43,48.52,32.71,17.42
12039,63.0,58.29,55.25,52.0,47.67,42.77,39.18
12041,45.5,46.59,47.27,45.53,45.36,45.33,44.43
12043,7.6,4.71,2.31,-1.93,-4.01,-8.31,-12.78
12045,128.0,135.56,143.93,151.59,159.21,166.63,174.79
12047,44.2,37.37,30.23,21.63,14.33,6.1,-1.22
12049,45.9,42.14,38.06,34.7,32.52,27.56,22.05
12051,75.1,69.11,63.41,56.18,51.21,44.38,36.7
12053,106.3,108.81,110.77,111.92,114.87,117.04,118.24
12055,79.6,79.32,78.21,77.05,76.33,73.06,70.33
12057,72.9,66.99,61.37,56.05,52.54,47.05,40.33
12059,108.8,86.33,64.86,44.46,21.87,0.14,-20.37
12061,100.0,96.63,93.42,90.23,88.12,84.64,80.44
12063,121.0,107.04,93.24,80.01,65.25,50.78,36.93
12065,57.1,51.72,46.98,40.86,34.62,27.04,21.57
12067,65.0,60.35,55.26,48.82,43.83,38.31,33.35
12069,87.1,82.6,76.92,71.42,66.05,60.55,53.63
12071,68.8,65.37,61.77,57.24,54.3,50.84,45.88
12073,71.9,68.58,66.99,64.51,61.26,57.32,54.87
12075,118.9,103.88,88.87,71.18,55.98,40.05,23.77
12077,44.9,40.09,35.17,30.96,25.83,20.01,15.16
12079,82.6,80.3,78.48,74.86,71.55,68.34,66.0
12081,82.3,77.29,72.22,67.26,63.16,57.73,50.55
12083,89.6,89.5,87.77,85.02,83.79,81.85,79.51
12085,75.8,73.95,72.69,69.93,69.45,66.71,63.36
12086,34.4,31.99,29.63,27.3,24.27,22.1,17.66
12087,83.1,79.8,76.9,74.47,71.06,68.13,64.23
12089,118.8,111.44,101.98,91.71,82.22,71.27,62.27
12091,92.1,87.02,82.85,79.6,75.77,71.19,66.54
12093,122.1,116.09,110.18,102.56,97.25,89.23,82.21
12095,50.8,45.95,41.66,36.12,30.8,25.71,19.14
12097,60.1,56.29,52.03,47.71,42.46,37.21,30.97
12099,63.3,59.92,56.59,52.49,49.67,47.08,42.79
12101,90.7,85.34,79.63,73.23,68.68,62.5,55.88
12103,88.9,83.6,77.74,72.16,68.26,62.8,55.82
12105,74.7,69.79,64.64,59.27,55.13,48.6,41.57
12107,126.7,114.1,100.53,86.45,72.64,58.79,45.61
12109,66.8,64.1,59.16,54.06,49.58,44.27,40.4
12111,72.9,68.1,64.33,59.52,55.85,50.7,44.95
12113,111.7,99.44,86.86,75.88,65.56,53.68,41.77
12115,85.1,80.33,75.5,70.37,65.64,60.44,53.56
12117,59.3,53.59,47.32,40.31,33.69,27.46,19.3
12119,71.8,72.69,73.19,72.8,73.33,73.52,72.98
12121,92.9,88.76,83.92,77.83,73.95,69.33,65.67
12123,121.8,112.59,104.36,93.57,84.66,75.43,66.47
12125,67.7,61.07,52.99,42.72,34.59,25.22,16.64
12127,86.9,81.15,74.69,67.84,60.86,54.7,47.61
12129,89.6,84.58,80.78,76.69,71.0,65.54,60.59
12131,97.9,84.28,72.54,61.05,48.77,36.22,23.86
12133,184.1,144.06,105.15,66.74,27.85,-11.46,-49.9
13001,129.7,129.31,128.39,127.09,126.41,123.93,123.16
13003,71.3,77.27,82.59,86.6,91.97,97.34,103.07
13005,145.7,150.71,154.75,158.17,161.86,164.74,168.78
13007,0.0,-0.37,0.62,0.73,0.26,-0.34,0.99
13009,113.0,103.51,94.53,85.45,76.89,68.3,58.64
13011,51.1,47.37,41.75,36.6,32.45,27.09,21.93
13013,92.3,87.83,82.81,78.51,74.41,70.2,65.22
13015,112.1,104.71,95.32,87.92,80.36,71.31,62.7
13017,199.0,205.93,211.9,216.99,222.33,227.36,234.19
13019,61.8,57.65,53.49,46.9,41.59,35.3,30.91
13021,145.4,139.24,133.73,128.14,122.28,116.78,111.03
13023,147.0,143.59,140.05,136.49,133.71,129.75,126.94
13025,71.4,65.33,57.55,48.5,40.69,30.85,22.93
13027,73.6,86.38,100.53,111.82,122.97,133.96,146.68
13029,93.7,88.99,83.73,79.94,74.89,68.17,63.38
13031,93.9,95.73,97.78,100.12,102.79,103.5,105.16
13033,93.0,88.09,82.82,78.09,73.17,66.59,61.15
13035,103.5,104.3,104.95,106.04,106.98,109.12,109.59
13037,2.0,0.26,-1.38,-2.62,-5.24,-7.13,-7.15
13039,82.2,74.42,65.48,55.68,47.04,35.57,26.3
13043,151.1,159.58,167.34,175.36,183.93,190.51,198.01
13045,126.1,119.89,113.46,108.44,102.98,97.39,91.49
13047,148.9,126.42,103.47,82.0,61.56,39.18,16.91
13049,101.1,99.46,96.29,92.59,89.95,84.51,82.52
13051,91.7,87.81,83.63,80.51,76.48,70.69,66.36
13053,0.0,-0.64,-1.49,-2.71,-4.37,-4.61,-3.82
13055,150.2,132.77,113.14,96.94,81.52,63.5,45.94
13057,71.3,67.77,62.68,58.93,55.04,50.05,45.59
13059,104.7,98.65,91.53,85.33,78.47,72.0,65.34
13061,67.7,55.81,43.39,31.76,18.55,6.27,-5.07
13063,51.6,47.98,43.46,39.56,36.17,32.88,28.21
13065,144.8,153.01,160.65,166.22,173.47,179.95,187.05
13067,65.0,61.45,56.35,51.93,48.11,43.16,38.3
13069,173.1,167.56,161.17,153.71,147.35,141.12,134.96
13071,87.7,86.32,86.44,83.72,81.12,79.14,78.76
13073,88.6,84.68,79.22,74.73,70.51,65.72,60.97
13075,110.4,104.82,99.92,92.44,85.47,77.93,72.57
13077,80.3,80.97,80.51,81.82,82.62,83.13,83.44
13079,0.6,0.28,0.95,1.68,0.68,1.41,1.69
13081,180.4,178.87,176.89,174.9,172.3,169.74,168.74
13083,112.0,85.43,57.17,31.47,6.36,-20.69,-46.77
13085,162.6,150.45,136.27,122.71,109.19,94.99,81.35
13087,134.2,125.45,117.82,110.21,101.88,92.87,84.99
13089,48.6,45.93,41.97,38.8,35.78,32.48,28.36
13091,107.2,97.49,87.73,77.54,67.72,57.4,48.34
13093,0.5,0.41,0.28,0.27,-0.99,-1.97,-0.79
13095,129.6,125.97,122.96,118.45,113.71,110.18,107.74
13097,101.7,97.2,91.91,87.88,84.07,79.11,74.47
13099,126.0,119.36,112.84,106.82,99.31,93.09,87.41
13101,0.0,-0.32,0.15,-1.72,-2.62,-4.19,-4.7
13103,86.5,86.36,86.52,87.34,87.3,85.64,84.75
13105,152.1,144.56,135.3,127.28,119.15,110.05,101.24
13107,107.8,110.11,112.2,114.47,117.56,118.23,120.49
13109,145.3,135.67,126.03,115.85,106.04,94.48,84.23
13111,160.8,162.37,162.26,164.35,166.13,166.21,167.07
13113,87.8,87.85,87.11,87.24,87.55,87.72,87.28
13115,163.8,159.17,153.05,149.34,145.9,140.69,136.08
13117,57.6,52.85,45.9,39.98,34.36,27.31,20.85
13119,141.9,128.18,113.55,99.75,86.54,71.31,56.13
13121,52.3,49.18,44.33,40.28,36.62,32.39,27.07
13123,145.4,139.44,131.96,125.88,119.15,111.18,104.18
13125,0.0,-0.2,-0.48,-0.78,-0.55,-0.68,-1.16
13127,105.5,103.79,101.1,97.93,95.52,91.23,88.66
13129,130.5,120.1,109.33,100.25,90.97,80.21,70.14
13131,74.2,74.3,76.53,76.65,76.3,75.47,76.74
13133,140.6,130.19,119.13,107.56,97.64,87.67,76.03
13135,49.4,47.11,43.43,40.77,37.92,34.84,31.52
13137,118.3,108.4,97.32,86.96,76.79,66.12,54.61
13139,98.9,96.54,92.95,90.02,87.5,83.61,79.6
13141,53.8,54.36,56.07,57.3,58.94,60.48,61.07
13143,203.6,204.15,204.38,206.4,208.22,209.61,210.64
13145,8.4,8.14,9.03,9.24,9.54,10.23,12.11
13147,109.0,104.13,98.8,94.23,90.13,84.58,78.17
13149,1.2,-0.02,-2.08,-2.27,-3.24,-4.29,-5.08
13151,85.8,82.1,77.98,74.39,71.02,67.86,63.72
13153,104.9,99.49,94.94,90.37,84.82,79.92,75.59
13155,82.2,63.99,44.93,24.92,5.64,-14.49,-33.25
13157,119.2,109.91,99.4,89.55,79.74,69.53,58.93
13159,64.9,60.94,56.65,52.22,47.7,44.72,40.6
13161,110.8,104.24,96.89,89.29,82.07,73.31,66.7
13163,128.0,128.67,129.06,129.58,129.91,129.8,129.79
13165,38.0,38.01,38.22,39.4,39.61,38.52,38.42
13167,45.3,42.3,39.24,36.44,34.17,30.26,27.63
13169,55.5,53.52,52.49,51.45,49.44,49.08,47.34
13171,77.9,72.19,66.83,62.06,56.82,51.88,46.71
13173,3.3,15.03,26.58,36.05,47.11,56.59,68.07
13175,144.7,132.69,120.97,109.78,98.53,85.56,74.19
13177,53.4,54.69,56.36,56.88,57.34,58.56,61.11
13179,60.0,57.93,55.7,54.44,52.12,48.03,45.8
13181,6.8,2.85,-1.78,-6.57,-10.63,-15.24,-20.48
13183,0.3,0.01,-0.86,-1.69,-3.12,-5.99,-7.2
13185,103.8,93.25,82.98,70.42,58.69,46.12,35.35
13187,84.7,79.03,72.09,65.68,59.88,52.82,46.26
13189,178.6,172.64,165.69,159.55,153.96,146.81,139.91
13191,74.7,71.68,67.97,65.14,61.67,56.34,52.88
13193,71.7,74.66,77.87,82.31,84.68,88.6,93.9
13195,128.0,116.37,102.86,90.44,78.19,65.2,51.98
13197,20.9,20.9,20.46,20.77,20.13,20.9,22.55
13199,77.9,76.69,75.54,75.42,75.07,74.41,74.32
13201,128.1,116.02,104.65,94.42,82.17,70.58,59.73
13205,108.8,106.89,107.09,105.27,103.54,101.84,101.08
13207,69.7,66.12,62.55,59.44,55.58,52.69,49.17
13209,37.3,27.76,18.34,9.17,-0.69,-11.83,-20.7
13211,86.9,83.43,79.49,76.01,72.61,70.07,66.25
13213,113.9,101.28,87.15,75.29,63.16,49.71,36.83
13215,99.6,89.55,79.61,69.23,58.79,48.88,40.15
13217,88.8,81.93,74.72,67.79,61.06,55.06,47.7
13219,61.5,63.36,63.85,65.26,66.16,67.74,68.27
13221,48.4,42.2,34.72,28.02,22.19,15.49,8.43
13223,63.0,59.96,56.97,54.45,51.97,47.83,44.65
13225,87.9,82.99,78.85,74.51,68.71,64.55,60.56
13227,132.9,127.38,119.83,114.06,108.0,100.67,93.95
13229,65.8,70.75,74.4,76.87,80.32,82.87,86.64
13231,19.3,13.85,8.11,3.97,-0.84,-5.62,-10.03
13233,191.7,172.4,152.08,134.39,116.47,97.32,77.46
13235,99.9,96.52,92.65,88.87,85.35,81.09,77.95
13237,76.3,72.59,68.38,64.03,60.27,57.79,53.11
13239,0.0,-1.09,-2.9,-4.28,-7.32,-8.2,-8.8
13241,157.6,147.02,134.77,124.09,112.84,100.82,88.8
13243,180.0,156.86,132.76,109.56,85.45,62.28,39.71
13245,102.0,93.48,83.82,74.68,65.95,56.7,47.34
13247,79.6,79.73,78.94,78.94,79.04,79.29,78.15
13249,1.3,19.54,37.08,55.17,72.09,90.49,110.1
13251,43.6,43.67,43.57,43.73,43.08,41.45,40.18
13253,206.3,195.79,184.69,175.11,164.13,153.39,143.74
13255,147.8,144.16,139.85,136.76,133.73,130.63,127.08
13257,179.7,167.88,155.16,143.37,132.27,119.8,106.26
13259,64.0,61.4,57.89,54.69,50.76,48.7,47.5
13261,112.3,102.76,92.06,81.66,70.74,60.54,52.13
13263,0.0,-0.3,-0.04,0.28,0.13,0.47,1.64
13265,0.0,-0.59,-1.5,-2.57,-2.21,-2.26,-3.91
13267,54.8,55.7,56.32,57.16,57.85,57.28,58.16
13269,44.9,42.55,40.57,38.54,34.84,33.5,32.17
13271,59.5,50.92,41.92,32.46,23.51,13.99,6.29
13273,41.1,48.3,54.84,61.35,67.73,75.07,83.71
13275,103.6,101.12,100.36,96.97,93.97,90.41,88.77
13277,146.2,144.69,143.71,141.3,138.54,135.33,134.48
13279,186.4,159.01,130.9,102.77,75.21,45.76,18.1
13281,120.4,117.43,113.21,110.71,107.92,103.86,100.9
13283,39.6,61.73,83.48,105.77,127.72,148.1,171.24
13285,113.2,101.98,91.23,80.35,69.24,58.87,48.52
13287,85.5,93.24,100.17,107.43,113.67,119.56,127.51
13289,1.6,0.54,-0.08,-0.67,-2.03,-2.6,-3.04
13291,163.9,146.05,127.04,109.6,92.12,72.71,54.81
13293,148.5,138.35,128.89,120.42,110.55,101.83,93.42
13295,54.5,53.44,50.92,50.45,51.27,49.85,48.32
13297,113.4,114.39,114.46,115.72,117.06,118.76,119.46
13299,211.6,206.89,201.19,194.78,188.94,181.81,175.98
13301,1.3,0.76,0.17,-0.45,-0.12,-0.85,-2.05
13303,112.1,104.0,96.18,88.9,81.54,73.71,65.98
13305,148.0,151.75,154.09,156.4,158.8,159.4,162.05
13307,7.8,47.3,85.32,123.69,161.54,200.32,240.48
13309,41.7,43.17,44.7,46.2,47.66,48.03,50.48
13311,95.6,91.92,86.94,82.64,78.72,73.67,68.42
13313,102.6,96.1,89.1,83.78,78.94,72.08,65.86
13315,3.5,2.14,0.4,-1.74,-2.76,-4.84,-5.68
13317,157.0,148.84,139.96,131.2,123.64,114.67,105.19
13319,92.6,89.68,87.29,85.23,82.31,79.99,76.77
13321,97.7,96.44,95.22,92.75,89.7,87.15,86.78
15001,82.2,72.27,59.47,47.6,36.28,25.19,13.03
15003,38.0,35.59,32.34,29.57,27.78,26.75,22.89
15005,0.0,-0.02,0.59,0.54,0.88,3.65,3.05
15007,66.1,57.78,49.29,42.05,34.99,28.37,20.36
15009,57.8,58.3,58.6,59.39,60.54,62.73,63.42
16001,81.5,76.05,71.71,70.66,67.56,66.19,62.22
16003,0.0,-0.52,1.05,5.31,6.36,10.7,12.67
16005,111.3,106.74,105.96,102.92,100.92,100.6,98.22
16007,112.9,111.12,113.29,111.9,113.37,113.86,114.72
16009,99.8,98.57,101.06,102.71,103.34,105.68,107.98
16011,77.4,72.7,70.59,67.4,64.69,63.61,60.68
16013,40.1,40.31,44.35,49.3,53.41,57.02,59.19
16015,0.0,-0.3,1.2,4.81,6.0,9.58,10.7
16017,84.9,72.96,64.52,55.43,45.17,35.68,27.38
16019,100.8,97.82,99.24,100.13,100.6,101.96,101.45
16021,126.1,110.86,98.76,85.79,72.97,60.57,49.4
16023,82.8,104.36,129.0,154.07,177.65,202.5,226.33
16025,0.0,-0.02,3.25,7.65,10.85,14.19,15.61
16027,85.3,78.86,73.7,71.01,65.47,62.5,56.19
16029,116.0,110.61,108.6,104.27,102.1,99.94,96.57
16031,124.2,111.91,102.88,93.66,83.58,74.37,63.81
16033,0.0,0.06,5.64,9.62,13.89,18.21,22.28
16035,93.1,51.56,15.42,-21.96,-60.61,-96.74,-134.85
16037,39.6,21.72,7.09,-7.62,-23.03,-37.28,-52.88
16039,71.3,71.25,73.3,78.03,80.54,84.82,86.12
16041,87.8,85.89,87.63,86.67,89.13,90.33,90.74
16043,46.9,45.06,49.24,50.64,52.54,55.45,57.69
16045,113.1,105.6,98.94,95.34,89.43,85.79,79.46
16047,43.4,43.0,46.16,50.17,53.36,56.43,57.85
16049,68.2,67.08,70.02,73.02,74.37,78.44,79.97
16051,39.4,37.77,41.68,44.07,46.65,50.06,52.45
16053,75.8,77.2,82.69,88.46,93.37,98.37,101.99
16055,107.0,101.22,99.96,96.82,92.79,90.48,88.34
16057,69.2,64.06,62.87,61.34,59.31,57.58,55.16
16059,89.4,117.78,150.52,182.28,213.88,246.35,278.38
16061,198.1,136.22,78.9,20.7,-38.88,-95.36,-154.72
16063,0.0,0.08,4.44,9.24,13.25,17.36,20.56
16065,59.4,55.15,57.29,57.41,57.51,58.6,59.29
16067,36.2,33.04,32.85,32.83,32.43,32.39,31.65
16069,130.6,123.7,120.22,116.73,111.42,108.77,103.7
16071,121.0,106.75,96.27,82.12,71.23,60.12,47.39
16073,21.0,22.15,24.78,29.83,32.96,37.91,39.33
16075,43.6,44.14,45.64,49.84,52.6,57.29,59.7
16077,83.3,77.01,73.77,69.68,65.42,63.05,57.98
16079,132.3,114.97,102.25,87.44,71.57,58.27,43.97
16081,73.4,63.16,57.1,49.83,43.4,37.29,30.23
16083,116.0,107.85,103.95,100.07,95.61,92.17,86.98
16085,110.9,106.15,103.72,103.23,100.72,100.54,97.62
16087,141.1,118.46,97.05,77.77,57.25,39.18,17.86
17001,151.1,142.33,134.12,124.27,114.14,105.55,95.87
17003,48.7,47.16,47.56,48.02,48.44,48.07,47.1
17005,69.0,61.23,55.79,47.54,39.94,32.85,26.3
17007,55.3,53.25,49.67,46.44,45.27,43.73,40.51
17009,5.6,1.83,-0.97,-5.9,-10.14,-13.96,-18.43
17011,32.5,32.56,31.59,31.45,32.67,32.88,32.62
17013,5.6,2.21,0.52,-3.78,-7.1,-10.79,-12.94
17015,24.7,29.24,32.21,36.79,41.44,46.21,49.38
17017,34.5,29.84,24.99,18.64,13.31,8.02,1.99
17019,72.0,70.29,67.72,65.63,62.96,59.98,57.6
17021,101.8,95.93,91.48,85.67,80.35,74.72,69.6
17023,52.9,30.97,9.72,-10.98,-32.07,-54.64,-77.08
17025,91.7,81.04,72.14,62.21,52.3,41.53,31.98
17027,39.4,37.16,37.31,35.54,34.84,34.13,33.61
17029,115.7,109.53,104.58,99.61,93.76,87.15,80.5
17031,45.2,42.89,40.22,35.88,34.42,34.41,31.81
17033,40.3,34.34,30.06,25.01,19.89,13.83,8.11
17035,2.6,1.05,0.58,0.19,-0.43,-1.71,-3.45
17037,61.1,57.32,51.92,46.45,43.03,40.06,35.46
17039,93.8,86.45,77.95,69.99,60.76,52.64,44.5
17041,19.5,17.42,16.5,15.74,14.06,11.54,9.18
17043,51.3,48.44,45.03,41.04,39.5,39.02,36.34
17045,147.4,120.33,93.82,68.2,41.92,14.08,-14.22
17047,99.6,97.85,97.88,96.79,96.12,93.9,92.38
17049,93.3,72.07,52.06,30.62,9.22,-12.4,-33.72
17051,75.8,66.25,59.06,49.49,40.88,32.09,23.11
17053,6.1,5.33,2.11,0.31,-1.84,-3.67,-5.98
17055,137.2,126.67,117.74,107.76,99.04,88.73,79.33
17057,81.4,77.42,72.52,68.04,62.97,58.11,53.49
17059,0.0,-0.74,-0.46,-0.12,0.4,-1.29,-1.35
17061,6.9,4.38,2.55,-0.93,-4.25,-7.02,-8.92
17063,85.5,82.71,77.49,72.57,69.62,67.13,62.83
17065,28.9,4.62,-18.14,-41.46,-64.72,-89.34,-112.83
17067,36.8,32.24,26.72,20.88,14.15,8.84,1.9
17069,223.3,240.72,259.26,278.54,297.12,313.63,332.18
17071,4.2,1.85,-1.8,-4.97,-8.32,-11.71,-15.97
17073,68.6,64.46,59.39,54.2,48.9,43.39,37.8
17075,69.1,65.62,60.65,57.45,54.75,51.72,47.72
17077,112.0,106.04,102.02,97.25,92.82,87.53,83.25
17079,46.1,41.4,38.36,35.05,31.6,27.34,22.93
17081,128.1,116.92,108.11,97.84,88.57,78.48,68.79
17083,109.2,107.8,107.97,106.27,104.11,103.03,102.61
17085,47.7,42.04,35.68,30.49,26.26,22.09,15.5
17087,32.6,31.42,32.45,32.7,32.84,32.21,32.58
17089,46.0,42.71,38.3,33.91,31.48,30.27,27.07
17091,86.0,81.48,75.1,69.19,64.49,60.63,55.29
17093,59.5,55.51,49.64,43.72,40.63,38.12,32.89
17095,115.8,112.06,107.38,102.02,97.19,91.22,86.03
17097,57.5,54.47,50.73,45.51,43.19,41.64,37.98
17099,91.9,88.7,82.76,77.18,74.43,70.73,65.84
17101,103.9,93.33,84.34,73.49,63.98,53.43,43.12
17103,68.8,63.32,56.57,49.94,45.54,40.92,34.71
17105,80.7,73.98,64.25,55.72,48.51,42.03,34.04
17107,90.5,86.5,80.79,75.32,70.01,64.79,59.69
17109,84.8,82.76,80.16,77.44,74.72,72.26,69.5
17111,72.7,65.77,59.14,51.79,45.87,41.44,34.14
17113,64.2,61.11,55.91,51.2,46.51,42.56,38.66
17115,107.8,102.28,96.3,90.5,84.34,78.71,73.49
17117,37.7,37.49,38.46,36.82,35.78,35.3,36.12
17119,116.5,111.09,107.66,101.98,96.76,92.25,88.04
17121,137.3,139.42,144.54,147.24,150.98,154.6,158.5
17123,46.7,49.74,51.1,52.72,55.81,58.26,60.34
17125,65.6,64.98,62.79,60.1,57.48,55.44,53.79
17127,141.3,160.94,182.09,203.04,223.8,243.34,263.92
17129,2.4,1.58,0.68,-1.81,-3.86,-5.15,-6.41
17131,41.1,37.51,31.9,26.71,21.28,16.1,10.92
17133,81.4,76.37,73.52,68.63,65.32,61.04,56.62
17135,127.7,118.29,109.92,99.2,88.97,79.59,70.59
17137,125.6,125.19,125.43,123.69,123.08,123.48,122.99
17139,42.1,41.8,42.83,42.99,43.22,42.28,42.06
17141,29.3,26.32,22.28,18.78,17.46,16.09,13.09
17143,87.6,85.15,82.62,79.36,76.14,73.4,70.83
17145,103.9,96.08,91.34,84.98,79.73,73.1,67.74
17147,42.2,40.76,39.19,37.49,35.15,33.17,30.95
17149,32.6,27.87,24.05,17.51,11.61,6.52,1.52
17151,49.4,48.8,49.36,50.32,50.21,48.67,48.62
17153,70.6,68.79,68.22,68.04,67.68,66.63,65.26
17155,22.0,29.32,34.55,40.87,48.77,56.22,62.55
17157,75.1,71.86,70.74,68.38,66.67,63.85,62.48
17159,101.5,96.9,94.35,90.48,86.96,82.66,79.02
17161,88.2,84.41,78.2,72.82,67.33,61.49,55.88
17163,79.5,78.65,79.19,78.64,78.5,78.86,78.81
17165,246.9,216.03,186.26,156.49,126.42,95.02,64.93
17167,111.1,106.13,101.07,94.47,88.16,82.69,77.85
17169,47.9,7.58,-32.68,-74.11,-115.07,-155.51,-196.91
17171,0.0,0.02,0.75,-0.6,-1.32,-1.09,-0.76
17173,37.5,33.45,30.31,26.35,21.95,17.17,12.5
17175,0.0,-0.06,-0.59,-1.81,-2.43,-3.17,-4.07
17177,90.7,86.92,81.96,78.66,76.41,74.0,69.02
17179,99.8,94.73,88.91,82.58,76.66,71.12,65.74
17181,162.9,163.24,165.89,168.33,170.57,172.47,174.36
17183,107.1,100.29,93.06,86.49,79.87,72.58,64.98
17185,123.2,115.83,110.29,102.58,95.83,87.82,80.51
17187,71.1,72.21,72.13,72.02,71.91,71.89,71.0
17189,18.2,25.04,34.72,42.36,51.48,59.95,68.91
17191,85.3,80.82,78.31,75.09,72.0,67.69,64.02
17193,117.1,119.14,122.24,125.43,128.04,128.74,131.28
17195,70.3,69.19,66.62,65.53,65.38,64.02,61.79
17197,58.4,55.43,51.32,46.84,44.31,43.83,40.21
17199,153.8,149.32,146.97,144.23,141.63,137.32,134.56
17201,102.5,97.09,89.28,83.04,78.11,73.12,66.87
17203,20.8,24.55,27.87,30.96,34.43,38.31,42.41
18001,67.7,65.43,62.5,60.8,60.17,56.95,53.9
18003,85.8,82.04,75.98,71.16,67.93,62.82,57.38
18005,113.1,101.45,88.5,76.35,64.0,50.2,35.94
18007,25.1,21.19,16.75,12.78,9.98,7.0,2.57
18009,101.0,89.37,76.84,64.67,54.06,42.23,28.87
18011,79.2,72.92,66.45,60.21,54.98,48.86,42.12
18013,42.4,39.25,35.55,33.08,29.8,26.03,21.9
18015,34.9,32.35,29.23,27.06,26.34,24.63,21.49
18017,77.5,75.6,72.85,71.15,71.59,70.28,68.62
18019,130.4,116.17,99.69,85.16,69.81,53.32,36.71
18021,112.8,104.36,96.65,89.54,81.62,72.51,64.38
18023,98.0,80.63,62.67,45.2,29.46,12.04,-6.31
18025,62.3,53.34,44.33,35.79,27.71,16.95,7.24
18027,101.5,88.57,77.18,65.28,52.75,38.87,26.3
18029,101.2,93.99,85.88,78.33,70.98,62.47,53.03
18031,96.6,86.64,75.58,64.55,54.64,43.4,31.84
18033,81.0,77.89,74.01,70.31,68.4,64.34,59.49
18035,129.0,104.67,79.46,54.31,31.5,6.37,-19.61
18037,118.1,107.15,97.08,87.27,76.48,64.69,53.68
18039,84.7,78.3,70.04,62.08,56.42,48.5,40.63
18041,160.0,142.44,123.43,103.85,86.07,67.01,47.75
18043,152.6,138.78,122.79,108.83,94.29,78.08,62.25
18045,121.8,112.87,103.83,95.82,88.31,79.57,70.42
18047,57.8,54.72,50.85,46.71,43.63,39.03,33.37
18049,98.8,94.3,88.73,84.37,81.5,77.01,71.98
18051,114.5,101.17,89.14,76.07,62.9,48.22,34.46
18053,124.9,112.32,97.64,84.2,72.31,59.35,44.41
18055,98.9,96.7,95.23,93.93,92.45,88.79,86.4
18057,55.7,52.53,48.41,44.24,42.33,39.31,34.92
18059,80.0,77.71,75.07,72.02,70.39,68.62,65.13
18061,106.2,93.8,80.01,67.45,54.85,40.41,26.71
18063,82.7,78.04,73.41,69.22,65.58,60.58,55.43
18065,106.5,104.01,100.62,96.69,94.71,91.42,87.32
18067,137.3,127.88,117.93,108.08,100.97,91.66,81.62
18069,97.5,86.4,73.62,62.62,52.2,40.09,27.59
18071,109.7,99.99,88.91,79.7,69.86,58.03,46.37
18073,132.6,125.21,116.65,109.32,103.46,96.77,89.07
18075,114.8,104.22,93.33,82.24,72.31,60.68,48.33
18077,131.7,122.97,112.6,103.79,94.73,83.86,72.32
18079,122.9,107.96,91.59,76.88,61.79,44.84,27.92
18081,99.8,91.43,82.61,74.64,66.92,58.11,49.4
18083,147.7,132.9,119.33,104.65,90.43,75.26,60.5
18085,83.9,79.85,74.55,69.79,67.09,61.77,56.36
18087,26.9,23.98,20.3,16.56,15.52,12.53,7.96
18089,89.2,82.42,75.09,67.57,61.31,55.95,48.92
18091,119.1,110.24,101.42,91.61,83.77,75.66,67.0
18093,152.1,141.3,130.12,120.2,109.02,96.58,84.88
18095,126.0,116.47,106.07,96.31,88.68,79.2,68.01
18097,84.7,77.93,70.56,63.87,58.25,51.74,44.52
18099,98.4,94.16,89.13,84.24,81.39,76.43,71.4
18101,125.1,113.36,102.0,91.08,79.36,66.4,54.47
18103,75.1,71.76,66.59,62.53,60.61,57.09,52.22
18105,80.7,76.02,71.02,66.67,61.49,55.25,49.35
18107,105.5,101.5,97.66,94.05,91.51,86.92,82.32
18109,133.7,121.88,108.72,97.56,85.82,72.86,60.77
18111,28.0,25.97,22.42,20.26,19.31,17.92,14.84
18113,89.2,81.24,72.35,63.74,56.97,48.5,39.12
18115,0.0,1.17,0.86,1.6,3.25,2.79,1.79
18117,132.0,117.32,101.67,87.86,73.39,56.22,40.69
18119,80.8,78.96,76.17,74.85,73.17,69.29,66.99
18121,51.0,47.1,44.06,41.21,38.4,34.06,30.18
18123,118.8,108.44,98.12,88.59,78.76,66.45,55.8
18125,89.0,88.92,90.93,92.25,92.92,92.61,92.41
18127,100.8,95.93,90.79,85.0,81.95,78.73,74.0
18129,57.5,57.09,57.87,59.11,59.49,58.41,58.74
18131,78.0,62.33,46.14,31.26,18.36,3.1,-11.91
18133,91.9,84.67,77.57,71.31,64.68,56.64,49.12
18135,101.5,84.97,68.75,51.84,36.47,19.42,1.76
18137,107.0,104.52,100.85,97.75,95.5,91.15,86.25
18139,98.4,88.87,77.96,67.27,57.69,47.11,35.76
18141,90.6,85.63,80.24,75.2,72.51,67.54,62.11
18143,199.3,169.5,138.0,108.4,78.24,46.4,14.47
18145,95.5,83.66,70.99,58.95,47.26,35.03,22.03
18147,76.2,46.51,18.03,-10.75,-39.85,-70.6,-99.72
18149,125.7,118.01,109.74,102.49,97.1,89.48,82.73
18151,92.1,87.81,83.44,77.95,75.16,70.61,64.62
18153,123.0,109.52,97.61,84.98,72.31,58.37,45.75
18155,51.3,48.11,43.73,40.36,37.36,32.47,26.6
18157,83.7,78.13,72.3,66.91,62.59,57.11,50.97
18159,67.6,61.58,54.33,47.65,43.96,37.87,30.76
18161,61.6,64.33,65.72,66.58,69.0,69.67,69.9
18163,152.5,140.22,128.97,118.16,106.74,93.55,82.27
18165,104.3,95.96,88.32,81.06,73.53,64.82,55.83
18167,116.9,110.48,105.12,100.14,94.3,87.2,80.78
18169,105.2,98.22,88.81,81.27,74.84,67.41,58.41
18171,0.0,-0.62,-2.13,-2.57,-2.28,-3.03,-4.07
18173,89.6,84.24,79.66,75.56,71.22,64.85,59.93
18175,95.7,91.44,85.73,81.73,77.08,70.89,65.28
18177,123.0,114.6,105.1,94.66,85.58,74.88,64.21
18179,79.7,79.14,77.45,76.89,76.8,75.3,73.47
18181,96.4,89.58,81.65,74.73,70.01,63.7,56.59
18183,110.3,104.1,96.37,89.23,83.82,76.68,68.88
19001,52.8,54.73,55.79,57.86,59.93,62.97,65.54
19003,7.1,9.1,9.5,11.15,12.93,15.17,16.87
19005,50.5,48.0,43.56,40.15,37.09,34.13,30.48
19007,138.2,132.91,127.17,120.92,114.14,109.03,103.75
19009,51.3,52.2,51.41,51.91,53.68,55.81,58.05
19011,15.1,15.14,15.38,14.43,14.45,15.17,15.72
19013,85.3,79.79,72.63,65.0,58.87,52.93,46.71
19015,66.1,60.98,55.72,49.67,44.79,40.2,35.72
19017,50.6,46.66,39.87,33.57,28.01,23.28,18.15
19019,43.7,38.99,32.36,26.02,21.03,16.27,11.77
19021,44.0,49.05,51.66,56.15,63.07,68.77,75.76
19023,18.5,17.43,14.43,12.02,10.01,8.28,7.22
19025,55.4,62.24,67.83,74.24,82.59,90.12,97.64
19027,118.3,108.31,96.86,86.32,77.54,67.9,58.36
19029,112.2,106.92,100.27,94.84,90.4,86.22,82.26
19031,23.7,22.63,19.83,17.56,16.27,14.11,11.16
19033,112.7,106.6,98.08,91.27,82.88,76.17,68.75
19035,57.7,58.02,55.69,55.3,56.93,57.56,58.89
19037,29.8,35.23,38.03,41.12,44.54,48.8,51.93
19039,103.1,92.04,79.83,67.39,55.12,45.07,34.18
19041,113.2,118.29,121.11,125.28,130.13,135.32,141.98
19043,38.3,35.47,31.04,26.67,23.98,20.9,18.45
19045,87.8,86.19,82.25,79.33,77.75,74.99,71.92
19047,69.1,68.32,65.84,64.69,65.61,65.97,65.86
19049,15.9,15.68,14.93,12.95,12.19,12.27,12.82
19051,61.9,67.05,71.62,75.22,78.31,83.1,87.48
19053,33.7,45.37,56.55,67.37,78.49,91.26,102.54
19055,54.3,49.87,43.26,37.16,32.56,27.99,23.5
19057,111.9,106.98,100.47,93.98,87.25,81.04,73.74
19059,82.4,84.78,84.9,86.79,88.48,90.81,94.07
19061,66.9,67.67,66.71,66.56,67.63,68.7,68.17
19063,66.5,70.26,72.07,76.32,79.62,84.57,89.83
19065,86.5,69.09,50.64,32.5,15.43,-1.61,-18.5
19067,113.2,101.86,88.76,76.17,62.99,50.07,37.78
19069,29.3,15.87,0.85,-14.24,-28.56,-42.34,-55.86
19071,71.0,73.5,75.04,77.13,79.79,83.22,85.82
19073,107.9,96.87,84.34,71.91,61.4,50.29,38.86
19075,2.2,14.41,26.2,37.12,49.42,62.1,74.79
19077,16.7,7.24,-3.01,-13.87,-22.71,-31.39,-40.32
19079,71.0,71.01,70.0,68.95,68.95,68.86,68.46
19081,0.1,0.13,-1.12,-0.97,-2.19,-2.15,-2.22
19083,69.6,59.3,48.23,36.12,25.39,14.6,4.41
19085,72.6,72.51,69.84,70.54,72.29,72.83,73.31
19087,77.5,73.7,68.25,62.41,56.88,51.05,44.51
19089,42.1,36.98,28.36,21.58,14.33,7.09,-0.16
19091,67.9,66.5,63.31,61.3,60.33,59.31,58.61
19093,54.3,32.77,9.4,-12.67,-32.2,-53.61,-74.1
19095,25.5,27.45,29.82,31.41,33.69,36.2,37.93
19097,40.8,40.0,37.8,35.79,36.16,35.16,32.37
19099,71.6,69.72,68.18,64.96,62.99,62.53,60.98
19101,96.5,96.4,95.13,93.53,92.23,90.6,88.99
19103,40.0,35.81,32.06,27.91,24.0,19.53,15.39
19105,33.6,41.93,48.93,57.11,66.52,75.71,83.71
19107,0.0,-0.1,-0.54,-1.76,-2.98,-3.92,-5.33
19109,50.2,43.23,34.75,28.29,20.92,14.49,8.81
19111,120.5,117.11,112.02,107.03,100.88,96.25,89.93
19113,80.4,74.02,66.74,59.07,52.53,45.98,40.08
19115,29.8,28.98,26.48,24.04,21.94,19.03,15.58
19117,113.8,110.91,106.71,102.1,97.88,94.47,91.01
19119,27.5,29.43,28.89,28.96,28.72,29.2,31.29
19121,86.5,85.21,82.83,81.22,80.45,80.36,80.0
19123,83.9,74.2,64.68,54.2,44.43,34.64,24.4
19125,75.8,67.9,59.44,49.8,41.05,33.32,24.92
19127,92.1,82.24,72.82,61.18,51.87,42.95,33.1
19129,39.8,40.28,39.35,39.15,40.83,41.83,43.63
19131,31.5,26.55,18.96,12.55,5.49,-1.04,-7.66
19133,91.5,90.07,87.07,86.5,86.16,85.56,85.56
19135,109.6,104.75,99.61,93.41,87.17,81.58,76.33
19137,79.7,84.82,88.83,93.29,98.35,104.91,110.54
19139,73.3,66.41,57.39,48.98,41.06,32.41,23.58
19141,49.0,55.04,58.79,63.62,69.33,75.12,82.78
19143,38.2,4.66,-30.94,-65.18,-98.77,-131.89,-164.36
19145,124.5,118.23,111.23,104.45,97.92,92.63,86.8
19147,58.9,46.5,32.95,19.9,6.9,-5.55,-16.6
19149,52.6,45.73,36.43,28.78,23.18,15.88,10.26
19151,59.8,63.43,66.12,69.57,74.42,78.54,83.57
19153,94.0,89.31,84.39,77.69,72.86,68.81,64.44
19155,99.7,96.37,90.95,88.4,86.27,83.49,80.65
19157,59.5,58.17,58.02,56.4,55.79,55.77,54.73
19159,107.9,97.52,85.97,74.83,63.68,53.64,42.97
19161,20.9,20.76,18.79,18.34,19.88,20.78,21.77
19163,83.2,78.17,70.99,64.23,58.2,51.45,44.9
19165,57.8,56.84,53.77,52.72,53.16,53.56,53.66
19167,31.7,28.54,23.42,18.74,15.85,12.05,9.99
19169,48.4,44.39,40.34,34.75,30.7,26.81,23.55
19171,20.8,29.65,39.53,46.99,56.13,65.8,75.2
19173,23.1,22.27,21.54,20.13,19.22,18.92,18.24
19175,148.2,145.82,142.19,138.98,136.04,134.28,131.94
19177,1.6,1.66,0.32,-2.06,-3.7,-4.96,-6.42
19179,132.5,133.84,134.56,134.69,135.18,135.98,136.69
19181,45.6,43.04,40.08,35.65,32.64,30.92,28.48
19183,49.3,47.2,45.35,42.81,39.74,37.32,34.36
19185,62.1,11.14,-41.11,-93.81,-146.53,-197.24,-247.79
19187,104.1,95.55,84.94,75.63,67.39,58.68,50.53
19189,59.7,58.59,55.38,54.56,51.89,50.53,49.1
19191,54.3,47.78,39.07,31.41,23.87,16.77,8.42
19193,72.2,74.25,74.07,76.36,79.08,81.3,84.75
19195,1.2,0.69,-2.2,-2.75,-5.29,-6.36,-8.2
19197,77.7,70.37,62.49,54.73,46.87,40.34,33.66
20001,175.0,158.07,142.06,125.54,109.03,92.85,74.76
20003,8.0,5.5,3.83,1.14,-0.12,-1.23,-4.02
20005,115.8,108.21,102.42,95.61,89.14,83.9,76.73
20007,22.4,7.17,-5.57,-20.01,-33.75,-45.99,-60.53
20009,106.3,104.41,103.94,102.66,100.74,100.65,98.58
20011,117.6,104.47,92.05,78.21,65.41,52.54,37.34
20013,64.3,54.89,45.79,36.2,26.8,18.24,8.17
20015,110.2,104.68,102.51,99.18,94.47,91.46,87.51
20017,0.0,-0.39,1.17,2.53,2.78,4.42,4.58
20019,23.1,18.29,15.87,12.71,8.68,6.13,2.08
20021,77.6,70.6,65.36,58.2,50.78,45.68,38.02
20023,119.9,115.93,111.22,106.48,104.04,101.53,98.76
20025,9.7,6.41,4.07,0.35,-0.67,-2.81,-5.17
20027,78.6,13.35,-51.11,-115.54,-179.91,-243.48,-307.5
20029,89.0,78.46,68.13,57.9,48.24,40.15,30.32
20031,11.4,20.44,31.18,40.84,50.92,61.68,71.0
20033,2.1,2.73,5.69,7.28,9.84,12.98,15.82
20035,99.8,92.43,86.93,80.74,74.25,69.05,62.04
20037,133.9,116.74,100.77,83.08,64.58,48.58,29.57
20039,114.8,92.46,71.03,49.13,29.14,10.19,-10.06
20041,2.4,0.65,-0.33,-2.14,-3.55,-3.19,-4.96
20043,0.0,-0.6,0.94,0.95,1.49,3.42,3.71
20045,76.5,71.69,67.47,62.27,58.41,56.36,51.48
20047,3.0,30.39,58.61,85.75,114.18,141.27,167.74
20049,11.8,13.07,16.85,19.38,21.97,25.44,26.6
20051,133.5,119.52,106.64,92.47,78.83,67.27,52.78
20053,88.5,78.97,70.11,61.05,51.1,42.59,32.74
20055,87.4,79.27,71.05,63.04,58.12,50.83,44.49
20057,91.8,85.42,79.92,73.23,69.16,63.46,58.39
20059,126.7,101.1,76.88,51.7,27.51,4.11,-21.33
20061,75.0,69.12,64.14,59.04,53.06,48.31,42.31
20063,3.7,2.99,2.87,1.92,3.12,3.6,3.39
20065,176.5,159.92,144.87,128.94,114.91,101.43,86.7
20067,11.8,72.59,133.64,194.68,258.6,320.5,382.63
20069,21.2,20.86,21.06,21.05,23.52,23.94,25.18
20071,97.1,109.46,122.0,135.05,149.66,164.29,179.03
20073,6.4,5.33,6.47,6.01,5.81,6.55,5.2
20075,93.5,87.51,82.17,76.79,74.05,70.12,65.62
20077,85.9,68.15,53.23,36.26,19.26,3.42,-14.01
20079,102.7,94.79,90.74,85.76,79.37,75.27,68.38
20081,6.8,5.29,4.53,4.17,6.94,7.04,7.75
20083,5.7,5.38,5.63,5.16,5.92,5.85,5.71
20085,55.6,50.85,48.49,44.54,42.39,40.49,36.55
20087,2.2,0.87,0.68,-0.14,-0.2,0.47,-0.97
20089,1.6,-0.13,-2.64,-3.84,-4.93,-4.99,-6.21
20091,73.7,69.77,66.56,63.35,60.46,57.79,53.98
20093,54.8,48.65,43.01,37.81,35.51,30.58,26.35
20095,0.0,-0.7,1.5,1.47,2.6,5.03,5.01
20097,3.6,34.73,67.49,98.84,131.22,163.12,195.02
20099,118.8,108.86,100.92,91.44,81.68,73.08,61.89
20101,76.7,93.0,110.54,126.59,145.41,163.76,181.3
20103,52.8,48.48,45.5,41.91,38.06,36.23,32.62
20105,6.4,4.31,2.92,1.05,-0.38,-0.66,-3.39
20107,4.1,5.4,6.75,7.93,9.4,10.9,10.89
20109,4.0,3.15,2.84,2.72,5.68,7.01,7.83
20111,74.3,73.73,74.77,75.52,75.21,76.37,75.86
20113,96.3,87.58,80.92,73.71,65.72,59.29,50.58
20115,35.3,10.61,-11.86,-34.23,-58.07,-80.25,-105.3
20117,41.0,35.79,30.99,26.61,22.51,19.77,15.94
20119,1.9,1.53,2.37,2.64,6.01,7.16,9.51
20121,31.4,28.11,25.35,22.5,19.96,17.2,13.3
20123,91.4,88.16,85.18,82.6,80.87,80.1,77.87
20125,144.3,120.42,98.3,74.9,51.98,29.94,5.27
20127,4.3,5.27,7.18,9.06,9.33,12.08,12.73
20129,198.5,170.31,142.3,115.01,89.18,62.84,35.43
20131,39.7,30.69,22.07,13.91,6.32,-0.36,-8.64
20133,47.2,40.24,35.14,28.41,21.79,15.68,6.76
20135,7.1,5.48,4.74,3.83,3.97,3.01,1.67
20137,121.2,107.02,93.56,79.97,67.56,55.7,42.87
20139,4.0,2.82,3.39,3.16,3.27,4.74,4.05
20141,185.3,164.4,143.66,123.3,103.22,85.03,64.74
20143,4.8,2.36,0.83,-0.86,-2.43,-3.26,-5.48
20145,70.2,62.27,55.12,47.74,40.27,32.84,24.6
20147,6.3,4.58,4.96,4.2,4.5,6.38,7.38
20149,2.9,2.24,1.63,1.39,1.39,1.98,2.32
20151,202.2,189.7,179.67,168.3,157.14,146.08,134.54
20153,5.0,2.91,0.58,-1.55,-1.4,-0.85,-1.32
20155,117.7,113.2,110.91,107.07,102.56,101.11,96.24
20157,9.0,5.25,1.66,-0.25,-3.59,-5.48,-8.28
20159,56.6,51.92,48.99,44.79,40.28,37.42,32.8
20161,71.2,69.12,66.69,64.45,62.87,61.35,59.7
20163,3.1,2.74,3.37,3.5,4.23,6.54,7.93
20165,57.1,53.22,50.31,46.35,42.27,39.62,35.03
20167,6.6,3.58,1.26,-1.95,-4.59,-5.56,-9.3
20169,164.2,143.58,124.49,104.92,84.89,66.36,46.16
20171,121.1,103.67,86.75,69.89,56.26,40.69,24.53
20173,109.2,103.76,100.93,96.81,92.09,90.21,85.63
20175,131.6,119.71,108.01,97.67,88.62,78.38,69.49
20177,118.6,112.79,108.38,102.7,99.27,96.45,91.44
20179,1.9,1.12,1.49,1.24,2.23,4.43,5.27
20181,99.3,87.73,75.46,63.36,54.42,44.75,35.1
20183,156.9,136.76,116.7,97.08,77.98,60.22,41.51
20185,0.0,-0.17,0.98,1.54,2.39,4.16,4.24
20187,3.2,2.6,1.89,1.22,2.64,3.66,4.16
20189,0.0,13.56,28.04,42.5,59.53,74.67,90.5
20191,67.6,64.86,64.68,62.59,60.56,60.3,57.99
20193,127.3,104.11,81.49,59.58,39.68,19.38,-1.92
20195,148.3,148.32,149.19,149.01,151.02,153.07,153.91
20197,0.0,-0.0,1.23,2.63,3.61,5.42,6.35
20199,43.8,49.81,55.86,62.24,71.12,78.79,86.73
20201,20.8,54.88,90.09,125.22,159.81,196.74,233.18
20203,0.0,-0.18,0.22,0.23,2.98,4.5,5.57
20205,120.5,117.3,117.29,114.95,112.93,111.3,106.85
20207,3.3,2.41,3.74,3.45,3.6,4.75,3.23
20209,78.8,73.62,68.69,64.47,59.59,56.09,50.54
21001,126.4,120.22,112.86,105.05,98.12,90.95,83.65
21003,84.7,90.71,95.01,101.1,106.83,111.29,115.24
21005,100.7,93.95,84.87,75.79,67.38,57.88,48.2
21007,102.4,95.23,89.41,83.54,77.85,71.08,64.48
21009,136.7,123.83,108.65,94.93,82.03,66.62,51.06
21011,61.8,58.63,54.81,51.33,48.21,44.69,39.51
21013,271.8,252.99,232.43,211.78,192.35,171.87,150.88
21015,97.5,93.5,87.8,82.9,78.71,72.77,66.47
21017,109.7,102.77,94.6,86.36,78.82,70.84,61.75
21019,113.7,99.76,85.91,71.87,58.94,45.38,29.04
21021,148.3,133.32,116.97,99.45,82.85,65.35,47.56
21023,21.4,20.7,19.09,17.84,17.46,15.33,13.81
21025,213.0,208.11,202.48,197.53,191.94,187.4,181.8
21027,53.9,50.32,44.74,40.28,34.89,28.57,22.71
21029,69.3,67.83,64.22,60.88,57.44,52.65,48.54
21031,101.6,99.07,94.78,92.13,89.69,83.79,79.56
21033,141.2,133.69,125.66,118.23,111.02,102.03,94.84
21035,103.3,98.8,94.03,88.77,84.66,79.55,75.05
21037,96.5,90.83,84.33,78.22,72.85,65.87,58.52
21039,62.4,68.85,76.26,83.8,91.26,98.25,104.89
21041,195.7,183.45,170.49,158.33,145.93,132.68,117.94
21043,95.3,82.94,70.02,57.18,45.03,32.72,18.38
21045,127.7,122.04,114.47,106.05,98.88,91.15,83.08
21047,66.4,64.64,61.79,59.66,58.84,56.43,54.87
21049,108.3,98.44,87.44,75.62,64.7,53.15,40.56
21051,235.3,220.94,206.46,191.68,177.51,162.43,147.83
21053,234.7,182.55,129.1,75.22,22.22,-30.98,-84.22
21055,137.0,126.57,116.15,106.9,97.86,86.33,76.53
21057,216.2,200.17,182.44,164.59,147.37,129.94,112.29
21059,124.0,112.76,102.19,91.89,81.99,69.36,58.2
21061,65.5,43.23,19.27,-3.71,-26.54,-52.24,-77.01
21063,5.6,3.21,0.16,-3.06,-5.38,-7.43,-11.7
21065,165.0,146.15,126.48,106.04,86.54,66.76,46.43
21067,73.6,69.68,64.83,58.26,53.54,47.68,40.98
21069,93.2,80.38,66.75,52.95,40.02,26.53,11.49
21071,263.1,246.78,230.08,213.79,197.43,182.35,164.56
21073,108.4,102.02,93.72,85.47,77.41,68.54,59.14
21075,178.5,179.98,182.36,184.24,186.6,188.81,190.37
21077,39.3,43.84,47.6,51.95,56.84,60.28,62.57
21079,54.3,48.8,41.79,33.42,26.79,19.35,11.57
21081,127.2,117.13,105.09,93.94,83.35,71.19,59.02
21083,94.5,99.49,104.41,108.98,114.29,118.67,123.31
21085,145.9,134.14,120.39,106.95,93.75,78.68,64.16
21087,98.4,86.89,73.69,60.09,46.98,32.94,18.86
21089,94.8,81.18,67.16,53.08,40.17,26.13,9.55
21091,25.8,24.51,23.05,22.54,22.15,19.25,17.78
21093,88.7,86.33,81.97,77.91,73.81,68.7,63.82
21095,144.3,138.01,129.25,121.31,113.8,105.86,98.58
21097,102.3,106.19,108.3,110.73,114.44,116.56,118.07
21099,64.8,60.52,54.82,48.73,43.55,36.42,29.24
21101,154.0,147.48,141.29,136.09,130.67,122.92,117.12
21103,64.6,61.52,55.93,51.27,46.19,40.55,33.79
21105,69.1,70.85,73.33,75.55,78.09,80.28,82.67
21107,139.5,136.15,131.92,128.87,126.01,120.07,116.86
21109,49.9,47.02,44.41,41.45,39.27,37.14,33.7
21111,95.5,88.5,78.88,71.01,62.39,52.3,42.64
21113,100.4,96.71,91.65,84.64,79.24,72.88,65.77
21115,180.0,183.57,187.29,190.49,194.64,199.76,202.65
21117,80.4,77.62,73.73,70.75,68.06,63.88,59.22
21119,75.4,86.9,97.4,109.13,120.95,133.54,143.85
21121,94.8,83.53,71.04,58.05,45.2,32.24,19.93
21123,87.3,89.43,89.42,89.38,89.3,88.28,87.2
21125,125.4,111.85,97.04,81.83,67.8,52.86,37.87
21127,119.5,111.67,104.76,96.88,90.04,83.27,74.24
21129,203.8,163.86,124.76,84.93,45.29,5.81,-34.53
21131,244.2,218.71,191.33,165.45,138.69,112.3,85.61
21133,162.0,150.49,137.3,125.33,113.75,102.45,89.34
21135,34.3,30.67,26.36,22.17,19.7,15.95,10.61
21137,83.5,73.88,62.77,50.34,39.57,27.95,15.9
21139,9.0,7.73,6.62,6.33,6.16,3.97,3.31
21141,74.4,84.09,92.71,102.38,112.96,121.35,130.02
21143,117.7,117.09,116.0,116.07,116.78,115.01,115.32
21145,190.8,183.66,177.95,172.22,166.39,159.49,153.15
21147,130.9,128.13,124.35,120.14,116.92,112.84,110.33
21149,89.4,86.98,84.7,82.74,81.47,76.86,74.61
21151,96.1,89.12,80.41,70.67,61.97,52.63,43.09
21153,154.8,163.94,172.22,181.05,190.35,200.64,209.05
21155,125.7,114.55,101.61,87.13,73.83,59.85,45.41
21157,109.2,107.72,106.24,105.35,104.78,102.71,101.76
21159,127.3,136.16,145.58,154.91,164.29,174.93,183.4
21161,126.1,115.76,104.09,92.55,81.75,69.78,57.66
21163,60.2,60.72,59.9,60.37,59.6,58.45,56.9
21165,35.0,7.11,-20.94,-49.35,-77.19,-105.3,-134.51
21167,104.7,103.7,101.71,98.41,96.4,93.22,89.58
21169,74.4,70.67,65.8,61.23,57.42,52.58,46.94
21171,165.4,139.9,112.42,86.23,60.34,33.35,5.49
21173,171.7,157.99,143.45,128.85,114.62,100.36,84.79
21175,65.0,58.98,53.07,46.21,40.72,35.17,27.92
21177,138.8,134.04,128.57,123.62,119.98,113.17,108.31
21179,101.6,93.11,83.0,71.76,61.51,49.89,38.03
21181,38.0,51.24,63.65,76.94,90.53,102.68,113.9
21183,111.6,95.04,77.05,59.5,42.92,23.25,4.69
21185,65.5,59.73,51.35,44.52,37.09,28.83,20.27
21187,37.1,52.97,66.38,81.16,96.57,110.3,123.19
21189,262.2,248.48,235.61,222.79,209.01,195.97,181.45
21191,53.8,51.37,47.24,43.87,40.96,36.87,32.29
21193,243.4,219.44,194.08,169.91,145.19,121.59,96.06
21195,263.1,242.74,222.24,202.67,183.14,164.38,143.51
21197,149.0,146.99,145.23,143.27,141.35,138.95,136.61
21199,124.7,109.03,93.13,76.11,60.39,43.9,28.03
21201,0.0,0.23,-0.93,-1.12,-1.06,-2.46,-3.94
21203,104.0,87.01,68.56,49.42,31.81,14.34,-4.09
21205,153.8,141.97,129.33,116.54,105.42,93.02,79.38
21207,169.8,156.07,141.15,125.02,110.11,95.14,80.14
21209,97.2,86.45,73.69,60.95,49.58,36.63,23.32
21211,79.6,74.06,66.16,58.53,50.59,42.13,33.22
21213,117.8,109.63,99.58,91.11,82.31,72.69,62.55
21215,51.4,51.34,48.69,45.6,43.25,40.48,37.2
21217,115.8,100.42,82.48,64.54,47.21,29.27,11.35
21219,80.3,43.37,4.43,-32.97,-69.37,-107.95,-146.37
21221,85.5,30.93,-24.28,-78.91,-133.23,-188.82,-243.22
21223,39.7,36.13,30.38,26.45,21.7,16.25,9.42
21225,143.5,138.87,134.72,132.18,129.27,124.22,120.14
21227,107.4,108.6,107.97,109.75,111.5,110.2,109.65
21229,51.9,47.93,42.49,35.55,30.17,23.67,16.84
21231,168.9,140.41,110.8,79.65,49.3,19.15,-10.15
21233,109.4,103.92,97.87,93.95,89.71,82.85,78.05
21235,300.1,267.6,232.75,197.65,163.55,128.59,94.21
21237,198.7,193.31,187.96,182.09,176.25,171.02,164.54
21239,73.9,65.76,56.53,46.01,36.25,25.98,14.83
22001,80.2,71.43,62.35,53.63,44.88,35.63,27.97
22003,115.0,102.2,88.93,74.05,60.07,45.5,32.26
22005,110.1,100.63,92.21,84.98,78.57,69.89,62.09
22007,36.4,34.51,33.28,33.8,35.03,34.72,34.05
22009,146.5,126.78,105.67,84.59,63.19,42.46,22.16
22011,84.0,77.46,67.62,56.99,47.15,37.42,28.66
22013,88.5,79.82,69.46,59.63,48.96,40.99,32.37
22015,102.8,97.53,91.84,85.12,78.06,72.69,67.19
22017,118.6,109.51,99.23,87.51,76.24,66.24,56.17
22019,123.2,111.43,97.21,83.13,69.98,55.29,42.63
22021,86.9,63.72,38.91,14.98,-9.79,-31.77,-54.97
22023,0.0,-0.51,-3.45,-7.23,-9.09,-12.82,-13.9
22025,113.3,93.36,72.8,53.63,33.82,14.67,-4.51
22027,85.0,88.34,90.26,93.97,96.06,101.46,105.34
22029,93.9,74.71,56.14,38.54,20.58,2.94,-15.05
22031,40.3,51.24,61.22,68.89,76.7,85.57,94.91
22033,103.8,96.17,88.38,82.61,77.49,70.14,64.12
22035,98.7,100.97,103.83,106.48,109.58,114.56,118.02
22037,52.7,50.64,49.43,49.98,50.4,49.38,48.55
22039,221.6,209.76,197.68,185.16,172.32,159.51,147.99
22041,100.7,91.43,81.59,73.1,64.06,57.17,48.61
22043,2.1,1.54,-0.55,-2.22,-4.79,-4.84,-5.41
22045,117.0,99.4,82.24,66.25,50.4,33.22,15.71
22047,99.8,93.06,86.81,81.69,78.0,72.01,66.7
22049,42.4,40.09,36.31,33.28,29.13,27.99,25.66
22051,119.5,115.05,108.96,104.55,102.89,98.87,95.43
22053,118.4,110.02,99.79,89.24,79.91,69.52,61.24
22055,112.1,102.1,93.1,84.54,76.07,66.56,57.81
22057,106.8,99.02,91.13,84.71,80.46,73.42,66.47
22059,138.3,118.93,98.64,78.61,57.46,39.08,20.45
22061,105.2,90.89,74.2,58.97,41.86,28.06,14.09
22063,113.3,106.48,99.24,94.36,90.51,84.28,78.85
22065,3.2,1.84,0.84,0.02,-0.64,0.27,-0.23
22067,124.3,109.77,94.01,79.67,64.76,53.06,38.88
22069,86.9,71.71,54.81,36.25,18.97,2.74,-13.99
22071,71.9,67.41,61.75,57.86,56.79,53.22,50.14
22073,124.8,119.82,112.5,107.16,100.91,97.42,91.81
22075,3.7,2.34,0.45,-0.47,1.02,0.68,1.1
22077,94.9,83.58,72.77,63.91,55.06,44.55,34.42
22079,169.8,153.1,135.03,116.77,98.11,81.3,64.66
22081,14.3,45.9,74.94,103.27,131.46,161.55,191.39
22083,80.2,68.23,54.92,43.44,31.07,20.45,7.96
22085,82.7,63.79,43.69,21.91,2.12,-17.9,-37.41
22087,170.4,161.86,152.7,144.75,139.46,131.66,124.35
22089,85.6,79.28,72.18,66.85,63.47,57.98,52.85
22091,46.4,51.27,56.44,63.41,71.58,77.19,84.03
22093,58.5,67.5,77.32,88.42,101.11,111.67,122.26
22095,97.5,98.22,98.63,100.59,103.97,105.3,106.91
22097,158.1,150.87,144.07,137.5,131.17,123.77,117.72
22099,86.4,77.69,70.23,64.44,58.28,50.87,43.66
22101,126.5,118.77,112.05,105.67,100.38,93.11,86.44
22103,119.1,106.53,92.91,80.74,70.8,59.56,48.01
22105,147.4,140.8,133.43,129.38,126.23,120.93,115.7
22107,56.0,46.15,36.15,27.63,19.56,11.24,2.24
22109,112.7,102.82,92.69,84.42,78.17,69.36,60.24
22111,74.7,71.57,66.42,63.3,58.67,57.41,54.19
22113,76.6,69.12,61.67,55.05,48.52,41.0,33.6
22115,104.1,91.63,77.8,62.18,47.3,32.72,19.63
22117,141.7,120.35,97.11,76.12,56.25,35.35,14.4
22119,133.8,114.15,94.07,73.72,53.26,34.43,14.68
22121,111.5,104.16,96.86,90.79,86.03,78.84,71.76
22123,66.2,51.74,37.0,22.9,8.44,-3.92,-18.2
22125,53.5,45.77,37.84,31.11,24.4,17.17,10.13
22127,68.6,56.23,42.13,28.74,14.79,2.74,-10.37
23001,92.0,83.99,76.38,66.75,58.78,51.37,41.7
23003,85.7,84.5,85.72,83.8,81.37,82.17,81.89
23005,71.3,63.18,54.84,44.51,35.82,26.5,15.98
23007,73.0,68.28,64.3,58.81,55.12,50.94,46.34
23009,77.3,72.59,69.48,62.16,56.08,50.81,44.12
23011,117.2,111.72,106.57,100.04,94.36,89.1,83.55
23013,75.1,67.13,59.76,48.97,39.71,30.47,20.42
23015,69.3,53.59,38.21,20.6,3.9,-11.71,-29.22
23017,83.7,80.17,77.76,73.21,70.5,67.13,62.05
23019,83.7,81.5,80.69,76.22,73.31,70.91,67.83
23021,97.2,89.03,81.83,72.06,62.55,53.63,44.1
23023,79.9,70.8,62.04,50.45,40.36,30.96,19.6
23025,85.5,83.59,82.17,77.59,74.91,72.2,69.71
23027,62.2,54.83,48.83,39.44,30.36,22.49,14.16
23029,75.4,73.93,75.75,73.65,72.84,72.97,71.51
23031,79.8,73.91,68.43,60.51,54.84,48.55,41.58
24001,129.2,129.74,129.85,129.59,130.77,129.92,128.32
24003,78.2,74.04,70.6,64.85,62.34,57.68,50.35
24005,83.1,77.79,73.14,66.03,63.29,57.23,49.41
24009,102.8,96.12,90.12,81.82,74.68,67.61,58.91
24011,52.5,49.42,47.76,43.5,41.24,38.43,33.67
24013,81.4,76.88,72.19,65.9,63.27,57.7,51.23
24015,83.8,78.78,74.8,68.49,65.6,60.49,53.36
24017,87.7,82.07,76.97,69.9,63.99,57.24,48.77
24019,72.0,70.61,71.07,68.46,68.24,67.81,65.37
24021,79.6,72.16,65.84,57.85,52.75,45.23,36.35
24023,103.3,104.68,105.57,106.05,108.62,108.39,107.94
24025,85.3,79.66,74.61,66.64,62.31,56.17,48.01
24027,39.6,36.88,35.29,31.44,30.91,28.05,23.42
24029,134.6,123.71,114.4,101.39,92.07,80.97,68.23
24031,39.7,37.22,36.25,33.12,32.82,29.83,25.42
24033,45.4,41.86,40.0,35.31,33.38,29.17,23.81
24035,77.1,71.48,67.15,59.65,55.71,49.69,41.66
24037,78.2,71.64,65.05,56.66,48.69,41.13,31.99
24039,58.7,54.95,52.53,47.48,45.08,41.62,35.61
24041,114.6,108.71,105.06,98.38,94.03,88.93,81.89
24043,122.8,116.55,110.22,103.74,100.26,93.63,85.67
24045,91.8,85.4,80.32,73.09,68.12,62.49,54.29
24047,95.5,81.68,68.94,55.62,44.03,32.12,17.02
24510,66.6,59.59,53.34,44.82,40.31,32.8,23.23
25001,77.7,69.86,62.11,54.1,46.04,39.05,30.62
25003,82.5,74.97,67.44,58.3,50.63,44.3,35.52
25005,88.1,81.63,75.52,68.82,63.03,57.72,51.49
25007,68.9,63.88,58.14,52.63,46.35,42.32,37.04
25009,59.2,53.29,49.17,42.29,36.35,32.25,26.67
25011,62.9,57.19,51.59,43.84,38.16,33.11,26.6
25013,83.9,77.33,69.73,61.85,54.81,48.99,41.03
25015,70.3,63.98,57.39,49.4,43.1,37.59,30.41
25017,43.2,38.74,35.85,30.37,25.95,23.28,18.6
25019,45.4,41.9,38.69,34.61,30.09,27.87,23.79
25021,52.3,47.96,45.37,41.03,37.34,34.8,31.52
25023,67.6,61.6,56.38,50.17,45.17,40.53,34.85
25025,40.8,36.46,33.65,28.83,25.02,22.04,18.26
25027,66.6,59.3,52.89,44.16,36.63,31.09,24.2
26001,34.3,30.64,28.76,25.5,21.1,17.68,15.44
26003,92.0,83.58,75.81,67.09,57.63,49.6,40.47
26005,66.3,58.71,50.19,41.42,34.44,27.2,17.95
26007,130.4,123.25,118.02,112.28,104.79,98.57,92.57
26009,57.2,51.67,48.67,44.73,40.44,36.22,31.81
26011,146.9,129.86,113.88,97.6,80.1,62.67,46.64
26013,92.0,90.29,89.41,87.15,84.38,83.61,82.2
26015,66.8,64.2,60.9,58.2,56.16,53.98,50.02
26017,114.4,109.89,105.78,102.18,97.38,93.0,88.65
26019,73.7,75.98,78.59,81.62,85.2,88.28,90.59
26021,116.0,107.96,100.21,90.53,84.27,76.68,69.28
26023,94.1,85.42,76.86,67.38,59.67,51.88,41.89
26025,127.2,125.18,122.29,119.84,118.21,116.94,113.3
26027,50.3,44.22,37.86,30.93,26.85,20.89,13.91
26029,82.4,79.71,79.14,77.51,74.89,72.96,71.02
26031,143.3,135.6,129.77,122.99,114.19,106.82,99.54
26033,77.6,66.18,56.13,45.6,32.75,20.79,10.49
26035,171.6,144.29,117.41,89.52,61.77,34.09,6.01
26037,43.4,39.26,35.37,31.91,29.11,26.7,22.09
26039,112.1,101.05,92.29,82.71,72.23,61.41,50.69
26041,113.0,110.41,109.68,107.26,105.09,104.52,102.33
26043,132.0,117.05,105.83,92.16,78.53,67.05,53.94
26045,110.6,100.98,91.86,83.01,74.83,66.31,55.81
26047,142.1,133.66,127.35,120.16,110.58,102.17,94.51
26049,138.8,127.36,113.55,100.5,87.89,75.73,63.06
26051,136.1,118.48,102.5,85.81,68.51,51.23,34.05
26053,127.1,121.44,117.79,112.6,106.63,102.12,97.08
26055,141.7,128.46,115.91,103.5,91.34,78.04,64.77
26057,89.0,82.64,75.83,69.62,62.55,57.39,50.56
26059,80.6,78.63,76.81,73.78,72.91,71.87,68.96
26061,46.7,45.65,44.71,42.66,40.31,40.35,39.27
26063,83.7,79.23,75.0,71.93,67.47,62.42,58.4
26065,86.0,76.97,67.67,58.41,50.13,41.78,31.48
26067,68.5,66.85,65.24,64.41,63.54,63.38,61.07
26069,173.5,166.98,161.71,155.57,149.16,142.17,136.8
26071,83.6,84.22,87.58,87.94,88.45,90.79,91.92
26073,95.6,82.91,69.73,55.75,41.85,28.61,15.07
26075,96.0,89.61,83.12,75.87,69.62,64.49,57.64
26077,84.8,78.52,71.29,63.52,58.1,52.24,44.43
26079,133.6,121.82,111.69,100.65,89.59,78.75,67.18
26081,87.4,79.11,69.59,60.41,52.23,43.44,33.47
26083,0.0,-0.04,-0.53,-1.21,-2.25,-2.11,-2.49
26085,37.6,40.62,43.39,45.87,50.01,52.66,54.72
26087,96.6,86.62,75.16,64.15,53.75,43.09,32.99
26089,23.0,21.28,20.43,19.44,18.61,17.44,15.67
26091,97.6,93.04,88.63,83.51,80.79,76.01,72.14
26093,67.2,62.17,55.94,48.86,44.09,39.06,33.15
26095,161.7,151.73,143.25,134.83,124.75,114.53,104.07
26097,82.6,85.4,90.79,95.64,98.28,102.08,106.54
26099,107.8,101.66,94.33,87.29,81.02,74.41,67.4
26101,118.0,107.54,97.79,87.47,78.58,68.48,57.98
26103,93.1,92.39,92.69,91.41,90.14,91.22,90.61
26105,142.4,133.81,125.78,117.32,110.37,102.65,93.63
26107,104.6,95.19,85.37,75.22,64.97,55.95,45.89
26109,67.7,58.04,50.28,40.98,32.38,24.89,15.9
26111,92.1,86.85,82.48,77.93,72.89,68.63,63.48
26113,33.5,24.02,16.0,7.18,-2.3,-12.22,-22.25
26115,107.6,100.78,94.48,87.69,83.09,75.99,70.21
26117,135.7,124.25,112.55,101.39,90.07,80.09,68.53
26119,74.5,67.28,61.77,56.22,48.86,42.46,36.21
26121,151.3,136.5,119.73,103.33,88.54,73.66,56.72
26123,131.3,127.94,123.39,118.48,114.46,110.46,105.03
26125,81.6,76.79,70.53,64.27,59.78,54.52,48.99
26127,73.8,70.77,66.86,63.34,60.29,57.81,53.62
26129,188.0,161.37,137.33,112.51,86.27,59.5,34.76
26131,37.8,39.19,42.06,43.61,45.0,47.94,49.9
26133,104.8,93.26,80.6,67.79,55.27,42.22,28.55
26135,143.8,118.04,94.61,70.63,45.05,19.71,-4.92
26137,174.0,160.48,149.42,137.79,124.22,111.6,98.8
26139,67.5,61.2,53.29,45.69,39.33,33.27,24.9
26141,53.7,53.77,55.1,55.46,54.11,55.07,54.91
26143,208.7,183.78,160.81,136.25,111.52,86.27,61.25
26145,110.0,97.54,85.32,73.34,60.72,49.2,36.2
26147,117.5,110.62,102.31,95.74,89.25,81.88,74.54
26149,129.4,118.23,106.55,94.84,85.13,74.01,61.4
26151,58.3,52.36,46.53,41.55,35.59,29.17,22.91
26153,118.4,99.01,79.65,59.97,38.84,19.24,-2.12
26155,105.3,98.4,90.71,83.12,76.5,70.2,62.18
26157,90.9,82.64,72.98,63.78,53.89,44.33,34.41
26159,120.6,117.48,113.84,109.36,107.31,104.86,100.86
26161,55.5,50.54,44.74,39.09,34.35,29.23,24.28
26163,101.7,93.31,84.73,75.78,68.46,60.19,51.87
26165,176.2,164.05,153.01,141.12,129.58,116.68,103.61
27001,107.2,98.59,88.82,79.18,70.5,63.17,54.51
27003,61.6,57.45,51.61,46.46,40.75,35.67,30.62
27005,59.4,52.44,46.03,39.82,34.3,29.39,23.78
27007,67.0,60.05,52.75,45.13,39.26,33.64,26.65
27009,47.4,42.98,38.88,34.64,30.86,27.29,24.24
27011,107.9,89.61,70.25,51.58,33.17,13.88,-3.36
27013,72.7,70.58,66.3,64.5,61.21,59.32,56.16
27015,72.5,67.69,61.16,55.42,49.91,44.56,39.2
27017,99.1,73.1,46.91,19.96,-6.38,-30.69,-55.57
27019,46.8,43.61,38.49,34.59,30.17,26.96,23.53
27021,42.2,35.59,27.95,19.77,13.5,7.61,0.84
27023,68.3,72.83,76.37,80.38,84.18,88.07,92.19
27025,39.9,40.83,41.68,42.19,42.0,43.3,44.05
27027,66.9,62.58,58.79,53.68,49.74,46.01,42.57
27029,80.7,75.31,70.15,64.94,60.84,57.9,53.9
27031,1.4,1.64,1.82,1.48,0.9,1.66,2.53
27033,63.1,51.54,37.01,23.61,10.36,-2.33,-14.76
27035,76.8,68.28,58.86,50.11,42.16,33.92,24.83
27037,59.3,54.12,47.57,41.27,34.48,28.45,22.1
27039,20.2,17.96,15.42,13.2,9.69,8.43,5.51
27041,109.1,102.07,93.74,86.1,79.77,73.79,67.27
27043,59.0,56.85,52.73,50.75,48.08,46.03,43.34
27045,31.9,31.1,27.7,24.72,21.23,18.6,16.12
27047,45.5,41.61,35.52,31.83,26.74,22.52,18.55
27049,57.5,51.42,44.12,36.72,27.98,21.2,12.88
27051,44.8,45.39,44.41,43.73,43.86,44.52,45.21
27053,47.8,43.28,36.5,30.72,24.59,19.0,13.87
27055,26.6,22.85,18.11,14.52,10.45,7.21,2.64
27057,74.2,64.11,53.51,43.14,34.69,26.42,16.24
27059,58.7,57.94,56.41,54.71,53.06,52.3,51.77
27061,97.9,81.67,64.23,46.47,29.21,12.59,-4.39
27063,31.1,2.69,-27.65,-56.56,-86.14,-115.06,-143.62
27065,87.4,90.09,92.76,95.15,98.43,101.34,104.22
27067,68.3,66.36,62.37,59.6,57.62,54.53,52.15
27069,41.7,40.35,38.79,36.84,36.28,34.06,34.3
27071,78.8,68.72,57.66,45.04,34.34,24.21,13.05
27073,57.0,56.8,55.69,55.27,54.55,52.93,53.14
27075,28.8,31.82,35.58,38.16,41.31,46.11,49.4
27077,77.2,71.67,65.34,59.87,54.79,48.94,44.37
27079,29.2,22.58,13.44,5.74,-2.57,-10.15,-18.36
27081,63.8,63.94,61.53,60.83,60.45,59.27,58.61
27083,54.8,53.04,49.8,47.68,44.8,42.22,40.4
27085,77.0,71.81,65.72,59.72,53.42,47.35,41.35
27087,57.3,48.08,39.85,31.47,24.0,17.34,9.96
27089,27.0,25.11,24.3,21.92,20.75,20.2,20.16
27091,91.5,86.13,78.35,72.19,65.76,59.85,54.71
27093,39.5,37.73,34.75,32.35,30.25,28.37,26.15
27095,89.5,84.37,79.05,73.83,68.99,64.06,58.73
27097,77.8,74.62,71.1,67.37,64.97,62.04,58.91
27099,49.2,47.87,45.23,44.05,42.13,41.46,39.77
27101,36.8,35.88,33.85,32.47,30.43,28.92,28.16
27103,28.3,25.55,20.36,17.6,12.55,8.63,4.3
27105,58.4,58.97,57.01,56.53,55.69,55.77,56.57
27107,41.9,38.91,36.76,34.05,31.77,29.92,29.11
27109,36.5,33.49,29.01,25.12,20.09,17.31,13.08
27111,66.6,60.45,53.86,47.5,43.23,37.56,32.41
27113,95.6,87.77,81.03,72.74,66.12,59.23,52.89
27115,61.9,62.29,63.21,63.51,64.08,65.58,66.74
27117,80.2,89.04,96.04,104.97,112.93,121.08,130.14
27119,78.8,71.43,64.48,56.11,48.72,41.95,35.72
27121,68.7,70.25,70.58,70.25,71.94,73.51,74.88
27123,48.9,45.88,40.96,36.64,31.32,26.73,22.9
27125,36.8,32.28,27.78,22.45,18.17,14.63,10.93
27127,60.5,57.4,53.29,49.58,45.52,42.12,38.59
27129,33.0,31.59,28.45,26.72,24.18,21.87,19.86
27131,62.0,56.79,49.88,44.31,36.77,30.58,23.86
27133,55.7,30.81,4.16,-21.0,-46.85,-72.81,-97.29
27135,66.8,63.0,59.36,55.68,52.58,48.41,46.33
27137,80.6,74.76,69.11,62.63,56.55,52.11,47.11
27139,42.7,39.74,34.91,30.87,26.19,22.31,18.0
27141,52.8,49.07,44.19,39.57,34.79,30.54,26.26
27143,29.6,30.22,28.77,28.69,27.91,27.07,26.67
27145,67.4,63.56,59.76,55.15,51.29,48.17,45.02
27147,59.1,52.0,43.4,36.46,27.92,20.95,13.16
27149,55.8,52.86,48.71,45.12,41.78,38.5,35.28
27151,57.6,56.41,53.84,51.63,50.13,48.29,46.55
27153,29.4,27.01,24.66,22.01,20.65,19.63,18.17
27155,110.3,99.62,87.95,77.41,66.56,56.19,46.09
27157,9.8,11.16,11.67,12.09,11.68,13.16,13.71
27159,174.6,156.0,137.65,119.27,101.78,84.66,66.74
27161,49.1,47.84,45.67,44.67,42.72,41.44,39.48
27163,60.7,57.44,52.48,47.79,42.28,37.88,33.7
27165,49.3,44.24,36.56,30.72,24.41,18.65,13.41
27167,81.9,70.89,59.82,47.74,37.49,27.21,16.91
27169,60.9,54.46,47.19,41.74,34.51,28.76,21.16
27171,61.9,56.81,49.82,43.68,38.04,32.34,26.64
27173,38.8,37.83,35.65,34.05,31.61,29.52,28.29
28001,178.7,166.05,154.38,143.99,133.31,122.39,110.78
28003,205.7,189.63,175.13,162.07,147.18,131.78,117.24
28005,52.2,48.79,45.48,44.45,43.86,41.9,39.91
28007,119.8,118.15,114.02,112.02,111.04,110.05,107.21
28009,73.8,68.27,64.36,60.64,55.12,50.8,45.98
28011,92.6,92.55,90.7,91.29,92.23,93.6,95.15
28013,84.8,81.6,77.76,77.31,74.61,72.81,69.64
28015,1.2,0.65,-2.37,-3.46,-3.86,-4.8,-6.36
28017,125.7,97.72,69.08,43.1,15.73,-11.02,-38.81
28019,91.6,75.62,57.04,41.45,25.2,9.47,-7.1
28021,90.0,84.74,78.86,74.92,71.37,68.05,62.63
28023,138.5,133.02,126.4,121.72,117.4,112.56,108.74
28025,119.8,115.02,108.81,104.88,99.77,96.71,92.15
28027,108.6,105.73,102.13,101.06,99.64,98.57,97.18
28029,108.7,103.15,97.31,93.37,89.83,85.64,80.66
28031,103.6,112.66,120.39,129.98,140.8,150.81,160.32
28033,109.4,104.85,99.16,94.74,90.3,86.14,80.09
28035,240.3,219.68,197.5,177.42,158.61,138.36,118.84
28037,87.4,83.68,79.85,78.06,76.7,74.2,71.33
28039,179.7,169.57,158.95,149.67,141.36,131.99,122.63
28041,56.3,54.86,53.12,52.6,52.47,51.71,51.29
28043,147.5,157.27,165.63,176.9,186.52,196.97,206.98
28045,99.1,89.77,78.65,68.73,60.69,51.82,42.65
28047,141.0,134.08,125.93,118.73,113.68,107.2,101.31
28049,78.0,76.79,75.23,74.08,74.8,75.96,76.47
28051,65.8,64.57,61.24,59.81,59.22,58.33,57.37
28053,59.1,61.63,62.99,66.24,69.9,73.42,77.49
28055,0.0,-0.68,-0.53,-0.4,0.41,2.34,3.04
28057,130.8,132.05,132.92,136.71,137.75,139.43,141.21
28059,124.8,114.51,103.62,93.2,84.73,74.64,65.0
28061,43.1,41.78,39.51,39.13,39.48,38.81,39.3
28063,0.6,-0.5,-1.77,-0.65,0.15,0.32,-0.56
28065,127.9,118.87,107.82,99.2,91.7,83.05,73.95
28067,171.9,168.66,164.43,162.83,161.43,158.95,156.94
28069,57.6,50.8,42.52,37.04,29.86,23.11,16.36
28071,77.6,72.77,68.47,66.81,62.76,60.87,57.44
28073,43.5,42.83,40.38,40.54,41.24,41.15,41.49
28075,170.1,162.49,154.05,146.93,139.93,132.18,125.31
28077,136.2,123.67,109.91,98.41,87.54,76.6,64.49
28079,91.5,90.09,86.16,84.36,83.82,82.6,81.31
28081,128.7,126.53,123.77,124.07,122.74,121.47,119.06
28083,118.8,118.33,114.99,114.43,113.81,113.15,112.15
28085,133.5,122.9,111.41,102.06,93.44,83.87,73.54
28087,130.5,130.87,129.74,131.02,130.32,131.44,131.98
28089,72.8,70.39,66.61,63.9,63.01,62.62,61.9
28091,217.9,194.38,169.61,146.9,125.5,103.92,81.47
28093,53.1,51.04,49.66,48.81,46.67,46.1,44.52
28095,113.1,101.59,88.62,78.51,66.01,55.33,44.26
28097,102.9,96.08,86.56,78.68,71.14,64.3,55.76
28099,187.0,162.48,135.91,111.61,87.73,62.98,38.11
28101,73.2,65.27,55.92,48.66,43.05,35.92,28.89
28103,99.2,95.64,90.34,88.13,83.12,79.33,75.21
28105,78.8,73.69,66.22,61.29,55.5,51.32,45.68
28107,110.4,110.41,110.88,113.59,115.17,117.33,118.17
28109,153.4,146.73,137.64,131.23,126.01,119.47,113.86
28111,96.8,92.62,86.89,83.6,81.04,77.2,74.15
28113,185.3,176.19,166.35,158.85,152.61,145.07,137.06
28115,108.7,103.45,98.4,95.42,91.11,87.34,82.67
28117,128.8,119.03,110.48,104.19,95.23,85.94,77.58
28119,70.8,56.17,41.05,28.68,16.02,2.94,-10.91
28121,105.8,102.79,98.76,95.29,94.16,93.11,91.29
28123,103.8,97.77,90.47,83.85,79.67,74.68,69.92
28125,132.5,121.59,110.75,100.91,90.82,81.67,72.23
28127,125.4,117.2,106.87,98.67,92.25,84.08,76.32
28129,48.6,50.77,50.92,52.22,56.12,58.05,60.22
28131,179.4,169.03,156.37,145.78,136.99,126.49,116.86
28133,54.3,52.15,48.45,47.04,46.23,45.43,44.5
28135,11.1,33.45,55.11,79.22,103.08,127.24,150.97
28137,143.3,137.69,131.89,128.41,123.94,119.97,115.05
28139,121.9,119.77,118.91,118.96,116.88,116.09,114.99
28141,161.9,148.35,135.99,125.61,112.28,99.4,87.55
28143,1.6,17.74,33.02,49.1,65.0,81.07,95.8
28145,132.3,124.46,117.9,112.55,105.75,99.54,92.41
28147,70.9,68.98,65.64,65.43,65.64,64.94,63.65
28149,120.7,111.94,102.01,93.3,85.4,77.86,69.42
28151,110.1,108.1,105.62,103.87,102.88,102.06,101.52
28153,144.7,139.89,135.02,131.28,128.13,124.6,122.22
28155,137.3,128.21,117.78,109.65,100.11,91.55,81.19
28157,116.9,111.12,105.44,101.5,97.31,92.76,87.88
28159,130.0,119.19,106.47,96.43,86.52,76.27,65.23
28161,59.9,58.54,56.84,58.24,57.4,58.02,56.96
28163,65.9,64.99,63.21,62.29,62.71,62.79,63.43
29001,158.9,140.64,123.07,104.08,85.01,67.16,49.28
29003,2.2,1.47,1.43,0.55,0.59,1.86,1.5
29005,54.9,33.01,9.79,-12.47,-34.71,-55.21,-77.62
29007,76.0,72.24,70.67,66.67,62.91,59.65,56.25
29009,134.0,110.39,88.84,65.54,42.67,20.47,-3.78
29011,66.4,61.39,58.67,52.72,48.1,44.23,39.08
29013,57.8,61.2,65.13,69.02,72.83,77.0,79.72
29015,106.6,107.53,110.17,110.32,112.47,112.44,113.78
29017,70.2,66.59,65.02,61.28,59.42,57.31,54.72
29019,53.8,51.15,50.38,48.52,46.59,44.52,41.88
29021,127.6,119.44,113.17,105.46,98.42,92.64,85.07
29023,216.1,197.7,179.7,160.88,143.61,124.82,107.51
29025,2.8,2.11,2.68,2.16,1.25,1.83,0.99
29027,41.3,44.09,48.74,51.73,55.21,58.93,61.58
29029,134.7,119.69,106.05,90.32,75.95,60.07,44.92
29031,128.3,125.43,124.52,122.23,120.69,119.06,116.87
29033,76.5,52.08,28.81,4.17,-21.47,-44.49,-68.49
29035,1.9,0.03,-0.68,-3.44,-4.36,-5.43,-6.53
29037,117.9,109.74,102.09,95.08,87.53,79.82,71.7
29039,19.7,17.24,17.61,14.26,13.51,11.77,9.34
29041,29.0,40.64,52.23,63.31,73.69,86.49,97.79
29043,90.9,82.2,74.81,65.11,56.87,48.68,40.22
29045,4.8,6.2,5.62,4.88,3.64,4.19,2.86
29047,101.2,94.77,89.45,84.1,77.68,72.95,66.52
29049,63.8,64.55,66.42,67.59,68.39,70.56,71.21
29051,122.9,108.55,95.45,81.04,67.0,52.1,37.39
29053,45.9,41.82,39.55,36.21,31.84,28.44,24.67
29055,65.2,82.76,101.69,119.27,137.84,154.63,172.99
29057,51.5,40.94,33.33,22.66,12.77,3.43,-6.28
29059,42.4,37.16,33.08,26.83,22.6,16.98,11.46
29061,36.8,32.13,27.85,22.63,17.38,13.42,8.11
29063,0.0,-0.06,1.4,2.04,2.28,3.6,4.27
29065,121.4,105.37,89.98,73.02,57.29,40.76,25.08
29067,99.4,88.89,78.85,66.7,55.94,44.64,31.74
29069,201.8,174.43,147.46,119.67,92.75,65.52,38.59
29071,115.2,108.32,104.18,97.81,91.95,84.41,78.24
29073,39.7,53.4,69.13,82.18,96.12,109.56,122.84
29075,46.0,45.87,46.14,45.59,45.66,46.29,45.9
29077,127.0,116.51,107.7,96.28,86.54,76.79,66.53
29079,149.2,131.77,113.88,95.51,77.05,60.13,41.35
29081,132.7,126.42,119.31,111.6,104.62,98.59,91.46
29083,166.1,146.8,128.79,108.85,89.69,69.76,50.06
29085,9.5,7.42,6.15,2.72,1.09,-2.42,-5.25
29087,0.0,-0.5,-0.4,-0.39,0.61,2.33,2.2
29089,4.3,3.58,4.38,3.74,2.81,3.09,2.29
29091,192.7,177.13,161.62,144.51,128.63,112.48,95.54
29093,142.8,137.19,132.55,125.78,121.89,115.5,110.1
29095,88.3,83.65,79.67,75.48,70.5,66.24,61.4
29097,169.3,153.59,139.92,123.56,107.78,93.8,77.96
29099,90.7,83.29,77.47,69.34,63.3,56.32,49.41
29101,57.8,57.14,57.45,57.11,56.55,55.46,54.59
29103,2.0,2.11,2.13,1.46,0.34,0.86,0.28
29105,127.8,112.95,99.59,83.23,68.48,52.61,36.57
29107,61.1,54.86,50.38,44.65,37.72,31.32,25.28
29109,57.9,55.33,54.13,50.97,48.49,46.4,43.72
29111,2.9,3.08,3.11,2.25,0.21,0.69,-0.22
29113,86.2,77.47,70.57,60.94,53.18,44.32,36.94
29115,57.1,47.01,37.2,26.81,15.85,7.01,-2.87
29117,149.2,118.63,88.62,57.34,25.96,-2.76,-33.41
29119,45.9,48.3,53.53,57.21,61.37,66.18,68.7
29121,77.7,87.38,98.44,107.93,118.2,129.62,139.73
29123,156.5,152.1,149.71,144.18,141.29,137.18,133.3
29125,4.5,11.34,19.3,25.41,32.55,38.63,45.3
29127,128.0,125.31,123.99,120.38,116.8,114.36,112.34
29129,74.3,69.4,64.0,58.44,52.38,47.8,42.74
29131,73.6,69.07,65.88,60.88,56.92,51.22,46.66
29133,77.0,66.4,56.71,46.95,37.27,27.54,16.86
29135,2.5,1.41,1.28,-0.06,-0.85,-1.83,-2.98
29137,3.1,2.7,4.3,3.36,1.98,2.11,1.54
29139,72.2,65.69,60.57,53.01,46.6,39.76,33.53
29141,38.6,33.41,29.14,22.72,18.16,11.2,5.67
29143,64.4,66.54,69.17,71.36,73.67,76.36,78.54
29145,58.5,54.83,53.29,48.85,44.59,42.73,39.16
29147,84.8,86.12,86.78,87.64,89.6,92.03,93.32
29149,61.4,56.91,51.68,45.32,40.71,36.05,29.98
29151,28.1,25.98,25.25,22.55,21.72,19.98,18.31
29153,57.9,54.24,51.3,46.18,42.29,38.49,32.89
29155,142.2,141.26,140.28,139.37,137.98,137.51,135.95
29157,68.0,63.81,62.19,58.41,56.27,52.88,49.33
29159,96.4,76.89,58.69,38.99,19.15,0.23,-19.07
29161,139.0,118.84,99.21,77.86,57.51,35.99,15.86
29163,70.1,68.21,67.74,63.98,61.01,58.65,58.06
29165,78.9,72.12,65.71,59.47,53.32,47.51,40.7
29167,118.7,102.87,88.95,71.77,57.48,41.84,26.08
29169,54.1,48.2,42.95,36.06,30.28,23.87,18.03
29171,2.6,0.62,-2.15,-5.89,-9.38,-10.95,-12.94
29173,0.0,-0.26,0.87,-0.83,-2.01,-2.22,-1.85
29175,116.8,110.85,106.5,100.53,94.54,89.9,84.69
29177,79.1,70.05,62.92,55.02,45.52,37.66,29.1
29179,3.3,1.76,1.2,-1.22,-1.71,-3.84,-4.94
29181,197.2,164.82,132.66,99.33,68.82,36.54,4.86
29183,81.2,78.24,77.54,74.58,71.86,70.13,68.32
29185,4.3,3.8,5.07,4.65,5.37,5.0,4.56
29186,37.5,38.41,41.34,42.14,44.64,45.5,46.71
29187,197.9,178.17,160.44,139.46,121.69,101.53,82.62
29189,75.3,72.0,70.9,67.34,64.72,62.61,61.02
29195,69.3,89.75,111.37,131.17,150.05,171.09,191.87
29197,0.0,-0.33,-1.04,-3.19,-5.55,-5.88,-6.63
29199,4.8,3.77,1.41,-1.73,-5.56,-7.46,-10.25
29201,137.6,127.65,119.64,110.69,102.41,94.3,84.94
29203,2.0,0.51,-0.29,-2.71,-3.43,-4.8,-6.15
29205,40.1,33.81,28.47,20.69,13.18,7.34,1.25
29207,125.7,105.6,87.49,67.28,48.78,30.05,11.17
29209,86.1,80.72,76.63,69.96,65.17,60.23,54.22
29211,2.0,14.39,26.91,38.15,49.15,62.2,74.51
29213,132.0,119.86,108.75,94.67,81.99,70.03,56.65
29215,75.9,63.24,51.54,37.78,25.64,12.01,-1.9
29217,111.0,95.95,82.17,66.04,51.47,36.51,20.0
29219,74.4,68.29,64.26,57.84,52.44,46.47,41.05
29221,52.7,47.57,43.89,38.42,34.75,29.1,24.86
29223,33.2,27.68,23.42,16.86,12.75,8.46,3.67
29225,114.8,104.39,95.42,84.27,73.92,63.32,52.15
29227,4.2,4.07,3.74,3.26,2.65,2.78,2.63
29229,143.6,133.55,124.48,113.0,102.51,91.95,80.62
29510,60.8,57.69,56.26,52.58,50.07,47.52,45.59
30001,92.0,89.39,91.81,93.35,94.37,95.9,97.15
30003,2.1,2.08,2.9,3.05,3.83,4.3,5.85
30005,47.5,39.87,34.75,29.6,24.59,19.36,13.7
30007,1.7,0.75,3.2,5.52,5.19,7.17,8.74
30009,0.9,1.7,6.22,8.39,11.11,12.28,15.47
30011,0.0,-0.11,-0.25,0.01,1.84,2.43,5.16
30013,113.9,102.84,94.55,86.62,78.33,70.49,61.44
30015,42.1,34.03,28.3,22.87,17.03,10.77,4.41
30017,126.7,116.33,106.97,97.12,88.3,78.65,70.37
30019,8.9,7.47,5.58,5.12,4.26,2.47,1.72
30021,94.3,92.82,90.7,89.61,89.38,88.1,89.22
30023,96.3,96.5,102.5,106.32,109.92,113.98,118.27
30025,5.2,2.97,0.25,-1.13,-1.41,-1.64,-0.5
30027,90.6,82.2,76.47,69.48,63.14,56.44,49.78
30029,103.8,95.69,92.0,86.93,81.94,78.1,73.85
30031,56.6,51.58,49.87,47.73,44.36,42.16,40.34
30033,0.0,-0.08,-0.06,-0.16,0.59,1.11,0.61
30035,49.6,42.16,38.17,34.56,31.11,27.99,23.05
30037,0.0,-0.01,2.67,2.77,4.3,3.89,4.92
30039,0.0,-0.29,5.31,10.12,13.66,18.23,22.95
30041,79.5,64.95,50.86,38.05,25.41,13.04,0.5
30043,16.3,15.4,18.52,21.02,22.82,25.38,28.05
30045,0.0,-0.31,1.97,3.53,6.49,8.14,10.17
30047,75.8,67.87,64.92,60.05,54.87,52.22,47.97
30049,84.5,79.13,78.32,76.58,73.79,71.62,68.96
30051,35.1,31.31,28.02,25.29,23.28,20.84,17.86
30053,113.3,100.52,91.02,80.75,70.93,61.97,52.41
30055,0.0,-0.04,-0.4,-0.07,0.82,1.13,1.81
30057,16.0,4.14,-3.79,-11.94,-20.19,-29.14,-37.35
30059,62.7,57.26,54.92,51.39,46.97,44.13,41.11
30061,72.0,63.75,59.67,54.7,50.17,46.26,40.56
30063,85.3,75.56,70.63,65.07,57.84,53.51,47.94
30065,0.0,-0.06,2.23,2.12,3.19,2.85,3.69
30067,48.4,45.68,45.54,44.32,42.92,41.14,41.05
30069,0.0,-0.14,0.75,0.61,2.06,2.88,3.46
30071,79.8,59.88,42.37,25.18,7.34,-11.23,-29.81
30073,6.4,76.58,149.13,221.99,295.29,368.76,440.3
30075,58.2,48.0,39.26,30.41,22.8,14.53,6.98
30077,85.4,81.49,83.29,83.58,83.61,84.11,84.43
30079,0.0,-0.22,0.28,0.9,2.39,2.8,5.1
30081,88.4,76.3,69.34,60.75,52.01,45.4,37.68
30083,68.4,60.18,51.78,43.66,37.09,28.79,22.51
30085,27.7,26.38,23.75,22.85,21.87,20.04,19.07
30087,40.8,37.25,34.8,31.39,29.47,26.5,23.53
30089,94.2,68.74,47.85,24.81,1.35,-20.92,-43.07
30091,0.0,-0.11,-0.57,-1.27,-0.83,-1.83,-1.73
30093,112.7,108.26,109.32,108.53,107.08,106.11,105.77
30095,2.5,2.63,6.08,7.79,9.76,10.99,12.72
30097,3.1,1.83,3.7,3.88,4.57,4.03,4.19
30099,88.7,73.1,60.66,47.33,33.9,21.14,7.59
30101,57.9,62.92,69.8,76.9,84.35,91.76,97.71
30103,0.0,-0.06,0.14,-0.23,0.74,1.59,1.18
30105,52.7,48.88,45.98,45.22,43.62,41.34,39.22
30107,0.6,2.22,6.85,9.92,14.02,17.3,20.58
30109,0.0,-0.06,-0.93,-0.64,0.97,1.24,4.59
30111,101.7,95.79,92.17,88.45,83.36,78.09,74.14
31001,83.7,79.07,73.19,68.04,64.12,59.82,55.95
31003,59.5,53.73,46.9,40.44,33.54,29.16,24.22
31005,0.0,-0.1,0.1,1.38,1.96,2.94,4.96
31007,0.0,-0.21,1.15,1.44,2.98,4.41,7.17
31009,0.0,-0.15,0.58,1.61,2.88,5.76,8.39
31011,4.9,5.54,5.09,5.56,5.9,7.6,9.11
31013,83.6,90.81,98.43,107.02,115.02,124.34,133.62
31015,65.4,29.79,-4.45,-39.44,-75.46,-108.24,-142.75
31017,64.3,59.72,55.17,50.75,45.53,42.75,39.72
31019,79.6,77.29,73.64,70.46,69.28,66.86,64.71
31021,54.9,46.8,37.71,31.45,24.76,18.21,11.42
31023,72.3,69.09,64.44,62.12,59.86,56.94,54.28
31025,25.3,26.04,25.91,26.21,27.1,28.5,29.47
31027,37.8,36.81,35.77,34.78,33.8,35.25,35.45
31029,75.9,69.93,64.15,59.05,55.33,51.22,47.36
31031,82.3,84.62,88.6,91.28,95.38,100.39,105.2
31033,68.4,54.93,41.54,27.26,15.71,2.29,-9.81
31035,1.4,0.9,-0.45,-0.33,0.25,0.44,1.04
31037,1.4,1.16,-0.4,0.58,1.01,1.69,2.52
31039,29.6,29.8,30.0,31.92,33.93,36.06,38.35
31041,93.1,83.54,75.0,65.68,56.47,48.52,41.13
31043,75.1,73.32,69.52,68.25,67.46,65.93,65.8
31045,75.6,71.06,66.79,63.07,60.11,57.02,53.64
31047,53.4,51.99,51.21,49.92,49.75,49.91,49.74
31049,4.3,4.26,2.84,2.21,2.99,3.37,5.25
31051,11.2,12.04,11.36,12.55,14.25,15.25,17.45
31053,107.7,104.29,99.97,97.97,96.17,93.32,91.01
31055,72.3,66.93,60.53,56.34,52.52,47.63,43.08
31057,111.3,114.73,118.02,121.17,127.29,132.31,137.26
31059,2.5,4.65,7.13,10.96,14.78,18.17,21.37
31061,3.6,3.79,3.74,4.39,6.6,7.79,8.97
31063,0.0,-0.24,0.8,2.23,4.0,6.58,9.05
31065,2.1,3.24,5.03,7.39,11.24,15.23,18.26
31067,90.3,76.71,63.04,50.02,37.76,25.12,12.39
31069,104.1,111.36,117.51,125.17,132.86,140.62,149.4
31071,7.3,11.18,14.83,18.82,22.38,28.64,34.59
31073,0.0,-0.08,0.72,1.14,3.19,5.53,7.47
31075,0.0,0.13,0.59,1.91,2.93,3.95,6.91
31077,0.4,0.94,-0.18,0.04,0.15,1.56,2.44
31079,89.1,83.13,76.28,71.13,65.93,61.26,56.3
31081,68.9,67.75,65.74,64.6,64.95,64.52,64.52
31083,86.2,85.35,85.14,84.63,86.06,87.54,88.36
31085,0.0,-0.13,0.08,0.3,1.82,3.7,5.21
31087,0.0,-0.29,-0.97,-1.37,-0.03,1.02,1.51
31089,78.2,72.92,66.49,60.74,54.59,50.7,46.42
31091,0.0,0.02,0.56,1.36,3.26,5.4,8.47
31093,80.9,77.94,73.37,70.44,67.5,65.14,63.22
31095,135.5,117.48,100.24,84.15,68.01,52.76,36.32
31097,51.4,50.56,48.46,47.93,47.57,48.25,47.54
31099,69.9,65.74,60.29,55.52,52.43,48.24,43.82
31101,134.1,122.86,110.67,99.55,88.9,77.84,67.96
31103,0.0,0.19,1.59,3.01,2.54,5.87,8.33
31105,0.0,-0.39,0.47,0.61,3.45,4.0,7.17
31107,32.2,27.36,23.05,17.81,11.9,8.73,4.48
31109,69.0,64.37,58.35,53.62,49.12,44.84,40.67
31111,107.8,102.38,97.78,93.12,90.59,87.54,85.2
31113,0.0,-0.13,-0.3,-0.55,0.4,1.88,3.43
31115,0.0,0.02,0.02,1.08,1.04,3.49,6.37
31117,0.0,-0.13,-0.53,-0.14,0.94,2.94,4.52
31119,103.2,96.37,88.82,81.65,74.54,69.68,63.86
31121,66.7,65.58,63.08,61.75,60.84,60.07,59.39
31123,58.0,68.3,79.32,90.69,101.83,113.29,126.4
31125,21.7,43.14,63.31,84.99,106.72,129.69,152.01
31127,104.5,101.19,96.95,93.63,90.52,88.36,85.12
31129,78.0,67.83,57.09,48.53,39.68,31.87,23.53
31131,97.6,92.61,86.5,80.97,76.07,72.17,67.19
31133,84.0,79.87,75.02,72.19,68.85,66.91,63.69
31135,64.5,65.01,64.46,65.97,67.64,68.55,71.56
31137,113.8,111.02,107.81,104.74,103.71,101.43,99.04
31139,29.9,25.93,21.38,16.83,12.52,9.99,6.32
31141,83.1,78.7,73.26,69.68,66.27,62.92,59.56
31143,34.2,26.44,17.57,10.13,3.27,-4.0,-11.3
31145,131.5,118.92,106.62,95.19,85.01,74.14,63.45
31147,60.4,53.74,47.17,41.36,34.8,29.83,23.28
31149,0.0,-0.29,-0.67,-0.51,-1.5,0.7,2.3
31151,62.3,57.02,51.17,46.75,42.64,38.6,34.38
31153,59.2,55.56,50.92,48.12,45.76,42.32,39.75
31155,48.4,44.25,38.39,34.35,30.86,26.55,22.78
31157,110.5,101.88,94.34,85.79,79.15,71.45,65.2
31159,49.3,56.12,62.83,70.79,79.28,87.01,95.47
31161,0.7,1.18,2.12,4.83,6.67,9.97,12.82
31163,2.7,2.84,1.32,0.58,-0.07,-0.01,-0.17
31165,0.0,-0.15,1.34,1.57,3.06,4.04,6.32
31167,0.0,-0.43,-1.67,-2.21,-2.16,-1.66,-1.11
31169,4.0,4.72,5.28,7.32,9.34,11.78,13.73
31171,0.0,0.01,0.77,0.84,2.15,3.94,6.5
31173,28.2,4.7,-19.7,-41.84,-63.61,-85.85,-106.8
31175,5.2,10.82,15.2,20.22,24.97,31.19,37.26
31177,64.4,60.77,55.65,53.22,51.36,48.28,45.78
31179,56.6,51.75,46.0,41.26,37.56,34.18,30.76
31181,5.7,4.52,2.22,0.95,0.78,0.69,0.1
31183,0.0,0.04,-1.73,-3.08,-4.34,-2.43,-2.04
31185,116.4,106.06,94.5,85.34,76.25,66.69,57.19
32001,135.2,121.94,107.58,93.88,78.97,65.66,50.28
32003,85.3,81.33,78.58,75.25,71.25,70.1,66.11
32005,105.9,104.03,99.26,96.57,92.19,88.26,83.35
32007,78.8,68.87,58.98,49.65,39.91,31.81,21.93
32009,0.0,-0.12,-1.06,-0.87,-1.07,-1.4,-2.8
32011,0.0,-0.14,-0.01,-0.35,-0.78,-1.11,-1.96
32013,80.5,88.77,95.88,104.07,110.82,118.74,124.56
32015,1.7,1.31,0.2,-0.35,-1.17,-0.33,-2.25
32017,97.7,93.63,90.25,87.46,82.87,78.4,73.75
32019,108.5,101.29,91.88,84.85,75.9,67.24,58.37
32021,145.9,135.02,123.53,112.79,101.72,91.45,79.15
32023,146.6,141.94,137.05,132.17,126.26,122.91,116.35
32027,52.1,46.02,38.93,32.63,24.56,16.18,7.93
32029,0.0,-0.61,-3.95,-5.64,-8.93,-11.45,-14.49
32031,98.0,90.59,81.27,73.62,64.36,55.29,45.54
32033,115.4,109.59,103.27,96.68,90.56,84.7,77.58
32510,144.1,139.33,131.62,125.69,119.27,112.72,105.64
33001,87.0,82.21,77.79,71.13,65.53,61.09,55.68
33003,90.0,85.01,80.35,74.51,70.62,66.38,61.39
33005,79.2,74.23,68.82,61.22,55.44,51.36,46.43
33007,93.9,87.84,81.53,72.76,66.82,60.19,52.42
33009,87.1,80.28,73.07,63.69,57.55,51.57,43.92
33011,70.1,64.92,61.49,54.79,49.21,45.24,40.51
33013,90.4,85.99,82.56,77.39,73.56,70.51,67.07
33015,76.0,71.83,68.93,63.67,59.62,57.01,52.7
33017,95.0,91.41,88.51,83.11,78.97,76.05,71.44
33019,66.5,61.86,57.4,50.28,44.94,41.13,36.2
34001,84.7,80.48,78.55,74.37,72.45,69.37,64.97
34003,44.4,44.31,46.47,46.18,46.68,48.08,46.23
34005,73.9,73.2,74.75,73.84,74.15,73.78,72.39
34007,90.8,87.93,86.92,84.76,83.95,81.8,78.85
34009,96.8,95.04,95.33,93.66,93.78,93.58,90.56
34011,98.0,97.99,100.15,100.53,102.67,104.01,103.54
34013,43.0,42.43,44.45,43.12,43.7,44.79,42.63
34015,85.8,82.83,81.69,80.03,79.56,77.17,74.93
34017,38.6,38.29,40.24,39.29,39.71,40.54,38.65
34019,46.3,44.91,46.22,44.0,44.02,43.77,42.36
34021,59.6,58.96,59.93,58.76,59.45,58.75,56.98
34023,45.8,44.56,44.7,41.64,40.53,39.38,35.83
34025,61.8,59.42,59.02,55.48,54.01,51.71,47.57
34027,45.9,45.18,46.42,44.51,45.44,46.12,44.57
34029,72.6,70.59,69.6,66.47,65.86,63.82,60.37
34031,50.8,50.57,53.12,52.51,53.38,54.89,53.08
34033,80.5,78.03,77.16,75.34,75.11,73.64,71.45
34035,38.7,38.7,40.22,38.29,38.9,39.64,38.42
34037,63.7,60.84,59.78,56.22,54.43,53.04,49.74
34039,45.2,44.85,46.76,44.89,45.24,45.83,44.16
34041,77.5,75.27,75.44,72.28,71.63,70.91,68.28
35001,74.7,74.63,74.4,74.63,73.38,72.38,73.35
35003,0.0,-0.07,2.54,3.51,2.51,3.54,4.34
35005,88.8,84.55,81.19,78.45,73.02,69.5,64.17
35006,28.8,38.87,51.21,62.36,71.5,82.14,94.13
35007,85.8,74.2,60.66,48.3,35.21,21.18,8.08
35009,79.1,67.97,56.67,45.2,32.66,21.38,8.84
35011,26.2,7.44,-11.11,-28.59,-48.57,-68.23,-87.72
35013,51.3,49.16,47.72,45.02,41.49,38.58,32.99
35015,98.9,94.4,91.51,89.53,85.48,82.15,76.54
35017,103.7,94.78,86.8,78.12,68.02,59.68,50.63
35019,9.9,8.27,5.14,3.51,0.84,-2.88,-6.09
35021,0.0,-0.21,-0.62,-0.77,-1.27,-2.33,-2.27
35023,0.0,-0.15,1.46,2.99,2.73,4.59,4.79
35025,79.4,70.65,59.7,50.81,39.65,29.79,18.38
35027,97.9,95.48,94.79,92.91,90.53,89.09,85.87
35028,63.0,64.45,64.37,64.37,63.93,64.19,65.79
35029,95.8,92.53,90.77,87.27,82.78,80.6,74.81
35031,22.9,23.17,25.32,26.26,25.46,26.1,28.43
35033,0.0,-0.38,-1.92,-2.67,-4.08,-5.93,-5.26
35035,62.4,63.45,65.45,66.69,67.08,67.78,66.34
35037,110.1,103.98,95.99,88.95,81.81,74.64,67.08
35039,93.7,90.34,85.94,81.02,76.23,71.49,68.54
35041,28.1,25.77,22.59,19.79,16.28,13.09,9.16
35043,57.4,57.21,56.19,55.81,53.8,52.63,53.36
35045,66.1,68.01,68.87,70.98,73.01,76.0,80.18
35047,85.0,75.06,64.11,54.58,43.66,32.82,22.69
35049,90.4,89.72,88.03,87.11,84.95,82.51,82.33
35051,115.0,98.61,83.01,66.22,47.86,33.0,15.73
35053,83.9,84.94,86.89,87.65,87.22,88.06,87.19
35055,96.6,90.48,82.68,75.8,67.89,60.33,53.51
35057,27.8,28.24,28.74,29.49,28.95,27.78,28.34
35059,56.4,50.04,43.9,37.08,29.27,22.97,16.7
35061,90.2,86.4,82.96,78.84,73.54,68.69,64.3
36001,51.5,50.49,49.09,46.81,45.1,45.1,42.86
36003,59.2,59.87,61.49,62.58,64.92,65.92,66.82
36005,32.5,32.22,34.26,33.99,34.2,35.69,33.41
36007,71.6,70.76,70.12,70.25,69.27,69.17,68.26
36009,79.6,79.53,80.67,80.45,81.03,80.25,80.45
36011,34.1,50.57,69.05,87.38,106.87,124.44,141.89
36013,81.7,80.81,81.61,80.79,80.64,78.46,77.56
36015,101.8,98.19,94.41,91.58,89.27,86.4,82.59
36017,55.7,56.9,58.31,60.44,61.73,63.1,63.78
36019,44.4,72.95,101.46,128.72,157.59,187.03,214.36
36021,61.3,62.72,63.81,64.83,66.12,69.53,69.76
36023,43.3,60.08,77.37,95.88,114.21,131.05,147.95
36025,72.7,69.97,67.62,66.05,63.5,61.99,58.32
36027,57.7,58.02,58.62,58.62,58.99,61.32,60.35
36029,73.7,73.22,73.62,73.34,73.5,72.89,71.56
36031,29.0,45.36,61.93,78.05,94.56,112.56,128.55
36033,26.7,62.68,99.81,133.48,169.87,207.55,243.64
36035,70.7,73.77,77.06,79.92,82.92,87.22,88.57
36037,59.8,58.95,58.59,57.77,57.72,56.42,54.62
36039,70.4,68.22,65.93,63.45,61.45,61.45,58.03
36041,0.0,0.61,-0.17,-1.15,-1.51,-1.24,-1.63
36043,34.9,48.05,61.88,75.46,89.01,102.81,115.66
36045,27.3,55.59,85.6,114.31,143.16,173.1,200.51
36047,24.4,24.67,26.85,26.31,26.77,27.69,25.9
36049,20.3,36.47,53.81,70.09,87.36,104.77,120.6
36051,48.4,48.84,49.39,49.44,50.41,51.11,50.58
36053,45.5,60.12,76.41,92.25,108.42,123.97,139.08
36055,51.9,52.3,54.31,56.63,60.08,62.13,63.65
36057,78.4,84.23,90.23,96.46,102.35,110.07,114.66
36059,44.6,44.07,46.13,45.44,46.0,46.99,44.46
36061,42.7,42.13,43.77,42.74,42.66,43.38,40.89
36063,80.8,81.16,82.13,82.3,83.8,83.69,83.38
36065,58.7,64.75,71.72,78.22,85.04,91.72,97.19
36067,46.2,58.0,71.48,85.0,98.72,111.0,123.32
36069,56.1,55.57,55.33,55.79,57.12,57.32,56.94
36071,61.4,61.62,63.45,63.35,64.88,66.74,66.73
36073,57.2,56.51,56.33,56.09,56.52,55.54,54.14
36075,44.8,58.03,71.96,86.1,100.49,114.12,127.4
36077,52.3,56.77,61.03,66.94,71.34,76.94,80.94
36079,41.7,41.71,43.26,43.43,44.32,46.55,45.94
36081,25.6,25.9,28.51,28.59,29.46,31.09,29.6
36083,59.3,59.73,59.73,58.5,58.58,59.95,59.36
36085,49.1,48.86,51.3,49.27,49.19,49.39,47.52
36087,35.3,35.1,37.42,37.21,38.12,39.87,38.78
36089,26.9,61.61,98.19,131.57,167.47,204.34,238.91
36091,52.9,53.6,53.85,52.63,52.39,53.02,52.0
36093,56.7,57.04,57.23,56.31,55.96,57.25,56.01
36095,49.2,50.67,52.28,54.67,57.28,60.6,61.29
36097,62.2,61.25,60.14,60.28,60.61,59.5,57.93
36099,27.1,43.36,60.06,76.88,95.16,111.45,126.88
36101,69.1,70.98,72.3,74.6,77.2,79.35,80.24
36103,54.7,53.65,54.09,51.51,50.3,50.73,47.53
36105,79.8,71.28,63.61,54.54,46.66,39.68,29.8
36107,42.2,42.5,43.86,45.75,46.99,48.1,48.73
36109,42.5,53.55,65.13,76.87,88.72,99.89,111.02
36111,66.4,68.24,69.86,71.26,73.34,76.86,77.37
36113,80.0,86.46,92.02,96.92,102.81,109.92,114.68
36115,66.2,68.49,70.41,70.6,72.02,74.66,74.65
36117,54.3,59.29,65.11,71.44,79.08,85.98,91.53
36119,36.9,36.94,39.16,39.38,39.93,42.44,41.28
36121,53.7,54.2,54.76,54.25,54.85,54.56,53.44
36123,39.0,38.27,37.59,37.84,38.58,38.05,37.12
37001,96.0,88.0,80.52,73.11,64.77,57.08,48.48
37003,33.6,28.75,23.72,20.03,16.33,12.47,9.14
37005,103.2,99.88,97.15,95.33,93.07,91.3,88.31
37007,91.3,86.3,83.74,79.93,75.13,70.75,66.2
37009,110.3,105.6,100.97,97.87,94.12,91.36,86.83
37011,95.1,89.45,82.18,76.64,70.27,64.75,58.3
37013,141.3,143.15,146.4,149.79,152.15,153.25,155.27
37015,65.0,64.2,65.2,66.63,66.99,66.38,65.47
37017,114.8,117.81,123.47,128.47,131.56,136.11,140.85
37019,123.7,116.85,113.09,109.51,103.32,98.13,92.91
37021,95.6,88.82,80.61,73.45,66.22,59.23,51.7
37023,159.3,154.7,148.68,143.99,139.46,135.54,130.93
37025,110.3,101.63,94.19,87.04,79.01,71.89,65.14
37027,148.9,140.99,132.48,125.17,117.6,110.98,103.66
37029,0.0,-0.53,0.11,1.52,2.31,2.03,0.32
37031,119.1,114.41,110.06,106.41,101.38,96.31,92.16
37033,15.2,13.38,13.16,12.41,9.5,8.94,6.74
37035,142.6,133.78,124.86,116.77,109.04,101.17,93.27
37037,47.9,43.54,41.66,38.6,34.27,30.98,26.5
37039,125.8,112.53,98.27,86.31,73.45,59.1,46.04
37041,113.1,108.92,105.44,102.72,99.35,94.95,90.19
37043,133.9,138.23,141.08,145.86,150.33,152.93,157.15
37045,148.5,139.05,130.36,122.54,114.17,106.3,97.16
37047,198.0,189.46,182.88,176.3,167.74,160.58,153.22
37049,129.0,128.75,128.99,129.93,129.15,127.63,128.52
37051,96.5,96.23,98.67,100.24,100.15,101.11,102.22
37053,21.3,19.67,18.85,19.07,18.32,16.6,13.35
37055,132.3,119.26,106.91,95.48,82.42,68.17,54.07
37057,84.5,78.15,73.07,66.42,58.76,52.33,46.23
37059,120.9,112.57,104.81,96.96,88.54,80.57,72.94
37061,90.9,80.7,73.05,64.88,55.23,46.81,38.39
37063,57.8,54.44,53.43,52.13,47.77,46.02,42.49
37065,55.5,54.26,54.87,55.28,54.7,53.9,51.52
37067,92.6,84.05,76.54,68.48,59.45,51.09,42.63
37069,67.5,62.82,60.37,57.97,52.53,48.38,42.52
37071,138.1,127.01,116.84,106.56,95.96,86.46,76.74
37073,3.0,2.3,2.81,4.26,4.81,4.18,1.34
37075,111.2,114.01,115.07,118.49,120.96,122.09,123.83
37077,87.6,85.55,85.39,85.34,81.86,80.85,77.41
37079,34.0,33.94,35.86,37.81,36.38,36.1,35.02
37081,88.9,83.7,80.13,75.81,70.19,66.26,61.17
37083,128.0,123.25,120.36,116.84,111.66,106.95,99.77
37085,93.7,86.72,82.89,78.68,72.16,66.52,61.06
37087,111.6,105.04,96.47,89.06,82.34,74.72,67.63
37089,94.0,89.72,84.71,80.73,76.93,71.75,66.94
37091,139.6,133.1,128.03,123.22,118.09,112.84,105.22
37093,66.5,60.48,56.84,52.64,46.94,42.42,37.38
37095,52.7,68.02,83.59,99.94,115.25,128.39,144.86
37097,116.4,108.8,102.72,97.33,90.29,84.32,78.85
37099,109.9,101.32,90.93,81.89,72.59,62.51,53.5
37101,74.8,73.26,75.34,77.23,76.38,76.33,75.54
37103,5.3,4.98,5.8,7.23,6.61,6.02,6.69
37105,130.6,120.46,112.97,103.96,94.16,84.83,75.59
37107,91.8,83.23,76.47,69.9,59.76,51.13,42.57
37109,130.6,123.31,116.9,110.4,103.36,97.35,91.14
37111,97.6,92.91,86.71,82.54,77.23,72.22,66.89
37113,107.1,94.39,80.35,67.73,55.16,40.89,27.89
37115,63.3,60.56,56.92,53.99,50.95,47.71,44.41
37117,93.5,83.02,74.14,65.84,55.65,45.54,35.39
37119,63.7,59.35,56.56,53.23,49.46,47.0,44.15
37121,167.0,163.98,159.6,156.88,153.3,150.18,146.0
37123,74.9,70.58,68.13,65.1,60.47,56.72,53.3
37125,135.7,133.62,133.99,133.82,132.28,131.05,130.79
37127,114.9,108.09,103.37,98.11,90.85,83.82,75.69
37129,119.1,114.49,113.07,111.11,107.27,104.23,101.94
37131,1.6,0.76,1.84,2.49,2.21,2.03,-0.01
37133,86.1,80.59,75.78,71.8,65.98,61.07,55.53
37135,46.8,43.79,42.1,40.71,36.7,34.73,31.34
37137,74.0,79.56,85.28,91.59,95.85,99.09,105.23
37139,141.5,137.31,133.6,130.83,127.32,122.31,116.71
37141,46.1,45.91,48.11,50.34,50.57,51.44,52.89
37143,40.2,37.98,36.95,36.36,34.84,32.35,29.76
37145,112.2,110.05,110.17,109.61,106.22,105.23,102.35
37147,94.0,89.56,86.88,84.42,80.07,75.06,69.99
37149,68.9,71.87,74.21,78.54,82.05,85.42,88.28
37151,79.8,75.97,74.06,71.56,67.75,64.55,61.8
37153,160.3,136.49,115.81,94.1,71.58,49.42,27.58
37155,141.1,139.78,141.19,141.39,140.29,140.81,141.01
37157,148.4,131.3,114.91,98.65,81.34,65.91,48.39
37159,96.4,90.08,85.7,81.24,75.54,71.24,66.77
37161,106.4,103.02,99.97,98.31,95.46,92.67,89.41
37163,95.4,92.74,92.29,92.09,89.79,89.01,87.45
37165,225.1,216.7,210.82,203.85,195.33,187.62,179.97
37167,139.1,128.71,120.47,110.97,100.65,91.31,82.67
37169,91.2,84.88,79.22,73.76,67.04,62.04,55.91
37171,191.5,181.78,172.22,164.36,155.25,146.87,137.81
37173,104.8,97.19,87.67,79.17,71.68,63.35,55.57
37175,115.8,106.44,95.07,85.57,76.11,65.68,55.79
37177,74.3,93.27,113.97,135.27,155.35,173.93,193.19
37179,76.6,72.81,70.91,67.95,64.48,61.75,58.64
37181,146.4,134.99,125.21,114.95,101.39,90.05,76.27
37183,61.3,58.53,58.4,58.36,55.51,53.88,50.87
37185,31.6,33.14,35.52,37.43,37.45,38.33,36.2
37187,103.2,99.35,96.54,94.86,91.86,87.93,84.27
37189,92.1,85.41,78.03,72.2,65.57,60.56,53.58
37191,88.8,80.4,75.7,71.06,62.79,56.59,49.1
37193,100.2,97.23,93.92,91.79,89.56,87.35,84.73
37195,105.7,98.88,94.61,89.16,82.43,75.57,67.24
37197,74.4,64.87,54.87,45.25,35.19,26.08,16.7
37199,111.6,109.24,105.76,103.67,100.88,98.22,94.86
38001,148.5,123.87,100.25,77.01,54.37,31.1,10.1
38003,76.7,67.11,58.67,49.13,40.26,30.33,21.68
38005,6.9,6.83,6.59,6.84,7.13,5.5,7.51
38007,0.0,-0.34,-1.01,-1.54,-1.36,-1.57,0.15
38009,47.6,41.64,36.74,33.58,29.88,24.43,22.1
38011,41.7,53.14,65.41,77.82,90.3,103.23,117.62
38013,0.0,-0.11,-0.34,-0.75,-0.49,-1.32,0.66
38015,79.7,76.12,74.34,72.81,70.97,69.29,68.67
38017,42.7,36.6,31.67,24.93,19.86,14.14,9.5
38019,22.9,50.65,78.7,108.38,136.73,163.76,193.25
38021,79.7,74.45,69.65,64.57,60.23,55.35,51.57
38023,1.9,0.41,-3.23,-6.5,-7.89,-10.89,-11.88
38025,26.7,17.57,8.33,-0.26,-7.38,-14.97,-21.78
38027,108.1,97.12,86.85,76.18,65.25,52.09,42.41
38029,69.1,58.99,51.63,43.76,35.89,27.97,21.28
38031,107.2,117.02,128.98,140.78,151.7,160.82,172.87
38033,0.0,-0.06,-0.13,0.35,2.38,3.16,7.04
38035,67.6,61.78,57.87,53.61,49.58,45.42,42.54
38037,0.6,0.13,1.61,2.33,4.47,5.79,8.14
38039,0.0,0.1,1.63,2.16,1.97,1.09,2.64
38041,24.1,20.47,18.64,16.6,14.99,13.25,12.6
38043,44.7,40.86,38.07,35.53,32.5,27.64,26.69
38045,39.7,34.28,29.9,25.62,20.75,15.78,12.13
38047,0.0,-0.21,0.71,2.8,3.95,4.16,7.84
38049,0.7,0.65,1.92,4.62,6.83,7.7,11.44
38051,52.6,43.26,35.22,28.73,20.63,12.08,5.17
38053,58.3,42.29,26.69,11.07,-2.57,-18.11,-31.83
38055,50.9,45.29,41.97,38.8,36.43,32.73,31.62
38057,73.6,71.29,70.13,68.74,68.84,67.83,69.17
38059,50.0,47.46,46.66,45.39,44.15,42.87,42.71
38061,14.8,11.91,9.49,7.26,6.13,4.12,3.32
38063,35.8,34.02,33.83,32.93,32.33,30.86,31.66
38065,0.0,-0.2,1.57,3.31,5.38,6.94,9.88
38067,69.5,66.55,64.26,62.59,60.33,56.74,55.36
38069,55.4,59.01,62.39,67.58,72.4,75.43,81.79
38071,142.1,131.2,120.45,110.02,99.66,87.31,78.51
38073,83.9,73.2,62.71,50.63,40.48,29.13,19.21
38075,20.7,18.41,18.05,17.35,17.16,15.98,17.54
38077,43.2,35.47,28.05,19.9,13.09,6.01,-0.31
38079,6.4,5.41,4.95,7.09,7.54,6.45,8.57
38081,1.6,0.68,-0.29,-1.35,-0.56,-2.08,-2.33
38083,0.0,-0.08,0.78,3.5,5.33,5.14,6.91
38085,0.0,-0.22,2.29,3.67,6.55,8.0,11.59
38087,0.0,0.31,0.99,1.75,3.42,5.07,8.44
38089,81.2,72.01,63.14,53.87,46.06,37.27,30.2
38091,0.0,0.37,2.05,3.41,4.09,4.54,7.36
38093,89.7,84.06,79.05,73.6,67.01,59.73,54.91
38095,0.0,0.62,0.11,1.78,2.2,1.43,3.9
38097,18.3,39.05,61.51,83.18,104.46,126.28,149.74
38099,61.0,57.92,56.36,53.84,52.48,49.17,48.64
38101,76.5,71.08,66.82,63.5,60.04,55.27,52.78
38103,3.5,2.19,0.7,0.96,0.49,-2.12,-2.06
38105,76.8,66.31,55.82,45.06,36.48,25.31,15.51
39001,91.8,87.79,83.69,79.11,76.63,72.74,67.36
39003,109.6,99.45,88.72,77.91,68.43,56.76,46.44
39005,51.9,48.77,44.43,39.16,34.84,29.02,23.94
39007,86.9,75.36,63.69,51.44,40.22,26.94,16.28
39009,96.2,91.2,86.7,82.31,78.07,71.54,65.43
39011,55.5,51.85,47.25,42.77,39.71,34.51,30.25
39013,118.2,103.83,88.26,72.35,56.99,39.95,23.65
39015,102.4,95.89,89.08,82.29,76.56,69.75,61.91
39017,93.4,85.41,76.4,67.2,59.32,49.62,39.59
39019,48.6,45.85,43.6,40.26,37.53,33.16,28.84
39021,81.9,74.8,65.58,57.29,49.98,40.61,31.95
39023,115.7,109.18,101.38,93.58,86.41,77.81,69.29
39025,100.2,88.46,76.62,65.05,54.39,41.98,28.64
39027,119.2,108.93,97.73,87.46,77.84,67.65,56.51
39029,99.0,92.32,87.39,80.09,74.38,66.76,59.51
39031,87.0,84.58,81.51,78.36,76.11,71.73,67.42
39033,104.6,96.85,88.11,78.68,69.47,58.51,48.89
39035,70.1,66.9,64.61,61.04,57.97,53.11,49.81
39037,58.5,56.97,55.22,53.34,52.21,48.99,45.51
39039,95.2,88.45,81.57,73.42,67.59,59.01,50.74
39041,62.0,58.22,52.28,47.86,43.51,36.6,31.73
39043,107.8,95.95,85.87,74.53,63.56,51.82,41.05
39045,86.2,80.25,73.17,67.2,61.57,54.23,47.72
39047,119.8,106.95,93.24,79.87,67.66,54.39,40.47
39049,88.5,80.62,71.19,62.88,54.46,44.17,35.12
39051,88.6,84.02,80.0,74.87,72.85,67.32,62.52
39053,126.6,109.56,92.49,75.55,59.98,42.62,23.98
39055,61.2,58.63,57.08,54.36,52.53,49.17,47.3
39057,91.1,83.45,74.47,65.78,57.7,49.36,39.78
39059,116.4,104.28,91.94,78.36,66.21,52.26,38.27
39061,86.4,78.79,69.67,60.95,53.19,44.02,33.7
39063,73.1,67.2,61.58,54.57,48.64,40.17,33.82
39065,82.8,72.1,61.3,50.0,39.05,25.6,14.51
39067,72.8,70.1,67.39,64.03,61.12,57.03,53.28
39069,66.1,61.72,57.95,52.92,50.61,45.34,40.92
39071,127.8,110.99,94.29,76.79,61.14,44.45,26.45
39073,108.4,103.34,97.43,91.96,87.28,81.43,75.52
39075,32.3,28.87,24.72,20.04,16.49,11.39,5.73
39077,114.9,105.31,95.6,84.72,74.45,62.7,51.81
39079,175.3,153.02,130.54,108.57,87.52,65.69,42.14
39081,138.7,122.4,106.42,89.39,73.11,54.98,36.83
39083,63.6,57.62,50.29,43.18,36.69,29.01,21.22
39085,85.0,80.48,76.79,71.57,67.56,61.47,57.67
39087,101.3,92.15,83.08,74.41,66.52,57.34,45.68
39089,76.6,72.01,66.11,60.59,55.7,48.71,42.9
39091,99.9,90.41,79.36,68.17,57.77,45.09,34.49
39093,86.1,79.85,74.36,67.84,61.69,54.63,47.89
39095,112.1,106.19,101.31,95.11,91.14,84.02,79.13
39097,78.1,75.55,70.79,67.17,63.78,58.79,55.57
39099,112.3,105.75,99.98,93.31,87.56,80.05,73.15
39101,115.9,109.37,101.62,93.58,85.98,75.96,67.62
39103,73.1,66.87,61.78,55.89,50.3,43.0,36.34
39105,84.1,71.9,59.78,47.91,36.72,23.27,9.33
39107,58.9,46.93,34.78,22.29,11.43,-1.89,-14.66
39109,80.5,74.09,66.83,59.15,52.19,43.13,35.35
39111,60.3,55.45,50.42,44.75,40.21,33.57,26.72
39113,111.8,103.71,94.74,85.31,77.37,68.5,58.71
39115,48.1,46.74,45.69,44.41,43.04,39.67,36.82
39117,59.2,55.82,51.48,46.96,42.43,36.31,31.33
39119,115.6,105.57,95.14,84.18,73.87,61.31,48.9
39121,30.0,25.28,20.03,14.3,9.17,2.59,-3.76
39123,79.5,74.95,71.54,67.18,64.31,59.66,56.0
39125,48.4,41.81,34.54,27.19,21.24,13.06,5.39
39127,95.3,86.08,76.28,66.75,57.28,46.1,35.43
39129,84.6,78.19,70.5,63.22,57.54,49.76,42.99
39131,132.2,118.1,102.8,87.81,74.91,60.94,45.46
39133,67.9,65.01,63.76,61.61,59.67,56.41,53.9
39135,64.2,61.06,57.11,52.06,48.84,43.89,38.54
39137,43.5,42.79,42.1,40.33,39.96,37.22,35.62
39139,87.9,79.81,69.96,59.92,50.25,39.26,29.33
39141,116.5,105.87,95.53,85.81,76.96,67.42,56.7
39143,85.3,74.92,65.68,55.92,47.12,36.08,26.68
39145,124.5,113.42,101.69,90.87,81.97,71.42,58.5
39147,85.3,79.43,74.07,67.96,62.54,54.92,48.97
39149,84.8,77.15,68.32,60.05,52.34,42.11,33.69
39151,111.5,103.79,96.37,88.59,81.64,73.4,64.24
39153,91.4,86.13,82.71,78.56,74.03,68.66,63.95
39155,105.6,101.67,98.7,94.39,91.28,85.41,81.21
39157,88.9,81.09,73.31,65.55,57.75,48.66,39.6
39159,74.3,72.83,69.36,66.71,64.21,59.62,57.14
39161,81.4,72.19,62.08,51.79,42.59,32.09,21.98
39163,1.6,-0.18,-2.15,-3.63,-4.48,-6.45,-9.04
39165,76.4,70.3,62.96,55.44,49.67,42.72,35.07
39167,147.5,133.87,120.73,107.01,93.46,78.16,63.06
39169,70.0,64.76,58.61,52.76,47.25,40.51,33.3
39171,81.9,60.38,39.36,16.46,-3.37,-25.89,-48.84
39173,55.5,51.72,47.37,42.88,40.34,35.0,31.15
39175,52.9,48.33,43.99,38.24,33.37,26.18,20.69
40001,58.5,69.74,83.12,94.65,107.48,120.08,131.53
40003,6.3,5.22,5.02,4.32,3.27,2.42,-0.72
40005,45.3,44.89,46.71,48.41,51.27,51.96,52.63
40007,0.0,-0.8,-0.91,-0.99,0.9,1.04,3.63
40009,123.5,117.6,112.41,106.83,100.66,94.91,88.21
40011,6.5,8.72,11.51,15.24,17.35,19.72,20.84
40013,148.8,153.7,159.34,165.14,171.69,176.93,182.12
40015,86.3,82.27,79.53,76.66,74.07,71.18,66.92
40017,101.1,96.06,91.55,87.46,83.17,78.05,71.27
40019,188.7,175.11,163.73,152.07,140.33,127.16,113.88
40021,116.1,108.57,103.21,96.59,91.04,85.2,78.14
40023,54.9,49.03,43.19,39.05,35.41,30.23,24.12
40025,82.6,76.56,72.02,67.73,64.62,62.14,58.47
40027,93.8,85.59,78.77,71.72,65.07,57.03,47.56
40029,61.4,105.36,151.3,196.81,243.22,288.37,332.87
40031,80.0,82.83,86.37,89.82,93.08,95.47,96.89
40033,8.7,8.03,7.59,7.7,7.21,6.45,4.53
40035,122.2,108.32,97.18,84.59,72.39,61.23,48.11
40037,136.6,121.79,111.2,99.29,86.95,74.75,60.78
40039,113.6,109.48,105.98,102.98,98.51,94.06,88.99
40041,90.2,88.51,89.76,89.43,90.0,91.38,91.71
40043,6.5,4.32,1.76,-0.02,-1.82,-3.09,-5.2
40045,86.6,88.59,90.22,93.12,97.51,100.61,103.49
40047,97.2,96.46,97.47,97.42,96.93,97.78,96.02
40049,77.5,58.53,41.56,24.2,7.85,-9.49,-28.54
40051,61.9,55.88,50.16,45.21,40.5,33.59,25.53
40053,25.4,22.15,20.15,17.9,15.41,13.93,9.27
40055,59.3,46.84,33.75,22.35,9.19,-3.08,-16.3
40057,210.3,164.21,116.93,69.82,21.2,-25.62,-73.36
40059,10.5,12.19,13.5,14.0,17.39,20.15,22.55
40061,121.6,112.84,107.42,100.12,94.71,87.92,80.92
40063,50.1,39.84,32.59,24.35,16.28,7.83,-1.35
40065,128.9,104.84,79.94,56.39,31.42,8.11,-16.58
40067,41.8,41.31,42.23,42.79,43.44,42.19,40.43
40069,8.7,8.38,8.91,9.32,10.94,10.68,10.98
40071,102.6,94.42,88.56,81.17,73.95,67.09,58.88
40073,53.2,25.54,-2.2,-29.65,-57.71,-84.9,-114.63
40075,49.3,46.69,43.9,42.47,39.43,37.7,34.78
40077,83.6,78.84,76.84,74.35,74.05,71.8,67.85
40079,92.8,97.46,103.34,109.19,115.92,122.77,127.55
40081,23.6,26.7,32.42,36.9,40.89,45.49,48.29
40083,53.8,53.75,55.29,55.84,57.09,57.78,57.06
40085,83.8,72.2,61.76,51.61,41.09,29.74,18.27
40087,151.4,143.55,136.55,129.84,123.7,115.85,106.53
40089,96.9,69.43,40.72,13.85,-13.15,-40.19,-69.71
40091,73.8,71.07,72.26,71.17,71.9,71.31,69.8
40093,6.8,5.77,5.17,5.16,4.77,4.08,1.91
40095,51.7,47.48,44.34,41.32,38.16,34.3,30.6
40097,122.5,105.82,92.27,77.6,63.59,49.92,35.03
40099,175.9,164.23,154.09,143.11,133.57,123.03,111.43
40101,127.7,127.54,131.8,133.39,137.12,139.93,141.46
40103,21.6,18.39,17.67,15.06,12.11,10.25,5.83
40105,76.4,68.63,63.12,56.09,50.23,44.43,36.52
40107,6.0,9.07,15.77,21.33,26.72,32.39,35.93
40109,126.5,117.85,110.14,101.96,93.55,85.51,75.19
40111,110.0,105.09,105.18,103.32,102.15,100.07,97.17
40113,20.2,14.19,11.27,6.5,2.29,-1.2,-6.87
40115,115.7,101.73,89.3,75.02,61.73,49.59,35.8
40117,105.6,101.78,101.81,99.43,97.66,96.68,93.23
40119,111.5,103.93,99.5,93.11,86.47,80.97,72.38
40121,170.7,164.66,162.31,158.47,155.18,150.97,145.83
40123,128.3,121.26,116.76,111.12,105.99,100.67,94.38
40125,146.6,131.38,118.4,104.22,90.13,76.25,60.16
40127,9.7,8.04,7.19,7.31,8.5,8.4,6.85
40129,4.1,4.05,4.47,5.64,6.45,6.77,6.21
40131,120.9,124.56,130.98,135.51,140.68,146.39,150.79
40133,73.8,73.19,75.68,77.63,79.46,80.89,80.66
40135,89.0,85.13,83.11,79.67,77.24,74.16,69.97
40137,123.8,131.72,141.22,151.29,161.43,169.81,177.54
40139,27.0,23.76,21.75,20.45,20.58,19.84,18.72
40141,110.5,93.71,77.03,61.29,44.02,27.21,9.22
40143,144.1,135.87,131.91,125.6,119.97,114.5,107.62
40145,77.3,68.84,63.98,56.35,50.46,44.63,36.61
40147,131.3,126.06,123.34,118.67,114.83,111.24,105.92
40149,2.6,3.15,3.1,4.02,3.3,2.93,2.01
40151,43.5,35.34,29.49,22.31,15.81,10.16,2.37
40153,118.3,111.55,104.06,96.38,90.48,84.21,76.83
41001,147.2,140.64,136.0,131.98,127.25,125.19,121.3
41003,56.9,51.25,46.16,42.38,39.5,36.46,34.23
41005,86.9,82.81,80.65,77.93,76.62,73.74,71.32
41007,149.2,124.37,98.17,73.74,49.41,24.99,-0.98
41009,84.3,77.59,71.88,65.99,61.8,57.29,51.9
41011,158.6,146.46,134.23,123.71,112.2,99.52,88.31
41013,119.1,110.17,102.12,95.39,88.17,81.32,74.06
41015,177.6,154.24,131.5,109.55,87.57,64.09,39.66
41017,102.1,94.92,88.13,83.32,78.31,71.96,66.32
41019,118.1,108.63,98.8,91.37,82.35,73.87,64.85
41021,103.6,104.25,104.11,105.33,106.8,110.24,110.9
41023,4.2,3.13,3.85,5.74,6.42,9.34,9.82
41025,124.7,114.63,105.92,98.04,89.64,82.79,74.06
41027,92.0,86.8,80.96,75.94,72.45,68.43,61.91
41029,124.5,114.52,105.35,95.69,85.82,75.23,64.83
41031,65.2,58.91,53.75,50.2,46.23,42.51,38.98
41033,141.9,131.07,120.72,110.47,100.17,89.37,78.54
41035,108.5,94.85,81.18,68.07,53.47,39.86,26.1
41037,129.0,117.93,106.49,94.21,81.49,69.15,57.03
41039,123.4,113.48,104.11,96.98,89.82,81.89,74.69
41041,153.3,136.21,119.48,105.01,90.75,75.06,59.61
41043,127.0,115.59,105.81,96.22,87.59,79.08,70.94
41045,171.4,159.58,149.47,141.64,131.81,124.3,114.34
41047,78.4,73.47,69.86,65.46,63.02,60.0,57.37
41049,20.4,17.93,15.22,14.24,12.64,13.83,12.77
41051,65.3,58.12,52.26,45.99,42.55,36.91,31.06
41053,67.1,60.62,54.33,48.39,43.49,37.9,32.36
41055,0.0,-0.42,-0.75,0.92,2.51,5.44,6.21
41057,124.0,113.85,103.16,94.44,86.0,76.47,65.74
41059,109.9,103.54,98.3,93.1,87.59,84.36,79.74
41061,131.5,126.01,121.72,118.79,114.44,113.04,110.61
41063,111.6,95.22,80.82,67.55,52.38,40.11,26.41
41065,156.5,142.05,126.8,113.4,101.01,88.24,73.62
41067,60.1,55.12,51.54,47.61,45.75,42.03,38.47
41069,0.0,-0.08,-0.13,0.3,1.15,2.92,3.2
41071,92.0,83.7,76.38,68.27,61.68,54.38,47.06
42001,52.6,51.25,50.01,46.72,47.48,45.78,42.31
42003,84.2,79.06,74.61,69.13,65.11,59.2,52.35
42005,83.9,80.9,79.09,75.8,74.15,70.25,66.76
42007,85.8,80.03,75.6,70.23,65.53,59.44,52.84
42009,75.1,69.44,62.52,56.22,51.13,44.38,36.22
42011,65.8,63.91,63.29,60.71,60.03,58.65,56.38
42013,115.7,111.23,106.35,100.58,97.66,92.68,86.46
42015,75.3,71.94,68.86,66.03,63.76,61.26,58.29
42017,75.3,71.09,68.08,62.69,59.15,54.85,49.49
42019,78.0,74.3,71.98,68.46,66.91,62.2,57.74
42021,109.2,104.01,98.84,93.06,89.33,82.96,75.4
42023,124.5,111.89,100.31,88.63,77.68,64.95,53.06
42025,83.3,79.74,77.42,72.74,69.56,67.24,64.12
42027,54.9,50.52,47.59,42.93,39.82,36.48,31.83
42029,57.3,54.95,52.82,49.41,47.9,44.98,41.04
42031,75.0,69.61,64.99,60.07,55.24,48.54,42.71
42033,92.1,84.51,78.13,70.78,64.41,57.13,49.68
42035,79.1,75.84,73.26,69.27,66.95,65.13,62.12
42037,89.6,85.95,83.1,79.41,77.18,75.44,72.48
42039,103.0,95.9,88.49,80.67,74.28,63.91,55.76
42041,79.6,75.27,70.79,64.64,61.78,57.84,51.73
42043,76.8,71.03,65.46,58.03,53.35,48.47,41.31
42045,82.2,77.59,73.89,69.22,65.96,61.5,56.57
42047,98.7,93.06,88.39,84.2,80.16,73.74,68.46
42049,93.2,87.48,82.79,76.91,72.12,64.85,59.42
42051,134.9,134.1,133.0,131.1,131.65,129.48,126.51
42053,42.7,40.77,39.42,38.29,36.88,33.2,31.77
42055,83.7,78.83,74.05,68.92,67.29,62.36,56.11
42057,12.7,11.77,10.19,7.58,7.64,5.74,2.08
42059,82.3,77.97,73.29,67.76,64.09,58.11,51.05
42061,69.5,64.59,58.97,53.04,49.57,44.62,38.42
42063,80.2,76.93,74.3,70.6,68.45,63.84,59.05
42065,86.3,80.93,75.74,71.5,67.25,61.22,55.21
42067,63.1,58.22,54.36,47.72,44.91,40.64,34.91
42069,123.4,117.36,110.83,103.67,96.6,91.02,83.22
42071,65.1,60.68,56.67,51.2,47.95,43.89,37.69
42073,114.2,103.02,92.92,81.57,72.12,60.38,48.6
42075,66.2,63.29,60.18,56.45,54.92,51.98,48.33
42077,53.7,51.08,49.9,46.31,44.19,42.51,40.16
42079,98.8,92.2,86.75,80.2,73.96,69.2,62.72
42081,100.1,93.94,88.25,81.95,77.32,72.65,67.06
42083,100.3,91.32,82.9,74.75,67.85,57.74,48.88
42085,124.2,119.87,115.1,110.15,106.65,99.66,94.31
42087,92.4,84.58,77.83,68.51,62.39,55.47,47.29
42089,87.9,82.71,78.18,71.78,67.03,62.9,57.3
42091,65.9,63.28,61.57,58.18,56.27,53.89,51.22
42093,87.8,82.21,76.74,70.16,65.56,61.36,55.76
42095,77.4,72.73,69.58,63.91,59.51,55.37,50.37
42097,106.4,104.08,102.96,100.21,98.75,98.72,97.45
42099,70.6,64.77,59.36,52.11,47.43,42.55,35.74
42101,80.0,75.9,73.34,69.56,66.83,63.31,59.33
42103,70.7,58.01,45.94,32.57,20.64,9.08,-4.63
42105,74.1,67.07,59.7,52.2,46.79,38.98,32.21
42107,88.1,83.87,80.42,75.69,72.84,70.39,66.71
42109,76.4,69.49,63.33,55.12,49.17,43.95,37.32
42111,72.7,72.5,72.53,71.06,71.52,69.97,67.95
42113,51.5,47.91,44.42,41.41,38.71,36.16,32.33
42115,65.7,60.24,53.46,48.43,42.25,37.15,31.12
42117,79.4,80.46,81.54,83.45,86.03,87.86,89.46
42119,64.4,62.05,59.62,57.06,55.98,55.06,52.65
42121,96.0,90.45,84.27,78.99,74.08,66.61,60.34
42123,82.7,80.45,78.39,75.7,73.58,69.29,67.1
42125,83.6,79.51,76.37,71.83,68.65,63.15,57.02
42127,72.1,67.11,62.32,56.45,50.6,46.95,40.39
42129,83.6,79.35,76.03,70.9,67.86,62.65,56.64
42131,90.7,85.16,79.46,74.8,69.38,65.03,59.57
42133,72.3,68.13,64.27,58.02,54.93,50.69,44.17
44001,54.7,50.75,46.56,41.79,37.4,34.19,30.07
44003,87.8,78.92,69.66,60.05,50.34,41.69,31.71
44005,68.8,63.69,57.65,51.84,45.82,40.22,34.12
44007,70.6,63.76,56.76,49.38,41.85,35.57,27.99
44009,73.5,66.55,60.06,53.0,45.82,39.54,31.76
45001,63.8,62.29,60.13,58.19,56.65,54.05,51.33
45003,97.9,93.18,87.26,82.32,77.5,72.02,66.61
45005,63.8,56.98,50.52,44.64,37.44,28.94,21.8
45007,102.7,97.4,90.78,85.65,80.82,74.33,68.47
45009,101.4,105.59,109.57,114.43,117.41,120.62,123.89
45011,105.6,100.64,95.38,90.77,84.74,78.55,72.45
45013,70.7,68.05,65.7,64.9,61.86,58.33,55.49
45015,64.7,61.61,58.5,55.51,51.28,46.3,42.26
45017,1.5,3.37,6.35,9.24,10.21,11.48,13.81
45019,91.0,84.96,78.83,72.93,66.33,59.05,53.3
45021,126.8,115.69,105.65,96.58,87.54,77.8,68.1
45023,106.8,100.46,95.49,90.28,84.41,78.33,73.21
45025,100.1,90.08,82.76,74.09,64.63,54.47,45.06
45027,92.4,85.2,78.84,72.16,63.88,55.85,47.68
45029,134.5,134.19,134.56,135.46,135.41,133.88,133.55
45031,168.8,157.55,148.94,139.05,128.91,118.03,107.78
45033,151.1,138.5,128.93,118.39,106.88,96.15,85.36
45035,105.7,102.9,100.2,97.7,93.51,88.82,84.57
45037,47.7,57.75,66.87,76.93,87.59,97.36,107.02
45039,74.3,67.1,61.79,55.21,48.14,40.89,34.35
45041,147.5,140.72,136.1,130.4,125.08,119.08,113.06
45043,105.3,97.32,89.02,80.86,72.05,62.94,54.61
45045,104.0,96.73,89.62,83.6,77.32,70.17,63.21
45047,137.4,128.34,119.15,110.16,102.22,92.6,83.06
45049,106.9,108.3,109.79,112.46,113.72,113.62,114.35
45051,129.8,121.85,116.16,109.69,102.58,94.92,87.6
45053,69.5,62.68,55.88,50.12,42.87,34.77,26.61
45055,82.2,79.11,77.47,74.85,71.16,67.55,64.58
45057,104.3,91.94,81.16,69.77,57.96,46.05,34.66
45059,96.5,90.52,85.02,80.14,75.2,69.09,62.89
45061,36.8,36.91,38.98,40.47,40.08,40.29,41.12
45063,105.5,98.09,91.56,85.23,78.26,69.94,62.79
45065,2.4,2.16,1.23,0.72,1.2,1.34,0.54
45067,134.6,126.83,120.35,113.34,106.44,99.22,91.93
45069,113.9,111.94,112.49,112.01,110.35,109.09,107.86
45071,99.7,89.66,80.78,72.06,63.31,54.16,45.57
45073,141.1,126.58,110.75,96.57,82.67,66.83,51.29
45075,98.9,94.31,89.14,84.74,78.47,72.8,67.43
45077,114.8,109.03,102.66,98.15,93.24,86.65,80.92
45079,74.7,70.72,67.73,64.59,60.5,56.09,52.79
45081,56.2,56.11,56.43,57.21,59.02,59.35,59.17
45083,125.4,116.19,107.86,100.77,92.95,84.62,75.6
45085,81.4,81.86,83.91,85.41,85.0,84.95,85.61
45087,140.6,125.33,110.76,96.55,83.19,68.58,54.84
45089,98.4,88.22,78.37,68.44,57.6,46.74,35.52
45091,85.7,79.27,74.5,69.31,63.73,58.86,53.85
46003,0.0,-1.32,-2.44,-3.83,-5.72,-5.65,-6.01
46005,79.5,72.48,65.4,59.52,52.77,46.53,41.43
46007,0.6,0.73,1.21,3.07,4.62,6.79,8.9
46009,0.2,-0.42,-0.88,-1.76,-2.98,-2.28,-1.67
46011,53.5,50.96,46.54,43.13,39.04,35.0,32.46
46013,68.3,63.83,59.06,54.38,49.98,45.35,42.47
46015,94.4,7.7,-78.12,-164.59,-250.94,-335.14,-419.19
46017,0.0,-2.07,-1.69,-3.18,-4.49,-2.75,-1.43
46019,29.6,25.72,22.09,19.34,17.0,13.65,12.19
46021,0.0,0.39,3.85,7.25,10.37,14.24,18.0
46023,30.8,31.92,33.29,33.06,33.74,36.53,38.45
46025,0.6,0.01,-1.06,-1.57,-2.84,-3.76,-2.61
46027,48.8,44.65,39.98,35.91,31.94,28.33,25.36
46029,83.5,79.17,73.77,68.97,64.48,59.63,56.51
46031,0.0,0.31,4.02,6.55,10.31,13.74,18.09
46033,49.1,45.36,43.41,41.45,38.98,38.05,37.54
46035,116.9,105.51,94.2,83.0,71.36,60.86,50.85
46037,1.4,0.63,-0.76,-1.75,-1.49,-2.29,-1.54
46039,37.8,35.44,30.92,26.99,22.72,18.31,15.54
46041,0.0,0.21,3.82,6.38,9.64,13.01,17.0
46043,51.5,49.14,47.11,44.18,41.73,41.37,39.92
46045,66.9,70.1,75.1,80.13,84.74,89.42,95.9
46047,92.7,88.12,85.17,82.39,78.82,77.54,76.68
46049,1.9,0.51,-0.22,-1.66,-3.29,-3.39,-2.57
46051,63.8,62.16,58.93,55.96,53.3,49.71,48.12
46053,108.0,124.79,143.51,162.0,178.22,198.68,218.49
46055,104.5,112.39,122.5,130.96,139.51,150.43,161.17
46057,0.0,-0.48,-1.56,-2.61,-3.63,-3.94,-3.16
46059,2.8,1.57,1.49,0.54,-0.21,0.28,0.04
46061,0.0,-0.47,-2.26,-3.67,-4.87,-5.29,-5.17
46063,0.0,0.07,-0.6,0.46,1.5,2.03,4.76
46065,120.3,110.51,104.8,97.54,90.3,85.33,80.28
46067,87.6,82.9,77.3,71.03,66.03,62.19,58.01
46069,0.0,-0.08,2.52,4.66,6.26,10.0,12.88
46071,0.0,0.05,2.1,3.36,4.64,7.11,10.42
46073,1.3,-0.45,-2.0,-2.57,-4.36,-4.44,-4.7
46075,0.0,-0.12,2.27,2.87,3.31,6.83,10.74
46077,32.7,19.95,5.93,-7.58,-21.55,-34.94,-46.85
46079,35.8,28.79,19.62,12.36,3.92,-4.0,-10.64
46081,93.8,86.85,81.07,76.02,71.23,66.65,62.95
46083,32.2,31.94,29.58,29.14,28.09,27.28,27.05
46085,21.6,17.23,15.66,12.5,10.21,9.73,9.03
46087,41.0,39.1,35.14,32.2,28.66,26.34,24.4
46089,45.3,45.01,45.61,47.88,48.85,49.53,51.82
46091,48.8,46.4,43.06,40.31,38.18,34.93,33.53
46093,14.3,14.83,16.07,17.43,18.18,19.63,22.37
46095,146.3,140.05,136.11,130.69,124.64,120.53,117.3
46097,33.6,35.25,35.73,37.02,37.61,39.49,41.5
46099,76.4,76.87,75.11,75.35,74.48,74.18,74.42
46101,29.1,3.01,-24.6,-50.7,-77.35,-104.05,-129.55
46102,0.0,-0.04,0.11,1.82,3.13,5.47,7.49
46103,80.8,79.63,78.98,79.06,78.47,79.36,80.79
46105,41.8,45.63,50.57,56.5,62.09,67.71,75.27
46107,2.8,1.06,3.18,4.89,6.18,7.98,10.02
46109,42.5,42.27,41.26,40.68,40.46,40.39,40.99
46111,0.0,-0.34,-0.39,-0.02,-0.48,-0.21,1.26
46115,2.6,2.96,3.36,3.85,3.87,4.76,6.08
46117,2.0,1.46,4.27,5.5,6.54,9.92,13.26
46119,0.0,-0.17,3.18,5.41,7.25,11.42,14.54
46121,14.6,0.76,-10.6,-22.62,-35.02,-45.69,-55.68
46123,132.6,136.51,142.82,147.97,152.3,160.47,167.78
46125,30.0,18.91,7.34,-3.62,-15.12,-26.01,-37.01
46127,74.5,77.39,78.31,80.74,84.02,87.09,90.95
46129,84.1,108.09,133.78,158.95,184.31,209.69,236.02
46135,115.5,105.42,95.04,84.82,74.32,65.23,55.78
46137,0.0,0.1,3.31,5.18,8.3,11.64,15.08
47001,180.3,168.13,153.82,140.04,126.85,113.21,99.06
47003,124.2,111.81,99.53,89.25,78.14,68.19,56.96
47005,151.8,142.93,135.45,125.98,117.56,108.85,98.97
47007,86.2,87.43,87.09,88.32,89.49,90.81,91.3
47009,110.1,101.88,91.6,82.77,74.41,64.66,54.93
47011,148.9,141.77,134.17,127.7,121.65,114.86,107.49
47013,244.1,228.52,211.02,194.74,179.11,162.33,146.39
47015,121.1,107.99,94.52,82.49,70.57,58.88,47.17
47017,164.2,149.55,135.21,119.85,105.08,89.71,73.71
47019,119.2,113.11,105.04,98.65,91.97,86.2,78.75
47021,101.0,91.42,80.95,71.67,61.5,52.17,41.11
47023,111.3,105.13,99.75,94.73,88.69,83.18,76.48
47025,232.2,218.78,202.56,186.43,171.85,155.72,139.65
47027,185.9,188.03,187.8,189.07,190.46,190.98,191.31
47029,213.9,201.51,187.49,174.47,163.35,149.31,136.06
47031,192.9,176.34,159.02,143.47,127.46,112.33,96.87
47033,98.5,103.73,110.46,116.77,122.94,130.21,135.4
47035,153.6,145.72,137.23,129.76,122.32,115.0,106.89
47037,95.8,92.08,88.24,85.16,81.4,78.97,74.31
47039,185.7,167.56,151.61,135.22,117.97,101.25,82.59
47041,208.7,182.12,154.83,128.43,102.6,77.07,51.04
47043,160.2,147.52,135.05,122.6,109.12,97.62,83.52
47045,184.4,183.07,181.58,180.69,179.02,178.46,175.93
47047,79.5,76.2,74.2,72.32,69.37,67.54,63.28
47049,175.3,180.93,184.69,189.43,194.47,199.73,204.31
47051,131.4,126.52,120.33,116.46,111.91,108.16,103.41
47053,140.0,141.1,143.97,146.46,148.59,151.25,152.07
47055,158.6,147.24,136.62,128.15,116.87,107.76,95.81
47057,122.0,107.67,91.09,75.24,60.17,43.29,26.97
47059,144.0,134.85,124.39,114.41,105.06,94.63,84.65
47061,200.3,190.08,177.92,168.37,157.65,147.99,138.25
47063,199.9,180.98,159.44,139.07,120.21,99.28,78.97
47065,136.1,130.16,123.89,118.68,114.18,108.33,102.64
47067,173.0,149.42,123.6,97.9,73.61,47.76,22.27
47069,113.6,112.89,114.36,115.98,116.06,117.19,117.32
47071,169.5,161.05,153.94,147.84,140.3,132.02,124.17
47073,102.4,93.87,83.02,73.68,64.88,54.8,45.08
47075,86.1,85.88,86.43,87.2,87.54,88.49,87.85
47077,151.4,146.58,143.32,139.14,134.69,130.84,125.19
47079,203.8,196.16,188.79,180.19,173.14,165.3,157.03
47081,73.3,70.7,68.66,66.63,63.63,62.32,58.66
47083,152.9,148.91,145.62,141.95,139.21,135.81,132.35
47085,162.4,141.15,121.09,100.55,80.18,59.77,38.29
47087,25.1,61.46,96.18,132.72,169.04,204.98,241.17
47089,136.7,124.33,109.8,96.28,84.51,69.89,56.24
47091,137.4,121.48,104.97,89.64,73.89,59.47,43.32
47093,117.9,107.79,95.68,84.73,74.32,62.33,50.92
47095,96.9,84.53,72.37,61.4,49.99,38.51,26.01
47097,111.5,111.0,111.23,111.29,110.62,111.33,110.2
47099,162.6,151.97,142.91,135.74,125.49,117.65,107.56
47101,163.9,157.68,152.89,148.8,142.75,138.53,131.86
47103,122.3,111.9,100.87,92.99,83.26,74.84,64.64
47105,119.2,110.52,100.87,91.67,82.81,73.01,63.27
47107,185.0,178.49,172.08,165.69,160.1,154.06,146.71
47109,190.1,185.32,181.42,178.21,173.56,168.86,164.56
47111,139.6,130.59,119.89,110.4,101.19,91.08,80.92
47113,139.2,132.11,126.44,120.52,114.43,108.26,100.28
47115,113.5,108.59,101.7,98.06,93.92,89.18,84.59
47117,129.5,133.58,137.93,144.57,149.35,156.35,160.88
47119,155.9,146.86,137.96,130.5,120.88,113.73,104.16
47121,8.1,8.0,6.53,6.07,6.08,5.39,4.01
47123,172.8,164.14,153.92,144.72,136.12,127.0,116.73
47125,95.8,88.14,79.52,70.67,62.92,54.67,45.81
47127,31.6,26.42,20.42,16.71,11.71,7.57,2.63
47129,110.6,101.57,91.25,82.05,72.49,62.46,52.84
47131,118.7,102.73,86.89,70.79,55.31,39.74,23.33
47133,122.4,110.49,96.76,85.04,72.75,60.6,48.41
47135,112.7,97.26,83.7,69.82,55.29,41.03,24.71
47137,149.1,118.58,86.37,54.34,22.42,-8.57,-40.04
47139,37.0,43.36,48.64,55.49,62.55,68.43,74.29
47141,156.1,152.86,148.69,145.53,142.99,140.2,137.14
47143,174.6,169.18,162.12,156.35,151.14,145.21,138.82
47145,167.3,160.23,152.66,144.92,137.21,129.31,121.62
47147,146.3,138.83,130.01,122.03,114.1,105.93,97.24
47149,106.1,101.17,96.32,92.57,88.84,85.77,80.73
47151,121.7,134.92,146.58,159.37,172.72,184.92,198.22
47153,186.2,190.58,193.46,197.57,201.47,206.01,210.47
47155,144.3,126.6,106.34,87.27,69.82,49.86,30.6
47157,79.2,76.57,73.46,70.91,68.46,66.45,62.98
47159,172.8,155.51,137.25,120.24,103.11,85.58,67.79
47161,66.5,56.87,47.07,36.78,27.95,17.83,8.08
47163,189.7,178.69,166.13,154.93,143.94,133.13,121.17
47165,99.8,95.56,89.38,84.73,79.83,74.99,69.71
47167,102.0,105.06,108.78,112.23,114.94,118.58,120.06
47169,236.8,213.78,189.43,165.85,143.1,119.63,96.29
47171,153.3,146.61,139.34,133.07,126.45,120.27,112.78
47173,132.7,110.79,86.26,62.13,39.04,14.55,-9.29
47175,9.8,8.72,6.14,4.57,3.32,3.01,1.71
47177,170.0,165.47,159.96,155.88,152.23,149.09,145.44
47179,121.0,115.78,108.79,102.82,97.22,91.63,85.2
47181,165.4,161.43,159.44,157.65,154.59,152.7,149.53
47183,130.0,130.07,130.61,130.01,130.04,129.74,129.52
47185,156.9,147.34,137.06,127.07,117.8,108.84,99.39
47187,62.2,60.3,58.36,57.88,56.38,56.51,54.26
47189,106.0,98.64,90.15,82.63,75.12,68.12,60.09
48001,99.8,88.65,77.66,65.79,52.15,38.99,27.76
48003,55.2,47.6,39.34,31.36,22.05,14.33,4.29
48005,122.2,105.66,88.64,69.96,50.66,31.94,14.38
48007,112.6,101.77,94.36,82.74,71.15,61.15,51.37
48009,0.0,-0.69,-0.88,-0.02,-0.65,-0.24,-1.17
48011,1.8,-0.05,-1.51,-3.28,-3.66,-4.61,-5.36
48013,90.7,88.56,87.68,84.8,80.69,79.03,77.35
48015,53.1,54.79,56.13,56.65,56.33,56.04,57.37
48017,78.8,66.06,51.67,37.55,23.5,10.54,-4.05
48019,44.8,38.49,33.11,26.43,18.16,12.57,7.34
48021,88.3,84.0,79.54,75.84,68.83,63.78,59.54
48023,72.6,59.33,45.58,31.88,16.2,2.32,-12.42
48025,77.8,73.42,70.58,64.84,57.81,52.07,47.17
48027,68.3,58.68,50.51,42.79,31.52,23.15,14.85
48029,64.5,58.13,52.61,45.3,36.5,30.16,24.28
48031,17.1,16.6,16.35,15.98,12.6,12.15,12.35
48033,0.0,-0.38,0.22,1.14,-0.12,-0.63,-1.1
48035,36.1,37.83,40.82,44.03,44.24,45.46,47.27
48037,138.5,124.11,108.22,93.31,78.66,64.95,49.92
48039,71.1,63.67,54.85,45.97,38.16,29.01,22.74
48041,77.4,67.36,57.44,47.46,36.62,26.16,17.5
48043,82.5,69.69,57.26,43.54,32.58,20.42,5.54
48045,0.0,-0.34,-0.22,-0.87,-0.84,-0.6,-1.14
48047,55.8,29.57,4.01,-23.3,-50.79,-77.67,-104.54
48049,139.7,129.84,121.24,112.56,101.84,92.35,82.95
48051,35.7,30.7,25.62,20.48,13.77,7.47,3.26
48053,114.7,103.44,92.86,83.02,70.29,60.03,50.19
48055,60.6,55.4,50.33,45.45,37.23,31.06,26.28
48057,115.8,99.99,85.69,69.3,52.19,36.11,21.14
48059,2.2,1.97,2.6,2.62,-0.58,-1.34,-2.24
48061,33.1,29.41,25.85,20.5,15.07,10.16,4.68
48063,96.6,72.19,46.24,19.67,-6.31,-32.26,-58.6
48065,2.3,1.88,1.74,0.81,2.19,2.45,3.47
48067,69.8,65.82,60.86,56.1,51.5,48.03,43.39
48069,2.4,1.36,0.18,-1.49,-3.35,-3.69,-4.68
48071,5.5,13.25,18.56,24.32,31.51,36.35,45.1
48073,66.6,51.13,35.56,17.89,-0.62,-17.2,-33.64
48075,185.8,174.95,163.46,151.52,138.33,126.94,115.07
48077,0.0,-0.36,0.33,1.37,1.47,1.44,1.29
48079,0.0,-0.36,-1.59,-3.16,-5.18,-6.17,-8.83
48081,0.0,-0.48,0.23,1.53,-0.37,-0.71,-0.24
48083,5.4,3.88,3.45,3.99,0.49,-0.21,-0.99
48085,61.9,57.46,54.11,50.47,45.5,40.27,36.61
48087,0.0,-1.32,-2.31,-4.67,-6.51,-7.13,-8.41
48089,77.3,66.75,56.18,45.26,31.91,20.23,8.54
48091,83.4,77.26,71.77,65.26,56.11,49.31,43.99
48093,92.5,74.19,57.36,40.53,21.12,3.18,-15.13
48095,0.0,-0.31,1.17,4.24,3.0,3.86,5.45
48097,105.9,93.06,81.69,70.0,57.7,44.68,32.6
48099,75.3,69.62,65.84,62.73,55.66,51.03,47.04
48101,0.0,-0.12,-1.02,-2.4,-5.28,-6.2,-7.66
48103,81.1,58.89,37.57,15.61,-6.11,-27.81,-51.15
48105,49.7,52.7,57.26,61.41,63.31,67.93,69.94
48107,2.5,1.2,-0.41,-2.29,-5.04,-7.15,-9.5
48109,0.0,-0.01,1.17,2.29,3.84,4.02,1.86
48111,84.7,75.87,67.79,60.19,52.45,45.39,38.58
48113,59.8,52.57,46.33,39.37,30.69,22.5,15.7
48115,65.9,60.95,55.92,50.4,45.06,40.23,33.9
48117,51.8,47.4,42.32,36.81,31.9,28.31,24.05
48119,3.8,2.64,1.91,2.01,1.06,0.22,-0.7
48121,66.9,60.98,56.19,50.64,44.08,36.99,32.07
48123,52.3,48.28,46.55,42.5,35.86,31.61,27.67
48125,6.7,5.8,4.57,3.7,0.58,0.07,-1.82
48127,102.9,96.65,89.86,82.61,73.73,69.06,61.0
48129,3.0,4.0,5.78,7.3,10.1,13.24,14.68
48131,14.9,14.58,15.17,12.83,10.55,9.63,8.3
48133,70.7,65.86,61.03,56.41,48.84,42.53,36.71
48135,92.4,77.52,63.06,48.3,32.48,17.42,1.38
48137,0.0,-0.08,1.63,2.16,2.53,3.86,4.07
48139,81.0,75.04,68.03,60.89,52.07,43.81,37.28
48141,39.6,37.43,37.21,35.52,34.46,32.58,27.39
48143,85.7,76.3,68.09,59.61,48.72,38.49,28.5
48145,74.6,59.23,44.92,30.74,12.79,-2.5,-17.06
48147,67.7,62.51,57.17,52.48,47.6,42.41,37.54
48149,71.7,66.63,61.28,56.35,49.77,43.2,37.9
48151,7.9,6.14,5.47,5.18,2.26,2.29,0.9
48153,25.9,4.96,-16.64,-38.49,-60.92,-82.65,-105.47
48155,59.3,61.33,61.84,62.51,61.48,61.91,61.83
48157,44.2,40.75,35.93,31.66,27.2,22.42,20.23
48159,75.8,67.22,57.33,47.94,38.63,29.72,20.62
48161,3.9,2.73,1.37,0.44,-3.94,-6.2,-6.14
48163,48.7,44.54,41.28,35.88,29.77,26.3,22.38
48165,62.3,52.56,42.03,31.01,20.02,9.32,-3.62
48167,92.4,79.58,63.63,48.22,33.76,17.79,5.33
48169,2.0,1.6,1.18,1.06,0.15,-0.01,-0.63
48171,88.7,78.03,68.0,57.56,44.93,34.77,25.03
48173,0.0,-0.28,0.01,0.52,-0.32,0.02,-1.58
48175,32.7,25.97,21.05,12.83,3.69,-3.7,-10.25
48177,61.6,56.23,53.22,48.41,41.05,35.46,31.72
48179,131.5,116.24,100.73,84.79,71.79,57.08,43.0
48181,133.2,113.71,94.74,75.99,57.28,37.1,18.28
48183,178.5,141.35,102.68,62.9,24.02,-14.36,-52.54
48185,23.4,19.34,14.86,9.9,4.41,-0.99,-4.54
48187,51.7,47.14,43.98,39.65,32.85,28.14,24.59
48189,71.5,69.04,65.73,61.72,57.8,54.2,50.15
48191,7.1,3.79,0.5,-3.47,-7.38,-9.96,-14.28
48193,7.7,4.95,4.78,4.24,0.89,-1.22,-3.41
48195,1.5,0.41,1.1,1.49,3.17,2.27,3.17
48197,85.9,74.87,63.2,51.83,38.74,28.07,15.52
48199,110.4,98.46,82.98,68.07,53.02,37.21,23.83
48201,55.1,48.37,40.44,31.36,23.4,15.32,9.59
48203,78.0,69.53,59.84,49.15,38.35,28.88,19.51
48205,0.0,-0.8,-1.29,-1.82,-1.68,-1.15,0.01
48207,9.3,18.25,26.12,33.84,39.28,47.31,54.64
48209,67.1,60.68,54.17,47.57,37.7,30.13,23.98
48211,4.2,2.59,2.78,3.16,5.44,4.71,5.56
48213,93.6,84.18,75.35,64.96,53.18,42.53,33.72
48215,30.1,29.32,28.21,24.85,22.19,21.05,18.3
48217,95.4,80.86,65.25,50.91,34.11,18.42,3.26
48219,91.2,82.85,74.82,66.28,56.38,48.08,38.74
48221,136.4,125.81,116.68,106.33,94.28,82.7,71.35
48223,112.6,98.29,84.59,70.55,55.37,40.8,26.43
48225,26.0,21.6,16.57,11.04,3.71,-2.63,-8.69
48227,71.9,60.32,49.64,39.76,28.27,18.06,6.71
48229,0.0,0.01,1.57,2.02,2.48,1.43,-2.61
48231,107.5,93.88,81.78,68.95,54.89,41.3,29.0
48233,85.6,78.33,71.04,62.61,56.64,49.75,42.78
48235,0.0,-0.21,1.61,4.35,4.29,7.07,7.39
48237,4.9,1.57,-1.03,-2.21,-6.45,-9.5,-11.69
48239,35.0,29.13,23.36,16.98,9.08,2.26,-2.71
48241,76.8,67.74,56.62,45.07,34.06,22.21,12.07
48243,0.0,-0.34,0.54,0.5,2.22,3.56,1.71
48245,102.0,93.25,80.98,69.53,58.64,46.17,36.58
48247,3.3,1.38,-0.23,-4.1,-7.71,-10.57,-13.99
48249,92.9,83.93,76.23,64.85,54.46,43.8,33.57
48251,92.7,90.51,88.85,86.88,82.8,79.18,77.08
48253,34.2,30.25,25.96,22.11,15.02,10.87,6.52
48255,76.4,66.91,59.65,49.96,38.27,28.57,18.91
48257,88.3,79.93,73.11,65.49,56.29,47.58,40.37
48259,76.6,71.31,66.39,60.87,52.61,47.27,42.22
48261,0.0,-0.78,-0.34,-3.32,-5.65,-7.37,-9.15
48263,0.0,-0.1,-0.56,-0.31,-1.9,-1.47,-2.38
48265,99.0,85.66,73.3,59.57,44.79,32.06,19.44
48267,74.5,67.86,62.9,57.61,51.07,46.36,41.64
48269,0.0,0.14,-1.29,-2.75,-5.52,-6.32,-8.28
48271,2.5,2.02,2.52,1.2,-0.22,0.16,-1.61
48273,73.9,70.88,69.78,65.53,62.23,59.43,56.87
48275,0.0,0.05,-0.73,-1.24,-3.83,-4.71,-5.96
48277,169.1,159.06,149.23,141.98,133.46,124.01,113.83
48279,52.6,49.16,43.37,38.57,33.55,28.7,22.97
48281,34.4,30.91,28.37,26.55,21.77,19.04,17.14
48283,0.5,0.25,0.65,-0.67,-2.57,-1.84,-2.89
48285,57.9,50.72,44.7,37.72,28.03,20.36,13.05
48287,24.5,19.5,14.92,10.66,3.17,-2.42,-6.64
48289,4.3,3.03,1.62,0.69,-3.18,-4.88,-5.2
48291,118.3,102.78,84.8,66.16,49.27,30.53,14.0
48293,107.2,94.4,81.48,67.92,50.97,37.03,24.87
48295,0.0,-0.79,-0.4,0.46,3.55,4.43,6.09
48297,21.4,20.92,21.96,20.92,18.42,17.08,16.51
48299,83.4,70.84,58.95,46.53,31.91,19.91,8.32
48301,0.0,-0.78,-0.79,0.35,0.24,-0.37,-0.81
48303,94.2,84.05,73.88,63.6,52.84,41.76,30.09
48305,2.4,1.21,-0.27,-1.82,-4.25,-6.54,-9.18
48307,76.1,63.18,51.3,39.88,25.37,13.15,0.76
48309,89.8,77.15,64.41,51.97,35.88,22.36,9.46
48311,0.0,-0.08,1.76,1.08,-1.28,-0.13,0.5
48313,51.8,45.53,39.03,33.05,24.89,18.03,13.2
48315,2.8,1.12,-1.92,-5.02,-8.73,-10.9,-13.2
48317,3.8,1.58,0.05,-1.03,-3.0,-4.04,-6.55
48319,6.5,3.22,2.28,0.81,-3.47,-4.56,-5.66
48321,80.1,70.81,61.68,52.63,41.85,32.03,23.76
48323,31.3,29.09,26.59,23.44,19.13,17.72,12.82
48325,44.0,43.43,43.64,41.29,38.62,39.31,39.22
48327,0.0,-0.21,1.25,3.12,2.76,4.59,5.89
48329,81.0,67.14,53.26,39.88,25.93,12.88,-2.16
48331,81.3,64.4,48.78,32.52,13.15,-3.65,-19.35
48333,0.0,-2.07,-2.05,-2.65,-5.9,-7.32,-8.16
48335,3.1,1.93,2.93,3.31,0.99,1.06,0.13
48337,92.2,83.35,75.74,68.47,59.66,50.52,42.07
48339,75.5,66.73,55.63,44.43,34.17,22.95,13.87
48341,66.2,58.43,51.87,45.07,39.35,33.73,28.15
48343,102.2,102.35,101.26,99.87,98.75,98.85,98.42
48345,0.0,-0.32,-0.46,-1.65,-3.65,-3.35,-4.55
48347,119.6,103.34,87.18,69.21,50.8,33.22,16.14
48349,86.2,78.37,70.11,61.5,50.54,40.87,33.28
48351,2.9,1.13,-3.05,-7.41,-10.9,-15.28,-18.3
48353,147.0,128.33,111.7,94.88,75.74,59.01,41.49
48355,92.1,83.85,77.84,66.74,57.46,49.55,41.29
48357,80.2,42.14,5.31,-31.12,-66.28,-103.78,-139.63
48359,0.0,-0.28,-0.1,0.01,-0.23,0.87,1.98
48361,127.3,119.22,107.58,97.04,85.97,74.26,65.14
48363,130.6,117.23,104.49,91.52,77.09,63.29,50.16
48365,83.7,81.47,78.04,72.83,67.81,63.46,59.0
48367,81.1,75.52,71.73,67.12,60.44,54.81,49.91
48369,2.6,1.29,-1.31,-3.38,-6.32,-8.09,-10.78
48371,44.5,37.48,31.45,24.79,19.0,12.84,5.29
48373,120.5,107.07,91.97,75.87,60.11,43.12,28.69
48375,89.3,78.61,68.63,57.97,48.66,39.17,30.13
48377,0.0,-0.15,2.0,1.95,2.74,2.52,0.08
48379,75.8,73.53,71.47,69.14,65.97,63.07,60.67
48381,84.9,76.16,68.0,59.29,51.96,45.29,38.3
48383,0.0,0.43,2.52,4.33,4.01,5.97,5.91
48385,0.0,-0.25,1.33,1.63,1.45,3.24,3.24
48387,6.0,2.74,-0.34,-2.45,-4.91,-7.22,-10.12
48389,91.0,76.46,63.22,50.67,37.28,23.32,8.1
48391,3.2,1.31,0.79,-3.19,-7.33,-10.49,-13.57
48393,0.0,-0.7,-0.22,0.06,2.56,2.69,4.45
48395,6.0,3.39,2.17,0.33,-3.43,-5.65,-6.09
48397,78.7,69.47,61.73,53.19,42.94,33.22,24.79
48399,61.8,54.84,49.02,45.21,37.68,31.86,26.56
48401,68.1,52.73,36.7,18.96,2.36,-13.76,-29.89
48403,7.0,3.39,-0.84,-7.27,-12.52,-18.18,-23.25
48405,7.0,3.39,-1.14,-7.32,-12.73,-18.15,-22.8
48407,1.9,0.18,-2.82,-7.64,-11.0,-15.97,-18.35
48409,80.1,80.0,82.02,79.42,77.81,77.7,77.45
48411,77.8,6.88,-62.22,-131.31,-203.54,-272.95,-342.65
48413,0.0,-0.13,1.99,4.37,3.64,6.09,6.74
48415,106.6,91.67,78.64,65.35,49.37,35.47,21.27
48417,0.0,-0.18,-0.6,-0.59,-3.58,-4.7,-6.33
48419,89.7,60.53,30.55,-1.84,-33.72,-64.57,-95.36
48421,31.2,2.53,-26.59,-54.01,-80.91,-107.41,-134.0
48423,107.9,94.96,81.54,66.55,51.22,36.89,22.84
48425,8.6,5.55,3.61,1.29,-3.36,-6.72,-10.04
48427,32.7,32.34,31.51,28.35,25.97,23.7,21.39
48429,128.1,119.5,111.18,103.76,93.12,83.76,74.61
48431,0.0,-0.12,0.88,2.66,1.98,3.07,3.17
48433,4.9,4.05,1.78,0.23,-3.44,-4.22,-7.02
48435,6.5,5.27,5.1,4.81,2.93,2.54,0.19
48437,3.0,2.2,1.86,0.93,-0.24,-0.4,-0.98
48439,76.0,69.01,62.47,55.21,46.48,38.94,32.29
48441,130.7,115.67,100.82,86.29,68.97,53.35,37.76
48443,0.0,-0.1,0.48,0.01,0.37,0.77,-1.13
48445,63.4,53.68,43.91,34.21,23.66,14.2,2.73
48447,0.0,-0.29,-1.45,-1.36,-3.87,-4.53,-5.73
48449,106.0,91.01,75.13,59.03,43.11,28.09,12.23
48451,92.4,80.8,71.44,63.24,51.72,42.42,32.73
48453,61.1,55.56,49.58,43.26,33.85,27.31,21.64
48455,57.5,42.38,27.31,11.23,-5.49,-22.1,-37.71
48457,32.0,22.78,10.68,-1.4,-13.08,-25.12,-35.38
48459,26.1,20.45,12.99,4.99,-2.95,-9.47,-16.76
48461,1.9,1.19,1.82,2.93,3.27,3.92,3.21
48463,76.9,72.23,68.75,63.8,58.8,56.66,51.94
48465,42.5,39.6,37.61,33.83,31.62,29.43,25.26
48467,88.3,81.53,75.99,69.25,61.45,54.44,48.22
48469,121.1,104.51,89.72,72.92,54.34,37.65,22.43
48471,87.0,77.1,66.05,55.55,43.75,32.17,22.5
48473,7.3,5.38,2.38,-1.19,-4.56,-8.37,-9.07
48475,73.4,70.21,68.99,67.53,65.67,63.37,60.07
48477,90.5,87.95,85.69,82.16,78.11,74.2,72.09
48479,30.2,29.19,28.15,25.33,22.48,21.45,17.23
48481,76.8,69.35,61.98,53.75,44.83,36.45,30.29
48483,47.7,45.53,44.55,43.74,43.69,42.62,41.85
48485,119.1,108.21,97.51,87.76,77.32,67.4,55.83
48487,167.2,152.63,138.25,124.75,108.67,94.32,79.24
48489,53.8,47.38,40.89,31.0,22.16,14.06,5.29
48491,70.6,64.75,59.38,53.52,45.16,39.68,34.88
48493,56.3,59.17,64.98,68.76,70.18,74.08,78.9
48495,87.1,60.9,35.53,11.46,-13.97,-39.8,-66.38
48497,68.9,62.95,58.51,54.0,47.44,40.55,34.28
48499,115.9,98.01,79.78,60.9,42.32,23.61,5.24
48501,8.7,6.71,3.06,0.3,-3.39,-5.83,-10.01
48503,112.6,103.53,95.72,89.04,79.58,71.21,62.84
48505,2.2,13.74,24.1,32.37,42.16,52.13,60.4
48507,5.0,0.83,-3.19,-8.66,-14.17,-16.38,-21.86
49001,91.8,97.83,103.86,109.67,116.94,123.32,129.59
49003,85.5,81.72,81.46,77.95,77.78,76.68,74.14
49005,66.7,61.2,59.43,54.32,53.17,49.85,46.31
49007,188.9,183.25,179.65,173.74,170.69,166.38,161.86
49009,0.0,-0.34,-1.59,-3.95,-3.5,-3.56,-3.3
49011,72.9,68.86,67.04,63.49,63.21,63.35,61.54
49013,54.1,50.99,48.6,44.72,42.91,41.08,39.69
49015,97.4,96.37,98.01,97.72,99.93,101.01,102.36
49017,92.7,87.34,81.18,74.2,67.25,60.82,54.76
49019,108.4,95.73,82.67,68.75,56.76,43.67,30.96
49021,105.0,110.78,115.8,121.36,127.67,133.36,139.48
49023,96.9,95.7,96.02,94.78,96.59,96.24,95.87
49025,130.4,148.73,167.0,185.19,203.18,221.38,239.77
49027,69.0,69.93,71.35,71.95,75.04,76.7,78.33
49029,60.8,61.54,64.14,65.36,70.26,75.26,78.11
49031,0.0,0.0,-0.16,-1.75,-2.12,-3.87,-4.44
49033,44.0,31.69,22.11,9.43,1.08,-9.3,-20.51
49035,80.2,74.98,72.41,68.22,67.41,66.1,63.26
49037,23.5,19.23,13.69,8.51,4.97,0.14,-2.64
49039,95.5,87.13,80.64,72.87,67.62,60.33,53.08
49041,130.2,124.58,118.82,111.54,107.16,100.41,94.42
49043,69.9,65.8,63.61,60.45,60.58,60.26,58.55
49045,81.5,72.96,66.45,58.88,54.93,49.94,43.98
49047,82.8,71.73,59.64,47.02,36.4,24.58,14.17
49049,64.5,61.15,59.33,55.62,55.48,54.12,52.42
49051,79.6,75.07,72.5,68.04,67.38,65.33,62.36
49053,96.1,91.94,86.31,81.09,75.69,70.91,65.65
49055,0.0,-0.19,0.66,-0.54,0.4,1.1,2.16
49057,90.7,86.95,85.73,82.97,82.6,82.28,80.78
50001,27.2,43.4,59.75,74.51,91.39,108.14,122.47
50003,83.4,81.74,79.93,75.78,73.56,72.3,69.47
50005,45.7,62.99,79.56,94.04,111.29,127.14,142.13
50007,43.6,50.89,58.93,65.65,74.25,82.95,89.22
50009,0.1,10.76,19.96,27.97,38.07,47.79,56.62
50011,58.0,82.86,106.65,129.5,154.92,181.59,205.04
50013,13.3,20.25,27.09,32.8,40.62,49.17,55.75
50015,34.7,57.52,79.68,100.37,123.87,147.94,169.19
50017,22.1,41.81,61.69,79.28,99.74,120.4,139.0
50019,31.7,60.0,87.21,113.05,141.25,169.29,196.01
50021,88.9,85.41,82.08,77.07,73.5,70.04,65.87
50023,38.9,57.97,76.25,93.53,112.95,132.84,150.34
50025,77.9,74.78,72.12,66.84,63.34,61.05,57.65
50027,50.0,48.58,46.45,43.27,41.84,40.97,39.07
51001,70.5,64.84,59.49,53.28,49.28,44.34,35.99
51003,65.0,60.76,56.85,52.12,46.11,40.8,32.46
51005,90.4,82.64,75.65,67.13,59.67,51.98,43.74
51007,54.2,51.43,48.6,46.66,42.57,38.75,32.22
51009,90.4,82.62,76.11,67.72,59.64,52.66,42.82
51011,146.2,138.84,133.01,126.19,119.04,112.5,103.19
51013,28.0,24.94,23.74,19.99,18.31,14.71,10.02
51015,33.3,25.32,18.0,9.87,1.68,-6.48,-16.23
51017,8.7,5.17,1.94,-2.86,-5.89,-9.99,-14.54
51019,50.0,46.23,43.88,41.18,38.42,36.78,32.85
51021,71.1,79.22,88.3,97.61,106.64,116.68,125.08
51023,46.3,41.09,38.27,33.89,29.66,26.64,21.19
51025,29.0,25.45,22.54,20.12,16.1,12.28,4.51
51027,84.7,85.69,86.63,88.93,91.03,93.83,94.6
51029,2.7,1.82,0.82,0.47,-1.15,-2.51,-7.35
51031,38.0,33.48,30.45,26.52,22.27,18.98,13.48
51033,19.9,20.29,20.35,20.51,18.71,17.84,15.72
51035,44.7,43.54,42.26,42.2,41.44,40.83,39.46
51036,0.0,-0.94,-2.75,-4.41,-7.05,-9.13,-12.78
51037,43.9,43.3,43.47,42.43,40.06,39.31,36.31
51041,77.9,72.42,67.28,62.47,55.65,49.84,41.94
51043,21.6,26.41,31.87,36.06,42.24,46.98,50.12
51045,8.4,5.41,4.38,2.16,-0.98,-2.92,-6.97
51047,79.3,71.96,64.18,55.64,47.68,38.93,28.72
51049,35.5,32.98,30.42,27.78,24.21,20.45,13.69
51051,157.3,137.73,117.22,98.0,78.79,59.62,38.94
51053,5.5,4.5,2.44,2.16,-0.14,-2.65,-8.13
51057,123.3,122.73,121.15,119.4,117.36,115.43,110.77
51059,33.7,30.53,29.63,26.47,25.21,21.5,17.32
51061,81.6,76.66,71.65,65.85,60.76,54.59,46.77
51063,65.0,58.86,54.07,49.26,43.45,39.14,32.7
51065,38.0,36.22,33.91,32.49,29.3,26.33,19.8
51067,96.2,86.64,78.02,69.58,60.13,52.63,42.98
51069,62.9,58.38,54.21,49.07,46.17,41.9,35.17
51071,149.5,142.88,137.41,131.32,125.42,120.54,112.86
51073,128.1,120.02,110.82,102.99,94.75,84.96,73.67
51075,16.4,15.04,14.06,13.24,10.08,7.4,2.55
51077,28.3,9.58,-8.25,-25.87,-43.54,-60.8,-79.17
51079,88.8,83.21,77.85,72.09,65.58,58.68,49.74
51081,0.0,-2.0,-3.99,-5.07,-7.94,-10.24,-15.75
51083,75.9,86.97,99.09,110.41,120.0,131.88,141.89
51085,102.0,96.03,90.67,84.77,77.88,71.51,63.34
51087,81.0,75.21,69.71,64.16,56.54,49.76,41.36
51089,101.1,77.44,54.4,31.61,7.85,-13.88,-38.29
51091,0.0,-0.42,-1.08,-3.11,-3.89,-5.67,-8.69
51093,67.3,67.31,68.27,70.56,71.56,71.53,69.57
51095,112.7,107.03,100.37,95.14,88.66,81.41,72.62
51097,0.0,-0.42,-1.63,-2.82,-4.06,-5.92,-10.3
51099,54.5,53.46,52.38,50.19,47.78,45.5,41.58
51101,47.4,42.62,36.96,31.42,24.83,18.23,9.64
51103,187.1,183.46,179.31,175.27,172.01,168.22,161.78
51105,129.3,112.56,93.2,74.46,56.45,38.23,20.06
51107,40.9,38.27,36.1,32.53,31.01,26.65,21.74
51109,58.9,53.36,48.03,42.49,35.48,28.58,20.28
51111,4.3,2.13,0.79,-1.5,-4.72,-6.48,-12.12
51113,0.0,-0.59,-1.18,-2.54,-3.72,-5.4,-9.2
51115,63.4,59.98,55.88,52.69,50.06,45.52,39.09
51117,115.3,112.22,110.12,106.92,102.68,99.47,93.03
51119,5.4,4.15,1.8,0.26,-1.16,-3.64,-7.99
51121,72.5,65.43,60.08,53.31,46.77,40.82,32.99
51125,27.4,25.73,24.34,22.3,19.66,17.8,13.13
51127,68.8,62.07,54.74,47.7,39.5,31.76,22.05
51131,115.5,112.55,110.03,107.21,105.76,102.73,97.62
51133,37.3,34.81,31.7,28.05,25.6,23.06,17.88
51135,88.6,66.32,44.33,22.78,-0.59,-23.66,-49.92
51137,105.3,96.98,88.09,79.02,69.71,59.15,47.45
51139,102.9,99.33,95.53,90.88,86.46,80.48,74.07
51141,85.1,77.63,70.25,64.07,56.29,50.59,42.51
51143,22.8,23.09,24.01,24.84,24.84,26.32,25.95
51145,55.5,51.55,47.2,43.68,37.66,32.35,25.12
51147,113.6,105.44,97.54,89.16,79.73,70.97,59.05
51149,0.6,-2.04,-5.56,-7.5,-12.09,-15.67,-21.96
51153,44.0,40.55,37.73,33.31,29.78,24.93,19.25
51155,142.6,135.54,129.34,122.95,117.2,111.49,104.93
51157,0.0,-0.54,-0.53,-2.21,-3.06,-4.11,-7.44
51159,45.5,43.46,40.4,37.25,34.41,31.73,26.55
51161,98.6,89.41,81.6,72.3,63.1,55.47,45.38
51163,0.0,-9.97,-19.26,-29.46,-39.5,-48.78,-59.92
51165,34.8,31.3,27.97,23.39,19.71,14.38,7.91
51167,138.3,118.24,97.76,77.95,57.47,37.79,16.22
51169,169.4,160.62,149.54,140.16,131.34,121.75,111.6
51171,84.4,74.96,65.33,54.79,44.72,33.44,20.73
51173,151.7,139.44,127.06,115.13,103.33,92.33,79.96
51175,3.5,1.51,-0.45,-0.7,-2.99,-5.77,-10.5
51177,83.2,76.83,69.7,62.58,55.23,47.33,38.58
51179,57.9,54.21,50.36,45.97,41.69,36.38,30.46
51181,0.0,-0.23,-0.34,1.11,-0.1,-1.11,-4.06
51183,27.1,24.65,21.99,21.48,18.14,15.94,10.2
51185,231.1,202.15,174.25,146.49,117.98,90.8,61.83
51187,99.6,92.78,86.55,79.63,74.05,67.13,57.97
51191,127.5,115.97,103.42,92.29,80.86,69.86,57.58
51193,52.4,46.04,39.04,31.42,24.02,16.7,7.78
51195,235.7,208.34,179.43,151.55,124.44,96.74,68.04
51197,122.5,119.97,117.67,116.19,114.4,113.12,110.99
51199,57.7,50.84,44.12,39.06,33.0,25.15,15.8
51510,38.3,35.47,34.51,31.2,28.96,25.47,20.54
51520,190.8,185.14,178.09,173.18,167.79,163.13,156.49
51530,85.1,71.04,57.75,43.81,30.31,17.43,2.23
51540,77.2,69.89,63.24,55.84,47.3,39.35,28.35
51550,74.8,68.79,63.04,58.68,53.24,46.88,38.18
51570,277.3,247.56,217.29,188.22,157.03,126.77,93.66
51580,287.6,260.05,233.54,205.38,178.15,150.79,122.48
51590,199.1,188.98,179.94,170.27,158.69,149.36,137.99
51595,315.5,303.17,290.93,279.67,266.89,254.56,238.84
51600,88.7,82.13,77.2,70.34,65.22,57.76,49.64
51610,81.5,66.81,54.24,39.51,26.4,11.72,-4.26
51620,294.5,274.19,254.75,236.6,216.65,196.05,173.65
51630,165.2,173.63,181.58,189.01,196.45,203.41,209.34
51640,460.3,433.78,407.76,382.4,356.58,331.11,304.86
51650,90.9,86.62,83.11,80.89,77.77,73.47,67.25
51660,143.3,134.73,126.07,116.37,107.52,96.98,85.56
51670,131.4,116.22,100.69,85.83,69.11,53.37,35.32
51678,325.7,281.16,237.63,192.96,148.52,104.78,59.23
51680,154.2,138.85,125.53,110.4,95.61,82.1,65.62
51683,123.9,118.15,113.33,106.7,101.13,93.93,86.26
51685,0.0,-1.19,-1.24,-3.27,-4.1,-6.95,-10.31
51690,532.5,457.53,383.4,309.19,234.06,161.23,85.71
51700,73.5,69.01,65.23,62.63,58.95,54.11,47.38
51710,74.1,70.52,67.65,66.76,64.33,60.74,55.25
51720,563.3,513.22,461.52,410.89,361.11,310.88,259.41
51730,167.4,156.52,144.8,135.0,122.62,110.94,96.44
51735,102.6,94.25,86.73,80.26,72.6,63.63,52.95
51740,120.6,114.88,109.63,105.89,100.94,95.29,87.16
51750,124.4,109.6,96.41,82.11,68.06,54.71,39.49
51760,67.8,59.67,50.84,42.69,32.2,23.01,11.99
51770,122.0,109.19,97.78,85.26,72.61,61.69,48.35
51775,242.5,222.9,204.92,186.05,166.63,148.91,128.82
51790,217.6,193.18,169.22,144.5,120.22,95.36,68.82
51800,91.5,89.62,88.79,89.21,88.69,87.02,83.44
51810,68.4,64.96,61.73,59.99,57.54,53.34,47.94
51820,262.5,234.75,206.96,178.6,149.93,121.0,90.51
51830,0.0,-1.02,-2.67,-2.78,-4.2,-6.7,-10.46
51840,201.6,191.84,182.45,171.99,163.87,154.48,142.78
53001,33.0,29.62,27.84,26.25,23.29,20.7,18.38
53003,152.8,146.37,142.4,138.81,133.68,131.09,126.54
53005,110.5,107.87,106.78,104.68,103.89,103.59,102.26
53007,91.9,87.16,82.15,78.78,74.04,69.9,67.33
53009,140.0,128.23,116.33,107.08,96.85,87.82,76.93
53011,67.5,63.39,60.1,56.21,55.05,52.54,49.35
53013,128.7,117.65,108.01,98.8,88.48,79.39,68.48
53015,105.6,97.65,89.99,83.03,76.96,71.84,65.56
53017,67.7,65.38,62.78,62.08,59.28,57.19,56.81
53019,76.1,70.17,66.49,61.66,56.16,51.88,49.42
53021,70.1,68.84,69.0,67.87,67.53,67.88,67.54
53023,143.0,132.62,124.98,116.69,107.95,100.87,92.17
53025,81.1,76.08,72.15,70.26,66.22,62.51,60.45
53027,123.9,119.63,114.15,111.83,107.82,105.08,101.41
53029,46.6,43.39,39.86,37.9,35.54,35.03,32.81
53031,96.5,90.45,84.3,80.34,74.67,71.2,66.12
53033,55.5,51.17,46.95,43.24,39.3,36.15,32.39
53035,71.2,66.69,61.53,58.34,53.56,50.45,46.42
53037,65.0,62.55,58.92,57.4,55.19,53.72,52.25
53039,29.4,23.56,16.51,11.77,8.3,3.59,-1.55
53041,116.0,107.05,99.45,92.47,84.7,78.31,70.87
53043,164.1,95.8,31.42,-32.99,-100.66,-166.25,-230.8
53045,100.9,97.19,92.46,90.39,86.36,83.41,80.72
53047,77.3,78.36,79.44,81.64,82.15,83.9,88.06
53049,48.3,43.49,37.71,33.54,29.34,25.5,20.22
53051,136.0,126.56,120.52,113.75,105.54,98.46,94.1
53053,72.9,69.09,63.97,60.27,55.99,52.94,49.41
53055,36.8,41.73,45.87,51.65,57.56,65.71,72.51
53057,94.3,89.69,84.74,81.17,77.33,75.3,72.5
53059,60.1,45.2,30.83,16.91,4.68,-9.02,-23.28
53061,83.5,78.46,73.75,68.47,63.69,60.61,56.71
53063,92.5,86.27,84.6,81.77,78.22,75.58,74.06
53065,92.0,84.28,79.45,74.29,67.67,61.87,58.85
53067,71.6,69.35,66.51,66.62,65.11,64.67,63.36
53069,67.1,29.04,-10.2,-47.66,-84.99,-121.42,-159.66
53071,94.2,90.53,88.85,87.77,85.02,84.17,82.82
53073,79.3,76.86,73.98,71.86,70.06,69.97,69.54
53075,53.0,52.06,54.61,56.31,57.75,59.6,61.09
53077,78.0,72.57,66.37,61.69,58.33,54.2,49.2
54001,110.7,94.72,78.63,61.02,45.42,27.66,9.47
54003,115.3,102.03,88.77,75.12,63.51,49.72,34.64
54005,192.1,171.69,152.26,133.62,113.74,94.52,72.97
54007,114.5,99.0,84.22,68.14,53.31,37.61,20.6
54009,114.3,98.74,83.73,67.57,51.94,34.51,16.39
54011,148.8,136.02,123.83,111.36,99.87,87.48,72.88
54013,70.2,57.57,45.39,31.9,18.99,4.86,-9.63
54015,75.3,66.69,58.73,50.33,42.22,33.84,23.52
54017,47.7,41.76,36.04,28.48,22.33,14.43,6.35
54019,95.4,90.47,87.01,82.37,78.36,74.54,67.59
54021,81.8,74.91,68.12,59.82,52.98,44.23,35.75
54023,104.4,95.06,84.61,73.3,64.34,52.29,40.16
54025,148.4,127.84,108.6,87.6,66.92,47.8,26.05
54027,82.1,68.89,54.38,40.19,26.83,11.88,-4.11
54029,152.0,139.58,127.94,115.27,103.04,89.68,75.66
54031,97.0,86.19,74.31,61.86,51.5,38.32,24.5
54033,130.3,119.63,108.51,96.04,84.89,72.03,58.26
54035,130.6,107.67,85.0,61.6,38.66,15.06,-9.69
54037,88.6,85.59,82.89,79.11,77.71,74.19,69.45
54039,155.2,131.78,109.39,86.5,63.22,40.47,15.35
54041,107.7,88.0,68.49,47.29,27.27,6.34,-15.69
54043,73.9,63.22,53.09,43.07,32.54,22.68,10.4
54045,263.0,209.03,156.18,104.19,51.17,-1.25,-55.48
54047,156.4,136.79,118.79,100.19,81.98,64.2,45.25
54049,113.0,97.77,82.23,66.07,50.13,33.02,15.16
54051,137.9,130.17,121.62,112.59,104.16,94.07,83.29
54053,118.3,101.64,85.18,68.42,52.36,34.66,16.61
54055,160.5,151.25,142.05,132.61,123.84,116.47,106.29
54057,118.2,109.28,100.45,91.06,83.35,73.12,62.14
54059,181.3,135.86,91.27,47.26,2.1,-41.97,-87.32
54061,78.2,70.02,60.84,51.52,43.29,33.81,23.07
54063,28.3,26.54,26.46,25.29,23.68,23.6,20.27
54065,72.3,71.22,69.64,67.63,67.34,65.11,62.06
54067,186.8,158.9,130.88,102.01,74.55,46.74,16.45
54069,106.9,95.36,83.48,70.54,58.84,45.14,31.39
54071,83.6,88.04,91.49,93.33,97.92,99.85,100.43
54073,134.1,122.82,111.59,99.51,87.86,74.19,60.83
54075,68.1,56.95,45.7,32.78,21.87,10.15,-2.14
54077,71.4,73.57,75.0,75.63,78.75,78.98,78.57
54079,121.2,106.33,92.12,77.46,62.87,48.36,31.78
54081,164.6,145.27,127.02,108.46,90.09,72.68,52.13
54083,122.4,113.02,103.36,92.26,83.52,72.35,60.56
54085,69.2,58.54,48.63,36.29,25.63,12.77,0.02
54087,125.6,109.14,93.67,76.54,60.47,43.36,25.47
54089,108.2,104.49,102.29,98.43,95.82,93.73,88.41
54091,89.2,80.49,71.55,61.79,53.27,43.05,32.01
54093,41.2,45.69,49.49,52.32,58.41,60.88,62.52
54095,63.1,55.05,45.78,36.05,27.2,16.87,5.53
54097,82.6,71.33,59.67,47.16,36.04,23.37,9.61
54099,82.5,75.61,69.87,63.79,58.27,52.51,44.15
54101,76.6,68.5,60.23,50.98,44.0,34.65,24.29
54103,118.0,108.26,98.2,87.47,77.37,66.32,54.3
54105,66.2,50.35,35.61,19.43,4.87,-12.38,-29.42
54107,152.3,133.28,114.79,95.88,77.41,57.18,36.7
54109,218.2,192.67,169.49,145.86,122.3,99.34,74.58
55001,49.6,46.06,43.26,40.22,36.99,35.22,31.57
55003,98.8,101.22,106.44,109.73,112.31,116.62,120.64
55005,79.9,74.95,70.5,66.33,60.25,57.33,53.05
55007,10.3,10.44,11.89,12.1,11.9,12.76,13.64
55009,73.6,69.82,66.84,62.89,58.91,56.97,52.8
55011,7.2,2.24,-3.53,-7.73,-13.99,-18.4,-24.14
55013,58.7,62.69,66.44,69.89,73.12,77.84,81.77
55015,21.8,20.3,18.74,16.76,16.08,15.89,13.5
55017,63.2,64.04,64.73,66.76,65.58,68.19,68.85
55019,35.1,36.37,38.07,40.25,41.31,44.8,46.16
55021,103.5,98.36,93.02,87.9,82.82,79.4,74.81
55023,79.7,73.2,65.82,58.28,51.96,45.7,38.25
55025,62.4,58.77,53.87,50.45,47.19,45.31,41.76
55027,46.3,44.89,43.4,41.44,40.62,40.51,40.04
55029,59.8,69.99,82.54,92.98,104.34,116.83,127.36
55031,84.4,72.88,61.73,49.47,38.38,28.93,18.68
55033,53.0,43.36,33.31,24.17,12.64,4.31,-5.52
55035,72.2,64.05,55.22,48.0,38.78,32.57,24.28
55037,0.0,-0.85,1.96,1.39,1.17,2.8,3.63
55039,57.4,55.35,53.64,51.1,49.92,49.21,48.08
55041,53.9,50.37,49.1,44.78,40.51,39.42,36.2
55043,53.7,51.47,48.96,47.09,46.43,45.98,43.59
55045,64.3,60.06,53.74,49.16,45.92,43.09,38.04
55047,74.1,67.63,61.31,55.25,49.39,44.2,37.59
55049,51.0,49.91,47.55,46.65,46.45,47.57,46.35
55051,75.1,72.27,71.97,70.21,67.48,66.48,64.73
55053,30.0,26.78,22.97,20.68,16.68,13.97,10.27
55055,73.2,68.45,62.49,57.91,54.08,51.2,47.19
55057,117.3,123.1,129.77,136.53,142.36,149.91,155.68
55059,75.8,71.33,65.87,59.97,56.05,52.79,47.45
55061,27.3,24.96,23.63,21.44,19.75,19.05,15.76
55063,71.1,64.96,57.51,51.58,44.77,38.85,31.89
55065,14.9,13.9,12.08,10.94,10.95,11.71,10.03
55067,111.6,106.47,103.22,98.94,94.27,92.59,88.58
55069,82.1,78.28,76.82,74.16,69.75,68.82,66.5
55071,74.8,69.55,64.17,57.12,53.45,48.89,42.77
55073,56.3,52.91,51.23,49.81,46.79,46.89,44.92
55075,89.2,82.16,77.76,72.39,66.35,62.09,56.74
55077,38.4,36.27,34.33,32.6,30.07,29.3,26.61
55078,0.0,-0.54,0.73,0.15,-0.17,2.23,2.15
55079,89.7,84.77,79.77,74.7,71.31,68.11,63.25
55081,74.2,67.94,60.6,53.91,47.26,41.63,34.34
55083,43.5,39.69,37.14,34.1,29.74,27.97,24.42
55085,102.4,93.47,86.51,76.74,66.42,59.07,50.43
55087,66.7,61.74,57.47,52.43,47.34,44.15,38.51
55089,66.5,63.51,60.03,56.42,54.69,53.57,50.71
55091,72.0,63.77,54.68,46.49,36.5,28.93,19.74
55093,37.4,36.05,33.61,31.68,27.86,26.66,24.19
55095,79.5,72.42,65.39,57.87,49.5,43.38,35.72
55097,65.8,59.66,53.79,49.13,43.45,39.63,34.24
55099,62.1,56.12,52.37,46.94,39.66,35.28,29.88
55101,89.1,84.69,79.47,73.78,70.23,67.08,62.08
55103,19.8,17.53,14.67,11.74,9.82,9.55,6.85
55105,89.5,84.57,77.24,71.1,65.73,61.59,55.46
55107,40.4,34.56,29.15,23.16,16.0,12.36,6.95
55109,47.5,40.96,33.38,26.33,17.65,10.72,3.2
55111,75.7,73.84,72.39,70.7,68.97,69.31,67.35
55113,101.5,100.16,100.0,99.07,97.4,97.97,97.16
55115,54.1,48.4,44.13,38.61,32.53,29.66,23.63
55117,77.6,73.52,68.89,63.93,60.74,57.43,52.36
55119,33.5,31.46,31.39,31.27,29.24,30.77,30.32
55121,25.6,23.24,19.95,19.01,16.09,14.1,11.22
55123,51.0,46.71,41.33,35.99,31.13,27.27,22.0
55125,70.2,62.52,56.86,48.94,40.38,34.31,27.02
55127,72.4,67.39,61.73,56.76,52.59,49.16,44.21
55129,65.4,31.64,-1.09,-34.72,-68.81,-100.81,-133.88
55131,76.1,71.42,65.89,60.25,55.89,52.69,47.97
55133,76.9,73.51,69.71,65.7,63.49,61.55,58.21
55135,94.8,89.03,84.29,80.12,73.79,70.73,65.3
55137,26.6,25.03,23.54,22.69,20.98,20.74,18.94
55139,64.2,59.41,54.99,50.56,46.93,43.72,38.76
55141,83.5,75.7,68.76,63.07,56.81,51.32,43.94
56001,55.8,51.75,47.96,43.31,41.35,36.55,34.92
56003,62.1,58.41,57.99,55.6,53.55,51.9,50.68
56005,82.2,75.21,71.13,66.9,62.02,56.45,53.47
56007,76.8,80.43,82.1,83.97,87.97,90.51,95.6
56009,64.5,60.22,56.58,52.17,49.45,44.82,43.74
56011,0.6,0.25,2.3,4.93,6.15,8.11,11.84
56013,95.1,93.14,91.29,88.83,87.11,83.82,82.28
56015,42.3,38.78,36.87,33.17,31.86,29.99,28.34
56017,98.3,102.03,107.77,111.94,116.58,119.21,124.98
56019,68.0,67.32,69.59,71.32,71.91,73.28,75.15
56021,84.3,77.93,71.88,66.65,62.42,56.16,51.54
56023,80.1,80.55,84.09,84.34,88.21,90.99,93.86
56025,89.3,82.04,76.23,69.37,64.44,57.41,53.31
56027,2.4,1.37,3.03,1.97,4.13,5.31,7.34
56029,106.0,98.11,93.12,86.89,81.01,73.23,67.6
56031,58.5,55.26,54.04,51.04,51.49,50.28,50.51
56033,60.8,55.39,51.84,47.79,43.71,40.32,36.89
56035,63.7,56.75,51.29,43.82,40.01,34.82,30.13
56037,93.5,86.52,78.5,69.85,64.7,57.31,51.2
56039,81.2,76.34,75.32,71.87,70.12,68.9,66.88
56041,112.4,104.8,97.53,89.48,85.22,79.94,73.45
56043,109.7,95.97,83.81,71.05,57.97,43.53,31.65
56045,68.3,58.58,50.33,42.19,33.64,25.93,19.23
