FIPS,2014 kals,2015 kals,2016 kals,2017 kals,2018 kals,2019 kals,2020 kals
01001,145.3,130.38,129.8,114.16,97.11,82.38,67.22
01003,143.5,132.17,124.0,107.38,93.66,81.03,68.41
01005,102.0,93.77,92.64,90.5,86.3,82.63,78.4
01007,75.8,69.32,95.4,90.79,80.9,73.75,65.33
01009,63.2,57.31,56.55,49.54,44.81,42.35,38.02
01011,34.3,23.69,20.05,19.93,24.05,28.08,31.72
01013,145.0,139.78,135.28,120.06,106.32,94.24,79.88
01015,180.0,165.87,160.77,141.46,130.11,118.92,107.18
01017,163.1,147.87,141.1,127.83,117.43,107.79,97.18
01019,175.1,168.68,157.93,135.55,128.86,123.32,115.84
01021,132.1,120.77,120.86,107.77,96.06,86.16,75.43
01023,141.2,99.09,97.66,91.28,68.0,49.15,29.29
01025,184.3,166.08,165.02,156.47,144.49,134.48,124.21
01027,150.6,139.64,133.89,117.93,105.75,94.52,82.58
01029,48.2,50.21,44.18,46.38,37.69,29.43,20.52
01031,143.2,132.38,129.69,121.35,114.32,107.91,100.18
01033,234.3,223.1,208.94,187.92,167.17,147.75,128.24
01035,154.4,105.76,94.33,87.92,87.44,88.89,87.75
01037,35.7,26.73,25.61,23.43,23.51,25.27,25.14
01039,216.2,198.82,172.12,148.35,135.26,123.36,109.47
01041,101.5,93.85,90.7,80.88,60.56,41.58,21.07
01043,182.6,171.85,166.33,145.3,127.35,112.18,94.82
01045,71.5,64.11,77.02,69.48,69.0,70.04,69.88
01047,123.3,115.97,117.85,102.74,83.01,65.4,46.74
01049,122.7,116.75,114.8,104.69,97.9,92.1,83.17
01051,122.7,112.87,116.99,113.14,98.73,86.44,73.56
01053,166.8,172.66,173.5,156.95,137.91,121.37,103.01
01055,191.4,172.53,157.54,132.96,125.92,120.08,112.48
01057,162.5,161.14,134.54,113.81,93.0,75.18,56.47
01059,225.5,221.79,222.65,186.3,153.18,122.13,90.53
01061,50.4,54.48,50.39,43.96,38.8,33.75,28.05
01063,98.6,79.29,79.85,55.65,37.28,22.59,6.89
01065,100.2,85.52,97.0,98.26,75.78,56.72,37.4
01067,37.3,47.38,32.15,26.55,21.25,16.69,11.64
01069,161.1,147.53,142.98,136.48,128.04,120.77,113.32
01071,135.6,117.74,142.44,141.94,130.58,120.11,107.17
01073,130.2,123.0,117.03,105.22,95.82,88.74,79.46
01075,105.8,107.3,103.78,81.54,80.43,82.28,82.61
01077,151.0,140.22,127.59,112.44,100.19,89.41,78.25
01079,140.5,126.68,114.82,101.47,87.87,76.15,64.16
01081,70.0,62.9,64.06,58.27,52.04,46.21,39.99
01083,79.1,70.2,75.36,68.78,61.03,54.77,47.37
01085,1.9,-0.09,0.63,-0.44,-1.16,0.14,0.33
01087,67.2,61.89,60.21,46.35,42.39,38.6,33.98
01089,122.0,116.99,114.13,101.3,85.79,72.48,58.07
01091,140.9,130.62,131.81,129.83,146.07,165.0,183.2
01093,207.3,193.64,182.53,164.28,140.46,118.99,97.01
01095,221.2,201.08,191.6,167.23,152.31,139.27,124.07
01097,158.5,143.45,133.62,119.17,107.33,96.99,86.71
01099,143.8,133.81,135.39,125.35,110.32,96.2,81.67
01101,101.7,87.48,88.08,84.63,70.62,58.68,45.68
01103,142.7,137.51,135.24,118.07,108.54,100.94,92.78
01105,5.2,3.41,4.27,3.23,-0.62,-1.24,-3.17
01107,124.7,100.29,82.4,70.92,62.8,58.24,54.13
01109,112.7,104.67,105.35,99.68,90.17,81.0,71.13
01111,126.3,112.74,108.86,100.24,86.57,73.54,59.7
01113,128.9,118.37,111.56,103.69,93.62,82.62,72.56
01115,112.9,107.19,113.56,106.36,99.83,95.38,89.61
01117,110.5,103.28,101.06,90.45,81.19,74.58,65.51
01119,45.7,40.57,40.33,36.84,27.76,22.56,16.45
01121,154.4,140.49,138.95,124.59,109.14,95.75,80.55
01123,109.8,102.88,107.53,100.73,93.08,86.98,79.09
01125,116.7,113.26,111.37,100.42,88.91,80.74,71.45
01127,291.1,252.01,236.02,219.0,204.77,192.8,179.42
01129,36.8,37.1,43.83,51.37,43.51,37.3,31.89
01131,62.1,62.69,66.15,56.72,50.96,47.02,41.89
01133,179.6,168.73,171.39,159.12,143.09,129.25,114.72
02013,0.0,0.0,-0.02,0.01,0.0,-1.19,-0.29
02016,0.0,0.02,0.01,-0.0,0.0,-0.78,0.21
02020,68.0,68.04,66.3,59.63,51.21,43.93,37.67
02050,0.0,-0.02,-0.01,0.0,0.02,-2.0,-1.78
02060,0.0,0.01,-0.01,-0.01,-0.0,0.56,-0.26
02063,0.0,-0.01,-0.01,-0.05,-0.06,-1.1,-0.0
02066,0.0,-0.02,-0.0,0.01,0.01,-1.53,-2.52
02068,0.0,-0.06,-0.04,-0.07,-0.07,-1.12,-1.75
02070,0.0,-0.0,0.01,-0.0,0.0,0.37,-0.9
02090,54.3,50.56,48.44,42.61,36.9,30.96,26.29
02100,0.0,-0.02,0.01,-0.06,-0.05,-2.2,-2.64
02105,0.0,-0.14,-0.04,-0.23,-0.26,-3.57,-3.79
02110,87.6,81.49,79.83,66.7,55.24,41.72,30.98
02122,100.0,100.09,97.92,82.88,76.33,70.91,64.0
02130,100.6,101.84,91.64,76.61,58.86,40.47,23.79
02150,38.6,34.26,33.6,28.42,23.24,18.2,14.99
02158,0.0,0.01,0.0,-0.0,-0.02,0.56,1.32
02164,0.0,-0.0,-0.01,-0.06,-0.04,0.65,0.34
02170,86.2,79.13,76.44,69.28,60.9,52.02,44.12
02180,0.0,-0.0,0.0,0.02,0.01,-0.27,-1.13
02185,0.0,0.01,0.01,0.01,-0.01,-0.27,0.28
02188,0.0,0.0,0.0,-0.02,0.01,-2.34,-3.55
02195,92.2,80.63,71.31,64.38,64.89,63.33,65.05
02198,59.0,63.74,56.43,39.14,29.01,17.05,7.28
02220,14.1,10.52,9.43,7.25,0.24,-10.3,-17.48
02230,0.0,-0.05,-0.03,-0.06,-0.04,-1.71,-1.21
02240,0.0,-0.01,-0.01,-0.03,-0.03,-0.13,-0.14
02275,0.4,0.2,0.29,-0.19,-0.17,-2.01,-0.99
02282,0.0,-0.03,-0.0,-0.01,0.01,-2.76,-2.68
02290,0.0,0.01,-0.02,-0.04,-0.03,-1.0,-0.11
04001,21.5,18.86,18.43,18.52,15.86,12.91,11.33
04003,82.7,83.4,79.1,68.64,60.43,53.7,45.64
04005,60.4,56.24,51.29,42.28,34.62,25.22,18.35
04007,124.3,116.42,110.01,87.6,73.82,60.24,48.88
04009,106.0,99.37,84.58,74.21,66.37,58.96,52.82
04011,1.3,0.36,-0.34,-0.4,-0.25,0.47,1.82
04012,89.7,82.66,78.29,66.04,50.35,33.45,19.31
04013,77.9,73.66,68.19,58.73,48.54,38.88,30.71
04015,142.2,133.96,127.54,113.29,94.17,74.53,57.14
04017,74.7,70.3,67.5,65.27,56.58,47.5,39.96
04019,84.2,79.48,74.07,64.73,56.5,49.42,41.9
04021,65.6,63.09,58.27,49.47,40.17,31.26,23.44
04023,27.4,24.81,29.09,21.27,16.53,13.17,9.13
04025,110.6,104.53,97.82,86.87,71.98,56.87,44.38
04027,57.6,57.89,56.59,47.5,37.3,25.54,14.56
05001,92.8,84.61,126.09,124.74,110.3,96.79,82.21
05003,126.5,120.42,116.09,110.21,100.45,93.26,83.28
05005,148.0,140.28,142.67,133.85,108.66,84.3,58.19
05007,95.1,93.22,88.32,78.97,68.94,58.28,48.79
05009,168.8,168.95,157.34,141.68,126.43,110.42,94.67
05011,149.6,130.83,117.82,109.06,98.05,88.74,77.54
05013,84.4,87.9,83.48,77.56,65.66,55.81,43.4
05015,78.2,72.12,87.87,79.33,70.28,60.56,51.34
05017,88.9,85.33,77.91,78.58,78.22,79.9,79.31
05019,116.9,100.51,101.97,94.49,96.52,100.06,102.26
05021,140.3,142.18,134.44,118.54,105.31,92.21,78.66
05023,118.7,111.74,115.29,111.54,102.43,93.98,84.67
05025,0.4,0.15,0.45,-0.08,8.32,18.11,26.18
05027,133.0,117.62,110.69,100.61,93.76,89.28,82.17
05029,130.5,131.87,131.65,123.85,104.97,87.21,68.94
05031,166.0,163.75,158.58,145.35,126.33,107.06,87.15
05033,169.4,164.71,157.9,145.91,132.26,117.17,103.84
05035,107.0,106.46,108.88,105.16,93.58,81.58,69.99
05037,138.5,128.22,121.4,109.72,98.63,88.48,78.22
05039,112.6,106.79,101.72,78.66,74.18,71.3,66.28
05041,166.6,163.44,145.21,131.66,103.3,75.79,46.93
05043,117.8,116.03,129.47,126.06,113.11,101.42,88.53
05045,100.7,96.94,97.61,89.91,76.35,64.69,52.91
05047,28.0,29.0,22.42,18.68,13.27,7.49,2.55
05049,104.2,94.04,115.12,109.68,98.9,88.98,78.14
05051,194.9,182.47,177.02,158.54,139.62,121.96,102.86
05053,88.4,80.98,77.64,73.6,61.46,51.27,39.18
05055,185.6,174.9,177.24,171.98,155.6,139.56,122.14
05057,131.5,120.22,117.28,114.37,101.54,90.1,77.6
05059,114.1,104.02,105.02,96.44,82.88,70.56,56.62
05061,180.7,170.89,164.24,148.81,138.03,127.62,116.8
05063,178.7,165.0,160.34,149.88,129.83,110.03,89.39
05065,93.9,77.5,102.22,99.57,92.78,86.82,79.65
05067,160.1,148.19,150.06,135.67,116.23,96.8,76.38
05069,114.9,112.4,108.95,102.61,96.02,91.42,85.01
05071,147.7,136.74,127.94,110.73,104.19,98.52,91.96
05073,4.2,1.06,102.72,109.32,99.95,92.52,83.02
05075,48.2,40.07,37.52,34.5,26.11,17.98,8.75
05077,55.3,51.36,66.9,67.29,55.71,44.3,33.58
05079,81.1,81.53,68.97,60.84,50.49,41.3,30.84
05081,164.3,162.68,163.08,154.73,145.1,136.57,126.54
05083,40.6,39.75,40.14,36.67,28.1,19.28,10.7
05085,111.4,109.84,101.96,94.95,85.31,76.19,67.24
05087,83.5,79.68,79.43,79.46,69.51,58.99,49.82
05089,95.6,85.69,83.19,77.2,56.75,36.39,15.18
05091,138.1,129.64,113.13,102.42,93.9,86.68,77.66
05093,144.8,137.26,138.75,135.47,124.54,113.5,102.87
05095,109.2,102.68,93.97,86.02,75.48,66.26,56.96
05097,108.1,107.9,95.98,82.66,74.33,67.22,59.18
05099,0.0,-0.79,0.79,-0.29,-0.73,0.74,0.83
05101,2.8,1.56,0.45,0.21,-0.78,-1.75,-2.04
05103,139.8,142.06,142.95,137.55,124.28,113.49,99.65
05105,94.9,51.6,51.07,28.89,45.59,63.37,80.12
05107,173.6,162.22,161.3,160.57,122.67,84.35,47.57
05109,10.6,4.53,90.36,85.36,76.33,67.87,58.66
05111,105.5,98.56,118.84,120.29,108.97,96.54,84.64
05113,133.2,123.5,117.68,105.07,97.05,90.43,81.88
05115,138.2,133.85,132.5,111.95,96.26,81.49,65.86
05117,91.3,88.11,82.46,76.22,68.81,62.41,55.14
05119,117.5,111.31,105.56,98.32,87.33,77.71,66.6
05121,116.2,113.65,113.59,103.91,83.97,65.3,44.94
05123,96.4,92.14,94.85,88.54,76.64,64.71,53.31
05125,106.9,96.7,97.03,92.0,81.0,71.1,59.92
05127,154.2,155.22,126.2,115.81,109.85,103.91,97.47
05129,99.7,86.53,82.62,79.61,73.95,68.48,62.61
05131,186.1,175.52,168.52,155.28,141.94,127.63,114.8
05133,82.9,65.6,65.58,56.47,43.58,32.34,19.48
05135,136.4,145.53,139.81,132.08,116.66,101.64,86.32
05137,169.7,159.39,153.68,152.81,145.24,138.71,130.31
05139,141.9,136.48,131.76,118.36,107.11,98.24,86.35
05141,114.4,108.99,103.42,101.65,97.27,94.61,91.08
05143,104.4,101.86,98.56,91.66,76.63,60.81,46.2
05145,138.1,125.52,123.38,116.97,99.35,81.92,63.79
05147,32.0,5.87,3.64,2.07,6.75,11.42,16.09
05149,72.3,68.78,66.66,56.12,54.67,54.01,52.13
06001,38.0,33.61,31.11,26.23,22.03,18.81,13.43
06003,0.0,-0.28,-0.23,-0.52,-1.07,-0.66,-2.31
06005,136.6,115.75,112.11,99.22,85.47,72.04,58.53
06007,143.9,136.88,126.23,106.2,89.75,73.08,55.29
06009,98.6,91.39,83.53,70.12,58.49,46.73,34.6
06011,44.9,40.86,44.73,34.55,30.24,26.57,22.17
06013,51.8,45.87,40.89,35.93,31.39,27.84,21.99
06015,168.6,147.17,133.91,117.35,97.78,77.82,56.11
06017,75.6,68.49,63.77,54.96,47.11,39.35,31.26
06019,66.1,59.54,57.76,52.77,48.26,43.82,39.08
06021,68.9,66.35,83.5,78.31,67.29,55.75,44.0
06023,113.6,100.76,92.16,77.46,66.98,57.88,47.9
06025,59.5,53.79,52.38,48.71,43.99,38.4,34.93
06027,63.6,60.75,61.24,50.15,41.73,33.3,24.83
06029,64.4,62.28,60.27,54.96,48.47,42.53,36.32
06031,78.5,67.84,64.8,58.82,54.42,50.33,45.89
06033,167.6,138.13,117.31,95.72,77.88,60.73,43.09
06035,104.2,93.21,81.9,66.33,51.74,37.23,22.05
06037,39.8,35.34,33.36,30.24,27.3,23.39,20.17
06039,58.4,52.76,49.78,42.3,37.0,31.56,25.62
06041,44.1,39.44,36.62,32.42,28.38,24.75,21.13
06043,67.8,69.33,67.45,55.83,47.49,39.43,30.83
06045,127.2,117.89,105.12,90.48,81.59,72.28,63.62
06047,74.0,68.41,65.2,56.6,47.93,40.62,32.61
06049,111.5,100.28,96.14,81.27,50.86,18.8,-13.91
06051,53.0,53.86,54.25,44.47,37.62,32.01,24.69
06053,60.3,55.53,50.54,44.14,38.24,34.15,28.35
06055,50.9,46.2,40.53,35.44,31.89,29.82,26.19
06057,97.4,86.27,82.83,70.36,61.85,53.48,43.97
06059,47.6,43.91,42.12,37.74,33.82,29.7,24.54
06061,72.9,66.46,62.86,55.97,49.27,42.05,34.6
06063,109.7,90.7,85.26,73.0,66.37,57.89,49.36
06065,56.9,52.4,49.41,44.67,39.76,34.4,29.03
06067,60.1,53.71,50.36,44.05,38.06,32.94,27.32
06069,54.0,50.25,43.8,39.42,35.92,34.82,31.02
06071,58.7,54.79,52.17,47.37,41.61,34.44,28.91
06073,46.7,42.69,39.26,34.74,29.92,25.27,21.06
06075,38.6,35.31,32.29,27.07,23.03,19.53,14.79
06077,69.4,59.22,54.51,47.41,40.36,33.44,24.97
06079,86.0,77.37,71.66,63.88,58.62,53.29,46.75
06081,36.1,33.12,31.35,27.14,23.78,20.85,16.07
06083,62.4,57.58,54.66,49.08,42.44,35.27,27.96
06085,28.9,25.91,24.08,20.54,18.06,16.51,12.97
06087,70.3,62.6,57.13,49.13,41.88,35.4,27.08
06089,151.7,132.9,118.23,101.16,84.56,66.84,48.05
06091,35.1,28.42,21.37,12.17,5.26,-1.89,-11.08
06093,114.7,123.27,117.04,96.94,92.94,89.06,83.67
06095,52.9,46.8,42.93,37.34,31.97,26.82,20.17
06097,65.5,57.78,52.26,45.71,39.98,35.6,30.87
06099,103.9,91.08,85.1,75.67,65.65,55.52,45.66
06101,111.5,108.66,102.94,94.39,77.56,61.44,43.87
06103,119.4,104.11,95.12,82.77,70.72,57.76,44.11
06105,119.6,110.11,98.55,80.68,72.57,63.34,53.19
06107,78.8,68.9,65.18,58.53,51.26,45.12,38.97
06109,142.8,127.07,115.07,104.73,86.32,67.89,49.03
06111,60.2,56.69,54.03,48.62,43.96,37.62,30.65
06113,51.8,47.44,46.47,41.07,35.61,31.23,25.65
06115,96.2,92.01,83.55,69.0,60.84,53.37,44.88
08001,60.6,56.41,52.45,46.6,39.82,31.6,24.83
08003,175.8,166.18,153.19,121.45,99.85,76.32,53.43
08005,66.7,63.58,58.37,50.4,44.21,35.82,27.87
08007,75.6,77.45,72.41,65.23,59.19,53.2,47.34
08009,95.0,81.34,86.24,78.21,67.68,54.78,41.76
08011,59.1,64.7,59.51,44.46,34.22,22.15,10.52
08013,53.6,51.04,47.73,41.77,36.99,30.93,26.25
08014,61.5,55.72,52.79,46.35,41.0,34.32,29.13
08015,102.2,97.85,94.49,83.5,72.23,59.02,47.02
08017,74.0,73.08,67.97,62.13,49.16,33.46,19.02
08019,38.1,36.07,34.77,30.93,27.48,23.02,18.62
08021,2.2,1.06,0.65,-0.2,-0.73,-3.39,-5.69
08023,0.0,-0.42,-0.23,-0.61,-0.71,-1.76,-2.81
08025,32.4,31.96,29.64,24.86,22.46,17.69,12.19
08027,0.0,-0.28,-0.18,-0.33,-0.58,-3.86,-5.66
08029,96.5,90.46,83.59,76.0,65.56,55.26,44.89
08031,48.2,44.33,39.43,34.36,28.9,21.82,16.17
08033,0.0,-0.2,-0.37,-0.41,-0.38,-1.42,-2.21
08035,55.9,54.74,50.51,45.27,41.49,35.32,29.08
08037,53.0,48.36,46.15,40.55,33.41,26.16,17.95
08039,36.6,35.04,34.93,31.07,27.28,20.96,14.15
08041,75.1,72.42,67.5,59.63,51.69,40.32,30.27
08043,80.0,76.45,72.67,66.36,56.12,41.51,28.71
08045,92.9,86.27,78.65,64.67,51.26,39.0,25.65
08047,0.0,-0.28,-0.34,-0.54,-0.5,-1.49,-1.2
08049,50.3,47.42,43.39,37.32,33.53,30.19,25.91
08051,59.4,54.52,51.57,43.93,36.73,28.6,20.83
08053,0.0,-0.12,-0.08,-0.16,-0.49,-1.77,-2.44
08055,87.8,77.81,80.21,86.72,74.3,61.04,46.94
08057,0.0,-0.17,-0.27,-0.43,-0.28,-0.47,-1.14
08059,81.4,76.54,70.65,61.7,53.68,44.56,35.85
08061,148.3,132.48,113.54,97.13,92.7,85.45,79.5
08063,26.7,41.73,41.04,45.06,44.53,42.66,40.55
08065,68.6,54.02,49.77,44.33,39.15,33.64,28.0
08067,69.0,63.88,58.11,51.0,42.6,34.37,26.62
08069,78.5,70.24,62.41,52.49,44.86,36.97,28.93
08071,150.0,135.8,126.35,114.71,100.99,86.64,71.5
08073,1.3,1.19,27.9,40.0,34.27,26.18,18.17
08075,102.6,90.94,81.51,77.33,69.15,59.78,50.01
08077,87.9,86.06,78.57,71.47,59.67,48.14,35.93
08079,0.0,0.01,-0.17,-0.16,-0.15,-1.3,-0.81
08081,129.5,110.4,107.88,96.31,76.36,57.36,37.38
08083,105.2,99.73,91.18,76.59,64.23,52.2,40.54
08085,93.8,88.91,80.82,75.75,65.45,54.36,44.26
08087,97.1,75.16,65.8,59.39,50.66,41.44,31.05
08089,117.6,111.8,107.73,97.69,84.71,69.73,53.6
08091,45.4,40.28,34.52,28.3,3.07,-23.07,-49.29
08093,5.3,-0.05,-0.27,-0.59,-0.5,-2.21,-4.26
08095,43.6,33.58,1.72,-0.13,-0.23,-0.6,-1.26
08097,34.6,28.31,26.01,21.66,17.65,13.58,8.72
08099,94.5,88.35,79.34,71.76,56.03,37.55,20.26
08101,125.0,116.75,108.23,97.3,83.7,67.0,51.12
08103,30.2,28.87,25.92,26.93,25.59,25.03,24.24
08105,93.3,91.63,80.29,73.06,62.49,49.45,37.71
08107,76.9,69.28,62.25,47.55,39.91,33.57,25.95
08109,0.0,-0.18,-0.36,-0.59,-0.54,-2.98,-3.89
08111,0.0,-0.04,-0.27,-0.3,-0.61,-1.91,-2.5
08113,39.3,41.18,36.0,29.26,20.06,9.64,-0.69
08115,3.5,3.16,0.67,0.18,-0.08,-0.49,-0.86
08117,73.1,66.08,60.12,51.83,46.13,39.22,31.63
08119,121.5,115.73,107.94,90.64,75.48,56.71,38.61
08121,0.0,-0.46,-0.28,-0.22,-0.45,-2.73,-4.79
08123,69.8,62.86,57.9,49.43,40.7,30.41,21.19
08125,80.6,77.81,71.06,60.95,47.69,32.62,17.46
09001,50.7,48.27,43.48,37.76,33.74,28.8,25.95
09003,66.5,62.68,55.99,49.34,43.37,35.97,28.84
09005,71.1,66.94,60.63,53.01,47.04,39.46,33.51
09007,73.5,70.43,63.29,55.57,49.59,41.88,35.06
09009,75.4,70.77,63.22,54.85,48.69,40.51,33.98
09011,79.6,74.91,66.63,56.0,48.53,38.98,30.51
09013,54.5,52.1,48.07,41.93,37.54,32.93,27.43
09015,82.4,78.01,71.6,61.69,54.46,46.47,37.69
10001,94.4,84.69,76.12,63.98,58.34,51.36,44.6
10003,81.2,78.2,74.5,65.14,57.47,47.78,37.82
10005,113.8,100.45,93.22,80.47,70.09,57.53,46.16
11001,40.1,35.81,32.65,28.38,24.96,19.88,15.41
12001,71.6,68.97,68.97,65.31,57.6,51.56,45.71
12003,142.0,118.15,112.55,105.7,89.37,75.37,61.96
12005,128.4,121.24,120.35,113.38,97.84,84.13,67.61
12007,100.8,92.77,93.37,85.1,70.86,58.38,46.73
12009,97.0,93.01,92.13,84.75,74.32,64.69,55.06
12011,54.7,51.99,51.26,46.19,39.15,32.22,25.36
12013,79.7,74.74,71.1,67.41,65.14,64.87,62.36
12015,82.0,77.86,79.75,75.17,66.62,58.52,48.95
12017,107.2,104.16,104.91,102.99,90.08,78.84,67.32
12019,94.0,88.16,87.28,80.53,69.69,60.15,51.58
12021,62.0,58.51,58.22,51.77,45.37,39.39,32.96
12023,125.4,119.49,118.49,111.79,95.68,81.93,68.16
12027,58.0,54.49,57.22,56.07,47.17,39.74,31.25
12029,41.3,47.25,45.44,42.58,38.79,36.88,34.83
12031,95.1,88.6,88.59,82.96,70.82,59.64,49.26
12033,126.2,116.35,112.99,102.96,89.37,77.43,64.98
12035,80.9,77.38,80.14,74.81,66.06,59.36,53.28
12037,109.5,94.37,79.96,70.06,55.83,42.59,27.99
12039,63.0,58.32,58.77,53.42,45.79,40.62,34.04
12041,45.5,46.62,43.81,42.62,36.91,33.52,30.23
12043,7.6,4.69,4.86,3.26,3.09,3.36,3.17
12045,128.0,135.57,105.24,91.19,81.08,72.87,62.91
12047,44.2,37.36,36.6,30.29,33.07,38.53,43.91
12049,45.9,42.12,39.04,34.42,31.13,28.65,26.41
12051,75.1,69.11,70.8,64.34,56.49,48.49,40.65
12053,106.3,108.79,109.96,103.84,92.02,81.07,70.08
12055,79.6,79.27,79.95,73.61,65.82,58.92,51.28
12057,72.9,67.07,65.7,60.33,52.59,44.56,36.89
12059,108.8,86.34,82.93,77.58,70.69,65.17,57.92
12061,100.0,96.64,96.5,90.85,81.27,71.68,61.9
12063,121.0,106.99,108.72,103.82,91.25,80.3,68.66
12065,57.1,51.68,51.98,47.36,39.88,34.72,30.37
12067,65.0,60.35,57.51,50.13,42.29,38.67,33.88
12069,87.1,82.55,82.36,75.21,65.31,56.62,47.43
12071,68.8,65.34,66.31,61.64,55.03,49.9,43.03
12073,71.9,68.6,71.36,65.99,57.01,50.19,42.43
12075,118.9,103.91,102.84,98.37,86.39,75.18,64.3
12077,44.9,40.04,40.28,39.12,33.32,29.31,23.54
12079,82.6,80.28,81.18,75.87,71.72,69.86,68.28
12081,82.3,77.32,76.21,70.85,62.45,53.24,45.05
12083,89.6,89.49,90.67,85.46,73.36,62.77,52.74
12085,75.8,73.93,74.59,71.21,64.8,58.35,51.08
12086,34.4,31.96,30.54,28.0,23.94,20.5,16.46
12087,83.1,79.83,79.9,74.75,65.01,55.52,46.25
12089,118.8,111.4,110.5,103.58,86.64,70.26,55.35
12091,92.1,87.02,85.38,77.81,65.88,56.72,45.03
12093,122.1,116.12,102.34,95.46,86.52,77.58,67.52
12095,50.8,45.99,45.26,41.3,35.83,30.92,27.19
12097,60.1,56.26,53.22,46.59,39.75,33.95,28.67
12099,63.3,59.93,59.36,54.04,48.27,42.0,36.35
12101,90.7,85.25,86.53,80.99,71.19,61.68,52.17
12103,88.9,83.63,82.37,74.81,67.16,58.52,50.12
12105,74.7,69.8,72.59,68.03,58.94,50.45,42.97
12107,126.7,114.17,110.3,102.33,87.74,75.29,64.07
12109,66.8,64.09,64.96,60.74,51.09,41.9,34.11
12111,72.9,68.15,65.61,61.63,54.7,48.31,41.05
12113,111.7,99.52,97.38,90.43,77.39,65.69,53.22
12115,85.1,80.27,79.08,73.47,65.78,57.24,48.67
12117,59.3,53.57,55.67,52.6,45.71,40.19,35.5
12119,71.8,72.75,72.63,69.15,65.02,62.25,59.18
12121,92.9,88.78,85.79,80.27,72.33,66.72,61.3
12123,121.8,112.59,113.62,112.69,103.45,96.27,89.26
12125,67.7,61.02,55.08,51.99,45.97,42.21,39.78
12127,86.9,81.16,81.89,73.89,64.38,56.11,48.7
12129,89.6,84.59,83.79,78.5,67.88,58.95,49.38
12131,97.9,84.33,88.4,84.25,74.69,66.74,56.64
12133,184.1,144.07,126.16,121.12,109.1,99.46,87.32
13001,129.7,129.34,123.87,115.87,104.03,91.68,81.32
13003,71.3,77.25,69.84,66.77,56.52,47.6,39.94
13005,145.7,150.74,156.67,169.05,171.1,173.49,176.84
13007,0.0,-0.35,-0.29,-0.61,-0.66,0.3,2.7
13009,113.0,103.56,98.78,90.11,81.25,70.55,61.52
13011,51.1,47.31,42.66,31.97,37.81,43.63,49.34
13013,92.3,87.91,85.14,76.23,68.2,59.53,51.63
13015,112.1,104.67,102.89,98.59,87.49,75.88,62.96
13017,199.0,205.91,199.76,183.26,164.64,146.03,129.08
13019,61.8,57.59,57.69,52.85,47.19,42.58,38.93
13021,145.4,139.26,131.65,121.4,108.4,93.43,80.63
13023,147.0,143.54,132.36,124.15,110.79,96.46,84.17
13025,71.4,65.27,55.8,50.28,46.66,44.12,42.61
13027,73.6,86.36,90.77,87.9,87.25,87.66,88.88
13029,93.7,89.06,90.2,82.16,69.43,56.74,44.26
13031,93.9,95.73,85.69,78.29,68.05,57.07,47.31
13033,93.0,88.09,84.2,76.16,66.19,54.42,44.57
13035,103.5,104.29,100.42,91.85,69.75,45.84,24.26
13037,2.0,0.28,1.47,0.85,-0.79,-1.63,-1.65
13039,82.2,74.47,73.94,66.11,54.24,42.36,32.12
13043,151.1,159.59,168.38,157.49,135.78,112.4,89.79
13045,126.1,119.94,116.45,109.8,99.95,90.18,79.6
13047,148.9,126.48,116.95,104.95,92.07,79.75,65.11
13049,101.1,99.47,103.58,95.94,86.96,79.68,72.48
13051,91.7,87.82,85.11,77.29,68.79,60.69,52.71
13053,0.0,-0.67,-0.31,-0.62,-0.78,-2.02,-2.29
13055,150.2,132.77,131.28,120.69,106.6,92.99,77.01
13057,71.3,67.81,69.58,63.97,56.37,47.27,38.92
13059,104.7,98.66,96.98,90.85,81.48,73.14,64.87
13061,67.7,55.78,48.89,42.99,32.73,23.74,13.7
13063,51.6,48.0,44.88,39.01,33.91,27.11,21.77
13065,144.8,152.99,152.36,146.07,132.73,119.75,108.61
13067,65.0,61.46,61.35,54.73,47.21,38.33,29.86
13069,173.1,167.59,172.87,175.42,156.5,138.33,121.54
13071,87.7,86.3,85.83,85.09,80.0,76.8,73.76
13073,88.6,84.66,81.15,71.98,62.3,51.65,42.37
13075,110.4,104.86,106.31,105.13,98.01,92.23,86.55
13077,80.3,80.96,81.46,75.81,68.39,60.32,52.24
13079,0.6,0.33,1.75,0.69,4.73,7.0,10.93
13081,180.4,178.87,174.66,169.77,161.2,152.44,144.92
13083,112.0,85.4,76.08,62.46,51.11,40.99,27.94
13085,162.6,150.46,137.23,141.33,131.09,119.83,108.78
13087,134.2,125.49,122.46,120.4,109.19,98.95,89.73
13089,48.6,45.99,45.15,40.16,35.34,28.27,22.93
13091,107.2,97.49,93.05,92.28,74.04,55.32,37.6
13093,0.5,0.31,0.18,0.49,-0.48,-2.24,-1.81
13095,129.6,125.92,119.82,106.66,91.68,77.62,64.56
13097,101.7,97.16,94.7,85.56,75.64,64.83,54.52
13099,126.0,119.36,118.18,113.93,108.3,104.04,99.71
13101,0.0,-0.3,0.69,-0.57,-0.21,1.46,4.71
13103,86.5,86.35,80.21,72.08,62.06,50.94,41.19
13105,152.1,144.5,146.19,139.11,130.62,122.22,113.43
13107,107.8,110.12,113.4,107.96,95.54,81.4,68.88
13109,145.3,135.65,123.1,115.58,92.85,69.22,46.08
13111,160.8,162.38,154.85,136.77,122.5,107.12,91.49
13113,87.8,87.82,91.09,81.89,74.51,66.29,58.86
13115,163.8,159.19,153.43,136.05,121.99,107.56,92.44
13117,57.6,52.83,50.97,47.33,41.07,33.34,26.66
13119,141.9,128.24,123.01,112.82,111.51,110.8,109.56
13121,52.3,49.06,49.11,43.98,38.3,30.98,24.94
13123,145.4,139.46,135.12,119.28,112.21,104.21,96.24
13125,0.0,-0.21,-0.47,-0.92,-1.31,-3.12,-3.46
13127,105.5,103.77,104.41,94.26,78.26,63.21,48.65
13129,130.5,120.16,117.76,106.38,95.53,84.62,72.06
13131,74.2,74.33,78.4,77.3,66.83,57.46,48.22
13133,140.6,130.15,140.71,130.02,106.03,82.22,59.61
13135,49.4,47.07,47.2,43.2,37.86,31.48,26.28
13137,118.3,108.39,102.45,100.23,88.22,75.71,62.72
13139,98.9,96.54,94.67,87.85,78.02,67.32,57.05
13141,53.8,54.34,53.65,45.9,37.71,28.53,21.09
13143,203.6,204.17,194.2,180.86,159.33,137.79,115.44
13145,8.4,8.22,7.74,5.39,5.0,4.85,4.61
13147,109.0,104.15,103.15,101.33,91.06,80.5,69.89
13149,1.2,-0.02,0.26,-0.01,-0.86,-1.27,-1.98
13151,85.8,82.13,78.65,70.75,62.98,53.43,46.08
13153,104.9,99.55,94.05,86.9,77.21,66.35,57.36
13155,82.2,63.99,57.55,54.37,57.39,60.94,65.68
13157,119.2,109.9,115.4,108.13,98.01,87.49,77.06
13159,64.9,60.89,58.79,56.95,47.19,35.76,26.83
13161,110.8,104.22,92.87,84.96,72.94,60.37,48.89
13163,128.0,128.66,125.07,114.0,92.46,69.31,47.91
13165,38.0,38.05,31.94,26.91,16.85,6.57,-3.1
13167,45.3,42.27,34.28,4.94,-0.89,-7.91,-13.28
13169,55.5,53.52,53.37,50.76,45.05,37.78,32.5
13171,77.9,72.15,75.01,65.77,66.08,64.44,64.84
13173,3.3,15.05,73.37,69.46,66.14,63.63,62.04
13175,144.7,132.69,123.38,115.11,101.07,85.54,71.76
13177,53.4,54.73,52.34,46.0,39.48,33.82,28.53
13179,60.0,57.97,55.26,52.18,46.32,40.73,36.15
13181,6.8,2.83,24.12,33.98,29.65,24.05,19.6
13183,0.3,-0.04,-0.41,-0.34,-1.2,-1.88,-1.23
13185,103.8,93.26,94.5,86.74,83.7,81.56,80.56
13187,84.7,78.97,81.93,73.74,66.57,58.17,50.72
13189,178.6,172.57,164.26,143.69,120.66,95.63,72.26
13191,74.7,71.71,74.9,65.72,45.94,26.29,6.93
13193,71.7,74.77,68.9,68.14,68.36,67.29,68.23
13195,128.0,116.33,104.76,92.65,78.23,64.57,50.82
13197,20.9,20.94,19.79,17.6,16.51,14.49,13.6
13199,77.9,76.64,82.23,76.72,72.05,66.53,61.57
13201,128.1,116.07,109.0,100.7,90.66,81.17,72.48
13205,108.8,106.94,100.9,93.83,90.33,88.64,87.92
13207,69.7,66.14,67.55,66.07,59.58,51.01,44.77
13209,37.3,27.75,35.43,43.91,30.64,15.97,2.61
13211,86.9,83.43,79.87,76.38,62.19,46.86,32.34
13213,113.9,101.18,97.76,87.34,76.57,65.36,52.45
13215,99.6,89.5,90.21,86.98,76.58,65.91,55.92
13217,88.8,81.91,81.67,75.66,66.06,56.14,47.98
13219,61.5,63.32,63.05,59.53,54.82,50.35,45.92
13221,48.4,42.24,40.14,36.44,32.18,28.73,25.32
13223,63.0,60.03,58.43,52.7,45.88,38.21,30.35
13225,87.9,82.93,87.84,80.5,72.49,63.29,55.62
13227,132.9,127.35,122.02,112.13,102.12,90.7,79.57
13229,65.8,70.76,65.67,62.49,54.96,48.54,42.59
13231,19.3,13.97,12.57,10.18,9.38,6.83,6.11
13233,191.7,172.32,166.67,152.61,138.44,124.4,109.0
13235,99.9,96.56,88.92,89.44,82.39,74.29,67.76
13237,76.3,72.54,68.36,62.3,53.25,43.41,34.26
13239,0.0,-1.02,-0.66,-0.65,-0.76,-0.5,-0.39
13241,157.6,147.01,134.5,145.27,143.73,142.06,139.63
13243,180.0,156.84,140.12,128.04,110.74,94.56,77.53
13245,102.0,93.5,87.08,76.8,64.41,51.68,39.73
13247,79.6,79.73,79.15,73.89,67.25,59.92,53.49
13249,1.3,19.52,5.27,2.16,-0.08,-2.77,-4.24
13251,43.6,43.63,56.62,62.64,58.96,53.09,49.4
13253,206.3,195.72,179.95,171.77,155.79,141.06,127.09
13255,147.8,144.11,137.47,121.91,110.08,97.3,85.98
13257,179.7,167.91,163.32,156.52,146.76,137.08,127.01
13259,64.0,61.42,62.11,53.15,52.13,50.84,49.97
13261,112.3,102.73,104.98,106.16,99.97,94.08,88.96
13263,0.0,-0.29,0.49,0.34,-0.36,-1.75,-2.58
13265,0.0,-0.53,-0.08,-1.03,-1.3,-2.22,-2.02
13267,54.8,55.7,53.44,51.62,65.85,78.91,93.13
13269,44.9,42.47,70.06,89.32,77.16,64.38,52.51
13271,59.5,50.93,57.21,62.78,60.28,57.35,56.22
13273,41.1,48.31,50.86,47.16,31.53,16.82,2.54
13275,103.6,101.1,107.02,104.17,97.74,92.6,88.29
13277,146.2,144.72,148.29,135.48,125.66,116.91,108.81
13279,186.4,158.99,154.11,137.54,111.74,84.48,58.33
13281,120.4,117.43,110.12,94.14,82.27,69.06,55.78
13283,39.6,61.73,75.11,74.33,59.68,43.12,28.34
13285,113.2,102.04,99.11,94.15,87.13,81.31,74.51
13287,85.5,93.2,84.88,91.32,84.23,77.74,72.8
13289,1.6,0.55,0.79,-0.16,-1.05,-3.32,-2.98
13291,163.9,146.06,130.24,108.52,95.38,81.06,66.16
13293,148.5,138.36,138.91,142.2,135.86,128.21,121.87
13295,54.5,53.38,53.67,47.77,41.21,35.48,27.13
13297,113.4,114.44,111.19,100.86,87.36,73.21,60.19
13299,211.6,206.88,219.59,213.83,195.9,179.38,164.09
13301,1.3,0.77,-0.04,-0.93,-1.13,-2.9,-2.96
13303,112.1,104.07,95.94,85.03,70.49,55.17,41.17
13305,148.0,151.73,144.38,139.54,117.25,95.05,74.16
13307,7.8,47.28,58.44,60.38,61.21,62.81,64.3
13309,41.7,43.21,34.56,6.33,8.73,10.06,12.99
13311,95.6,91.94,99.51,91.96,83.48,74.94,65.83
13313,102.6,96.18,93.26,86.8,75.75,64.69,51.23
13315,3.5,2.16,2.88,2.67,-0.81,-4.01,-6.07
13317,157.0,148.86,139.64,122.61,109.91,95.14,81.84
13319,92.6,89.67,91.41,81.65,73.85,64.28,56.69
13321,97.7,96.41,95.12,83.35,78.39,74.88,71.8
15001,82.2,72.24,66.45,60.06,53.65,46.0,40.77
15003,38.0,35.59,33.61,30.6,26.9,23.48,21.39
15005,0.0,-0.03,-0.02,-0.12,-0.18,-0.06,1.81
15007,66.1,57.8,55.12,49.57,40.09,31.08,23.42
15009,57.8,58.33,56.78,51.9,44.64,37.29,31.76
16001,81.5,76.04,72.21,64.34,54.16,42.92,32.0
16003,0.0,-0.53,-0.61,-0.82,-0.89,-3.14,-3.34
16005,111.3,106.75,101.55,93.57,82.7,73.24,61.55
16007,112.9,111.15,112.91,104.65,97.53,92.12,84.9
16009,99.8,98.51,90.27,81.56,72.06,62.21,53.32
16011,77.4,72.64,66.88,61.6,56.39,52.24,46.83
16013,40.1,40.31,45.71,43.52,37.06,31.54,24.66
16015,0.0,-0.29,-0.03,-0.42,-0.51,-0.24,-0.94
16017,84.9,72.94,64.99,59.93,53.21,47.19,42.5
16019,100.8,97.78,92.47,83.75,75.92,69.18,60.65
16021,126.1,110.91,100.08,98.1,86.24,75.19,65.1
16023,82.8,104.33,99.47,84.28,75.22,65.77,55.22
16025,0.0,-0.02,0.36,-0.0,-0.18,0.09,-1.42
16027,85.3,78.79,76.09,69.1,59.09,47.59,37.13
16029,116.0,110.58,107.09,101.42,97.22,94.93,91.04
16031,124.2,111.91,103.2,92.95,83.04,71.09,59.72
16033,0.0,0.08,0.01,-0.36,-0.18,-2.42,-3.53
16035,93.1,51.61,59.59,85.9,75.9,64.85,56.1
16037,39.6,21.73,24.3,25.89,20.46,14.62,8.82
16039,71.3,71.25,69.3,64.76,56.99,49.26,40.89
16041,87.8,85.95,76.23,69.74,63.37,59.2,54.25
16043,46.9,45.06,43.28,32.28,28.81,23.98,19.05
16045,113.1,105.57,108.53,100.99,91.36,80.74,71.34
16047,43.4,43.02,58.65,51.1,44.74,39.14,30.99
16049,68.2,67.12,53.05,45.78,38.21,27.94,20.46
16051,39.4,37.77,37.1,35.17,32.87,30.9,27.48
16053,75.8,77.16,71.4,63.62,57.04,51.41,43.65
16055,107.0,101.21,95.03,87.19,76.85,66.67,57.87
16057,69.2,64.05,61.35,54.96,49.67,42.23,37.74
16059,89.4,117.77,99.58,90.76,84.37,76.51,70.22
16061,198.1,136.2,18.45,8.74,0.32,-9.85,-18.25
16063,0.0,0.13,0.2,12.5,17.48,23.22,28.46
16065,59.4,55.26,51.98,49.52,44.3,37.9,30.7
16067,36.2,33.0,29.87,28.22,25.69,22.85,19.52
16069,130.6,123.65,126.38,109.86,106.48,100.95,98.28
16071,121.0,106.73,103.55,96.9,87.65,80.27,72.49
16073,21.0,22.21,12.39,28.73,26.63,22.82,20.16
16075,43.6,44.18,46.8,42.76,40.2,37.53,35.73
16077,83.3,77.03,71.68,63.75,56.17,49.6,40.48
16079,132.3,114.98,106.8,97.55,77.67,58.0,38.43
16081,73.4,63.13,57.65,50.73,46.79,42.76,38.77
16083,116.0,107.91,100.26,91.76,83.88,76.73,67.21
16085,110.9,106.14,96.46,84.57,69.81,53.45,39.49
16087,141.1,118.41,113.67,101.01,83.82,66.03,49.42
17001,151.1,142.35,134.23,120.24,98.32,74.96,52.29
17003,48.7,47.21,9.45,-0.04,-1.42,-2.94,-4.45
17005,69.0,61.21,55.79,47.17,41.6,33.66,25.73
17007,55.3,53.23,50.59,47.12,40.35,33.73,27.02
17009,5.6,1.85,2.25,1.63,1.09,-1.39,-4.27
17011,32.5,32.58,30.96,30.7,26.71,21.22,18.98
17013,5.6,2.26,2.12,1.7,-0.36,-4.78,-8.49
17015,24.7,29.22,35.29,36.81,29.95,22.57,17.19
17017,34.5,29.87,25.1,21.61,18.2,12.61,6.39
17019,72.0,70.27,66.13,58.94,51.58,42.51,34.36
17021,101.8,95.99,87.24,75.02,63.14,48.7,34.18
17023,52.9,30.94,26.32,23.55,47.79,69.97,93.02
17025,91.7,80.99,76.07,65.38,55.36,44.16,32.7
17027,39.4,37.18,34.36,32.14,25.91,16.88,9.4
17029,115.7,109.52,100.85,90.91,77.33,62.82,49.08
17031,45.2,42.92,41.29,36.81,32.37,27.76,24.69
17033,40.3,34.33,31.69,28.69,21.42,12.18,2.64
17035,2.6,1.09,0.32,0.06,-0.47,-2.54,-4.11
17037,61.1,57.29,57.55,53.88,48.75,43.78,38.2
17039,93.8,86.46,85.0,77.19,63.71,48.4,34.25
17041,19.5,17.48,30.67,28.92,25.34,20.07,15.55
17043,51.3,48.42,46.71,42.38,37.85,33.73,30.41
17045,147.4,120.33,106.46,87.97,67.73,46.13,24.58
17047,99.6,97.85,95.9,83.13,69.83,55.83,41.95
17049,93.3,72.11,71.09,66.12,54.75,43.0,30.23
17051,75.8,66.32,61.56,55.53,48.17,39.61,30.41
17053,6.1,5.27,3.47,3.45,-0.29,-5.58,-11.0
17055,137.2,126.68,136.67,113.83,105.77,96.11,87.21
17057,81.4,77.46,69.37,69.36,69.16,66.02,64.5
17059,0.0,-0.76,-0.34,-0.63,25.69,51.4,76.79
17061,6.9,4.39,2.91,2.15,-0.14,-3.79,-7.08
17063,85.5,82.74,90.84,83.31,73.7,64.94,55.49
17065,28.9,4.6,2.93,1.33,-1.09,-3.66,-6.59
17067,36.8,32.21,27.0,19.79,16.23,10.89,6.5
17069,223.3,240.79,239.37,210.92,205.71,199.68,193.06
17071,4.2,1.89,-0.11,-0.99,-1.08,-0.99,-0.7
17073,68.6,64.41,61.51,56.47,49.14,40.77,35.58
17075,69.1,65.69,58.09,56.01,47.7,39.51,30.52
17077,112.0,106.02,103.76,91.2,77.79,62.56,48.44
17079,46.1,41.35,41.88,38.67,34.31,28.89,23.12
17081,128.1,116.9,113.57,104.29,89.9,74.28,59.7
17083,109.2,107.79,116.98,109.93,100.67,88.92,78.6
17085,47.7,42.1,38.41,37.15,18.91,0.27,-16.96
17087,32.6,31.41,30.04,25.47,22.71,19.23,15.65
17089,46.0,42.71,41.45,37.64,33.5,29.53,25.86
17091,86.0,81.43,81.75,76.53,66.71,56.99,47.04
17093,59.5,55.52,52.47,48.76,41.98,36.03,29.59
17095,115.8,112.02,107.23,97.54,85.51,71.73,60.6
17097,57.5,54.47,51.99,47.54,42.25,36.56,32.05
17099,91.9,88.62,84.95,78.12,70.79,62.0,54.79
17101,103.9,93.35,86.99,82.62,74.29,63.77,53.57
17103,68.8,63.38,62.99,59.07,58.53,58.47,58.69
17105,80.7,73.94,71.51,74.14,63.83,52.22,41.48
17107,90.5,86.52,80.47,70.12,61.52,50.88,41.62
17109,84.8,82.78,80.83,79.02,68.13,55.66,43.7
17111,72.7,65.79,63.05,58.04,52.17,46.42,40.52
17113,64.2,61.05,57.46,52.47,46.21,36.97,29.85
17115,107.8,102.29,98.15,86.67,76.24,63.93,52.76
17117,37.7,37.49,39.24,34.04,29.59,22.34,16.13
17119,116.5,111.14,106.56,97.73,86.09,72.59,59.31
17121,137.3,139.43,128.41,119.54,107.41,94.08,81.66
17123,46.7,49.69,55.09,50.39,41.35,31.07,23.03
17125,65.6,64.9,60.83,55.94,43.17,28.41,14.05
17127,141.3,161.03,150.9,138.92,130.47,121.67,113.05
17129,2.4,1.57,11.97,23.42,19.64,13.78,8.89
17131,41.1,37.54,34.92,18.45,15.11,10.97,7.45
17133,81.4,76.39,72.14,70.73,65.21,57.57,51.08
17135,127.7,118.19,121.89,108.41,95.93,80.96,66.66
17137,125.6,125.21,127.14,114.74,97.99,78.86,60.42
17139,42.1,41.81,39.32,31.38,27.45,22.2,16.99
17141,29.3,26.36,24.11,22.66,19.55,17.61,15.69
17143,87.6,85.18,79.42,70.55,60.54,47.95,38.01
17145,103.9,96.05,54.08,47.56,40.61,31.97,23.93
17147,42.2,40.75,36.25,27.46,22.62,15.87,10.31
17149,32.6,27.81,26.79,25.52,37.17,47.7,58.03
17151,49.4,48.73,48.78,37.69,7.89,-23.19,-53.39
17153,70.6,68.72,79.76,67.33,55.63,43.46,32.08
17155,22.0,29.32,27.31,24.39,23.63,21.92,22.61
17157,75.1,71.87,68.34,63.94,52.08,38.76,25.49
17159,101.5,96.89,88.94,82.13,75.8,68.21,60.41
17161,88.2,84.43,83.68,75.76,66.44,55.68,47.47
17163,79.5,78.6,76.78,69.29,60.02,48.41,38.15
17165,246.9,216.01,217.24,203.2,179.38,155.57,131.58
17167,111.1,106.11,99.16,86.33,74.1,60.7,46.95
17169,47.9,7.58,2.79,1.38,28.35,52.91,77.86
17171,0.0,0.04,0.04,-0.5,-0.41,-2.62,-4.27
17173,37.5,33.38,32.77,30.39,28.54,25.46,22.26
17175,0.0,-0.02,-0.13,-0.44,-0.64,-1.89,-0.15
17177,90.7,86.92,83.11,74.48,68.33,62.53,57.48
17179,99.8,94.75,90.94,83.63,73.05,60.07,48.64
17181,162.9,163.3,159.39,142.42,120.65,98.6,76.5
17183,107.1,100.3,94.05,85.11,72.11,58.12,44.09
17185,123.2,115.81,112.17,91.15,69.68,46.54,24.48
17187,71.1,72.21,76.01,69.14,60.91,51.95,44.1
17189,18.2,25.1,30.62,30.73,27.88,23.58,19.91
17191,85.3,80.84,79.63,74.3,64.12,53.71,42.5
17193,117.1,119.15,113.48,101.02,77.87,54.22,29.72
17195,70.3,69.2,64.49,56.25,47.69,39.68,32.72
17197,58.4,55.45,54.07,50.28,44.67,39.67,34.32
17199,153.8,149.35,151.93,135.76,121.7,106.73,91.78
17201,102.5,97.04,94.44,87.14,77.72,69.17,60.43
17203,20.8,24.61,28.5,27.17,23.56,18.1,14.41
18001,67.7,65.47,63.5,57.15,50.71,42.23,33.22
18003,85.8,82.0,75.92,67.06,58.26,47.85,37.23
18005,113.1,101.37,93.66,82.86,72.09,59.93,46.9
18007,25.1,21.22,20.61,20.61,16.66,12.16,8.11
18009,101.0,89.4,83.1,73.07,68.66,61.68,55.66
18011,79.2,72.9,66.83,58.54,51.47,43.78,36.71
18013,42.4,39.31,38.97,33.1,28.94,22.81,16.17
18015,34.9,32.37,30.1,23.34,18.68,12.2,6.26
18017,77.5,75.65,70.25,61.95,56.24,48.91,42.12
18019,130.4,116.13,105.29,92.39,84.3,72.92,60.89
18021,112.8,104.35,95.11,85.22,72.1,56.96,42.89
18023,98.0,80.62,70.48,64.93,51.36,36.74,22.51
18025,62.3,53.32,51.34,47.13,39.77,29.28,18.86
18027,101.5,88.6,81.3,73.18,64.38,54.18,42.43
18029,101.2,93.99,89.27,83.14,77.8,72.22,64.45
18031,96.6,86.61,73.6,61.05,51.83,41.15,29.07
18033,81.0,77.91,69.38,58.03,50.12,40.65,30.12
18035,129.0,104.66,99.2,91.09,81.1,69.28,57.58
18037,118.1,107.17,102.9,95.35,84.26,72.32,59.22
18039,84.7,78.26,73.06,62.74,51.45,37.99,26.09
18041,160.0,142.43,117.41,107.12,97.08,85.74,72.66
18043,152.6,138.8,131.64,118.47,105.42,89.31,72.93
18045,121.8,112.92,116.38,103.12,84.8,64.26,45.04
18047,57.8,54.74,49.81,43.59,37.92,31.53,23.35
18049,98.8,94.28,94.2,91.95,82.28,70.31,59.47
18051,114.5,101.17,93.56,86.12,78.42,69.3,60.87
18053,124.9,112.29,104.49,93.42,82.5,69.71,57.59
18055,98.9,96.64,93.58,79.39,65.0,48.93,32.24
18057,55.7,52.52,50.36,46.8,41.74,34.72,27.63
18059,80.0,77.71,76.35,68.4,61.63,52.91,44.1
18061,106.2,93.78,91.39,88.06,80.13,69.01,57.87
18063,82.7,78.06,72.82,65.32,58.43,50.64,43.03
18065,106.5,104.03,97.12,89.81,82.38,73.83,63.41
18067,137.3,127.9,122.76,114.98,102.97,88.76,74.9
18069,97.5,86.41,78.82,71.2,63.21,52.84,42.9
18071,109.7,100.01,89.89,76.0,60.19,43.35,25.16
18073,132.6,125.19,122.76,117.06,103.13,87.85,72.65
18075,114.8,104.16,90.14,82.82,73.16,61.61,49.39
18077,131.7,122.93,114.02,100.65,90.0,78.67,65.35
18079,122.9,107.97,98.21,88.3,75.74,62.39,47.42
18081,99.8,91.46,84.25,77.23,68.24,57.55,47.25
18083,147.7,132.88,129.47,119.36,100.18,78.79,56.49
18085,83.9,79.85,74.13,65.32,54.74,40.72,28.8
18087,26.9,24.0,22.51,19.92,16.09,9.89,3.99
18089,89.2,82.46,82.46,76.58,66.95,56.77,46.77
18091,119.1,110.19,105.78,91.72,78.79,63.59,50.05
18093,152.1,141.32,132.86,121.32,105.26,87.03,68.78
18095,126.0,116.45,110.37,100.75,87.63,72.47,57.53
18097,84.7,77.92,72.54,65.79,56.95,47.18,36.85
18099,98.4,94.14,89.41,80.99,68.73,53.94,41.0
18101,125.1,113.35,108.52,93.75,80.12,65.64,49.4
18103,75.1,71.73,67.27,59.35,51.96,43.49,35.41
18105,80.7,76.02,71.54,64.59,55.37,44.68,32.88
18107,105.5,101.49,98.51,93.67,77.74,60.33,44.05
18109,133.7,121.87,111.43,102.88,90.91,77.61,64.03
18111,28.0,25.95,25.63,21.62,17.24,11.75,6.32
18113,89.2,81.24,76.82,69.07,60.84,50.06,39.27
18115,0.0,1.18,3.41,3.02,-0.28,-3.25,-8.37
18117,132.0,117.33,106.29,90.61,75.86,59.3,42.22
18119,80.8,78.95,74.54,69.05,62.24,53.37,44.33
18121,51.0,47.15,41.29,33.91,33.8,31.73,30.5
18123,118.8,108.41,105.87,94.99,79.8,62.19,45.5
18125,89.0,88.94,93.61,83.74,70.91,56.49,41.54
18127,100.8,95.94,90.23,85.21,76.69,66.85,57.65
18129,57.5,57.11,55.39,51.41,51.2,50.26,49.23
18131,78.0,62.36,70.43,58.31,46.65,32.8,20.22
18133,91.9,84.65,78.76,57.32,48.65,37.98,28.04
18135,101.5,85.03,77.04,69.73,60.68,51.0,39.34
18137,107.0,104.56,106.82,100.62,90.98,80.23,68.06
18139,98.4,88.82,78.92,70.25,56.46,41.67,24.69
18141,90.6,85.69,81.19,72.18,60.22,45.98,33.45
18143,199.3,169.51,149.78,130.45,114.9,97.85,79.89
18145,95.5,83.68,77.98,70.83,60.03,48.16,35.52
18147,76.2,46.52,39.91,31.89,26.22,18.6,12.23
18149,125.7,117.98,115.2,105.13,91.22,75.36,61.17
18151,92.1,87.82,82.15,74.7,65.41,53.53,42.32
18153,123.0,109.56,98.46,82.46,66.38,47.78,29.29
18155,51.3,48.12,45.25,39.4,35.41,31.95,26.11
18157,83.7,78.09,71.69,64.65,52.26,38.32,25.32
18159,67.6,61.59,58.69,48.77,39.92,30.13,20.3
18161,61.6,64.32,55.9,44.81,42.71,40.57,35.42
18163,152.5,140.25,137.74,126.26,111.69,96.4,80.89
18165,104.3,95.92,91.77,83.18,69.41,54.53,39.73
18167,116.9,110.52,103.58,95.61,78.56,59.34,41.18
18169,105.2,98.21,93.99,86.6,73.64,58.33,43.58
18171,0.0,-0.64,-0.12,-0.76,-1.36,-3.71,-5.04
18173,89.6,84.24,83.01,77.17,67.47,56.8,46.92
18175,95.7,91.45,74.79,71.99,68.11,61.92,54.49
18177,123.0,114.57,101.9,90.75,81.97,72.24,60.65
18179,79.7,79.18,75.28,68.04,60.78,51.71,42.63
18181,96.4,89.6,83.56,74.12,65.3,55.15,45.73
18183,110.3,104.08,94.14,79.72,69.87,57.89,46.17
19001,52.8,54.74,51.59,44.06,37.35,26.66,17.85
19003,7.1,9.09,12.31,61.95,53.72,42.37,33.93
19005,50.5,47.99,44.62,40.66,26.94,14.75,1.39
19007,138.2,132.91,119.29,106.63,90.88,73.79,58.68
19009,51.3,52.23,47.46,53.91,65.8,75.35,87.56
19011,15.1,15.15,12.97,10.75,7.71,4.53,1.56
19013,85.3,79.76,73.87,64.53,59.17,51.87,45.75
19015,66.1,61.01,60.82,56.75,47.93,35.71,26.19
19017,50.6,46.61,47.87,43.16,37.59,30.24,23.22
19019,43.7,38.98,37.57,34.37,28.99,23.31,17.96
19021,44.0,49.07,42.51,37.48,32.21,25.97,21.58
19023,18.5,17.46,17.01,16.24,15.55,13.6,11.9
19025,55.4,62.25,67.27,66.1,61.31,55.51,50.67
19027,118.3,108.32,99.76,91.48,75.16,55.86,39.63
19029,112.2,106.92,100.59,91.7,80.51,66.44,55.2
19031,23.7,22.56,19.67,17.03,15.22,12.77,11.51
19033,112.7,106.59,98.15,82.86,66.69,51.19,35.93
19035,57.7,58.02,44.47,38.53,31.49,24.02,17.95
19037,29.8,35.22,27.09,21.93,18.43,15.23,11.23
19039,103.1,92.07,87.58,94.97,80.19,62.6,48.31
19041,113.2,118.29,105.69,99.61,89.88,80.38,71.89
19043,38.3,35.48,28.59,22.16,14.45,6.22,-2.33
19045,87.8,86.12,79.54,71.79,63.62,54.65,47.64
19047,69.1,68.34,64.17,58.39,49.65,38.04,30.18
19049,15.9,15.66,17.03,19.35,19.37,16.19,15.11
19051,61.9,67.1,59.27,52.36,36.71,19.49,3.56
19053,33.7,45.38,44.87,52.82,53.36,51.7,52.57
19055,54.3,49.84,46.53,41.6,38.82,35.68,32.95
19057,111.9,106.95,96.62,85.63,75.99,66.02,56.96
19059,82.4,84.75,78.53,75.65,64.99,53.59,43.66
19061,66.9,67.63,61.39,54.32,49.84,45.61,41.92
19063,66.5,70.29,63.01,51.97,45.62,39.3,34.27
19065,86.5,69.15,64.87,60.24,53.8,47.32,40.66
19067,113.2,101.87,86.15,54.66,48.43,42.34,36.48
19069,29.3,15.87,7.95,0.89,-0.19,-2.26,-4.49
19071,71.0,73.47,72.09,38.49,32.9,25.45,20.14
19073,107.9,96.83,92.92,86.7,71.91,54.32,38.91
19075,2.2,14.43,30.23,34.4,34.81,33.21,33.14
19077,16.7,7.22,2.75,8.48,34.07,56.66,81.25
19079,71.0,71.02,65.21,55.58,50.26,43.24,37.24
19081,0.1,0.12,-0.18,-0.59,-0.69,-0.47,0.19
19083,69.6,59.28,56.11,52.79,57.12,59.93,63.13
19085,72.6,72.54,69.43,60.22,47.34,31.68,19.11
19087,77.5,73.72,68.65,63.96,55.19,45.11,37.03
19089,42.1,36.97,31.0,28.33,23.91,20.4,16.57
19091,67.9,66.51,61.58,51.78,46.79,40.81,35.71
19093,54.3,32.75,55.35,63.89,62.48,59.72,59.62
19095,25.5,27.46,34.91,33.57,28.14,23.58,19.59
19097,40.8,40.01,35.86,32.21,27.75,22.46,18.21
19099,71.6,69.76,69.96,60.43,51.15,40.61,31.21
19101,96.5,96.4,91.51,83.65,73.47,62.59,53.69
19103,40.0,35.86,32.45,28.48,24.73,21.15,17.92
19105,33.6,41.95,45.89,39.37,26.41,13.75,1.58
19107,0.0,-0.11,-0.32,-0.45,-0.78,-1.79,-1.44
19109,50.2,43.25,38.35,33.99,31.12,27.77,25.8
19111,120.5,117.06,126.15,111.9,95.18,76.75,59.49
19113,80.4,74.01,65.68,56.68,46.8,38.2,29.33
19115,29.8,28.92,27.31,18.68,19.05,19.32,19.46
19117,113.8,110.89,107.56,87.78,77.33,64.53,55.48
19119,27.5,29.37,26.39,24.14,22.08,20.74,19.78
19121,86.5,85.27,83.87,76.01,63.73,47.88,34.49
19123,83.9,74.21,67.87,69.53,60.77,51.42,44.03
19125,75.8,67.87,61.29,57.01,51.9,45.23,40.53
19127,92.1,82.18,77.96,67.82,57.79,46.45,35.25
19129,39.8,40.3,40.21,47.2,39.9,30.66,23.6
19131,31.5,26.48,26.08,23.81,24.05,24.59,25.35
19133,91.5,90.06,91.0,85.77,80.76,73.6,69.58
19135,109.6,104.73,94.2,76.65,65.76,53.68,44.28
19137,79.7,84.8,83.55,83.15,99.5,113.25,128.48
19139,73.3,66.42,59.08,55.28,49.16,42.73,36.49
19141,49.0,55.01,58.05,58.82,51.7,44.86,39.15
19143,38.2,4.68,32.17,33.06,28.63,24.08,19.74
19145,124.5,118.25,113.74,101.32,89.25,74.45,61.82
19147,58.9,46.5,38.05,33.56,27.71,21.04,16.19
19149,52.6,45.74,45.24,42.12,39.8,37.17,35.92
19151,59.8,63.43,62.83,57.3,48.06,37.62,28.48
19153,94.0,89.27,82.81,70.86,59.48,45.9,33.33
19155,99.7,96.31,90.99,80.54,69.03,55.9,44.27
19157,59.5,58.19,54.57,50.64,44.41,37.59,32.09
19159,107.9,97.51,89.48,63.9,60.35,53.8,50.13
19161,20.9,20.72,18.89,15.67,15.01,12.83,13.31
19163,83.2,78.2,73.65,64.87,55.41,44.36,35.58
19165,57.8,56.8,59.96,53.07,48.5,40.83,36.32
19167,31.7,28.57,31.76,23.25,21.22,19.21,18.07
19169,48.4,44.39,41.66,37.25,31.69,23.19,15.45
19171,20.8,29.7,31.01,27.08,26.5,25.51,24.77
19173,23.1,22.29,20.53,15.71,0.78,-16.66,-31.87
19175,148.2,145.75,127.57,117.89,104.8,88.71,74.67
19177,1.6,1.66,3.8,0.02,21.62,41.24,62.74
19179,132.5,133.77,121.02,100.14,77.41,53.97,31.91
19181,45.6,43.08,40.39,38.18,40.64,41.22,44.08
19183,49.3,47.22,45.55,42.35,39.19,36.13,33.21
19185,62.1,11.16,15.95,59.81,55.41,50.05,47.09
19187,104.1,95.54,90.66,75.75,65.51,54.24,44.43
19189,59.7,58.59,54.69,51.77,46.39,40.68,35.09
19191,54.3,47.81,46.95,43.82,38.21,33.17,27.32
19193,72.2,74.22,72.93,67.66,62.3,55.6,51.78
19195,1.2,0.67,0.28,0.06,-0.7,-0.9,-0.63
19197,77.7,70.41,64.76,50.41,41.99,31.77,22.64
20001,175.0,157.98,99.37,122.31,131.58,140.66,151.01
20003,8.0,5.53,0.11,1.1,1.33,0.68,2.68
20005,115.8,108.21,104.58,97.46,85.2,71.98,59.81
20007,22.4,7.17,4.27,2.77,-0.32,-2.1,-3.83
20009,106.3,104.42,103.13,98.69,96.98,94.79,93.41
20011,117.6,104.48,115.12,105.74,89.53,72.79,57.93
20013,64.3,54.87,48.13,45.95,36.96,26.69,17.82
20015,110.2,104.66,97.0,89.09,90.03,91.18,92.41
20017,0.0,-0.36,0.2,-0.07,-0.27,-1.0,-0.96
20019,23.1,18.3,14.15,9.06,0.02,-9.22,-18.66
20021,77.6,70.6,44.1,36.33,30.64,23.23,18.79
20023,119.9,115.9,116.31,105.98,105.53,103.33,102.76
20025,9.7,6.46,1.27,0.9,-0.04,-0.4,-0.76
20027,78.6,13.38,78.98,78.52,76.64,75.6,75.19
20029,89.0,78.49,50.55,39.13,33.87,28.59,23.68
20031,11.4,20.45,5.67,3.46,80.03,156.58,234.32
20033,2.1,2.75,1.58,0.72,-0.17,0.1,0.0
20035,99.8,92.45,94.58,90.44,86.05,80.53,76.17
20037,133.9,116.72,106.58,92.75,79.34,65.29,53.64
20039,114.8,92.43,82.68,81.96,63.81,42.96,23.98
20041,2.4,0.6,1.92,1.33,-0.06,-1.81,-3.04
20043,0.0,-0.58,-0.54,-0.7,-0.98,-1.53,-1.1
20045,76.5,71.69,67.67,59.46,52.44,44.51,38.89
20047,3.0,30.37,63.77,63.33,70.11,77.47,85.91
20049,11.8,13.03,5.84,3.18,-0.45,-3.94,-8.0
20051,133.5,119.48,108.69,96.81,91.81,85.73,80.65
20053,88.5,78.93,71.1,69.75,72.59,75.11,77.83
20055,87.4,79.23,74.59,66.76,61.74,54.7,47.68
20057,91.8,85.42,84.09,74.51,68.88,62.27,57.14
20059,126.7,101.1,103.69,95.34,88.41,80.61,74.98
20061,75.0,69.14,64.14,57.5,57.64,56.77,57.14
20063,3.7,2.9,29.08,53.64,2.76,-49.9,-100.34
20065,176.5,159.97,145.4,126.26,7.43,-112.74,-231.31
20067,11.8,72.59,62.63,58.17,53.16,45.03,38.62
20069,21.2,20.81,22.85,19.23,15.37,10.89,6.67
20071,97.1,109.47,109.93,107.58,102.36,93.69,86.09
20073,6.4,5.34,2.13,1.0,0.34,-0.27,-1.78
20075,93.5,87.55,71.87,46.74,38.97,27.46,16.48
20077,85.9,68.15,64.69,70.53,65.8,61.78,58.02
20079,102.7,94.86,85.54,80.49,76.67,73.23,70.2
20081,6.8,5.29,2.23,2.05,-0.01,-4.36,-8.11
20083,5.7,5.39,2.64,0.64,0.13,-1.73,-2.29
20085,55.6,50.93,48.22,45.15,39.02,33.25,27.93
20087,2.2,0.81,0.25,0.06,1.2,1.06,2.84
20089,1.6,-0.19,0.08,-0.08,-0.25,-1.12,-2.11
20091,73.7,69.81,66.95,59.92,53.94,46.17,40.8
20093,54.8,48.66,47.57,40.11,34.91,25.59,17.79
20095,0.0,-0.71,-0.33,-0.42,-0.66,0.04,1.14
20097,3.6,34.73,67.84,73.72,68.54,64.7,60.86
20099,118.8,108.82,105.2,99.91,92.84,85.11,80.08
20101,76.7,93.01,91.99,76.57,72.78,67.05,62.55
20103,52.8,48.49,44.34,39.59,34.74,28.65,24.31
20105,6.4,4.29,1.29,0.29,-0.0,-0.91,-2.1
20107,4.1,5.36,3.58,3.73,-0.46,-5.72,-8.13
20109,4.0,3.19,62.22,66.51,67.4,65.52,65.49
20111,74.3,73.75,76.09,71.85,63.3,54.79,46.75
20113,96.3,87.54,80.08,76.12,72.76,70.07,66.95
20115,35.3,10.57,27.51,30.06,26.71,23.36,19.21
20117,41.0,35.74,33.33,31.24,24.8,17.97,11.49
20119,1.9,1.56,0.59,0.77,-0.01,-1.36,-2.11
20121,31.4,28.12,27.76,41.25,34.31,26.27,20.5
20123,91.4,88.2,95.76,92.12,87.35,81.79,76.92
20125,144.3,120.4,113.59,117.95,103.5,87.27,72.78
20127,4.3,5.27,1.43,1.66,-0.0,-2.35,-3.15
20129,198.5,170.28,139.49,120.32,105.95,89.17,72.65
20131,39.7,30.69,28.28,25.89,23.14,19.8,17.26
20133,47.2,40.26,36.83,45.54,83.67,121.56,160.74
20135,7.1,5.51,91.97,101.52,107.13,110.34,114.77
20137,121.2,107.0,102.09,85.08,80.09,73.62,69.28
20139,4.0,2.84,1.57,1.34,0.52,-1.19,-1.58
20141,185.3,164.4,165.44,152.64,147.29,141.06,135.22
20143,4.8,2.39,1.67,0.34,-0.26,-0.68,-0.84
20145,70.2,62.27,52.64,46.06,36.34,26.66,17.47
20147,6.3,4.63,2.37,1.68,-0.84,-3.77,-4.72
20149,2.9,2.21,1.17,0.5,-0.21,-1.27,-1.38
20151,202.2,189.7,185.72,160.05,138.87,119.48,100.13
20153,5.0,2.84,0.14,0.34,-0.09,-2.61,-3.79
20155,117.7,113.19,106.79,96.66,84.84,74.02,63.76
20157,9.0,5.25,1.69,1.94,0.15,-3.65,-6.99
20159,56.6,51.91,49.76,39.81,32.45,25.11,18.28
20161,71.2,69.07,67.59,62.88,59.39,55.59,52.54
20163,3.1,2.75,1.75,1.51,-1.92,-6.05,-8.55
20165,57.1,53.18,43.46,46.79,50.36,52.45,55.52
20167,6.6,3.61,2.11,2.16,0.13,-2.08,-3.87
20169,164.2,143.63,137.62,125.89,118.75,111.97,105.21
20171,121.1,103.71,94.66,89.73,87.81,82.81,79.78
20173,109.2,103.75,99.81,93.24,85.15,76.43,68.38
20175,131.6,119.75,104.51,98.11,92.18,84.26,77.39
20177,118.6,112.78,106.7,91.53,79.63,66.85,55.4
20179,1.9,1.14,2.08,1.59,-2.77,-8.74,-12.38
20181,99.3,87.75,90.25,78.16,66.5,52.61,40.69
20183,156.9,136.76,137.1,117.82,109.62,100.92,93.17
20185,0.0,-0.14,-0.02,-0.89,-0.8,-0.17,1.56
20187,3.2,2.57,37.75,90.52,90.05,86.24,84.12
20189,0.0,13.54,23.9,21.98,19.86,15.83,12.28
20191,67.6,64.89,66.33,65.25,53.93,42.06,31.36
20193,127.3,104.15,91.6,82.84,84.09,83.67,85.16
20195,148.3,148.31,139.52,134.8,119.94,103.71,89.51
20197,0.0,-0.0,-0.34,-0.35,-0.4,-0.73,0.65
20199,43.8,49.75,42.59,41.4,37.45,30.61,25.91
20201,20.8,54.88,80.32,83.85,82.88,82.11,81.28
20203,0.0,-0.2,-0.1,-0.3,-0.29,-3.02,-4.58
20205,120.5,117.34,116.95,99.34,82.03,64.53,47.26
20207,3.3,2.44,-0.95,1.18,1.74,2.5,4.04
20209,78.8,73.56,71.24,63.22,57.07,49.63,44.02
21001,126.4,120.3,100.34,97.7,91.98,82.61,74.74
21003,84.7,90.77,91.96,84.53,71.93,56.26,41.64
21005,100.7,93.89,90.18,78.04,68.25,56.88,45.09
21007,102.4,95.2,102.35,92.08,85.97,79.06,72.3
21009,136.7,123.8,126.0,117.06,104.75,89.14,74.15
21011,61.8,58.66,53.98,46.56,38.85,29.99,22.62
21013,271.8,253.06,248.52,226.49,199.08,168.96,140.96
21015,97.5,93.54,89.37,81.45,73.43,65.92,56.05
21017,109.7,102.8,97.7,89.02,79.11,68.73,58.46
21019,113.7,99.74,91.06,81.03,72.09,64.1,57.16
21021,148.3,133.29,119.05,101.78,92.38,81.15,69.53
21023,21.4,20.75,18.27,16.08,14.75,12.81,10.77
21025,213.0,208.08,186.67,170.55,152.93,134.4,117.21
21027,53.9,50.27,47.33,43.96,41.95,36.47,31.89
21029,69.3,67.82,64.64,62.6,58.76,51.59,44.18
21031,101.6,99.07,92.06,79.06,70.26,58.08,47.08
21033,141.2,133.68,132.83,125.49,116.95,106.86,96.49
21035,103.3,98.8,97.81,87.96,77.59,64.98,52.77
21037,96.5,90.91,86.04,77.7,70.12,63.06,54.25
21039,62.4,68.86,79.87,82.29,89.13,94.34,100.62
21041,195.7,183.55,165.98,139.41,124.05,109.22,91.42
21043,95.3,82.92,76.77,65.15,58.16,52.0,46.11
21045,127.7,122.04,106.28,87.48,72.76,55.28,38.39
21047,66.4,64.68,63.51,55.89,47.22,36.95,27.23
21049,108.3,98.45,94.88,89.79,82.76,74.76,66.96
21051,235.3,220.98,219.19,188.51,168.54,146.28,125.62
21053,234.7,182.6,156.63,132.98,116.4,97.13,79.08
21055,137.0,126.55,122.44,106.51,90.02,71.22,52.76
21057,216.2,200.12,175.04,148.91,127.98,103.96,81.37
21059,124.0,112.75,104.22,93.33,82.7,70.88,59.6
21061,65.5,43.23,86.33,71.41,62.64,50.23,38.48
21063,5.6,3.22,35.41,33.08,30.45,28.21,26.94
21065,165.0,146.14,145.74,132.72,124.69,113.92,104.41
21067,73.6,69.68,65.29,55.91,47.64,39.68,30.68
21069,93.2,80.39,70.93,60.48,54.88,48.39,43.07
21071,263.1,246.73,227.16,216.13,204.92,193.15,182.84
21073,108.4,102.03,95.72,83.59,74.5,64.39,53.16
21075,178.5,179.99,179.28,166.81,157.54,147.09,136.99
21077,39.3,43.84,42.26,37.49,30.69,24.2,15.76
21079,54.3,48.84,49.57,41.4,34.35,25.64,16.57
21081,127.2,117.1,107.71,99.77,87.88,76.79,63.03
21083,94.5,99.47,97.2,91.77,86.13,79.33,72.18
21085,145.9,134.08,129.87,122.85,115.91,104.99,95.48
21087,98.4,86.9,81.37,59.46,60.6,59.29,57.52
21089,94.8,81.14,76.44,67.64,61.2,55.12,50.08
21091,25.8,24.56,25.57,23.79,23.27,20.67,18.18
21093,88.7,86.3,86.19,82.34,77.46,68.78,60.67
21095,144.3,137.98,131.42,120.75,109.53,98.0,87.23
21097,102.3,106.22,96.86,81.81,74.26,67.44,58.9
21099,64.8,60.54,59.95,56.88,54.78,49.06,44.02
21101,154.0,147.38,143.39,130.98,113.61,95.12,76.76
21103,64.6,61.5,61.36,56.33,50.5,44.05,35.82
21105,69.1,70.83,63.32,53.85,57.82,60.27,63.24
21107,139.5,136.12,130.18,125.36,120.83,114.51,108.6
21109,49.9,47.04,47.73,49.73,45.22,38.75,32.94
21111,95.5,88.47,83.36,76.32,69.75,60.19,50.06
21113,100.4,96.61,91.54,79.46,68.97,57.83,46.01
21115,180.0,183.59,178.41,169.8,149.69,129.87,111.08
21117,80.4,77.58,74.52,67.27,59.29,51.75,42.35
21119,75.4,86.88,86.09,80.38,66.99,53.22,41.17
21121,94.8,83.47,85.38,81.1,76.76,70.39,64.62
21123,87.3,89.49,86.63,81.37,65.77,46.58,28.69
21125,125.4,111.9,106.06,92.07,82.92,71.28,60.55
21127,119.5,111.65,107.53,96.94,86.66,77.22,68.82
21129,203.8,163.94,148.3,134.44,126.2,116.23,107.66
21131,244.2,218.72,210.0,181.64,162.81,143.0,123.84
21133,162.0,150.46,137.93,125.36,115.13,104.45,95.51
21135,34.3,30.71,23.52,21.02,17.31,12.73,9.75
21137,83.5,73.9,73.43,61.68,53.02,42.46,30.65
21139,9.0,7.73,6.53,4.55,-0.9,-7.99,-14.59
21141,74.4,84.12,100.56,104.41,97.17,87.53,77.57
21143,117.7,117.14,116.66,106.81,101.15,93.99,87.23
21145,190.8,183.66,183.48,167.17,151.11,134.42,117.96
21147,130.9,128.14,121.18,118.91,97.3,73.01,50.44
21149,89.4,87.06,86.77,80.69,68.71,55.39,42.03
21151,96.1,89.02,84.35,74.82,67.67,58.76,49.67
21153,154.8,163.95,157.62,139.13,130.9,122.29,115.2
21155,125.7,114.54,108.4,97.67,82.5,64.71,47.69
21157,109.2,107.7,115.06,109.28,99.64,87.55,76.65
21159,127.3,136.21,134.26,130.96,122.33,113.59,105.96
21161,126.1,115.66,102.78,95.35,87.31,78.19,69.77
21163,60.2,60.81,58.55,55.36,48.72,38.57,28.86
21165,35.0,7.1,38.27,35.77,33.68,30.54,28.61
21167,104.7,103.74,97.89,86.18,73.96,60.12,46.48
21169,74.4,70.68,71.18,65.88,60.35,51.27,43.24
21171,165.4,139.89,121.84,107.17,91.51,73.08,55.67
21173,171.7,157.97,147.74,131.25,118.95,105.58,92.76
21175,65.0,58.94,65.59,77.87,78.39,78.49,80.17
21177,138.8,134.07,128.31,119.93,105.43,89.25,72.69
21179,101.6,93.09,92.03,86.05,79.13,69.17,59.72
21181,38.0,51.24,42.98,30.29,25.88,20.93,16.13
21183,111.6,94.95,110.56,104.79,92.43,78.28,63.83
21185,65.5,59.72,57.55,51.68,46.64,38.84,30.02
21187,37.1,52.92,50.72,41.98,38.63,35.73,30.17
21189,262.2,248.5,249.87,239.19,240.19,239.65,240.25
21191,53.8,51.33,51.11,46.93,44.72,42.46,39.17
21193,243.4,219.44,209.42,203.92,202.02,199.75,198.51
21195,263.1,242.78,222.07,200.1,180.78,161.32,142.75
21197,149.0,147.03,148.81,139.21,132.8,124.21,116.8
21199,124.7,109.12,98.69,86.44,79.44,70.8,62.69
21201,0.0,0.2,-0.8,-1.06,-0.58,-0.89,-0.5
21203,104.0,87.01,80.84,69.0,60.36,49.46,38.56
21205,153.8,141.94,124.36,98.22,82.99,66.42,51.76
21207,169.8,156.07,126.29,110.46,101.84,90.18,79.98
21209,97.2,86.51,78.16,70.64,63.12,56.06,47.29
21211,79.6,74.09,73.42,64.27,58.47,50.72,42.11
21213,117.8,109.58,102.76,90.69,81.75,69.57,58.65
21215,51.4,51.32,44.85,37.92,35.11,29.68,23.74
21217,115.8,100.36,91.52,90.47,84.92,76.9,69.15
21219,80.3,43.32,9.13,4.98,-0.33,-7.83,-15.33
21221,85.5,30.9,69.93,73.99,65.89,56.01,46.72
21223,39.7,36.14,35.41,48.31,48.58,48.66,46.16
21225,143.5,138.87,127.75,121.18,103.44,85.27,66.75
21227,107.4,108.66,97.0,85.05,74.05,60.57,47.1
21229,51.9,47.92,41.29,39.3,37.22,32.71,28.83
21231,168.9,140.35,127.64,115.78,109.7,101.31,94.09
21233,109.4,103.95,100.22,94.89,92.7,88.66,85.1
21235,300.1,267.51,241.67,222.6,200.43,175.67,152.07
21237,198.7,193.28,167.06,126.97,120.87,113.49,108.06
21239,73.9,65.78,60.47,58.93,55.54,51.87,47.27
22001,80.2,71.46,75.91,70.97,67.8,65.86,65.86
22003,115.0,102.26,92.69,84.42,85.05,86.84,89.93
22005,110.1,100.65,94.04,85.53,75.53,66.15,58.21
22007,36.4,34.52,32.9,29.72,27.6,27.1,26.71
22009,146.5,126.76,126.15,115.43,101.51,89.29,77.62
22011,84.0,77.36,75.42,70.09,63.05,57.98,51.96
22013,88.5,79.83,62.89,63.11,55.77,50.15,42.64
22015,102.8,97.54,96.19,89.82,79.19,72.15,62.57
22017,118.6,109.46,112.23,105.47,90.72,78.72,64.76
22019,123.2,111.47,105.96,96.99,90.3,85.18,79.12
22021,86.9,63.75,54.24,46.99,37.57,31.69,24.32
22023,0.0,-0.53,-0.33,-0.56,-0.35,1.15,2.29
22025,113.3,93.37,96.36,99.1,87.55,78.19,67.68
22027,85.0,88.32,96.43,96.8,93.18,91.92,87.45
22029,93.9,74.7,76.25,88.76,83.49,79.55,75.84
22031,40.3,51.24,64.76,66.8,63.59,63.03,61.23
22033,103.8,96.13,92.16,81.77,72.47,63.97,57.49
22035,98.7,100.99,105.4,94.92,82.27,72.94,61.11
22037,52.7,50.65,47.1,45.01,43.64,43.16,44.49
22039,221.6,209.73,192.98,172.02,145.32,119.84,95.18
22041,100.7,91.45,122.75,110.61,92.93,77.63,61.34
22043,2.1,1.59,40.62,43.12,40.94,42.03,41.99
22045,117.0,99.42,93.11,87.47,81.15,75.88,72.65
22047,99.8,93.05,81.49,74.59,60.33,46.84,35.47
22049,42.4,40.1,75.94,71.42,56.47,43.95,29.37
22051,119.5,115.02,107.38,96.95,83.13,69.08,56.77
22053,118.4,109.96,103.92,89.03,84.59,82.02,79.34
22055,112.1,102.15,97.45,87.44,80.15,73.1,68.21
22057,106.8,99.06,96.62,88.37,78.68,70.5,62.82
22059,138.3,118.91,120.29,106.74,94.36,85.49,74.3
22061,105.2,90.9,98.74,81.77,75.84,72.6,66.65
22063,113.3,106.47,105.21,93.97,82.57,72.1,63.42
22065,3.2,1.85,2.78,1.34,-0.83,-0.68,-1.41
22067,124.3,109.79,118.62,111.39,91.73,74.48,55.51
22069,86.9,71.67,78.95,75.39,69.22,65.42,60.48
22071,71.9,67.41,63.84,57.02,48.65,40.68,34.81
22073,124.8,119.81,113.39,104.64,92.13,81.79,69.52
22075,3.7,2.33,44.23,41.38,36.19,32.1,28.09
22077,94.9,83.62,93.91,84.1,72.39,61.93,53.42
22079,169.8,153.06,145.54,133.69,117.74,103.51,89.16
22081,14.3,45.87,113.52,105.92,94.02,84.9,74.6
22083,80.2,68.2,134.82,139.82,125.61,113.79,101.0
22085,82.7,63.85,68.66,70.2,60.16,52.59,43.79
22087,170.4,161.88,150.41,118.82,88.14,58.39,30.1
22089,85.6,79.25,74.27,68.2,58.48,50.17,42.44
22091,46.4,51.32,71.07,73.87,70.09,66.73,65.3
22093,58.5,67.53,82.04,79.69,74.72,70.29,67.89
22095,97.5,98.18,93.74,93.2,87.36,82.15,78.01
22097,158.1,150.87,145.5,137.05,121.14,106.6,94.42
22099,86.4,77.73,74.67,69.72,65.21,61.85,60.15
22101,126.5,118.78,107.95,98.82,89.6,81.0,73.31
22103,119.1,106.53,102.45,92.4,81.54,71.12,62.14
22105,147.4,140.83,130.79,116.58,100.3,84.28,70.71
22107,56.0,46.17,45.24,62.88,70.7,80.35,90.06
22109,112.7,102.83,97.96,90.92,81.6,73.41,66.15
22111,74.7,71.56,85.14,82.04,69.59,59.13,45.28
22113,76.6,69.09,66.05,62.51,56.08,49.94,45.48
22115,104.1,91.62,79.46,72.52,66.47,62.91,58.3
22117,141.7,120.27,135.26,126.64,112.25,98.35,84.95
22119,133.8,114.19,115.16,108.31,99.8,94.2,86.1
22121,111.5,104.14,101.0,87.7,76.51,66.09,58.07
22123,66.2,51.73,51.67,50.69,36.57,25.43,12.12
22125,53.5,45.74,45.08,42.76,39.82,37.58,37.3
22127,68.6,56.21,109.39,97.49,87.67,81.64,72.73
23001,92.0,84.04,72.18,58.67,50.83,40.59,28.97
23003,85.7,84.51,74.65,64.16,52.17,40.44,28.75
23005,71.3,63.14,53.38,43.88,39.4,33.52,26.76
23007,73.0,68.32,60.58,49.3,42.02,33.46,23.77
23009,77.3,72.6,65.43,52.97,45.6,38.36,27.48
23011,117.2,111.71,101.81,83.79,70.55,56.25,40.39
23013,75.1,67.07,61.71,54.87,49.13,44.97,37.41
23015,69.3,53.64,45.46,37.3,33.79,30.22,24.54
23017,83.7,80.17,72.55,60.73,53.85,44.55,33.99
23019,83.7,81.49,71.23,60.04,51.31,44.2,34.46
23021,97.2,88.99,78.02,63.12,51.11,38.96,25.1
23023,79.9,70.77,61.39,49.57,45.23,39.62,32.27
23025,85.5,83.59,76.71,61.9,48.95,36.87,22.42
23027,62.2,54.84,46.08,37.91,33.58,29.95,24.12
23029,75.4,73.98,64.35,58.51,48.37,38.58,27.18
23031,79.8,73.91,63.76,52.5,46.81,39.51,30.76
24001,129.2,129.74,127.07,111.74,90.03,69.2,47.57
24003,78.2,74.03,69.89,61.71,53.89,44.11,34.98
24005,83.1,77.8,71.65,63.71,53.78,42.66,32.56
24009,102.8,96.17,90.32,79.24,68.67,57.13,46.74
24011,52.5,49.4,46.16,40.53,34.32,25.76,18.89
24013,81.4,76.84,72.35,64.67,55.74,45.56,36.53
24015,83.8,78.81,73.95,64.12,56.35,47.19,38.41
24017,87.7,82.04,78.57,71.32,62.17,51.21,41.7
24019,72.0,70.63,69.17,67.74,61.04,52.3,44.74
24021,79.6,72.21,67.63,62.45,56.12,49.65,42.49
24023,103.3,104.7,96.9,79.38,63.8,49.06,34.46
24025,85.3,79.64,72.97,64.74,56.27,46.23,37.37
24027,39.6,36.9,35.23,31.47,28.08,23.65,19.89
24029,134.6,123.72,117.18,96.4,84.94,71.96,59.31
24031,39.7,37.22,34.61,30.38,26.42,21.62,16.37
24033,45.4,41.84,38.69,34.0,29.87,24.03,19.33
24035,77.1,71.46,67.25,57.53,49.56,39.45,30.45
24037,78.2,71.64,66.9,57.23,50.52,42.26,34.72
24039,58.7,54.92,49.25,43.14,41.96,39.25,36.56
24041,114.6,108.76,104.27,96.77,83.85,68.06,54.11
24043,122.8,116.55,112.92,101.48,90.47,80.0,69.09
24045,91.8,85.39,77.64,66.61,59.44,50.31,42.11
24047,95.5,81.75,76.39,62.83,59.36,53.96,48.28
24510,66.6,59.56,54.52,47.91,41.39,33.97,26.79
25001,77.7,69.83,60.92,50.83,44.52,39.33,32.65
25003,82.5,74.99,59.05,51.32,46.49,41.85,36.52
25005,88.1,81.65,72.81,62.44,55.55,47.89,39.99
25007,68.9,63.85,55.5,47.39,40.58,33.38,25.46
25009,59.2,53.29,46.89,39.51,35.0,30.3,24.64
25011,62.9,57.16,51.36,45.73,41.37,36.93,31.19
25013,83.9,77.36,67.0,57.63,50.39,43.63,35.5
25015,70.3,63.97,56.53,48.97,44.08,39.82,34.44
25017,43.2,38.73,33.7,28.63,25.33,21.7,17.16
25019,45.4,41.91,36.58,30.6,27.11,24.05,20.47
25021,52.3,48.0,42.31,35.73,31.59,27.64,22.42
25023,67.6,61.61,53.5,45.47,40.24,33.98,27.12
25025,40.8,36.47,32.04,26.55,22.81,18.23,13.45
25027,66.6,59.33,51.77,43.9,38.69,34.07,27.29
26001,34.3,30.65,27.73,22.4,17.31,11.72,5.42
26003,92.0,83.58,73.72,71.77,36.11,1.01,-34.79
26005,66.3,58.71,53.09,46.67,38.66,30.59,23.67
26007,130.4,123.22,118.88,117.69,102.16,86.0,69.34
26009,57.2,51.69,50.25,45.99,39.31,32.45,25.13
26011,146.9,129.87,109.89,94.03,78.24,60.56,43.19
26013,92.0,90.31,83.99,72.89,60.33,47.47,33.4
26015,66.8,64.19,63.48,58.67,48.72,38.76,28.99
26017,114.4,109.9,101.63,91.64,74.62,56.32,38.1
26019,73.7,75.99,71.24,62.47,52.82,43.75,34.91
26021,116.0,108.0,97.76,86.13,69.78,51.66,34.15
26023,94.1,85.5,76.87,71.09,55.98,40.11,24.1
26025,127.2,125.17,120.29,104.81,81.88,58.29,35.09
26027,50.3,44.19,39.29,34.68,26.92,17.19,8.31
26029,82.4,79.69,80.33,73.6,64.1,53.8,42.88
26031,143.3,135.61,122.12,109.79,91.89,73.83,55.24
26033,77.6,66.2,62.79,60.23,46.45,31.85,17.39
26035,171.6,144.26,125.84,109.7,94.59,78.67,62.28
26037,43.4,39.32,37.96,35.15,34.08,31.94,30.64
26039,112.1,101.09,123.84,114.21,94.61,74.15,53.38
26041,113.0,110.4,101.9,91.94,80.1,68.16,55.13
26043,132.0,117.14,106.55,90.61,67.7,45.87,22.9
26045,110.6,101.03,95.44,86.41,70.2,53.11,37.06
26047,142.1,133.62,127.19,115.69,96.46,76.4,55.76
26049,138.8,127.35,119.91,104.91,85.69,65.02,44.63
26051,136.1,118.47,104.37,92.3,77.88,61.76,45.35
26053,127.1,121.39,113.56,95.89,75.9,54.9,35.11
26055,141.7,128.44,104.62,96.77,83.89,71.5,58.85
26057,89.0,82.63,77.17,70.93,59.4,48.31,37.06
26059,80.6,78.59,70.53,61.92,48.78,34.03,19.84
26061,46.7,45.66,42.79,39.57,34.24,29.53,22.87
26063,83.7,79.24,74.86,67.27,55.47,42.26,28.33
26065,86.0,76.93,71.87,64.93,54.85,42.96,32.39
26067,68.5,66.85,66.88,63.12,51.42,39.76,28.35
26069,173.5,166.93,153.67,142.03,118.93,94.55,70.36
26071,83.6,84.21,82.14,76.5,74.33,72.23,69.76
26073,95.6,82.85,74.48,62.13,48.05,33.91,18.42
26075,96.0,89.64,83.68,74.39,61.78,47.74,34.3
26077,84.8,78.51,72.4,64.39,53.91,42.5,31.34
26079,133.6,121.83,107.56,92.06,70.9,49.13,27.95
26081,87.4,79.09,75.48,67.65,55.36,44.17,33.37
26083,0.0,-0.05,-0.02,-0.14,-0.37,0.3,0.25
26085,37.6,40.61,35.82,29.43,24.62,20.62,15.31
26087,96.6,86.6,78.5,69.48,57.22,41.77,27.23
26089,23.0,21.28,19.51,18.11,14.07,10.57,7.1
26091,97.6,93.02,90.62,83.53,67.59,50.85,33.96
26093,67.2,62.17,58.8,53.16,44.62,35.26,26.56
26095,161.7,151.7,133.53,110.91,93.61,75.42,56.95
26097,82.6,85.43,81.78,77.42,49.65,20.58,-8.06
26099,107.8,101.64,97.37,87.02,73.27,57.62,41.6
26101,118.0,107.53,98.45,86.74,75.29,63.79,51.98
26103,93.1,92.37,83.8,75.76,65.49,56.29,44.95
26105,142.4,133.84,124.71,118.35,99.57,81.09,61.63
26107,104.6,95.24,89.8,83.04,69.76,57.34,43.65
26109,67.7,58.03,44.12,32.67,29.73,28.35,24.61
26111,92.1,86.92,82.8,75.09,62.6,49.52,36.05
26113,33.5,24.04,34.64,32.13,23.11,12.91,3.31
26115,107.6,100.79,92.75,79.27,66.68,52.44,38.88
26117,135.7,124.29,116.21,107.9,90.2,72.57,54.78
26119,74.5,67.39,63.84,59.82,49.01,37.05,24.37
26121,151.3,136.48,126.93,111.97,95.91,81.3,66.2
26123,131.3,127.89,116.46,105.33,88.74,73.83,57.23
26125,81.6,76.8,72.73,65.09,54.47,43.09,31.82
26127,73.8,70.8,66.93,61.11,48.49,36.6,23.87
26129,188.0,161.4,147.72,132.9,114.66,94.89,74.87
26131,37.8,39.24,32.74,28.99,23.68,18.66,12.52
26133,104.8,93.24,81.4,68.47,52.21,35.66,18.82
26135,143.8,117.99,99.29,84.59,71.71,56.58,41.11
26137,174.0,160.46,151.06,145.87,126.27,105.45,84.16
26139,67.5,61.2,58.33,52.35,44.07,37.27,30.69
26141,53.7,53.74,52.16,49.49,41.5,33.51,24.13
26143,208.7,183.81,150.37,132.29,117.01,100.48,83.78
26145,110.0,97.55,91.14,79.23,66.85,54.32,40.94
26147,117.5,110.6,100.83,91.57,79.47,64.63,50.74
26149,129.4,118.19,106.55,94.62,76.81,57.16,37.98
26151,58.3,52.41,46.37,40.91,27.8,12.69,-2.1
26153,118.4,98.98,104.79,94.26,85.41,77.13,66.54
26155,105.3,98.38,96.31,87.81,71.35,54.03,37.23
26157,90.9,82.59,78.1,67.59,57.61,45.52,33.28
26159,120.6,117.46,112.67,99.88,79.01,57.02,35.61
26161,55.5,50.51,44.22,38.37,30.38,21.86,13.42
26163,101.7,93.33,89.03,78.34,65.06,51.5,37.38
26165,176.2,164.01,146.0,126.21,100.29,74.62,48.47
27001,107.2,98.59,81.01,68.28,56.8,46.14,35.45
27003,61.6,57.46,52.11,44.81,38.73,32.56,27.84
27005,59.4,52.45,45.51,38.09,35.36,31.49,29.49
27007,67.0,60.05,55.22,46.46,41.14,33.72,27.53
27009,47.4,43.03,38.86,32.57,29.85,26.51,24.45
27011,107.9,89.7,84.58,82.43,71.53,60.52,50.47
27013,72.7,70.64,65.85,58.69,51.5,43.31,35.46
27015,72.5,67.7,57.33,49.12,41.27,32.11,24.76
27017,99.1,73.09,62.83,54.91,50.81,47.12,44.16
27019,46.8,43.68,40.19,35.43,32.13,27.17,23.57
27021,42.2,35.58,30.89,24.56,21.68,19.15,17.33
27023,68.3,72.86,70.56,63.0,52.5,41.31,31.52
27025,39.9,40.82,34.61,30.49,25.77,21.27,18.04
27027,66.9,62.54,54.53,44.78,34.9,23.31,14.08
27029,80.7,75.36,68.33,58.02,47.85,35.79,26.03
27031,1.4,1.62,40.38,35.2,33.57,31.54,30.04
27033,63.1,51.5,72.75,76.75,67.35,57.57,49.17
27035,76.8,68.26,59.58,51.84,46.76,42.29,38.9
27037,59.3,54.16,48.64,42.63,36.94,31.51,26.82
27039,20.2,17.99,16.56,13.46,9.92,6.01,1.72
27041,109.1,102.07,91.73,80.35,61.3,42.34,25.1
27043,59.0,56.89,54.47,49.44,39.32,28.62,18.84
27045,31.9,31.01,29.6,28.73,24.07,19.95,15.43
27047,45.5,41.57,35.9,34.43,28.92,23.03,17.4
27049,57.5,51.4,47.12,41.27,33.95,26.97,19.31
27051,44.8,45.32,46.34,33.01,28.41,22.93,19.85
27053,47.8,43.3,38.65,33.17,28.51,23.99,20.55
27055,26.6,22.9,23.14,21.34,19.52,18.55,15.51
27057,74.2,64.12,57.38,49.08,40.73,32.12,23.89
27059,58.7,57.93,52.34,47.29,45.38,43.55,42.31
27061,97.9,81.64,65.35,56.02,50.95,45.04,40.88
27063,31.1,2.75,24.9,23.72,23.85,22.6,23.65
27065,87.4,90.14,82.54,70.59,61.24,51.65,43.21
27067,68.3,66.33,64.21,58.32,50.17,41.63,34.48
27069,41.7,40.32,38.49,37.04,32.19,26.32,21.76
27071,78.8,68.7,59.7,51.57,48.72,42.51,38.15
27073,57.0,56.8,60.55,57.24,52.23,46.84,42.02
27075,28.8,31.86,32.82,28.25,24.41,20.92,19.35
27077,77.2,71.69,68.14,63.33,19.45,-28.13,-74.46
27079,29.2,22.54,11.47,9.34,9.6,9.86,9.64
27081,63.8,63.97,44.39,38.83,35.43,31.61,27.62
27083,54.8,53.04,49.17,43.4,38.96,34.04,29.79
27085,77.0,71.77,68.91,62.9,55.23,46.47,38.32
27087,57.3,48.1,37.89,30.85,27.42,20.52,16.52
27089,27.0,25.14,23.62,20.93,17.55,12.21,10.02
27091,91.5,86.08,77.37,70.45,62.09,53.3,46.17
27093,39.5,37.81,30.46,26.01,16.43,5.77,-3.1
27095,89.5,84.35,74.66,62.23,50.58,38.22,27.86
27097,77.8,74.57,65.0,57.38,52.74,48.63,45.36
27099,49.2,47.95,41.55,35.3,27.35,19.58,11.7
27101,36.8,35.9,35.94,35.47,29.49,23.3,17.33
27103,28.3,25.53,20.07,18.21,16.44,14.19,12.47
27105,58.4,58.92,50.89,39.51,34.02,27.64,22.01
27107,41.9,38.89,26.59,21.51,12.47,0.36,-9.14
27109,36.5,33.48,29.12,27.03,25.67,24.11,22.47
27111,66.6,60.49,56.1,47.83,40.5,32.85,26.41
27113,95.6,87.77,75.67,69.86,56.49,40.96,28.63
27115,61.9,62.32,62.82,54.31,48.44,43.34,39.33
27117,80.2,89.05,76.7,73.16,68.95,64.16,59.98
27119,78.8,71.37,64.17,57.08,49.66,39.27,32.35
27121,68.7,70.24,68.49,58.5,52.93,47.36,43.24
27123,48.9,45.87,41.93,35.75,31.13,26.12,22.18
27125,36.8,32.24,31.25,27.24,24.53,19.16,16.5
27127,60.5,57.44,50.54,41.44,35.64,28.72,23.41
27129,33.0,31.55,30.69,28.35,22.68,15.74,10.0
27131,62.0,56.77,50.3,43.03,37.84,32.11,25.9
27133,55.7,30.87,57.04,53.68,50.67,47.28,44.77
27135,66.8,63.0,60.37,59.5,54.3,46.78,40.73
27137,80.6,74.77,64.75,54.69,47.91,40.9,35.48
27139,42.7,39.7,36.87,32.77,28.68,24.09,20.63
27141,52.8,49.02,41.31,35.88,31.65,27.54,24.75
27143,29.6,30.17,27.68,23.47,18.82,13.67,8.23
27145,67.4,63.54,55.29,48.29,44.14,39.88,37.03
27147,59.1,52.0,47.93,41.3,35.24,28.41,22.16
27149,55.8,52.83,56.71,49.45,43.33,35.89,30.4
27151,57.6,56.42,55.15,46.5,39.64,31.87,24.77
27153,29.4,27.06,24.84,22.42,20.45,19.34,19.3
27155,110.3,99.64,59.51,40.12,41.97,43.93,47.1
27157,9.8,11.17,9.85,8.11,5.78,4.23,1.69
27159,174.6,156.04,145.9,126.19,111.74,97.49,84.13
27161,49.1,47.86,43.34,46.82,34.6,21.77,8.22
27163,60.7,57.42,52.92,47.53,42.63,37.8,33.6
27165,49.3,44.24,43.03,44.93,41.15,36.23,32.65
27167,81.9,70.83,62.53,53.0,43.13,32.16,22.3
27169,60.9,54.52,47.73,41.04,34.73,29.32,21.45
27171,61.9,56.78,52.61,46.77,41.07,35.0,30.03
27173,38.8,37.82,37.21,34.31,30.37,26.01,23.09
28001,178.7,166.07,158.67,125.7,97.24,70.06,43.85
28003,205.7,189.66,176.36,160.59,132.73,104.98,76.92
28005,52.2,48.77,47.66,41.91,34.11,27.73,21.5
28007,119.8,118.16,116.45,103.19,81.37,62.82,43.65
28009,73.8,68.24,66.91,59.11,47.26,36.07,25.26
28011,92.6,92.55,88.03,76.64,61.59,48.75,34.37
28013,84.8,81.59,80.16,72.52,57.5,45.51,33.02
28015,1.2,0.64,0.47,0.14,-1.95,-0.37,-0.37
28017,125.7,97.73,87.79,83.82,75.25,68.1,61.22
28019,91.6,75.62,60.73,52.57,35.68,21.33,7.25
28021,90.0,84.74,79.04,62.26,47.11,33.99,20.23
28023,138.5,133.0,121.51,101.52,75.59,50.83,26.5
28025,119.8,115.04,113.48,102.95,91.45,81.98,73.02
28027,108.6,105.73,119.76,113.86,88.48,64.26,40.66
28029,108.7,103.17,101.29,90.04,72.96,58.06,43.18
28031,103.6,112.72,112.93,108.34,91.85,77.03,61.9
28033,109.4,104.84,100.77,90.71,77.35,63.95,51.33
28035,240.3,219.64,210.39,190.11,160.58,132.16,103.52
28037,87.4,83.72,72.38,61.07,46.32,32.98,19.96
28039,179.7,169.61,159.25,132.03,108.07,86.33,64.07
28041,56.3,54.82,57.43,52.02,46.24,42.2,38.65
28043,147.5,157.3,164.17,160.27,135.24,112.67,89.88
28045,99.1,89.76,88.7,81.01,71.43,62.85,55.3
28047,141.0,134.09,125.89,108.74,89.44,71.75,54.25
28049,78.0,76.83,72.27,61.39,49.38,39.57,29.41
28051,65.8,64.58,66.29,60.3,53.95,50.39,45.07
28053,59.1,61.64,60.73,55.83,48.33,43.23,35.81
28055,0.0,-0.66,-1.29,-1.65,-1.6,1.68,2.48
28057,130.8,132.01,122.87,103.9,82.04,62.68,41.24
28059,124.8,114.48,103.27,89.04,73.61,60.26,45.69
28061,43.1,41.82,38.25,36.33,32.18,29.05,26.38
28063,0.6,-0.51,-0.51,-0.93,-1.41,-0.07,1.68
28065,127.9,118.83,117.86,110.2,89.19,69.07,49.53
28067,171.9,168.7,149.63,137.33,110.6,85.25,60.38
28069,57.6,50.78,40.25,32.84,28.31,26.6,25.28
28071,77.6,72.79,70.8,61.56,52.36,45.82,38.83
28073,43.5,42.85,38.43,33.79,26.73,20.0,13.58
28075,170.1,162.5,157.64,141.09,117.06,95.39,73.75
28077,136.2,123.66,117.98,108.88,90.32,72.5,55.56
28079,91.5,90.05,91.84,86.8,71.69,58.58,45.43
28081,128.7,126.48,124.33,111.88,90.4,70.22,48.93
28083,118.8,118.29,119.21,113.14,98.48,86.54,72.41
28085,133.5,122.84,115.25,101.27,82.88,65.55,48.72
28087,130.5,130.87,124.31,100.82,79.82,61.59,43.95
28089,72.8,70.41,67.76,61.61,49.48,39.99,29.51
28091,217.9,194.41,183.75,169.28,141.49,114.64,87.07
28093,53.1,51.03,48.49,47.74,43.78,40.92,37.94
28095,113.1,101.59,101.88,94.24,76.17,59.24,42.37
28097,102.9,96.02,92.04,85.03,57.37,32.62,7.24
28099,187.0,162.45,148.13,128.44,99.88,73.83,48.13
28101,73.2,65.25,70.19,63.52,47.16,32.74,19.48
28103,99.2,95.66,98.51,86.68,70.35,56.49,44.33
28105,78.8,73.68,74.13,64.57,54.23,46.04,38.72
28107,110.4,110.43,102.29,93.67,81.67,71.23,60.97
28109,153.4,146.74,134.03,115.39,101.12,87.67,75.13
28111,96.8,92.6,88.71,66.59,51.01,37.49,24.09
28113,185.3,176.17,154.96,135.65,110.02,85.78,61.47
28115,108.7,103.41,98.36,86.07,65.49,47.11,27.47
28117,128.8,119.06,107.95,92.17,74.36,57.52,39.51
28119,70.8,56.19,71.36,71.38,59.75,49.21,38.88
28121,105.8,102.79,100.78,91.51,76.5,63.48,50.27
28123,103.8,97.84,92.93,86.72,70.62,57.08,43.75
28125,132.5,121.54,101.85,84.3,71.49,61.68,49.92
28127,125.4,117.17,108.31,96.43,83.21,72.26,61.39
28129,48.6,50.73,48.14,42.84,36.96,33.05,29.12
28131,179.4,169.03,158.61,132.68,110.98,91.15,71.14
28133,54.3,52.2,53.58,46.6,38.85,33.63,26.67
28135,11.1,33.47,38.26,31.65,27.64,25.52,23.11
28137,143.3,137.74,129.02,111.05,91.07,72.03,52.88
28139,121.9,119.8,106.81,92.19,72.96,53.9,35.06
28141,161.9,148.33,159.12,133.98,108.65,84.38,59.65
28143,1.6,17.66,36.19,34.55,29.33,23.58,18.85
28145,132.3,124.5,115.84,100.36,81.28,64.03,45.98
28147,70.9,69.03,67.19,65.13,51.15,38.01,24.91
28149,120.7,111.88,105.99,93.13,73.92,56.87,39.02
28151,110.1,108.1,104.0,92.61,73.86,56.78,38.35
28153,144.7,139.94,135.27,122.57,95.71,71.3,47.11
28155,137.3,128.17,152.28,142.74,118.74,97.23,76.09
28157,116.9,111.11,93.32,76.35,64.92,53.42,43.17
28159,130.0,119.19,115.96,96.26,78.26,63.54,48.45
28161,59.9,58.54,55.27,48.64,40.48,34.4,28.19
28163,65.9,65.0,62.21,55.6,47.07,42.11,35.0
29001,158.9,140.65,117.2,103.62,90.23,74.9,61.0
29003,2.2,1.43,0.62,-0.07,-0.37,-0.97,-1.79
29005,54.9,33.01,94.58,93.39,88.17,81.43,75.58
29007,76.0,72.29,69.9,62.43,60.93,59.15,57.54
29009,134.0,110.43,122.89,108.59,95.7,81.52,68.93
29011,66.4,61.39,121.69,106.43,78.7,50.17,23.47
29013,57.8,61.26,56.88,46.2,30.81,14.24,0.34
29015,106.6,107.56,103.63,97.55,81.78,64.45,49.05
29017,70.2,66.55,64.86,55.21,46.51,37.35,26.95
29019,53.8,51.2,46.67,41.04,36.69,30.35,25.78
29021,127.6,119.47,110.13,97.09,84.55,71.12,58.47
29023,216.1,197.71,181.25,163.02,143.26,124.97,105.35
29025,2.8,2.07,2.69,1.63,-0.42,-4.37,-6.63
29027,41.3,44.09,43.66,37.98,32.95,26.88,21.26
29029,134.7,119.68,111.72,93.65,94.58,94.22,95.72
29031,128.3,125.47,117.5,105.54,88.02,69.8,51.35
29033,76.5,52.1,83.84,82.06,70.23,56.09,44.37
29035,1.9,0.03,0.67,-0.51,-0.92,-0.68,-1.27
29037,117.9,109.72,106.23,97.54,84.88,70.14,58.19
29039,19.7,17.28,9.96,69.04,130.04,189.71,250.85
29041,29.0,40.65,37.35,32.71,27.56,20.77,15.76
29043,90.9,82.21,73.85,65.24,55.68,45.22,36.89
29045,4.8,6.17,77.16,72.33,59.4,44.93,30.98
29047,101.2,94.84,89.53,79.09,69.08,57.18,47.03
29049,63.8,64.51,62.47,56.78,54.63,50.65,47.41
29051,122.9,108.49,98.03,85.5,70.74,54.27,38.41
29053,45.9,41.83,38.17,35.3,29.36,21.75,17.06
29055,65.2,82.77,84.01,81.24,73.57,64.77,55.54
29057,51.5,41.0,34.65,30.57,24.34,16.85,10.81
29059,42.4,37.15,33.77,30.61,23.08,14.69,7.6
29061,36.8,32.14,32.05,28.6,25.65,20.55,18.2
29063,0.0,-0.04,-0.12,-0.33,-0.04,-1.27,-2.34
29065,121.4,105.33,95.85,84.69,81.06,77.46,73.34
29067,99.4,88.85,84.29,78.37,66.24,54.32,42.57
29069,201.8,174.43,163.46,165.99,147.54,130.03,112.2
29071,115.2,108.27,100.96,88.62,75.13,58.89,43.57
29073,39.7,53.41,67.61,70.31,70.33,69.24,67.3
29075,46.0,45.84,50.03,52.02,62.49,71.37,82.43
29077,127.0,116.52,108.97,98.06,85.08,71.19,59.73
29079,149.2,131.7,111.24,99.76,92.03,81.43,73.12
29081,132.7,126.39,125.1,113.58,100.06,84.76,72.92
29083,166.1,146.77,147.74,132.23,114.09,95.03,77.95
29085,9.5,7.34,3.91,2.05,0.01,-3.43,-5.46
29087,0.0,-0.47,0.69,-0.09,-0.36,-1.88,-2.65
29089,4.3,3.58,0.95,-0.16,-0.7,-2.16,-1.17
29091,192.7,177.11,164.14,150.77,132.56,114.85,97.0
29093,142.8,137.17,139.07,135.44,121.57,107.88,93.35
29095,88.3,83.61,79.65,69.03,60.2,49.98,42.11
29097,169.3,153.61,142.16,127.91,112.96,96.49,81.83
29099,90.7,83.28,78.44,72.63,64.66,54.28,44.81
29101,57.8,57.14,54.68,48.47,42.73,35.09,30.36
29103,2.0,2.13,3.82,0.81,-0.19,-3.78,-6.28
29105,127.8,112.98,108.44,96.51,82.02,67.03,52.99
29107,61.1,54.88,45.2,43.35,39.23,32.48,28.03
29109,57.9,55.29,51.65,45.7,41.89,36.8,33.54
29111,2.9,3.14,4.71,3.09,44.5,84.41,124.9
29113,86.2,77.48,73.44,66.57,56.59,44.06,32.45
29115,57.1,46.99,42.62,37.93,41.37,43.4,46.77
29117,149.2,118.66,100.22,95.28,86.07,74.11,64.53
29119,45.9,48.32,43.95,37.9,29.04,19.44,11.09
29121,77.7,87.42,84.17,74.78,58.52,40.76,23.17
29123,156.5,152.12,128.99,127.16,115.42,103.36,90.98
29125,4.5,11.32,0.15,-0.49,-0.54,-0.61,-0.57
29127,128.0,125.32,118.89,107.4,97.69,87.1,77.08
29129,74.3,69.44,61.13,51.04,41.81,30.6,21.14
29131,73.6,69.1,71.06,61.71,54.53,45.94,38.97
29133,77.0,66.41,65.59,59.7,57.89,55.95,53.36
29135,2.5,1.42,0.12,-0.18,-0.25,-2.21,-1.6
29137,3.1,2.64,2.5,1.0,-0.24,-2.94,-5.19
29139,72.2,65.66,59.96,47.58,39.47,30.51,21.4
29141,38.6,33.4,30.57,26.06,40.38,53.01,66.94
29143,64.4,66.47,70.69,65.31,64.45,62.86,60.94
29145,58.5,54.78,53.45,49.08,48.56,46.34,46.9
29147,84.8,86.13,77.97,69.79,61.03,49.97,39.9
29149,61.4,56.87,52.68,54.58,50.25,47.04,43.56
29151,28.1,26.03,23.99,21.91,18.28,13.01,8.12
29153,57.9,54.25,49.56,50.79,53.58,56.83,59.19
29155,142.2,141.28,147.5,101.56,33.26,-34.31,-101.82
29157,68.0,63.8,61.93,56.26,47.76,38.59,29.03
29159,96.4,76.93,78.89,71.75,67.88,62.83,59.6
29161,139.0,118.79,92.01,82.33,75.85,69.0,62.63
29163,70.1,68.19,69.32,80.79,76.06,69.86,64.08
29165,78.9,72.12,68.4,60.13,52.8,43.61,36.08
29167,118.7,102.93,99.03,88.23,65.2,41.36,18.11
29169,54.1,48.21,42.1,33.34,27.32,21.5,16.1
29171,2.6,0.64,54.21,44.85,34.42,22.78,13.37
29173,0.0,-0.27,-0.39,-0.48,-0.59,-2.07,-3.43
29175,116.8,110.89,114.28,109.98,96.99,82.54,69.77
29177,79.1,70.1,77.46,69.96,56.0,39.42,24.43
29179,3.3,1.76,1.48,0.74,-0.35,-0.35,-2.24
29181,197.2,164.85,146.56,127.53,96.9,67.17,36.17
29183,81.2,78.24,75.16,67.37,59.62,48.84,39.31
29185,4.3,3.81,2.13,25.63,34.94,43.61,53.63
29186,37.5,38.38,44.81,42.24,39.91,37.0,33.68
29187,197.9,178.19,171.73,156.4,138.73,120.07,102.19
29189,75.3,71.96,69.03,62.92,55.38,45.05,36.08
29195,69.3,89.7,88.58,78.22,72.27,65.15,59.91
29197,0.0,-0.32,2.2,0.17,1.73,1.07,1.7
29199,4.8,3.71,95.51,85.97,67.19,46.48,26.46
29201,137.6,127.65,118.6,114.86,98.86,83.1,66.12
29203,2.0,0.59,40.18,35.23,29.97,25.95,21.1
29205,40.1,33.77,32.09,27.24,22.87,17.11,11.7
29207,125.7,105.6,99.3,86.29,74.63,63.32,50.52
29209,86.1,80.72,74.54,69.49,69.9,70.15,70.63
29211,2.0,14.37,75.57,69.27,50.35,29.82,11.43
29213,132.0,119.87,112.9,99.53,82.37,64.77,47.01
29215,75.9,63.26,65.8,49.93,37.38,25.32,12.74
29217,111.0,95.86,87.31,76.8,61.66,46.05,32.33
29219,74.4,68.3,61.06,57.1,50.37,40.68,32.19
29221,52.7,47.59,41.85,36.86,24.38,10.15,-3.92
29223,33.2,27.65,26.1,4.66,-0.3,-5.26,-10.18
29225,114.8,104.34,98.1,90.24,75.14,59.44,45.09
29227,4.2,4.09,3.94,0.75,-0.33,-3.31,-4.01
29229,143.6,133.56,121.68,113.43,102.78,92.52,81.74
29510,60.8,57.69,54.16,47.78,42.12,33.87,26.81
30001,92.0,89.4,86.46,76.71,68.14,60.13,53.75
30003,2.1,2.06,1.13,18.21,21.07,23.58,26.71
30005,47.5,39.88,38.14,34.98,32.12,28.78,26.11
30007,1.7,0.73,33.06,31.11,28.05,24.02,22.08
30009,0.9,1.66,26.03,24.51,23.21,22.12,22.13
30011,0.0,-0.12,-0.12,-0.06,-0.22,-0.68,0.16
30013,113.9,102.83,97.24,79.95,65.43,50.64,38.7
30015,42.1,34.05,33.0,26.91,20.25,14.43,9.27
30017,126.7,116.35,105.53,99.04,81.32,64.32,48.43
30019,8.9,7.44,5.76,4.66,0.11,-3.06,-5.56
30021,94.3,92.8,86.56,83.71,63.73,47.35,30.73
30023,96.3,96.51,95.68,75.92,72.72,68.03,66.1
30025,5.2,3.0,2.89,2.41,0.05,-1.1,-1.14
30027,90.6,82.2,79.94,72.33,64.37,56.33,49.06
30029,103.8,95.73,88.89,79.4,72.03,65.84,59.69
30031,56.6,51.61,47.6,38.76,32.03,24.9,18.56
30033,0.0,-0.12,-0.02,-0.05,-0.11,0.53,1.55
30035,49.6,42.17,31.4,36.42,31.0,26.79,23.32
30037,0.0,-0.02,1.05,0.07,-0.22,-0.05,1.05
30039,0.0,-0.27,-0.21,-0.62,-0.48,-1.42,-0.07
30041,79.5,64.97,59.33,47.99,42.08,38.7,34.75
30043,16.3,15.38,14.6,12.34,16.2,19.42,26.03
30045,0.0,-0.3,0.21,-0.28,-0.44,0.88,2.58
30047,75.8,67.82,64.31,60.91,57.2,53.38,50.2
30049,84.5,79.14,72.16,63.9,55.72,46.94,40.83
30051,35.1,31.3,40.47,36.68,36.67,38.51,39.93
30053,113.3,100.5,101.28,93.32,85.17,76.96,69.13
30055,0.0,-0.04,-0.07,-0.08,-0.27,2.87,6.02
30057,16.0,4.12,28.43,24.45,22.2,20.31,20.08
30059,62.7,57.24,55.15,49.65,42.39,35.15,28.79
30061,72.0,63.74,51.15,43.47,41.09,37.17,34.72
30063,85.3,75.57,71.23,62.34,57.45,52.69,48.58
30065,0.0,-0.06,-0.13,-0.15,-0.1,0.45,1.45
30067,48.4,45.65,45.63,42.51,35.03,28.17,20.75
30069,0.0,-0.12,-0.0,-0.11,-0.1,0.48,0.35
30071,79.8,59.87,84.02,77.12,62.94,49.58,34.78
30073,6.4,76.6,67.89,65.18,60.41,57.95,56.68
30075,58.2,48.03,38.84,33.71,28.52,23.32,18.67
30077,85.4,81.51,76.1,69.07,57.4,45.14,36.46
30079,0.0,-0.2,-0.3,-0.15,-0.65,1.25,3.54
30081,88.4,76.28,77.78,71.04,61.77,51.7,42.75
30083,68.4,60.21,63.47,59.96,52.7,48.76,44.8
30085,27.7,26.38,26.92,23.55,23.34,25.43,27.94
30087,40.8,37.23,38.53,38.34,38.48,38.96,40.07
30089,94.2,68.74,78.34,69.35,62.43,55.68,48.23
30091,0.0,-0.11,-0.03,-0.06,-0.13,1.18,4.42
30093,112.7,108.27,99.27,86.96,76.11,65.28,56.99
30095,2.5,2.62,41.1,43.74,41.0,39.05,39.06
30097,3.1,1.86,43.84,45.45,43.06,41.48,39.8
30099,88.7,73.1,64.83,57.45,29.72,4.12,-19.78
30101,57.9,62.9,57.84,49.37,51.18,55.0,59.35
30103,0.0,-0.09,-0.1,0.13,-0.02,-0.1,0.16
30105,52.7,48.92,42.36,39.43,32.63,27.93,23.23
30107,0.6,2.22,45.23,50.97,41.58,33.38,25.26
30109,0.0,-0.09,-0.11,-0.1,-0.48,1.69,5.35
30111,101.7,95.83,87.83,74.65,65.67,56.53,47.9
31001,83.7,79.1,77.62,69.4,67.65,64.26,61.59
31003,59.5,53.75,48.75,47.82,48.47,47.76,48.03
31005,0.0,-0.11,0.02,-0.4,-0.36,-2.08,-3.89
31007,0.0,-0.16,-0.3,-0.4,-0.31,-1.95,-2.46
31009,0.0,-0.09,0.07,-0.2,-0.18,-2.44,-2.42
31011,4.9,5.52,2.15,0.6,-0.13,-3.27,-4.51
31013,83.6,90.83,101.05,102.09,89.77,75.9,61.61
31015,65.4,29.81,1.37,-0.43,-0.62,-2.51,-3.36
31017,64.3,59.68,55.86,42.11,34.38,24.75,15.01
31019,79.6,77.32,74.09,69.93,67.86,64.7,62.59
31021,54.9,46.8,22.65,19.77,17.7,13.59,12.61
31023,72.3,69.04,65.52,55.2,52.37,48.58,45.32
31025,25.3,26.08,25.53,33.71,29.76,24.0,19.96
31027,37.8,36.85,34.57,34.67,32.64,29.44,29.05
31029,75.9,69.94,64.72,56.95,53.2,48.91,45.43
31031,82.3,84.6,90.9,78.87,60.63,40.56,20.47
31033,68.4,54.9,45.84,40.0,35.53,29.56,24.43
31035,1.4,0.92,0.59,-0.39,-0.24,-1.84,-3.1
31037,1.4,1.15,0.33,-0.62,-0.49,-2.22,-1.71
31039,29.6,29.87,28.6,25.51,23.12,18.74,17.69
31041,93.1,83.54,90.73,79.87,75.99,70.29,65.69
31043,75.1,73.35,72.91,66.04,63.31,59.37,57.85
31045,75.6,71.06,72.92,65.91,56.87,47.37,36.59
31047,53.4,51.98,56.11,57.8,54.97,49.96,46.54
31049,4.3,4.19,3.81,0.69,-0.34,-2.17,-3.66
31051,11.2,12.0,12.48,10.93,10.47,8.67,9.63
31053,107.7,104.29,100.24,90.71,80.0,67.75,57.7
31055,72.3,66.95,64.39,57.18,49.52,39.89,32.3
31057,111.3,114.77,124.03,107.26,107.55,106.82,106.52
31059,2.5,4.61,2.51,0.28,-0.1,-2.08,-3.67
31061,3.6,3.79,0.27,-0.47,-0.44,-1.59,-0.96
31063,0.0,-0.24,-0.16,-0.17,-0.04,-1.94,-1.95
31065,2.1,3.22,2.78,0.96,-0.02,-2.29,-4.09
31067,90.3,76.74,62.96,54.3,41.91,28.04,14.38
31069,104.1,111.37,116.94,103.51,90.13,76.15,62.02
31071,7.3,11.21,12.99,97.66,159.68,219.73,280.99
31073,0.0,-0.07,0.23,0.09,-0.29,-2.29,-3.05
31075,0.0,0.14,0.14,0.06,-0.23,-2.78,-5.65
31077,0.4,0.96,-0.18,-0.11,-0.0,-1.49,-1.51
31079,89.1,83.22,77.67,70.58,64.66,57.66,51.36
31081,68.9,67.72,65.09,59.21,53.48,45.59,38.51
31083,86.2,85.37,85.93,81.94,80.26,77.95,76.67
31085,0.0,-0.16,-0.1,-0.29,-0.04,-1.57,-1.33
31087,0.0,-0.3,-0.11,-0.36,0.01,-1.38,-1.33
31089,78.2,72.88,59.6,36.37,13.25,-11.44,-34.24
31091,0.0,0.05,0.05,-0.01,-0.1,-2.81,-3.94
31093,80.9,77.9,70.95,60.67,55.49,49.22,43.28
31095,135.5,117.46,118.03,109.96,105.91,100.47,94.78
31097,51.4,50.51,45.7,43.11,44.5,45.32,46.23
31099,69.9,65.73,62.83,54.45,45.16,34.64,25.53
31101,134.1,122.84,119.9,104.58,94.06,81.86,69.9
31103,0.0,0.2,-1.01,-1.04,-0.76,-2.31,-3.14
31105,0.0,-0.38,2.45,1.05,-0.09,-3.31,-6.14
31107,32.2,27.39,27.38,27.0,28.66,29.1,30.98
31109,69.0,64.3,62.45,56.47,50.5,42.13,33.64
31111,107.8,102.43,96.29,90.95,81.79,70.26,60.66
31113,0.0,-0.21,-0.02,-0.18,-0.21,-2.07,-1.42
31115,0.0,0.06,0.12,2.95,2.39,0.17,-1.17
31117,0.0,-0.11,-0.12,-0.15,-0.11,-2.07,-2.64
31119,103.2,96.35,89.81,84.18,79.78,73.23,69.26
31121,66.7,65.61,61.44,58.2,75.51,91.94,108.56
31123,58.0,68.31,60.91,56.77,57.19,55.64,53.91
31125,21.7,43.14,44.24,43.18,39.89,34.42,30.39
31127,104.5,101.21,95.56,89.48,82.64,74.22,66.3
31129,78.0,67.84,45.16,41.16,42.62,43.15,43.19
31131,97.6,92.63,87.17,80.47,71.01,59.44,49.55
31133,84.0,79.89,71.08,51.96,50.7,48.26,45.75
31135,64.5,65.04,67.41,68.82,75.48,80.25,85.94
31137,113.8,110.94,114.13,115.68,105.51,93.27,82.01
31139,29.9,25.89,28.12,27.09,25.2,20.84,19.61
31141,83.1,78.7,77.43,67.26,60.8,52.47,45.42
31143,34.2,26.45,24.59,22.2,22.76,22.39,22.33
31145,131.5,119.0,111.85,101.97,103.36,102.84,104.02
31147,60.4,53.74,52.3,45.51,38.1,28.87,20.21
31149,0.0,-0.27,-0.53,-0.44,-0.33,-2.97,-4.59
31151,62.3,57.01,52.72,48.94,48.32,45.56,42.92
31153,59.2,55.58,53.27,46.28,39.85,31.96,25.92
31155,48.4,44.22,32.4,26.83,19.76,11.77,5.24
31157,110.5,101.85,94.59,86.01,76.15,64.31,54.01
31159,49.3,56.21,51.66,50.06,47.03,42.89,38.6
31161,0.7,1.16,1.0,15.89,0.49,-15.68,-33.19
31163,2.7,2.79,1.99,0.95,-0.25,-1.45,-1.3
31165,0.0,-0.13,-0.14,-0.21,-0.27,-0.24,-1.02
31167,0.0,-0.42,-0.34,-0.46,-0.45,-1.95,-1.37
31169,4.0,4.77,3.67,0.65,0.05,-1.75,-4.21
31171,0.0,-0.0,0.08,-0.11,-0.11,-2.51,-3.08
31173,28.2,4.73,1.49,0.23,-0.21,-2.39,-1.57
31175,5.2,10.8,7.6,3.72,2.13,-1.08,-3.0
31177,64.4,60.75,57.9,50.66,42.65,32.43,24.61
31179,56.6,51.77,51.36,48.45,43.58,36.91,32.95
31181,5.7,4.46,4.96,3.04,0.19,-4.42,-8.67
31183,0.0,0.01,-0.22,0.96,0.71,-0.74,-0.61
31185,116.4,106.03,100.1,93.86,87.25,79.24,71.85
32001,135.2,121.95,108.18,101.02,77.84,55.77,32.83
32003,85.3,81.38,77.45,70.71,53.15,33.42,15.4
32005,105.9,103.95,103.99,98.84,82.83,67.77,50.97
32007,78.8,68.82,64.02,58.33,42.01,23.51,6.99
32009,0.0,-0.13,-0.1,-0.35,-0.46,-0.38,0.28
32011,0.0,-0.13,-0.14,-0.12,-0.28,-3.57,-4.73
32013,80.5,88.75,78.94,69.06,45.07,19.29,-5.78
32015,1.7,1.32,0.19,0.43,-0.34,-4.19,-5.98
32017,97.7,93.65,85.72,76.41,66.99,57.53,50.17
32019,108.5,101.33,92.6,84.29,64.42,45.82,25.77
32021,145.9,135.03,120.81,102.82,65.56,27.8,-10.13
32023,146.6,141.92,137.06,118.6,90.88,61.3,33.43
32027,52.1,46.01,38.83,31.51,23.98,15.85,6.99
32029,0.0,-0.68,-0.91,-1.23,-2.13,-1.51,-2.97
32031,98.0,90.63,83.67,73.81,57.77,41.8,24.28
32033,115.4,109.57,101.37,90.65,71.91,53.03,35.62
32510,144.1,139.32,130.83,116.39,93.02,71.53,46.83
33001,87.0,82.18,68.7,57.61,49.6,41.18,30.29
33003,90.0,85.01,74.99,64.66,56.22,46.25,33.25
33005,79.2,74.24,65.3,53.51,45.34,38.46,28.63
33007,93.9,87.87,71.59,57.91,50.66,42.59,33.21
33009,87.1,80.31,68.17,55.1,48.13,40.94,31.73
33011,70.1,64.91,54.72,43.55,38.62,33.97,27.8
33013,90.4,86.03,73.79,59.7,52.12,45.67,36.33
33015,76.0,71.85,63.03,52.73,47.24,41.98,34.94
33017,95.0,91.39,79.97,64.77,55.45,45.79,34.08
33019,66.5,61.86,54.79,44.25,38.31,32.99,24.4
34001,84.7,80.48,74.55,64.39,54.3,41.89,29.72
34003,44.4,44.31,42.33,36.95,32.07,25.76,20.16
34005,73.9,73.25,68.96,59.32,51.05,40.74,30.23
34007,90.8,87.92,84.48,72.06,61.59,48.82,36.22
34009,96.8,95.03,88.19,76.19,64.82,52.04,38.64
34011,98.0,98.04,91.7,78.33,68.69,56.91,45.35
34013,43.0,42.43,39.56,33.57,29.2,23.7,18.41
34015,85.8,82.85,78.52,68.02,58.24,45.44,33.36
34017,38.6,38.33,36.67,31.99,27.94,22.48,18.0
34019,46.3,44.95,42.66,34.84,31.82,27.3,23.58
34021,59.6,58.97,54.21,46.52,42.31,35.59,28.87
34023,45.8,44.53,41.36,37.17,32.58,25.86,19.71
34025,61.8,59.41,55.15,46.84,41.03,32.34,24.93
34027,45.9,45.17,42.3,35.44,30.35,22.85,16.82
34029,72.6,70.58,66.47,56.12,48.09,37.35,27.45
34031,50.8,50.53,46.3,38.91,32.69,25.09,18.07
34033,80.5,78.0,72.08,60.24,50.1,37.26,25.02
34035,38.7,38.7,36.85,31.47,26.95,20.51,14.76
34037,63.7,60.88,59.33,49.75,42.88,33.56,25.37
34039,45.2,44.86,40.96,34.75,29.77,23.24,17.13
34041,77.5,75.28,70.58,59.11,51.34,41.69,33.56
35001,74.7,74.64,68.85,59.61,51.17,42.02,32.93
35003,0.0,-0.07,-0.14,-0.16,-0.1,0.81,2.88
35005,88.8,84.56,81.32,69.08,62.41,55.77,49.07
35006,28.8,38.87,39.69,37.32,30.73,24.1,17.81
35007,85.8,74.17,69.9,62.37,53.21,42.57,32.02
35009,79.1,67.93,63.83,53.1,47.15,38.62,29.98
35011,26.2,7.44,7.14,6.69,0.05,-8.03,-15.68
35013,51.3,49.17,46.61,41.33,36.87,33.45,29.86
35015,98.9,94.47,89.6,79.33,71.0,61.58,53.03
35017,103.7,94.76,83.92,64.82,54.52,44.73,35.68
35019,9.9,8.27,6.9,6.68,0.13,-8.84,-16.36
35021,0.0,-0.18,-0.28,-0.3,-0.18,-2.27,-4.11
35023,0.0,-0.13,-0.34,-0.32,-0.24,0.97,3.32
35025,79.4,70.57,72.08,65.65,64.98,64.42,63.66
35027,97.9,95.5,92.39,81.65,66.82,52.49,38.41
35028,63.0,64.41,69.86,63.08,56.2,48.04,40.4
35029,95.8,92.53,73.31,64.96,58.99,55.16,51.75
35031,22.9,23.18,22.65,20.79,18.78,17.51,17.03
35033,0.0,-0.34,-0.27,-0.53,-0.44,-2.04,-3.09
35035,62.4,63.39,56.05,49.81,43.6,37.78,31.62
35037,110.1,103.93,87.4,77.21,67.37,56.03,43.87
35039,93.7,90.37,83.41,75.46,68.01,58.34,49.42
35041,28.1,25.83,26.8,24.3,17.2,8.21,0.38
35043,57.4,57.21,54.57,47.95,41.84,35.35,28.96
35045,66.1,68.02,67.76,53.4,45.47,37.43,30.75
35047,85.0,75.05,68.98,56.32,49.55,40.68,33.09
35049,90.4,89.73,82.44,72.49,62.7,51.61,40.75
35051,115.0,98.62,91.4,76.03,68.63,59.96,53.26
35053,83.9,84.92,59.98,49.46,56.99,63.95,71.99
35055,96.6,90.46,85.91,72.57,61.4,47.91,35.14
35057,27.8,28.21,25.8,19.46,17.05,14.12,11.7
35059,56.4,50.03,44.62,38.65,39.3,38.11,35.42
35061,90.2,86.42,79.47,70.24,61.37,51.53,41.5
36001,51.5,50.46,46.72,42.68,37.55,32.64,26.82
36003,59.2,59.96,58.66,54.01,47.31,39.33,30.51
36005,32.5,32.19,30.65,26.63,23.07,17.86,13.53
36007,71.6,70.76,69.47,63.68,55.76,48.31,40.72
36009,79.6,79.51,73.52,65.58,57.64,47.83,37.16
36011,34.1,50.64,49.38,46.21,41.38,36.42,32.13
36013,81.7,80.83,72.72,62.82,54.48,43.23,31.63
36015,101.8,98.2,85.42,73.45,66.99,60.13,53.78
36017,55.7,56.85,52.77,51.47,43.32,35.89,28.74
36019,44.4,72.92,76.6,74.43,66.81,58.97,49.4
36021,61.3,62.71,61.09,58.33,50.13,40.94,32.73
36023,43.3,60.1,59.39,57.96,50.08,43.48,37.43
36025,72.7,70.0,66.41,54.33,45.13,35.62,26.91
36027,57.7,58.02,55.63,50.16,46.37,42.16,39.21
36029,73.7,73.24,67.06,59.6,53.15,44.49,34.55
36031,29.0,45.4,46.92,45.2,40.76,36.12,27.9
36033,26.7,62.67,67.68,64.37,57.16,49.29,40.47
36035,70.7,73.73,69.32,64.51,57.43,50.8,42.88
36037,59.8,58.97,54.9,49.77,43.69,35.18,26.25
36039,70.4,68.23,64.74,60.2,53.74,46.84,40.54
36041,0.0,0.54,0.06,-0.13,-0.29,-1.25,-3.35
36043,34.9,48.06,49.64,45.14,38.43,31.64,24.14
36045,27.3,55.58,59.4,55.41,50.86,46.42,39.48
36047,24.4,24.63,23.1,20.34,18.01,13.24,9.53
36049,20.3,36.5,40.89,36.62,30.46,25.4,17.17
36051,48.4,48.82,48.97,46.94,41.09,33.02,24.85
36053,45.5,60.09,59.39,53.48,48.63,45.07,41.31
36055,51.9,52.36,49.04,43.21,37.8,30.19,22.12
36057,78.4,84.28,81.4,76.2,68.35,61.15,52.74
36059,44.6,44.12,40.81,36.67,32.42,26.25,21.53
36061,42.7,42.13,39.46,34.37,30.03,23.9,18.77
36063,80.8,81.14,76.14,66.44,58.22,47.07,34.91
36065,58.7,64.77,62.09,56.0,48.03,40.14,31.03
36067,46.2,58.02,55.92,50.78,46.78,43.44,39.75
36069,56.1,55.53,51.7,45.71,40.31,33.93,27.88
36071,61.4,61.61,58.71,52.43,44.92,35.99,28.22
36073,57.2,56.48,50.01,48.35,42.34,33.92,25.43
36075,44.8,58.01,57.97,54.42,48.76,42.92,36.53
36077,52.3,56.79,56.31,53.95,50.41,47.04,43.34
36079,41.7,41.74,40.84,38.66,34.43,28.62,25.35
36081,25.6,25.92,23.85,20.85,18.43,13.88,10.76
36083,59.3,59.75,57.21,53.08,47.57,42.37,35.78
36085,49.1,48.86,45.0,40.2,35.86,29.51,23.86
36087,35.3,35.12,34.43,31.21,27.89,23.07,19.92
36089,26.9,61.63,69.79,66.42,59.62,52.55,44.37
36091,52.9,53.59,50.95,45.29,39.09,32.99,25.14
36093,56.7,57.05,53.56,49.54,43.44,37.83,31.05
36095,49.2,50.67,47.77,50.92,45.51,40.2,34.97
36097,62.2,61.29,57.69,54.08,51.3,48.57,46.24
36099,27.1,43.32,44.96,44.3,40.1,34.4,30.3
36101,69.1,70.91,67.12,61.48,55.26,47.55,40.23
36103,54.7,53.63,51.19,46.22,41.86,35.81,31.13
36105,79.8,71.3,70.03,66.63,59.13,50.35,42.3
36107,42.2,42.54,43.08,39.52,32.42,25.33,18.5
36109,42.5,53.49,52.55,49.71,43.43,36.83,31.1
36111,66.4,68.22,67.5,59.42,53.23,46.17,40.61
36113,80.0,86.47,83.05,81.07,74.2,67.49,58.43
36115,66.2,68.48,65.95,59.73,53.41,46.88,37.84
36117,54.3,59.32,54.5,47.82,42.41,36.29,30.09
36119,36.9,36.93,35.06,31.3,28.2,23.95,21.3
36121,53.7,54.13,51.5,46.56,43.11,36.92,30.24
36123,39.0,38.29,33.76,30.17,26.2,21.06,16.17
37001,96.0,87.95,83.1,74.23,63.9,51.88,42.3
37003,33.6,28.8,25.23,20.59,16.08,11.35,9.32
37005,103.2,99.87,86.56,77.03,68.44,60.52,54.18
37007,91.3,86.28,77.66,72.28,64.69,55.86,48.78
37009,110.3,105.66,102.85,95.0,78.6,61.94,47.11
37011,95.1,89.42,82.59,72.03,65.02,58.15,52.21
37013,141.3,143.2,141.21,131.58,111.74,90.26,69.85
37015,65.0,64.21,53.29,26.61,1.35,-24.52,-49.92
37017,114.8,117.79,113.96,104.99,96.46,86.37,77.03
37019,123.7,116.86,110.46,95.97,81.13,63.79,47.83
37021,95.6,88.8,81.1,71.69,58.83,44.14,30.42
37023,159.3,154.67,151.24,125.95,102.1,78.24,56.29
37025,110.3,101.65,94.99,83.58,69.79,54.48,41.09
37027,148.9,140.99,135.67,119.92,106.38,93.06,81.51
37029,0.0,-0.46,-0.65,-1.38,3.36,5.61,6.93
37031,119.1,114.45,101.74,86.9,75.54,62.9,51.38
37033,15.2,13.37,12.07,6.88,-1.12,-10.91,-18.69
37035,142.6,133.72,129.13,115.0,98.61,81.55,66.88
37037,47.9,43.58,43.45,37.71,31.85,24.0,18.4
37039,125.8,112.54,122.48,118.24,107.42,95.51,83.39
37041,113.1,108.95,110.65,105.3,98.35,90.51,82.83
37043,133.9,138.22,122.1,117.8,108.84,98.97,88.06
37045,148.5,139.02,128.59,116.92,103.83,88.97,76.75
37047,198.0,189.47,178.06,140.67,119.28,95.74,72.85
37049,129.0,128.75,112.94,99.04,85.55,69.72,55.04
37051,96.5,96.24,86.6,76.3,67.29,57.56,48.72
37053,21.3,19.66,18.79,15.01,12.59,8.04,3.28
37055,132.3,119.26,107.9,99.19,87.59,74.56,61.45
37057,84.5,78.1,79.24,70.1,59.99,49.55,40.59
37059,120.9,112.55,96.82,89.06,75.71,62.52,51.37
37061,90.9,80.68,78.46,69.68,54.74,38.56,22.98
37063,57.8,54.46,49.37,41.44,34.48,25.31,18.28
37065,55.5,54.27,75.81,70.77,61.11,49.3,38.29
37067,92.6,84.04,76.45,65.74,55.8,45.54,36.64
37069,67.5,62.81,56.28,47.56,41.09,32.49,25.43
37071,138.1,127.03,119.06,102.55,88.46,72.97,59.62
37073,3.0,2.28,2.18,-0.61,-1.4,-4.4,-8.19
37075,111.2,113.98,102.24,89.71,80.51,70.42,61.32
37077,87.6,85.53,79.46,62.91,52.79,40.15,29.35
37079,34.0,33.87,28.7,27.26,22.92,17.99,13.98
37081,88.9,83.73,75.1,65.42,56.03,46.03,37.89
37083,128.0,123.24,117.11,104.95,92.59,77.25,63.13
37085,93.7,86.69,80.26,72.1,59.13,44.61,31.13
37087,111.6,105.05,102.26,92.54,80.0,66.03,52.69
37089,94.0,89.71,84.07,73.52,61.2,47.95,35.02
37091,139.6,133.11,136.15,122.08,104.67,85.47,66.73
37093,66.5,60.49,60.18,54.7,36.08,16.67,-1.68
37095,52.7,68.04,64.05,58.65,49.91,39.88,30.24
37097,116.4,108.85,101.95,91.19,78.0,64.02,52.39
37099,109.9,101.25,92.04,81.16,68.37,54.26,40.81
37101,74.8,73.3,69.98,61.0,49.17,36.03,23.7
37103,5.3,4.95,22.11,34.24,40.03,43.9,48.92
37105,130.6,120.47,128.51,114.12,97.1,78.47,61.67
37107,91.8,83.19,87.87,82.41,68.01,52.35,37.22
37109,130.6,123.29,115.78,99.35,84.07,67.41,53.34
37111,97.6,92.93,87.22,77.04,60.37,43.08,27.13
37113,107.1,94.48,90.38,83.39,73.37,62.98,53.25
37115,63.3,60.53,58.3,51.14,42.36,32.25,22.25
37117,93.5,83.02,100.31,97.81,84.57,70.05,56.64
37119,63.7,59.35,54.19,46.62,39.4,30.15,23.63
37121,167.0,163.93,151.05,129.98,110.31,89.92,71.3
37123,74.9,70.57,65.23,54.68,44.95,34.75,26.14
37125,135.7,133.61,128.02,103.54,82.63,61.07,40.52
37127,114.9,108.08,93.95,83.74,72.59,59.89,48.06
37129,119.1,114.49,103.38,85.53,69.44,51.79,35.31
37131,1.6,0.83,13.75,12.65,12.96,10.47,8.99
37133,86.1,80.58,77.34,65.92,56.81,46.02,35.84
37135,46.8,43.77,41.83,36.6,31.85,25.19,20.94
37137,74.0,79.53,85.41,81.74,75.89,68.23,61.66
37139,141.5,137.23,131.6,119.93,99.08,75.7,52.03
37141,46.1,45.9,49.79,47.94,39.68,29.47,20.45
37143,40.2,37.99,36.04,29.78,24.47,17.63,11.1
37145,112.2,110.14,104.67,91.94,77.9,61.41,46.96
37147,94.0,89.57,83.95,72.79,62.12,50.09,39.07
37149,68.9,71.85,64.78,55.07,46.94,37.03,28.34
37151,79.8,76.0,71.6,63.07,53.7,43.15,34.05
37153,160.3,136.53,149.43,136.79,115.8,93.04,73.09
37155,141.1,139.79,129.63,114.06,102.62,90.58,80.36
37157,148.4,131.33,130.64,120.88,107.15,91.9,79.43
37159,96.4,90.17,80.84,72.46,63.05,53.07,44.29
37161,106.4,103.09,97.24,88.97,77.69,65.07,54.53
37163,95.4,92.75,87.23,77.79,65.5,50.97,37.56
37165,225.1,216.68,193.7,167.91,143.67,117.4,93.26
37167,139.1,128.68,111.99,101.03,87.28,72.2,59.05
37169,91.2,84.86,85.23,81.4,70.34,57.86,48.67
37171,191.5,181.79,165.01,141.68,122.62,104.15,87.1
37173,104.8,97.19,88.46,77.76,69.16,59.44,50.61
37175,115.8,106.46,99.07,87.01,74.66,61.04,47.17
37177,74.3,93.25,88.6,79.55,70.65,60.09,50.09
37179,76.6,72.78,67.58,60.3,51.66,41.47,33.22
37181,146.4,134.99,121.71,102.4,87.47,70.36,54.65
37183,61.3,58.53,54.51,47.26,40.93,32.84,26.18
37185,31.6,33.12,31.51,28.17,23.95,17.53,12.56
37187,103.2,99.35,88.08,86.18,83.91,80.52,77.44
37189,92.1,85.42,76.95,68.42,62.87,57.8,54.0
37191,88.8,80.51,78.5,71.16,59.12,45.46,32.58
37193,100.2,97.2,91.38,79.38,68.03,56.78,47.72
37195,105.7,98.87,91.09,82.05,72.18,60.51,49.61
37197,74.4,64.81,67.88,55.43,46.5,37.18,30.56
37199,111.6,109.24,98.99,84.88,73.53,61.21,49.88
38001,148.5,123.9,120.1,101.29,85.72,68.23,52.61
38003,76.7,67.11,63.62,54.27,51.08,45.79,43.03
38005,6.9,6.83,6.89,5.87,3.81,4.05,5.66
38007,0.0,-0.35,-0.16,-0.1,-0.09,0.61,2.33
38009,47.6,41.68,35.72,29.59,26.56,24.23,24.52
38011,41.7,53.11,55.02,52.16,41.33,30.02,20.54
38013,0.0,-0.09,0.01,-0.05,-0.06,0.95,3.97
38015,79.7,76.17,67.96,58.5,52.74,45.9,40.3
38017,42.7,36.65,30.61,24.55,20.38,15.0,11.94
38019,22.9,50.67,46.01,45.23,42.31,39.64,37.68
38021,79.7,74.47,66.56,62.97,52.15,41.07,30.56
38023,1.9,0.39,0.16,0.08,-0.01,0.22,2.82
38025,26.7,17.59,16.8,16.74,17.02,17.5,20.72
38027,108.1,97.05,82.66,74.42,76.66,80.82,85.72
38029,69.1,58.96,55.57,48.31,45.79,42.03,38.42
38031,107.2,117.07,107.25,88.92,82.49,77.22,73.03
38033,0.0,-0.04,-0.02,0.03,0.04,1.61,4.4
38035,67.6,61.84,58.19,53.74,47.13,38.58,32.89
38037,0.6,0.11,0.4,0.21,-0.15,-1.69,-0.13
38039,0.0,0.11,25.18,51.52,47.48,44.33,41.97
38041,24.1,20.48,20.74,22.5,17.69,12.06,8.29
38043,44.7,40.89,33.86,29.79,25.26,20.12,16.66
38045,39.7,34.32,37.72,31.66,32.76,32.71,33.69
38047,0.0,-0.21,0.09,-0.37,-0.3,-0.66,-1.01
38049,0.7,0.63,16.94,19.14,19.98,21.66,25.69
38051,52.6,43.23,41.62,35.64,30.17,22.34,15.22
38053,58.3,42.28,33.81,34.44,37.28,41.89,47.84
38055,50.9,45.32,41.44,35.17,34.43,33.48,35.66
38057,73.6,71.28,68.15,62.23,53.89,44.26,38.42
38059,50.0,47.43,41.83,38.12,37.15,35.19,35.31
38061,14.8,11.91,10.72,10.57,8.12,6.48,8.04
38063,35.8,34.06,32.6,28.43,30.33,31.96,35.0
38065,0.0,-0.21,-0.25,-0.32,-0.26,-2.03,-0.23
38067,69.5,66.55,54.35,51.65,45.4,39.1,33.05
38069,55.4,59.04,59.48,50.64,53.57,57.99,64.87
38071,142.1,131.17,120.86,110.37,101.13,92.85,87.02
38073,83.9,73.19,55.24,47.22,46.15,43.59,43.52
38075,20.7,18.42,26.58,24.4,23.5,23.32,25.31
38077,43.2,35.48,33.86,27.64,24.73,21.0,17.36
38079,6.4,5.43,4.12,3.0,2.85,4.13,8.11
38081,1.6,0.67,-0.5,-0.42,-0.27,-1.08,-0.52
38083,0.0,-0.11,1.69,-0.26,-0.21,1.05,4.71
38085,0.0,-0.21,-0.17,-0.2,-0.05,-1.49,-1.82
38087,0.0,0.29,0.08,-0.13,-0.45,-0.81,-0.53
38089,81.2,72.0,67.29,61.7,56.46,50.56,47.38
38091,0.0,0.42,0.43,0.52,-0.2,-1.47,0.52
38093,89.7,83.99,75.27,63.79,59.9,54.58,49.96
38095,0.0,0.57,0.35,1.57,-0.04,0.2,1.79
38097,18.3,39.04,27.52,19.44,15.46,9.86,7.73
38099,61.0,57.93,44.28,39.57,33.79,26.76,20.75
38101,76.5,71.1,61.71,52.67,46.96,42.21,40.37
38103,3.5,2.18,73.51,65.04,57.49,51.82,48.45
38105,76.8,66.29,59.9,55.72,49.56,46.02,44.33
39001,91.8,87.8,83.41,78.37,68.96,59.67,51.4
39003,109.6,99.45,90.39,77.12,66.38,53.48,40.96
39005,51.9,48.71,44.76,36.89,30.09,22.12,14.25
39007,86.9,75.39,67.6,59.57,49.49,38.7,28.36
39009,96.2,91.2,83.32,70.22,58.45,47.19,36.77
39011,55.5,51.86,49.81,43.0,35.68,26.69,17.33
39013,118.2,103.78,88.64,76.87,63.14,48.33,34.09
39015,102.4,95.96,86.94,76.63,67.58,58.01,49.45
39017,93.4,85.42,77.36,66.01,55.19,44.47,32.21
39019,48.6,45.78,41.46,35.38,29.68,21.92,15.19
39021,81.9,74.84,70.24,62.07,55.29,47.56,40.15
39023,115.7,109.19,104.33,89.17,76.64,63.37,49.79
39025,100.2,88.52,82.35,72.83,62.79,52.49,41.93
39027,119.2,108.92,102.65,89.22,75.35,61.39,47.46
39029,99.0,92.38,84.32,69.43,57.44,43.53,30.21
39031,87.0,84.55,80.52,69.02,55.09,40.25,25.19
39033,104.6,96.8,87.7,76.56,67.17,56.84,47.87
39035,70.1,66.9,61.31,50.49,39.18,28.15,16.81
39037,58.5,57.05,52.09,43.88,38.73,32.49,24.66
39039,95.2,88.41,80.42,70.6,60.57,48.89,37.44
39041,62.0,58.25,54.38,47.9,41.43,35.55,28.98
39043,107.8,96.01,84.64,73.48,60.34,45.35,31.65
39045,86.2,80.29,73.45,62.77,54.46,47.21,39.24
39047,119.8,106.99,99.24,85.68,73.04,60.77,49.13
39049,88.5,80.58,72.33,60.01,50.32,41.52,31.48
39051,88.6,84.03,74.91,65.67,56.24,45.45,35.33
39053,126.6,109.52,88.12,69.61,54.28,40.07,27.2
39055,61.2,58.64,54.68,46.63,39.63,32.53,25.43
39057,91.1,83.47,74.51,61.64,51.02,39.38,27.15
39059,116.4,104.3,97.46,84.73,72.65,60.5,48.56
39061,86.4,78.68,72.32,62.35,52.78,43.67,32.53
39063,73.1,67.22,61.67,54.01,46.68,37.83,30.02
39065,82.8,72.11,69.01,59.68,51.22,41.25,31.85
39067,72.8,70.12,64.82,57.55,48.91,39.22,30.45
39069,66.1,61.74,54.54,49.22,41.63,32.02,23.65
39071,127.8,110.94,102.49,91.17,79.51,68.12,57.33
39073,108.4,103.35,94.64,78.93,67.74,56.92,46.96
39075,32.3,28.87,23.52,20.05,16.41,11.34,5.97
39077,114.9,105.26,96.98,82.46,69.18,54.59,40.81
39079,175.3,153.0,134.85,114.67,90.55,68.08,46.55
39081,138.7,122.45,112.47,95.58,80.78,64.62,49.36
39083,63.6,57.69,53.97,45.4,37.08,27.99,18.91
39085,85.0,80.45,74.82,62.66,51.59,41.82,31.67
39087,101.3,92.19,82.4,73.36,62.68,52.21,43.08
39089,76.6,72.02,65.84,56.21,47.79,40.51,31.91
39091,99.9,90.39,83.68,72.45,62.25,51.45,40.44
39093,86.1,79.83,73.88,60.74,50.07,38.16,26.54
39095,112.1,106.23,98.22,85.54,73.87,60.3,48.21
39097,78.1,75.53,72.69,65.15,56.48,48.37,40.1
39099,112.3,105.71,93.84,78.92,67.9,55.51,42.85
39101,115.9,109.35,102.94,92.03,83.22,72.6,62.83
39103,73.1,66.88,61.12,50.97,42.28,32.04,22.54
39105,84.1,71.91,63.28,51.85,41.72,32.89,25.43
39107,58.9,46.94,47.47,41.8,36.47,29.41,21.76
39109,80.5,74.02,68.02,59.51,47.92,34.66,20.96
39111,60.3,55.49,44.97,36.96,28.74,20.68,13.2
39113,111.8,103.74,93.43,77.52,63.56,49.01,33.89
39115,48.1,46.75,42.03,38.33,31.64,25.13,18.65
39117,59.2,55.82,50.59,44.96,39.78,33.49,27.08
39119,115.6,105.54,97.05,85.03,71.41,57.61,43.58
39121,30.0,25.27,22.67,18.33,15.21,11.96,8.41
39123,79.5,74.94,69.7,60.83,51.49,41.01,31.12
39125,48.4,41.81,37.45,30.61,23.9,16.28,7.88
39127,95.3,86.05,80.82,69.55,59.36,49.86,40.67
39129,84.6,78.16,71.22,61.55,51.53,42.28,32.35
39131,132.2,118.02,105.83,93.67,75.46,58.36,42.02
39133,67.9,65.03,60.67,51.16,42.99,33.32,23.23
39135,64.2,61.02,65.67,58.43,48.6,37.91,25.46
39137,43.5,42.81,40.23,33.67,28.76,21.86,15.35
39139,87.9,79.81,70.55,60.05,51.63,42.46,33.87
39141,116.5,105.95,93.76,77.35,65.44,54.89,44.83
39143,85.3,74.99,68.24,60.72,55.9,49.04,43.68
39145,124.5,113.51,105.33,92.16,78.85,66.48,55.15
39147,85.3,79.37,72.74,61.1,51.8,41.71,32.2
39149,84.8,77.13,71.58,60.81,53.09,43.72,33.5
39151,111.5,103.75,92.97,78.16,65.78,51.28,37.18
39153,91.4,86.19,76.93,62.82,51.96,39.89,27.95
39155,105.6,101.69,94.59,81.63,72.1,62.52,52.71
39157,88.9,81.16,75.15,65.31,53.39,40.19,27.41
39159,74.3,72.77,67.39,58.72,51.4,43.39,35.21
39161,81.4,72.15,67.58,56.82,47.8,37.64,26.74
39163,1.6,-0.17,3.31,16.53,16.12,16.96,18.37
39165,76.4,70.28,63.96,54.63,46.84,39.4,30.31
39167,147.5,133.87,119.89,103.37,88.69,74.61,60.41
39169,70.0,64.76,57.14,48.16,40.67,32.45,24.16
39171,81.9,60.39,52.64,43.8,37.54,30.37,22.92
39173,55.5,51.65,46.86,42.61,37.62,30.36,24.64
39175,52.9,48.36,45.83,41.28,34.83,27.37,20.67
40001,58.5,69.7,66.58,65.39,57.83,48.26,39.92
40003,6.3,5.17,0.46,0.53,0.58,1.1,2.48
40005,45.3,44.89,34.44,31.76,26.62,20.66,15.58
40007,0.0,-0.81,-0.41,-0.1,-0.18,-1.57,-2.25
40009,123.5,117.6,122.58,96.36,86.74,75.23,66.2
40011,6.5,8.71,3.47,1.24,0.5,-0.58,0.52
40013,148.8,153.75,146.15,128.03,110.45,92.45,73.99
40015,86.3,82.33,77.5,62.2,48.18,33.17,21.24
40017,101.1,96.05,88.82,80.64,73.86,66.61,60.79
40019,188.7,175.09,165.6,150.06,141.43,131.49,122.52
40021,116.1,108.57,103.75,98.72,96.72,92.82,90.42
40023,54.9,49.04,36.03,34.45,24.83,14.44,4.87
40025,82.6,76.65,54.89,35.64,33.07,28.91,24.3
40027,93.8,85.64,78.98,74.26,68.33,62.65,57.65
40029,61.4,105.34,95.44,75.97,70.69,64.81,59.62
40031,80.0,82.83,82.29,76.26,71.21,66.11,62.79
40033,8.7,7.99,1.57,0.1,-0.18,-0.48,0.65
40035,122.2,108.36,105.38,99.77,84.29,68.1,52.83
40037,136.6,121.77,111.04,99.5,87.27,72.89,60.06
40039,113.6,109.55,104.67,93.82,85.84,76.8,70.27
40041,90.2,88.52,90.69,78.02,69.41,60.43,52.16
40043,6.5,4.34,16.19,11.99,8.69,5.42,3.24
40045,86.6,88.56,81.58,7.68,0.39,-8.03,-15.87
40047,97.2,96.48,98.21,93.36,87.91,82.4,78.12
40049,77.5,58.59,53.77,49.67,40.62,32.15,23.79
40051,61.9,55.81,53.7,54.69,49.5,44.33,40.66
40053,25.4,22.15,22.21,25.01,21.55,18.46,15.7
40055,59.3,46.87,31.39,35.06,16.99,-3.25,-21.02
40057,210.3,164.12,185.2,174.79,173.69,170.47,169.28
40059,10.5,12.16,1.26,-0.11,-0.12,0.75,0.61
40061,121.6,112.87,97.76,92.89,87.21,80.3,74.69
40063,50.1,39.83,34.54,29.06,21.06,12.45,4.47
40065,128.9,104.83,101.59,92.79,90.97,88.28,88.0
40067,41.8,41.28,33.12,11.05,0.65,-9.98,-20.22
40069,8.7,8.3,2.65,1.77,-0.61,-2.72,-5.47
40071,102.6,94.43,90.63,82.04,76.35,70.35,64.87
40073,53.2,25.51,103.83,110.0,108.3,106.28,105.67
40075,49.3,46.7,41.19,33.02,29.71,24.1,22.18
40077,83.6,78.88,74.43,73.93,65.43,57.11,49.59
40079,92.8,97.49,88.96,80.55,70.9,61.75,52.4
40081,23.6,26.71,20.75,17.19,18.62,20.49,22.29
40083,53.8,53.77,52.22,45.54,32.97,20.7,8.66
40085,83.8,72.21,74.96,69.02,68.74,67.53,65.98
40087,151.4,143.52,137.59,126.89,110.93,95.03,80.6
40089,96.9,69.36,77.62,69.11,57.34,46.71,34.98
40091,73.8,71.01,66.59,62.12,54.3,44.83,36.13
40093,6.8,5.77,1.71,1.38,38.71,76.72,116.79
40095,51.7,47.51,57.15,70.6,62.0,53.18,43.95
40097,122.5,105.85,101.36,88.74,75.52,61.79,48.81
40099,175.9,164.22,154.58,131.51,121.98,112.43,102.76
40101,127.7,127.56,122.71,114.29,111.62,107.85,104.87
40103,21.6,18.34,13.94,6.28,-0.16,-6.37,-12.16
40105,76.4,68.59,64.4,53.68,45.88,36.69,28.42
40107,6.0,9.04,1.34,0.41,-0.44,-2.36,-3.74
40109,126.5,117.87,109.6,97.52,85.12,72.94,61.23
40111,110.0,105.15,97.16,89.44,74.68,58.43,42.75
40113,20.2,14.24,11.91,9.22,7.84,5.69,4.82
40115,115.7,101.71,89.06,83.59,73.6,62.52,52.92
40117,105.6,101.76,99.81,87.84,77.96,67.28,58.21
40119,111.5,103.95,102.11,87.39,76.94,66.14,56.2
40121,170.7,164.65,156.63,141.58,127.37,112.19,97.38
40123,128.3,121.26,116.28,105.69,102.14,98.53,94.98
40125,146.6,131.38,128.06,120.83,117.9,114.93,112.65
40127,9.7,8.08,1.46,27.64,37.21,46.59,56.82
40129,4.1,4.03,1.01,-0.82,-0.52,-1.67,-1.67
40131,120.9,124.52,104.92,93.71,82.79,70.59,58.66
40133,73.8,73.24,65.61,60.1,60.95,62.16,64.06
40135,89.0,85.14,64.22,52.78,32.58,10.82,-9.51
40137,123.8,131.76,131.6,122.62,127.04,130.65,135.3
40139,27.0,23.78,38.67,33.31,29.07,23.34,18.02
40141,110.5,93.75,96.4,88.34,94.95,100.95,108.66
40143,144.1,135.91,125.76,113.92,98.63,81.31,65.44
40145,77.3,68.82,62.83,57.44,49.13,39.87,30.93
40147,131.3,126.06,114.32,103.69,93.72,82.31,72.33
40149,2.6,3.06,0.42,-0.58,-0.68,-2.13,-1.26
40151,43.5,35.36,26.43,24.5,21.33,19.22,18.75
40153,118.3,111.53,105.72,92.65,89.4,86.63,83.36
41001,147.2,140.64,129.95,109.81,94.82,77.74,63.4
41003,56.9,51.26,45.95,37.73,30.88,23.15,15.09
41005,86.9,82.77,74.4,64.01,56.76,50.45,42.86
41007,149.2,124.36,107.72,90.91,79.72,68.39,56.21
41009,84.3,77.59,68.88,62.98,55.79,48.1,39.39
41011,158.6,146.45,134.18,115.95,99.51,81.93,65.14
41013,119.1,110.2,98.49,83.89,73.92,63.67,54.12
41015,177.6,154.26,148.37,132.68,124.87,115.92,105.8
41017,102.1,94.88,86.28,74.39,67.25,59.07,51.83
41019,118.1,108.63,101.28,89.35,78.43,67.58,55.79
41021,103.6,104.24,101.21,77.03,71.03,64.67,58.92
41023,4.2,3.14,2.51,51.98,59.89,66.68,74.81
41025,124.7,114.65,101.34,86.29,79.85,73.4,68.01
41027,92.0,86.75,91.09,79.67,70.66,63.13,52.77
41029,124.5,114.5,106.41,94.16,85.68,76.55,65.97
41031,65.2,58.97,58.33,52.12,43.69,35.24,27.48
41033,141.9,131.07,119.85,103.98,94.8,84.47,72.78
41035,108.5,94.86,83.09,69.08,56.17,41.26,25.61
41037,129.0,117.91,103.86,89.03,67.23,43.64,18.96
41039,123.4,113.51,101.93,87.26,74.72,62.62,49.77
41041,153.3,136.22,115.25,97.7,82.83,67.82,52.17
41043,127.0,115.65,103.47,89.36,77.86,65.21,52.99
41045,171.4,159.6,149.58,138.15,119.76,100.93,83.53
41047,78.4,73.5,68.53,58.95,49.26,39.01,28.57
41049,20.4,17.94,18.65,30.86,28.48,26.46,24.52
41051,65.3,58.18,51.24,42.88,36.5,30.69,23.27
41053,67.1,60.55,51.93,47.45,41.96,34.64,27.38
41055,0.0,-0.41,-0.46,-0.69,-0.51,0.53,0.36
41057,124.0,113.85,101.97,91.6,83.7,73.91,64.18
41059,109.9,103.49,96.25,79.92,65.05,49.93,36.87
41061,131.5,126.03,114.36,100.41,85.85,68.65,53.58
41063,111.6,95.24,85.39,77.16,70.72,62.19,55.65
41065,156.5,142.07,135.98,123.05,107.84,93.4,76.91
41067,60.1,55.1,50.28,43.73,38.29,33.09,26.19
41069,0.0,-0.11,-0.11,-0.0,-0.15,-0.64,-0.14
41071,92.0,83.67,72.13,62.78,51.95,41.45,30.4
42001,52.6,51.26,45.88,37.33,31.9,25.41,19.84
42003,84.2,79.1,72.18,59.27,50.42,38.49,27.91
42005,83.9,80.9,74.19,73.86,63.67,52.73,41.94
42007,85.8,80.07,73.09,61.88,55.03,45.65,36.97
42009,75.1,69.4,66.72,56.8,43.21,28.67,15.09
42011,65.8,63.9,59.22,49.47,42.73,34.77,27.6
42013,115.7,111.24,105.55,90.02,75.97,62.04,48.59
42015,75.3,71.94,69.74,59.28,49.52,39.36,29.74
42017,75.3,71.0,66.37,57.16,51.78,45.05,38.5
42019,78.0,74.26,69.06,58.44,51.3,41.83,33.95
42021,109.2,104.02,98.67,85.76,74.0,62.85,51.67
42023,124.5,111.93,100.63,85.15,72.67,59.35,46.09
42025,83.3,79.75,73.98,60.76,50.26,37.12,26.68
42027,54.9,50.54,48.27,40.27,34.26,28.06,21.66
42029,57.3,54.95,50.73,43.9,38.59,31.84,24.64
42031,75.0,69.61,68.26,58.36,54.31,48.88,43.98
42033,92.1,84.51,75.83,62.23,53.08,43.55,34.15
42035,79.1,75.84,73.44,66.47,57.42,48.07,38.45
42037,89.6,85.94,80.72,70.07,62.1,52.33,44.29
42039,103.0,95.85,84.56,70.01,58.27,44.72,30.89
42041,79.6,75.22,69.29,56.53,48.29,37.26,27.07
42043,76.8,71.05,64.4,52.44,44.17,34.46,25.49
42045,82.2,77.59,70.79,58.17,48.07,35.75,23.08
42047,98.7,93.05,87.86,70.51,59.81,47.9,36.63
42049,93.2,87.5,79.43,66.69,58.21,48.03,38.04
42051,134.9,134.1,128.94,110.39,99.05,86.94,75.7
42053,42.7,40.79,41.11,38.44,35.32,30.2,25.95
42055,83.7,78.87,73.42,60.16,48.86,37.88,26.83
42057,12.7,11.72,13.44,57.21,54.99,53.0,50.72
42059,82.3,78.02,78.26,68.27,60.26,51.32,44.14
42061,69.5,64.56,60.0,49.86,42.8,35.45,28.22
42063,80.2,76.93,71.09,62.35,47.5,32.67,17.66
42065,86.3,80.91,73.44,63.73,54.17,44.32,34.5
42067,63.1,58.25,55.6,49.58,42.46,34.06,26.28
42069,123.4,117.32,112.1,98.7,84.13,68.06,53.66
42071,65.1,60.68,54.65,45.64,40.21,33.42,27.03
42073,114.2,103.05,92.56,78.47,65.36,49.96,35.56
42075,66.2,63.33,57.86,48.0,41.31,33.45,26.25
42077,53.7,51.11,47.81,39.49,34.79,27.94,22.65
42079,98.8,92.27,85.79,71.25,61.3,49.69,39.81
42081,100.1,93.99,86.62,73.51,64.7,55.16,46.34
42083,100.3,91.32,86.84,78.55,70.19,60.3,49.82
42085,124.2,119.8,109.21,92.52,77.84,62.3,46.98
42087,92.4,84.59,82.23,68.61,56.41,43.38,30.81
42089,87.9,82.69,75.92,65.23,56.77,45.63,36.68
42091,65.9,63.28,59.24,50.97,43.74,34.25,25.03
42093,87.8,82.13,77.72,66.31,58.56,49.31,41.06
42095,77.4,72.71,66.62,55.01,49.27,41.32,34.93
42097,106.4,104.13,95.67,82.66,68.1,52.59,38.31
42099,70.6,64.81,56.3,48.71,42.87,34.91,27.79
42101,80.0,75.89,68.05,54.93,44.4,32.19,19.46
42103,70.7,57.97,49.28,40.59,38.4,34.57,32.15
42105,74.1,67.03,62.87,56.06,48.73,40.88,33.01
42107,88.1,83.89,79.14,67.96,59.75,49.52,41.24
42109,76.4,69.42,65.74,56.05,47.95,38.51,29.84
42111,72.7,72.5,69.74,61.48,48.73,35.58,23.16
42113,51.5,47.89,44.53,38.45,30.19,21.39,13.56
42115,65.7,60.2,52.17,48.19,42.12,35.69,30.86
42117,79.4,80.46,75.31,62.7,52.74,41.74,31.03
42119,64.4,62.06,58.43,51.94,42.76,32.91,23.31
42121,96.0,90.5,80.99,67.32,58.38,47.52,37.21
42123,82.7,80.41,76.35,67.88,61.57,52.11,43.42
42125,83.6,79.49,72.39,59.48,52.51,43.68,36.36
42127,72.1,67.12,64.36,56.19,51.84,46.14,41.72
42129,83.6,79.34,74.03,63.61,55.6,46.58,37.35
42131,90.7,85.17,80.64,67.31,50.76,32.34,16.07
42133,72.3,68.06,62.51,51.72,43.94,34.58,26.45
44001,54.7,50.76,44.48,38.92,32.96,26.02,18.33
44003,87.8,78.93,71.95,63.05,54.47,44.97,34.91
44005,68.8,63.68,59.47,50.74,43.39,35.17,26.12
44007,70.6,63.73,57.92,48.68,40.2,30.84,21.05
44009,73.5,66.57,62.96,55.88,47.01,36.46,25.82
45001,63.8,62.26,57.98,52.2,46.75,40.07,33.88
45003,97.9,93.12,88.09,77.82,67.05,55.29,43.74
45005,63.8,57.02,55.08,47.2,40.75,32.74,26.47
45007,102.7,97.36,93.61,85.08,76.63,67.79,58.37
45009,101.4,105.58,101.25,92.5,78.11,62.25,48.47
45011,105.6,100.64,98.31,89.76,74.48,58.3,42.93
45013,70.7,68.09,65.28,59.5,53.77,46.97,41.61
45015,64.7,61.61,59.13,54.41,46.43,38.59,32.76
45017,1.5,3.45,10.45,8.14,7.06,5.64,4.97
45019,91.0,84.99,76.34,66.36,56.29,46.34,38.7
45021,126.8,115.71,115.1,105.87,92.93,78.0,66.01
45023,106.8,100.43,96.92,82.57,71.54,59.14,48.1
45025,100.1,90.09,86.91,80.16,69.07,56.55,45.96
45027,92.4,85.2,80.73,74.0,68.45,63.34,60.2
45029,134.5,134.2,126.12,115.17,104.22,92.45,82.24
45031,168.8,157.61,152.78,141.39,127.78,113.69,101.78
45033,151.1,138.54,127.21,114.5,96.99,78.83,62.95
45035,105.7,102.88,100.7,89.99,77.86,65.37,54.37
45037,47.7,57.76,62.41,54.35,46.18,37.01,27.92
45039,74.3,67.14,54.56,46.19,41.3,35.24,30.12
45041,147.5,140.69,135.93,122.87,107.55,92.65,78.38
45043,105.3,97.26,88.12,78.3,66.37,54.98,44.69
45045,104.0,96.76,91.61,80.24,69.32,57.43,45.61
45047,137.4,128.37,116.16,102.17,90.2,76.47,63.82
45049,106.9,108.27,105.13,92.1,80.94,67.58,56.88
45051,129.8,121.89,110.77,97.18,83.15,67.36,53.33
45053,69.5,62.65,67.44,59.88,50.83,40.29,31.63
45055,82.2,79.05,89.43,80.49,68.09,54.42,42.38
45057,104.3,91.98,83.08,72.8,63.71,53.32,44.68
45059,96.5,90.47,85.95,78.64,68.94,58.07,47.23
45061,36.8,36.93,42.52,37.98,36.58,34.71,35.34
45063,105.5,98.09,91.97,82.39,72.6,61.91,51.46
45065,2.4,2.16,3.19,2.38,-0.39,-4.47,-7.71
45067,134.6,126.83,115.65,109.78,87.38,64.18,42.61
45069,113.9,111.89,106.15,98.64,90.74,81.84,74.64
45071,99.7,89.72,85.29,77.23,64.52,49.55,35.77
45073,141.1,126.57,116.42,110.53,94.67,78.82,61.93
45075,98.9,94.23,91.63,82.16,70.17,57.02,45.74
45077,114.8,109.07,106.77,95.8,84.34,72.85,60.37
45079,74.7,70.75,65.23,58.31,50.79,42.39,34.25
45081,56.2,56.11,53.69,42.67,35.01,26.21,17.28
45083,125.4,116.2,107.75,94.76,82.45,69.02,56.52
45085,81.4,81.8,77.15,70.69,61.53,51.69,44.07
45087,140.6,125.35,119.86,106.88,87.46,66.36,46.94
45089,98.4,88.17,75.85,71.91,63.07,55.38,48.32
45091,85.7,79.23,72.42,62.5,51.98,39.42,29.19
46003,0.0,-1.33,2.02,-0.13,-0.48,-0.89,-1.02
46005,79.5,72.49,68.38,58.9,54.13,49.68,46.28
46007,0.6,0.7,0.03,0.27,-0.24,-0.16,-0.7
46009,0.2,-0.43,-0.38,0.19,-0.28,-1.14,-1.02
46011,53.5,50.89,43.92,41.82,34.8,27.99,20.36
46013,68.3,63.81,63.39,57.41,49.83,42.01,34.65
46015,94.4,7.67,79.42,77.3,69.86,61.79,53.71
46017,0.0,-2.08,2.03,0.09,101.21,202.8,303.53
46019,29.6,25.73,26.23,25.35,1.18,-22.33,-44.96
46021,0.0,0.44,-0.48,-0.48,-0.51,-1.19,-1.22
46023,30.8,31.88,33.41,37.73,36.48,35.18,34.54
46025,0.6,0.02,30.37,27.37,20.17,13.2,6.14
46027,48.8,44.62,46.93,44.65,40.67,36.39,33.99
46029,83.5,79.2,68.32,61.5,56.42,51.6,46.28
46031,0.0,0.34,0.02,-0.09,-0.24,-0.66,0.83
46033,49.1,45.37,40.76,33.51,32.86,32.43,32.61
46035,116.9,105.56,90.68,76.16,67.3,58.54,50.18
46037,1.4,0.65,0.93,0.28,-0.35,-0.26,-1.06
46039,37.8,35.39,34.31,2.76,-0.1,-2.33,-4.91
46041,0.0,0.2,0.08,-0.06,-0.14,0.01,1.69
46043,51.5,49.15,43.58,38.07,27.87,17.96,8.85
46045,66.9,70.12,54.92,56.47,49.74,44.04,38.06
46047,92.7,88.13,87.58,81.71,75.71,70.12,64.01
46049,1.9,0.45,-0.26,-0.02,-0.29,-0.71,-0.6
46051,63.8,62.09,57.71,56.24,51.96,47.36,43.79
46053,108.0,124.81,99.83,80.37,65.61,48.97,32.81
46055,104.5,112.37,119.4,99.94,104.75,108.48,112.89
46057,0.0,-0.46,0.51,-0.81,-0.46,-0.06,-0.57
46059,2.8,1.51,1.39,0.73,0.81,1.06,2.28
46061,0.0,-0.44,-1.1,-0.79,-0.69,-0.32,0.66
46063,0.0,0.04,0.06,-0.1,-0.36,-2.67,-4.07
46065,120.3,110.57,99.31,86.35,69.24,52.55,35.96
46067,87.6,82.87,78.13,75.59,68.41,62.38,56.37
46069,0.0,0.0,-0.13,-0.01,1.25,1.95,3.26
46071,0.0,0.07,-0.26,-0.52,-0.05,-0.78,-0.74
46073,1.3,-0.49,94.53,101.99,94.43,87.12,80.69
46075,0.0,-0.12,-1.44,-0.83,-0.58,-1.47,-1.75
46077,32.7,19.94,50.16,46.2,40.18,34.2,29.02
46079,35.8,28.74,33.88,35.05,31.04,28.14,25.45
46081,93.8,86.9,79.81,70.03,60.23,50.98,42.88
46083,32.2,31.96,34.31,34.6,30.73,27.71,25.03
46085,21.6,17.25,11.56,9.84,12.59,14.98,16.51
46087,41.0,39.08,32.36,30.57,26.06,21.48,18.52
46089,45.3,45.03,8.57,0.59,-0.23,-2.13,-4.05
46091,48.8,46.4,44.64,36.7,29.61,23.99,17.89
46093,14.3,14.79,13.74,12.2,10.21,7.35,5.92
46095,146.3,140.0,89.22,69.98,53.24,34.76,16.77
46097,33.6,35.26,31.1,27.73,24.85,22.3,19.92
46099,76.4,76.83,67.67,59.56,50.71,42.55,35.0
46101,29.1,3.05,34.01,32.5,26.53,20.76,15.67
46102,0.0,-0.02,0.06,0.03,-0.33,-0.75,-1.93
46103,80.8,79.6,76.33,65.33,54.4,42.29,31.97
46105,41.8,45.62,47.07,49.18,46.39,41.78,40.27
46107,2.8,1.11,0.19,1.31,-0.24,-0.41,-0.89
46109,42.5,42.31,44.52,40.99,36.62,32.64,28.29
46111,0.0,-0.31,1.79,-0.19,-0.52,-0.81,-0.55
46115,2.6,2.96,2.87,0.92,-0.13,-1.16,-1.25
46117,2.0,1.41,1.87,1.46,-1.24,-3.73,-5.93
46119,0.0,-0.17,-0.28,-0.27,-0.35,-0.37,-0.18
46121,14.6,0.81,-1.6,-1.06,-1.01,-3.64,-5.75
46123,132.6,136.52,104.0,78.72,63.27,45.94,28.85
46125,30.0,18.94,31.28,29.27,30.53,32.07,34.66
46127,74.5,77.41,70.84,61.7,74.62,86.92,100.76
46129,84.1,108.03,101.96,90.72,76.24,61.09,47.08
46135,115.5,105.42,96.14,84.58,78.67,72.46,67.5
46137,0.0,0.13,0.13,-0.16,0.03,-0.53,0.3
47001,180.3,168.07,147.88,127.3,109.53,89.8,71.32
47003,124.2,111.84,102.39,94.0,80.34,66.66,51.59
47005,151.8,142.87,136.57,119.35,94.69,68.85,44.06
47007,86.2,87.5,83.22,72.79,67.22,60.86,53.77
47009,110.1,101.94,91.05,80.31,69.03,56.01,44.86
47011,148.9,141.78,131.15,117.69,102.21,86.09,68.6
47013,244.1,228.56,197.69,177.99,146.45,113.84,81.93
47015,121.1,107.98,101.38,95.13,64.46,33.36,1.87
47017,164.2,149.55,140.12,118.99,102.01,83.74,66.14
47019,119.2,113.13,108.95,98.55,88.41,78.2,68.86
47021,101.0,91.34,105.04,93.96,82.58,70.0,57.55
47023,111.3,105.12,100.34,92.84,80.42,67.96,56.14
47025,232.2,218.72,190.91,168.01,148.27,126.55,106.38
47027,185.9,187.96,188.35,190.34,159.42,126.78,94.14
47029,213.9,201.58,188.55,168.85,145.84,121.55,98.36
47031,192.9,176.37,169.36,157.03,138.84,120.74,101.53
47033,98.5,103.75,92.15,69.72,55.71,40.83,26.33
47035,153.6,145.71,129.91,116.8,102.2,86.71,70.78
47037,95.8,92.11,85.76,74.13,60.98,46.77,32.78
47039,185.7,167.59,163.93,137.93,122.14,107.12,92.05
47041,208.7,182.09,161.93,138.61,116.53,93.62,70.8
47043,160.2,147.52,139.77,120.18,98.41,75.98,53.13
47045,184.4,183.08,176.74,162.67,158.88,154.72,150.76
47047,79.5,76.24,72.36,65.51,57.43,49.81,42.44
47049,175.3,180.91,178.18,160.19,125.45,88.76,52.36
47051,131.4,126.52,120.08,105.14,92.55,80.57,66.35
47053,140.0,141.15,138.8,129.6,118.96,106.99,95.88
47055,158.6,147.25,131.26,114.28,99.66,86.54,72.1
47057,122.0,107.63,93.79,82.82,70.89,58.73,46.06
47059,144.0,134.82,124.48,111.29,96.45,81.23,66.13
47061,200.3,190.05,172.73,147.13,152.93,158.77,162.95
47063,199.9,180.92,163.5,144.92,123.9,102.86,82.27
47065,136.1,130.16,122.71,109.78,94.26,78.91,61.55
47067,173.0,149.44,127.11,107.61,103.67,99.37,95.36
47069,113.6,112.9,113.13,101.95,89.12,75.96,62.58
47071,169.5,161.01,153.51,144.18,129.76,116.37,103.36
47073,102.4,93.85,88.99,77.88,69.97,62.11,54.45
47075,86.1,85.9,86.01,78.26,63.57,48.4,32.9
47077,151.4,146.55,137.22,121.03,102.29,84.16,65.54
47079,203.8,196.17,189.03,167.63,142.52,115.35,88.45
47081,73.3,70.69,70.7,64.24,53.4,42.59,30.93
47083,152.9,148.95,148.52,138.55,111.53,82.58,54.53
47085,162.4,141.21,130.42,116.83,95.82,73.6,51.44
47087,25.1,61.49,62.23,47.87,35.82,21.78,8.05
47089,136.7,124.35,113.0,102.66,89.53,75.58,62.4
47091,137.4,121.5,107.27,90.53,77.14,63.87,51.67
47093,117.9,107.77,97.01,84.97,72.74,59.65,47.86
47095,96.9,84.5,79.95,64.21,62.89,60.75,58.88
47097,111.5,111.0,103.28,95.64,96.78,97.49,98.64
47099,162.6,151.97,143.04,128.74,111.48,95.14,77.22
47101,163.9,157.65,154.21,134.22,116.94,100.22,82.64
47103,122.3,111.94,105.95,96.24,84.71,73.89,62.11
47105,119.2,110.56,101.41,91.17,75.46,58.1,40.97
47107,185.0,178.57,160.46,136.9,114.87,92.18,68.5
47109,190.1,185.33,174.01,150.61,125.27,100.48,76.53
47111,139.6,130.61,128.14,113.36,88.75,62.41,36.6
47113,139.2,132.04,126.67,114.65,99.59,84.08,69.03
47115,113.5,108.63,102.34,86.26,70.96,56.58,39.16
47117,129.5,133.54,143.21,124.44,100.52,77.26,52.27
47119,155.9,146.87,135.97,115.38,97.65,80.63,62.32
47121,8.1,7.96,45.48,38.63,33.22,26.52,20.11
47123,172.8,164.1,148.01,137.16,122.27,106.92,90.95
47125,95.8,88.13,86.73,77.71,68.29,56.93,46.71
47127,31.6,26.36,22.08,17.82,5.95,-6.16,-19.63
47129,110.6,101.56,79.11,67.6,57.86,45.88,35.56
47131,118.7,102.75,99.65,94.67,93.5,91.49,89.5
47133,122.4,110.51,110.37,101.68,89.95,76.7,64.04
47135,112.7,97.25,98.54,99.09,85.62,72.2,58.41
47137,149.1,118.53,88.03,87.8,86.63,82.76,79.81
47139,37.0,43.36,52.13,111.28,101.85,91.26,80.27
47141,156.1,152.91,140.15,126.06,108.98,90.24,71.43
47143,174.6,169.17,160.83,139.99,123.72,106.89,89.74
47145,167.3,160.21,146.91,128.56,107.33,84.4,62.43
47147,146.3,138.87,127.84,116.87,104.08,89.52,75.73
47149,106.1,101.2,94.77,82.57,70.42,58.19,45.28
47151,121.7,134.98,165.25,155.02,124.36,91.52,60.37
47153,186.2,190.52,175.84,162.66,127.71,92.77,56.39
47155,144.3,126.58,114.97,99.73,85.89,71.07,56.95
47157,79.2,76.55,73.87,65.12,54.63,43.46,33.33
47159,172.8,155.54,133.17,107.34,94.93,81.43,68.55
47161,66.5,56.84,62.83,57.32,48.39,36.7,26.04
47163,189.7,178.67,165.57,146.41,125.95,105.8,85.86
47165,99.8,95.51,90.14,81.84,70.29,56.11,43.25
47167,102.0,105.08,111.6,102.24,87.37,71.89,56.8
47169,236.8,213.76,175.09,122.94,110.83,97.31,84.12
47171,153.3,146.69,144.52,133.91,120.25,106.46,92.91
47173,132.7,110.79,93.79,76.13,60.85,44.47,28.46
47175,9.8,8.68,7.61,8.72,-0.31,-10.41,-20.52
47177,170.0,165.47,157.71,133.75,117.75,100.99,83.72
47179,121.0,115.78,108.59,96.01,83.89,71.49,60.06
47181,165.4,161.48,152.69,132.13,117.06,103.76,89.67
47183,130.0,130.03,127.98,116.32,105.95,94.51,83.38
47185,156.9,147.35,131.29,116.17,101.43,85.68,69.46
47187,62.2,60.37,57.55,50.16,43.65,36.86,29.28
47189,106.0,98.61,90.62,78.07,68.93,58.34,48.32
48001,99.8,88.66,70.86,60.75,54.61,48.86,42.66
48003,55.2,47.54,57.58,56.25,48.81,39.59,31.17
48005,122.2,105.67,94.75,87.79,80.79,74.21,65.76
48007,112.6,101.83,96.17,82.5,74.99,68.28,60.5
48009,0.0,-0.68,-0.29,-0.2,-0.28,-2.22,-2.45
48011,1.8,-0.08,-0.04,-0.07,-0.28,-2.4,-5.71
48013,90.7,88.54,88.7,82.65,76.5,69.71,63.19
48015,53.1,54.76,52.41,51.6,45.25,38.2,30.0
48017,78.8,66.05,62.11,66.9,65.48,61.65,58.21
48019,44.8,38.49,33.35,37.3,34.57,31.54,27.71
48021,88.3,83.98,78.93,71.72,63.28,55.53,48.15
48023,72.6,59.28,49.52,60.53,59.8,58.86,58.58
48025,77.8,73.4,69.96,64.81,58.24,52.88,48.43
48027,68.3,58.7,53.73,48.45,42.54,39.07,33.45
48029,64.5,58.1,54.75,50.06,44.17,36.94,29.9
48031,17.1,16.6,17.82,16.41,13.48,10.33,5.6
48033,0.0,-0.41,0.19,-0.05,-0.24,-1.31,-2.08
48035,36.1,37.85,39.0,35.86,34.07,33.39,31.13
48037,138.5,124.06,124.04,114.17,101.6,90.5,77.05
48039,71.1,63.74,62.17,57.73,53.0,48.75,41.87
48041,77.4,67.39,56.13,47.22,42.21,37.9,32.41
48043,82.5,69.67,70.05,64.62,64.17,62.46,60.22
48045,0.0,-0.34,-0.01,-0.01,-0.16,-2.64,-5.05
48047,55.8,29.55,40.45,56.75,52.87,51.19,48.78
48049,139.7,129.81,122.62,118.04,110.26,103.57,95.73
48051,35.7,30.68,53.9,51.87,45.45,40.93,34.0
48053,114.7,103.5,96.87,87.48,71.79,57.35,41.0
48055,60.6,55.41,52.41,46.27,38.47,30.18,22.61
48057,115.8,100.0,100.91,95.32,88.76,82.26,74.37
48059,2.2,2.0,10.81,19.75,19.27,17.9,16.93
48061,33.1,29.38,28.12,25.67,22.67,21.99,20.82
48063,96.6,72.19,69.11,58.18,52.93,48.97,44.86
48065,2.3,1.9,3.5,3.16,-0.13,-5.29,-11.39
48067,69.8,65.86,80.62,77.45,69.56,62.92,55.09
48069,2.4,1.41,0.41,0.93,-0.16,-4.71,-8.16
48071,5.5,13.3,32.57,31.58,29.64,27.9,24.01
48073,66.6,51.14,70.11,61.63,58.34,55.76,52.51
48075,185.8,174.99,177.55,150.95,130.49,107.96,86.86
48077,0.0,-0.33,-0.24,-0.61,-0.41,-1.13,-0.89
48079,0.0,-0.37,-0.43,-0.15,-0.29,-1.92,-3.74
48081,0.0,-0.56,0.34,-0.52,-0.55,-0.6,-0.4
48083,5.4,3.89,64.76,68.78,62.61,56.5,49.2
48085,61.9,57.46,56.24,50.45,45.35,39.7,34.86
48087,0.0,-1.29,0.33,-0.61,-0.53,-2.97,-4.23
48089,77.3,66.72,60.69,48.67,39.74,31.12,21.23
48091,83.4,77.25,74.55,68.65,62.23,55.27,48.05
48093,92.5,74.23,78.72,72.52,67.9,62.85,58.14
48095,0.0,-0.32,0.37,-0.08,-0.34,-0.21,-0.2
48097,105.9,93.04,91.98,83.7,76.51,68.98,60.84
48099,75.3,69.65,65.23,59.54,54.04,50.88,44.97
48101,0.0,-0.14,0.06,-0.56,-0.62,-1.56,-1.34
48103,81.1,58.83,62.63,71.29,66.95,62.49,59.94
48105,49.7,52.71,47.74,45.86,41.89,37.85,35.01
48107,2.5,1.23,1.89,1.66,-0.13,-3.35,-6.64
48109,0.0,-0.0,-0.05,-0.02,-0.03,0.77,1.2
48111,84.7,75.85,73.72,63.0,57.01,50.22,42.7
48113,59.8,52.61,50.71,45.07,40.17,35.98,32.23
48115,65.9,60.96,59.11,58.72,53.26,46.58,39.82
48117,51.8,47.39,40.73,34.68,31.13,23.92,18.09
48119,3.8,2.67,21.22,0.84,-0.5,-0.97,-1.69
48121,66.9,60.96,59.21,53.21,47.87,42.53,37.73
48123,52.3,48.24,50.83,45.35,42.73,41.24,39.62
48125,6.7,5.82,7.3,6.89,0.5,-7.09,-15.81
48127,102.9,96.61,94.86,102.0,75.94,50.81,26.23
48129,3.0,4.01,3.75,2.01,-0.01,-2.88,-6.3
48131,14.9,14.58,11.16,9.29,4.33,0.11,-4.2
48133,70.7,65.83,71.36,77.55,70.39,63.03,55.09
48135,92.4,77.48,70.91,66.73,61.53,55.94,51.55
48137,0.0,-0.08,0.01,-0.09,-0.11,0.17,-0.06
48139,81.0,75.0,73.69,66.47,58.56,50.72,42.48
48141,39.6,37.46,37.39,33.92,30.61,29.13,26.65
48143,85.7,76.26,71.05,67.51,61.97,56.59,50.67
48145,74.6,59.26,61.77,57.23,50.26,45.69,38.69
48147,67.7,62.5,61.37,55.11,49.51,44.14,38.45
48149,71.7,66.61,60.95,58.57,55.75,53.36,49.65
48151,7.9,6.18,4.48,4.26,-0.29,-4.95,-10.13
48153,25.9,4.91,3.24,2.33,0.03,-4.19,-7.74
48155,59.3,61.3,58.77,51.78,32.21,10.76,-8.15
48157,44.2,40.76,39.2,35.22,32.07,29.52,24.5
48159,75.8,67.19,73.3,69.41,60.06,51.35,42.61
48161,3.9,2.71,27.2,26.06,30.49,35.7,40.22
48163,48.7,44.52,43.67,39.67,35.91,31.65,26.66
48165,62.3,52.57,51.36,46.19,39.74,31.3,23.4
48167,92.4,79.54,75.92,69.21,64.65,60.75,54.95
48169,2.0,1.63,1.54,0.51,-0.09,-2.44,-4.58
48171,88.7,78.02,76.69,72.81,68.97,65.16,60.89
48173,0.0,-0.28,0.72,0.0,-0.18,-1.84,-1.0
48175,32.7,26.01,22.75,19.71,17.86,16.39,14.4
48177,61.6,56.28,53.57,48.21,47.53,46.77,46.73
48179,131.5,116.18,109.91,102.02,88.51,73.81,58.7
48181,133.2,113.69,105.17,94.78,85.53,76.02,66.35
48183,178.5,141.34,133.38,124.34,120.79,118.65,116.11
48185,23.4,19.3,27.12,24.99,20.79,16.84,11.54
48187,51.7,47.15,47.43,44.36,41.66,37.61,34.41
48189,71.5,69.02,65.1,58.52,55.86,51.69,48.05
48191,7.1,3.79,3.9,2.02,-0.23,-4.45,-7.96
48193,7.7,4.99,28.63,47.07,41.28,36.73,31.27
48195,1.5,0.4,0.77,0.06,-0.19,-1.9,-3.32
48197,85.9,74.88,77.7,73.94,78.06,80.47,85.54
48199,110.4,98.44,97.58,88.97,86.17,83.93,79.42
48201,55.1,48.37,46.33,41.42,37.86,35.77,30.8
48203,78.0,69.57,71.63,63.15,60.27,58.93,55.9
48205,0.0,-0.8,-0.27,-0.8,-0.46,-1.12,-2.8
48207,9.3,18.2,9.22,6.6,0.42,-6.64,-14.3
48209,67.1,60.68,58.36,51.82,46.02,40.57,34.12
48211,4.2,2.63,3.01,1.36,-0.05,-3.03,-4.8
48213,93.6,84.18,80.49,74.93,69.22,64.09,58.0
48215,30.1,29.36,27.66,25.45,22.73,21.59,20.12
48217,95.4,80.88,62.92,58.31,54.26,50.15,45.49
48219,91.2,82.88,79.07,72.81,67.66,60.21,54.0
48221,136.4,125.78,119.76,108.2,99.97,92.07,83.58
48223,112.6,98.23,93.77,83.04,76.97,71.48,65.92
48225,26.0,21.57,46.65,41.35,40.41,39.69,38.2
48227,71.9,60.38,66.69,62.96,59.54,55.07,51.19
48229,0.0,-0.01,-0.02,-0.02,-0.04,1.13,0.48
48231,107.5,93.89,90.83,83.13,73.56,63.29,53.57
48233,85.6,78.33,81.24,74.1,67.6,60.01,51.37
48235,0.0,-0.14,0.08,-0.05,-0.13,0.04,0.9
48237,4.9,1.61,1.86,0.92,-0.21,-2.17,-3.17
48239,35.0,29.11,32.79,31.4,19.15,6.93,-7.13
48241,76.8,67.74,69.77,57.07,49.96,44.19,36.06
48243,0.0,-0.31,-0.08,-0.15,-0.02,-0.81,-0.87
48245,102.0,93.24,85.92,77.07,71.16,65.3,57.5
48247,3.3,1.4,33.22,25.19,19.32,14.57,9.09
48249,92.9,83.85,79.76,75.45,72.29,70.38,68.61
48251,92.7,90.49,90.48,84.33,76.24,68.49,60.74
48253,34.2,30.23,29.74,29.44,24.72,18.6,13.34
48255,76.4,66.91,58.41,54.3,43.98,34.84,26.49
48257,88.3,79.95,76.55,69.97,65.37,60.52,55.37
48259,76.6,71.33,65.56,59.39,53.58,47.48,40.04
48261,0.0,-0.81,-0.17,0.22,-0.18,2.07,4.1
48263,0.0,-0.12,-0.13,-0.02,-0.23,-0.42,-3.49
48265,99.0,85.61,80.76,76.34,74.69,73.83,71.63
48267,74.5,67.89,60.53,55.32,50.75,46.37,41.22
48269,0.0,0.11,-0.01,0.01,-0.18,-0.73,-2.14
48271,2.5,2.03,25.53,21.97,18.31,15.7,12.11
48273,73.9,70.97,66.15,60.32,56.69,55.14,53.42
48275,0.0,0.13,-0.47,0.06,-0.37,-1.79,-3.03
48277,169.1,159.01,152.43,138.62,129.8,121.34,112.19
48279,52.6,49.1,5.12,2.68,-0.0,-4.97,-8.57
48281,34.4,30.9,61.08,58.94,51.37,44.99,36.35
48283,0.5,0.29,0.39,0.24,-0.43,-1.06,-0.83
48285,57.9,50.75,56.09,51.07,46.39,42.2,37.07
48287,24.5,19.48,48.62,45.6,39.7,34.56,28.79
48289,4.3,3.0,38.83,39.29,36.19,33.42,30.5
48291,118.3,102.75,92.24,82.7,76.45,71.75,64.89
48293,107.2,94.37,87.75,85.5,89.84,95.21,99.55
48295,0.0,-0.76,-0.17,-0.94,-0.23,-0.18,-0.1
48297,21.4,20.94,17.99,13.84,10.25,7.04,5.64
48299,83.4,70.81,63.97,56.55,52.11,49.11,43.96
48301,0.0,-0.8,-0.41,-0.4,-0.22,-0.8,0.27
48303,94.2,84.07,84.01,77.96,70.41,60.73,52.16
48305,2.4,1.14,1.83,0.71,-0.29,-3.8,-6.26
48307,76.1,63.14,57.19,53.31,38.63,25.77,11.29
48309,89.8,77.12,75.14,70.52,63.44,57.81,49.76
48311,0.0,-0.05,-0.12,-0.25,-0.2,-0.58,0.31
48313,51.8,45.57,72.86,71.42,63.32,55.14,47.04
48315,2.8,1.11,1.74,1.15,-0.25,-0.08,-1.22
48317,3.8,1.58,37.33,39.93,33.92,27.27,21.23
48319,6.5,3.24,42.15,38.46,40.84,44.85,47.57
48321,80.1,70.79,66.11,60.84,60.38,59.97,55.79
48323,31.3,29.1,28.68,27.35,24.79,23.6,21.75
48325,44.0,43.43,43.89,41.96,36.46,29.83,22.83
48327,0.0,-0.21,0.02,-0.16,-0.2,1.59,1.77
48329,81.0,67.14,60.32,53.77,47.17,40.69,35.26
48331,81.3,64.38,68.38,61.29,54.84,49.9,43.32
48333,0.0,-2.1,1.26,-0.03,-1.28,-0.38,-1.56
48335,3.1,1.95,51.5,50.96,46.08,41.01,36.45
48337,92.2,83.39,82.06,73.07,68.59,62.86,57.2
48339,75.5,66.69,61.01,55.37,50.76,47.2,42.04
48341,66.2,58.47,55.58,51.45,51.63,50.92,49.89
48343,102.2,102.34,82.52,76.18,73.69,72.79,70.85
48345,0.0,-0.3,0.01,-0.11,-0.15,-2.29,-3.38
48347,119.6,103.34,87.75,81.38,73.47,67.14,59.08
48349,86.2,78.35,73.11,66.51,61.44,55.34,49.01
48351,2.9,1.19,32.06,24.91,20.28,17.5,12.28
48353,147.0,128.35,120.25,84.23,66.54,48.28,30.33
48355,92.1,83.86,80.46,70.43,63.98,59.46,55.28
48357,80.2,42.14,46.03,52.72,49.11,44.71,40.99
48359,0.0,-0.29,-0.25,-0.26,-0.2,-2.69,-4.51
48361,127.3,119.2,113.65,95.08,88.72,83.5,75.9
48363,130.6,117.21,108.84,95.34,86.91,78.81,70.52
48365,83.7,81.46,81.48,75.54,72.05,70.54,67.67
48367,81.1,75.57,73.18,65.03,57.95,51.09,43.82
48369,2.6,1.31,0.76,0.65,-0.23,-3.32,-5.69
48371,44.5,37.5,37.72,35.18,33.49,31.01,28.91
48373,120.5,107.07,102.6,91.49,84.62,77.82,69.29
48375,89.3,78.52,76.22,72.2,65.38,56.27,46.83
48377,0.0,-0.14,0.02,3.18,6.24,8.1,10.45
48379,75.8,73.56,68.79,61.77,54.27,47.14,40.59
48381,84.9,76.28,73.95,68.81,62.76,54.2,45.5
48383,0.0,0.37,24.27,25.06,21.16,16.35,13.33
48385,0.0,-0.2,0.1,-0.06,-0.14,-0.49,-0.68
48387,6.0,2.81,45.12,55.74,54.6,54.32,53.19
48389,91.0,76.47,64.27,57.51,54.7,49.8,46.92
48391,3.2,1.25,1.5,0.95,-0.37,-0.69,-1.37
48393,0.0,-0.7,-0.24,-0.27,-0.61,-2.18,-3.16
48395,6.0,3.45,27.62,24.68,21.56,19.98,17.46
48397,78.7,69.47,73.99,69.92,63.3,56.8,51.14
48399,61.8,54.9,70.52,68.58,58.89,48.95,38.71
48401,68.1,52.74,49.09,43.88,42.92,43.68,43.29
48403,7.0,3.4,53.42,44.95,34.38,25.56,15.47
48405,7.0,3.39,71.23,64.5,65.12,67.23,67.68
48407,1.9,0.18,17.05,16.45,19.29,22.34,23.17
48409,80.1,79.97,85.6,80.23,71.73,64.59,57.92
48411,77.8,6.91,47.4,42.31,2.8,-35.77,-75.58
48413,0.0,-0.08,-0.21,-0.07,-0.13,0.37,0.84
48415,106.6,91.67,86.17,81.03,73.29,65.15,56.08
48417,0.0,-0.2,-0.24,0.05,-0.36,-1.08,-2.35
48419,89.7,60.52,69.85,64.69,58.55,54.48,49.0
48421,31.2,2.52,1.11,0.57,-0.1,-2.14,-4.38
48423,107.9,94.93,88.96,81.32,73.45,67.13,59.65
48425,8.6,5.56,5.55,4.61,-0.17,-3.46,-8.66
48427,32.7,32.31,34.77,33.09,29.33,26.59,24.67
48429,128.1,119.53,104.52,95.63,83.72,71.01,58.38
48431,0.0,-0.14,0.55,-0.08,-0.06,-1.35,-1.18
48433,4.9,4.03,2.34,2.55,-0.04,-2.06,-6.15
48435,6.5,5.23,3.1,2.68,0.19,-2.26,-4.7
48437,3.0,2.21,2.11,8.54,0.39,-10.01,-19.89
48439,76.0,68.99,66.79,60.04,53.67,47.18,40.53
48441,130.7,115.63,108.08,98.07,89.35,79.23,69.46
48443,0.0,-0.14,0.02,-0.05,-0.06,-0.49,-0.79
48445,63.4,53.74,84.74,78.55,69.24,58.81,48.5
48447,0.0,-0.3,-0.55,-0.06,-0.26,-0.34,-0.95
48449,106.0,91.04,85.42,75.42,69.74,65.57,60.79
48451,92.4,80.82,75.5,71.13,66.56,62.78,58.81
48453,61.1,55.51,51.25,45.06,39.35,34.06,28.0
48455,57.5,42.42,59.07,55.91,44.05,31.66,18.25
48457,32.0,22.77,50.8,50.61,48.35,46.5,43.2
48459,26.1,20.39,18.52,17.16,16.63,16.84,17.35
48461,1.9,1.21,1.83,1.89,-0.04,-1.87,-1.37
48463,76.9,72.22,73.31,70.57,63.42,56.26,48.62
48465,42.5,39.61,39.08,35.55,32.59,29.32,24.97
48467,88.3,81.52,78.32,69.97,64.18,58.64,53.41
48469,121.1,104.51,99.2,93.42,84.7,76.92,68.81
48471,87.0,77.05,61.2,57.43,54.79,52.68,48.62
48473,7.3,5.43,12.06,11.53,9.61,7.58,4.15
48475,73.4,70.27,58.32,51.38,46.39,40.39,35.11
48477,90.5,87.97,76.89,70.17,65.08,60.61,54.57
48479,30.2,29.21,27.61,24.71,21.16,19.62,17.74
48481,76.8,69.37,63.74,59.39,56.92,53.9,48.49
48483,47.7,45.55,39.42,32.45,20.5,6.03,-7.14
48485,119.1,108.16,105.38,97.38,90.24,81.82,74.95
48487,167.2,152.68,147.86,136.32,122.83,107.75,95.87
48489,53.8,47.37,29.83,32.22,31.69,33.74,35.44
48491,70.6,64.77,62.26,56.49,50.4,45.51,38.9
48493,56.3,59.21,58.43,54.39,50.61,45.65,42.55
48495,87.1,60.93,56.43,47.54,44.13,38.86,35.26
48497,68.9,62.91,63.52,61.68,57.04,52.55,47.89
48499,115.9,98.07,94.75,90.05,81.31,72.55,64.28
48501,8.7,6.7,6.89,7.25,0.27,-8.09,-16.66
48503,112.6,103.57,98.98,92.46,88.92,84.72,80.86
48505,2.2,13.7,23.68,20.61,17.65,16.93,15.66
48507,5.0,0.84,0.69,0.83,-1.07,-2.25,-3.58
49001,91.8,97.87,93.87,91.51,76.08,58.57,42.19
49003,85.5,81.74,79.8,73.25,66.59,61.27,56.04
49005,66.7,61.15,54.71,49.54,44.61,41.1,36.89
49007,188.9,183.21,175.26,155.25,147.46,138.83,132.13
49009,0.0,-0.36,-0.01,-0.14,-0.28,0.42,0.83
49011,72.9,68.85,66.52,61.8,56.81,51.81,47.72
49013,54.1,51.01,57.24,58.13,56.64,55.63,54.34
49015,97.4,96.42,47.36,77.74,77.98,76.46,77.16
49017,92.7,87.31,86.59,84.11,70.54,55.15,41.23
49019,108.4,95.7,83.33,79.68,73.34,66.91,61.15
49021,105.0,110.78,103.8,91.76,81.16,69.09,58.74
49023,96.9,95.67,81.89,75.86,71.13,65.26,60.59
49025,130.4,148.77,107.98,104.5,93.25,79.96,68.5
49027,69.0,69.94,58.22,64.03,55.54,45.04,37.28
49029,60.8,61.54,57.87,38.78,32.87,26.63,20.95
49031,0.0,-0.04,-0.14,-0.17,-0.61,-3.4,-5.14
49033,44.0,31.69,29.41,28.72,27.87,28.36,28.83
49035,80.2,75.0,70.61,63.0,55.59,47.33,40.22
49037,23.5,19.25,16.22,16.1,14.09,12.17,10.97
49039,95.5,87.17,94.16,85.84,78.18,68.31,61.27
49041,130.2,124.53,113.13,108.31,100.05,88.37,78.81
49043,69.9,65.84,61.23,51.24,44.63,36.76,30.02
49045,81.5,73.01,70.16,64.0,52.96,40.76,30.51
49047,82.8,71.69,67.14,60.81,51.78,43.03,33.99
49049,64.5,61.14,58.43,52.79,47.28,40.75,35.11
49051,79.6,75.07,69.13,58.65,51.33,43.05,35.77
49053,96.1,91.89,88.57,79.46,72.66,63.81,56.37
49055,0.0,-0.19,-0.48,0.17,-0.12,-3.31,-5.3
49057,90.7,86.95,83.31,76.12,69.82,64.07,59.13
50001,27.2,43.35,50.43,41.26,36.62,31.61,24.38
50003,83.4,81.75,72.74,62.28,52.55,43.31,32.75
50005,45.7,62.93,62.27,54.36,45.42,35.46,24.94
50007,43.6,50.91,49.06,41.74,35.29,28.48,19.6
50009,0.1,10.74,12.0,0.67,-0.5,-3.07,-5.74
50011,58.0,82.83,85.42,79.33,69.28,58.21,46.38
50013,13.3,20.29,18.87,14.88,12.25,9.45,5.25
50015,34.7,57.53,57.52,55.98,50.49,44.65,37.94
50017,22.1,41.83,42.51,33.85,24.95,16.72,6.62
50019,31.7,60.0,62.4,59.95,53.84,45.84,37.72
50021,88.9,85.41,80.07,65.54,52.65,38.64,22.26
50023,38.9,58.0,57.87,51.75,44.8,36.77,27.68
50025,77.9,74.79,72.34,59.64,50.58,42.49,31.95
50027,50.0,48.56,41.79,30.55,25.49,19.42,10.71
51001,70.5,64.82,60.75,50.9,34.61,16.56,-1.0
51003,65.0,60.68,56.25,47.5,39.3,30.71,21.93
51005,90.4,82.62,82.92,70.08,61.48,51.51,43.02
51007,54.2,51.41,48.43,37.11,29.69,22.24,13.44
51009,90.4,82.6,74.76,62.23,56.31,50.9,45.24
51011,146.2,138.86,125.86,99.24,86.57,74.74,62.87
51013,28.0,24.95,23.44,19.97,17.27,13.05,9.22
51015,33.3,25.37,16.98,10.43,6.45,2.97,-1.31
51017,8.7,5.18,1.22,0.27,-0.76,-1.77,-2.22
51019,50.0,46.26,44.65,37.86,32.52,26.72,21.96
51021,71.1,79.24,66.11,53.83,42.28,29.89,18.62
51023,46.3,41.12,39.12,34.66,30.4,25.65,22.46
51025,29.0,25.49,23.82,16.61,12.01,5.42,-0.63
51027,84.7,85.68,127.1,136.08,113.72,92.08,70.77
51029,2.7,1.83,1.51,0.88,-0.43,-1.41,-2.96
51031,38.0,33.47,40.63,32.28,27.45,21.73,16.7
51033,19.9,20.26,33.62,31.04,27.79,24.26,19.76
51035,44.7,43.54,42.29,34.34,29.29,24.67,20.85
51036,0.0,-0.95,0.61,-0.85,-1.05,-3.23,-6.12
51037,43.9,43.26,38.79,30.96,25.78,20.06,14.39
51041,77.9,72.47,67.65,55.61,44.94,33.94,21.49
51043,21.6,26.41,27.66,26.16,22.81,20.01,16.08
51045,8.4,5.36,4.45,4.67,-1.41,-9.27,-14.84
51047,79.3,71.95,65.8,53.9,46.7,39.26,30.85
51049,35.5,32.96,29.43,21.79,18.0,14.57,10.57
51051,157.3,137.7,180.89,155.67,131.5,107.71,84.64
51053,5.5,4.44,4.34,1.93,-0.99,-4.31,-8.59
51057,123.3,122.66,111.0,89.6,70.96,50.87,30.71
51059,33.7,30.63,28.95,24.35,20.75,15.75,10.73
51061,81.6,76.66,72.28,62.33,51.5,41.1,30.02
51063,65.0,58.87,50.15,35.15,27.42,18.6,11.19
51065,38.0,36.23,31.25,26.82,24.08,21.28,17.05
51067,96.2,86.67,79.74,68.05,59.13,49.19,41.23
51069,62.9,58.38,54.95,43.11,38.53,34.43,28.88
51071,149.5,142.89,121.93,102.7,85.34,66.23,48.83
51073,128.1,119.93,108.48,90.67,73.82,54.98,35.64
51075,16.4,15.09,14.46,10.51,1.67,-7.14,-17.21
51077,28.3,9.6,20.94,17.66,14.2,11.02,8.73
51079,88.8,83.2,77.71,66.47,54.82,41.88,28.59
51081,0.0,-2.08,-3.26,-10.46,-9.71,-11.58,-13.64
51083,75.9,86.98,81.46,70.97,57.76,43.17,29.18
51085,102.0,96.15,90.61,74.61,58.87,42.45,25.41
51087,81.0,75.19,68.48,56.43,45.87,34.49,22.41
51089,101.1,77.42,65.41,54.14,44.05,32.55,24.45
51091,0.0,-0.46,-0.4,-1.01,-0.86,-0.05,-0.08
51093,67.3,67.35,72.87,64.19,56.15,46.4,35.8
51095,112.7,107.02,98.05,83.67,72.18,59.1,45.54
51097,0.0,-0.37,-0.7,-1.57,-1.4,-2.69,-4.17
51099,54.5,53.47,54.25,44.47,39.27,32.03,25.4
51101,47.4,42.62,40.24,29.69,22.68,14.6,6.17
51103,187.1,183.45,159.79,129.21,102.14,73.39,44.05
51105,129.3,112.54,144.5,131.7,113.11,94.62,76.08
51107,40.9,38.2,36.76,31.53,27.05,21.86,16.47
51109,58.9,53.4,49.82,42.19,35.29,28.19,20.01
51111,4.3,2.18,1.78,0.22,-1.01,-2.52,-4.59
51113,0.0,-0.6,-0.69,-1.21,-1.04,-1.88,-3.26
51115,63.4,59.95,54.75,48.8,45.06,39.13,33.03
51117,115.3,112.2,105.89,85.07,69.92,53.52,37.77
51119,5.4,4.15,1.28,0.3,-2.16,-6.25,-10.93
51121,72.5,65.41,60.95,53.11,45.34,36.4,29.13
51125,27.4,25.7,21.3,17.11,13.61,10.66,7.4
51127,68.8,62.05,59.03,45.67,36.53,26.35,14.49
51131,115.5,112.59,113.3,96.01,92.05,86.44,80.49
51133,37.3,34.8,29.95,22.59,17.98,11.35,4.39
51135,88.6,66.3,76.0,66.85,53.46,38.77,23.46
51137,105.3,96.96,91.09,75.19,62.43,49.95,36.8
51139,102.9,99.34,86.88,77.19,68.67,60.74,50.84
51141,85.1,77.65,69.31,61.6,48.36,34.51,22.19
51143,22.8,23.09,21.4,15.49,11.78,6.77,3.54
51145,55.5,51.48,46.12,41.53,37.47,33.02,27.48
51147,113.6,105.44,99.88,84.08,72.68,61.67,50.57
51149,0.6,-2.06,1.23,-1.65,-3.11,-5.63,-9.15
51153,44.0,40.48,38.18,31.87,27.87,22.94,18.03
51155,142.6,135.59,132.81,114.15,97.66,80.21,64.32
51157,0.0,-0.56,-0.65,-1.04,-0.94,-1.02,-2.38
51159,45.5,43.47,43.03,34.78,28.82,21.88,14.35
51161,98.6,89.35,83.14,72.56,63.55,53.45,45.18
51163,0.0,-9.98,-10.71,-10.37,-8.51,-6.85,-4.61
51165,34.8,31.34,28.35,24.22,17.5,11.6,4.38
51167,138.3,118.2,113.11,105.01,89.78,75.36,61.31
51169,169.4,160.64,153.22,137.63,121.34,105.74,90.04
51171,84.4,74.9,68.92,53.69,42.46,31.79,19.63
51173,151.7,139.45,131.3,105.94,84.39,62.54,42.76
51175,3.5,1.44,-0.19,-2.7,-2.8,-4.32,-6.74
51177,83.2,76.86,67.43,54.3,46.02,36.99,27.54
51179,57.9,54.25,49.06,40.16,34.6,28.22,21.64
51181,0.0,-0.22,-0.04,-0.62,-0.51,-2.22,-4.1
51183,27.1,24.65,22.29,14.49,10.42,5.15,-1.66
51185,231.1,202.13,180.06,158.65,132.97,106.92,82.73
51187,99.6,92.84,87.89,78.34,65.81,53.74,40.07
51191,127.5,115.94,105.06,88.53,74.27,59.91,46.46
51193,52.4,46.03,43.04,34.42,29.42,23.65,17.85
51195,235.7,208.4,189.95,154.16,122.11,90.72,59.48
51197,122.5,119.97,109.73,93.97,78.61,62.32,47.66
51199,57.7,50.85,46.34,39.07,34.75,28.99,21.57
51510,38.3,35.41,32.87,27.76,24.04,18.72,13.75
51520,190.8,185.15,174.15,161.62,147.82,134.05,120.98
51530,85.1,71.12,81.77,80.66,78.15,75.94,74.16
51540,77.2,69.98,55.73,45.69,35.97,25.66,15.37
51550,74.8,68.75,64.93,54.76,47.64,39.03,29.51
51570,277.3,247.58,228.47,188.57,151.07,112.66,72.71
51580,287.6,260.03,239.37,223.44,184.15,143.05,103.76
51590,199.1,188.92,179.68,162.96,136.25,107.84,81.0
51595,315.5,303.18,287.5,235.22,195.03,152.3,109.68
51600,88.7,82.08,79.03,70.56,63.54,55.2,47.13
51610,81.5,66.86,58.76,52.24,43.9,34.2,24.68
51620,294.5,274.25,268.89,238.11,208.28,176.5,143.94
51630,165.2,173.56,166.47,139.86,110.33,79.52,48.41
51640,460.3,433.79,399.34,361.75,308.13,255.0,203.4
51650,90.9,86.64,76.95,61.05,50.26,38.34,25.28
51660,143.3,134.7,126.08,110.21,91.07,72.65,53.5
51670,131.4,116.23,144.28,145.47,135.4,124.18,111.73
51678,325.7,281.1,250.96,227.0,203.5,179.87,156.87
51680,154.2,138.87,119.48,95.52,80.53,65.56,50.39
51683,123.9,118.21,111.52,94.03,82.49,70.55,58.7
51685,0.0,-1.17,-1.61,-4.05,-3.48,-3.5,-3.68
51690,532.5,457.53,410.19,358.22,305.44,251.47,200.9
51700,73.5,68.98,62.89,50.77,41.35,30.75,19.51
51710,74.1,70.53,64.42,53.26,43.73,32.72,20.93
51720,563.3,513.28,478.33,415.27,334.25,254.13,174.05
51730,167.4,156.54,151.48,129.65,106.06,81.67,55.91
51735,102.6,94.3,81.66,66.03,61.81,56.29,49.13
51740,120.6,114.87,103.67,85.22,70.9,54.87,38.14
51750,124.4,109.55,98.68,84.64,70.77,55.98,42.39
51760,67.8,59.58,53.51,41.45,31.74,21.35,9.52
51770,122.0,109.22,102.32,88.82,72.87,56.16,41.18
51775,242.5,222.95,208.05,184.34,159.99,134.56,110.95
51790,217.6,193.2,176.75,149.11,124.89,101.42,76.96
51800,91.5,89.65,85.6,74.77,64.11,51.55,38.07
51810,68.4,64.95,61.05,52.05,45.3,37.61,29.03
51820,262.5,234.71,205.78,173.65,141.42,110.03,77.31
51830,0.0,-1.0,-1.76,-2.96,-2.63,-4.37,-6.45
51840,201.6,191.86,179.18,147.01,129.27,111.99,93.16
53001,33.0,29.55,27.52,25.75,21.54,17.37,12.69
53003,152.8,146.37,150.15,133.78,123.97,111.78,102.99
53005,110.5,107.89,102.41,90.43,74.63,59.04,44.13
53007,91.9,87.15,79.94,70.7,61.8,54.44,46.12
53009,140.0,128.24,120.13,101.33,83.76,67.37,49.7
53011,67.5,63.35,59.47,53.71,46.82,39.84,31.65
53013,128.7,117.62,119.25,102.31,97.73,90.5,86.95
53015,105.6,97.7,89.03,77.01,65.75,53.93,40.74
53017,67.7,65.37,64.47,56.26,51.82,48.42,44.87
53019,76.1,70.19,66.33,59.51,55.62,49.71,45.44
53021,70.1,68.84,62.76,53.21,45.72,38.27,31.64
53023,143.0,132.62,120.02,95.55,99.41,100.79,105.1
53025,81.1,76.12,73.44,65.79,55.75,47.9,39.29
53027,123.9,119.62,112.96,93.93,79.3,65.52,50.08
53029,46.6,43.43,42.53,38.39,35.75,33.47,29.84
53031,96.5,90.44,85.25,79.05,70.05,62.21,52.48
53033,55.5,51.19,47.24,41.49,35.69,30.07,23.45
53035,71.2,66.63,61.76,56.09,48.32,41.25,33.31
53037,65.0,62.55,56.25,47.58,37.77,29.56,20.41
53039,29.4,23.55,4.3,18.44,21.17,24.99,27.64
53041,116.0,107.1,96.82,81.15,70.31,59.39,47.41
53043,164.1,95.81,93.14,77.72,68.16,58.61,50.15
53045,100.9,97.2,87.4,76.16,66.78,58.25,48.47
53047,77.3,78.33,71.18,63.67,52.6,39.27,27.43
53049,48.3,43.49,37.46,29.81,25.16,20.58,15.19
53051,136.0,126.54,118.15,101.94,87.68,72.73,59.83
53053,72.9,69.06,65.08,56.75,49.8,43.87,36.52
53055,36.8,41.78,56.54,60.27,52.13,44.96,36.15
53057,94.3,89.69,81.14,71.39,65.97,60.71,54.65
53059,60.1,45.23,6.55,2.44,-0.4,-2.19,-6.11
53061,83.5,78.46,70.8,61.18,51.98,42.83,32.2
53063,92.5,86.33,83.54,76.53,68.43,59.39,51.21
53065,92.0,84.27,82.35,76.24,63.25,50.09,37.94
53067,71.6,69.33,62.92,54.35,47.4,41.64,34.33
53069,67.1,29.01,6.8,5.01,-0.34,-5.44,-11.75
53071,94.2,90.56,86.72,76.56,62.94,48.03,35.57
53073,79.3,76.85,71.53,63.93,55.6,47.45,38.3
53075,53.0,52.1,49.45,46.0,41.28,35.27,32.0
53077,78.0,72.57,67.86,60.19,50.46,41.03,30.59
54001,110.7,94.68,68.62,56.42,48.49,40.91,33.78
54003,115.3,102.01,91.42,83.18,72.67,62.73,52.64
54005,192.1,171.69,143.12,110.64,104.15,96.99,90.92
54007,114.5,99.07,89.81,79.91,70.61,59.97,51.48
54009,114.3,98.69,86.86,75.87,65.27,53.13,42.12
54011,148.8,136.09,122.6,109.11,93.03,76.62,62.12
54013,70.2,57.52,46.5,37.07,30.99,25.13,20.97
54015,75.3,66.72,61.65,52.1,44.89,37.37,31.99
54017,47.7,41.76,33.87,26.85,22.53,17.75,13.87
54019,95.4,90.47,77.11,62.22,53.47,43.12,34.73
54021,81.8,74.91,60.15,50.94,42.04,32.88,24.82
54023,104.4,95.06,84.55,73.94,67.31,61.18,53.84
54025,148.4,127.88,108.94,96.2,77.91,58.22,40.53
54027,82.1,68.81,68.8,64.11,53.56,44.62,33.98
54029,152.0,139.55,142.46,121.28,111.03,99.26,87.87
54031,97.0,86.19,80.55,70.05,62.29,55.62,47.42
54033,130.3,119.59,103.42,90.06,79.93,69.8,60.87
54035,130.6,107.59,82.74,69.27,57.75,47.52,38.42
54037,88.6,85.68,87.59,77.28,64.59,51.45,37.94
54039,155.2,131.82,111.52,95.85,79.53,63.18,48.98
54041,107.7,88.0,82.47,74.23,66.71,59.21,52.69
54043,73.9,63.16,52.71,40.45,33.4,26.15,21.22
54045,263.0,209.02,192.74,170.98,147.12,123.18,100.14
54047,156.4,136.81,105.25,86.66,72.27,57.0,43.12
54049,113.0,97.74,88.76,76.13,60.43,44.26,29.38
54051,137.9,130.16,117.12,109.73,91.69,73.08,55.3
54053,118.3,101.66,81.69,69.05,57.15,46.35,36.91
54055,160.5,151.19,120.26,102.59,85.67,67.57,51.3
54057,118.2,109.32,101.8,82.48,69.22,56.97,43.96
54059,181.3,135.89,98.95,75.59,49.33,23.19,-1.92
54061,78.2,69.98,59.7,46.87,37.76,28.14,19.78
54063,28.3,26.53,40.46,32.72,18.31,2.78,-11.42
54065,72.3,71.23,72.95,68.49,61.37,55.21,48.24
54067,186.8,158.91,135.98,116.26,106.75,95.98,87.27
54069,106.9,95.38,80.94,68.47,55.4,40.92,28.37
54071,83.6,88.04,83.51,61.27,43.55,26.48,8.8
54073,134.1,122.85,114.35,100.95,81.51,61.89,42.3
54075,68.1,57.03,57.73,49.18,46.24,43.49,41.02
54077,71.4,73.57,70.19,60.71,51.17,41.85,33.25
54079,121.2,106.33,94.81,79.94,66.6,53.42,42.12
54081,164.6,145.29,106.18,80.66,66.36,50.32,36.1
54083,122.4,113.0,95.6,87.8,76.03,63.66,52.2
54085,69.2,58.55,66.21,58.56,50.4,42.4,35.14
54087,125.6,109.11,94.57,88.41,74.45,61.48,49.84
54089,108.2,104.44,113.26,90.4,79.23,66.62,55.3
54091,89.2,80.54,69.38,58.9,51.25,44.03,37.33
54093,41.2,45.69,40.43,35.24,41.08,47.96,54.09
54095,63.1,54.98,51.07,44.82,37.38,29.41,22.08
54097,82.6,71.32,57.85,50.0,43.33,36.23,30.53
54099,82.5,75.6,67.52,61.64,59.25,57.73,57.16
54101,76.6,68.43,60.91,51.95,48.65,44.33,41.1
54103,118.0,108.32,96.0,86.52,67.27,47.74,29.25
54105,66.2,50.4,37.84,33.6,32.23,31.98,31.59
54107,152.3,133.3,110.62,93.66,77.04,61.57,46.24
54109,218.2,192.73,144.87,112.88,89.5,65.28,42.6
55001,49.6,46.09,43.57,37.02,29.24,22.34,14.35
55003,98.8,101.24,87.46,74.42,71.81,68.84,67.17
55005,79.9,75.0,76.45,70.31,55.42,40.51,27.47
55007,10.3,10.39,8.93,4.64,0.06,-4.64,-7.47
55009,73.6,69.8,65.28,55.91,49.27,44.38,37.78
55011,7.2,2.22,0.12,-0.09,-0.32,0.31,0.2
55013,58.7,62.7,62.78,62.32,58.67,55.75,54.1
55015,21.8,20.25,19.28,17.56,16.53,16.44,14.94
55017,63.2,64.04,63.91,53.06,44.03,35.18,26.82
55019,35.1,36.36,32.23,26.94,25.01,22.89,20.82
55021,103.5,98.41,93.2,81.02,69.81,59.76,49.32
55023,79.7,73.18,71.46,64.29,58.73,53.9,48.7
55025,62.4,58.8,53.09,43.57,37.83,32.5,27.18
55027,46.3,44.85,41.5,36.74,33.53,31.51,27.15
55029,59.8,70.0,65.4,57.79,52.82,48.65,43.04
55031,84.4,72.88,62.14,49.44,42.16,35.82,29.98
55033,53.0,43.33,38.5,33.2,29.03,25.85,22.46
55035,72.2,64.05,58.03,48.55,43.37,38.54,33.46
55037,0.0,-0.89,-0.77,-1.15,-1.45,-0.04,0.6
55039,57.4,55.38,51.48,44.27,42.72,42.8,41.74
55041,53.9,50.33,45.74,40.71,38.27,36.05,34.12
55043,53.7,51.51,46.92,42.56,37.46,32.0,27.83
55045,64.3,60.07,54.24,46.22,42.81,40.22,37.15
55047,74.1,67.6,62.15,53.71,46.95,41.42,35.58
55049,51.0,49.94,46.86,40.07,35.35,31.69,27.79
55051,75.1,72.29,64.67,64.12,68.44,72.22,77.3
55053,30.0,26.77,25.08,22.82,17.34,11.88,5.23
55055,73.2,68.46,63.55,54.37,47.81,42.22,35.09
55057,117.3,123.12,119.12,103.13,83.29,64.19,43.66
55059,75.8,71.33,64.23,53.33,47.06,40.92,35.13
55061,27.3,24.98,23.47,15.27,14.38,14.33,13.02
55063,71.1,64.93,62.93,57.77,50.52,44.54,36.21
55065,14.9,13.92,13.81,12.63,4.69,-3.27,-10.24
55067,111.6,106.5,94.97,83.48,72.52,60.95,50.1
55069,82.1,78.31,75.12,63.52,56.77,49.14,42.69
55071,74.8,69.54,59.89,49.05,46.69,45.22,41.6
55073,56.3,52.93,49.8,42.36,38.98,35.03,31.0
55075,89.2,82.21,76.05,64.66,60.3,57.72,53.29
55077,38.4,36.26,33.16,26.33,22.56,19.36,16.31
55078,0.0,-0.53,-0.66,-0.79,-0.45,0.12,0.69
55079,89.7,84.82,77.02,64.08,53.51,44.9,35.52
55081,74.2,67.95,65.41,58.26,51.14,44.91,36.78
55083,43.5,39.7,36.48,30.97,25.35,20.63,14.83
55085,102.4,93.38,84.59,70.09,61.98,53.0,45.1
55087,66.7,61.75,57.71,50.12,45.66,42.16,38.1
55089,66.5,63.54,60.83,54.95,46.41,40.13,31.82
55091,72.0,63.78,57.87,49.76,46.84,44.08,40.82
55093,37.4,36.04,38.04,31.34,24.69,18.33,11.37
55095,79.5,72.41,63.55,53.77,49.38,45.05,42.52
55097,65.8,59.63,55.3,47.02,40.58,33.67,26.28
55099,62.1,56.12,50.08,50.74,47.35,42.52,39.43
55101,89.1,84.65,78.35,65.23,55.17,45.31,35.71
55103,19.8,17.48,35.36,37.83,34.45,32.29,29.13
55105,89.5,84.53,78.32,64.57,56.08,47.74,38.73
55107,40.4,34.56,31.33,27.79,22.99,17.74,13.98
55109,47.5,40.97,33.79,31.17,28.19,24.71,21.92
55111,75.7,73.84,67.35,57.23,49.28,42.76,36.16
55113,101.5,100.21,89.69,78.18,72.95,68.07,63.91
55115,54.1,48.37,42.41,35.9,34.08,32.16,31.29
55117,77.6,73.5,67.05,54.8,44.27,34.42,22.38
55119,33.5,31.44,29.13,22.18,14.6,6.4,-0.15
55121,25.6,23.28,17.71,14.05,10.19,6.64,1.88
55123,51.0,46.66,42.75,37.26,33.97,30.98,26.48
55125,70.2,62.56,61.48,52.31,42.45,31.86,22.51
55127,72.4,67.42,62.97,52.1,45.33,39.13,32.57
55129,65.4,31.63,29.03,26.62,22.31,18.11,15.57
55131,76.1,71.39,65.87,55.45,48.27,43.22,35.89
55133,76.9,73.49,68.24,58.2,50.98,45.32,38.51
55135,94.8,89.08,84.74,73.1,63.87,54.41,45.36
55137,26.6,25.01,26.06,24.36,24.8,26.46,28.14
55139,64.2,59.39,55.07,48.34,44.64,42.4,39.67
55141,83.5,75.68,72.03,60.39,52.6,44.94,36.41
56001,55.8,51.7,46.73,42.86,37.53,31.53,25.92
56003,62.1,58.41,55.78,49.64,46.82,43.83,42.64
56005,82.2,75.24,70.85,66.15,56.22,47.54,38.36
56007,76.8,80.42,72.63,60.15,50.22,40.64,31.56
56009,64.5,60.19,65.29,64.47,58.09,50.94,45.88
56011,0.6,0.24,-0.01,0.1,-0.45,-0.77,0.35
56013,95.1,93.15,83.8,76.07,59.73,45.48,30.8
56015,42.3,38.74,32.14,29.76,29.35,28.65,28.61
56017,98.3,102.01,97.74,88.05,96.31,105.83,115.14
56019,68.0,67.35,65.64,60.57,55.11,50.04,46.27
56021,84.3,77.92,71.66,63.78,56.16,47.48,39.48
56023,80.1,80.53,77.67,64.64,58.56,53.22,46.76
56025,89.3,82.05,82.57,72.68,64.63,57.6,51.89
56027,2.4,1.4,2.94,1.48,-0.06,-0.97,-2.25
56029,106.0,98.13,85.93,73.4,72.73,72.78,74.2
56031,58.5,55.33,54.45,51.3,51.47,51.69,52.18
56033,60.8,55.38,51.82,44.31,37.34,31.09,25.44
56035,63.7,56.73,58.33,53.85,55.42,58.13,59.39
56037,93.5,86.51,87.66,86.72,79.28,73.97,67.71
56039,81.2,76.38,63.12,58.55,43.21,27.71,12.9
56041,112.4,104.8,105.37,99.82,95.97,93.03,89.63
56043,109.7,95.97,81.78,81.51,75.41,70.13,64.79
56045,68.3,58.55,47.07,39.55,35.28,30.61,27.66
