FIPS,2014 kals,2015 kals,2016 kals,2017 kals,2018 kals,2019 kals,2020 kals
01001,145.3,130.38,129.85,127.36,126.03,125.94,126.68
01003,143.5,132.18,123.97,114.4,104.67,96.54,87.97
01005,102.0,93.81,92.64,90.7,88.31,88.24,88.09
01007,75.8,69.36,95.41,118.41,143.44,168.4,193.7
01009,63.2,57.33,56.55,54.4,54.81,53.0,52.13
01011,34.3,23.63,20.04,15.67,11.87,8.8,6.34
01013,145.0,139.8,135.29,130.44,125.06,120.91,117.74
01015,180.0,165.86,160.78,154.49,149.5,144.69,139.42
01017,163.1,147.87,141.13,134.57,128.25,122.22,117.18
01019,175.1,168.77,157.93,147.2,138.32,128.45,118.55
01021,132.1,120.74,120.88,118.38,118.0,117.7,117.43
01023,141.2,99.17,97.69,92.8,89.7,86.53,83.4
01025,184.3,166.11,165.04,160.9,157.73,155.07,152.73
01027,150.6,139.66,134.01,127.38,121.07,115.89,110.56
01029,48.2,50.2,44.15,37.22,31.85,25.69,19.58
01031,143.2,132.37,129.73,125.56,121.5,120.09,118.54
01033,234.3,223.06,208.96,192.8,179.23,163.18,148.11
01035,154.4,105.7,94.31,81.04,67.52,55.42,43.88
01037,35.7,26.76,25.57,23.39,22.48,21.75,21.65
01039,216.2,198.8,172.17,144.18,115.97,89.13,62.99
01041,101.5,93.91,90.67,87.26,83.55,81.21,79.3
01043,182.6,171.86,166.33,159.51,155.47,149.51,143.74
01045,71.5,64.08,76.94,89.41,101.84,116.97,131.9
01047,123.3,115.99,117.83,117.11,118.41,120.33,123.23
01049,122.7,116.7,114.77,112.68,112.0,110.44,109.68
01051,122.7,112.81,116.95,118.76,122.52,126.31,130.96
01053,166.8,172.72,173.51,172.75,171.69,172.42,173.14
01055,191.4,172.48,157.51,141.86,128.06,113.84,99.16
01057,162.5,161.11,134.54,105.07,78.48,50.45,22.81
01059,225.5,221.79,222.67,221.28,222.21,220.43,219.89
01061,50.4,54.53,50.4,45.08,40.19,37.33,35.22
01063,98.6,79.27,79.9,77.79,77.27,76.63,75.49
01065,100.2,85.49,97.02,106.34,116.87,126.81,137.01
01067,37.3,47.35,32.13,16.49,0.28,-13.16,-27.63
01069,161.1,147.51,142.97,137.84,133.29,130.9,128.64
01071,135.6,117.81,142.47,166.06,192.5,216.8,242.17
01073,130.2,123.02,117.04,108.57,102.37,94.74,88.11
01075,105.8,107.27,103.79,97.14,92.77,86.83,81.9
01077,151.0,140.23,127.58,113.55,101.52,87.25,74.84
01079,140.5,126.67,114.81,101.86,90.92,77.06,65.65
01081,70.0,62.91,64.05,64.36,66.27,67.88,71.04
01083,79.1,70.24,75.32,80.16,87.46,91.88,98.25
01085,1.9,-0.11,0.58,0.46,1.54,3.16,5.7
01087,67.2,61.97,60.28,57.37,55.95,53.99,53.18
01089,122.0,116.95,114.13,111.05,109.32,106.24,104.35
01091,140.9,130.61,131.77,130.53,129.6,129.2,129.52
01093,207.3,193.63,182.5,169.09,158.46,145.15,132.9
01095,221.2,201.1,191.6,181.44,173.54,164.54,156.04
01097,158.5,143.42,133.68,122.27,111.52,100.72,89.49
01099,143.8,133.84,135.41,134.77,134.58,135.03,136.28
01101,101.7,87.49,88.1,86.56,86.52,86.5,87.71
01103,142.7,137.52,135.26,132.4,131.92,128.52,126.65
01105,5.2,3.4,4.23,2.8,3.23,3.99,4.75
01107,124.7,100.31,82.39,61.71,42.54,22.03,2.02
01109,112.7,104.66,105.36,105.81,105.39,106.51,108.37
01111,126.3,112.74,108.81,104.76,101.59,98.5,95.32
01113,128.9,118.4,111.49,104.66,98.2,91.95,86.97
01115,112.9,107.17,113.56,118.39,124.7,129.98,135.92
01117,110.5,103.33,101.08,96.75,94.29,90.55,87.04
01119,45.7,40.57,40.32,37.28,35.78,33.39,31.2
01121,154.4,140.49,138.96,135.6,133.46,130.77,128.64
01123,109.8,102.86,107.46,112.58,117.68,123.79,129.93
01125,116.7,113.24,111.37,106.54,104.22,100.29,97.21
01127,291.1,251.97,235.99,217.31,201.89,183.57,166.17
01129,36.8,37.08,43.83,47.93,53.24,58.7,64.66
01131,62.1,62.68,66.16,67.47,69.4,72.47,75.82
01133,179.6,168.72,171.4,171.48,174.61,175.07,176.76
02013,0.0,0.02,-0.0,0.96,-0.44,1.26,2.43
02016,0.0,-0.01,0.0,-0.77,-0.51,1.01,1.68
02020,68.0,68.03,66.27,66.73,68.08,63.61,61.91
02050,0.0,0.02,-0.02,4.17,6.19,7.81,9.87
02060,0.0,-0.03,-0.0,0.32,1.05,0.16,-0.84
02063,0.0,-0.02,-0.02,0.2,2.8,0.78,0.78
02066,0.0,-0.01,0.01,-0.15,0.61,-1.13,-2.41
02068,0.0,-0.04,-0.01,1.98,2.39,1.88,2.13
02070,0.0,-0.01,0.0,1.25,1.88,1.46,1.46
02090,54.3,50.57,48.42,47.44,47.26,45.67,45.28
02100,0.0,-0.02,-0.01,1.3,1.54,3.37,4.48
02105,0.0,-0.14,-0.05,1.65,2.44,4.28,6.04
02110,87.6,81.46,79.82,79.67,78.7,79.18,78.48
02122,100.0,100.11,97.93,97.67,97.28,91.7,88.29
02130,100.6,101.86,91.67,82.74,72.96,62.42,53.0
02150,38.6,34.26,33.61,33.62,32.02,28.66,25.15
02158,0.0,-0.01,-0.01,2.88,4.15,4.9,5.37
02164,0.0,-0.01,-0.0,0.49,0.71,-1.07,-2.69
02170,86.2,79.15,76.45,75.45,75.9,71.22,68.5
02180,0.0,0.01,0.0,2.12,4.27,5.49,7.51
02185,0.0,0.0,0.01,0.31,-0.21,-0.52,-0.45
02188,0.0,-0.0,-0.01,0.69,2.64,5.51,7.81
02195,92.2,80.67,71.33,63.14,54.01,46.37,36.81
02198,59.0,63.73,56.43,49.48,43.05,37.1,30.96
02220,14.1,10.52,9.45,9.91,10.19,9.76,9.66
02230,0.0,-0.05,0.0,1.12,1.76,2.97,3.67
02240,0.0,-0.03,-0.0,0.02,1.98,2.12,2.68
02275,0.4,0.18,0.24,2.78,3.6,6.33,8.73
02282,0.0,0.01,-0.02,1.57,3.12,4.54,6.39
02290,0.0,-0.03,-0.01,2.3,3.49,3.53,4.24
04001,21.5,18.88,18.45,17.47,15.55,15.32,14.37
04003,82.7,83.39,79.11,73.07,70.13,67.6,60.53
04005,60.4,56.25,51.25,46.88,42.82,40.15,35.13
04007,124.3,116.4,110.0,104.23,98.99,95.43,88.89
04009,106.0,99.37,84.61,69.85,55.5,43.6,27.32
04011,1.3,0.33,-0.36,-0.87,-0.32,2.29,0.75
04012,89.7,82.65,78.28,76.32,74.06,74.3,70.69
04013,77.9,73.71,68.22,63.79,60.18,56.02,50.54
04015,142.2,133.97,127.53,123.25,118.41,114.04,106.06
04017,74.7,70.3,67.53,63.11,58.87,57.22,52.69
04019,84.2,79.45,74.02,69.72,66.48,65.01,60.91
04021,65.6,63.09,58.29,53.95,50.47,46.01,40.7
04023,27.4,24.85,29.09,33.57,39.49,46.26,50.46
04025,110.6,104.54,97.81,93.49,88.56,84.94,77.86
04027,57.6,57.87,56.6,56.5,55.94,56.73,55.35
05001,92.8,84.65,126.11,165.61,205.65,245.41,286.25
05003,126.5,120.36,116.04,110.86,105.46,99.03,93.24
05005,148.0,140.28,142.7,146.21,147.19,149.42,150.99
05007,95.1,93.18,88.24,83.43,77.45,71.81,65.78
05009,168.8,168.97,157.38,144.95,130.9,118.1,104.34
05011,149.6,130.8,117.84,102.67,88.86,73.0,57.87
05013,84.4,87.85,83.45,77.23,71.73,65.09,58.72
05015,78.2,72.13,87.85,102.98,116.82,131.68,144.97
05017,88.9,85.38,77.87,68.61,60.33,51.89,43.52
05019,116.9,100.55,102.0,103.03,102.7,102.24,101.96
05021,140.3,142.11,134.47,125.72,117.16,107.01,98.56
05023,118.7,111.71,115.22,119.07,121.55,124.29,128.3
05025,0.4,0.15,0.41,-1.18,-2.67,-4.31,-5.64
05027,133.0,117.65,110.71,104.58,98.87,90.06,82.45
05029,130.5,131.85,131.64,130.77,128.49,126.48,124.63
05031,166.0,163.78,158.59,152.66,147.0,139.04,133.29
05033,169.4,164.77,157.91,150.18,140.56,132.49,123.13
05035,107.0,106.44,108.9,110.09,112.16,112.32,114.64
05037,138.5,128.21,121.38,113.75,105.56,96.16,88.63
05039,112.6,106.79,101.79,94.67,87.65,79.71,72.47
05041,166.6,163.42,145.23,124.35,105.27,85.94,65.62
05043,117.8,116.14,129.47,141.34,154.18,165.51,177.02
05045,100.7,96.96,97.56,98.67,97.87,97.88,98.27
05047,28.0,29.01,22.47,14.95,5.48,-3.44,-12.89
05049,104.2,94.08,115.12,137.68,156.93,176.71,197.79
05051,194.9,182.47,177.0,170.87,163.36,156.31,147.89
05053,88.4,81.03,77.63,73.0,67.57,62.63,56.77
05055,185.6,174.9,177.25,178.22,180.14,179.95,181.57
05057,131.5,120.22,117.28,115.36,113.55,109.92,106.17
05059,114.1,104.05,104.98,104.73,103.61,103.12,101.54
05061,180.7,170.85,164.22,157.84,150.92,143.38,135.84
05063,178.7,165.06,160.33,156.17,149.08,142.79,137.39
05065,93.9,77.51,102.22,128.39,151.2,174.54,198.99
05067,160.1,148.23,150.06,151.18,150.86,150.33,151.77
05069,114.9,112.37,108.97,103.9,98.93,93.67,88.73
05071,147.7,136.78,127.96,118.5,107.03,96.35,85.52
05073,4.2,1.03,102.74,205.6,308.62,408.14,509.06
05075,48.2,40.01,37.46,35.29,32.38,28.51,25.88
05077,55.3,51.27,66.87,81.8,97.2,111.78,128.4
05079,81.1,81.55,68.96,53.96,39.69,24.92,10.48
05081,164.3,162.74,163.14,164.24,164.25,162.99,161.62
05083,40.6,39.71,40.04,41.88,41.35,41.63,41.41
05085,111.4,109.8,101.95,94.69,86.58,77.6,69.84
05087,83.5,79.7,79.49,78.17,75.78,73.91,71.54
05089,95.6,85.68,83.16,80.8,76.67,73.57,69.85
05091,138.1,129.62,113.11,97.64,82.36,64.35,46.16
05093,144.8,137.29,138.76,139.56,140.81,139.99,140.1
05095,109.2,102.65,94.01,83.85,74.07,63.61,54.81
05097,108.1,107.91,95.95,84.07,70.52,57.3,43.47
05099,0.0,-0.74,0.79,2.86,4.2,4.32,4.84
05101,2.8,1.55,0.45,-1.42,-4.48,-7.54,-10.08
05103,139.8,142.04,142.95,142.93,142.83,141.78,141.63
05105,94.9,51.63,51.15,49.41,46.14,43.41,40.62
05107,173.6,162.22,161.32,158.89,157.3,154.94,154.75
05109,10.6,4.52,90.38,176.92,261.95,346.93,431.47
05111,105.5,98.54,118.89,138.26,157.56,174.99,194.27
05113,133.2,123.51,117.63,113.44,108.14,102.7,96.63
05115,138.2,133.87,132.48,130.07,125.35,121.58,118.4
05117,91.3,88.14,82.49,76.18,69.06,62.45,56.41
05119,117.5,111.37,105.53,100.08,92.76,85.82,79.22
05121,116.2,113.69,113.62,113.76,112.26,109.88,108.78
05123,96.4,92.22,94.86,97.29,100.23,101.59,104.26
05125,106.9,96.63,97.05,96.53,94.22,92.79,91.25
05127,154.2,155.25,126.2,97.85,67.6,37.91,7.45
05129,99.7,86.52,82.61,79.34,74.01,69.11,64.48
05131,186.1,175.46,168.51,161.34,152.29,144.43,135.97
05133,82.9,65.6,65.64,65.58,65.61,64.82,62.96
05135,136.4,145.46,139.83,135.48,127.98,121.2,115.06
05137,169.7,159.38,153.7,148.75,141.15,134.1,128.17
05139,141.9,136.54,131.75,126.05,120.28,113.66,107.14
05141,114.4,108.95,103.44,97.85,90.8,84.16,77.79
05143,104.4,101.83,98.57,94.35,89.76,85.07,79.98
05145,138.1,125.56,123.42,120.86,117.55,114.1,111.68
05147,32.0,5.83,3.65,1.13,-2.49,-6.91,-9.91
05149,72.3,68.69,66.69,63.95,58.47,54.73,50.98
06001,38.0,33.6,31.01,27.86,27.17,23.44,17.58
06003,0.0,-0.35,-0.2,0.96,2.64,4.2,2.49
06005,136.6,115.78,112.17,108.44,105.53,100.25,93.03
06007,143.9,136.87,126.24,117.58,108.5,98.35,86.07
06009,98.6,91.4,83.58,75.19,68.13,58.61,47.64
06011,44.9,40.91,44.72,49.18,54.49,57.86,60.16
06013,51.8,45.87,41.0,34.83,31.22,24.18,14.98
06015,168.6,147.22,133.94,120.04,108.17,93.42,80.28
06017,75.6,68.47,63.79,60.62,56.85,51.71,45.2
06019,66.1,59.57,57.78,54.53,53.98,50.55,46.26
06021,68.9,66.3,83.48,101.34,119.84,138.0,153.43
06023,113.6,100.72,92.12,84.04,76.73,68.71,61.32
06025,59.5,53.8,52.36,53.0,53.55,55.15,54.09
06027,63.6,60.71,61.25,62.91,63.92,64.55,64.03
06029,64.4,62.27,60.26,58.66,58.61,56.2,53.29
06031,78.5,67.82,64.74,61.63,60.28,57.19,52.54
06033,167.6,138.12,117.25,96.41,76.62,55.26,33.45
06035,104.2,93.26,81.91,73.06,65.07,54.64,42.65
06037,39.8,35.34,33.39,30.44,28.65,26.79,22.47
06039,58.4,52.72,49.76,45.62,43.77,39.67,33.87
06041,44.1,39.42,36.64,32.48,30.32,25.58,19.47
06043,67.8,69.36,67.44,64.94,63.62,61.55,55.5
06045,127.2,117.92,105.17,92.54,80.41,67.91,53.56
06047,74.0,68.39,65.21,61.29,59.07,55.32,48.41
06049,111.5,100.26,96.15,94.59,94.37,91.72,88.38
06051,53.0,53.86,54.26,54.24,54.65,54.28,52.84
06053,60.3,55.57,50.51,45.4,42.24,38.23,32.46
06055,50.9,46.22,40.55,34.39,30.08,22.69,13.08
06057,97.4,86.28,82.8,82.26,81.36,79.04,75.16
06059,47.6,43.92,42.08,40.06,38.7,37.84,33.66
06061,72.9,66.47,62.8,61.12,59.4,55.99,50.06
06063,109.7,90.64,85.24,83.51,81.12,76.67,71.67
06065,56.9,52.37,49.43,46.66,43.48,41.52,36.51
06067,60.1,53.69,50.36,48.25,45.44,40.72,33.67
06069,54.0,50.27,43.84,37.02,31.55,24.52,15.99
06071,58.7,54.8,52.2,48.84,46.72,45.4,41.38
06073,46.7,42.72,39.23,38.11,35.96,34.99,30.44
06075,38.6,35.3,32.22,28.71,26.77,23.17,17.6
06077,69.4,59.19,54.5,49.01,45.17,39.08,29.83
06079,86.0,77.35,71.66,66.36,63.08,58.19,51.11
06081,36.1,33.15,31.41,29.37,29.15,26.75,21.77
06083,62.4,57.61,54.67,51.02,49.51,48.43,43.63
06085,28.9,25.88,24.08,21.21,20.58,17.67,12.39
06087,70.3,62.58,57.11,51.45,47.35,40.98,33.31
06089,151.7,132.89,118.25,101.23,86.14,70.29,52.18
06091,35.1,28.46,21.35,18.0,13.49,7.9,1.41
06093,114.7,123.27,117.01,110.71,106.06,100.92,94.62
06095,52.9,46.77,42.91,38.69,35.96,30.69,22.8
06097,65.5,57.8,52.28,45.75,41.13,34.7,26.61
06099,103.9,91.09,85.11,78.95,74.44,68.1,58.52
06101,111.5,108.67,102.9,98.94,95.13,89.8,82.52
06103,119.4,104.11,95.15,85.5,77.12,68.15,56.84
06105,119.6,110.11,98.55,85.48,74.09,61.66,47.98
06107,78.8,68.93,65.2,61.17,58.75,53.74,48.85
06109,142.8,127.05,114.99,103.07,92.72,80.04,66.09
06111,60.2,56.68,54.03,50.47,48.13,47.04,42.31
06113,51.8,47.45,46.5,46.14,46.43,43.89,38.78
06115,96.2,92.02,83.62,76.93,70.44,61.89,51.58
08001,60.6,56.44,52.45,47.04,40.18,34.24,28.39
08003,175.8,166.21,153.19,140.91,128.22,115.47,101.29
08005,66.7,63.57,58.36,50.69,42.36,34.97,26.69
08007,75.6,77.44,72.38,65.3,59.38,55.36,50.35
08009,95.0,81.32,86.2,92.38,97.81,103.57,110.16
08011,59.1,64.7,59.51,52.96,45.95,40.66,34.19
08013,53.6,51.07,47.75,42.82,36.94,31.13,25.87
08014,61.5,55.73,52.78,48.03,42.63,37.41,32.8
08015,102.2,97.83,94.43,90.19,85.8,83.37,79.44
08017,74.0,73.11,67.93,61.39,54.51,47.42,41.08
08019,38.1,36.08,34.77,31.26,26.87,23.54,20.37
08021,2.2,1.08,0.66,0.99,0.95,1.74,1.06
08023,0.0,-0.42,-0.27,1.06,0.94,1.89,0.76
08025,32.4,31.95,29.64,26.09,22.5,18.94,14.76
08027,0.0,-0.27,-0.21,-0.42,-0.48,0.23,-0.83
08029,96.5,90.51,83.57,74.07,64.24,57.19,50.49
08031,48.2,44.29,39.4,32.32,24.48,17.14,9.46
08033,0.0,-0.22,-0.37,-1.29,-1.86,-2.23,-1.96
08035,55.9,54.74,50.51,43.48,36.32,29.72,22.37
08037,53.0,48.38,46.14,41.99,36.99,34.65,30.11
08039,36.6,35.04,34.97,31.95,29.46,27.54,25.15
08041,75.1,72.42,67.48,61.23,54.61,47.9,41.05
08043,80.0,76.43,72.7,67.37,62.07,57.39,52.61
08045,92.9,86.26,78.64,69.4,59.91,52.53,44.53
08047,0.0,-0.26,-0.3,-2.02,-4.97,-7.32,-9.61
08049,50.3,47.37,43.37,37.26,31.09,25.25,20.13
08051,59.4,54.46,51.58,47.18,42.21,39.84,36.87
08053,0.0,-0.13,-0.1,-2.87,-4.88,-5.9,-6.47
08055,87.8,77.83,80.26,81.67,82.31,84.66,84.65
08057,0.0,-0.19,-0.26,-2.98,-4.91,-5.5,-6.38
08059,81.4,76.52,70.66,63.28,54.8,46.78,38.87
08061,148.3,132.47,113.54,93.88,73.05,52.92,33.02
08063,26.7,41.75,41.09,38.98,37.27,35.14,32.67
08065,68.6,54.01,49.79,43.87,36.81,31.87,25.09
08067,69.0,63.88,58.11,50.59,44.96,39.48,34.19
08069,78.5,70.2,62.41,53.9,44.39,35.58,27.66
08071,150.0,135.84,126.35,116.18,104.62,94.46,83.53
08073,1.3,1.19,27.9,52.67,78.8,104.75,130.7
08075,102.6,90.95,81.53,70.11,59.33,48.41,36.6
08077,87.9,86.01,78.56,70.04,60.97,53.02,46.31
08079,0.0,0.04,-0.2,-1.12,-1.92,-1.84,-1.98
08081,129.5,110.39,107.89,104.35,99.56,96.35,92.97
08083,105.2,99.74,91.13,81.94,74.59,67.02,58.53
08085,93.8,88.9,80.86,69.71,58.87,49.53,40.0
08087,97.1,75.18,65.8,55.22,43.54,32.88,21.31
08089,117.6,111.81,107.76,101.71,95.48,90.93,85.2
08091,45.4,40.26,34.5,26.38,17.76,11.36,4.37
08093,5.3,-0.04,-0.32,-3.03,-5.37,-6.99,-9.42
08095,43.6,33.55,1.71,-32.21,-64.33,-96.45,-130.29
08097,34.6,28.37,26.03,21.16,15.88,12.77,8.93
08099,94.5,88.36,79.38,69.76,58.99,49.85,39.69
08101,125.0,116.74,108.24,99.15,89.04,79.68,70.47
08103,30.2,28.85,25.93,22.21,17.15,15.67,13.13
08105,93.3,91.58,80.34,68.56,56.84,45.8,34.17
08107,76.9,69.31,62.25,52.17,42.45,34.96,26.06
08109,0.0,-0.19,-0.39,-0.33,-1.23,-0.82,-2.13
08111,0.0,-0.05,-0.21,-3.46,-6.18,-7.3,-8.77
08113,39.3,41.25,36.03,27.92,19.38,12.96,6.4
08115,3.5,3.17,0.7,-3.36,-6.01,-9.45,-15.0
08117,73.1,66.11,60.14,51.8,43.31,36.45,28.7
08119,121.5,115.73,107.96,97.78,88.08,78.54,69.1
08121,0.0,-0.48,-0.3,-2.54,-5.0,-7.4,-9.55
08123,69.8,62.87,57.91,51.63,44.51,38.19,32.51
08125,80.6,77.82,71.04,62.4,54.99,47.12,39.3
09001,50.7,48.26,43.51,38.26,33.69,28.94,24.71
09003,66.5,62.73,55.96,49.7,43.07,36.97,30.9
09005,71.1,66.94,60.66,54.1,46.85,40.33,34.65
09007,73.5,70.43,63.31,56.1,49.02,42.52,35.74
09009,75.4,70.73,63.21,56.38,48.87,41.54,35.3
09011,79.6,74.93,66.64,57.99,49.01,40.23,31.15
09013,54.5,52.09,48.04,45.77,41.59,38.16,34.56
09015,82.4,78.0,71.65,66.44,59.82,53.6,46.14
10001,94.4,84.67,76.1,69.58,60.46,50.81,44.23
10003,81.2,78.18,74.52,71.31,65.09,59.66,57.07
10005,113.8,100.48,93.16,87.86,79.98,72.98,66.89
11001,40.1,35.79,32.7,29.12,23.7,16.76,14.18
12001,71.6,68.98,68.97,69.73,71.09,69.87,70.28
12003,142.0,118.16,112.53,106.79,101.93,95.52,89.68
12005,128.4,121.24,120.34,121.38,120.19,120.83,122.72
12007,100.8,92.77,93.35,94.63,96.21,96.11,97.06
12009,97.0,93.02,92.1,90.92,91.83,92.08,94.1
12011,54.7,52.01,51.28,50.65,49.26,47.47,46.77
12013,79.7,74.73,71.11,67.89,64.25,62.33,60.58
12015,82.0,77.78,79.72,82.9,86.41,89.66,93.28
12017,107.2,104.15,104.92,105.95,108.98,109.67,112.38
12019,94.0,88.2,87.31,86.91,86.36,84.37,83.73
12021,62.0,58.45,58.27,57.36,57.46,56.37,56.09
12023,125.4,119.47,118.56,116.28,115.46,113.43,111.67
12027,58.0,54.53,57.2,60.86,65.73,68.83,73.63
12029,41.3,47.3,45.47,43.17,42.47,40.29,38.95
12031,95.1,88.51,88.55,89.18,89.31,88.31,88.79
12033,126.2,116.39,112.97,107.69,103.85,100.48,97.46
12035,80.9,77.43,80.13,83.73,87.64,90.09,94.73
12037,109.5,94.39,79.93,66.07,50.96,37.94,25.64
12039,63.0,58.35,58.78,58.27,59.41,61.47,63.84
12041,45.5,46.54,43.77,41.56,40.26,36.81,34.92
12043,7.6,4.75,4.96,4.25,4.34,3.55,3.77
12045,128.0,135.57,105.24,75.17,43.94,15.13,-13.11
12047,44.2,37.35,36.54,34.33,33.87,32.43,31.77
12049,45.9,42.16,39.03,36.4,35.13,32.6,32.09
12051,75.1,69.13,70.75,72.28,74.82,75.8,77.65
12053,106.3,108.8,109.94,110.95,113.93,115.83,120.02
12055,79.6,79.25,79.91,81.4,83.96,84.98,88.39
12057,72.9,67.08,65.72,63.3,63.63,62.63,64.3
12059,108.8,86.32,82.94,79.02,75.7,73.04,71.73
12061,100.0,96.62,96.54,96.55,96.61,95.7,96.54
12063,121.0,107.0,108.67,110.7,112.98,117.22,120.73
12065,57.1,51.67,51.98,50.74,50.84,50.32,50.53
12067,65.0,60.35,57.52,53.46,51.36,47.28,44.66
12069,87.1,82.58,82.38,81.92,83.09,83.92,86.05
12071,68.8,65.4,66.29,67.9,70.01,71.39,73.66
12073,71.9,68.56,71.33,74.17,77.98,81.08,85.68
12075,118.9,103.9,102.82,102.25,102.97,101.06,101.24
12077,44.9,40.08,40.33,40.61,41.24,42.96,44.71
12079,82.6,80.26,81.19,80.3,81.6,81.42,82.74
12081,82.3,77.31,76.18,75.25,76.2,76.28,77.66
12083,89.6,89.47,90.64,93.45,97.42,99.65,102.97
12085,75.8,73.94,74.58,75.63,76.18,75.01,76.88
12086,34.4,31.97,30.57,28.16,26.17,23.4,21.1
12087,83.1,79.82,79.87,80.88,83.41,84.09,85.25
12089,118.8,111.4,110.53,109.57,108.69,107.33,106.4
12091,92.1,87.03,85.41,83.99,81.53,80.77,80.6
12093,122.1,116.08,102.34,88.37,75.48,60.74,48.24
12095,50.8,45.98,45.27,45.16,45.95,46.67,49.22
12097,60.1,56.29,53.21,50.01,48.91,47.52,47.9
12099,63.3,59.89,59.3,59.62,58.82,56.5,57.07
12101,90.7,85.29,86.53,86.5,89.36,90.39,94.19
12103,88.9,83.56,82.39,79.77,80.86,80.18,82.18
12105,74.7,69.77,72.63,75.01,79.46,82.86,88.02
12107,126.7,114.19,110.36,106.97,104.49,99.67,96.37
12109,66.8,64.09,64.93,66.46,67.79,67.52,69.42
12111,72.9,68.14,65.61,63.54,60.53,56.53,55.6
12113,111.7,99.47,97.36,94.18,90.94,88.82,86.44
12115,85.1,80.3,79.08,79.04,79.45,79.71,80.22
12117,59.3,53.55,55.68,58.01,61.66,65.18,70.16
12119,71.8,72.7,72.62,72.98,76.28,77.6,79.97
12121,92.9,88.79,85.8,81.64,79.62,75.5,72.22
12123,121.8,112.63,113.61,113.54,114.96,115.01,116.74
12125,67.7,61.04,55.09,49.93,44.47,37.3,30.77
12127,86.9,81.15,81.85,83.41,86.48,87.85,91.63
12129,89.6,84.56,83.74,83.12,83.05,83.07,83.82
12131,97.9,84.29,88.4,92.38,96.16,101.03,106.94
12133,184.1,144.07,126.16,108.57,90.51,73.83,57.63
13001,129.7,129.34,123.79,118.22,113.5,108.15,101.88
13003,71.3,77.27,69.83,60.52,52.93,44.8,35.98
13005,145.7,150.76,156.73,161.18,167.05,172.43,176.99
13007,0.0,-0.4,-0.33,-1.95,-1.94,-0.68,-0.44
13009,113.0,103.51,98.74,92.16,86.56,80.36,73.82
13011,51.1,47.34,42.6,37.93,34.58,29.45,24.59
13013,92.3,87.85,85.09,80.79,78.67,75.39,71.78
13015,112.1,104.66,102.93,99.85,99.31,97.26,95.17
13017,199.0,205.93,199.72,192.39,186.52,180.21,172.91
13019,61.8,57.6,57.76,55.97,55.49,55.43,54.49
13021,145.4,139.25,131.68,122.31,114.17,106.0,97.45
13023,147.0,143.63,132.32,120.34,108.89,97.79,86.14
13025,71.4,65.34,55.85,45.39,37.09,28.36,18.91
13027,73.6,86.39,90.82,93.27,96.97,100.08,104.12
13029,93.7,88.97,90.21,91.29,93.52,94.93,94.13
13031,93.9,95.76,85.72,75.43,65.39,55.73,44.12
13033,93.0,88.11,84.24,79.98,76.29,73.79,69.06
13035,103.5,104.36,100.45,94.11,89.31,84.39,79.03
13037,2.0,0.27,1.47,1.71,3.0,5.59,7.85
13039,82.2,74.43,73.93,73.36,73.73,73.2,73.17
13043,151.1,159.59,168.34,176.86,185.93,195.42,202.82
13045,126.1,119.95,116.49,112.18,109.32,105.99,101.94
13047,148.9,126.49,116.97,106.75,99.02,89.65,80.01
13049,101.1,99.51,103.55,107.26,112.86,116.86,120.75
13051,91.7,87.83,85.14,82.01,80.45,77.47,72.51
13053,0.0,-0.67,-0.27,-0.29,0.83,1.06,2.23
13055,150.2,132.76,131.27,129.98,130.67,129.79,129.11
13057,71.3,67.81,69.59,70.29,72.89,74.56,75.44
13059,104.7,98.7,97.03,94.66,93.66,91.36,88.65
13061,67.7,55.8,48.9,41.74,34.18,29.01,23.05
13063,51.6,48.0,44.87,40.31,37.86,34.03,29.58
13065,144.8,153.02,152.35,149.92,149.24,148.09,145.92
13067,65.0,61.44,61.32,60.03,60.47,59.8,58.54
13069,173.1,167.56,172.88,175.69,180.59,185.04,188.7
13071,87.7,86.32,85.8,84.57,84.12,83.8,83.31
13073,88.6,84.65,81.15,77.06,72.61,69.8,65.61
13075,110.4,104.83,106.24,106.6,107.82,109.19,109.96
13077,80.3,80.9,81.39,81.25,82.81,83.36,83.74
13079,0.6,0.38,1.74,2.18,3.77,5.14,6.27
13081,180.4,178.83,174.62,169.95,165.82,161.8,158.17
13083,112.0,85.43,76.05,66.57,59.24,50.14,41.33
13085,162.6,150.41,137.23,123.44,111.56,97.41,82.61
13087,134.2,125.44,122.45,118.32,116.01,114.74,113.27
13089,48.6,45.94,45.17,42.53,41.64,40.24,38.22
13091,107.2,97.42,93.1,86.46,82.07,77.23,71.51
13093,0.5,0.4,0.14,-0.99,-1.09,-1.33,-1.71
13095,129.6,125.99,119.9,112.49,106.29,100.89,95.71
13097,101.7,97.15,94.65,90.8,88.94,85.98,82.47
13099,126.0,119.4,118.19,116.82,115.32,116.31,117.0
13101,0.0,-0.3,0.75,-0.18,1.42,1.84,2.41
13103,86.5,86.41,80.13,74.31,69.49,64.3,57.74
13105,152.1,144.51,146.17,147.46,150.02,152.76,154.47
13107,107.8,110.09,113.38,115.71,118.54,121.45,122.38
13109,145.3,135.66,123.09,110.74,98.95,87.27,73.41
13111,160.8,162.33,154.88,146.95,140.45,131.54,123.89
13113,87.8,87.89,91.17,92.69,96.18,98.54,100.27
13115,163.8,159.13,153.42,148.12,144.69,139.61,134.58
13117,57.6,52.81,50.93,48.49,47.96,45.91,43.44
13119,141.9,128.19,123.0,117.13,112.73,106.98,100.8
13121,52.3,49.17,49.14,47.31,47.08,46.69,45.64
13123,145.4,139.42,135.11,129.52,126.0,119.81,114.86
13125,0.0,-0.18,-0.46,-1.84,-3.73,-4.83,-7.52
13127,105.5,103.76,104.36,105.8,107.69,109.11,109.36
13129,130.5,120.16,117.75,114.57,114.61,113.12,111.39
13131,74.2,74.34,78.39,81.66,86.99,92.34,97.64
13133,140.6,130.13,140.66,150.41,161.2,171.27,180.79
13135,49.4,47.11,47.17,46.38,47.37,47.9,47.6
13137,118.3,108.44,102.46,96.41,92.1,85.35,78.6
13139,98.9,96.57,94.67,91.5,90.38,87.61,84.13
13141,53.8,54.41,53.68,51.55,49.29,47.65,44.99
13143,203.6,204.16,194.21,183.82,175.01,165.19,155.42
13145,8.4,8.17,7.8,7.08,7.06,7.45,8.07
13147,109.0,104.17,103.18,101.72,101.48,100.79,99.2
13149,1.2,0.0,0.28,0.62,2.29,3.63,4.6
13151,85.8,82.09,78.69,72.85,69.19,64.2,58.59
13153,104.9,99.5,94.08,87.24,82.06,76.68,71.21
13155,82.2,63.91,57.6,49.49,43.12,36.37,28.61
13157,119.2,109.88,115.47,119.99,126.27,131.34,135.74
13159,64.9,60.89,58.76,53.78,50.69,46.96,42.57
13161,110.8,104.27,92.88,80.16,68.36,56.45,43.29
13163,128.0,128.67,125.0,120.67,115.97,112.01,106.2
13165,38.0,38.05,31.95,25.05,18.6,13.59,6.4
13167,45.3,42.33,34.31,25.76,17.36,9.0,-1.26
13169,55.5,53.55,53.39,50.87,50.15,49.34,47.22
13171,77.9,72.18,75.01,76.36,80.26,83.15,84.85
13173,3.3,15.04,73.35,129.69,187.3,245.38,302.73
13175,144.7,132.71,123.38,112.48,102.84,93.0,82.71
13177,53.4,54.67,52.29,49.33,46.93,45.68,44.59
13179,60.0,57.99,55.33,52.31,50.56,47.11,42.26
13181,6.8,2.79,24.12,44.78,66.0,87.23,107.18
13183,0.3,-0.03,-0.44,-0.56,0.24,-0.02,-1.66
13185,103.8,93.22,94.51,94.77,96.32,96.87,97.74
13187,84.7,79.06,81.99,85.11,89.4,91.36,93.4
13189,178.6,172.6,164.26,155.08,145.47,137.41,127.32
13191,74.7,71.71,74.91,78.16,82.69,86.2,88.44
13193,71.7,74.7,68.91,61.67,55.49,49.53,44.02
13195,128.0,116.32,104.8,92.8,82.13,70.25,58.16
13197,20.9,20.92,19.7,18.04,17.5,17.31,16.9
13199,77.9,76.66,82.21,86.73,93.51,99.94,106.24
13201,128.1,116.07,109.0,100.78,93.35,87.8,81.67
13205,108.8,106.93,100.95,93.95,88.59,83.8,78.63
13207,69.7,66.09,67.51,66.99,68.44,69.42,69.54
13209,37.3,27.78,35.43,42.62,50.09,57.5,64.17
13211,86.9,83.49,79.92,74.47,70.88,65.78,60.59
13213,113.9,101.31,97.82,92.7,90.4,85.97,82.3
13215,99.6,89.49,90.19,91.38,92.76,94.09,96.23
13217,88.8,81.9,81.64,79.4,79.05,77.74,75.5
13219,61.5,63.27,62.98,62.55,63.36,62.73,61.25
13221,48.4,42.24,40.09,37.02,35.8,33.46,31.27
13223,63.0,59.97,58.46,56.0,55.65,53.99,51.39
13225,87.9,82.92,87.81,91.4,96.6,101.7,106.49
13227,132.9,127.4,122.05,116.37,112.29,106.31,100.86
13229,65.8,70.72,65.62,59.54,55.06,50.88,44.8
13231,19.3,13.95,12.55,9.95,9.4,7.85,6.18
13233,191.7,172.41,166.64,160.22,155.76,150.62,144.94
13235,99.9,96.49,88.95,79.79,72.53,64.45,56.65
13237,76.3,72.56,68.43,61.86,56.46,50.92,44.01
13239,0.0,-1.09,-0.67,-0.67,-0.84,0.91,2.73
13241,157.6,146.97,134.5,122.62,111.58,98.16,85.53
13243,180.0,156.89,140.19,123.2,106.03,91.63,75.63
13245,102.0,93.49,87.12,80.07,73.46,68.2,61.19
13247,79.6,79.71,79.11,76.82,77.11,75.63,73.72
13249,1.3,19.52,5.36,-9.72,-24.24,-38.9,-53.07
13251,43.6,43.63,56.64,68.96,81.44,94.64,105.92
13253,206.3,195.7,179.98,163.86,148.89,134.62,120.46
13255,147.8,144.09,137.49,128.81,122.36,115.15,106.84
13257,179.7,167.91,163.35,158.48,154.8,149.58,144.23
13259,64.0,61.43,62.13,62.83,63.6,65.43,66.33
13261,112.3,102.75,104.98,106.93,108.81,111.43,114.09
13263,0.0,-0.3,0.53,0.3,1.92,3.0,4.02
13265,0.0,-0.6,-0.06,-0.76,-1.11,-0.89,-1.6
13267,54.8,55.71,53.49,51.73,50.62,48.91,45.65
13269,44.9,42.54,70.04,96.75,125.41,153.24,181.07
13271,59.5,50.89,57.16,62.0,68.28,74.62,79.02
13273,41.1,48.3,50.85,52.91,55.87,60.03,63.46
13275,103.6,101.11,107.03,112.04,118.17,124.06,130.14
13277,146.2,144.77,148.3,150.5,153.9,157.96,160.59
13279,186.4,158.93,154.06,149.42,144.86,140.16,134.64
13281,120.4,117.49,110.14,102.07,96.42,86.79,78.11
13283,39.6,61.7,75.1,88.07,100.95,113.73,124.91
13285,113.2,102.01,99.06,95.74,94.33,92.59,91.05
13287,85.5,93.21,84.86,75.34,67.13,59.1,50.73
13289,1.6,0.48,0.74,-0.43,-0.17,-0.23,-0.95
13291,163.9,146.07,130.17,114.07,99.83,82.34,65.58
13293,148.5,138.35,138.94,138.31,139.52,140.86,141.15
13295,54.5,53.34,53.69,53.57,56.71,57.67,58.43
13297,113.4,114.44,111.22,106.73,104.55,100.69,96.84
13299,211.6,206.85,219.65,230.48,243.65,255.95,266.81
13301,1.3,0.79,-0.0,-2.39,-4.48,-5.83,-8.93
13303,112.1,104.02,95.98,87.0,77.55,68.66,58.33
13305,148.0,151.69,144.35,137.11,131.34,124.87,117.07
13307,7.8,47.25,58.37,70.34,81.92,94.69,106.57
13309,41.7,43.22,34.58,24.4,14.67,5.52,-5.41
13311,95.6,91.86,99.46,106.94,116.35,123.04,129.74
13313,102.6,96.1,93.2,88.94,87.85,84.86,82.3
13315,3.5,2.25,2.93,1.46,2.64,3.3,3.02
13317,157.0,148.87,139.56,129.21,119.52,110.78,100.84
13319,92.6,89.75,91.42,91.06,92.35,92.71,92.29
13321,97.7,96.44,95.07,93.09,91.43,90.37,89.44
15001,82.2,72.24,66.47,60.42,53.05,50.16,44.24
15003,38.0,35.6,33.64,30.33,27.21,27.71,23.99
15005,0.0,-0.03,-0.07,-0.04,-0.23,1.52,1.9
15007,66.1,57.78,55.12,50.97,47.42,46.12,41.02
15009,57.8,58.32,56.81,55.12,52.41,52.12,50.66
16001,81.5,76.03,72.21,66.94,65.66,62.87,58.21
16003,0.0,-0.5,-0.62,-0.74,1.69,3.04,3.41
16005,111.3,106.75,101.56,96.43,91.73,87.64,82.63
16007,112.9,111.15,112.94,113.59,115.68,118.12,121.2
16009,99.8,98.53,90.31,83.14,74.48,65.55,58.2
16011,77.4,72.65,66.86,60.28,53.87,49.0,42.38
16013,40.1,40.33,45.75,48.35,54.47,59.15,63.88
16015,0.0,-0.29,-0.05,-1.32,1.54,3.52,2.95
16017,84.9,72.94,65.05,58.06,49.73,40.43,32.92
16019,100.8,97.82,92.49,86.76,81.01,75.79,69.68
16021,126.1,110.88,100.05,91.27,80.82,69.56,60.94
16023,82.8,104.33,99.5,93.32,88.3,83.65,77.13
16025,0.0,-0.02,0.36,-1.78,-0.9,-0.91,-0.78
16027,85.3,78.87,76.05,72.63,73.71,73.1,70.66
16029,116.0,110.61,107.07,103.64,100.98,98.11,96.12
16031,124.2,111.87,103.23,92.8,85.98,80.02,72.42
16033,0.0,0.07,-0.04,0.35,-0.34,-0.56,-1.78
16035,93.1,51.6,59.58,70.08,79.74,89.15,97.39
16037,39.6,21.7,24.3,25.29,28.47,30.88,32.99
16039,71.3,71.25,69.3,66.14,66.44,64.95,62.88
16041,87.8,85.87,76.18,65.45,55.28,46.27,38.06
16043,46.9,45.1,43.29,41.47,38.43,36.69,33.98
16045,113.1,105.55,108.53,110.8,116.64,121.24,123.61
16047,43.4,43.05,58.71,71.99,88.38,104.8,120.87
16049,68.2,67.11,53.02,40.22,28.28,15.19,1.74
16051,39.4,37.81,37.11,36.44,34.97,33.99,32.35
16053,75.8,77.17,71.43,64.24,60.19,56.48,52.68
16055,107.0,101.24,95.0,90.02,83.15,75.83,69.87
16057,69.2,64.04,61.36,60.54,58.51,55.33,52.97
16059,89.4,117.82,99.6,79.89,60.53,42.92,24.15
16061,198.1,136.17,18.42,-97.1,-213.12,-329.3,-446.51
16063,0.0,0.1,0.11,-1.17,0.44,2.04,3.88
16065,59.4,55.14,51.99,48.68,44.94,41.59,37.45
16067,36.2,33.02,29.83,25.49,24.22,23.59,21.52
16069,130.6,123.71,126.41,132.28,136.48,139.4,143.37
16071,121.0,106.78,103.58,99.51,96.0,94.07,92.39
16073,21.0,22.19,12.4,2.42,-4.44,-12.71,-22.44
16075,43.6,44.19,46.89,48.48,53.45,57.38,59.3
16077,83.3,77.02,71.64,65.21,60.74,56.36,51.42
16079,132.3,114.95,106.82,100.45,91.87,83.49,75.52
16081,73.4,63.14,57.61,52.77,46.68,41.58,36.11
16083,116.0,107.88,100.25,91.32,84.97,79.21,72.87
16085,110.9,106.13,96.46,86.62,79.77,71.81,62.02
16087,141.1,118.47,113.69,107.68,104.69,100.73,96.64
17001,151.1,142.34,134.19,128.25,123.03,118.29,112.72
17003,48.7,47.22,9.48,-25.79,-61.22,-98.5,-135.43
17005,69.0,61.21,55.79,52.6,49.2,45.05,41.7
17007,55.3,53.22,50.57,50.21,49.88,48.71,48.35
17009,5.6,1.84,2.22,5.73,9.64,12.98,16.43
17011,32.5,32.61,31.0,31.57,30.03,29.87,30.86
17013,5.6,2.28,2.11,4.05,6.76,8.91,10.78
17015,24.7,29.24,35.3,43.12,50.95,59.0,67.77
17017,34.5,29.78,25.02,22.6,20.24,17.61,15.3
17019,72.0,70.3,66.2,63.34,59.37,56.29,53.9
17021,101.8,95.97,87.26,81.75,75.71,69.02,61.99
17023,52.9,30.97,26.37,23.94,21.29,18.12,14.1
17025,91.7,80.98,76.05,72.66,69.42,66.1,61.4
17027,39.4,37.24,34.36,34.21,33.42,32.01,30.81
17029,115.7,109.53,100.8,94.45,88.56,81.56,73.58
17031,45.2,42.89,41.24,41.55,41.93,42.28,44.09
17033,40.3,34.3,31.7,30.95,29.54,28.5,26.04
17035,2.6,1.08,0.31,1.06,2.56,2.57,1.67
17037,61.1,57.29,57.51,60.13,61.74,63.21,64.79
17039,93.8,86.45,84.98,86.44,86.07,86.95,87.9
17041,19.5,17.4,30.65,45.9,61.29,76.51,90.9
17043,51.3,48.46,46.72,46.44,45.66,45.79,46.37
17045,147.4,120.31,106.44,94.64,82.69,70.97,59.03
17047,99.6,97.81,95.93,95.45,94.17,93.24,91.29
17049,93.3,72.06,71.1,72.24,73.62,73.83,73.84
17051,75.8,66.27,61.56,58.86,55.68,52.12,48.46
17053,6.1,5.34,3.45,3.85,3.35,3.86,4.45
17055,137.2,126.65,136.65,148.38,159.94,171.58,183.41
17057,81.4,77.45,69.39,63.92,57.75,51.45,46.5
17059,0.0,-0.78,-0.32,1.62,2.91,4.87,5.68
17061,6.9,4.32,2.91,3.35,4.27,4.76,4.71
17063,85.5,82.73,90.85,101.16,109.68,118.95,129.02
17065,28.9,4.61,2.91,2.85,2.68,2.66,2.5
17067,36.8,32.21,26.99,24.82,22.71,20.56,18.02
17069,223.3,240.74,239.38,239.52,240.1,240.44,239.75
17071,4.2,1.86,-0.14,1.5,2.21,3.38,5.56
17073,68.6,64.42,61.58,61.72,60.02,60.01,60.51
17075,69.1,65.66,58.09,51.89,45.02,39.47,33.56
17077,112.0,105.98,103.78,102.96,102.66,101.17,99.81
17079,46.1,41.42,41.96,43.94,46.12,47.8,48.24
17081,128.1,116.93,113.55,111.77,110.03,107.65,105.23
17083,109.2,107.77,116.97,128.0,140.19,150.58,161.53
17085,47.7,42.06,38.37,35.99,33.81,31.67,30.06
17087,32.6,31.45,30.05,30.9,30.77,30.03,29.03
17089,46.0,42.76,41.46,42.13,42.01,42.51,43.52
17091,86.0,81.43,81.75,83.19,84.94,86.36,87.88
17093,59.5,55.46,52.46,52.2,50.48,49.19,48.47
17095,115.8,111.99,107.25,105.88,103.05,100.64,99.6
17097,57.5,54.4,52.02,51.61,50.04,49.46,49.35
17099,91.9,88.68,84.98,83.31,80.13,77.76,76.03
17101,103.9,93.32,86.98,81.95,76.01,71.06,64.86
17103,68.8,63.31,63.06,64.5,63.88,64.78,66.42
17105,80.7,73.94,71.45,71.99,70.95,70.91,72.25
17107,90.5,86.52,80.48,76.74,71.92,68.05,64.38
17109,84.8,82.8,80.82,82.14,83.14,84.32,86.12
17111,72.7,65.84,63.03,61.91,60.45,58.88,57.88
17113,64.2,61.08,57.46,57.05,55.14,53.67,53.23
17115,107.8,102.2,98.16,97.22,95.55,93.78,91.61
17117,37.7,37.5,39.22,42.6,45.84,48.44,51.74
17119,116.5,111.1,106.57,104.06,101.8,98.78,96.13
17121,137.3,139.43,128.45,119.68,110.88,101.65,92.44
17123,46.7,49.73,55.11,63.22,69.75,77.52,86.04
17125,65.6,64.95,60.83,59.15,56.61,53.04,50.53
17127,141.3,160.96,150.87,143.16,135.97,126.76,117.6
17129,2.4,1.56,12.01,24.16,36.32,47.66,60.24
17131,41.1,37.52,34.98,35.25,34.53,34.35,34.98
17133,81.4,76.36,72.1,70.0,68.62,66.37,64.62
17135,127.7,118.25,121.89,127.54,132.98,137.78,142.9
17137,125.6,125.2,127.18,130.21,134.18,137.72,141.76
17139,42.1,41.83,39.34,39.07,39.32,39.46,38.31
17141,29.3,26.38,24.1,24.18,22.8,21.82,22.01
17143,87.6,85.24,79.41,76.45,72.28,68.71,65.9
17145,103.9,96.08,54.11,14.0,-24.98,-66.19,-106.8
17147,42.2,40.8,36.26,33.73,29.9,27.12,23.65
17149,32.6,27.79,26.83,27.46,28.61,30.15,31.4
17151,49.4,48.75,48.78,50.95,53.06,53.76,54.09
17153,70.6,68.73,79.76,93.11,106.41,117.52,129.09
17155,22.0,29.32,27.33,28.03,27.15,27.22,28.06
17157,75.1,71.87,68.36,66.64,65.97,63.32,61.09
17159,101.5,96.93,88.87,82.61,75.56,69.12,61.15
17161,88.2,84.36,83.64,85.65,86.37,88.07,90.55
17163,79.5,78.62,76.83,77.25,77.66,77.83,77.89
17165,246.9,216.08,217.19,219.92,222.07,225.02,227.58
17167,111.1,106.13,99.15,94.0,88.77,83.07,77.65
17169,47.9,7.61,2.79,0.61,-1.5,-3.81,-5.99
17171,0.0,0.09,0.06,2.11,4.85,7.14,9.63
17173,37.5,33.42,32.7,34.15,35.97,37.55,37.98
17175,0.0,-0.05,-0.21,2.57,4.12,6.62,10.28
17177,90.7,86.91,83.17,80.7,77.95,75.39,73.45
17179,99.8,94.72,90.97,89.57,86.88,84.18,83.04
17181,162.9,163.28,159.36,157.56,155.69,152.46,149.66
17183,107.1,100.26,93.98,88.5,83.79,78.67,73.45
17185,123.2,115.85,112.2,109.78,106.51,103.73,100.01
17187,71.1,72.26,75.98,83.18,89.23,96.25,103.98
17189,18.2,25.04,30.57,39.12,47.91,55.81,64.04
17191,85.3,80.84,79.66,79.56,79.4,79.46,78.05
17193,117.1,119.15,113.54,109.59,104.75,99.96,94.15
17195,70.3,69.17,64.46,62.52,58.55,55.48,53.54
17197,58.4,55.39,54.08,55.32,54.95,55.02,56.78
17199,153.8,149.36,151.92,156.31,159.82,163.49,166.99
17201,102.5,97.08,94.41,93.75,93.06,91.71,91.04
17203,20.8,24.53,28.43,35.48,40.94,46.73,53.46
18001,67.7,65.45,63.53,60.66,59.09,56.37,53.58
18003,85.8,82.02,75.92,68.41,63.15,56.39,49.43
18005,113.1,101.36,93.62,86.8,80.37,72.64,65.08
18007,25.1,21.17,20.54,20.93,21.58,21.88,22.04
18009,101.0,89.39,83.06,75.67,70.05,64.25,58.07
18011,79.2,72.94,66.79,60.53,55.3,50.3,45.49
18013,42.4,39.27,39.0,40.02,40.91,40.99,41.31
18015,34.9,32.38,30.1,27.07,26.94,25.81,24.21
18017,77.5,75.6,70.26,63.75,60.22,55.31,51.14
18019,130.4,116.17,105.26,95.13,85.78,75.98,65.69
18021,112.8,104.42,95.11,87.94,80.55,72.27,64.5
18023,98.0,80.63,70.53,59.97,51.36,41.99,32.71
18025,62.3,53.35,51.33,51.7,50.96,50.85,49.53
18027,101.5,88.57,81.27,76.18,69.49,62.87,55.43
18029,101.2,94.06,89.28,85.03,80.34,75.41,71.13
18031,96.6,86.62,73.54,61.85,50.2,37.51,25.72
18033,81.0,77.85,69.35,59.39,51.1,42.31,33.61
18035,129.0,104.66,99.2,93.73,89.48,85.44,81.38
18037,118.1,107.1,102.84,100.98,97.42,95.14,90.76
18039,84.7,78.15,73.0,66.9,62.41,58.3,53.5
18041,160.0,142.44,117.42,93.97,69.64,45.11,21.01
18043,152.6,138.8,131.69,125.86,120.25,114.11,107.58
18045,121.8,112.87,116.41,119.79,123.76,127.14,130.68
18047,57.8,54.71,49.8,46.01,41.72,36.68,32.37
18049,98.8,94.28,94.16,93.53,95.52,96.13,96.75
18051,114.5,101.08,93.53,87.27,79.92,73.1,64.95
18053,124.9,112.31,104.48,95.18,87.89,80.06,72.63
18055,98.9,96.71,93.65,92.36,90.57,88.07,84.68
18057,55.7,52.51,50.37,48.24,47.66,47.33,46.88
18059,80.0,77.74,76.4,75.96,76.62,76.79,76.93
18061,106.2,93.83,91.37,90.81,89.96,89.31,87.93
18063,82.7,78.09,72.87,68.77,64.54,59.92,55.45
18065,106.5,103.98,97.13,91.02,85.59,79.9,74.37
18067,137.3,127.87,122.71,116.92,114.16,109.31,105.33
18069,97.5,86.41,78.93,69.83,62.45,53.98,45.48
18071,109.7,100.1,89.94,80.25,69.83,59.34,48.48
18073,132.6,125.19,122.78,120.49,120.21,118.92,117.25
18075,114.8,104.22,90.15,75.84,63.41,49.87,36.0
18077,131.7,122.94,114.02,106.36,98.29,89.61,80.68
18079,122.9,107.95,98.22,88.98,79.93,69.84,59.9
18081,99.8,91.42,84.27,78.28,72.39,66.34,60.58
18083,147.7,132.97,129.49,127.03,123.49,120.07,116.18
18085,83.9,79.91,74.14,67.46,62.98,57.79,51.81
18087,26.9,24.04,22.51,20.22,19.83,18.63,17.75
18089,89.2,82.44,82.5,84.0,85.85,88.23,90.42
18091,119.1,110.25,105.83,100.66,97.58,93.64,90.04
18093,152.1,141.32,132.87,125.6,117.09,108.62,99.9
18095,126.0,116.45,110.31,104.61,99.75,95.77,92.24
18097,84.7,77.91,72.5,68.12,64.83,61.26,58.03
18099,98.4,94.15,89.43,83.39,80.73,77.05,72.85
18101,125.1,113.37,108.64,105.24,100.99,96.13,90.47
18103,75.1,71.8,67.28,62.18,59.83,55.59,52.18
18105,80.7,76.01,71.49,69.15,65.97,62.2,58.89
18107,105.5,101.48,98.52,95.56,94.07,91.7,89.73
18109,133.7,121.93,111.45,103.24,94.65,85.4,77.12
18111,28.0,26.0,25.61,25.15,26.07,27.51,27.86
18113,89.2,81.26,76.85,71.61,67.95,63.9,59.85
18115,0.0,1.16,3.46,5.46,7.09,7.69,10.16
18117,132.0,117.31,106.22,96.9,86.48,76.47,65.65
18119,80.8,78.89,74.5,72.67,69.91,66.92,63.9
18121,51.0,47.12,41.24,36.96,33.22,29.29,24.77
18123,118.8,108.46,105.91,104.84,103.96,102.88,100.12
18125,89.0,89.0,93.63,99.79,104.64,110.03,114.05
18127,100.8,95.9,90.22,85.01,81.68,77.68,73.76
18129,57.5,57.12,55.39,55.06,54.77,55.1,53.67
18131,78.0,62.38,70.44,77.44,88.42,97.66,106.35
18133,91.9,84.63,78.69,75.09,71.25,66.8,62.48
18135,101.5,85.0,77.01,70.53,64.93,57.94,51.24
18137,107.0,104.49,106.84,109.73,112.85,115.38,118.96
18139,98.4,88.88,78.95,71.01,62.71,53.42,44.37
18141,90.6,85.68,81.18,76.03,72.34,68.99,64.43
18143,199.3,169.49,149.84,131.08,112.11,92.01,71.75
18145,95.5,83.68,77.95,73.72,69.97,65.61,61.65
18147,76.2,46.53,39.96,34.38,28.59,22.92,15.27
18149,125.7,118.02,115.2,111.82,111.62,109.41,107.12
18151,92.1,87.8,82.17,74.45,68.47,62.23,56.25
18153,123.0,109.48,98.39,89.35,80.28,71.22,61.74
18155,51.3,48.08,45.29,42.65,40.12,36.26,33.48
18157,83.7,78.12,71.71,65.04,60.1,53.77,47.7
18159,67.6,61.6,58.74,54.93,53.52,50.73,49.4
18161,61.6,64.33,55.9,48.43,39.96,31.97,24.72
18163,152.5,140.2,137.74,136.68,136.05,135.12,132.83
18165,104.3,95.94,91.82,88.91,86.69,84.82,82.25
18167,116.9,110.54,103.6,98.57,93.57,88.19,82.13
18169,105.2,98.15,94.0,88.69,86.12,81.89,78.59
18171,0.0,-0.59,-0.04,0.08,0.92,1.08,1.58
18173,89.6,84.22,83.02,83.36,83.68,83.67,81.72
18175,95.7,91.42,74.75,59.08,43.25,27.08,10.15
18177,123.0,114.54,101.88,90.79,79.06,66.81,56.05
18179,79.7,79.15,75.28,70.18,66.79,62.51,58.37
18181,96.4,89.55,83.55,77.58,73.53,68.82,64.13
18183,110.3,104.08,94.12,83.35,73.9,63.44,52.47
19001,52.8,54.78,51.6,47.92,46.09,41.83,38.23
19003,7.1,9.05,12.32,14.72,19.12,20.25,23.37
19005,50.5,47.98,44.59,43.0,42.11,38.0,35.58
19007,138.2,132.93,119.32,106.34,94.72,81.87,68.89
19009,51.3,52.24,47.47,42.58,38.78,31.95,25.55
19011,15.1,15.16,12.96,10.69,10.31,8.42,7.99
19013,85.3,79.82,73.86,69.1,66.12,60.43,55.82
19015,66.1,61.01,60.79,61.4,63.12,61.2,61.39
19017,50.6,46.59,47.86,50.52,54.2,54.88,56.78
19019,43.7,38.95,37.58,36.43,37.42,35.75,36.0
19021,44.0,49.05,42.45,36.24,31.12,23.95,16.69
19023,18.5,17.46,17.02,17.57,19.41,17.99,17.32
19025,55.4,62.24,67.25,72.25,78.53,80.69,85.26
19027,118.3,108.31,99.79,91.04,83.76,72.81,63.99
19029,112.2,106.85,100.59,94.53,88.88,80.16,72.96
19031,23.7,22.58,19.71,17.82,17.41,16.75,16.59
19033,112.7,106.6,98.18,91.36,83.87,75.13,66.29
19035,57.7,57.99,44.48,30.63,16.97,2.2,-12.1
19037,29.8,35.2,27.11,20.71,14.74,5.9,-2.99
19039,103.1,92.04,87.61,82.4,79.71,74.07,69.47
19041,113.2,118.31,105.72,92.63,81.26,66.94,54.27
19043,38.3,35.42,28.62,22.8,18.78,11.85,5.8
19045,87.8,86.16,79.53,74.63,68.97,63.95,59.35
19047,69.1,68.36,64.13,59.64,56.79,51.23,47.08
19049,15.9,15.68,17.08,18.62,21.3,21.72,23.29
19051,61.9,67.1,59.33,52.08,46.17,38.79,31.19
19053,33.7,45.39,44.85,44.21,45.48,44.69,45.23
19055,54.3,49.87,46.55,43.03,40.92,37.33,35.59
19057,111.9,106.97,96.6,88.6,80.34,71.92,64.9
19059,82.4,84.83,78.52,71.47,65.97,57.89,52.18
19061,66.9,67.65,61.37,56.63,52.32,47.26,43.72
19063,66.5,70.26,63.01,55.14,48.17,38.36,31.39
19065,86.5,69.17,64.85,61.69,59.92,54.63,51.06
19067,113.2,101.89,86.17,72.94,59.62,43.8,28.36
19069,29.3,15.89,7.95,0.98,-5.27,-13.5,-21.7
19071,71.0,73.45,72.07,69.85,68.72,65.86,63.77
19073,107.9,96.83,92.92,88.73,85.86,78.89,75.07
19075,2.2,14.46,30.21,46.93,64.84,80.51,96.92
19077,16.7,7.22,2.74,-2.3,-6.15,-12.66,-18.14
19079,71.0,70.96,65.22,59.86,55.08,47.22,41.65
19081,0.1,0.1,-0.13,0.37,0.32,-1.2,-2.93
19083,69.6,59.28,56.13,53.41,51.91,48.04,44.94
19085,72.6,72.52,69.46,65.25,62.62,57.65,54.65
19087,77.5,73.66,68.68,65.78,63.64,61.12,59.02
19089,42.1,36.98,31.01,26.56,22.49,14.59,7.79
19091,67.9,66.49,61.58,57.57,53.6,46.02,40.44
19093,54.3,32.78,55.33,77.7,101.12,122.77,145.02
19095,25.5,27.45,34.93,42.39,51.83,60.55,70.05
19097,40.8,40.02,35.92,32.59,30.24,27.28,25.19
19099,71.6,69.67,69.9,70.43,72.72,73.25,74.47
19101,96.5,96.38,91.47,87.89,85.62,82.63,79.19
19103,40.0,35.87,32.42,31.04,29.51,28.19,27.53
19105,33.6,41.96,45.87,50.75,56.57,62.24,69.53
19107,0.0,-0.15,-0.32,-0.44,0.74,1.34,3.36
19109,50.2,43.27,38.4,33.26,28.51,21.15,14.9
19111,120.5,117.1,126.18,137.24,149.0,160.67,171.95
19113,80.4,74.01,65.7,57.94,51.68,44.35,38.67
19115,29.8,29.0,27.37,28.23,29.16,30.06,32.06
19117,113.8,110.94,107.5,104.79,102.93,99.76,96.29
19119,27.5,29.33,26.39,23.73,20.26,16.68,13.93
19121,86.5,85.27,83.89,81.9,81.8,79.85,78.62
19123,83.9,74.2,67.84,62.18,57.8,51.48,46.43
19125,75.8,67.93,61.31,55.88,52.02,45.65,40.23
19127,92.1,82.21,77.94,73.49,70.26,66.18,62.6
19129,39.8,40.28,40.16,39.56,39.56,37.55,36.68
19131,31.5,26.48,26.03,27.29,28.82,28.06,27.07
19133,91.5,90.05,91.04,90.37,90.89,89.21,88.54
19135,109.6,104.71,94.19,84.35,75.88,65.51,55.08
19137,79.7,84.89,83.62,80.92,79.23,75.01,71.89
19139,73.3,66.35,59.0,54.28,48.94,44.35,40.3
19141,49.0,55.02,58.06,60.92,64.61,67.4,70.22
19143,38.2,4.72,32.18,60.21,87.7,113.65,141.26
19145,124.5,118.25,113.75,107.66,102.87,95.75,90.4
19147,58.9,46.43,38.02,28.74,20.86,9.78,1.27
19149,52.6,45.73,45.27,43.88,42.71,41.16,39.65
19151,59.8,63.46,62.87,61.5,61.49,58.48,57.28
19153,94.0,89.29,82.86,76.15,70.85,63.39,56.83
19155,99.7,96.35,90.99,84.92,79.65,73.03,67.5
19157,59.5,58.22,54.64,50.52,47.83,44.47,41.51
19159,107.9,97.5,89.51,80.77,74.64,66.19,58.62
19161,20.9,20.79,18.92,17.45,16.57,13.07,10.86
19163,83.2,78.23,73.59,71.38,68.45,66.54,65.26
19165,57.8,56.79,59.92,63.33,67.59,69.45,72.45
19167,31.7,28.57,31.76,34.38,37.33,39.67,42.89
19169,48.4,44.42,41.67,39.2,37.94,33.65,30.96
19171,20.8,29.66,31.01,31.95,34.41,35.73,37.7
19173,23.1,22.3,20.51,17.8,16.73,13.29,10.83
19175,148.2,145.8,127.51,108.95,92.65,73.78,56.51
19177,1.6,1.65,3.8,8.0,13.28,17.26,20.84
19179,132.5,133.86,121.01,109.16,99.21,86.72,74.76
19181,45.6,43.0,40.35,38.01,37.28,34.25,31.92
19183,49.3,47.25,45.53,46.06,46.95,47.68,49.14
19185,62.1,11.1,15.94,21.88,28.63,33.73,40.02
19187,104.1,95.52,90.65,86.23,82.31,73.96,68.16
19189,59.7,58.52,54.61,52.59,49.49,44.91,40.84
19191,54.3,47.8,46.92,47.79,48.87,46.35,45.0
19193,72.2,74.18,72.83,69.68,68.28,65.51,63.0
19195,1.2,0.72,0.29,2.01,2.93,2.17,1.11
19197,77.7,70.43,64.73,59.87,54.93,47.27,40.73
20001,175.0,158.06,99.37,39.77,-19.19,-79.07,-138.21
20003,8.0,5.52,0.11,-5.34,-11.24,-16.92,-23.1
20005,115.8,108.2,104.62,99.94,95.11,90.17,86.52
20007,22.4,7.19,4.26,2.1,0.66,-3.33,-6.0
20009,106.3,104.4,103.13,100.76,97.68,93.35,89.5
20011,117.6,104.46,115.14,124.4,133.24,141.92,150.94
20013,64.3,54.79,48.13,40.57,32.98,25.07,18.71
20015,110.2,104.7,97.01,88.51,80.24,71.83,63.38
20017,0.0,-0.37,0.18,0.9,1.25,0.94,0.84
20019,23.1,18.26,14.13,10.3,4.82,0.2,-4.53
20021,77.6,70.62,44.16,16.37,-12.95,-41.78,-71.08
20023,119.9,115.91,116.35,114.45,113.55,112.65,110.15
20025,9.7,6.42,1.3,-3.6,-9.36,-15.83,-21.42
20027,78.6,13.4,79.03,143.76,209.0,272.95,337.25
20029,89.0,78.45,50.54,22.03,-5.23,-34.43,-62.35
20031,11.4,20.47,5.67,-9.78,-24.47,-39.8,-55.59
20033,2.1,2.82,1.58,0.7,0.53,-1.53,-2.84
20035,99.8,92.41,94.58,96.64,97.53,97.75,98.22
20037,133.9,116.71,106.6,94.7,81.74,69.36,56.31
20039,114.8,92.47,82.75,72.43,61.58,50.7,37.65
20041,2.4,0.66,1.92,1.89,2.98,3.0,2.68
20043,0.0,-0.57,-0.56,-1.5,-1.75,-3.73,-3.89
20045,76.5,71.69,67.71,62.69,57.79,52.2,47.31
20047,3.0,30.32,63.71,98.66,132.41,164.78,198.23
20049,11.8,13.07,5.84,-1.51,-9.8,-18.12,-25.47
20051,133.5,119.53,108.7,97.4,84.73,72.17,59.04
20053,88.5,78.97,71.06,63.05,54.56,44.59,35.58
20055,87.4,79.21,74.6,70.33,65.94,61.42,56.65
20057,91.8,85.41,84.12,83.11,82.57,80.03,78.03
20059,126.7,101.12,103.66,104.96,107.34,108.95,110.83
20061,75.0,69.08,64.12,58.86,53.38,47.86,41.94
20063,3.7,2.94,29.1,54.97,79.75,104.76,129.13
20065,176.5,160.03,145.34,130.42,114.39,98.96,81.87
20067,11.8,72.61,62.64,53.37,44.58,35.6,26.1
20069,21.2,20.89,22.86,25.23,26.79,28.3,30.34
20071,97.1,109.43,109.92,109.37,109.22,108.68,108.33
20073,6.4,5.32,2.16,-1.88,-5.23,-9.59,-13.82
20075,93.5,87.52,71.85,56.53,40.75,25.87,10.45
20077,85.9,68.11,64.72,61.83,58.64,53.45,50.12
20079,102.7,94.85,85.55,76.02,66.34,55.61,45.3
20081,6.8,5.33,2.24,-0.1,-1.65,-4.28,-6.62
20083,5.7,5.38,2.61,-0.14,-2.62,-5.77,-9.09
20085,55.6,50.9,48.26,45.34,41.01,36.66,34.28
20087,2.2,0.91,0.2,-0.23,-1.67,-3.2,-3.58
20089,1.6,-0.15,0.03,-0.33,-0.86,-2.2,-3.08
20091,73.7,69.76,66.9,63.41,60.57,56.9,53.7
20093,54.8,48.68,47.52,47.39,46.98,46.83,45.56
20095,0.0,-0.66,-0.35,0.63,1.45,0.68,0.4
20097,3.6,34.71,67.82,101.84,135.83,167.47,199.92
20099,118.8,108.89,105.2,101.07,96.23,90.82,87.05
20101,76.7,92.99,91.97,90.02,87.83,86.23,83.16
20103,52.8,48.46,44.37,39.94,35.03,29.25,25.8
20105,6.4,4.3,1.31,-2.47,-6.17,-11.35,-15.84
20107,4.1,5.35,3.56,1.13,-1.6,-4.77,-7.71
20109,4.0,3.13,62.2,120.09,178.11,236.37,293.2
20111,74.3,73.7,76.1,78.5,80.47,82.5,84.68
20113,96.3,87.57,80.08,73.04,64.92,55.72,47.21
20115,35.3,10.59,27.51,44.14,60.61,76.37,92.75
20117,41.0,35.78,33.37,30.42,27.17,23.8,20.98
20119,1.9,1.53,0.57,-0.13,-0.44,-1.4,-2.82
20121,31.4,28.09,27.77,26.19,25.04,23.12,21.56
20123,91.4,88.2,95.79,101.84,108.57,113.96,119.41
20125,144.3,120.41,113.57,106.68,98.38,89.61,81.43
20127,4.3,5.25,1.4,-1.85,-5.69,-9.53,-13.34
20129,198.5,170.29,139.44,110.74,81.12,51.55,22.41
20131,39.7,30.67,28.23,25.82,22.96,20.12,18.55
20133,47.2,40.17,36.71,32.95,29.34,24.93,21.9
20135,7.1,5.51,91.96,178.07,263.78,349.54,434.54
20137,121.2,106.93,102.04,97.22,91.37,85.72,79.08
20139,4.0,2.84,1.59,-0.64,-2.8,-5.5,-7.62
20141,185.3,164.38,165.48,165.08,164.17,163.8,162.86
20143,4.8,2.37,1.67,0.53,-0.23,-2.29,-3.31
20145,70.2,62.25,52.69,43.81,33.33,21.05,9.21
20147,6.3,4.64,2.38,-0.75,-4.74,-8.11,-12.35
20149,2.9,2.28,1.18,-0.4,-2.1,-4.75,-6.13
20151,202.2,189.75,185.72,181.75,178.1,172.41,167.47
20153,5.0,2.87,0.1,-4.19,-7.12,-10.42,-16.91
20155,117.7,113.21,106.78,100.41,94.56,87.71,81.09
20157,9.0,5.19,1.65,-2.13,-5.03,-8.67,-11.7
20159,56.6,51.89,49.83,46.5,43.07,38.86,35.54
20161,71.2,69.06,67.6,66.14,64.39,61.99,59.99
20163,3.1,2.72,1.77,-0.39,-2.98,-5.25,-8.07
20165,57.1,53.19,43.47,33.47,21.76,9.65,-2.16
20167,6.6,3.59,2.07,0.18,-2.36,-5.38,-8.07
20169,164.2,143.58,137.6,130.38,124.35,117.02,109.76
20171,121.1,103.74,94.69,84.76,74.65,65.31,54.24
20173,109.2,103.74,99.81,95.29,90.67,85.89,80.32
20175,131.6,119.68,104.49,90.43,76.31,60.63,46.11
20177,118.6,112.78,106.69,100.22,93.53,86.54,80.69
20179,1.9,1.15,2.1,2.03,1.46,0.98,-0.49
20181,99.3,87.72,90.24,91.83,93.85,95.41,96.38
20183,156.9,136.79,137.07,135.78,135.01,133.35,131.66
20185,0.0,-0.18,-0.04,-0.16,-0.25,-2.22,-3.36
20187,3.2,2.55,37.79,74.2,110.08,145.64,181.27
20189,0.0,13.58,23.89,35.6,47.63,59.07,71.07
20191,67.6,64.88,66.31,67.89,68.0,67.77,67.85
20193,127.3,104.18,91.63,79.03,65.95,52.56,37.05
20195,148.3,148.3,139.56,130.46,120.39,109.48,98.82
20197,0.0,-0.02,-0.37,-0.46,-0.64,-1.98,-1.84
20199,43.8,49.8,42.56,34.48,26.83,19.26,10.27
20201,20.8,54.89,80.33,105.03,130.13,154.95,179.75
20203,0.0,-0.2,-0.1,-0.92,-1.84,-1.65,-3.06
20205,120.5,117.38,116.99,115.09,113.49,112.04,110.86
20207,3.3,2.41,-0.9,-5.8,-10.36,-15.03,-20.19
20209,78.8,73.67,71.32,68.25,65.12,61.03,58.58
21001,126.4,120.34,100.38,80.15,60.63,39.61,19.36
21003,84.7,90.67,91.97,93.55,95.77,97.51,98.76
21005,100.7,93.92,90.2,86.51,82.8,77.58,74.26
21007,102.4,95.23,102.41,111.58,120.84,128.18,135.01
21009,136.7,123.83,126.03,128.04,130.77,132.29,133.72
21011,61.8,58.64,53.96,48.7,44.11,37.84,32.08
21013,271.8,253.04,248.51,243.99,240.29,235.03,229.69
21015,97.5,93.51,89.37,84.76,80.2,74.17,70.02
21017,109.7,102.73,97.63,92.84,88.4,82.07,76.93
21019,113.7,99.76,91.1,80.8,71.94,61.82,51.7
21021,148.3,133.29,119.08,105.13,91.21,76.32,61.46
21023,21.4,20.7,18.26,15.3,12.97,8.23,4.74
21025,213.0,208.08,186.61,165.46,145.52,123.06,101.43
21027,53.9,50.26,47.43,45.66,44.1,42.31,40.01
21029,69.3,67.82,64.6,63.01,60.71,58.15,54.91
21031,101.6,99.04,92.09,86.01,81.55,76.56,70.29
21033,141.2,133.67,132.84,133.14,134.23,135.49,135.3
21035,103.3,98.79,97.79,97.8,97.7,95.72,93.43
21037,96.5,90.88,86.01,81.18,76.06,70.16,65.24
21039,62.4,68.83,79.74,93.81,107.15,118.76,130.57
21041,195.7,183.51,165.92,149.48,133.07,115.84,98.39
21043,95.3,82.93,76.8,69.51,63.09,54.71,46.6
21045,127.7,121.98,106.3,90.95,75.55,59.03,42.71
21047,66.4,64.72,63.53,63.41,63.48,64.26,63.94
21049,108.3,98.42,94.9,91.58,88.71,83.01,79.71
21051,235.3,220.99,219.15,216.44,214.75,211.39,208.57
21053,234.7,182.57,156.65,129.74,104.12,76.64,49.62
21055,137.0,126.59,122.48,120.5,118.73,117.19,114.26
21057,216.2,200.17,175.12,149.22,123.59,96.95,70.86
21059,124.0,112.72,104.18,97.06,90.65,83.91,75.34
21061,65.5,43.21,86.33,130.72,175.41,218.89,262.11
21063,5.6,3.17,35.38,67.03,99.05,129.95,161.27
21065,165.0,146.11,145.78,145.57,146.11,143.5,142.89
21067,73.6,69.76,65.26,60.93,56.91,50.87,46.9
21069,93.2,80.38,70.92,61.24,51.3,40.2,29.09
21071,263.1,246.72,227.16,207.33,188.75,168.59,150.49
21073,108.4,102.04,95.69,89.45,83.65,75.95,70.18
21075,178.5,180.01,179.41,180.1,178.79,176.43,174.78
21077,39.3,43.86,42.27,41.39,40.29,37.67,36.33
21079,54.3,48.86,49.65,50.74,52.02,51.95,52.34
21081,127.2,117.15,107.74,98.07,89.36,78.32,68.86
21083,94.5,99.46,97.29,96.43,95.36,92.93,89.89
21085,145.9,134.15,129.83,126.62,124.55,121.11,117.94
21087,98.4,86.86,81.37,76.25,71.58,65.36,59.83
21089,94.8,81.14,76.47,70.81,65.53,59.41,52.99
21091,25.8,24.49,25.51,27.16,29.78,32.36,33.34
21093,88.7,86.37,86.23,86.73,87.44,87.52,87.39
21095,144.3,138.02,131.49,124.08,117.74,110.25,103.0
21097,102.3,106.24,96.82,87.7,78.98,67.89,58.48
21099,64.8,60.52,59.97,58.74,58.56,57.47,57.12
21101,154.0,147.5,143.36,140.9,139.65,137.51,134.51
21103,64.6,61.52,61.38,61.53,62.04,61.79,61.33
21105,69.1,70.86,63.26,57.84,50.86,42.45,34.49
21107,139.5,136.16,130.2,125.46,121.43,117.26,112.21
21109,49.9,47.04,47.75,48.54,49.08,47.33,47.25
21111,95.5,88.45,83.41,79.4,75.71,71.25,66.51
21113,100.4,96.59,91.5,87.4,83.53,77.52,73.03
21115,180.0,183.57,178.44,172.17,167.07,160.17,155.01
21117,80.4,77.6,74.54,71.28,67.96,63.79,60.62
21119,75.4,86.94,86.09,84.95,85.0,83.31,83.89
21121,94.8,83.54,85.41,87.24,88.74,88.4,88.98
21123,87.3,89.42,86.62,84.25,82.51,79.2,76.95
21125,125.4,111.83,106.06,99.76,93.37,85.54,78.81
21127,119.5,111.7,107.51,101.96,97.63,92.02,87.12
21129,203.8,163.94,148.38,132.14,116.97,98.55,81.64
21131,244.2,218.67,209.92,199.79,191.87,182.1,172.61
21133,162.0,150.43,137.94,125.65,114.47,102.24,91.47
21135,34.3,30.67,23.51,15.41,8.0,-1.12,-9.38
21137,83.5,73.9,73.38,72.98,72.48,71.09,69.72
21139,9.0,7.67,6.5,7.77,9.23,9.47,9.71
21141,74.4,84.12,100.53,118.85,138.37,157.39,174.09
21143,117.7,117.15,116.64,117.83,119.31,120.5,120.79
21145,190.8,183.68,183.47,185.62,187.84,188.7,189.02
21147,130.9,128.16,121.2,114.45,108.24,99.53,91.99
21149,89.4,87.01,86.78,88.19,90.62,92.39,93.36
21151,96.1,89.05,84.29,80.39,76.47,70.16,65.47
21153,154.8,163.95,157.61,151.45,145.89,137.86,131.24
21155,125.7,114.55,108.36,102.17,96.34,89.86,84.42
21157,109.2,107.75,115.04,124.52,133.89,141.85,149.18
21159,127.3,136.2,134.24,131.11,129.31,126.33,123.9
21161,126.1,115.67,102.8,89.29,76.35,61.86,47.84
21163,60.2,60.72,58.5,57.51,56.94,56.31,54.53
21165,35.0,7.1,38.25,68.77,100.38,129.47,159.34
21167,104.7,103.71,97.84,92.47,87.75,81.52,75.77
21169,74.4,70.64,71.09,71.55,72.28,72.13,72.42
21171,165.4,139.91,121.86,103.5,84.97,66.14,48.3
21173,171.7,157.98,147.79,137.7,128.17,115.81,105.34
21175,65.0,58.98,65.63,71.38,77.66,82.34,87.46
21177,138.8,134.06,128.34,124.2,120.67,116.97,111.48
21179,101.6,93.13,91.98,91.93,92.3,91.85,91.41
21181,38.0,51.29,43.01,34.94,26.36,16.36,7.77
21183,111.6,95.02,110.5,127.31,145.79,163.26,179.89
21185,65.5,59.71,57.5,56.16,54.39,52.34,49.94
21187,37.1,52.92,50.71,49.02,48.4,45.95,44.4
21189,262.2,248.48,249.89,250.47,252.27,251.55,251.28
21191,53.8,51.32,51.17,50.56,50.61,48.07,46.95
21193,243.4,219.42,209.41,199.22,190.15,178.66,169.16
21195,263.1,242.76,222.08,201.42,181.83,161.9,141.99
21197,149.0,147.05,148.75,151.06,153.73,153.56,155.47
21199,124.7,109.05,98.65,88.18,77.57,65.65,54.93
21201,0.0,0.24,-0.8,-2.34,-3.73,-6.77,-8.95
21203,104.0,87.02,80.93,74.45,67.74,59.01,51.54
21205,153.8,141.97,124.36,106.76,88.76,69.5,50.42
21207,169.8,156.07,126.22,95.99,66.51,35.09,5.23
21209,97.2,86.41,78.16,69.83,62.3,52.69,44.5
21211,79.6,74.06,73.46,73.33,73.61,72.66,71.47
21213,117.8,109.61,102.82,96.66,91.21,85.73,78.52
21215,51.4,51.32,44.88,38.8,32.67,26.27,19.5
21217,115.8,100.42,91.55,82.71,74.08,64.04,55.58
21219,80.3,43.33,9.08,-23.14,-54.61,-86.52,-120.03
21221,85.5,30.86,69.97,109.81,150.45,190.78,230.09
21223,39.7,36.14,35.4,35.78,35.62,34.84,33.83
21225,143.5,138.9,127.75,117.49,108.36,99.44,89.11
21227,107.4,108.66,96.98,86.55,76.66,66.72,55.41
21229,51.9,47.92,41.29,34.96,28.56,21.96,15.65
21231,168.9,140.39,127.62,113.67,100.77,86.11,72.11
21233,109.4,103.9,100.17,98.37,97.83,96.59,94.77
21235,300.1,267.52,241.67,216.51,191.64,164.57,138.24
21237,198.7,193.32,167.04,140.85,115.66,87.1,59.66
21239,73.9,65.82,60.53,55.13,50.07,42.75,37.54
22001,80.2,71.44,75.87,77.01,79.33,82.25,83.43
22003,115.0,102.2,92.66,81.87,72.13,61.48,49.63
22005,110.1,100.67,94.0,87.08,80.72,75.05,67.72
22007,36.4,34.46,32.9,31.27,30.3,29.4,26.94
22009,146.5,126.75,126.16,122.15,118.63,115.6,110.72
22011,84.0,77.44,75.47,72.43,69.92,67.61,62.4
22013,88.5,79.86,62.91,46.1,29.99,10.19,-8.88
22015,102.8,97.53,96.13,95.83,95.57,93.36,91.01
22017,118.6,109.49,112.25,115.59,119.29,120.74,121.78
22019,123.2,111.47,105.95,98.91,93.76,88.59,80.33
22021,86.9,63.7,54.31,40.48,27.53,15.73,1.7
22023,0.0,-0.56,-0.36,-2.33,-2.55,-1.92,-5.29
22025,113.3,93.39,96.39,95.0,94.81,95.87,95.43
22027,85.0,88.33,96.43,104.9,113.14,119.05,125.49
22029,93.9,74.66,76.24,73.83,71.88,70.75,69.29
22031,40.3,51.28,64.86,77.76,92.13,104.78,116.35
22033,103.8,96.21,92.17,86.64,81.51,77.97,72.56
22035,98.7,100.94,105.49,106.69,107.33,108.69,109.98
22037,52.7,50.67,47.08,40.49,35.28,31.13,25.68
22039,221.6,209.77,192.96,174.19,155.89,137.86,117.61
22041,100.7,91.4,122.7,150.04,177.75,207.0,234.99
22043,2.1,1.56,40.57,77.82,115.91,153.84,189.78
22045,117.0,99.38,93.11,85.38,78.52,72.53,63.55
22047,99.8,93.05,81.47,68.14,55.81,44.7,31.56
22049,42.4,40.11,75.91,110.5,146.59,180.37,213.54
22051,119.5,115.0,107.44,97.54,89.38,80.5,70.82
22053,118.4,110.0,103.94,95.58,89.01,82.12,73.27
22055,112.1,102.11,97.44,90.26,83.69,78.74,70.58
22057,106.8,99.0,96.62,93.12,89.99,86.58,82.93
22059,138.3,118.97,120.29,118.42,118.0,117.86,115.71
22061,105.2,90.84,98.74,105.8,113.64,119.3,124.34
22063,113.3,106.46,105.2,103.46,102.26,101.79,99.76
22065,3.2,1.87,2.77,0.71,-1.58,-3.23,-5.44
22067,124.3,109.76,118.68,125.32,131.51,137.78,144.01
22069,86.9,71.73,78.92,86.05,93.44,99.83,105.64
22071,71.9,67.43,63.85,57.98,53.32,48.55,43.06
22073,124.8,119.79,113.4,103.69,94.98,86.18,76.57
22075,3.7,2.37,44.2,83.99,125.12,166.51,207.08
22077,94.9,83.57,93.91,101.62,109.59,118.6,126.0
22079,169.8,153.08,145.61,135.83,126.76,117.99,106.77
22081,14.3,45.8,113.47,180.75,249.28,315.25,381.14
22083,80.2,68.27,134.84,197.56,260.86,324.81,387.68
22085,82.7,63.85,68.7,73.8,79.2,83.93,86.4
22087,170.4,161.88,150.46,136.41,123.94,111.24,98.17
22089,85.6,79.31,74.28,67.94,62.76,57.22,50.98
22091,46.4,51.25,71.09,89.11,108.78,128.88,146.99
22093,58.5,67.56,82.04,96.3,110.91,126.16,140.06
22095,97.5,98.15,93.72,88.87,84.23,80.3,75.05
22097,158.1,150.88,145.56,136.88,128.87,122.17,113.36
22099,86.4,77.81,74.67,69.09,64.12,61.05,54.92
22101,126.5,118.78,107.99,96.06,85.35,74.59,61.79
22103,119.1,106.53,102.44,97.07,92.95,88.05,82.64
22105,147.4,140.84,130.75,120.14,110.62,101.29,90.55
22107,56.0,46.16,45.26,41.02,37.33,35.2,32.23
22109,112.7,102.85,97.92,92.45,87.61,82.15,76.74
22111,74.7,71.59,85.09,97.43,109.53,121.23,132.93
22113,76.6,69.1,66.07,60.99,57.35,55.04,49.39
22115,104.1,91.62,79.41,67.27,55.78,43.75,29.29
22117,141.7,120.3,135.3,148.73,163.69,178.5,192.58
22119,133.8,114.18,115.1,117.04,119.0,118.38,118.35
22121,111.5,104.12,100.99,95.88,91.41,88.21,83.55
22123,66.2,51.72,51.67,48.83,46.2,43.36,40.7
22125,53.5,45.75,45.06,41.47,38.47,36.3,32.5
22127,68.6,56.2,109.38,161.83,214.83,266.49,316.72
23001,92.0,83.99,72.16,60.47,48.04,34.25,22.36
23003,85.7,84.5,74.67,63.76,52.93,43.65,33.98
23005,71.3,63.17,53.4,44.53,34.51,22.54,13.57
23007,73.0,68.29,60.64,54.76,47.02,38.77,32.19
23009,77.3,72.59,65.45,58.4,51.38,43.72,37.15
23011,117.2,111.69,101.79,92.55,82.67,72.9,63.76
23013,75.1,67.09,61.77,56.03,49.43,42.72,36.34
23015,69.3,53.65,45.41,37.37,28.74,18.97,10.56
23017,83.7,80.2,72.56,65.64,57.67,48.99,41.87
23019,83.7,81.49,71.22,61.93,52.83,43.04,34.99
23021,97.2,89.03,77.98,68.45,59.14,48.8,39.27
23023,79.9,70.75,61.43,53.17,44.11,33.24,24.8
23025,85.5,83.55,76.67,70.46,63.87,57.17,50.93
23027,62.2,54.86,46.09,38.13,29.08,20.06,12.36
23029,75.4,73.97,64.35,54.49,45.36,35.5,27.09
23031,79.8,73.91,63.75,55.77,46.9,35.88,28.14
24001,129.2,129.72,127.03,125.7,121.72,116.9,115.65
24003,78.2,74.03,69.83,65.54,59.06,51.03,47.8
24005,83.1,77.8,71.68,64.16,55.23,45.41,40.16
24009,102.8,96.12,90.27,86.17,79.47,71.2,67.2
24011,52.5,49.43,46.18,45.22,41.62,37.51,36.32
24013,81.4,76.84,72.36,67.1,59.88,52.95,49.67
24015,83.8,78.78,73.97,69.09,62.1,55.1,51.85
24017,87.7,82.04,78.58,75.66,71.18,64.74,62.66
24019,72.0,70.63,69.16,69.77,67.45,64.58,64.93
24021,79.6,72.23,67.6,62.75,56.07,48.15,44.6
24023,103.3,104.7,96.92,89.05,79.6,69.86,62.43
24025,85.3,79.55,72.92,66.68,58.3,49.01,43.72
24027,39.6,36.92,35.23,32.8,28.69,23.49,22.66
24029,134.6,123.73,117.22,111.3,102.85,94.07,89.41
24031,39.7,37.2,34.61,31.98,27.17,21.27,19.52
24033,45.4,41.89,38.71,35.21,29.94,23.24,21.02
24035,77.1,71.47,67.24,64.87,59.95,54.11,52.48
24037,78.2,71.6,66.9,64.43,59.47,53.23,50.2
24039,58.7,54.96,49.28,45.69,39.35,32.89,29.08
24041,114.6,108.72,104.3,101.79,96.3,90.14,86.85
24043,122.8,116.57,112.97,108.89,103.29,96.65,94.71
24045,91.8,85.38,77.62,72.37,64.39,56.59,51.0
24047,95.5,81.71,76.42,72.55,65.92,60.96,57.39
24510,66.6,59.61,54.54,48.47,40.65,31.67,27.55
25001,77.7,69.85,60.88,51.66,41.49,30.4,20.38
25003,82.5,74.97,59.07,42.71,26.16,9.47,-6.76
25005,88.1,81.7,72.74,63.88,53.41,43.36,32.83
25007,68.9,63.88,55.51,47.27,37.53,27.56,18.2
25009,59.2,53.29,46.88,41.04,34.33,28.42,22.45
25011,62.9,57.17,51.36,45.96,38.35,31.86,25.52
25013,83.9,77.34,66.98,57.98,48.12,38.46,29.3
25015,70.3,63.96,56.51,50.14,42.32,35.76,29.24
25017,43.2,38.75,33.69,29.03,22.8,18.14,12.58
25019,45.4,41.91,36.61,30.36,23.92,16.69,11.31
25021,52.3,47.98,42.3,35.7,28.35,22.3,15.86
25023,67.6,61.63,53.55,45.02,35.51,26.23,17.88
25025,40.8,36.41,32.08,26.49,20.39,15.32,9.94
25027,66.6,59.32,51.78,45.41,36.32,28.75,20.82
26001,34.3,30.64,27.71,23.31,20.89,18.11,14.63
26003,92.0,83.6,73.69,62.81,53.76,43.55,33.74
26005,66.3,58.7,53.11,47.88,43.67,39.87,35.61
26007,130.4,123.3,118.86,113.73,109.89,106.21,101.82
26009,57.2,51.73,50.31,46.11,44.83,42.06,38.19
26011,146.9,129.85,109.91,88.42,68.59,50.19,29.53
26013,92.0,90.28,83.99,77.4,72.95,66.9,59.61
26015,66.8,64.18,63.46,63.14,63.61,65.31,66.54
26017,114.4,109.87,101.58,91.64,83.44,77.21,68.42
26019,73.7,76.0,71.24,64.52,61.88,57.18,53.07
26021,116.0,107.96,97.77,87.43,78.73,69.46,60.08
26023,94.1,85.44,76.91,66.68,58.21,49.79,41.42
26025,127.2,125.19,120.31,114.56,110.32,106.88,103.01
26027,50.3,44.23,39.28,34.32,30.05,26.3,21.75
26029,82.4,79.69,80.27,78.4,78.75,78.49,76.87
26031,143.3,135.6,122.1,106.05,92.11,78.42,62.4
26033,77.6,66.19,62.77,58.66,54.2,50.87,47.08
26035,171.6,144.22,125.83,105.86,88.06,69.45,51.18
26037,43.4,39.26,38.0,35.33,33.93,34.08,33.06
26039,112.1,101.05,123.83,144.6,168.63,191.41,213.09
26041,113.0,110.39,101.88,91.88,85.46,77.2,67.74
26043,132.0,117.1,106.63,93.73,83.59,72.48,60.28
26045,110.6,101.0,95.41,89.06,84.11,80.41,75.55
26047,142.1,133.63,127.22,118.25,110.68,103.47,94.79
26049,138.8,127.31,119.91,110.82,103.86,98.87,90.69
26051,136.1,118.56,104.34,88.41,74.22,60.3,45.47
26053,127.1,121.4,113.58,106.61,100.31,91.95,83.41
26055,141.7,128.44,104.55,78.88,56.91,33.16,9.77
26057,89.0,82.66,77.18,70.06,63.72,59.07,54.29
26059,80.6,78.61,70.53,61.31,53.65,45.74,37.2
26061,46.7,45.67,42.79,40.49,40.27,38.82,35.51
26063,83.7,79.22,74.92,68.32,64.36,60.49,55.0
26065,86.0,76.94,71.89,65.03,59.94,56.0,50.76
26067,68.5,66.86,66.86,67.38,67.95,70.09,71.88
26069,173.5,166.96,153.63,138.87,126.81,114.37,100.23
26071,83.6,84.21,82.12,79.73,79.8,78.1,75.02
26073,95.6,82.86,74.52,64.6,55.85,47.84,40.2
26075,96.0,89.6,83.7,76.77,71.11,67.1,61.18
26077,84.8,78.53,72.41,66.0,61.17,56.39,51.61
26079,133.6,121.83,107.56,91.28,78.11,63.5,48.23
26081,87.4,79.11,75.45,73.2,71.69,71.3,69.92
26083,0.0,-0.08,-0.03,0.64,2.8,4.11,3.8
26085,37.6,40.64,35.8,29.61,26.53,22.11,17.91
26087,96.6,86.56,78.52,68.46,60.68,54.2,45.53
26089,23.0,21.28,19.54,15.31,14.97,12.03,9.57
26091,97.6,93.04,90.56,85.44,82.94,80.65,77.02
26093,67.2,62.19,58.8,53.38,50.04,47.61,42.9
26095,161.7,151.7,133.52,112.83,93.74,75.21,56.96
26097,82.6,85.47,81.79,77.36,73.17,70.12,66.05
26099,107.8,101.68,97.35,91.74,88.04,84.99,80.1
26101,118.0,107.56,98.42,87.4,80.22,70.65,62.38
26103,93.1,92.41,83.78,74.62,67.65,59.86,51.73
26105,142.4,133.86,124.77,113.65,105.43,94.89,85.6
26107,104.6,95.2,89.84,82.22,77.58,71.84,66.48
26109,67.7,58.02,44.1,29.99,18.14,3.69,-10.06
26111,92.1,86.89,82.86,76.74,71.76,67.69,62.68
26113,33.5,24.04,34.63,43.57,55.37,66.02,75.33
26115,107.6,100.8,92.76,81.35,72.31,64.52,54.52
26117,135.7,124.29,116.17,108.04,100.95,94.92,88.37
26119,74.5,67.29,63.85,58.86,55.77,51.94,47.1
26121,151.3,136.46,126.93,117.99,111.37,103.68,96.45
26123,131.3,127.88,116.43,104.14,94.7,84.0,73.78
26125,81.6,76.76,72.7,67.08,63.65,61.42,57.01
26127,73.8,70.77,66.94,61.74,58.93,54.19,51.52
26129,188.0,161.37,147.73,132.45,119.57,106.11,91.36
26131,37.8,39.24,32.74,27.11,22.36,15.5,8.57
26133,104.8,93.24,81.4,67.26,56.04,43.95,32.07
26135,143.8,118.06,99.28,78.36,59.85,41.51,21.5
26137,174.0,160.47,151.1,139.9,130.56,120.6,109.12
26139,67.5,61.21,58.3,56.41,56.18,56.23,55.63
26141,53.7,53.72,52.17,48.62,46.49,44.83,41.86
26143,208.7,183.77,150.32,115.71,83.36,49.98,16.01
26145,110.0,97.56,91.1,82.36,75.63,70.86,63.44
26147,117.5,110.61,100.8,89.54,80.57,71.95,61.57
26149,129.4,118.25,106.52,93.81,82.92,72.36,61.68
26151,58.3,52.4,46.38,38.12,32.22,27.04,19.13
26153,118.4,98.96,104.87,108.17,113.34,117.25,122.21
26155,105.3,98.42,96.32,92.3,90.42,90.05,87.5
26157,90.9,82.63,78.12,71.3,66.77,63.72,58.13
26159,120.6,117.48,112.66,107.78,104.05,100.25,95.91
26161,55.5,50.52,44.27,35.1,28.87,23.44,15.66
26163,101.7,93.34,89.03,82.67,78.23,75.45,69.52
26165,176.2,164.04,146.06,125.93,108.69,90.74,72.15
27001,107.2,98.58,81.03,63.37,46.15,26.72,7.31
27003,61.6,57.4,52.12,47.35,42.38,33.84,26.92
27005,59.4,52.45,45.52,37.48,29.87,20.44,11.7
27007,67.0,60.0,55.24,48.68,42.82,34.81,27.66
27009,47.4,43.01,38.9,34.17,30.05,23.59,17.27
27011,107.9,89.66,84.61,80.42,76.3,69.95,63.9
27013,72.7,70.63,65.9,62.28,57.71,51.09,45.49
27015,72.5,67.69,57.33,46.81,36.1,23.76,12.27
27017,99.1,73.1,62.86,53.17,43.28,32.18,19.81
27019,46.8,43.68,40.19,38.21,35.68,29.58,25.16
27021,42.2,35.57,30.88,25.14,20.51,14.63,8.5
27023,68.3,72.83,70.58,69.2,66.46,63.28,60.67
27025,39.9,40.85,34.64,29.71,24.77,16.13,7.57
27027,66.9,62.54,54.5,45.33,35.85,25.76,15.26
27029,80.7,75.38,68.36,60.04,50.9,40.43,30.27
27031,1.4,1.65,40.4,79.41,119.58,156.52,193.32
27033,63.1,51.54,72.71,94.2,115.1,134.45,155.72
27035,76.8,68.26,59.61,50.95,42.26,33.24,23.69
27037,59.3,54.16,48.59,43.75,39.47,31.88,25.32
27039,20.2,18.02,16.57,16.52,16.89,14.03,12.5
27041,109.1,102.05,91.69,82.3,72.57,61.06,50.03
27043,59.0,56.87,54.42,53.13,50.2,46.48,43.61
27045,31.9,31.07,29.6,30.27,30.88,28.18,26.96
27047,45.5,41.63,35.96,31.47,26.24,19.75,13.7
27049,57.5,51.43,47.16,43.4,40.4,33.9,28.25
27051,44.8,45.37,46.38,47.46,48.49,47.03,46.56
27053,47.8,43.26,38.65,35.25,31.16,23.91,17.64
27055,26.6,22.87,23.12,24.79,27.33,25.87,26.42
27057,74.2,64.12,57.37,49.17,42.3,33.7,25.95
27059,58.7,57.89,52.31,47.56,42.73,34.06,27.16
27061,97.9,81.67,65.34,48.13,31.55,13.43,-5.28
27063,31.1,2.7,24.88,47.33,69.45,89.52,111.54
27065,87.4,90.14,82.5,75.86,69.75,60.23,51.78
27067,68.3,66.38,64.16,63.06,60.82,58.25,56.2
27069,41.7,40.3,38.48,33.95,30.32,26.4,23.03
27071,78.8,68.69,59.71,48.7,38.25,25.51,13.44
27073,57.0,56.87,60.52,65.93,70.17,73.37,76.53
27075,28.8,31.83,32.82,34.39,36.11,35.67,35.5
27077,77.2,71.68,68.15,62.84,57.53,52.95,48.19
27079,29.2,22.57,11.48,2.39,-8.64,-21.52,-32.91
27081,63.8,63.92,44.38,26.45,6.86,-13.45,-31.85
27083,54.8,53.09,49.15,46.88,42.2,36.9,33.52
27085,77.0,71.84,68.82,68.53,67.01,63.58,62.07
27087,57.3,48.11,37.84,26.0,14.15,1.14,-11.52
27089,27.0,25.11,23.66,19.1,14.73,10.1,6.14
27091,91.5,86.1,77.4,69.3,60.02,49.49,41.0
27093,39.5,37.73,30.48,24.69,17.79,8.93,1.78
27095,89.5,84.34,74.72,64.68,55.51,43.09,31.46
27097,77.8,74.59,64.98,55.83,47.32,37.32,27.07
27099,49.2,47.9,41.54,36.39,31.19,24.33,17.44
27101,36.8,35.87,35.99,37.17,36.26,34.56,34.99
27103,28.3,25.51,20.04,16.31,11.86,4.9,-0.72
27105,58.4,58.9,50.87,43.3,34.64,25.36,17.66
27107,41.9,38.87,26.61,12.79,-0.84,-15.6,-29.96
27109,36.5,33.45,29.07,26.04,23.36,17.69,12.48
27111,66.6,60.43,56.06,51.17,46.47,39.81,33.89
27113,95.6,87.79,75.62,62.09,47.76,32.79,19.12
27115,61.9,62.36,62.78,65.09,67.15,66.12,65.93
27117,80.2,89.08,76.76,65.7,52.67,39.6,27.79
27119,78.8,71.42,64.2,54.29,44.7,34.99,25.77
27121,68.7,70.25,68.53,68.08,66.24,63.86,60.55
27123,48.9,45.89,41.91,38.48,35.94,29.44,23.39
27125,36.8,32.26,31.25,28.49,25.44,21.54,17.97
27127,60.5,57.39,50.59,42.76,33.78,24.16,16.1
27129,33.0,31.56,30.68,29.6,27.55,25.04,24.5
27131,62.0,56.76,50.26,45.26,39.84,31.22,24.36
27133,55.7,30.82,57.01,84.61,110.14,136.57,163.36
27135,66.8,62.98,60.36,56.02,52.0,47.4,43.61
27137,80.6,74.81,64.71,55.22,45.36,33.56,21.74
27139,42.7,39.7,36.93,35.13,32.51,26.26,22.31
27141,52.8,49.04,41.31,34.14,27.03,16.69,7.0
27143,29.6,30.2,27.71,26.41,25.01,20.82,17.83
27145,67.4,63.6,55.26,47.15,39.08,29.49,20.13
27147,59.1,51.96,47.96,44.76,41.88,35.83,31.19
27149,55.8,52.86,56.71,61.52,65.21,68.01,70.43
27151,57.6,56.42,55.16,55.32,53.31,51.93,49.68
27153,29.4,27.06,24.84,22.75,20.39,17.17,13.55
27155,110.3,99.59,59.46,19.64,-19.59,-61.36,-102.19
27157,9.8,11.18,9.89,9.36,9.56,6.59,4.9
27159,174.6,156.03,145.9,135.38,125.47,113.86,103.12
27161,49.1,47.87,43.29,39.97,35.6,29.02,23.78
27163,60.7,57.47,52.95,49.36,46.85,39.97,33.66
27165,49.3,44.23,43.03,41.78,39.89,37.11,34.77
27167,81.9,70.86,62.55,52.57,42.2,31.17,20.5
27169,60.9,54.5,47.82,41.73,35.85,26.54,18.67
27171,61.9,56.77,52.63,49.6,46.4,40.01,35.14
27173,38.8,37.76,37.2,37.6,36.05,34.1,33.54
28001,178.7,166.08,158.67,148.15,137.8,128.11,118.43
28003,205.7,189.66,176.32,160.14,145.31,129.25,115.2
28005,52.2,48.78,47.6,43.61,42.06,41.28,39.04
28007,119.8,118.17,116.45,110.59,105.82,100.96,95.8
28009,73.8,68.2,66.89,62.2,58.92,54.76,52.09
28011,92.6,92.58,88.13,80.68,74.16,67.86,61.63
28013,84.8,81.58,80.15,74.95,71.82,67.87,63.9
28015,1.2,0.64,0.47,-2.92,-5.13,-7.59,-9.31
28017,125.7,97.71,87.82,74.37,63.27,50.96,38.98
28019,91.6,75.6,60.76,41.34,24.36,6.0,-11.72
28021,90.0,84.76,79.06,70.47,62.7,56.32,50.38
28023,138.5,132.99,121.46,108.13,96.76,84.33,70.89
28025,119.8,115.04,113.51,108.02,104.54,100.74,96.14
28027,108.6,105.75,119.75,131.82,145.95,158.4,173.23
28029,108.7,103.18,101.27,96.76,93.02,90.32,87.03
28031,103.6,112.72,112.94,110.85,110.16,108.55,107.62
28033,109.4,104.83,100.78,95.33,91.51,85.56,81.76
28035,240.3,219.67,210.39,199.1,189.32,178.74,168.12
28037,87.4,83.73,72.39,58.37,46.32,34.9,22.87
28039,179.7,169.57,159.23,147.24,136.58,125.16,113.99
28041,56.3,54.82,57.39,58.5,60.08,61.3,62.65
28043,147.5,157.28,164.14,167.75,172.9,177.68,183.46
28045,99.1,89.74,88.71,86.47,85.68,84.4,82.23
28047,141.0,134.09,125.85,115.86,107.52,99.23,89.69
28049,78.0,76.81,72.29,64.62,57.64,50.77,44.38
28051,65.8,64.61,66.31,64.7,63.77,63.27,62.9
28053,59.1,61.62,60.75,57.38,53.93,51.09,48.35
28055,0.0,-0.62,-1.34,-4.66,-8.04,-10.57,-12.78
28057,130.8,132.0,122.85,112.14,101.8,90.74,80.18
28059,124.8,114.53,103.27,90.13,78.6,66.94,55.09
28061,43.1,41.74,38.24,32.76,28.63,24.68,19.97
28063,0.6,-0.52,-0.56,-3.67,-5.77,-6.92,-7.63
28065,127.9,118.84,117.85,114.99,113.34,111.14,109.51
28067,171.9,168.72,149.66,127.97,108.25,87.93,67.44
28069,57.6,50.79,40.23,25.1,12.52,-1.09,-14.6
28071,77.6,72.79,70.79,66.47,63.0,58.31,55.28
28073,43.5,42.84,38.45,31.86,26.22,20.38,15.04
28075,170.1,162.48,157.65,150.03,144.0,136.46,128.79
28077,136.2,123.65,117.98,110.03,103.55,96.64,89.75
28079,91.5,90.05,91.84,89.51,88.75,87.89,87.23
28081,128.7,126.55,124.35,119.66,115.61,110.69,106.67
28083,118.8,118.26,119.2,117.08,115.41,114.38,114.2
28085,133.5,122.84,115.29,105.42,96.88,88.86,80.31
28087,130.5,130.89,124.33,114.11,106.24,97.19,88.0
28089,72.8,70.36,67.76,61.38,55.35,49.3,44.42
28091,217.9,194.4,183.79,169.92,158.66,146.45,134.61
28093,53.1,51.06,48.48,43.31,40.4,35.17,32.03
28095,113.1,101.61,101.82,99.05,98.31,96.81,95.28
28097,102.9,96.07,92.07,84.39,78.34,72.07,65.88
28099,187.0,162.45,148.16,129.72,112.76,95.51,78.47
28101,73.2,65.29,70.21,72.98,77.18,79.9,82.34
28103,99.2,95.64,98.46,97.47,98.7,99.05,99.89
28105,78.8,73.67,74.14,70.2,68.33,65.71,63.23
28107,110.4,110.45,102.33,92.09,82.51,71.69,64.01
28109,153.4,146.72,134.01,120.0,107.73,95.25,82.39
28111,96.8,92.63,88.72,82.6,78.22,73.24,68.0
28113,185.3,176.21,154.99,132.01,110.31,88.4,66.18
28115,108.7,103.45,98.35,91.48,85.55,78.97,72.99
28117,128.8,119.06,107.99,93.49,79.78,65.39,51.55
28119,70.8,56.18,71.3,83.98,98.8,112.06,127.9
28121,105.8,102.82,100.74,95.45,91.02,87.47,84.48
28123,103.8,97.83,92.91,85.94,79.79,73.08,66.42
28125,132.5,121.58,101.86,78.85,56.07,33.75,11.28
28127,125.4,117.19,108.34,96.82,85.79,75.59,64.54
28129,48.6,50.73,48.09,43.63,39.91,36.57,32.69
28131,179.4,169.04,158.65,146.18,135.28,124.56,112.41
28133,54.3,52.15,53.51,52.59,52.36,52.33,52.33
28135,11.1,33.46,38.25,40.18,44.14,46.95,50.78
28137,143.3,137.77,129.01,118.75,109.63,98.75,90.43
28139,121.9,119.78,106.82,90.62,75.63,59.89,45.64
28141,161.9,148.35,159.14,166.66,175.93,183.28,191.96
28143,1.6,17.64,36.2,53.23,71.46,87.63,106.81
28145,132.3,124.48,115.86,105.23,95.41,85.06,75.73
28147,70.9,68.98,67.13,63.81,62.09,60.13,57.89
28149,120.7,111.83,105.96,97.61,89.19,81.39,73.98
28151,110.1,108.08,103.95,98.51,93.3,88.12,82.63
28153,144.7,139.91,135.28,128.37,122.71,116.91,110.86
28155,137.3,128.17,152.26,172.18,194.73,215.65,237.21
28157,116.9,111.14,93.41,71.84,50.77,31.5,11.42
28159,130.0,119.22,115.97,108.24,103.18,96.83,91.44
28161,59.9,58.52,55.29,49.29,44.98,39.23,34.45
28163,65.9,65.01,62.19,56.66,50.79,45.61,41.08
29001,158.9,140.65,117.21,95.0,74.94,53.43,31.51
29003,2.2,1.45,0.62,-0.43,-1.51,-4.23,-3.68
29005,54.9,32.99,94.55,155.28,216.99,276.24,337.52
29007,76.0,72.24,69.86,69.75,70.77,71.04,70.66
29009,134.0,110.4,122.91,135.01,146.82,157.9,168.33
29011,66.4,61.38,121.73,181.0,239.01,297.47,354.64
29013,57.8,61.21,56.88,52.59,47.69,42.58,37.09
29015,106.6,107.52,103.6,99.61,97.06,92.11,88.07
29017,70.2,66.56,64.87,64.08,63.98,61.83,61.05
29019,53.8,51.17,46.7,42.85,40.7,37.72,34.33
29021,127.6,119.42,110.13,100.13,89.76,78.35,69.88
29023,216.1,197.71,181.25,166.33,150.67,132.81,117.09
29025,2.8,2.12,2.8,2.42,3.56,2.39,3.83
29027,41.3,44.13,43.66,45.16,47.14,47.99,49.07
29029,134.7,119.67,111.7,105.49,100.55,92.71,85.16
29031,128.3,125.41,117.52,111.56,105.57,97.52,91.02
29033,76.5,52.1,83.88,115.24,148.14,179.04,211.29
29035,1.9,0.09,0.71,2.86,3.81,2.67,3.41
29037,117.9,109.76,106.21,101.57,97.52,93.68,89.81
29039,19.7,17.23,9.94,2.95,-4.83,-12.87,-21.31
29041,29.0,40.63,37.32,33.7,33.09,29.92,27.7
29043,90.9,82.24,73.89,66.94,57.48,48.35,38.83
29045,4.8,6.14,77.16,150.16,223.99,297.37,370.01
29047,101.2,94.79,89.55,83.78,78.71,71.97,67.51
29049,63.8,64.54,62.47,60.3,58.68,54.79,54.26
29051,122.9,108.5,98.02,88.6,80.45,71.19,61.34
29053,45.9,41.86,38.16,34.43,33.58,30.02,27.08
29055,65.2,82.78,83.98,87.77,90.43,92.36,93.99
29057,51.5,40.96,34.66,28.19,21.0,13.31,5.12
29059,42.4,37.16,33.72,32.22,29.87,26.61,22.1
29061,36.8,32.13,32.05,30.77,30.61,27.74,27.9
29063,0.0,-0.05,-0.14,-0.51,0.17,-1.7,-0.19
29065,121.4,105.35,95.87,87.54,77.75,68.25,59.35
29067,99.4,88.85,84.29,80.97,75.49,69.94,65.61
29069,201.8,174.47,163.51,151.63,139.97,126.94,115.05
29071,115.2,108.36,100.94,95.58,89.8,83.24,77.29
29073,39.7,53.36,67.66,83.32,98.93,113.94,128.69
29075,46.0,45.9,50.07,53.37,57.76,58.59,63.89
29077,127.0,116.47,108.91,103.19,94.72,86.66,78.26
29079,149.2,131.78,111.27,90.82,71.86,50.41,30.81
29081,132.7,126.41,125.11,123.7,122.86,119.67,118.71
29083,166.1,146.81,147.71,147.93,148.79,148.96,149.85
29085,9.5,7.38,3.98,0.17,-2.88,-7.43,-12.09
29087,0.0,-0.41,0.71,0.51,1.5,0.6,1.95
29089,4.3,3.55,0.96,-1.9,-1.43,-4.31,-6.05
29091,192.7,177.11,164.12,151.83,137.06,122.81,109.69
29093,142.8,137.17,139.1,143.55,147.16,149.55,153.32
29095,88.3,83.63,79.66,74.53,69.79,64.63,60.26
29097,169.3,153.59,142.16,129.85,116.26,102.43,88.1
29099,90.7,83.26,78.47,76.07,73.99,70.89,67.48
29101,57.8,57.13,54.73,52.35,49.9,46.87,44.68
29103,2.0,2.17,3.86,7.31,12.6,16.1,19.23
29105,127.8,112.97,108.49,105.46,101.41,96.06,91.42
29107,61.1,54.79,45.22,36.08,26.96,16.92,8.21
29109,57.9,55.33,51.66,48.2,43.97,39.07,33.96
29111,2.9,3.08,4.77,7.97,12.7,16.87,20.61
29113,86.2,77.47,73.47,71.24,70.16,67.62,64.48
29115,57.1,47.05,42.6,38.32,36.35,33.12,30.72
29117,149.2,118.57,100.15,81.14,64.52,45.62,28.37
29119,45.9,48.33,43.98,39.39,33.37,27.28,20.79
29121,77.7,87.38,84.17,82.07,82.12,80.91,79.69
29123,156.5,152.1,128.94,108.4,88.02,66.07,44.48
29125,4.5,11.29,0.13,-9.47,-19.36,-30.16,-41.27
29127,128.0,125.33,118.92,114.84,112.05,108.26,103.9
29129,74.3,69.41,61.14,53.19,46.15,37.28,30.33
29131,73.6,69.1,71.06,74.56,79.41,82.14,84.68
29133,77.0,66.36,65.58,67.36,68.88,67.79,67.99
29135,2.5,1.42,0.1,-0.27,1.4,0.9,0.69
29137,3.1,2.66,2.51,3.98,7.66,9.74,11.32
29139,72.2,65.66,59.92,55.95,53.51,50.11,45.95
29141,38.6,33.38,30.55,29.12,28.96,26.43,24.26
29143,64.4,66.5,70.68,77.3,82.05,85.98,91.07
29145,58.5,54.8,53.47,51.49,48.8,45.78,42.13
29147,84.8,86.08,77.96,68.73,61.02,50.84,43.48
29149,61.4,56.84,52.67,49.45,44.11,37.78,32.85
29151,28.1,26.03,23.96,23.91,24.15,23.29,21.9
29153,57.9,54.28,49.54,45.91,40.63,35.51,30.99
29155,142.2,141.23,147.53,154.24,160.53,165.39,170.9
29157,68.0,63.84,61.88,62.46,63.22,62.28,61.39
29159,96.4,76.95,78.91,80.97,84.32,85.59,87.8
29161,139.0,118.86,92.01,66.56,39.76,12.97,-13.75
29163,70.1,68.23,69.32,72.52,75.93,79.94,82.65
29165,78.9,72.1,68.3,64.13,59.91,54.75,51.86
29167,118.7,102.9,99.02,96.11,92.71,87.76,82.57
29169,54.1,48.19,42.1,37.42,31.79,25.86,19.32
29171,2.6,0.61,54.17,109.04,165.31,220.0,275.41
29173,0.0,-0.22,-0.41,1.6,4.47,7.3,9.87
29175,116.8,110.91,114.3,118.63,125.52,130.38,135.3
29177,79.1,70.08,77.38,84.92,92.57,97.5,106.0
29179,3.3,1.75,1.42,4.0,4.17,3.57,4.35
29181,197.2,164.83,146.52,129.2,111.43,91.09,73.12
29183,81.2,78.21,75.2,74.05,73.67,72.19,69.91
29185,4.3,3.85,2.12,0.05,-2.31,-4.97,-7.96
29186,37.5,38.39,44.83,52.94,61.53,68.55,75.85
29187,197.9,178.21,171.78,166.57,161.61,155.82,150.34
29189,75.3,72.03,68.93,68.67,68.8,68.2,67.32
29195,69.3,89.72,88.54,87.78,88.93,88.14,88.29
29197,0.0,-0.32,2.2,6.41,11.78,15.63,19.15
29199,4.8,3.73,95.46,189.38,284.33,377.73,470.82
29201,137.6,127.7,118.6,112.01,104.86,95.58,87.25
29203,2.0,0.52,40.19,80.64,119.62,157.23,196.65
29205,40.1,33.77,32.06,32.26,33.73,33.9,33.81
29207,125.7,105.6,99.25,95.21,90.29,84.69,79.51
29209,86.1,80.75,74.54,68.91,61.1,54.17,46.73
29211,2.0,14.37,75.58,137.51,201.04,263.36,326.34
29213,132.0,119.82,112.86,106.52,98.43,91.13,82.48
29215,75.9,63.28,65.8,69.05,71.21,72.73,75.26
29217,111.0,95.94,87.34,77.26,67.5,56.98,45.95
29219,74.4,68.27,61.11,55.15,50.19,43.35,36.5
29221,52.7,47.56,41.85,37.46,33.46,28.38,23.53
29223,33.2,27.65,26.09,26.39,26.37,24.29,23.59
29225,114.8,104.39,98.1,93.14,86.85,79.45,72.53
29227,4.2,4.06,3.95,3.01,3.1,0.93,1.41
29229,143.6,133.56,121.73,110.9,98.26,85.15,73.23
29510,60.8,57.67,54.14,53.37,53.11,52.01,50.67
30001,92.0,89.4,86.48,82.16,76.9,74.66,70.98
30003,2.1,2.07,1.13,1.68,0.84,0.44,-0.43
30005,47.5,39.9,38.1,38.02,39.04,40.46,40.77
30007,1.7,0.74,33.06,68.62,100.76,134.64,168.31
30009,0.9,1.65,26.03,52.33,77.65,102.44,126.79
30011,0.0,-0.14,-0.11,-1.15,-3.01,-2.37,-3.73
30013,113.9,102.84,97.24,93.24,88.14,84.4,80.95
30015,42.1,34.05,32.96,32.7,32.45,34.67,34.05
30017,126.7,116.3,105.5,95.55,84.71,74.96,64.62
30019,8.9,7.46,5.77,4.71,3.05,3.23,1.65
30021,94.3,92.85,86.56,81.84,76.07,71.73,65.46
30023,96.3,96.47,95.63,94.75,92.5,93.58,92.62
30025,5.2,2.99,2.87,3.02,1.91,1.4,-0.53
30027,90.6,82.21,79.98,78.95,77.09,77.06,74.71
30029,103.8,95.69,88.89,84.16,78.5,72.72,67.08
30031,56.6,51.61,47.6,45.75,41.65,38.29,34.73
30033,0.0,-0.09,-0.01,1.98,2.09,3.63,3.96
30035,49.6,42.2,31.42,21.91,12.69,2.7,-6.23
30037,0.0,-0.02,1.04,4.25,6.29,9.56,10.74
30039,0.0,-0.31,-0.13,-0.28,-0.99,0.21,0.5
30041,79.5,64.92,59.38,54.05,49.42,45.94,42.39
30043,16.3,15.39,14.54,16.12,15.15,15.78,16.87
30045,0.0,-0.31,0.22,1.16,1.36,4.19,4.98
30047,75.8,67.86,64.32,62.99,61.28,59.95,58.89
30049,84.5,79.18,72.18,67.09,60.22,55.02,49.93
30051,35.1,31.3,40.48,50.01,59.18,69.25,78.83
30053,113.3,100.52,101.25,103.36,104.09,104.36,106.37
30055,0.0,-0.11,-0.09,1.34,0.92,2.74,2.58
30057,16.0,4.14,28.45,53.47,76.24,100.75,123.81
30059,62.7,57.23,55.19,55.35,53.04,52.36,51.45
30061,72.0,63.76,51.15,41.1,30.12,19.48,8.01
30063,85.3,75.6,71.23,67.75,63.24,60.24,56.58
30065,0.0,-0.02,-0.16,1.95,1.79,4.16,3.95
30067,48.4,45.65,45.6,48.41,48.98,50.34,50.31
30069,0.0,-0.17,-0.02,2.59,2.93,5.04,5.9
30071,79.8,59.87,84.01,110.15,135.82,162.37,188.4
30073,6.4,76.62,67.9,60.22,52.61,44.64,37.67
30075,58.2,48.05,38.84,28.73,18.83,10.45,1.43
30077,85.4,81.51,76.06,72.02,65.77,62.21,58.41
30079,0.0,-0.17,-0.29,1.43,0.6,1.87,2.09
30081,88.4,76.3,77.78,79.32,79.49,82.99,83.61
30083,68.4,60.2,63.46,66.96,70.34,74.98,76.9
30085,27.7,26.37,26.92,28.7,29.46,31.94,32.19
30087,40.8,37.27,38.53,40.15,41.24,42.81,44.13
30089,94.2,68.73,78.28,89.86,101.33,113.0,125.02
30091,0.0,-0.11,-0.07,0.76,2.38,3.88,4.23
30093,112.7,108.26,99.31,90.07,79.69,72.12,63.44
30095,2.5,2.68,41.15,81.33,120.49,159.47,197.23
30097,3.1,1.83,43.86,88.45,131.35,174.16,216.07
30099,88.7,73.08,64.81,58.52,52.1,46.6,41.31
30101,57.9,62.88,57.8,53.86,50.02,46.02,42.15
30103,0.0,-0.09,-0.04,0.32,-0.83,-1.2,-2.15
30105,52.7,48.93,42.38,37.17,31.5,27.23,20.38
30107,0.6,2.21,45.18,90.08,134.14,179.34,221.76
30109,0.0,-0.1,-0.11,0.12,-0.18,0.15,-1.65
30111,101.7,95.8,87.8,82.56,75.57,68.9,61.19
31001,83.7,79.06,77.68,73.86,72.27,70.21,67.69
31003,59.5,53.72,48.75,42.6,35.85,31.13,25.79
31005,0.0,-0.06,0.04,-3.05,-4.04,-5.08,-8.29
31007,0.0,-0.2,-0.28,-2.27,-4.44,-6.48,-9.11
31009,0.0,-0.08,0.07,-1.26,-1.54,-0.78,-2.58
31011,4.9,5.58,2.17,-3.18,-9.03,-13.16,-17.65
31013,83.6,90.82,101.06,106.43,115.6,124.67,132.09
31015,65.4,29.87,1.36,-26.55,-55.22,-82.4,-111.12
31017,64.3,59.67,55.86,51.66,46.97,44.19,38.81
31019,79.6,77.29,74.07,68.75,64.76,60.84,56.37
31021,54.9,46.81,22.68,-4.12,-29.72,-56.58,-82.22
31023,72.3,69.04,65.61,59.8,53.83,49.47,45.29
31025,25.3,26.02,25.59,23.44,22.24,19.68,18.43
31027,37.8,36.85,34.49,31.51,28.53,26.2,23.49
31029,75.9,69.9,64.72,58.33,52.55,45.46,37.5
31031,82.3,84.63,90.87,95.86,101.57,108.57,111.65
31033,68.4,54.89,45.8,34.57,24.69,13.6,1.78
31035,1.4,0.91,0.54,-1.02,-0.97,-0.68,0.0
31037,1.4,1.16,0.33,-3.12,-6.98,-9.09,-11.26
31039,29.6,29.84,28.54,24.8,21.29,17.98,16.01
31041,93.1,83.55,90.73,96.6,103.11,109.59,115.68
31043,75.1,73.35,72.96,70.67,70.21,68.52,66.95
31045,75.6,71.03,72.93,70.46,70.99,71.0,69.27
31047,53.4,51.94,56.13,57.8,60.45,63.03,64.89
31049,4.3,4.22,3.79,1.17,0.53,-1.1,-4.23
31051,11.2,12.05,12.5,11.45,10.78,9.74,8.9
31053,107.7,104.31,100.31,93.63,87.56,81.85,76.53
31055,72.3,66.95,64.33,60.39,57.67,53.3,50.38
31057,111.3,114.76,124.01,131.83,140.84,149.06,156.53
31059,2.5,4.59,2.48,-0.59,-3.1,-4.5,-5.6
31061,3.6,3.73,0.29,-5.75,-10.51,-15.55,-21.14
31063,0.0,-0.26,-0.15,-1.77,-2.06,-2.92,-4.95
31065,2.1,3.28,2.74,1.06,-0.6,-1.5,-4.38
31067,90.3,76.67,63.03,47.82,33.12,17.93,4.07
31069,104.1,111.33,116.91,119.62,124.28,128.36,131.62
31071,7.3,11.21,12.99,13.36,14.0,15.41,16.04
31073,0.0,-0.03,0.23,-1.67,-2.8,-4.0,-6.31
31075,0.0,0.15,0.15,-4.14,-6.43,-7.97,-12.73
31077,0.4,0.96,-0.17,-2.49,-5.77,-6.61,-9.21
31079,89.1,83.17,77.67,70.19,63.64,58.56,52.7
31081,68.9,67.8,65.08,61.15,57.88,55.66,53.81
31083,86.2,85.35,85.92,84.55,83.18,82.03,79.45
31085,0.0,-0.12,-0.03,-1.58,-2.93,-4.84,-8.58
31087,0.0,-0.32,-0.15,-0.97,-1.48,-2.27,-5.5
31089,78.2,72.88,59.6,46.41,32.11,20.17,6.89
31091,0.0,0.04,0.11,-3.74,-6.04,-7.05,-11.6
31093,80.9,77.95,70.91,62.09,53.47,46.57,38.55
31095,135.5,117.54,117.98,117.72,118.34,118.23,119.02
31097,51.4,50.53,45.71,38.75,32.7,25.91,19.92
31099,69.9,65.75,62.85,57.83,53.58,49.52,44.65
31101,134.1,122.85,119.92,114.81,111.21,107.72,102.06
31103,0.0,0.2,-0.99,-2.12,-3.66,-4.54,-7.28
31105,0.0,-0.34,2.42,3.79,5.43,7.33,9.23
31107,32.2,27.41,27.4,27.43,26.05,26.23,25.84
31109,69.0,64.36,62.49,59.16,55.76,53.0,50.83
31111,107.8,102.44,96.28,88.41,81.69,74.38,65.4
31113,0.0,-0.18,-0.04,-2.0,-2.47,-2.98,-5.05
31115,0.0,0.07,0.13,-0.98,-1.49,-1.1,-2.68
31117,0.0,-0.15,-0.13,-2.58,-3.57,-4.17,-7.03
31119,103.2,96.35,89.84,82.28,73.67,66.67,59.9
31121,66.7,65.56,61.37,55.55,50.23,46.29,42.8
31123,58.0,68.32,60.96,50.25,41.33,30.87,20.46
31125,21.7,43.13,44.29,43.03,41.68,42.24,42.38
31127,104.5,101.22,95.59,88.82,82.66,74.33,67.66
31129,78.0,67.85,45.18,20.64,-2.19,-26.28,-49.68
31131,97.6,92.6,87.18,81.01,74.99,67.87,61.63
31133,84.0,79.91,71.05,61.31,51.75,41.98,33.19
31135,64.5,65.0,67.38,67.99,69.81,70.74,70.35
31137,113.8,110.98,114.17,115.08,117.53,119.46,120.5
31139,29.9,25.89,28.1,29.72,30.12,32.78,34.57
31141,83.1,78.71,77.44,74.2,70.51,67.72,65.33
31143,34.2,26.41,24.6,21.18,17.59,15.37,13.43
31145,131.5,118.89,111.82,103.73,95.36,87.73,76.94
31147,60.4,53.75,52.27,50.84,49.04,46.03,45.19
31149,0.0,-0.3,-0.51,-0.27,-1.69,-1.05,-1.65
31151,62.3,57.04,52.7,47.81,43.14,38.66,35.11
31153,59.2,55.61,53.26,49.25,46.55,42.54,39.56
31155,48.4,44.21,32.36,18.09,4.38,-8.43,-20.97
31157,110.5,101.84,94.54,84.53,75.45,66.2,56.76
31159,49.3,56.16,51.63,45.71,40.12,35.31,31.08
31161,0.7,1.21,1.01,-3.84,-5.36,-7.56,-12.15
31163,2.7,2.78,2.0,-0.75,-2.47,-3.96,-6.52
31165,0.0,-0.11,-0.09,-3.21,-4.56,-6.13,-8.22
31167,0.0,-0.42,-0.42,-1.5,-3.49,-3.58,-3.2
31169,4.0,4.74,3.69,1.73,1.25,-0.41,-0.48
31171,0.0,0.01,0.04,-1.93,-2.32,-2.96,-6.14
31173,28.2,4.75,1.49,-4.27,-9.27,-14.46,-18.74
31175,5.2,10.82,7.57,3.41,-1.34,-4.91,-9.87
31177,64.4,60.76,57.87,53.07,49.84,45.17,41.51
31179,56.6,51.73,51.43,49.5,47.37,46.46,45.56
31181,5.7,4.51,4.98,2.74,2.11,0.67,-0.18
31183,0.0,-0.01,-0.2,-2.1,-4.23,-4.77,-6.06
31185,116.4,106.06,100.08,93.01,86.27,80.99,76.45
32001,135.2,121.92,108.2,95.49,86.12,74.49,60.99
32003,85.3,81.37,77.44,75.11,73.07,70.15,65.0
32005,105.9,104.04,103.99,104.78,106.14,107.6,106.33
32007,78.8,68.88,64.04,59.47,56.21,53.49,49.26
32009,0.0,-0.12,-0.11,1.38,3.53,4.54,2.86
32011,0.0,-0.13,-0.13,-0.22,2.88,3.93,4.13
32013,80.5,88.76,78.93,70.69,63.45,55.74,46.48
32015,1.7,1.28,0.16,-0.1,1.42,2.33,2.38
32017,97.7,93.59,85.72,78.22,70.56,64.38,55.57
32019,108.5,101.35,92.61,85.68,80.76,74.35,66.17
32021,145.9,135.06,120.82,107.19,95.21,82.38,66.83
32023,146.6,141.94,137.07,131.8,127.35,123.08,116.05
32027,52.1,46.01,38.82,32.94,29.46,25.29,20.49
32029,0.0,-0.65,-0.93,1.61,5.24,7.52,8.53
32031,98.0,90.61,83.71,79.75,75.94,70.36,63.92
32033,115.4,109.6,101.37,93.75,86.63,80.87,72.6
32510,144.1,139.3,130.78,124.36,118.01,111.49,103.55
33001,87.0,82.17,68.7,56.87,44.5,31.22,20.5
33003,90.0,85.06,74.94,66.54,57.3,47.09,39.51
33005,79.2,74.2,65.32,56.56,46.07,37.71,28.97
33007,93.9,87.86,71.59,58.26,43.47,27.69,13.87
33009,87.1,80.3,68.18,57.43,45.4,32.84,22.22
33011,70.1,64.95,54.69,45.11,33.66,23.59,14.17
33013,90.4,86.06,73.74,62.92,50.88,38.39,27.61
33015,76.0,71.85,63.03,55.67,46.83,38.38,30.29
33017,95.0,91.35,80.0,70.38,59.34,47.53,37.76
33019,66.5,61.86,54.78,48.44,40.59,33.79,27.92
34001,84.7,80.48,74.52,69.77,62.3,56.8,52.06
34003,44.4,44.22,42.35,39.92,37.18,35.03,32.69
34005,73.9,73.24,68.97,64.5,58.21,52.63,47.83
34007,90.8,87.92,84.53,81.33,75.16,70.32,67.08
34009,96.8,95.06,88.21,82.93,74.96,68.07,62.27
34011,98.0,98.01,91.69,86.71,78.82,72.29,67.62
34013,43.0,42.46,39.58,35.37,31.21,27.9,24.09
34015,85.8,82.83,78.45,74.88,68.98,63.65,60.41
34017,38.6,38.29,36.69,34.24,31.35,29.6,26.97
34019,46.3,44.96,42.68,40.47,37.03,32.87,30.19
34021,59.6,58.97,54.17,49.19,43.4,37.92,33.03
34023,45.8,44.51,41.37,37.21,32.97,29.65,25.66
34025,61.8,59.43,55.17,50.11,44.74,39.95,35.01
34027,45.9,45.16,42.31,38.57,34.39,30.93,28.32
34029,72.6,70.56,66.48,62.25,56.1,51.0,46.66
34031,50.8,50.65,46.25,41.47,36.19,31.42,27.13
34033,80.5,78.06,72.1,66.63,58.13,51.09,45.98
34035,38.7,38.69,36.82,34.77,31.98,29.67,27.56
34037,63.7,60.86,59.28,58.04,56.71,55.15,55.16
34039,45.2,44.88,40.94,36.08,30.94,26.39,21.84
34041,77.5,75.29,70.67,65.62,59.82,53.77,49.54
35001,74.7,74.71,68.88,61.6,53.96,47.38,37.7
35003,0.0,-0.06,-0.19,0.05,-1.11,-0.07,-0.48
35005,88.8,84.58,81.26,75.4,70.22,66.45,61.53
35006,28.8,38.89,39.71,40.36,40.36,43.6,44.53
35007,85.8,74.17,69.91,64.37,59.12,53.66,48.56
35009,79.1,67.96,63.78,59.14,52.76,48.1,43.75
35011,26.2,7.46,7.16,4.92,3.46,2.38,1.67
35013,51.3,49.15,46.61,41.91,39.12,37.19,32.83
35015,98.9,94.4,89.63,82.43,76.45,71.42,65.76
35017,103.7,94.76,83.95,72.55,62.48,53.79,41.75
35019,9.9,8.27,6.88,3.4,0.22,-2.42,-5.23
35021,0.0,-0.23,-0.28,-0.8,-2.37,-3.07,-3.65
35023,0.0,-0.09,-0.34,-0.76,0.62,3.11,1.2
35025,79.4,70.64,72.07,71.45,71.5,72.15,72.6
35027,97.9,95.48,92.45,87.03,82.67,78.48,73.76
35028,63.0,64.42,69.82,74.02,77.83,83.26,86.52
35029,95.8,92.51,73.31,52.55,34.43,15.74,-5.57
35031,22.9,23.16,22.65,22.0,20.97,22.2,21.08
35033,0.0,-0.39,-0.27,-0.61,-1.19,-1.15,-2.45
35035,62.4,63.45,56.01,46.85,39.24,31.76,22.72
35037,110.1,103.95,87.42,69.12,50.29,32.64,14.25
35039,93.7,90.38,83.44,75.78,67.97,62.07,53.75
35041,28.1,25.78,26.83,25.98,23.98,23.1,22.78
35043,57.4,57.14,54.56,49.62,44.79,42.08,35.67
35045,66.1,68.02,67.75,66.55,66.36,66.52,65.39
35047,85.0,75.06,68.99,61.89,53.55,46.25,39.03
35049,90.4,89.77,82.51,73.56,64.13,55.57,45.69
35051,115.0,98.6,91.42,81.2,72.52,64.85,55.33
35053,83.9,84.94,59.99,32.67,5.05,-20.55,-48.01
35055,96.6,90.43,85.87,80.94,75.9,73.33,68.2
35057,27.8,28.22,25.77,21.4,17.06,14.37,9.58
35059,56.4,50.01,44.6,38.48,32.04,26.03,19.91
35061,90.2,86.39,79.43,70.58,62.49,56.25,46.56
36001,51.5,50.48,46.7,41.62,38.21,33.77,29.87
36003,59.2,59.9,58.65,56.97,55.93,54.64,53.04
36005,32.5,32.23,30.64,27.95,25.41,24.09,22.21
36007,71.6,70.75,69.42,67.29,67.96,65.78,65.3
36009,79.6,79.54,73.49,66.42,61.07,54.19,47.02
36011,34.1,50.65,49.36,47.5,46.35,43.65,42.03
36013,81.7,80.83,72.73,62.68,53.38,43.36,34.29
36015,101.8,98.18,85.39,72.23,60.12,46.53,34.34
36017,55.7,56.85,52.79,48.5,46.01,40.78,37.41
36019,44.4,72.94,76.64,81.48,84.75,86.99,93.08
36021,61.3,62.77,61.1,58.92,56.96,54.63,52.57
36023,43.3,60.1,59.37,57.28,56.43,53.64,52.72
36025,72.7,70.0,66.34,63.38,61.79,58.0,56.17
36027,57.7,58.0,55.64,53.42,50.54,48.69,47.4
36029,73.7,73.2,67.1,60.21,54.72,47.07,40.97
36031,29.0,45.38,46.9,49.58,51.13,51.73,55.68
36033,26.7,62.66,67.7,73.23,77.97,81.64,89.12
36035,70.7,73.77,69.36,63.87,59.77,54.51,50.43
36037,59.8,58.92,54.89,49.98,47.05,42.27,38.62
36039,70.4,68.22,64.78,60.7,57.29,52.99,48.68
36041,0.0,0.53,0.07,-0.7,-1.51,-3.44,-3.56
36043,34.9,48.04,49.64,50.69,52.87,53.45,55.1
36045,27.3,55.58,59.38,63.24,67.93,72.25,77.24
36047,24.4,24.61,23.11,20.42,17.59,15.94,13.61
36049,20.3,36.47,40.89,44.44,49.53,53.36,57.72
36051,48.4,48.83,48.94,47.94,48.77,48.0,48.51
36053,45.5,60.13,59.41,57.01,56.51,54.25,53.32
36055,51.9,52.39,49.09,44.68,41.91,37.49,34.05
36057,78.4,84.24,81.39,77.94,75.67,72.08,69.15
36059,44.6,44.13,40.76,37.54,34.66,32.26,29.77
36061,42.7,42.17,39.52,35.97,32.47,30.13,27.01
36063,80.8,81.16,76.08,72.14,67.86,61.98,58.0
36065,58.7,64.76,62.04,59.16,57.79,54.89,53.36
36067,46.2,58.03,55.93,51.98,49.3,45.08,41.38
36069,56.1,55.54,51.68,47.06,43.59,38.16,34.44
36071,61.4,61.58,58.75,55.74,52.24,48.94,47.91
36073,57.2,56.48,50.05,43.09,38.1,30.65,24.99
36075,44.8,57.99,57.98,57.09,55.98,54.22,52.66
36077,52.3,56.75,56.35,55.59,56.26,55.01,55.4
36079,41.7,41.78,40.82,39.42,38.22,37.51,37.64
36081,25.6,25.85,23.88,21.32,18.46,16.84,14.5
36083,59.3,59.71,57.2,53.8,50.89,47.95,45.73
36085,49.1,48.85,44.95,40.16,34.9,30.71,26.07
36087,35.3,35.13,34.42,33.72,32.38,31.69,32.13
36089,26.9,61.62,69.77,79.48,87.7,94.85,104.14
36091,52.9,53.62,50.97,47.73,45.31,42.29,39.6
36093,56.7,57.04,53.56,49.01,45.83,41.79,38.07
36095,49.2,50.7,47.75,44.31,41.75,38.04,35.07
36097,62.2,61.24,57.71,53.14,49.43,43.99,40.71
36099,27.1,43.29,45.01,45.07,46.27,45.74,46.63
36101,69.1,70.97,67.11,62.51,59.15,53.97,49.91
36103,54.7,53.67,51.14,49.2,47.88,45.89,45.05
36105,79.8,71.29,70.07,69.2,68.18,67.03,67.2
36107,42.2,42.57,43.05,42.92,44.34,43.75,44.45
36109,42.5,53.51,52.58,49.59,48.13,44.53,42.61
36111,66.4,68.24,67.47,66.8,65.76,65.33,65.04
36113,80.0,86.46,83.04,79.47,76.3,72.89,70.26
36115,66.2,68.5,65.97,63.73,61.96,60.03,59.17
36117,54.3,59.33,54.49,49.53,45.75,40.46,35.39
36119,36.9,36.94,35.04,32.3,30.18,28.09,27.16
36121,53.7,54.16,51.5,47.23,45.92,42.1,39.51
36123,39.0,38.31,33.76,28.59,23.84,17.11,12.08
37001,96.0,88.0,83.15,78.06,72.01,67.29,62.29
37003,33.6,28.78,25.23,21.8,20.47,16.68,13.11
37005,103.2,99.94,86.59,72.14,59.08,45.5,31.82
37007,91.3,86.27,77.68,69.46,62.1,54.72,45.1
37009,110.3,105.63,102.86,98.92,96.38,91.87,88.19
37011,95.1,89.38,82.57,75.45,69.29,60.84,53.34
37013,141.3,143.18,141.21,139.43,136.35,135.13,132.28
37015,65.0,64.26,53.38,41.49,28.96,17.53,5.29
37017,114.8,117.8,113.95,109.74,105.78,101.53,96.79
37019,123.7,116.85,110.48,103.64,95.97,88.09,79.37
37021,95.6,88.84,81.09,73.84,66.84,57.49,49.28
37023,159.3,154.65,151.25,147.63,145.38,141.72,137.12
37025,110.3,101.61,94.94,87.37,82.5,76.68,69.09
37027,148.9,140.98,135.72,129.79,125.94,120.28,114.0
37029,0.0,-0.5,-0.64,-0.0,-0.94,-0.87,0.42
37031,119.1,114.42,101.67,90.3,77.34,64.71,51.55
37033,15.2,13.41,12.05,10.67,8.32,6.92,6.15
37035,142.6,133.72,129.08,124.87,123.24,119.36,114.76
37037,47.9,43.55,43.39,43.32,42.4,43.54,44.03
37039,125.8,112.55,122.53,131.93,142.64,150.39,159.18
37041,113.1,108.9,110.6,112.49,113.13,114.8,116.9
37043,133.9,138.2,122.04,105.09,90.05,71.22,53.78
37045,148.5,139.06,128.58,118.71,110.41,101.53,90.59
37047,198.0,189.48,178.05,166.22,154.76,143.27,131.25
37049,129.0,128.75,112.97,97.51,79.95,64.11,46.61
37051,96.5,96.21,86.6,75.89,66.5,57.35,46.87
37053,21.3,19.67,18.8,18.26,16.69,15.87,16.24
37055,132.3,119.24,107.94,97.12,84.7,72.11,60.0
37057,84.5,78.05,79.26,80.83,83.12,85.62,87.3
37059,120.9,112.6,96.8,80.73,66.52,51.9,36.55
37061,90.9,80.74,78.43,76.11,73.15,70.53,66.56
37063,57.8,54.49,49.36,43.2,36.8,31.94,26.3
37065,55.5,54.24,75.79,96.14,116.22,138.08,157.94
37067,92.6,84.03,76.46,69.15,63.15,56.5,49.66
37069,67.5,62.83,56.31,47.95,39.96,33.37,25.19
37071,138.1,126.99,119.11,111.57,105.97,99.23,90.24
37073,3.0,2.27,2.14,2.93,1.82,1.68,1.99
37075,111.2,114.0,102.25,90.51,80.06,65.88,52.22
37077,87.6,85.53,79.46,72.44,64.96,59.49,52.82
37079,34.0,33.86,28.67,24.32,18.61,15.31,9.13
37081,88.9,83.76,75.07,66.65,58.5,50.96,42.38
37083,128.0,123.28,117.08,110.07,101.89,96.22,89.3
37085,93.7,86.74,80.28,73.22,66.58,61.13,53.68
37087,111.6,105.07,102.29,99.03,96.4,91.28,87.0
37089,94.0,89.74,84.06,78.51,73.49,66.38,60.28
37091,139.6,133.13,136.09,139.27,141.61,144.35,147.19
37093,66.5,60.46,60.21,59.07,59.36,59.79,58.33
37095,52.7,68.03,64.01,61.45,56.38,52.13,47.64
37097,116.4,108.89,101.98,94.31,89.65,82.88,76.06
37099,109.9,101.28,92.02,83.11,75.24,64.8,54.31
37101,74.8,73.26,69.98,66.01,61.74,59.02,53.46
37103,5.3,5.0,22.15,39.63,55.01,71.97,87.59
37105,130.6,120.4,128.52,136.7,144.93,153.92,161.52
37107,91.8,83.19,87.84,92.41,96.1,101.72,104.62
37109,130.6,123.29,115.75,109.47,104.77,98.55,90.85
37111,97.6,92.87,87.18,81.8,77.31,71.67,65.2
37113,107.1,94.47,90.39,86.67,84.26,78.72,73.01
37115,63.3,60.57,58.25,57.26,56.64,53.65,50.17
37117,93.5,83.02,100.31,117.32,132.8,150.29,165.74
37119,63.7,59.35,54.16,49.38,46.43,43.35,37.51
37121,167.0,163.98,151.04,138.14,125.58,111.39,97.79
37123,74.9,70.59,65.23,60.85,56.31,52.01,46.4
37125,135.7,133.63,128.02,121.54,116.44,111.87,105.75
37127,114.9,108.08,94.01,78.17,61.67,47.48,30.65
37129,119.1,114.52,103.41,91.75,78.59,65.64,52.04
37131,1.6,0.81,13.78,26.43,37.61,50.8,63.22
37133,86.1,80.56,77.35,74.54,70.39,66.78,62.48
37135,46.8,43.76,41.91,39.69,36.11,34.93,32.94
37137,74.0,79.51,85.4,92.07,96.25,103.09,107.73
37139,141.5,137.29,131.58,126.56,119.75,114.1,109.36
37141,46.1,45.91,49.78,53.23,55.32,58.2,60.2
37143,40.2,38.01,36.04,34.79,31.8,29.98,28.24
37145,112.2,110.0,104.6,99.31,92.53,88.32,84.05
37147,94.0,89.56,83.95,78.37,71.29,66.67,60.32
37149,68.9,71.82,64.79,57.32,50.85,43.57,35.45
37151,79.8,75.99,71.57,67.12,62.54,59.16,55.1
37153,160.3,136.56,149.44,162.7,176.92,191.37,203.5
37155,141.1,139.83,129.62,119.18,109.36,99.7,88.82
37157,148.4,131.29,130.66,129.73,127.67,127.61,127.15
37159,96.4,90.12,80.9,70.56,61.42,51.96,41.64
37161,106.4,103.06,97.25,91.82,87.42,82.33,75.81
37163,95.4,92.7,87.26,80.91,75.1,69.1,61.84
37165,225.1,216.66,193.64,171.03,148.98,127.78,104.25
37167,139.1,128.73,111.97,95.52,79.53,64.02,46.8
37169,91.2,84.88,85.27,85.74,87.22,87.98,88.73
37171,191.5,181.85,165.02,148.33,133.37,117.12,100.7
37173,104.8,97.19,88.45,80.29,72.67,62.15,52.05
37175,115.8,106.41,99.09,91.96,84.26,75.11,65.93
37177,74.3,93.25,88.64,83.19,76.43,70.62,65.58
37179,76.6,72.81,67.63,62.03,57.57,53.64,47.41
37181,146.4,135.02,121.72,107.02,91.23,78.0,64.12
37183,61.3,58.55,54.5,49.33,44.44,40.42,34.89
37185,31.6,33.11,31.56,28.34,24.06,22.18,19.23
37187,103.2,99.36,88.07,76.83,64.12,52.63,40.75
37189,92.1,85.48,76.97,67.24,59.73,49.37,40.3
37191,88.8,80.49,78.49,75.95,72.74,71.64,67.66
37193,100.2,97.21,91.38,84.56,79.91,73.27,66.81
37195,105.7,98.86,91.07,82.84,73.72,66.34,56.85
37197,74.4,64.77,67.85,70.36,75.24,78.96,82.54
37199,111.6,109.24,99.0,89.13,79.54,67.95,57.12
38001,148.5,123.89,120.11,115.56,110.87,107.48,101.77
38003,76.7,67.07,63.65,59.45,55.81,51.57,47.74
38005,6.9,6.85,6.91,5.82,4.9,4.3,3.38
38007,0.0,-0.36,-0.13,-0.23,0.48,-0.11,-1.78
38009,47.6,41.66,35.73,30.01,22.08,15.9,9.08
38011,41.7,53.12,55.02,56.11,56.89,58.73,58.77
38013,0.0,-0.14,0.07,-0.59,-0.91,-2.16,-5.27
38015,79.7,76.11,68.0,59.87,52.61,46.39,38.7
38017,42.7,36.65,30.64,23.5,16.31,7.37,-1.2
38019,22.9,50.6,45.99,39.67,34.88,30.69,25.96
38021,79.7,74.48,66.57,59.01,51.38,43.33,34.55
38023,1.9,0.39,0.17,0.37,0.0,-0.13,-2.32
38025,26.7,17.62,16.86,14.38,14.65,11.47,8.76
38027,108.1,96.98,82.65,66.7,50.52,35.62,20.65
38029,69.1,58.95,55.53,52.47,50.63,48.61,45.06
38031,107.2,117.1,107.26,95.74,84.6,74.54,64.51
38033,0.0,-0.05,0.0,-0.31,-0.39,-0.65,-2.94
38035,67.6,61.83,58.14,51.35,45.73,39.21,34.98
38037,0.6,0.11,0.39,1.5,3.46,5.58,6.1
38039,0.0,0.13,25.17,48.74,73.47,98.58,123.62
38041,24.1,20.51,20.71,20.94,22.01,22.9,22.39
38043,44.7,40.86,33.85,26.58,20.01,12.96,6.9
38045,39.7,34.26,37.67,41.57,45.81,49.58,53.06
38047,0.0,-0.14,0.14,0.3,0.41,0.14,1.65
38049,0.7,0.63,16.96,33.19,48.5,64.33,79.21
38051,52.6,43.26,41.64,40.32,39.29,37.17,36.02
38053,58.3,42.29,33.84,24.67,17.39,7.68,-2.96
38055,50.9,45.33,41.42,37.11,34.37,31.52,26.45
38057,73.6,71.25,68.16,64.52,62.25,59.2,54.48
38059,50.0,47.49,41.85,36.52,31.92,27.68,22.13
38061,14.8,11.87,10.74,9.17,8.81,6.23,3.0
38063,35.8,34.07,32.63,30.03,28.29,26.28,25.58
38065,0.0,-0.19,-0.3,-0.34,1.18,2.24,1.52
38067,69.5,66.56,54.36,40.01,26.35,13.23,0.7
38069,55.4,59.02,59.46,60.38,60.22,59.68,59.33
38071,142.1,131.18,120.87,108.7,97.67,86.78,75.59
38073,83.9,73.19,55.2,36.02,18.3,-0.46,-19.51
38075,20.7,18.42,26.57,35.28,42.99,49.89,56.14
38077,43.2,35.53,33.91,30.17,26.27,22.71,18.53
38079,6.4,5.43,4.11,3.55,1.68,-0.4,-3.31
38081,1.6,0.67,-0.5,-2.54,-3.47,-5.24,-8.31
38083,0.0,-0.12,1.65,2.91,5.36,7.19,8.3
38085,0.0,-0.21,-0.13,0.16,1.98,3.33,3.08
38087,0.0,0.36,0.1,-1.3,-1.94,-2.79,-4.66
38089,81.2,71.94,67.23,61.94,58.86,54.19,49.17
38091,0.0,0.38,0.42,-0.97,-1.43,-2.71,-2.92
38093,89.7,84.03,75.24,66.03,56.58,47.22,38.39
38095,0.0,0.62,0.35,-0.38,-1.9,-2.88,-4.18
38097,18.3,39.04,27.56,13.8,0.46,-14.19,-27.22
38099,61.0,57.94,44.28,28.22,14.3,-0.28,-13.96
38101,76.5,71.1,61.72,52.17,41.8,31.94,20.3
38103,3.5,2.23,73.54,142.93,213.67,284.65,354.16
38105,76.8,66.35,59.86,53.83,48.26,41.6,34.18
39001,91.8,87.8,83.42,78.59,73.65,68.13,62.98
39003,109.6,99.56,90.43,79.48,69.9,60.15,49.5
39005,51.9,48.75,44.74,38.09,33.46,30.05,24.72
39007,86.9,75.35,67.62,57.55,49.03,40.28,30.72
39009,96.2,91.22,83.33,74.89,67.05,58.18,48.49
39011,55.5,51.79,49.8,46.48,44.35,41.74,38.22
39013,118.2,103.79,88.69,73.13,56.8,40.51,23.97
39015,102.4,95.95,86.9,77.58,68.59,57.99,47.99
39017,93.4,85.38,77.39,68.88,60.12,51.68,43.96
39019,48.6,45.8,41.49,35.51,29.42,22.96,15.79
39021,81.9,74.79,70.26,64.53,60.56,54.68,48.89
39023,115.7,109.18,104.35,99.35,94.64,89.13,83.92
39025,100.2,88.51,82.28,76.01,70.01,62.91,56.9
39027,119.2,108.96,102.66,96.21,90.03,83.66,76.72
39029,99.0,92.3,84.35,74.35,64.84,55.61,45.46
39031,87.0,84.54,80.55,75.8,71.27,67.08,61.12
39033,104.6,96.78,87.72,75.76,66.46,57.55,46.87
39035,70.1,66.93,61.27,53.98,47.34,41.73,33.93
39037,58.5,57.06,52.11,47.09,42.17,37.06,32.11
39039,95.2,88.43,80.44,69.73,60.61,51.79,42.05
39041,62.0,58.21,54.36,49.61,45.81,42.0,37.14
39043,107.8,95.96,84.61,70.16,57.9,47.01,33.77
39045,86.2,80.24,73.44,66.69,60.39,54.21,47.16
39047,119.8,106.99,99.23,91.73,84.23,76.65,68.41
39049,88.5,80.64,72.34,64.2,56.37,48.65,39.67
39051,88.6,84.02,74.98,62.69,52.05,41.99,31.05
39053,126.6,109.52,88.12,66.35,44.18,22.69,-0.47
39055,61.2,58.64,54.71,48.55,43.01,37.68,31.29
39057,91.1,83.42,74.53,65.62,56.67,47.55,38.57
39059,116.4,104.32,97.44,90.16,82.79,75.06,66.47
39061,86.4,78.73,72.33,65.78,58.66,51.6,45.24
39063,73.1,67.24,61.64,53.06,46.52,41.47,33.86
39065,82.8,72.09,68.92,64.39,61.46,58.7,54.74
39067,72.8,70.13,64.84,58.56,51.97,44.76,37.65
39069,66.1,61.77,54.48,44.26,36.29,28.75,20.02
39071,127.8,110.96,102.53,93.98,86.02,77.48,68.36
39073,108.4,103.31,94.71,85.76,77.09,68.05,57.38
39075,32.3,28.87,23.52,17.67,12.3,7.45,0.91
39077,114.9,105.25,96.95,85.89,76.06,67.79,57.09
39079,175.3,153.06,134.85,116.16,97.68,78.53,58.49
39081,138.7,122.41,112.42,101.55,90.45,78.85,67.52
39083,63.6,57.67,53.93,49.36,45.84,41.96,37.26
39085,85.0,80.46,74.8,67.73,61.26,55.33,48.13
39087,101.3,92.15,82.38,71.32,61.27,51.09,39.7
39089,76.6,72.01,65.83,60.11,54.57,48.35,41.35
39091,99.9,90.38,83.67,75.52,68.94,61.08,53.77
39093,86.1,79.83,73.95,64.44,56.66,49.7,40.63
39095,112.1,106.22,98.17,87.5,78.27,70.25,60.47
39097,78.1,75.51,72.64,70.97,69.69,67.11,64.27
39099,112.3,105.71,93.87,80.24,67.12,53.94,39.65
39101,115.9,109.37,102.97,94.41,86.97,80.43,72.51
39103,73.1,66.9,61.19,53.0,45.8,39.24,30.81
39105,84.1,71.96,63.3,54.0,45.31,36.35,25.86
39107,58.9,46.92,47.43,46.98,48.44,48.65,48.66
39109,80.5,74.06,68.09,61.52,55.11,47.83,41.13
39111,60.3,55.51,44.97,34.28,23.1,11.2,-1.8
39113,111.8,103.74,93.43,82.72,72.7,62.4,51.99
39115,48.1,46.78,42.02,36.89,32.48,27.45,21.18
39117,59.2,55.82,50.59,43.73,38.05,32.79,25.96
39119,115.6,105.5,97.04,88.12,79.42,71.08,61.3
39121,30.0,25.24,22.62,19.65,16.95,13.51,9.17
39123,79.5,74.96,69.68,61.89,55.06,49.58,42.1
39125,48.4,41.83,37.47,30.96,25.89,20.93,15.45
39127,95.3,86.11,80.82,75.63,70.57,65.5,58.7
39129,84.6,78.23,71.24,64.75,58.34,51.86,44.16
39131,132.2,118.03,105.84,93.67,81.64,68.85,55.23
39133,67.9,65.06,60.65,54.55,49.77,44.61,37.79
39135,64.2,60.99,65.65,70.55,75.23,79.93,84.91
39137,43.5,42.76,40.28,34.23,30.23,26.91,21.53
39139,87.9,79.84,70.55,58.58,48.98,39.61,28.99
39141,116.5,105.89,93.7,82.07,70.11,57.61,44.52
39143,85.3,74.94,68.23,59.11,50.9,44.07,34.95
39145,124.5,113.48,105.34,96.2,87.58,77.67,67.7
39147,85.3,79.43,72.77,63.61,55.74,49.5,40.89
39149,84.8,77.2,71.58,64.38,58.54,52.06,45.64
39151,111.5,103.77,92.96,80.69,69.05,57.58,44.17
39153,91.4,86.13,76.87,66.34,56.9,47.0,35.49
39155,105.6,101.68,94.55,86.07,77.55,68.86,59.43
39157,88.9,81.16,75.14,68.05,60.78,53.52,44.96
39159,74.3,72.85,67.41,61.36,56.35,50.64,44.31
39161,81.4,72.14,67.54,61.84,57.2,52.41,46.62
39163,1.6,-0.21,3.3,6.69,10.32,13.61,15.07
39165,76.4,70.32,63.95,57.25,50.49,44.19,37.89
39167,147.5,133.86,119.86,105.43,91.39,77.03,61.9
39169,70.0,64.75,57.12,47.6,39.16,31.98,22.66
39171,81.9,60.37,52.58,42.57,33.82,25.66,16.89
39173,55.5,51.66,46.91,38.66,32.27,27.42,20.24
39175,52.9,48.31,45.85,41.06,37.76,36.07,31.78
40001,58.5,69.71,66.61,63.02,58.07,53.56,48.85
40003,6.3,5.15,0.43,-2.98,-6.81,-13.39,-18.99
40005,45.3,44.94,34.49,24.05,12.4,0.58,-12.77
40007,0.0,-0.79,-0.43,0.68,1.35,0.43,1.27
40009,123.5,117.62,122.54,128.45,133.32,137.29,143.36
40011,6.5,8.71,3.46,-0.8,-5.86,-11.88,-17.72
40013,148.8,153.69,146.08,140.72,132.77,124.41,116.2
40015,86.3,82.29,77.51,72.61,68.13,63.2,59.49
40017,101.1,96.03,88.81,80.99,73.5,64.0,55.51
40019,188.7,175.13,165.65,156.78,146.77,135.6,124.79
40021,116.1,108.55,103.74,98.9,91.74,85.74,79.13
40023,54.9,48.99,36.01,23.88,9.83,-3.75,-18.9
40025,82.6,76.62,54.9,33.57,12.86,-8.61,-29.61
40027,93.8,85.56,79.02,71.42,64.06,56.29,47.75
40029,61.4,105.32,95.43,85.55,73.05,62.17,49.12
40031,80.0,82.81,82.27,82.93,82.94,82.65,82.45
40033,8.7,8.01,1.57,-4.87,-11.57,-18.92,-25.56
40035,122.2,108.33,105.37,101.48,95.94,92.21,87.6
40037,136.6,121.79,111.02,100.18,88.09,75.71,62.56
40039,113.6,109.56,104.7,101.22,96.66,91.2,86.39
40041,90.2,88.56,90.67,92.08,92.06,92.22,91.88
40043,6.5,4.33,16.19,30.3,43.26,55.36,68.57
40045,86.6,88.58,81.59,74.83,67.25,60.13,54.24
40047,97.2,96.54,98.24,100.35,102.9,103.46,104.18
40049,77.5,58.59,53.79,49.68,44.13,38.69,31.89
40051,61.9,55.85,53.73,52.2,49.64,47.3,44.84
40053,25.4,22.13,22.21,23.0,23.21,21.32,20.31
40055,59.3,46.82,31.4,15.05,-2.39,-18.96,-35.22
40057,210.3,164.14,185.21,204.62,222.98,242.83,263.6
40059,10.5,12.15,1.26,-9.83,-20.08,-30.81,-40.74
40061,121.6,112.9,97.68,82.44,66.55,51.09,33.96
40063,50.1,39.84,34.53,29.44,22.87,15.35,6.32
40065,128.9,104.86,101.64,96.42,90.05,84.95,79.63
40067,41.8,41.26,33.08,24.86,16.56,7.6,-0.84
40069,8.7,8.38,2.69,-2.3,-9.63,-16.93,-23.94
40071,102.6,94.4,90.68,86.33,81.21,75.9,69.66
40073,53.2,25.54,103.86,182.32,260.12,336.88,413.44
40075,49.3,46.74,41.14,35.75,29.73,24.03,18.07
40077,83.6,78.87,74.5,69.02,62.07,56.84,49.52
40079,92.8,97.46,88.97,80.23,70.06,60.25,50.01
40081,23.6,26.64,20.79,14.28,7.44,-0.47,-10.22
40083,53.8,53.77,52.21,49.31,46.74,42.58,37.92
40085,83.8,72.18,74.99,79.44,80.97,81.63,83.23
40087,151.4,143.54,137.53,132.08,125.45,119.45,112.69
40089,96.9,69.37,77.62,85.72,94.02,101.95,107.47
40091,73.8,71.04,66.61,62.14,55.65,49.79,41.28
40093,6.8,5.76,1.68,-1.51,-4.37,-8.4,-12.99
40095,51.7,47.48,57.15,69.08,77.85,86.36,96.01
40097,122.5,105.83,101.38,95.81,87.43,80.66,73.35
40099,175.9,164.19,154.56,145.66,134.82,124.04,113.0
40101,127.7,127.53,122.7,117.5,110.33,104.12,96.5
40103,21.6,18.4,13.92,8.84,4.33,-1.77,-9.04
40105,76.4,68.66,64.44,59.24,52.38,46.94,41.11
40107,6.0,9.1,1.34,-6.82,-15.25,-25.1,-36.56
40109,126.5,117.84,109.55,100.6,91.35,81.51,70.84
40111,110.0,105.17,97.18,88.39,78.47,69.07,57.64
40113,20.2,14.22,11.91,9.46,5.42,3.05,-0.98
40115,115.7,101.69,88.97,76.07,61.27,47.85,34.15
40117,105.6,101.78,99.75,98.34,95.62,92.07,87.54
40119,111.5,103.94,102.15,99.54,97.65,93.71,88.4
40121,170.7,164.63,156.6,148.61,138.37,129.03,117.5
40123,128.3,121.29,116.28,112.55,106.54,100.3,92.16
40125,146.6,131.33,128.04,125.17,121.36,116.31,110.33
40127,9.7,8.06,1.47,-5.61,-13.69,-20.38,-29.75
40129,4.1,4.04,0.99,-0.15,-2.4,-5.75,-6.72
40131,120.9,124.52,104.97,85.01,61.6,40.87,19.13
40133,73.8,73.24,65.61,58.52,50.01,41.31,30.51
40135,89.0,85.17,64.21,44.16,22.33,1.12,-20.64
40137,123.8,131.79,131.58,132.1,132.96,133.01,133.33
40139,27.0,23.79,38.67,55.25,71.24,86.57,102.96
40141,110.5,93.69,96.44,98.29,98.9,100.63,102.74
40143,144.1,135.89,125.73,115.64,103.31,91.81,79.24
40145,77.3,68.83,62.87,56.15,46.78,38.39,28.81
40147,131.3,126.06,114.29,102.3,88.12,75.68,62.3
40149,2.6,3.06,0.43,-1.58,-3.94,-7.15,-9.89
40151,43.5,35.36,26.41,18.93,12.05,2.01,-6.14
40153,118.3,111.51,105.72,100.45,95.68,90.06,85.92
41001,147.2,140.63,129.92,120.71,111.27,101.43,91.92
41003,56.9,51.26,45.89,41.92,38.64,33.48,29.65
41005,86.9,82.86,74.48,64.98,56.83,46.72,38.45
41007,149.2,124.35,107.71,91.87,78.37,62.37,46.96
41009,84.3,77.62,68.9,59.75,52.14,42.41,34.49
41011,158.6,146.46,134.2,122.25,110.2,98.16,86.02
41013,119.1,110.17,98.47,88.04,77.76,67.41,57.41
41015,177.6,154.24,148.34,142.06,137.53,131.74,125.78
41017,102.1,94.94,86.26,80.35,73.44,66.11,58.81
41019,118.1,108.6,101.27,93.18,86.54,78.77,71.84
41021,103.6,104.21,101.18,97.44,95.9,93.41,92.81
41023,4.2,3.15,2.57,2.58,2.02,1.65,1.7
41025,124.7,114.63,101.33,89.61,76.27,64.25,51.28
41027,92.0,86.77,91.06,94.58,100.05,103.86,109.45
41029,124.5,114.51,106.42,98.53,90.97,82.63,73.44
41031,65.2,58.92,58.36,59.28,60.43,60.39,61.44
41033,141.9,131.1,119.84,108.54,98.66,87.43,76.21
41035,108.5,94.84,83.13,71.79,60.69,48.95,36.03
41037,129.0,117.9,103.8,92.19,79.82,67.8,55.18
41039,123.4,113.5,101.96,92.0,81.92,70.76,59.85
41041,153.3,136.26,115.26,95.84,76.52,55.29,34.96
41043,127.0,115.58,103.47,93.3,82.94,71.36,60.93
41045,171.4,159.54,149.5,139.78,132.68,124.83,114.6
41047,78.4,73.51,68.5,64.65,62.17,57.67,54.65
41049,20.4,17.92,18.67,19.59,22.0,23.64,26.19
41051,65.3,58.1,51.28,43.11,36.79,28.13,21.47
41053,67.1,60.55,51.92,44.99,38.04,30.0,23.14
41055,0.0,-0.36,-0.47,-1.14,1.01,0.59,3.25
41057,124.0,113.84,101.94,91.12,82.34,72.15,60.16
41059,109.9,103.54,96.19,89.43,82.65,75.54,69.48
41061,131.5,126.03,114.38,104.83,93.76,82.8,72.48
41063,111.6,95.25,85.39,76.98,67.92,57.23,48.6
41065,156.5,141.99,135.93,129.69,124.86,118.07,113.72
41067,60.1,55.14,50.32,44.26,39.36,32.78,27.32
41069,0.0,-0.11,-0.09,0.0,0.41,0.84,2.56
41071,92.0,83.69,72.14,60.78,51.2,38.95,28.33
42001,52.6,51.21,45.91,39.51,32.33,24.09,19.22
42003,84.2,79.06,72.19,64.77,56.74,49.3,41.63
42005,83.9,80.91,74.13,66.61,58.14,49.2,40.68
42007,85.8,80.06,73.15,64.57,55.27,46.51,37.7
42009,75.1,69.43,66.7,64.72,61.52,56.87,55.52
42011,65.8,63.94,59.24,54.13,46.5,38.89,34.27
42013,115.7,111.23,105.52,100.1,93.62,85.65,80.38
42015,75.3,71.92,69.75,67.23,65.29,61.77,59.86
42017,75.3,71.05,66.41,61.95,55.28,49.06,43.93
42019,78.0,74.32,69.05,63.46,57.06,50.69,44.25
42021,109.2,104.01,98.7,94.22,88.52,81.44,76.54
42023,124.5,111.88,100.61,88.42,76.31,63.96,52.02
42025,83.3,79.69,74.05,67.43,59.48,51.31,44.92
42027,54.9,50.53,48.25,44.76,41.05,35.77,32.39
42029,57.3,54.94,50.71,46.63,40.4,34.46,30.87
42031,75.0,69.62,68.26,65.96,62.32,58.88,55.49
42033,92.1,84.52,75.87,65.64,55.47,43.93,33.81
42035,79.1,75.83,73.47,70.28,65.46,59.52,55.92
42037,89.6,85.95,80.73,73.88,66.4,58.37,52.81
42039,103.0,95.91,84.56,71.67,58.69,45.94,32.44
42041,79.6,75.29,69.28,63.39,56.31,47.6,43.03
42043,76.8,71.06,64.39,57.51,48.74,39.21,33.14
42045,82.2,77.56,70.81,64.28,54.59,45.61,38.64
42047,98.7,93.08,87.85,81.2,74.35,67.68,60.42
42049,93.2,87.46,79.47,68.94,60.58,50.95,41.11
42051,134.9,134.12,128.92,124.12,117.04,110.04,104.21
42053,42.7,40.77,41.15,40.25,38.37,37.24,34.82
42055,83.7,78.88,73.44,67.33,59.62,50.47,45.98
42057,12.7,11.68,13.41,16.67,17.66,16.63,19.51
42059,82.3,77.96,78.24,79.06,78.06,77.35,76.68
42061,69.5,64.58,59.98,55.22,49.46,41.49,37.21
42063,80.2,76.95,71.07,64.93,58.01,49.68,42.97
42065,86.3,80.88,73.43,64.22,54.78,45.35,35.98
42067,63.1,58.18,55.57,52.13,48.08,42.37,40.03
42069,123.4,117.27,112.08,106.15,100.14,93.41,88.62
42071,65.1,60.7,54.64,49.1,40.88,31.98,27.07
42073,114.2,103.06,92.55,80.62,68.36,56.41,43.25
42075,66.2,63.27,57.88,52.1,44.19,35.34,29.66
42077,53.7,51.11,47.75,44.73,39.98,35.36,32.44
42079,98.8,92.24,85.82,77.3,69.22,60.15,53.81
42081,100.1,93.99,86.59,78.22,69.56,59.69,52.65
42083,100.3,91.31,86.87,81.78,76.57,71.11,64.81
42085,124.2,119.83,109.27,96.86,84.63,72.88,59.53
42087,92.4,84.66,82.27,79.11,74.9,69.13,65.86
42089,87.9,82.72,75.93,68.67,60.32,51.89,46.07
42091,65.9,63.26,59.22,55.04,48.88,43.07,39.53
42093,87.8,82.15,77.67,71.6,65.31,58.38,53.67
42095,77.4,72.72,66.6,60.49,52.92,45.26,39.33
42097,106.4,104.15,95.72,85.56,75.12,64.27,55.55
42099,70.6,64.75,56.31,47.56,37.63,26.18,18.24
42101,80.0,75.93,68.05,60.53,49.84,40.47,32.24
42103,70.7,57.96,49.22,40.82,32.26,23.83,16.97
42105,74.1,67.05,62.89,58.22,53.84,48.82,43.23
42107,88.1,83.89,79.1,73.08,66.04,58.83,54.44
42109,76.4,69.45,65.75,61.11,55.63,49.35,44.62
42111,72.7,72.48,69.68,68.25,64.9,60.93,59.57
42113,51.5,47.93,44.51,39.82,36.15,30.26,27.62
42115,65.7,60.21,52.23,42.87,35.4,25.67,17.74
42117,79.4,80.48,75.33,69.6,63.4,56.08,50.47
42119,64.4,62.06,58.46,53.71,47.93,41.93,37.07
42121,96.0,90.47,80.96,70.44,59.34,48.18,36.28
42123,82.7,80.46,76.34,70.25,64.88,58.86,52.38
42125,83.6,79.56,72.34,64.62,55.89,47.58,39.35
42127,72.1,67.15,64.32,61.18,58.68,54.8,53.42
42129,83.6,79.35,74.08,68.15,61.83,54.78,48.57
42131,90.7,85.2,80.67,74.68,69.02,61.9,57.12
42133,72.3,68.14,62.48,57.11,49.05,41.5,36.95
44001,54.7,50.74,44.47,38.16,30.71,23.93,15.96
44003,87.8,78.94,71.89,65.22,57.78,50.63,43.24
44005,68.8,63.62,59.49,54.79,49.91,45.41,39.71
44007,70.6,63.74,57.98,51.8,44.87,38.59,31.93
44009,73.5,66.56,63.0,59.43,55.1,51.25,47.03
45001,63.8,62.26,58.05,52.75,48.27,43.46,37.64
45003,97.9,93.13,88.06,82.98,79.19,75.86,71.56
45005,63.8,57.0,55.14,52.22,50.6,50.35,47.39
45007,102.7,97.31,93.6,89.63,86.14,82.07,77.77
45009,101.4,105.57,101.21,97.11,94.5,92.49,86.91
45011,105.6,100.61,98.32,95.56,95.36,95.78,92.57
45013,70.7,68.08,65.28,63.09,61.17,59.1,54.68
45015,64.7,61.63,59.11,58.36,57.31,56.27,53.31
45017,1.5,3.46,10.4,19.05,27.79,37.62,44.49
45019,91.0,84.96,76.34,69.26,61.53,53.92,44.91
45021,126.8,115.75,115.09,114.52,115.51,116.28,114.49
45023,106.8,100.48,96.94,93.32,91.53,89.11,83.85
45025,100.1,90.11,86.95,83.77,81.89,80.38,76.29
45027,92.4,85.23,80.77,77.19,74.55,71.53,66.11
45029,134.5,134.19,126.16,118.43,111.14,103.71,93.89
45031,168.8,157.53,152.74,147.83,143.93,141.36,135.78
45033,151.1,138.56,127.19,115.37,104.55,94.48,82.34
45035,105.7,102.87,100.68,100.19,99.51,98.77,96.0
45037,47.7,57.74,62.36,67.01,72.34,78.06,83.19
45039,74.3,67.11,54.54,42.58,31.81,20.22,6.8
45041,147.5,140.76,135.99,131.15,127.01,123.84,117.46
45043,105.3,97.28,88.13,79.93,70.44,62.34,53.92
45045,104.0,96.72,91.62,85.24,80.12,73.81,66.83
45047,137.4,128.39,116.12,103.55,92.42,81.37,68.76
45049,106.9,108.3,105.11,101.83,99.64,97.66,93.23
45051,129.8,121.84,110.7,100.52,89.71,79.72,68.98
45053,69.5,62.66,67.46,72.77,79.25,84.76,88.54
45055,82.2,79.08,89.41,100.34,112.78,124.74,134.73
45057,104.3,91.93,83.05,74.04,66.52,59.05,49.67
45059,96.5,90.53,85.95,81.1,77.48,73.31,68.4
45061,36.8,36.9,42.55,48.21,55.03,63.01,67.82
45063,105.5,98.09,92.0,86.9,82.68,78.01,71.75
45065,2.4,2.22,3.18,4.15,5.46,7.06,7.4
45067,134.6,126.81,115.65,104.63,94.08,84.44,72.23
45069,113.9,111.91,106.16,100.01,94.36,89.93,82.97
45071,99.7,89.67,85.27,81.28,78.9,75.6,70.69
45073,141.1,126.6,116.39,106.3,96.49,85.35,74.48
45075,98.9,94.23,91.63,89.95,88.69,88.85,85.51
45077,114.8,109.09,106.78,104.4,101.81,98.4,95.22
45079,74.7,70.73,65.2,61.09,57.57,53.38,47.48
45081,56.2,56.14,53.72,51.54,50.58,49.86,46.55
45083,125.4,116.2,107.74,98.91,91.3,83.47,74.61
45085,81.4,81.82,77.15,73.23,70.32,67.82,62.12
45087,140.6,125.32,119.85,114.3,110.66,105.85,99.63
45089,98.4,88.21,75.86,64.37,53.04,42.35,29.64
45091,85.7,79.29,72.4,66.02,61.06,55.93,47.72
46003,0.0,-1.32,2.0,6.25,11.21,16.79,20.24
46005,79.5,72.53,68.38,65.7,62.87,60.77,56.11
46007,0.6,0.68,0.08,-3.98,-5.25,-6.34,-10.71
46009,0.2,-0.46,-0.39,0.36,-0.48,-0.13,-0.14
46011,53.5,50.9,43.92,39.37,33.66,27.58,22.08
46013,68.3,63.81,63.37,64.7,66.16,67.14,66.82
46015,94.4,7.68,79.37,151.77,224.24,297.05,368.16
46017,0.0,-2.05,2.09,5.87,9.79,14.13,16.37
46019,29.6,25.67,26.21,24.4,22.75,23.22,20.65
46021,0.0,0.42,-0.5,-0.35,-0.23,0.35,-0.14
46023,30.8,31.88,33.44,34.67,35.43,37.63,38.85
46025,0.6,-0.03,30.43,62.06,94.22,126.2,156.79
46027,48.8,44.65,46.94,48.27,49.74,51.99,54.05
46029,83.5,79.23,68.26,59.88,50.84,41.14,31.51
46031,0.0,0.31,-0.04,-0.06,0.7,2.63,1.71
46033,49.1,45.33,40.74,34.88,28.68,22.83,15.43
46035,116.9,105.53,90.69,76.35,61.84,48.59,33.94
46037,1.4,0.68,0.9,2.14,4.52,6.16,6.73
46039,37.8,35.39,34.29,34.89,35.22,34.15,33.72
46041,0.0,0.21,0.12,-0.69,-1.32,-1.15,-2.98
46043,51.5,49.13,43.58,37.76,32.35,27.63,21.22
46045,66.9,70.13,54.92,40.97,26.57,12.65,-2.91
46047,92.7,88.12,87.58,85.39,83.35,81.77,78.76
46049,1.9,0.48,-0.25,-0.16,0.17,0.9,-0.22
46051,63.8,62.09,57.66,55.02,51.72,46.81,42.39
46053,108.0,124.77,99.81,75.9,51.5,27.75,2.49
46055,104.5,112.39,119.44,125.53,132.76,139.87,145.78
46057,0.0,-0.47,0.55,3.68,5.78,8.13,10.3
46059,2.8,1.53,1.41,2.76,4.46,6.48,6.24
46061,0.0,-0.5,-1.13,-0.46,0.08,0.78,0.59
46063,0.0,0.07,0.05,-1.29,-3.95,-3.76,-5.57
46065,120.3,110.53,99.32,88.47,77.64,66.87,55.15
46067,87.6,82.94,78.19,73.28,68.57,63.57,57.57
46069,0.0,-0.05,-0.14,0.33,1.61,3.64,3.13
46071,0.0,0.03,-0.27,-2.69,-3.05,-3.27,-5.33
46073,1.3,-0.43,94.5,190.73,287.56,384.31,478.77
46075,0.0,-0.15,-1.47,-2.97,-3.28,-4.59,-5.9
46077,32.7,19.93,50.16,82.89,114.62,146.65,177.78
46079,35.8,28.84,33.83,41.43,47.68,53.69,59.64
46081,93.8,86.94,79.83,70.86,62.12,55.09,45.71
46083,32.2,31.93,34.36,37.37,39.31,41.64,44.29
46085,21.6,17.26,11.56,5.18,-0.67,-5.89,-12.56
46087,41.0,39.05,32.33,26.78,20.78,14.44,8.24
46089,45.3,45.0,8.56,-26.52,-62.11,-97.88,-134.21
46091,48.8,46.38,44.68,42.65,41.68,40.09,37.53
46093,14.3,14.76,13.72,10.9,8.54,7.75,4.95
46095,146.3,140.03,89.2,37.66,-13.24,-63.47,-114.5
46097,33.6,35.24,31.16,29.04,26.47,24.17,20.98
46099,76.4,76.88,67.62,59.02,49.71,40.82,32.02
46101,29.1,3.05,34.03,66.83,98.52,129.52,161.01
46102,0.0,-0.01,0.0,-2.99,-3.53,-3.84,-7.76
46103,80.8,79.69,76.33,70.91,65.76,62.18,56.26
46105,41.8,45.6,47.09,47.25,47.44,49.98,48.78
46107,2.8,1.11,0.13,1.18,1.39,2.23,1.79
46109,42.5,42.29,44.56,47.52,50.56,51.46,52.9
46111,0.0,-0.35,1.8,4.48,7.07,10.81,12.33
46115,2.6,2.94,2.85,4.32,5.72,7.76,7.36
46117,2.0,1.44,1.88,2.42,3.69,4.52,4.83
46119,0.0,-0.15,-0.26,0.38,1.35,2.19,2.06
46121,14.6,0.77,-1.61,-5.26,-8.38,-10.42,-14.39
46123,132.6,136.53,104.03,71.18,38.23,5.43,-28.09
46125,30.0,18.96,31.25,44.69,57.48,71.14,83.33
46127,74.5,77.39,70.83,62.82,56.0,48.56,40.73
46129,84.1,108.04,101.99,96.66,90.82,86.1,79.92
46135,115.5,105.38,96.18,87.03,76.47,67.12,56.46
46137,0.0,0.13,0.11,0.14,-0.4,0.89,-1.22
47001,180.3,168.1,147.93,127.92,109.19,86.87,64.71
47003,124.2,111.85,102.44,92.21,84.39,74.22,64.62
47005,151.8,142.97,136.54,129.59,123.34,114.84,107.49
47007,86.2,87.43,83.19,78.92,75.52,69.6,64.85
47009,110.1,101.89,90.99,80.1,70.48,57.52,44.63
47011,148.9,141.76,131.2,119.79,110.88,100.28,88.67
47013,244.1,228.55,197.64,167.65,138.06,105.29,72.59
47015,121.1,108.01,101.35,94.73,89.64,81.82,74.43
47017,164.2,149.44,140.12,130.34,120.69,108.26,97.79
47019,119.2,113.06,108.99,103.63,100.09,94.17,89.69
47021,101.0,91.4,105.12,118.32,132.96,147.31,160.4
47023,111.3,105.11,100.36,94.2,88.51,80.74,75.06
47025,232.2,218.78,190.9,163.57,136.34,107.33,79.16
47027,185.9,187.99,188.39,188.78,189.03,188.53,188.59
47029,213.9,201.54,188.59,175.36,163.55,149.06,134.24
47031,192.9,176.33,169.33,161.94,156.76,149.17,142.41
47033,98.5,103.8,92.13,80.22,67.66,54.0,42.16
47035,153.6,145.73,129.93,114.3,98.26,80.49,62.91
47037,95.8,92.07,85.74,80.19,75.71,69.77,62.65
47039,185.7,167.59,163.93,159.54,157.07,152.05,149.21
47041,208.7,182.12,161.94,142.8,123.96,102.58,82.24
47043,160.2,147.52,139.76,132.55,126.42,118.5,110.31
47045,184.4,183.02,176.76,170.4,163.36,155.61,148.8
47047,79.5,76.15,72.35,66.63,62.34,56.81,52.33
47049,175.3,180.9,178.15,175.69,173.16,168.88,165.03
47051,131.4,126.45,120.04,113.91,109.48,103.06,97.2
47053,140.0,141.12,138.85,135.88,132.54,127.95,124.95
47055,158.6,147.24,131.23,116.13,102.31,86.11,71.94
47057,122.0,107.64,93.79,80.26,67.26,52.21,37.72
47059,144.0,134.82,124.52,114.16,104.18,92.76,81.02
47061,200.3,190.08,172.79,155.01,139.09,120.96,103.91
47063,199.9,180.98,163.53,146.68,130.63,112.1,94.12
47065,136.1,130.19,122.65,114.9,109.62,102.49,94.69
47067,173.0,149.41,127.06,105.29,84.42,61.74,39.52
47069,113.6,112.95,113.17,110.95,109.33,107.35,106.25
47071,169.5,161.03,153.53,144.1,136.53,125.83,118.29
47073,102.4,93.91,88.99,84.43,80.86,74.88,69.82
47075,86.1,85.88,86.05,84.9,84.6,82.34,82.22
47077,151.4,146.6,137.16,127.08,117.69,106.15,96.45
47079,203.8,196.16,189.03,181.41,174.02,165.08,156.57
47081,73.3,70.67,70.67,71.12,73.26,73.14,73.35
47083,152.9,148.99,148.5,148.26,148.28,147.09,146.03
47085,162.4,141.11,130.47,119.06,109.07,97.07,84.96
47087,25.1,61.41,62.18,63.78,64.73,65.08,65.47
47089,136.7,124.34,112.96,101.9,92.58,80.05,67.54
47091,137.4,121.47,107.29,91.4,77.57,62.46,47.46
47093,117.9,107.8,97.02,86.21,76.99,64.58,51.93
47095,96.9,84.57,79.88,76.56,71.88,65.79,61.55
47097,111.5,110.99,103.24,95.21,87.54,78.63,70.31
47099,162.6,151.98,143.03,134.31,126.7,116.64,109.12
47101,163.9,157.62,154.19,150.34,147.9,144.72,142.59
47103,122.3,111.95,105.93,100.72,96.88,90.28,85.9
47105,119.2,110.53,101.47,91.69,82.78,71.32,59.89
47107,185.0,178.48,160.48,141.11,124.07,104.43,84.57
47109,190.1,185.28,174.0,161.17,149.32,135.53,124.32
47111,139.6,130.6,128.12,126.11,123.74,120.78,117.96
47113,139.2,132.12,126.66,120.99,114.57,106.7,101.21
47115,113.5,108.6,102.35,95.15,90.61,84.54,78.57
47117,129.5,133.63,143.29,152.74,164.33,173.63,183.46
47119,155.9,146.83,135.94,125.4,116.59,105.77,95.86
47121,8.1,8.02,45.48,82.33,120.89,157.57,194.35
47123,172.8,164.12,148.01,131.1,116.01,98.02,79.83
47125,95.8,88.07,86.61,86.74,87.02,87.94,87.54
47127,31.6,26.37,22.06,17.72,16.04,11.89,9.13
47129,110.6,101.63,79.16,57.04,35.44,10.9,-13.23
47131,118.7,102.76,99.62,96.86,92.77,87.38,83.39
47133,122.4,110.49,110.32,110.68,111.01,109.94,108.87
47135,112.7,97.27,98.53,99.73,101.7,102.31,104.1
47137,149.1,118.56,88.02,56.91,26.66,-5.31,-36.93
47139,37.0,43.37,52.12,60.22,70.46,78.24,85.99
47141,156.1,152.93,140.17,128.41,116.23,102.85,89.86
47143,174.6,169.2,160.81,152.5,145.35,136.04,127.21
47145,167.3,160.21,146.87,133.7,121.3,105.86,91.32
47147,146.3,138.81,127.81,117.63,108.68,99.87,89.37
47149,106.1,101.14,94.75,88.55,83.45,75.6,69.0
47151,121.7,134.9,165.22,195.38,227.03,255.7,284.71
47153,186.2,190.52,175.83,160.84,147.47,132.21,117.34
47155,144.3,126.56,114.95,104.24,94.96,81.72,68.82
47157,79.2,76.58,73.8,70.71,68.19,64.16,61.63
47159,172.8,155.59,133.21,111.73,90.44,67.25,44.62
47161,66.5,56.88,62.94,68.47,74.6,79.64,83.98
47163,189.7,178.72,165.56,152.55,140.76,127.11,114.97
47165,99.8,95.58,90.11,85.71,81.75,77.39,71.17
47167,102.0,105.1,111.57,118.01,124.76,129.76,135.91
47169,236.8,213.75,175.11,137.22,99.5,60.92,21.43
47171,153.3,146.67,144.48,142.68,141.15,138.1,136.44
47173,132.7,110.76,93.83,77.39,61.92,43.63,25.3
47175,9.8,8.71,7.61,6.0,6.49,4.21,2.54
47177,170.0,165.47,157.71,150.14,144.34,135.05,127.42
47179,121.0,115.74,108.63,101.59,95.08,87.28,80.47
47181,165.4,161.48,152.71,142.75,134.86,124.64,117.29
47183,130.0,130.06,127.99,125.63,122.55,118.19,114.35
47185,156.9,147.33,131.31,115.57,100.46,83.12,66.8
47187,62.2,60.41,57.54,54.35,52.15,48.67,45.24
47189,106.0,98.62,90.64,82.91,75.59,67.0,57.66
48001,99.8,88.65,70.85,53.02,35.66,17.22,-2.66
48003,55.2,47.56,57.56,65.28,75.03,84.27,92.59
48005,122.2,105.65,94.75,85.05,75.66,63.75,51.25
48007,112.6,101.85,96.18,88.14,82.78,77.45,71.19
48009,0.0,-0.64,-0.19,-0.64,-0.36,-0.91,-1.03
48011,1.8,-0.09,0.02,-0.2,-1.47,-3.32,-4.36
48013,90.7,88.54,88.7,86.3,85.78,85.7,84.24
48015,53.1,54.78,52.41,49.89,48.34,47.88,45.02
48017,78.8,66.05,62.13,56.89,51.18,46.08,41.13
48019,44.8,38.52,33.36,26.8,21.05,15.76,10.4
48021,88.3,83.99,78.92,71.89,66.77,61.07,55.33
48023,72.6,59.31,49.48,38.18,28.12,17.97,8.25
48025,77.8,73.4,69.93,64.89,62.77,59.21,55.71
48027,68.3,58.68,53.73,47.37,41.23,33.49,27.61
48029,64.5,58.09,54.73,48.72,45.14,41.63,37.43
48031,17.1,16.63,17.81,17.15,16.87,18.4,18.52
48033,0.0,-0.35,0.16,-0.1,-0.16,0.55,1.44
48035,36.1,37.87,39.03,38.4,38.41,37.38,37.07
48037,138.5,124.07,123.97,125.83,126.57,125.97,125.0
48039,71.1,63.71,62.19,58.56,56.41,55.13,51.14
48041,77.4,67.36,56.15,45.08,34.82,23.21,11.18
48043,82.5,69.67,70.09,68.2,67.39,67.17,67.44
48045,0.0,-0.3,-0.02,-1.12,-1.62,-1.71,-1.09
48047,55.8,29.59,40.45,48.21,59.58,69.79,78.56
48049,139.7,129.86,122.67,114.0,105.7,97.35,88.75
48051,35.7,30.67,53.87,76.81,101.78,125.29,147.99
48053,114.7,103.48,96.93,88.53,81.3,73.14,66.1
48055,60.6,55.36,52.46,47.29,44.46,41.59,38.19
48057,115.8,99.98,100.93,100.01,100.77,101.65,101.72
48059,2.2,1.99,10.83,17.65,24.95,32.44,39.79
48061,33.1,29.43,28.13,26.0,24.37,23.45,21.78
48063,96.6,72.14,69.11,68.42,65.73,62.48,58.03
48065,2.3,1.9,3.44,5.1,5.09,5.51,6.37
48067,69.8,65.85,80.63,97.09,112.16,125.94,139.29
48069,2.4,1.45,0.43,-0.86,-3.45,-5.04,-5.89
48071,5.5,13.3,32.6,50.6,70.13,88.29,105.42
48073,66.6,51.13,70.08,89.67,109.61,127.93,145.09
48075,185.8,174.98,177.53,179.27,180.15,182.04,184.28
48077,0.0,-0.34,-0.23,-0.34,0.67,0.62,0.85
48079,0.0,-0.37,-0.4,-2.62,-3.75,-5.34,-6.25
48081,0.0,-0.55,0.35,1.09,2.54,2.71,2.18
48083,5.4,3.89,64.73,123.93,184.51,244.4,303.23
48085,61.9,57.48,56.25,55.88,54.47,51.38,48.8
48087,0.0,-1.29,0.34,-0.14,-0.33,-0.35,0.61
48089,77.3,66.7,60.68,54.34,49.81,44.75,38.18
48091,83.4,77.27,74.55,69.42,65.92,63.05,59.61
48093,92.5,74.2,78.7,81.55,85.4,89.25,92.14
48095,0.0,-0.31,0.36,-0.52,-1.12,-3.0,-5.16
48097,105.9,93.07,91.97,92.22,90.11,87.62,86.14
48099,75.3,69.68,65.3,59.25,53.58,46.6,41.16
48101,0.0,-0.13,0.04,-1.31,-2.92,-4.49,-5.17
48103,81.1,58.86,62.64,64.04,67.05,68.8,72.51
48105,49.7,52.71,47.73,42.78,37.86,32.59,26.88
48107,2.5,1.24,1.87,1.02,0.27,0.35,0.97
48109,0.0,0.0,-0.08,-0.66,0.49,2.04,2.06
48111,84.7,75.91,73.72,70.17,66.01,62.56,58.97
48113,59.8,52.59,50.81,47.79,44.56,38.97,35.84
48115,65.9,60.93,59.07,55.73,53.76,51.59,48.87
48117,51.8,47.36,40.73,33.58,24.77,17.39,9.83
48119,3.8,2.68,21.25,41.75,59.95,77.48,93.57
48121,66.9,61.0,59.19,58.04,55.92,53.03,51.03
48123,52.3,48.29,50.89,52.05,55.55,58.72,61.38
48125,6.7,5.82,7.28,8.06,8.15,8.96,10.91
48127,102.9,96.65,94.83,91.1,89.47,87.08,84.66
48129,3.0,4.07,3.72,1.86,1.35,-0.29,-1.18
48131,14.9,14.57,11.15,5.04,3.23,-1.58,-6.02
48133,70.7,65.82,71.3,76.81,82.92,88.07,93.66
48135,92.4,77.51,70.96,62.62,55.73,47.58,40.26
48137,0.0,-0.09,0.01,-1.09,-2.12,-3.48,-5.46
48139,81.0,74.99,73.71,71.71,69.9,65.84,63.55
48141,39.6,37.45,37.41,34.93,34.34,33.39,31.25
48143,85.7,76.28,71.06,64.67,58.81,52.7,46.48
48145,74.6,59.26,61.73,63.11,66.26,67.46,69.21
48147,67.7,62.48,61.38,62.62,61.46,59.21,56.2
48149,71.7,66.63,60.98,54.06,48.4,42.71,36.9
48151,7.9,6.16,4.5,1.31,-1.3,-4.72,-7.75
48153,25.9,4.95,3.26,0.6,-2.78,-5.86,-7.27
48155,59.3,61.26,58.76,55.33,51.47,47.71,44.1
48157,44.2,40.77,39.18,37.41,35.69,35.34,32.42
48159,75.8,67.17,73.27,81.69,87.42,93.72,98.39
48161,3.9,2.76,27.23,50.82,75.76,98.79,121.78
48163,48.7,44.56,43.66,40.46,38.78,37.69,35.07
48165,62.3,52.54,51.4,47.93,45.7,43.49,40.82
48167,92.4,79.5,75.91,70.24,66.03,62.51,57.23
48169,2.0,1.58,1.51,-0.44,-1.43,-1.94,-1.88
48171,88.7,77.97,76.66,73.9,72.73,70.99,68.89
48173,0.0,-0.34,0.7,1.13,2.1,2.01,2.15
48175,32.7,26.0,22.72,17.89,16.16,13.59,10.52
48177,61.6,56.28,53.47,48.88,46.83,44.61,41.61
48179,131.5,116.19,109.92,103.88,96.6,88.74,82.41
48181,133.2,113.68,105.14,99.32,90.59,81.17,72.16
48183,178.5,141.31,133.37,127.45,120.58,112.52,103.04
48185,23.4,19.31,27.13,34.6,41.82,49.13,55.28
48187,51.7,47.16,47.46,45.03,45.22,45.44,44.89
48189,71.5,69.04,65.08,60.47,55.72,51.24,47.82
48191,7.1,3.77,3.91,2.08,1.11,-0.13,-0.51
48193,7.7,4.98,28.63,51.34,74.73,97.33,119.53
48195,1.5,0.4,0.81,1.07,0.47,-1.42,-1.64
48197,85.9,74.89,77.68,78.43,78.54,79.92,81.48
48199,110.4,98.45,97.6,95.52,95.28,93.66,90.05
48201,55.1,48.41,46.31,44.11,41.88,39.28,35.71
48203,78.0,69.5,71.64,75.18,78.51,79.96,80.84
48205,0.0,-0.78,-0.29,-0.84,-1.71,-2.03,-3.07
48207,9.3,18.21,9.19,-1.2,-11.56,-21.96,-31.92
48209,67.1,60.68,58.32,53.43,51.07,47.86,44.81
48211,4.2,2.61,2.98,3.63,3.77,3.41,3.88
48213,93.6,84.17,80.47,77.2,73.4,68.53,63.54
48215,30.1,29.33,27.66,23.83,22.51,20.1,17.31
48217,95.4,80.86,62.95,42.55,23.81,4.13,-15.11
48219,91.2,82.85,79.06,73.79,69.96,66.51,62.68
48221,136.4,125.82,119.74,112.34,106.03,98.66,91.67
48223,112.6,98.25,93.73,91.46,86.8,82.63,76.76
48225,26.0,21.52,46.65,70.81,96.48,120.26,142.27
48227,71.9,60.36,66.74,71.58,77.7,83.09,88.12
48229,0.0,-0.0,0.0,-2.07,-2.76,-3.73,-4.85
48231,107.5,93.88,90.87,89.73,87.17,82.82,78.67
48233,85.6,78.28,81.29,83.17,83.73,84.77,85.83
48235,0.0,-0.23,0.05,0.37,0.99,-0.53,-1.52
48237,4.9,1.62,1.88,2.36,3.35,3.66,4.1
48239,35.0,29.12,32.79,34.69,38.99,42.43,45.33
48241,76.8,67.73,69.76,72.5,76.0,77.84,79.09
48243,0.0,-0.3,-0.11,-1.61,-1.31,0.01,0.76
48245,102.0,93.24,85.94,76.17,68.42,60.97,49.83
48247,3.3,1.37,33.2,62.76,96.89,128.74,159.81
48249,92.9,83.86,79.8,72.86,70.42,65.26,60.26
48251,92.7,90.5,90.46,89.38,89.01,87.43,86.72
48253,34.2,30.25,29.75,26.92,24.56,22.04,19.36
48255,76.4,66.84,58.4,48.17,40.54,32.5,24.73
48257,88.3,79.98,76.59,72.85,68.54,62.39,58.39
48259,76.6,71.3,65.54,57.93,51.58,45.86,39.71
48261,0.0,-0.79,-0.18,-1.59,0.89,1.7,0.23
48263,0.0,-0.14,-0.11,-1.27,-1.86,-2.69,-2.85
48265,99.0,85.62,80.8,73.81,68.07,62.57,56.83
48267,74.5,67.91,60.56,52.18,44.07,35.45,25.68
48269,0.0,0.1,-0.01,-1.61,-3.87,-5.46,-6.24
48271,2.5,2.03,25.55,47.98,70.41,91.7,114.26
48273,73.9,70.96,66.19,58.45,55.63,50.09,43.93
48275,0.0,0.1,-0.47,-2.78,-4.75,-5.98,-7.21
48277,169.1,159.1,152.48,147.65,140.5,132.59,123.62
48279,52.6,49.1,5.07,-39.61,-83.54,-127.17,-170.07
48281,34.4,30.87,61.06,89.93,119.25,148.25,178.34
48283,0.5,0.25,0.34,-1.73,-1.29,-1.79,-2.18
48285,57.9,50.72,56.09,60.24,65.93,71.41,75.91
48287,24.5,19.55,48.62,76.69,106.71,135.9,165.36
48289,4.3,3.0,38.83,73.06,109.19,142.8,175.6
48291,118.3,102.75,92.22,80.46,69.5,57.86,44.87
48293,107.2,94.39,87.74,80.1,73.47,65.67,57.31
48295,0.0,-0.77,-0.12,0.03,-0.47,-0.73,0.77
48297,21.4,20.95,18.02,12.13,9.23,4.73,0.84
48299,83.4,70.78,63.99,55.32,47.37,39.01,31.48
48301,0.0,-0.79,-0.43,-0.2,1.0,2.56,2.09
48303,94.2,84.08,84.05,82.15,81.75,81.44,80.35
48305,2.4,1.16,1.85,0.76,0.82,0.72,0.58
48307,76.1,63.13,57.21,50.01,43.33,35.78,27.3
48309,89.8,77.13,75.14,71.72,69.8,65.58,62.09
48311,0.0,-0.06,-0.12,-2.43,-2.09,-2.77,-4.01
48313,51.8,45.56,72.85,98.55,126.03,151.75,176.54
48315,2.8,1.14,1.72,3.59,4.72,5.33,4.18
48317,3.8,1.63,37.32,71.9,107.63,142.93,178.22
48319,6.5,3.28,42.13,80.92,119.47,157.92,195.33
48321,80.1,70.8,66.12,59.13,53.69,49.21,43.29
48323,31.3,29.08,28.65,26.8,24.72,21.53,20.9
48325,44.0,43.4,43.9,42.71,42.29,41.77,41.31
48327,0.0,-0.23,0.04,-1.26,-2.49,-3.95,-7.31
48329,81.0,67.11,60.28,52.3,45.33,37.47,29.75
48331,81.3,64.38,68.36,71.49,76.73,80.36,84.69
48333,0.0,-2.1,1.23,4.03,7.0,10.14,13.49
48335,3.1,1.92,51.53,99.08,146.44,194.31,241.89
48337,92.2,83.28,82.07,82.12,81.65,80.68,79.83
48339,75.5,66.68,61.01,54.96,49.48,42.46,35.3
48341,66.2,58.43,55.58,52.06,47.5,43.54,39.02
48343,102.2,102.42,82.58,63.65,43.42,22.65,0.45
48345,0.0,-0.32,0.08,-1.7,-3.45,-5.12,-5.94
48347,119.6,103.35,87.78,73.32,58.41,41.53,23.87
48349,86.2,78.34,73.07,67.44,62.62,55.8,49.68
48351,2.9,1.15,32.05,63.1,95.09,125.85,155.41
48353,147.0,128.39,120.22,110.07,100.1,89.98,79.96
48355,92.1,83.87,80.5,75.35,73.11,69.42,64.29
48357,80.2,42.14,46.03,49.35,52.67,53.58,57.42
48359,0.0,-0.26,-0.23,-0.63,-3.09,-3.02,-4.27
48361,127.3,119.19,113.66,105.82,100.47,95.07,85.81
48363,130.6,117.15,108.87,99.92,91.58,82.27,73.37
48365,83.7,81.44,81.47,82.1,83.69,82.78,80.77
48367,81.1,75.52,73.13,70.59,69.04,67.43,65.18
48369,2.6,1.28,0.76,-0.12,-2.37,-3.7,-4.67
48371,44.5,37.46,37.73,35.58,34.97,34.21,33.95
48373,120.5,107.09,102.6,98.21,94.18,88.3,81.14
48375,89.3,78.6,76.25,73.01,68.54,65.12,61.84
48377,0.0,-0.15,0.02,-1.15,-0.21,-0.46,-1.2
48379,75.8,73.51,68.71,65.92,61.97,56.02,50.04
48381,84.9,76.19,73.93,71.43,67.31,64.23,61.33
48383,0.0,0.46,24.29,47.29,71.43,94.68,117.37
48385,0.0,-0.19,0.05,-1.0,-1.74,-2.59,-3.75
48387,6.0,2.8,45.1,89.49,132.31,174.72,214.96
48389,91.0,76.46,64.28,50.76,38.19,26.38,13.15
48391,3.2,1.26,1.51,0.52,1.88,2.48,2.39
48393,0.0,-0.65,-0.26,-0.36,-1.06,-2.54,-2.12
48395,6.0,3.45,27.61,50.66,74.98,97.97,120.76
48397,78.7,69.48,73.87,79.47,83.31,86.29,90.02
48399,61.8,54.85,70.52,84.99,99.81,113.62,127.29
48401,68.1,52.81,49.11,46.67,44.31,39.41,33.45
48403,7.0,3.4,53.41,104.6,155.45,205.0,253.43
48405,7.0,3.41,71.22,140.06,208.69,276.16,342.96
48407,1.9,0.19,17.04,33.34,49.91,65.82,80.27
48409,80.1,79.93,85.55,89.39,95.91,102.28,107.09
48411,77.8,6.9,47.37,87.15,127.53,167.63,207.75
48413,0.0,-0.03,-0.13,-0.91,-1.17,-3.25,-6.54
48415,106.6,91.69,86.14,78.53,71.58,65.13,57.96
48417,0.0,-0.2,-0.26,-1.56,-2.64,-3.8,-4.05
48419,89.7,60.5,69.84,79.26,89.27,97.78,104.82
48421,31.2,2.5,1.11,0.08,-1.67,-3.11,-3.52
48423,107.9,94.95,88.99,84.33,78.43,71.08,63.7
48425,8.6,5.58,5.58,3.12,1.96,-0.2,-2.31
48427,32.7,32.33,34.75,35.15,37.93,39.8,42.71
48429,128.1,119.52,104.49,88.42,73.45,57.5,41.93
48431,0.0,-0.13,0.54,1.28,1.7,1.09,0.56
48433,4.9,4.02,2.39,-0.93,-4.37,-7.02,-9.63
48435,6.5,5.17,3.02,0.92,-0.59,-3.37,-6.78
48437,3.0,2.16,2.08,1.64,0.75,-0.04,-0.07
48439,76.0,68.97,66.82,63.81,61.06,56.67,54.12
48441,130.7,115.62,108.07,97.89,89.4,80.28,71.61
48443,0.0,-0.13,0.0,-2.0,-2.63,-4.63,-5.1
48445,63.4,53.73,84.71,114.55,145.42,176.55,206.64
48447,0.0,-0.29,-0.53,-2.3,-1.72,-2.74,-3.33
48449,106.0,90.98,85.38,81.92,76.43,70.92,64.44
48451,92.4,80.84,75.5,69.87,64.3,57.53,50.34
48453,61.1,55.52,51.3,44.46,40.04,34.48,29.89
48455,57.5,42.4,59.04,74.83,92.35,107.37,121.45
48457,32.0,22.77,50.8,79.41,108.58,136.48,162.81
48459,26.1,20.39,18.54,18.06,16.37,13.95,9.81
48461,1.9,1.23,1.87,0.09,-1.04,-2.04,-3.23
48463,76.9,72.23,73.32,72.09,71.82,70.91,70.32
48465,42.5,39.61,39.08,37.97,36.89,34.5,33.44
48467,88.3,81.57,78.37,76.24,73.13,68.18,63.45
48469,121.1,104.54,99.18,92.86,88.84,84.29,79.38
48471,87.0,77.11,61.26,43.63,26.93,9.52,-8.87
48473,7.3,5.38,12.08,17.25,23.31,29.94,35.54
48475,73.4,70.26,58.31,44.49,31.44,18.75,6.0
48477,90.5,87.95,76.88,65.41,55.05,45.02,33.41
48479,30.2,29.21,27.63,23.07,21.64,18.48,15.78
48481,76.8,69.39,63.75,56.34,50.87,45.79,38.21
48483,47.7,45.55,39.41,32.7,25.9,18.64,11.99
48485,119.1,108.21,105.3,102.64,100.32,96.85,94.24
48487,167.2,152.66,147.92,141.88,135.01,128.4,122.28
48489,53.8,47.35,29.82,10.39,-6.58,-24.25,-43.16
48491,70.6,64.74,62.21,58.08,55.91,52.51,50.27
48493,56.3,59.27,58.47,55.22,54.29,54.18,53.0
48495,87.1,60.9,56.4,50.79,46.86,42.2,37.01
48497,68.9,62.99,63.48,64.1,64.61,65.34,65.66
48499,115.9,98.04,94.77,93.23,89.72,84.85,79.79
48501,8.7,6.72,6.92,5.1,4.07,3.76,1.87
48503,112.6,103.57,98.96,94.31,90.95,86.96,82.73
48505,2.2,13.71,23.67,30.63,41.64,51.11,60.59
48507,5.0,0.82,0.79,-2.39,-3.86,-5.78,-7.28
49001,91.8,97.85,93.9,89.2,85.67,82.24,76.49
49003,85.5,81.68,79.85,77.4,75.85,75.21,73.91
49005,66.7,61.26,54.68,46.96,41.26,36.03,30.32
49007,188.9,183.24,175.26,166.19,157.8,149.27,142.55
49009,0.0,-0.34,-0.01,-1.11,-1.43,-0.6,-0.51
49011,72.9,68.83,66.53,64.2,61.41,60.0,58.57
49013,54.1,51.0,57.24,61.12,66.84,72.68,79.06
49015,97.4,96.41,47.35,-1.41,-49.5,-98.39,-145.06
49017,92.7,87.33,86.58,87.52,87.7,88.95,87.74
49019,108.4,95.71,83.31,70.23,57.56,45.25,33.72
49021,105.0,110.79,103.82,98.27,91.3,85.51,77.87
49023,96.9,95.69,81.9,69.48,56.43,44.61,31.21
49025,130.4,148.72,107.96,69.96,32.19,-5.95,-46.12
49027,69.0,69.93,58.17,47.9,37.12,26.94,15.65
49029,60.8,61.56,57.91,53.15,48.03,44.92,40.89
49031,0.0,0.01,-0.17,-0.03,-0.56,-0.55,-1.5
49033,44.0,31.66,29.38,25.72,23.75,21.67,20.21
49035,80.2,75.02,70.58,66.67,62.05,58.13,54.34
49037,23.5,19.21,16.23,12.44,8.75,5.56,2.02
49039,95.5,87.14,94.17,101.45,108.88,115.53,122.95
49041,130.2,124.54,113.16,101.83,91.2,79.37,66.96
49043,69.9,65.82,61.25,55.53,51.06,47.75,43.4
49045,81.5,72.95,70.18,67.93,66.02,63.78,61.49
49047,82.8,71.71,67.18,62.11,57.28,52.69,47.73
49049,64.5,61.13,58.47,55.71,52.52,50.38,47.47
49051,79.6,75.08,69.06,63.46,58.65,55.18,51.28
49053,96.1,91.93,88.56,88.34,86.79,85.16,81.5
49055,0.0,-0.19,-0.49,0.33,0.21,0.12,-0.38
49057,90.7,86.95,83.28,79.46,76.25,73.74,70.32
50001,27.2,43.4,50.47,58.65,64.95,72.2,81.45
50003,83.4,81.78,72.71,62.91,53.3,44.34,35.76
50005,45.7,62.97,62.28,63.77,63.82,63.8,65.26
50007,43.6,50.96,49.01,47.97,45.59,43.18,43.47
50009,0.1,10.74,11.96,16.1,18.33,20.89,25.08
50011,58.0,82.84,85.46,89.7,92.29,94.21,99.25
50013,13.3,20.28,18.79,19.4,17.91,16.09,17.35
50015,34.7,57.53,57.49,59.31,58.87,58.36,60.31
50017,22.1,41.79,42.5,44.8,45.27,45.79,48.05
50019,31.7,59.96,62.44,66.75,70.16,73.28,77.99
50021,88.9,85.4,80.04,76.61,71.05,66.33,63.69
50023,38.9,57.95,57.89,59.3,58.99,59.06,60.84
50025,77.9,74.77,72.37,69.49,65.7,62.9,60.16
50027,50.0,48.56,41.81,36.33,28.97,22.18,16.82
51001,70.5,64.82,60.71,58.22,52.45,48.57,45.67
51003,65.0,60.71,56.23,51.44,44.98,39.51,35.55
51005,90.4,82.59,82.95,83.74,84.22,83.6,84.16
51007,54.2,51.45,48.43,47.16,42.59,39.64,37.78
51009,90.4,82.56,74.74,66.98,57.52,50.37,43.15
51011,146.2,138.87,125.83,113.08,98.38,85.53,73.11
51013,28.0,24.94,23.43,21.51,18.11,13.12,12.29
51015,33.3,25.34,16.98,9.22,-1.13,-11.06,-18.3
51017,8.7,5.16,1.19,-1.79,-5.95,-10.18,-12.85
51019,50.0,46.27,44.68,42.73,39.67,38.2,37.59
51021,71.1,79.25,66.05,52.94,41.66,29.02,16.26
51023,46.3,41.12,39.11,36.68,33.74,31.7,30.01
51025,29.0,25.49,23.78,20.99,15.85,13.75,12.14
51027,84.7,85.73,127.08,168.58,210.83,253.18,294.94
51029,2.7,1.9,1.5,1.73,-0.74,-1.21,-0.54
51031,38.0,33.47,40.6,48.15,54.03,62.05,70.25
51033,19.9,20.33,33.56,48.06,60.92,73.76,89.81
51035,44.7,43.5,42.25,40.8,41.02,40.63,40.11
51036,0.0,-0.96,0.54,4.35,5.45,7.48,11.14
51037,43.9,43.26,38.86,35.39,29.29,25.12,22.21
51041,77.9,72.52,67.62,63.96,57.8,52.99,49.3
51043,21.6,26.43,27.74,28.74,29.03,27.54,30.8
51045,8.4,5.39,4.48,4.01,3.53,1.92,1.74
51047,79.3,71.96,65.82,60.28,53.29,46.9,43.81
51049,35.5,32.93,29.44,26.84,21.52,18.01,15.19
51051,157.3,137.71,180.83,224.62,269.27,313.24,358.54
51053,5.5,4.5,4.37,5.31,3.89,3.65,4.17
51057,123.3,122.72,110.99,100.79,89.1,76.57,66.96
51059,33.7,30.6,28.94,26.99,23.47,18.5,17.79
51061,81.6,76.63,72.26,67.59,62.13,56.06,53.61
51063,65.0,58.84,50.14,41.73,34.64,26.38,18.06
51065,38.0,36.18,31.25,27.3,20.7,15.02,11.79
51067,96.2,86.61,79.68,72.8,65.69,59.28,53.47
51069,62.9,58.4,54.95,51.22,46.63,41.06,39.13
51071,149.5,142.83,121.92,101.96,83.59,63.18,43.01
51073,128.1,119.96,108.48,99.13,87.04,75.97,66.38
51075,16.4,15.09,14.37,16.0,14.74,14.58,17.34
51077,28.3,9.56,20.94,30.99,42.64,53.98,65.26
51079,88.8,83.22,77.78,72.31,64.55,58.35,53.73
51081,0.0,-2.01,-3.21,-4.85,-8.44,-9.48,-10.37
51083,75.9,86.98,81.45,75.88,67.9,62.94,58.95
51085,102.0,96.11,90.7,86.01,79.49,74.37,70.81
51087,81.0,75.18,68.51,62.61,54.85,48.02,42.6
51089,101.1,77.45,65.5,53.7,41.93,30.36,18.72
51091,0.0,-0.41,-0.42,0.14,-0.78,-2.24,-0.78
51093,67.3,67.34,72.84,79.91,85.09,91.25,98.16
51095,112.7,107.04,98.04,91.47,82.36,74.13,67.28
51097,0.0,-0.37,-0.74,1.13,0.58,0.08,1.62
51099,54.5,53.51,54.26,56.76,56.95,56.7,59.77
51101,47.4,42.57,40.26,39.68,37.36,35.07,35.19
51103,187.1,183.51,159.8,137.72,112.71,87.64,65.28
51105,129.3,112.51,144.53,176.36,209.02,240.22,271.87
51107,40.9,38.2,36.73,35.57,33.38,29.69,30.44
51109,58.9,53.37,49.88,47.61,43.33,39.19,39.04
51111,4.3,2.15,1.72,1.7,-1.13,-1.53,-0.73
51113,0.0,-0.6,-0.76,-0.47,-2.05,-1.95,0.28
51115,63.4,59.92,54.74,51.07,44.81,39.3,36.17
51117,115.3,112.19,105.93,98.32,88.75,81.79,75.47
51119,5.4,4.16,1.3,0.36,-3.47,-7.01,-8.22
51121,72.5,65.44,60.91,57.62,54.68,50.62,46.47
51125,27.4,25.68,21.32,16.9,10.57,6.14,2.74
51127,68.8,62.09,59.02,58.25,55.26,52.83,52.89
51131,115.5,112.57,113.32,115.02,113.77,114.47,116.53
51133,37.3,34.85,30.01,26.63,20.03,13.4,10.4
51135,88.6,66.31,76.01,86.74,94.57,104.46,115.48
51137,105.3,96.93,91.11,86.24,79.7,73.75,70.78
51139,102.9,99.32,86.87,75.18,61.5,48.26,37.23
51141,85.1,77.64,69.27,60.63,53.16,44.99,36.71
51143,22.8,23.11,21.4,19.71,16.47,15.19,14.4
51145,55.5,51.54,46.09,42.83,35.98,31.14,27.83
51147,113.6,105.39,99.89,94.83,87.06,81.02,76.11
51149,0.6,-2.06,1.18,6.06,8.34,11.73,16.69
51153,44.0,40.54,38.17,36.42,32.28,27.66,27.4
51155,142.6,135.6,132.87,130.47,128.97,126.83,124.18
51157,0.0,-0.53,-0.62,-1.16,-2.64,-3.48,-2.32
51159,45.5,43.39,43.0,44.68,43.91,42.57,44.46
51161,98.6,89.37,83.17,76.57,70.56,64.8,59.04
51163,0.0,-9.9,-10.67,-10.49,-12.14,-13.5,-13.5
51165,34.8,31.36,28.42,25.32,20.71,16.39,14.01
51167,138.3,118.22,113.14,107.02,103.22,99.1,95.21
51169,169.4,160.62,153.11,146.49,141.75,134.46,128.87
51171,84.4,74.94,68.97,62.34,54.18,45.84,41.09
51173,151.7,139.46,131.31,122.28,114.95,106.81,98.29
51175,3.5,1.42,-0.2,-1.17,-3.01,-4.09,-4.13
51177,83.2,76.79,67.3,58.89,48.75,38.95,32.35
51179,57.9,54.21,49.07,44.12,37.71,31.45,28.78
51181,0.0,-0.18,0.03,2.02,1.85,2.95,5.21
51183,27.1,24.65,22.32,20.5,17.13,14.82,13.5
51185,231.1,202.12,180.08,157.63,136.92,114.94,92.14
51187,99.6,92.81,87.88,82.22,76.12,69.47,65.97
51191,127.5,115.91,105.04,93.18,83.99,73.54,62.47
51193,52.4,46.03,43.03,41.35,38.25,34.69,33.16
51195,235.7,208.39,189.99,172.03,155.15,136.74,119.94
51197,122.5,119.94,109.78,98.76,89.17,78.29,67.35
51199,57.7,50.87,46.4,43.67,38.49,34.82,32.4
51510,38.3,35.39,32.88,30.26,26.43,20.71,19.14
51520,190.8,185.2,174.2,161.72,152.01,140.07,129.0
51530,85.1,71.04,81.73,93.38,103.44,114.29,125.93
51540,77.2,70.0,55.68,41.39,25.15,10.12,-3.56
51550,74.8,68.77,64.97,62.88,58.58,56.11,54.65
51570,277.3,247.57,228.44,210.84,190.99,172.56,155.11
51580,287.6,260.03,239.34,219.28,198.99,177.27,156.68
51590,199.1,188.95,179.7,170.1,158.99,149.32,140.48
51595,315.5,303.14,287.41,271.42,253.59,238.5,223.54
51600,88.7,82.14,79.11,75.88,71.05,64.77,62.87
51610,81.5,66.85,58.74,50.78,41.09,29.38,22.27
51620,294.5,274.24,268.92,264.4,258.51,253.78,249.74
51630,165.2,173.63,166.57,160.14,152.09,144.09,139.78
51640,460.3,433.82,399.34,364.12,330.41,296.05,262.49
51650,90.9,86.66,76.94,69.54,59.28,50.59,43.35
51660,143.3,134.67,126.06,117.17,106.84,96.78,88.71
51670,131.4,116.22,144.32,173.97,201.24,229.73,259.86
51678,325.7,281.15,250.95,221.87,190.82,160.22,130.91
51680,154.2,138.93,119.55,100.66,79.81,61.12,42.3
51683,123.9,118.14,111.54,105.05,96.8,87.55,83.14
51685,0.0,-1.15,-1.64,-1.74,-3.78,-6.92,-5.23
51690,532.5,457.52,410.14,363.23,315.97,269.5,222.51
51700,73.5,69.01,62.89,58.89,52.61,47.45,43.71
51710,74.1,70.52,64.43,59.98,52.45,47.31,43.4
51720,563.3,513.23,478.34,443.77,410.34,375.57,342.28
51730,167.4,156.53,151.53,147.69,141.51,136.57,132.61
51735,102.6,94.31,81.61,71.18,58.29,46.96,36.68
51740,120.6,114.83,103.69,94.51,82.49,72.43,63.64
51750,124.4,109.6,98.64,88.64,79.57,68.87,58.03
51760,67.8,59.55,53.51,48.38,41.57,35.3,30.63
51770,122.0,109.18,102.32,95.06,88.13,81.52,75.15
51775,242.5,222.93,208.05,193.06,179.05,164.7,150.63
51790,217.6,193.16,176.77,160.79,142.4,124.43,109.01
51800,91.5,89.59,85.65,82.78,77.72,74.46,71.99
51810,68.4,64.97,60.93,58.54,54.05,51.13,49.5
51820,262.5,234.71,205.75,177.22,146.31,116.58,88.82
51830,0.0,-1.07,-1.76,-0.22,-0.95,-0.9,0.73
51840,201.6,191.85,179.1,166.19,152.54,137.89,127.06
53001,33.0,29.59,27.53,25.22,23.0,21.26,19.45
53003,152.8,146.34,150.12,156.78,161.55,165.57,170.34
53005,110.5,107.88,102.43,96.99,91.64,86.65,81.57
53007,91.9,87.16,79.92,72.28,65.5,59.51,53.01
53009,140.0,128.22,120.11,112.74,106.8,99.85,93.33
53011,67.5,63.36,59.44,54.56,51.42,45.56,42.33
53013,128.7,117.57,119.3,120.82,122.59,122.99,124.54
53015,105.6,97.67,89.04,79.3,71.65,61.71,53.1
53017,67.7,65.36,64.52,62.78,62.08,62.44,62.03
53019,76.1,70.21,66.34,64.61,62.48,60.84,58.63
53021,70.1,68.85,62.75,56.82,50.59,44.41,39.02
53023,143.0,132.62,120.03,108.69,96.88,83.5,71.26
53025,81.1,76.14,73.45,70.77,68.18,65.77,63.2
53027,123.9,119.61,112.93,107.1,102.07,96.73,92.17
53029,46.6,43.39,42.5,41.48,42.1,41.62,41.61
53031,96.5,90.46,85.25,79.43,76.33,72.0,68.66
53033,55.5,51.2,47.27,42.38,39.61,37.0,34.23
53035,71.2,66.66,61.82,55.91,53.0,50.08,46.78
53037,65.0,62.52,56.22,49.77,44.64,39.0,33.24
53039,29.4,23.59,4.38,-16.21,-35.46,-56.23,-74.58
53041,116.0,107.1,96.84,86.16,76.9,65.2,55.82
53043,164.1,95.81,93.13,90.7,87.82,85.15,82.44
53045,100.9,97.18,87.35,78.14,69.42,61.49,53.87
53047,77.3,78.33,71.18,64.78,58.58,53.16,47.29
53049,48.3,43.47,37.5,32.63,28.85,22.35,18.25
53051,136.0,126.53,118.16,111.44,103.63,95.73,88.52
53053,72.9,69.02,65.04,60.86,57.78,55.21,52.62
53055,36.8,41.76,56.55,71.77,86.81,102.42,117.85
53057,94.3,89.73,81.19,72.69,64.95,56.53,48.63
53059,60.1,45.2,6.56,-33.08,-70.71,-110.25,-147.67
53061,83.5,78.45,70.74,62.56,56.28,49.47,43.13
53063,92.5,86.32,83.58,80.51,77.18,73.6,71.16
53065,92.0,84.28,82.31,81.3,80.02,79.07,78.14
53067,71.6,69.41,62.94,57.04,51.56,46.13,42.3
53069,67.1,29.03,6.8,-15.97,-36.27,-59.17,-80.41
53071,94.2,90.57,86.7,83.02,78.71,73.82,70.56
53073,79.3,76.83,71.54,67.09,61.84,57.1,52.44
53075,53.0,52.11,49.45,48.42,45.67,42.19,40.22
53077,78.0,72.56,67.85,62.89,60.63,56.69,53.27
54001,110.7,94.67,68.59,42.29,15.05,-12.02,-37.32
54003,115.3,102.02,91.47,80.45,68.15,54.98,45.75
54005,192.1,171.72,143.12,113.37,84.95,54.69,24.37
54007,114.5,99.07,89.84,80.26,71.01,60.09,51.28
54009,114.3,98.71,86.85,74.21,61.81,48.47,35.33
54011,148.8,136.07,122.63,107.57,94.19,79.6,64.89
54013,70.2,57.57,46.51,34.76,23.64,10.66,-1.37
54015,75.3,66.69,61.63,55.34,50.28,43.26,37.25
54017,47.7,41.78,33.9,25.66,17.64,7.76,-0.68
54019,95.4,90.51,77.1,63.31,49.8,34.32,19.78
54021,81.8,74.91,60.1,45.16,30.5,13.55,-1.69
54023,104.4,95.07,84.56,73.38,61.09,48.48,38.75
54025,148.4,127.87,108.94,90.31,72.11,51.93,32.83
54027,82.1,68.87,68.77,68.95,67.8,65.16,66.53
54029,152.0,139.55,142.43,144.08,145.57,147.1,148.8
54031,97.0,86.19,80.54,74.55,67.14,59.34,54.53
54033,130.3,119.54,103.47,86.63,69.84,52.08,35.44
54035,130.6,107.65,82.69,57.36,32.93,6.91,-18.9
54037,88.6,85.58,87.51,89.7,90.57,90.1,94.08
54039,155.2,131.74,111.56,89.08,68.5,46.93,24.87
54041,107.7,88.03,82.39,75.18,68.52,61.04,54.91
54043,73.9,63.2,52.78,41.05,30.46,18.48,7.17
54045,263.0,209.03,192.74,175.01,159.1,141.51,124.69
54047,156.4,136.76,105.24,73.1,43.1,11.78,-19.93
54049,113.0,97.77,88.72,79.81,70.37,60.12,50.34
54051,137.9,130.13,117.1,104.08,90.66,76.41,61.92
54053,118.3,101.58,81.63,61.72,41.6,21.93,0.73
54055,160.5,151.23,120.25,89.64,60.6,29.92,-0.92
54057,118.2,109.32,101.83,94.39,85.52,75.54,68.81
54059,181.3,135.86,98.91,61.12,25.33,-12.1,-48.53
54061,78.2,70.0,59.74,49.46,37.76,25.67,14.34
54063,28.3,26.53,40.45,55.19,71.06,84.72,99.15
54065,72.3,71.23,73.02,74.63,74.66,74.11,76.2
54067,186.8,158.88,135.97,112.66,89.46,64.66,41.6
54069,106.9,95.38,80.99,65.3,49.61,33.62,17.1
54071,83.6,88.04,83.53,79.0,73.5,67.79,63.84
54073,134.1,122.83,114.43,105.06,95.92,85.36,75.15
54075,68.1,57.01,57.73,59.06,58.74,57.87,59.9
54077,71.4,73.58,70.21,66.56,61.43,56.33,52.14
54079,121.2,106.33,94.82,82.36,71.11,59.63,46.74
54081,164.6,145.26,106.18,67.18,29.78,-10.15,-49.54
54083,122.4,113.02,95.55,78.23,59.86,41.73,25.98
54085,69.2,58.54,66.18,72.63,80.24,86.1,92.82
54087,125.6,109.15,94.6,78.21,62.76,45.59,29.53
54089,108.2,104.46,113.21,122.15,132.63,141.03,149.77
54091,89.2,80.57,69.4,57.24,44.9,31.81,20.11
54093,41.2,45.67,40.41,34.93,27.53,21.17,17.13
54095,63.1,54.96,51.08,46.79,42.44,37.04,31.55
54097,82.6,71.29,57.91,43.44,28.78,14.04,0.68
54099,82.5,75.63,67.47,58.03,49.93,40.5,31.54
54101,76.6,68.45,60.97,53.26,45.1,35.92,28.48
54103,118.0,108.33,95.94,83.56,70.33,56.67,43.48
54105,66.2,50.33,37.86,24.84,11.57,-2.21,-15.79
54107,152.3,133.29,110.6,87.89,65.25,42.22,18.83
54109,218.2,192.73,144.88,96.72,50.14,1.46,-46.95
55001,49.6,46.07,43.49,42.58,41.02,38.01,35.59
55003,98.8,101.28,87.4,75.16,62.35,47.61,33.15
55005,79.9,74.97,76.43,79.69,82.68,82.29,83.23
55007,10.3,10.37,8.99,8.75,7.26,3.48,0.71
55009,73.6,69.83,65.37,59.83,55.53,49.49,43.81
55011,7.2,2.25,0.06,-1.1,-2.01,-5.38,-8.16
55013,58.7,62.64,62.77,64.69,65.8,64.05,63.59
55015,21.8,20.27,19.26,17.66,17.06,14.57,13.7
55017,63.2,64.06,63.95,65.08,66.27,64.48,63.17
55019,35.1,36.35,32.24,27.92,24.72,18.68,12.32
55021,103.5,98.39,93.2,87.69,82.75,76.77,70.77
55023,79.7,73.21,71.47,70.93,71.52,69.05,68.21
55025,62.4,58.77,53.16,47.51,41.79,34.69,29.14
55027,46.3,44.93,41.49,37.33,33.84,29.68,26.12
55029,59.8,69.96,65.35,60.13,57.13,52.36,47.99
55031,84.4,72.89,62.12,53.29,43.27,31.34,19.26
55033,53.0,43.37,38.45,35.62,32.37,26.18,20.79
55035,72.2,64.01,58.06,52.0,46.43,38.1,30.85
55037,0.0,-0.84,-0.79,-2.22,-0.09,-0.12,-1.12
55039,57.4,55.38,51.47,47.24,44.18,39.38,35.86
55041,53.9,50.32,45.72,41.3,38.32,33.49,27.67
55043,53.7,51.5,46.89,43.9,41.64,38.25,35.25
55045,64.3,60.11,54.17,50.53,45.92,41.04,36.5
55047,74.1,67.65,62.15,57.08,51.32,44.78,39.27
55049,51.0,49.89,46.84,45.34,44.33,41.37,39.24
55051,75.1,72.29,64.68,58.29,52.17,44.32,35.85
55053,30.0,26.74,25.09,24.32,24.05,20.39,17.0
55055,73.2,68.46,63.56,59.34,55.11,50.31,46.25
55057,117.3,123.15,119.1,116.88,114.69,109.93,105.59
55059,75.8,71.34,64.24,58.04,51.59,45.87,40.41
55061,27.3,24.97,23.5,21.81,21.66,19.8,19.14
55063,71.1,64.91,62.95,61.16,60.83,57.65,55.33
55065,14.9,13.89,13.83,15.94,17.23,18.9,20.16
55067,111.6,106.5,94.96,83.3,73.93,61.34,47.2
55069,82.1,78.32,75.16,72.22,71.11,66.18,61.66
55071,74.8,69.54,59.88,49.96,41.63,32.36,22.65
55073,56.3,52.9,49.76,47.12,45.91,41.71,37.68
55075,89.2,82.23,76.09,69.63,64.98,58.26,51.54
55077,38.4,36.23,33.18,30.66,27.55,23.73,20.1
55078,0.0,-0.54,-0.64,-1.34,0.15,-0.81,-1.85
55079,89.7,84.78,77.01,69.82,62.99,56.89,50.45
55081,74.2,67.93,65.45,63.41,61.69,57.69,54.32
55083,43.5,39.68,36.43,33.37,32.74,29.49,26.1
55085,102.4,93.43,84.63,75.94,69.44,59.47,49.5
55087,66.7,61.73,57.71,53.27,49.46,43.89,39.52
55089,66.5,63.54,60.87,58.22,55.54,53.39,51.63
55091,72.0,63.79,57.87,53.13,49.3,42.28,35.8
55093,37.4,36.0,38.02,41.4,45.58,45.96,47.71
55095,79.5,72.46,63.61,56.61,48.66,37.33,26.73
55097,65.8,59.7,55.28,51.33,48.09,43.33,38.25
55099,62.1,56.09,50.05,46.15,42.37,36.39,30.95
55101,89.1,84.72,78.31,72.6,67.13,62.49,58.27
55103,19.8,17.53,35.4,54.83,74.41,91.96,110.63
55105,89.5,84.53,78.32,73.54,68.24,62.29,56.9
55107,40.4,34.58,31.31,30.67,28.77,24.38,20.43
55109,47.5,40.96,33.77,27.76,22.37,12.98,4.9
55111,75.7,73.84,67.36,61.94,56.86,50.26,44.53
55113,101.5,100.18,89.72,82.19,72.03,59.97,48.75
55115,54.1,48.37,42.41,36.55,32.76,26.14,19.78
55117,77.6,73.5,66.99,61.01,55.94,50.74,45.4
55119,33.5,31.5,29.13,27.66,26.54,23.34,19.11
55121,25.6,23.25,17.7,12.25,7.79,0.32,-6.93
55123,51.0,46.7,42.72,40.13,38.4,33.82,30.13
55125,70.2,62.53,61.45,61.29,62.77,62.3,60.55
55127,72.4,67.45,62.95,59.91,55.34,51.74,48.18
55129,65.4,31.61,29.03,27.56,25.75,20.94,17.29
55131,76.1,71.35,65.88,60.3,55.24,50.35,45.12
55133,76.9,73.49,68.27,63.19,58.38,53.84,49.01
55135,94.8,89.07,84.77,79.76,75.75,70.48,65.83
55137,26.6,24.97,26.08,28.24,29.53,29.86,30.72
55139,64.2,59.38,55.07,50.86,47.18,41.77,37.15
55141,83.5,75.7,72.05,69.03,66.08,61.22,55.67
56001,55.8,51.72,46.69,41.95,35.87,31.61,26.26
56003,62.1,58.4,55.75,53.36,50.52,47.86,46.4
56005,82.2,75.21,70.85,66.76,62.62,59.12,54.53
56007,76.8,80.41,72.67,62.77,53.18,44.78,36.33
56009,64.5,60.19,65.3,67.97,71.35,75.35,78.3
56011,0.6,0.27,0.0,-0.85,-2.51,-3.01,-5.36
56013,95.1,93.11,83.79,73.38,63.75,54.57,45.81
56015,42.3,38.78,32.15,22.64,13.78,5.05,-2.51
56017,98.3,102.04,97.74,92.7,87.66,83.85,80.77
56019,68.0,67.35,65.62,63.7,62.78,62.53,61.65
56021,84.3,77.94,71.64,65.56,58.6,52.84,47.46
56023,80.1,80.54,77.68,74.22,71.96,68.69,66.78
56025,89.3,82.04,82.56,81.4,80.2,80.97,79.73
56027,2.4,1.37,2.92,2.4,2.13,2.57,1.46
56029,106.0,98.15,85.95,73.85,62.04,50.38,39.56
56031,58.5,55.28,54.46,51.14,47.02,44.36,42.31
56033,60.8,55.36,51.83,47.71,44.51,41.4,37.53
56035,63.7,56.78,58.35,58.32,58.57,59.4,61.7
56037,93.5,86.51,87.62,87.63,88.63,90.46,91.92
56039,81.2,76.32,63.14,50.44,37.05,24.3,11.1
56041,112.4,104.79,105.37,104.95,105.43,105.84,105.55
56043,109.7,95.94,81.78,67.07,51.82,37.64,24.67
56045,68.3,58.55,47.1,34.64,20.65,7.65,-7.07
