FIPS,2014 kals,2015 kals,2016 kals,2017 kals,2018 kals,2019 kals,2020 kals
01001,8.2,8.8,10.43,10.01,10.78,13.08,14.28
01003,18.0,20.08,16.87,15.43,15.26,18.37,19.98
01005,4.4,4.59,5.71,5.83,5.2,6.98,7.86
01007,17.2,16.85,21.87,21.76,22.84,25.69,27.49
01009,18.6,18.14,22.21,26.53,20.76,17.38,12.16
01011,6.3,7.16,8.26,8.01,7.52,9.28,9.14
01013,7.4,8.49,10.51,10.15,8.97,9.68,8.68
01015,14.8,16.0,14.82,22.7,16.58,12.7,7.26
01017,8.7,9.94,12.02,12.3,11.77,13.86,13.79
01019,14.4,17.39,17.98,18.31,17.93,19.58,18.75
01021,14.2,17.55,15.34,16.95,19.6,23.92,27.04
01023,5.7,6.67,7.09,7.65,7.29,10.48,11.31
01025,6.9,7.49,8.0,9.59,9.14,12.15,12.32
01027,7.9,9.43,10.91,12.05,10.7,11.29,10.19
01029,14.5,15.72,13.9,15.96,13.33,12.93,11.0
01031,7.5,7.14,8.65,9.11,8.36,10.12,10.29
01033,7.8,8.25,9.14,8.85,9.13,11.03,11.31
01035,12.9,13.8,15.61,17.98,18.05,20.31,20.48
01037,9.2,10.54,12.29,13.51,13.39,14.89,15.2
01039,10.1,9.64,8.78,10.34,10.12,12.36,12.81
01041,7.3,7.6,8.14,9.5,8.59,10.41,10.53
01043,26.0,19.06,20.56,21.51,20.52,22.17,21.99
01045,8.9,9.92,10.47,9.87,10.16,12.73,13.84
01047,6.4,6.06,6.66,7.4,6.6,7.51,7.06
01049,12.1,21.36,23.23,29.73,23.06,18.67,11.75
01051,8.6,7.2,9.44,9.83,8.9,9.69,9.04
01053,27.9,25.77,26.21,32.76,31.72,33.67,33.32
01055,16.8,19.58,17.52,28.11,24.68,23.45,20.27
01057,14.6,14.74,19.18,20.88,17.67,16.1,13.85
01059,16.4,15.98,17.5,15.14,16.1,18.64,19.67
01061,8.4,10.9,11.15,14.48,15.28,17.78,19.1
01063,4.8,5.19,5.89,6.48,6.22,7.84,8.64
01065,5.9,6.09,6.71,7.72,7.46,9.31,10.04
01067,6.1,7.07,7.54,9.35,7.98,9.12,8.68
01069,11.3,12.0,11.07,13.82,15.02,18.12,19.74
01071,10.4,10.82,10.3,13.65,12.54,13.78,12.39
01073,25.6,23.96,29.14,30.32,27.96,27.22,25.33
01075,7.5,8.62,9.43,11.07,9.58,9.97,9.7
01077,9.5,9.73,11.86,12.6,13.7,16.33,17.32
01079,13.7,13.65,17.04,16.59,14.85,15.4,13.96
01081,7.1,8.64,7.76,8.85,8.0,9.4,8.65
01083,7.4,8.66,8.86,10.49,9.91,11.62,11.0
01085,5.0,6.29,6.39,6.92,6.36,7.57,7.5
01087,5.7,6.15,7.0,7.8,7.23,8.62,8.71
01089,7.7,11.05,15.0,19.18,13.87,11.06,5.4
01091,4.7,4.8,5.3,6.13,6.27,8.3,8.88
01093,5.6,6.58,7.23,8.41,7.23,8.06,7.94
01095,17.6,20.02,15.95,16.19,16.49,19.48,19.37
01097,13.5,16.15,15.58,13.36,14.5,19.25,21.76
01099,8.7,9.31,10.06,12.56,11.1,12.53,11.2
01101,7.2,6.72,7.51,7.23,7.63,10.42,11.62
01103,12.6,18.31,15.14,17.89,18.35,21.68,22.53
01105,5.3,5.72,6.57,7.11,6.86,7.92,8.38
01107,12.6,11.81,12.97,13.82,16.67,21.62,25.65
01109,5.5,6.24,7.75,8.79,7.45,8.46,8.24
01111,9.7,10.02,12.33,15.74,15.26,17.43,17.58
01113,11.5,12.13,12.54,12.47,14.7,19.25,22.1
01115,31.2,23.78,28.98,30.33,28.17,27.97,26.02
01117,18.0,18.51,20.82,17.39,17.57,19.84,20.47
01119,4.1,4.51,4.8,5.18,4.94,7.3,8.43
01121,9.3,10.67,11.92,14.62,15.66,18.35,19.52
01123,9.7,8.4,13.94,11.74,12.22,14.46,15.21
01125,12.5,13.48,15.5,17.15,14.83,14.4,12.89
01127,31.4,24.34,26.37,26.47,24.9,25.47,24.93
01129,7.0,7.55,8.91,9.75,9.94,13.35,14.33
01131,5.1,5.3,6.03,6.52,6.45,8.18,8.01
01133,10.3,9.54,12.83,12.08,13.66,17.33,19.71
02013,11.3,12.39,14.09,17.17,14.53,11.36,10.24
02016,9.9,10.81,11.5,13.21,11.79,10.72,9.45
02020,19.1,19.83,19.0,23.63,18.42,14.18,11.41
02050,8.5,9.24,12.34,13.23,11.93,10.47,9.98
02060,14.6,16.86,18.29,19.65,18.69,16.62,15.99
02063,0.0,0.01,0.03,0.01,-0.06,1.54,3.13
02066,0.0,0.01,0.07,-0.01,-0.04,0.36,1.39
02068,11.8,12.06,13.87,14.77,14.17,14.07,13.61
02070,13.9,14.26,17.04,17.35,16.47,15.26,14.82
02090,14.9,12.43,14.96,15.7,13.98,11.8,9.05
02100,9.4,10.22,11.53,12.5,11.96,11.02,12.12
02105,0.0,0.21,0.13,0.23,-0.32,-1.23,0.12
02110,15.3,18.58,20.64,25.63,19.03,11.47,6.8
02122,18.1,23.52,24.37,21.68,25.22,30.23,36.49
02130,14.7,14.26,15.88,19.98,18.37,16.97,17.07
02150,11.9,14.51,16.29,15.52,14.14,12.96,14.05
02158,8.4,10.26,10.39,12.44,12.01,12.06,12.27
02164,12.8,13.98,15.85,18.05,16.39,13.61,13.06
02170,18.5,16.54,21.55,21.07,17.55,15.24,13.9
02180,9.9,10.12,10.79,11.51,11.69,13.21,14.16
02185,8.8,10.18,10.91,12.41,12.62,12.16,11.52
02188,5.5,6.01,6.91,7.89,7.09,8.12,8.27
02195,0.0,0.04,-0.02,0.06,-0.1,-0.97,0.12
02198,0.0,-0.01,0.08,0.16,-0.08,-0.68,1.13
02220,12.8,14.71,15.66,15.88,15.24,13.06,14.25
02230,0.0,0.13,0.18,0.18,-0.11,-0.83,0.28
02240,9.6,11.01,12.59,13.49,12.09,11.28,11.18
02275,0.0,-0.02,0.05,0.06,-0.0,-0.97,0.34
02282,11.2,12.2,13.92,14.98,14.43,15.2,16.4
02290,11.3,13.04,15.77,15.03,15.23,16.65,16.61
04001,10.8,11.39,11.83,12.3,14.82,17.12,17.51
04003,16.7,23.47,21.15,22.7,20.16,18.59,15.88
04005,12.6,17.23,15.4,18.87,22.32,24.9,26.41
04007,28.3,31.39,35.45,34.59,31.09,26.0,21.69
04009,17.3,19.39,20.06,22.18,23.95,25.77,26.77
04011,16.4,20.78,18.28,20.24,18.47,16.38,13.0
04012,20.4,25.17,29.23,29.35,28.45,24.73,22.79
04013,17.0,17.23,18.86,22.03,24.33,25.26,26.13
04015,27.1,29.06,27.6,26.26,21.93,14.6,8.48
04017,21.5,16.88,26.87,19.09,17.26,13.45,9.2
04019,22.2,23.31,23.74,24.46,25.32,26.96,26.89
04021,9.7,14.07,14.63,14.67,16.34,17.18,17.8
04023,10.0,11.92,11.88,15.49,14.63,14.22,13.04
04025,26.6,25.96,30.16,26.56,25.57,22.68,19.96
04027,17.1,15.19,18.27,14.5,16.11,17.19,20.1
05001,11.6,11.33,11.99,14.28,12.55,12.49,10.7
05003,10.6,12.12,12.37,12.42,15.88,20.46,23.53
05005,20.2,20.73,20.66,24.1,20.53,19.74,16.45
05007,13.6,14.13,15.01,13.38,13.65,16.94,16.94
05009,12.1,16.56,16.3,15.95,14.79,15.8,14.89
05011,6.6,7.17,8.76,9.33,9.12,10.01,9.66
05013,10.2,10.52,12.63,12.74,12.35,13.29,13.41
05015,15.9,19.28,18.51,19.65,26.2,34.58,40.53
05017,7.6,10.22,10.3,10.39,9.69,10.26,10.03
05019,6.7,7.73,8.71,9.63,7.49,6.89,4.91
05021,12.6,20.71,17.77,17.06,16.97,18.48,18.89
05023,10.4,11.97,13.28,14.76,15.62,19.01,20.65
05025,8.1,8.87,11.13,10.82,10.81,12.36,12.89
05027,10.1,11.36,11.76,10.79,12.25,14.79,16.14
05029,13.4,14.35,16.24,15.66,14.87,16.74,15.6
05031,9.8,13.03,12.17,13.61,12.51,12.84,11.84
05033,17.6,19.6,20.76,20.47,21.67,25.35,26.46
05035,9.2,11.57,12.28,17.81,17.29,17.77,17.3
05037,11.1,13.25,13.68,16.08,15.58,16.34,15.75
05039,6.6,7.61,8.52,8.95,8.34,9.16,9.47
05041,6.2,6.76,7.74,8.53,7.87,8.87,8.4
05043,11.3,11.73,13.59,15.41,14.38,14.63,13.53
05045,12.3,10.73,13.21,13.61,14.86,19.5,21.34
05047,15.9,15.68,20.76,21.41,19.32,19.44,17.08
05049,14.1,16.96,17.95,21.6,17.68,16.44,12.76
05051,25.1,26.05,25.77,33.35,28.29,25.28,20.22
05053,12.4,11.18,12.74,15.59,13.64,13.14,11.14
05055,14.2,17.96,17.9,15.74,16.98,19.59,20.8
05057,7.0,7.93,8.23,9.55,10.59,13.56,14.83
05059,10.6,11.4,13.09,19.4,12.88,8.44,2.41
05061,7.0,7.34,7.98,8.85,8.82,10.41,10.29
05063,11.1,12.19,13.69,14.74,14.43,16.02,16.02
05065,16.0,21.93,19.12,23.77,19.9,18.78,15.8
05067,10.9,13.19,15.44,14.09,13.66,14.86,14.39
05069,7.8,10.37,10.47,15.15,14.54,15.66,15.45
05071,12.1,14.1,14.34,18.11,15.97,15.86,13.26
05073,6.4,7.05,7.92,8.51,8.28,9.68,9.54
05075,12.2,13.42,13.37,15.64,14.93,16.74,16.71
05077,8.4,9.07,10.36,12.95,11.61,11.77,10.71
05079,10.1,11.01,12.33,18.87,18.09,18.74,18.07
05081,10.3,11.21,12.47,15.7,13.36,12.87,10.24
05083,16.5,16.25,20.57,20.13,23.7,29.16,32.55
05085,15.1,12.67,18.8,15.65,16.98,20.18,21.59
05087,8.3,8.63,11.61,10.65,11.03,14.4,14.68
05089,14.4,13.76,16.14,18.47,19.2,22.13,23.21
05091,7.9,7.53,7.66,8.39,7.1,7.81,6.87
05093,12.5,11.54,17.22,16.62,15.28,15.43,14.42
05095,6.7,7.2,8.24,9.03,8.54,9.47,9.24
05097,10.8,11.9,13.2,15.07,16.12,18.98,19.98
05099,7.3,7.68,9.4,9.26,9.02,9.69,9.02
05101,14.0,15.4,17.05,21.16,19.17,19.57,17.16
05103,8.9,10.02,12.16,11.69,12.38,13.93,14.93
05105,10.3,12.2,14.23,15.41,13.16,13.16,10.61
05107,7.2,7.35,9.1,8.86,8.53,9.22,8.99
05109,12.3,15.45,15.22,16.22,17.96,21.72,23.58
05111,16.0,18.17,19.89,21.25,19.56,19.82,18.86
05113,12.4,15.54,16.17,15.86,15.37,16.53,15.54
05115,10.6,10.14,13.48,12.38,12.33,14.65,14.25
05117,7.5,8.52,9.49,9.87,9.5,10.69,10.22
05119,13.8,12.4,14.78,17.72,19.34,22.94,24.73
05121,12.3,14.16,14.25,15.72,14.47,15.48,14.39
05123,7.4,7.19,8.14,9.47,9.21,10.09,9.65
05125,13.6,13.94,16.58,22.93,17.94,14.62,9.28
05127,15.0,17.23,20.68,18.86,21.0,25.01,26.97
05129,12.0,14.59,16.53,15.6,15.04,17.21,17.08
05131,13.6,16.02,19.64,16.55,16.6,19.45,19.32
05133,9.0,10.91,11.52,13.09,11.28,11.24,9.62
05135,17.2,18.69,20.42,24.08,18.71,15.38,10.21
05137,10.5,11.69,12.65,14.02,13.76,15.76,15.67
05139,11.8,10.22,13.67,14.0,14.89,16.78,18.12
05141,9.8,12.43,12.93,14.81,13.42,14.62,13.09
05143,8.6,8.98,8.87,8.91,7.18,8.36,6.36
05145,11.2,14.39,15.77,15.98,13.16,12.31,10.0
05147,10.9,11.98,13.44,15.12,14.63,15.86,15.55
05149,11.1,12.06,14.3,15.83,16.08,18.33,18.51
06001,10.4,11.98,10.5,8.82,11.52,15.78,17.76
06003,17.1,18.7,21.14,22.54,21.64,21.98,20.83
06005,29.0,24.16,24.88,23.95,24.7,26.72,26.66
06007,32.3,29.62,32.55,24.6,27.17,30.92,32.68
06009,18.6,20.87,20.98,21.18,21.18,22.28,21.34
06011,9.6,11.36,15.98,14.23,13.02,11.89,9.29
06013,11.4,10.25,10.83,10.71,13.88,18.51,20.86
06015,17.5,18.96,19.6,22.74,17.3,15.3,12.61
06017,24.0,21.59,22.92,20.02,19.82,20.2,18.87
06019,13.3,14.28,14.71,13.19,11.81,10.13,7.43
06021,22.0,18.82,20.58,19.27,20.85,23.69,24.84
06023,32.3,31.89,39.76,35.31,29.12,24.83,17.77
06025,14.2,19.78,19.16,14.18,21.4,26.7,34.16
06027,20.5,19.04,24.28,22.42,28.62,33.28,37.75
06029,24.2,24.15,23.49,25.85,25.66,23.75,23.02
06031,13.3,11.01,10.26,11.36,12.99,13.54,13.61
06033,49.9,48.2,38.11,46.29,61.84,77.91,92.45
06035,33.5,29.28,36.3,30.38,28.66,29.5,28.32
06037,7.4,7.31,8.12,9.17,9.8,7.96,8.08
06039,13.4,14.95,13.68,13.75,11.28,9.0,5.92
06041,9.2,9.74,14.67,15.54,14.5,14.83,13.65
06043,22.5,20.31,26.02,25.67,22.59,19.7,15.31
06045,26.8,22.0,31.11,30.86,34.13,37.98,40.45
06047,11.5,14.37,14.35,13.66,13.88,15.68,16.39
06049,25.4,23.26,27.47,32.41,25.71,22.01,17.13
06051,9.1,10.46,13.39,12.03,12.82,13.15,12.79
06053,11.4,11.31,12.57,11.53,11.96,12.56,12.08
06055,10.1,12.36,10.77,11.86,13.27,15.56,16.18
06057,19.3,19.46,19.7,20.53,18.87,18.62,16.63
06059,11.9,12.01,13.12,12.23,13.18,12.33,13.15
06061,10.5,12.12,13.06,12.17,12.29,13.07,12.54
06063,35.7,31.89,27.36,29.67,29.38,31.44,31.0
06065,14.1,14.39,14.84,16.99,18.14,17.13,18.57
06067,17.0,18.63,16.08,14.58,16.09,17.98,18.56
06069,9.7,10.77,10.06,13.48,12.7,12.17,10.97
06071,6.0,5.26,5.01,8.94,12.38,13.5,16.53
06073,12.9,12.94,13.19,14.5,14.65,13.41,13.9
06075,19.6,22.35,22.11,21.83,26.06,32.17,36.13
06077,16.9,16.44,15.12,18.97,17.11,16.9,14.0
06079,12.7,17.73,16.65,16.35,16.34,15.05,14.09
06081,9.0,9.46,7.72,10.04,9.77,11.7,11.35
06083,12.8,15.74,15.42,15.59,16.22,14.52,14.77
06085,7.2,7.47,7.74,8.38,9.01,11.73,12.53
06087,20.4,18.42,18.09,17.27,16.75,17.03,16.12
06089,23.2,20.29,23.55,22.46,22.25,24.88,25.47
06091,26.1,25.25,27.97,30.5,32.52,36.31,38.61
06093,17.4,24.96,29.34,22.7,20.67,21.65,22.09
06095,15.3,13.86,12.4,13.71,16.98,20.87,23.26
06097,14.9,15.88,13.18,14.86,16.6,19.22,20.11
06099,13.6,18.51,14.63,14.12,14.97,17.11,17.49
06101,10.1,11.82,13.26,13.12,15.1,17.58,19.28
06103,12.7,13.05,14.78,13.94,12.89,14.2,13.44
06105,19.6,22.03,27.88,25.25,26.69,30.66,32.26
06107,8.3,9.58,9.73,8.86,11.37,12.77,14.05
06109,30.3,34.37,30.65,29.26,23.07,18.06,11.23
06111,14.3,14.31,13.49,17.29,16.23,12.78,12.01
06113,11.2,13.08,14.12,12.91,11.16,9.94,7.37
06115,10.7,13.17,16.2,16.77,16.08,16.41,15.71
08001,0.0,-0.15,0.04,0.12,0.13,1.71,-0.64
08003,23.7,22.22,22.59,25.65,25.45,25.75,22.59
08005,16.4,16.24,16.16,14.84,16.5,20.34,19.31
08007,11.9,13.46,15.36,17.39,16.44,15.33,10.64
08009,12.7,13.79,15.68,16.82,17.12,19.11,17.31
08011,16.8,18.97,21.81,22.14,20.57,20.54,15.57
08013,16.2,15.15,15.65,16.61,16.17,16.87,13.79
08014,0.0,-0.15,0.08,0.17,0.02,1.23,-1.42
08015,16.6,17.11,19.77,19.9,18.14,17.21,12.22
08017,7.4,8.03,9.32,10.07,9.47,10.76,7.38
08019,12.7,13.61,14.85,16.58,15.13,14.92,10.92
08021,23.0,24.54,30.71,35.09,28.22,22.15,12.74
08023,25.9,25.16,28.4,30.07,30.3,30.57,28.0
08025,12.8,13.52,16.73,17.96,17.67,18.7,14.98
08027,16.7,19.3,22.23,22.08,22.31,22.85,20.41
08029,14.2,13.35,15.93,17.92,15.47,14.17,8.84
08031,20.5,18.56,19.23,21.28,22.13,24.7,22.69
08033,16.6,17.17,20.53,21.95,20.03,19.31,14.5
08035,7.7,7.57,10.52,9.84,8.77,9.67,5.58
08037,7.6,8.92,9.68,11.88,10.39,9.6,5.47
08039,9.9,11.15,13.84,13.4,12.91,14.55,11.28
08041,20.7,21.47,24.01,26.28,25.72,26.44,23.03
08043,16.5,19.64,27.63,26.41,25.09,24.26,19.95
08045,12.6,11.4,18.48,17.48,15.8,15.58,11.19
08047,13.8,13.31,14.8,16.19,15.26,15.5,12.11
08049,12.0,11.12,13.51,16.99,13.49,10.5,5.04
08051,10.1,12.02,13.12,13.93,11.84,11.46,7.01
08053,12.3,13.45,15.38,16.69,15.78,15.33,11.69
08055,38.2,37.35,47.46,44.28,42.18,40.16,35.19
08057,15.9,16.3,18.77,21.14,18.89,18.18,14.57
08059,0.0,-0.16,0.19,0.31,0.0,1.51,-1.53
08061,9.7,10.7,12.25,13.07,12.55,13.11,9.37
08063,9.5,8.7,9.71,11.74,10.17,10.45,6.43
08065,13.4,16.1,16.61,18.65,16.89,16.12,11.83
08067,11.2,14.97,15.24,15.55,14.83,14.53,10.16
08069,16.4,15.32,13.54,15.45,15.11,16.01,13.25
08071,33.9,40.93,40.99,36.81,35.25,34.06,30.48
08073,11.1,11.35,13.65,13.87,14.89,18.09,16.69
08075,11.5,11.84,16.58,13.77,14.13,16.25,15.02
08077,14.7,20.16,18.43,24.47,16.54,10.62,0.53
08079,14.0,15.39,17.46,19.99,17.94,17.01,12.4
08081,15.0,16.17,18.6,19.31,16.56,15.59,11.39
08083,14.3,15.3,22.02,18.57,17.29,16.36,11.8
08085,11.3,10.58,13.7,17.29,16.79,17.25,14.3
08087,11.0,12.89,13.94,12.68,14.71,18.7,19.07
08089,21.6,17.91,21.02,21.24,26.47,32.99,34.81
08091,12.7,13.77,14.82,15.93,15.14,15.28,12.15
08093,13.5,13.91,18.58,21.16,18.46,17.18,11.43
08095,8.0,8.75,10.54,10.65,10.23,12.33,10.67
08097,12.7,12.53,13.92,16.22,14.85,14.57,10.4
08099,12.6,13.72,16.37,17.45,17.63,19.34,16.87
08101,26.2,27.51,25.6,29.8,27.4,25.83,20.49
08103,14.9,15.29,20.51,20.98,19.85,20.96,18.31
08105,22.5,24.18,29.67,35.21,32.94,31.28,25.79
08107,11.3,12.67,18.94,19.6,14.77,11.51,4.94
08109,14.2,17.28,17.92,18.93,20.93,23.73,22.7
08111,14.2,14.73,16.51,17.73,17.0,16.82,13.32
08113,10.1,11.47,12.57,13.33,13.37,13.74,10.87
08115,10.4,11.96,13.02,13.79,14.03,16.59,15.4
08117,9.5,11.8,11.79,12.37,10.91,9.85,5.45
08119,18.5,18.17,18.49,22.35,19.35,16.92,10.38
08121,7.8,8.56,9.86,10.25,10.61,13.55,13.19
08123,0.0,-0.05,-0.17,0.12,0.03,1.37,-0.71
08125,4.6,5.26,5.78,6.08,5.91,8.07,6.24
09001,11.1,14.6,18.5,18.81,18.77,20.78,21.15
09003,17.8,22.7,29.01,33.93,34.03,35.97,36.23
09005,26.9,28.9,25.54,30.02,38.27,48.18,56.21
09007,20.3,23.77,28.33,29.19,34.49,42.11,47.84
09009,17.6,24.04,29.06,33.77,31.5,31.69,29.91
09011,21.1,26.55,33.91,33.34,34.7,38.5,40.25
09013,16.7,17.15,22.57,26.94,24.88,25.0,23.63
09015,25.5,27.86,30.24,34.73,33.03,33.88,33.14
10001,21.8,21.55,25.8,24.69,32.17,41.29,47.49
10003,20.2,21.33,28.37,40.16,43.81,49.61,52.31
10005,18.5,21.41,32.22,29.04,34.16,41.29,45.49
11001,15.1,18.02,33.04,40.16,35.84,33.73,28.89
12001,9.3,10.87,12.72,11.96,10.0,7.25,5.56
12003,19.4,23.51,22.74,25.03,22.2,19.4,17.54
12005,17.2,17.88,24.99,21.02,20.65,21.29,20.52
12007,19.2,20.74,22.15,25.28,23.31,21.53,20.53
12009,20.8,26.92,31.29,40.76,43.03,45.86,49.4
12011,12.2,15.18,27.25,28.6,22.69,19.2,15.64
12013,11.4,11.83,13.86,18.08,15.51,13.35,9.47
12015,8.3,9.2,10.13,9.34,8.67,9.9,10.19
12017,20.5,21.49,38.07,28.65,32.13,36.25,40.39
12019,16.1,21.59,31.82,28.24,26.02,23.24,21.34
12021,14.3,15.71,15.65,18.52,16.24,16.59,16.36
12023,18.2,18.29,17.79,23.0,23.31,23.99,25.09
12027,12.3,11.67,13.78,12.25,12.01,13.06,13.53
12029,23.3,27.19,32.87,31.38,30.87,30.66,30.14
12031,17.0,19.18,39.75,45.28,33.5,20.84,9.42
12033,14.0,18.56,15.82,18.28,24.19,33.43,40.48
12035,14.0,14.61,16.6,18.72,17.72,16.09,15.69
12037,20.1,21.74,25.47,27.49,24.9,22.36,18.98
12039,5.7,6.42,8.19,8.07,7.74,8.13,7.17
12041,11.8,13.6,14.0,17.35,15.09,12.66,10.4
12043,15.1,16.23,20.14,20.69,20.08,21.28,22.1
12045,15.1,17.16,17.85,23.28,20.07,16.96,12.86
12047,10.4,12.02,12.09,14.18,12.59,11.26,10.51
12049,9.9,11.69,13.08,13.17,12.81,13.48,14.3
12051,11.3,12.66,15.03,16.12,17.22,20.33,23.01
12053,17.7,19.45,24.09,22.55,24.56,27.86,31.39
12055,17.5,14.99,21.72,20.38,20.86,22.29,23.46
12057,12.7,13.66,17.0,16.7,18.59,22.14,24.94
12059,15.5,16.32,20.71,22.02,24.38,28.2,30.48
12061,18.5,16.92,21.98,18.75,23.21,30.01,36.26
12063,8.0,9.85,11.47,12.13,12.39,13.17,12.29
12065,9.8,10.73,14.11,16.04,13.4,11.59,9.46
12067,16.9,17.77,18.61,21.47,23.18,25.25,27.69
12069,12.9,14.71,14.98,22.05,15.44,8.73,3.04
12071,13.5,15.14,20.03,29.61,30.3,33.25,35.6
12073,6.6,6.64,8.95,9.31,8.89,8.98,8.71
12075,17.8,19.67,21.72,24.37,22.71,21.85,20.55
12077,9.3,9.6,10.97,13.27,11.68,10.38,8.0
12079,8.7,11.6,11.61,12.75,13.35,14.22,15.55
12081,25.7,38.03,43.93,36.82,26.95,18.62,9.26
12083,17.6,16.75,37.9,36.24,35.63,35.18,35.15
12085,15.7,18.48,24.97,26.3,28.44,32.93,36.46
12086,5.5,7.8,11.78,11.88,9.25,9.32,8.93
12087,19.4,26.34,35.68,28.5,27.26,29.91,30.22
12089,15.7,17.65,26.99,29.09,24.87,19.79,15.82
12091,12.9,21.12,21.7,20.85,25.08,31.31,35.75
12093,23.7,25.66,25.76,28.3,30.8,34.97,38.55
12095,14.1,15.23,16.74,17.84,18.47,19.35,20.87
12097,13.3,13.72,15.89,18.43,21.11,24.15,27.84
12099,17.2,22.22,39.02,41.43,28.9,18.26,7.42
12101,22.5,23.63,30.16,30.02,31.65,35.03,38.67
12103,20.7,21.3,27.07,26.17,29.96,34.95,39.63
12105,15.0,15.3,19.76,21.26,20.97,21.76,22.18
12107,13.5,12.08,18.02,20.74,19.83,18.15,17.66
12109,10.7,11.07,16.15,16.44,12.79,8.66,5.16
12111,16.6,17.94,30.32,27.9,24.45,23.45,21.65
12113,13.0,17.16,15.4,18.99,18.85,21.53,22.16
12115,15.1,23.47,23.27,29.0,23.71,19.98,15.13
12117,13.1,15.1,18.41,22.81,21.3,20.06,19.75
12119,9.1,12.1,14.35,12.33,13.13,14.06,15.61
12121,11.3,15.27,15.74,14.44,14.79,15.4,16.61
12123,12.1,13.82,17.06,19.27,15.67,13.01,9.55
12125,14.2,16.17,17.02,18.79,22.93,27.07,32.34
12127,15.8,19.36,22.08,26.42,31.3,36.83,42.92
12129,11.5,12.91,16.58,19.06,16.33,14.61,11.57
12131,11.7,15.87,17.55,18.32,19.4,21.58,22.4
12133,14.0,17.98,16.96,17.73,19.57,22.74,24.15
13001,12.2,11.9,14.25,13.69,13.32,13.11,12.46
13003,13.4,12.92,15.35,19.23,16.48,13.84,11.5
13005,13.0,12.22,14.41,15.83,14.51,13.43,12.29
13007,7.3,8.55,9.11,9.86,9.42,11.15,11.32
13009,7.6,6.96,7.2,9.19,8.11,9.09,8.1
13011,15.3,17.24,19.38,22.12,18.64,16.18,12.53
13013,16.3,15.54,17.32,20.35,18.85,18.86,17.3
13015,17.3,19.17,20.41,22.91,20.4,19.64,16.78
13017,7.3,7.98,9.09,10.1,8.83,9.43,8.99
13019,7.4,8.15,9.98,10.46,10.87,11.55,12.07
13021,9.4,10.74,11.74,13.55,10.77,10.28,7.73
13023,9.7,11.78,12.23,13.57,11.68,12.38,10.8
13025,17.6,21.25,25.47,26.02,24.89,22.17,20.3
13027,6.7,7.28,8.23,8.36,8.4,9.58,10.43
13029,8.0,9.83,10.29,13.37,13.16,12.43,11.23
13031,5.5,6.13,6.88,7.91,6.64,6.55,5.6
13033,9.3,11.84,13.35,13.71,13.68,15.36,15.27
13035,17.1,20.74,20.61,22.36,21.52,23.59,23.1
13037,5.3,6.21,7.09,7.25,6.84,8.48,8.77
13039,10.2,12.96,14.72,13.98,13.19,11.18,10.45
13043,7.8,8.04,9.43,10.34,10.3,11.52,12.19
13045,19.1,18.95,24.44,27.26,20.08,14.96,8.27
13047,20.0,20.11,27.07,30.66,20.32,11.65,0.84
13049,11.0,13.26,14.57,20.49,15.93,10.09,5.39
13051,9.5,10.47,12.29,13.84,14.0,13.96,13.5
13053,8.3,8.09,9.09,10.24,10.07,12.41,13.08
13055,17.1,19.22,23.17,24.81,27.74,32.52,34.79
13057,15.9,19.12,19.72,17.32,18.54,20.8,21.76
13059,9.4,9.9,12.06,12.33,11.14,11.27,9.9
13061,8.5,9.78,11.19,11.46,10.85,12.61,13.24
13063,7.9,9.44,9.43,11.86,9.98,10.81,9.35
13065,8.0,8.32,10.33,10.92,10.01,8.6,8.16
13067,16.0,14.99,16.72,18.53,15.58,14.11,10.79
13069,14.1,14.7,16.7,19.53,19.45,19.72,19.75
13071,8.9,9.71,9.31,10.55,11.2,13.45,14.9
13073,11.9,12.8,13.75,15.86,15.25,16.83,15.7
13075,9.3,10.61,10.52,11.28,11.13,11.62,12.22
13077,10.5,11.72,12.61,15.47,13.7,14.23,12.6
13079,12.7,13.21,17.49,18.69,15.71,15.68,13.4
13081,6.5,6.37,7.56,8.82,7.85,9.43,9.56
13083,13.9,13.64,14.65,18.92,15.96,14.45,10.78
13085,16.9,20.54,21.48,23.47,26.36,30.2,32.62
13087,7.4,8.35,9.53,9.5,9.67,10.96,10.7
13089,8.1,10.18,10.41,10.3,11.09,13.45,14.34
13091,11.7,14.51,16.43,17.69,16.9,18.16,17.35
13093,5.7,5.9,7.03,7.37,7.1,9.66,10.21
13095,6.4,7.5,9.44,9.42,9.63,12.33,13.67
13097,16.3,13.89,19.36,17.94,16.99,17.94,17.42
13099,6.1,6.75,8.4,8.79,7.96,9.03,8.72
13101,8.8,10.18,10.88,12.4,11.32,10.28,9.74
13103,8.3,9.06,10.49,14.13,10.76,7.93,4.21
13105,16.4,17.39,17.1,19.79,19.13,19.85,18.58
13107,7.1,7.23,7.82,9.05,8.88,10.6,11.1
13109,6.9,7.24,8.5,9.34,8.11,7.27,5.83
13111,22.5,22.04,27.15,28.8,22.57,16.89,10.07
13113,10.8,11.78,10.35,12.86,9.19,8.11,4.73
13115,13.2,14.95,18.24,17.04,19.53,23.82,25.7
13117,12.9,14.65,11.77,13.29,11.12,9.8,7.36
13119,24.1,25.36,25.93,25.93,25.8,26.65,26.04
13121,14.0,14.59,15.8,16.01,15.88,17.52,17.6
13123,17.4,16.84,20.95,26.01,18.94,12.92,5.05
13125,10.7,11.7,13.19,14.29,15.28,18.5,19.67
13127,12.0,13.27,16.28,18.68,16.13,12.62,9.58
13129,13.9,12.27,16.73,17.04,17.8,20.07,20.48
13131,5.3,6.01,6.58,7.68,6.48,6.77,5.57
13133,8.7,10.45,10.82,12.19,13.22,16.4,17.79
13135,7.0,10.47,9.38,10.29,10.66,12.13,11.8
13137,10.1,11.3,15.9,14.9,14.25,14.98,14.02
13139,12.9,13.44,15.66,17.46,15.89,15.1,12.91
13141,6.2,6.88,7.75,8.74,7.98,9.67,9.39
13143,26.7,30.04,33.17,30.64,29.83,30.86,30.28
13145,8.6,9.64,13.19,11.61,11.47,13.79,14.28
13147,12.3,13.18,13.8,14.34,14.72,16.36,16.11
13149,13.1,13.55,17.47,18.47,15.56,15.26,12.84
13151,13.8,13.64,16.53,14.65,15.33,18.65,19.79
13153,8.6,10.59,10.61,14.14,11.39,11.47,9.65
13155,8.1,8.91,10.12,10.81,10.18,11.26,11.45
13157,16.7,21.12,20.71,21.65,21.19,22.18,21.52
13159,11.3,11.76,12.89,16.07,14.28,14.76,13.14
13161,18.5,18.12,24.87,24.2,21.94,20.31,18.05
13163,8.2,9.37,10.69,11.43,10.58,12.14,12.03
13165,7.2,7.87,9.33,9.6,9.65,11.06,11.72
13167,8.1,8.46,10.07,10.05,9.67,11.89,11.9
13169,13.4,12.68,12.59,15.8,14.45,15.53,14.7
13171,13.4,17.36,17.32,18.99,16.84,17.99,16.33
13173,7.0,7.13,8.61,9.2,8.45,7.29,6.88
13175,10.4,12.09,14.53,14.43,13.18,14.25,13.29
13177,7.2,8.52,9.43,10.96,9.83,10.74,10.66
13179,9.1,9.58,10.03,11.98,12.28,12.0,11.12
13181,10.8,12.31,14.09,15.95,14.15,14.02,11.4
13183,10.2,11.11,11.88,14.16,12.3,9.58,6.8
13185,6.0,6.51,8.58,7.72,8.66,9.91,11.26
13187,13.6,15.96,20.72,24.46,22.34,21.08,18.31
13189,9.7,10.12,11.74,13.79,15.32,19.13,20.63
13191,12.9,14.06,17.43,16.47,15.95,14.51,13.01
13193,5.9,6.82,7.8,8.07,7.56,10.11,10.82
13195,24.9,19.25,20.1,23.54,22.35,22.46,20.9
13197,7.2,7.37,8.86,9.09,9.48,12.72,14.17
13199,13.2,14.96,13.29,14.98,16.47,20.77,22.6
13201,9.2,9.48,10.68,11.61,12.11,14.36,15.0
13205,7.3,8.83,8.26,9.85,8.77,9.59,9.4
13207,11.8,12.94,14.09,15.3,12.46,12.79,10.56
13209,9.0,9.69,10.54,12.48,10.97,10.94,9.7
13211,11.5,10.45,11.11,13.13,12.76,14.35,14.12
13213,24.4,23.83,23.64,26.1,25.85,26.93,26.25
13215,10.5,9.22,10.04,12.02,11.21,12.87,12.67
13217,10.3,11.83,13.68,14.75,13.15,13.71,12.12
13219,10.2,10.11,9.84,11.3,10.45,11.27,10.67
13221,11.5,12.65,13.35,15.8,14.51,14.7,13.1
13223,19.5,17.09,20.38,17.71,14.86,13.54,10.34
13225,9.3,11.99,12.8,13.7,15.19,19.59,22.07
13227,15.8,14.97,17.49,21.63,18.9,17.2,13.42
13229,19.2,15.33,19.21,18.31,17.22,14.72,12.53
13231,8.6,10.16,10.26,11.85,11.36,14.03,14.43
13233,18.1,21.35,22.89,24.0,19.64,16.82,11.97
13235,8.1,8.98,10.44,12.5,10.9,12.14,10.93
13237,8.7,10.21,11.09,12.74,11.63,12.59,11.9
13239,7.7,8.39,9.57,10.21,9.76,11.81,12.86
13241,23.2,23.75,25.28,29.71,22.98,16.66,9.4
13243,4.7,5.25,6.02,6.61,6.1,8.14,8.5
13245,14.3,19.92,22.36,25.8,27.16,30.63,31.76
13247,12.7,13.58,16.37,15.21,16.58,19.76,21.07
13249,5.8,6.38,7.25,7.84,7.47,10.45,11.29
13251,7.0,7.64,8.65,9.27,8.32,9.2,8.65
13253,10.4,10.2,11.4,14.17,13.44,13.7,12.67
13255,14.2,17.73,17.09,17.65,17.83,20.89,21.37
13257,19.6,20.11,21.88,20.76,20.0,20.46,19.24
13259,6.3,7.24,8.72,8.57,8.07,10.33,11.21
13261,5.2,5.37,6.05,6.72,7.08,10.37,11.9
13263,9.7,10.97,12.02,12.87,12.43,14.84,14.91
13265,9.0,9.9,11.13,12.21,11.71,13.05,12.48
13267,12.2,14.17,16.17,18.02,15.45,13.25,10.71
13269,10.6,10.42,11.69,13.84,12.78,14.69,14.71
13271,8.5,8.92,10.97,12.29,10.82,10.84,9.42
13273,4.7,5.2,5.88,6.25,5.95,8.0,8.99
13275,6.2,5.86,6.94,7.94,7.2,7.79,7.15
13277,5.7,7.83,8.99,8.41,7.94,9.05,9.68
13279,11.9,12.25,11.99,14.13,14.21,15.37,15.68
13281,20.0,19.54,23.27,24.26,21.9,20.68,17.89
13283,6.4,7.12,8.35,8.79,8.07,9.67,9.72
13285,13.5,15.72,15.37,16.19,13.85,14.27,12.27
13287,8.7,9.64,10.3,10.61,10.32,12.4,13.2
13289,9.7,10.69,13.0,13.99,13.58,15.23,14.87
13291,14.7,16.93,20.73,20.04,19.76,20.29,19.71
13293,13.7,13.62,14.01,15.58,14.96,17.93,18.48
13295,16.7,15.58,19.04,22.98,17.66,13.94,7.91
13297,15.3,17.73,17.78,17.43,19.43,23.46,25.49
13299,24.9,16.47,17.58,18.75,17.36,15.04,13.16
13301,8.9,9.69,11.1,12.08,12.19,14.52,15.17
13303,6.7,7.18,8.68,8.04,7.5,9.53,9.52
13305,19.0,20.95,24.14,23.74,23.44,22.36,21.35
13307,5.7,6.54,7.53,7.61,7.34,9.71,10.76
13309,8.3,10.49,10.72,11.7,10.45,10.83,9.82
13311,17.7,18.22,21.07,19.68,20.26,21.76,21.47
13313,12.5,13.27,14.48,17.56,13.94,11.8,7.57
13315,6.7,7.76,9.3,9.26,8.92,10.92,11.21
13317,11.5,12.44,14.11,16.02,16.17,17.99,17.56
13319,9.2,9.95,10.8,12.16,11.52,12.81,12.38
13321,8.5,10.17,12.38,10.93,11.12,13.29,14.4
15001,11.2,11.55,12.43,12.75,13.62,10.46,8.72
15003,10.6,12.26,14.21,15.07,15.09,12.99,11.74
15005,15.1,16.37,18.8,20.41,19.52,15.36,12.8
15007,11.2,11.91,13.97,14.01,15.25,14.38,14.16
15009,13.4,12.0,12.5,14.46,15.23,12.23,10.58
16001,15.5,11.77,15.32,15.51,15.84,16.65,15.69
16003,9.3,10.25,11.49,12.85,11.91,11.02,8.19
16005,25.2,18.8,23.96,25.06,20.12,16.59,9.28
16007,14.3,16.27,19.76,19.05,18.96,20.58,18.66
16009,12.8,16.55,16.91,17.0,16.1,13.66,11.53
16011,13.0,10.15,12.62,11.56,11.95,13.05,10.89
16013,9.3,9.98,11.85,13.98,12.26,11.17,7.52
16015,13.9,13.44,17.03,17.14,15.86,14.67,11.73
16017,9.1,11.32,11.94,13.59,13.0,10.45,8.48
16019,18.9,21.63,22.64,18.86,19.46,20.54,18.97
16021,14.5,14.95,15.68,17.68,16.94,14.09,11.99
16023,9.7,9.98,11.97,12.23,11.7,11.61,8.99
16025,9.3,10.2,11.64,12.63,11.9,11.62,8.59
16027,12.1,10.11,9.61,9.75,11.34,13.79,14.23
16029,10.3,11.06,12.93,15.0,13.15,12.58,8.03
16031,8.5,10.4,10.32,11.51,12.49,15.3,14.38
16033,9.7,10.6,12.84,13.94,12.6,11.36,8.75
16035,8.2,9.53,10.85,11.67,10.46,7.93,5.06
16037,11.0,11.38,12.85,14.57,13.98,12.89,10.81
16039,9.5,10.28,11.49,14.02,11.87,10.92,7.08
16041,11.0,11.88,14.22,13.64,12.4,13.35,10.06
16043,7.7,8.85,10.55,11.38,9.88,8.54,5.27
16045,14.4,16.79,21.11,19.5,23.39,27.66,30.14
16047,7.5,9.71,10.51,11.11,11.16,13.19,11.4
16049,9.5,11.5,11.82,14.43,12.73,9.86,5.56
16051,6.1,7.42,8.3,7.96,8.31,9.29,7.37
16053,7.5,9.14,9.7,10.02,9.59,10.65,8.14
16055,9.8,13.31,14.18,14.47,14.15,12.55,11.21
16057,8.0,9.29,10.65,12.26,13.25,13.14,13.35
16059,10.9,13.34,12.86,13.59,13.73,12.91,11.58
16061,9.6,10.65,12.6,13.22,12.14,9.75,7.08
16063,8.8,10.14,11.51,11.76,12.53,14.5,13.0
16065,4.1,4.64,4.74,5.07,4.58,4.37,2.26
16067,11.6,13.26,12.79,13.41,15.62,19.6,19.92
16069,12.1,13.98,16.81,19.76,17.8,14.66,11.38
16071,10.1,10.96,12.62,13.21,13.49,15.14,13.01
16073,11.3,13.22,12.53,13.14,14.2,15.64,15.1
16075,11.7,16.49,20.5,16.15,16.33,16.85,15.62
16077,9.7,11.24,12.27,12.83,11.48,10.93,7.06
16079,16.5,18.95,22.09,27.41,24.42,19.93,15.13
16081,8.3,8.49,9.55,10.7,10.38,10.33,7.53
16083,10.6,16.59,18.16,17.5,17.73,19.58,17.78
16085,12.7,15.22,16.5,15.14,15.61,15.61,14.04
16087,7.5,8.45,9.52,10.75,9.74,8.77,6.26
17001,11.9,16.17,15.08,13.52,15.33,19.51,21.31
17003,8.4,8.87,10.63,10.67,10.54,12.51,12.47
17005,12.0,15.69,15.22,16.51,16.5,17.11,16.34
17007,14.9,13.49,15.29,18.62,18.4,19.26,18.59
17009,6.5,7.14,8.48,8.6,8.19,9.58,8.69
17011,12.6,18.04,16.96,16.55,14.26,13.92,11.61
17013,11.9,13.95,15.83,18.59,15.97,15.76,13.15
17015,7.9,10.09,10.07,10.02,9.66,10.8,10.3
17017,8.1,8.74,8.99,9.5,10.14,12.21,12.04
17019,13.8,14.57,13.04,16.19,14.85,14.5,13.13
17021,14.9,16.81,19.04,19.09,15.46,12.89,9.25
17023,13.8,14.27,15.91,17.41,16.39,15.34,13.23
17025,8.8,11.4,11.05,11.72,10.54,9.6,7.98
17027,7.3,8.09,11.0,12.15,10.82,10.5,8.27
17029,8.5,10.34,12.03,12.02,13.75,15.26,16.13
17031,11.9,13.16,20.67,23.7,23.13,21.97,20.77
17033,11.6,11.33,12.83,13.86,13.54,13.57,12.27
17035,6.8,7.89,9.09,9.34,9.23,9.08,7.99
17037,8.9,9.12,13.5,15.61,13.25,11.86,9.26
17039,14.1,19.35,21.11,21.71,18.3,15.52,11.16
17041,7.8,8.93,10.03,11.88,10.0,8.7,6.63
17043,9.9,11.72,14.83,16.16,16.23,16.24,15.41
17045,11.0,13.17,14.37,14.21,13.85,13.89,12.64
17047,12.4,13.5,16.06,17.4,15.82,14.47,11.89
17049,9.1,11.37,11.27,15.71,14.44,12.83,10.62
17051,11.9,14.99,17.48,19.78,16.0,12.91,8.89
17053,11.0,11.35,12.12,14.99,13.91,14.06,13.03
17055,25.1,24.56,28.58,32.46,22.61,14.18,3.64
17057,10.4,12.81,14.88,17.1,16.31,16.06,13.65
17059,17.9,16.65,21.48,20.47,18.72,17.56,14.27
17061,13.9,15.24,16.88,20.39,20.24,22.2,21.79
17063,15.6,17.9,23.99,19.03,22.47,26.3,29.19
17065,8.8,9.65,12.17,12.88,10.86,9.58,6.25
17067,7.4,8.23,8.79,9.17,10.23,13.03,12.99
17069,18.5,20.0,23.92,24.63,25.72,27.81,27.93
17071,7.4,8.65,9.2,10.67,10.08,10.81,8.8
17073,8.4,8.8,9.43,9.82,10.38,12.77,13.35
17075,16.5,18.21,21.45,20.28,22.64,26.08,28.15
17077,14.3,14.65,18.3,18.15,21.7,26.76,29.91
17079,9.6,10.41,12.84,12.99,12.22,11.38,9.6
17081,12.3,18.32,17.55,19.15,18.97,19.66,19.14
17083,19.5,23.41,23.88,37.8,32.79,29.79,24.61
17085,8.4,8.22,9.7,10.24,9.57,10.29,8.72
17087,13.1,11.38,13.69,14.56,14.31,15.46,14.51
17089,8.5,8.22,11.93,15.8,13.64,11.95,9.35
17091,18.7,16.74,18.66,26.13,24.35,23.72,21.91
17093,9.3,9.72,16.44,14.37,14.1,14.29,13.38
17095,13.5,13.37,13.05,16.35,14.47,14.07,11.83
17097,11.6,10.96,13.61,14.61,13.58,12.54,10.98
17099,18.3,23.86,21.84,29.97,35.8,42.62,48.15
17101,13.9,14.9,16.9,16.95,19.49,21.92,23.21
17103,14.8,15.1,15.43,16.0,16.18,18.31,18.53
17105,15.0,18.94,23.55,25.39,26.8,29.1,30.12
17107,11.1,14.61,15.39,16.06,17.08,18.96,19.28
17109,6.2,5.95,7.87,7.9,7.09,7.9,5.93
17111,12.8,14.33,17.72,24.48,19.24,14.0,8.32
17113,12.7,13.5,14.13,17.73,17.18,17.43,16.09
17115,11.3,14.11,16.05,16.89,17.94,19.75,20.16
17117,11.8,14.88,17.25,16.64,17.57,19.59,19.55
17119,31.0,27.79,28.56,34.94,38.66,43.9,47.44
17121,20.8,23.26,25.7,25.54,23.68,22.38,20.01
17123,9.7,11.82,12.8,13.33,12.68,13.71,12.85
17125,10.6,12.84,12.5,14.74,14.76,15.63,14.15
17127,16.6,16.53,22.52,23.69,20.27,18.24,14.46
17129,12.4,14.35,14.16,16.3,16.44,17.69,16.59
17131,7.9,9.07,10.67,12.98,11.89,13.2,11.59
17133,10.8,9.69,16.96,14.19,14.88,17.49,18.37
17135,13.3,15.15,18.73,19.5,20.31,21.87,21.99
17137,15.3,12.94,13.55,12.37,13.53,16.72,16.85
17139,6.2,7.26,7.89,8.81,8.37,8.36,7.86
17141,13.0,9.93,16.14,15.68,14.42,14.73,13.44
17143,15.7,19.25,19.29,28.84,26.29,24.34,20.75
17145,14.9,14.02,20.12,16.89,15.52,15.96,14.46
17147,8.2,8.8,11.06,12.11,9.95,8.4,5.58
17149,9.6,10.02,12.82,13.31,11.24,11.8,9.5
17151,16.6,17.66,18.83,19.6,18.61,18.4,16.41
17153,11.3,11.56,13.48,14.91,14.13,15.14,14.12
17155,14.9,16.76,18.91,21.87,18.77,17.32,13.86
17157,15.2,16.09,19.2,15.71,17.94,23.0,25.62
17159,9.0,9.8,10.14,10.97,10.75,10.45,8.73
17161,9.8,10.54,11.43,13.86,12.16,12.79,10.67
17163,17.3,13.94,17.44,23.93,25.41,28.32,29.71
17165,24.7,24.91,26.88,29.0,27.2,26.14,22.61
17167,16.5,19.85,17.38,23.02,21.32,20.72,18.16
17169,6.7,7.67,8.43,9.41,8.75,9.35,7.84
17171,8.9,9.42,11.55,11.83,12.05,14.26,13.99
17173,10.3,10.35,11.3,13.84,12.8,11.65,9.62
17175,10.1,11.29,13.75,14.78,14.28,15.68,15.54
17177,11.7,14.15,13.36,13.86,15.07,17.36,17.9
17179,15.1,16.06,17.29,23.21,19.39,16.02,11.16
17181,13.1,12.57,16.66,19.16,17.27,16.91,14.63
17183,18.7,19.07,25.07,28.16,22.59,17.45,11.34
17185,10.4,11.29,14.71,14.22,12.5,10.47,7.4
17187,6.5,6.69,7.45,8.39,8.43,9.63,8.47
17189,11.6,14.59,16.25,15.3,13.84,13.55,11.19
17191,8.6,10.03,10.11,10.31,10.4,11.37,10.57
17193,11.7,11.92,13.69,18.25,14.36,10.75,5.45
17195,13.5,13.94,11.57,12.42,13.82,16.92,18.3
17197,12.9,14.64,19.02,21.06,19.07,17.34,14.76
17199,20.3,16.21,20.95,21.65,19.87,19.41,16.99
17201,28.2,31.84,36.76,38.48,47.66,58.0,66.88
17203,11.5,10.65,12.21,12.24,10.91,9.78,7.36
18001,10.7,11.1,12.35,15.02,12.68,13.53,12.03
18003,13.9,16.2,19.0,22.99,22.11,24.48,24.76
18005,15.7,14.73,18.66,32.69,25.63,19.83,12.11
18007,14.8,14.49,16.36,16.09,15.92,16.98,16.36
18009,24.0,31.4,36.26,37.69,32.93,31.21,27.34
18011,12.5,15.89,24.2,20.28,20.48,22.16,22.66
18013,15.8,19.91,19.81,22.31,21.63,21.96,20.42
18015,11.5,13.7,14.47,15.85,18.42,22.58,25.13
18017,9.0,11.12,11.03,12.37,13.98,17.81,19.78
18019,23.7,24.31,34.38,34.13,37.31,40.92,42.93
18021,12.5,13.91,17.21,17.62,17.53,18.41,17.91
18023,17.0,17.12,18.36,21.67,24.13,28.25,30.91
18025,15.5,16.03,22.06,21.34,20.32,20.01,18.3
18027,8.8,9.12,12.03,13.6,12.57,11.8,9.9
18029,26.1,30.1,31.27,32.92,26.6,21.43,14.29
18031,17.4,18.76,21.87,27.39,20.79,15.77,8.9
18033,10.8,14.01,13.99,14.75,14.95,18.0,18.95
18035,27.9,29.31,31.97,40.78,34.14,30.09,23.85
18037,9.0,8.44,11.17,9.32,9.49,9.75,8.81
18039,10.9,11.38,12.11,16.18,14.43,14.8,13.44
18041,47.0,46.72,54.7,65.83,55.85,47.8,38.16
18043,23.8,23.17,30.26,32.47,28.22,24.71,19.59
18045,14.4,14.04,17.42,18.23,20.28,22.74,23.68
18047,21.4,24.16,30.95,28.94,33.7,39.8,44.58
18049,13.5,14.81,18.68,18.32,16.53,16.67,15.14
18051,9.1,9.83,10.38,13.16,11.48,9.72,6.75
18053,20.5,34.44,30.3,37.05,31.99,29.75,25.7
18055,18.3,17.8,16.33,22.51,18.71,15.63,11.19
18057,9.1,10.66,12.22,14.12,12.13,11.03,9.07
18059,23.0,23.07,19.99,20.53,22.24,25.28,26.92
18061,14.9,17.51,25.89,21.62,20.28,19.56,16.97
18063,13.5,11.24,17.13,18.72,16.56,15.58,13.12
18065,25.3,23.66,23.36,29.98,24.48,21.33,16.5
18067,24.4,33.19,27.18,40.85,35.27,31.3,26.11
18069,15.4,17.72,20.33,17.49,17.18,19.54,19.91
18071,26.8,24.97,27.3,34.03,35.15,36.9,37.01
18073,12.7,14.8,19.97,20.87,17.73,15.98,12.78
18075,17.6,19.03,23.29,38.09,32.62,30.6,26.27
18077,14.9,17.27,18.52,20.86,20.15,20.2,18.82
18079,25.4,27.82,30.16,36.29,34.85,34.58,32.75
18081,16.4,16.88,22.52,23.16,22.57,23.31,22.3
18083,11.8,12.61,16.6,15.41,14.03,12.8,10.47
18085,9.8,11.93,14.18,19.57,15.48,13.67,10.52
18087,5.8,5.41,6.11,6.88,6.29,8.22,7.91
18089,10.9,12.79,20.51,29.85,25.81,22.17,18.07
18091,17.3,16.07,23.07,25.08,20.17,15.79,10.54
18093,15.3,12.8,13.81,15.97,18.2,20.58,21.48
18095,25.9,27.83,30.81,38.29,31.68,26.64,19.86
18097,25.9,26.51,32.73,36.78,35.23,34.67,32.68
18099,10.8,11.98,13.75,18.43,15.99,15.53,13.65
18101,10.1,11.25,12.46,14.77,14.39,14.36,13.17
18103,11.4,16.48,17.03,18.03,15.88,15.51,13.4
18105,19.0,15.82,18.19,20.07,18.92,18.83,16.94
18107,19.6,17.2,21.43,28.43,30.32,33.55,34.86
18109,24.4,25.87,28.17,26.26,32.79,40.78,47.07
18111,16.8,18.92,24.83,20.86,24.55,29.55,32.85
18113,10.2,10.18,12.27,12.42,10.75,12.08,11.55
18115,21.2,25.15,26.3,28.25,24.81,23.0,19.12
18117,9.7,9.83,12.01,13.34,12.9,12.93,11.66
18119,13.8,13.88,16.3,18.34,15.82,14.77,11.62
18121,11.7,12.63,13.18,14.33,12.73,11.79,9.43
18123,9.5,11.28,14.69,15.88,12.26,8.93,4.16
18125,8.9,9.67,11.72,11.87,10.71,9.27,6.92
18127,22.7,21.57,27.16,27.6,22.19,17.6,11.98
18129,11.2,12.01,14.23,17.06,14.08,11.16,6.59
18131,22.6,24.5,28.63,29.83,27.84,27.55,26.17
18133,13.5,13.16,13.85,13.12,14.54,17.06,18.53
18135,24.5,22.82,30.74,42.86,28.75,18.08,5.17
18137,17.4,24.51,26.22,30.23,23.86,18.46,11.62
18139,15.8,15.35,22.47,27.94,22.15,17.91,12.16
18141,13.6,18.68,20.88,24.39,22.27,21.52,19.82
18143,36.0,39.09,62.69,54.94,48.72,43.12,36.49
18145,18.7,17.78,19.52,24.31,23.88,24.66,23.99
18147,7.9,8.27,10.83,10.16,9.23,8.23,5.91
18149,32.1,36.32,40.34,51.02,45.03,40.75,35.68
18151,8.9,8.57,10.28,9.83,8.68,10.54,10.22
18153,21.4,20.86,23.91,22.69,20.39,18.56,15.5
18155,23.2,23.52,29.84,32.01,26.96,23.39,17.44
18157,14.3,16.32,17.24,15.72,20.3,26.41,30.51
18159,18.4,21.76,23.71,22.66,21.97,22.48,21.29
18161,27.8,30.59,33.68,43.61,38.57,35.59,31.09
18163,21.6,23.76,26.33,33.63,25.94,18.42,9.17
18165,14.9,16.78,18.12,24.74,17.98,11.99,4.07
18167,15.4,16.15,20.23,18.91,17.73,17.13,15.22
18169,17.7,20.32,23.29,30.45,23.56,18.72,12.14
18171,11.9,12.66,15.6,16.51,16.99,18.3,17.78
18173,8.3,8.39,9.25,11.59,10.6,9.42,6.84
18175,21.8,23.03,24.23,27.98,26.09,24.33,21.43
18177,30.0,39.36,47.97,78.35,57.48,38.95,18.87
18179,14.8,16.9,16.57,16.58,17.94,22.11,24.55
18181,18.4,17.58,19.04,20.56,21.49,23.68,24.45
18183,8.9,9.64,10.45,11.11,11.46,14.42,15.46
19001,7.4,7.67,8.63,10.27,8.95,9.29,7.64
19003,7.8,8.99,10.41,11.29,9.97,9.82,7.71
19005,6.3,6.54,8.95,8.2,7.44,8.7,7.41
19007,11.2,11.51,12.84,14.66,13.99,15.09,13.57
19009,5.1,5.89,7.12,7.07,6.46,6.74,4.96
19011,4.6,5.18,6.18,6.38,6.3,8.38,7.62
19013,6.5,6.71,9.53,9.92,9.54,10.62,9.85
19015,6.7,7.31,8.1,8.72,8.42,9.17,8.13
19017,5.0,5.94,6.68,7.03,6.67,8.18,7.28
19019,5.9,6.71,7.74,10.06,8.99,10.29,9.17
19021,4.2,4.45,5.39,5.7,5.31,6.31,5.06
19023,4.6,5.29,6.48,6.54,6.25,7.92,7.5
19025,4.9,5.31,6.82,7.11,6.27,6.72,5.37
19027,5.3,5.82,7.69,8.01,6.75,6.45,4.43
19029,6.7,8.17,8.49,9.44,8.95,9.79,8.37
19031,5.5,6.55,7.17,7.25,6.82,8.53,7.24
19033,11.7,10.64,12.02,13.07,10.45,11.2,8.83
19035,3.6,4.08,4.51,4.89,4.55,6.08,5.04
19037,4.3,4.99,5.43,6.1,5.59,6.93,5.79
19039,8.6,8.39,9.56,11.26,9.73,9.31,6.94
19041,3.8,4.36,4.76,5.38,5.12,6.7,5.6
19043,7.5,6.7,7.36,8.46,7.95,8.97,7.67
19045,8.3,10.74,10.43,10.97,11.94,14.9,15.87
19047,5.2,5.4,5.75,6.73,5.83,5.87,3.63
19049,5.3,5.68,6.71,7.24,6.39,6.6,5.42
19051,5.6,5.82,6.54,7.13,6.66,8.7,7.71
19053,7.3,7.78,9.98,10.5,9.71,10.23,8.23
19055,5.0,5.7,6.55,6.47,6.24,8.13,7.86
19057,9.5,12.69,13.26,12.93,11.85,12.37,10.31
19059,4.5,5.37,5.63,6.58,6.12,7.8,6.2
19061,7.4,8.02,10.43,9.28,8.95,10.28,9.49
19063,3.7,3.85,4.79,4.8,4.8,6.96,6.44
19065,5.3,5.43,6.46,6.69,6.66,7.94,7.04
19067,3.9,4.47,5.22,5.55,4.9,6.96,6.52
19069,4.0,4.55,5.35,5.39,4.99,7.13,6.92
19071,8.6,9.53,10.0,11.99,11.0,11.3,8.54
19073,6.0,6.53,7.47,8.27,7.58,8.03,6.56
19075,5.8,6.27,6.47,7.26,7.37,8.89,8.69
19077,5.3,5.82,6.26,7.06,6.36,7.14,5.94
19079,5.0,6.03,6.38,6.98,7.03,9.03,9.48
19081,3.5,4.0,4.48,4.75,4.39,6.63,6.27
19083,4.6,5.28,5.97,6.11,6.14,8.35,8.55
19085,8.5,8.72,10.37,10.65,10.59,11.89,10.87
19087,6.7,8.15,7.71,8.21,7.52,8.36,7.17
19089,3.2,3.49,3.97,4.33,4.13,6.21,5.8
19091,4.9,4.76,5.58,6.15,5.49,6.88,5.75
19093,5.1,6.22,6.36,6.9,6.45,7.12,5.32
19095,5.3,6.25,6.57,7.42,7.32,8.89,8.5
19097,10.4,9.32,9.59,10.55,10.34,11.67,10.5
19099,10.6,12.03,11.75,13.84,11.57,9.88,6.84
19101,9.1,8.6,10.21,11.7,10.8,12.04,10.46
19103,10.3,7.0,8.43,9.03,6.81,6.53,4.21
19105,5.4,5.87,6.63,6.77,6.35,8.03,7.14
19107,5.6,6.09,6.62,7.37,6.67,8.09,6.8
19109,3.5,3.99,4.36,4.84,4.48,6.32,5.65
19111,10.2,12.19,15.1,11.92,11.91,14.33,13.66
19113,12.5,12.7,11.06,14.26,12.65,12.99,10.76
19115,8.0,8.38,8.73,10.34,9.57,10.69,9.39
19117,8.2,8.97,10.21,12.81,10.69,9.9,6.77
19119,3.8,4.33,4.81,4.97,5.14,7.16,5.76
19121,6.4,7.24,8.77,8.6,9.23,11.23,11.72
19123,7.5,9.53,10.79,10.67,9.41,10.04,8.18
19125,7.6,9.98,11.31,12.19,10.58,10.0,7.9
19127,4.8,5.01,5.67,6.66,6.89,8.66,8.57
19129,7.2,7.84,9.29,9.11,9.82,11.65,10.93
19131,3.8,4.19,4.78,5.15,4.6,6.68,6.51
19133,8.6,9.37,9.55,10.75,9.76,10.28,8.22
19135,6.9,8.07,8.25,9.74,8.27,8.32,5.86
19137,9.6,11.57,12.56,14.16,12.95,12.49,10.09
19139,5.9,7.39,8.01,7.2,7.44,9.7,9.05
19141,3.0,3.22,3.79,3.88,3.83,5.83,5.01
19143,5.5,5.7,7.02,7.01,7.67,10.27,9.71
19145,6.5,7.48,8.14,10.57,8.46,7.14,3.66
19147,3.4,3.79,4.32,4.6,4.38,6.13,5.47
19149,4.2,4.78,5.27,6.43,5.55,6.24,3.93
19151,4.4,4.76,5.79,5.94,5.92,7.34,6.61
19153,10.8,14.42,14.53,16.37,15.81,16.25,14.93
19155,11.1,11.33,13.79,13.47,12.24,11.61,8.43
19157,5.9,6.54,7.23,7.56,8.08,10.0,9.84
19159,7.2,7.82,9.15,10.27,9.65,10.06,8.49
19161,5.5,5.98,6.92,8.19,7.54,7.97,6.25
19163,11.2,17.15,16.96,17.21,15.25,15.45,13.17
19165,6.2,6.46,7.71,8.66,7.65,7.52,4.75
19167,2.3,2.62,2.99,3.06,3.04,5.18,3.91
19169,5.9,6.96,6.98,7.34,7.27,8.05,7.52
19171,6.5,6.4,6.84,8.8,7.58,8.51,6.8
19173,6.3,6.84,8.66,8.66,7.93,7.68,5.93
19175,9.3,9.16,11.28,12.9,10.76,9.3,6.15
19177,6.8,8.23,9.05,9.15,10.08,13.41,13.54
19179,7.9,8.8,9.9,12.57,10.99,11.6,9.19
19181,8.5,8.29,10.66,10.06,10.7,12.57,13.0
19183,6.7,6.46,7.63,7.97,7.43,8.88,7.99
19185,7.9,8.61,9.77,11.8,10.18,10.0,7.51
19187,11.1,10.84,12.93,13.93,12.46,12.68,10.85
19189,4.0,4.36,5.13,5.62,5.03,7.53,7.14
19191,4.3,4.44,5.16,5.29,5.55,7.97,7.69
19193,8.6,8.19,9.08,9.88,9.01,9.86,7.76
19195,7.0,7.59,10.54,10.19,8.85,10.32,8.82
19197,4.8,5.23,6.24,6.76,6.04,7.69,6.82
20001,12.6,13.69,14.59,16.31,16.7,18.9,17.61
20003,8.6,9.92,10.74,11.68,11.62,13.21,11.78
20005,9.4,9.51,12.01,12.2,11.89,12.92,11.57
20007,12.6,13.84,15.71,16.69,15.28,16.1,12.96
20009,6.7,6.35,7.39,7.72,7.84,10.09,8.67
20011,12.1,11.85,13.12,15.71,13.91,14.04,11.12
20013,11.1,10.85,13.35,15.26,12.84,11.84,8.47
20015,13.4,14.72,14.31,17.05,16.19,16.23,13.89
20017,7.7,8.39,9.44,10.48,10.43,10.99,8.66
20019,14.2,17.27,17.94,19.07,19.94,21.84,19.94
20021,15.4,18.01,16.45,17.11,16.17,17.02,14.6
20023,5.8,6.49,7.29,7.91,7.96,9.1,6.1
20025,7.3,8.36,9.19,9.78,9.39,10.68,8.25
20027,8.9,9.54,12.73,12.04,12.0,13.37,11.66
20029,5.8,6.6,7.29,7.68,8.25,9.64,7.38
20031,12.8,13.34,13.3,14.88,14.42,15.75,13.93
20033,9.0,9.82,11.92,12.16,11.55,12.68,10.01
20035,12.1,15.58,16.0,16.34,14.05,13.29,9.03
20037,10.7,11.4,12.71,12.63,12.56,15.3,14.41
20039,6.1,6.56,7.59,8.16,7.81,8.46,4.53
20041,7.1,7.3,8.7,9.62,9.31,10.34,7.94
20043,7.0,7.12,8.39,8.72,8.48,9.53,8.11
20045,9.3,10.63,10.97,12.22,11.71,13.14,12.01
20047,6.8,7.0,7.93,8.48,8.21,9.39,6.49
20049,14.7,16.08,20.11,20.0,18.76,19.03,15.73
20051,4.8,5.58,6.67,7.48,7.87,11.18,10.0
20053,8.0,8.68,11.55,11.05,10.12,10.67,7.55
20055,6.3,8.55,8.14,8.19,8.6,9.65,7.81
20057,4.7,5.13,6.06,6.54,6.26,7.49,5.04
20059,10.9,11.79,13.58,15.56,16.16,18.28,17.77
20061,9.5,9.58,10.78,12.0,12.86,14.78,13.85
20063,5.6,5.77,6.58,7.06,6.66,7.86,5.02
20065,5.7,6.26,7.14,7.71,7.38,9.03,5.92
20067,3.8,4.5,4.86,5.21,4.91,6.17,3.24
20069,5.1,5.38,5.98,6.4,6.16,6.83,3.85
20071,8.5,9.21,10.6,11.46,11.5,12.84,10.44
20073,16.7,18.03,19.56,20.74,18.05,16.6,11.73
20075,9.6,10.38,11.81,13.43,12.29,13.13,9.56
20077,13.0,13.42,15.86,16.3,15.51,16.3,13.96
20079,9.3,11.85,11.18,12.48,11.07,10.94,7.72
20081,4.8,5.2,5.97,6.73,6.51,7.46,4.9
20083,5.0,5.47,6.34,6.84,6.39,7.58,4.98
20085,6.6,8.21,8.78,8.98,8.89,10.38,9.23
20087,8.5,10.61,10.73,11.02,11.74,14.06,13.97
20089,5.4,5.85,6.67,7.19,6.81,7.89,5.03
20091,9.5,8.15,9.98,9.28,9.8,12.16,12.34
20093,5.0,5.51,6.17,6.68,6.38,7.78,5.52
20095,12.0,12.39,13.89,14.14,13.61,14.79,12.66
20097,7.0,7.68,8.7,9.38,9.0,10.14,6.88
20099,13.1,14.91,17.08,18.85,15.73,14.34,8.59
20101,4.8,5.33,6.0,6.49,6.22,7.12,4.16
20103,15.6,12.54,16.69,13.02,13.08,14.93,14.3
20105,5.9,6.56,7.45,8.0,7.52,7.93,4.82
20107,14.3,16.04,16.84,18.79,19.89,22.8,23.12
20109,8.0,8.24,9.34,10.14,9.61,10.6,7.37
20111,6.3,7.67,7.82,8.71,10.01,12.28,11.64
20113,7.7,8.11,8.38,9.24,7.83,7.06,3.32
20115,7.1,8.2,8.8,10.59,9.54,9.53,6.38
20117,5.4,5.94,6.72,7.24,7.69,10.1,9.2
20119,6.0,6.57,7.91,8.66,8.23,9.46,6.97
20121,14.3,12.87,13.53,18.0,14.47,12.64,8.32
20123,4.6,5.17,5.79,6.28,5.92,6.6,3.55
20125,17.0,17.55,17.11,18.71,16.42,15.48,10.69
20127,7.0,7.32,8.18,9.41,8.62,8.73,6.02
20129,9.7,9.99,11.39,12.25,11.83,13.87,11.36
20131,5.3,5.48,6.29,7.08,6.3,7.19,5.68
20133,13.9,14.99,14.02,16.09,15.29,16.31,13.14
20135,5.7,6.2,7.08,8.1,7.4,8.23,5.52
20137,5.9,6.42,7.34,8.35,8.01,8.63,4.96
20139,11.9,14.89,13.95,15.43,14.9,16.11,14.63
20141,7.6,9.81,9.7,11.43,10.5,11.44,7.77
20143,5.8,6.13,6.95,7.55,6.87,6.97,3.62
20145,7.4,8.0,9.5,9.34,9.38,10.9,8.55
20147,4.4,4.82,5.72,6.03,5.61,7.27,4.06
20149,6.4,8.54,8.04,9.29,9.91,12.32,12.16
20151,8.5,10.85,10.77,11.85,10.84,12.03,9.08
20153,5.7,6.22,7.14,7.64,7.29,7.85,4.06
20155,14.1,15.46,14.22,14.52,17.74,22.34,23.54
20157,5.8,6.03,6.8,7.67,7.08,7.4,4.23
20159,8.3,9.5,11.31,11.74,10.78,11.22,8.14
20161,6.0,6.26,6.59,6.99,6.8,8.22,7.27
20163,6.7,7.02,7.84,8.52,9.07,11.18,9.37
20165,6.9,7.92,8.66,9.19,8.91,10.75,8.25
20167,8.3,9.5,9.8,10.9,9.98,11.32,8.29
20169,12.2,13.34,14.77,20.41,15.89,12.46,5.87
20171,5.8,6.0,6.69,7.2,6.91,8.22,5.23
20173,16.9,15.98,15.9,17.77,17.96,19.55,18.34
20175,5.5,6.26,7.11,9.04,7.96,8.6,5.43
20177,13.6,15.3,16.13,17.43,16.63,17.69,16.19
20179,5.2,5.65,6.54,7.03,6.74,7.71,3.81
20181,7.6,9.14,9.54,10.11,10.22,11.66,8.88
20183,6.3,7.32,8.25,8.99,8.08,8.82,5.39
20185,7.0,7.68,9.21,9.42,9.09,10.52,7.99
20187,7.2,8.33,8.96,9.77,9.38,10.51,7.48
20189,5.4,5.84,6.63,7.26,7.76,9.88,7.43
20191,12.9,14.54,15.45,15.69,14.93,16.3,14.29
20193,6.5,7.06,8.42,9.11,8.26,9.24,5.62
20195,5.8,6.29,7.18,7.78,7.43,8.98,6.46
20197,7.2,8.52,8.91,9.74,9.78,11.53,10.47
20199,6.5,7.11,8.07,8.72,8.34,9.4,6.1
20201,5.0,5.47,6.33,6.67,6.42,7.13,5.15
20203,6.1,6.66,7.68,8.27,7.92,9.42,6.61
20205,16.1,16.64,18.65,22.05,19.51,18.39,13.37
20207,14.0,15.24,19.02,19.03,19.87,22.54,21.84
20209,10.0,10.18,12.05,11.58,11.4,12.89,12.37
21001,17.0,17.73,17.94,21.01,20.1,20.24,18.65
21003,17.6,19.1,22.02,21.36,19.65,17.43,14.15
21005,20.1,26.75,31.96,36.75,30.07,23.92,15.64
21007,14.2,15.89,19.36,21.82,17.75,15.71,12.04
21009,11.3,12.91,14.21,18.77,15.47,11.89,6.94
21011,30.6,32.6,36.34,37.53,36.76,37.42,36.19
21013,48.4,70.76,58.36,52.62,52.08,52.78,52.49
21015,26.9,36.5,34.51,37.31,33.4,31.47,27.23
21017,24.0,27.09,29.52,32.77,31.35,31.58,29.33
21019,34.7,43.24,51.44,60.67,55.41,52.29,47.98
21021,17.7,23.17,33.66,28.29,23.74,20.17,14.46
21023,20.4,28.47,29.44,29.48,26.19,24.75,21.07
21025,45.1,39.65,50.59,44.54,45.18,47.06,47.76
21027,12.3,14.62,17.27,16.92,15.35,13.62,10.47
21029,27.0,21.95,26.0,36.92,30.04,23.36,15.08
21031,15.4,26.96,21.05,21.2,22.19,22.68,22.02
21033,15.8,15.77,18.86,19.86,17.58,16.43,13.84
21035,10.9,12.97,15.71,14.43,13.88,14.93,14.52
21037,45.8,50.88,62.07,70.9,57.04,45.11,31.17
21039,8.6,9.41,10.97,11.58,10.66,11.8,11.01
21041,35.6,32.44,35.02,38.33,37.45,37.18,35.56
21043,26.9,34.56,38.39,51.13,43.5,37.72,30.24
21045,21.4,24.95,29.72,31.22,29.29,28.24,25.3
21047,8.2,8.62,9.84,12.85,11.74,11.5,10.16
21049,31.9,37.58,38.13,50.02,51.05,53.56,53.84
21051,28.1,35.27,37.47,36.13,37.44,39.75,40.94
21053,48.8,49.46,48.49,50.36,48.73,48.12,45.63
21055,15.4,17.5,19.31,21.21,18.66,17.0,13.59
21057,24.5,25.92,29.82,30.24,28.93,28.38,26.04
21059,12.8,15.11,16.24,16.32,16.22,16.14,14.31
21061,13.2,20.34,18.04,20.12,20.26,19.9,18.11
21063,27.1,31.14,36.52,36.53,38.41,41.85,43.66
21065,46.8,46.16,54.74,63.95,54.34,45.86,35.33
21067,26.3,32.44,35.65,40.01,37.32,35.66,31.56
21069,20.8,25.76,27.19,30.67,23.78,18.89,11.84
21071,54.9,50.82,51.66,50.01,48.89,50.35,50.23
21073,20.8,23.24,28.75,36.3,30.65,25.85,18.63
21075,8.9,9.97,11.69,12.36,11.92,13.06,12.83
21077,37.8,49.27,53.6,59.55,59.03,60.06,58.88
21079,22.8,24.12,32.36,31.32,26.85,23.37,17.82
21081,40.4,38.14,51.8,46.66,44.96,45.06,43.04
21083,12.0,13.07,15.16,14.73,14.53,16.05,15.72
21085,26.7,25.9,33.47,35.0,27.98,20.49,12.43
21087,11.8,12.53,13.9,16.39,15.12,14.12,11.54
21089,28.0,33.96,34.66,44.7,43.89,45.25,45.25
21091,11.6,12.81,16.48,17.03,14.08,11.22,6.7
21093,15.3,12.49,20.55,19.66,16.91,14.32,10.02
21095,35.1,36.95,39.18,43.33,38.6,36.21,31.96
21097,31.2,35.66,67.52,48.72,36.97,26.53,13.98
21099,12.3,15.43,17.59,18.07,19.09,19.77,19.29
21101,11.9,12.81,14.68,17.51,14.61,12.12,7.52
21103,18.5,24.83,23.7,25.72,27.28,29.26,29.81
21105,9.5,10.95,12.7,12.7,12.16,13.63,13.47
21107,15.9,16.09,20.51,24.01,17.15,10.99,2.59
21109,16.5,19.05,20.42,25.21,21.8,19.01,14.94
21111,24.2,26.77,39.49,45.32,37.92,31.09,22.79
21113,22.6,27.88,31.71,44.53,35.81,28.01,17.75
21115,30.0,34.77,33.2,34.19,34.71,37.65,38.87
21117,44.5,61.5,56.03,68.81,57.76,48.71,37.13
21119,49.1,44.73,46.22,46.88,45.92,46.87,46.6
21121,24.9,44.9,37.92,44.06,31.73,20.31,7.47
21123,11.1,10.85,12.73,13.98,12.06,10.1,6.91
21125,23.6,24.76,21.9,25.85,24.67,24.13,22.32
21127,28.2,32.34,39.26,42.8,34.58,28.31,20.33
21129,34.3,45.49,43.46,45.11,44.14,44.04,42.59
21131,54.6,46.64,54.67,52.41,50.44,49.72,48.3
21133,31.1,33.67,32.92,39.04,38.69,40.9,41.96
21135,19.3,26.93,23.65,31.09,28.78,28.41,26.62
21137,20.3,24.66,33.77,31.92,32.32,33.7,33.07
21139,23.3,23.53,28.0,28.3,25.21,23.69,19.97
21141,13.6,14.34,15.65,14.49,14.9,15.19,14.37
21143,14.9,16.69,17.78,19.24,20.12,22.14,22.66
21145,23.3,18.46,21.22,19.73,19.37,20.9,20.86
21147,16.0,19.88,19.54,24.99,22.54,21.08,17.84
21149,13.6,14.9,20.14,18.62,18.68,19.41,18.29
21151,26.3,30.16,31.55,43.0,44.06,46.38,46.72
21153,29.8,33.08,37.08,43.86,43.06,44.25,43.77
21155,16.9,19.24,20.07,23.48,18.35,14.07,8.18
21157,25.3,20.91,26.11,21.1,20.09,21.17,20.34
21159,39.4,54.5,51.62,53.31,44.06,37.06,28.09
21161,23.3,25.91,34.62,38.89,27.3,17.96,6.1
21163,14.8,15.09,21.48,21.57,15.53,9.2,1.45
21165,23.4,24.99,29.56,36.32,35.19,35.76,34.41
21167,19.9,22.95,30.76,24.87,21.19,18.67,13.89
21169,13.0,14.8,19.44,18.74,16.58,14.48,10.77
21171,23.1,23.49,28.45,29.26,29.36,29.27,27.89
21173,32.0,31.49,34.98,42.85,40.8,40.58,38.03
21175,18.2,19.12,24.2,24.1,25.08,27.56,28.34
21177,19.8,17.75,19.19,21.93,19.21,17.21,13.39
21179,16.0,17.47,22.82,30.56,20.27,10.18,-1.42
21181,24.3,26.48,31.99,30.37,29.19,30.03,28.35
21183,15.4,20.87,18.21,18.41,18.48,18.54,17.19
21185,9.7,15.7,17.0,15.29,14.66,14.21,12.36
21187,36.8,32.18,44.89,44.14,49.72,56.83,61.86
21189,35.0,38.31,42.2,49.08,44.86,41.87,38.04
21191,35.0,35.03,42.11,47.18,45.06,44.82,42.23
21193,45.0,43.32,45.32,43.62,45.11,48.08,50.03
21195,44.7,39.45,37.13,33.6,34.69,38.29,40.35
21197,62.9,56.19,59.17,57.46,60.35,64.72,66.9
21199,17.4,19.43,21.74,25.01,22.39,20.7,17.43
21201,23.3,25.84,32.02,33.6,29.18,26.71,21.95
21203,27.8,29.88,35.53,38.3,36.77,36.1,33.58
21205,21.0,23.69,28.97,29.37,28.59,29.55,28.34
21207,49.6,40.03,39.54,37.31,40.4,44.63,47.15
21209,16.9,21.31,30.41,25.11,24.67,25.42,23.87
21211,13.9,20.99,22.64,21.33,18.4,16.4,12.36
21213,13.3,17.99,18.14,18.1,16.03,13.94,10.9
21215,15.5,19.34,22.06,25.51,21.5,18.21,12.93
21217,18.7,23.23,27.1,31.36,31.5,32.4,31.79
21219,15.7,16.2,16.86,17.58,20.11,23.21,25.32
21221,13.2,17.2,16.76,20.65,17.38,14.99,11.52
21223,20.3,20.21,23.32,24.81,24.08,24.06,22.69
21225,24.9,25.49,27.27,27.44,24.0,20.73,16.07
21227,13.1,13.84,13.87,13.48,14.62,14.74,13.9
21229,14.8,17.25,19.59,21.6,18.52,16.46,12.45
21231,21.2,20.38,21.33,25.93,23.7,22.42,19.43
21233,15.1,17.0,19.64,20.0,18.31,17.13,14.07
21235,40.2,44.77,36.32,45.14,35.65,27.26,17.18
21237,43.1,46.05,43.8,44.61,44.98,47.1,47.17
21239,20.6,26.24,24.47,27.14,26.33,26.42,24.07
22001,18.6,18.71,20.75,20.82,16.85,14.09,10.48
22003,11.8,13.27,15.54,18.28,18.93,20.53,21.5
22005,14.2,16.32,16.37,21.18,29.89,40.17,49.47
22007,10.5,12.86,18.93,16.05,15.6,16.86,17.02
22009,19.0,17.87,18.21,18.11,22.13,27.56,32.08
22011,13.2,12.83,14.23,14.42,15.1,16.06,16.03
22013,10.9,10.24,10.55,12.53,11.4,11.65,11.13
22015,9.1,11.28,14.22,13.95,11.38,9.82,8.35
22017,9.4,12.51,12.32,13.89,13.2,13.26,13.38
22019,17.3,15.17,14.1,16.76,18.1,20.15,20.77
22021,12.0,12.62,13.69,16.51,14.72,13.6,11.72
22023,16.2,18.51,20.56,23.98,24.24,24.79,23.69
22025,11.6,11.93,13.32,16.06,13.99,12.98,11.21
22027,9.4,10.52,13.18,13.89,11.37,10.24,7.92
22029,9.2,9.41,12.18,12.88,10.64,9.61,7.36
22031,10.2,10.56,14.05,14.02,11.92,11.22,10.47
22033,13.8,16.58,18.24,19.26,20.64,23.03,24.8
22035,6.1,6.8,7.94,9.65,7.59,6.33,3.84
22037,9.8,10.67,12.88,13.51,12.84,13.43,13.17
22039,18.6,18.3,19.91,21.75,26.74,32.72,37.65
22041,7.2,9.59,9.02,9.68,8.96,9.18,8.72
22043,12.0,12.25,16.11,14.45,14.26,15.3,15.33
22045,13.3,16.73,19.33,16.17,19.51,23.38,27.14
22047,12.8,15.79,15.66,18.94,20.16,22.65,23.92
22049,9.2,12.13,11.6,12.12,12.14,12.8,13.03
22051,25.9,28.47,33.99,38.62,37.65,38.84,38.49
22053,17.5,23.61,22.11,27.42,28.21,29.35,29.68
22055,14.6,14.8,17.84,19.46,17.62,16.61,14.85
22057,21.6,18.1,18.44,22.55,17.74,14.43,9.61
22059,17.9,19.04,17.98,21.36,20.78,21.6,21.64
22061,5.5,5.56,6.92,7.48,6.56,6.96,6.73
22063,26.4,33.88,39.76,41.6,34.61,28.77,22.39
22065,5.9,6.61,7.35,8.49,7.41,7.42,6.1
22067,12.8,17.35,18.05,16.93,19.02,22.71,24.79
22069,8.7,8.87,9.53,11.39,10.65,11.07,10.86
22071,27.6,26.99,36.11,38.44,40.62,45.02,47.63
22073,11.3,14.11,16.69,15.16,18.69,23.74,27.93
22075,25.5,28.33,29.5,26.2,29.44,34.74,38.22
22077,12.8,14.51,17.66,19.23,16.57,15.28,12.84
22079,13.3,12.97,21.04,20.78,23.73,28.02,31.22
22081,7.0,7.62,8.75,9.44,8.79,9.39,9.64
22083,7.4,9.18,9.61,10.7,9.5,9.33,8.61
22085,8.3,9.32,10.34,12.01,11.03,11.36,10.57
22087,30.8,34.42,44.58,46.71,59.5,74.29,87.61
22089,16.9,21.64,25.16,22.18,22.33,24.71,25.32
22091,23.1,20.85,28.73,26.22,26.87,28.9,30.11
22093,8.1,9.95,12.4,11.47,11.59,12.96,12.84
22095,16.2,18.8,22.28,25.96,24.93,25.62,24.52
22097,14.4,15.91,16.62,17.56,18.34,20.12,20.69
22099,11.1,10.8,13.48,13.09,12.29,12.82,12.58
22101,14.3,19.25,17.35,24.06,24.38,25.87,26.56
22103,28.2,27.32,28.88,33.8,35.08,38.43,40.43
22105,22.6,22.5,27.8,30.57,32.36,35.86,38.24
22107,7.5,8.73,9.45,10.61,9.56,9.44,8.42
22109,20.3,27.2,22.85,38.08,31.75,26.8,20.21
22111,9.0,8.51,10.33,9.78,9.29,10.11,9.79
22113,10.1,15.83,17.84,14.82,15.88,17.48,18.35
22115,9.8,8.91,12.13,12.47,13.26,14.82,15.05
22117,30.4,36.94,48.6,56.66,61.09,67.72,73.36
22119,13.9,14.28,13.04,16.03,12.85,11.15,8.41
22121,15.4,18.2,18.5,20.22,20.51,21.72,22.12
22123,10.6,12.36,12.41,19.66,13.95,8.96,2.96
22125,12.6,13.6,15.34,18.01,19.1,21.63,23.01
22127,12.9,14.71,16.38,18.58,18.07,18.7,18.5
23001,19.5,22.3,23.56,22.43,25.25,27.94,29.52
23003,10.3,11.4,21.36,13.48,15.1,15.28,12.52
23005,15.8,23.35,22.22,30.81,24.83,18.83,11.9
23007,11.4,13.78,15.21,15.91,15.81,15.66,14.29
23009,16.8,17.58,24.55,18.64,17.01,13.43,8.98
23011,17.6,23.73,26.18,37.87,30.72,22.6,13.73
23013,19.4,19.23,22.56,25.15,20.49,14.52,7.86
23015,14.9,18.09,21.68,22.7,20.87,18.42,15.17
23017,10.9,15.1,18.05,17.61,20.96,24.64,26.88
23019,15.7,18.36,29.54,36.02,30.59,24.1,15.44
23021,17.3,17.01,21.24,22.53,21.02,18.49,13.55
23023,10.7,12.58,14.21,16.0,13.73,11.03,7.53
23025,15.2,18.28,22.26,28.6,21.05,13.14,3.34
23027,16.7,15.4,19.58,21.53,19.17,15.98,11.18
23029,27.1,23.45,48.86,39.84,36.05,29.79,22.58
23031,20.9,21.55,27.55,39.77,30.05,20.85,10.32
24001,20.7,24.11,49.04,47.87,43.47,42.31,38.87
24003,21.6,23.96,36.9,43.12,43.82,46.44,46.24
24005,23.1,29.29,46.48,51.63,55.87,61.86,64.96
24009,21.9,24.18,31.21,36.03,35.75,36.73,35.36
24011,27.4,25.15,34.51,37.28,32.24,28.85,23.34
24013,20.9,24.15,33.88,34.08,40.62,49.78,55.77
24015,35.0,34.96,44.08,63.27,57.82,54.05,47.89
24017,14.7,15.88,25.12,27.18,21.15,16.97,10.07
24019,15.8,16.87,22.93,31.33,26.02,22.03,15.88
24021,17.0,16.05,35.03,31.04,31.33,34.4,34.99
24023,11.9,14.68,16.07,21.69,16.42,14.81,10.89
24025,19.4,22.76,34.14,41.66,39.93,39.85,37.04
24027,7.9,12.81,18.14,18.84,16.54,16.38,13.46
24029,20.3,21.76,29.73,26.42,23.02,21.25,16.78
24031,7.1,8.89,12.6,12.48,9.76,9.47,6.52
24033,7.7,8.46,15.78,17.85,14.87,13.77,10.2
24035,20.6,21.02,27.02,25.87,32.22,40.57,46.38
24037,12.5,18.65,21.04,29.04,24.73,21.64,15.87
24039,19.2,21.24,30.44,27.03,27.39,29.56,29.35
24041,14.8,16.29,22.9,25.4,24.77,25.48,24.29
24043,28.8,34.54,41.56,35.42,47.72,62.99,75.02
24045,16.5,15.64,29.48,29.37,29.45,31.25,30.94
24047,20.6,29.46,35.56,32.26,31.43,32.6,30.89
24510,42.5,50.86,76.45,86.64,102.42,120.16,134.9
25001,24.7,30.22,38.13,35.01,36.58,39.52,40.13
25003,20.9,26.33,27.31,27.05,34.71,43.34,51.42
25005,29.3,30.92,43.95,46.03,42.58,40.07,36.41
25007,17.8,20.13,20.36,19.5,21.25,23.99,24.86
25009,24.3,28.87,36.37,39.96,35.91,32.06,26.42
25011,15.7,22.78,22.34,20.29,26.88,35.48,42.71
25013,14.3,22.6,29.22,27.22,44.25,62.94,80.77
25015,14.8,15.45,20.26,20.3,26.55,34.73,41.74
25017,16.4,20.95,26.72,23.72,22.39,21.34,18.89
25019,12.7,13.91,16.51,18.26,16.22,15.85,12.86
25021,17.6,22.85,31.56,25.53,25.86,27.03,26.91
25023,19.6,29.72,38.49,39.26,33.63,28.63,22.05
25025,17.3,23.83,32.09,32.89,29.53,26.58,21.91
25027,16.8,26.18,28.58,31.25,35.97,42.04,47.06
26001,12.2,12.73,13.75,15.01,13.55,15.23,14.48
26003,10.9,14.94,16.3,15.97,14.19,13.95,11.2
26005,16.8,11.91,14.53,14.75,11.44,10.3,7.79
26007,12.4,13.97,16.32,19.08,15.55,15.35,11.92
26009,13.1,16.97,15.74,17.13,15.84,17.74,16.79
26011,13.0,12.79,15.02,17.5,16.15,17.94,17.22
26013,12.7,13.18,17.35,17.48,16.92,18.22,16.81
26015,10.7,12.86,15.49,14.51,13.27,14.07,13.21
26017,17.3,21.12,26.11,25.2,24.48,27.44,27.46
26019,13.3,15.29,14.2,16.26,18.47,23.84,26.53
26021,19.0,19.56,21.59,18.4,17.36,17.03,15.9
26023,11.9,14.55,15.94,17.31,16.65,19.09,19.08
26025,23.2,31.14,34.1,34.07,36.73,41.98,45.14
26027,13.5,12.94,15.52,15.66,14.4,14.58,13.81
26029,8.6,10.5,11.06,14.34,12.67,13.94,12.27
26031,15.1,15.61,16.34,17.42,17.28,20.39,19.34
26033,14.1,13.26,15.85,15.34,15.48,18.07,15.95
26035,19.5,23.29,27.88,28.69,26.3,27.42,25.64
26037,8.8,10.79,12.2,14.25,12.53,13.89,12.95
26039,18.6,21.7,25.06,30.72,29.5,32.25,31.89
26041,6.1,6.84,8.78,8.15,11.28,16.32,19.49
26043,13.8,16.97,17.65,22.78,25.18,29.07,31.12
26045,12.9,17.48,18.65,17.29,21.18,28.21,32.99
26047,9.3,12.1,12.05,15.07,12.4,13.15,10.1
26049,14.9,15.88,28.96,37.65,49.1,64.45,77.38
26051,20.4,20.25,22.31,24.2,18.58,16.45,11.53
26053,9.4,11.99,13.54,12.97,11.95,12.42,10.43
26055,11.6,14.34,18.1,20.26,13.71,10.26,4.19
26057,6.8,10.01,9.52,10.78,11.22,15.45,16.78
26059,10.3,11.38,17.94,15.75,15.41,18.67,19.22
26061,7.6,6.85,10.08,9.94,8.93,9.74,7.73
26063,11.1,13.24,16.36,20.3,15.52,13.98,9.86
26065,18.6,21.47,24.2,25.5,29.93,37.74,42.87
26067,16.6,14.01,17.44,17.94,15.16,15.25,13.21
26069,16.9,20.42,25.99,22.47,22.23,25.06,26.25
26071,12.4,15.17,20.88,18.01,15.11,13.53,10.19
26073,8.8,13.83,16.31,14.43,13.85,17.26,17.49
26075,8.2,10.12,9.46,9.35,9.02,12.67,13.69
26077,14.3,12.8,21.14,20.74,19.03,18.85,17.54
26079,11.8,12.46,14.35,17.85,14.59,14.87,12.68
26081,9.9,14.71,13.35,18.73,14.44,13.0,9.53
26083,9.7,10.53,12.25,13.66,12.45,12.42,10.35
26085,10.8,12.51,13.91,15.57,14.07,15.52,14.8
26087,12.1,13.5,16.6,21.69,19.61,21.73,21.11
26089,8.3,9.25,9.66,10.83,9.49,10.56,9.13
26091,17.0,21.21,19.41,15.7,21.53,31.32,38.72
26093,22.7,16.29,18.3,21.86,17.7,17.27,14.46
26095,10.5,12.1,13.85,13.88,13.35,15.18,13.64
26097,9.3,10.62,12.81,12.46,12.45,15.15,13.65
26099,29.0,29.17,36.57,43.87,38.57,37.21,33.39
26101,20.2,24.54,26.87,29.08,27.91,30.19,30.16
26103,12.8,18.11,21.97,15.67,16.74,19.09,19.4
26105,12.4,16.26,15.32,20.52,18.43,19.69,18.74
26107,9.2,9.73,11.21,11.64,9.4,11.05,10.43
26109,12.2,12.67,13.35,15.51,13.3,12.18,9.03
26111,10.4,12.1,14.42,13.78,13.3,16.53,16.64
26113,10.7,13.98,14.95,16.31,14.45,16.39,15.75
26115,23.8,28.83,34.86,36.57,32.16,32.12,29.93
26117,12.1,16.99,14.66,19.23,18.86,22.21,23.24
26119,12.2,12.51,15.11,16.63,15.26,17.1,15.58
26121,27.0,23.32,21.95,24.4,26.51,31.64,35.24
26123,12.2,13.55,13.12,18.85,13.76,12.5,9.27
26125,10.3,10.24,12.29,15.11,14.4,17.73,18.29
26127,13.0,15.23,16.13,20.1,15.65,14.29,10.89
26129,26.0,23.42,23.76,27.88,26.79,28.82,28.9
26131,12.7,14.62,15.87,17.6,17.05,17.48,15.81
26133,12.9,13.53,14.15,19.37,14.67,13.74,10.57
26135,17.5,17.88,20.37,26.65,22.56,22.02,18.58
26137,16.5,16.37,21.85,26.13,25.19,28.15,27.77
26139,10.9,10.94,13.15,15.89,11.81,11.09,8.29
26141,14.7,15.06,15.34,16.99,16.17,18.94,17.36
26143,21.3,20.2,26.7,31.63,28.37,29.2,26.4
26145,19.6,18.74,20.74,24.64,22.17,23.63,22.46
26147,26.4,26.66,41.78,41.04,34.72,32.64,28.06
26149,12.2,11.53,14.12,14.9,15.31,17.48,17.86
26151,12.4,13.3,17.83,19.38,16.12,16.9,14.75
26153,12.9,14.12,16.69,17.09,18.24,21.35,22.34
26155,14.1,16.27,17.35,25.94,24.15,25.86,25.75
26157,11.9,13.32,13.98,16.86,16.14,19.95,21.09
26159,16.5,17.33,18.03,26.74,20.92,16.33,10.51
26161,16.8,16.7,18.75,19.55,20.73,25.96,28.33
26163,25.7,31.42,37.82,42.4,43.12,47.64,49.54
26165,18.9,18.92,18.76,23.67,19.06,18.16,14.83
27001,14.7,16.67,18.81,21.92,18.53,15.73,11.25
27003,8.5,10.32,11.22,13.03,13.35,15.63,15.33
27005,6.6,8.53,9.17,9.19,8.07,7.44,5.32
27007,11.2,11.44,13.22,14.97,15.79,17.09,16.78
27009,8.8,10.85,12.98,11.58,10.68,10.8,8.47
27011,5.9,6.87,7.89,7.93,7.61,9.58,7.73
27013,5.1,5.28,6.84,6.45,5.85,7.96,7.03
27015,4.8,5.03,5.76,6.12,5.65,8.11,6.75
27017,14.6,15.56,15.8,15.94,15.56,15.72,14.21
27019,5.2,6.19,6.78,6.39,6.21,8.43,8.37
27021,18.0,19.91,22.08,25.92,24.68,23.94,21.31
27023,5.1,5.31,5.86,6.7,6.56,8.44,6.82
27025,9.5,9.81,9.93,11.34,11.38,13.55,12.89
27027,12.1,14.53,14.15,13.4,11.44,10.24,6.94
27029,10.6,11.22,14.63,15.12,13.61,12.33,9.57
27031,8.8,10.17,10.92,12.36,11.92,12.13,10.7
27033,4.4,4.82,5.44,5.84,5.53,8.15,7.15
27035,10.4,11.59,14.65,12.41,12.04,12.46,11.19
27037,7.4,9.24,10.18,10.08,7.75,7.52,5.14
27039,5.6,6.61,7.35,7.92,8.64,12.1,12.33
27041,5.1,5.27,5.84,6.91,6.0,6.14,4.36
27043,4.4,5.63,5.54,5.78,5.42,7.89,7.66
27045,5.3,5.39,6.79,7.14,7.83,10.89,11.29
27047,5.1,5.88,6.96,7.9,6.43,8.26,6.7
27049,7.2,7.71,8.77,10.14,10.19,12.82,12.92
27051,4.5,5.24,5.71,6.07,5.75,6.57,5.29
27053,11.0,12.62,15.7,17.39,14.5,13.64,10.4
27055,6.7,8.01,9.15,11.01,9.05,8.53,5.51
27057,9.2,9.41,11.27,11.59,11.94,12.4,11.52
27059,8.5,9.05,12.07,10.84,11.11,13.59,13.34
27061,12.4,12.19,13.35,13.52,12.79,12.83,11.18
27063,3.9,4.25,5.33,5.29,4.94,7.17,5.68
27065,8.7,8.98,9.96,11.07,10.48,11.56,9.94
27067,5.2,7.55,6.35,8.14,7.69,8.45,6.97
27069,6.3,6.49,7.71,8.42,7.57,6.78,4.66
27071,8.1,7.85,9.99,9.59,9.65,10.8,9.68
27073,4.6,5.06,6.41,6.21,5.95,8.1,6.01
27075,6.5,7.11,8.03,8.68,10.11,12.09,12.22
27077,9.9,10.09,11.47,13.07,11.9,10.88,8.32
27079,4.8,4.83,5.91,5.86,5.37,6.92,5.6
27081,5.3,5.48,6.17,6.65,6.4,9.15,7.5
27083,4.8,5.84,5.75,5.75,5.39,8.11,6.91
27085,4.6,5.02,5.6,6.87,7.5,10.03,9.66
27087,24.3,20.35,25.89,31.08,28.99,26.47,22.81
27089,5.9,7.13,7.52,7.82,7.55,7.76,6.22
27091,4.1,4.41,4.73,5.06,5.67,8.29,8.17
27093,6.7,6.63,7.99,8.3,8.36,9.66,8.75
27095,15.5,15.88,20.67,24.81,19.7,16.57,10.53
27097,9.1,11.87,13.48,12.88,15.2,18.38,19.5
27099,8.4,11.24,9.95,13.07,10.61,11.12,8.52
27101,5.2,5.63,5.81,6.48,5.82,8.3,6.08
27103,5.2,5.39,5.59,6.47,5.89,7.59,6.22
27105,4.0,4.31,5.49,6.53,6.14,8.16,6.13
27107,6.3,6.72,8.8,8.43,7.92,7.09,4.49
27109,9.3,8.2,10.31,10.5,10.71,13.37,12.81
27111,5.6,6.66,7.48,8.25,7.91,8.5,7.27
27113,10.7,10.53,12.78,13.91,15.5,17.0,16.74
27115,11.0,11.18,12.48,14.46,13.53,13.67,11.53
27117,3.5,3.82,4.4,4.71,4.78,7.13,5.04
27119,11.7,12.42,12.79,12.79,12.23,11.61,9.53
27121,6.3,6.82,7.73,8.31,8.01,8.25,6.59
27123,11.4,14.46,16.4,19.04,15.28,13.73,9.74
27125,7.5,8.05,9.6,10.23,9.76,8.95,6.45
27127,6.0,7.72,8.32,9.98,8.71,10.5,8.81
27129,6.3,7.7,7.35,7.93,7.81,10.14,9.28
27131,7.0,6.43,7.84,9.28,8.24,9.67,7.84
27133,5.3,5.57,7.26,6.82,6.83,8.97,7.09
27135,6.0,6.84,7.5,8.44,7.63,6.8,4.84
27137,15.2,15.43,17.91,18.27,15.03,12.19,7.34
27139,6.2,5.61,8.13,9.0,7.62,8.19,6.45
27141,10.5,9.38,11.48,11.25,11.05,12.46,11.19
27143,5.2,6.6,6.83,7.4,7.05,9.19,8.39
27145,8.3,10.24,11.6,11.5,9.94,9.67,7.19
27147,5.5,6.04,6.81,7.99,7.62,10.2,9.33
27149,4.7,5.28,6.49,6.38,6.08,7.08,4.86
27151,4.7,5.44,6.18,6.45,6.67,8.6,7.66
27153,5.7,6.27,6.75,8.22,7.0,6.38,3.66
27155,6.1,7.47,7.68,8.13,8.39,10.18,8.72
27157,6.9,7.29,8.82,9.61,10.22,12.73,12.73
27159,8.6,8.49,10.54,11.9,10.79,10.84,9.37
27161,5.8,6.61,8.32,9.07,8.31,10.33,9.08
27163,9.0,8.52,9.99,11.09,9.58,9.89,7.97
27165,4.0,4.57,5.02,5.88,5.49,7.46,6.26
27167,5.7,6.17,6.65,7.14,6.83,7.66,5.67
27169,10.5,9.46,9.6,12.06,12.97,15.93,15.83
27171,6.0,5.43,6.47,7.35,7.63,9.86,9.65
27173,5.8,6.06,6.76,6.9,6.93,9.72,8.64
28001,9.5,9.35,11.38,12.71,11.65,12.19,10.71
28003,14.9,14.95,18.18,15.99,15.92,17.45,17.65
28005,9.0,9.69,11.24,11.33,10.81,11.81,11.61
28007,5.8,6.46,7.64,7.75,6.92,8.02,7.21
28009,6.9,7.73,8.41,9.13,9.14,10.71,11.18
28011,5.0,4.79,5.83,6.09,5.93,6.84,6.74
28013,7.9,9.07,9.9,11.1,11.19,12.38,12.94
28015,6.8,7.07,7.92,8.38,8.54,10.37,10.68
28017,7.5,8.57,9.69,9.91,8.98,9.38,8.58
28019,6.9,7.12,8.6,9.13,8.68,10.48,10.47
28021,5.5,6.41,6.98,7.78,7.06,7.22,6.11
28023,11.1,13.17,12.88,12.94,11.9,13.86,14.18
28025,4.5,5.01,5.75,6.26,5.76,7.17,7.02
28027,13.6,13.41,14.04,14.9,15.07,16.26,15.66
28029,7.6,8.11,9.79,9.02,9.13,10.95,10.29
28031,10.8,12.25,15.11,17.23,18.42,22.35,24.06
28033,12.7,16.56,19.09,18.67,17.19,16.31,14.72
28035,9.7,10.27,10.35,11.94,13.16,17.43,19.89
28037,11.5,11.8,13.91,15.9,16.2,17.94,17.96
28039,15.7,19.85,18.21,19.32,19.76,23.61,25.12
28041,7.3,7.63,8.47,8.65,8.27,11.43,12.51
28043,7.9,8.14,9.1,9.74,9.87,10.74,10.51
28045,23.1,26.68,34.22,40.78,31.43,24.48,15.56
28047,23.0,17.48,19.28,23.75,17.66,14.4,8.86
28049,4.9,6.41,8.15,10.49,8.72,8.01,5.51
28051,5.1,5.35,5.99,6.42,6.36,7.88,7.99
28053,4.6,5.02,5.81,6.41,6.18,6.63,6.4
28055,6.3,6.93,7.79,8.6,7.88,7.82,6.38
28057,12.1,13.69,15.37,14.96,13.92,15.02,15.55
28059,22.5,20.95,22.08,20.68,17.46,17.14,14.66
28061,7.6,7.5,8.38,8.6,8.12,10.47,11.21
28063,5.8,6.26,7.29,7.89,7.7,8.7,8.14
28065,8.4,9.36,10.45,10.84,10.64,12.69,12.33
28067,7.2,8.65,10.53,13.93,14.12,17.18,18.59
28069,5.3,5.79,6.12,7.08,6.45,8.67,9.23
28071,6.3,7.48,7.26,8.36,8.74,10.33,10.9
28073,11.9,14.81,13.56,13.32,13.45,16.76,18.12
28075,7.4,8.63,8.38,8.8,10.22,14.32,16.89
28077,11.2,12.3,13.5,15.2,12.95,13.01,10.66
28079,9.7,7.46,8.76,9.1,8.2,9.02,7.79
28081,8.7,10.07,12.95,13.38,10.9,10.27,8.87
28083,5.5,7.18,7.65,7.66,6.99,7.72,7.26
28085,11.0,10.42,10.74,10.86,9.48,9.82,8.37
28087,7.3,9.23,9.18,9.98,10.18,12.21,13.21
28089,9.3,7.15,7.22,6.94,6.91,7.36,6.64
28091,19.3,26.62,25.48,27.59,28.02,31.25,32.85
28093,7.1,9.23,8.48,9.61,8.2,7.69,6.35
28095,7.1,8.56,9.17,8.81,8.6,10.08,10.67
28097,10.6,10.35,12.14,12.37,12.01,13.2,13.1
28099,11.2,12.42,11.33,13.77,11.46,11.62,9.83
28101,9.2,9.49,9.82,9.77,10.17,13.1,14.1
28103,4.5,4.57,5.46,5.72,5.49,7.31,8.17
28105,2.9,3.53,3.96,4.12,3.73,4.74,4.7
28107,11.5,12.11,12.95,16.18,13.49,11.94,9.26
28109,21.8,33.33,30.03,37.65,29.73,24.69,17.93
28111,13.5,13.22,14.57,14.9,14.38,17.22,17.82
28113,9.5,10.29,10.51,11.43,11.45,13.66,14.23
28115,13.9,14.84,16.43,18.64,16.27,15.39,13.99
28117,10.7,11.43,12.98,15.39,13.02,12.08,10.27
28119,11.3,12.92,13.2,14.87,13.69,13.82,12.04
28121,10.7,11.33,17.89,13.79,14.13,15.48,15.41
28123,7.0,8.05,8.28,8.78,9.08,11.37,11.85
28125,5.4,6.21,6.83,7.19,6.81,7.37,6.69
28127,11.4,11.72,14.51,15.22,14.36,15.61,14.18
28129,12.3,12.1,13.58,14.28,15.22,18.57,19.57
28131,17.0,16.81,20.83,19.27,19.1,21.82,23.1
28133,5.1,5.39,7.31,6.79,6.13,6.75,6.5
28135,7.0,8.42,9.22,9.45,8.83,9.65,9.09
28137,14.4,19.13,19.82,17.86,22.02,26.79,30.94
28139,6.5,8.64,9.18,8.41,7.74,8.31,8.07
28141,26.6,23.87,23.73,24.5,23.94,25.24,25.52
28143,7.9,9.35,9.93,11.14,11.42,12.48,12.54
28145,7.1,6.77,7.75,7.91,8.38,9.88,10.73
28147,12.7,17.1,15.59,16.84,16.16,17.77,18.36
28149,7.3,8.23,9.6,10.01,9.41,9.55,8.22
28151,4.7,5.5,7.6,6.73,6.21,7.18,7.24
28153,14.5,14.2,14.86,14.47,13.68,16.17,16.56
28155,9.3,9.64,11.39,11.19,10.52,12.08,11.94
28157,9.0,10.33,10.76,13.21,12.37,13.44,12.52
28159,9.8,9.12,10.86,11.46,10.36,11.21,10.29
28161,9.6,9.91,10.49,11.92,11.95,12.9,13.34
28163,8.9,8.21,9.92,10.71,9.47,8.91,7.15
29001,12.2,13.01,14.66,14.23,11.91,11.85,9.15
29003,6.2,6.81,9.29,9.38,8.24,8.18,5.94
29005,5.5,6.46,7.25,7.99,6.98,7.19,4.86
29007,9.5,10.3,11.98,11.66,12.36,16.0,17.13
29009,10.9,13.41,13.76,14.35,12.89,13.88,12.06
29011,12.1,12.24,14.8,16.72,13.94,14.12,11.63
29013,22.1,18.89,25.52,25.71,28.02,32.53,34.8
29015,15.3,18.04,18.82,20.14,23.51,29.87,33.34
29017,11.0,11.24,12.4,14.83,12.91,14.07,12.67
29019,10.8,12.6,12.99,13.32,18.14,25.87,29.98
29021,12.9,11.52,13.26,13.61,15.34,18.71,19.8
29023,26.8,21.88,23.24,26.93,33.11,41.14,47.37
29025,11.6,12.68,15.73,16.87,15.6,15.74,13.55
29027,14.1,16.23,17.84,17.89,19.9,24.6,26.35
29029,15.1,18.43,21.28,20.34,21.07,24.37,25.23
29031,12.3,12.94,18.08,14.53,20.56,28.85,35.12
29033,11.1,11.26,13.64,13.83,14.66,16.44,16.21
29035,14.8,16.64,19.34,20.74,19.04,19.76,18.37
29037,13.2,12.88,13.84,15.14,16.49,19.95,20.85
29039,13.7,14.06,18.31,17.36,16.04,17.52,16.42
29041,8.6,8.76,10.06,10.76,10.28,12.29,11.53
29043,13.3,14.14,14.9,18.23,17.32,18.83,18.24
29045,8.0,9.71,10.74,10.42,10.28,12.45,11.95
29047,10.3,14.86,17.57,13.63,13.84,15.53,15.07
29049,12.8,17.24,17.71,16.5,14.66,14.38,11.74
29051,10.2,12.37,15.04,13.4,14.15,17.97,18.51
29053,7.0,7.2,8.28,8.57,8.98,12.34,12.75
29055,21.7,29.32,28.84,28.98,26.56,27.25,24.99
29057,13.6,14.19,16.79,17.9,16.82,18.87,18.05
29059,14.3,14.56,16.41,19.0,18.75,21.75,21.94
29061,7.6,8.31,10.22,11.25,9.86,9.9,7.41
29063,7.7,8.17,9.54,9.63,9.92,11.45,10.69
29065,30.8,26.83,29.96,36.16,30.9,28.6,24.15
29067,8.1,8.57,9.34,11.02,10.15,11.44,10.33
29069,24.4,22.05,18.9,24.15,22.92,23.27,22.54
29071,24.6,24.71,36.24,30.37,37.4,47.44,54.9
29073,18.4,22.9,23.72,24.66,25.59,29.18,30.18
29075,8.7,8.93,11.28,12.88,10.75,9.04,5.62
29077,22.9,29.64,28.69,28.26,26.34,27.01,25.56
29079,10.9,11.82,13.98,12.34,12.92,14.36,13.09
29081,10.9,10.2,12.59,12.2,11.48,11.63,9.33
29083,10.3,11.7,13.35,13.39,13.73,16.54,16.7
29085,16.4,18.73,22.35,22.79,20.94,21.82,20.6
29087,6.1,6.62,7.65,8.22,7.78,8.4,6.68
29089,6.1,6.49,7.87,8.14,8.34,11.04,10.96
29091,15.6,14.31,16.53,18.21,17.01,18.17,16.66
29093,24.0,24.44,28.4,33.88,28.8,26.05,21.14
29095,16.1,18.24,17.72,17.77,19.74,23.52,25.1
29097,15.1,10.93,13.24,14.73,13.69,14.63,13.21
29099,30.8,29.09,41.6,39.26,48.19,59.4,68.78
29101,5.7,6.24,8.05,7.44,7.84,11.16,11.61
29103,8.5,9.34,11.16,11.36,10.91,12.66,11.7
29105,9.6,12.21,12.9,11.87,17.25,25.43,31.03
29107,9.6,10.7,11.83,12.57,12.94,15.12,15.03
29109,14.2,17.88,17.82,18.98,15.85,15.3,12.26
29111,9.1,10.67,13.15,12.2,13.6,17.21,18.56
29113,19.5,22.72,26.42,25.28,30.79,38.98,45.23
29115,8.2,8.17,9.47,10.09,10.34,12.48,11.83
29117,14.5,17.93,18.03,16.31,16.85,19.08,18.54
29119,11.6,12.4,13.34,15.22,13.25,13.94,11.52
29121,7.1,8.02,9.15,9.92,8.96,10.21,9.46
29123,20.1,23.21,24.58,28.39,26.27,26.98,25.43
29125,18.5,19.14,22.49,25.53,26.9,31.34,32.84
29127,14.4,17.61,20.97,20.14,19.5,20.93,20.22
29129,7.3,7.93,9.17,9.73,9.29,10.08,8.63
29131,11.9,11.3,12.06,14.48,14.73,17.78,18.4
29133,9.2,11.99,14.34,14.57,14.66,16.44,16.71
29135,5.5,5.94,6.83,7.19,7.92,11.73,12.03
29137,9.8,10.66,11.49,12.14,11.84,13.83,13.35
29139,19.1,20.9,22.94,20.55,20.83,24.42,25.36
29141,11.8,9.83,11.97,12.2,12.58,15.89,16.3
29143,12.8,15.33,18.67,19.65,22.7,27.04,30.14
29145,10.3,12.65,12.83,15.43,16.97,21.11,22.67
29147,4.5,4.71,5.28,6.31,5.54,5.96,4.07
29149,10.8,11.81,13.89,13.09,12.4,14.05,13.37
29151,10.7,10.83,11.86,13.03,14.87,19.52,21.16
29153,13.2,15.69,16.31,18.52,18.34,20.3,19.75
29155,17.9,19.08,20.48,22.01,20.29,20.14,19.09
29157,13.4,12.55,18.27,18.05,17.07,18.79,18.54
29159,9.1,10.16,14.01,12.01,13.88,18.17,19.32
29161,17.6,18.11,23.28,29.86,25.02,23.03,18.5
29163,11.6,13.36,13.68,14.74,15.87,19.66,21.27
29165,10.2,11.56,12.46,12.3,12.34,13.8,12.89
29167,15.0,17.59,23.58,24.44,21.03,20.55,17.93
29169,19.3,23.1,27.91,25.13,25.94,29.92,31.29
29171,7.8,8.4,9.72,10.56,10.0,11.19,9.64
29173,8.8,10.34,11.74,12.87,12.05,13.61,12.98
29175,10.6,10.35,10.39,10.94,11.16,13.73,13.57
29177,12.0,11.01,16.23,15.37,14.23,14.13,12.17
29179,17.4,20.65,21.61,25.71,23.18,22.96,20.57
29181,14.5,15.61,19.18,19.22,18.52,20.12,19.61
29183,17.3,17.22,21.52,23.31,28.01,35.04,39.95
29185,7.5,8.18,9.71,10.42,9.73,11.63,11.07
29186,18.8,19.56,21.84,25.25,26.75,30.57,32.6
29187,40.1,32.91,35.44,33.48,34.52,37.85,39.53
29189,18.8,16.78,27.8,29.79,35.39,43.14,49.22
29195,12.6,10.73,13.51,15.07,13.07,13.71,11.3
29197,6.9,7.9,9.25,9.27,9.15,11.34,11.0
29199,7.3,8.04,9.16,9.71,9.39,11.16,10.23
29201,14.4,18.65,20.31,19.7,17.47,17.59,15.86
29203,11.7,13.32,13.91,14.75,13.72,14.84,13.81
29205,11.6,11.43,12.05,13.41,13.69,16.17,15.84
29207,11.7,14.24,14.34,15.75,19.05,24.99,29.2
29209,16.2,16.15,21.9,19.72,20.66,23.49,24.2
29211,9.4,9.75,10.93,12.22,12.56,14.62,13.96
29213,13.6,12.59,17.32,24.19,19.21,16.64,11.59
29215,11.7,13.73,17.05,16.81,15.86,18.11,17.23
29217,12.9,12.38,14.24,17.84,16.81,18.35,16.94
29219,22.1,26.05,23.99,27.44,35.41,46.24,54.54
29221,28.6,29.97,28.03,32.45,31.45,33.12,32.38
29223,27.6,22.55,24.13,24.82,24.74,26.81,26.9
29225,17.1,22.71,18.23,22.69,22.61,24.85,24.52
29227,7.2,7.83,9.1,10.26,9.26,8.89,6.54
29229,8.4,9.85,11.45,13.06,12.09,13.36,11.91
29510,37.3,34.23,57.03,65.31,70.47,77.76,83.13
30001,10.0,11.5,11.85,12.36,12.59,12.18,11.63
30003,10.8,10.61,13.08,12.1,12.06,11.75,10.64
30005,9.2,9.44,11.92,11.58,11.72,12.03,9.24
30007,8.7,9.04,10.0,10.9,10.33,8.82,7.11
30009,11.9,15.23,14.75,15.61,15.79,15.81,15.29
30011,7.2,7.75,8.98,9.61,9.2,8.07,5.42
30013,9.7,13.35,12.52,15.2,13.01,10.38,7.75
30015,9.5,10.5,11.11,11.91,12.01,12.57,11.32
30017,11.9,11.59,12.97,13.87,12.66,11.41,8.12
30019,12.5,12.8,15.51,15.72,15.05,15.32,13.7
30021,8.4,7.82,8.65,9.75,8.96,7.2,3.35
30023,21.9,23.46,27.85,28.39,24.73,19.9,15.36
30025,6.4,6.97,7.89,8.44,8.19,7.35,4.72
30027,9.7,11.12,13.31,14.27,13.11,11.94,9.84
30029,13.1,13.33,16.87,16.6,13.13,8.08,2.9
30031,6.6,7.2,6.82,8.9,8.91,8.11,7.02
30033,6.7,7.4,8.48,9.12,8.62,7.68,5.76
30035,15.9,16.34,16.5,18.18,19.44,19.99,20.02
30037,8.8,9.65,10.84,11.79,11.33,10.1,8.19
30039,10.7,11.68,14.07,14.53,13.55,10.96,8.67
30041,13.4,15.17,15.42,15.53,16.53,16.85,15.45
30043,11.9,12.86,13.74,16.01,16.4,15.13,13.98
30045,8.1,8.97,10.08,10.93,10.32,9.72,8.47
30047,19.5,21.54,20.1,22.59,18.57,13.67,8.36
30049,10.8,14.24,14.28,14.93,12.74,9.28,6.51
30051,8.5,9.34,10.64,11.29,10.93,9.98,8.01
30053,10.9,13.15,14.79,15.74,13.57,8.88,4.85
30055,7.7,8.29,9.56,10.39,9.8,8.65,6.8
30057,10.7,11.04,13.88,13.36,14.34,14.42,13.95
30059,9.2,9.54,10.61,11.62,10.99,9.95,8.49
30061,20.2,20.78,23.17,25.06,22.77,19.18,15.44
30063,13.2,15.05,14.23,13.43,16.23,17.82,18.64
30065,8.5,9.91,11.12,11.47,11.41,11.58,11.11
30067,16.9,17.32,18.18,19.37,20.55,21.22,21.35
30069,7.5,8.24,9.44,10.2,9.66,9.75,8.8
30071,6.2,6.69,7.77,8.26,7.95,7.59,5.76
30073,9.6,10.48,11.35,11.93,12.09,11.27,10.32
30075,8.8,8.99,10.31,11.11,10.47,10.16,7.61
30077,20.7,19.27,21.4,26.42,23.41,18.73,14.39
30079,7.8,8.52,9.82,10.53,10.09,8.74,5.1
30081,10.5,11.79,13.53,14.84,13.92,11.79,9.03
30083,10.7,12.93,13.98,15.89,15.34,14.28,11.56
30085,15.9,15.46,16.42,18.3,18.6,19.14,18.26
30087,7.1,7.66,8.76,9.37,9.01,8.51,6.3
30089,10.8,12.47,13.38,15.16,13.39,9.9,6.66
30091,11.0,11.97,14.51,14.84,14.91,15.81,14.64
30093,20.4,20.82,23.58,19.86,20.87,20.11,19.57
30095,8.4,9.49,9.79,11.03,10.78,10.49,9.38
30097,9.1,10.46,12.55,12.36,12.45,12.04,11.13
30099,11.6,11.38,14.78,14.67,13.03,10.89,8.58
30101,9.5,10.37,13.16,12.9,12.27,10.59,8.37
30103,8.7,9.48,10.87,11.67,11.2,11.05,9.69
30105,7.1,7.29,8.3,8.91,9.08,9.4,8.08
30107,9.4,10.22,11.74,12.56,12.75,12.23,11.08
30109,7.7,8.32,10.17,10.48,9.94,8.7,5.95
30111,13.9,16.88,15.06,16.83,17.71,18.45,18.63
31001,3.9,5.14,5.08,5.77,5.25,6.07,2.11
31003,3.3,3.63,4.09,4.39,4.1,6.49,5.51
31005,5.8,6.36,7.18,7.76,7.4,9.03,7.63
31007,8.2,9.03,10.11,11.06,10.74,11.5,9.78
31009,4.6,5.0,5.73,6.12,5.82,7.56,5.78
31011,3.9,4.55,5.03,5.35,5.0,6.14,4.02
31013,8.9,8.73,10.2,11.09,10.11,10.69,9.36
31015,4.3,4.72,5.33,5.65,5.43,7.58,6.24
31017,4.7,5.05,5.85,6.32,6.01,7.94,6.05
31019,5.7,5.82,6.2,8.26,6.51,6.39,1.86
31021,6.0,6.82,7.39,8.01,7.11,8.5,6.86
31023,3.7,4.23,4.73,5.14,5.07,6.23,3.69
31025,6.3,8.21,7.56,8.11,8.33,9.94,8.57
31027,3.9,4.42,5.13,5.49,4.84,6.57,5.33
31029,4.9,5.33,6.11,6.62,6.3,7.65,5.17
31031,5.1,5.31,6.06,6.51,6.52,8.11,6.66
31033,7.7,9.85,10.3,11.36,10.01,9.72,6.64
31035,3.6,3.97,4.52,4.88,4.83,5.71,2.3
31037,3.6,3.85,5.03,4.93,4.63,5.93,3.42
31039,4.4,5.03,5.51,5.85,5.57,7.24,5.98
31041,4.6,4.98,5.88,6.14,6.49,8.32,6.53
31043,4.5,4.41,5.26,5.57,4.99,6.31,4.77
31045,8.1,9.21,11.22,10.82,10.34,10.87,8.93
31047,4.1,4.2,4.58,5.21,4.62,5.94,2.85
31049,7.0,7.79,8.81,9.39,9.06,11.12,9.49
31051,3.6,3.97,4.53,4.87,4.54,6.45,5.49
31053,5.2,5.09,7.21,7.18,6.29,6.44,3.54
31055,8.9,8.74,8.91,10.8,9.18,8.61,5.17
31057,6.0,6.59,7.47,8.03,7.71,8.53,5.42
31059,4.2,4.79,5.23,5.68,5.2,6.03,2.76
31061,5.7,6.23,7.38,7.6,7.6,9.47,5.69
31063,4.5,4.89,5.59,6.1,5.71,6.63,3.73
31065,5.8,6.33,7.24,9.19,7.54,7.34,2.63
31067,6.1,6.57,7.07,7.2,7.2,8.77,7.39
31069,6.6,7.61,8.25,8.94,8.48,10.14,8.94
31071,5.9,6.47,7.38,8.8,8.15,9.71,7.58
31073,4.2,4.54,5.25,5.8,5.28,6.67,3.41
31075,5.3,5.79,6.58,7.24,6.79,8.04,6.93
31077,4.9,5.39,6.03,6.58,6.3,7.76,5.47
31079,4.3,4.3,5.59,5.61,4.97,5.8,2.35
31081,3.8,4.03,4.53,5.08,4.51,5.34,1.93
31083,5.1,5.9,6.55,6.98,6.49,8.23,4.61
31085,6.0,6.47,7.5,8.1,7.72,8.88,5.81
31087,7.0,7.64,8.81,9.59,9.01,9.74,6.2
31089,3.5,4.51,4.41,4.63,4.44,6.38,4.75
31091,4.9,5.37,6.15,6.63,6.31,7.77,6.05
31093,5.0,5.34,6.16,6.74,6.43,7.63,5.06
31095,5.4,5.35,5.91,6.67,6.11,6.55,3.71
31097,6.8,7.06,7.87,8.54,8.19,9.59,7.69
31099,5.5,5.78,6.4,7.48,7.0,8.53,4.69
31101,6.9,7.56,9.0,9.3,9.33,11.54,10.57
31103,5.2,5.7,6.53,6.98,6.71,8.62,6.72
31105,9.6,11.05,11.95,13.52,12.38,12.5,9.73
31107,3.7,4.0,4.65,5.03,4.73,6.77,5.29
31109,7.7,7.67,7.72,7.82,9.12,11.35,10.31
31111,7.5,6.66,6.62,7.71,8.29,10.49,9.03
31113,4.7,5.04,5.86,6.34,6.06,7.61,5.43
31115,4.7,5.16,5.84,6.34,5.99,8.04,6.15
31117,5.2,5.65,6.47,7.06,6.72,8.54,6.36
31119,4.1,4.21,5.68,5.7,4.94,6.4,4.39
31121,7.3,7.92,8.54,9.05,9.65,11.62,9.6
31123,7.2,7.99,8.98,9.71,9.37,10.62,9.27
31125,5.0,5.25,5.83,6.46,6.25,6.93,4.15
31127,8.2,9.47,9.62,10.85,9.91,10.54,7.9
31129,4.4,4.86,5.54,5.95,5.7,6.57,3.08
31131,5.3,6.5,6.57,7.12,7.12,8.33,6.32
31133,6.3,6.84,7.82,8.5,8.1,9.5,8.02
31135,6.6,7.17,8.15,8.83,8.47,10.02,8.17
31137,5.0,5.44,6.58,7.92,6.54,7.03,2.59
31139,3.7,3.78,4.37,4.67,4.72,6.54,5.1
31141,4.2,4.22,4.89,5.74,6.12,8.14,6.49
31143,4.4,4.78,5.4,5.91,5.58,6.5,3.74
31145,7.3,7.58,8.92,10.21,9.77,10.62,7.1
31147,7.9,8.98,9.78,10.61,10.35,11.47,10.13
31149,4.6,5.05,5.77,6.19,5.88,7.83,5.73
31151,3.9,4.24,5.11,5.22,5.02,6.56,4.26
31153,5.8,5.8,7.44,7.35,8.05,9.98,9.05
31155,4.3,4.72,5.32,5.69,5.41,6.13,4.03
31157,6.5,8.14,8.39,8.95,11.74,15.46,17.37
31159,4.5,5.34,5.68,6.26,6.3,7.89,5.58
31161,5.8,6.5,7.37,8.3,7.52,7.99,6.4
31163,4.3,4.72,5.36,5.77,5.5,6.52,3.89
31165,7.8,8.55,9.73,10.37,10.19,10.04,7.95
31167,4.1,4.49,5.26,5.78,5.25,7.38,6.17
31169,4.2,4.85,5.23,5.97,5.43,5.85,2.46
31171,4.7,5.13,5.85,6.3,5.98,7.67,5.95
31173,5.9,6.06,7.28,7.88,7.13,8.21,6.43
31175,4.9,5.25,6.07,6.53,6.14,8.05,6.03
31177,3.7,4.02,4.63,4.95,4.76,5.92,4.73
31179,3.3,3.61,4.36,4.43,4.21,6.0,4.92
31181,5.1,5.64,7.13,7.01,6.66,7.55,3.47
31183,4.8,4.96,5.57,6.11,5.84,7.55,5.4
31185,5.5,6.36,7.52,9.06,7.34,7.01,2.18
32001,24.9,27.84,26.97,29.47,31.7,34.43,36.55
32003,19.7,21.27,22.52,21.62,22.23,21.0,20.31
32005,20.4,21.15,23.15,22.51,20.27,19.08,16.38
32007,11.5,13.37,13.07,14.78,14.86,15.62,13.78
32009,14.3,15.71,18.03,19.16,18.74,16.64,14.45
32011,13.9,15.21,17.34,18.63,17.77,16.96,14.31
32013,13.3,14.42,17.01,18.2,19.34,22.0,22.88
32015,19.7,21.4,25.48,26.07,26.51,27.33,26.27
32017,15.7,17.2,24.36,21.11,21.03,20.99,20.0
32019,18.2,19.84,21.67,28.3,26.43,26.24,24.66
32021,21.6,26.34,29.92,30.41,30.78,30.98,30.75
32023,27.1,34.57,37.18,38.21,41.43,43.36,46.49
32027,16.7,19.18,20.76,23.34,22.52,22.64,22.15
32029,19.0,24.63,23.7,25.89,25.01,25.29,24.33
32031,19.1,21.67,24.2,27.79,24.23,21.83,18.13
32033,25.6,24.87,29.32,33.03,27.37,22.8,15.82
32510,22.7,35.68,29.13,34.14,31.45,30.03,27.01
33001,20.6,28.82,30.01,36.48,39.74,43.89,46.9
33003,19.0,25.87,28.07,29.87,25.05,21.22,16.05
33005,18.9,16.49,23.98,26.95,34.1,42.43,49.83
33007,25.2,28.1,26.31,29.29,25.11,21.36,15.89
33009,13.9,16.02,16.08,19.96,16.08,13.2,8.84
33011,26.2,37.18,45.43,42.69,38.44,34.8,30.5
33013,24.3,23.46,25.03,25.43,30.37,35.72,40.25
33015,22.2,29.09,32.34,30.55,27.29,24.82,20.93
33017,31.0,30.82,36.43,37.81,34.49,32.11,28.21
33019,14.6,16.99,21.07,16.91,20.15,24.02,26.98
34001,23.2,24.4,36.05,48.43,53.81,60.78,65.59
34003,9.5,10.63,13.28,15.58,16.96,20.57,22.43
34005,16.4,20.12,25.22,36.87,39.31,43.85,46.37
34007,25.8,30.33,37.5,54.12,56.82,60.88,63.27
34009,20.4,25.19,32.93,47.63,47.9,49.86,49.82
34011,19.1,19.5,31.94,46.11,59.66,75.08,87.84
34013,12.3,14.54,23.6,32.14,33.95,38.09,40.41
34015,23.0,26.5,34.25,47.28,52.64,60.04,65.33
34017,8.3,11.71,15.49,19.09,21.09,25.38,27.81
34019,10.4,11.96,15.16,18.0,13.48,11.75,7.83
34021,12.0,15.32,17.08,25.2,30.64,38.47,44.46
34023,13.8,12.65,20.04,25.01,23.41,24.37,23.51
34025,17.0,18.23,24.77,29.48,33.38,39.87,44.57
34027,10.6,10.69,15.6,20.07,18.42,19.28,18.61
34029,22.1,24.4,37.64,36.74,39.05,44.05,46.81
34031,10.5,12.91,17.75,21.67,26.06,32.75,37.32
34033,20.5,27.49,31.07,34.09,54.44,76.67,96.19
34035,9.9,10.47,14.72,18.87,15.05,13.89,10.89
34037,12.0,18.42,24.79,24.8,26.46,30.33,32.39
34039,8.9,11.33,15.36,20.48,23.18,28.4,31.71
34041,15.7,18.99,24.23,30.63,28.77,29.91,28.78
35001,29.4,29.41,28.95,27.55,28.83,30.04,27.62
35003,24.5,25.16,26.79,28.52,29.27,28.82,26.45
35005,17.2,19.81,23.93,31.82,24.32,17.96,8.33
35006,17.7,15.64,24.58,18.13,21.33,24.74,24.47
35007,24.5,25.47,35.31,33.22,33.51,34.35,32.36
35009,15.3,15.16,18.79,17.55,17.88,19.28,17.61
35011,18.0,18.65,21.25,23.95,21.45,19.9,14.67
35013,17.1,18.4,15.36,17.89,17.17,14.61,11.58
35015,26.0,28.55,22.79,27.84,33.09,39.04,42.93
35017,28.4,31.32,31.79,38.56,33.49,27.67,20.61
35019,27.9,31.88,38.5,39.09,33.49,29.12,21.01
35021,15.5,17.0,19.35,20.68,19.89,19.69,15.72
35023,22.8,19.94,24.45,25.46,25.4,24.89,23.99
35025,16.3,17.03,20.08,20.3,20.69,22.54,21.37
35027,31.8,25.03,42.9,33.88,31.68,28.84,24.49
35028,15.4,16.39,19.38,23.19,20.44,18.45,12.96
35029,14.6,14.95,18.17,20.6,22.72,24.28,25.69
35031,13.0,13.06,14.49,13.37,18.01,22.62,24.83
35033,24.2,24.64,28.44,29.68,30.54,32.07,30.21
35035,22.2,21.68,22.22,22.32,21.98,20.84,18.31
35037,21.6,27.34,25.38,26.64,25.6,25.01,20.76
35039,87.9,72.8,78.41,79.49,79.76,80.79,78.61
35041,13.2,14.93,16.24,17.03,15.02,13.96,9.82
35043,22.8,18.38,17.9,20.9,22.62,24.48,22.8
35045,16.8,15.4,17.1,20.08,18.56,17.01,12.61
35047,36.1,33.32,45.11,42.21,39.65,37.38,31.57
35049,29.9,31.52,32.5,27.21,28.12,29.21,27.03
35051,30.4,34.21,34.71,35.02,46.96,58.33,67.98
35053,25.6,24.79,26.68,26.77,31.08,34.81,35.58
35055,26.7,30.74,29.22,29.73,32.11,35.34,35.32
35057,32.6,30.19,33.64,39.94,39.21,38.52,34.37
35059,12.7,13.15,14.82,15.82,15.26,15.2,11.59
35061,27.2,22.16,28.46,37.7,35.52,32.91,26.83
36001,11.7,12.11,11.84,15.19,15.47,17.05,17.47
36003,7.2,7.67,8.97,9.99,10.89,14.83,17.73
36005,10.3,14.71,21.32,24.02,26.45,31.09,33.85
36007,17.3,17.81,31.05,30.67,21.89,15.66,7.68
36009,9.2,14.93,18.0,15.83,13.59,14.3,13.67
36011,12.4,17.13,19.13,22.53,18.92,17.9,15.12
36013,13.3,17.59,22.78,26.02,19.52,16.93,12.45
36015,13.3,15.73,21.51,26.18,21.78,19.68,16.23
36017,10.7,10.55,12.34,12.13,10.62,11.44,10.57
36019,10.8,11.3,12.5,15.7,12.09,9.13,4.74
36021,12.8,13.4,17.64,22.2,17.45,14.39,10.06
36023,10.6,13.83,15.08,18.61,13.76,11.49,7.84
36025,11.3,13.53,18.76,16.67,19.72,24.86,28.01
36027,16.1,20.6,22.29,28.15,29.63,32.96,34.74
36029,15.6,27.73,31.19,29.7,22.94,19.41,14.95
36031,9.3,12.01,13.15,11.7,11.71,12.51,12.14
36033,8.6,11.09,9.96,10.91,11.17,12.27,12.14
36035,8.9,10.4,12.09,12.13,13.2,15.83,17.33
36037,10.0,14.63,19.44,19.53,23.68,31.64,38.4
36039,18.3,18.88,22.23,24.11,24.57,26.27,27.07
36041,7.9,8.14,9.78,10.02,9.39,9.24,7.99
36043,8.0,9.38,12.13,11.97,11.87,13.09,13.17
36045,12.4,12.27,18.14,17.6,12.81,10.61,7.01
36047,8.6,9.73,13.42,14.5,12.6,12.95,11.27
36049,10.5,10.25,13.52,20.09,14.66,10.91,6.08
36051,8.0,9.74,12.98,13.97,18.82,27.31,34.18
36053,12.6,11.79,15.92,12.3,13.89,17.24,19.12
36055,14.5,13.83,17.12,25.11,28.82,36.56,42.31
36057,9.1,11.54,13.76,13.44,14.81,17.86,19.49
36059,12.5,14.46,16.04,16.95,14.03,13.08,10.27
36061,10.4,11.25,16.31,16.91,17.44,20.25,21.38
36063,15.9,22.14,22.8,21.73,21.53,25.24,27.7
36065,15.4,15.67,21.82,22.45,18.43,15.57,11.97
36067,16.0,19.51,28.75,21.64,20.88,22.09,21.73
36069,11.0,10.62,14.67,16.76,16.91,20.59,22.65
36071,17.5,18.58,21.02,24.36,29.3,35.91,40.77
36073,7.9,8.17,10.21,9.14,11.34,17.96,23.26
36075,14.5,17.79,20.17,19.48,17.1,17.1,15.14
36077,11.6,12.45,16.43,14.84,14.12,15.09,14.37
36079,14.4,16.46,19.77,25.92,22.04,20.04,16.32
36081,6.7,7.61,11.49,12.45,11.63,13.05,12.56
36083,7.7,10.93,9.93,12.46,12.99,14.79,15.52
36085,17.9,18.44,25.64,25.84,25.75,28.18,28.64
36087,7.3,10.37,12.77,13.08,12.28,13.3,12.92
36089,9.2,10.17,12.49,12.77,9.69,8.48,6.05
36091,9.2,9.16,7.95,8.91,10.91,14.08,16.0
36093,8.0,10.52,16.49,20.6,17.47,15.62,12.53
36095,6.6,8.06,10.29,10.2,10.29,11.69,11.94
36097,7.5,9.42,9.93,10.8,10.01,12.15,12.4
36099,9.9,11.87,11.83,11.98,13.85,18.74,21.91
36101,10.9,9.55,14.4,14.91,12.47,13.1,11.84
36103,17.2,18.63,24.92,30.99,26.69,24.15,19.92
36105,25.5,26.24,27.33,36.17,39.12,43.81,46.46
36107,15.6,13.42,15.7,16.47,13.64,13.15,11.01
36109,12.1,12.59,16.56,17.92,14.36,13.43,11.27
36111,13.1,17.15,27.27,28.16,31.48,36.66,40.09
36113,8.2,8.77,10.1,10.36,10.1,10.77,10.09
36115,6.7,6.58,7.8,9.79,9.75,10.83,10.24
36117,8.1,8.98,11.18,11.4,16.04,23.89,30.19
36119,9.6,11.62,14.64,14.95,16.04,18.95,20.42
36121,7.2,9.48,11.92,13.92,12.01,13.55,14.29
36123,8.0,9.08,10.41,13.11,11.12,12.04,11.04
37001,13.8,12.91,14.45,24.2,22.31,22.42,20.01
37003,19.7,26.69,25.22,22.81,21.15,21.57,19.24
37005,16.9,18.88,20.63,22.51,19.6,19.76,17.83
37007,11.6,13.4,14.36,16.25,17.4,19.96,19.87
37009,17.4,17.94,20.33,20.38,19.77,22.23,22.63
37011,16.6,21.05,24.16,21.69,23.29,26.66,28.55
37013,16.0,18.21,20.82,30.66,25.97,22.69,17.61
37015,9.1,11.02,14.25,15.2,13.21,12.57,10.02
37017,21.9,18.96,19.53,22.31,24.44,27.77,28.8
37019,20.5,25.61,31.65,36.46,25.36,15.23,2.92
37021,16.5,17.35,23.08,37.98,35.69,33.57,30.97
37023,29.9,36.75,33.14,32.47,26.99,22.86,17.57
37025,14.8,16.68,20.69,30.2,25.33,22.37,16.65
37027,21.5,30.58,30.65,25.92,24.86,25.88,24.91
37029,13.5,17.86,18.37,21.14,18.43,17.83,14.87
37031,25.8,28.47,29.82,30.62,32.36,36.12,37.5
37033,12.6,13.88,16.74,21.52,20.11,20.34,18.78
37035,19.6,19.64,24.92,25.62,21.08,17.97,12.91
37037,10.5,9.11,9.52,13.85,14.03,15.88,15.74
37039,25.5,26.14,31.81,34.21,32.11,30.73,28.07
37041,10.9,13.76,15.01,18.09,15.07,13.64,9.87
37043,24.1,22.76,29.55,30.84,28.15,26.23,22.86
37045,17.0,24.46,21.28,17.93,17.17,17.47,16.01
37047,19.5,18.47,26.94,25.21,22.12,20.49,16.17
37049,19.1,25.47,30.85,35.25,30.9,27.67,22.8
37051,13.6,15.65,18.29,28.69,25.49,24.02,19.72
37053,15.0,17.81,20.36,24.65,21.92,20.89,18.12
37055,24.9,22.56,23.37,34.55,35.31,37.28,38.04
37057,20.2,19.2,25.3,31.84,27.48,24.43,18.96
37059,16.8,16.37,27.9,24.09,21.43,20.54,17.32
37061,9.4,10.13,10.18,10.84,11.5,13.68,13.72
37063,9.3,9.39,11.36,15.23,15.89,18.56,18.4
37065,14.6,15.7,19.85,20.17,20.78,23.2,23.38
37067,15.9,18.2,21.82,23.05,25.39,29.25,30.88
37069,12.4,14.18,17.82,18.59,23.6,30.23,34.58
37071,21.8,22.11,30.09,26.84,22.75,19.79,14.56
37073,11.5,14.69,16.68,18.03,15.66,14.86,11.4
37075,21.2,26.66,28.11,29.74,26.71,24.55,21.32
37077,13.3,12.4,16.12,18.34,15.48,14.43,10.46
37079,11.3,11.18,13.09,14.35,13.16,13.68,11.73
37081,10.9,12.88,18.24,22.74,21.82,22.73,21.59
37083,14.3,18.09,19.14,16.26,21.58,28.81,34.07
37085,13.0,14.34,15.48,23.2,20.24,19.2,15.53
37087,18.6,22.7,25.21,31.09,31.11,31.75,31.29
37089,15.3,19.44,18.94,28.0,20.68,13.52,5.89
37091,9.3,10.29,12.67,14.22,14.21,16.09,15.66
37093,11.9,11.84,13.21,15.28,15.72,17.23,16.06
37095,15.9,17.23,21.77,25.51,21.9,19.87,15.55
37097,16.0,16.23,22.11,22.71,18.29,15.32,9.77
37099,18.4,19.94,29.76,30.75,31.21,31.77,31.28
37101,10.5,14.19,13.29,17.95,14.67,13.54,9.27
37103,15.9,19.36,24.24,27.74,21.76,17.02,10.36
37105,14.2,17.1,18.25,26.93,21.8,18.67,13.27
37107,11.3,15.08,14.71,22.75,14.99,8.61,0.05
37109,15.2,15.57,22.72,18.41,21.19,25.55,27.36
37111,17.2,20.92,30.87,30.78,24.34,18.46,12.0
37113,18.0,22.24,24.49,27.18,23.32,19.95,15.31
37115,17.0,20.27,18.63,21.66,18.15,15.48,12.26
37117,13.6,15.2,15.97,21.18,21.88,24.2,24.45
37119,10.7,10.89,15.72,18.35,17.86,19.1,17.65
37121,24.3,29.61,30.05,29.49,30.55,33.18,34.41
37123,10.0,12.81,12.14,17.68,15.8,15.5,13.12
37125,13.8,14.72,16.46,18.19,12.96,9.18,3.18
37127,12.0,15.24,21.2,17.66,22.95,29.88,34.79
37129,20.2,24.59,30.45,35.91,34.22,33.74,31.33
37131,9.6,10.61,11.77,13.48,14.56,17.31,18.08
37133,12.2,13.02,19.97,19.1,21.72,25.91,28.1
37135,8.4,9.21,12.14,12.64,14.98,18.92,20.66
37137,23.9,26.05,26.48,33.3,30.8,30.15,27.76
37139,13.0,15.09,17.74,20.77,20.52,22.25,21.7
37141,13.6,21.65,25.9,24.68,22.71,21.85,19.08
37143,13.3,16.09,16.7,17.04,16.38,17.71,16.66
37145,13.1,15.11,15.18,19.17,25.7,34.18,40.62
37147,15.4,12.89,15.66,25.04,19.86,15.47,9.67
37149,17.2,20.04,23.18,27.9,24.43,21.69,17.62
37151,16.6,23.03,25.61,35.34,30.61,27.18,22.04
37153,23.2,26.21,22.04,23.8,21.79,20.83,17.64
37155,16.8,15.11,16.64,19.31,20.98,23.35,23.49
37157,15.3,18.25,26.13,27.99,30.36,34.4,36.56
37159,23.2,26.34,31.21,45.27,33.03,22.31,8.75
37161,20.9,29.78,28.27,31.27,27.15,23.38,18.87
37163,21.1,16.75,19.63,19.53,21.34,25.02,26.46
37165,16.4,18.91,18.53,18.24,18.02,18.87,16.92
37167,16.5,21.88,20.85,30.4,32.42,35.91,37.49
37169,19.0,25.1,31.0,37.23,33.58,32.35,28.66
37171,20.8,20.41,23.67,28.12,32.81,40.26,45.0
37173,23.6,26.85,28.86,37.25,35.56,34.33,31.71
37175,18.7,19.99,24.17,26.52,20.94,15.8,9.9
37177,14.7,15.08,18.93,19.07,18.46,19.72,18.71
37179,9.9,11.24,12.05,14.48,14.25,15.95,14.64
37181,15.6,17.82,19.88,25.82,22.88,21.63,17.96
37183,8.3,8.97,11.93,14.12,12.38,12.36,9.9
37185,8.7,9.75,11.29,11.13,12.29,15.28,16.09
37187,9.2,10.18,12.18,12.83,11.47,11.81,10.08
37189,11.2,14.28,14.57,12.88,13.45,16.59,17.66
37191,10.3,11.89,15.69,17.96,19.11,22.45,23.4
37193,39.3,38.5,41.86,34.89,33.93,35.69,35.18
37195,10.3,11.89,15.51,16.44,15.33,16.06,14.39
37197,26.3,21.35,23.68,25.39,30.56,38.13,43.62
37199,29.2,28.14,29.07,29.32,29.61,31.33,31.69
38001,5.1,5.67,6.35,6.82,6.48,6.44,5.07
38003,5.0,5.22,5.87,6.27,6.7,8.13,6.78
38005,11.7,13.35,14.32,16.21,15.78,16.41,14.1
38007,6.5,7.19,8.21,8.6,8.28,8.16,6.68
38009,5.4,5.92,7.49,7.24,6.92,7.33,5.64
38011,5.5,6.02,6.8,7.3,6.94,6.68,5.02
38013,5.5,6.03,6.88,7.5,7.04,7.66,5.7
38015,4.8,6.61,7.56,7.94,6.94,7.04,5.12
38017,6.5,6.24,10.34,8.58,9.17,10.37,9.22
38019,5.6,6.15,6.94,7.52,7.1,7.05,5.64
38021,3.7,4.04,4.87,5.03,4.68,5.7,3.73
38023,7.0,7.61,8.71,9.43,8.82,9.38,7.89
38025,6.2,7.25,8.2,8.44,8.05,7.97,6.34
38027,4.5,4.97,5.61,6.06,5.73,5.97,3.79
38029,7.1,7.11,8.27,8.52,8.45,9.82,9.04
38031,3.4,3.74,4.33,4.6,4.4,4.93,3.1
38033,6.4,7.02,8.53,8.67,8.3,7.58,5.44
38035,7.7,7.59,9.22,9.21,9.12,8.88,7.12
38037,5.2,5.71,6.5,7.07,6.65,7.32,5.78
38039,4.0,4.28,5.0,5.32,5.04,5.52,3.96
38041,4.8,5.32,6.09,6.48,6.18,6.89,5.22
38043,4.2,4.6,5.21,5.71,5.34,7.11,6.04
38045,3.7,4.02,4.64,5.05,4.72,5.19,3.11
38047,3.9,4.2,4.8,5.18,4.98,6.57,5.38
38049,4.4,4.83,5.49,6.25,5.72,6.26,4.13
38051,4.5,4.61,5.15,5.6,5.39,6.4,4.93
38053,11.2,12.69,11.65,12.38,14.15,15.6,15.73
38055,5.7,7.04,7.5,8.5,7.43,7.51,5.13
38057,5.4,5.96,6.36,6.79,6.77,7.91,7.17
38059,5.8,6.11,7.7,7.95,8.22,9.47,8.95
38061,8.3,10.62,10.26,12.88,11.3,9.95,7.09
38063,5.3,5.81,7.05,7.27,6.85,6.58,4.64
38065,5.1,5.64,6.34,6.8,6.53,7.23,6.29
38067,6.3,6.85,7.82,7.93,7.91,7.65,6.8
38069,5.0,5.55,6.7,6.91,6.49,7.2,5.78
38071,6.4,7.38,7.64,8.51,8.57,9.54,7.96
38073,5.1,5.49,6.69,6.75,6.56,7.13,4.87
38075,5.1,5.66,6.75,6.94,6.67,6.35,3.94
38077,5.6,7.48,7.47,7.77,7.17,7.62,5.2
38079,7.2,8.76,9.47,10.05,9.65,10.36,9.04
38081,4.3,4.73,5.69,5.8,5.53,6.26,4.02
38083,4.5,4.97,5.7,6.12,5.76,6.97,4.96
38085,9.1,11.1,11.43,13.59,11.8,11.28,8.72
38087,5.8,6.32,7.27,7.78,7.44,7.19,5.35
38089,7.7,9.14,11.4,11.19,10.76,10.75,9.07
38091,5.4,5.91,6.83,7.24,7.07,6.59,4.59
38093,4.1,4.6,5.08,6.01,5.26,5.87,3.8
38095,6.9,7.58,8.56,9.76,8.88,8.96,6.61
38097,5.7,6.28,7.64,8.11,7.39,6.58,3.94
38099,5.2,5.72,6.87,7.77,7.16,6.58,4.65
38101,4.8,5.61,5.5,6.44,6.95,8.1,6.82
38103,4.0,4.32,4.87,5.33,5.14,5.81,3.59
38105,8.9,9.96,11.05,14.26,11.72,8.88,4.36
39001,33.3,39.94,41.02,50.25,40.64,33.39,24.64
39003,13.0,16.46,22.85,30.64,17.28,7.68,-3.93
39005,12.1,13.15,18.94,16.61,14.44,14.77,14.2
39007,26.7,24.55,37.93,39.7,31.76,26.81,20.98
39009,14.1,14.69,17.61,16.95,18.25,22.75,25.91
39011,8.1,11.43,11.67,11.76,7.5,6.54,3.83
39013,19.1,21.9,26.04,27.88,25.84,26.46,25.92
39015,36.4,48.36,44.6,58.01,51.7,47.16,41.02
39017,41.0,49.63,56.02,67.72,47.8,29.92,10.26
39019,13.5,14.82,15.98,19.23,17.37,19.28,20.25
39021,22.8,21.69,27.69,35.08,25.47,18.69,10.23
39023,29.0,46.92,53.62,64.45,50.26,38.66,25.74
39025,38.6,47.79,48.65,49.04,36.97,26.56,14.68
39027,30.7,40.79,35.9,57.2,38.05,21.05,2.7
39029,19.7,26.71,35.79,42.18,31.31,24.12,15.17
39031,10.5,11.95,14.27,16.13,16.25,19.33,21.66
39033,21.5,24.87,25.59,35.25,29.86,26.58,22.66
39035,22.5,23.88,43.81,47.61,37.55,30.54,23.0
39037,21.4,25.46,33.25,43.48,29.86,19.29,6.89
39039,13.3,15.42,15.48,13.43,16.39,23.12,27.57
39041,7.8,9.6,9.42,14.84,14.12,16.0,16.73
39043,20.9,25.82,39.13,38.79,31.47,27.57,22.13
39045,12.1,13.34,17.5,26.85,20.68,17.94,13.58
39047,32.3,38.43,32.16,60.1,33.88,10.25,-13.95
39049,18.7,23.9,26.39,34.24,36.19,40.9,44.39
39051,12.0,13.77,17.97,14.06,16.9,23.74,27.95
39053,25.8,30.49,37.03,49.43,46.18,45.75,43.88
39055,13.1,14.5,22.98,22.53,14.51,9.94,3.69
39057,23.8,27.54,29.81,41.32,26.33,14.27,0.42
39059,20.5,22.75,26.94,26.59,24.25,24.47,23.93
39061,31.5,42.71,41.9,54.17,44.54,36.75,26.69
39063,15.3,17.83,21.93,32.25,27.63,26.23,23.06
39065,14.6,20.22,24.19,26.76,22.16,20.35,17.01
39067,14.0,15.77,15.56,21.24,18.6,19.55,19.34
39069,10.5,14.38,15.13,14.13,18.64,27.13,33.48
39071,26.6,30.29,35.07,50.17,27.4,7.06,-14.38
39073,18.0,17.92,22.64,25.39,30.36,38.68,45.47
39075,4.8,5.47,8.19,8.22,7.41,9.41,10.69
39077,25.0,21.28,28.77,39.44,29.4,22.05,13.51
39079,30.0,29.46,30.09,34.28,37.33,43.28,48.51
39081,29.9,27.25,28.1,37.51,36.68,39.27,40.21
39083,14.4,16.37,18.76,21.54,17.42,15.85,13.17
39085,23.8,23.12,40.27,41.06,31.82,26.47,19.55
39087,19.8,33.46,41.72,50.39,44.19,40.36,34.98
39089,17.6,20.41,15.84,23.66,23.86,26.93,28.57
39091,15.4,19.76,27.1,30.16,23.89,20.73,16.19
39093,23.7,23.27,44.19,42.61,32.88,26.14,18.4
39095,27.1,29.18,36.69,37.33,38.73,44.94,48.53
39097,17.8,19.55,29.41,34.71,21.15,10.77,-0.96
39099,22.6,27.64,37.24,47.5,41.13,37.54,32.65
39101,33.4,31.83,36.02,42.41,39.74,39.63,38.89
39103,11.2,17.17,24.7,23.09,17.56,14.56,10.8
39105,21.0,22.08,29.82,27.19,38.24,52.5,65.33
39107,9.1,9.04,11.2,14.55,9.24,7.39,3.1
39109,19.2,19.29,32.18,38.5,24.7,13.89,1.26
39111,13.8,13.29,14.46,15.85,17.87,22.27,25.51
39113,49.1,49.7,59.67,91.11,57.92,27.3,-4.78
39115,14.9,13.58,17.95,16.33,18.84,24.39,28.91
39117,19.6,18.12,21.22,27.64,22.66,20.24,17.02
39119,11.9,16.18,15.82,21.94,31.2,43.34,53.88
39121,11.7,16.03,16.86,16.15,18.12,22.78,26.04
39123,12.8,15.15,25.13,21.71,22.5,27.31,29.96
39125,8.9,8.49,9.36,10.63,11.65,16.09,18.38
39127,14.0,18.22,17.81,19.67,24.65,33.11,39.86
39129,18.0,20.07,20.3,27.12,28.13,32.18,34.88
39131,25.2,36.1,33.32,49.61,46.03,45.34,43.11
39133,18.2,21.33,28.17,23.59,17.19,13.9,9.38
39135,24.3,30.42,42.14,56.84,33.56,12.82,-9.46
39137,7.4,9.2,10.11,10.97,8.74,9.86,8.84
39139,24.4,27.94,47.0,41.02,38.66,38.96,38.1
39141,35.9,44.26,49.14,42.5,45.33,50.95,55.18
39143,18.6,19.22,27.65,29.79,25.18,24.27,21.37
39145,32.9,40.09,45.93,63.61,61.14,61.23,59.52
39147,15.9,16.94,15.82,24.58,20.36,19.21,16.37
39149,16.5,18.37,25.65,33.08,22.52,14.8,5.56
39151,18.2,20.18,27.73,26.72,20.64,17.95,14.2
39153,23.1,32.16,52.68,45.89,28.08,13.37,-2.39
39155,29.4,41.81,54.08,63.35,45.52,30.75,14.43
39157,10.3,11.38,14.4,18.52,13.97,12.62,10.89
39159,13.1,13.6,16.24,18.92,15.48,14.47,12.52
39161,12.9,12.61,17.82,19.91,16.58,16.79,14.37
39163,27.9,28.6,31.66,32.21,37.39,45.76,52.8
39165,18.8,21.16,25.43,36.5,18.46,2.32,-15.25
39167,16.7,16.12,27.78,21.84,21.19,23.0,24.09
39169,11.8,16.43,25.77,19.45,15.12,13.55,11.13
39171,9.5,10.38,15.95,14.54,16.42,21.65,24.77
39173,11.7,14.89,16.15,14.56,13.45,16.97,17.58
39175,9.6,11.59,14.8,16.25,15.6,17.55,18.23
40001,18.1,18.05,23.41,26.53,22.86,22.27,18.2
40003,10.6,11.62,13.92,14.17,14.09,15.99,14.63
40005,17.5,20.21,25.04,22.87,20.56,21.17,18.36
40007,9.5,9.75,10.42,12.56,10.86,11.22,7.71
40009,16.2,18.96,24.29,25.52,26.54,29.19,28.89
40011,14.6,19.4,21.28,20.68,21.46,24.5,23.92
40013,16.6,20.81,27.34,23.7,24.67,28.27,29.33
40015,20.2,18.73,28.17,26.35,24.52,24.93,22.3
40017,12.9,12.22,13.68,13.05,14.53,18.31,18.48
40019,30.1,29.68,28.69,32.09,30.21,30.49,28.01
40021,26.0,23.73,28.88,24.5,28.67,35.8,39.19
40023,19.0,22.59,26.12,21.98,26.5,33.44,37.24
40025,12.0,12.27,13.97,15.11,14.46,15.69,12.73
40027,14.8,17.78,17.58,14.95,16.85,21.74,22.43
40029,21.7,26.14,28.78,34.6,29.78,27.51,21.93
40031,20.3,13.84,17.23,15.43,15.24,16.54,15.09
40033,16.0,16.82,20.64,21.08,22.44,25.78,26.29
40035,16.4,21.45,21.26,24.63,21.74,20.93,16.05
40037,26.6,22.17,25.11,25.0,23.34,24.44,21.09
40039,11.3,12.71,12.66,14.42,13.23,13.94,11.38
40041,21.2,16.56,21.49,19.71,18.96,21.17,19.64
40043,10.0,10.4,12.99,13.39,12.0,12.06,8.62
40045,10.4,10.72,12.84,13.12,12.36,13.35,10.45
40047,13.5,11.97,13.14,15.19,14.67,15.41,13.43
40049,20.8,30.08,33.56,34.25,30.27,28.43,22.89
40051,20.3,19.27,23.28,21.57,24.64,30.15,32.26
40053,9.3,10.61,11.72,13.25,11.91,12.0,9.76
40055,17.3,19.9,21.37,24.36,20.91,18.37,13.97
40057,14.3,15.65,17.58,20.11,20.36,21.41,20.04
40059,7.9,8.64,9.89,10.56,10.04,11.18,8.46
40061,20.1,19.38,21.23,24.23,22.23,22.95,20.31
40063,15.6,15.12,16.35,24.18,17.86,14.65,7.5
40065,15.0,17.6,17.96,20.92,17.68,15.52,10.95
40067,24.7,25.22,31.21,34.05,31.42,30.68,26.81
40069,30.7,31.49,41.31,36.25,34.1,34.82,32.4
40071,12.4,13.99,17.12,20.48,15.22,11.79,4.84
40073,9.3,11.16,12.15,15.06,14.61,15.47,13.41
40075,17.2,18.43,20.01,24.91,19.73,16.59,11.16
40077,18.4,22.86,25.38,32.21,25.28,21.2,13.85
40079,22.0,22.58,27.64,27.08,26.15,27.88,26.41
40081,18.2,21.0,23.93,20.8,23.15,28.53,29.76
40083,10.7,12.92,12.82,15.81,11.61,10.38,5.36
40085,22.0,23.23,28.76,28.72,29.93,33.71,34.68
40087,18.5,22.05,19.66,21.94,18.44,17.58,12.96
40089,17.7,18.29,27.15,26.89,23.58,21.51,17.09
40091,28.3,25.04,26.51,32.62,27.65,25.42,19.6
40093,8.1,8.95,10.13,12.61,10.57,10.81,7.54
40095,14.5,14.2,17.97,18.22,17.09,18.58,17.64
40097,22.2,26.53,24.23,27.09,25.96,27.86,25.88
40099,32.7,32.45,33.66,33.52,32.18,33.47,30.85
40101,34.8,29.15,32.61,25.71,31.12,39.43,43.81
40103,15.6,16.16,17.11,18.2,20.09,24.05,24.29
40105,11.9,14.17,15.29,17.51,15.77,15.91,11.09
40107,21.9,20.38,21.57,25.0,22.03,21.95,17.75
40109,20.8,19.56,21.48,21.67,18.21,17.45,12.42
40111,19.1,20.38,25.3,27.35,22.32,19.84,13.6
40113,14.8,16.5,18.44,27.17,20.49,15.92,6.76
40115,18.1,20.99,22.05,24.33,20.36,18.99,13.82
40117,25.0,32.97,30.63,31.87,35.54,41.6,43.35
40119,9.4,10.98,13.2,10.57,11.01,13.88,13.03
40121,28.0,22.88,24.74,26.48,27.01,29.82,29.54
40123,19.1,22.83,24.21,22.17,25.54,31.29,32.96
40125,17.5,23.85,26.03,23.5,27.45,34.41,37.27
40127,19.8,26.07,37.52,29.71,27.71,27.72,24.7
40129,8.5,9.43,11.48,11.52,11.04,12.13,10.18
40131,13.7,14.35,13.89,14.84,13.99,16.07,13.13
40133,22.0,22.84,26.65,26.55,30.67,37.52,40.45
40135,29.3,25.39,33.32,31.31,27.84,27.32,23.81
40137,23.7,23.93,23.14,22.73,21.21,21.32,18.37
40139,14.0,12.99,13.06,13.78,16.84,21.68,22.07
40141,16.0,17.2,17.59,18.69,18.75,20.07,18.97
40143,19.1,17.96,20.42,21.74,19.89,21.23,17.49
40145,23.3,21.47,19.57,23.48,20.11,19.93,15.12
40147,18.0,15.18,17.89,20.16,17.29,16.06,10.89
40149,21.1,20.64,20.86,24.23,22.17,22.55,19.61
40151,11.2,14.26,17.33,16.1,14.28,14.54,11.16
40153,12.7,13.71,15.45,17.1,15.19,14.62,10.62
41001,15.0,15.36,17.08,18.31,17.58,16.79,15.17
41003,7.5,7.56,8.87,7.69,6.67,6.61,6.83
41005,11.6,10.11,10.65,10.09,9.69,10.22,9.95
41007,16.7,19.35,23.4,19.44,24.94,29.82,35.68
41009,12.3,11.85,15.16,15.16,16.98,18.26,20.3
41011,12.1,13.93,14.81,14.73,13.96,15.8,18.43
41013,10.3,15.51,14.3,13.9,13.81,15.24,16.56
41015,17.0,22.9,18.58,24.5,17.95,14.75,11.79
41017,11.0,9.83,13.26,11.95,9.93,9.81,9.05
41019,12.9,16.52,14.08,14.59,15.32,18.85,22.89
41021,7.3,8.0,9.12,9.84,9.43,9.08,8.31
41023,10.1,13.17,13.4,13.52,12.88,12.69,11.47
41025,12.4,13.53,16.1,15.54,14.88,14.78,13.68
41027,6.9,7.38,8.67,10.24,9.05,8.65,8.17
41029,15.7,16.23,15.26,14.95,20.64,29.09,38.01
41031,7.4,7.29,8.47,9.41,8.7,9.59,10.01
41033,17.0,17.36,12.74,20.31,19.67,21.44,24.35
41035,14.4,15.07,13.14,17.17,17.11,19.51,22.22
41037,20.0,17.29,19.39,19.72,18.55,20.11,21.32
41039,17.4,17.55,19.5,19.95,18.8,19.57,20.83
41041,24.0,18.33,18.38,21.11,17.84,15.43,13.34
41043,19.4,14.32,14.59,13.1,13.79,15.48,17.11
41045,9.7,10.89,11.6,11.25,12.4,13.98,13.87
41047,8.3,9.45,12.14,13.06,10.59,8.44,6.12
41049,7.1,7.42,7.74,8.28,8.34,7.81,7.14
41051,16.0,16.07,16.43,19.03,20.36,22.14,23.17
41053,10.1,8.24,10.25,9.97,9.59,10.03,10.36
41055,9.0,9.72,11.22,12.12,11.56,11.24,10.91
41057,16.5,20.94,18.9,20.32,19.91,19.52,19.49
41059,8.7,9.93,10.16,11.23,10.25,8.41,6.81
41061,13.8,14.11,14.84,16.58,15.84,14.5,13.16
41063,7.4,8.07,9.26,10.56,9.37,7.59,4.76
41065,9.9,9.77,11.4,13.08,12.65,13.02,13.2
41067,8.7,8.63,9.78,8.9,8.57,8.79,8.52
41069,8.6,9.53,10.68,11.55,11.14,10.99,10.62
41071,10.2,11.3,10.27,13.49,10.36,7.79,5.29
42001,10.3,10.57,19.44,17.26,18.62,22.85,24.11
42003,25.7,33.72,51.81,59.77,38.72,20.88,0.2
42005,24.8,34.27,54.88,48.06,37.74,31.05,21.35
42007,23.9,23.81,55.76,52.06,31.69,14.96,-3.85
42009,16.7,17.76,22.56,30.52,25.89,24.77,20.79
42011,16.0,13.7,23.5,26.65,22.5,21.25,17.66
42013,17.1,26.19,31.5,34.49,22.09,13.7,2.39
42015,13.2,16.02,18.15,23.36,18.55,15.81,11.74
42017,22.9,23.66,31.66,42.54,39.7,38.61,36.31
42019,20.5,26.56,41.3,45.77,24.85,7.57,-12.79
42021,30.0,38.74,64.42,60.7,45.59,34.5,20.4
42023,11.3,13.39,14.34,15.18,14.55,17.4,17.44
42025,24.9,26.16,32.55,36.5,42.65,51.38,57.73
42027,7.9,8.66,10.68,10.39,10.42,14.37,15.28
42029,14.0,17.39,22.79,30.96,26.6,24.89,20.55
42031,13.1,14.48,16.84,17.43,19.64,25.43,28.3
42033,15.2,17.24,18.25,17.66,23.89,33.63,41.27
42035,12.1,12.97,20.54,14.88,13.28,14.81,14.31
42037,14.5,16.69,21.2,21.05,23.58,28.67,31.52
42039,19.9,27.58,37.45,27.43,28.85,33.93,37.17
42041,11.6,14.55,22.16,29.17,21.06,16.02,7.94
42043,18.4,20.33,26.92,30.52,35.34,43.08,47.95
42045,28.1,33.59,41.28,49.76,40.58,33.66,24.31
42047,20.2,15.96,18.38,23.95,22.84,25.07,25.14
42049,19.9,21.77,29.27,37.56,27.16,21.14,12.93
42051,28.7,33.88,51.4,57.63,39.65,24.74,7.41
42053,11.4,13.87,14.17,15.1,14.74,18.11,19.08
42055,14.0,14.28,21.42,17.57,17.35,20.22,19.6
42057,18.7,23.18,33.38,23.46,22.56,25.15,24.36
42059,26.2,30.1,45.97,32.7,28.09,26.45,22.61
42061,13.5,15.48,19.73,21.93,17.45,17.0,13.41
42063,17.9,31.91,46.25,42.55,30.91,23.15,12.55
42065,18.6,21.58,21.57,22.29,23.52,28.54,31.36
42067,10.4,9.36,12.89,12.19,11.22,13.37,13.03
42069,19.8,27.6,34.43,38.77,42.47,48.55,52.5
42071,13.0,14.57,20.98,29.82,22.49,18.0,10.99
42073,24.7,34.15,43.62,55.52,41.8,31.6,19.17
42075,11.3,15.78,13.69,14.46,13.2,14.61,13.78
42077,18.2,19.98,26.4,31.35,27.38,26.31,23.24
42079,21.1,27.76,38.31,42.33,44.74,49.64,52.48
42081,12.4,15.8,22.09,23.92,18.92,16.46,12.26
42083,14.1,18.41,19.17,18.0,20.41,26.36,30.48
42085,25.1,21.31,28.5,34.38,40.96,50.81,58.56
42087,14.0,14.85,20.46,22.47,22.68,26.54,27.51
42089,17.0,23.91,21.61,23.71,22.32,23.37,22.1
42091,18.3,19.52,29.02,28.81,24.49,22.91,19.27
42093,18.4,19.13,26.77,29.16,24.93,23.32,19.53
42095,13.5,23.75,27.5,36.78,29.83,25.47,18.74
42097,16.7,18.09,28.26,28.88,26.49,26.88,25.04
42099,16.4,16.22,21.49,27.83,21.85,19.13,13.68
42101,33.0,36.29,46.39,63.47,59.89,58.46,55.31
42103,18.6,23.57,27.02,33.92,32.5,33.24,32.18
42105,10.7,12.89,16.81,17.42,15.27,15.83,14.88
42107,19.3,22.1,37.7,27.83,34.92,45.1,52.88
42109,7.5,9.19,12.59,11.84,12.01,14.93,15.81
42111,21.1,24.6,33.08,37.19,21.86,10.4,-4.07
42113,13.4,14.2,16.82,18.26,16.07,15.98,14.4
42115,25.9,22.15,26.07,25.39,25.05,26.71,26.68
42117,9.3,10.51,13.75,19.08,14.08,11.39,7.52
42119,7.1,8.45,10.18,9.29,8.34,10.13,9.62
42121,19.5,21.59,24.64,22.03,22.93,28.1,30.55
42123,10.5,12.55,13.35,13.97,10.78,10.91,9.03
42125,19.8,30.62,47.98,48.35,36.63,28.5,17.89
42127,23.5,26.78,28.83,30.3,30.24,32.63,32.79
42129,27.8,36.95,56.1,56.93,37.99,22.91,4.42
42131,20.3,27.49,29.52,34.85,39.56,46.77,52.12
42133,25.9,22.61,24.33,30.1,29.99,32.54,32.1
44001,20.3,20.09,23.34,22.26,22.45,23.58,23.46
44003,23.7,28.26,32.63,29.04,33.81,40.24,45.12
44005,14.0,14.28,24.78,27.88,23.96,21.17,17.08
44007,24.2,32.27,33.53,33.09,32.09,32.99,32.46
44009,21.5,20.47,21.0,20.83,19.32,20.1,19.33
45001,9.5,11.05,13.2,18.06,15.64,14.24,10.49
45003,18.2,20.58,21.18,26.08,23.85,23.39,20.78
45005,5.6,6.19,7.01,8.08,7.54,8.61,8.16
45007,19.1,20.98,19.94,19.93,19.43,19.66,19.23
45009,9.4,10.23,10.87,12.34,11.45,12.46,10.8
45011,11.8,12.89,13.54,16.75,16.29,17.93,17.19
45013,8.7,8.96,10.02,15.0,12.84,11.86,9.49
45015,13.3,14.22,19.31,19.32,21.54,24.79,26.11
45017,7.2,8.22,8.9,9.52,10.45,13.03,12.95
45019,15.1,17.83,18.48,21.06,21.29,22.61,21.67
45021,11.5,13.52,12.75,13.36,14.32,15.89,15.89
45023,11.1,11.07,11.06,17.35,14.6,12.6,8.08
45025,12.7,12.61,14.03,15.89,14.68,14.65,12.14
45027,8.9,9.74,10.8,11.38,12.11,13.33,12.94
45029,15.2,19.16,18.67,21.16,21.66,23.99,24.08
45031,12.5,12.32,12.86,15.68,15.79,16.93,15.64
45033,11.6,12.02,15.16,15.41,15.63,16.89,15.63
45035,10.9,16.79,15.27,16.83,20.4,25.45,27.92
45037,7.5,8.18,8.73,10.95,8.71,8.31,5.35
45039,9.3,11.38,12.02,13.42,12.17,12.13,9.48
45041,13.1,12.37,14.07,19.72,19.42,19.95,18.6
45043,17.8,17.33,25.22,25.83,28.5,31.74,33.26
45045,17.5,21.26,19.41,21.02,27.94,35.67,42.35
45047,15.3,12.96,14.95,18.98,23.43,28.94,32.09
45049,8.1,9.47,10.83,11.47,10.81,11.63,10.88
45051,21.0,17.97,39.33,28.75,27.88,27.91,26.24
45053,12.0,16.03,15.43,17.9,17.38,17.79,16.97
45055,12.1,11.45,12.38,17.24,18.85,21.54,21.58
45057,12.7,14.16,14.98,24.7,20.5,17.79,12.25
45059,16.5,18.47,21.16,23.77,27.01,30.77,32.97
45061,5.7,6.17,7.9,8.58,8.48,8.99,7.09
45063,18.1,17.56,17.21,18.53,19.47,22.45,22.52
45065,8.9,9.13,10.86,11.63,11.73,13.68,12.83
45067,10.7,12.85,15.63,14.53,13.32,12.84,10.18
45069,7.9,9.98,10.57,11.43,10.59,10.96,8.76
45071,10.0,8.9,11.17,11.11,10.92,12.19,10.92
45073,25.1,25.33,25.34,28.25,27.52,27.05,25.53
45075,8.1,8.74,9.72,9.67,10.82,13.46,13.79
45077,30.1,28.64,27.33,27.56,31.24,35.57,39.09
45079,11.9,11.2,13.74,19.2,18.4,19.04,17.07
45081,8.5,8.2,10.08,10.64,10.17,11.44,9.81
45083,16.2,19.9,21.55,24.74,26.7,29.7,31.39
45085,7.3,8.38,10.18,10.35,19.28,28.77,36.15
45087,13.7,16.15,16.54,16.93,15.08,13.52,9.9
45089,9.3,11.45,13.57,16.02,14.75,13.95,11.78
45091,14.3,16.45,19.67,22.18,22.2,23.63,22.65
46003,5.0,5.1,5.87,6.3,6.01,8.31,6.08
46005,6.0,7.24,7.78,8.88,8.49,10.56,8.4
46007,5.1,5.63,6.32,6.89,6.51,7.47,5.37
46009,3.7,3.99,4.89,5.0,4.71,6.68,4.44
46011,3.7,4.22,4.62,4.9,4.91,6.81,4.85
46013,5.0,6.07,6.53,6.28,5.62,6.53,4.38
46015,7.1,6.9,8.31,8.41,8.05,9.7,7.51
46017,6.7,7.28,8.79,9.05,9.02,11.2,9.43
46019,6.2,6.3,7.22,8.15,7.72,7.37,4.77
46021,6.5,7.05,8.58,9.28,8.47,8.8,6.51
46023,5.2,6.02,6.52,6.99,6.24,8.15,5.76
46025,4.5,5.17,5.62,6.09,5.69,7.33,5.03
46027,3.9,4.16,5.12,5.54,4.87,6.75,5.04
46029,3.9,4.51,4.82,5.65,4.95,6.5,4.01
46031,8.6,10.05,11.34,13.78,11.23,9.72,5.95
46033,9.3,9.09,11.98,12.22,10.56,9.73,5.55
46035,5.0,4.84,5.38,5.74,5.77,8.88,7.42
46037,4.2,4.69,5.23,5.63,5.42,6.83,4.64
46039,4.5,5.0,5.69,6.03,5.75,8.13,5.93
46041,9.0,10.48,10.09,11.38,10.67,11.16,8.58
46043,4.1,4.54,5.32,5.77,5.27,7.15,4.77
46045,3.5,3.85,4.45,4.77,4.59,5.64,4.2
46047,14.6,15.05,17.87,18.18,18.32,19.17,17.23
46049,5.3,5.2,5.75,6.29,6.01,7.34,5.75
46051,4.5,4.98,5.97,6.19,5.84,7.25,5.06
46053,5.5,6.11,7.35,7.45,7.1,8.89,6.88
46055,6.1,6.72,7.59,8.75,7.94,7.83,4.76
46057,3.7,4.28,4.82,5.05,4.73,6.4,3.89
46059,4.6,5.15,5.89,6.18,5.95,7.34,5.0
46061,3.8,4.05,4.67,5.11,4.79,7.31,5.59
46063,6.2,6.41,7.31,7.88,7.52,6.97,4.93
46065,5.4,5.56,6.96,7.17,6.82,8.04,5.6
46067,3.1,3.36,3.88,4.18,3.98,6.2,3.82
46069,4.6,5.03,5.8,6.27,5.95,7.67,6.4
46071,5.2,5.65,6.37,6.95,6.58,7.33,5.39
46073,5.3,5.78,6.63,7.12,6.74,9.32,7.4
46075,5.7,6.65,7.26,7.72,7.35,8.37,6.59
46077,3.5,3.9,4.27,4.65,4.43,5.69,3.03
46079,3.3,3.5,3.97,4.5,4.12,5.29,2.72
46081,8.0,7.47,8.55,9.6,8.11,6.73,2.77
46083,4.2,4.53,4.99,5.63,5.97,8.21,6.54
46085,5.8,6.34,7.34,8.23,7.59,8.86,6.54
46087,3.8,4.13,4.75,5.19,5.13,7.31,5.61
46089,3.9,4.32,4.95,5.37,5.05,6.13,4.17
46091,5.1,6.21,6.49,6.78,6.49,7.46,5.54
46093,7.2,8.97,9.99,9.94,9.37,8.85,5.11
46095,6.0,6.5,7.47,8.09,7.66,8.94,7.26
46097,3.9,4.32,4.86,5.54,4.98,6.98,4.65
46099,8.8,10.29,10.1,10.18,10.96,13.64,12.47
46101,4.4,5.13,5.54,5.85,5.65,7.21,4.76
46102,9.4,11.3,11.1,12.89,13.21,14.49,12.89
46103,8.0,8.23,10.57,10.07,8.34,6.9,2.09
46105,6.2,6.69,7.64,8.36,7.87,7.91,5.98
46107,4.6,4.99,5.8,6.21,5.81,7.63,7.08
46109,7.1,7.84,8.73,8.92,9.49,11.72,10.82
46111,4.2,4.6,5.21,5.71,5.43,7.77,5.57
46115,5.7,6.19,7.07,8.01,7.27,8.06,5.66
46117,5.4,5.91,6.72,7.2,6.88,7.92,5.4
46119,4.9,5.31,6.15,6.56,6.3,8.03,6.37
46121,11.5,11.85,12.55,14.01,13.65,14.9,13.03
46123,5.2,5.68,6.84,6.98,6.61,8.19,5.88
46125,4.3,4.66,5.32,6.43,5.66,6.86,4.01
46127,4.3,4.45,5.56,5.8,5.37,6.81,5.32
46129,4.8,5.26,6.31,6.53,5.98,7.14,5.77
46135,6.2,5.77,7.1,8.41,7.41,8.57,5.66
46137,8.6,10.04,10.74,13.05,11.29,9.82,5.4
47001,26.6,33.32,38.84,53.11,41.14,30.58,18.32
47003,16.8,18.56,17.96,17.96,21.11,25.54,27.91
47005,37.5,39.87,36.07,41.74,38.13,36.23,33.43
47007,15.0,16.88,20.42,21.36,22.53,25.47,25.95
47009,19.4,25.11,28.36,38.61,34.52,31.12,26.28
47011,22.0,20.98,20.31,26.95,25.53,25.33,23.8
47013,40.6,45.48,38.1,37.29,31.96,28.1,22.67
47015,26.4,32.01,31.99,33.11,32.36,33.46,32.35
47017,15.0,17.83,17.84,20.62,18.88,19.16,17.71
47019,19.9,22.17,29.44,32.64,29.54,28.46,25.31
47021,37.7,38.85,39.87,51.56,50.9,51.41,50.92
47023,12.3,16.52,15.78,17.81,15.53,14.61,12.87
47025,32.5,37.14,46.74,34.47,38.68,44.8,49.5
47027,42.9,38.62,49.68,47.51,43.38,39.5,34.02
47029,27.4,22.66,23.91,34.7,30.52,27.43,22.49
47031,17.9,22.23,26.82,27.74,29.42,33.33,34.23
47033,11.5,12.6,13.09,14.09,14.22,15.98,16.74
47035,22.3,17.8,19.25,23.03,21.06,20.29,17.43
47037,19.7,22.92,31.01,34.16,34.7,36.66,37.5
47039,22.3,27.59,29.41,28.17,28.9,31.05,31.55
47041,38.9,31.37,32.47,38.72,38.64,39.55,38.37
47043,23.1,29.1,33.79,26.79,29.43,33.52,36.39
47045,10.5,12.3,11.98,13.53,12.88,13.76,13.72
47047,10.6,12.78,13.49,15.09,13.36,12.43,10.94
47049,22.9,25.64,28.28,31.38,28.22,25.55,21.28
47051,21.9,25.52,22.68,22.84,21.84,23.3,21.56
47053,13.1,16.91,19.26,19.22,19.22,20.75,20.98
47055,19.1,24.54,22.26,27.26,25.1,25.11,22.42
47057,22.3,23.9,26.94,24.95,26.19,29.28,31.0
47059,26.4,18.96,25.38,29.96,30.85,33.51,35.1
47061,29.9,28.29,30.56,31.01,32.39,36.22,36.84
47063,31.2,28.06,32.76,29.59,24.99,22.15,17.65
47065,17.5,17.39,19.87,23.56,18.53,15.51,10.0
47067,30.6,37.82,41.69,44.98,45.21,47.63,48.85
47069,9.6,11.71,12.25,14.96,12.72,11.9,10.34
47071,35.5,36.45,35.03,32.64,34.9,38.29,40.64
47073,23.0,27.36,34.66,27.32,27.96,30.72,32.68
47075,8.7,9.1,11.5,11.03,11.16,12.75,13.55
47077,17.7,20.2,19.31,23.46,24.93,27.75,29.68
47079,23.0,22.14,23.27,23.74,29.33,36.76,43.07
47081,20.2,26.61,27.67,28.61,34.53,41.56,47.27
47083,25.5,30.29,32.65,34.67,35.88,38.59,40.5
47085,21.5,23.49,25.24,30.28,27.95,26.97,25.48
47087,33.1,34.86,41.25,42.66,40.7,39.19,35.97
47089,16.6,17.99,18.72,22.57,25.61,30.43,33.08
47091,17.0,18.17,19.75,18.84,18.61,21.2,21.25
47093,29.8,34.01,38.05,50.7,52.86,56.35,58.23
47095,9.6,10.57,11.81,13.44,13.11,14.19,14.4
47097,15.4,13.54,21.48,19.92,18.26,17.7,16.02
47099,18.0,20.65,20.63,25.83,25.28,27.12,25.84
47101,17.7,19.33,20.51,28.64,24.52,21.98,17.17
47103,17.2,15.88,20.18,19.97,20.63,23.5,23.61
47105,27.4,25.51,30.14,37.35,31.09,25.71,18.38
47107,23.8,23.52,27.76,29.74,25.59,21.83,16.9
47109,17.0,25.15,21.96,23.06,20.23,18.81,16.31
47111,16.9,19.76,26.35,23.85,23.23,22.49,20.65
47113,9.0,10.99,12.71,14.88,11.92,10.39,7.87
47115,17.8,18.74,19.32,23.77,19.22,16.66,11.78
47117,25.4,24.9,30.34,29.25,26.7,25.45,22.67
47119,20.6,19.03,22.06,20.78,23.14,26.72,28.43
47121,25.4,30.77,39.42,38.52,29.9,22.53,13.2
47123,18.9,23.51,34.16,27.87,30.81,34.24,36.41
47125,14.4,17.89,16.83,19.01,25.16,32.34,38.18
47127,15.3,16.01,17.67,20.69,19.85,20.87,19.39
47129,21.6,31.69,31.53,29.54,29.51,30.67,30.02
47131,9.8,11.76,12.64,12.64,14.42,17.94,20.05
47133,23.1,26.15,31.08,32.74,31.77,31.77,29.98
47135,16.1,17.07,18.5,21.12,19.43,18.99,17.21
47137,23.3,23.87,26.77,30.27,29.1,28.78,26.42
47139,19.0,21.02,26.02,28.32,23.58,19.23,14.21
47141,24.8,21.93,22.23,21.36,24.64,28.77,31.05
47143,18.1,21.11,23.4,24.99,22.21,20.65,17.15
47145,38.3,39.35,45.92,44.49,48.43,53.29,56.44
47147,17.1,20.25,18.78,23.84,21.78,20.54,18.45
47149,13.0,18.05,18.67,20.14,25.08,30.92,35.15
47151,25.0,26.28,25.35,26.24,24.31,23.44,20.99
47153,19.6,19.99,23.34,26.12,26.25,28.52,28.39
47155,21.2,27.41,27.88,33.5,40.52,48.56,54.99
47157,16.0,20.18,21.24,22.17,17.79,14.24,9.76
47159,29.9,35.15,43.78,35.85,35.87,36.56,35.78
47161,20.0,21.0,23.74,23.64,30.44,38.48,46.07
47163,26.2,23.49,27.85,27.03,32.53,40.4,46.8
47165,16.1,15.9,20.44,21.73,22.01,22.78,22.47
47167,15.1,20.03,25.21,23.67,22.43,22.41,21.23
47169,17.0,18.86,22.2,22.85,30.91,39.64,47.09
47171,28.8,29.5,35.14,42.75,38.44,36.06,32.08
47173,32.1,36.0,41.58,41.29,35.91,32.15,27.0
47175,13.8,15.12,21.34,18.62,19.02,21.18,21.18
47177,14.8,17.6,21.9,19.02,19.95,22.93,23.58
47179,19.6,22.38,28.12,27.46,21.81,18.57,13.61
47181,16.0,16.43,18.0,17.29,21.16,26.51,29.79
47183,11.8,15.18,18.36,14.94,18.56,24.25,28.6
47185,18.9,22.91,29.47,23.08,27.45,33.04,36.46
47187,9.2,11.44,12.72,13.31,15.67,19.22,21.77
47189,20.6,25.91,26.56,25.93,23.33,21.44,18.36
48001,12.2,15.6,14.41,17.26,15.95,15.19,13.2
48003,9.4,9.86,11.92,13.61,11.93,11.68,8.18
48005,9.1,11.35,13.4,13.61,13.92,14.52,14.9
48007,18.7,20.86,22.68,23.4,22.75,21.44,21.28
48009,16.7,16.91,21.19,21.97,20.16,18.89,15.25
48011,7.4,8.12,9.44,9.99,9.45,9.86,7.81
48013,7.0,7.47,9.42,9.73,11.12,11.82,14.68
48015,6.7,6.96,8.32,8.02,8.93,9.01,8.69
48017,7.5,8.62,9.43,9.96,9.64,10.96,8.74
48019,10.5,10.38,12.36,15.43,13.81,12.23,11.69
48021,11.7,9.52,9.98,11.14,11.9,11.44,11.88
48023,18.6,21.18,21.71,24.37,24.91,26.46,25.73
48025,5.8,7.03,9.13,9.14,7.74,5.51,5.15
48027,6.6,7.87,7.0,10.62,11.58,12.11,13.22
48029,10.4,10.67,11.76,11.3,11.59,10.94,12.33
48031,10.1,11.54,11.96,12.98,12.06,9.94,9.2
48033,7.9,8.61,9.85,10.54,10.17,10.07,7.22
48035,10.2,11.68,12.47,14.51,18.05,22.14,25.52
48037,7.2,8.56,8.59,11.12,10.35,11.26,10.62
48039,7.5,9.33,10.53,11.47,11.16,10.37,9.54
48041,8.8,8.3,6.71,5.78,5.74,4.26,3.3
48043,12.9,16.52,16.08,16.07,15.37,14.47,13.07
48045,8.0,8.78,10.03,10.78,10.34,10.13,7.72
48047,7.5,8.16,8.86,10.46,9.22,7.7,8.45
48049,14.4,14.64,13.71,13.52,15.87,17.6,20.24
48051,9.1,9.67,10.22,12.2,10.89,7.96,6.03
48053,9.8,10.4,14.82,14.34,12.66,9.37,7.85
48055,6.4,6.82,9.72,10.47,9.03,6.76,5.87
48057,11.5,12.33,12.07,13.25,11.65,8.71,6.81
48059,8.6,9.24,10.41,10.98,10.2,9.38,8.34
48061,3.1,4.57,4.17,5.02,4.77,4.3,4.8
48063,8.8,11.48,12.69,13.21,11.86,12.65,11.37
48065,10.5,11.33,13.74,13.9,14.19,15.73,14.47
48067,8.9,9.66,10.64,12.69,12.72,14.36,14.11
48069,5.1,5.55,6.37,6.82,6.86,8.68,7.19
48071,13.8,12.48,14.83,16.79,13.37,9.98,6.15
48073,12.3,10.95,11.2,14.06,12.91,12.43,10.5
48075,10.5,13.39,13.91,14.13,13.38,13.04,10.96
48077,16.1,16.34,17.9,19.69,19.05,19.78,17.84
48079,11.0,11.38,14.34,13.92,14.06,15.34,13.43
48081,8.5,9.14,11.14,11.96,10.84,10.07,7.96
48083,5.8,6.29,7.05,7.68,7.55,6.46,5.95
48085,7.8,7.81,8.93,8.15,7.52,8.29,8.04
48087,11.6,12.05,13.55,14.61,13.93,14.38,12.37
48089,5.9,6.61,8.13,8.21,8.06,6.61,5.2
48091,8.9,10.74,12.96,13.01,11.92,9.67,9.08
48093,8.0,9.01,10.3,11.64,10.99,9.88,9.15
48095,5.9,6.43,7.44,7.85,7.49,6.46,6.64
48097,18.3,15.94,18.48,18.08,20.01,23.79,26.23
48099,6.1,6.09,7.36,8.62,7.12,5.35,4.37
48101,7.4,8.29,9.2,9.89,9.47,9.85,8.37
48103,9.6,10.32,13.93,13.94,12.45,12.1,8.65
48105,8.6,9.91,10.82,11.56,11.08,11.1,10.74
48107,7.7,8.38,10.07,10.88,9.96,10.64,8.05
48109,8.3,9.12,10.31,11.23,10.74,9.94,7.92
48111,7.8,8.51,9.09,9.74,9.33,10.38,7.63
48113,13.4,11.76,12.49,13.07,12.86,13.8,13.64
48115,8.7,10.43,12.02,12.2,11.24,10.17,6.65
48117,7.8,7.01,7.68,8.55,7.8,8.84,6.49
48119,11.5,12.35,14.26,16.81,16.61,18.41,18.14
48121,6.9,7.44,8.71,8.8,7.13,7.16,6.27
48123,7.1,7.22,8.06,8.73,9.74,9.19,9.74
48125,6.8,7.4,8.44,9.09,8.65,9.23,7.43
48127,8.4,7.04,8.1,8.23,8.75,9.14,10.9
48129,9.3,9.61,11.51,12.44,11.36,10.94,8.37
48131,9.3,9.53,12.0,11.77,12.29,12.26,14.31
48133,6.8,6.54,7.39,8.4,7.56,6.93,6.46
48135,18.2,11.97,12.7,14.95,13.95,14.17,10.87
48137,5.2,5.73,6.47,7.07,6.69,7.44,7.91
48139,6.5,7.45,8.61,10.9,8.4,6.68,3.95
48141,9.1,7.97,9.91,11.39,10.16,7.96,4.89
48143,8.6,8.01,9.59,10.97,10.25,10.11,9.93
48145,7.6,8.67,9.19,11.61,10.93,9.48,7.94
48147,10.8,11.66,12.4,12.91,11.88,13.4,12.94
48149,8.4,7.41,8.11,8.75,9.22,8.38,8.07
48151,6.5,7.13,8.06,8.52,8.83,8.91,6.85
48153,6.5,6.69,8.07,8.15,7.82,8.55,6.35
48155,10.2,11.78,12.72,13.76,13.84,15.08,13.87
48157,5.3,5.33,6.66,6.09,6.63,6.47,5.78
48159,8.2,8.87,9.52,10.75,10.3,11.44,11.05
48161,7.0,7.68,9.05,9.73,10.87,11.61,11.7
48163,4.5,4.94,5.94,7.11,6.55,5.14,5.69
48165,7.0,7.55,9.1,9.16,8.67,9.18,6.84
48167,15.4,17.06,16.7,17.63,17.34,16.78,15.96
48169,7.4,7.71,8.72,9.26,8.94,9.05,6.36
48171,6.9,7.72,8.89,9.54,9.58,8.23,8.42
48173,8.1,8.77,10.09,10.9,10.57,10.87,8.52
48175,8.3,9.52,10.86,11.68,11.81,9.65,9.07
48177,9.4,10.07,10.36,10.98,11.08,9.71,9.76
48179,10.2,10.46,11.78,12.51,12.04,13.15,11.08
48181,12.6,11.37,10.58,13.0,12.17,13.76,13.69
48183,7.0,8.23,9.42,9.11,9.36,10.91,10.85
48185,10.4,12.31,12.4,12.8,13.21,12.2,11.42
48187,8.4,8.3,8.6,9.75,8.59,6.59,6.62
48189,6.5,8.09,8.57,8.44,9.0,11.01,9.84
48191,7.8,8.58,9.72,10.35,9.88,10.45,8.76
48193,10.3,11.77,12.77,12.95,15.24,17.57,20.45
48195,8.5,8.64,9.84,11.16,10.46,11.49,9.32
48197,10.0,10.39,11.52,13.26,12.13,11.46,8.05
48199,16.6,14.63,16.58,16.65,15.59,14.86,12.92
48201,9.1,10.14,11.31,11.83,12.34,12.2,11.53
48203,9.4,10.13,11.02,11.38,9.9,9.72,8.21
48205,6.5,7.23,8.1,8.8,8.86,10.02,7.69
48207,7.9,8.6,9.75,11.04,11.26,12.73,12.41
48209,6.6,7.73,9.41,9.34,10.11,9.49,10.24
48211,8.0,8.8,10.07,10.72,10.84,12.64,11.0
48213,16.6,16.83,15.36,16.66,18.71,21.45,23.57
48215,2.7,3.27,3.47,3.7,4.03,4.74,6.06
48217,9.7,11.48,13.9,13.17,12.74,12.76,11.93
48219,7.8,8.29,9.62,9.3,10.28,12.22,10.35
48221,15.2,13.89,13.19,17.74,14.79,12.42,8.97
48223,8.9,9.6,11.13,11.51,11.27,13.22,13.33
48225,8.2,10.92,11.3,11.55,13.17,14.5,15.11
48227,10.0,11.21,13.1,14.1,14.82,15.8,14.15
48229,7.2,7.86,8.9,9.62,9.21,8.5,6.19
48231,10.7,11.94,13.59,14.64,13.57,14.31,13.79
48233,13.5,12.58,15.91,14.94,17.19,21.28,21.8
48235,11.5,11.19,12.75,13.44,12.84,12.52,12.11
48237,12.5,13.4,16.16,17.8,16.43,15.77,13.19
48239,9.8,9.57,10.24,10.29,11.24,10.66,10.68
48241,11.8,13.61,16.8,17.78,17.45,17.05,16.1
48243,8.3,9.25,10.27,11.14,10.66,10.11,9.07
48245,14.0,12.43,13.2,15.27,13.48,11.83,9.25
48247,6.2,6.38,7.78,7.84,7.34,7.1,8.41
48249,8.4,8.35,10.48,10.8,10.31,8.99,10.15
48251,10.1,9.64,11.35,11.17,12.34,14.26,15.02
48253,7.5,7.3,8.59,8.7,8.0,7.62,5.97
48255,6.4,6.94,7.47,7.57,7.61,5.49,5.81
48257,12.8,12.39,11.94,13.39,13.77,15.36,15.58
48259,6.7,8.38,8.27,9.41,8.85,7.49,7.51
48261,6.4,7.02,7.91,8.75,8.15,7.12,7.87
48263,6.8,7.35,8.49,9.1,8.74,8.95,6.92
48265,11.4,14.13,14.02,16.34,15.86,15.02,15.27
48267,8.0,9.35,10.13,10.75,10.92,10.68,11.78
48269,7.4,8.14,9.19,10.03,9.47,10.1,8.65
48271,4.4,4.82,5.53,5.9,5.62,5.85,6.4
48273,7.1,7.64,7.97,9.27,9.09,8.33,9.54
48275,7.4,8.19,9.29,10.13,9.57,10.26,9.02
48277,13.0,11.57,12.91,13.07,14.07,17.6,18.91
48279,9.6,9.92,11.1,11.67,12.68,15.25,14.15
48281,7.4,7.66,8.82,10.09,8.46,6.19,4.55
48283,7.2,8.69,9.63,10.19,9.23,7.74,7.96
48285,6.9,6.58,7.05,8.37,8.59,7.54,7.18
48287,7.3,8.2,8.86,10.65,9.83,7.43,6.17
48289,11.2,13.36,15.69,17.01,13.7,10.23,6.51
48291,14.7,17.32,15.34,17.88,14.66,11.42,8.02
48293,9.1,8.58,10.33,10.11,12.21,14.0,14.94
48295,8.8,9.51,10.82,12.36,11.89,13.83,11.83
48297,6.2,6.81,7.81,9.2,7.59,5.14,4.7
48299,14.1,15.12,19.35,16.57,17.59,17.23,18.61
48301,13.2,14.46,16.17,17.67,16.97,17.18,14.7
48303,10.6,10.34,12.29,14.37,15.29,17.7,16.2
48305,7.8,8.48,10.13,10.44,11.05,12.32,10.76
48307,7.1,8.15,8.94,9.94,9.28,7.61,7.27
48309,7.2,9.42,9.07,9.7,11.67,12.97,14.22
48311,6.6,7.28,8.36,8.97,8.44,7.21,8.04
48313,8.0,9.73,9.48,10.47,10.02,8.22,6.9
48315,13.3,15.15,16.29,19.13,17.86,18.11,16.83
48317,9.4,10.09,11.44,12.4,14.94,17.76,17.72
48319,6.6,7.28,8.33,8.81,8.56,7.41,7.62
48321,9.8,8.72,11.5,11.33,10.81,9.36,7.7
48323,4.2,4.01,5.02,4.85,5.08,6.41,8.26
48325,4.3,4.89,5.65,5.71,5.83,5.73,6.68
48327,8.2,9.04,12.06,11.2,11.15,10.55,11.56
48329,10.6,8.59,7.65,8.44,10.02,12.4,11.56
48331,8.2,9.21,9.3,10.65,9.14,5.99,4.33
48333,8.4,9.22,12.37,11.54,11.04,9.81,9.46
48335,7.7,8.47,9.56,11.93,10.16,8.11,4.02
48337,15.3,16.37,17.84,21.33,22.69,25.61,26.35
48339,9.4,11.73,12.76,16.87,13.38,9.35,5.37
48341,6.2,6.55,7.76,7.75,8.29,10.49,8.86
48343,9.9,10.72,11.43,12.42,12.26,14.58,14.43
48345,7.6,8.29,9.46,10.22,9.85,9.91,7.7
48347,10.4,14.76,11.56,12.64,10.49,9.09,7.29
48349,8.9,9.93,11.45,12.75,12.39,12.6,12.3
48351,18.0,19.38,21.66,21.27,20.26,19.28,17.04
48353,12.1,13.68,14.03,13.53,14.11,14.33,12.46
48355,17.5,18.36,18.09,21.1,16.51,11.14,7.19
48357,6.9,7.5,8.06,8.76,8.31,9.66,7.76
48359,10.9,11.87,14.22,14.58,14.02,14.7,11.44
48361,19.9,21.41,19.33,28.0,22.66,16.85,10.31
48363,16.2,14.53,15.22,20.61,15.59,10.98,4.75
48365,9.5,9.78,11.47,13.99,10.88,9.2,6.56
48367,11.5,12.23,14.39,14.12,9.94,6.5,1.35
48369,5.5,6.03,6.88,7.24,7.05,7.78,5.66
48371,6.8,7.15,8.42,8.58,8.46,9.11,7.75
48373,19.1,18.22,18.06,18.51,18.84,19.36,19.63
48375,14.7,14.48,16.32,15.25,14.22,15.12,12.43
48377,5.6,6.17,7.0,7.48,7.14,6.35,5.61
48379,10.7,12.75,13.29,14.75,14.13,15.02,14.46
48381,8.2,11.05,12.52,14.13,11.76,10.99,6.98
48383,13.3,12.86,15.33,15.62,14.94,14.92,13.09
48385,6.5,7.12,8.08,8.87,8.41,8.24,9.09
48387,10.5,11.23,14.41,13.29,13.15,14.76,14.23
48389,14.5,16.41,16.66,16.97,15.32,13.96,10.65
48391,11.2,13.61,13.31,14.76,14.23,12.87,12.9
48393,8.3,8.95,10.43,11.15,10.78,11.6,9.46
48395,11.3,11.08,11.5,13.63,12.53,10.15,8.44
48397,8.2,7.91,7.6,10.9,11.37,13.54,14.41
48399,6.5,6.66,7.63,8.49,7.64,6.71,5.33
48401,8.8,8.66,9.41,10.42,10.3,11.03,10.96
48403,10.6,11.43,13.14,15.49,14.2,14.09,12.53
48405,10.8,11.18,12.5,14.94,13.08,12.1,10.31
48407,13.2,16.76,18.71,21.77,17.39,12.61,7.87
48409,13.8,13.74,14.06,15.34,14.5,12.88,12.78
48411,7.8,8.5,10.27,10.19,10.42,9.43,9.84
48413,7.4,8.47,9.34,9.89,9.4,8.83,8.22
48415,9.0,9.24,10.9,10.74,10.58,10.83,8.04
48417,6.2,6.78,7.8,8.39,7.97,7.91,7.03
48419,10.2,10.18,13.9,13.51,11.23,10.37,8.97
48421,9.7,9.93,11.3,12.18,12.45,14.12,11.96
48423,9.8,9.79,9.73,9.75,9.85,11.12,11.87
48425,7.8,9.22,9.64,10.74,9.96,9.7,8.32
48427,3.1,3.33,3.88,3.78,4.04,4.91,6.22
48429,6.6,7.09,8.21,8.93,8.27,8.11,6.99
48431,8.3,9.1,10.41,11.2,10.5,10.38,8.5
48433,6.8,7.47,8.48,9.2,9.41,9.75,8.26
48435,6.6,7.7,8.21,8.85,8.56,8.26,7.93
48437,7.2,7.47,8.8,9.14,9.18,10.25,8.3
48439,10.0,9.18,10.79,10.07,8.78,8.09,6.07
48441,12.4,12.6,14.07,13.32,12.96,12.49,11.39
48443,7.8,8.56,10.23,10.39,10.0,10.36,9.3
48445,6.9,7.51,9.09,9.66,9.36,10.11,7.59
48447,10.6,11.59,13.21,14.41,14.31,15.47,14.63
48449,8.8,7.46,7.5,8.96,7.55,8.32,7.26
48451,10.3,10.07,13.37,12.7,10.1,7.57,5.02
48453,11.5,11.69,12.57,12.32,13.2,12.22,12.81
48455,15.1,16.34,18.94,20.38,21.76,23.08,23.95
48457,17.5,16.37,18.76,19.12,22.77,27.13,30.41
48459,8.2,9.81,11.79,12.61,11.76,12.18,11.67
48461,9.2,10.51,11.71,12.32,11.72,12.47,10.66
48463,5.2,6.01,7.18,8.05,7.77,8.09,9.3
48465,5.4,5.77,6.74,7.96,7.04,7.21,7.3
48467,14.9,13.61,15.24,14.28,13.03,12.68,11.61
48469,9.2,9.07,10.71,12.16,10.36,6.87,4.33
48471,6.6,7.04,7.85,9.42,8.69,6.91,4.99
48473,9.0,10.92,9.88,12.72,11.3,9.25,6.87
48475,11.4,12.88,12.71,15.56,13.61,12.27,8.5
48477,6.1,6.28,6.59,7.81,8.26,7.55,7.06
48479,8.7,9.62,12.19,13.92,10.05,6.2,4.25
48481,6.6,7.35,9.72,9.88,9.22,7.99,6.24
48483,10.0,10.31,12.41,12.66,12.68,13.43,11.63
48485,18.4,15.75,17.17,16.45,16.45,17.54,16.17
48487,12.5,12.83,12.95,13.85,13.12,13.66,12.27
48489,5.6,5.48,6.39,7.3,8.2,9.08,11.42
48491,6.8,6.75,7.07,5.96,7.23,6.69,7.94
48493,6.9,6.16,6.47,7.8,7.58,6.16,6.94
48495,14.2,15.31,16.37,17.83,16.83,16.7,14.42
48497,11.0,11.16,14.18,15.45,12.43,9.91,5.71
48499,10.7,11.44,12.62,14.81,12.91,12.67,11.39
48501,10.8,11.7,13.45,14.17,13.66,14.54,11.76
48503,22.4,21.96,25.24,30.65,27.69,25.62,21.37
48505,6.5,6.99,9.41,9.23,8.14,7.84,8.7
48507,6.1,6.78,8.0,8.14,8.25,7.81,8.83
49001,20.0,20.61,23.23,25.9,23.66,22.27,18.48
49003,17.1,19.87,25.02,20.92,20.2,21.41,18.58
49005,11.4,11.1,12.82,12.64,13.44,16.49,15.0
49007,43.5,41.33,53.06,49.23,44.46,41.18,33.99
49009,17.7,20.29,24.93,23.7,22.94,24.3,21.7
49011,15.5,16.69,18.05,17.79,15.29,14.59,9.78
49013,22.3,25.77,26.83,23.35,26.58,31.48,32.05
49015,29.3,31.41,37.49,37.71,43.67,51.06,54.49
49017,14.2,16.45,19.91,20.06,20.29,21.9,21.21
49019,16.7,19.13,20.37,22.99,25.77,30.42,30.65
49021,16.7,20.53,25.3,22.46,20.46,19.04,15.49
49023,21.0,21.42,23.8,27.97,24.3,22.86,17.76
49025,21.2,21.89,27.04,26.13,25.01,24.55,22.18
49027,16.2,18.28,21.76,24.66,23.46,24.46,22.23
49029,17.1,14.68,15.51,17.98,17.34,18.96,16.04
49031,15.8,17.2,19.81,21.24,20.37,19.85,17.41
49033,14.9,17.05,18.56,19.66,20.05,22.83,20.68
49035,24.1,25.13,23.86,24.53,22.97,23.08,19.46
49037,10.8,13.04,13.4,14.73,13.58,12.8,8.63
49039,18.1,19.27,19.86,23.84,20.67,19.58,14.72
49041,18.8,19.28,24.35,26.0,26.17,26.92,25.48
49043,15.5,15.83,18.47,19.55,17.34,17.44,12.47
49045,30.4,24.66,20.87,24.89,24.7,26.48,24.64
49047,16.5,17.71,19.53,19.49,22.46,27.1,27.48
49049,16.3,16.93,18.0,18.92,16.0,15.56,10.68
49051,13.7,15.19,17.58,18.95,16.0,15.86,10.32
49053,17.3,20.9,18.35,21.21,22.42,23.33,22.88
49055,20.3,22.03,26.72,27.11,30.91,35.11,35.71
49057,24.9,28.42,26.86,27.17,25.32,25.37,21.31
50001,10.0,10.59,13.78,12.46,12.84,14.28,14.58
50003,16.1,14.0,20.57,17.13,24.48,33.34,41.17
50005,13.8,14.49,17.69,20.76,19.52,19.16,17.38
50007,12.7,14.58,16.86,20.44,13.69,7.96,0.22
50009,14.3,17.52,16.79,17.96,17.71,18.35,17.21
50011,15.7,18.64,17.92,21.69,22.04,22.77,21.67
50013,12.6,14.51,16.1,16.49,14.79,13.62,11.12
50015,12.5,12.64,14.31,15.34,15.25,16.1,14.84
50017,13.2,15.09,18.09,20.97,19.03,18.85,17.08
50019,13.8,17.79,19.78,18.72,18.49,19.07,18.29
50021,16.4,19.25,22.6,23.45,30.11,37.41,43.4
50023,10.9,14.46,18.24,19.44,21.75,24.82,26.58
50025,20.6,18.31,22.86,33.18,41.69,51.67,60.75
50027,16.9,21.84,25.71,24.5,28.77,33.82,37.66
51001,15.2,13.22,15.28,15.48,15.73,17.11,16.48
51003,6.3,6.31,6.96,8.35,7.45,8.62,8.21
51005,13.3,13.89,17.36,19.21,14.74,13.17,9.75
51007,10.0,10.8,13.02,13.48,12.65,14.07,12.85
51009,8.4,8.38,10.64,11.0,9.63,10.98,10.09
51011,6.6,7.49,8.81,8.32,8.26,10.5,10.47
51013,6.1,7.48,11.19,10.6,6.88,5.39,1.33
51015,11.9,11.04,13.12,16.97,15.93,17.38,17.22
51017,11.0,12.22,13.76,14.77,14.56,17.05,17.39
51019,9.7,11.45,12.67,17.73,14.16,13.46,11.03
51021,26.9,28.6,31.32,34.13,30.2,29.27,25.96
51023,11.5,12.33,12.22,14.98,17.73,22.97,26.38
51025,8.2,9.34,11.12,13.87,12.84,13.2,11.69
51027,37.9,43.91,39.21,40.89,45.81,53.52,59.17
51029,5.5,6.05,6.98,7.77,7.29,8.9,8.45
51031,10.3,9.89,11.94,12.84,14.18,18.13,20.29
51033,12.6,14.43,20.36,20.43,22.15,25.58,26.53
51035,19.8,15.43,14.97,18.11,15.71,16.53,14.97
51036,12.1,13.86,17.69,18.28,17.24,18.29,17.21
51037,10.1,11.06,13.01,13.87,13.8,16.21,16.05
51041,9.8,11.22,19.64,21.06,23.76,28.95,31.5
51043,12.6,14.56,18.54,16.45,15.12,16.31,14.9
51045,13.6,14.52,17.59,18.8,17.26,18.29,17.61
51047,21.6,21.33,23.55,31.91,27.35,25.22,20.82
51049,9.4,10.75,12.23,14.48,12.27,12.1,9.7
51051,44.7,45.39,47.55,50.42,47.68,48.01,46.45
51053,9.3,10.7,12.39,13.71,13.46,15.4,15.43
51057,9.3,11.09,13.1,12.89,12.92,14.71,13.89
51059,6.5,7.78,9.62,10.43,8.04,7.78,4.99
51061,14.4,17.59,26.9,25.05,21.49,20.23,16.52
51063,11.3,11.27,12.58,15.09,13.73,15.06,14.06
51065,7.4,7.64,8.59,9.63,11.99,16.55,19.43
51067,16.6,16.19,21.97,20.96,27.12,36.04,43.27
51069,20.3,22.33,25.7,22.52,20.79,22.23,20.42
51071,20.5,23.59,25.43,30.37,23.77,20.08,14.3
51073,13.6,14.55,19.93,19.84,18.7,19.02,17.19
51075,11.2,12.01,13.6,14.72,13.06,13.78,12.05
51077,9.3,10.54,12.16,12.55,11.13,12.87,12.72
51079,8.5,10.12,10.67,12.8,12.63,14.73,14.87
51081,9.4,9.82,10.96,14.57,13.53,13.95,12.7
51083,8.6,10.71,12.02,11.96,15.63,21.56,25.03
51085,12.2,12.74,13.5,18.11,16.61,16.75,14.6
51087,11.2,13.5,18.16,20.39,18.52,18.42,16.06
51089,22.9,20.59,23.56,28.32,29.57,32.22,33.22
51091,12.2,14.1,15.17,16.37,15.54,17.94,17.95
51093,9.2,11.1,13.53,14.03,16.03,19.88,21.42
51095,8.6,9.18,11.42,12.91,10.76,10.13,7.32
51097,13.7,14.4,17.47,18.6,20.69,23.92,25.14
51099,14.3,17.95,21.89,26.39,26.17,27.6,26.74
51101,12.1,15.7,19.07,21.6,18.8,17.1,13.36
51103,11.7,12.2,14.09,15.9,15.07,15.87,14.29
51105,26.6,23.38,25.43,28.47,30.84,35.57,39.05
51107,8.0,6.97,10.34,7.96,7.45,8.93,7.66
51109,11.4,13.74,16.08,17.6,18.32,21.38,22.22
51111,7.1,7.81,8.54,8.96,9.19,11.54,11.67
51113,12.5,14.73,16.62,17.64,17.36,20.08,20.35
51115,12.1,13.64,15.4,16.03,14.34,14.26,11.93
51117,10.5,13.02,14.0,15.61,19.29,24.92,28.31
51119,11.8,13.36,14.76,19.49,15.87,13.7,9.38
51121,11.0,10.41,13.48,14.3,12.73,13.84,13.0
51125,8.5,9.25,13.21,14.03,11.81,11.57,9.45
51127,10.4,11.94,12.31,17.24,15.28,15.0,12.53
51131,11.7,10.87,13.55,14.97,13.28,12.31,9.07
51133,11.3,12.42,12.71,15.53,13.56,13.4,10.22
51135,8.6,8.59,10.4,10.17,10.97,14.16,15.1
51137,22.1,20.51,30.32,26.13,29.11,34.35,37.23
51139,18.0,16.72,19.72,19.95,19.58,21.84,21.61
51141,20.6,22.95,24.0,22.72,22.81,25.32,25.46
51143,9.9,11.43,13.27,14.54,16.14,19.56,21.56
51145,12.1,12.02,13.48,17.71,14.57,13.96,10.65
51147,6.9,8.26,10.48,9.81,8.74,9.98,8.91
51149,9.8,10.97,14.7,17.88,14.3,12.53,8.8
51153,8.3,8.1,11.91,13.82,12.65,13.57,12.39
51155,30.9,26.63,31.0,34.52,30.95,30.53,28.19
51157,20.2,21.06,23.33,23.33,21.16,21.61,19.6
51159,12.7,14.9,15.38,16.89,15.93,16.51,14.4
51161,16.8,14.77,17.52,25.28,24.0,24.93,24.05
51163,9.6,12.17,12.68,13.27,12.77,14.4,14.56
51165,7.8,7.51,8.65,10.27,8.57,9.67,8.8
51167,33.7,28.25,32.27,31.58,26.28,24.09,20.19
51169,17.2,17.55,22.63,19.54,20.89,24.88,27.55
51171,12.5,19.77,18.23,20.73,19.01,20.34,19.63
51173,16.0,18.46,19.67,21.86,20.31,21.09,20.18
51175,8.6,9.3,11.02,11.74,11.8,13.61,12.99
51177,11.8,15.29,19.9,17.47,20.9,26.22,28.74
51179,9.1,11.86,16.41,14.51,15.89,19.11,19.95
51181,11.0,11.3,13.09,15.29,14.19,14.4,12.88
51183,9.0,9.4,11.24,13.43,11.44,11.01,8.74
51185,33.9,37.25,32.15,35.52,34.87,37.35,38.07
51187,21.5,26.41,25.64,32.72,30.49,31.18,29.44
51191,18.3,15.92,17.14,20.09,16.79,15.99,13.62
51193,14.8,21.28,26.4,28.97,24.36,21.48,15.7
51195,32.2,35.7,40.83,47.2,41.18,37.55,32.7
51197,25.4,23.95,27.68,26.92,20.93,17.96,12.96
51199,8.6,9.48,11.03,10.78,11.89,14.66,15.38
51510,7.7,8.93,11.55,11.28,8.12,7.27,3.91
51520,23.4,20.73,26.03,24.83,25.49,28.72,30.29
51530,8.1,9.1,10.1,11.35,10.8,12.81,13.05
51540,8.9,9.07,9.95,11.42,11.11,12.84,12.98
51550,11.4,16.34,19.67,19.2,17.42,17.3,14.41
51570,16.0,18.25,24.0,28.79,28.74,31.12,31.24
51580,15.5,16.83,19.32,26.62,20.1,16.36,10.78
51590,18.2,15.27,16.71,17.73,19.76,23.48,25.57
51595,9.0,9.81,11.02,12.75,12.2,13.2,12.28
51600,11.2,14.57,17.22,18.49,15.35,14.22,10.64
51610,7.2,8.1,10.2,12.29,10.13,10.03,7.48
51620,11.0,12.03,13.56,16.0,15.09,16.04,14.6
51630,17.2,20.92,23.26,22.93,27.17,33.16,36.36
51640,13.0,14.29,15.26,17.27,15.58,16.98,16.07
51650,10.9,14.85,21.21,16.57,18.48,21.86,23.16
51660,7.5,7.86,9.21,11.54,10.08,11.36,10.67
51670,16.8,18.88,27.55,32.74,35.03,39.53,41.91
51678,6.9,7.99,8.88,9.42,9.03,10.93,11.28
51680,8.0,8.75,10.63,11.93,12.31,15.0,15.97
51683,14.7,13.77,16.6,18.96,18.27,19.97,19.21
51685,7.2,7.33,9.43,11.17,9.11,9.24,7.15
51690,28.9,26.91,29.97,34.61,35.88,38.66,39.78
51700,14.7,13.82,20.02,17.28,20.04,24.36,26.36
51710,13.1,16.57,25.43,23.5,20.61,19.1,15.18
51720,23.1,26.32,30.63,33.16,30.66,30.52,29.17
51730,18.0,21.34,30.88,35.08,29.72,26.53,21.06
51735,11.7,13.47,18.14,14.82,14.53,15.78,14.92
51740,18.4,20.27,26.68,25.9,25.78,27.39,26.21
51750,11.4,11.14,15.16,15.0,14.66,17.15,17.55
51760,22.9,22.85,29.56,33.45,33.43,35.15,34.7
51770,17.8,21.66,21.82,37.4,42.82,50.52,56.44
51775,23.4,19.44,21.72,27.98,27.15,28.42,28.14
51790,17.1,17.95,18.08,21.35,19.78,20.94,20.43
51800,9.7,10.35,11.08,11.48,11.26,13.2,12.55
51810,11.9,13.77,18.73,17.04,14.53,13.22,9.95
51820,14.3,17.17,16.91,18.52,18.76,21.27,22.19
51830,12.7,12.07,14.66,16.23,14.39,14.01,11.45
51840,22.7,23.16,29.75,28.11,24.65,24.54,21.12
53001,6.4,7.2,7.9,9.08,7.77,5.75,3.62
53003,15.6,16.92,21.84,22.36,18.02,12.74,7.25
53005,12.1,16.61,15.91,16.21,15.18,13.97,12.77
53007,11.8,13.7,14.37,14.81,13.8,11.07,9.3
53009,17.9,21.11,28.12,26.34,25.81,22.89,21.64
53011,13.6,14.42,14.03,16.94,14.29,11.84,9.3
53013,10.7,11.44,12.6,14.48,13.48,11.86,10.17
53015,22.2,18.94,22.0,24.03,21.27,17.47,14.93
53017,10.7,14.3,14.6,12.78,12.21,9.87,8.65
53019,20.5,22.12,21.26,24.91,24.38,22.0,20.08
53021,7.9,8.48,9.61,10.12,10.01,9.79,9.42
53023,11.8,12.9,15.52,16.01,14.95,12.81,11.15
53025,10.7,14.26,13.64,16.19,16.43,15.6,15.43
53027,23.1,23.42,29.02,27.38,22.14,16.04,10.57
53029,14.3,14.33,12.29,15.72,11.44,4.81,-0.27
53031,16.3,18.23,22.27,23.81,22.19,17.87,15.27
53033,14.4,13.91,14.24,15.28,16.53,16.11,17.34
53035,12.6,15.71,15.41,14.13,15.56,14.45,15.4
53037,8.7,9.97,9.39,11.78,9.6,6.35,3.81
53039,11.3,12.15,15.67,15.61,14.71,14.51,13.8
53041,18.3,17.4,18.84,19.22,18.21,16.51,15.21
53043,14.0,13.81,18.03,17.26,16.47,14.96,13.74
53045,19.9,21.04,20.89,20.57,19.29,15.96,14.52
53047,16.1,17.77,16.41,15.23,21.78,26.09,31.16
53049,19.7,21.18,23.54,26.24,22.88,18.45,14.69
53051,17.7,20.08,20.53,20.37,18.55,15.0,12.19
53053,15.2,16.84,17.52,18.55,17.75,15.06,13.97
53055,11.9,12.45,16.67,16.37,16.05,13.43,11.85
53057,14.2,18.5,19.58,19.04,18.66,16.4,15.42
53059,14.5,14.75,16.55,19.65,16.45,13.71,11.29
53061,17.0,17.79,16.39,17.49,20.24,20.74,23.1
53063,13.7,19.14,22.83,17.93,16.19,13.31,10.84
53065,15.5,15.33,20.61,20.5,18.29,14.16,10.48
53067,10.5,13.57,12.05,13.34,13.63,12.32,12.79
53069,15.5,16.68,19.18,21.34,21.01,20.16,20.14
53071,20.0,16.63,16.8,22.54,19.39,15.1,10.98
53073,8.9,13.45,10.0,11.94,8.63,3.42,-0.95
53075,6.4,8.42,8.82,9.79,8.48,5.51,3.44
53077,10.2,11.67,11.84,15.18,15.03,15.07,15.61
54001,14.3,16.82,18.5,21.49,20.64,23.08,23.47
54003,39.6,41.38,66.67,71.09,57.25,46.8,33.18
54005,78.9,71.97,58.43,70.31,87.82,107.76,125.86
54007,18.2,19.93,22.03,25.43,26.18,30.79,33.42
54009,35.5,36.1,42.15,42.38,36.76,34.51,30.41
54011,51.5,72.62,93.15,134.58,115.16,97.83,79.02
54013,15.3,15.98,17.37,18.56,20.36,25.27,28.62
54015,24.0,27.31,31.15,28.78,33.79,41.78,48.05
54017,14.5,15.72,18.8,19.41,17.45,18.71,17.98
54019,37.2,35.53,38.4,59.34,51.96,47.02,40.66
54021,10.3,11.24,12.73,14.11,13.91,16.77,18.23
54023,12.9,15.53,19.53,18.25,23.24,31.69,38.47
54025,29.4,31.24,30.14,31.51,33.16,37.52,39.9
54027,30.3,41.46,51.87,46.44,49.91,57.12,61.28
54029,47.3,45.61,47.79,52.18,43.25,38.13,31.15
54031,14.4,17.06,18.87,20.22,23.53,30.11,34.62
54033,27.1,27.75,34.03,32.35,31.62,34.03,34.64
54035,18.4,19.65,22.04,23.83,24.06,26.88,28.42
54037,24.0,28.67,47.87,40.35,37.93,38.12,35.72
54039,41.6,52.7,57.98,67.06,64.91,65.41,64.81
54041,12.9,14.63,16.66,24.1,21.41,22.1,20.38
54043,44.2,43.1,55.53,70.62,55.3,42.42,28.3
54045,58.2,61.45,56.87,87.0,67.24,49.8,30.35
54047,57.4,104.78,80.62,76.83,82.59,91.41,97.91
54049,15.4,16.39,20.48,20.7,24.57,31.52,36.63
54051,18.1,18.49,23.79,25.04,25.1,28.28,29.6
54053,36.6,32.52,44.92,52.43,45.94,41.9,36.33
54055,64.1,60.3,66.83,61.11,58.48,58.89,57.08
54057,16.6,21.64,32.77,27.49,29.38,34.79,37.68
54059,75.9,60.18,75.75,72.54,52.25,34.35,14.59
54061,14.0,14.4,24.47,24.69,20.1,18.74,15.83
54063,24.7,27.85,32.72,33.39,31.57,32.26,31.18
54065,28.2,30.53,38.51,50.71,41.41,36.01,27.1
54067,31.0,34.33,42.55,37.12,28.94,24.05,17.35
54069,21.9,27.07,28.56,35.53,37.74,43.07,46.84
54071,12.6,13.08,15.42,17.47,17.05,20.06,20.85
54073,14.9,16.1,18.13,18.1,19.48,23.68,26.71
54075,23.5,29.59,30.48,30.75,29.34,30.88,30.17
54077,17.9,15.85,22.55,22.02,17.08,15.52,11.93
54079,22.1,30.03,33.78,49.22,38.21,29.64,19.88
54081,49.9,69.97,61.45,72.96,66.16,61.17,55.01
54083,16.0,15.95,20.29,20.51,18.01,18.85,17.09
54085,13.6,14.77,16.86,19.46,17.71,19.11,19.26
54087,18.7,21.3,29.56,25.45,26.21,29.51,31.23
54089,38.1,43.18,52.26,51.33,48.46,48.11,45.95
54091,14.3,16.03,18.09,21.93,22.08,25.25,26.75
54093,9.9,10.75,13.09,13.31,13.23,16.75,18.34
54095,13.8,15.13,17.01,18.34,18.57,21.67,22.82
54097,11.3,13.5,15.34,18.88,15.88,16.79,14.86
54099,42.3,43.98,71.39,99.86,67.29,36.66,4.33
54101,29.5,35.04,36.2,37.68,36.36,38.69,38.84
54103,16.3,19.99,21.3,25.08,25.22,28.11,29.57
54105,15.8,17.09,19.53,19.7,21.27,25.42,28.44
54107,23.9,25.23,41.29,28.13,30.88,36.4,40.84
54109,78.0,95.35,78.91,78.51,68.66,60.86,51.36
55001,18.4,19.68,20.65,27.17,30.55,34.72,36.87
55003,15.5,17.43,17.07,20.84,19.41,18.7,16.01
55005,7.5,7.82,8.91,9.25,8.34,8.76,7.39
55007,8.9,9.28,9.58,11.76,11.07,11.26,9.3
55009,10.6,11.28,12.95,15.08,11.46,9.02,4.49
55011,6.9,7.01,8.52,8.65,9.27,11.95,11.83
55013,10.8,10.57,12.91,12.17,12.49,14.31,14.32
55015,7.4,7.78,8.03,8.55,8.09,9.72,8.91
55017,7.7,9.0,10.76,14.21,11.95,11.43,8.23
55019,5.1,5.43,6.61,7.18,6.12,6.04,3.76
55021,15.3,19.93,25.07,22.57,24.41,27.93,28.57
55023,9.2,11.27,12.18,13.21,11.55,11.4,8.86
55025,15.2,16.2,19.65,19.96,19.07,19.81,17.73
55027,13.3,19.79,24.43,23.14,22.9,23.5,22.01
55029,7.1,8.14,7.84,9.1,7.99,8.71,6.87
55031,10.9,11.66,13.37,16.14,13.99,12.88,9.7
55033,6.3,8.15,8.52,8.71,7.79,8.82,7.55
55035,8.6,9.22,10.63,11.03,11.22,13.22,12.69
55037,13.4,15.67,16.93,20.12,17.94,17.0,14.27
55039,11.4,13.76,14.07,12.09,14.33,17.72,18.93
55041,18.8,18.56,20.35,25.38,27.48,31.23,33.26
55043,7.7,7.3,9.73,9.63,7.96,7.69,4.5
55045,9.3,10.01,13.48,11.22,13.59,17.38,18.98
55047,12.6,11.88,14.64,14.71,12.95,12.38,9.64
55049,10.2,10.52,13.87,12.59,12.04,13.49,12.35
55051,10.9,12.85,13.58,16.05,15.64,16.53,15.59
55053,10.6,12.48,13.92,19.16,13.47,8.34,1.61
55055,13.6,13.64,13.99,19.71,16.2,13.65,8.94
55057,10.9,12.8,16.07,16.03,16.04,16.76,15.63
55059,25.0,22.43,27.86,30.85,25.34,20.1,14.19
55061,6.8,7.11,8.12,8.55,8.27,9.72,8.83
55063,9.6,11.2,16.95,19.61,16.56,14.42,9.68
55065,6.0,6.21,8.31,7.89,7.97,9.67,9.14
55067,10.7,14.04,14.04,15.09,14.17,15.11,13.81
55069,10.4,10.78,11.4,11.95,12.61,15.02,15.48
55071,15.6,18.08,15.41,16.04,16.35,18.64,18.28
55073,6.9,9.01,10.55,11.23,9.01,7.54,4.38
55075,9.2,10.83,13.18,13.95,12.47,12.38,9.91
55077,17.9,16.91,24.23,28.82,28.83,29.9,28.3
55078,19.5,19.97,22.38,28.1,24.98,23.47,19.75
55079,25.9,26.5,32.94,37.11,36.54,36.62,35.14
55081,14.6,11.39,13.13,14.88,15.22,15.76,14.85
55083,6.3,6.46,8.05,8.18,7.14,7.33,5.22
55085,9.3,10.8,12.64,10.79,12.94,16.98,19.04
55087,7.7,9.59,10.3,11.12,7.92,6.35,2.67
55089,9.7,9.35,9.92,12.36,9.88,8.45,5.0
55091,5.9,6.49,7.39,7.86,7.58,9.77,9.84
55093,7.5,7.32,7.79,9.73,8.82,10.01,8.75
55095,6.6,7.75,7.05,7.62,8.4,10.64,10.39
55097,8.0,8.09,10.25,10.76,9.58,9.33,6.9
55099,7.9,8.7,10.76,11.89,10.82,9.9,7.99
55101,21.0,19.06,17.53,24.17,16.3,9.1,0.52
55103,10.2,10.61,16.08,15.57,13.84,13.32,10.21
55105,18.8,19.02,25.24,27.94,27.33,27.76,26.19
55107,9.0,9.79,10.01,12.52,11.44,11.2,9.39
55109,6.7,6.87,7.71,8.63,8.83,11.19,10.95
55111,13.9,18.04,22.19,19.16,22.44,27.35,29.46
55113,18.9,17.68,19.19,22.64,21.86,22.83,21.08
55115,7.9,8.24,10.01,13.15,10.75,10.15,7.43
55117,10.5,15.11,17.69,17.42,14.54,13.11,9.63
55119,4.7,5.74,5.95,6.25,6.11,7.49,6.51
55121,7.1,6.62,9.09,8.49,9.35,11.53,11.21
55123,8.9,7.27,10.37,10.0,8.28,8.0,5.25
55125,15.7,20.32,18.54,19.54,20.21,22.5,22.77
55127,13.9,14.39,17.64,18.9,18.8,19.41,18.65
55129,8.6,10.79,11.39,12.08,10.37,10.2,8.0
55131,13.4,12.86,16.18,16.45,15.27,14.81,12.45
55133,12.7,11.85,15.64,18.61,17.41,16.35,13.98
55135,8.1,8.97,9.41,10.71,10.94,13.01,12.44
55137,7.6,7.68,10.32,10.32,9.93,10.91,9.53
55139,14.8,14.47,15.06,18.42,16.83,16.91,14.32
55141,8.7,10.74,14.26,12.69,10.49,8.91,5.68
56001,11.3,11.46,14.56,13.1,11.72,11.11,8.52
56003,13.2,15.2,18.9,21.38,18.81,16.79,12.67
56005,13.7,12.69,12.82,14.76,13.12,13.64,10.57
56007,20.8,23.5,27.64,26.59,21.22,17.82,10.83
56009,9.3,9.99,13.46,11.64,11.86,12.7,11.49
56011,7.5,7.59,8.68,9.93,8.9,8.45,5.07
56013,17.5,24.42,20.88,17.55,21.44,26.87,29.32
56015,8.6,9.9,10.07,10.73,11.55,12.58,11.83
56017,12.1,12.68,13.98,15.84,14.88,15.94,13.64
56019,10.5,11.99,13.75,13.96,12.65,12.91,9.7
56021,17.7,16.8,14.45,16.49,14.07,12.67,8.17
56023,15.0,15.37,18.83,18.24,15.12,13.84,8.79
56025,20.6,17.92,20.3,16.99,18.15,20.66,20.46
56027,9.1,10.43,11.41,12.14,11.65,12.52,10.47
56029,11.0,13.19,15.38,15.01,13.59,12.62,9.43
56031,12.1,13.17,14.82,15.07,16.12,17.62,17.37
56033,9.4,9.7,10.91,12.07,11.02,10.25,7.44
56035,8.4,8.72,10.34,10.37,11.21,13.21,11.95
56037,22.1,17.43,24.06,19.65,18.9,20.75,18.01
56039,7.0,7.6,9.41,9.69,9.18,9.42,6.71
56041,24.2,23.64,23.82,22.76,20.08,19.06,13.85
56043,12.1,13.95,15.8,16.14,18.96,23.34,24.5
56045,8.1,8.77,10.15,10.8,10.9,11.43,9.44
