FIPS,2014 kals,2015 kals,2016 kals,2017 kals,2018 kals,2019 kals,2020 kals
01001,8.2,8.77,10.44,12.51,14.63,16.5,18.22
01003,18.0,20.09,16.88,14.09,10.55,7.32,2.72
01005,4.4,4.67,5.7,8.15,9.66,11.52,12.16
01007,17.2,16.83,21.82,26.93,31.84,37.6,42.12
01009,18.6,18.05,22.18,26.29,31.47,36.38,38.97
01011,6.3,7.17,8.26,10.67,12.49,15.12,16.29
01013,7.4,8.53,10.59,13.2,14.52,16.47,17.56
01015,14.8,16.02,14.79,15.62,15.1,15.61,13.2
01017,8.7,9.95,11.99,16.19,19.59,23.87,25.96
01019,14.4,17.33,18.02,20.48,21.48,23.33,22.24
01021,14.2,17.53,15.4,13.32,11.45,9.79,7.31
01023,5.7,6.6,6.99,7.87,8.11,8.63,8.62
01025,6.9,7.56,8.04,9.25,9.38,10.46,10.33
01027,7.9,9.38,10.92,13.9,16.8,20.35,21.33
01029,14.5,15.73,13.93,14.61,13.64,14.07,11.47
01031,7.5,7.24,8.62,11.38,12.99,15.38,16.27
01033,7.8,8.25,9.19,9.22,9.41,10.11,8.88
01035,12.9,13.86,15.62,17.94,18.87,20.25,21.15
01037,9.2,10.51,12.24,15.34,18.41,21.85,23.6
01039,10.1,9.59,8.73,8.4,7.19,6.68,5.02
01041,7.3,7.52,8.14,9.48,9.85,10.84,10.88
01043,26.0,18.98,20.55,21.53,23.09,24.73,24.15
01045,8.9,9.95,10.51,12.36,13.3,14.88,14.78
01047,6.4,6.01,6.65,7.42,8.21,8.37,7.93
01049,12.1,21.31,23.17,25.92,27.56,30.32,30.61
01051,8.6,7.29,9.43,12.45,15.43,18.69,21.39
01053,27.9,25.82,26.19,26.95,26.15,26.45,26.1
01055,16.8,19.57,17.5,16.91,15.29,14.13,10.45
01057,14.6,14.79,19.13,23.43,26.83,30.87,33.87
01059,16.4,16.0,17.45,18.3,19.45,21.17,20.99
01061,8.4,10.84,11.16,13.15,13.33,14.25,13.67
01063,4.8,5.14,5.86,6.45,5.99,6.41,5.72
01065,5.9,6.22,6.71,6.72,6.0,6.34,5.55
01067,6.1,7.03,7.51,8.97,9.75,11.14,11.25
01069,11.3,12.0,11.14,11.26,10.35,10.1,8.2
01071,10.4,10.86,10.27,10.51,9.71,9.66,7.72
01073,25.6,24.02,29.11,35.08,41.29,47.7,52.31
01075,7.5,8.67,9.48,10.15,9.59,9.61,9.24
01077,9.5,9.72,11.85,13.03,14.92,16.8,16.83
01079,13.7,13.64,17.1,19.45,22.72,25.65,27.07
01081,7.1,8.66,7.8,8.89,9.07,9.79,8.86
01083,7.4,8.66,8.81,8.09,7.74,7.91,5.71
01085,5.0,6.33,6.36,6.79,7.29,7.63,7.43
01087,5.7,6.1,7.08,9.34,11.85,14.3,15.1
01089,7.7,11.04,15.03,18.45,22.16,26.55,28.46
01091,4.7,4.83,5.4,6.11,5.86,6.38,6.01
01093,5.6,6.62,7.2,7.22,7.25,7.83,7.4
01095,17.6,20.01,15.95,12.49,8.79,5.26,-0.63
01097,13.5,16.09,15.48,14.93,13.67,12.95,11.16
01099,8.7,9.28,10.03,11.78,12.03,12.88,13.4
01101,7.2,6.7,7.56,8.56,9.56,10.47,10.9
01103,12.6,18.34,15.19,11.13,7.24,3.67,-2.12
01105,5.3,5.7,6.58,7.79,8.1,9.0,8.95
01107,12.6,11.8,12.93,13.6,12.88,13.24,12.89
01109,5.5,6.21,7.71,10.71,12.75,15.3,16.38
01111,9.7,10.05,12.37,16.94,20.15,24.59,26.45
01113,11.5,12.11,12.47,15.33,16.46,18.37,18.59
01115,31.2,23.79,29.04,35.55,41.83,48.06,52.35
01117,18.0,18.48,20.83,23.78,27.01,30.66,32.61
01119,4.1,4.52,4.83,4.45,3.12,3.56,2.46
01121,9.3,10.7,11.9,14.34,16.7,20.1,20.67
01123,9.7,8.45,13.84,21.27,28.0,35.69,41.28
01125,12.5,13.48,15.52,17.48,18.74,20.57,21.88
01127,31.4,24.32,26.39,28.13,29.98,32.16,32.86
01129,7.0,7.56,8.89,10.96,11.66,13.39,14.03
01131,5.1,5.19,6.0,7.68,8.08,8.71,8.98
01133,10.3,9.54,12.83,15.75,18.77,22.02,23.74
02013,11.3,12.41,14.09,16.22,18.93,19.17,22.11
02016,9.9,10.78,11.52,11.04,11.38,9.83,12.41
02020,19.1,19.88,19.07,19.63,18.65,17.04,17.84
02050,8.5,9.25,12.33,17.87,21.94,25.38,31.14
02060,14.6,16.87,18.25,22.19,24.98,27.99,32.96
02063,0.0,0.0,0.03,0.76,0.73,-0.17,1.27
02066,0.0,0.01,0.07,0.52,0.1,-0.18,0.63
02068,11.8,12.04,13.86,16.73,18.71,20.21,22.94
02070,13.9,14.22,17.07,21.72,25.82,30.14,35.86
02090,14.9,12.46,14.93,18.05,21.5,25.04,28.34
02100,9.4,10.28,11.54,14.72,14.85,15.64,16.49
02105,0.0,0.2,0.15,1.47,0.49,0.52,1.2
02110,15.3,18.51,20.52,24.59,25.94,28.02,30.24
02122,18.1,23.52,24.33,27.65,29.58,31.04,35.69
02130,14.7,14.24,15.93,18.61,19.38,19.05,20.73
02150,11.9,14.48,16.27,21.73,25.47,27.37,33.58
02158,8.4,10.25,10.36,11.48,13.48,13.64,15.77
02164,12.8,14.05,15.88,20.37,23.27,26.07,31.35
02170,18.5,16.51,21.52,27.63,32.7,36.99,43.88
02180,9.9,10.12,10.79,11.96,13.49,13.72,16.33
02185,8.8,10.19,10.92,10.24,10.59,10.87,10.21
02188,5.5,5.98,6.92,6.71,7.89,8.32,9.38
02195,0.0,0.06,0.02,1.46,0.66,-0.35,-0.32
02198,0.0,0.01,0.07,1.22,-0.49,-1.73,-1.09
02220,12.8,14.75,15.66,18.53,17.98,18.55,20.35
02230,0.0,0.12,0.2,1.98,0.94,0.3,-0.23
02240,9.6,10.98,12.59,14.62,15.87,17.6,19.86
02275,0.0,-0.03,0.04,1.12,-0.01,-1.16,-1.2
02282,11.2,12.18,13.97,16.71,16.82,18.09,19.92
02290,11.3,13.06,15.81,17.76,20.1,22.12,24.34
04001,10.8,11.4,11.81,13.31,16.35,18.62,20.03
04003,16.7,23.48,21.21,18.18,18.98,16.62,12.84
04005,12.6,17.25,15.44,15.56,16.69,16.67,15.95
04007,28.3,31.43,35.46,40.18,47.34,51.24,55.21
04009,17.3,19.39,20.04,21.36,25.42,26.84,27.18
04011,16.4,20.8,18.26,15.92,16.47,15.0,12.22
04012,20.4,25.18,29.19,33.85,41.58,46.16,49.57
04013,17.0,17.29,18.87,21.23,26.21,28.19,29.38
04015,27.1,29.07,27.6,27.9,30.02,29.33,28.15
04017,21.5,16.86,26.86,37.91,50.75,62.49,72.65
04019,22.2,23.26,23.77,24.58,28.37,28.62,27.92
04021,9.7,14.05,14.61,15.74,19.49,19.31,19.23
04023,10.0,11.92,11.81,11.7,14.95,15.49,14.63
04025,26.6,25.91,30.16,36.77,44.83,50.28,55.26
04027,17.1,15.19,18.25,20.93,26.93,29.02,31.03
05001,11.6,11.32,12.05,11.84,11.24,10.18,9.39
05003,10.6,12.17,12.37,10.83,10.13,8.47,6.89
05005,20.2,20.74,20.72,20.67,20.93,20.65,19.24
05007,13.6,14.15,15.04,16.72,18.11,18.5,17.89
05009,12.1,16.53,16.33,16.71,16.52,16.17,14.51
05011,6.6,7.18,8.72,8.39,9.21,9.52,9.64
05013,10.2,10.5,12.62,13.27,14.99,16.33,17.07
05015,15.9,19.28,18.54,18.47,18.07,17.1,14.93
05017,7.6,10.25,10.21,8.72,7.55,5.71,3.98
05019,6.7,7.66,8.68,8.97,10.11,10.97,10.87
05021,12.6,20.73,17.74,15.57,13.09,9.9,7.2
05023,10.4,11.99,13.31,14.66,16.31,17.28,18.15
05025,8.1,8.82,11.17,11.94,13.18,13.99,14.43
05027,10.1,11.42,11.88,10.76,11.02,10.17,8.41
05029,13.4,14.3,16.19,17.39,19.46,21.24,22.25
05031,9.8,13.01,12.24,11.86,11.55,10.5,10.14
05033,17.6,19.6,20.75,22.82,24.13,24.68,24.43
05035,9.2,11.54,12.28,13.14,13.36,13.97,14.06
05037,11.1,13.3,13.63,14.11,14.0,14.05,14.44
05039,6.6,7.58,8.43,8.34,9.07,9.1,8.44
05041,6.2,6.79,7.78,7.07,6.48,4.94,3.5
05043,11.3,11.72,13.66,13.49,13.78,13.79,13.42
05045,12.3,10.84,13.28,15.19,17.63,19.55,21.0
05047,15.9,15.68,20.78,26.76,31.96,35.94,40.07
05049,14.1,16.93,17.97,18.92,20.49,21.94,22.52
05051,25.1,26.06,25.73,24.55,24.2,23.15,21.96
05053,12.4,11.13,12.74,12.89,13.22,13.7,13.44
05055,14.2,17.93,17.88,18.42,18.47,18.1,18.16
05057,7.0,7.89,8.21,7.76,8.52,8.2,6.96
05059,10.6,11.37,13.16,13.72,15.36,16.5,16.92
05061,7.0,7.42,7.99,8.92,9.96,10.29,10.21
05063,11.1,12.19,13.66,15.47,17.25,19.05,20.61
05065,16.0,21.95,19.12,16.58,14.72,12.46,9.29
05067,10.9,13.21,15.48,18.01,20.16,22.01,23.88
05069,7.8,10.33,10.42,9.16,7.95,6.98,5.62
05071,12.1,14.06,14.32,15.39,16.03,15.99,15.5
05073,6.4,7.04,7.87,7.78,8.66,8.58,7.4
05075,12.2,13.51,13.42,14.06,14.5,14.6,14.5
05077,8.4,9.07,10.37,12.14,12.52,12.49,12.94
05079,10.1,11.03,12.39,11.6,11.6,11.05,10.21
05081,10.3,11.2,12.49,13.86,14.86,15.18,15.04
05083,16.5,16.27,20.59,25.57,30.32,33.97,37.76
05085,15.1,12.67,18.76,24.27,30.44,36.22,42.08
05087,8.3,8.69,11.52,15.11,18.47,20.43,21.64
05089,14.4,13.8,16.18,18.9,20.9,22.61,23.0
05091,7.9,7.49,7.69,7.27,6.86,5.71,3.52
05093,12.5,11.53,17.22,23.33,29.27,34.65,40.46
05095,6.7,7.24,8.27,9.13,9.42,9.52,9.64
05097,10.8,11.94,13.21,14.95,16.63,17.42,17.65
05099,7.3,7.7,9.38,10.04,12.15,13.31,13.69
05101,14.0,15.41,17.06,18.86,21.13,22.4,23.03
05103,8.9,10.07,12.14,12.88,14.65,16.13,16.62
05105,10.3,12.2,14.21,16.0,18.34,19.93,21.38
05107,7.2,7.34,9.07,10.87,11.5,11.59,12.48
05109,12.3,15.49,15.21,15.51,16.12,16.21,15.19
05111,16.0,18.15,19.84,21.77,23.47,25.08,27.22
05113,12.4,15.57,16.2,17.89,19.05,19.39,18.84
05115,10.6,10.2,13.56,17.36,21.03,24.04,26.47
05117,7.5,8.55,9.47,10.07,10.92,11.41,11.99
05119,13.8,12.46,14.87,16.21,18.25,19.78,20.68
05121,12.3,14.18,14.27,14.94,15.56,15.91,16.65
05123,7.4,7.17,8.1,8.91,9.27,9.35,9.43
05125,13.6,13.87,16.55,18.03,20.48,22.71,24.25
05127,15.0,17.19,20.65,24.84,28.3,30.99,33.3
05129,12.0,14.56,16.48,18.9,21.25,23.26,24.31
05131,13.6,16.03,19.75,24.69,28.54,31.37,33.81
05133,9.0,10.89,11.43,12.82,13.76,14.08,13.99
05135,17.2,18.7,20.35,22.5,25.13,27.41,28.81
05137,10.5,11.69,12.65,13.93,15.51,16.62,17.2
05139,11.8,10.19,13.64,14.73,17.55,19.66,21.14
05141,9.8,12.44,12.96,13.26,13.88,14.04,13.9
05143,8.6,8.95,8.87,9.46,9.69,8.48,6.49
05145,11.2,14.31,15.67,16.95,18.7,19.49,20.99
05147,10.9,12.0,13.45,14.82,16.04,17.24,18.21
05149,11.1,12.05,14.28,17.34,20.37,22.61,24.07
06001,10.4,12.03,10.47,9.8,7.72,6.88,4.62
06003,17.1,18.64,21.1,23.93,24.73,27.45,29.21
06005,29.0,24.09,24.82,25.76,25.22,25.97,26.27
06007,32.3,29.66,32.5,36.06,37.93,41.37,45.38
06009,18.6,20.87,20.99,20.95,19.88,19.59,18.56
06011,9.6,11.28,16.01,21.08,24.57,29.17,33.66
06013,11.4,10.24,10.8,12.03,11.76,12.84,12.63
06015,17.5,18.94,19.57,20.31,20.48,22.67,23.48
06017,24.0,21.62,22.98,24.46,24.43,25.51,26.33
06019,13.3,14.31,14.68,14.99,15.86,17.3,16.33
06021,22.0,18.8,20.54,22.42,22.75,24.93,26.6
06023,32.3,31.95,39.79,47.23,54.17,62.68,69.99
06025,14.2,19.79,19.2,17.17,19.23,18.04,15.74
06027,20.5,19.05,24.21,30.79,37.08,43.68,48.66
06029,24.2,24.19,23.47,23.53,24.01,23.97,21.73
06031,13.3,11.02,10.29,9.6,9.68,10.14,7.7
06033,49.9,48.25,38.1,27.54,15.85,5.62,-5.25
06035,33.5,29.29,36.27,45.26,51.27,58.93,66.36
06037,7.4,7.25,8.12,10.51,13.2,14.63,14.14
06039,13.4,14.95,13.66,11.89,11.17,10.78,8.11
06041,9.2,9.71,14.6,20.46,25.65,31.31,35.77
06043,22.5,20.4,26.05,31.11,35.8,41.78,45.87
06045,26.8,22.01,31.13,39.16,46.71,56.06,64.25
06047,11.5,14.34,14.39,14.71,14.21,15.15,13.7
06049,25.4,23.23,27.54,34.1,38.36,44.67,50.16
06051,9.1,10.41,13.39,16.69,19.57,23.18,24.37
06053,11.4,11.27,12.52,14.7,17.07,20.04,20.49
06055,10.1,12.31,10.75,9.46,7.41,6.36,3.99
06057,19.3,19.53,19.7,20.37,19.24,19.27,19.48
06059,11.9,12.06,13.08,15.85,18.97,20.67,20.97
06061,10.5,12.08,13.0,14.84,14.86,16.06,16.86
06063,35.7,31.83,27.35,23.78,18.06,13.73,9.41
06065,14.1,14.41,14.9,15.83,18.47,19.55,19.21
06067,17.0,18.68,16.09,14.42,10.73,8.01,5.38
06069,9.7,10.8,10.07,10.04,9.74,10.07,8.28
06071,6.0,5.26,4.98,5.88,8.1,8.97,8.12
06073,12.9,12.85,13.21,12.68,14.79,14.81,13.81
06075,19.6,22.35,22.15,22.69,21.96,22.19,21.18
06077,16.9,16.54,15.21,14.66,12.21,11.01,9.23
06079,12.7,17.69,16.67,15.55,15.67,15.82,12.64
06081,9.0,9.43,7.74,6.83,5.04,3.94,1.61
06083,12.8,15.73,15.47,15.42,15.94,16.74,14.01
06085,7.2,7.4,7.7,9.24,9.41,10.56,10.54
06087,20.4,18.47,18.15,18.91,19.36,20.7,20.03
06089,23.2,20.28,23.59,27.21,28.98,32.92,35.88
06091,26.1,25.26,28.01,31.65,32.95,35.57,38.38
06093,17.4,24.93,29.29,35.39,38.85,44.62,50.05
06095,15.3,13.96,12.35,11.28,9.13,8.12,6.09
06097,14.9,15.92,13.26,11.03,7.72,5.16,2.07
06099,13.6,18.43,14.59,11.28,6.3,2.73,-2.15
06101,10.1,11.91,13.35,15.57,15.24,16.26,17.68
06103,12.7,13.04,14.76,16.69,17.08,19.19,21.01
06105,19.6,21.99,27.85,33.18,38.37,44.64,50.16
06107,8.3,9.61,9.71,10.42,11.67,13.29,12.23
06109,30.3,34.33,30.66,26.42,21.8,17.93,12.85
06111,14.3,14.32,13.48,13.62,14.36,13.93,11.39
06113,11.2,13.07,14.13,15.99,15.97,16.98,17.77
06115,10.7,13.09,16.19,19.96,21.32,24.24,27.39
08001,0.0,-0.13,0.0,0.69,1.87,3.32,4.28
08003,23.7,22.19,22.59,23.11,25.49,26.98,28.25
08005,16.4,16.31,16.21,16.59,17.44,18.35,19.07
08007,11.9,13.44,15.34,18.17,22.79,26.11,29.35
08009,12.7,13.84,15.68,18.05,19.85,22.82,24.65
08011,16.8,18.95,21.82,24.87,29.0,33.54,36.99
08013,16.2,15.15,15.59,16.8,18.7,20.6,22.0
08014,0.0,-0.17,0.06,0.96,2.28,3.65,4.56
08015,16.6,17.09,19.71,23.24,27.78,32.03,35.15
08017,7.4,8.05,9.32,11.66,14.26,16.57,17.4
08019,12.7,13.56,14.88,16.18,18.38,20.96,22.62
08021,23.0,24.61,30.75,37.2,45.37,52.48,59.79
08023,25.9,25.13,28.36,32.15,36.77,41.18,45.73
08025,12.8,13.52,16.76,20.05,24.45,27.95,31.98
08027,16.7,19.29,22.3,25.02,29.53,32.75,36.21
08029,14.2,13.38,15.92,19.21,24.48,28.3,31.2
08031,20.5,18.65,19.28,20.71,22.46,24.22,25.58
08033,16.6,17.1,20.53,24.95,31.8,37.95,42.9
08035,7.7,7.51,10.48,14.83,19.1,23.22,27.26
08037,7.6,8.91,9.68,10.64,12.64,14.25,14.44
08039,9.9,11.08,13.84,17.48,21.0,24.91,28.61
08041,20.7,21.51,24.09,26.76,30.23,33.58,37.04
08043,16.5,19.67,27.66,35.72,44.91,52.92,61.57
08045,12.6,11.36,18.53,25.56,33.77,41.57,48.26
08047,13.8,13.33,14.74,16.93,19.92,23.25,25.68
08049,12.0,11.08,13.55,15.98,19.01,22.61,25.06
08051,10.1,12.08,13.15,14.39,17.55,19.62,20.57
08053,12.3,13.45,15.35,17.63,22.47,25.9,28.54
08055,38.2,37.38,47.36,57.71,69.09,79.94,90.84
08057,15.9,16.32,18.76,21.55,25.27,29.0,31.77
08059,0.0,-0.15,0.19,1.46,3.03,4.52,5.59
08061,9.7,10.64,12.23,14.71,17.4,20.18,22.05
08063,9.5,8.77,9.71,12.03,14.52,16.78,17.94
08065,13.4,16.14,16.63,17.58,19.68,21.12,21.16
08067,11.2,14.92,15.14,16.07,19.03,20.98,22.24
08069,16.4,15.26,13.52,11.94,10.81,9.75,8.16
08071,33.9,40.91,41.04,41.21,42.54,43.47,44.17
08073,11.1,11.33,13.65,16.62,19.62,23.16,26.22
08075,11.5,11.85,16.56,21.62,27.69,33.75,38.44
08077,14.7,20.16,18.51,17.65,18.26,17.15,15.53
08079,14.0,15.35,17.44,19.72,24.5,28.47,32.19
08081,15.0,16.18,18.6,20.57,24.28,27.59,29.9
08083,14.3,15.35,22.07,29.3,38.54,47.34,55.02
08085,11.3,10.59,13.74,17.91,23.51,28.43,32.16
08087,11.0,12.95,14.02,15.47,17.1,19.43,20.05
08089,21.6,17.94,20.96,24.17,28.58,32.51,36.03
08091,12.7,13.72,14.81,16.94,20.91,24.48,26.54
08093,13.5,13.97,18.61,23.8,29.56,35.32,40.29
08095,8.0,8.77,10.55,13.0,16.28,19.69,20.79
08097,12.7,12.49,13.9,15.68,18.45,20.7,21.49
08099,12.6,13.77,16.35,18.98,22.06,25.57,27.69
08101,26.2,27.49,25.62,24.08,23.37,21.58,20.83
08103,14.9,15.29,20.47,26.11,33.19,39.93,46.05
08105,22.5,24.22,29.61,34.99,42.67,49.2,55.96
08107,11.3,12.7,18.96,25.09,32.47,39.4,45.65
08109,14.2,17.2,17.92,18.68,21.3,22.67,24.02
08111,14.2,14.79,16.52,18.87,23.51,27.09,29.43
08113,10.1,11.49,12.62,14.32,18.36,21.59,23.48
08115,10.4,11.91,12.97,13.8,16.05,18.72,19.05
08117,9.5,11.8,11.76,11.92,12.9,13.95,13.89
08119,18.5,18.11,18.41,19.14,20.93,22.29,23.89
08121,7.8,8.54,9.74,12.2,15.4,18.49,19.36
08123,0.0,-0.04,-0.13,-0.0,0.75,1.7,1.85
08125,4.6,5.24,5.82,8.12,10.51,12.36,12.56
09001,11.1,14.62,18.51,21.98,26.78,30.14,36.4
09003,17.8,22.73,28.98,35.05,41.6,47.1,55.72
09005,26.9,28.89,25.49,21.85,18.64,14.99,13.7
09007,20.3,23.76,28.36,31.94,36.71,40.53,47.21
09009,17.6,24.06,29.16,33.07,38.28,42.37,49.39
09011,21.1,26.57,33.93,40.6,48.37,54.96,64.17
09013,16.7,17.15,22.54,27.36,33.48,37.87,45.51
09015,25.5,27.86,30.26,32.08,34.64,36.17,39.94
10001,21.8,21.6,25.89,31.03,36.62,40.66,48.52
10003,20.2,21.4,28.36,36.12,43.75,50.29,61.16
10005,18.5,21.38,32.22,44.17,56.1,67.11,81.46
11001,15.1,18.02,33.03,49.77,66.42,81.91,100.95
12001,9.3,10.85,12.78,16.52,21.49,23.73,24.48
12003,19.4,23.49,22.69,23.54,25.17,24.05,22.15
12005,17.2,17.88,24.99,32.74,39.55,46.86,52.02
12007,19.2,20.77,22.11,26.1,30.5,32.16,32.94
12009,20.8,26.99,31.33,39.09,46.45,51.58,55.95
12011,12.2,15.17,27.29,40.89,55.06,66.6,77.22
12013,11.4,11.84,13.87,17.5,20.38,23.33,24.13
12015,8.3,9.26,10.15,13.69,17.18,18.66,18.39
12017,20.5,21.54,38.16,56.51,76.11,92.84,108.18
12019,16.1,21.61,31.86,44.05,56.9,67.2,76.43
12021,14.3,15.7,15.66,17.06,19.61,20.1,18.73
12023,18.2,18.18,17.75,18.84,21.43,21.11,19.68
12027,12.3,11.71,13.81,19.15,24.48,27.95,29.27
12029,23.3,27.24,32.91,40.41,48.77,54.97,58.93
12031,17.0,19.11,39.79,62.47,85.68,106.4,126.09
12033,14.0,18.57,15.87,13.31,9.57,6.93,2.53
12035,14.0,14.55,16.64,21.39,26.43,28.73,30.08
12037,20.1,21.73,25.46,30.15,35.3,40.31,42.66
12039,5.7,6.36,8.1,11.87,15.16,17.9,18.46
12041,11.8,13.62,13.99,16.34,19.59,20.48,19.7
12043,15.1,16.22,20.13,26.6,34.2,39.07,43.01
12045,15.1,17.13,17.85,19.41,20.98,22.92,22.78
12047,10.4,12.04,12.07,13.66,15.69,15.99,14.31
12049,9.9,11.66,13.09,17.69,22.57,25.32,27.09
12051,11.3,12.75,14.98,20.0,25.88,29.1,31.21
12053,17.7,19.5,24.01,31.21,39.31,44.83,48.96
12055,17.5,14.96,21.67,31.46,42.0,50.34,57.63
12057,12.7,13.66,16.91,24.01,30.87,35.84,39.4
12059,15.5,16.33,20.69,26.84,31.04,36.16,39.22
12061,18.5,16.89,21.94,30.44,38.94,44.42,49.75
12063,8.0,9.84,11.4,15.21,17.02,19.61,20.08
12065,9.8,10.73,14.05,19.66,25.32,30.45,32.37
12067,16.9,17.75,18.57,21.26,24.82,26.35,25.79
12069,12.9,14.71,15.0,18.13,21.66,22.72,22.69
12071,13.5,15.11,20.01,27.2,35.55,41.37,45.37
12073,6.6,6.66,9.01,13.68,18.23,22.23,23.75
12075,17.8,19.64,21.7,26.01,31.42,34.03,35.04
12077,9.3,9.62,10.94,14.42,16.93,19.3,19.73
12079,8.7,11.59,11.68,13.81,15.54,16.28,14.59
12081,25.7,37.95,43.87,52.71,61.57,68.75,74.06
12083,17.6,16.8,37.83,61.27,85.92,107.69,128.2
12085,15.7,18.44,24.96,34.14,44.35,51.59,58.3
12086,5.5,7.85,11.75,17.14,22.55,26.16,28.64
12087,19.4,26.33,35.68,46.37,57.43,66.69,74.6
12089,15.7,17.63,26.95,38.09,49.64,58.97,67.17
12091,12.9,21.15,21.7,22.1,21.46,21.64,20.05
12093,23.7,25.62,25.8,28.68,32.25,33.23,33.46
12095,14.1,15.22,16.65,21.34,25.86,28.16,29.63
12097,13.3,13.74,15.9,21.63,26.55,29.9,32.19
12099,17.2,22.23,39.02,57.97,77.38,94.15,110.4
12101,22.5,23.63,30.23,39.76,49.58,57.36,63.81
12103,20.7,21.28,27.11,36.09,44.73,51.96,57.33
12105,15.0,15.38,19.8,27.47,34.74,39.99,44.24
12107,13.5,12.11,17.97,26.52,35.35,41.95,46.77
12109,10.7,11.1,16.11,23.62,31.3,36.85,41.07
12111,16.6,17.89,30.35,45.32,61.08,73.46,85.77
12113,13.0,17.15,15.39,14.07,11.26,9.36,6.14
12115,15.1,23.48,23.28,26.28,28.77,29.66,28.69
12117,13.1,15.05,18.43,24.89,31.43,35.56,38.78
12119,9.1,12.02,14.34,18.93,24.5,26.96,29.0
12121,11.3,15.18,15.75,17.78,20.91,21.81,20.94
12123,12.1,13.84,17.11,22.39,27.73,32.08,33.93
12125,14.2,16.31,17.09,20.09,23.84,24.9,24.91
12127,15.8,19.34,22.04,28.2,34.67,38.26,41.3
12129,11.5,12.92,16.6,22.59,27.79,32.95,35.39
12131,11.7,15.88,17.56,19.86,20.45,22.41,22.05
12133,14.0,17.97,17.01,17.27,15.93,15.3,12.89
13001,12.2,11.89,14.32,19.03,23.88,27.46,29.58
13003,13.4,12.93,15.41,19.68,24.34,27.25,28.76
13005,13.0,12.21,14.35,18.94,23.61,27.26,29.12
13007,7.3,8.53,9.09,11.6,13.55,15.29,14.43
13009,7.6,7.04,7.21,9.97,11.99,14.18,14.37
13011,15.3,17.22,19.38,24.38,27.2,30.56,32.22
13013,16.3,15.55,17.38,21.78,24.0,27.57,28.64
13015,17.3,19.2,20.39,24.39,26.42,29.35,30.25
13017,7.3,7.94,8.97,12.45,15.73,18.05,18.79
13019,7.4,8.2,10.0,13.51,17.13,19.88,20.24
13021,9.4,10.71,11.69,15.51,18.34,21.24,22.0
13023,9.7,11.85,12.18,15.45,18.41,20.96,21.88
13025,17.6,21.26,25.49,31.93,39.07,44.48,48.01
13027,6.7,7.27,8.24,11.22,14.53,16.66,16.13
13029,8.0,9.82,10.28,13.19,16.5,18.41,18.56
13031,5.5,6.14,6.96,10.73,14.27,16.95,17.65
13033,9.3,11.82,13.32,17.68,22.08,26.31,27.57
13035,17.1,20.7,20.56,23.75,25.08,27.18,26.87
13037,5.3,6.15,7.07,10.15,11.86,13.84,13.96
13039,10.2,12.98,14.8,17.88,21.57,22.9,23.35
13043,7.8,8.03,9.36,13.72,18.4,22.04,23.5
13045,19.1,18.95,24.37,33.0,39.64,47.58,52.6
13047,20.0,20.14,27.02,35.87,42.16,49.62,55.79
13049,11.0,13.31,14.53,17.81,21.25,23.01,23.26
13051,9.5,10.47,12.29,16.49,21.56,24.82,26.33
13053,8.3,8.05,9.08,12.77,14.48,17.31,17.83
13055,17.1,19.28,23.25,28.91,33.13,38.42,41.18
13057,15.9,19.08,19.7,23.36,24.53,26.83,27.06
13059,9.4,9.89,12.02,17.05,20.23,24.4,26.22
13061,8.5,9.75,11.2,13.89,15.37,17.58,18.18
13063,7.9,9.43,9.45,12.63,13.95,16.05,16.0
13065,8.0,8.27,10.32,14.59,19.0,21.45,22.33
13067,16.0,15.05,16.68,21.84,24.92,28.73,30.42
13069,14.1,14.7,16.69,20.84,25.08,27.88,29.49
13071,8.9,9.7,9.33,10.84,12.59,13.24,11.47
13073,11.9,12.74,13.74,17.93,21.09,24.44,25.59
13075,9.3,10.56,10.45,12.32,14.3,15.13,13.53
13077,10.5,11.74,12.65,16.39,18.3,21.12,21.47
13079,12.7,13.26,17.47,24.43,30.93,37.0,40.96
13081,6.5,6.43,7.48,11.43,14.24,17.28,18.51
13083,13.9,13.61,14.68,17.08,17.41,18.99,18.66
13085,16.9,20.48,21.43,24.59,25.77,27.3,27.23
13087,7.4,8.39,9.57,12.64,14.97,17.24,16.7
13089,8.1,10.14,10.42,14.0,15.06,17.17,16.97
13091,11.7,14.47,16.43,20.73,25.07,28.58,30.6
13093,5.7,5.89,6.94,11.21,14.33,17.3,18.64
13095,6.4,7.53,9.44,13.96,17.67,21.15,22.29
13097,16.3,13.86,19.37,28.03,34.7,42.22,47.18
13099,6.1,6.68,8.46,11.6,12.95,15.47,15.73
13101,8.8,10.17,10.95,13.43,16.11,17.44,16.7
13103,8.3,9.02,10.51,14.37,18.78,21.84,22.9
13105,16.4,17.49,17.16,19.72,20.23,20.91,20.16
13107,7.1,7.25,7.83,11.1,15.33,17.98,18.48
13109,6.9,7.16,8.49,12.46,16.34,19.41,20.55
13111,22.5,22.06,27.16,33.77,38.11,43.63,47.46
13113,10.8,11.81,10.36,12.12,11.88,12.6,10.9
13115,13.2,14.97,18.25,24.12,27.99,33.3,35.71
13117,12.9,14.65,11.8,11.72,9.35,7.81,4.13
13119,24.1,25.32,25.87,29.62,30.92,32.85,33.27
13121,14.0,14.55,15.79,20.4,22.57,25.64,26.53
13123,17.4,16.87,20.98,26.79,30.45,35.2,38.18
13125,10.7,11.69,13.24,17.13,20.86,24.61,25.75
13127,12.0,13.28,16.31,21.02,26.71,30.38,32.33
13129,13.9,12.33,16.76,23.31,27.77,33.46,36.97
13131,5.3,6.02,6.6,9.34,11.88,13.95,13.07
13133,8.7,10.37,10.79,13.74,15.59,18.24,18.19
13135,7.0,10.5,9.33,10.96,10.0,10.42,8.38
13137,10.1,11.38,15.9,23.55,28.05,33.19,37.01
13139,12.9,13.42,15.65,20.3,22.88,26.08,27.37
13141,6.2,6.78,7.69,10.9,13.92,16.79,17.37
13143,26.7,30.05,33.16,38.86,42.91,48.21,50.77
13145,8.6,9.64,13.15,18.99,23.79,29.53,33.03
13147,12.3,13.09,13.75,17.92,19.6,21.84,22.28
13149,13.1,13.56,17.51,23.8,28.65,34.7,38.04
13151,13.8,13.63,16.51,22.69,26.88,31.88,34.24
13153,8.6,10.53,10.62,13.22,15.25,17.28,17.54
13155,8.1,8.93,10.16,13.27,16.46,18.66,19.01
13157,16.7,21.23,20.74,22.88,22.91,23.88,22.58
13159,11.3,11.82,12.94,16.57,18.64,21.42,21.96
13161,18.5,18.07,24.86,33.6,42.8,50.96,57.7
13163,8.2,9.48,10.79,14.66,18.32,21.85,22.66
13165,7.2,7.81,9.32,13.75,18.32,22.39,23.66
13167,8.1,8.46,9.97,14.05,18.29,21.52,23.08
13169,13.4,12.71,12.56,15.05,16.84,19.09,18.86
13171,13.4,17.38,17.28,19.71,20.74,22.19,22.06
13173,7.0,7.18,8.57,12.48,16.24,18.77,19.26
13175,10.4,12.1,14.49,19.16,24.42,28.57,31.34
13177,7.2,8.5,9.37,13.14,15.5,18.05,18.32
13179,9.1,9.65,10.12,12.55,15.59,17.19,17.04
13181,10.8,12.31,14.04,18.3,21.8,25.04,26.06
13183,10.2,11.07,11.83,14.57,17.84,19.65,19.6
13185,6.0,6.49,8.55,12.63,16.83,19.64,20.41
13187,13.6,15.98,20.75,27.53,32.02,36.92,40.58
13189,9.7,10.13,11.75,15.7,19.3,22.76,24.04
13191,12.9,14.03,17.42,22.69,28.8,32.88,35.52
13193,5.9,6.8,7.83,12.05,14.76,17.7,18.42
13195,24.9,19.24,20.09,23.75,25.83,28.36,29.08
13197,7.2,7.38,8.85,13.04,15.99,19.01,20.08
13199,13.2,14.95,13.32,14.16,13.58,13.93,12.17
13201,9.2,9.55,10.73,13.24,14.61,16.62,16.02
13205,7.3,8.84,8.21,10.01,11.5,12.42,10.39
13207,11.8,12.99,14.13,17.72,20.23,22.83,23.76
13209,9.0,9.84,10.67,13.29,16.5,18.18,18.35
13211,11.5,10.42,11.12,14.24,15.78,18.28,18.37
13213,24.4,23.82,23.64,25.45,24.64,25.14,24.12
13215,10.5,9.27,10.04,13.13,14.73,17.27,17.96
13217,10.3,11.84,13.66,18.69,21.4,25.08,26.29
13219,10.2,10.12,9.84,12.33,13.41,15.13,14.65
13221,11.5,12.65,13.38,16.78,18.6,20.76,21.15
13223,19.5,17.03,20.33,26.87,31.69,37.3,40.32
13225,9.3,12.01,12.77,16.64,19.56,22.5,23.58
13227,15.8,14.98,17.51,22.11,24.53,27.6,28.94
13229,19.2,15.25,19.23,25.32,31.76,36.84,40.03
13231,8.6,10.11,10.2,13.12,14.44,16.52,16.84
13233,18.1,21.4,22.9,26.65,28.73,32.11,32.69
13235,8.1,9.01,10.49,14.43,18.29,21.29,22.98
13237,8.7,10.28,11.1,14.49,16.78,19.42,19.69
13239,7.7,8.43,9.61,12.66,14.14,16.21,16.67
13241,23.2,23.8,25.28,29.73,31.43,34.07,34.65
13243,4.7,5.31,6.04,8.79,9.61,11.5,11.74
13245,14.3,19.84,22.23,28.0,33.45,38.81,41.57
13247,12.7,13.52,16.39,22.51,26.13,30.68,33.07
13249,5.8,6.34,7.2,11.08,13.79,16.44,17.33
13251,7.0,7.7,8.61,12.44,16.3,19.79,20.73
13253,10.4,10.25,11.42,14.41,15.88,17.69,17.44
13255,14.2,17.73,17.04,19.6,20.04,21.36,20.5
13257,19.6,19.99,21.89,27.29,29.43,32.76,34.24
13259,6.3,7.19,8.74,13.08,15.33,18.5,19.95
13261,5.2,5.42,6.07,9.49,12.02,14.38,14.76
13263,9.7,10.95,12.0,15.82,18.35,21.15,22.23
13265,9.0,9.82,11.22,14.78,17.3,20.16,20.85
13267,12.2,14.24,16.12,20.81,25.22,28.86,30.54
13269,10.6,10.45,11.76,15.64,18.82,21.85,22.36
13271,8.5,8.98,11.02,15.1,19.39,22.62,24.57
13273,4.7,5.2,5.81,9.35,11.09,13.33,13.96
13275,6.2,5.84,6.88,10.09,13.82,16.29,16.4
13277,5.7,7.86,9.0,11.95,14.39,16.58,16.36
13279,11.9,12.2,11.96,14.06,16.72,18.17,17.56
13281,20.0,19.57,23.27,29.08,32.51,36.89,39.57
13283,6.4,7.06,8.33,11.84,16.41,19.33,20.87
13285,13.5,15.68,15.32,17.27,18.2,20.0,19.28
13287,8.7,9.54,10.3,13.31,15.38,17.51,17.7
13289,9.7,10.6,13.04,17.62,21.82,25.83,28.12
13291,14.7,16.92,20.75,26.43,29.43,34.01,36.38
13293,13.7,13.74,14.16,16.69,18.4,19.97,19.9
13295,16.7,15.49,19.0,24.58,27.81,31.99,34.49
13297,15.3,17.75,17.77,20.86,21.68,23.72,23.42
13299,24.9,16.5,17.6,20.86,24.36,26.43,26.68
13301,8.9,9.69,11.06,14.73,17.88,21.2,22.04
13303,6.7,7.23,8.69,12.6,16.12,19.36,20.73
13305,19.0,20.99,24.08,29.67,35.19,39.57,42.13
13307,5.7,6.53,7.55,11.37,13.37,15.89,16.59
13309,8.3,10.42,10.67,13.12,16.14,17.93,18.22
13311,17.7,18.24,21.11,26.4,28.95,31.97,33.66
13313,12.5,13.22,14.47,17.45,18.0,20.03,20.4
13315,6.7,7.78,9.35,13.29,16.9,20.08,21.55
13317,11.5,12.52,14.11,17.95,20.97,23.89,24.87
13319,9.2,9.9,10.88,13.95,16.44,18.63,18.98
13321,8.5,10.17,12.56,17.15,20.56,23.97,24.86
15001,11.2,11.54,12.37,13.67,16.07,18.72,21.49
15003,10.6,12.24,14.2,17.24,19.94,23.59,26.73
15005,15.1,16.35,18.76,22.37,25.65,30.12,34.02
15007,11.2,11.93,13.98,15.93,19.07,21.87,25.21
15009,13.4,12.01,12.55,13.63,14.78,17.23,19.01
16001,15.5,11.73,15.35,21.12,26.28,32.3,39.24
16003,9.3,10.21,11.49,14.9,16.65,19.6,22.66
16005,25.2,18.79,23.99,31.75,39.77,47.21,55.64
16007,14.3,16.33,19.71,25.68,32.3,37.74,44.17
16009,12.8,16.53,16.92,19.24,19.62,20.9,21.89
16011,13.0,10.17,12.6,17.72,23.52,28.71,34.37
16013,9.3,9.98,11.86,16.27,19.52,23.59,28.65
16015,13.9,13.43,17.07,22.87,27.37,32.83,39.35
16017,9.1,11.3,11.92,13.85,14.42,16.62,17.46
16019,18.9,21.56,22.57,26.06,30.1,34.01,38.04
16021,14.5,14.92,15.7,18.24,18.69,21.22,22.58
16023,9.7,9.99,12.07,16.29,19.96,24.5,29.19
16025,9.3,10.22,11.62,15.68,18.44,22.19,26.88
16027,12.1,10.16,9.54,11.33,12.3,14.33,17.37
16029,10.3,11.02,12.94,17.21,22.02,26.28,30.78
16031,8.5,10.33,10.24,12.74,15.08,17.25,20.41
16033,9.7,10.6,12.86,17.41,21.15,26.25,31.02
16035,8.2,9.46,10.87,14.99,17.18,20.08,23.01
16037,11.0,11.39,12.78,16.63,19.15,22.46,26.81
16039,9.5,10.27,11.52,15.16,17.33,21.15,25.24
16041,11.0,11.86,14.17,19.53,25.48,30.61,36.05
16043,7.7,8.77,10.51,14.43,18.07,23.36,27.43
16045,14.4,16.81,21.12,27.82,33.46,40.36,47.58
16047,7.5,9.69,10.53,13.31,14.89,17.62,20.63
16049,9.5,11.47,11.79,14.8,16.04,17.84,20.57
16051,6.1,7.43,8.31,11.27,14.43,18.09,21.32
16053,7.5,9.19,9.76,12.64,14.65,16.94,20.07
16055,9.8,13.36,14.12,16.37,16.69,18.72,19.52
16057,8.0,9.27,10.57,14.14,15.56,17.97,20.18
16059,10.9,13.31,12.84,14.4,15.51,17.01,19.78
16061,9.6,10.67,12.6,17.44,20.23,23.68,28.21
16063,8.8,10.2,11.49,14.86,17.55,20.78,24.83
16065,4.1,4.65,4.84,7.17,9.18,12.25,14.71
16067,11.6,13.23,12.81,15.15,17.14,18.9,21.5
16069,12.1,14.01,16.82,21.78,24.57,28.08,31.36
16071,10.1,10.98,12.65,16.97,21.81,25.83,30.46
16073,11.3,13.25,12.47,14.15,14.89,16.83,19.76
16075,11.7,16.42,20.56,26.76,31.85,38.57,45.21
16077,9.7,11.24,12.2,16.61,20.7,23.85,28.02
16079,16.5,18.97,22.06,27.85,31.12,36.11,40.06
16081,8.3,8.54,9.59,13.29,16.69,21.02,24.59
16083,10.6,16.55,18.16,21.94,24.79,28.03,32.32
16085,12.7,15.28,16.52,19.69,21.31,23.95,26.83
16087,7.5,8.38,9.5,12.94,14.3,17.39,21.11
17001,11.9,16.17,15.13,15.86,15.81,15.58,15.13
17003,8.4,8.91,10.72,12.65,14.81,16.1,17.12
17005,12.0,15.74,15.31,16.93,16.89,16.41,15.68
17007,14.9,13.42,15.29,16.77,18.49,19.53,20.6
17009,6.5,7.07,8.41,11.5,13.75,15.43,17.42
17011,12.6,18.04,16.93,16.48,16.24,14.81,13.32
17013,11.9,13.96,15.83,19.08,21.17,23.03,25.39
17015,7.9,10.07,10.16,10.05,9.57,8.57,7.91
17017,8.1,8.75,9.02,10.82,11.47,12.18,12.81
17019,13.8,14.57,13.04,13.4,12.29,11.18,9.76
17021,14.9,16.73,19.05,23.82,26.54,29.51,32.17
17023,13.8,14.19,15.96,19.5,21.45,23.45,25.72
17025,8.8,11.41,11.1,13.2,13.59,13.65,13.48
17027,7.3,8.04,10.96,15.83,19.35,22.31,25.16
17029,8.5,10.35,12.03,15.71,18.2,20.36,22.42
17031,11.9,13.15,20.63,28.53,36.68,43.46,50.78
17033,11.6,11.32,12.79,16.96,19.09,21.24,23.05
17035,6.8,7.94,9.03,12.33,14.24,16.06,17.53
17037,8.9,9.15,13.47,17.89,21.95,25.46,29.29
17039,14.1,19.41,21.04,24.79,27.14,29.4,31.83
17041,7.8,8.87,10.05,13.45,14.91,16.69,18.16
17043,9.9,11.77,14.9,18.26,21.67,23.9,26.44
17045,11.0,13.2,14.36,17.87,20.1,21.46,23.08
17047,12.4,13.45,16.02,21.53,24.66,27.4,29.95
17049,9.1,11.31,11.21,13.79,14.32,14.69,15.07
17051,11.9,15.06,17.48,22.6,25.83,28.46,31.22
17053,11.0,11.36,12.2,13.59,14.39,15.14,15.49
17055,25.1,24.56,28.56,33.97,38.17,42.22,46.01
17057,10.4,12.79,14.84,17.83,20.63,22.7,24.97
17059,17.9,16.65,21.48,27.54,32.2,36.3,40.16
17061,13.9,15.22,16.93,20.33,21.97,23.64,25.76
17063,15.6,17.94,23.99,30.84,36.92,42.07,47.22
17065,8.8,9.7,12.17,16.25,19.1,21.72,23.58
17067,7.4,8.25,8.8,11.15,12.37,13.58,14.46
17069,18.5,20.03,23.94,29.24,33.41,36.85,40.17
17071,7.4,8.62,9.18,11.01,12.26,13.4,14.14
17073,8.4,8.78,9.48,10.4,11.25,11.64,11.64
17075,16.5,18.22,21.42,26.07,29.6,32.03,34.41
17077,14.3,14.65,18.29,23.06,27.42,31.21,34.48
17079,9.6,10.49,12.84,18.07,21.37,24.29,27.16
17081,12.3,18.24,17.52,18.87,18.98,18.7,17.64
17083,19.5,23.45,23.82,25.92,27.01,27.45,28.28
17085,8.4,8.24,9.68,10.76,11.93,11.99,11.8
17087,13.1,11.41,13.73,17.43,20.36,22.61,24.65
17089,8.5,8.15,11.85,16.1,19.95,23.01,26.25
17091,18.7,16.64,18.66,21.83,24.2,25.44,26.38
17093,9.3,9.66,16.37,23.46,30.16,36.32,42.72
17095,13.5,13.43,13.12,13.14,12.9,12.44,11.46
17097,11.6,10.93,13.62,16.07,18.96,21.05,23.15
17099,18.3,23.9,21.86,20.5,18.77,16.26,13.67
17101,13.9,14.89,16.92,21.75,24.7,27.14,29.22
17103,14.8,15.06,15.48,16.34,16.89,16.52,16.92
17105,15.0,18.92,23.57,29.33,34.47,38.98,43.09
17107,11.1,14.58,15.44,18.23,19.23,20.54,22.07
17109,6.2,6.0,7.99,10.61,12.55,14.51,15.85
17111,12.8,14.36,17.81,20.78,23.57,26.38,29.34
17113,12.7,13.46,14.12,16.51,18.21,19.02,19.59
17115,11.3,14.14,16.06,19.87,21.87,24.38,26.75
17117,11.8,14.83,17.09,22.37,25.52,28.03,30.74
17119,31.0,27.72,28.51,31.35,33.11,34.35,35.4
17121,20.8,23.22,25.65,30.31,33.71,36.43,38.79
17123,9.7,11.77,12.72,14.47,16.45,17.37,18.07
17125,10.6,12.85,12.45,13.93,14.73,14.72,14.83
17127,16.6,16.4,22.45,29.89,36.41,42.24,47.92
17129,12.4,14.35,14.1,15.91,16.52,17.42,17.74
17131,7.9,9.05,10.63,12.84,14.78,16.68,18.09
17133,10.8,9.68,17.0,26.0,33.9,41.33,48.95
17135,13.3,15.13,18.81,25.02,29.01,32.61,36.05
17137,15.3,12.87,13.57,16.01,16.79,17.63,18.26
17139,6.2,7.28,7.92,10.5,11.73,12.9,13.57
17141,13.0,9.96,16.11,22.83,28.97,34.42,40.41
17143,15.7,19.29,19.27,20.58,21.82,21.53,21.21
17145,14.9,14.06,20.1,27.54,34.14,39.85,45.91
17147,8.2,8.78,10.96,14.91,17.15,19.83,21.91
17149,9.6,10.02,12.82,17.78,21.14,24.46,28.36
17151,16.6,17.66,18.88,21.18,22.42,23.1,23.88
17153,11.3,11.56,13.4,16.43,18.74,20.39,21.68
17155,14.9,16.82,18.94,21.44,24.36,26.24,27.92
17157,15.2,16.04,19.16,23.12,27.07,29.84,32.93
17159,9.0,9.82,10.12,13.39,14.62,15.14,15.64
17161,9.8,10.53,11.51,13.23,14.41,15.46,16.1
17163,17.3,13.97,17.45,22.83,27.32,31.19,35.31
17165,24.7,24.95,26.95,30.33,32.29,33.95,35.23
17167,16.5,19.92,17.37,17.28,15.5,14.27,12.62
17169,6.7,7.65,8.42,10.73,12.54,13.76,14.88
17171,8.9,9.53,11.61,14.85,16.95,18.82,20.72
17173,10.3,10.37,11.29,14.54,16.44,17.71,18.84
17175,10.1,11.26,13.73,16.67,19.8,22.22,24.12
17177,11.7,14.16,13.47,11.75,9.91,7.26,4.76
17179,15.1,16.05,17.4,19.88,22.31,23.38,24.48
17181,13.1,12.59,16.68,21.73,26.11,30.02,33.6
17183,18.7,19.05,25.05,32.96,39.31,44.89,50.51
17185,10.4,11.37,14.79,21.0,24.71,28.34,31.53
17187,6.5,6.69,7.48,8.7,9.95,10.96,11.43
17189,11.6,14.62,16.28,19.83,21.87,23.13,24.43
17191,8.6,10.0,10.1,12.62,13.31,13.71,13.51
17193,11.7,11.95,13.74,17.05,18.88,20.4,21.65
17195,13.5,14.01,11.5,9.25,7.11,4.39,1.32
17197,12.9,14.65,19.05,23.63,28.22,31.63,35.43
17199,20.3,16.19,20.94,26.82,31.7,36.41,40.87
17201,28.2,31.74,36.75,41.27,45.91,49.96,54.34
17203,11.5,10.71,12.26,14.76,17.12,18.29,19.52
18001,10.7,11.13,12.32,15.22,16.85,17.57,18.75
18003,13.9,16.25,19.04,23.61,26.45,28.69,31.48
18005,15.7,14.74,18.68,23.66,27.97,30.45,33.84
18007,14.8,14.42,16.3,20.16,21.8,22.97,24.81
18009,24.0,31.46,36.33,42.24,47.37,51.61,56.1
18011,12.5,15.91,24.22,33.73,42.63,50.04,58.3
18013,15.8,19.92,19.88,20.89,21.49,20.4,20.12
18015,11.5,13.75,14.5,16.52,17.18,17.01,17.02
18017,9.0,11.16,10.99,12.24,11.7,10.29,9.72
18019,23.7,24.25,34.4,45.95,56.44,65.29,73.98
18021,12.5,13.99,17.18,22.45,26.49,29.33,33.09
18023,17.0,17.09,18.35,21.15,22.85,23.33,24.42
18025,15.5,16.03,22.13,29.18,35.36,39.95,44.99
18027,8.8,9.09,11.98,17.12,21.05,23.93,26.63
18029,26.1,30.09,31.26,33.73,35.32,35.16,35.25
18031,17.4,18.79,21.81,25.84,28.57,30.33,32.24
18033,10.8,13.98,13.93,15.61,16.24,16.25,16.55
18035,27.9,29.32,31.94,36.01,39.35,41.6,44.17
18037,9.0,8.48,11.13,16.04,19.95,22.61,25.44
18039,10.9,11.35,12.09,13.93,15.56,16.29,17.11
18041,47.0,46.69,54.71,63.39,71.48,78.54,85.6
18043,23.8,23.19,30.27,38.67,45.99,51.67,57.26
18045,14.4,14.02,17.44,22.98,27.07,30.14,33.64
18047,21.4,24.17,31.01,38.64,45.41,50.63,56.06
18049,13.5,14.78,18.68,23.86,27.38,30.31,33.93
18051,9.1,9.81,10.38,13.05,13.85,14.37,14.7
18053,20.5,34.47,30.26,27.61,23.62,18.84,14.43
18055,18.3,17.77,16.27,17.05,16.51,15.01,13.49
18057,9.1,10.61,12.17,15.38,17.34,18.33,19.82
18059,23.0,23.19,20.03,18.43,15.33,11.42,8.04
18061,14.9,17.54,25.92,35.42,44.26,51.42,58.72
18063,13.5,11.22,17.16,24.8,31.33,36.47,41.92
18065,25.3,23.58,23.4,24.1,23.73,22.69,22.31
18067,24.4,33.17,27.24,22.66,16.71,9.75,3.45
18069,15.4,17.64,20.31,24.37,27.41,29.57,32.12
18071,26.8,24.94,27.27,30.95,34.16,35.55,36.95
18073,12.7,14.88,20.03,25.94,31.12,35.3,39.6
18075,17.6,18.97,23.22,28.74,33.44,37.42,41.48
18077,14.9,17.22,18.51,20.88,22.87,23.06,22.72
18079,25.4,27.82,30.16,33.8,36.87,37.72,38.86
18081,16.4,16.9,22.54,29.29,34.99,39.56,44.72
18083,11.8,12.58,16.54,23.25,28.13,32.27,36.77
18085,9.8,11.94,14.21,18.28,20.57,22.12,24.33
18087,5.8,5.41,6.17,8.53,9.89,10.5,11.59
18089,10.9,12.79,20.46,28.95,36.85,43.6,50.81
18091,17.3,16.1,23.06,30.66,37.76,43.66,50.19
18093,15.3,12.82,13.78,16.28,18.24,18.56,19.06
18095,25.9,27.82,30.81,35.25,38.53,41.03,43.99
18097,25.9,26.59,32.67,40.63,47.16,52.79,58.94
18099,10.8,11.98,13.79,16.29,18.09,18.67,20.02
18101,10.1,11.19,12.55,15.93,18.45,19.51,20.43
18103,11.4,16.49,17.0,18.82,19.21,18.68,18.5
18105,19.0,15.78,18.2,22.17,25.47,27.06,29.18
18107,19.6,17.18,21.43,27.61,32.46,36.09,40.3
18109,24.4,25.82,28.17,32.22,35.28,36.65,38.49
18111,16.8,18.9,24.81,31.76,37.83,42.75,48.05
18113,10.2,10.16,12.27,15.98,18.34,20.07,21.75
18115,21.2,25.15,26.36,28.66,29.91,29.85,29.55
18117,9.7,9.88,11.94,15.68,18.53,19.67,21.34
18119,13.8,13.91,16.3,20.7,24.47,26.4,28.94
18121,11.7,12.64,13.2,15.86,17.24,17.65,18.64
18123,9.5,11.29,14.67,19.65,23.72,26.37,29.48
18125,8.9,9.63,11.75,16.51,19.26,21.46,23.37
18127,22.7,21.58,27.15,33.34,39.0,43.29,47.91
18129,11.2,12.02,14.26,18.65,21.34,23.57,25.53
18131,22.6,24.44,28.6,33.5,37.14,40.34,43.9
18133,13.5,13.16,13.81,16.27,18.3,18.5,18.73
18135,24.5,22.8,30.75,39.92,48.17,55.46,62.97
18137,17.4,24.54,26.21,28.69,30.0,29.67,29.94
18139,15.8,15.35,22.5,30.35,37.32,43.88,50.45
18141,13.6,18.57,20.82,23.68,26.76,28.74,30.93
18143,36.0,39.1,62.66,87.87,112.13,134.83,157.06
18145,18.7,17.76,19.54,22.42,24.31,25.3,26.76
18147,7.9,8.22,10.82,15.54,19.24,21.38,23.86
18149,32.1,36.36,40.41,44.93,48.43,51.52,54.89
18151,8.9,8.62,10.3,13.64,16.12,18.7,21.04
18153,21.4,20.89,23.94,29.7,33.3,36.68,40.06
18155,23.2,23.44,29.79,37.5,44.63,49.77,54.93
18157,14.3,16.31,17.3,19.47,20.52,20.64,21.06
18159,18.4,21.74,23.66,27.3,29.58,30.54,32.18
18161,27.8,30.59,33.61,37.78,41.04,42.82,45.07
18163,21.6,23.79,26.3,30.92,34.25,36.88,39.53
18165,14.9,16.82,18.16,21.64,23.63,24.93,26.58
18167,15.4,16.12,20.27,26.74,31.4,35.49,40.37
18169,17.7,20.25,23.25,27.65,30.61,32.88,35.25
18171,11.9,12.74,15.6,20.22,23.3,25.64,28.27
18173,8.3,8.39,9.22,12.25,14.12,14.93,16.07
18175,21.8,23.02,24.18,27.12,29.17,29.74,30.29
18177,30.0,39.33,48.02,57.48,66.09,73.52,81.67
18179,14.8,16.88,16.58,18.08,18.23,17.63,17.13
18181,18.4,17.59,19.04,22.15,23.52,24.4,25.45
18183,8.9,9.73,10.49,13.06,13.88,14.25,15.06
19001,7.4,7.75,8.68,9.06,10.41,12.47,13.82
19003,7.8,8.97,10.38,11.88,13.52,16.09,17.95
19005,6.3,6.48,8.96,11.23,14.76,17.74,19.92
19007,11.2,11.48,12.78,15.35,17.36,19.89,21.55
19009,5.1,5.88,7.14,8.18,9.9,12.77,14.75
19011,4.6,5.25,6.19,7.4,8.67,10.59,11.28
19013,6.5,6.71,9.53,12.4,15.44,18.2,20.41
19015,6.7,7.36,8.17,9.22,10.0,12.2,13.49
19017,5.0,6.01,6.69,7.41,7.98,8.31,8.29
19019,5.9,6.77,7.72,8.62,10.24,11.28,11.71
19021,4.2,4.4,5.38,7.25,9.42,11.14,12.71
19023,4.6,5.23,6.45,7.52,8.6,9.79,10.31
19025,4.9,5.38,6.95,8.92,10.89,13.7,15.49
19027,5.3,5.81,7.57,9.79,12.42,16.07,18.66
19029,6.7,8.18,8.5,8.63,9.2,11.27,11.86
19031,5.5,6.54,7.21,8.88,9.74,10.47,10.94
19033,11.7,10.68,12.11,12.63,13.61,13.99,14.9
19035,3.6,4.24,4.5,6.04,7.15,8.27,9.33
19037,4.3,4.94,5.46,5.49,6.05,6.03,5.96
19039,8.6,8.41,9.59,10.69,11.9,14.73,16.35
19041,3.8,4.39,4.73,5.82,7.01,7.84,8.5
19043,7.5,6.62,7.32,7.24,8.84,9.63,9.76
19045,8.3,10.77,10.38,10.57,9.97,9.04,8.15
19047,5.2,5.31,5.75,6.58,7.42,9.3,10.25
19049,5.3,5.6,6.65,8.21,9.43,12.43,14.48
19051,5.6,5.88,6.56,9.22,11.06,13.09,14.81
19053,7.3,7.82,10.0,12.59,15.26,19.25,21.94
19055,5.0,5.74,6.65,7.28,8.82,9.42,9.55
19057,9.5,12.72,13.18,15.76,17.11,18.54,19.58
19059,4.5,5.4,5.62,5.96,7.55,7.88,8.34
19061,7.4,7.99,10.4,12.79,15.34,17.13,17.89
19063,3.7,3.87,4.77,5.84,8.12,9.2,10.63
19065,5.3,5.46,6.5,6.61,8.06,8.97,9.31
19067,3.9,4.46,5.22,5.84,6.58,6.49,6.42
19069,4.0,4.58,5.35,5.95,6.88,7.48,8.44
19071,8.6,9.44,9.97,10.71,12.0,14.21,14.63
19073,6.0,6.48,7.46,8.7,10.24,12.8,14.29
19075,5.8,6.3,6.54,6.92,7.22,8.09,7.82
19077,5.3,5.81,6.31,6.81,7.55,9.92,11.18
19079,5.0,5.97,6.3,7.13,8.18,9.77,10.82
19081,3.5,4.0,4.44,4.58,5.98,6.52,7.02
19083,4.6,5.28,5.91,6.72,8.06,9.31,9.84
19085,8.5,8.78,10.32,12.47,14.93,18.19,20.27
19087,6.7,8.02,7.61,8.85,9.13,9.97,10.5
19089,3.2,3.51,4.02,4.24,5.31,6.25,6.55
19091,4.9,4.84,5.42,6.79,8.7,10.66,11.63
19093,5.1,6.15,6.36,7.39,8.27,9.49,10.31
19095,5.3,6.31,6.57,7.91,8.43,9.36,9.79
19097,10.4,9.34,9.57,9.8,10.3,9.66,9.24
19099,10.6,12.06,11.73,11.68,11.42,12.12,11.74
19101,9.1,8.62,10.26,13.27,15.73,18.49,20.91
19103,10.3,6.96,8.4,10.94,12.66,14.84,16.28
19105,5.4,5.86,6.51,8.11,9.71,10.92,11.42
19107,5.6,6.1,6.59,8.44,9.08,10.51,11.7
19109,3.5,3.95,4.41,4.29,6.03,6.32,6.49
19111,10.2,12.08,15.12,19.66,23.73,27.67,31.0
19113,12.5,12.66,11.06,10.0,9.07,8.18,6.52
19115,8.0,8.42,8.78,10.22,10.59,11.63,12.19
19117,8.2,8.98,10.2,11.9,13.71,16.26,17.95
19119,3.8,4.33,4.86,5.62,6.33,6.48,5.92
19121,6.4,7.22,8.74,10.49,12.53,15.77,18.1
19123,7.5,9.48,10.79,12.83,14.18,16.15,17.42
19125,7.6,9.96,11.31,13.12,14.45,16.93,17.9
19127,4.8,5.01,5.67,6.53,7.44,8.62,8.87
19129,7.2,7.88,9.33,10.93,13.38,16.6,18.07
19131,3.8,4.25,4.67,5.36,6.45,7.02,7.17
19133,8.6,9.32,9.6,10.4,10.59,11.81,12.66
19135,6.9,8.01,8.26,9.13,9.89,11.14,11.75
19137,9.6,11.61,12.61,13.59,15.05,17.49,18.92
19139,5.9,7.41,8.03,9.78,10.79,11.6,12.47
19141,3.0,3.22,3.81,5.13,6.14,6.25,6.47
19143,5.5,5.67,7.02,8.63,10.57,11.79,12.3
19145,6.5,7.56,8.08,8.53,9.51,11.44,12.15
19147,3.4,3.76,4.28,5.27,7.25,8.56,9.71
19149,4.2,4.77,5.23,6.57,7.24,8.39,9.72
19151,4.4,4.77,5.77,7.16,9.12,11.06,12.38
19153,10.8,14.41,14.56,15.18,15.17,16.94,17.47
19155,11.1,11.33,13.72,16.48,19.81,23.64,26.07
19157,5.9,6.49,7.25,8.82,9.37,10.8,11.65
19159,7.2,7.85,9.11,11.08,12.69,15.55,17.55
19161,5.5,5.99,6.95,8.25,9.66,11.71,13.24
19163,11.2,17.18,16.86,17.6,17.69,17.69,17.3
19165,6.2,6.45,7.71,8.69,10.2,13.08,14.76
19167,2.3,2.57,3.03,4.47,5.35,5.86,6.54
19169,5.9,6.94,6.98,7.53,7.63,8.92,9.46
19171,6.5,6.36,6.8,7.39,8.09,9.06,8.99
19173,6.3,6.89,8.71,10.21,11.65,14.69,16.54
19175,9.3,9.16,11.26,13.08,15.32,18.45,20.92
19177,6.8,8.22,9.04,11.41,13.45,15.54,17.64
19179,7.9,8.86,9.93,12.56,14.4,16.52,18.49
19181,8.5,8.29,10.68,13.35,15.73,19.66,22.45
19183,6.7,6.49,7.63,10.07,11.18,12.91,14.33
19185,7.9,8.62,9.83,11.79,13.92,16.33,17.78
19187,11.1,10.89,12.96,15.46,18.1,20.99,23.74
19189,4.0,4.42,5.08,5.41,7.17,7.84,8.49
19191,4.3,4.4,5.11,5.91,7.76,8.65,9.18
19193,8.6,8.2,9.08,10.16,11.04,12.58,14.35
19195,7.0,7.49,10.57,12.98,16.01,18.28,20.67
19197,4.8,5.18,6.27,7.32,9.42,10.92,11.79
20001,12.6,13.69,14.65,16.81,18.15,19.52,19.93
20003,8.6,9.97,10.69,12.76,14.19,15.86,16.62
20005,9.4,9.5,12.09,14.22,17.23,21.14,23.4
20007,12.6,13.86,15.68,20.0,22.93,26.53,28.35
20009,6.7,6.33,7.36,10.42,12.18,15.05,16.03
20011,12.1,11.78,13.16,15.9,18.27,20.78,22.11
20013,11.1,10.89,13.3,15.98,19.31,23.29,26.05
20015,13.4,14.67,14.33,16.06,16.68,17.48,17.92
20017,7.7,8.46,9.5,11.42,12.94,14.17,14.6
20019,14.2,17.25,17.97,20.41,20.73,21.45,21.63
20021,15.4,18.04,16.54,15.83,15.09,13.61,11.06
20023,5.8,6.43,7.29,9.25,11.81,13.7,14.46
20025,7.3,8.41,9.18,11.91,13.38,16.03,16.79
20027,8.9,9.52,12.83,16.43,19.9,23.77,26.16
20029,5.8,6.56,7.28,8.88,10.26,11.74,11.78
20031,12.8,13.29,13.31,14.15,14.64,14.83,14.48
20033,9.0,9.86,11.88,15.54,18.18,22.11,23.92
20035,12.1,15.51,15.98,18.79,20.09,21.42,22.22
20037,10.7,11.42,12.59,14.95,17.24,19.53,20.14
20039,6.1,6.59,7.59,10.21,13.37,16.18,17.29
20041,7.1,7.23,8.69,11.26,13.13,15.28,16.07
20043,7.0,7.13,8.3,9.32,11.21,13.96,15.41
20045,9.3,10.64,10.99,11.39,12.22,13.3,13.47
20047,6.8,6.98,7.94,11.08,13.28,16.13,16.79
20049,14.7,16.05,20.18,25.75,30.02,33.97,37.62
20051,4.8,5.6,6.62,8.93,11.2,13.36,13.7
20053,8.0,8.72,11.6,15.91,19.12,23.21,25.47
20055,6.3,8.58,8.2,9.86,10.32,12.12,11.32
20057,4.7,5.16,6.12,8.95,10.69,13.84,14.56
20059,10.9,11.78,13.56,15.87,17.91,19.97,21.7
20061,9.5,9.64,10.75,13.12,14.86,16.44,17.09
20063,5.6,5.74,6.52,9.39,11.97,14.29,15.16
20065,5.7,6.3,7.17,9.93,12.69,15.38,16.48
20067,3.8,4.46,4.77,6.62,7.5,9.7,9.52
20069,5.1,5.34,5.96,9.16,10.85,13.7,14.47
20071,8.5,9.21,10.62,13.09,15.5,18.01,18.74
20073,16.7,18.05,19.53,22.3,24.64,26.36,27.4
20075,9.6,10.34,11.92,14.16,16.35,19.18,19.22
20077,13.0,13.4,15.87,20.31,23.55,27.52,29.72
20079,9.3,11.86,11.16,12.52,12.9,13.92,13.76
20081,4.8,5.18,5.92,8.65,10.02,13.21,13.5
20083,5.0,5.52,6.26,9.48,11.72,14.94,15.94
20085,6.6,8.14,8.74,9.14,10.47,11.81,12.57
20087,8.5,10.66,10.75,10.75,11.3,12.32,12.3
20089,5.4,5.89,6.7,8.6,9.94,11.95,12.54
20091,9.5,8.12,10.03,11.6,13.55,16.23,17.84
20093,5.0,5.51,6.15,8.33,10.17,12.77,12.67
20095,12.0,12.4,13.85,17.86,20.28,23.41,24.71
20097,7.0,7.66,8.72,11.63,13.8,16.84,17.66
20099,13.1,14.87,17.11,19.82,22.28,24.28,26.15
20101,4.8,5.21,6.03,8.55,10.58,12.72,13.52
20103,15.6,12.5,16.62,20.64,25.35,30.78,34.87
20105,5.9,6.51,7.46,9.39,10.54,12.59,12.93
20107,14.3,15.95,16.81,18.49,20.1,22.09,23.29
20109,8.0,8.23,9.35,12.79,15.75,18.58,20.1
20111,6.3,7.67,7.82,8.38,8.18,7.98,7.33
20113,7.7,8.09,8.47,10.22,11.33,13.06,13.11
20115,7.1,8.23,8.78,10.57,11.71,13.27,14.01
20117,5.4,5.91,6.71,7.7,9.08,10.39,10.4
20119,6.0,6.57,7.9,10.69,12.38,15.39,15.91
20121,14.3,12.95,13.53,14.42,15.69,17.51,18.7
20123,4.6,5.22,5.78,7.38,8.57,10.07,10.14
20125,17.0,17.62,17.14,17.99,17.79,17.09,16.21
20127,7.0,7.31,8.14,10.07,10.92,12.04,12.49
20129,9.7,10.0,11.28,13.52,14.85,17.97,19.12
20131,5.3,5.48,6.36,6.44,7.42,8.63,8.66
20133,13.9,14.96,13.99,14.49,13.86,13.5,12.17
20135,5.7,6.24,7.08,10.29,12.29,14.51,15.56
20137,5.9,6.47,7.29,10.09,13.24,15.87,16.92
20139,11.9,14.96,14.09,13.18,12.1,11.24,9.5
20141,7.6,9.88,9.66,10.31,10.83,11.45,10.63
20143,5.8,6.09,6.93,8.92,10.11,11.99,12.05
20145,7.4,7.97,9.59,12.99,15.89,18.96,20.43
20147,4.4,4.81,5.74,7.78,10.61,13.58,14.02
20149,6.4,8.56,8.06,7.46,7.0,7.08,5.64
20151,8.5,10.88,10.76,13.33,14.88,16.84,17.02
20153,5.7,6.22,7.19,9.31,11.89,14.3,15.65
20155,14.1,15.47,14.2,14.99,14.62,15.08,13.7
20157,5.8,6.04,6.82,8.28,9.59,11.25,11.45
20159,8.3,9.44,11.26,15.38,18.23,21.84,23.49
20161,6.0,6.33,6.61,7.58,8.13,8.92,8.49
20163,6.7,7.02,7.89,10.03,12.74,14.49,14.73
20165,6.9,7.88,8.68,10.99,12.86,14.54,14.65
20167,8.3,9.53,9.86,10.59,11.03,11.85,10.94
20169,12.2,13.33,14.71,17.42,19.86,22.35,23.58
20171,5.8,6.01,6.67,9.5,11.69,14.44,15.33
20173,16.9,15.99,15.89,17.94,19.01,20.29,20.85
20175,5.5,6.23,7.13,9.16,9.78,12.26,12.07
20177,13.6,15.31,16.03,17.09,18.56,20.23,20.72
20179,5.2,5.66,6.53,9.19,12.02,14.93,16.1
20181,7.6,9.18,9.42,11.56,14.15,16.78,17.34
20183,6.3,7.27,8.25,9.88,11.84,14.28,14.74
20185,7.0,7.74,9.13,12.89,15.83,19.48,21.16
20187,7.2,8.38,9.08,10.74,11.64,13.92,14.26
20189,5.4,5.89,6.67,8.77,9.35,12.15,12.6
20191,12.9,14.53,15.48,18.28,20.27,22.13,23.39
20193,6.5,7.03,8.42,11.16,14.45,17.61,19.12
20195,5.8,6.32,7.18,9.82,12.15,14.65,15.53
20197,7.2,8.46,8.89,9.53,9.78,10.61,10.11
20199,6.5,7.11,8.15,10.62,13.09,15.46,15.93
20201,5.0,5.46,6.32,7.52,9.22,11.55,12.28
20203,6.1,6.68,7.6,10.42,13.73,16.57,17.78
20205,16.1,16.69,18.58,21.72,23.83,26.03,27.75
20207,14.0,15.25,19.05,24.18,28.67,32.85,36.49
20209,10.0,10.14,12.04,13.5,15.4,18.08,19.68
21001,17.0,17.72,17.83,19.28,19.55,18.99,18.55
21003,17.6,19.13,22.07,25.08,26.82,28.22,29.24
21005,20.1,26.72,31.95,37.89,43.15,47.33,51.36
21007,14.2,15.85,19.39,23.9,27.79,31.25,34.38
21009,11.3,12.93,14.22,16.24,16.89,16.67,16.42
21011,30.6,32.57,36.4,41.36,45.06,48.4,50.58
21013,48.4,70.72,58.37,48.3,36.33,24.16,11.11
21015,26.9,36.54,34.41,33.52,31.85,28.56,25.48
21017,24.0,27.07,29.53,33.16,35.36,37.38,38.53
21019,34.7,43.26,51.4,61.35,69.82,77.9,85.89
21021,17.7,23.17,33.66,46.13,57.67,67.81,78.01
21023,20.4,28.35,29.41,31.76,32.95,33.47,33.88
21025,45.1,39.73,50.56,62.72,73.52,84.06,93.95
21027,12.3,14.64,17.22,21.05,24.13,26.04,28.16
21029,27.0,21.95,26.03,31.45,36.11,38.82,41.51
21031,15.4,27.0,21.16,15.51,8.89,1.61,-5.4
21033,15.8,15.72,18.84,22.73,25.66,27.88,30.59
21035,10.9,13.01,15.65,18.6,21.35,23.84,26.48
21037,45.8,50.89,62.15,74.2,85.57,95.2,105.44
21039,8.6,9.47,10.96,13.83,15.86,17.52,19.3
21041,35.6,32.46,35.06,39.06,42.24,43.91,44.8
21043,26.9,34.56,38.33,43.49,47.21,50.73,53.75
21045,21.4,24.97,29.69,36.24,41.68,45.58,49.64
21047,8.2,8.58,9.8,11.2,12.02,11.59,11.69
21049,31.9,37.58,38.06,40.11,40.67,41.15,40.67
21051,28.1,35.21,37.46,41.3,43.29,45.44,46.48
21053,48.8,49.42,48.53,48.64,47.59,45.59,43.89
21055,15.4,17.52,19.28,22.15,23.83,24.93,26.53
21057,24.5,26.0,29.75,34.58,38.19,41.17,44.26
21059,12.8,15.15,16.2,19.21,20.94,21.53,22.34
21061,13.2,20.37,18.03,16.3,13.33,9.68,5.87
21063,27.1,31.15,36.5,43.32,48.55,53.42,57.9
21065,46.8,46.18,54.75,64.97,73.85,82.53,90.37
21067,26.3,32.43,35.63,40.1,43.68,46.59,48.54
21069,20.8,25.74,27.1,29.47,30.69,32.02,32.62
21071,54.9,50.89,51.66,54.41,55.09,55.46,55.34
21073,20.8,23.29,28.77,35.13,40.74,45.61,49.6
21075,8.9,9.99,11.71,14.25,16.15,17.93,20.06
21077,37.8,49.27,53.57,59.07,63.86,67.37,70.46
21079,22.8,24.13,32.38,42.31,51.22,58.94,66.31
21081,40.4,38.15,51.87,66.86,80.71,93.26,106.03
21083,12.0,13.09,15.03,18.48,20.9,23.37,25.82
21085,26.7,25.93,33.48,42.11,50.05,56.68,63.49
21087,11.8,12.57,13.9,16.62,17.88,18.41,18.56
21089,28.0,33.95,34.74,37.01,38.12,38.72,39.13
21091,11.6,12.84,16.51,22.13,26.73,30.31,33.88
21093,15.3,12.48,20.53,30.14,38.76,45.8,52.97
21095,35.1,36.98,39.16,42.87,44.55,46.91,47.95
21097,31.2,35.69,67.62,100.57,132.32,163.38,193.86
21099,12.3,15.33,17.6,20.38,22.1,22.62,23.21
21101,11.9,12.77,14.72,18.68,21.47,23.36,25.15
21103,18.5,24.77,23.66,23.6,22.73,20.61,17.65
21105,9.5,10.95,12.6,15.47,17.59,19.54,21.64
21107,15.9,16.1,20.48,26.2,30.86,34.53,38.67
21109,16.5,19.05,20.39,23.61,25.2,26.78,27.2
21111,24.2,26.86,39.49,53.4,66.71,78.17,89.37
21113,22.6,27.86,31.67,37.01,41.55,45.07,48.08
21115,30.0,34.81,33.21,33.3,31.35,28.89,26.2
21117,44.5,61.47,56.02,51.47,46.29,39.2,32.88
21119,49.1,44.68,46.27,49.69,50.58,52.24,52.64
21121,24.9,44.92,37.88,33.37,26.66,19.69,12.06
21123,11.1,10.85,12.75,15.74,17.85,18.5,19.06
21125,23.6,24.78,21.91,20.99,17.9,14.89,11.09
21127,28.2,32.3,39.3,47.82,54.79,61.2,67.7
21129,34.3,45.48,43.51,42.87,40.78,38.55,35.34
21131,54.6,46.59,54.6,64.02,71.75,80.2,87.34
21133,31.1,33.7,32.85,34.41,32.93,32.12,30.5
21135,19.3,26.88,23.62,21.46,18.22,14.95,10.98
21137,20.3,24.68,33.73,45.08,55.13,64.16,73.12
21139,23.3,23.5,28.03,33.21,37.18,40.8,44.99
21141,13.6,14.28,15.63,16.87,17.4,17.17,17.29
21143,14.9,16.69,17.8,19.8,20.81,20.87,21.67
21145,23.3,18.55,21.26,25.14,27.95,30.5,32.8
21147,16.0,19.88,19.6,20.63,20.01,18.94,17.58
21149,13.6,14.89,20.05,26.92,32.2,36.97,42.22
21151,26.3,30.09,31.53,34.39,36.2,37.39,37.94
21153,29.8,33.06,37.07,42.63,46.2,49.43,52.34
21155,16.9,19.31,20.14,22.12,23.17,23.0,23.08
21157,25.3,20.9,26.13,31.97,36.9,41.19,46.04
21159,39.4,54.55,51.64,50.74,47.75,44.24,40.49
21161,23.3,25.99,34.69,44.11,52.81,60.83,68.44
21163,14.8,15.06,21.49,28.95,36.06,41.22,46.71
21165,23.4,25.04,29.61,35.51,39.51,43.55,46.51
21167,19.9,22.94,30.73,39.72,48.43,55.47,62.45
21169,13.0,14.87,19.44,25.0,29.13,32.65,35.96
21171,23.1,23.46,28.48,34.06,38.35,42.19,45.63
21173,32.0,31.49,34.9,40.05,43.59,47.03,49.48
21175,18.2,19.14,24.17,30.48,35.2,39.93,43.75
21177,19.8,17.75,19.22,21.42,22.33,22.53,23.2
21179,16.0,17.42,22.8,29.62,35.57,40.07,44.86
21181,24.3,26.55,31.95,38.8,44.21,49.41,53.72
21183,15.4,20.81,18.19,16.57,14.04,10.68,7.29
21185,9.7,15.69,17.04,19.69,21.43,21.38,20.76
21187,36.8,32.23,44.97,58.82,71.53,83.2,94.42
21189,35.0,38.32,42.18,47.54,51.19,54.78,57.75
21191,35.0,35.1,42.06,50.56,57.79,64.0,70.48
21193,45.0,43.34,45.41,48.85,50.31,52.5,53.39
21195,44.7,39.39,37.15,37.21,34.7,31.65,28.94
21197,62.9,56.26,59.24,63.43,66.38,69.04,70.83
21199,17.4,19.31,21.77,26.02,28.77,30.23,31.45
21201,23.3,25.83,31.98,39.26,45.36,50.97,56.24
21203,27.8,29.88,35.55,43.06,48.84,54.26,59.1
21205,21.0,23.61,29.02,35.36,40.01,44.72,48.86
21207,49.6,40.06,39.58,40.35,39.91,38.23,36.75
21209,16.9,21.31,30.41,40.63,49.79,57.92,65.49
21211,13.9,20.99,22.67,25.27,27.08,27.71,27.77
21213,13.3,17.99,18.12,18.41,17.62,16.6,15.44
21215,15.5,19.38,22.05,25.84,28.95,30.53,32.18
21217,18.7,23.22,27.09,32.22,36.18,39.17,42.08
21219,15.7,16.2,16.97,17.56,17.35,16.13,15.48
21221,13.2,17.19,16.78,16.59,15.95,14.0,12.92
21223,20.3,20.2,23.29,27.62,31.36,33.27,34.54
21225,24.9,25.5,27.21,30.91,33.21,34.95,36.31
21227,13.1,13.81,13.88,13.94,13.02,11.87,10.54
21229,14.8,17.19,19.57,23.18,25.9,27.24,28.9
21231,21.2,20.4,21.35,23.34,23.92,23.99,23.99
21233,15.1,17.04,19.63,23.95,26.96,28.83,31.46
21235,40.2,44.78,36.28,29.47,21.21,12.6,3.43
21237,43.1,46.03,43.84,43.02,40.76,38.05,34.25
21239,20.6,26.24,24.45,23.58,22.15,19.51,16.58
22001,18.6,18.69,20.78,20.89,21.17,20.97,20.88
22003,11.8,13.27,15.58,15.85,16.34,15.89,15.22
22005,14.2,16.33,16.37,15.14,14.21,13.81,11.66
22007,10.5,12.85,18.9,23.81,28.91,34.7,38.13
22009,19.0,17.92,18.21,17.26,15.93,14.53,12.76
22011,13.2,12.9,14.23,13.27,12.31,10.43,8.63
22013,10.9,10.27,10.56,9.28,8.25,6.96,4.65
22015,9.1,11.37,14.27,15.59,17.12,18.88,19.39
22017,9.4,12.49,12.32,10.81,9.44,7.97,5.66
22019,17.3,15.15,14.16,10.9,8.06,4.61,0.41
22021,12.0,12.65,13.69,13.01,12.35,11.64,11.0
22023,16.2,18.49,20.54,21.11,21.46,21.79,21.05
22025,11.6,11.94,13.37,12.6,11.66,10.13,8.71
22027,9.4,10.59,13.2,13.64,15.34,16.43,16.35
22029,9.2,9.4,12.18,13.32,14.11,14.03,14.11
22031,10.2,10.53,14.02,16.53,19.07,21.48,23.2
22033,13.8,16.6,18.19,19.07,19.57,21.04,20.81
22035,6.1,6.83,7.95,7.66,7.66,6.56,5.85
22037,9.8,10.65,12.77,14.74,16.08,18.05,19.33
22039,18.6,18.28,19.87,20.5,20.7,20.46,19.8
22041,7.2,9.65,9.03,7.0,5.63,3.07,0.41
22043,12.0,12.22,16.09,18.29,20.36,21.6,22.98
22045,13.3,16.85,19.4,20.26,21.37,22.22,22.2
22047,12.8,15.82,15.64,14.21,12.84,12.44,10.35
22049,9.2,12.11,11.57,9.39,7.22,4.45,1.86
22051,25.9,28.41,34.09,38.65,43.45,47.95,50.71
22053,17.5,23.65,21.99,18.41,15.69,12.07,8.08
22055,14.6,14.72,17.9,19.12,20.59,21.58,22.36
22057,21.6,18.05,18.35,17.35,17.32,17.45,14.96
22059,17.9,19.07,18.05,14.62,11.59,8.1,4.45
22061,5.5,5.52,6.9,6.4,6.51,5.6,4.97
22063,26.4,33.88,39.79,45.15,49.87,55.6,59.74
22065,5.9,6.6,7.34,6.3,5.5,3.63,2.52
22067,12.8,17.34,18.04,17.39,17.0,16.24,15.35
22069,8.7,8.88,9.55,9.01,8.27,7.1,5.31
22071,27.6,27.01,36.08,44.62,53.18,61.65,68.32
22073,11.3,14.1,16.7,17.13,18.33,18.75,19.27
22075,25.5,28.38,29.51,29.69,30.34,30.66,28.8
22077,12.8,14.55,17.68,19.79,21.65,23.88,24.81
22079,13.3,12.98,21.02,27.37,33.37,39.01,44.37
22081,7.0,7.61,8.75,8.48,7.93,7.03,6.05
22083,7.4,9.16,9.57,8.82,8.25,7.34,6.38
22085,8.3,9.38,10.31,10.39,10.43,9.74,8.46
22087,30.8,34.47,44.55,54.03,63.9,73.2,80.74
22089,16.9,21.59,25.13,27.54,30.46,33.59,34.79
22091,23.1,20.81,28.73,35.64,42.28,49.82,56.49
22093,8.1,10.02,12.5,13.61,15.14,17.24,17.39
22095,16.2,18.72,22.21,24.66,27.32,30.37,31.6
22097,14.4,15.92,16.66,15.76,14.65,13.01,11.21
22099,11.1,10.75,13.4,14.31,15.62,16.6,17.05
22101,14.3,19.19,17.34,14.0,11.01,8.55,3.87
22103,28.2,27.3,28.85,29.9,30.47,31.99,32.08
22105,22.6,22.59,27.84,32.4,36.56,42.1,45.5
22107,7.5,8.71,9.4,8.46,7.59,5.71,4.45
22109,20.3,27.24,22.9,16.93,12.1,7.66,0.27
22111,9.0,8.51,10.34,9.84,10.66,10.08,9.91
22113,10.1,15.81,17.87,18.54,18.73,18.86,18.46
22115,9.8,8.91,12.08,14.58,15.98,16.64,17.0
22117,30.4,37.0,48.64,59.46,69.93,80.7,90.7
22119,13.9,14.19,12.99,9.66,7.38,4.6,0.68
22121,15.4,18.14,18.5,17.74,16.57,16.64,14.83
22123,10.6,12.35,12.43,11.74,11.12,9.18,7.46
22125,12.6,13.62,15.36,16.05,16.4,17.22,17.03
22127,12.9,14.72,16.35,17.06,17.3,17.28,16.91
23001,19.5,22.22,23.62,23.28,22.95,22.96,24.69
23003,10.3,11.41,21.36,29.94,38.58,47.44,57.76
23005,15.8,23.44,22.2,19.52,16.77,14.24,13.62
23007,11.4,13.79,15.2,15.07,14.33,14.06,15.8
23009,16.8,17.63,24.57,29.87,35.26,39.96,46.87
23011,17.6,23.76,26.19,26.75,27.06,27.69,30.37
23013,19.4,19.14,22.59,24.35,25.19,26.25,30.02
23015,14.9,18.14,21.76,23.82,25.33,26.98,31.1
23017,10.9,15.16,18.07,20.01,21.18,22.69,26.07
23019,15.7,18.34,29.48,38.64,47.83,56.91,68.28
23021,17.3,17.01,21.25,23.57,25.93,28.43,33.78
23023,10.7,12.61,14.15,14.45,14.06,14.2,16.52
23025,15.2,18.29,22.24,24.48,25.9,28.06,32.36
23027,16.7,15.35,19.55,21.88,24.04,26.22,30.8
23029,27.1,23.46,48.9,71.77,95.19,117.98,143.24
23031,20.9,21.55,27.55,32.83,37.46,42.19,49.62
24001,20.7,24.1,49.07,74.68,100.3,124.57,151.51
24003,21.6,23.94,36.86,51.37,66.17,79.8,96.66
24005,23.1,29.26,46.54,64.63,83.29,101.04,122.5
24009,21.9,24.16,31.22,39.79,48.03,55.11,65.74
24011,27.4,25.14,34.43,44.85,56.09,65.61,78.45
24013,20.9,24.13,33.96,44.93,56.36,66.72,80.61
24015,35.0,34.97,44.04,54.62,65.14,73.82,87.25
24017,14.7,15.85,25.06,36.32,47.27,56.5,69.7
24019,15.8,16.86,22.89,30.24,38.11,44.33,54.31
24021,17.0,16.06,34.98,55.25,75.74,94.99,117.77
24023,11.9,14.67,16.09,18.07,20.73,21.96,25.19
24025,19.4,22.77,34.1,47.15,60.17,72.02,87.93
24027,7.9,12.83,18.17,24.71,31.86,37.26,46.44
24029,20.3,21.73,29.7,39.05,48.56,56.39,68.35
24031,7.1,8.85,12.61,18.15,23.55,27.77,35.73
24033,7.7,8.47,15.79,24.91,34.01,41.82,53.16
24035,20.6,21.06,27.07,34.58,42.07,48.57,58.6
24037,12.5,18.61,21.02,24.96,28.26,30.55,36.18
24039,19.2,21.27,30.45,40.07,49.6,58.58,70.26
24041,14.8,16.31,22.9,30.73,39.1,46.04,56.67
24043,28.8,34.61,41.63,49.67,58.03,65.35,75.56
24045,16.5,15.6,29.5,44.59,59.43,73.03,89.99
24047,20.6,29.48,35.55,42.5,48.99,54.67,63.48
24510,42.5,50.85,76.41,103.0,130.2,156.17,185.93
25001,24.7,30.21,38.09,46.4,54.51,61.55,70.93
25003,20.9,26.31,27.33,27.99,28.83,29.16,31.69
25005,29.3,30.87,43.87,57.01,70.35,82.71,97.44
25007,17.8,20.15,20.42,20.14,20.28,19.48,20.86
25009,24.3,28.85,36.32,43.5,50.87,57.42,66.17
25011,15.7,22.79,22.28,21.81,21.43,20.14,21.15
25013,14.3,22.57,29.2,35.74,43.43,49.09,57.92
25015,14.8,15.41,20.25,25.13,30.52,34.45,40.89
25017,16.4,20.99,26.76,32.48,38.1,43.16,50.66
25019,12.7,13.91,16.49,19.22,21.6,23.57,28.3
25021,17.6,22.82,31.51,41.16,50.06,58.2,68.95
25023,19.6,29.73,38.55,47.31,55.97,63.87,74.34
25025,17.3,23.81,32.05,40.94,48.98,56.22,66.02
25027,16.8,26.11,28.57,30.95,34.15,35.86,40.33
26001,12.2,12.79,13.73,16.87,18.94,21.38,23.1
26003,10.9,14.95,16.32,19.01,20.71,23.49,23.82
26005,16.8,11.95,14.59,18.28,21.59,23.85,25.75
26007,12.4,13.96,16.31,20.95,24.02,27.44,30.67
26009,13.1,16.95,15.69,15.75,16.06,16.67,15.51
26011,13.0,12.8,15.13,18.59,22.03,25.06,27.76
26013,12.7,13.19,17.38,22.95,27.7,33.54,37.17
26015,10.7,12.86,15.46,19.58,23.43,26.71,29.43
26017,17.3,21.15,26.07,32.63,38.86,44.8,51.06
26019,13.3,15.31,14.25,13.47,13.23,12.94,11.62
26021,19.0,19.6,21.56,24.53,27.45,29.35,31.94
26023,11.9,14.52,15.89,19.25,22.28,24.13,26.27
26025,23.2,31.13,34.14,38.86,43.43,47.56,50.72
26027,13.5,12.95,15.53,19.07,22.72,25.43,28.15
26029,8.6,10.48,11.06,12.71,14.26,16.36,17.12
26031,15.1,15.66,16.39,19.13,20.51,22.67,23.85
26033,14.1,13.25,15.83,20.04,23.97,28.22,31.73
26035,19.5,23.26,27.88,33.86,40.57,46.37,51.24
26037,8.8,10.77,12.15,15.32,18.62,21.09,22.99
26039,18.6,21.68,25.04,29.5,34.22,38.83,42.71
26041,6.1,6.81,8.71,11.53,13.86,16.72,18.34
26043,13.8,17.06,17.7,18.9,19.83,21.39,21.49
26045,12.9,17.52,18.72,21.39,24.12,26.21,27.79
26047,9.3,12.13,12.12,13.0,13.66,14.84,14.81
26049,14.9,15.91,28.86,43.99,59.21,73.85,88.0
26051,20.4,20.24,22.35,25.35,28.62,31.81,33.73
26053,9.4,12.05,13.49,15.92,18.41,21.57,23.39
26055,11.6,14.29,18.12,22.2,27.2,31.78,35.51
26057,6.8,10.04,9.44,10.9,12.16,12.61,12.79
26059,10.3,11.46,17.98,26.11,34.99,42.75,49.95
26061,7.6,6.9,10.1,13.98,17.31,22.35,24.78
26063,11.1,13.24,16.38,20.23,23.57,26.56,30.38
26065,18.6,21.49,24.21,28.73,33.45,37.32,40.81
26067,16.6,13.99,17.46,22.42,26.8,30.58,33.87
26069,16.9,20.44,26.01,33.14,39.59,45.67,51.38
26071,12.4,15.15,20.86,27.48,33.13,39.98,45.21
26073,8.8,13.83,16.33,20.5,24.54,27.73,30.34
26075,8.2,10.13,9.44,10.76,12.59,13.15,13.22
26077,14.3,12.77,21.1,30.4,39.83,48.18,56.36
26079,11.8,12.57,14.3,17.12,20.62,23.93,25.98
26081,9.9,14.7,13.4,13.34,13.01,11.64,9.69
26083,9.7,10.51,12.29,15.35,16.94,20.26,21.5
26085,10.8,12.54,13.91,15.56,18.37,19.73,21.0
26087,12.1,13.44,16.63,20.97,25.53,29.34,33.22
26089,8.3,9.23,9.62,10.35,12.0,13.48,14.05
26091,17.0,21.22,19.45,19.86,20.7,20.1,19.32
26093,22.7,16.27,18.27,22.82,27.77,31.66,34.79
26095,10.5,12.08,13.86,16.72,19.23,22.91,24.3
26097,9.3,10.6,12.72,16.61,20.08,24.4,27.29
26099,29.0,29.21,36.56,45.44,54.61,62.9,70.66
26101,20.2,24.51,26.86,29.12,32.57,35.19,37.52
26103,12.8,18.06,21.87,27.76,32.69,38.44,41.96
26105,12.4,16.21,15.35,14.2,14.17,12.87,11.29
26107,9.2,9.81,11.24,13.86,17.25,19.4,20.8
26109,12.2,12.69,13.36,14.22,15.27,16.32,16.26
26111,10.4,12.02,14.48,18.39,22.02,25.41,27.94
26113,10.7,14.04,14.95,16.49,18.98,20.67,21.77
26115,23.8,28.86,34.94,42.95,51.74,58.78,65.6
26117,12.1,17.02,14.67,14.18,13.34,11.25,8.88
26119,12.2,12.51,15.11,19.61,22.75,26.48,29.58
26121,27.0,23.31,21.98,21.55,21.25,19.98,18.38
26123,12.2,13.52,13.13,14.07,15.18,15.18,14.66
26125,10.3,10.2,12.26,16.37,20.8,24.4,27.17
26127,13.0,15.23,16.1,17.34,19.5,20.56,20.97
26129,26.0,23.47,23.69,25.2,26.88,28.34,28.94
26131,12.7,14.63,15.8,18.48,21.16,24.06,25.51
26133,12.9,13.47,14.1,15.65,18.28,19.66,20.64
26135,17.5,17.86,20.37,24.2,27.77,31.51,34.84
26137,16.5,16.36,21.88,28.83,35.38,42.44,48.21
26139,10.9,10.92,13.13,16.41,19.61,21.59,23.18
26141,14.7,15.01,15.34,17.69,18.72,20.18,21.22
26143,21.3,20.21,26.7,34.21,42.3,49.99,56.74
26145,19.6,18.75,20.7,24.47,28.23,31.26,34.24
26147,26.4,26.68,41.84,56.96,72.38,87.49,102.82
26149,12.2,11.53,14.06,17.93,21.72,24.44,27.18
26151,12.4,13.26,17.81,22.81,28.09,32.22,37.33
26153,12.9,14.16,16.73,20.32,23.41,27.24,29.35
26155,14.1,16.29,17.45,20.51,23.69,26.24,28.08
26157,11.9,13.29,14.01,15.96,18.21,19.62,21.14
26159,16.5,17.34,18.05,19.7,21.09,21.09,22.03
26161,16.8,16.64,18.68,23.23,28.45,32.17,35.36
26163,25.7,31.46,37.82,46.23,55.06,62.19,69.57
26165,18.9,18.93,18.74,18.91,20.25,20.48,20.43
27001,14.7,16.69,18.76,21.4,25.56,27.82,29.8
27003,8.5,10.29,11.2,12.2,14.08,15.56,15.8
27005,6.6,8.46,9.13,11.06,14.63,16.26,17.11
27007,11.2,11.46,13.2,16.46,21.2,23.57,25.52
27009,8.8,10.87,12.94,14.66,17.73,19.58,20.67
27011,5.9,6.87,7.95,8.78,10.23,10.51,9.95
27013,5.1,5.34,6.82,7.34,9.83,11.54,12.38
27015,4.8,5.01,5.8,5.42,6.69,7.63,8.12
27017,14.6,15.55,15.82,17.01,19.31,20.29,20.38
27019,5.2,6.2,6.77,6.9,7.97,8.22,8.17
27021,18.0,19.87,22.1,25.18,29.44,31.84,33.63
27023,5.1,5.38,5.86,5.75,6.39,6.22,5.54
27025,9.5,9.79,9.93,9.81,10.39,11.29,10.96
27027,12.1,14.5,14.17,15.5,17.34,17.99,17.76
27029,10.6,11.21,14.63,19.01,25.05,29.33,33.14
27031,8.8,10.11,10.92,13.43,15.83,18.67,19.89
27033,4.4,4.83,5.47,5.2,5.68,6.0,6.22
27035,10.4,11.6,14.65,18.05,22.58,25.46,27.94
27037,7.4,9.26,10.16,11.05,12.88,14.02,14.66
27039,5.6,6.61,7.33,8.42,10.25,11.84,12.36
27041,5.1,5.29,5.88,7.22,9.34,9.62,9.28
27043,4.4,5.62,5.53,5.05,6.22,6.19,6.31
27045,5.3,5.43,6.8,8.0,10.46,12.58,13.38
27047,5.1,5.89,6.93,7.56,9.62,10.61,11.25
27049,7.2,7.76,8.75,9.94,12.03,13.54,14.37
27051,4.5,5.29,5.66,6.46,8.56,8.73,8.19
27053,11.0,12.65,15.61,18.25,22.1,25.65,28.11
27055,6.7,8.01,9.19,10.87,13.24,15.22,16.12
27057,9.2,9.43,11.28,14.27,18.67,20.76,22.45
27059,8.5,9.06,12.1,14.94,18.43,21.52,24.17
27061,12.4,12.21,13.42,15.11,18.64,19.35,19.85
27063,3.9,4.22,5.29,6.33,8.27,9.34,10.1
27065,8.7,8.89,9.88,10.93,12.87,14.14,14.99
27067,5.2,7.52,6.33,4.12,3.5,1.55,-0.81
27069,6.3,6.51,7.77,10.99,15.03,17.37,18.64
27071,8.1,7.83,9.99,14.12,18.61,20.07,22.11
27073,4.6,4.91,6.38,7.6,9.16,10.21,10.33
27075,6.5,7.14,8.01,10.87,14.11,17.16,18.94
27077,9.9,10.08,11.46,15.59,19.88,22.01,24.3
27079,4.8,4.86,5.9,5.94,7.59,8.57,9.27
27081,5.3,5.51,6.13,6.57,7.04,7.28,6.43
27083,4.8,5.84,5.76,4.78,4.2,3.64,2.09
27085,4.6,5.09,5.64,4.98,6.21,6.3,6.32
27087,24.3,20.33,25.9,32.53,40.31,46.53,52.2
27089,5.9,7.09,7.45,10.42,14.09,16.54,17.85
27091,4.1,4.34,4.74,4.55,6.46,7.01,7.57
27093,6.7,6.6,7.97,8.61,10.51,11.27,11.67
27095,15.5,15.91,20.67,25.55,31.42,36.28,40.72
27097,9.1,11.88,13.53,15.08,17.49,18.74,19.67
27099,8.4,11.2,10.0,8.78,8.22,6.99,5.41
27101,5.2,5.62,5.82,5.25,5.09,4.27,3.5
27103,5.2,5.35,5.58,4.71,6.1,6.39,6.21
27105,4.0,4.32,5.49,6.32,7.94,8.66,9.1
27107,6.3,6.73,8.84,12.44,16.48,19.51,21.17
27109,9.3,8.18,10.3,12.82,16.22,19.16,20.67
27111,5.6,6.68,7.48,9.21,12.34,13.41,13.37
27113,10.7,10.53,12.82,17.02,22.06,26.01,29.23
27115,11.0,11.28,12.6,13.57,15.15,16.15,17.11
27117,3.5,3.81,4.41,4.85,5.22,5.19,4.37
27119,11.7,12.38,12.78,14.67,17.07,19.02,20.05
27121,6.3,6.8,7.76,8.78,10.6,10.92,10.77
27123,11.4,14.44,16.43,18.45,21.51,24.41,26.0
27125,7.5,8.06,9.61,12.26,15.69,18.38,20.29
27127,6.0,7.69,8.3,7.54,8.13,8.26,8.03
27129,6.3,7.65,7.37,5.79,6.16,5.57,4.46
27131,7.0,6.36,7.86,8.7,10.82,12.09,12.99
27133,5.3,5.58,7.26,8.86,10.55,12.01,12.39
27135,6.0,6.84,7.46,10.53,13.73,15.54,16.76
27137,15.2,15.45,17.88,21.43,26.19,29.55,32.28
27139,6.2,5.56,8.17,10.08,13.11,15.5,17.53
27141,10.5,9.39,11.5,13.6,16.42,18.57,19.6
27143,5.2,6.6,6.84,5.84,7.11,7.28,6.79
27145,8.3,10.22,11.63,12.68,14.68,15.59,15.9
27147,5.5,6.06,6.81,6.85,8.36,9.14,8.97
27149,4.7,5.28,6.49,7.94,10.13,10.66,10.81
27151,4.7,5.41,6.2,6.89,8.17,7.98,7.18
27153,5.7,6.28,6.75,7.51,9.41,9.74,9.56
27155,6.1,7.51,7.66,8.44,10.43,10.63,10.19
27157,6.9,7.23,8.84,11.17,13.98,16.3,17.94
27159,8.6,8.47,10.5,12.82,16.67,18.53,19.77
27161,5.8,6.6,8.38,9.14,11.01,12.7,13.54
27163,9.0,8.52,9.96,11.71,13.91,16.08,16.99
27165,4.0,4.59,5.02,4.78,6.21,6.68,7.16
27167,5.7,6.16,6.61,8.38,10.85,12.27,12.54
27169,10.5,9.45,9.58,10.36,11.63,12.79,13.17
27171,6.0,5.47,6.41,7.14,9.04,10.01,10.43
27173,5.8,6.07,6.76,7.17,7.72,7.83,7.17
28001,9.5,9.29,11.41,11.93,12.2,11.79,11.44
28003,14.9,14.9,18.15,21.22,23.95,27.09,28.84
28005,9.0,9.72,11.22,12.19,13.1,13.56,13.84
28007,5.8,6.49,7.64,7.33,6.16,6.42,5.17
28009,6.9,7.84,8.45,9.24,9.19,8.76,7.88
28011,5.0,4.88,5.91,6.07,5.76,4.29,3.04
28013,7.9,9.07,9.88,9.31,7.78,6.93,4.97
28015,6.8,7.11,7.96,7.66,6.56,5.48,4.2
28017,7.5,8.63,9.73,10.24,9.19,9.64,8.45
28019,6.9,7.16,8.64,8.74,7.67,8.62,8.12
28021,5.5,6.4,7.01,6.41,5.77,4.03,3.24
28023,11.1,13.22,12.96,12.27,11.26,11.16,9.94
28025,4.5,4.95,5.66,5.6,4.13,4.33,3.39
28027,13.6,13.43,14.05,14.56,13.59,12.39,11.03
28029,7.6,8.22,9.79,10.13,10.65,10.46,11.05
28031,10.8,12.26,15.04,17.76,20.01,22.28,24.31
28033,12.7,16.54,19.07,21.75,23.31,25.27,26.64
28035,9.7,10.27,10.32,10.19,9.85,9.44,8.95
28037,11.5,11.79,13.9,15.02,15.41,15.95,16.66
28039,15.7,19.82,18.23,16.19,13.74,11.17,8.2
28041,7.3,7.68,8.45,8.79,9.0,8.86,8.42
28043,7.9,8.16,9.13,9.06,7.54,6.5,4.59
28045,23.1,26.68,34.19,41.24,48.02,54.79,60.75
28047,23.0,17.4,19.32,21.07,21.79,22.92,23.14
28049,4.9,6.29,8.03,8.22,8.63,8.48,9.07
28051,5.1,5.34,5.98,5.37,4.19,3.24,2.08
28053,4.6,4.97,5.75,5.58,5.06,4.3,3.44
28055,6.3,6.83,7.72,7.22,7.19,6.18,5.47
28057,12.1,13.62,15.31,16.49,17.15,18.43,18.75
28059,22.5,21.0,22.13,22.92,23.01,23.38,22.72
28061,7.6,7.49,8.31,9.37,9.62,10.29,10.58
28063,5.8,6.33,7.27,7.01,6.7,5.57,5.0
28065,8.4,9.48,10.45,11.12,11.43,11.51,11.9
28067,7.2,8.63,10.51,12.51,14.02,15.33,16.79
28069,5.3,5.81,6.15,6.01,4.7,4.86,4.39
28071,6.3,7.51,7.26,6.29,4.21,2.43,-0.14
28073,11.9,14.78,13.57,12.38,10.64,9.1,7.13
28075,7.4,8.61,8.37,7.57,6.13,5.97,4.66
28077,11.2,12.23,13.48,13.99,14.56,14.53,14.87
28079,9.7,7.5,8.73,8.99,7.97,8.47,8.14
28081,8.7,10.06,12.97,15.11,16.26,18.54,19.52
28083,5.5,7.17,7.65,7.34,5.91,4.54,2.52
28085,11.0,10.39,10.8,10.0,9.03,8.21,7.45
28087,7.3,9.21,9.21,8.65,6.48,5.55,3.97
28089,9.3,7.17,7.29,5.75,4.8,3.19,1.59
28091,19.3,26.56,25.43,23.85,22.65,20.35,18.15
28093,7.1,9.19,8.5,8.22,6.9,5.49,3.47
28095,7.1,8.58,9.26,9.18,7.8,7.12,5.95
28097,10.6,10.38,12.07,12.86,12.35,12.5,12.22
28099,11.2,12.35,11.28,10.13,7.27,6.29,4.39
28101,9.2,9.49,9.84,10.21,9.6,10.4,10.17
28103,4.5,4.61,5.45,5.48,4.35,4.43,3.92
28105,2.9,3.54,3.99,3.34,1.37,0.94,-0.34
28107,11.5,12.15,13.0,13.22,11.84,10.94,9.25
28109,21.8,33.3,30.03,26.52,22.37,18.12,13.65
28111,13.5,13.2,14.56,15.59,16.53,17.48,18.11
28113,9.5,10.32,10.52,10.02,9.17,8.23,7.0
28115,13.9,14.82,16.32,17.33,16.97,17.68,17.34
28117,10.7,11.39,13.04,14.24,14.93,16.1,15.72
28119,11.3,12.84,13.2,13.36,11.82,10.26,8.25
28121,10.7,11.34,18.01,23.4,29.02,34.22,39.62
28123,7.0,8.07,8.27,8.35,7.38,7.47,7.11
28125,5.4,6.23,6.88,5.95,5.47,3.86,2.74
28127,11.4,11.71,14.51,16.74,18.64,20.35,22.29
28129,12.3,12.03,13.52,14.73,15.82,16.62,17.45
28131,17.0,16.86,20.85,24.07,27.09,29.98,32.34
28133,5.1,5.29,7.21,8.54,9.06,9.26,9.21
28135,7.0,8.44,9.24,9.46,8.0,6.66,4.48
28137,14.4,19.18,19.87,20.61,19.68,18.96,17.63
28139,6.5,8.59,9.16,9.29,9.28,9.15,7.47
28141,26.6,23.9,23.72,23.27,22.52,22.45,20.7
28143,7.9,9.3,9.84,10.76,10.38,10.2,9.76
28145,7.1,6.75,7.76,8.35,7.6,7.73,6.71
28147,12.7,17.11,15.64,13.5,10.75,8.21,5.59
28149,7.3,8.23,9.59,9.46,9.75,9.09,8.74
28151,4.7,5.51,7.64,8.16,8.67,8.35,8.11
28153,14.5,14.19,14.91,15.21,15.12,15.22,15.26
28155,9.3,9.5,11.38,11.72,10.89,11.85,11.28
28157,9.0,10.29,10.76,10.47,9.91,9.47,8.47
28159,9.8,9.11,10.91,11.82,11.53,12.69,12.85
28161,9.6,9.94,10.53,9.89,7.92,6.6,4.05
28163,8.9,8.22,9.98,10.05,10.66,10.6,10.49
29001,12.2,13.08,14.66,18.36,21.17,24.49,27.14
29003,6.2,6.84,9.37,11.45,14.12,17.53,20.3
29005,5.5,6.42,7.25,7.92,9.37,11.49,12.41
29007,9.5,10.31,11.97,15.41,17.82,19.93,22.39
29009,10.9,13.49,13.78,15.09,16.65,17.26,16.28
29011,12.1,12.27,14.8,18.85,22.16,25.23,27.26
29013,22.1,18.95,25.53,33.13,40.39,48.27,55.02
29015,15.3,18.12,18.75,20.86,22.2,24.72,26.29
29017,11.0,11.25,12.37,14.69,16.12,17.22,18.29
29019,10.8,12.61,12.98,14.74,15.75,17.11,17.64
29021,12.9,11.53,13.24,14.8,16.89,19.73,21.56
29023,26.8,21.87,23.26,25.6,28.14,29.15,30.93
29025,11.6,12.71,15.77,19.22,23.04,27.35,30.91
29027,14.1,16.29,17.85,20.91,22.91,25.09,26.93
29029,15.1,18.45,21.25,25.17,28.0,31.91,34.93
29031,12.3,12.94,18.06,23.68,28.82,33.66,38.48
29033,11.1,11.31,13.61,16.65,19.67,23.15,26.4
29035,14.8,16.67,19.24,23.33,27.05,29.88,33.0
29037,13.2,12.91,13.74,15.43,17.18,19.65,21.36
29039,13.7,14.03,18.39,23.82,28.17,33.29,37.02
29041,8.6,8.74,10.05,12.92,15.44,18.12,20.77
29043,13.3,14.13,14.88,16.43,17.57,18.52,17.85
29045,8.0,9.79,10.73,13.51,15.48,17.52,19.16
29047,10.3,14.87,17.61,19.95,22.81,26.51,29.13
29049,12.8,17.14,17.68,18.29,19.3,21.29,22.22
29051,10.2,12.37,15.02,19.0,22.13,25.91,28.43
29053,7.0,7.25,8.27,10.92,12.54,14.46,15.92
29055,21.7,29.32,28.82,29.77,30.21,29.91,29.0
29057,13.6,14.07,16.82,20.31,23.68,26.72,28.92
29059,14.3,14.61,16.45,19.21,21.04,23.75,25.03
29061,7.6,8.36,10.13,12.34,14.94,18.3,20.64
29063,7.7,8.14,9.57,10.95,12.59,15.49,17.27
29065,30.8,26.74,29.88,34.09,37.75,41.38,44.45
29067,8.1,8.61,9.33,10.5,11.52,12.45,12.29
29069,24.4,22.02,18.91,15.9,13.24,9.42,6.42
29071,24.6,24.7,36.24,48.52,60.14,71.12,82.11
29073,18.4,22.93,23.79,25.9,27.21,28.17,28.7
29075,8.7,8.9,11.32,13.94,16.73,20.41,23.1
29077,22.9,29.6,28.72,28.48,27.58,26.58,24.53
29079,10.9,11.79,13.97,16.92,19.9,23.44,26.59
29081,10.9,10.15,12.53,14.9,17.89,21.84,24.75
29083,10.3,11.67,13.32,16.39,18.41,21.52,23.96
29085,16.4,18.75,22.31,27.46,31.53,36.73,40.94
29087,6.1,6.68,7.66,8.21,10.09,12.39,13.69
29089,6.1,6.49,7.88,10.79,12.76,15.1,17.28
29091,15.6,14.35,16.56,19.1,21.5,23.57,25.35
29093,24.0,24.37,28.36,33.86,38.2,42.0,46.04
29095,16.1,18.2,17.75,17.46,17.18,18.0,17.61
29097,15.1,10.92,13.25,16.59,20.06,22.88,24.16
29099,30.8,29.1,41.64,55.58,68.23,80.71,93.17
29101,5.7,6.22,8.02,11.43,13.74,16.65,19.09
29103,8.5,9.25,11.18,15.35,17.99,21.17,24.23
29105,9.6,12.15,12.93,14.44,14.65,15.76,16.08
29107,9.6,10.72,11.87,13.98,15.67,17.98,19.7
29109,14.2,17.84,17.72,18.76,19.88,20.4,19.54
29111,9.1,10.6,13.14,17.1,20.57,23.95,26.92
29113,19.5,22.72,26.34,31.47,35.71,39.43,43.59
29115,8.2,8.15,9.51,11.91,14.2,16.65,19.09
29117,14.5,17.94,18.08,18.62,19.31,20.56,21.54
29119,11.6,12.43,13.35,15.05,16.37,16.75,16.25
29121,7.1,8.05,9.08,12.29,14.73,17.29,19.79
29123,20.1,23.18,24.62,27.0,28.53,29.81,30.73
29125,18.5,19.15,22.45,27.12,30.79,34.83,37.83
29127,14.4,17.65,20.93,26.35,30.51,34.79,39.21
29129,7.3,7.93,9.26,11.32,13.25,15.93,17.8
29131,11.9,11.28,12.07,14.09,14.93,16.95,17.7
29133,9.2,11.89,14.38,16.98,19.5,21.38,22.96
29135,5.5,5.94,6.91,9.3,10.7,12.96,14.53
29137,9.8,10.63,11.45,14.29,15.73,17.28,19.07
29139,19.1,20.9,22.93,26.64,29.65,32.12,34.79
29141,11.8,9.73,11.92,15.62,18.34,22.17,25.02
29143,12.8,15.35,18.68,21.92,25.55,28.45,31.51
29145,10.3,12.59,12.85,13.87,14.58,14.96,13.73
29147,4.5,4.7,5.37,5.72,6.75,8.4,9.71
29149,10.8,11.72,13.91,16.17,18.95,21.29,23.33
29151,10.7,10.82,11.84,14.24,15.46,16.97,17.99
29153,13.2,15.65,16.32,17.01,17.65,17.58,16.81
29155,17.9,19.08,20.44,21.56,23.17,24.15,25.5
29157,13.4,12.51,18.3,25.14,31.4,37.33,42.66
29159,9.1,10.14,14.07,19.34,23.69,29.14,34.18
29161,17.6,18.14,23.27,29.49,35.27,41.06,45.96
29163,11.6,13.34,13.64,16.26,17.0,17.64,19.06
29165,10.2,11.56,12.52,12.89,14.26,16.01,16.74
29167,15.0,17.62,23.51,30.67,36.71,43.46,49.24
29169,19.3,23.17,28.04,33.17,37.85,42.6,46.4
29171,7.8,8.48,9.79,11.79,13.61,15.67,17.25
29173,8.8,10.4,11.78,15.56,17.61,19.91,22.32
29175,10.6,10.34,10.43,12.01,13.01,13.66,14.77
29177,12.0,11.05,16.11,21.92,27.76,34.38,39.96
29179,17.4,20.61,21.64,24.0,26.03,27.21,28.42
29181,14.5,15.61,19.17,23.98,28.69,32.78,37.16
29183,17.3,17.22,21.58,26.97,31.16,35.37,40.42
29185,7.5,8.24,9.72,12.6,14.7,18.09,19.72
29186,18.8,19.59,21.83,25.34,28.35,30.41,32.91
29187,40.1,32.95,35.46,38.99,41.95,44.14,46.49
29189,18.8,16.84,27.85,40.24,51.2,62.47,74.25
29195,12.6,10.67,13.57,17.11,20.63,24.56,27.85
29197,6.9,7.92,9.12,12.4,14.98,17.73,20.47
29199,7.3,8.08,9.19,12.29,14.43,16.77,18.78
29201,14.4,18.64,20.3,22.24,24.23,25.83,27.07
29203,11.7,13.35,13.97,15.34,15.82,16.21,16.68
29205,11.6,11.36,12.09,14.29,15.71,16.96,18.5
29207,11.7,14.28,14.31,14.95,16.04,16.25,16.5
29209,16.2,16.11,21.89,29.01,36.03,42.24,47.19
29211,9.4,9.65,10.87,13.54,16.04,18.87,20.77
29213,13.6,12.61,17.29,23.56,28.97,33.83,37.43
29215,11.7,13.73,17.05,20.66,23.81,27.35,29.83
29217,12.9,12.37,14.2,17.35,19.58,22.71,24.24
29219,22.1,26.03,24.0,23.24,21.46,19.35,17.73
29221,28.6,30.06,28.04,27.01,25.53,23.5,21.18
29223,27.6,22.56,24.15,27.04,29.51,30.78,32.16
29225,17.1,22.75,18.29,14.66,10.01,5.7,0.12
29227,7.2,7.78,9.08,10.4,12.19,15.12,17.24
29229,8.4,9.81,11.37,13.32,14.89,16.68,17.26
29510,37.3,34.18,57.04,81.26,104.05,127.12,150.57
30001,10.0,11.54,11.82,13.25,14.57,16.63,19.19
30003,10.8,10.69,13.12,15.38,17.11,20.79,22.23
30005,9.2,9.48,11.9,16.13,19.78,25.37,27.71
30007,8.7,9.03,10.0,12.52,13.62,16.59,18.67
30009,11.9,15.28,14.83,14.13,13.35,14.35,13.36
30011,7.2,7.74,8.92,9.95,11.31,12.81,13.57
30013,9.7,13.38,12.52,12.49,11.11,11.87,10.97
30015,9.5,10.5,11.14,12.64,13.49,16.36,17.23
30017,11.9,11.59,12.97,14.4,14.81,16.41,17.01
30019,12.5,12.78,15.5,19.05,22.36,26.47,28.3
30021,8.4,7.76,8.62,9.69,11.18,12.88,12.76
30023,21.9,23.48,27.84,33.92,39.77,46.54,53.46
30025,6.4,6.97,7.97,8.2,9.07,9.8,8.99
30027,9.7,11.08,13.24,16.24,19.54,24.61,27.36
30029,13.1,13.35,16.79,21.89,25.47,31.39,36.09
30031,6.6,7.19,6.81,6.96,7.02,8.48,9.0
30033,6.7,7.36,8.42,9.98,11.17,13.05,13.75
30035,15.9,16.32,16.51,18.03,18.16,20.57,21.72
30037,8.8,9.66,10.83,12.08,14.45,17.74,19.47
30039,10.7,11.61,14.07,18.53,22.63,28.26,33.66
30041,13.4,15.2,15.45,17.75,19.04,21.92,22.57
30043,11.9,12.86,13.76,16.52,18.52,21.67,23.95
30045,8.1,9.0,10.15,11.66,12.59,15.4,16.47
30047,19.5,21.57,20.12,21.14,20.31,21.18,22.18
30049,10.8,14.3,14.27,16.1,16.51,18.09,18.83
30051,8.5,9.31,10.55,13.38,15.83,20.7,22.81
30053,10.9,13.16,14.79,18.49,19.96,23.38,26.57
30055,7.7,8.35,9.57,11.09,12.61,14.64,15.39
30057,10.7,11.13,13.86,17.47,21.02,25.58,30.14
30059,9.2,9.51,10.66,12.27,13.33,16.66,18.44
30061,20.2,20.7,23.14,28.43,31.53,36.28,40.84
30063,13.2,15.04,14.24,15.63,15.66,17.38,18.68
30065,8.5,9.89,11.14,11.68,13.92,17.04,18.46
30067,16.9,17.25,18.17,20.08,21.13,24.01,25.88
30069,7.5,8.23,9.43,11.15,12.74,15.83,17.5
30071,6.2,6.71,7.8,10.01,12.1,14.81,15.63
30073,9.6,10.45,11.37,13.4,14.1,17.55,19.48
30075,8.8,9.01,10.25,11.07,12.78,15.16,15.05
30077,20.7,19.3,21.32,25.18,28.86,33.63,38.12
30079,7.8,8.5,9.82,11.2,11.98,13.79,14.09
30081,10.5,11.84,13.55,17.63,20.18,23.63,27.78
30083,10.7,12.87,13.99,14.11,15.66,17.05,16.51
30085,15.9,15.44,16.4,17.71,19.1,21.22,21.07
30087,7.1,7.66,8.8,9.6,9.62,11.31,11.27
30089,10.8,12.51,13.44,16.74,17.98,20.72,23.6
30091,11.0,11.91,14.55,16.75,19.54,22.66,23.56
30093,20.4,20.78,23.63,27.69,31.57,36.18,40.58
30095,8.4,9.44,9.76,9.87,10.29,12.46,13.21
30097,9.1,10.56,12.6,15.24,17.29,21.11,23.8
30099,11.6,11.36,14.82,18.99,21.98,27.34,31.39
30101,9.5,10.36,13.18,16.71,19.81,25.17,28.72
30103,8.7,9.47,10.87,12.4,13.66,16.14,17.75
30105,7.1,7.32,8.3,10.24,12.08,14.67,15.48
30107,9.4,10.16,11.75,12.85,14.57,17.59,18.91
30109,7.7,8.42,10.24,11.79,13.44,14.96,14.64
30111,13.9,16.87,15.03,12.88,11.8,11.44,9.7
31001,3.9,5.21,5.04,5.9,6.89,8.54,8.73
31003,3.3,3.6,4.11,4.39,4.89,6.57,6.61
31005,5.8,6.33,7.19,8.21,10.35,12.71,12.54
31007,8.2,9.08,10.17,10.48,11.34,12.71,13.3
31009,4.6,5.03,5.71,6.5,8.68,10.36,9.65
31011,3.9,4.47,4.97,5.54,6.13,8.22,8.23
31013,8.9,8.75,10.22,10.94,12.3,15.36,15.91
31015,4.3,4.77,5.29,5.75,6.57,8.33,7.92
31017,4.7,5.1,5.89,7.25,8.72,10.61,10.11
31019,5.7,5.84,6.16,6.85,8.55,10.99,10.93
31021,6.0,6.84,7.52,8.09,8.46,10.11,10.96
31023,3.7,4.26,4.72,5.1,5.52,7.62,8.09
31025,6.3,8.26,7.66,7.48,7.56,8.63,7.86
31027,3.9,4.4,5.06,5.93,6.97,8.8,9.76
31029,4.9,5.35,6.1,7.95,10.83,13.64,14.1
31031,5.1,5.33,5.98,6.64,8.14,9.58,9.63
31033,7.7,9.77,10.3,10.51,12.0,13.27,13.3
31035,3.6,3.96,4.48,5.87,7.52,9.55,10.35
31037,3.6,3.91,5.04,6.04,7.3,10.42,11.88
31039,4.4,5.05,5.46,6.2,7.24,9.18,10.24
31041,4.6,4.98,5.95,7.1,9.33,11.94,12.02
31043,4.5,4.4,5.3,6.42,6.89,8.4,10.04
31045,8.1,9.23,11.22,11.74,13.98,16.52,17.23
31047,4.1,4.22,4.6,4.77,6.87,9.04,8.36
31049,7.0,7.9,8.81,9.64,11.79,14.07,14.27
31051,3.6,3.96,4.66,4.81,4.86,5.81,6.11
31053,5.2,5.04,7.17,8.97,11.3,14.75,17.15
31055,8.9,8.83,8.89,9.0,9.46,10.58,10.54
31057,6.0,6.63,7.55,9.05,11.52,13.07,13.8
31059,4.2,4.8,5.25,6.18,7.13,9.33,9.92
31061,5.7,6.26,7.46,9.11,11.55,14.66,15.45
31063,4.5,4.84,5.57,7.42,10.51,13.23,13.72
31065,5.8,6.27,7.2,8.86,11.5,14.09,14.7
31067,6.1,6.53,7.06,7.92,9.13,10.61,10.77
31069,6.6,7.69,8.28,8.64,10.19,12.02,11.34
31071,5.9,6.44,7.33,8.35,10.42,12.75,12.65
31073,4.2,4.57,5.28,6.27,8.83,11.53,11.41
31075,5.3,5.8,6.56,6.87,8.54,10.81,10.95
31077,4.9,5.44,6.11,6.78,7.87,9.76,9.81
31079,4.3,4.33,5.58,7.76,9.96,12.9,14.39
31081,3.8,4.01,4.44,5.59,7.15,9.4,10.24
31083,5.1,5.94,6.55,7.62,9.44,11.49,11.56
31085,6.0,6.48,7.45,9.41,12.62,15.52,16.44
31087,7.0,7.67,8.78,11.12,14.13,16.63,17.76
31089,3.5,4.54,4.41,4.66,5.06,5.94,4.96
31091,4.9,5.4,6.15,6.25,7.42,9.01,8.29
31093,5.0,5.39,6.24,7.37,8.99,11.12,11.37
31095,5.4,5.3,5.87,7.18,8.77,10.75,11.24
31097,6.8,7.15,7.85,9.21,11.23,13.2,13.15
31099,5.5,5.75,6.5,7.63,9.78,12.49,12.69
31101,6.9,7.49,9.0,10.7,13.72,16.39,16.64
31103,5.2,5.68,6.53,7.21,8.62,10.48,10.56
31105,9.6,11.02,11.88,12.76,13.81,15.17,15.85
31107,3.7,4.03,4.62,5.03,5.3,6.92,7.22
31109,7.7,7.65,7.73,8.3,9.05,10.75,10.68
31111,7.5,6.66,6.62,7.2,8.99,10.96,10.17
31113,4.7,5.03,5.87,6.81,8.96,11.26,10.73
31115,4.7,5.18,5.84,6.91,8.75,10.89,10.74
31117,5.2,5.67,6.5,7.32,9.84,11.76,11.82
31119,4.1,4.18,5.75,7.05,8.5,11.33,12.53
31121,7.3,7.93,8.51,9.49,10.91,13.54,14.15
31123,7.2,7.93,8.97,9.44,10.74,12.59,13.2
31125,5.0,5.19,5.88,6.5,7.94,10.64,11.66
31127,8.2,9.41,9.6,9.6,10.35,11.96,12.0
31129,4.4,4.79,5.5,7.0,8.51,10.82,11.85
31131,5.3,6.46,6.52,6.62,7.46,9.12,8.81
31133,6.3,6.87,7.83,8.72,10.22,11.88,12.01
31135,6.6,7.16,8.21,10.03,12.79,15.54,15.69
31137,5.0,5.3,6.5,8.13,10.44,13.26,13.63
31139,3.7,3.87,4.46,4.88,5.66,7.21,7.09
31141,4.2,4.17,4.92,5.9,7.05,10.04,11.21
31143,4.4,4.79,5.43,5.94,7.15,10.0,10.91
31145,7.3,7.58,8.9,11.59,15.11,18.58,20.1
31147,7.9,8.96,9.81,10.15,11.55,13.6,14.19
31149,4.6,5.0,5.79,6.9,8.18,10.04,9.61
31151,3.9,4.34,5.11,6.59,8.09,10.65,11.3
31153,5.8,5.71,7.41,9.07,11.22,13.9,15.35
31155,4.3,4.64,5.36,6.09,6.98,8.85,9.43
31157,6.5,8.14,8.48,7.5,7.36,7.92,7.17
31159,4.5,5.43,5.61,6.37,7.61,9.81,10.33
31161,5.8,6.46,7.31,6.52,8.16,10.14,10.23
31163,4.3,4.64,5.31,6.42,8.4,10.59,10.62
31165,7.8,8.63,9.66,9.61,10.75,13.02,12.92
31167,4.1,4.48,5.14,5.92,6.93,9.31,10.11
31169,4.2,4.82,5.27,6.05,6.92,8.74,9.0
31171,4.7,5.05,5.79,6.54,8.62,10.44,9.91
31173,5.9,6.1,7.23,8.58,9.74,11.62,13.36
31175,4.9,5.35,6.11,6.89,8.89,10.84,10.91
31177,3.7,3.97,4.63,5.7,6.76,8.89,9.98
31179,3.3,3.56,4.3,4.99,5.7,7.25,7.94
31181,5.1,5.62,7.1,9.82,12.3,15.83,17.66
31183,4.8,4.94,5.57,6.21,7.28,9.05,8.66
31185,5.5,6.34,7.57,8.97,10.76,13.71,15.23
32001,24.9,27.76,26.98,27.25,25.95,26.25,25.59
32003,19.7,21.25,22.52,24.53,27.79,30.35,32.34
32005,20.4,21.13,23.2,25.71,26.05,28.26,29.92
32007,11.5,13.41,13.08,14.02,15.16,16.29,18.52
32009,14.3,15.72,18.08,20.8,24.94,28.63,30.97
32011,13.9,15.17,17.39,21.28,25.05,28.73,32.76
32013,13.3,14.45,17.11,21.46,25.92,31.07,36.64
32015,19.7,21.4,25.45,32.0,37.87,44.09,50.87
32017,15.7,17.2,24.37,33.32,43.5,53.25,62.24
32019,18.2,19.85,21.71,24.15,24.69,26.86,28.05
32021,21.6,26.33,29.92,32.73,36.75,41.83,44.92
32023,27.1,34.58,37.2,40.54,44.48,47.96,51.13
32027,16.7,19.18,20.65,24.35,27.11,30.53,34.39
32029,19.0,24.65,23.59,23.41,21.13,20.56,19.44
32031,19.1,21.69,24.25,27.57,29.1,31.89,34.53
32033,25.6,24.93,29.29,36.17,43.9,50.47,57.37
32510,22.7,35.75,29.2,23.05,14.92,8.36,1.43
33001,20.6,28.78,30.08,31.16,31.36,31.29,33.79
33003,19.0,25.8,28.0,30.04,31.52,33.0,36.46
33005,18.9,16.51,23.98,30.89,37.83,43.96,52.28
33007,25.2,28.08,26.31,23.26,20.04,16.57,15.61
33009,13.9,16.03,15.98,15.92,15.76,14.85,15.77
33011,26.2,37.26,45.42,53.31,60.69,67.2,76.13
33013,24.3,23.43,24.93,26.33,26.79,27.06,29.81
33015,22.2,29.07,32.43,35.52,37.98,39.78,43.86
33017,31.0,30.85,36.41,41.63,45.77,49.9,56.37
33019,14.6,17.01,21.11,24.36,27.23,29.27,33.96
34001,23.2,24.46,36.07,47.88,60.33,71.67,86.22
34003,9.5,10.61,13.3,15.85,19.18,21.27,26.94
34005,16.4,20.14,25.17,30.89,36.81,41.42,49.66
34007,25.8,30.32,37.5,45.74,53.85,60.99,71.94
34009,20.4,25.14,32.9,41.42,50.48,58.17,69.41
34011,19.1,19.5,31.94,44.79,58.35,70.75,86.29
34013,12.3,14.56,23.65,32.57,42.26,50.73,62.69
34015,23.0,26.48,34.3,42.87,51.71,59.39,70.84
34017,8.3,11.79,15.53,19.12,23.74,26.97,33.86
34019,10.4,11.91,15.12,18.95,23.11,25.97,32.55
34021,12.0,15.29,17.04,19.39,21.88,23.49,28.82
34023,13.8,12.68,20.13,27.32,35.17,41.75,51.96
34025,17.0,18.21,24.77,31.16,38.48,44.84,54.32
34027,10.6,10.71,15.66,20.49,25.95,29.79,37.46
34029,22.1,24.41,37.61,51.58,65.9,79.12,95.72
34031,10.5,12.91,17.77,22.37,27.77,31.97,40.02
34033,20.5,27.47,31.05,35.05,39.37,42.63,49.88
34035,9.9,10.47,14.72,19.51,24.57,28.16,35.88
34037,12.0,18.43,24.84,31.57,38.92,44.67,54.2
34039,8.9,11.35,15.34,19.21,23.93,27.18,34.1
34041,15.7,18.98,24.12,30.44,36.82,42.01,50.48
35001,29.4,29.37,28.98,28.45,29.0,29.36,29.12
35003,24.5,25.16,26.81,28.28,31.76,34.33,36.11
35005,17.2,19.86,23.95,28.96,32.97,36.8,40.53
35006,17.7,15.62,24.57,33.6,44.36,55.13,64.68
35007,24.5,25.45,35.25,46.31,57.8,68.41,79.34
35009,15.3,15.27,18.8,23.44,26.96,31.76,34.65
35011,18.0,18.63,21.28,23.67,25.71,28.31,29.58
35013,17.1,18.4,15.39,12.44,11.07,9.26,7.36
35015,26.0,28.57,22.72,18.95,13.83,8.59,3.8
35017,28.4,31.3,31.8,32.45,35.4,38.25,38.9
35019,27.9,31.89,38.48,45.69,52.86,60.27,67.03
35021,15.5,17.0,19.38,22.36,25.47,28.48,30.58
35023,22.8,19.94,24.48,28.38,35.54,41.11,45.45
35025,16.3,17.04,20.09,24.25,26.55,29.46,31.41
35027,31.8,25.01,42.93,61.49,80.7,99.28,118.09
35028,15.4,16.36,19.42,22.63,26.51,30.52,34.44
35029,14.6,14.98,18.16,21.04,26.3,30.92,34.49
35031,13.0,13.07,14.52,17.12,20.91,24.93,27.32
35033,24.2,24.75,28.44,32.73,37.09,41.75,46.68
35035,22.2,21.69,22.2,23.6,25.82,27.27,28.31
35037,21.6,27.32,25.3,25.02,24.36,23.78,21.7
35039,87.9,72.75,78.43,84.51,91.26,98.07,104.44
35041,13.2,14.93,16.3,18.35,19.13,20.85,20.86
35043,22.8,18.38,17.89,17.47,18.25,18.57,18.76
35045,16.8,15.44,17.13,18.79,22.64,25.97,28.61
35047,36.1,33.28,45.15,57.3,69.47,82.04,94.19
35049,29.9,31.51,32.53,33.5,35.54,37.14,39.11
35051,30.4,34.2,34.67,36.12,38.27,40.62,41.79
35053,25.6,24.77,26.72,28.29,31.35,34.63,37.23
35055,26.7,30.78,29.2,28.75,28.3,27.84,27.58
35057,32.6,30.23,33.58,37.0,41.1,45.36,49.25
35059,12.7,13.09,14.85,16.3,18.19,20.38,21.65
35061,27.2,22.2,28.47,34.87,42.17,49.64,56.29
36001,11.7,12.12,11.88,11.19,11.0,9.65,11.51
36003,7.2,7.65,8.92,11.52,13.92,16.33,19.43
36005,10.3,14.63,21.35,27.78,35.2,41.47,51.33
36007,17.3,17.8,30.96,45.23,59.4,73.44,89.64
36009,9.2,14.93,17.98,22.92,27.77,31.69,36.84
36011,12.4,17.15,19.18,21.16,24.07,26.57,30.91
36013,13.3,17.62,22.77,29.44,36.6,42.1,49.29
36015,13.3,15.75,21.49,28.13,34.4,41.17,49.3
36017,10.7,10.59,12.3,14.5,17.46,19.96,24.24
36019,10.8,11.38,12.48,12.51,13.16,13.34,15.01
36021,12.8,13.4,17.61,21.63,25.92,29.11,35.25
36023,10.6,13.87,15.09,16.61,18.6,20.36,24.24
36025,11.3,13.61,18.82,24.0,29.87,34.94,42.24
36027,16.1,20.62,22.36,23.29,25.12,26.13,30.22
36029,15.6,27.64,31.13,36.24,41.93,46.4,51.83
36031,9.3,11.97,13.09,13.42,14.29,14.72,16.82
36033,8.6,11.15,10.04,7.59,5.92,3.74,2.68
36035,8.9,10.43,12.06,13.13,14.93,15.46,18.64
36037,10.0,14.58,19.49,24.97,30.65,35.99,42.15
36039,18.3,18.91,22.21,25.1,28.7,30.85,36.31
36041,7.9,8.14,9.81,11.62,13.19,14.12,17.18
36043,8.0,9.37,12.11,15.11,18.51,21.08,25.61
36045,12.4,12.27,18.16,24.25,30.69,36.11,43.87
36047,8.6,9.66,13.32,16.9,21.67,24.68,31.78
36049,10.5,10.21,13.46,17.34,20.93,24.47,30.01
36051,8.0,9.73,13.02,16.49,20.17,24.0,28.44
36053,12.6,11.78,15.94,20.48,25.51,29.9,36.15
36055,14.5,13.83,17.13,20.07,23.58,26.95,31.2
36057,9.1,11.58,13.7,15.27,17.53,18.42,21.78
36059,12.5,14.49,16.09,17.2,19.59,20.34,24.68
36061,10.4,11.26,16.26,21.07,26.78,31.33,39.3
36063,15.9,22.16,22.75,24.76,27.55,29.52,31.68
36065,15.4,15.66,21.84,28.54,35.76,42.36,50.8
36067,16.0,19.48,28.75,38.37,48.49,58.45,69.99
36069,11.0,10.6,14.59,18.94,24.05,28.63,34.27
36071,17.5,18.64,20.99,23.29,26.61,28.42,33.7
36073,7.9,8.22,10.23,12.93,15.73,18.33,21.44
36075,14.5,17.77,20.12,23.12,26.58,29.63,34.2
36077,11.6,12.39,16.48,20.32,25.22,29.26,35.65
36079,14.4,16.38,19.66,22.88,26.64,29.5,35.28
36081,6.7,7.59,11.5,15.24,19.96,23.18,30.24
36083,7.7,10.9,9.87,8.32,7.23,5.16,5.87
36085,17.9,18.47,25.68,32.83,41.06,47.67,58.27
36087,7.3,10.34,12.72,15.01,18.31,20.51,26.0
36089,9.2,10.08,12.51,14.13,16.35,18.14,21.09
36091,9.2,9.3,8.1,6.2,4.0,1.42,1.61
36093,8.0,10.47,16.47,21.9,27.49,32.54,40.32
36095,6.6,8.03,10.27,11.98,14.44,16.18,20.2
36097,7.5,9.46,10.0,11.16,12.34,13.77,16.01
36099,9.9,11.9,11.83,11.8,12.88,13.5,15.54
36101,10.9,9.48,14.35,20.0,25.41,31.56,38.1
36103,17.2,18.63,24.88,30.52,37.7,43.67,52.34
36105,25.5,26.19,27.33,28.67,30.57,31.48,35.88
36107,15.6,13.44,15.7,18.48,21.72,24.66,29.34
36109,12.1,12.5,16.55,21.2,25.93,30.78,37.11
36111,13.1,17.12,27.34,36.85,47.38,56.57,69.16
36113,8.2,8.82,10.13,10.95,12.01,12.0,14.69
36115,6.7,6.48,7.81,8.74,9.76,9.81,12.56
36117,8.1,9.02,11.2,13.62,16.98,19.66,23.25
36119,9.6,11.7,14.64,18.0,21.83,24.29,30.33
36121,7.2,9.53,11.93,15.09,18.44,21.5,25.03
36123,8.0,9.05,10.42,12.49,14.58,16.71,19.74
37001,13.8,12.96,14.49,18.33,21.3,23.77,26.28
37003,19.7,26.6,25.16,24.93,23.9,22.85,20.45
37005,16.9,18.96,20.67,24.41,27.58,29.87,31.85
37007,11.6,13.43,14.37,17.02,19.51,22.05,22.2
37009,17.4,17.98,20.29,24.92,27.9,30.54,32.95
37011,16.6,21.05,24.14,29.25,32.32,35.83,38.24
37013,16.0,18.29,20.84,24.73,28.61,30.9,34.22
37015,9.1,10.97,14.27,19.24,24.01,26.72,31.03
37017,21.9,18.98,19.46,21.72,23.98,25.39,26.43
37019,20.5,25.61,31.7,39.28,46.82,53.91,60.48
37021,16.5,17.31,23.04,31.46,37.54,44.18,48.55
37023,29.9,36.8,33.19,31.29,27.37,23.8,18.26
37025,14.8,16.72,20.71,26.79,31.93,36.86,40.32
37027,21.5,30.72,30.66,32.48,32.74,33.19,31.81
37029,13.5,17.87,18.33,20.28,22.07,22.28,24.77
37031,25.8,28.48,29.73,32.65,35.23,37.31,39.31
37033,12.6,13.89,16.72,21.41,25.14,28.4,32.33
37035,19.6,19.62,24.92,31.68,37.0,43.04,46.84
37037,10.5,9.1,9.51,12.26,14.07,15.51,16.87
37039,25.5,26.18,31.8,39.53,44.58,50.69,55.13
37041,10.9,13.84,15.09,17.65,20.33,20.96,23.69
37043,24.1,22.78,29.48,38.27,44.86,52.22,57.86
37045,17.0,24.42,21.36,19.38,15.74,12.72,7.31
37047,19.5,18.48,26.93,37.04,47.16,56.69,65.83
37049,19.1,25.48,30.89,37.97,44.62,50.78,57.1
37051,13.6,15.72,18.31,22.58,27.22,30.64,33.57
37053,15.0,17.77,20.36,24.11,27.92,30.39,34.93
37055,24.9,22.63,23.43,25.52,27.34,28.11,30.53
37057,20.2,19.17,25.2,33.26,41.37,49.05,56.07
37059,16.8,16.28,27.96,41.73,54.81,67.54,79.36
37061,9.4,10.19,10.18,11.45,13.09,14.06,14.69
37063,9.3,9.53,11.39,14.87,17.89,19.65,21.94
37065,14.6,15.69,19.89,25.53,31.07,35.39,40.23
37067,15.9,18.3,21.92,27.9,33.16,37.76,41.73
37069,12.4,14.16,17.85,23.05,27.5,30.82,34.92
37071,21.8,22.12,30.07,39.9,48.23,56.95,63.62
37073,11.5,14.7,16.61,20.2,23.4,25.59,29.16
37075,21.2,26.66,28.16,31.83,33.17,35.11,35.42
37077,13.3,12.49,16.19,20.8,25.18,28.2,32.2
37079,11.3,11.23,13.08,16.63,19.94,21.86,24.3
37081,10.9,12.81,18.22,25.8,32.78,39.51,45.96
37083,14.3,18.19,19.05,21.73,24.27,25.34,27.46
37085,13.0,14.37,15.49,18.32,21.42,23.0,24.08
37087,18.6,22.77,25.27,30.65,33.79,37.72,39.19
37089,15.3,19.42,18.93,21.11,20.77,20.77,18.56
37091,9.3,10.32,12.61,16.69,20.4,22.4,26.05
37093,11.9,11.83,13.12,16.26,19.39,22.12,23.97
37095,15.9,17.2,21.72,28.14,34.3,39.07,45.12
37097,16.0,16.24,22.09,29.69,36.55,43.14,48.35
37099,18.4,19.93,29.73,42.56,53.15,64.5,73.48
37101,10.5,14.13,13.29,14.23,14.63,13.62,13.0
37103,15.9,19.38,24.22,30.77,37.23,42.94,48.85
37105,14.2,17.11,18.27,21.7,24.89,27.28,29.12
37107,11.3,14.96,14.64,16.17,17.36,16.98,17.36
37109,15.2,15.6,22.74,31.46,38.89,46.63,52.3
37111,17.2,21.01,30.96,42.82,52.17,62.12,70.03
37113,18.0,22.24,24.5,29.58,32.19,35.68,36.82
37115,17.0,20.27,18.61,19.62,18.36,17.2,14.66
37117,13.6,15.21,16.05,18.32,20.37,20.9,22.21
37119,10.7,10.97,15.74,22.23,27.39,33.26,36.98
37121,24.3,29.63,30.02,32.5,32.63,33.36,32.65
37123,10.0,12.82,12.16,13.36,14.68,15.5,14.89
37125,13.8,14.72,16.46,20.05,23.96,26.97,29.05
37127,12.0,15.26,21.13,28.93,36.08,42.23,49.01
37129,20.2,24.6,30.44,38.43,46.5,53.52,59.91
37131,9.6,10.59,11.77,14.82,17.48,18.41,20.75
37133,12.2,12.99,20.0,28.54,36.91,44.46,52.04
37135,8.4,9.18,12.11,16.98,21.36,24.71,28.3
37137,23.9,26.01,26.5,28.55,30.37,31.31,32.68
37139,13.0,14.98,17.7,21.81,25.9,28.45,32.76
37141,13.6,21.65,25.89,32.08,38.37,43.66,48.4
37143,13.3,16.08,16.67,18.58,20.97,21.62,24.19
37145,13.1,15.07,15.23,16.66,17.33,17.0,17.49
37147,15.4,12.9,15.66,19.78,23.95,26.78,30.35
37149,17.2,20.06,23.29,28.63,31.67,35.09,36.64
37151,16.6,23.0,25.56,30.48,35.13,39.19,42.98
37153,23.2,26.16,22.08,19.78,17.33,14.7,10.33
37155,16.8,15.08,16.71,19.85,23.27,26.17,27.8
37157,15.3,18.24,26.08,36.29,45.5,54.43,63.58
37159,23.2,26.34,31.1,38.03,44.5,50.61,55.66
37161,20.9,29.7,28.19,28.92,27.15,26.19,23.07
37163,21.1,16.74,19.65,24.16,28.31,31.72,34.97
37165,16.4,18.89,18.49,19.87,20.96,22.22,21.61
37167,16.5,21.85,20.85,22.24,23.14,23.66,22.98
37169,19.0,25.09,30.93,38.93,46.45,53.47,59.91
37171,20.8,20.41,23.68,29.03,34.11,38.4,42.12
37173,23.6,26.8,28.82,33.35,35.57,38.81,40.07
37175,18.7,20.02,24.16,31.66,36.85,41.86,44.73
37177,14.7,15.07,18.91,24.33,29.89,33.73,39.39
37179,9.9,11.25,12.03,14.58,16.42,18.02,18.26
37181,15.6,17.83,19.82,23.08,26.08,27.51,30.23
37183,8.3,8.91,11.94,16.48,20.42,23.69,27.0
37185,8.7,9.72,11.3,14.8,17.69,19.11,21.45
37187,9.2,10.2,12.21,15.54,18.75,20.5,23.8
37189,11.2,14.23,14.57,16.69,17.36,17.74,17.5
37191,10.3,11.92,15.7,21.1,26.26,29.99,34.17
37193,39.3,38.43,41.93,46.73,50.79,54.57,57.49
37195,10.3,11.83,15.57,20.71,25.78,29.39,33.71
37197,26.3,21.38,23.7,27.79,31.11,34.06,36.02
37199,29.2,28.1,28.94,32.13,32.92,34.24,33.61
38001,5.1,5.58,6.27,6.77,8.24,9.71,9.44
38003,5.0,5.22,5.93,7.55,10.05,12.0,12.1
38005,11.7,13.38,14.28,15.66,17.8,20.04,20.45
38007,6.5,7.19,8.15,9.41,11.26,11.77,11.32
38009,5.4,5.98,7.51,9.31,12.31,14.54,15.63
38011,5.5,5.97,6.83,6.92,8.23,8.75,8.04
38013,5.5,6.08,6.83,8.27,11.1,13.27,14.08
38015,4.8,6.65,7.62,7.57,9.11,9.75,8.55
38017,6.5,6.29,10.36,16.08,21.79,26.82,30.69
38019,5.6,6.11,6.92,8.81,11.41,12.99,13.06
38021,3.7,3.99,4.88,6.1,8.2,9.43,8.52
38023,7.0,7.64,8.75,9.87,12.12,13.82,14.42
38025,6.2,7.18,8.22,9.28,11.48,12.76,13.17
38027,4.5,4.98,5.62,6.5,8.32,10.33,10.24
38029,7.1,7.06,8.26,8.71,10.76,11.7,9.81
38031,3.4,3.7,4.28,4.72,6.79,8.66,8.13
38033,6.4,7.0,8.55,9.72,11.22,12.63,12.85
38035,7.7,7.66,9.23,13.31,17.3,21.05,23.48
38037,5.2,5.82,6.55,6.72,7.93,8.25,7.36
38039,4.0,4.3,5.0,6.37,8.7,10.62,10.56
38041,4.8,5.35,6.08,6.36,7.15,7.71,7.13
38043,4.2,4.63,5.2,5.23,6.86,7.68,6.66
38045,3.7,4.01,4.6,5.13,7.12,8.57,7.94
38047,3.9,4.2,4.81,4.99,6.54,7.79,6.3
38049,4.4,4.79,5.5,4.85,7.39,8.67,8.76
38051,4.5,4.58,5.24,5.36,6.85,8.04,6.16
38053,11.2,12.77,11.68,9.69,9.64,8.42,6.48
38055,5.7,7.0,7.47,7.29,9.54,10.26,9.77
38057,5.4,5.95,6.33,6.53,8.34,9.1,8.54
38059,5.8,6.11,7.69,8.69,11.18,12.61,12.25
38061,8.3,10.65,10.23,9.77,10.84,11.21,10.58
38063,5.3,5.83,7.03,9.01,11.79,13.96,14.79
38065,5.1,5.52,6.32,6.56,8.61,9.36,8.47
38067,6.3,6.85,7.85,10.88,13.96,16.06,16.64
38069,5.0,5.53,6.65,7.43,10.14,12.14,12.29
38071,6.4,7.38,7.64,8.36,10.19,11.56,11.26
38073,5.1,5.48,6.71,9.12,11.72,13.8,14.09
38075,5.1,5.6,6.76,7.25,10.05,11.78,12.27
38077,5.6,7.45,7.43,8.58,10.29,11.13,10.95
38079,7.2,8.74,9.5,10.59,12.39,13.68,13.14
38081,4.3,4.78,5.65,7.93,10.23,11.73,11.48
38083,4.5,5.01,5.72,5.3,7.34,8.39,7.58
38085,9.1,11.1,11.48,10.87,11.58,11.66,8.82
38087,5.8,6.31,7.25,7.55,8.65,9.0,8.25
38089,7.7,9.14,11.38,13.19,15.68,17.69,18.84
38091,5.4,5.87,6.91,8.57,10.76,12.87,13.28
38093,4.1,4.69,5.02,5.42,7.47,8.56,7.78
38095,6.9,7.56,8.53,10.7,13.27,14.88,15.06
38097,5.7,6.25,7.62,9.98,12.86,15.96,17.18
38099,5.2,5.72,6.82,10.18,14.15,17.09,18.52
38101,4.8,5.65,5.51,4.26,5.69,6.16,5.75
38103,4.0,4.38,4.96,4.7,6.26,7.7,6.71
38105,8.9,9.94,11.01,11.39,13.26,14.07,13.87
39001,33.3,39.94,41.11,43.01,44.22,44.43,44.79
39003,13.0,16.4,22.84,30.87,39.21,45.89,53.06
39005,12.1,13.13,18.91,26.33,34.12,41.41,49.02
39007,26.7,24.62,37.94,53.38,69.62,85.09,101.29
39009,14.1,14.66,17.48,22.39,27.2,31.14,35.85
39011,8.1,11.41,11.62,14.02,15.8,16.2,17.1
39013,19.1,21.91,26.03,32.4,38.26,42.73,48.61
39015,36.4,48.39,44.6,41.52,38.19,33.57,29.3
39017,41.0,49.69,56.03,63.59,70.53,75.57,81.16
39019,13.5,14.82,16.0,18.57,21.56,23.73,26.51
39021,22.8,21.69,27.79,35.66,43.21,48.87,55.36
39023,29.0,46.86,53.57,62.11,70.14,76.16,83.57
39025,38.6,47.72,48.67,50.45,51.57,50.95,51.48
39027,30.7,40.73,35.83,32.65,29.02,23.08,18.4
39029,19.7,26.63,35.77,46.18,57.11,67.36,78.09
39031,10.5,11.9,14.22,18.12,21.67,24.91,29.26
39033,21.5,24.89,25.6,28.88,31.76,34.13,36.03
39035,22.5,23.88,43.81,65.9,87.98,110.1,132.06
39037,21.4,25.5,33.26,42.34,50.91,58.18,65.8
39039,13.3,15.35,15.45,17.21,18.99,19.69,20.54
39041,7.8,9.53,9.4,11.11,13.24,13.83,14.85
39043,20.9,25.84,39.17,54.49,69.91,84.64,99.0
39045,12.1,13.36,17.52,23.05,28.8,33.21,38.21
39047,32.3,38.54,32.23,27.27,21.92,14.84,8.83
39049,18.7,23.91,26.42,30.68,35.14,38.06,41.73
39051,12.0,13.83,17.97,24.08,30.73,36.18,41.37
39053,25.8,30.47,37.08,45.48,53.37,60.16,67.0
39055,13.1,14.46,22.96,33.7,44.63,55.12,66.48
39057,23.8,27.46,29.75,33.5,37.09,38.21,40.76
39059,20.5,22.8,26.93,32.34,38.23,42.97,49.13
39061,31.5,42.7,41.92,41.96,41.49,38.71,37.07
39063,15.3,17.91,21.92,28.21,34.81,39.71,44.98
39065,14.6,20.14,24.1,30.43,37.1,41.72,47.0
39067,14.0,15.79,15.49,16.98,18.76,19.42,21.23
39069,10.5,14.31,15.11,17.85,20.69,22.86,24.56
39071,26.6,30.24,34.96,40.6,46.12,50.39,54.86
39073,18.0,17.95,22.69,28.96,35.46,40.8,46.99
39075,4.8,5.48,8.17,12.53,16.92,20.99,25.7
39077,25.0,21.24,28.7,38.14,47.79,56.74,65.82
39079,30.0,29.46,30.12,31.92,33.41,34.13,34.84
39081,29.9,27.27,28.12,30.56,33.29,34.67,36.99
39083,14.4,16.38,18.78,23.43,27.95,31.21,35.15
39085,23.8,23.13,40.18,59.49,79.04,98.03,117.96
39087,19.8,33.52,41.7,52.26,61.2,69.81,78.26
39089,17.6,20.33,15.79,13.23,11.05,7.61,4.72
39091,15.4,19.77,27.05,36.61,46.08,53.93,62.2
39093,23.7,23.3,44.22,67.4,90.21,112.57,135.37
39095,27.1,29.09,36.64,46.47,56.5,65.25,73.66
39097,17.8,19.6,29.37,41.01,52.72,62.03,72.66
39099,22.6,27.59,37.26,48.73,60.31,71.22,83.14
39101,33.4,31.88,36.07,42.86,49.98,55.35,61.28
39103,11.2,17.16,24.67,34.03,43.38,52.51,62.24
39105,21.0,22.03,29.76,39.75,49.32,57.58,66.53
39107,9.1,9.14,11.31,15.11,17.91,19.67,21.48
39109,19.2,19.34,32.26,46.57,60.13,72.7,85.86
39111,13.8,13.27,14.53,17.74,20.45,21.38,24.08
39113,49.1,49.74,59.76,70.7,81.02,89.74,99.56
39115,14.9,13.62,17.91,24.8,30.95,36.23,42.62
39117,19.6,18.16,21.21,26.82,32.53,36.87,41.59
39119,11.9,16.2,15.86,17.62,18.78,19.19,20.51
39121,11.7,16.07,16.89,19.78,22.19,23.22,26.05
39123,12.8,15.13,25.12,37.43,49.83,60.98,72.07
39125,8.9,8.48,9.38,11.57,13.25,13.77,14.96
39127,14.0,18.26,17.81,19.24,20.47,20.78,22.07
39129,18.0,20.04,20.27,21.77,23.41,23.74,24.72
39131,25.2,36.15,33.37,31.1,28.75,25.63,22.26
39133,18.2,21.34,28.12,37.38,46.57,55.05,64.24
39135,24.3,30.43,42.13,54.96,66.78,77.12,88.08
39137,7.4,9.19,10.12,12.36,15.1,16.29,17.68
39139,24.4,27.94,47.01,68.18,89.49,109.81,130.4
39141,35.9,44.22,49.17,54.4,59.84,64.23,69.25
39143,18.6,19.19,27.65,38.47,49.29,58.97,68.96
39145,32.9,40.11,45.91,53.16,59.66,65.79,71.35
39147,15.9,17.01,15.84,16.88,18.15,18.23,18.25
39149,16.5,18.34,25.61,34.69,43.46,50.78,58.89
39151,18.2,20.19,27.75,36.79,46.15,54.92,64.36
39153,23.1,32.14,52.78,75.23,98.09,120.37,143.06
39155,29.4,41.81,54.1,68.51,82.51,96.16,111.45
39157,10.3,11.36,14.48,18.97,23.32,27.26,32.12
39159,13.1,13.59,16.2,21.13,26.04,29.05,32.57
39161,12.9,12.69,17.83,24.61,30.43,35.18,40.83
39163,27.9,28.57,31.7,36.02,40.22,43.27,47.07
39165,18.8,21.21,25.36,30.83,35.69,38.56,42.57
39167,16.7,16.18,27.81,41.75,55.38,67.35,80.76
39169,11.8,16.47,25.76,36.82,47.95,58.59,69.58
39171,9.5,10.35,15.92,23.44,30.54,37.1,43.62
39173,11.7,14.88,16.14,19.78,23.23,25.2,27.3
39175,9.6,11.57,14.86,20.21,26.29,30.55,34.88
40001,18.1,18.08,23.46,29.38,34.97,39.4,42.85
40003,10.6,11.55,13.9,18.28,21.26,24.71,27.01
40005,17.5,20.28,25.07,31.77,36.91,41.23,45.69
40007,9.5,9.7,10.42,12.84,13.38,15.67,15.31
40009,16.2,18.99,24.33,30.84,34.5,40.03,44.41
40011,14.6,19.39,21.25,24.87,26.64,28.72,30.06
40013,16.6,20.81,27.41,35.83,42.51,48.2,54.63
40015,20.2,18.71,28.16,39.15,48.36,58.29,67.22
40017,12.9,12.16,13.74,16.68,18.12,19.59,20.08
40019,30.1,29.76,28.74,29.28,28.09,26.64,25.1
40021,26.0,23.68,28.83,35.15,40.85,45.6,49.33
40023,19.0,22.63,26.13,31.09,35.06,38.02,41.27
40025,12.0,12.32,13.97,15.15,15.67,17.99,18.99
40027,14.8,17.89,17.55,18.99,19.45,19.95,19.31
40029,21.7,26.08,28.65,33.37,36.69,39.33,41.71
40031,20.3,13.83,17.23,22.25,25.72,29.69,33.05
40033,16.0,16.82,20.61,25.77,29.62,33.89,37.42
40035,16.4,21.36,21.27,22.14,22.59,21.54,20.78
40037,26.6,22.16,25.07,29.77,33.84,36.84,39.87
40039,11.3,12.7,12.67,14.08,13.61,14.05,13.35
40041,21.2,16.57,21.51,27.39,32.77,37.44,41.22
40043,10.0,10.43,12.98,17.53,20.36,24.55,27.09
40045,10.4,10.73,12.83,16.34,17.73,21.01,22.74
40047,13.5,12.04,13.22,16.11,17.3,18.73,19.4
40049,20.8,30.11,33.53,39.07,42.65,45.75,49.29
40051,20.3,19.27,23.29,29.06,33.37,38.11,41.34
40053,9.3,10.6,11.73,15.22,17.32,19.77,20.87
40055,17.3,19.84,21.29,24.22,25.35,27.97,29.06
40057,14.3,15.68,17.6,20.24,21.27,23.83,24.91
40059,7.9,8.61,9.88,12.6,13.74,16.41,16.82
40061,20.1,19.35,21.14,25.39,28.59,30.18,31.01
40063,15.6,15.19,16.39,19.19,20.72,21.67,22.08
40065,15.0,17.52,18.04,19.36,19.14,20.41,20.42
40067,24.7,25.28,31.21,38.36,43.96,49.04,53.9
40069,30.7,31.48,41.29,53.25,63.27,72.49,81.84
40071,12.4,14.02,17.11,22.34,25.97,29.32,32.18
40073,9.3,11.14,12.06,14.86,15.78,16.8,17.07
40075,17.2,18.5,19.99,22.78,24.04,26.5,28.01
40077,18.4,22.82,25.35,30.4,34.18,36.81,38.61
40079,22.0,22.55,27.57,34.48,40.4,45.24,49.61
40081,18.2,20.99,23.88,28.61,32.29,35.17,38.24
40083,10.7,12.91,12.87,14.54,14.81,14.43,13.98
40085,22.0,23.13,28.72,35.72,40.64,45.26,49.94
40087,18.5,22.03,19.63,18.91,17.01,15.17,12.54
40089,17.7,18.3,27.17,37.19,45.99,54.44,62.17
40091,28.3,25.07,26.5,30.09,33.06,34.25,34.81
40093,8.1,8.98,10.15,13.21,14.25,15.92,17.14
40095,14.5,14.27,17.96,23.27,27.3,30.43,33.77
40097,22.2,26.53,24.24,23.32,21.74,19.23,16.1
40099,32.7,32.46,33.69,36.73,37.78,38.51,39.14
40101,34.8,29.18,32.64,37.5,41.21,44.49,46.52
40103,15.6,16.25,17.12,20.07,21.35,22.5,23.39
40105,11.9,14.21,15.34,18.02,19.75,20.69,22.04
40107,21.9,20.31,21.63,24.34,26.22,27.21,28.03
40109,20.8,19.57,21.42,25.17,27.62,30.07,31.51
40111,19.1,20.32,25.33,32.09,37.97,43.0,47.21
40113,14.8,16.51,18.41,22.62,25.29,27.65,29.51
40115,18.1,21.0,22.05,24.18,25.95,26.71,27.11
40117,25.0,32.96,30.58,30.5,28.68,26.45,24.33
40119,9.4,11.0,13.27,17.01,19.63,22.1,24.28
40121,28.0,22.87,24.75,29.04,31.68,33.33,34.13
40123,19.1,22.81,24.28,27.66,29.41,30.55,31.66
40125,17.5,23.81,26.08,29.92,32.65,35.01,37.1
40127,19.8,26.12,37.53,50.4,62.3,72.91,83.39
40129,8.5,9.35,11.53,15.12,16.13,18.83,20.46
40131,13.7,14.29,13.83,15.38,15.62,15.44,14.63
40133,22.0,22.77,26.61,32.1,36.46,39.98,43.16
40135,29.3,25.41,33.35,42.51,50.92,58.37,65.08
40137,23.7,23.95,23.14,24.08,23.29,22.62,21.24
40139,14.0,13.04,13.06,13.98,13.54,15.0,14.19
40141,16.0,17.14,17.56,19.53,19.61,20.96,21.08
40143,19.1,17.96,20.45,24.75,28.13,31.07,33.08
40145,23.3,21.56,19.58,19.18,17.53,15.75,13.01
40147,18.0,15.15,17.83,22.78,26.27,29.53,33.04
40149,21.1,20.68,20.89,22.24,21.85,22.67,22.0
40151,11.2,14.28,17.37,22.45,25.82,30.34,32.98
40153,12.7,13.71,15.46,19.0,20.66,24.09,25.41
41001,15.0,15.43,17.06,21.77,24.17,28.43,32.25
41003,7.5,7.57,8.87,11.33,12.64,14.86,17.13
41005,11.6,10.12,10.7,12.05,13.52,14.86,16.92
41007,16.7,19.28,23.35,27.95,32.6,37.3,41.56
41009,12.3,11.87,15.13,18.78,22.24,26.37,29.77
41011,12.1,13.92,14.78,16.19,17.34,19.25,20.98
41013,10.3,15.54,14.23,15.37,14.43,13.77,14.21
41015,17.0,22.95,18.61,14.27,9.37,5.93,1.97
41017,11.0,9.79,13.26,19.08,22.24,25.75,30.22
41019,12.9,16.57,14.1,11.72,9.49,7.69,5.98
41021,7.3,7.97,9.13,11.82,13.03,14.65,16.62
41023,10.1,13.11,13.38,16.08,17.2,19.51,21.46
41025,12.4,13.47,16.15,21.86,25.42,30.51,35.34
41027,6.9,7.34,8.73,11.82,13.77,15.65,17.73
41029,15.7,16.23,15.36,14.93,13.98,14.23,13.79
41031,7.4,7.31,8.51,11.32,11.95,12.89,15.1
41033,17.0,17.34,12.68,8.65,3.95,0.41,-3.85
41035,14.4,15.14,13.14,12.25,10.02,9.8,8.98
41037,20.0,17.31,19.35,23.69,26.08,30.02,34.32
41039,17.4,17.54,19.53,22.78,24.81,27.24,29.72
41041,24.0,18.26,18.4,17.82,17.08,17.38,17.38
41043,19.4,14.27,14.56,16.17,16.36,17.35,18.55
41045,9.7,10.96,11.56,15.03,16.83,20.35,24.02
41047,8.3,9.45,12.08,15.65,18.57,21.98,25.76
41049,7.1,7.48,7.73,10.01,10.55,11.65,12.55
41051,16.0,16.13,16.47,16.93,18.13,18.93,20.28
41053,10.1,8.23,10.27,13.07,15.21,17.79,20.58
41055,9.0,9.76,11.21,14.32,16.07,18.11,20.54
41057,16.5,20.96,18.93,16.31,13.9,12.0,10.27
41059,8.7,9.92,10.15,13.14,14.12,15.92,16.57
41061,13.8,14.02,14.82,18.02,19.15,21.38,23.47
41063,7.4,8.13,9.23,12.53,14.55,16.91,19.47
41065,9.9,9.75,11.37,14.99,17.26,19.32,22.14
41067,8.7,8.63,9.63,10.92,12.96,14.56,17.07
41069,8.6,9.58,10.72,13.85,14.64,16.4,18.88
41071,10.2,11.35,10.3,9.46,8.7,8.03,7.55
42001,10.3,10.61,19.47,29.07,39.15,48.31,60.67
42003,25.7,33.78,51.8,71.14,91.16,110.17,130.31
42005,24.8,34.21,54.86,76.66,98.54,120.15,143.38
42007,23.9,23.8,55.78,89.38,123.5,156.39,190.15
42009,16.7,17.74,22.47,28.54,34.88,40.39,48.41
42011,16.0,13.69,23.47,34.1,44.72,54.38,67.3
42013,17.1,26.14,31.56,37.76,44.35,50.26,58.49
42015,13.2,15.99,18.23,20.96,23.87,26.24,31.09
42017,22.9,23.67,31.64,40.74,49.57,57.44,68.68
42019,20.5,26.5,41.28,57.71,74.32,90.39,107.47
42021,30.0,38.75,64.42,90.88,117.54,143.8,171.94
42023,11.3,13.46,14.3,16.89,19.19,20.91,24.76
42025,24.9,26.11,32.48,39.74,47.08,53.56,62.9
42027,7.9,8.63,10.67,14.39,18.2,21.05,26.79
42029,14.0,17.33,22.86,29.28,35.14,40.12,48.75
42031,13.1,14.43,16.75,20.96,25.0,28.29,33.57
42033,15.2,17.28,18.27,20.75,23.36,25.2,29.4
42035,12.1,13.05,20.62,28.97,37.7,45.75,56.07
42037,14.5,16.63,21.16,26.59,32.68,37.96,46.08
42039,19.9,27.66,37.45,49.42,61.11,72.47,84.52
42041,11.6,14.54,22.18,30.88,39.98,48.32,60.07
42043,18.4,20.36,26.87,34.88,42.55,49.9,60.39
42045,28.1,33.64,41.32,49.42,57.69,64.86,76.19
42047,20.2,15.96,18.35,22.21,25.98,29.11,34.48
42049,19.9,21.74,29.3,38.48,47.6,55.81,65.8
42051,28.7,33.95,51.4,70.32,89.8,108.22,127.94
42053,11.4,13.82,14.23,15.84,17.46,18.15,20.36
42055,14.0,14.27,21.39,29.42,37.38,45.07,55.79
42057,18.7,23.18,33.38,44.97,57.12,68.0,81.51
42059,26.2,30.07,45.95,63.24,81.23,97.34,114.79
42061,13.5,15.5,19.73,25.28,31.2,36.04,43.77
42063,17.9,31.94,46.25,61.52,77.01,92.12,108.83
42065,18.6,21.58,21.63,23.45,24.6,25.09,27.67
42067,10.4,9.41,12.9,17.29,22.19,25.87,32.8
42069,19.8,27.62,34.5,42.22,49.9,56.67,66.81
42071,13.0,14.5,20.99,28.6,36.25,43.21,53.58
42073,24.7,34.19,43.63,55.17,66.66,77.45,88.97
42075,11.3,15.86,13.79,12.76,11.29,9.26,10.7
42077,18.2,20.0,26.41,34.28,41.48,47.73,57.17
42079,21.1,27.78,38.33,49.71,61.49,72.18,85.7
42081,12.4,15.75,22.07,29.29,36.8,43.45,52.58
42083,14.1,18.42,19.19,21.69,24.08,25.69,28.41
42085,25.1,21.35,28.45,37.7,46.76,55.38,65.34
42087,14.0,14.84,20.47,27.01,33.92,39.73,49.05
42089,17.0,23.97,21.75,20.27,19.06,16.51,16.9
42091,18.3,19.47,29.03,39.39,49.27,58.34,71.32
42093,18.4,19.18,26.83,35.44,44.55,53.01,63.9
42095,13.5,23.78,27.57,32.42,36.98,40.4,47.1
42097,16.7,18.03,28.19,39.34,51.0,62.09,75.77
42099,16.4,16.18,21.46,27.85,34.47,40.1,49.36
42101,33.0,36.31,46.35,57.17,67.63,77.2,90.59
42103,18.6,23.57,26.95,31.31,35.93,39.36,45.87
42105,10.7,12.86,16.85,22.18,27.79,32.97,39.75
42107,19.3,22.18,37.73,53.99,70.19,85.96,104.37
42109,7.5,9.12,12.57,17.46,22.09,26.02,33.33
42111,21.1,24.65,33.08,41.99,51.2,59.32,69.83
42113,13.4,14.21,16.78,20.72,24.27,27.49,32.95
42115,25.9,22.17,26.01,31.62,36.88,41.13,48.5
42117,9.3,10.6,13.81,17.28,20.98,24.46,29.82
42119,7.1,8.44,10.13,13.08,16.23,18.57,23.49
42121,19.5,21.56,24.61,29.15,33.12,36.8,42.0
42123,10.5,12.63,13.43,15.59,18.19,19.72,22.4
42125,19.8,30.59,47.99,67.08,86.96,105.14,124.87
42127,23.5,26.73,28.82,32.49,35.66,38.03,43.72
42129,27.8,36.94,56.09,76.62,97.61,117.77,139.28
42131,20.3,27.51,29.46,32.75,35.6,37.68,43.08
42133,25.9,22.58,24.23,27.3,30.44,33.11,38.85
44001,20.3,20.03,23.38,26.6,29.75,32.21,36.74
44003,23.7,28.37,32.7,36.74,40.74,44.21,49.61
44005,14.0,14.29,24.72,35.21,45.89,55.75,67.72
44007,24.2,32.27,33.52,34.73,36.09,36.62,38.98
44009,21.5,20.43,21.0,21.13,21.55,21.13,23.08
45001,9.5,11.08,13.26,17.96,21.42,24.94,26.32
45003,18.2,20.66,21.21,24.64,27.48,30.32,30.41
45005,5.6,6.26,7.02,11.04,14.69,18.09,18.75
45007,19.1,20.97,19.85,22.06,22.11,22.56,20.83
45009,9.4,10.24,10.99,14.18,17.06,19.47,19.86
45011,11.8,12.83,13.59,17.29,20.51,23.26,23.65
45013,8.7,8.97,9.93,14.09,18.58,21.69,22.56
45015,13.3,14.25,19.37,27.65,35.95,43.06,48.24
45017,7.2,8.17,8.87,12.85,16.18,18.55,18.92
45019,15.1,17.79,18.47,22.53,26.41,29.15,29.91
45021,11.5,13.46,12.85,13.96,13.27,12.78,10.48
45023,11.1,11.05,11.04,13.55,14.46,15.53,14.29
45025,12.7,12.56,13.9,17.48,20.57,23.64,24.43
45027,8.9,9.68,10.78,15.0,18.6,21.03,22.1
45029,15.2,19.2,18.6,21.86,24.69,27.19,27.02
45031,12.5,12.25,12.89,15.92,18.31,20.3,20.38
45033,11.6,11.99,15.12,20.69,25.84,31.01,34.28
45035,10.9,16.79,15.31,17.05,19.01,19.55,18.27
45037,7.5,8.21,8.79,12.08,14.81,17.28,17.76
45039,9.3,11.38,12.02,15.05,17.25,19.0,18.9
45041,13.1,12.45,14.05,18.47,22.37,25.35,26.96
45043,17.8,17.33,25.17,34.97,45.67,55.12,63.38
45045,17.5,21.29,19.36,20.35,19.47,18.35,14.87
45047,15.3,12.97,14.99,19.08,22.66,25.68,26.81
45049,8.1,9.44,10.82,15.38,19.99,24.05,25.67
45051,21.0,17.97,39.38,62.85,86.29,109.62,131.93
45053,12.0,16.04,15.44,17.48,19.88,21.27,20.58
45055,12.1,11.47,12.39,16.19,19.12,21.27,21.66
45057,12.7,14.14,15.06,17.98,19.76,21.17,20.95
45059,16.5,18.46,21.08,26.14,30.24,33.93,35.52
45061,5.7,6.2,7.88,12.21,15.89,19.39,20.22
45063,18.1,17.52,17.16,19.82,21.61,22.65,21.57
45065,8.9,9.14,10.89,14.99,18.4,21.62,22.72
45067,10.7,12.8,15.6,20.73,25.88,30.8,34.11
45069,7.9,10.09,10.63,13.29,15.57,17.98,18.32
45071,10.0,8.96,11.06,16.06,19.94,23.61,25.4
45073,25.1,25.34,25.31,28.86,29.54,30.77,30.12
45075,8.1,8.75,9.66,14.1,17.88,20.9,21.82
45077,30.1,28.66,27.44,29.54,29.04,28.76,26.04
45079,11.9,11.29,13.83,19.38,23.73,27.34,28.82
45081,8.5,8.16,10.15,14.62,18.59,21.98,23.36
45083,16.2,19.88,21.53,25.49,27.98,30.54,30.85
45085,7.3,8.31,10.18,14.91,18.91,22.23,23.6
45087,13.7,16.1,16.56,19.11,20.32,21.38,20.46
45089,9.3,11.5,13.64,18.2,22.47,25.45,27.7
45091,14.3,16.45,19.65,25.05,28.93,32.9,34.94
46003,5.0,5.09,5.89,6.01,6.7,7.63,6.51
46005,6.0,7.17,7.81,7.9,7.67,8.14,6.78
46007,5.1,5.64,6.37,6.52,8.04,9.46,9.72
46009,3.7,4.0,4.9,5.13,5.76,7.32,7.67
46011,3.7,4.27,4.67,4.79,4.8,4.89,3.93
46013,5.0,6.05,6.55,6.59,7.21,7.76,5.61
46015,7.1,6.93,8.26,9.49,11.35,13.06,12.84
46017,6.7,7.27,8.79,10.15,12.28,13.88,13.68
46019,6.2,6.26,7.18,7.07,7.67,8.7,7.84
46021,6.5,7.05,8.57,9.56,11.98,13.99,13.0
46023,5.2,6.02,6.54,6.79,7.33,8.8,8.24
46025,4.5,5.23,5.66,5.83,5.38,5.35,3.75
46027,3.9,4.17,5.05,6.07,7.31,8.69,9.82
46029,3.9,4.49,4.83,5.08,5.6,5.81,4.45
46031,8.6,10.06,11.29,11.52,13.27,14.76,14.07
46033,9.3,9.06,11.99,13.92,16.55,19.21,20.03
46035,5.0,4.83,5.42,5.81,6.57,7.66,7.06
46037,4.2,4.68,5.22,5.76,6.53,6.83,5.59
46039,4.5,5.01,5.65,6.48,7.65,8.7,8.2
46041,9.0,10.48,10.07,9.66,10.05,10.29,8.83
46043,4.1,4.52,5.36,5.95,6.41,7.72,7.44
46045,3.5,3.91,4.37,4.8,6.24,7.95,5.95
46047,14.6,15.02,17.9,19.65,21.85,24.71,25.53
46049,5.3,5.18,5.79,6.11,7.07,8.37,6.69
46051,4.5,5.01,6.03,6.86,8.08,8.48,7.67
46053,5.5,6.07,7.35,8.4,9.72,11.7,11.94
46055,6.1,6.73,7.6,7.97,9.23,10.57,10.66
46057,3.7,4.26,4.86,5.32,5.8,6.41,5.69
46059,4.6,5.15,5.87,6.53,7.25,8.04,6.25
46061,3.8,4.09,4.68,5.42,6.16,7.58,7.17
46063,6.2,6.46,7.34,7.16,8.12,9.49,9.01
46065,5.4,5.66,6.97,7.97,9.91,11.65,11.14
46067,3.1,3.41,3.83,4.61,5.18,6.83,6.74
46069,4.6,5.04,5.8,6.54,7.9,9.64,8.05
46071,5.2,5.66,6.36,6.73,8.28,9.58,9.75
46073,5.3,5.82,6.63,6.59,6.9,7.84,6.1
46075,5.7,6.62,7.29,7.48,8.71,9.54,8.69
46077,3.5,3.82,4.28,4.64,5.2,5.93,5.33
46079,3.3,3.47,3.93,4.2,4.48,5.14,4.42
46081,8.0,7.49,8.62,8.75,9.17,10.19,9.59
46083,4.2,4.52,4.96,6.18,7.09,8.6,8.6
46085,5.8,6.33,7.35,7.75,9.72,11.06,10.77
46087,3.8,4.24,4.77,5.52,6.36,7.74,7.66
46089,3.9,4.31,4.95,4.86,6.11,7.51,5.23
46091,5.1,6.25,6.42,7.62,9.1,9.92,8.95
46093,7.2,8.96,9.98,10.24,10.62,11.57,10.45
46095,6.0,6.41,7.45,7.91,9.23,10.61,10.53
46097,3.9,4.29,4.86,5.33,6.24,7.49,6.93
46099,8.8,10.28,10.12,10.24,10.4,11.16,10.13
46101,4.4,5.1,5.48,6.0,6.21,6.5,5.91
46102,9.4,11.3,11.08,9.89,10.78,12.05,11.17
46103,8.0,8.29,10.57,12.14,13.98,16.35,16.42
46105,6.2,6.75,7.66,8.22,9.57,11.09,11.04
46107,4.6,4.96,5.78,6.87,8.66,10.56,9.06
46109,7.1,7.85,8.68,10.03,12.43,13.37,13.09
46111,4.2,4.59,5.18,5.37,5.86,6.89,5.66
46115,5.7,6.2,7.09,7.26,7.44,8.19,6.24
46117,5.4,5.89,6.78,7.33,8.72,9.64,8.71
46119,4.9,5.3,6.1,6.36,7.75,9.66,8.77
46121,11.5,11.85,12.57,12.35,13.37,14.4,14.45
46123,5.2,5.67,6.84,7.98,10.0,12.03,12.46
46125,4.3,4.65,5.29,6.22,7.06,8.52,8.6
46127,4.3,4.44,5.53,6.21,7.23,8.62,9.93
46129,4.8,5.26,6.29,6.91,8.84,10.59,9.46
46135,6.2,5.73,7.14,8.33,9.5,11.5,12.69
46137,8.6,10.07,10.71,11.67,12.94,14.25,14.24
47001,26.6,33.27,38.82,45.85,51.34,56.63,61.17
47003,16.8,18.58,17.97,16.58,14.92,13.94,10.77
47005,37.5,39.95,36.09,32.07,28.43,24.38,19.81
47007,15.0,16.9,20.39,24.44,27.07,30.33,32.59
47009,19.4,25.03,28.37,33.15,36.37,40.24,42.41
47011,22.0,20.97,20.34,21.6,20.17,19.84,18.71
47013,40.6,45.49,38.15,32.22,24.61,16.73,8.05
47015,26.4,31.99,32.03,31.34,29.92,28.45,26.09
47017,15.0,17.77,17.91,18.27,18.4,18.82,18.75
47019,19.9,22.18,29.6,39.04,45.99,53.31,59.53
47021,37.7,38.82,39.8,41.01,41.48,41.53,41.09
47023,12.3,16.48,15.79,15.09,13.92,13.68,12.42
47025,32.5,37.17,46.76,58.66,68.59,78.25,87.13
47027,42.9,38.62,49.66,61.28,71.96,81.98,92.04
47029,27.4,22.68,23.92,27.63,29.0,31.09,31.63
47031,17.9,22.2,26.79,30.74,34.14,37.83,39.79
47033,11.5,12.63,13.15,13.33,13.54,14.16,14.65
47035,22.3,17.75,19.29,21.51,22.17,23.06,23.42
47037,19.7,22.98,31.04,39.01,46.54,53.76,60.24
47039,22.3,27.59,29.45,31.43,33.16,35.36,36.14
47041,38.9,31.49,32.53,33.11,32.56,32.29,31.27
47043,23.1,29.13,33.72,38.35,43.25,47.71,50.97
47045,10.5,12.21,12.01,11.71,11.2,10.95,10.93
47047,10.6,12.75,13.43,14.15,14.26,14.86,14.33
47049,22.9,25.63,28.23,31.91,34.09,35.75,37.17
47051,21.9,25.54,22.63,19.33,15.77,12.86,8.07
47053,13.1,16.96,19.21,21.68,24.09,26.92,30.07
47055,19.1,24.53,22.23,19.69,16.95,15.08,10.59
47057,22.3,23.92,26.91,31.66,34.74,38.15,40.35
47059,26.4,19.01,25.43,34.1,40.55,47.1,52.03
47061,29.9,28.32,30.62,32.71,34.08,36.28,36.85
47063,31.2,28.07,32.74,39.41,44.38,49.95,53.58
47065,17.5,17.46,19.92,23.81,25.39,28.02,29.35
47067,30.6,37.9,41.72,47.52,51.22,55.2,57.67
47069,9.6,11.82,12.27,12.89,12.77,13.08,12.26
47071,35.5,36.49,34.95,33.56,31.94,30.51,28.13
47073,23.0,27.31,34.68,44.19,50.99,58.58,64.34
47075,8.7,9.15,11.45,13.45,15.49,18.22,20.26
47077,17.7,20.14,19.3,18.66,17.78,17.42,16.16
47079,23.0,22.11,23.35,24.23,25.04,25.7,26.11
47081,20.2,26.6,27.69,29.01,30.35,31.64,31.08
47083,25.5,30.3,32.66,34.95,37.17,39.13,40.23
47085,21.5,23.51,25.17,26.78,28.72,29.97,30.73
47087,33.1,34.85,41.25,48.37,54.77,60.34,65.68
47089,16.6,17.93,18.76,21.58,22.66,24.76,24.74
47091,17.0,18.17,19.68,23.82,25.85,27.71,29.08
47093,29.8,34.04,38.11,43.78,47.83,52.33,55.45
47095,9.6,10.57,11.86,12.45,13.52,14.32,15.31
47097,15.4,13.46,21.45,29.36,37.46,45.65,53.5
47099,18.0,20.64,20.73,19.88,19.41,19.18,16.83
47101,17.7,19.23,20.41,21.56,22.63,24.61,23.9
47103,17.2,15.82,20.23,23.85,27.57,32.05,34.21
47105,27.4,25.55,30.12,36.21,40.17,44.9,48.23
47107,23.8,23.51,27.73,33.68,37.14,41.97,45.66
47109,17.0,25.09,21.96,18.92,15.25,12.02,7.87
47111,16.9,19.68,26.35,33.06,38.73,44.17,49.06
47113,9.0,11.0,12.66,14.47,16.03,17.96,19.74
47115,17.8,18.74,19.3,20.52,20.57,21.56,20.46
47117,25.4,24.93,30.32,35.13,39.72,45.18,48.09
47119,20.6,19.03,22.04,24.28,26.92,30.22,31.07
47121,25.4,30.76,39.39,48.78,56.24,64.91,72.58
47123,18.9,23.52,34.15,46.32,56.54,67.66,77.35
47125,14.4,17.84,16.91,15.27,13.73,11.03,8.41
47127,15.3,16.04,17.67,18.37,19.09,20.77,20.0
47129,21.6,31.66,31.54,32.48,31.86,31.26,29.6
47131,9.8,11.77,12.65,14.23,15.31,16.51,17.63
47133,23.1,26.15,31.08,36.82,41.22,45.37,49.43
47135,16.1,17.08,18.47,19.91,21.43,23.38,23.61
47137,23.3,23.94,26.88,30.45,32.59,34.3,36.15
47139,19.0,20.96,26.07,32.69,36.69,42.25,46.4
47141,24.8,21.96,22.23,23.25,23.16,22.54,21.74
47143,18.1,21.09,23.43,26.42,27.76,29.67,30.83
47145,38.3,39.38,45.84,53.74,59.8,66.25,71.4
47147,17.1,20.27,18.8,17.2,15.57,12.96,10.16
47149,13.0,17.88,18.69,18.85,18.42,18.34,16.83
47151,25.0,26.28,25.34,25.91,24.95,23.49,22.04
47153,19.6,20.03,23.33,27.51,30.27,33.8,36.11
47155,21.2,27.43,27.83,30.59,31.27,32.68,32.44
47157,16.0,20.27,21.29,22.55,22.55,23.46,23.71
47159,29.9,35.19,43.69,52.12,59.75,67.16,74.11
47161,20.0,21.01,23.77,26.62,29.15,31.36,32.85
47163,26.2,23.5,27.84,34.92,39.28,44.02,47.35
47165,16.1,15.97,20.45,24.84,29.05,32.0,34.97
47167,15.1,19.98,25.2,30.4,35.53,41.0,46.05
47169,17.0,18.84,22.21,25.36,27.65,29.99,31.5
47171,28.8,29.51,35.1,42.84,48.48,54.63,59.18
47173,32.1,36.01,41.55,49.14,54.91,60.82,65.72
47175,13.8,15.18,21.29,27.95,33.72,39.51,44.55
47177,14.8,17.57,21.93,26.35,29.81,33.32,36.0
47179,19.6,22.37,28.1,36.29,42.01,48.36,53.16
47181,16.0,16.55,18.07,19.25,20.91,22.58,22.34
47183,11.8,15.2,18.35,21.75,24.94,28.7,31.92
47185,18.9,22.85,29.42,36.46,42.4,48.36,53.74
47187,9.2,11.44,12.71,13.62,14.33,15.02,14.3
47189,20.6,25.9,26.53,27.2,27.32,26.91,26.04
48001,12.2,15.65,14.41,13.07,11.16,9.18,6.95
48003,9.4,9.86,11.98,14.51,15.86,16.93,17.44
48005,9.1,11.37,13.36,15.68,16.35,17.18,17.67
48007,18.7,20.8,22.66,24.05,24.74,23.93,25.59
48009,16.7,16.98,21.14,27.5,31.64,35.4,39.19
48011,7.4,8.08,9.46,11.59,11.54,13.69,13.95
48013,7.0,7.45,9.47,11.11,13.39,13.56,15.28
48015,6.7,6.92,8.33,8.73,8.87,8.21,8.71
48017,7.5,8.57,9.46,11.08,11.84,13.12,13.63
48019,10.5,10.41,12.36,14.44,17.57,18.24,20.26
48021,11.7,9.6,10.03,9.63,8.76,7.34,7.33
48023,18.6,21.12,21.76,24.14,24.54,25.13,25.47
48025,5.8,7.0,9.14,11.3,12.95,12.72,13.95
48027,6.6,7.83,6.98,5.04,3.1,-0.24,-1.57
48029,10.4,10.65,11.76,12.43,13.99,13.82,14.55
48031,10.1,11.57,11.99,11.83,12.12,10.51,11.06
48033,7.9,8.68,9.89,12.92,13.86,14.83,14.71
48035,10.2,11.71,12.42,14.19,15.47,14.66,15.45
48037,7.2,8.53,8.64,8.17,7.76,6.51,4.38
48039,7.5,9.37,10.56,10.39,9.5,8.49,7.86
48041,8.8,8.28,6.65,4.72,2.38,-0.51,-2.55
48043,12.9,16.5,16.07,16.02,15.67,15.76,15.85
48045,8.0,8.73,9.98,12.33,12.25,14.09,14.47
48047,7.5,8.17,8.84,9.73,9.7,8.57,8.83
48049,14.4,14.66,13.73,13.88,13.33,11.23,10.39
48051,9.1,9.71,10.19,10.35,9.85,8.66,8.97
48053,9.8,10.48,14.83,18.4,22.02,24.09,28.06
48055,6.4,6.79,9.69,11.54,13.71,14.42,16.73
48057,11.5,12.33,12.01,11.5,9.65,7.23,6.12
48059,8.6,9.2,10.4,14.26,17.14,17.67,19.15
48061,3.1,4.54,4.18,3.07,1.43,-1.75,-3.38
48063,8.8,11.52,12.7,13.28,14.28,13.92,14.02
48065,10.5,11.31,13.72,16.98,18.33,21.58,23.21
48067,8.9,9.67,10.66,10.91,11.1,10.74,9.47
48069,5.1,5.57,6.31,8.07,8.06,9.6,10.03
48071,13.8,12.47,14.81,15.78,15.75,16.23,16.96
48073,12.3,10.96,11.23,11.0,10.31,9.78,8.96
48075,10.5,13.45,13.93,15.41,15.01,16.51,16.38
48077,16.1,16.35,17.88,20.81,22.19,23.03,24.06
48079,11.0,11.33,14.26,19.12,22.11,25.38,28.03
48081,8.5,9.19,11.11,15.99,18.73,19.93,22.1
48083,5.8,6.33,7.06,9.87,11.66,11.81,12.96
48085,7.8,7.79,8.92,11.74,13.47,13.58,14.53
48087,11.6,12.08,13.53,16.0,16.85,19.49,20.0
48089,5.9,6.62,8.11,9.13,9.52,8.79,9.98
48091,8.9,10.74,13.09,14.45,16.54,16.92,18.62
48093,8.0,9.05,10.35,12.66,13.74,13.52,14.39
48095,5.9,6.39,7.43,10.29,11.78,13.1,13.92
48097,18.3,15.9,18.57,22.35,24.55,25.37,26.35
48099,6.1,6.09,7.45,7.98,7.99,6.29,6.52
48101,7.4,8.21,9.16,11.47,11.6,13.37,13.71
48103,9.6,10.29,13.9,18.34,21.81,25.36,28.45
48105,8.6,9.87,10.8,12.22,13.58,13.65,13.13
48107,7.7,8.34,10.0,13.9,15.23,17.12,18.63
48109,8.3,9.12,10.37,11.98,12.86,14.0,15.55
48111,7.8,8.5,9.16,9.11,8.5,8.97,7.81
48113,13.4,11.72,12.4,14.54,15.38,15.09,15.2
48115,8.7,10.42,11.96,14.83,16.34,17.97,18.56
48117,7.8,7.01,7.64,9.34,9.96,11.82,11.54
48119,11.5,12.35,14.15,17.06,19.61,20.38,21.68
48121,6.9,7.41,8.72,11.77,13.67,13.84,14.97
48123,7.1,7.2,8.09,8.23,7.76,6.53,6.47
48125,6.8,7.39,8.42,11.08,11.43,12.34,13.04
48127,8.4,7.07,8.17,8.97,9.96,9.92,10.47
48129,9.3,9.65,11.47,14.63,15.09,18.1,19.51
48131,9.3,9.51,12.06,14.62,16.47,17.74,19.79
48133,6.8,6.55,7.44,9.86,11.14,10.74,11.72
48135,18.2,11.96,12.71,14.34,14.88,15.23,15.04
48137,5.2,5.74,6.5,7.15,7.64,7.01,7.04
48139,6.5,7.41,8.65,10.85,11.62,11.08,11.84
48141,9.1,7.96,9.88,12.19,15.83,18.75,21.93
48143,8.6,7.99,9.56,11.94,13.58,13.51,15.04
48145,7.6,8.65,9.22,9.73,9.56,7.93,7.96
48147,10.8,11.68,12.34,14.59,15.61,15.6,16.2
48149,8.4,7.36,8.16,8.06,7.66,5.9,5.76
48151,6.5,7.12,8.1,11.56,12.94,13.4,14.16
48153,6.5,6.71,8.07,11.52,11.62,12.97,13.47
48155,10.2,11.78,12.74,15.02,15.55,17.14,17.72
48157,5.3,5.36,6.64,7.21,7.05,6.76,6.91
48159,8.2,8.9,9.63,10.33,10.96,10.48,10.54
48161,7.0,7.66,9.06,10.44,10.99,11.02,12.01
48163,4.5,4.92,5.94,6.85,7.83,7.67,8.4
48165,7.0,7.55,9.06,11.44,12.32,13.93,14.26
48167,15.4,17.04,16.74,14.67,11.69,9.18,6.79
48169,7.4,7.6,8.7,11.38,12.18,12.93,13.25
48171,6.9,7.69,8.85,10.09,11.35,11.06,12.08
48173,8.1,8.75,10.1,13.26,15.66,16.86,17.43
48175,8.3,9.5,10.78,11.85,12.69,12.2,13.06
48177,9.4,10.02,10.35,9.81,9.54,7.93,7.58
48179,10.2,10.45,11.86,13.82,13.85,16.55,17.01
48181,12.6,11.39,10.59,11.16,10.29,8.29,6.89
48183,7.0,8.25,9.43,9.69,10.34,10.52,10.12
48185,10.4,12.31,12.39,12.14,10.94,9.87,9.35
48187,8.4,8.28,8.55,8.29,8.83,7.4,7.37
48189,6.5,8.02,8.53,10.51,10.64,11.86,12.26
48191,7.8,8.52,9.73,12.16,11.64,13.91,14.75
48193,10.3,11.84,12.7,14.8,15.96,15.25,16.31
48195,8.5,8.64,9.89,12.06,12.69,15.53,16.07
48197,10.0,10.45,11.5,13.81,14.41,16.18,17.0
48199,16.6,14.66,16.59,16.24,16.44,16.02,15.47
48201,9.1,10.11,11.26,11.57,11.27,10.88,10.71
48203,9.4,10.14,11.03,11.31,11.64,11.65,10.66
48205,6.5,7.2,8.07,8.46,8.31,9.18,8.19
48207,7.9,8.59,9.79,12.6,13.68,14.6,16.02
48209,6.6,7.71,9.41,10.47,11.82,11.44,12.78
48211,8.0,8.79,10.07,12.57,12.65,15.05,15.69
48213,16.6,16.78,15.31,14.41,13.16,11.22,9.35
48215,2.7,3.29,3.44,3.45,2.75,0.93,-0.31
48217,9.7,11.49,13.91,17.36,19.81,20.34,22.75
48219,7.8,8.38,9.71,12.33,13.15,14.51,15.14
48221,15.2,13.9,13.26,14.01,13.38,11.04,10.43
48223,8.9,9.59,11.16,13.24,15.1,15.54,16.31
48225,8.2,10.98,11.38,11.45,10.28,9.73,8.51
48227,10.0,11.23,13.07,16.81,19.11,20.66,21.07
48229,7.2,7.87,8.9,9.94,11.23,12.9,14.15
48231,10.7,11.92,13.68,16.59,18.35,18.63,19.39
48233,13.5,12.58,15.89,20.46,22.88,27.28,29.85
48235,11.5,11.21,12.75,16.56,19.08,20.15,21.7
48237,12.5,13.45,16.29,20.97,24.05,25.49,28.23
48239,9.8,9.5,10.25,10.22,8.99,7.48,7.24
48241,11.8,13.66,16.74,17.79,18.93,19.92,20.89
48243,8.3,9.23,10.3,12.49,13.93,15.53,16.96
48245,14.0,12.46,13.18,11.72,10.55,8.89,7.1
48247,6.2,6.32,7.8,8.44,9.17,9.03,9.25
48249,8.4,8.27,10.4,12.85,14.77,15.4,17.64
48251,10.1,9.61,11.28,14.33,16.34,16.3,18.11
48253,7.5,7.32,8.55,12.06,14.46,15.44,17.03
48255,6.4,6.94,7.49,7.55,7.4,5.56,5.1
48257,12.8,12.48,11.98,12.17,11.72,9.89,8.72
48259,6.7,8.35,8.21,8.63,9.24,7.87,8.09
48261,6.4,6.99,7.96,8.73,8.42,6.99,6.99
48263,6.8,7.43,8.47,11.52,12.29,13.35,14.43
48265,11.4,14.14,14.01,14.17,14.58,13.23,13.03
48267,8.0,9.36,10.11,11.68,12.58,12.84,13.47
48269,7.4,8.13,9.18,11.4,12.29,13.26,13.99
48271,4.4,4.8,5.57,6.18,6.71,6.01,5.2
48273,7.1,7.67,7.91,8.12,7.75,6.0,6.55
48275,7.4,8.23,9.26,11.31,11.63,12.24,12.49
48277,13.0,11.5,12.94,15.27,17.04,17.39,18.35
48279,9.6,9.87,11.1,13.5,14.18,16.1,16.92
48281,7.4,7.63,8.8,9.33,9.78,8.48,9.07
48283,7.2,8.74,9.59,10.07,10.7,10.54,10.03
48285,6.9,6.66,7.06,6.74,6.2,4.99,5.0
48287,7.3,8.17,8.91,8.47,7.7,5.85,5.83
48289,11.2,13.36,15.67,17.61,19.33,20.4,22.08
48291,14.7,17.33,15.37,11.98,7.75,3.87,0.09
48293,9.1,8.58,10.29,12.69,13.9,14.21,15.79
48295,8.8,9.54,10.88,13.39,14.03,16.13,16.65
48297,6.2,6.89,7.81,8.82,9.61,8.54,8.61
48299,14.1,15.08,19.41,23.2,27.24,29.51,33.32
48301,13.2,14.46,16.2,19.06,20.59,22.43,23.8
48303,10.6,10.34,12.29,16.01,17.65,19.82,21.57
48305,7.8,8.46,10.17,13.79,15.38,17.33,18.22
48307,7.1,8.11,8.93,10.55,11.67,11.43,11.68
48309,7.2,9.45,9.08,9.06,8.0,5.5,4.71
48311,6.6,7.33,8.36,9.19,9.82,8.95,8.95
48313,8.0,9.75,9.47,9.03,7.81,6.87,6.47
48315,13.3,15.12,16.27,16.66,17.45,17.22,16.39
48317,9.4,10.03,11.54,13.73,15.28,16.14,15.61
48319,6.6,7.23,8.31,10.09,11.63,11.73,12.26
48321,9.8,8.73,11.49,13.55,14.5,14.84,16.39
48323,4.2,3.99,5.03,5.37,6.38,6.29,6.51
48325,4.3,4.88,5.62,6.07,7.66,7.41,8.32
48327,8.2,9.02,12.02,16.28,19.82,22.85,25.35
48329,10.6,8.64,7.66,7.5,6.79,5.45,3.13
48331,8.2,9.19,9.35,8.55,7.48,5.46,4.66
48333,8.4,9.23,12.36,15.71,18.46,19.24,21.65
48335,7.7,8.44,9.54,12.97,14.73,15.34,16.14
48337,15.3,16.31,17.81,21.04,22.28,22.45,23.31
48339,9.4,11.77,12.75,12.8,12.01,11.56,11.46
48341,6.2,6.69,7.77,8.96,9.47,10.7,10.15
48343,9.9,10.68,11.45,11.81,12.35,11.68,10.72
48345,7.6,8.36,9.58,11.43,10.8,11.89,11.55
48347,10.4,14.77,11.47,8.89,4.96,1.12,-3.0
48349,8.9,9.9,11.48,13.74,14.76,15.45,16.67
48351,18.0,19.3,21.72,22.15,22.28,22.02,21.71
48353,12.1,13.68,14.06,17.18,18.59,18.6,18.77
48355,17.5,18.43,18.2,17.56,15.94,13.6,13.09
48357,6.9,7.43,8.02,9.95,10.19,12.4,12.57
48359,10.9,11.88,14.32,17.34,19.5,22.4,22.9
48361,19.9,21.4,19.36,14.89,10.9,6.71,1.89
48363,16.2,14.51,15.19,17.58,18.75,18.1,19.07
48365,9.5,9.78,11.52,12.63,13.44,14.63,15.11
48367,11.5,12.31,14.34,18.58,21.58,22.82,25.37
48369,5.5,5.96,6.85,8.65,9.86,11.77,12.39
48371,6.8,7.22,8.36,10.3,12.05,13.85,15.16
48373,19.1,18.25,18.06,17.22,15.06,13.44,11.59
48375,14.7,14.53,16.32,19.7,21.36,24.16,24.7
48377,5.6,6.18,6.98,8.54,8.81,10.27,11.2
48379,10.7,12.73,13.26,14.64,15.41,14.94,15.09
48381,8.2,10.99,12.48,15.13,16.21,18.43,18.43
48383,13.3,12.89,15.31,19.39,22.97,25.39,27.73
48385,6.5,7.14,8.09,9.7,10.99,10.55,10.41
48387,10.5,11.21,14.36,18.87,22.73,25.2,27.93
48389,14.5,16.38,16.69,18.23,19.08,19.72,20.3
48391,11.2,13.63,13.33,13.18,12.13,9.4,9.01
48393,8.3,9.01,10.41,12.76,13.04,15.53,16.26
48395,11.3,11.09,11.46,11.53,11.49,10.5,10.56
48397,8.2,7.96,7.62,8.59,8.23,6.83,5.75
48399,6.5,6.67,7.61,11.06,12.95,13.53,14.79
48401,8.8,8.58,9.34,9.35,9.55,9.95,9.57
48403,10.6,11.41,13.15,13.97,14.54,14.45,13.85
48405,10.8,11.18,12.57,13.7,14.04,14.0,13.86
48407,13.2,16.77,18.73,19.56,19.53,20.02,20.25
48409,13.8,13.71,14.05,14.53,13.93,12.04,12.11
48411,7.8,8.52,10.26,12.56,13.98,13.92,15.03
48413,7.4,8.52,9.33,11.6,12.58,12.23,12.52
48415,9.0,9.3,10.87,14.79,16.85,18.19,19.29
48417,6.2,6.76,7.89,10.99,12.61,12.95,14.21
48419,10.2,10.12,13.81,18.02,21.52,24.75,27.21
48421,9.7,9.8,11.24,12.74,12.88,14.66,14.45
48423,9.8,9.76,9.81,9.22,9.05,8.01,7.39
48425,7.8,9.14,9.7,11.29,11.81,10.53,11.06
48427,3.1,3.33,3.83,4.69,4.89,4.5,4.29
48429,6.6,7.11,8.16,11.4,13.35,14.02,15.31
48431,8.3,9.08,10.41,13.98,15.97,16.8,17.73
48433,6.8,7.51,8.5,11.61,12.6,13.28,14.5
48435,6.6,7.74,8.21,10.35,11.51,11.31,11.49
48437,7.2,7.57,8.88,10.92,11.21,12.75,13.28
48439,10.0,9.23,10.75,14.23,16.56,17.2,18.88
48441,12.4,12.55,14.05,17.84,20.49,21.8,23.62
48443,7.8,8.57,10.23,11.59,13.9,15.03,16.08
48445,6.9,7.51,9.09,12.2,13.39,14.96,15.81
48447,10.6,11.54,13.13,17.43,19.63,21.6,23.8
48449,8.8,7.44,7.47,7.61,7.7,6.45,5.69
48451,10.3,10.07,13.4,19.05,23.39,26.07,29.21
48453,11.5,11.71,12.57,12.8,12.86,11.62,11.76
48455,15.1,16.29,18.91,21.05,21.91,23.73,25.0
48457,17.5,16.34,18.84,19.59,20.29,20.61,20.41
48459,8.2,9.82,11.84,12.71,14.0,14.65,14.91
48461,9.2,10.51,11.74,13.98,15.74,16.51,16.89
48463,5.2,5.96,7.18,8.19,9.71,9.76,10.04
48465,5.4,5.77,6.79,7.27,8.27,7.72,7.13
48467,14.9,13.65,15.2,17.09,18.98,19.75,20.94
48469,9.2,9.11,10.74,11.68,11.65,11.21,11.59
48471,6.6,7.03,7.83,7.88,7.36,7.29,7.02
48473,9.0,10.87,9.92,8.17,5.99,3.2,1.18
48475,11.4,12.8,12.65,13.72,13.7,13.81,13.45
48477,6.1,6.27,6.54,6.65,6.21,4.91,4.72
48479,8.7,9.67,12.25,14.24,16.13,17.37,18.9
48481,6.6,7.38,9.74,11.12,11.74,11.82,12.9
48483,10.0,10.28,12.39,15.79,16.68,19.71,21.11
48485,18.4,15.74,17.23,20.35,21.55,23.15,24.27
48487,12.5,12.85,12.96,14.13,13.17,13.78,13.12
48489,5.6,5.53,6.43,6.63,6.15,4.59,4.13
48491,6.8,6.73,6.99,6.63,6.42,4.53,4.18
48493,6.9,6.24,6.48,5.26,5.33,3.52,2.82
48495,14.2,15.31,16.38,18.03,18.62,19.34,19.75
48497,11.0,11.11,14.17,19.06,22.05,24.05,26.62
48499,10.7,11.43,12.55,13.73,15.55,15.39,15.73
48501,10.8,11.7,13.4,16.19,17.31,19.13,19.9
48503,22.4,21.93,25.21,30.9,34.52,37.61,41.09
48505,6.5,6.95,9.37,11.35,13.7,15.07,16.93
48507,6.1,6.78,7.86,9.28,10.55,11.12,11.79
49001,20.0,20.69,23.3,28.7,34.2,39.81,45.35
49003,17.1,19.96,25.02,33.01,41.36,49.29,57.12
49005,11.4,11.1,12.76,17.49,23.14,28.15,32.87
49007,43.5,41.36,53.03,67.41,82.64,96.89,110.28
49009,17.7,20.28,24.98,30.82,37.18,43.76,50.48
49011,15.5,16.74,18.06,22.14,25.64,28.87,32.79
49013,22.3,25.77,26.73,30.09,33.79,37.68,40.91
49015,29.3,31.42,37.55,45.69,54.67,62.79,70.19
49017,14.2,16.43,19.89,26.35,33.22,40.3,47.56
49019,16.7,19.11,20.37,23.05,27.61,31.37,33.68
49021,16.7,20.47,25.28,33.12,41.74,49.8,57.52
49023,21.0,21.45,23.8,28.45,33.69,38.15,41.88
49025,21.2,21.92,27.04,35.05,44.43,52.69,60.21
49027,16.2,18.26,21.75,28.41,34.72,41.31,46.85
49029,17.1,14.66,15.47,18.76,22.04,24.99,28.75
49031,15.8,17.15,19.8,24.87,30.94,36.67,42.47
49033,14.9,17.0,18.55,22.41,27.37,31.84,36.7
49035,24.1,25.15,23.84,24.94,25.62,26.3,27.57
49037,10.8,13.01,13.35,14.77,18.02,21.14,23.31
49039,18.1,19.23,19.86,22.73,26.16,28.86,30.99
49041,18.8,19.24,24.31,32.1,40.4,48.46,56.63
49043,15.5,15.84,18.51,23.84,28.64,33.52,38.89
49045,30.4,24.54,20.88,19.58,17.41,15.39,13.8
49047,16.5,17.71,19.55,23.2,27.25,31.48,35.25
49049,16.3,17.02,18.01,21.39,24.75,27.14,30.32
49051,13.7,15.16,17.57,22.48,27.4,31.64,36.36
49053,17.3,20.86,18.28,18.72,20.35,20.73,21.8
49055,20.3,22.13,26.72,34.24,41.92,49.16,56.45
49057,24.9,28.38,26.9,28.12,29.15,29.84,31.11
50001,10.0,10.56,13.75,16.58,20.18,22.72,26.51
50003,16.1,14.03,20.58,26.64,32.45,37.86,45.51
50005,13.8,14.56,17.7,19.95,22.51,24.9,28.62
50007,12.7,14.6,16.79,18.41,20.65,22.45,25.54
50009,14.3,17.47,16.85,15.11,13.63,12.04,12.08
50011,15.7,18.7,17.88,16.14,15.13,13.35,13.23
50013,12.6,14.52,16.2,16.91,17.8,18.49,20.72
50015,12.5,12.49,14.29,15.12,16.36,17.44,19.22
50017,13.2,15.11,18.17,20.53,22.91,25.05,28.83
50019,13.8,17.74,19.76,20.57,21.95,23.19,25.69
50021,16.4,19.27,22.6,25.28,27.98,30.23,34.49
50023,10.9,14.51,18.2,21.27,24.57,27.8,32.35
50025,20.6,18.29,22.86,27.08,31.24,34.55,40.22
50027,16.9,21.83,25.77,28.74,31.27,33.57,38.21
51001,15.2,13.27,15.31,17.55,19.83,22.14,27.32
51003,6.3,6.33,7.03,9.4,11.36,11.32,14.15
51005,13.3,13.9,17.43,23.17,28.71,32.64,37.7
51007,10.0,10.82,12.98,17.47,21.38,23.31,27.82
51009,8.4,8.41,10.66,15.45,19.83,22.56,27.56
51011,6.6,7.51,8.78,12.34,15.3,16.66,20.09
51013,6.1,7.49,11.1,16.44,21.43,25.54,33.08
51015,11.9,11.05,13.09,17.23,20.61,22.6,26.83
51017,11.0,12.27,13.74,17.54,20.84,22.22,25.26
51019,9.7,11.48,12.67,16.47,19.92,22.07,25.85
51021,26.9,28.65,31.35,36.51,41.18,44.36,47.44
51023,11.5,12.38,12.19,14.69,16.49,17.52,19.66
51025,8.2,9.38,11.1,14.88,17.73,19.04,22.17
51027,37.9,43.91,39.21,37.31,33.26,28.68,23.71
51029,5.5,6.02,7.01,9.68,12.05,12.84,15.99
51031,10.3,9.85,11.9,16.47,20.18,22.61,26.88
51033,12.6,14.48,20.41,27.76,34.89,39.99,48.63
51035,19.8,15.43,14.95,16.8,18.62,19.26,19.82
51036,12.1,13.9,17.7,22.38,27.58,30.53,36.96
51037,10.1,11.08,12.98,16.52,19.47,21.17,24.96
51041,9.8,11.29,19.77,29.16,38.93,46.35,56.24
51043,12.6,14.49,18.42,24.03,29.49,32.77,40.04
51045,13.6,14.52,17.51,23.43,28.94,32.94,37.97
51047,21.6,21.29,23.55,27.24,30.31,31.84,36.54
51049,9.4,10.71,12.21,15.69,18.68,19.97,23.58
51051,44.7,45.44,47.53,52.25,54.52,56.8,58.03
51053,9.3,10.72,12.29,15.33,18.45,19.42,22.57
51057,9.3,11.13,13.15,16.31,19.31,20.95,25.9
51059,6.5,7.78,9.61,12.73,15.53,17.23,22.34
51061,14.4,17.62,26.93,37.48,47.47,55.8,67.61
51063,11.3,11.27,12.62,16.8,20.4,22.9,25.55
51065,7.4,7.59,8.6,11.6,13.69,13.65,16.85
51067,16.6,16.22,22.01,30.13,37.67,44.27,51.51
51069,20.3,22.34,25.72,30.71,35.63,38.23,44.72
51071,20.5,23.55,25.46,29.6,33.9,36.74,39.72
51073,13.6,14.56,19.92,26.05,32.27,37.2,45.44
51075,11.2,12.06,13.59,16.88,19.8,20.67,24.29
51077,9.3,10.57,12.12,15.96,19.19,21.57,23.48
51079,8.5,10.14,10.66,12.94,14.85,14.87,18.09
51081,9.4,9.78,10.93,13.65,16.22,17.0,19.28
51083,8.6,10.67,12.06,15.28,17.65,18.93,21.73
51085,12.2,12.81,13.55,15.52,17.56,17.51,20.32
51087,11.2,13.47,18.18,23.92,30.13,33.79,40.28
51089,22.9,20.57,23.57,28.7,33.06,36.54,40.55
51091,12.2,14.2,15.28,18.41,21.01,21.63,24.71
51093,9.2,11.17,13.51,16.97,20.33,22.68,27.38
51095,8.6,9.25,11.5,14.36,17.43,19.38,24.08
51097,13.7,14.42,17.47,21.64,26.07,28.88,35.11
51099,14.3,17.94,21.94,27.66,32.81,35.98,43.28
51101,12.1,15.75,18.99,23.78,28.34,30.96,37.23
51103,11.7,12.15,14.06,16.69,19.74,21.78,27.14
51105,26.6,23.29,25.36,29.01,30.53,32.72,33.66
51107,8.0,6.95,10.32,15.41,20.46,23.84,30.88
51109,11.4,13.74,16.02,19.81,22.7,24.27,28.26
51111,7.1,7.87,8.57,11.19,13.11,13.53,16.15
51113,12.5,14.67,16.6,19.86,22.49,23.75,28.0
51115,12.1,13.63,15.35,17.91,20.36,21.63,26.15
51117,10.5,12.98,14.05,16.98,19.29,20.21,23.02
51119,11.8,13.35,14.83,17.06,19.4,20.54,25.05
51121,11.0,10.38,13.47,19.33,24.83,29.16,34.02
51125,8.5,9.28,13.15,19.45,25.21,29.04,35.42
51127,10.4,11.87,12.25,13.77,15.85,15.87,19.1
51131,11.7,10.89,13.62,16.76,19.66,22.11,27.49
51133,11.3,12.45,12.67,14.24,15.9,16.25,20.09
51135,8.6,8.56,10.4,14.19,17.56,19.33,23.29
51137,22.1,20.51,30.39,41.78,52.35,61.25,72.88
51139,18.0,16.68,19.63,24.63,28.64,31.3,36.59
51141,20.6,22.97,24.0,27.16,29.7,31.82,33.7
51143,9.9,11.46,13.29,17.09,19.68,21.88,24.88
51145,12.1,11.97,13.47,16.52,19.54,20.15,23.75
51147,6.9,8.22,10.46,14.17,17.34,19.13,23.12
51149,9.8,10.92,14.73,19.33,24.4,27.06,32.66
51153,8.3,8.12,11.98,16.89,21.43,24.17,30.71
51155,30.9,26.63,31.01,37.98,44.68,50.28,55.6
51157,20.2,21.12,23.27,26.86,29.92,31.26,36.17
51159,12.7,14.84,15.35,16.73,18.21,18.43,21.9
51161,16.8,14.78,17.53,23.23,28.05,32.13,36.99
51163,9.6,12.14,12.71,15.54,18.12,19.0,21.98
51165,7.8,7.53,8.68,11.59,13.86,14.69,18.44
51167,33.7,28.23,32.29,38.64,43.12,47.9,51.42
51169,17.2,17.57,22.72,30.49,35.3,40.98,45.11
51171,12.5,19.74,18.2,18.56,18.12,16.05,17.31
51173,16.0,18.43,19.69,23.14,25.39,26.71,27.97
51175,8.6,9.26,11.03,14.07,17.2,18.42,21.71
51177,11.8,15.27,19.88,26.49,32.22,36.22,43.52
51179,9.1,11.86,16.41,22.37,27.61,31.09,38.07
51181,11.0,11.37,13.03,15.48,18.06,18.97,23.03
51183,9.0,9.32,11.31,14.37,17.22,18.22,21.73
51185,33.9,37.2,32.15,29.11,25.27,20.11,15.25
51187,21.5,26.48,25.68,26.42,26.6,24.87,26.93
51191,18.3,15.93,17.18,20.67,21.96,23.32,23.92
51193,14.8,21.26,26.38,32.84,39.0,43.67,51.91
51195,32.2,35.67,40.78,48.59,53.75,59.43,63.82
51197,25.4,23.93,27.64,33.92,39.66,44.24,48.67
51199,8.6,9.44,11.01,13.65,15.76,17.03,21.39
51510,7.7,8.95,11.56,15.68,19.5,22.3,28.58
51520,23.4,20.67,25.99,34.13,39.54,45.26,49.71
51530,8.1,9.05,10.06,13.71,17.11,18.69,22.53
51540,8.9,9.08,10.02,12.48,14.51,14.63,17.5
51550,11.4,16.33,19.69,23.61,27.78,30.75,35.92
51570,16.0,18.29,23.96,30.48,37.7,42.19,49.65
51580,15.5,16.78,19.39,24.06,28.69,31.73,35.61
51590,18.2,15.24,16.74,19.93,22.0,23.81,26.2
51595,9.0,9.79,11.05,13.91,16.49,17.37,19.61
51600,11.2,14.68,17.26,21.18,24.82,27.32,33.07
51610,7.2,8.13,10.21,13.68,16.9,19.21,24.96
51620,11.0,12.02,13.61,16.44,19.41,20.43,23.63
51630,17.2,20.91,23.23,27.49,30.5,31.99,36.99
51640,13.0,14.24,15.23,18.22,21.04,22.56,23.95
51650,10.9,14.86,21.33,28.21,34.64,40.47,48.86
51660,7.5,7.85,9.14,12.41,14.89,15.75,19.78
51670,16.8,18.85,27.54,37.07,47.24,54.85,65.33
51678,6.9,7.97,8.85,12.03,15.03,16.37,19.64
51680,8.0,8.77,10.59,14.75,18.66,21.26,25.68
51683,14.7,13.69,16.58,20.66,24.47,26.71,32.28
51685,7.2,7.33,9.47,12.72,15.66,17.23,22.06
51690,28.9,26.93,29.92,34.94,39.39,42.74,46.71
51700,14.7,13.84,20.08,27.19,33.7,39.57,48.21
51710,13.1,16.63,25.45,34.66,43.87,52.38,63.19
51720,23.1,26.3,30.59,37.71,42.05,46.97,50.55
51730,18.0,21.33,30.91,41.34,52.37,60.95,72.4
51735,11.7,13.33,17.97,23.47,28.7,33.18,40.54
51740,18.4,20.25,26.64,33.56,40.36,46.44,54.93
51750,11.4,11.14,15.18,21.75,28.25,33.37,38.98
51760,22.9,22.78,29.55,37.1,45.56,51.27,59.53
51770,17.8,21.66,21.79,24.91,27.21,28.74,31.17
51775,23.4,19.45,21.77,27.05,31.58,35.18,39.47
51790,17.1,18.01,18.11,20.36,21.86,21.8,24.34
51800,9.7,10.36,11.08,12.62,13.93,14.58,17.03
51810,11.9,13.81,18.72,24.2,29.98,34.88,42.02
51820,14.3,17.16,16.87,18.55,19.81,19.45,21.41
51830,12.7,12.09,14.67,17.66,21.08,23.28,28.51
51840,22.7,23.09,29.76,38.13,46.33,52.27,62.1
53001,6.4,7.13,7.88,11.33,11.9,13.46,14.37
53003,15.6,16.98,21.95,28.89,33.52,38.9,43.94
53005,12.1,16.58,15.93,17.26,16.64,17.09,16.59
53007,11.8,13.79,14.42,17.71,18.41,20.74,21.78
53009,17.9,21.06,28.15,37.04,44.36,51.38,58.29
53011,13.6,14.43,14.06,13.81,13.95,14.14,14.3
53013,10.7,11.45,12.65,15.71,16.64,18.13,18.81
53015,22.2,18.93,22.01,25.54,28.88,32.23,35.79
53017,10.7,14.25,14.54,17.5,17.99,20.15,21.14
53019,20.5,22.07,21.24,22.06,20.78,21.26,20.06
53021,7.9,8.58,9.58,12.66,13.5,15.34,16.52
53023,11.8,12.87,15.47,20.4,23.25,26.41,28.99
53025,10.7,14.24,13.67,15.98,15.33,15.92,15.64
53027,23.1,23.47,29.01,34.99,41.04,46.61,51.88
53029,14.3,14.36,12.27,11.86,9.86,8.64,6.58
53031,16.3,18.26,22.25,27.64,32.24,37.1,40.77
53033,14.4,13.95,14.23,15.54,15.98,16.7,16.77
53035,12.6,15.62,15.36,16.45,16.27,16.05,15.64
53037,8.7,9.94,9.42,11.05,10.19,10.78,9.44
53039,11.3,12.12,15.67,21.14,25.3,29.23,33.92
53041,18.3,17.38,18.81,21.66,23.53,25.54,26.83
53043,14.0,13.82,17.96,24.2,28.32,34.08,38.18
53045,19.9,21.11,20.99,21.9,22.12,21.76,21.16
53047,16.1,17.83,16.4,17.33,15.57,15.37,13.55
53049,19.7,21.12,23.55,26.51,29.69,32.3,35.03
53051,17.7,20.03,20.61,21.89,21.57,22.87,23.24
53053,15.2,16.86,17.49,19.39,20.49,21.8,22.32
53055,11.9,12.49,16.63,22.29,26.08,31.01,36.0
53057,14.2,18.49,19.6,22.05,22.96,24.67,25.85
53059,14.5,14.78,16.52,19.6,21.98,24.24,26.93
53061,17.0,17.73,16.4,16.25,14.91,14.25,12.07
53063,13.7,19.16,22.87,28.02,31.46,36.18,39.29
53065,15.5,15.37,20.63,27.1,31.43,37.69,42.96
53067,10.5,13.56,12.07,11.73,10.33,9.11,7.07
53069,15.5,16.72,19.23,22.14,25.17,28.15,31.01
53071,20.0,16.63,16.8,19.0,19.49,20.71,20.88
53073,8.9,13.47,10.01,7.76,3.93,1.26,-2.01
53075,6.4,8.42,8.87,11.38,11.9,13.09,13.48
53077,10.2,11.63,11.86,13.99,13.91,14.81,14.52
54001,14.3,16.81,18.51,21.56,25.16,26.67,29.79
54003,39.6,41.32,66.64,93.59,120.45,145.74,174.46
54005,78.9,72.01,58.45,47.63,35.73,22.95,10.48
54007,18.2,19.92,22.05,26.66,31.0,33.26,36.41
54009,35.5,36.11,42.17,49.74,57.91,64.71,72.36
54011,51.5,72.58,93.15,116.0,137.41,158.37,179.22
54013,15.3,15.99,17.38,20.96,24.25,25.43,27.97
54015,24.0,27.32,31.16,37.27,43.25,47.24,52.39
54017,14.5,15.71,18.76,24.02,29.0,31.79,36.41
54019,37.2,35.41,38.37,44.04,49.54,53.19,57.57
54021,10.3,11.26,12.79,16.5,19.93,21.18,23.67
54023,12.9,15.6,19.56,24.65,29.85,33.44,39.45
54025,29.4,31.28,30.11,31.3,31.95,31.25,31.67
54027,30.3,41.52,51.83,63.25,74.47,83.94,96.72
54029,47.3,45.59,47.81,51.63,55.92,58.6,62.43
54031,14.4,17.04,18.92,22.19,25.03,25.73,29.84
54033,27.1,27.66,34.02,42.5,50.87,56.91,64.48
54035,18.4,19.73,22.06,26.61,30.71,33.6,37.03
54037,24.0,28.61,47.93,68.82,89.3,108.36,130.92
54039,41.6,52.7,57.99,65.95,73.35,79.1,85.64
54041,12.9,14.7,16.67,20.69,24.76,26.65,29.9
54043,44.2,43.07,55.46,70.54,84.58,97.57,110.52
54045,58.2,61.41,56.9,54.76,51.06,46.82,42.76
54047,57.4,104.88,80.62,58.82,36.05,12.22,-11.49
54049,15.4,16.38,20.51,25.54,32.02,35.81,41.42
54051,18.1,18.5,23.75,31.29,39.07,44.75,51.5
54053,36.6,32.54,44.87,59.55,74.02,87.13,100.34
54055,64.1,60.23,66.85,75.85,84.45,91.51,98.62
54057,16.6,21.63,32.85,44.76,57.13,67.65,80.9
54059,75.9,60.18,75.78,93.43,108.99,124.04,139.38
54061,14.0,14.36,24.55,35.67,48.19,58.11,69.76
54063,24.7,27.87,32.65,40.2,47.63,53.73,60.09
54065,28.2,30.62,38.48,47.95,57.1,65.04,76.09
54067,31.0,34.3,42.51,53.64,64.84,73.74,83.84
54069,21.9,27.05,28.56,31.84,35.66,37.65,40.81
54071,12.6,13.04,15.38,19.42,22.99,24.72,29.18
54073,14.9,16.05,18.14,22.22,26.02,27.61,31.26
54075,23.5,29.53,30.47,33.37,36.46,37.48,39.86
54077,17.9,15.82,22.52,29.97,38.88,45.5,53.74
54079,22.1,30.0,33.76,39.94,45.49,49.83,54.5
54081,49.9,69.97,61.46,55.53,49.47,41.76,34.42
54083,16.0,15.93,20.3,25.97,32.12,36.12,41.78
54085,13.6,14.74,16.83,20.87,24.63,26.4,29.85
54087,18.7,21.32,29.58,40.3,50.37,58.59,68.16
54089,38.1,43.17,52.25,63.76,75.77,85.53,96.08
54091,14.3,16.13,18.05,21.22,25.34,27.1,30.37
54093,9.9,10.68,13.14,16.53,20.36,22.09,26.1
54095,13.8,15.14,16.95,20.79,24.49,26.08,29.42
54097,11.3,13.54,15.33,19.37,23.23,24.91,27.77
54099,42.3,43.99,71.42,101.14,129.11,156.32,183.82
54101,29.5,35.04,36.11,40.39,44.39,46.26,49.53
54103,16.3,19.98,21.32,24.53,28.2,29.54,32.47
54105,15.8,17.13,19.63,24.31,28.39,30.67,34.37
54107,23.9,25.12,41.2,59.64,77.52,94.0,112.01
54109,78.0,95.37,78.91,64.74,49.65,33.63,17.84
55001,18.4,19.76,20.64,21.17,22.41,22.79,22.97
55003,15.5,17.48,17.02,17.71,18.49,19.57,19.81
55005,7.5,7.82,8.93,10.07,12.08,14.01,14.82
55007,8.9,9.25,9.6,11.08,12.74,14.76,15.81
55009,10.6,11.23,12.88,14.53,17.76,19.68,20.99
55011,6.9,7.04,8.45,11.1,14.09,16.73,18.45
55013,10.8,10.57,12.89,15.07,18.43,20.97,22.99
55015,7.4,7.73,7.97,8.07,9.05,8.36,8.13
55017,7.7,9.01,10.77,12.75,15.19,17.55,19.17
55019,5.1,5.4,6.54,7.53,8.79,10.12,10.8
55021,15.3,19.89,25.13,29.41,34.62,39.1,43.08
55023,9.2,11.34,12.27,12.99,14.94,16.13,16.41
55025,15.2,16.17,19.58,22.16,26.0,28.65,31.47
55027,13.3,19.8,24.38,28.27,33.63,37.87,41.62
55029,7.1,8.17,7.89,7.81,8.25,8.06,6.85
55031,10.9,11.65,13.42,15.6,19.23,21.67,23.51
55033,6.3,8.18,8.49,9.39,10.84,11.74,12.1
55035,8.6,9.2,10.64,12.32,14.48,16.65,18.68
55037,13.4,15.66,16.92,18.65,20.43,22.49,22.91
55039,11.4,13.71,14.16,14.42,15.23,15.45,15.68
55041,18.8,18.55,20.39,22.18,23.35,25.42,25.79
55043,7.7,7.29,9.64,12.19,15.5,17.91,19.43
55045,9.3,10.09,13.46,16.32,19.23,21.38,24.16
55047,12.6,11.97,14.63,16.49,19.4,21.41,22.84
55049,10.2,10.56,13.86,17.0,20.94,24.07,26.12
55051,10.9,12.8,13.63,15.02,16.81,19.08,20.36
55053,10.6,12.49,13.89,15.23,17.07,18.68,20.09
55055,13.6,13.58,14.03,13.74,14.23,13.96,13.58
55057,10.9,12.82,16.05,18.55,22.03,24.88,27.27
55059,25.0,22.44,27.8,32.91,38.63,43.55,48.59
55061,6.8,7.16,8.1,9.22,11.29,12.5,12.87
55063,9.6,11.19,16.9,23.28,30.48,37.01,42.65
55065,6.0,6.18,8.42,10.33,12.45,13.63,14.09
55067,10.7,14.06,14.08,14.07,13.96,14.25,13.02
55069,10.4,10.8,11.39,12.18,12.68,13.27,12.79
55071,15.6,18.21,15.44,12.27,10.12,6.58,2.93
55073,6.9,9.05,10.57,11.82,13.29,14.51,14.74
55075,9.2,10.79,13.21,15.91,19.14,22.0,23.46
55077,17.9,16.88,24.22,30.55,38.27,44.86,51.24
55078,19.5,19.98,22.35,25.05,28.17,30.68,32.09
55079,25.9,26.46,32.95,38.76,45.84,52.29,58.31
55081,14.6,11.36,13.21,14.82,17.18,18.93,20.44
55083,6.3,6.42,8.04,9.8,13.15,15.39,16.16
55085,9.3,10.8,12.64,14.65,16.51,18.64,20.16
55087,7.7,9.6,10.28,10.85,12.52,12.42,12.22
55089,9.7,9.31,9.9,9.85,10.94,11.59,11.43
55091,5.9,6.49,7.41,9.23,11.6,13.39,14.4
55093,7.5,7.39,7.83,8.55,9.87,11.06,11.07
55095,6.6,7.73,7.02,6.67,6.5,6.59,5.41
55097,8.0,8.02,10.29,12.39,14.62,16.36,17.89
55099,7.9,8.69,10.77,12.92,15.66,18.3,20.28
55101,21.0,19.11,17.53,15.44,14.58,12.44,10.32
55103,10.2,10.6,16.05,21.66,27.8,33.38,38.13
55105,18.8,19.06,25.23,30.75,36.84,42.1,47.22
55107,9.0,9.73,10.01,10.74,12.3,13.64,14.29
55109,6.7,6.85,7.78,8.8,10.43,12.18,12.21
55111,13.9,18.01,22.18,26.01,30.56,34.65,38.11
55113,18.9,17.66,19.11,21.23,24.4,27.16,29.78
55115,7.9,8.2,10.02,11.88,14.45,15.9,16.42
55117,10.5,15.2,17.62,20.27,23.77,26.42,28.5
55119,4.7,5.75,6.01,5.79,5.73,5.72,5.35
55121,7.1,6.68,9.1,11.95,15.32,18.21,20.99
55123,8.9,7.22,10.28,13.85,17.9,21.27,24.05
55125,15.7,20.3,18.54,17.31,16.12,15.45,13.99
55127,13.9,14.43,17.59,20.09,23.08,25.5,27.73
55129,8.6,10.79,11.35,12.07,13.95,15.58,16.67
55131,13.4,12.85,16.22,19.25,23.26,26.78,29.56
55133,12.7,11.84,15.69,18.61,22.55,25.89,28.61
55135,8.1,8.95,9.45,9.27,10.04,9.78,9.01
55137,7.6,7.59,10.36,12.26,15.2,16.65,17.6
55139,14.8,14.46,15.07,15.31,16.16,15.62,15.39
55141,8.7,10.8,14.27,17.48,21.12,24.61,27.54
56001,11.3,11.44,14.54,17.16,21.14,25.32,28.35
56003,13.2,15.21,18.87,22.51,26.58,32.8,36.45
56005,13.7,12.76,12.86,12.65,12.43,12.75,11.51
56007,20.8,23.53,27.6,31.86,37.81,44.3,48.82
56009,9.3,9.95,13.43,16.35,20.82,25.4,28.35
56011,7.5,7.54,8.67,8.71,9.27,10.36,9.56
56013,17.5,24.42,20.9,18.3,16.47,15.43,12.77
56015,8.6,9.88,10.03,8.74,9.27,9.95,9.02
56017,12.1,12.69,13.93,16.03,18.58,22.55,25.11
56019,10.5,11.95,13.72,15.58,17.77,21.2,22.99
56021,17.7,16.87,14.5,11.17,8.74,6.14,2.98
56023,15.0,15.35,18.92,23.7,29.19,34.5,40.19
56025,20.6,18.01,20.31,22.31,25.92,30.28,33.27
56027,9.1,10.39,11.47,11.08,11.5,13.05,12.31
56029,11.0,13.2,15.34,18.18,21.42,26.16,29.07
56031,12.1,13.15,14.85,15.42,17.17,19.67,20.65
56033,9.4,9.66,10.89,12.2,12.72,15.96,16.5
56035,8.4,8.72,10.3,12.94,17.23,21.22,24.56
56037,22.1,17.38,24.05,32.09,41.63,50.63,59.05
56039,7.0,7.59,9.38,13.97,18.3,23.88,28.05
56041,24.2,23.65,23.9,26.13,29.2,31.51,34.66
56043,12.1,13.9,15.84,17.53,20.29,24.51,26.69
56045,8.1,8.78,10.18,10.67,11.18,12.49,11.77
