FIPS,2014 kals,2015 kals,2016 kals,2017 kals,2018 kals,2019 kals,2020 kals
01001,8.2,8.72,10.44,10.0,11.57,13.52,14.57
01003,18.0,20.08,16.92,15.38,15.78,15.36,15.38
01005,4.4,4.57,5.69,5.88,8.54,9.81,11.61
01007,17.2,16.92,21.84,21.75,23.97,26.33,27.66
01009,18.6,18.08,22.24,26.52,32.61,38.84,43.87
01011,6.3,7.18,8.3,8.02,10.48,11.88,13.09
01013,7.4,8.51,10.53,10.16,10.6,11.67,12.55
01015,14.8,15.97,14.78,22.64,31.48,40.66,48.76
01017,8.7,9.86,11.9,12.29,14.76,16.92,18.32
01019,14.4,17.43,18.06,18.32,19.58,19.98,20.15
01021,14.2,17.54,15.31,16.98,20.63,24.55,26.95
01023,5.7,6.69,7.07,7.54,9.3,11.42,12.84
01025,6.9,7.52,8.1,9.55,12.41,15.85,18.78
01027,7.9,9.39,10.89,12.03,14.93,17.94,20.19
01029,14.5,15.68,13.93,16.02,19.25,22.68,25.3
01031,7.5,7.25,8.64,9.18,11.9,13.54,16.24
01033,7.8,8.18,9.15,8.93,10.38,11.48,12.15
01035,12.9,13.82,15.6,17.99,21.0,24.58,28.2
01037,9.2,10.49,12.31,13.47,16.84,20.2,22.22
01039,10.1,9.61,8.79,10.37,13.65,16.74,20.43
01041,7.3,7.54,8.15,9.55,12.61,15.53,18.45
01043,26.0,19.04,20.5,21.54,24.23,26.86,28.0
01045,8.9,9.93,10.49,9.75,11.71,12.23,14.12
01047,6.4,5.99,6.6,7.35,9.45,12.24,13.92
01049,12.1,21.36,23.14,29.74,37.27,44.2,50.99
01051,8.6,7.3,9.49,9.87,12.11,14.57,16.33
01053,27.9,25.82,26.15,32.75,39.87,47.53,55.24
01055,16.8,19.58,17.45,28.08,40.02,51.59,62.28
01057,14.6,14.67,19.14,20.84,25.25,29.52,32.6
01059,16.4,16.0,17.54,15.25,14.14,12.6,10.6
01061,8.4,10.9,11.16,14.46,19.73,24.19,29.95
01063,4.8,5.13,5.86,6.47,8.69,11.18,12.43
01065,5.9,6.14,6.7,7.73,10.55,13.6,15.71
01067,6.1,7.09,7.56,9.36,13.5,16.02,19.6
01069,11.3,12.01,11.14,13.86,18.93,22.65,27.54
01071,10.4,10.8,10.28,13.65,18.15,21.95,25.69
01073,25.6,23.94,29.18,30.37,33.36,37.02,39.24
01075,7.5,8.65,9.46,11.02,15.06,19.13,21.68
01077,9.5,9.76,11.9,12.54,15.29,18.26,20.81
01079,13.7,13.65,16.99,16.63,17.45,17.97,18.07
01081,7.1,8.69,7.86,8.91,12.01,14.23,16.18
01083,7.4,8.59,8.78,10.4,13.42,16.54,19.0
01085,5.0,6.3,6.46,6.96,8.71,10.84,12.56
01087,5.7,6.13,7.05,7.79,11.01,13.61,15.59
01089,7.7,11.07,15.06,19.14,24.26,29.56,34.17
01091,4.7,4.89,5.37,6.21,8.37,11.04,12.41
01093,5.6,6.61,7.25,8.34,11.64,14.79,16.86
01095,17.6,20.04,15.96,16.21,17.43,18.55,18.73
01097,13.5,16.1,15.5,13.42,13.41,12.56,11.88
01099,8.7,9.29,10.01,12.62,15.85,19.65,23.7
01101,7.2,6.71,7.46,7.13,8.91,10.8,11.86
01103,12.6,18.39,15.16,17.98,21.75,25.27,28.28
01105,5.3,5.7,6.58,7.11,9.26,12.17,14.06
01107,12.6,11.81,12.91,13.8,17.22,20.79,23.01
01109,5.5,6.25,7.71,8.72,12.13,14.79,18.16
01111,9.7,10.08,12.31,15.76,20.78,26.11,30.35
01113,11.5,12.08,12.5,12.43,14.23,15.22,16.16
01115,31.2,23.81,29.08,30.36,33.26,35.99,37.9
01117,18.0,18.47,20.8,17.38,16.11,15.31,12.73
01119,4.1,4.53,4.81,5.25,7.35,9.81,10.84
01121,9.3,10.72,11.96,14.61,18.93,23.56,27.21
01123,9.7,8.44,13.87,11.76,11.62,11.1,10.06
01125,12.5,13.47,15.5,17.15,21.06,24.99,27.6
01127,31.4,24.39,26.35,26.4,28.85,31.26,32.48
01129,7.0,7.6,8.91,9.77,11.71,13.72,15.65
01131,5.1,5.25,6.0,6.47,8.35,10.84,12.44
01133,10.3,9.54,12.84,12.09,13.0,13.66,13.43
02013,11.3,12.39,14.08,17.18,18.39,18.13,19.52
02016,9.9,10.79,11.49,13.2,13.44,12.98,14.2
02020,19.1,19.88,19.02,23.65,28.27,29.66,31.24
02050,8.5,9.19,12.35,13.22,14.1,11.6,8.74
02060,14.6,16.88,18.28,19.63,21.84,20.28,19.55
02063,0.0,0.06,0.04,0.04,0.08,-3.48,-5.12
02066,0.0,-0.01,0.06,-0.01,0.27,-2.77,-5.23
02068,11.8,12.04,13.83,14.76,15.48,12.76,10.34
02070,13.9,14.26,17.07,17.34,18.33,15.94,13.57
02090,14.9,12.4,14.97,15.71,15.51,11.78,9.3
02100,9.4,10.23,11.6,12.53,13.62,13.53,14.8
02105,0.0,0.23,0.15,0.25,0.28,-1.21,-1.25
02110,15.3,18.52,20.53,25.6,31.18,34.68,39.71
02122,18.1,23.48,24.38,21.61,20.31,15.3,10.71
02130,14.7,14.23,15.9,19.98,23.58,24.5,26.56
02150,11.9,14.51,16.28,15.54,16.35,12.13,10.04
02158,8.4,10.28,10.38,12.47,13.47,12.3,11.41
02164,12.8,14.01,15.84,18.07,21.14,20.28,20.27
02170,18.5,16.49,21.56,21.07,20.0,15.69,11.79
02180,9.9,10.14,10.8,11.5,12.61,10.77,9.86
02185,8.8,10.17,10.88,12.39,12.76,11.53,11.26
02188,5.5,6.01,6.9,7.91,8.56,6.06,4.69
02195,0.0,0.08,0.01,0.05,0.27,-2.3,-3.32
02198,0.0,-0.01,0.07,0.16,0.54,-2.04,-4.08
02220,12.8,14.67,15.65,15.88,16.78,14.6,14.74
02230,0.0,0.12,0.17,0.16,-0.21,-1.45,-1.27
02240,9.6,11.04,12.61,13.49,13.87,11.71,9.95
02275,0.0,0.04,0.07,0.08,-0.02,-2.61,-4.13
02282,11.2,12.19,13.92,14.97,16.77,15.13,14.87
02290,11.3,13.06,15.78,15.05,13.26,9.42,5.39
04001,10.8,11.39,11.8,12.27,13.13,14.4,16.05
04003,16.7,23.46,21.14,22.66,22.52,24.83,26.85
04005,12.6,17.27,15.44,18.88,21.71,25.08,29.82
04007,28.3,31.44,35.46,34.51,32.71,32.6,33.02
04009,17.3,19.45,20.11,22.2,21.75,24.63,26.79
04011,16.4,20.75,18.23,20.24,19.98,23.01,25.07
04012,20.4,25.18,29.19,29.38,27.75,26.57,27.65
04013,17.0,17.2,18.88,22.02,22.63,25.97,29.57
04015,27.1,29.08,27.64,26.25,24.01,21.65,21.55
04017,21.5,16.83,26.84,19.15,10.1,1.95,-5.33
04019,22.2,23.27,23.72,24.47,23.71,24.56,26.03
04021,9.7,14.07,14.62,14.72,13.14,13.2,13.51
04023,10.0,11.92,11.85,15.48,17.75,22.45,27.2
04025,26.6,25.92,30.15,26.54,21.24,16.83,14.67
04027,17.1,15.22,18.2,14.46,8.28,3.67,-0.73
05001,11.6,11.29,12.02,14.28,19.2,24.07,28.02
05003,10.6,12.18,12.41,12.45,15.08,16.83,18.21
05005,20.2,20.75,20.74,24.03,29.86,33.82,39.98
05007,13.6,14.2,15.1,13.34,13.89,13.03,13.09
05009,12.1,16.55,16.27,15.87,17.44,17.82,19.58
05011,6.6,7.26,8.78,9.35,12.99,15.68,17.89
05013,10.2,10.54,12.63,12.7,16.29,18.62,21.17
05015,15.9,19.29,18.56,19.73,22.15,23.62,26.35
05017,7.6,10.23,10.22,10.34,12.32,14.07,15.29
05019,6.7,7.75,8.73,9.66,14.5,17.88,21.22
05021,12.6,20.71,17.77,17.05,19.18,19.32,20.68
05023,10.4,11.91,13.26,14.74,18.89,21.43,25.36
05025,8.1,8.81,11.12,10.86,12.92,13.95,14.96
05027,10.1,11.42,11.84,10.82,13.45,14.28,15.62
05029,13.4,14.33,16.18,15.68,17.38,18.03,19.9
05031,9.8,13.0,12.2,13.66,18.24,21.17,24.81
05033,17.6,19.63,20.74,20.45,23.19,24.96,27.15
05035,9.2,11.58,12.29,17.83,26.01,34.13,41.38
05037,11.1,13.25,13.67,16.11,20.86,25.21,29.32
05039,6.6,7.62,8.38,8.89,12.56,15.04,17.69
05041,6.2,6.76,7.74,8.47,11.25,14.61,16.65
05043,11.3,11.69,13.64,15.43,19.37,22.71,26.03
05045,12.3,10.78,13.25,13.56,16.67,18.13,21.23
05047,15.9,15.65,20.78,21.46,24.5,26.87,30.26
05049,14.1,16.95,17.96,21.5,27.24,31.74,37.71
05051,25.1,26.04,25.69,33.29,43.92,53.3,63.32
05053,12.4,11.17,12.74,15.55,21.04,25.14,29.33
05055,14.2,17.99,17.9,15.79,16.61,15.96,16.12
05057,7.0,7.88,8.25,9.49,14.8,18.06,22.49
05059,10.6,11.34,13.11,19.51,28.87,36.69,45.01
05061,7.0,7.35,8.06,8.89,13.59,16.22,19.76
05063,11.1,12.16,13.69,14.66,18.17,20.61,23.98
05065,16.0,21.87,19.1,23.83,30.67,36.23,42.87
05067,10.9,13.17,15.43,14.09,15.4,15.55,16.64
05069,7.8,10.37,10.46,15.19,21.9,27.61,33.46
05071,12.1,14.08,14.37,18.01,24.37,29.67,36.31
05073,6.4,7.01,7.9,8.46,12.97,15.96,19.52
05075,12.2,13.4,13.39,15.64,20.84,24.27,29.06
05077,8.4,9.07,10.34,12.95,18.11,23.48,28.01
05079,10.1,11.0,12.39,18.9,27.48,35.39,42.83
05081,10.3,11.16,12.51,15.74,23.04,28.24,34.17
05083,16.5,16.23,20.53,20.12,22.54,24.02,26.68
05085,15.1,12.61,18.78,15.67,15.45,13.98,13.07
05087,8.3,8.68,11.48,10.59,12.24,12.47,14.04
05089,14.4,13.78,16.14,18.5,22.92,25.79,30.53
05091,7.9,7.57,7.66,8.45,13.01,15.86,19.27
05093,12.5,11.58,17.17,16.63,18.79,20.05,21.54
05095,6.7,7.32,8.27,8.98,12.79,16.47,19.62
05097,10.8,11.86,13.21,15.12,19.9,23.69,28.16
05099,7.3,7.65,9.37,9.24,12.94,14.81,17.47
05101,14.0,15.45,17.1,21.22,27.86,32.7,39.4
05103,8.9,10.01,12.21,11.67,14.61,16.33,18.27
05105,10.3,12.25,14.28,15.36,18.96,21.64,25.43
05107,7.2,7.34,9.1,8.88,10.93,13.28,14.63
05109,12.3,15.56,15.25,16.21,20.6,24.02,27.49
05111,16.0,18.17,19.84,21.21,25.87,28.85,32.37
05113,12.4,15.59,16.2,15.94,18.91,20.26,23.01
05115,10.6,10.2,13.43,12.41,13.84,14.2,15.63
05117,7.5,8.54,9.47,9.82,12.91,15.52,18.18
05119,13.8,12.43,14.79,17.82,23.42,27.69,32.73
05121,12.3,14.16,14.28,15.73,20.05,22.41,26.35
05123,7.4,7.21,8.15,9.4,13.13,17.18,20.54
05125,13.6,13.92,16.59,22.84,32.41,40.46,48.55
05127,15.0,17.2,20.64,18.84,19.87,19.47,20.41
05129,12.0,14.56,16.47,15.62,17.46,17.07,18.99
05131,13.6,16.03,19.79,16.57,16.57,15.12,14.36
05133,9.0,10.85,11.42,13.04,18.39,22.02,26.76
05135,17.2,18.76,20.39,24.07,30.25,34.68,40.67
05137,10.5,11.79,12.73,14.0,17.78,20.14,23.8
05139,11.8,10.18,13.61,13.95,17.24,20.0,22.52
05141,9.8,12.42,12.97,14.86,19.13,21.8,26.09
05143,8.6,8.88,8.78,8.86,11.69,12.92,15.18
05145,11.2,14.36,15.71,16.04,19.26,20.57,23.03
05147,10.9,12.0,13.42,15.15,19.67,23.03,26.78
05149,11.1,12.0,14.35,15.86,19.9,23.1,27.59
06001,10.4,11.98,10.53,8.76,6.1,2.31,-0.5
06003,17.1,18.66,21.05,22.52,23.35,24.94,26.35
06005,29.0,24.17,24.87,23.92,21.88,20.25,18.54
06007,32.3,29.59,32.52,24.56,14.79,5.46,-2.6
06009,18.6,20.87,20.91,21.21,20.32,19.64,18.97
06011,9.6,11.35,16.03,14.27,11.17,7.88,5.92
06013,11.4,10.27,10.79,10.68,9.21,7.36,5.95
06015,17.5,18.91,19.6,22.73,25.05,27.65,29.89
06017,24.0,21.61,22.97,20.03,16.02,11.99,7.76
06019,13.3,14.27,14.7,13.13,11.13,8.96,5.46
06021,22.0,18.78,20.55,19.27,16.59,14.2,12.51
06023,32.3,31.93,39.78,35.28,29.26,23.99,18.71
06025,14.2,19.8,19.21,14.21,6.52,-0.57,-6.9
06027,20.5,19.04,24.24,22.46,19.61,16.44,13.21
06029,24.2,24.17,23.46,25.8,28.3,29.68,31.08
06031,13.3,10.99,10.26,11.39,11.25,11.03,10.09
06033,49.9,48.2,38.09,46.25,52.71,58.91,66.49
06035,33.5,29.26,36.29,30.41,22.88,16.08,10.13
06037,7.4,7.3,8.14,9.19,9.69,9.99,9.62
06039,13.4,14.96,13.71,13.73,12.95,12.77,11.41
06041,9.2,9.72,14.65,15.54,14.15,12.46,11.94
06043,22.5,20.35,25.97,25.68,25.01,24.16,22.42
06045,26.8,22.01,31.07,30.89,28.83,27.2,25.77
06047,11.5,14.33,14.41,13.67,12.09,10.71,7.93
06049,25.4,23.28,27.55,32.39,36.87,41.7,46.6
06051,9.1,10.45,13.39,12.06,10.71,8.79,6.56
06053,11.4,11.21,12.51,11.53,9.61,6.29,3.86
06055,10.1,12.33,10.77,11.82,11.37,10.83,11.2
06057,19.3,19.45,19.68,20.52,20.07,19.87,20.12
06059,11.9,12.04,13.1,12.24,10.58,8.64,6.54
06061,10.5,12.11,13.05,12.14,10.1,8.56,7.17
06063,35.7,31.89,27.34,29.7,30.31,31.31,33.46
06065,14.1,14.38,14.85,17.1,17.69,18.39,19.16
06067,17.0,18.72,16.08,14.57,12.12,9.6,7.78
06069,9.7,10.83,9.99,13.44,15.88,17.63,19.57
06071,6.0,5.25,5.02,8.84,12.5,15.2,18.63
06073,12.9,12.92,13.21,14.53,14.89,14.51,14.54
06075,19.6,22.34,22.1,21.94,19.44,16.62,15.05
06077,16.9,16.49,15.17,19.03,21.9,24.72,27.59
06079,12.7,17.71,16.68,16.38,14.51,12.29,9.13
06081,9.0,9.44,7.73,10.04,10.65,10.79,11.72
06083,12.8,15.76,15.49,15.6,15.18,14.03,11.7
06085,7.2,7.39,7.65,8.35,7.32,5.91,5.11
06087,20.4,18.55,18.24,17.32,14.68,11.42,8.32
06089,23.2,20.34,23.57,22.4,19.75,17.33,16.1
06091,26.1,25.27,28.0,30.54,31.28,33.05,35.07
06093,17.4,24.95,29.34,22.67,15.24,7.52,0.81
06095,15.3,13.91,12.36,13.69,13.69,13.83,14.19
06097,14.9,15.89,13.25,14.9,14.49,14.55,15.15
06099,13.6,18.48,14.63,14.1,12.36,10.54,8.56
06101,10.1,11.92,13.38,13.12,11.88,10.73,11.13
06103,12.7,13.03,14.74,13.97,10.93,8.33,6.41
06105,19.6,22.0,27.84,25.3,20.63,17.23,13.51
06107,8.3,9.6,9.73,8.84,7.42,5.51,3.49
06109,30.3,34.32,30.69,29.24,26.79,24.54,21.92
06111,14.3,14.27,13.45,17.26,20.28,23.11,25.78
06113,11.2,13.06,14.11,12.91,10.88,8.72,7.12
06115,10.7,13.1,16.17,16.8,15.98,15.71,16.75
08001,0.0,-0.16,0.0,0.1,0.32,-1.12,-1.01
08003,23.7,22.23,22.57,25.71,28.85,32.9,36.5
08005,16.4,16.28,16.12,14.84,13.41,10.71,9.17
08007,11.9,13.49,15.39,17.34,20.26,23.66,27.28
08009,12.7,13.74,15.69,16.86,18.78,19.73,21.52
08011,16.8,18.98,21.85,22.16,23.14,23.94,25.23
08013,16.2,15.16,15.61,16.58,18.03,17.57,18.3
08014,0.0,-0.15,0.02,0.12,0.68,-0.76,-0.85
08015,16.6,17.14,19.77,19.93,20.48,20.45,21.46
08017,7.4,8.08,9.3,10.12,11.6,12.51,13.86
08019,12.7,13.6,14.81,16.58,18.27,18.92,20.46
08021,23.0,24.57,30.7,35.06,40.52,46.39,51.39
08023,25.9,25.18,28.41,30.01,32.55,35.48,37.78
08025,12.8,13.51,16.73,17.99,19.67,20.92,22.9
08027,16.7,19.32,22.23,22.09,22.2,22.84,22.9
08029,14.2,13.34,15.95,17.92,19.6,21.53,24.7
08031,20.5,18.59,19.29,21.36,23.43,23.98,25.79
08033,16.6,17.16,20.59,22.0,22.67,23.85,26.39
08035,7.7,7.58,10.59,9.95,9.35,7.38,6.56
08037,7.6,8.86,9.72,11.87,14.28,15.51,17.89
08039,9.9,11.1,13.85,13.34,13.22,11.95,12.12
08041,20.7,21.44,24.02,26.32,28.76,30.86,33.64
08043,16.5,19.59,27.68,26.42,25.46,24.5,23.66
08045,12.6,11.42,18.53,17.53,16.29,14.0,12.7
08047,13.8,13.31,14.9,16.22,17.45,17.46,18.19
08049,12.0,11.11,13.57,17.03,20.31,22.57,25.7
08051,10.1,12.0,13.04,13.87,14.74,15.62,17.33
08053,12.3,13.51,15.4,16.72,17.39,18.03,19.62
08055,38.2,37.3,47.36,44.26,41.52,39.31,37.15
08057,15.9,16.29,18.74,21.11,23.83,25.57,27.52
08059,0.0,-0.19,0.19,0.35,0.74,-0.5,-0.53
08061,9.7,10.67,12.23,13.09,14.88,16.45,18.17
08063,9.5,8.71,9.7,11.64,15.2,17.6,20.99
08065,13.4,16.17,16.63,18.61,20.69,21.86,24.44
08067,11.2,14.94,15.13,15.57,15.98,16.98,17.94
08069,16.4,15.28,13.48,15.51,17.38,17.81,19.25
08071,33.9,40.95,40.97,36.79,33.22,29.4,25.97
08073,11.1,11.38,13.66,13.88,14.77,14.76,14.87
08075,11.5,11.84,16.56,13.75,11.37,7.55,5.05
08077,14.7,20.17,18.44,24.5,30.61,35.92,43.01
08079,14.0,15.36,17.46,19.98,22.4,24.96,28.09
08081,15.0,16.19,18.58,19.32,19.7,19.28,19.69
08083,14.3,15.29,22.06,18.51,14.72,12.04,10.14
08085,11.3,10.61,13.75,17.25,20.73,23.86,29.09
08087,11.0,12.9,13.97,12.7,11.57,9.08,7.55
08089,21.6,17.93,21.01,21.22,22.46,22.92,23.91
08091,12.7,13.71,14.77,15.96,16.67,16.88,18.6
08093,13.5,13.92,18.54,21.07,24.33,25.95,29.65
08095,8.0,8.72,10.53,10.66,12.06,11.76,13.01
08097,12.7,12.54,13.91,16.21,18.43,20.33,23.01
08099,12.6,13.76,16.35,17.43,19.85,21.41,23.44
08101,26.2,27.54,25.58,29.8,34.24,38.48,43.06
08103,14.9,15.28,20.49,20.95,21.2,20.47,20.33
08105,22.5,24.2,29.65,35.19,40.81,47.32,53.66
08107,11.3,12.69,18.88,19.61,20.4,20.18,19.97
08109,14.2,17.17,17.92,18.88,20.5,22.08,23.97
08111,14.2,14.69,16.51,17.75,18.5,19.54,20.88
08113,10.1,11.55,12.61,13.36,13.52,13.97,15.48
08115,10.4,11.93,12.96,13.77,15.8,16.12,18.15
08117,9.5,11.79,11.75,12.35,12.95,12.26,13.13
08119,18.5,18.15,18.45,22.35,26.6,30.02,34.34
08121,7.8,8.53,9.77,10.26,10.92,9.96,10.65
08123,0.0,-0.03,-0.11,0.08,0.34,-1.19,-1.21
08125,4.6,5.26,5.87,6.16,7.34,6.72,7.74
09001,11.1,14.62,18.54,18.84,19.52,18.65,19.88
09003,17.8,22.7,29.06,33.87,39.59,43.42,48.54
09005,26.9,28.92,25.56,30.08,35.16,38.32,43.01
09007,20.3,23.75,28.33,29.22,30.32,29.79,30.43
09009,17.6,24.02,29.07,33.76,39.15,42.47,47.41
09011,21.1,26.58,33.93,33.37,32.96,31.09,30.06
09013,16.7,17.1,22.51,26.94,32.3,35.51,40.0
09015,25.5,27.84,30.26,34.73,39.82,43.31,48.08
10001,21.8,21.52,25.86,24.67,23.01,21.56,20.8
10003,20.2,21.36,28.28,40.19,51.95,63.37,76.28
10005,18.5,21.41,32.3,29.11,25.82,22.17,19.55
11001,15.1,18.05,33.06,40.06,47.19,53.81,61.94
12001,9.3,10.91,12.76,11.95,12.5,12.06,12.28
12003,19.4,23.5,22.68,25.02,27.75,29.84,33.33
12005,17.2,17.92,25.01,20.98,19.6,16.7,15.16
12007,19.2,20.74,22.13,25.21,29.19,32.74,37.14
12009,20.8,26.95,31.32,40.71,51.32,60.09,71.3
12011,12.2,15.18,27.2,28.56,31.54,31.65,34.33
12013,11.4,11.77,13.86,18.02,24.23,28.93,35.29
12015,8.3,9.16,10.11,9.31,9.55,7.54,8.06
12017,20.5,21.54,38.01,28.62,20.55,10.84,1.74
12019,16.1,21.57,31.83,28.24,25.51,22.45,20.19
12021,14.3,15.73,15.61,18.54,22.61,24.53,28.39
12023,18.2,18.24,17.72,23.02,29.04,34.24,40.37
12027,12.3,11.69,13.8,12.23,11.92,9.45,9.36
12029,23.3,27.19,32.86,31.34,31.5,29.4,29.15
12031,17.0,19.16,39.71,45.26,51.76,58.03,65.06
12033,14.0,18.59,15.86,18.36,22.02,25.39,28.65
12035,14.0,14.6,16.6,18.7,22.11,24.38,28.13
12037,20.1,21.74,25.42,27.46,31.39,33.63,37.2
12039,5.7,6.45,8.07,7.99,9.96,9.5,11.35
12041,11.8,13.57,14.05,17.33,21.85,24.86,29.23
12043,15.1,16.25,20.16,20.73,22.02,21.54,23.3
12045,15.1,17.21,17.9,23.33,30.67,36.8,44.39
12047,10.4,12.01,12.08,14.1,16.9,18.91,22.43
12049,9.9,11.67,13.05,13.22,14.03,12.93,14.09
12051,11.3,12.7,14.97,16.11,18.12,18.31,20.79
12053,17.7,19.47,24.07,22.58,22.25,20.02,19.47
12055,17.5,15.02,21.74,20.43,19.95,17.96,18.42
12057,12.7,13.7,17.01,16.77,17.28,16.11,16.74
12059,15.5,16.26,20.74,22.06,25.72,27.88,31.55
12061,18.5,16.92,21.98,18.83,16.41,12.29,10.72
12063,8.0,9.87,11.48,12.13,14.57,15.97,18.53
12065,9.8,10.67,14.09,15.99,18.88,19.96,22.94
12067,16.9,17.76,18.62,21.5,25.32,27.29,31.08
12069,12.9,14.69,15.01,22.07,30.08,37.0,44.73
12071,13.5,15.12,20.03,29.62,39.99,48.68,59.36
12073,6.6,6.7,9.11,9.42,11.19,10.3,11.98
12075,17.8,19.67,21.75,24.41,28.95,31.61,35.35
12077,9.3,9.57,10.93,13.29,17.51,19.55,23.98
12079,8.7,11.59,11.62,12.84,14.02,14.2,16.16
12081,25.7,37.97,43.89,36.75,30.67,22.35,16.27
12083,17.6,16.77,37.83,36.14,36.26,34.92,33.93
12085,15.7,18.4,25.01,26.22,28.7,30.09,32.92
12086,5.5,7.82,11.77,11.91,13.32,12.23,13.28
12087,19.4,26.32,35.69,28.5,23.5,16.57,11.13
12089,15.7,17.61,26.97,29.08,31.77,34.02,37.47
12091,12.9,21.15,21.7,20.77,22.55,23.46,24.72
12093,23.7,25.63,25.77,28.23,32.11,33.81,38.36
12095,14.1,15.29,16.66,17.86,19.71,20.71,22.97
12097,13.3,13.62,15.86,18.42,21.99,24.22,27.76
12099,17.2,22.24,39.08,41.46,45.39,47.4,50.75
12101,22.5,23.66,30.22,30.02,31.2,30.28,31.11
12103,20.7,21.29,27.06,26.2,26.03,23.97,23.47
12105,15.0,15.35,19.76,21.2,23.25,24.18,26.75
12107,13.5,12.11,18.01,20.77,24.07,27.02,30.09
12109,10.7,11.06,16.19,16.37,18.22,19.71,22.02
12111,16.6,17.95,30.32,27.96,26.55,23.96,22.96
12113,13.0,17.05,15.37,18.99,23.89,28.45,33.09
12115,15.1,23.49,23.31,29.01,35.59,40.17,47.26
12117,13.1,15.11,18.45,22.78,28.18,32.76,38.5
12119,9.1,12.04,14.36,12.41,11.64,9.19,7.39
12121,11.3,15.29,15.74,14.48,13.59,11.83,11.4
12123,12.1,13.86,17.11,19.23,22.49,23.33,26.36
12125,14.2,16.22,17.12,18.8,21.02,22.84,25.65
12127,15.8,19.3,22.06,26.48,32.2,36.86,42.82
12129,11.5,12.91,16.57,19.07,23.16,25.23,28.98
12131,11.7,15.88,17.5,18.38,21.36,22.99,25.73
12133,14.0,18.0,16.96,17.72,20.73,22.65,25.71
13001,12.2,11.9,14.34,13.71,13.49,13.31,13.79
13003,13.4,12.92,15.35,19.23,23.09,26.85,31.86
13005,13.0,12.23,14.41,15.83,17.35,18.86,21.35
13007,7.3,8.5,9.08,9.86,11.89,12.67,14.47
13009,7.6,6.98,7.23,9.28,11.35,13.78,16.62
13011,15.3,17.21,19.39,22.22,26.29,29.69,33.4
13013,16.3,15.53,17.34,20.3,24.61,28.38,32.49
13015,17.3,19.16,20.38,22.92,26.79,30.25,33.32
13017,7.3,7.96,9.03,10.1,11.64,12.93,15.06
13019,7.4,8.08,9.93,10.47,11.13,11.3,12.72
13021,9.4,10.69,11.73,13.56,16.31,19.02,22.17
13023,9.7,11.82,12.24,13.54,15.28,17.55,20.05
13025,17.6,21.23,25.61,26.0,26.71,26.94,28.23
13027,6.7,7.23,8.24,8.4,9.05,8.44,9.64
13029,8.0,9.79,10.28,13.28,17.28,20.88,25.24
13031,5.5,6.19,6.95,7.98,9.7,11.52,13.5
13033,9.3,11.78,13.28,13.68,14.88,16.24,17.56
13035,17.1,20.76,20.64,22.36,24.58,26.77,29.09
13037,5.3,6.22,7.14,7.27,8.5,8.58,9.57
13039,10.2,12.99,14.69,13.98,13.57,13.45,14.01
13043,7.8,8.09,9.43,10.37,11.73,12.99,14.57
13045,19.1,18.95,24.39,27.26,30.95,34.78,38.01
13047,20.0,20.17,26.99,30.57,36.38,40.82,45.15
13049,11.0,13.25,14.5,20.53,26.54,32.53,39.41
13051,9.5,10.51,12.35,13.89,16.06,17.91,20.55
13053,8.3,8.07,9.06,10.25,13.22,15.36,17.49
13055,17.1,19.26,23.24,24.84,27.51,29.44,31.14
13057,15.9,19.11,19.66,17.32,15.9,14.32,12.98
13059,9.4,9.84,11.97,12.27,14.23,15.46,17.48
13061,8.5,9.72,11.15,11.48,14.15,15.01,16.65
13063,7.9,9.47,9.54,11.82,14.97,18.32,21.11
13065,8.0,8.36,10.34,10.96,11.63,12.19,13.77
13067,16.0,14.97,16.68,18.42,21.32,24.39,27.0
13069,14.1,14.72,16.69,19.51,22.47,25.35,29.43
13071,8.9,9.69,9.36,10.48,12.24,13.16,15.45
13073,11.9,12.75,13.78,15.85,18.91,21.84,24.59
13075,9.3,10.57,10.51,11.34,12.3,12.78,14.46
13077,10.5,11.75,12.67,15.43,19.29,23.23,26.3
13079,12.7,13.26,17.5,18.71,20.19,22.06,24.01
13081,6.5,6.44,7.52,8.78,10.46,11.97,13.99
13083,13.9,13.62,14.71,18.92,25.05,29.71,34.64
13085,16.9,20.46,21.43,23.48,26.77,29.6,32.66
13087,7.4,8.41,9.57,9.43,11.14,10.66,12.23
13089,8.1,10.14,10.37,10.33,11.26,12.3,12.88
13091,11.7,14.46,16.44,17.63,19.29,21.55,23.72
13093,5.7,5.91,6.98,7.38,7.96,8.49,9.33
13095,6.4,7.61,9.47,9.39,10.12,10.41,11.48
13097,16.3,13.89,19.33,17.96,17.51,17.02,16.12
13099,6.1,6.72,8.41,8.78,11.14,11.79,13.73
13101,8.8,10.15,10.96,12.4,13.99,15.26,17.7
13103,8.3,9.04,10.51,14.1,18.89,23.62,28.43
13105,16.4,17.49,17.13,19.78,23.88,27.59,31.55
13107,7.1,7.25,7.92,9.06,10.84,12.32,14.05
13109,6.9,7.18,8.43,9.34,11.04,12.3,14.39
13111,22.5,22.04,27.13,28.76,32.2,34.87,37.89
13113,10.8,11.72,10.34,12.81,16.3,19.66,22.51
13115,13.2,14.97,18.3,17.0,17.31,16.58,15.89
13117,12.9,14.71,11.84,13.39,16.36,18.81,21.32
13119,24.1,25.36,25.91,25.98,27.52,28.1,29.61
13121,14.0,14.61,15.82,15.98,17.3,18.9,20.04
13123,17.4,16.84,20.95,25.97,32.47,38.69,44.8
13125,10.7,11.65,13.2,14.26,15.88,17.3,18.91
13127,12.0,13.3,16.29,18.69,21.5,23.96,27.4
13129,13.9,12.34,16.72,17.1,18.95,19.88,20.7
13131,5.3,6.02,6.56,7.71,10.0,10.08,12.55
13133,8.7,10.34,10.81,12.13,14.72,16.95,19.77
13135,7.0,10.43,9.28,10.24,12.89,14.75,16.9
13137,10.1,11.27,15.95,14.87,15.19,15.01,15.29
13139,12.9,13.46,15.68,17.47,20.71,23.23,26.1
13141,6.2,6.83,7.69,8.75,10.43,12.34,14.5
13143,26.7,30.06,33.18,30.7,29.28,27.33,25.31
13145,8.6,9.63,13.15,11.55,11.91,12.3,12.34
13147,12.3,13.12,13.84,14.33,16.43,17.99,20.02
13149,13.1,13.56,17.51,18.51,20.5,22.53,23.8
13151,13.8,13.56,16.46,14.77,13.75,12.55,10.89
13153,8.6,10.55,10.64,14.15,18.1,22.36,26.73
13155,8.1,8.94,10.1,10.87,12.23,13.21,14.73
13157,16.7,21.2,20.72,21.59,24.15,25.91,28.24
13159,11.3,11.81,12.87,16.12,19.92,23.56,27.6
13161,18.5,18.09,24.84,24.09,23.99,23.92,24.54
13163,8.2,9.41,10.8,11.44,12.72,13.42,14.36
13165,7.2,7.82,9.28,9.5,10.95,12.69,13.95
13167,8.1,8.47,9.98,10.05,10.92,11.5,12.89
13169,13.4,12.71,12.58,15.71,19.32,23.29,27.73
13171,13.4,17.31,17.24,18.93,21.12,24.06,26.36
13173,7.0,7.19,8.62,9.21,10.23,10.67,12.42
13175,10.4,12.04,14.56,14.4,14.56,14.9,15.97
13177,7.2,8.56,9.37,10.94,13.61,15.55,18.15
13179,9.1,9.62,10.08,12.02,14.7,16.76,19.94
13181,10.8,12.29,14.05,16.01,19.46,22.38,25.06
13183,10.2,11.09,11.9,14.19,17.0,19.52,23.09
13185,6.0,6.52,8.56,7.65,7.36,6.24,6.64
13187,13.6,15.91,20.66,24.4,29.51,34.48,39.41
13189,9.7,10.17,11.72,13.81,16.84,19.67,22.23
13191,12.9,14.08,17.4,16.47,15.74,15.16,15.42
13193,5.9,6.78,7.75,8.11,8.69,9.72,10.44
13195,24.9,19.29,20.13,23.57,28.94,33.25,38.4
13197,7.2,7.42,8.86,9.13,10.74,12.22,13.4
13199,13.2,14.96,13.3,15.04,18.05,21.23,23.67
13201,9.2,9.46,10.71,11.59,14.04,15.0,17.48
13205,7.3,8.73,8.2,9.85,12.31,13.83,16.47
13207,11.8,12.97,14.11,15.23,16.8,18.76,21.0
13209,9.0,9.79,10.55,12.45,15.11,17.13,19.5
13211,11.5,10.38,11.12,13.22,16.14,18.47,21.61
13213,24.4,23.82,23.67,26.18,30.06,33.25,35.99
13215,10.5,9.25,10.0,11.94,15.72,19.21,22.48
13217,10.3,11.95,13.74,14.72,17.06,18.85,20.86
13219,10.2,10.11,9.89,11.34,13.92,16.17,19.22
13221,11.5,12.63,13.36,15.73,20.03,23.47,27.55
13223,19.5,17.13,20.42,17.64,15.75,13.85,11.96
13225,9.3,12.01,12.79,13.69,15.15,16.97,18.81
13227,15.8,14.99,17.52,21.66,27.28,32.74,37.58
13229,19.2,15.35,19.27,18.35,17.55,16.4,16.28
13231,8.6,10.12,10.24,11.79,14.2,17.14,19.44
13233,18.1,21.31,22.89,23.97,26.59,28.42,30.26
13235,8.1,9.03,10.44,12.55,15.09,17.67,20.48
13237,8.7,10.31,11.16,12.74,15.0,17.13,19.71
13239,7.7,8.41,9.54,10.2,13.14,14.95,16.93
13241,23.2,23.78,25.27,29.75,35.58,41.02,46.91
13243,4.7,5.24,6.04,6.7,9.24,10.39,12.13
13245,14.3,19.92,22.34,25.91,30.02,34.2,38.52
13247,12.7,13.57,16.32,15.26,15.32,14.84,14.48
13249,5.8,6.35,7.24,7.85,9.25,10.39,11.64
13251,7.0,7.66,8.6,9.26,11.35,13.48,15.42
13253,10.4,10.19,11.39,14.18,18.7,21.93,26.73
13255,14.2,17.78,17.1,17.73,19.06,20.32,21.11
13257,19.6,20.06,21.89,20.7,21.36,21.23,21.85
13259,6.3,7.26,8.73,8.53,10.55,11.65,12.54
13261,5.2,5.41,6.05,6.71,8.31,9.86,11.51
13263,9.7,10.99,12.09,12.91,14.85,16.86,18.25
13265,9.0,9.87,11.16,12.22,14.48,16.47,18.48
13267,12.2,14.14,16.11,17.97,20.4,22.55,25.35
13269,10.6,10.39,11.78,13.82,16.63,19.4,21.72
13271,8.5,8.9,11.0,12.28,14.19,16.24,18.88
13273,4.7,5.21,5.86,6.26,7.98,9.0,10.3
13275,6.2,5.87,6.88,7.92,9.77,10.12,12.48
13277,5.7,7.86,8.99,8.45,8.1,7.7,7.7
13279,11.9,12.24,11.96,14.19,16.8,18.8,21.63
13281,20.0,19.58,23.26,24.31,26.94,28.93,31.24
13283,6.4,7.07,8.38,8.75,9.73,10.43,11.87
13285,13.5,15.69,15.29,16.13,18.29,20.76,22.29
13287,8.7,9.54,10.23,10.63,11.89,12.35,13.61
13289,9.7,10.68,13.0,14.05,15.03,16.41,18.4
13291,14.7,16.96,20.77,20.05,21.13,21.52,22.29
13293,13.7,13.67,14.04,15.62,18.05,20.63,22.5
13295,16.7,15.46,19.01,22.95,28.83,33.26,37.83
13297,15.3,17.75,17.75,17.43,18.51,18.58,19.47
13299,24.9,16.44,17.55,18.78,20.17,21.09,23.14
13301,8.9,9.71,11.04,12.04,13.78,15.44,17.13
13303,6.7,7.24,8.69,8.06,8.36,8.26,8.56
13305,19.0,21.02,24.04,23.71,24.05,23.66,24.32
13307,5.7,6.46,7.54,7.65,9.52,10.65,11.6
13309,8.3,10.44,10.76,11.78,13.39,14.64,16.3
13311,17.7,18.18,21.03,19.7,19.53,19.17,18.87
13313,12.5,13.23,14.48,17.54,22.29,25.85,29.49
13315,6.7,7.77,9.34,9.28,9.75,10.24,11.33
13317,11.5,12.5,14.1,16.08,19.58,22.55,25.63
13319,9.2,9.88,10.73,12.14,13.71,15.71,18.21
13321,8.5,10.22,12.5,10.91,9.74,8.31,7.85
15001,11.2,11.55,12.4,12.71,14.53,15.81,15.69
15003,10.6,12.28,14.22,15.12,15.24,14.59,14.35
15005,15.1,16.38,18.77,20.39,21.73,22.19,22.75
15007,11.2,11.91,13.99,14.01,14.07,13.72,14.01
15009,13.4,11.97,12.5,14.47,16.0,17.04,17.8
16001,15.5,11.79,15.29,15.54,16.39,15.68,15.1
16003,9.3,10.29,11.48,12.9,14.29,14.52,14.21
16005,25.2,18.77,23.93,25.05,26.66,26.99,27.03
16007,14.3,16.39,19.72,19.12,18.82,17.97,16.25
16009,12.8,16.54,16.96,17.03,16.37,14.84,11.63
16011,13.0,10.2,12.66,11.55,11.14,9.16,6.97
16013,9.3,9.98,11.88,13.93,16.65,18.27,19.96
16015,13.9,13.49,17.07,17.07,18.28,18.55,17.88
16017,9.1,11.3,11.94,13.62,14.58,14.15,13.2
16019,18.9,21.62,22.59,18.88,15.42,10.41,5.77
16021,14.5,14.99,15.74,17.63,20.05,20.0,19.89
16023,9.7,10.01,12.01,12.27,12.69,11.97,11.08
16025,9.3,10.21,11.67,12.58,14.73,14.89,15.51
16027,12.1,10.03,9.52,9.76,10.43,9.83,8.71
16029,10.3,10.99,12.94,14.99,17.64,19.57,20.93
16031,8.5,10.35,10.27,11.42,12.74,12.93,12.88
16033,9.7,10.62,12.89,13.94,15.02,14.63,15.29
16035,8.2,9.49,10.87,11.75,11.57,10.71,7.76
16037,11.0,11.41,12.82,14.61,16.77,18.24,20.2
16039,9.5,10.21,11.5,13.99,17.52,19.73,22.52
16041,11.0,11.86,14.25,13.67,12.9,11.62,10.13
16043,7.7,8.82,10.57,11.31,12.66,13.01,14.1
16045,14.4,16.81,21.16,19.55,18.41,15.77,11.96
16047,7.5,9.71,10.5,11.08,11.98,11.83,12.31
16049,9.5,11.48,11.77,14.42,16.7,17.87,17.76
16051,6.1,7.36,8.29,7.99,7.86,6.38,5.38
16053,7.5,9.22,9.77,10.07,10.75,9.84,9.95
16055,9.8,13.37,14.15,14.39,13.52,11.72,8.57
16057,8.0,9.27,10.62,12.29,13.59,14.13,12.15
16059,10.9,13.29,12.86,13.58,14.66,14.2,14.59
16061,9.6,10.65,12.66,13.2,13.05,12.18,9.7
16063,8.8,10.23,11.48,11.81,12.31,11.56,11.5
16065,4.1,4.63,4.78,5.09,5.5,4.78,4.72
16067,11.6,13.25,12.79,13.49,14.24,14.11,13.5
16069,12.1,13.99,16.77,19.72,22.19,24.34,24.22
16071,10.1,11.0,12.69,13.25,13.99,13.75,13.53
16073,11.3,13.24,12.48,13.11,14.43,14.65,14.83
16075,11.7,16.51,20.53,16.21,11.81,6.12,-0.81
16077,9.7,11.19,12.23,12.81,14.0,13.98,13.8
16079,16.5,18.93,22.07,27.44,32.74,36.59,38.55
16081,8.3,8.53,9.57,10.78,12.77,12.89,13.77
16083,10.6,16.56,18.11,17.46,17.15,15.64,14.68
16085,12.7,15.24,16.46,15.1,14.08,11.86,9.08
16087,7.5,8.37,9.47,10.75,11.63,11.44,10.49
17001,11.9,16.21,15.13,13.52,13.87,12.61,13.53
17003,8.4,8.85,10.63,10.65,11.57,11.14,12.43
17005,12.0,15.7,15.19,16.52,18.76,19.59,21.19
17007,14.9,13.46,15.29,18.63,21.26,23.32,25.87
17009,6.5,7.07,8.44,8.55,10.72,11.23,13.05
17011,12.6,18.06,16.97,16.57,15.9,14.59,14.11
17013,11.9,14.03,15.76,18.53,21.78,24.27,27.82
17015,7.9,10.11,10.13,9.91,9.79,8.31,7.86
17017,8.1,8.71,9.02,9.5,10.77,10.95,12.62
17019,13.8,14.51,13.07,16.21,19.17,19.98,22.72
17021,14.9,16.8,19.08,19.09,19.53,18.41,18.46
17023,13.8,14.22,15.91,17.33,19.48,19.38,20.87
17025,8.8,11.45,11.15,11.74,12.3,11.53,12.17
17027,7.3,8.08,10.91,12.07,13.87,15.11,16.93
17029,8.5,10.28,11.99,11.99,12.22,10.62,10.29
17031,11.9,13.2,20.68,23.76,25.94,27.07,28.38
17033,11.6,11.38,12.83,13.9,15.11,14.4,15.37
17035,6.8,7.93,9.08,9.33,10.12,9.26,9.68
17037,8.9,9.03,13.46,15.67,17.24,17.93,19.24
17039,14.1,19.38,21.02,21.74,22.05,20.45,21.14
17041,7.8,8.92,10.08,11.91,13.85,13.62,15.54
17043,9.9,11.69,14.81,16.14,16.71,16.74,16.78
17045,11.0,13.24,14.4,14.18,14.11,12.08,11.72
17047,12.4,13.43,16.05,17.4,19.11,19.29,20.63
17049,9.1,11.33,11.2,15.67,20.36,23.67,28.24
17051,11.9,14.99,17.52,19.79,22.72,24.08,26.22
17053,11.0,11.42,12.22,15.03,17.24,17.79,19.56
17055,25.1,24.53,28.55,32.4,36.29,39.02,43.92
17057,10.4,12.8,14.83,17.05,19.95,20.93,23.34
17059,17.9,16.62,21.44,20.51,19.82,17.78,17.36
17061,13.9,15.18,16.97,20.39,24.78,28.17,32.3
17063,15.6,17.92,23.94,19.05,13.57,7.57,1.68
17065,8.8,9.68,12.24,12.99,13.36,12.74,13.64
17067,7.4,8.17,8.79,9.16,11.79,12.23,14.33
17069,18.5,19.98,23.92,24.62,25.53,25.73,27.83
17071,7.4,8.62,9.18,10.74,13.86,14.59,16.75
17073,8.4,8.86,9.39,9.84,10.24,9.56,10.16
17075,16.5,18.22,21.36,20.35,18.83,15.75,14.29
17077,14.3,14.64,18.34,18.17,17.48,15.14,15.59
17079,9.6,10.44,12.89,13.03,12.95,11.32,11.1
17081,12.3,18.22,17.55,19.08,20.78,21.71,23.75
17083,19.5,23.44,23.84,37.88,52.11,65.48,79.82
17085,8.4,8.2,9.7,10.25,11.28,10.68,10.54
17087,13.1,11.41,13.8,14.61,15.51,15.3,17.55
17089,8.5,8.24,11.93,15.74,18.9,21.78,24.49
17091,18.7,16.67,18.65,26.06,33.16,39.33,46.11
17093,9.3,9.69,16.43,14.28,11.51,8.33,5.48
17095,13.5,13.36,13.08,16.33,20.14,22.34,25.77
17097,11.6,10.97,13.66,14.65,14.87,14.04,13.83
17099,18.3,23.87,21.85,30.06,37.79,44.36,51.63
17101,13.9,14.93,16.92,16.95,17.02,15.31,15.22
17103,14.8,15.1,15.5,15.95,16.75,16.66,17.15
17105,15.0,18.95,23.57,25.26,26.89,27.26,28.84
17107,11.1,14.58,15.43,16.13,16.5,15.63,16.6
17109,6.2,5.98,7.86,7.9,9.09,8.37,9.37
17111,12.8,14.33,17.76,24.49,30.59,35.94,41.74
17113,12.7,13.48,14.19,17.64,21.06,22.9,26.28
17115,11.3,14.16,16.05,16.77,17.82,17.3,18.56
17117,11.8,14.9,17.19,16.54,16.83,16.21,16.37
17119,31.0,27.79,28.52,34.99,41.44,47.14,54.03
17121,20.8,23.23,25.67,25.52,25.96,25.17,25.35
17123,9.7,11.82,12.8,13.34,13.65,12.82,13.1
17125,10.6,12.84,12.47,14.77,17.47,18.65,21.27
17127,16.6,16.48,22.46,23.6,25.52,26.44,28.85
17129,12.4,14.37,14.11,16.23,18.74,20.64,23.41
17131,7.9,9.06,10.71,12.97,15.93,16.61,18.98
17133,10.8,9.68,16.98,14.17,11.85,8.29,6.16
17135,13.3,15.15,18.74,19.47,21.45,21.92,23.21
17137,15.3,12.92,13.47,12.38,12.21,10.17,9.76
17139,6.2,7.24,7.88,8.82,9.72,9.09,10.0
17141,13.0,9.97,16.19,15.68,15.08,13.71,13.11
17143,15.7,19.24,19.27,28.91,37.82,45.55,54.85
17145,14.9,14.06,20.1,16.91,13.53,9.02,6.42
17147,8.2,8.76,10.89,12.19,13.09,11.66,12.51
17149,9.6,9.97,12.85,13.25,15.61,16.74,19.1
17151,16.6,17.68,18.83,19.56,20.69,21.12,23.21
17153,11.3,11.55,13.39,14.83,17.49,18.67,21.78
17155,14.9,16.79,18.92,21.85,24.8,26.77,29.89
17157,15.2,16.05,19.15,15.69,12.07,7.39,4.66
17159,9.0,9.8,10.08,11.02,11.54,10.63,11.31
17161,9.8,10.55,11.43,13.94,16.59,17.52,19.83
17163,17.3,13.93,17.5,24.0,30.89,37.01,44.23
17165,24.7,24.92,26.9,29.0,30.93,31.62,34.61
17167,16.5,19.8,17.39,23.09,28.72,33.6,39.59
17169,6.7,7.72,8.48,9.45,11.59,12.24,13.99
17171,8.9,9.48,11.58,11.87,13.17,13.0,14.15
17173,10.3,10.39,11.33,13.82,17.2,18.58,21.45
17175,10.1,11.27,13.72,14.72,15.74,15.41,16.82
17177,11.7,14.16,13.31,13.78,14.18,12.93,12.83
17179,15.1,16.06,17.38,23.24,28.3,32.41,38.12
17181,13.1,12.6,16.64,19.17,21.84,22.85,26.67
17183,18.7,19.11,25.04,28.19,30.83,31.46,34.29
17185,10.4,11.33,14.76,14.31,14.3,12.69,12.42
17187,6.5,6.75,7.53,8.34,10.45,10.63,12.23
17189,11.6,14.57,16.27,15.33,14.41,12.94,12.38
17191,8.6,10.11,10.03,10.26,10.57,9.88,9.91
17193,11.7,11.96,13.73,18.26,22.86,26.4,30.95
17195,13.5,13.97,11.5,12.52,13.52,13.66,14.46
17197,12.9,14.66,19.06,21.13,22.21,22.93,24.06
17199,20.3,16.25,20.97,21.72,22.29,21.48,23.54
17201,28.2,31.78,36.78,38.49,39.4,39.99,40.85
17203,11.5,10.63,12.2,12.27,11.96,9.89,9.8
18001,10.7,11.02,12.3,14.96,17.68,19.61,22.33
18003,13.9,16.22,18.99,23.05,26.36,28.71,32.21
18005,15.7,14.8,18.69,32.75,48.15,61.69,76.39
18007,14.8,14.46,16.28,16.01,15.15,12.92,12.48
18009,24.0,31.44,36.3,37.74,38.13,38.1,38.95
18011,12.5,15.9,24.18,20.31,15.96,10.17,5.4
18013,15.8,19.86,19.82,22.28,25.52,27.8,30.83
18015,11.5,13.7,14.5,15.85,15.58,14.7,14.62
18017,9.0,11.13,11.01,12.33,11.97,11.46,11.28
18019,23.7,24.29,34.36,34.1,35.55,35.01,35.53
18021,12.5,13.93,17.19,17.57,17.88,16.75,17.73
18023,17.0,17.06,18.36,21.65,24.13,25.76,28.01
18025,15.5,16.02,22.06,21.39,21.91,20.89,21.04
18027,8.8,9.02,11.94,13.57,16.15,17.18,19.11
18029,26.1,30.06,31.23,32.99,35.93,37.3,39.21
18031,17.4,18.73,21.86,27.47,33.99,38.03,43.44
18033,10.8,14.04,13.99,14.75,14.72,13.97,14.33
18035,27.9,29.29,31.94,40.81,49.19,56.7,65.09
18037,9.0,8.48,11.18,9.36,8.08,5.88,4.37
18039,10.9,11.39,12.13,16.21,19.57,22.07,25.44
18041,47.0,46.66,54.73,65.8,77.67,88.04,99.46
18043,23.8,23.21,30.25,32.39,36.22,38.5,41.66
18045,14.4,14.07,17.47,18.2,18.13,17.1,17.62
18047,21.4,24.22,30.92,28.9,28.31,25.66,24.25
18049,13.5,14.82,18.68,18.43,16.64,14.69,13.1
18051,9.1,9.83,10.37,13.1,16.41,18.58,22.06
18053,20.5,34.5,30.2,37.05,42.9,48.04,54.08
18055,18.3,17.77,16.3,22.42,28.96,34.26,40.88
18057,9.1,10.66,12.2,14.07,15.81,16.24,17.16
18059,23.0,23.15,20.02,20.48,21.32,20.89,21.08
18061,14.9,17.55,25.91,21.64,18.57,14.08,10.78
18063,13.5,11.29,17.15,18.72,20.05,19.99,21.55
18065,25.3,23.64,23.36,29.97,36.93,42.28,49.14
18067,24.4,33.22,27.2,40.87,53.44,65.38,77.63
18069,15.4,17.67,20.33,17.52,13.65,9.19,5.9
18071,26.8,24.97,27.25,34.01,42.62,48.7,56.2
18073,12.7,14.83,20.0,20.92,20.75,19.61,19.0
18075,17.6,18.98,23.22,37.99,52.21,66.41,81.55
18077,14.9,17.25,18.51,20.85,25.4,27.23,30.39
18079,25.4,27.8,30.17,36.32,44.06,49.14,55.65
18081,16.4,16.83,22.55,23.17,24.65,24.95,25.92
18083,11.8,12.62,16.61,15.34,14.7,12.29,11.45
18085,9.8,11.95,14.16,19.63,23.84,27.65,31.87
18087,5.8,5.46,6.15,6.88,6.69,5.86,5.81
18089,10.9,12.79,20.47,29.88,38.51,45.89,54.11
18091,17.3,16.09,23.08,25.03,26.35,26.34,27.3
18093,15.3,12.83,13.79,15.91,19.38,21.29,24.48
18095,25.9,27.8,30.91,38.35,45.24,51.01,57.6
18097,25.9,26.55,32.68,36.83,41.42,44.16,48.15
18099,10.8,11.93,13.82,18.39,22.15,24.98,28.87
18101,10.1,11.25,12.6,14.82,17.78,19.62,22.58
18103,11.4,16.51,17.01,17.99,17.73,17.02,16.69
18105,19.0,15.75,18.23,20.07,22.45,23.8,25.97
18107,19.6,17.2,21.42,28.47,34.65,39.79,46.09
18109,24.4,25.81,28.12,26.27,24.67,22.28,20.4
18111,16.8,18.9,24.84,20.79,15.8,9.86,4.81
18113,10.2,10.17,12.2,12.47,12.11,10.8,10.39
18115,21.2,25.16,26.3,28.29,31.23,32.99,35.14
18117,9.7,9.82,11.9,13.35,15.78,16.6,18.78
18119,13.8,13.95,16.33,18.39,20.69,21.91,24.45
18121,11.7,12.59,13.15,14.28,15.08,14.45,15.78
18123,9.5,11.32,14.65,15.79,18.22,19.12,21.39
18125,8.9,9.61,11.73,11.89,12.26,11.68,11.81
18127,22.7,21.61,27.1,27.57,27.13,25.5,25.19
18129,11.2,12.03,14.21,16.99,20.46,22.66,25.93
18131,22.6,24.43,28.57,29.81,29.87,28.66,28.37
18133,13.5,13.23,13.89,13.08,11.9,9.45,9.2
18135,24.5,22.81,30.68,42.86,54.51,65.69,77.76
18137,17.4,24.55,26.21,30.25,35.86,39.22,43.53
18139,15.8,15.4,22.44,27.9,33.73,38.09,43.83
18141,13.6,18.6,20.79,24.33,27.2,29.11,31.61
18143,36.0,39.11,62.7,54.92,48.95,41.0,34.18
18145,18.7,17.74,19.52,24.29,29.96,34.37,39.49
18147,7.9,8.24,10.8,10.15,10.44,9.73,9.51
18149,32.1,36.35,40.38,51.08,60.33,68.64,78.06
18151,8.9,8.61,10.29,9.81,8.85,6.43,5.41
18153,21.4,20.88,23.94,22.78,21.77,18.94,17.54
18155,23.2,23.43,29.84,32.04,35.6,37.48,39.71
18157,14.3,16.28,17.29,15.73,12.83,9.29,6.69
18159,18.4,21.72,23.73,22.71,21.01,18.14,16.2
18161,27.8,30.56,33.63,43.57,54.52,63.93,74.42
18163,21.6,23.73,26.31,33.54,41.63,48.12,56.18
18165,14.9,16.72,18.15,24.72,30.83,35.75,42.54
18167,15.4,16.15,20.29,18.96,17.41,14.35,13.22
18169,17.7,20.24,23.3,30.41,36.33,41.76,48.27
18171,11.9,12.71,15.57,16.55,16.75,15.34,15.75
18173,8.3,8.4,9.25,11.69,14.49,16.04,18.97
18175,21.8,23.06,24.25,27.95,33.23,36.48,41.48
18177,30.0,39.36,48.06,78.37,109.0,138.48,168.69
18179,14.8,16.91,16.62,16.56,15.81,14.44,14.08
18181,18.4,17.59,19.04,20.6,20.87,20.09,19.87
18183,8.9,9.7,10.46,11.02,10.97,10.31,10.33
19001,7.4,7.71,8.66,10.35,11.95,12.53,13.53
19003,7.8,9.02,10.36,11.22,12.46,12.47,12.74
19005,6.3,6.46,8.97,8.13,8.01,6.77,4.84
19007,11.2,11.5,12.77,14.54,17.95,19.52,22.5
19009,5.1,5.86,7.14,7.08,6.84,5.17,3.95
19011,4.6,5.26,6.24,6.4,7.47,5.98,6.0
19013,6.5,6.7,9.56,9.85,10.64,9.97,9.49
19015,6.7,7.29,8.06,8.75,8.68,8.1,7.55
19017,5.0,5.96,6.63,7.03,7.77,7.15,6.51
19019,5.9,6.65,7.74,10.08,13.06,14.35,16.28
19021,4.2,4.34,5.41,5.74,5.32,3.75,2.34
19023,4.6,5.28,6.45,6.58,6.73,5.87,4.72
19025,4.9,5.37,6.84,7.11,6.92,5.66,4.45
19027,5.3,5.82,7.63,8.0,7.92,6.97,6.14
19029,6.7,8.12,8.45,9.44,10.31,10.26,11.07
19031,5.5,6.5,7.18,7.2,8.01,6.85,7.36
19033,11.7,10.6,12.08,13.12,13.77,13.5,13.13
19035,3.6,4.22,4.56,4.86,4.88,3.59,2.78
19037,4.3,5.01,5.52,6.08,7.23,7.17,6.99
19039,8.6,8.39,9.54,11.24,13.24,13.84,15.04
19041,3.8,4.35,4.72,5.4,5.29,4.53,3.37
19043,7.5,6.71,7.37,8.51,10.47,10.91,11.43
19045,8.3,10.73,10.4,11.0,11.75,11.08,11.07
19047,5.2,5.44,5.79,6.74,7.2,6.73,6.73
19049,5.3,5.67,6.72,7.17,7.7,7.58,7.75
19051,5.6,5.79,6.53,7.24,9.22,9.2,10.78
19053,7.3,7.82,10.12,10.54,11.0,10.38,9.51
19055,5.0,5.71,6.59,6.49,7.19,6.48,6.46
19057,9.5,12.71,13.28,12.93,14.87,14.03,14.71
19059,4.5,5.39,5.66,6.54,7.42,7.48,6.84
19061,7.4,8.05,10.41,9.3,8.84,7.18,5.54
19063,3.7,3.83,4.79,4.81,4.51,3.54,2.21
19065,5.3,5.47,6.49,6.68,8.11,7.59,7.44
19067,3.9,4.43,5.15,5.49,6.08,5.8,5.13
19069,4.0,4.59,5.35,5.4,5.1,4.26,2.91
19071,8.6,9.48,9.97,11.92,13.54,14.83,17.03
19073,6.0,6.52,7.53,8.36,8.89,8.14,7.96
19075,5.8,6.26,6.51,7.26,8.23,8.0,7.91
19077,5.3,5.76,6.29,7.02,7.83,7.52,7.56
19079,5.0,6.12,6.4,7.02,7.2,6.71,5.68
19081,3.5,4.02,4.5,4.78,4.99,4.36,3.21
19083,4.6,5.25,5.87,6.08,6.3,5.93,5.29
19085,8.5,8.7,10.39,10.67,10.41,9.75,9.55
19087,6.7,8.12,7.63,8.23,10.8,10.32,11.84
19089,3.2,3.57,3.97,4.32,5.12,5.06,4.74
19091,4.9,4.79,5.44,6.13,6.51,6.52,5.98
19093,5.1,6.16,6.34,6.85,6.53,6.21,5.78
19095,5.3,6.2,6.56,7.43,9.07,7.66,8.62
19097,10.4,9.38,9.6,10.5,11.94,11.54,12.25
19099,10.6,11.98,11.73,13.82,16.91,17.69,19.24
19101,9.1,8.6,10.25,11.64,14.72,14.56,17.18
19103,10.3,6.97,8.45,9.06,10.36,8.91,9.41
19105,5.4,5.88,6.59,6.79,7.72,6.91,7.31
19107,5.6,6.06,6.67,7.36,9.87,9.31,11.21
19109,3.5,3.92,4.3,4.87,5.46,5.35,4.67
19111,10.2,12.1,15.12,11.92,10.92,7.5,6.03
19113,12.5,12.73,11.04,14.23,18.32,19.73,22.75
19115,8.0,8.37,8.71,10.25,13.22,13.45,15.67
19117,8.2,9.03,10.22,12.82,16.06,17.97,20.87
19119,3.8,4.36,4.82,4.96,4.85,3.68,2.74
19121,6.4,7.28,8.78,8.65,8.81,7.76,7.31
19123,7.5,9.51,10.74,10.67,11.99,10.81,11.75
19125,7.6,10.01,11.28,12.21,14.02,13.75,14.79
19127,4.8,5.02,5.72,6.72,7.98,7.64,7.71
19129,7.2,7.92,9.32,9.16,8.37,7.15,6.82
19131,3.8,4.18,4.73,5.17,5.28,4.53,3.77
19133,8.6,9.38,9.61,10.73,11.21,11.72,12.35
19135,6.9,8.02,8.25,9.73,12.55,13.38,15.99
19137,9.6,11.68,12.64,14.21,15.65,16.08,17.02
19139,5.9,7.43,7.95,7.27,7.06,4.26,3.47
19141,3.0,3.3,3.72,3.88,4.07,2.95,2.36
19143,5.5,5.57,7.03,7.01,6.71,5.57,4.37
19145,6.5,7.49,8.08,10.57,12.24,13.67,15.01
19147,3.4,3.81,4.36,4.63,4.66,4.11,2.67
19149,4.2,4.81,5.3,6.5,7.41,7.6,8.13
19151,4.4,4.82,5.77,5.9,5.61,4.87,3.93
19153,10.8,14.45,14.57,16.4,18.54,19.6,21.48
19155,11.1,11.37,13.74,13.46,12.48,11.18,10.65
19157,5.9,6.5,7.22,7.59,8.61,7.44,7.94
19159,7.2,7.85,9.13,10.25,11.44,11.51,11.4
19161,5.5,5.98,6.92,8.18,9.31,9.34,9.23
19163,11.2,17.14,16.96,17.19,17.9,16.85,16.94
19165,6.2,6.41,7.68,8.63,9.46,9.21,9.7
19167,2.3,2.6,3.02,3.07,2.8,1.4,0.59
19169,5.9,6.9,7.01,7.33,7.4,6.96,6.57
19171,6.5,6.43,6.74,8.76,11.63,12.55,14.42
19173,6.3,6.82,8.65,8.73,8.88,7.68,6.67
19175,9.3,9.15,11.22,12.82,14.87,15.78,16.58
19177,6.8,8.2,9.06,9.19,11.13,10.52,11.93
19179,7.9,8.89,10.0,12.57,16.73,18.43,22.22
19181,8.5,8.27,10.65,10.01,9.99,8.6,8.22
19183,6.7,6.48,7.6,7.99,9.47,7.59,7.85
19185,7.9,8.53,9.82,11.78,14.55,15.85,18.21
19187,11.1,10.82,12.99,14.0,14.11,13.53,12.84
19189,4.0,4.44,5.05,5.62,6.49,6.44,6.09
19191,4.3,4.43,5.14,5.27,6.43,6.24,5.72
19193,8.6,8.15,9.01,9.86,10.27,9.9,10.66
19195,7.0,7.55,10.54,10.23,9.52,8.29,6.69
19197,4.8,5.22,6.26,6.56,7.81,7.72,7.11
20001,12.6,13.72,14.63,16.39,18.62,19.52,20.88
20003,8.6,9.96,10.68,11.67,12.43,12.11,12.38
20005,9.4,9.52,12.02,12.21,11.48,10.16,9.32
20007,12.6,13.87,15.71,16.73,18.42,19.43,20.92
20009,6.7,6.36,7.4,7.71,8.06,7.64,8.61
20011,12.1,11.85,13.17,15.69,18.97,19.94,22.74
20013,11.1,10.8,13.36,15.19,16.03,16.57,17.54
20015,13.4,14.64,14.33,17.05,19.7,21.74,24.58
20017,7.7,8.42,9.47,10.46,11.43,11.18,12.16
20019,14.2,17.15,17.9,19.08,21.54,22.42,24.06
20021,15.4,17.97,16.52,17.15,18.77,18.3,19.78
20023,5.8,6.4,7.29,7.82,8.82,9.59,12.14
20025,7.3,8.42,9.16,9.83,10.39,10.26,11.6
20027,8.9,9.56,12.77,12.08,10.32,8.46,7.1
20029,5.8,6.59,7.27,7.66,7.88,7.62,8.09
20031,12.8,13.29,13.37,14.89,15.97,16.23,16.68
20033,9.0,9.83,11.87,12.17,12.24,11.23,11.51
20035,12.1,15.55,16.04,16.28,17.53,17.86,18.46
20037,10.7,11.42,12.64,12.59,13.48,12.0,12.3
20039,6.1,6.57,7.61,8.19,8.57,9.12,11.46
20041,7.1,7.26,8.7,9.51,10.27,9.92,10.59
20043,7.0,7.14,8.3,8.78,8.34,7.34,6.29
20045,9.3,10.59,10.92,12.21,12.85,12.74,13.58
20047,6.8,7.03,8.0,8.41,9.06,9.28,10.25
20049,14.7,16.12,20.16,20.01,21.05,20.16,20.47
20051,4.8,5.58,6.63,7.48,8.78,9.24,11.49
20053,8.0,8.7,11.57,11.07,10.24,8.69,8.6
20055,6.3,8.56,8.22,8.19,8.85,8.58,9.45
20057,4.7,5.08,6.01,6.48,7.13,7.4,8.74
20059,10.9,11.85,13.59,15.54,17.38,17.42,18.64
20061,9.5,9.62,10.78,12.06,12.2,11.67,12.36
20063,5.6,5.78,6.56,7.05,7.07,6.44,8.16
20065,5.7,6.28,7.17,7.74,8.7,8.5,10.66
20067,3.8,4.43,4.78,5.16,6.17,6.25,7.29
20069,5.1,5.27,5.97,6.42,6.45,6.53,7.8
20071,8.5,9.25,10.58,11.46,12.81,13.3,15.09
20073,16.7,18.05,19.54,20.69,22.4,22.5,23.67
20075,9.6,10.4,11.8,13.45,15.74,17.16,19.36
20077,13.0,13.43,15.85,16.22,18.15,18.43,19.68
20079,9.3,11.93,11.25,12.56,13.72,14.22,15.39
20081,4.8,5.29,6.0,6.76,8.3,9.03,10.24
20083,5.0,5.53,6.31,6.8,7.47,7.56,8.66
20085,6.6,8.19,8.75,8.92,8.24,7.43,7.05
20087,8.5,10.65,10.8,11.08,10.41,9.3,8.55
20089,5.4,5.87,6.73,7.26,7.76,7.3,8.37
20091,9.5,8.12,10.03,9.29,8.25,6.27,5.42
20093,5.0,5.45,6.2,6.68,7.88,8.04,9.51
20095,12.0,12.39,13.83,14.14,15.68,15.51,16.35
20097,7.0,7.67,8.72,9.41,9.88,10.0,10.94
20099,13.1,14.91,17.09,18.85,21.93,22.55,24.46
20101,4.8,5.27,5.98,6.52,7.75,7.96,9.9
20103,15.6,12.52,16.7,13.04,8.71,3.69,-1.11
20105,5.9,6.56,7.44,8.01,8.54,8.5,9.54
20107,14.3,15.96,16.84,18.77,20.78,21.23,23.19
20109,8.0,8.23,9.33,10.06,10.82,11.2,13.67
20111,6.3,7.62,7.8,8.65,9.36,8.87,9.52
20113,7.7,8.13,8.43,9.21,9.82,9.94,10.78
20115,7.1,8.2,8.73,10.57,11.99,12.45,13.99
20117,5.4,5.91,6.67,7.18,6.9,6.74,7.24
20119,6.0,6.63,7.94,8.63,10.02,10.29,11.93
20121,14.3,12.88,13.54,17.97,22.48,25.4,29.86
20123,4.6,5.17,5.83,6.29,6.29,5.91,6.69
20125,17.0,17.58,17.1,18.69,22.04,23.2,25.18
20127,7.0,7.25,8.13,9.39,10.27,9.66,10.62
20129,9.7,10.0,11.35,12.24,14.59,15.04,16.86
20131,5.3,5.48,6.32,7.17,6.9,6.83,6.77
20133,13.9,14.93,14.02,16.03,19.46,20.71,23.13
20135,5.7,6.17,7.09,8.08,9.46,9.8,12.18
20137,5.9,6.4,7.37,8.36,9.66,10.48,13.21
20139,11.9,14.95,13.97,15.49,16.31,16.45,17.07
20141,7.6,9.82,9.6,11.37,13.58,14.97,17.69
20143,5.8,6.12,6.93,7.63,7.92,7.35,8.06
20145,7.4,7.98,9.59,9.39,9.07,8.0,7.88
20147,4.4,4.84,5.81,5.98,6.55,7.04,9.12
20149,6.4,8.52,7.98,9.23,9.61,9.35,10.13
20151,8.5,10.79,10.78,11.89,13.01,13.09,14.05
20153,5.7,6.16,7.14,7.63,8.27,8.97,11.5
20155,14.1,15.4,14.16,14.54,15.05,14.59,15.28
20157,5.8,6.04,6.79,7.71,8.02,8.19,9.5
20159,8.3,9.48,11.28,11.68,12.26,11.77,12.19
20161,6.0,6.25,6.65,7.03,6.43,5.28,5.05
20163,6.7,7.03,7.84,8.52,9.67,10.08,12.23
20165,6.9,7.86,8.65,9.22,9.66,9.69,10.73
20167,8.3,9.53,9.76,10.91,12.22,12.69,15.07
20169,12.2,13.37,14.76,20.39,25.73,30.36,35.8
20171,5.8,6.03,6.69,7.16,8.62,9.1,11.02
20173,16.9,16.0,15.95,17.8,20.25,21.22,23.09
20175,5.5,6.21,7.04,8.99,11.82,13.24,15.2
20177,13.6,15.36,16.1,17.4,17.98,17.89,18.36
20179,5.2,5.69,6.49,7.02,7.0,6.8,9.1
20181,7.6,9.22,9.51,10.16,11.16,12.03,14.08
20183,6.3,7.31,8.22,8.98,9.99,10.33,12.66
20185,7.0,7.74,9.19,9.47,9.47,8.39,8.43
20187,7.2,8.34,9.09,9.79,11.32,11.59,12.77
20189,5.4,5.85,6.64,7.26,8.72,8.89,9.92
20191,12.9,14.5,15.41,15.74,17.17,17.34,18.14
20193,6.5,7.04,8.41,9.21,9.51,10.32,12.19
20195,5.8,6.32,7.27,7.8,8.59,8.29,10.5
20197,7.2,8.48,8.9,9.76,9.95,9.37,9.89
20199,6.5,7.08,8.05,8.68,10.09,10.78,12.53
20201,5.0,5.5,6.45,6.7,5.86,5.12,5.43
20203,6.1,6.7,7.71,8.28,9.98,10.73,12.57
20205,16.1,16.64,18.55,22.01,26.44,28.94,32.3
20207,14.0,15.31,19.03,19.1,19.36,18.42,17.61
20209,10.0,10.11,12.03,11.49,10.71,9.06,7.93
21001,17.0,17.72,17.89,20.91,24.9,28.6,33.16
21003,17.6,19.12,21.91,21.32,22.37,22.44,23.04
21005,20.1,26.77,31.92,36.72,42.58,47.25,52.63
21007,14.2,15.87,19.4,21.94,25.3,27.24,31.03
21009,11.3,12.87,14.18,18.79,24.65,29.48,34.78
21011,30.6,32.61,36.39,37.59,38.92,40.14,42.04
21013,48.4,70.75,58.34,52.64,47.57,42.5,38.11
21015,26.9,36.56,34.42,37.25,41.71,44.81,48.15
21017,24.0,27.21,29.54,32.75,36.63,40.22,44.43
21019,34.7,43.2,51.32,60.67,69.85,78.34,88.21
21021,17.7,23.14,33.67,28.31,23.84,18.48,14.99
21023,20.4,28.4,29.46,29.55,30.06,29.72,30.51
21025,45.1,39.74,50.56,44.57,39.17,33.13,28.16
21027,12.3,14.54,17.23,16.84,17.46,17.15,17.77
21029,27.0,21.92,26.03,36.9,49.13,60.07,71.78
21031,15.4,26.99,21.08,21.17,22.61,23.29,25.27
21033,15.8,15.79,18.85,19.84,21.36,22.78,25.1
21035,10.9,13.02,15.73,14.39,14.37,14.2,14.93
21037,45.8,50.9,62.12,70.92,81.12,90.0,99.29
21039,8.6,9.37,10.96,11.58,13.3,13.77,15.68
21041,35.6,32.39,35.07,38.34,43.31,46.32,50.12
21043,26.9,34.55,38.3,51.13,63.8,75.82,88.88
21045,21.4,25.0,29.73,31.18,33.68,35.77,38.95
21047,8.2,8.62,9.82,12.86,17.78,21.57,26.8
21049,31.9,37.6,38.12,50.15,62.41,74.72,88.27
21051,28.1,35.23,37.38,36.12,35.33,34.46,34.06
21053,48.8,49.4,48.56,50.45,53.34,56.12,59.63
21055,15.4,17.5,19.24,21.17,23.64,25.46,28.65
21057,24.5,25.95,29.82,30.23,31.67,32.86,34.8
21059,12.8,15.15,16.24,16.34,17.1,17.05,17.78
21061,13.2,20.37,18.07,20.14,23.04,25.54,28.98
21063,27.1,31.16,36.53,36.61,36.55,35.81,35.97
21065,46.8,46.18,54.8,63.9,74.16,84.29,95.02
21067,26.3,32.36,35.58,39.95,45.09,49.33,54.81
21069,20.8,25.72,27.11,30.61,34.87,38.72,43.16
21071,54.9,50.84,51.66,50.03,48.74,46.93,46.08
21073,20.8,23.36,28.83,36.28,44.5,51.71,59.84
21075,8.9,10.02,11.71,12.28,15.02,16.49,18.87
21077,37.8,49.28,53.7,59.55,66.83,72.51,78.71
21079,22.8,24.09,32.32,31.25,31.42,30.81,31.46
21081,40.4,38.11,51.77,46.56,42.8,37.72,32.67
21083,12.0,13.19,15.14,14.76,15.47,15.52,16.29
21085,26.7,25.9,33.51,35.07,37.5,38.88,41.2
21087,11.8,12.63,13.9,16.44,19.52,22.08,25.58
21089,28.0,33.92,34.65,44.75,54.62,63.73,73.89
21091,11.6,12.81,16.52,17.03,18.89,19.62,21.21
21093,15.3,12.59,20.5,19.64,19.87,19.08,18.97
21095,35.1,36.99,39.19,43.39,47.68,52.2,57.12
21097,31.2,35.69,67.54,48.75,30.58,11.84,-6.46
21099,12.3,15.42,17.49,18.09,19.95,20.6,22.34
21101,11.9,12.83,14.78,17.56,20.93,22.97,26.45
21103,18.5,24.78,23.64,25.65,29.12,30.93,33.46
21105,9.5,10.95,12.63,12.73,14.51,14.98,16.62
21107,15.9,16.11,20.5,24.03,28.09,32.05,36.43
21109,16.5,19.2,20.46,25.22,31.01,36.45,42.3
21111,24.2,26.75,39.45,45.34,52.89,58.76,65.51
21113,22.6,27.89,31.72,44.49,58.35,71.27,85.29
21115,30.0,34.74,33.18,34.17,35.37,35.95,37.49
21117,44.5,61.51,56.02,68.75,83.06,95.86,109.07
21119,49.1,44.7,46.26,46.88,47.72,48.29,49.86
21121,24.9,44.95,37.99,44.14,51.28,58.02,65.26
21123,11.1,10.78,12.73,13.99,16.28,17.32,19.63
21125,23.6,24.74,21.85,25.88,30.95,35.54,40.53
21127,28.2,32.38,39.36,42.77,46.72,49.54,53.59
21129,34.3,45.47,43.48,45.01,47.86,50.36,53.25
21131,54.6,46.57,54.61,52.39,50.4,48.29,46.62
21133,31.1,33.67,32.89,38.99,45.57,51.67,59.13
21135,19.3,26.93,23.62,31.02,38.82,46.01,54.43
21137,20.3,24.73,33.78,31.86,31.19,30.1,30.08
21139,23.3,23.5,28.08,28.35,29.35,29.5,31.54
21141,13.6,14.29,15.7,14.49,15.04,14.84,15.64
21143,14.9,16.66,17.81,19.23,21.28,22.63,25.54
21145,23.3,18.5,21.26,19.72,19.36,17.74,17.81
21147,16.0,19.89,19.51,24.93,31.97,38.57,45.22
21149,13.6,14.85,20.03,18.67,17.84,16.17,15.73
21151,26.3,30.08,31.49,43.07,55.26,67.28,80.26
21153,29.8,33.01,37.12,43.92,50.94,57.38,64.8
21155,16.9,19.18,20.06,23.55,27.94,31.47,36.18
21157,25.3,20.9,26.08,21.07,17.2,12.57,9.4
21159,39.4,54.49,51.6,53.25,54.77,55.63,57.72
21161,23.3,25.97,34.65,38.83,43.76,48.46,53.76
21163,14.8,15.11,21.5,21.54,23.03,23.09,24.2
21165,23.4,25.05,29.55,36.27,43.7,50.77,58.36
21167,19.9,22.93,30.78,24.91,20.29,14.34,9.92
21169,13.0,14.84,19.47,18.83,18.81,18.71,19.06
21171,23.1,23.52,28.48,29.23,31.26,33.21,35.4
21173,32.0,31.36,34.92,42.79,51.0,59.79,68.98
21175,18.2,19.15,24.17,24.15,24.72,24.42,24.72
21177,19.8,17.82,19.17,21.9,25.38,28.48,32.77
21179,16.0,17.4,22.78,30.53,39.71,47.37,56.19
21181,24.3,26.51,31.92,30.3,29.3,27.92,27.26
21183,15.4,20.84,18.24,18.37,19.46,19.96,22.03
21185,9.7,15.72,17.07,15.31,15.02,13.11,11.68
21187,36.8,32.2,44.97,44.17,44.74,43.69,43.47
21189,35.0,38.22,42.14,49.16,57.04,64.77,72.69
21191,35.0,35.06,42.1,47.24,53.2,58.47,64.07
21193,45.0,43.31,45.38,43.69,42.33,40.48,39.42
21195,44.7,39.43,37.11,33.57,30.45,26.77,24.33
21197,62.9,56.21,59.27,57.44,56.19,54.85,54.29
21199,17.4,19.4,21.82,25.06,29.78,33.62,38.37
21201,23.3,25.87,32.06,33.57,35.71,37.68,40.19
21203,27.8,29.78,35.52,38.3,42.54,46.33,51.0
21205,21.0,23.72,29.03,29.39,30.1,29.72,30.59
21207,49.6,39.97,39.53,37.32,35.92,34.48,33.68
21209,16.9,21.29,30.41,25.15,20.77,14.99,10.1
21211,13.9,20.93,22.66,21.34,21.33,19.73,18.98
21213,13.3,17.96,18.15,18.08,19.4,19.88,21.58
21215,15.5,19.43,22.09,25.59,30.47,33.7,38.15
21217,18.7,23.21,27.09,31.24,36.31,41.02,46.66
21219,15.7,16.19,16.9,17.57,19.62,20.43,22.7
21221,13.2,17.18,16.76,20.69,26.09,30.45,36.13
21223,20.3,20.17,23.25,24.87,28.29,29.54,31.58
21225,24.9,25.44,27.21,27.39,28.2,28.05,29.13
21227,13.1,13.86,13.94,13.51,14.48,14.81,16.03
21229,14.8,17.3,19.68,21.64,24.64,26.46,29.74
21231,21.2,20.42,21.33,26.0,31.78,36.91,42.91
21233,15.1,17.02,19.68,20.02,20.79,21.18,22.27
21235,40.2,44.75,36.25,45.05,55.41,65.27,75.73
21237,43.1,46.03,43.86,44.58,46.39,47.35,49.04
21239,20.6,26.25,24.39,27.19,30.85,33.19,36.34
22001,18.6,18.73,20.79,20.77,23.69,26.4,29.53
22003,11.8,13.27,15.49,18.23,24.05,28.74,34.76
22005,14.2,16.43,16.42,21.2,27.33,33.73,40.1
22007,10.5,12.84,18.92,16.02,15.14,14.52,13.07
22009,19.0,17.9,18.25,18.16,20.16,22.05,24.7
22011,13.2,12.85,14.24,14.37,17.87,19.95,23.46
22013,10.9,10.27,10.58,12.57,16.82,19.93,24.29
22015,9.1,11.33,14.21,13.98,16.01,16.72,18.51
22017,9.4,12.5,12.34,13.89,17.77,19.93,23.27
22019,17.3,15.17,14.08,16.64,22.6,26.67,31.94
22021,12.0,12.64,13.68,16.51,21.28,24.8,30.12
22023,16.2,18.52,20.67,24.11,30.8,35.23,40.83
22025,11.6,11.95,13.31,15.99,20.8,24.54,29.94
22027,9.4,10.56,13.15,13.87,17.3,20.02,23.11
22029,9.2,9.45,12.15,12.84,15.8,18.05,20.92
22031,10.2,10.58,14.04,13.98,16.35,17.04,19.41
22033,13.8,16.6,18.18,19.22,21.58,24.0,26.35
22035,6.1,6.79,7.93,9.67,13.33,16.57,19.28
22037,9.8,10.76,12.84,13.46,15.86,18.0,20.51
22039,18.6,18.26,19.92,21.76,26.29,30.37,35.39
22041,7.2,9.62,9.07,9.72,11.99,13.21,16.01
22043,12.0,12.22,16.1,14.47,14.77,14.17,15.5
22045,13.3,16.8,19.34,16.2,15.34,14.82,14.38
22047,12.8,15.75,15.66,18.93,24.21,29.83,35.28
22049,9.2,12.1,11.61,12.15,14.52,16.57,19.96
22051,25.9,28.46,34.04,38.61,45.98,51.57,58.36
22053,17.5,23.62,22.02,27.38,35.96,43.37,51.78
22055,14.6,14.76,17.88,19.46,23.64,27.85,32.19
22057,21.6,18.05,18.35,22.56,29.19,35.3,41.32
22059,17.9,19.04,17.99,21.28,26.69,30.97,37.04
22061,5.5,5.59,6.98,7.45,9.88,11.48,14.41
22063,26.4,33.82,39.81,41.62,44.55,47.16,50.34
22065,5.9,6.62,7.31,8.52,11.13,13.41,15.55
22067,12.8,17.36,18.05,16.9,17.15,17.28,17.62
22069,8.7,8.91,9.54,11.4,15.67,18.65,23.33
22071,27.6,27.01,36.13,38.41,43.61,47.15,51.61
22073,11.3,14.08,16.66,15.15,15.38,14.92,15.55
22075,25.5,28.4,29.51,26.22,25.94,24.32,22.85
22077,12.8,14.49,17.66,19.25,22.64,26.21,29.69
22079,13.3,12.98,21.03,20.75,22.65,24.03,26.75
22081,7.0,7.59,8.72,9.44,12.31,14.01,17.38
22083,7.4,9.15,9.61,10.82,13.03,14.77,17.12
22085,8.3,9.37,10.35,11.99,16.19,18.57,22.57
22087,30.8,34.4,44.48,46.76,51.77,55.45,59.86
22089,16.9,21.58,25.19,22.22,22.0,20.29,19.42
22091,23.1,20.83,28.63,26.22,25.02,23.31,21.84
22093,8.1,9.98,12.46,11.56,12.63,13.16,13.84
22095,16.2,18.74,22.16,25.86,32.2,37.51,43.38
22097,14.4,15.92,16.61,17.57,20.53,23.75,27.44
22099,11.1,10.75,13.4,13.07,15.58,17.87,20.21
22101,14.3,19.25,17.41,24.05,32.99,42.17,51.06
22103,28.2,27.3,28.85,33.78,40.96,46.82,53.61
22105,22.6,22.57,27.91,30.52,35.36,38.98,43.25
22107,7.5,8.75,9.41,10.59,13.58,16.26,19.74
22109,20.3,27.21,22.86,38.12,55.4,72.35,89.26
22111,9.0,8.51,10.31,9.83,11.07,11.56,12.59
22113,10.1,15.87,17.87,14.88,14.91,13.97,13.64
22115,9.8,8.86,12.07,12.46,15.62,17.21,20.56
22117,30.4,37.02,48.6,56.66,66.92,76.35,86.68
22119,13.9,14.17,12.96,16.0,21.48,26.01,31.08
22121,15.4,18.15,18.51,20.2,23.63,27.43,31.0
22123,10.6,12.29,12.43,19.63,28.86,37.88,46.33
22125,12.6,13.59,15.32,17.98,22.49,27.53,32.49
22127,12.9,14.69,16.39,18.59,22.92,26.14,30.97
23001,19.5,22.28,23.62,22.49,21.69,19.14,17.59
23003,10.3,11.43,21.36,13.46,5.75,-2.28,-9.3
23005,15.8,23.46,22.28,30.86,39.28,46.48,54.79
23007,11.4,13.78,15.2,15.88,16.9,16.38,16.48
23009,16.8,17.59,24.58,18.66,13.08,6.26,0.36
23011,17.6,23.77,26.17,37.9,50.43,61.27,73.07
23013,19.4,19.23,22.57,25.13,28.25,29.59,32.3
23015,14.9,18.07,21.71,22.66,24.57,24.78,25.86
23017,10.9,15.08,18.03,17.58,16.94,14.9,14.01
23019,15.7,18.35,29.47,36.02,43.07,48.99,55.45
23021,17.3,17.01,21.29,22.53,24.16,25.57,27.83
23023,10.7,12.6,14.14,15.99,17.94,18.35,19.73
23025,15.2,18.27,22.25,28.58,35.61,41.29,47.54
23027,16.7,15.35,19.59,21.55,24.18,25.01,26.94
23029,27.1,23.48,48.85,39.88,30.68,21.57,11.9
23031,20.9,21.49,27.53,39.74,52.02,63.27,75.09
24001,20.7,24.11,49.01,47.85,47.33,46.38,47.38
24003,21.6,23.97,36.9,43.23,49.1,54.54,61.49
24005,23.1,29.24,46.51,51.64,56.87,61.04,67.11
24009,21.9,24.19,31.18,35.96,40.36,45.08,50.62
24011,27.4,25.16,34.48,37.22,39.44,42.41,45.88
24013,20.9,24.13,33.94,34.07,34.76,34.38,36.18
24015,35.0,34.93,44.09,63.24,82.46,101.23,121.7
24017,14.7,15.82,25.16,27.14,28.9,30.69,33.46
24019,15.8,16.83,22.9,31.4,39.49,47.7,56.79
24021,17.0,16.06,34.96,31.0,27.24,22.37,19.98
24023,11.9,14.72,16.06,21.77,28.52,33.95,42.04
24025,19.4,22.71,34.09,41.73,49.19,56.09,64.84
24027,7.9,12.85,18.09,18.84,19.93,20.34,22.46
24029,20.3,21.78,29.72,26.36,22.84,19.3,16.64
24031,7.1,8.88,12.64,12.6,12.45,11.61,12.07
24033,7.7,8.46,15.77,17.85,19.97,21.52,24.55
24035,20.6,21.05,27.07,25.95,24.32,22.73,21.97
24037,12.5,18.66,20.95,29.07,37.08,44.8,53.83
24039,19.2,21.2,30.47,27.07,23.89,20.55,17.94
24041,14.8,16.31,22.86,25.38,27.36,29.72,33.01
24043,28.8,34.63,41.59,35.48,30.06,23.6,19.63
24045,16.5,15.74,29.52,29.32,29.24,29.49,30.24
24047,20.6,29.39,35.49,32.16,29.12,26.25,24.32
24510,42.5,50.89,76.46,86.6,96.9,106.04,117.17
25001,24.7,30.29,38.18,35.01,32.09,27.64,23.57
25003,20.9,26.34,27.3,27.1,27.41,25.97,26.54
25005,29.3,30.86,43.94,46.01,48.75,49.45,51.33
25007,17.8,20.1,20.41,19.59,18.76,16.23,14.32
25009,24.3,28.88,36.3,39.9,44.21,46.59,50.22
25011,15.7,22.78,22.35,20.24,19.95,17.08,16.95
25013,14.3,22.65,29.24,27.16,26.88,23.98,23.26
25015,14.8,15.41,20.21,20.33,22.29,21.34,22.96
25017,16.4,20.93,26.71,23.8,22.17,18.37,15.4
25019,12.7,13.9,16.5,18.26,19.89,20.28,21.54
25021,17.6,22.86,31.55,25.55,20.69,13.49,7.39
25023,19.6,29.74,38.55,39.23,41.1,40.93,41.35
25025,17.3,23.81,32.07,32.85,35.02,34.73,35.03
25027,16.8,26.19,28.56,31.24,35.24,36.92,40.11
26001,12.2,12.78,13.87,15.11,14.53,13.1,12.48
26003,10.9,14.88,16.32,16.0,14.29,12.56,9.65
26005,16.8,11.9,14.57,14.79,13.41,11.4,9.83
26007,12.4,13.91,16.29,19.06,21.07,21.88,22.67
26009,13.1,16.99,15.74,17.12,18.15,17.68,17.68
26011,13.0,12.82,15.13,17.56,18.73,19.18,20.14
26013,12.7,13.15,17.39,17.5,14.96,12.36,9.01
26015,10.7,12.91,15.46,14.46,12.52,9.71,7.42
26017,17.3,21.13,26.07,25.21,23.0,20.28,17.98
26019,13.3,15.3,14.21,16.29,17.75,18.31,19.37
26021,19.0,19.58,21.63,18.45,14.11,8.9,4.08
26023,11.9,14.46,15.88,17.26,17.91,17.48,18.23
26025,23.2,31.14,34.1,34.04,32.68,31.1,30.66
26027,13.5,12.9,15.51,15.6,14.79,13.43,12.71
26029,8.6,10.49,11.08,14.43,16.78,18.29,19.42
26031,15.1,15.62,16.36,17.46,17.35,16.58,15.07
26033,14.1,13.25,15.84,15.25,13.95,11.9,9.32
26035,19.5,23.33,27.88,28.7,28.83,28.62,27.96
26037,8.8,10.73,12.2,14.23,14.46,13.98,14.23
26039,18.6,21.58,25.01,30.64,35.55,39.34,43.4
26041,6.1,6.82,8.69,8.22,5.96,3.63,-0.22
26043,13.8,17.04,17.68,22.76,26.13,29.32,30.94
26045,12.9,17.46,18.67,17.32,14.08,10.43,7.54
26047,9.3,12.07,12.08,15.05,16.84,17.96,18.97
26049,14.9,15.88,28.93,37.62,44.4,50.77,57.84
26051,20.4,20.22,22.31,24.23,24.82,24.52,24.91
26053,9.4,11.99,13.47,12.93,9.79,5.61,2.11
26055,11.6,14.22,18.09,20.17,22.01,23.01,24.28
26057,6.8,10.03,9.48,10.74,10.47,10.42,9.54
26059,10.3,11.36,17.98,15.75,11.84,7.33,4.26
26061,7.6,6.92,10.1,9.91,6.66,3.81,0.54
26063,11.1,13.25,16.35,20.23,23.48,26.56,29.25
26065,18.6,21.52,24.24,25.51,24.6,22.97,22.56
26067,16.6,14.05,17.43,17.93,17.14,16.18,14.95
26069,16.9,20.44,25.96,22.43,17.31,11.63,6.58
26071,12.4,15.11,20.83,18.01,13.35,8.41,2.84
26073,8.8,13.81,16.34,14.46,11.09,7.55,3.92
26075,8.2,10.17,9.41,9.38,7.26,4.31,3.17
26077,14.3,12.79,21.11,20.78,18.95,17.0,15.62
26079,11.8,12.5,14.33,17.87,20.79,23.04,25.31
26081,9.9,14.68,13.38,18.73,23.02,26.16,29.42
26083,9.7,10.5,12.24,13.64,11.52,10.37,8.78
26085,10.8,12.53,13.91,15.58,16.24,16.36,16.89
26087,12.1,13.54,16.62,21.63,25.02,28.61,32.13
26089,8.3,9.24,9.6,10.8,11.55,11.46,11.43
26091,17.0,21.27,19.5,15.7,10.1,3.5,-1.03
26093,22.7,16.31,18.3,21.89,23.18,23.76,25.55
26095,10.5,12.12,13.84,13.9,11.84,10.37,7.61
26097,9.3,10.66,12.73,12.5,10.32,7.5,4.34
26099,29.0,29.21,36.61,43.85,49.87,55.53,61.78
26101,20.2,24.53,26.91,29.09,30.59,30.8,31.96
26103,12.8,18.11,21.92,15.69,7.49,-0.69,-10.39
26105,12.4,16.26,15.31,20.53,24.82,27.67,31.25
26107,9.2,9.76,11.21,11.66,11.19,10.27,9.41
26109,12.2,12.7,13.39,15.51,16.76,16.7,16.23
26111,10.4,12.02,14.43,13.74,11.83,9.69,7.81
26113,10.7,13.96,14.94,16.31,16.94,17.02,17.88
26115,23.8,28.86,34.87,36.64,36.65,36.02,37.09
26117,12.1,17.08,14.66,19.15,22.74,25.78,28.7
26119,12.2,12.46,15.05,16.61,17.33,16.41,16.0
26121,27.0,23.27,21.97,24.4,25.95,26.04,26.49
26123,12.2,13.54,13.12,18.87,24.02,27.95,31.73
26125,10.3,10.14,12.28,15.19,16.31,17.0,18.38
26127,13.0,15.23,16.11,20.16,23.23,24.83,26.86
26129,26.0,23.44,23.7,27.83,30.71,32.55,35.41
26131,12.7,14.7,15.83,17.66,16.83,15.56,14.63
26133,12.9,13.46,14.16,19.33,23.89,28.05,32.69
26135,17.5,17.87,20.38,26.67,31.5,35.45,39.79
26137,16.5,16.5,21.87,26.17,29.39,31.17,33.8
26139,10.9,10.89,13.19,15.89,17.17,17.46,17.83
26141,14.7,15.05,15.36,17.01,17.62,17.09,16.5
26143,21.3,20.26,26.73,31.64,35.77,38.61,41.62
26145,19.6,18.8,20.74,24.64,26.97,29.58,31.85
26147,26.4,26.65,41.69,41.1,38.93,37.24,35.21
26149,12.2,11.54,14.17,14.88,14.57,13.77,13.65
26151,12.4,13.3,17.8,19.42,19.55,20.12,20.45
26153,12.9,14.15,16.72,17.02,16.26,15.61,13.83
26155,14.1,16.25,17.42,26.04,32.46,38.64,45.08
26157,11.9,13.27,14.02,16.85,18.31,19.77,21.12
26159,16.5,17.35,17.97,26.77,33.74,40.07,47.14
26161,16.8,16.67,18.71,19.48,18.24,16.04,15.94
26163,25.7,31.44,37.81,42.34,45.43,48.28,52.24
26165,18.9,19.03,18.82,23.64,27.75,31.13,35.38
27001,14.7,16.64,18.8,21.93,23.22,23.32,23.04
27003,8.5,10.4,11.21,13.08,13.39,13.7,12.71
27005,6.6,8.47,9.21,9.16,7.43,6.27,4.44
27007,11.2,11.4,13.2,14.95,14.97,14.67,14.36
27009,8.8,10.86,12.98,11.61,8.84,5.15,0.83
27011,5.9,6.85,7.9,7.88,7.3,5.42,4.15
27013,5.1,5.27,6.78,6.41,5.63,4.41,2.6
27015,4.8,5.03,5.84,6.11,5.78,4.62,3.45
27017,14.6,15.52,15.85,15.99,14.04,11.51,8.94
27019,5.2,6.16,6.77,6.41,5.51,4.28,2.0
27021,18.0,19.92,22.08,25.91,28.18,29.0,29.93
27023,5.1,5.36,5.83,6.76,6.78,4.99,3.85
27025,9.5,9.75,9.91,11.42,11.34,10.85,9.64
27027,12.1,14.54,14.13,13.31,11.3,9.21,6.45
27029,10.6,11.18,14.62,15.12,14.2,12.66,11.23
27031,8.8,10.11,10.91,12.36,11.45,10.44,8.84
27033,4.4,4.83,5.41,5.83,6.2,5.22,4.08
27035,10.4,11.6,14.66,12.31,8.62,3.88,-1.42
27037,7.4,9.29,10.23,9.99,9.51,8.49,6.85
27039,5.6,6.61,7.29,7.95,7.76,7.18,6.1
27041,5.1,5.26,5.94,6.96,6.28,5.47,3.61
27043,4.4,5.61,5.57,5.87,6.46,5.74,4.83
27045,5.3,5.44,6.75,7.08,7.49,7.54,6.65
27047,5.1,5.93,6.95,7.85,8.53,8.62,8.76
27049,7.2,7.71,8.74,10.18,10.5,10.41,9.67
27051,4.5,5.23,5.63,6.03,5.19,3.76,1.77
27053,11.0,12.65,15.62,17.44,18.23,18.38,17.67
27055,6.7,7.99,9.19,11.02,12.89,13.38,13.48
27057,9.2,9.5,11.31,11.65,10.2,8.04,5.61
27059,8.5,9.0,12.08,10.77,8.11,5.08,1.3
27061,12.4,12.23,13.36,13.56,11.58,9.42,6.96
27063,3.9,4.16,5.31,5.31,5.52,4.87,3.61
27065,8.7,8.94,9.95,11.08,10.2,8.49,6.04
27067,5.2,7.49,6.32,8.17,9.47,8.97,8.95
27069,6.3,6.45,7.74,8.42,7.22,5.46,3.53
27071,8.1,7.82,9.97,9.59,7.79,5.96,3.2
27073,4.6,4.98,6.32,6.29,5.47,3.4,1.77
27075,6.5,7.14,8.05,8.69,7.13,5.18,2.62
27077,9.9,10.13,11.52,13.07,13.64,13.41,12.92
27079,4.8,4.92,5.92,5.76,5.44,4.32,2.59
27081,5.3,5.5,6.13,6.64,6.35,5.13,3.6
27083,4.8,5.83,5.77,5.71,5.11,3.3,1.34
27085,4.6,5.07,5.58,6.93,7.65,7.4,6.59
27087,24.3,20.31,25.87,31.02,34.92,38.29,41.83
27089,5.9,7.13,7.5,7.82,6.47,5.0,3.35
27091,4.1,4.46,4.78,5.04,5.89,5.59,5.0
27093,6.7,6.65,7.95,8.23,8.51,7.39,5.95
27095,15.5,15.91,20.68,24.86,27.38,29.07,29.76
27097,9.1,11.85,13.46,12.94,11.16,8.26,4.6
27099,8.4,11.22,10.05,13.11,15.5,17.75,19.61
27101,5.2,5.6,5.84,6.52,6.34,5.04,3.66
27103,5.2,5.35,5.6,6.5,6.89,7.05,6.42
27105,4.0,4.31,5.48,6.49,7.0,6.6,5.98
27107,6.3,6.71,8.8,8.54,6.77,5.19,3.24
27109,9.3,8.1,10.29,10.46,10.23,9.31,7.67
27111,5.6,6.68,7.47,8.26,7.31,6.42,4.41
27113,10.7,10.48,12.81,13.92,13.03,12.3,11.1
27115,11.0,11.26,12.56,14.48,14.17,13.25,11.74
27117,3.5,3.82,4.42,4.69,3.99,2.65,0.99
27119,11.7,12.37,12.78,12.8,11.25,9.37,7.17
27121,6.3,6.82,7.73,8.29,7.96,6.4,4.76
27123,11.4,14.43,16.43,19.01,20.48,21.75,22.13
27125,7.5,8.11,9.58,10.2,8.88,7.6,5.87
27127,6.0,7.75,8.24,9.97,10.76,10.24,10.92
27129,6.3,7.63,7.44,8.01,7.44,5.24,3.92
27131,7.0,6.44,7.91,9.39,10.61,10.74,10.3
27133,5.3,5.63,7.24,6.87,5.7,3.69,1.98
27135,6.0,6.88,7.44,8.42,8.15,6.97,5.89
27137,15.2,15.42,17.92,18.24,16.58,14.46,12.21
27139,6.2,5.5,8.04,8.9,9.24,9.13,8.27
27141,10.5,9.32,11.43,11.19,10.05,8.08,5.3
27143,5.2,6.59,6.86,7.32,7.22,6.51,5.27
27145,8.3,10.21,11.62,11.52,10.38,8.26,5.42
27147,5.5,6.1,6.83,8.01,8.45,8.12,7.66
27149,4.7,5.27,6.49,6.38,5.52,3.58,1.37
27151,4.7,5.44,6.23,6.36,5.87,3.76,2.13
27153,5.7,6.32,6.78,8.23,8.12,7.33,5.89
27155,6.1,7.49,7.76,8.19,7.71,6.26,5.14
27157,6.9,7.3,8.81,9.5,9.55,8.97,7.73
27159,8.6,8.44,10.46,11.92,11.59,10.39,9.36
27161,5.8,6.59,8.33,9.07,9.66,9.35,8.39
27163,9.0,8.54,9.95,11.13,10.92,10.82,10.02
27165,4.0,4.57,4.98,5.85,6.25,5.9,5.57
27167,5.7,6.22,6.66,7.15,6.05,4.97,3.27
27169,10.5,9.42,9.63,12.09,13.84,14.7,15.75
27171,6.0,5.49,6.49,7.32,7.32,6.48,5.15
27173,5.8,6.08,6.8,6.93,6.07,4.01,2.41
28001,9.5,9.36,11.43,12.81,15.77,18.36,21.4
28003,14.9,14.93,18.1,16.0,15.33,15.05,14.09
28005,9.0,9.64,11.25,11.36,12.91,14.7,16.29
28007,5.8,6.43,7.55,7.77,8.25,10.15,10.05
28009,6.9,7.76,8.51,9.16,11.19,14.0,16.18
28011,5.0,4.9,5.85,6.11,8.57,11.0,12.23
28013,7.9,9.08,9.86,11.01,13.5,17.27,18.86
28015,6.8,7.09,7.94,8.47,10.07,12.35,12.78
28017,7.5,8.59,9.71,9.87,11.91,14.59,16.06
28019,6.9,7.07,8.57,9.18,10.34,12.12,12.2
28021,5.5,6.35,6.98,7.82,10.23,12.5,15.35
28023,11.1,13.13,12.91,12.95,13.96,15.35,16.03
28025,4.5,4.98,5.74,6.32,8.1,10.41,11.19
28027,13.6,13.32,14.05,14.96,17.96,21.54,24.43
28029,7.6,8.19,9.8,9.06,9.47,9.88,10.14
28031,10.8,12.2,15.0,17.19,20.23,23.27,26.1
28033,12.7,16.61,19.13,18.66,20.26,22.33,23.53
28035,9.7,10.26,10.36,11.94,14.52,17.34,19.87
28037,11.5,11.79,13.9,15.86,19.32,22.89,26.59
28039,15.7,19.81,18.21,19.29,22.14,24.5,26.82
28041,7.3,7.72,8.45,8.66,9.83,11.01,12.33
28043,7.9,8.13,9.1,9.69,11.67,14.25,15.18
28045,23.1,26.67,34.19,40.75,49.77,58.32,67.22
28047,23.0,17.49,19.33,23.7,30.56,36.41,42.57
28049,4.9,6.35,8.06,10.53,14.08,18.17,20.59
28051,5.1,5.41,5.99,6.39,7.7,9.69,9.65
28053,4.6,5.0,5.76,6.42,8.72,10.92,11.62
28055,6.3,6.96,7.8,8.51,11.68,14.15,16.02
28057,12.1,13.61,15.35,14.97,15.94,17.1,17.36
28059,22.5,20.96,22.07,20.68,21.24,21.28,21.76
28061,7.6,7.54,8.35,8.58,9.67,11.55,12.67
28063,5.8,6.3,7.24,7.89,10.35,12.15,14.6
28065,8.4,9.44,10.46,10.8,12.26,13.42,14.78
28067,7.2,8.68,10.59,13.97,18.05,23.11,26.83
28069,5.3,5.78,6.16,7.08,9.54,12.44,13.69
28071,6.3,7.52,7.25,8.4,10.6,13.62,15.46
28073,11.9,14.81,13.54,13.34,14.08,15.02,15.89
28075,7.4,8.59,8.35,8.78,10.72,12.74,13.29
28077,11.2,12.35,13.46,15.26,18.11,20.9,23.96
28079,9.7,7.49,8.74,9.08,10.02,11.95,12.07
28081,8.7,10.05,12.94,13.44,15.45,18.24,19.91
28083,5.5,7.21,7.65,7.63,9.06,11.25,11.95
28085,11.0,10.37,10.81,10.88,12.27,13.23,14.5
28087,7.3,9.21,9.19,9.92,12.83,16.25,18.01
28089,9.3,7.13,7.26,6.91,8.22,9.84,9.58
28091,19.3,26.61,25.45,27.61,31.36,34.43,38.18
28093,7.1,9.12,8.49,9.56,11.75,14.9,17.58
28095,7.1,8.6,9.22,8.89,10.27,12.2,12.88
28097,10.6,10.36,12.17,12.41,14.01,16.17,16.64
28099,11.2,12.32,11.28,13.8,16.85,20.79,23.14
28101,9.2,9.56,9.91,9.81,10.32,11.66,11.53
28103,4.5,4.61,5.49,5.63,7.58,10.47,11.34
28105,2.9,3.53,3.92,4.13,5.6,7.94,8.44
28107,11.5,12.12,12.99,16.26,20.6,25.72,29.98
28109,21.8,33.3,30.08,37.65,47.51,56.55,66.08
28111,13.5,13.16,14.62,14.88,16.57,18.23,19.6
28113,9.5,10.29,10.52,11.32,13.46,15.43,18.02
28115,13.9,14.85,16.36,18.56,22.65,27.5,30.6
28117,10.7,11.4,12.99,15.44,19.18,23.27,26.34
28119,11.3,12.91,13.19,14.76,18.73,23.21,26.79
28121,10.7,11.35,17.96,13.79,10.77,8.1,3.84
28123,7.0,8.08,8.29,8.8,10.06,11.79,11.96
28125,5.4,6.2,6.83,7.26,9.78,11.96,13.06
28127,11.4,11.71,14.51,15.18,16.88,18.6,19.77
28129,12.3,11.98,13.55,14.33,15.51,17.17,18.13
28131,17.0,16.79,20.82,19.29,19.76,19.39,19.3
28133,5.1,5.34,7.29,6.79,8.17,9.83,9.72
28135,7.0,8.43,9.19,9.5,11.73,14.06,15.67
28137,14.4,19.17,19.81,17.89,17.46,18.25,17.56
28139,6.5,8.65,9.19,8.41,9.51,10.99,11.54
28141,26.6,23.95,23.77,24.46,27.06,29.15,30.59
28143,7.9,9.34,9.93,11.12,14.2,18.14,21.12
28145,7.1,6.69,7.75,7.93,9.68,12.22,13.48
28147,12.7,17.11,15.6,16.91,19.74,22.07,25.17
28149,7.3,8.24,9.63,9.87,12.03,14.54,16.43
28151,4.7,5.48,7.61,6.74,8.03,8.85,8.89
28153,14.5,14.2,14.79,14.4,14.99,16.7,17.66
28155,9.3,9.65,11.4,11.18,11.83,13.33,12.77
28157,9.0,10.27,10.81,13.29,17.19,21.22,25.21
28159,9.8,9.17,10.93,11.49,12.71,15.16,15.44
28161,9.6,9.87,10.53,11.92,14.8,18.2,20.41
28163,8.9,8.17,10.04,10.75,12.95,15.5,15.83
29001,12.2,13.04,14.61,14.23,15.11,14.06,15.05
29003,6.2,6.85,9.34,9.37,8.8,7.36,6.12
29005,5.5,6.4,7.26,8.06,8.44,8.34,8.68
29007,9.5,10.35,11.96,11.6,12.02,11.97,13.58
29009,10.9,13.41,13.77,14.32,16.36,16.57,18.65
29011,12.1,12.26,14.83,16.77,19.35,19.99,22.46
29013,22.1,18.91,25.55,25.79,25.69,24.54,24.24
29015,15.3,18.05,18.81,20.1,21.72,22.56,25.14
29017,11.0,11.3,12.46,14.79,17.94,19.78,23.56
29019,10.8,12.64,13.03,13.26,14.58,14.59,17.12
29021,12.9,11.51,13.19,13.6,13.09,12.07,11.21
29023,26.8,21.89,23.19,26.91,32.03,36.01,41.2
29025,11.6,12.76,15.76,16.83,17.26,16.77,16.79
29027,14.1,16.27,17.83,17.8,18.69,18.72,20.86
29029,15.1,18.43,21.27,20.29,19.34,17.81,18.51
29031,12.3,12.89,18.09,14.49,11.66,7.41,5.24
29033,11.1,11.35,13.59,13.83,13.92,12.78,12.36
29035,14.8,16.57,19.28,20.79,23.26,24.93,27.69
29037,13.2,12.94,13.79,15.11,15.59,15.7,16.45
29039,13.7,13.99,18.32,17.34,16.78,14.67,14.64
29041,8.6,8.69,10.1,10.73,12.04,12.39,13.79
29043,13.3,14.16,14.89,18.18,22.2,24.57,29.22
29045,8.0,9.79,10.7,10.38,12.37,11.85,13.68
29047,10.3,14.87,17.55,13.64,9.35,3.95,-0.68
29049,12.8,17.2,17.74,16.53,15.2,12.3,10.13
29051,10.2,12.36,14.95,13.39,12.42,10.15,10.17
29053,7.0,7.22,8.26,8.64,9.46,8.97,10.72
29055,21.7,29.33,28.89,28.95,29.34,29.48,31.0
29057,13.6,14.16,16.84,17.9,19.06,18.38,20.27
29059,14.3,14.62,16.42,18.95,21.34,23.09,26.5
29061,7.6,8.3,10.17,11.19,11.39,11.02,10.82
29063,7.7,8.18,9.64,9.66,9.39,7.84,6.75
29065,30.8,26.73,29.88,36.15,42.61,48.17,56.16
29067,8.1,8.55,9.29,10.97,12.86,14.41,17.75
29069,24.4,22.05,18.88,24.11,32.69,39.39,46.94
29071,24.6,24.72,36.2,30.46,24.33,17.8,12.5
29073,18.4,22.89,23.87,24.73,25.64,25.7,27.42
29075,8.7,8.9,11.32,12.85,13.88,13.94,14.26
29077,22.9,29.57,28.64,28.26,28.2,26.29,26.77
29079,10.9,11.84,13.96,12.38,10.67,7.84,5.42
29081,10.9,10.15,12.42,12.17,11.77,10.46,9.33
29083,10.3,11.6,13.29,13.36,13.52,12.75,12.95
29085,16.4,18.81,22.37,22.8,22.97,22.26,23.76
29087,6.1,6.69,7.66,8.28,7.98,7.19,6.58
29089,6.1,6.54,7.87,8.15,9.32,9.0,10.68
29091,15.6,14.33,16.56,18.27,21.17,22.74,26.34
29093,24.0,24.43,28.36,33.87,39.7,44.45,50.99
29095,16.1,18.25,17.73,17.75,17.33,15.73,15.49
29097,15.1,10.9,13.29,14.74,17.12,17.42,19.87
29099,30.8,29.09,41.63,39.3,37.17,34.28,33.33
29101,5.7,6.21,8.01,7.43,6.75,4.65,4.09
29103,8.5,9.29,11.21,11.37,13.26,12.82,14.71
29105,9.6,12.2,12.89,11.91,10.47,8.99,9.34
29107,9.6,10.65,11.82,12.58,12.6,11.29,11.53
29109,14.2,17.81,17.72,18.99,20.97,21.23,23.88
29111,9.1,10.68,13.12,12.21,13.15,11.88,13.05
29113,19.5,22.67,26.34,25.35,24.83,23.3,23.04
29115,8.2,8.13,9.48,10.11,10.85,10.48,11.27
29117,14.5,17.89,18.08,16.33,14.13,10.76,8.38
29119,11.6,12.42,13.34,15.18,19.38,21.26,24.36
29121,7.1,7.97,9.16,9.85,11.28,12.06,14.57
29123,20.1,23.2,24.59,28.39,32.48,35.79,40.99
29125,18.5,19.16,22.46,25.53,28.48,31.05,35.59
29127,14.4,17.63,20.94,20.16,20.86,19.99,21.52
29129,7.3,7.93,9.2,9.72,10.41,10.01,10.21
29131,11.9,11.3,12.09,14.49,17.49,19.2,23.39
29133,9.2,11.97,14.33,14.54,16.43,16.41,18.26
29135,5.5,5.94,6.91,7.16,7.54,6.45,8.1
29137,9.8,10.7,11.48,12.21,13.96,14.78,17.36
29139,19.1,20.89,22.94,20.55,18.61,15.92,14.75
29141,11.8,9.8,11.94,12.24,12.75,12.09,13.48
29143,12.8,15.33,18.65,19.68,22.92,24.01,26.71
29145,10.3,12.62,12.82,15.42,19.75,21.66,25.71
29147,4.5,4.63,5.33,6.26,6.85,6.73,6.69
29149,10.8,11.78,13.9,13.11,14.12,13.8,15.04
29151,10.7,10.77,11.82,13.08,14.78,15.65,18.25
29153,13.2,15.61,16.3,18.61,21.77,23.78,28.36
29155,17.9,19.06,20.48,22.02,26.22,28.87,32.39
29157,13.4,12.48,18.25,18.19,17.8,16.58,17.03
29159,9.1,10.14,14.05,12.0,9.83,6.71,5.3
29161,17.6,18.16,23.25,29.82,37.16,43.81,52.1
29163,11.6,13.33,13.68,14.77,17.19,18.27,21.04
29165,10.2,11.58,12.44,12.36,12.05,10.42,9.14
29167,15.0,17.58,23.52,24.47,25.25,24.82,26.16
29169,19.3,23.15,27.99,25.05,22.57,19.73,19.13
29171,7.8,8.46,9.68,10.6,12.2,12.69,14.33
29173,8.8,10.35,11.75,12.86,15.27,16.36,19.54
29175,10.6,10.37,10.36,11.0,11.77,11.68,13.45
29177,12.0,11.03,16.15,15.38,13.76,11.15,9.56
29179,17.4,20.65,21.61,25.71,30.54,34.39,39.68
29181,14.5,15.69,19.26,19.14,21.0,21.99,23.7
29183,17.3,17.21,21.56,23.27,25.32,26.73,29.34
29185,7.5,8.23,9.69,10.49,11.35,11.19,12.44
29186,18.8,19.63,21.91,25.18,28.18,30.93,35.41
29187,40.1,32.91,35.46,33.51,31.53,28.69,28.01
29189,18.8,16.83,27.91,29.79,32.15,33.68,36.44
29195,12.6,10.73,13.58,15.11,16.77,16.92,18.42
29197,6.9,7.92,9.24,9.28,10.96,10.76,12.3
29199,7.3,8.1,9.1,9.64,12.11,12.3,14.48
29201,14.4,18.66,20.32,19.68,20.04,18.65,19.32
29203,11.7,13.36,13.94,14.75,16.59,16.98,19.68
29205,11.6,11.39,12.07,13.37,15.52,16.81,20.24
29207,11.7,14.23,14.31,15.75,18.46,19.82,22.63
29209,16.2,16.16,21.97,19.77,18.49,15.78,15.27
29211,9.4,9.69,10.99,12.23,14.0,14.31,15.79
29213,13.6,12.62,17.33,24.14,31.98,38.79,47.57
29215,11.7,13.66,17.05,16.85,17.1,16.7,18.13
29217,12.9,12.44,14.24,17.8,21.94,24.38,28.54
29219,22.1,26.1,23.99,27.37,31.08,34.38,38.96
29221,28.6,30.04,27.98,32.43,36.77,40.7,45.96
29223,27.6,22.54,24.14,24.87,26.23,26.43,28.19
29225,17.1,22.76,18.27,22.84,26.98,30.34,35.82
29227,7.2,7.88,9.18,10.36,11.41,11.19,10.86
29229,8.4,9.89,11.39,13.05,14.54,15.51,18.35
29510,37.3,34.16,57.02,65.28,73.79,81.28,90.23
30001,10.0,11.55,11.81,12.3,12.07,10.54,10.08
30003,10.8,10.66,13.08,12.13,11.88,10.71,10.24
30005,9.2,9.48,11.9,11.55,12.58,11.65,11.66
30007,8.7,8.99,10.02,10.86,10.98,9.94,10.16
30009,11.9,15.24,14.76,15.61,17.12,17.63,18.29
30011,7.2,7.75,8.99,9.59,11.15,11.38,12.14
30013,9.7,13.37,12.49,15.18,18.36,20.48,22.61
30015,9.5,10.49,11.11,11.92,13.2,13.07,13.85
30017,11.9,11.64,12.99,13.87,16.41,17.25,19.12
30019,12.5,12.8,15.5,15.74,15.95,13.78,13.65
30021,8.4,7.78,8.76,9.78,11.63,12.1,12.28
30023,21.9,23.47,27.88,28.33,28.19,26.45,25.01
30025,6.4,6.95,7.96,8.53,9.54,9.16,9.05
30027,9.7,11.11,13.32,14.27,15.91,16.3,17.07
30029,13.1,13.34,16.81,16.64,15.55,12.81,9.77
30031,6.6,7.18,6.77,8.89,10.57,11.21,13.26
30033,6.7,7.39,8.4,9.04,11.58,13.37,14.47
30035,15.9,16.29,16.47,18.22,20.45,21.34,21.84
30037,8.8,9.65,10.92,11.81,13.12,13.48,13.96
30039,10.7,11.68,14.15,14.61,13.82,11.77,9.41
30041,13.4,15.19,15.5,15.51,16.45,15.48,15.91
30043,11.9,12.89,13.82,16.07,17.3,17.43,18.41
30045,8.1,8.95,10.06,10.94,12.39,12.66,13.75
30047,19.5,21.54,20.09,22.59,24.82,25.76,25.73
30049,10.8,14.28,14.21,14.94,14.96,14.21,14.0
30051,8.5,9.36,10.6,11.34,12.5,11.99,12.36
30053,10.9,13.15,14.82,15.74,16.55,16.3,15.3
30055,7.7,8.35,9.52,10.36,11.83,11.98,12.85
30057,10.7,11.05,13.83,13.42,12.3,9.43,8.07
30059,9.2,9.53,10.67,11.61,12.53,11.82,12.16
30061,20.2,20.79,23.17,24.99,27.39,28.13,28.12
30063,13.2,14.99,14.25,13.43,12.63,9.92,6.8
30065,8.5,9.88,11.13,11.42,13.07,13.95,14.61
30067,16.9,17.25,18.19,19.34,20.73,21.04,23.09
30069,7.5,8.26,9.43,10.2,12.26,13.0,13.43
30071,6.2,6.65,7.76,8.27,9.78,9.6,10.57
30073,9.6,10.41,11.37,11.97,12.7,12.65,12.43
30075,8.8,8.94,10.28,11.09,13.4,14.06,16.12
30077,20.7,19.34,21.35,26.41,30.37,33.15,36.31
30079,7.8,8.53,9.77,10.53,12.28,12.99,13.57
30081,10.5,11.82,13.53,14.82,15.96,15.47,15.08
30083,10.7,12.88,13.98,15.83,19.0,19.93,21.53
30085,15.9,15.41,16.44,18.34,20.06,19.7,20.98
30087,7.1,7.63,8.71,9.38,11.31,12.09,13.31
30089,10.8,12.47,13.43,15.14,16.89,17.2,16.33
30091,11.0,11.95,14.48,14.88,15.5,13.86,13.84
30093,20.4,20.79,23.53,19.93,15.55,9.37,3.82
30095,8.4,9.5,9.74,11.01,12.58,12.92,14.28
30097,9.1,10.49,12.58,12.39,12.28,11.22,11.06
30099,11.6,11.39,14.83,14.58,14.77,14.85,14.11
30101,9.5,10.39,13.16,12.87,12.15,10.71,9.24
30103,8.7,9.51,10.9,11.66,13.54,14.8,16.18
30105,7.1,7.36,8.32,8.92,9.92,8.96,9.6
30107,9.4,10.25,11.67,12.58,13.94,13.84,14.75
30109,7.7,8.32,10.11,10.39,12.1,11.58,10.84
30111,13.9,16.85,15.12,16.89,18.77,19.75,21.15
31001,3.9,5.18,5.03,5.77,5.07,5.25,6.87
31003,3.3,3.62,4.13,4.38,3.97,4.13,5.83
31005,5.8,6.28,7.17,7.78,10.12,9.56,11.0
31007,8.2,9.07,10.11,11.11,12.87,13.15,13.96
31009,4.6,5.02,5.78,6.12,6.01,4.73,6.13
31011,3.9,4.56,4.97,5.32,4.58,4.33,6.11
31013,8.9,8.71,10.28,11.07,12.74,12.86,13.63
31015,4.3,4.75,5.27,5.63,5.57,5.11,6.68
31017,4.7,5.08,5.9,6.32,5.88,4.67,5.55
31019,5.7,5.84,6.24,8.3,9.45,10.17,12.79
31021,6.0,6.82,7.43,7.95,7.79,7.97,8.78
31023,3.7,4.28,4.7,5.18,4.29,4.49,5.05
31025,6.3,8.2,7.65,8.16,8.03,7.93,8.25
31027,3.9,4.47,5.13,5.49,5.68,5.19,5.92
31029,4.9,5.35,6.1,6.6,7.99,8.17,10.93
31031,5.1,5.29,6.0,6.57,6.5,5.28,5.62
31033,7.7,9.81,10.29,11.34,13.47,13.45,15.28
31035,3.6,3.94,4.44,4.85,3.64,3.41,4.27
31037,3.6,3.87,5.02,4.94,3.65,3.02,3.13
31039,4.4,5.09,5.51,5.81,4.88,4.53,4.89
31041,4.6,4.95,5.94,6.13,5.92,4.73,6.17
31043,4.5,4.45,5.34,5.55,5.2,3.96,4.02
31045,8.1,9.27,11.2,10.84,11.78,10.73,10.36
31047,4.1,4.17,4.54,5.29,5.5,4.38,6.21
31049,7.0,7.86,8.82,9.46,11.01,10.95,12.7
31051,3.6,3.89,4.49,4.91,4.84,4.1,4.42
31053,5.2,5.06,7.22,7.18,6.45,5.72,5.76
31055,8.9,8.79,8.92,10.73,12.05,13.1,15.03
31057,6.0,6.6,7.53,8.04,9.39,10.28,13.25
31059,4.2,4.75,5.33,5.68,4.82,4.85,5.6
31061,5.7,6.24,7.46,7.63,8.06,8.13,10.07
31063,4.5,4.87,5.6,6.08,6.88,6.49,8.66
31065,5.8,6.34,7.27,9.2,11.31,13.2,17.02
31067,6.1,6.53,7.0,7.13,6.27,5.9,6.3
31069,6.6,7.68,8.25,8.96,10.67,9.53,10.96
31071,5.9,6.47,7.4,8.75,10.15,10.95,13.97
31073,4.2,4.6,5.29,5.77,6.52,6.78,8.91
31075,5.3,5.81,6.6,7.18,9.29,8.94,10.28
31077,4.9,5.44,6.07,6.59,6.37,6.25,8.25
31079,4.3,4.3,5.57,5.65,4.56,3.84,4.7
31081,3.8,4.04,4.47,5.13,4.26,4.06,5.36
31083,5.1,5.89,6.43,7.01,7.52,7.9,10.22
31085,6.0,6.42,7.49,8.15,9.7,9.78,12.35
31087,7.0,7.65,8.78,9.48,10.9,11.7,14.61
31089,3.5,4.48,4.4,4.61,4.38,4.65,6.4
31091,4.9,5.36,6.07,6.56,7.51,7.45,8.82
31093,5.0,5.4,6.24,6.64,6.41,6.26,7.55
31095,5.4,5.4,5.9,6.61,6.45,7.02,7.95
31097,6.8,7.13,7.94,8.63,8.05,8.06,8.35
31099,5.5,5.73,6.49,7.44,7.69,8.25,10.45
31101,6.9,7.48,8.96,9.22,10.82,10.49,12.44
31103,5.2,5.69,6.52,6.95,6.47,5.26,6.31
31105,9.6,11.04,11.96,13.5,15.83,17.18,19.22
31107,3.7,3.99,4.66,4.99,4.65,4.28,5.36
31109,7.7,7.66,7.74,7.81,6.99,6.99,7.48
31111,7.5,6.7,6.63,7.7,9.28,8.78,11.11
31113,4.7,5.07,5.85,6.36,6.59,5.52,6.89
31115,4.7,5.15,5.76,6.34,6.84,6.57,8.69
31117,5.2,5.64,6.52,7.07,8.38,7.7,9.64
31119,4.1,4.19,5.62,5.65,5.06,4.45,5.54
31121,7.3,7.89,8.59,9.04,8.49,8.33,9.8
31123,7.2,7.97,8.9,9.74,10.93,10.48,11.3
31125,5.0,5.2,5.86,6.45,5.71,5.24,6.12
31127,8.2,9.43,9.61,10.8,11.63,12.34,13.29
31129,4.4,4.81,5.48,5.99,5.74,5.59,6.62
31131,5.3,6.47,6.53,7.04,7.03,7.34,8.08
31133,6.3,6.89,7.81,8.5,8.35,8.33,8.49
31135,6.6,7.22,8.28,8.82,10.44,10.18,12.12
31137,5.0,5.41,6.48,7.88,9.46,10.52,13.25
31139,3.7,3.77,4.48,4.7,4.55,4.59,5.67
31141,4.2,4.19,4.94,5.78,5.11,5.18,6.57
31143,4.4,4.82,5.41,5.92,4.67,4.61,5.08
31145,7.3,7.58,8.92,10.15,12.15,13.6,17.15
31147,7.9,8.96,9.81,10.54,10.7,10.73,10.64
31149,4.6,5.06,5.8,6.2,5.87,5.53,6.76
31151,3.9,4.28,5.1,5.28,4.32,4.69,5.31
31153,5.8,5.74,7.35,7.37,6.73,5.78,5.81
31155,4.3,4.69,5.29,5.71,5.01,4.85,5.12
31157,6.5,8.16,8.46,8.98,9.62,8.76,9.15
31159,4.5,5.37,5.65,6.29,5.93,6.26,6.82
31161,5.8,6.43,7.36,8.31,9.8,9.87,10.62
31163,4.3,4.68,5.27,5.76,5.53,4.83,5.96
31165,7.8,8.55,9.7,10.33,11.57,11.8,12.73
31167,4.1,4.52,5.21,5.77,5.62,5.55,6.73
31169,4.2,4.82,5.24,5.95,5.65,5.72,6.69
31171,4.7,5.13,5.77,6.34,6.61,5.79,6.71
31173,5.9,6.1,7.25,7.83,7.84,8.11,8.81
31175,4.9,5.28,6.09,6.6,6.35,5.7,7.24
31177,3.7,3.99,4.62,4.95,4.66,4.08,4.43
31179,3.3,3.59,4.31,4.51,4.12,3.41,3.62
31181,5.1,5.64,7.16,6.98,6.51,6.46,7.71
31183,4.8,4.95,5.61,6.12,5.58,5.87,7.55
31185,5.5,6.32,7.51,9.07,9.21,10.22,12.2
32001,24.9,27.73,26.96,29.48,30.96,33.75,36.41
32003,19.7,21.25,22.49,21.59,19.7,16.84,16.89
32005,20.4,21.13,23.27,22.54,21.6,21.35,20.8
32007,11.5,13.35,13.07,14.76,16.58,18.47,20.13
32009,14.3,15.73,18.08,19.17,19.37,19.41,19.64
32011,13.9,15.24,17.33,18.63,19.14,20.83,22.26
32013,13.3,14.41,17.12,18.23,18.49,18.96,18.75
32015,19.7,21.42,25.51,26.08,25.88,26.12,26.08
32017,15.7,17.19,24.37,21.09,17.1,12.94,10.56
32019,18.2,19.9,21.72,28.28,34.11,40.88,47.62
32021,21.6,26.37,29.95,30.35,31.24,31.54,32.47
32023,27.1,34.56,37.18,38.23,37.74,36.93,38.14
32027,16.7,19.18,20.68,23.36,24.26,26.16,27.98
32029,19.0,24.65,23.66,25.85,27.69,30.37,32.75
32031,19.1,21.65,24.15,27.77,30.75,34.58,38.16
32033,25.6,24.9,29.3,33.03,35.35,38.39,41.96
32510,22.7,35.72,29.14,34.11,38.61,43.91,48.82
33001,20.6,28.72,30.09,36.55,43.36,48.65,55.0
33003,19.0,25.91,28.03,29.77,31.74,32.17,33.63
33005,18.9,16.5,23.98,26.89,31.13,33.71,38.24
33007,25.2,28.05,26.31,29.35,32.31,34.44,37.74
33009,13.9,16.03,16.06,19.94,24.59,27.5,31.54
33011,26.2,37.16,45.43,42.72,41.14,37.4,35.12
33013,24.3,23.47,24.96,25.4,26.91,26.48,27.36
33015,22.2,29.16,32.43,30.55,29.64,26.81,25.13
33017,31.0,30.8,36.38,37.82,39.5,39.97,41.39
33019,14.6,17.05,21.12,16.99,13.95,9.21,5.98
34001,23.2,24.38,35.98,48.38,60.71,73.01,87.26
34003,9.5,10.61,13.31,15.54,18.01,19.41,22.88
34005,16.4,20.07,25.08,36.83,48.35,59.75,73.29
34007,25.8,30.34,37.57,54.17,70.31,86.33,104.29
34009,20.4,25.17,32.97,47.63,62.23,76.84,92.78
34011,19.1,19.56,31.89,46.09,60.35,74.27,89.9
34013,12.3,14.58,23.58,32.12,41.08,49.37,59.32
34015,23.0,26.56,34.32,47.37,59.87,72.44,86.53
34017,8.3,11.73,15.47,19.06,22.85,25.94,30.98
34019,10.4,11.94,15.16,18.01,20.89,23.85,27.83
34021,12.0,15.35,17.12,25.14,33.38,41.18,50.98
34023,13.8,12.68,20.0,24.96,30.57,35.59,42.32
34025,17.0,18.21,24.73,29.52,34.31,38.55,44.75
34027,10.6,10.71,15.57,20.06,25.09,29.2,35.45
34029,22.1,24.47,37.72,36.75,36.01,34.58,35.46
34031,10.5,12.9,17.79,21.67,25.64,28.8,33.66
34033,20.5,27.46,31.06,34.04,36.92,39.81,44.1
34035,9.9,10.45,14.79,18.92,23.32,27.24,32.75
34037,12.0,18.39,24.85,24.83,25.59,24.97,26.64
34039,8.9,11.42,15.39,20.47,25.68,30.68,37.18
34041,15.7,18.96,24.15,30.62,37.49,43.8,51.51
35001,29.4,29.31,28.96,27.6,25.88,25.06,24.0
35003,24.5,25.15,26.79,28.51,29.42,30.58,32.47
35005,17.2,19.81,23.94,31.83,39.74,47.52,55.58
35006,17.7,15.64,24.57,18.1,11.84,6.0,0.38
35007,24.5,25.43,35.28,33.24,31.28,29.21,27.06
35009,15.3,15.18,18.78,17.56,17.9,16.7,15.42
35011,18.0,18.7,21.26,24.0,27.15,29.42,31.89
35013,17.1,18.37,15.36,17.92,18.6,20.35,21.83
35015,26.0,28.62,22.81,27.84,33.48,38.95,44.22
35017,28.4,31.29,31.84,38.63,42.11,48.65,54.17
35019,27.9,31.8,38.49,39.0,40.13,40.82,42.11
35021,15.5,17.04,19.35,20.73,22.22,22.19,23.82
35023,22.8,19.96,24.47,25.44,24.44,25.93,26.79
35025,16.3,17.04,20.05,20.29,20.95,20.87,19.69
35027,31.8,25.06,42.9,33.86,24.53,15.43,6.48
35028,15.4,16.35,19.43,23.18,27.51,32.07,36.47
35029,14.6,14.96,18.17,20.6,20.05,21.82,23.08
35031,13.0,13.09,14.49,13.38,12.32,11.54,11.31
35033,24.2,24.73,28.48,29.69,31.37,32.68,33.77
35035,22.2,21.69,22.19,22.31,20.82,20.2,19.42
35037,21.6,27.37,25.4,26.65,29.54,29.9,31.64
35039,87.9,72.74,78.43,79.53,81.11,83.09,84.55
35041,13.2,14.93,16.24,17.02,19.3,19.78,20.75
35043,22.8,18.47,17.88,20.85,24.23,28.08,31.46
35045,16.8,15.41,17.12,20.13,23.16,26.41,31.01
35047,36.1,33.31,45.1,42.28,39.51,36.41,32.88
35049,29.9,31.56,32.51,27.13,22.72,18.14,13.2
35051,30.4,34.22,34.71,35.05,32.99,32.35,31.81
35053,25.6,24.79,26.68,26.78,25.72,25.11,24.66
35055,26.7,30.74,29.24,29.77,30.6,32.04,33.04
35057,32.6,30.17,33.59,39.91,46.69,54.03,61.22
35059,12.7,13.13,14.88,15.85,17.52,17.51,18.57
35061,27.2,22.17,28.52,37.71,46.31,55.25,64.51
36001,11.7,12.09,11.92,15.18,18.81,20.71,25.05
36003,7.2,7.66,8.96,9.96,12.3,14.83,17.42
36005,10.3,14.62,21.33,24.02,26.78,28.7,32.28
36007,17.3,17.71,30.93,30.6,31.6,32.41,33.72
36009,9.2,14.96,18.0,15.8,15.27,14.33,13.83
36011,12.4,17.16,19.14,22.53,26.61,29.55,33.79
36013,13.3,17.53,22.76,26.02,29.86,33.65,37.97
36015,13.3,15.79,21.48,26.15,31.91,37.63,43.61
36017,10.7,10.55,12.32,12.09,12.38,11.86,12.3
36019,10.8,11.42,12.51,15.86,19.15,20.6,23.82
36021,12.8,13.4,17.55,22.13,26.48,29.08,33.94
36023,10.6,13.82,15.13,18.66,23.23,26.96,31.54
36025,11.3,13.6,18.77,16.74,14.74,11.7,9.98
36027,16.1,20.68,22.31,28.24,34.17,38.38,44.17
36029,15.6,27.74,31.18,29.62,28.85,28.16,27.68
36031,9.3,12.07,13.17,11.64,11.14,8.34,7.28
36033,8.6,11.09,9.95,10.93,11.77,10.8,11.5
36035,8.9,10.35,12.05,12.12,12.52,11.79,12.12
36037,10.0,14.57,19.43,19.64,20.49,20.64,21.11
36039,18.3,18.95,22.25,24.19,25.5,25.67,27.75
36041,7.9,8.08,9.75,9.95,11.48,11.04,12.59
36043,8.0,9.41,12.12,11.99,12.56,11.87,12.59
36045,12.4,12.29,18.16,17.54,17.35,16.39,16.51
36047,8.6,9.72,13.37,14.54,15.79,16.37,18.66
36049,10.5,10.22,13.51,20.13,26.89,32.63,40.01
36051,8.0,9.7,13.01,13.99,15.96,16.92,18.29
36053,12.6,11.77,15.94,12.26,8.9,5.12,2.02
36055,14.5,13.85,17.08,25.13,33.84,41.07,49.57
36057,9.1,11.6,13.73,13.38,13.3,11.97,12.23
36059,12.5,14.5,15.97,16.97,17.52,17.65,19.34
36061,10.4,11.32,16.3,16.88,17.6,17.39,19.06
36063,15.9,22.15,22.78,21.76,20.87,19.85,18.9
36065,15.4,15.65,21.8,22.53,23.14,22.8,23.76
36067,16.0,19.48,28.79,21.6,15.05,7.63,1.22
36069,11.0,10.65,14.6,16.69,19.75,21.65,24.95
36071,17.5,18.57,20.98,24.25,28.77,31.81,36.1
36073,7.9,8.18,10.25,9.08,8.13,6.61,5.77
36075,14.5,17.74,20.11,19.52,19.03,17.7,17.13
36077,11.6,12.46,16.48,14.87,13.36,10.47,9.55
36079,14.4,16.36,19.65,25.97,32.34,37.14,43.36
36081,6.7,7.63,11.5,12.43,13.18,13.29,15.21
36083,7.7,10.92,9.93,12.47,15.05,16.18,19.58
36085,17.9,18.43,25.69,25.81,26.44,26.22,27.5
36087,7.3,10.37,12.79,13.06,13.66,13.08,14.03
36089,9.2,10.14,12.48,12.79,13.04,11.91,11.91
36091,9.2,9.28,8.04,8.99,10.48,9.8,11.86
36093,8.0,10.45,16.4,20.6,25.07,27.92,32.8
36095,6.6,8.07,10.25,10.23,10.23,8.73,8.88
36097,7.5,9.47,9.97,10.81,12.63,14.04,16.26
36099,9.9,11.88,11.87,12.05,12.84,12.59,13.42
36101,10.9,9.55,14.38,14.91,16.77,18.67,20.6
36103,17.2,18.63,24.89,31.0,37.01,41.77,48.6
36105,25.5,26.25,27.34,36.07,45.9,54.8,64.96
36107,15.6,13.42,15.69,16.44,18.64,20.53,22.91
36109,12.1,12.54,16.57,17.84,20.4,22.35,25.0
36111,13.1,17.12,27.34,28.19,28.85,28.29,29.57
36113,8.2,8.76,10.16,10.33,11.31,10.18,11.32
36115,6.7,6.57,7.88,9.71,12.63,12.97,15.82
36117,8.1,9.05,11.2,11.37,12.73,12.38,13.37
36119,9.6,11.6,14.76,15.02,15.1,14.4,15.2
36121,7.2,9.49,11.93,13.91,17.02,19.79,22.86
36123,8.0,9.01,10.37,13.15,16.82,19.74,23.49
37001,13.8,12.92,14.51,24.23,34.83,44.84,54.47
37003,19.7,26.66,25.21,22.74,20.92,19.01,17.38
37005,16.9,18.92,20.63,22.51,24.98,26.73,29.27
37007,11.6,13.4,14.38,16.22,19.35,21.63,24.26
37009,17.4,17.98,20.37,20.38,20.88,21.29,22.09
37011,16.6,20.99,24.13,21.61,20.49,19.34,17.77
37013,16.0,18.2,20.78,30.65,41.23,51.55,62.96
37015,9.1,10.93,14.28,15.17,17.29,19.32,21.97
37017,21.9,18.96,19.52,22.35,26.28,29.44,34.26
37019,20.5,25.6,31.64,36.44,42.59,48.66,55.57
37021,16.5,17.34,23.01,38.06,54.21,70.63,86.53
37023,29.9,36.76,33.19,32.42,32.38,32.78,32.75
37025,14.8,16.65,20.67,30.16,40.01,50.01,59.27
37027,21.5,30.66,30.74,25.92,21.92,18.36,15.02
37029,13.5,17.84,18.37,21.14,24.93,28.73,33.77
37031,25.8,28.46,29.72,30.54,31.78,32.77,35.35
37033,12.6,13.92,16.79,21.58,27.27,32.18,37.26
37035,19.6,19.57,24.84,25.64,26.5,27.92,29.0
37037,10.5,9.09,9.57,13.9,18.97,23.63,28.17
37039,25.5,26.06,31.81,34.19,38.52,42.0,46.07
37041,10.9,13.75,14.98,18.13,22.27,26.66,31.47
37043,24.1,22.83,29.51,30.83,33.95,35.86,38.73
37045,17.0,24.5,21.26,17.92,15.2,12.59,9.79
37047,19.5,18.41,26.86,25.16,24.52,24.11,24.32
37049,19.1,25.5,30.89,35.36,39.85,44.68,50.66
37051,13.6,15.67,18.26,28.68,40.1,50.97,62.58
37053,15.0,17.72,20.35,24.58,30.08,35.57,42.37
37055,24.9,22.59,23.43,34.57,46.41,58.03,71.17
37057,20.2,19.18,25.28,31.82,39.58,47.21,54.11
37059,16.8,16.26,27.97,24.16,21.15,18.14,14.44
37061,9.4,10.21,10.18,10.82,12.19,13.64,16.17
37063,9.3,9.51,11.33,15.31,20.18,24.38,28.51
37065,14.6,15.72,19.91,20.22,21.55,22.12,23.75
37067,15.9,18.33,21.83,22.98,25.74,27.65,29.47
37069,12.4,14.22,17.84,18.52,21.12,23.07,24.94
37071,21.8,22.14,30.09,26.77,24.23,21.64,18.72
37073,11.5,14.63,16.6,18.05,20.28,22.41,25.45
37075,21.2,26.69,28.14,29.8,32.83,35.21,38.18
37077,13.3,12.48,16.12,18.38,22.52,25.77,28.78
37079,11.3,11.25,13.15,14.38,16.39,18.13,20.35
37081,10.9,12.77,18.11,22.74,28.18,33.28,38.02
37083,14.3,18.14,19.04,16.23,15.07,13.18,12.15
37085,13.0,14.26,15.42,23.17,31.78,40.13,48.99
37087,18.6,22.65,25.31,31.11,38.42,45.97,52.86
37089,15.3,19.41,18.88,27.93,37.84,48.22,57.96
37091,9.3,10.33,12.65,14.14,17.01,19.53,22.55
37093,11.9,11.84,13.16,15.32,18.06,20.67,23.34
37095,15.9,17.22,21.76,25.5,29.99,34.08,39.31
37097,16.0,16.24,22.14,22.72,23.69,24.84,25.58
37099,18.4,19.94,29.83,30.8,33.0,35.44,37.64
37101,10.5,14.18,13.35,17.93,22.97,27.79,33.62
37103,15.9,19.37,24.22,27.66,31.44,35.57,40.86
37105,14.2,17.14,18.32,26.92,36.46,45.74,55.13
37107,11.3,14.97,14.63,22.71,31.48,40.17,49.29
37109,15.2,15.55,22.74,18.52,14.5,10.55,5.9
37111,17.2,21.0,30.97,30.77,31.54,32.55,33.16
37113,18.0,22.29,24.5,27.17,31.21,35.32,39.32
37115,17.0,20.27,18.64,21.6,26.18,30.73,35.21
37117,13.6,15.22,16.01,21.15,26.87,32.53,39.0
37119,10.7,10.94,15.7,18.39,21.57,24.75,27.46
37121,24.3,29.63,30.06,29.54,30.06,30.5,30.78
37123,10.0,12.8,12.16,17.65,24.33,30.7,36.41
37125,13.8,14.77,16.46,18.12,21.12,24.21,26.83
37127,12.0,15.25,21.13,17.6,15.47,12.24,10.12
37129,20.2,24.58,30.51,35.9,42.16,48.43,55.83
37131,9.6,10.64,11.82,13.49,16.52,19.25,22.6
37133,12.2,13.02,19.95,19.11,18.36,17.87,18.71
37135,8.4,9.17,12.19,12.64,14.26,15.02,15.63
37137,23.9,26.06,26.53,33.36,39.91,46.94,54.97
37139,13.0,15.08,17.68,20.73,25.0,29.17,34.49
37141,13.6,21.65,25.9,24.68,24.01,23.02,23.43
37143,13.3,16.14,16.79,17.03,18.19,19.49,21.62
37145,13.1,15.03,15.18,19.15,24.67,29.0,33.31
37147,15.4,12.84,15.63,25.13,34.85,44.48,54.82
37149,17.2,20.08,23.29,27.91,33.2,38.76,43.87
37151,16.6,23.09,25.58,35.31,46.08,56.62,66.05
37153,23.2,26.19,22.09,23.81,26.23,28.74,31.24
37155,16.8,15.15,16.71,19.29,22.77,26.01,29.94
37157,15.3,18.25,26.15,27.93,31.08,33.25,35.91
37159,23.2,26.35,31.15,45.3,60.1,74.86,88.68
37161,20.9,29.68,28.18,31.28,35.17,38.83,42.39
37163,21.1,16.79,19.64,19.56,20.45,20.76,22.16
37165,16.4,18.9,18.43,18.14,19.02,19.46,20.4
37167,16.5,21.94,20.87,30.43,41.1,51.56,61.11
37169,19.0,25.11,31.04,37.24,44.83,51.98,58.97
37171,20.8,20.37,23.71,28.21,32.8,37.13,41.79
37173,23.6,26.72,28.76,37.09,46.7,56.59,66.06
37175,18.7,20.02,24.12,26.46,29.82,33.61,36.85
37177,14.7,15.12,18.89,19.07,19.98,20.6,22.53
37179,9.9,11.28,12.01,14.51,17.64,20.11,22.68
37181,15.6,17.79,19.83,25.75,33.68,40.51,47.63
37183,8.3,8.97,11.94,14.13,17.1,19.94,23.24
37185,8.7,9.73,11.32,11.15,12.89,13.56,14.65
37187,9.2,10.2,12.22,12.84,14.09,15.51,17.66
37189,11.2,14.3,14.5,12.89,11.91,10.94,9.74
37191,10.3,11.87,15.69,18.0,21.15,24.15,27.81
37193,39.3,38.41,41.86,34.84,28.39,21.78,15.46
37195,10.3,11.84,15.55,16.47,18.69,20.1,22.26
37197,26.3,21.38,23.66,25.37,27.53,30.06,32.2
37199,29.2,28.17,28.97,29.32,31.0,32.73,34.4
38001,5.1,5.57,6.31,6.81,7.4,7.32,6.21
38003,5.0,5.23,5.92,6.29,4.82,3.47,1.51
38005,11.7,13.32,14.29,16.15,16.62,16.06,15.75
38007,6.5,7.2,8.16,8.62,9.55,8.99,8.46
38009,5.4,5.93,7.52,7.23,7.1,5.81,5.17
38011,5.5,6.01,6.77,7.3,8.57,8.37,7.95
38013,5.5,6.03,6.87,7.4,8.64,8.72,9.41
38015,4.8,6.63,7.51,7.93,7.36,6.98,6.29
38017,6.5,6.34,10.37,8.64,5.43,2.41,-1.38
38019,5.6,6.11,6.93,7.54,6.7,5.11,3.09
38021,3.7,3.98,4.91,5.02,3.24,1.5,-0.17
38023,7.0,7.64,8.76,9.46,10.49,9.92,10.05
38025,6.2,7.25,8.27,8.47,8.85,7.68,6.54
38027,4.5,4.98,5.61,6.1,4.94,3.36,1.62
38029,7.1,7.06,8.27,8.53,8.23,7.26,6.54
38031,3.4,3.75,4.3,4.64,3.41,1.83,0.23
38033,6.4,7.0,8.6,8.69,9.84,8.71,7.83
38035,7.7,7.65,9.22,9.13,7.97,6.57,4.36
38037,5.2,5.77,6.51,7.0,7.89,8.15,7.75
38039,4.0,4.28,4.99,5.34,3.9,2.51,0.7
38041,4.8,5.33,6.1,6.48,6.9,6.14,5.27
38043,4.2,4.62,5.24,5.65,4.92,3.88,3.38
38045,3.7,4.04,4.63,4.99,3.48,1.92,0.37
38047,3.9,4.16,4.86,5.2,3.88,2.87,2.16
38049,4.4,4.86,5.53,6.24,6.41,5.6,5.14
38051,4.5,4.65,5.24,5.6,4.06,2.31,1.6
38053,11.2,12.68,11.64,12.35,14.12,13.57,13.51
38055,5.7,7.02,7.47,8.54,9.41,9.52,9.85
38057,5.4,5.95,6.29,6.73,7.37,6.98,6.75
38059,5.8,6.11,7.78,7.94,7.49,7.28,6.97
38061,8.3,10.68,10.24,12.9,16.23,17.74,19.63
38063,5.3,5.78,7.06,7.26,6.5,4.45,2.33
38065,5.1,5.54,6.35,6.8,7.2,7.1,6.84
38067,6.3,6.89,7.86,7.94,7.14,5.39,3.66
38069,5.0,5.51,6.67,6.93,6.19,4.22,2.64
38071,6.4,7.39,7.63,8.6,7.96,5.8,4.13
38073,5.1,5.51,6.65,6.8,4.87,3.15,1.12
38075,5.1,5.63,6.75,6.97,6.33,5.24,4.55
38077,5.6,7.41,7.44,7.76,6.46,5.57,3.82
38079,7.2,8.77,9.47,10.04,10.64,9.73,9.29
38081,4.3,4.76,5.65,5.77,4.41,3.17,1.98
38083,4.5,4.99,5.7,6.1,6.67,6.07,5.46
38085,9.1,11.13,11.41,13.59,15.17,16.45,17.75
38087,5.8,6.33,7.23,7.79,8.64,8.18,7.8
38089,7.7,9.17,11.35,11.21,10.92,9.76,8.1
38091,5.4,5.89,6.92,7.22,6.68,5.83,4.4
38093,4.1,4.69,4.98,6.05,5.18,3.95,2.95
38095,6.9,7.59,8.54,9.74,10.32,9.09,8.36
38097,5.7,6.23,7.63,8.07,7.45,6.54,4.7
38099,5.2,5.72,6.88,7.81,7.21,5.94,4.49
38101,4.8,5.57,5.48,6.46,6.62,5.74,5.21
38103,4.0,4.37,4.9,5.3,4.98,3.79,3.12
38105,8.9,9.95,11.01,14.25,18.68,20.83,23.09
39001,33.3,39.9,41.05,50.31,60.3,69.23,79.55
39003,13.0,16.38,22.81,30.68,37.92,44.95,52.73
39005,12.1,13.15,18.89,16.66,13.96,10.71,7.95
39007,26.7,24.6,38.05,39.76,41.29,42.14,44.86
39009,14.1,14.65,17.52,16.93,17.09,16.35,17.52
39011,8.1,11.42,11.72,11.79,11.56,10.86,11.04
39013,19.1,21.93,26.03,27.86,30.11,31.51,33.92
39015,36.4,48.42,44.62,58.1,72.21,85.32,99.41
39017,41.0,49.66,56.04,67.74,80.87,93.08,105.75
39019,13.5,14.8,16.05,19.3,22.31,25.09,28.8
39021,22.8,21.7,27.79,35.13,42.67,49.82,57.97
39023,29.0,46.96,53.54,64.46,76.15,86.74,98.86
39025,38.6,47.68,48.6,48.98,50.89,51.48,52.71
39027,30.7,40.81,35.83,57.08,79.76,101.26,123.99
39029,19.7,26.65,35.77,42.17,48.29,54.14,61.05
39031,10.5,11.91,14.19,16.17,18.14,19.53,22.07
39033,21.5,24.82,25.55,35.26,44.99,53.72,63.68
39035,22.5,23.93,43.8,47.65,50.75,53.72,57.67
39037,21.4,25.51,33.3,43.52,53.31,62.96,73.13
39039,13.3,15.29,15.41,13.43,10.33,6.18,3.99
39041,7.8,9.62,9.43,14.86,20.31,25.29,30.91
39043,20.9,25.81,39.18,38.8,38.17,37.12,36.96
39045,12.1,13.39,17.51,26.91,37.4,46.36,56.6
39047,32.3,38.48,32.18,60.24,89.34,116.66,145.26
39049,18.7,23.81,26.42,34.27,43.23,51.03,59.82
39051,12.0,13.83,17.96,14.06,8.58,2.47,-1.86
39053,25.8,30.43,37.03,49.48,61.97,73.87,87.65
39055,13.1,14.49,23.0,22.58,21.19,19.65,19.59
39057,23.8,27.51,29.82,41.27,53.64,64.92,77.48
39059,20.5,22.74,26.91,26.54,25.88,25.09,25.41
39061,31.5,42.71,41.9,54.25,67.98,80.55,94.08
39063,15.3,17.88,21.92,32.29,41.8,50.6,60.45
39065,14.6,20.16,24.05,26.65,28.84,31.3,34.39
39067,14.0,15.75,15.51,21.22,26.82,32.16,38.47
39069,10.5,14.36,15.24,14.12,11.67,8.72,7.32
39071,26.6,30.22,35.02,50.19,66.47,81.22,97.51
39073,18.0,17.92,22.67,25.36,29.44,32.32,36.63
39075,4.8,5.43,8.22,8.22,8.1,7.22,7.76
39077,25.0,21.3,28.77,39.43,49.83,59.83,70.57
39079,30.0,29.44,30.11,34.25,39.2,43.08,48.86
39081,29.9,27.28,28.12,37.43,47.09,56.19,67.13
39083,14.4,16.37,18.77,21.56,24.49,26.53,29.65
39085,23.8,23.08,40.17,40.99,41.13,41.38,42.65
39087,19.8,33.51,41.81,50.41,58.79,66.41,75.8
39089,17.6,20.41,15.91,23.65,32.0,39.52,48.23
39091,15.4,19.75,27.09,30.15,33.08,35.68,39.72
39093,23.7,23.27,44.19,42.64,40.67,38.74,37.36
39095,27.1,29.09,36.63,37.34,36.6,34.86,34.6
39097,17.8,19.55,29.35,34.65,40.79,45.77,51.89
39099,22.6,27.63,37.26,47.56,57.63,67.29,78.62
39101,33.4,31.9,36.11,42.36,48.9,54.79,61.58
39103,11.2,17.18,24.62,22.99,21.03,18.88,17.84
39105,21.0,22.1,29.85,27.23,24.82,21.96,20.77
39107,9.1,9.15,11.34,14.58,17.34,20.2,23.5
39109,19.2,19.3,32.25,38.59,44.91,50.64,57.6
39111,13.8,13.28,14.49,15.91,17.57,18.21,20.77
39113,49.1,49.74,59.74,91.12,123.24,154.56,186.9
39115,14.9,13.57,17.96,16.35,15.1,13.12,13.1
39117,19.6,18.12,21.22,27.58,33.99,39.92,46.36
39119,11.9,16.23,15.91,21.91,27.94,33.49,40.24
39121,11.7,16.07,16.91,16.19,15.37,14.55,15.13
39123,12.8,15.12,25.1,21.75,17.85,12.94,9.79
39125,8.9,8.53,9.36,10.67,10.94,10.21,11.21
39127,14.0,18.23,17.8,19.7,22.61,24.28,27.36
39129,18.0,20.12,20.27,27.06,35.49,42.01,49.78
39131,25.2,36.13,33.33,49.61,66.58,82.48,100.02
39133,18.2,21.33,28.13,23.65,18.61,13.48,9.54
39135,24.3,30.4,42.13,56.87,72.31,86.41,101.38
39137,7.4,9.22,10.09,10.96,10.73,10.07,10.84
39139,24.4,27.95,46.97,41.07,34.95,28.2,22.24
39141,35.9,44.24,49.18,42.46,37.55,30.57,24.93
39143,18.6,19.2,27.64,29.71,31.44,32.58,34.9
39145,32.9,40.12,45.97,63.65,81.53,98.44,116.94
39147,15.9,17.0,15.88,24.59,32.4,39.64,48.48
39149,16.5,18.43,25.55,32.99,40.47,47.32,55.38
39151,18.2,20.18,27.76,26.72,25.21,23.4,22.52
39153,23.1,32.17,52.76,45.91,38.65,31.33,24.95
39155,29.4,41.72,53.98,63.27,72.39,81.49,91.85
39157,10.3,11.37,14.43,18.48,22.55,25.95,30.79
39159,13.1,13.53,16.2,18.95,21.92,24.57,27.9
39161,12.9,12.63,17.75,19.85,21.45,22.69,24.3
39163,27.9,28.58,31.62,32.17,33.71,34.18,36.44
39165,18.8,21.12,25.43,36.36,48.85,60.29,72.72
39167,16.7,16.1,27.74,21.88,15.52,9.31,4.49
39169,11.8,16.46,25.75,19.36,13.23,6.01,0.02
39171,9.5,10.4,15.98,14.55,12.2,8.32,6.4
39173,11.7,14.88,16.13,14.61,11.66,8.26,6.07
39175,9.6,11.6,14.86,16.29,16.69,17.07,18.38
40001,18.1,18.14,23.5,26.56,32.32,36.72,41.49
40003,10.6,11.63,13.95,14.2,16.46,16.3,16.84
40005,17.5,20.22,25.08,22.96,23.95,22.46,23.0
40007,9.5,9.78,10.4,12.59,16.04,17.42,19.87
40009,16.2,18.93,24.23,25.48,30.14,31.11,33.3
40011,14.6,19.4,21.3,20.71,22.81,21.58,21.51
40013,16.6,20.86,27.39,23.69,23.09,20.53,19.64
40015,20.2,18.78,28.1,26.37,26.48,23.85,22.93
40017,12.9,12.16,13.74,13.09,15.87,15.02,15.19
40019,30.1,29.69,28.69,32.13,37.63,40.85,46.44
40021,26.0,23.68,28.86,24.49,23.12,19.37,16.69
40023,19.0,22.63,26.14,21.96,21.38,18.59,17.29
40025,12.0,12.31,13.99,15.09,17.03,16.86,18.24
40027,14.8,17.77,17.57,14.83,15.01,12.87,11.87
40029,21.7,26.13,28.73,34.61,43.68,50.35,58.98
40031,20.3,13.92,17.26,15.48,15.78,13.4,12.91
40033,16.0,16.77,20.64,21.07,23.4,23.11,25.06
40035,16.4,21.43,21.23,24.61,29.98,32.74,37.07
40037,26.6,22.18,25.08,25.0,26.91,26.36,27.6
40039,11.3,12.7,12.7,14.37,18.88,19.74,22.28
40041,21.2,16.56,21.53,19.74,20.36,18.39,17.83
40043,10.0,10.38,12.98,13.36,15.69,15.18,16.57
40045,10.4,10.65,12.81,13.17,14.33,13.35,14.2
40047,13.5,11.97,13.2,15.11,19.47,21.62,24.06
40049,20.8,30.1,33.51,34.3,37.59,38.17,40.82
40051,20.3,19.29,23.28,21.6,22.71,20.66,20.47
40053,9.3,10.6,11.76,13.25,16.85,18.43,20.73
40055,17.3,19.88,21.36,24.34,30.37,33.45,37.94
40057,14.3,15.74,17.56,20.09,25.3,27.9,32.23
40059,7.9,8.65,9.82,10.51,11.73,11.59,13.03
40061,20.1,19.34,21.14,24.23,30.84,35.44,40.92
40063,15.6,15.15,16.36,24.11,34.82,43.2,52.87
40065,15.0,17.5,18.04,20.96,27.08,29.77,34.57
40067,24.7,25.28,31.16,33.96,38.43,40.86,45.34
40069,30.7,31.47,41.35,36.21,33.68,29.83,27.5
40071,12.4,14.05,17.08,20.57,25.95,29.62,33.78
40073,9.3,11.17,12.11,14.98,20.81,23.91,27.75
40075,17.2,18.46,20.0,24.84,33.12,37.79,44.33
40077,18.4,22.81,25.38,32.19,42.16,50.74,59.64
40079,22.0,22.56,27.6,27.06,29.83,30.94,32.92
40081,18.2,20.97,23.9,20.77,20.4,17.62,16.07
40083,10.7,12.91,12.84,15.84,22.31,25.91,30.38
40085,22.0,23.25,28.73,28.7,30.92,30.96,33.15
40087,18.5,22.04,19.69,21.95,26.89,29.17,32.97
40089,17.7,18.28,27.12,26.91,30.45,31.86,34.91
40091,28.3,25.09,26.54,32.66,41.59,48.07,55.79
40093,8.1,8.93,10.07,12.63,17.61,19.39,22.16
40095,14.5,14.25,18.0,18.21,21.39,22.46,25.18
40097,22.2,26.54,24.23,27.12,32.57,35.69,40.25
40099,32.7,32.43,33.64,33.46,35.43,35.64,37.83
40101,34.8,29.15,32.59,25.63,21.72,15.42,10.24
40103,15.6,16.2,17.14,18.14,22.1,23.8,26.44
40105,11.9,14.19,15.33,17.6,21.73,23.44,26.21
40107,21.9,20.34,21.64,25.07,30.47,34.03,38.55
40109,20.8,19.62,21.42,21.71,24.92,25.11,26.45
40111,19.1,20.39,25.32,27.41,31.75,33.73,37.01
40113,14.8,16.54,18.42,27.13,37.89,46.84,57.0
40115,18.1,20.96,22.01,24.33,28.25,29.57,32.86
40117,25.0,32.88,30.62,31.83,34.77,36.37,39.1
40119,9.4,11.06,13.21,10.61,10.42,8.2,6.92
40121,28.0,22.92,24.76,26.5,30.97,33.87,37.56
40123,19.1,22.79,24.23,22.2,22.61,20.82,20.86
40125,17.5,23.85,26.13,23.52,23.53,21.05,19.96
40127,19.8,26.14,37.49,29.66,25.48,19.16,14.3
40129,8.5,9.41,11.53,11.59,14.01,13.28,13.54
40131,13.7,14.34,13.88,14.87,18.02,18.82,21.1
40133,22.0,22.75,26.61,26.53,28.82,28.97,30.56
40135,29.3,25.39,33.32,31.31,32.73,32.95,33.56
40137,23.7,23.91,23.15,22.78,24.24,23.15,24.31
40139,14.0,13.01,13.07,13.77,16.27,16.57,17.81
40141,16.0,17.11,17.55,18.69,22.81,23.4,25.7
40143,19.1,17.94,20.43,21.72,25.28,26.6,29.3
40145,23.3,21.52,19.53,23.52,29.72,33.45,38.75
40147,18.0,15.19,17.89,20.16,24.2,26.27,29.2
40149,21.1,20.66,20.85,24.24,30.75,33.62,38.31
40151,11.2,14.3,17.35,16.06,15.88,13.82,12.98
40153,12.7,13.68,15.51,17.1,19.7,19.91,21.95
41001,15.0,15.39,17.08,18.27,18.78,18.89,17.85
41003,7.5,7.62,8.95,7.7,5.94,3.72,0.3
41005,11.6,10.12,10.71,10.14,8.68,7.18,4.11
41007,16.7,19.3,23.39,19.43,15.01,10.76,5.64
41009,12.3,11.81,15.12,15.21,14.82,14.68,13.0
41011,12.1,13.99,14.84,14.72,15.18,15.84,14.33
41013,10.3,15.56,14.27,13.85,12.69,10.23,8.18
41015,17.0,22.92,18.56,24.45,29.98,35.55,40.7
41017,11.0,9.76,13.29,11.92,10.74,8.38,6.23
41019,12.9,16.48,14.09,14.52,14.62,14.91,14.31
41021,7.3,8.02,9.08,9.78,9.38,8.88,6.99
41023,10.1,13.12,13.42,13.53,13.07,12.16,10.15
41025,12.4,13.53,16.17,15.56,14.63,13.1,10.79
41027,6.9,7.41,8.65,10.22,10.33,10.69,10.09
41029,15.7,16.24,15.36,15.02,14.55,13.18,11.95
41031,7.4,7.38,8.42,9.47,9.58,8.94,7.57
41033,17.0,17.39,12.67,20.4,27.36,33.94,40.16
41035,14.4,15.08,13.16,17.09,21.94,26.13,30.45
41037,20.0,17.28,19.32,19.71,20.65,20.56,20.63
41039,17.4,17.49,19.51,20.01,20.11,19.65,18.33
41041,24.0,18.32,18.31,21.12,23.23,26.07,26.48
41043,19.4,14.27,14.54,13.11,11.14,8.4,4.91
41045,9.7,10.94,11.62,11.26,10.4,8.4,5.53
41047,8.3,9.47,12.14,13.05,13.69,13.83,12.5
41049,7.1,7.4,7.69,8.33,7.43,7.35,4.9
41051,16.0,16.12,16.46,19.07,21.03,22.96,22.98
41053,10.1,8.24,10.19,9.9,8.9,8.3,5.78
41055,9.0,9.78,11.28,12.08,12.04,11.86,10.42
41057,16.5,20.98,18.96,20.31,21.91,24.2,24.49
41059,8.7,9.89,10.22,11.23,11.41,11.88,10.18
41061,13.8,14.04,14.81,16.54,17.05,17.74,16.25
41063,7.4,8.06,9.24,10.57,11.4,11.72,10.68
41065,9.9,9.71,11.37,13.09,13.47,14.03,13.64
41067,8.7,8.61,9.68,8.84,7.3,5.83,2.39
41069,8.6,9.52,10.68,11.61,10.87,9.63,7.51
41071,10.2,11.33,10.27,13.47,16.21,18.4,19.1
42001,10.3,10.57,19.34,17.22,15.96,14.06,14.05
42003,25.7,33.71,51.77,59.76,68.39,76.5,86.67
42005,24.8,34.21,54.83,48.02,42.3,36.05,31.91
42007,23.9,23.82,55.73,52.03,48.13,44.6,42.36
42009,16.7,17.76,22.52,30.5,39.4,47.68,57.51
42011,16.0,13.66,23.52,26.69,30.63,33.85,39.0
42013,17.1,26.18,31.57,34.51,38.02,40.97,45.6
42015,13.2,16.06,18.22,23.44,29.83,36.2,43.0
42017,22.9,23.64,31.61,42.55,53.36,63.6,75.55
42019,20.5,26.52,41.27,45.83,50.62,55.07,61.66
42021,30.0,38.73,64.39,60.71,57.78,54.32,52.56
42023,11.3,13.47,14.32,15.15,16.91,19.47,22.1
42025,24.9,26.13,32.45,36.45,41.3,45.79,51.16
42027,7.9,8.67,10.73,10.36,10.93,11.57,13.19
42029,14.0,17.34,22.78,30.91,39.58,47.96,57.81
42031,13.1,14.52,16.89,17.42,18.61,19.51,22.68
42033,15.2,17.24,18.24,17.66,17.91,18.06,19.29
42035,12.1,12.98,20.59,14.9,9.72,5.38,1.72
42037,14.5,16.7,21.19,21.05,21.99,23.15,25.54
42039,19.9,27.68,37.45,27.41,17.68,7.44,-1.25
42041,11.6,14.53,22.16,29.23,37.12,44.73,53.38
42043,18.4,20.34,26.9,30.6,35.0,39.35,44.76
42045,28.1,33.65,41.34,49.81,58.02,66.08,76.02
42047,20.2,15.93,18.38,23.95,30.31,36.94,44.2
42049,19.9,21.79,29.28,37.57,46.41,54.78,64.44
42051,28.7,33.9,51.43,57.66,64.76,70.98,79.14
42053,11.4,13.83,14.12,15.03,16.89,17.88,20.82
42055,14.0,14.26,21.38,17.51,14.82,11.53,9.96
42057,18.7,23.24,33.44,23.48,14.24,4.46,-3.78
42059,26.2,30.1,45.99,32.71,20.1,6.75,-4.68
42061,13.5,15.47,19.74,21.95,25.01,27.38,31.36
42063,17.9,31.95,46.22,42.48,40.01,37.04,35.78
42065,18.6,21.53,21.61,22.43,23.84,24.87,27.66
42067,10.4,9.35,12.89,12.13,12.25,12.66,13.86
42069,19.8,27.69,34.45,38.72,43.94,48.69,55.38
42071,13.0,14.57,21.04,29.74,39.36,48.79,59.97
42073,24.7,34.13,43.58,55.53,67.15,78.45,91.4
42075,11.3,15.83,13.71,14.48,16.1,17.84,20.58
42077,18.2,19.99,26.35,31.35,37.22,42.41,49.09
42079,21.1,27.73,38.27,42.39,47.91,52.94,59.52
42081,12.4,15.77,22.06,23.84,26.62,30.35,34.58
42083,14.1,18.39,19.17,17.99,17.63,17.58,18.11
42085,25.1,21.32,28.57,34.39,40.09,45.37,52.06
42087,14.0,14.84,20.5,22.48,24.88,27.58,31.24
42089,17.0,24.01,21.72,23.74,26.64,28.92,32.91
42091,18.3,19.41,29.04,28.82,28.52,27.94,28.84
42093,18.4,19.12,26.8,29.21,32.42,36.41,41.34
42095,13.5,23.75,27.56,36.76,46.37,55.64,66.49
42097,16.7,18.07,28.18,28.83,30.45,32.51,35.66
42099,16.4,16.24,21.5,27.85,35.15,42.24,50.38
42101,33.0,36.29,46.37,63.49,80.49,97.15,115.94
42103,18.6,23.56,26.97,33.94,41.88,48.74,57.25
42105,10.7,12.87,16.85,17.4,19.39,22.2,24.63
42107,19.3,22.15,37.75,27.84,19.05,9.89,1.87
42109,7.5,9.11,12.61,11.85,11.79,12.22,13.47
42111,21.1,24.6,33.09,37.14,42.48,46.9,53.75
42113,13.4,14.19,16.8,18.22,20.66,23.68,27.26
42115,25.9,22.13,26.06,25.37,25.48,25.95,26.84
42117,9.3,10.58,13.76,19.15,25.56,32.35,39.39
42119,7.1,8.47,10.16,9.3,8.98,9.4,10.64
42121,19.5,21.61,24.58,22.06,20.03,17.39,16.63
42123,10.5,12.57,13.39,13.95,15.16,15.88,17.92
42125,19.8,30.62,48.04,48.3,49.42,49.86,52.37
42127,23.5,26.68,28.9,30.37,32.63,34.33,37.68
42129,27.8,36.91,56.13,56.92,58.99,60.27,63.66
42131,20.3,27.54,29.5,34.89,41.34,47.63,55.0
42133,25.9,22.64,24.31,30.02,36.92,42.98,51.02
44001,20.3,20.1,23.3,22.28,21.68,18.95,17.52
44003,23.7,28.28,32.66,28.93,25.97,21.05,17.55
44005,14.0,14.28,24.72,27.88,31.18,32.82,35.57
44007,24.2,32.29,33.54,33.1,33.13,31.0,30.4
44009,21.5,20.43,20.98,20.84,21.29,19.86,19.76
45001,9.5,11.12,13.29,17.99,24.15,29.76,35.65
45003,18.2,20.65,21.2,26.06,31.64,37.27,43.27
45005,5.6,6.29,6.99,8.08,10.72,12.95,15.39
45007,19.1,21.03,19.85,19.94,21.02,22.3,23.24
45009,9.4,10.23,10.88,12.34,14.58,17.29,20.0
45011,11.8,12.86,13.6,16.72,21.04,25.1,29.79
45013,8.7,8.93,9.99,14.96,20.5,26.69,33.28
45015,13.3,14.18,19.38,19.32,20.14,21.21,23.43
45017,7.2,8.15,8.88,9.46,10.63,12.73,14.56
45019,15.1,17.83,18.49,21.09,24.65,28.21,33.09
45021,11.5,13.5,12.8,13.39,14.54,15.43,16.06
45023,11.1,11.1,11.09,17.37,24.2,31.04,37.94
45025,12.7,12.5,13.92,15.85,18.56,21.3,23.74
45027,8.9,9.73,10.77,11.39,12.85,15.37,17.32
45029,15.2,19.24,18.61,21.08,24.78,29.16,33.63
45031,12.5,12.3,12.9,15.68,18.74,22.24,25.4
45033,11.6,12.0,15.09,15.49,16.62,17.72,19.15
45035,10.9,16.75,15.33,16.83,19.02,21.71,25.06
45037,7.5,8.22,8.8,10.92,14.15,17.31,20.57
45039,9.3,11.36,11.94,13.42,14.68,16.73,18.63
45041,13.1,12.46,14.11,19.66,26.38,33.36,40.59
45043,17.8,17.4,25.17,25.83,27.65,30.39,33.34
45045,17.5,21.26,19.4,21.09,23.16,25.4,26.79
45047,15.3,12.87,14.92,18.97,24.13,28.86,33.11
45049,8.1,9.43,10.83,11.52,13.64,15.46,17.91
45051,21.0,17.99,39.38,28.76,19.18,10.41,2.02
45053,12.0,15.95,15.36,17.91,20.67,24.21,28.02
45055,12.1,11.45,12.36,17.29,21.64,26.83,31.81
45057,12.7,14.16,15.04,24.72,34.58,44.46,54.11
45059,16.5,18.49,21.2,23.8,26.93,30.14,32.51
45061,5.7,6.22,7.89,8.66,9.15,10.59,11.87
45063,18.1,17.5,17.16,18.49,20.34,23.27,25.33
45065,8.9,9.16,10.87,11.57,13.64,15.56,17.17
45067,10.7,12.81,15.67,14.52,14.07,14.0,14.25
45069,7.9,9.95,10.62,11.55,13.36,14.57,16.42
45071,10.0,8.96,11.13,11.09,11.9,12.61,12.84
45073,25.1,25.4,25.34,28.22,32.95,36.94,41.23
45075,8.1,8.76,9.74,9.82,10.33,11.38,12.6
45077,30.1,28.61,27.38,27.57,28.82,29.82,30.81
45079,11.9,11.28,13.79,19.14,24.34,30.98,36.86
45081,8.5,8.11,10.12,10.71,11.78,13.08,13.74
45083,16.2,19.93,21.52,24.76,28.14,31.4,34.51
45085,7.3,8.36,10.18,10.28,10.96,12.16,13.49
45087,13.7,16.08,16.57,16.95,18.3,19.24,19.91
45089,9.3,11.47,13.6,16.03,19.29,23.33,27.61
45091,14.3,16.42,19.64,22.1,25.61,29.08,32.02
46003,5.0,5.1,5.86,6.32,5.35,3.43,3.64
46005,6.0,7.17,7.86,8.87,8.26,6.9,6.88
46007,5.1,5.63,6.36,6.85,7.7,7.8,7.98
46009,3.7,3.96,4.87,5.02,3.87,2.5,3.17
46011,3.7,4.25,4.67,4.92,4.66,3.15,1.47
46013,5.0,6.03,6.49,6.32,4.39,1.51,-0.66
46015,7.1,6.94,8.27,8.42,6.99,4.96,4.94
46017,6.7,7.26,8.82,9.03,7.35,5.22,5.19
46019,6.2,6.33,7.22,8.22,9.22,8.88,8.83
46021,6.5,7.08,8.6,9.27,8.92,8.04,7.51
46023,5.2,6.08,6.62,7.0,5.75,4.88,6.03
46025,4.5,5.22,5.63,6.04,4.85,3.04,1.84
46027,3.9,4.17,5.09,5.53,5.71,5.19,5.41
46029,3.9,4.46,4.91,5.72,6.15,4.99,4.13
46031,8.6,10.09,11.31,13.88,14.81,15.87,16.53
46033,9.3,9.04,11.97,12.17,12.88,12.5,12.43
46035,5.0,4.88,5.43,5.82,4.6,2.74,2.78
46037,4.2,4.65,5.18,5.65,4.93,3.76,2.72
46039,4.5,5.04,5.72,6.07,6.26,4.83,3.68
46041,9.0,10.46,10.02,11.35,12.02,12.29,12.47
46043,4.1,4.5,5.29,5.76,4.8,3.53,4.41
46045,3.5,3.94,4.38,4.75,3.86,1.66,0.3
46047,14.6,15.02,17.9,18.24,19.08,18.5,18.02
46049,5.3,5.15,5.8,6.27,5.25,3.23,2.21
46051,4.5,5.08,5.96,6.08,6.0,4.62,3.53
46053,5.5,6.05,7.32,7.45,6.53,5.3,5.42
46055,6.1,6.68,7.64,8.8,9.64,9.43,9.6
46057,3.7,4.27,4.86,4.98,4.67,2.6,1.45
46059,4.6,5.13,5.88,6.22,5.04,3.2,2.21
46061,3.8,4.08,4.68,5.1,4.12,2.5,2.77
46063,6.2,6.41,7.32,7.89,9.33,9.53,9.96
46065,5.4,5.55,6.93,7.2,6.09,4.67,3.51
46067,3.1,3.4,3.87,4.15,3.04,1.33,1.89
46069,4.6,5.05,5.81,6.32,4.91,3.29,2.0
46071,5.2,5.69,6.42,6.93,7.55,6.98,6.82
46073,5.3,5.75,6.59,7.08,6.29,4.56,4.46
46075,5.7,6.65,7.27,7.7,7.05,5.62,5.19
46077,3.5,3.85,4.22,4.66,4.25,2.99,2.73
46079,3.3,3.45,3.9,4.48,3.45,1.9,0.68
46081,8.0,7.48,8.6,9.6,11.02,11.17,11.44
46083,4.2,4.49,4.96,5.59,5.5,4.62,4.25
46085,5.8,6.37,7.38,8.23,7.4,5.93,5.86
46087,3.8,4.17,4.73,5.18,4.49,3.49,3.77
46089,3.9,4.24,4.91,5.32,3.78,2.02,0.79
46091,5.1,6.23,6.47,6.75,5.74,4.5,3.37
46093,7.2,9.04,9.91,9.96,10.26,8.71,8.12
46095,6.0,6.48,7.43,8.11,7.81,6.46,6.25
46097,3.9,4.29,4.9,5.57,5.12,3.66,3.41
46099,8.8,10.35,10.14,10.2,9.43,7.98,6.81
46101,4.4,5.0,5.49,5.84,4.91,3.91,2.59
46102,9.4,11.28,11.09,12.9,15.9,16.59,18.35
46103,8.0,8.19,10.57,10.05,10.3,8.78,7.64
46105,6.2,6.74,7.67,8.36,9.1,9.32,8.02
46107,4.6,5.02,5.81,6.25,4.94,3.44,2.13
46109,7.1,7.89,8.68,8.92,8.34,6.99,5.89
46111,4.2,4.69,5.22,5.58,4.91,3.5,3.32
46115,5.7,6.16,7.05,8.06,7.11,5.3,4.28
46117,5.4,5.88,6.8,7.14,6.74,5.62,5.17
46119,4.9,5.32,6.08,6.57,5.42,4.11,3.14
46121,11.5,11.87,12.5,14.0,15.05,15.24,16.86
46123,5.2,5.7,6.88,6.96,5.96,4.28,4.36
46125,4.3,4.64,5.29,6.44,5.95,5.15,5.42
46127,4.3,4.41,5.54,5.74,6.09,5.26,5.69
46129,4.8,5.28,6.33,6.55,5.08,4.12,2.92
46135,6.2,5.74,7.1,8.47,8.75,8.26,9.46
46137,8.6,10.07,10.73,13.03,14.79,16.45,17.9
47001,26.6,33.22,38.79,53.04,69.29,84.54,100.21
47003,16.8,18.59,17.96,17.94,19.59,20.65,21.96
47005,37.5,39.93,36.13,41.85,48.82,55.49,63.0
47007,15.0,16.91,20.46,21.33,24.44,26.56,28.82
47009,19.4,25.08,28.48,38.68,50.61,61.95,73.46
47011,22.0,20.92,20.37,26.98,35.79,43.03,50.41
47013,40.6,45.49,38.12,37.3,38.02,37.82,38.12
47015,26.4,31.94,32.06,33.08,36.46,38.66,40.92
47017,15.0,17.83,17.9,20.66,25.02,28.98,33.14
47019,19.9,22.16,29.5,32.65,36.62,40.33,44.23
47021,37.7,38.78,39.83,51.53,65.41,77.66,90.9
47023,12.3,16.51,15.76,17.8,21.71,25.39,29.15
47025,32.5,37.24,46.78,34.52,23.57,12.06,1.29
47027,42.9,38.65,49.71,47.52,46.25,45.17,44.05
47029,27.4,22.7,23.94,34.75,46.8,59.07,71.26
47031,17.9,22.25,26.75,27.73,30.61,32.78,34.66
47033,11.5,12.66,13.15,14.02,17.38,19.94,22.38
47035,22.3,17.85,19.26,23.04,28.82,33.72,39.07
47037,19.7,22.93,31.03,34.13,39.14,43.11,47.76
47039,22.3,27.63,29.5,28.26,28.45,28.36,28.2
47041,38.9,31.5,32.39,38.68,47.52,55.49,63.55
47043,23.1,29.07,33.71,26.81,21.76,15.56,10.63
47045,10.5,12.22,12.03,13.56,17.72,21.07,24.44
47047,10.6,12.78,13.43,15.0,18.81,23.23,26.46
47049,22.9,25.6,28.27,31.34,35.8,39.88,44.24
47051,21.9,25.49,22.65,22.96,24.6,25.65,26.42
47053,13.1,16.94,19.25,19.25,21.28,22.89,24.17
47055,19.1,24.51,22.27,27.28,33.89,40.76,47.67
47057,22.3,23.97,26.88,24.96,24.03,22.93,22.19
47059,26.4,18.96,25.3,29.92,35.74,41.28,47.47
47061,29.9,28.36,30.58,31.05,33.58,34.45,35.18
47063,31.2,28.06,32.74,29.53,27.44,25.22,23.4
47065,17.5,17.43,19.9,23.59,29.39,33.52,37.73
47067,30.6,37.89,41.73,45.03,48.92,52.66,57.03
47069,9.6,11.77,12.27,15.01,20.18,24.86,29.07
47071,35.5,36.42,34.98,32.59,32.15,31.54,30.43
47073,23.0,27.34,34.69,27.35,20.72,13.71,7.46
47075,8.7,9.08,11.46,11.08,13.1,14.46,15.69
47077,17.7,20.2,19.25,23.42,29.11,34.5,39.98
47079,23.0,22.08,23.29,23.6,25.58,27.4,30.06
47081,20.2,26.57,27.71,28.63,31.25,33.49,36.2
47083,25.5,30.32,32.64,34.73,38.86,41.94,46.47
47085,21.5,23.47,25.15,30.2,37.45,43.69,50.98
47087,33.1,34.83,41.28,42.74,45.86,48.48,51.14
47089,16.6,17.87,18.75,22.6,27.64,32.91,38.05
47091,17.0,18.16,19.73,18.89,19.34,18.49,18.21
47093,29.8,34.01,38.09,50.75,65.11,78.86,92.78
47095,9.6,10.57,11.78,13.42,17.59,20.42,23.65
47097,15.4,13.45,21.46,19.93,21.06,21.3,21.27
47099,18.0,20.67,20.66,25.8,32.97,40.41,47.87
47101,17.7,19.31,20.38,28.62,38.75,48.34,58.24
47103,17.2,15.85,20.29,19.96,21.15,22.28,22.9
47105,27.4,25.55,30.1,37.42,46.87,55.43,64.2
47107,23.8,23.53,27.76,29.76,33.81,36.89,40.35
47109,17.0,25.17,21.96,23.03,25.61,28.56,31.15
47111,16.9,19.69,26.33,23.83,23.02,21.52,20.42
47113,9.0,10.97,12.65,14.88,19.32,23.15,26.76
47115,17.8,18.67,19.34,23.78,30.14,34.79,39.32
47117,25.4,24.92,30.29,29.24,29.97,30.47,30.98
47119,20.6,19.07,22.08,20.7,21.39,22.04,23.3
47121,25.4,30.76,39.4,38.55,39.96,40.05,40.5
47123,18.9,23.53,34.15,27.85,23.5,18.41,13.57
47125,14.4,17.85,16.82,19.01,23.18,25.88,29.53
47127,15.3,16.05,17.6,20.64,25.42,29.87,33.92
47129,21.6,31.69,31.54,29.54,29.9,28.66,27.85
47131,9.8,11.77,12.63,12.56,14.65,15.64,17.26
47133,23.1,26.18,31.09,32.7,36.03,38.98,42.01
47135,16.1,17.03,18.47,21.17,24.7,28.02,31.79
47137,23.3,23.83,26.75,30.19,35.03,39.69,44.69
47139,19.0,21.08,26.01,28.29,32.63,35.7,39.07
47141,24.8,21.93,22.21,21.34,22.98,23.63,24.41
47143,18.1,21.04,23.33,24.97,29.12,32.22,35.19
47145,38.3,39.37,45.83,44.47,45.22,44.85,44.91
47147,17.1,20.29,18.83,23.94,30.2,35.12,41.05
47149,13.0,18.02,18.67,20.22,23.87,26.69,29.78
47151,25.0,26.31,25.48,26.22,28.74,30.66,32.54
47153,19.6,20.0,23.3,26.14,31.01,34.35,38.05
47155,21.2,27.44,27.89,33.41,40.72,47.68,54.49
47157,16.0,20.22,21.21,22.21,25.25,28.86,31.71
47159,29.9,35.19,43.76,35.83,30.21,23.6,17.11
47161,20.0,21.01,23.78,23.61,25.54,26.46,28.45
47163,26.2,23.48,27.79,26.98,27.27,27.1,27.13
47165,16.1,15.93,20.4,21.71,24.79,26.62,29.44
47167,15.1,20.03,25.24,23.63,25.03,26.02,26.18
47169,17.0,18.83,22.25,22.81,25.23,26.86,28.84
47171,28.8,29.49,35.12,42.76,51.45,60.22,68.88
47173,32.1,36.0,41.59,41.31,42.45,43.17,44.44
47175,13.8,15.15,21.28,18.6,18.23,16.68,15.23
47177,14.8,17.52,21.95,19.03,18.62,16.87,15.29
47179,19.6,22.41,28.12,27.48,27.6,27.69,27.78
47181,16.0,16.45,18.12,17.19,18.62,19.91,21.02
47183,11.8,15.17,18.38,15.07,13.2,10.89,8.81
47185,18.9,22.93,29.5,23.06,19.47,14.4,9.54
47187,9.2,11.49,12.72,13.31,15.93,17.99,20.43
47189,20.6,25.91,26.59,25.99,27.33,27.41,28.35
48001,12.2,15.61,14.4,17.25,23.01,26.38,31.47
48003,9.4,9.89,11.95,13.56,16.74,18.49,19.82
48005,9.1,11.34,13.29,13.58,15.96,16.72,18.93
48007,18.7,20.8,22.61,23.4,26.08,25.89,27.89
48009,16.7,16.9,21.1,22.01,24.66,25.16,26.8
48011,7.4,8.12,9.48,10.02,12.76,13.2,13.51
48013,7.0,7.45,9.45,9.85,12.08,10.8,11.85
48015,6.7,6.92,8.3,8.01,9.98,8.26,9.48
48017,7.5,8.54,9.44,9.94,12.04,13.11,13.58
48019,10.5,10.4,12.34,15.43,21.28,22.73,26.88
48021,11.7,9.51,10.03,11.12,13.79,13.45,16.17
48023,18.6,21.23,21.75,24.41,30.11,32.9,36.89
48025,5.8,7.13,9.14,9.14,10.82,9.32,10.45
48027,6.6,7.87,7.02,10.66,17.01,20.37,26.5
48029,10.4,10.67,11.72,11.3,12.78,10.84,10.57
48031,10.1,11.57,12.0,12.98,15.81,15.59,18.16
48033,7.9,8.68,9.83,10.49,14.22,16.17,18.05
48035,10.2,11.71,12.44,14.49,19.42,21.36,25.96
48037,7.2,8.61,8.6,11.06,17.52,21.8,26.93
48039,7.5,9.32,10.54,11.5,14.22,14.35,15.63
48041,8.8,8.25,6.67,5.74,7.56,6.6,7.42
48043,12.9,16.51,16.05,16.08,14.33,11.88,10.23
48045,8.0,8.75,9.99,10.74,13.15,14.52,15.12
48047,7.5,8.12,8.88,10.51,15.21,16.57,19.98
48049,14.4,14.66,13.72,13.47,16.45,15.34,16.98
48051,9.1,9.73,10.23,12.28,16.58,18.18,21.99
48053,9.8,10.42,14.76,14.33,15.66,13.82,15.36
48055,6.4,6.76,9.7,10.55,12.75,12.08,13.77
48057,11.5,12.35,11.99,13.26,16.62,16.49,19.62
48059,8.6,9.2,10.44,11.09,14.86,15.3,17.9
48061,3.1,4.55,4.18,4.99,8.82,9.38,11.72
48063,8.8,11.47,12.64,13.15,17.27,18.9,21.88
48065,10.5,11.33,13.7,13.93,16.29,16.73,17.07
48067,8.9,9.66,10.6,12.65,18.09,21.02,25.36
48069,5.1,5.53,6.32,6.8,9.13,10.58,11.32
48071,13.8,12.47,14.89,16.79,20.41,21.97,24.36
48073,12.3,10.95,11.24,14.11,19.56,23.17,28.38
48075,10.5,13.47,13.93,14.1,16.79,17.07,18.31
48077,16.1,16.39,17.86,19.72,23.06,24.32,27.39
48079,11.0,11.35,14.35,13.93,15.64,16.2,15.93
48081,8.5,9.11,11.09,11.95,15.57,16.45,18.88
48083,5.8,6.25,7.13,7.66,11.45,11.28,13.27
48085,7.8,7.79,8.95,8.08,10.13,10.26,12.3
48087,11.6,12.0,13.51,14.61,17.92,19.36,20.74
48089,5.9,6.67,8.18,8.26,10.3,8.82,10.19
48091,8.9,10.72,13.0,12.98,14.77,13.31,14.29
48093,8.0,9.11,10.36,11.71,16.21,16.52,19.66
48095,5.9,6.46,7.45,7.82,10.51,9.57,11.16
48097,18.3,15.88,18.49,18.09,20.1,20.16,22.37
48099,6.1,6.11,7.39,8.58,12.58,13.03,16.43
48101,7.4,8.19,9.16,9.94,12.83,13.86,16.0
48103,9.6,10.28,13.87,13.9,14.26,13.43,13.46
48105,8.6,9.94,10.75,11.53,12.85,12.15,12.49
48107,7.7,8.31,10.02,10.84,14.61,16.58,18.73
48109,8.3,9.08,10.33,11.22,10.99,11.03,10.87
48111,7.8,8.52,9.1,9.74,12.41,12.16,13.18
48113,13.4,11.68,12.43,13.08,16.11,17.33,20.33
48115,8.7,10.37,11.98,12.23,15.32,16.63,17.62
48117,7.8,7.06,7.68,8.55,11.33,12.71,14.25
48119,11.5,12.32,14.15,16.8,22.72,26.47,32.55
48121,6.9,7.41,8.78,8.8,11.34,12.48,15.05
48123,7.1,7.24,8.09,8.75,11.02,10.43,12.36
48125,6.8,7.38,8.43,9.13,12.62,14.22,16.52
48127,8.4,7.09,8.11,8.23,10.46,9.96,10.97
48129,9.3,9.66,11.52,12.48,15.39,16.21,16.85
48131,9.3,9.52,12.06,11.73,13.71,12.8,14.09
48133,6.8,6.58,7.4,8.47,12.32,12.84,15.52
48135,18.2,11.94,12.69,14.9,18.21,19.79,21.86
48137,5.2,5.76,6.49,7.05,9.47,7.66,8.65
48139,6.5,7.42,8.59,10.93,16.26,19.1,23.79
48141,9.1,7.97,9.89,11.38,10.99,10.91,11.08
48143,8.6,7.9,9.55,10.91,15.89,17.13,20.92
48145,7.6,8.63,9.28,11.65,17.43,19.43,24.29
48147,10.8,11.62,12.36,12.88,16.33,17.88,21.41
48149,8.4,7.41,8.21,8.8,11.31,10.38,12.14
48151,6.5,7.18,8.08,8.62,12.0,13.17,15.51
48153,6.5,6.69,8.07,8.17,10.27,10.9,11.57
48155,10.2,11.75,12.76,13.76,18.14,19.79,22.85
48157,5.3,5.33,6.66,6.07,6.9,5.2,5.54
48159,8.2,8.88,9.61,10.75,15.34,17.65,21.33
48161,7.0,7.71,9.02,9.8,13.19,13.26,16.07
48163,4.5,4.96,5.97,7.08,10.37,9.5,11.2
48165,7.0,7.57,9.08,9.19,10.65,11.49,11.27
48167,15.4,17.01,16.68,17.7,20.53,20.4,22.06
48169,7.4,7.72,8.67,9.29,12.81,14.61,16.36
48171,6.9,7.69,8.85,9.54,12.57,11.5,13.64
48173,8.1,8.72,10.19,10.89,12.56,12.74,14.07
48175,8.3,9.54,10.88,11.73,14.05,13.02,15.11
48177,9.4,10.11,10.35,11.0,13.14,12.23,13.27
48179,10.2,10.44,11.81,12.46,15.05,15.03,16.12
48181,12.6,11.41,10.59,13.02,18.31,21.16,26.45
48183,7.0,8.29,9.47,9.04,11.83,12.37,14.4
48185,10.4,12.3,12.38,12.78,15.91,15.8,17.34
48187,8.4,8.33,8.64,9.79,12.91,13.04,15.04
48189,6.5,8.1,8.57,8.54,10.51,11.06,10.88
48191,7.8,8.54,9.8,10.41,13.02,13.77,14.97
48193,10.3,11.82,12.82,12.92,16.26,15.82,18.39
48195,8.5,8.63,9.9,11.26,14.74,15.68,17.44
48197,10.0,10.47,11.52,13.23,18.39,20.1,23.94
48199,16.6,14.64,16.6,16.74,19.63,19.89,21.06
48201,9.1,10.14,11.34,11.81,13.94,13.45,14.67
48203,9.4,10.12,11.06,11.46,14.49,15.12,17.58
48205,6.5,7.15,8.06,8.72,11.54,11.61,12.78
48207,7.9,8.62,9.78,11.1,15.18,16.95,19.97
48209,6.6,7.76,9.41,9.31,10.73,8.83,9.86
48211,8.0,8.81,10.08,10.81,13.09,12.71,14.09
48213,16.6,16.81,15.35,16.57,21.25,23.39,27.51
48215,2.7,3.28,3.46,3.66,6.75,6.02,7.66
48217,9.7,11.45,13.9,13.22,15.51,14.99,16.76
48219,7.8,8.34,9.56,9.28,11.25,11.98,12.22
48221,15.2,13.88,13.2,17.7,25.19,29.4,36.15
48223,8.9,9.55,11.1,11.54,15.47,17.14,20.31
48225,8.2,10.96,11.39,11.54,14.4,14.81,16.74
48227,10.0,11.19,13.08,14.06,16.04,17.29,18.59
48229,7.2,7.87,8.92,9.65,9.02,9.0,8.68
48231,10.7,11.99,13.63,14.6,19.14,21.07,24.79
48233,13.5,12.57,15.93,14.87,16.16,15.16,14.56
48235,11.5,11.17,12.78,13.52,15.35,14.77,15.71
48237,12.5,13.39,16.23,17.9,22.05,23.38,26.79
48239,9.8,9.61,10.28,10.29,12.72,11.79,14.08
48241,11.8,13.71,16.76,17.75,21.94,23.61,26.79
48243,8.3,9.25,10.32,11.11,10.87,10.58,9.9
48245,14.0,12.46,13.15,15.17,20.46,23.33,27.14
48247,6.2,6.37,7.77,7.92,10.32,9.83,11.2
48249,8.4,8.33,10.43,10.82,13.31,13.16,15.36
48251,10.1,9.69,11.34,11.14,13.4,13.17,15.64
48253,7.5,7.33,8.53,8.63,12.2,13.02,15.49
48255,6.4,6.95,7.46,7.57,9.94,8.83,9.89
48257,12.8,12.44,12.01,13.42,17.47,19.53,23.38
48259,6.7,8.37,8.32,9.41,12.86,12.49,14.82
48261,6.4,7.01,7.84,8.66,12.95,14.02,16.74
48263,6.8,7.34,8.46,9.01,12.67,14.72,17.2
48265,11.4,14.14,14.01,16.31,21.21,21.86,25.97
48267,8.0,9.36,10.13,10.74,13.76,12.49,13.78
48269,7.4,8.16,9.25,10.03,13.13,14.52,16.76
48271,4.4,4.8,5.55,5.93,8.11,6.54,7.26
48273,7.1,7.67,7.97,9.3,13.17,14.0,17.01
48275,7.4,8.13,9.23,10.05,13.54,14.92,16.88
48277,13.0,11.53,12.88,13.07,16.6,18.16,21.53
48279,9.6,9.9,11.11,11.71,14.56,16.22,17.08
48281,7.4,7.66,8.82,10.14,13.67,13.56,16.5
48283,7.2,8.74,9.56,10.21,13.08,12.49,14.27
48285,6.9,6.61,7.03,8.33,11.67,11.94,14.54
48287,7.3,8.14,8.82,10.59,14.56,15.31,18.81
48289,11.2,13.36,15.66,17.05,21.36,22.48,25.72
48291,14.7,17.34,15.37,17.86,22.63,24.82,28.37
48293,9.1,8.62,10.37,10.12,12.97,12.6,14.68
48295,8.8,9.58,10.9,12.37,15.52,16.11,18.04
48297,6.2,6.76,7.8,9.2,12.56,12.79,15.72
48299,14.1,15.12,19.42,16.58,15.78,11.43,10.37
48301,13.2,14.39,16.2,17.67,19.42,20.24,21.11
48303,10.6,10.35,12.33,14.37,19.22,22.22,24.72
48305,7.8,8.46,10.25,10.45,13.75,14.96,15.67
48307,7.1,8.11,8.9,9.91,13.68,13.29,15.79
48309,7.2,9.48,9.05,9.63,13.55,13.97,16.94
48311,6.6,7.3,8.35,8.9,11.67,11.16,13.12
48313,8.0,9.67,9.53,10.48,14.38,15.5,17.92
48315,13.3,15.18,16.31,19.17,24.82,28.45,33.4
48317,9.4,10.08,11.44,12.46,14.65,15.58,16.73
48319,6.6,7.29,8.3,8.84,11.96,11.13,12.46
48321,9.8,8.76,11.53,11.29,13.03,12.29,13.44
48323,4.2,4.02,5.03,4.86,6.67,5.08,5.75
48325,4.3,4.89,5.63,5.71,8.19,6.13,6.37
48327,8.2,9.0,12.03,11.32,12.33,9.41,8.76
48329,10.6,8.6,7.71,8.47,10.15,10.48,11.09
48331,8.2,9.23,9.3,10.62,14.72,15.68,19.38
48333,8.4,9.21,12.29,11.49,13.17,11.41,12.57
48335,7.7,8.45,9.53,11.95,15.79,18.34,21.32
48337,15.3,16.32,17.85,21.37,26.78,30.1,35.75
48339,9.4,11.81,12.76,16.9,22.85,25.71,30.91
48341,6.2,6.66,7.73,7.72,9.44,9.33,9.57
48343,9.9,10.74,11.45,12.49,16.51,18.05,21.25
48345,7.6,8.33,9.45,10.18,12.8,13.84,15.49
48347,10.4,14.78,11.53,12.73,16.23,17.66,20.83
48349,8.9,9.93,11.46,12.76,17.18,18.4,22.49
48351,18.0,19.3,21.7,21.3,24.08,24.62,26.89
48353,12.1,13.7,14.1,13.54,15.77,15.48,16.37
48355,17.5,18.37,18.24,21.12,26.65,28.77,33.75
48357,6.9,7.46,8.06,8.72,11.53,11.5,12.56
48359,10.9,11.87,14.29,14.6,16.95,17.55,18.27
48361,19.9,21.4,19.36,28.03,40.34,49.82,60.53
48363,16.2,14.49,15.16,20.6,29.24,34.38,42.3
48365,9.5,9.79,11.44,13.92,19.49,22.79,27.97
48367,11.5,12.25,14.39,14.05,16.49,16.38,18.7
48369,5.5,5.99,6.88,7.26,9.23,9.65,9.87
48371,6.8,7.12,8.36,8.57,6.81,5.2,3.99
48373,19.1,18.22,18.08,18.55,21.61,22.25,24.86
48375,14.7,14.52,16.36,15.26,16.16,15.06,13.81
48377,5.6,6.19,6.98,7.49,5.91,4.87,4.23
48379,10.7,12.72,13.25,14.83,19.58,21.86,25.36
48381,8.2,11.02,12.44,14.13,17.82,19.52,21.07
48383,13.3,12.89,15.34,15.66,16.38,15.58,15.82
48385,6.5,7.09,8.09,8.85,12.09,10.79,12.57
48387,10.5,11.23,14.46,13.31,15.61,15.45,16.98
48389,14.5,16.45,16.69,17.01,16.31,15.45,14.37
48391,11.2,13.51,13.28,14.71,18.44,18.73,22.16
48393,8.3,9.01,10.4,11.14,13.68,13.62,15.17
48395,11.3,11.06,11.48,13.54,18.94,20.83,25.23
48397,8.2,7.94,7.64,10.89,17.35,21.86,28.14
48399,6.5,6.67,7.63,8.49,12.62,13.01,15.28
48401,8.8,8.63,9.36,10.41,13.93,15.2,18.64
48403,10.6,11.43,13.16,15.6,20.09,22.85,27.4
48405,10.8,11.14,12.57,14.89,19.69,22.98,27.77
48407,13.2,16.83,18.67,21.81,27.26,30.01,35.03
48409,13.8,13.74,14.16,15.34,18.52,18.88,21.8
48411,7.8,8.47,10.28,10.2,13.36,12.29,14.0
48413,7.4,8.53,9.27,9.87,11.93,10.86,11.8
48415,9.0,9.29,10.88,10.79,12.8,13.39,14.25
48417,6.2,6.78,7.85,8.37,12.09,12.48,15.01
48419,10.2,10.13,13.9,13.51,15.75,16.5,18.58
48421,9.7,9.87,11.19,12.18,14.66,14.75,16.34
48423,9.8,9.79,9.79,9.78,12.58,13.42,15.6
48425,7.8,9.26,9.62,10.76,14.85,15.48,19.08
48427,3.1,3.27,3.84,3.76,7.13,6.79,8.66
48429,6.6,7.13,8.18,8.99,12.72,13.19,15.45
48431,8.3,9.07,10.36,11.14,13.13,13.09,14.4
48433,6.8,7.43,8.46,9.21,13.27,14.86,17.15
48435,6.6,7.69,8.26,8.92,10.56,9.8,10.27
48437,7.2,7.49,8.79,9.07,11.01,11.81,11.5
48439,10.0,9.2,10.82,10.15,11.44,11.2,12.82
48441,12.4,12.57,14.06,13.21,15.62,15.01,16.05
48443,7.8,8.56,10.24,10.45,9.52,6.55,4.51
48445,6.9,7.49,9.1,9.6,12.81,14.66,15.63
48447,10.6,11.58,13.18,14.45,17.77,18.33,20.85
48449,8.8,7.45,7.49,8.93,13.69,16.06,19.81
48451,10.3,10.08,13.41,12.62,14.58,13.02,12.7
48453,11.5,11.74,12.57,12.29,13.39,11.83,13.25
48455,15.1,16.36,18.93,20.37,24.5,26.0,29.73
48457,17.5,16.34,18.74,19.08,22.11,23.05,25.35
48459,8.2,9.77,11.78,12.66,16.34,17.9,20.76
48461,9.2,10.51,11.77,12.31,12.91,12.01,12.76
48463,5.2,5.93,7.21,8.1,11.02,9.71,11.22
48465,5.4,5.82,6.75,7.89,10.37,9.15,10.02
48467,14.9,13.56,15.21,14.26,16.28,16.7,18.4
48469,9.2,9.05,10.67,12.16,15.94,16.3,19.58
48471,6.6,6.97,7.79,9.41,14.07,15.65,18.94
48473,9.0,10.9,9.89,12.72,18.06,19.75,23.89
48475,11.4,12.85,12.71,15.57,18.32,20.48,22.24
48477,6.1,6.3,6.57,7.8,11.79,12.28,14.82
48479,8.7,9.62,12.23,13.9,18.4,20.46,24.09
48481,6.6,7.31,9.62,9.82,11.95,11.24,12.96
48483,10.0,10.28,12.39,12.6,14.78,14.41,14.89
48485,18.4,15.76,17.26,16.47,17.06,15.32,15.11
48487,12.5,12.85,12.9,13.82,17.94,18.81,21.36
48489,5.6,5.5,6.39,7.39,11.46,11.77,14.16
48491,6.8,6.65,7.03,5.97,6.6,4.27,4.75
48493,6.9,6.16,6.36,7.7,11.24,11.02,13.26
48495,14.2,15.33,16.34,17.83,19.2,20.13,20.43
48497,11.0,11.19,14.12,15.4,18.83,20.42,23.96
48499,10.7,11.48,12.55,14.77,20.57,24.13,28.77
48501,10.8,11.73,13.38,14.16,15.73,16.92,16.88
48503,22.4,21.93,25.27,30.55,38.79,43.7,50.33
48505,6.5,7.03,9.41,9.18,11.75,11.3,12.76
48507,6.1,6.75,7.97,8.12,10.27,9.11,10.1
49001,20.0,20.68,23.27,25.95,26.56,27.44,30.44
49003,17.1,19.91,25.0,20.93,16.98,12.68,7.63
49005,11.4,11.06,12.77,12.57,12.54,11.94,10.92
49007,43.5,41.32,53.05,49.23,44.31,40.36,37.33
49009,17.7,20.32,24.9,23.69,22.3,19.96,17.54
49011,15.5,16.72,18.08,17.77,17.36,16.46,15.51
49013,22.3,25.74,26.83,23.28,19.66,15.44,11.39
49015,29.3,31.43,37.47,37.7,36.53,36.76,37.78
49017,14.2,16.46,19.93,20.1,19.3,18.69,19.78
49019,16.7,19.17,20.38,22.98,25.32,27.79,32.21
49021,16.7,20.43,25.3,22.46,18.34,13.87,11.32
49023,21.0,21.39,23.82,27.98,30.48,33.86,38.34
49025,21.2,21.94,27.07,26.08,24.74,23.15,23.95
49027,16.2,18.29,21.77,24.69,25.92,28.1,31.05
49029,17.1,14.72,15.48,17.95,20.35,22.25,24.01
49031,15.8,17.17,19.82,21.19,21.56,22.73,25.08
49033,14.9,16.99,18.54,19.61,21.51,22.06,22.51
49035,24.1,25.13,23.83,24.46,25.1,24.9,24.56
49037,10.8,12.98,13.36,14.7,16.1,18.22,22.25
49039,18.1,19.24,19.87,23.89,26.48,30.07,34.97
49041,18.8,19.27,24.34,25.99,26.23,27.9,29.97
49043,15.5,15.86,18.53,19.56,20.54,21.04,21.25
49045,30.4,24.61,20.85,24.94,28.18,31.23,33.73
49047,16.5,17.66,19.58,19.52,18.6,17.21,15.68
49049,16.3,16.98,18.0,18.93,19.23,19.6,20.19
49051,13.7,15.15,17.5,18.99,20.08,20.74,21.4
49053,17.3,20.87,18.31,21.27,22.45,24.1,27.74
49055,20.3,22.08,26.66,27.05,26.95,27.83,29.43
49057,24.9,28.42,26.86,27.16,28.0,28.12,28.1
50001,10.0,10.57,13.71,12.46,11.97,9.69,8.78
50003,16.1,13.98,20.48,17.07,15.11,10.86,8.79
50005,13.8,14.47,17.7,20.81,23.48,25.39,27.74
50007,12.7,14.46,16.81,20.42,24.77,27.39,31.11
50009,14.3,17.46,16.83,17.91,18.81,19.24,20.07
50011,15.7,18.58,17.84,21.59,26.11,28.86,32.78
50013,12.6,14.53,16.16,16.46,17.4,16.52,17.0
50015,12.5,12.63,14.31,15.34,16.58,16.58,17.28
50017,13.2,15.13,18.14,20.96,24.27,25.95,28.73
50019,13.8,17.83,19.81,18.76,17.8,15.55,13.91
50021,16.4,19.28,22.62,23.49,25.45,24.85,26.05
50023,10.9,14.52,18.24,19.52,20.56,20.26,21.05
50025,20.6,18.34,22.85,33.18,45.14,55.11,67.11
50027,16.9,21.79,25.72,24.46,24.2,21.92,21.12
51001,15.2,13.22,15.3,15.49,16.13,16.34,17.9
51003,6.3,6.33,7.08,8.34,10.7,12.29,14.57
51005,13.3,13.9,17.39,19.13,22.16,24.04,26.65
51007,10.0,10.86,13.02,13.48,14.4,14.64,15.56
51009,8.4,8.39,10.71,10.99,11.63,12.11,12.83
51011,6.6,7.49,8.78,8.29,7.71,7.24,6.82
51013,6.1,7.51,11.17,10.53,9.93,8.83,9.26
51015,11.9,11.04,13.06,16.9,21.42,25.12,29.57
51017,11.0,12.22,13.75,14.8,16.72,18.0,20.5
51019,9.7,11.45,12.66,17.68,23.53,29.14,35.06
51021,26.9,28.59,31.32,34.16,36.89,39.42,43.16
51023,11.5,12.39,12.18,14.93,18.23,21.12,24.93
51025,8.2,9.42,11.14,13.89,18.17,21.59,25.32
51027,37.9,43.96,39.22,40.9,43.17,44.96,47.86
51029,5.5,6.06,7.03,7.78,8.71,9.35,10.54
51031,10.3,9.89,11.91,12.91,14.21,15.12,16.07
51033,12.6,14.54,20.41,20.48,20.55,19.74,19.64
51035,19.8,15.47,15.06,18.2,21.43,24.69,28.24
51036,12.1,13.87,17.73,18.36,19.11,19.11,20.28
51037,10.1,11.07,12.92,13.88,15.34,16.26,17.59
51041,9.8,11.29,19.76,21.05,22.66,23.54,25.23
51043,12.6,14.51,18.55,16.42,14.9,12.49,11.97
51045,13.6,14.52,17.55,18.89,20.34,21.06,23.06
51047,21.6,21.34,23.57,31.98,40.72,48.35,57.89
51049,9.4,10.68,12.25,14.49,16.83,18.57,21.23
51051,44.7,45.36,47.52,50.42,53.53,56.48,60.32
51053,9.3,10.64,12.37,13.64,15.89,16.79,19.61
51057,9.3,11.1,13.09,12.92,12.59,11.46,11.46
51059,6.5,7.78,9.62,10.42,11.44,11.62,13.71
51061,14.4,17.65,26.88,25.02,23.64,20.59,19.6
51063,11.3,11.21,12.6,15.17,17.95,20.12,23.11
51065,7.4,7.64,8.56,9.66,11.36,12.13,13.95
51067,16.6,16.25,22.0,20.88,19.94,19.11,18.87
51069,20.3,22.3,25.69,22.61,20.08,17.12,15.8
51071,20.5,23.55,25.44,30.31,36.01,40.71,46.31
51073,13.6,14.59,20.02,19.86,19.5,19.05,19.19
51075,11.2,11.95,13.63,14.82,16.4,16.64,18.3
51077,9.3,10.58,12.19,12.61,13.09,13.19,14.33
51079,8.5,10.09,10.7,12.77,15.46,17.29,20.32
51081,9.4,9.78,10.91,14.44,19.43,23.78,28.82
51083,8.6,10.62,12.09,11.96,12.96,13.27,13.66
51085,12.2,12.7,13.51,18.16,23.19,26.92,31.57
51087,11.2,13.54,18.19,20.35,22.83,24.12,26.44
51089,22.9,20.59,23.53,28.35,33.88,39.14,45.05
51091,12.2,14.17,15.24,16.37,18.17,19.14,21.54
51093,9.2,11.14,13.52,14.07,14.77,15.08,15.94
51095,8.6,9.25,11.49,13.0,14.34,15.04,16.66
51097,13.7,14.41,17.53,18.47,19.77,20.33,21.9
51099,14.3,17.9,21.95,26.43,30.93,35.21,40.45
51101,12.1,15.7,18.96,21.55,24.34,26.33,28.99
51103,11.7,12.13,14.08,15.92,17.09,17.94,19.98
51105,26.6,23.28,25.3,28.35,31.84,35.34,39.5
51107,8.0,6.91,10.33,8.0,5.71,2.51,1.4
51109,11.4,13.77,16.02,17.59,19.19,20.12,22.05
51111,7.1,7.93,8.51,8.97,10.35,10.94,11.98
51113,12.5,14.79,16.63,17.6,19.26,19.84,22.22
51115,12.1,13.72,15.37,16.03,16.36,16.27,17.07
51117,10.5,12.97,14.06,15.6,18.58,20.68,23.42
51119,11.8,13.37,14.82,19.54,23.72,27.48,32.41
51121,11.0,10.37,13.45,14.25,15.24,15.64,17.44
51125,8.5,9.27,13.16,14.13,15.63,16.85,18.33
51127,10.4,11.87,12.34,17.2,22.09,26.36,31.79
51131,11.7,10.82,13.56,14.99,16.51,17.81,20.04
51133,11.3,12.45,12.74,15.53,17.98,20.05,23.47
51135,8.6,8.62,10.45,10.23,10.72,10.41,10.42
51137,22.1,20.5,30.34,26.11,22.39,17.53,14.31
51139,18.0,16.73,19.64,20.01,21.21,21.2,22.73
51141,20.6,22.94,23.97,22.66,22.0,21.18,20.68
51143,9.9,11.44,13.24,14.5,16.61,18.22,19.9
51145,12.1,11.95,13.38,17.61,22.49,26.2,31.13
51147,6.9,8.27,10.43,9.84,9.66,8.77,8.43
51149,9.8,10.92,14.71,17.83,21.56,24.06,28.22
51153,8.3,8.14,11.85,13.81,15.79,16.79,20.11
51155,30.9,26.64,30.96,34.51,38.41,41.72,45.89
51157,20.2,21.06,23.27,23.37,24.19,23.73,25.46
51159,12.7,14.88,15.35,16.93,18.33,19.25,21.11
51161,16.8,14.79,17.55,25.31,33.01,40.52,49.1
51163,9.6,12.22,12.74,13.29,14.51,15.16,16.84
51165,7.8,7.5,8.68,10.3,12.92,14.4,17.19
51167,33.7,28.23,32.34,31.61,31.14,30.17,30.16
51169,17.2,17.58,22.71,19.5,17.25,14.72,12.59
51171,12.5,19.75,18.23,20.72,23.91,26.16,29.74
51173,16.0,18.43,19.62,21.81,24.53,26.93,30.16
51175,8.6,9.32,11.0,11.75,13.57,14.64,15.87
51177,11.8,15.29,19.95,17.48,15.34,12.33,10.46
51179,9.1,11.87,16.43,14.49,12.63,10.04,9.05
51181,11.0,11.33,13.08,15.29,17.73,19.71,22.44
51183,9.0,9.37,11.23,13.38,16.56,18.71,22.09
51185,33.9,37.26,32.14,35.47,39.49,42.84,47.66
51187,21.5,26.43,25.64,32.65,40.45,47.62,56.74
51191,18.3,15.99,17.15,20.15,23.61,26.38,30.02
51193,14.8,21.27,26.34,28.97,30.83,32.47,35.57
51195,32.2,35.73,40.79,47.19,53.83,60.45,67.91
51197,25.4,23.95,27.7,26.88,26.58,25.72,25.96
51199,8.6,9.39,10.98,10.74,10.2,9.65,10.23
51510,7.7,8.95,11.51,11.34,11.27,10.34,11.14
51520,23.4,20.68,26.07,24.87,24.25,23.28,22.9
51530,8.1,9.05,10.09,11.35,13.3,14.7,16.82
51540,8.9,9.04,9.93,11.41,13.91,15.63,18.04
51550,11.4,16.39,19.64,19.14,19.34,19.62,20.44
51570,16.0,18.26,23.92,28.83,34.3,38.39,44.1
51580,15.5,16.81,19.31,26.68,35.32,42.8,51.13
51590,18.2,15.24,16.69,17.7,19.95,21.27,22.84
51595,9.0,9.77,11.01,12.84,15.84,18.33,21.36
51600,11.2,14.62,17.22,18.5,19.76,20.28,22.75
51610,7.2,8.08,10.22,12.24,14.49,15.99,19.2
51620,11.0,12.05,13.66,16.08,19.52,22.0,24.87
51630,17.2,20.88,23.15,22.9,22.81,22.22,22.77
51640,13.0,14.27,15.14,17.2,19.6,21.8,24.57
51650,10.9,14.88,21.23,16.55,11.71,6.99,3.04
51660,7.5,7.83,9.14,11.48,14.85,16.95,20.53
51670,16.8,18.89,27.53,32.78,38.74,43.18,49.36
51678,6.9,7.99,8.88,9.36,10.56,11.16,12.89
51680,8.0,8.76,10.57,11.93,13.62,15.21,17.07
51683,14.7,13.71,16.6,18.96,21.27,22.55,26.34
51685,7.2,7.32,9.48,11.25,12.97,13.77,16.89
51690,28.9,26.9,29.91,34.65,40.2,45.43,51.13
51700,14.7,13.79,20.04,17.33,14.35,11.16,9.26
51710,13.1,16.59,25.41,23.56,21.76,20.05,19.16
51720,23.1,26.32,30.58,33.16,35.96,38.65,42.16
51730,18.0,21.35,30.97,35.15,39.9,43.59,48.67
51735,11.7,13.38,18.04,14.72,11.31,7.69,5.29
51740,18.4,20.34,26.69,25.92,25.43,24.99,25.15
51750,11.4,11.12,15.22,15.05,15.05,14.61,14.95
51760,22.9,22.81,29.51,33.37,37.43,40.57,44.96
51770,17.8,21.61,21.79,37.35,52.89,68.4,84.76
51775,23.4,19.43,21.87,28.06,34.03,39.93,46.84
51790,17.1,18.0,18.14,21.43,25.29,28.39,32.29
51800,9.7,10.33,11.05,11.41,12.11,12.72,13.92
51810,11.9,13.78,18.78,17.05,15.46,14.5,14.15
51820,14.3,17.16,16.86,18.47,21.02,22.62,25.11
51830,12.7,12.08,14.57,16.22,17.58,18.33,20.0
51840,22.7,23.09,29.72,28.04,26.99,25.62,25.75
53001,6.4,7.16,7.85,9.08,8.47,8.45,6.05
53003,15.6,16.92,21.89,22.35,22.62,22.68,20.22
53005,12.1,16.63,15.95,16.28,15.25,15.06,12.72
53007,11.8,13.66,14.42,14.81,14.15,14.04,12.63
53009,17.9,21.11,28.15,26.37,25.41,24.72,22.99
53011,13.6,14.36,14.1,16.95,19.07,21.33,21.98
53013,10.7,11.43,12.59,14.41,15.73,17.23,16.29
53015,22.2,18.94,22.01,24.02,25.67,27.65,28.14
53017,10.7,14.31,14.64,12.77,9.92,7.31,3.34
53019,20.5,22.13,21.27,24.93,27.96,30.77,32.54
53021,7.9,8.53,9.55,10.04,9.38,9.32,7.24
53023,11.8,12.9,15.51,15.94,15.78,15.62,13.2
53025,10.7,14.24,13.67,16.21,17.35,18.68,18.23
53027,23.1,23.46,29.0,27.29,25.8,24.38,21.63
53029,14.3,14.4,12.27,15.75,20.0,24.65,28.48
53031,16.3,18.15,22.26,23.78,25.99,28.55,30.8
53033,14.4,13.95,14.24,15.26,16.55,18.46,19.46
53035,12.6,15.67,15.35,14.07,12.81,12.42,11.32
53037,8.7,10.0,9.42,11.81,13.67,15.53,16.07
53039,11.3,12.16,15.7,15.69,14.18,12.9,10.55
53041,18.3,17.44,18.86,19.12,19.76,20.33,19.79
53043,14.0,13.84,18.03,17.2,15.76,14.3,11.2
53045,19.9,21.1,20.96,20.71,20.29,19.87,18.11
53047,16.1,17.82,16.36,15.22,13.68,11.98,9.6
53049,19.7,21.1,23.58,26.33,28.57,30.8,32.18
53051,17.7,20.05,20.44,20.45,19.89,18.02,15.65
53053,15.2,16.88,17.49,18.53,19.92,22.21,22.72
53055,11.9,12.51,16.62,16.31,17.81,19.6,20.51
53057,14.2,18.5,19.64,19.1,19.57,20.23,20.16
53059,14.5,14.74,16.52,19.62,21.67,24.16,25.23
53061,17.0,17.75,16.38,17.47,19.06,21.32,22.21
53063,13.7,19.13,22.84,17.94,12.48,6.39,-1.1
53065,15.5,15.29,20.61,20.48,19.58,17.8,15.43
53067,10.5,13.51,12.06,13.38,15.0,17.06,17.54
53069,15.5,16.73,19.18,21.32,22.96,24.94,25.75
53071,20.0,16.69,16.87,22.63,27.4,32.56,35.26
53073,8.9,13.42,10.02,11.9,14.76,18.04,20.33
53075,6.4,8.46,8.82,9.81,10.21,10.23,7.81
53077,10.2,11.62,11.79,15.17,17.6,20.24,21.2
54001,14.3,16.82,18.43,21.43,24.98,27.97,32.76
54003,39.6,41.35,66.63,71.06,76.07,80.65,86.93
54005,78.9,72.0,58.46,70.35,82.04,92.98,105.37
54007,18.2,19.93,22.03,25.47,29.33,32.54,37.05
54009,35.5,36.12,42.16,42.43,42.57,42.52,44.16
54011,51.5,72.65,93.15,134.51,175.93,216.7,258.79
54013,15.3,15.95,17.36,18.52,20.11,20.98,23.7
54015,24.0,27.33,31.07,28.7,27.35,25.02,24.44
54017,14.5,15.73,18.8,19.46,20.63,20.63,22.2
54019,37.2,35.43,38.37,59.43,80.51,101.24,122.62
54021,10.3,11.31,12.74,14.1,15.66,16.83,19.3
54023,12.9,15.59,19.54,18.38,17.83,16.33,17.15
54025,29.4,31.27,30.13,31.53,33.62,34.94,37.47
54027,30.3,41.57,51.92,46.41,41.47,36.16,32.82
54029,47.3,45.69,47.78,52.16,56.68,60.89,66.81
54031,14.4,17.07,18.9,20.15,22.07,23.44,26.51
54033,27.1,27.71,34.0,32.35,31.1,29.01,28.07
54035,18.4,19.67,22.04,23.76,25.68,27.08,30.13
54037,24.0,28.66,47.96,40.38,33.34,25.45,19.56
54039,41.6,52.73,58.05,67.11,76.04,84.48,94.87
54041,12.9,14.66,16.63,24.14,31.88,38.84,47.25
54043,44.2,43.09,55.49,70.66,86.06,100.65,117.09
54045,58.2,61.48,56.93,86.96,117.18,146.35,177.08
54047,57.4,104.85,80.69,76.86,73.18,69.09,66.29
54049,15.4,16.35,20.47,20.74,21.22,21.21,22.64
54051,18.1,18.51,23.78,25.05,26.17,26.61,28.81
54053,36.6,32.54,44.91,52.38,60.1,67.51,76.24
54055,64.1,60.26,66.85,61.04,55.54,49.53,44.89
54057,16.6,21.58,32.79,27.5,22.96,17.37,14.52
54059,75.9,60.16,75.75,72.56,69.63,65.55,63.16
54061,14.0,14.39,24.5,24.73,25.72,25.95,28.14
54063,24.7,27.9,32.7,33.39,34.38,34.83,36.27
54065,28.2,30.57,38.48,50.76,63.43,75.88,89.8
54067,31.0,34.25,42.55,37.05,32.28,27.19,23.15
54069,21.9,27.03,28.55,35.59,42.59,49.06,57.26
54071,12.6,13.03,15.41,17.48,20.4,22.43,26.19
54073,14.9,16.12,18.14,18.07,17.75,17.14,18.43
54075,23.5,29.52,30.4,30.73,32.0,32.63,34.24
54077,17.9,15.88,22.6,21.93,22.57,22.14,23.61
54079,22.1,29.99,33.74,49.18,64.8,79.96,96.51
54081,49.9,69.98,61.42,72.9,84.84,96.24,108.52
54083,16.0,15.94,20.33,20.46,21.58,22.22,24.4
54085,13.6,14.78,16.81,19.41,22.29,24.65,28.79
54087,18.7,21.29,29.58,25.52,21.7,16.89,13.98
54089,38.1,43.2,52.29,51.32,51.0,50.39,50.33
54091,14.3,16.08,18.08,21.94,26.42,30.02,35.08
54093,9.9,10.66,13.2,13.31,14.45,14.53,16.81
54095,13.8,15.05,16.91,18.32,19.96,20.89,23.87
54097,11.3,13.53,15.37,18.88,23.21,26.62,31.66
54099,42.3,44.0,71.38,99.86,128.44,156.31,185.76
54101,29.5,35.06,36.18,37.68,39.67,41.43,44.07
54103,16.3,19.96,21.37,25.03,29.11,32.21,37.35
54105,15.8,17.12,19.57,19.68,19.8,19.74,21.41
54107,23.9,25.22,41.3,28.19,14.84,1.27,-10.65
54109,78.0,95.32,78.87,78.56,78.77,78.03,78.69
55001,18.4,19.69,20.59,27.23,33.16,37.75,41.98
55003,15.5,17.46,17.0,20.9,21.94,22.11,22.23
55005,7.5,7.81,8.89,9.26,8.37,6.61,4.4
55007,8.9,9.23,9.57,11.73,11.76,11.25,9.99
55009,10.6,11.31,12.98,15.0,16.26,15.55,15.48
55011,6.9,7.01,8.48,8.68,8.54,7.39,5.77
55013,10.8,10.58,12.88,12.08,9.4,6.38,2.68
55015,7.4,7.78,7.94,8.57,8.13,6.22,4.64
55017,7.7,9.02,10.71,14.21,17.02,19.16,20.84
55019,5.1,5.37,6.51,7.09,6.89,6.52,5.36
55021,15.3,19.87,25.12,22.64,19.38,14.88,10.61
55023,9.2,11.29,12.22,13.24,14.89,15.18,15.23
55025,15.2,16.1,19.61,19.97,20.03,18.79,17.99
55027,13.3,19.87,24.39,23.13,21.47,17.87,15.19
55029,7.1,8.14,7.9,9.19,8.82,7.93,6.81
55031,10.9,11.74,13.4,16.05,16.74,17.23,17.64
55033,6.3,8.15,8.47,8.63,7.85,6.73,4.8
55035,8.6,9.2,10.72,11.07,10.77,9.97,8.58
55037,13.4,15.7,16.97,20.09,21.93,23.22,23.46
55039,11.4,13.71,14.16,12.11,9.25,4.86,0.99
55041,18.8,18.53,20.4,25.41,29.2,31.58,32.81
55043,7.7,7.25,9.68,9.64,10.2,9.38,8.23
55045,9.3,10.08,13.47,11.26,8.78,5.01,1.55
55047,12.6,11.95,14.62,14.68,13.91,11.59,9.31
55049,10.2,10.46,13.85,12.6,10.66,8.22,5.15
55051,10.9,12.79,13.66,16.05,15.85,15.16,14.59
55053,10.6,12.51,13.89,19.17,24.43,28.36,32.21
55055,13.6,13.66,14.1,19.77,24.77,27.98,33.11
55057,10.9,12.83,16.08,16.06,15.83,14.16,12.07
55059,25.0,22.46,27.85,30.87,33.18,33.98,35.4
55061,6.8,7.08,8.1,8.57,8.13,5.9,4.43
55063,9.6,11.2,16.94,19.65,22.49,23.7,24.47
55065,6.0,6.23,8.34,7.9,8.19,6.65,4.91
55067,10.7,14.01,14.04,15.03,14.99,13.84,12.05
55069,10.4,10.82,11.4,11.94,11.06,8.79,6.29
55071,15.6,18.13,15.38,15.99,15.66,13.85,12.74
55073,6.9,9.02,10.55,11.18,11.44,10.23,8.52
55075,9.2,10.77,13.16,13.89,13.36,11.84,10.04
55077,17.9,16.9,24.24,28.74,32.8,35.38,37.78
55078,19.5,20.02,22.32,28.1,33.17,36.67,39.58
55079,25.9,26.54,32.98,37.09,41.01,43.05,46.13
55081,14.6,11.36,13.23,14.93,16.28,16.37,16.07
55083,6.3,6.47,8.07,8.15,7.61,5.36,2.89
55085,9.3,10.78,12.58,10.78,6.73,1.82,-3.17
55087,7.7,9.59,10.24,11.2,11.04,9.28,7.53
55089,9.7,9.32,9.83,12.4,14.44,14.55,15.26
55091,5.9,6.48,7.41,7.89,7.54,6.8,5.09
55093,7.5,7.34,7.86,9.8,10.3,10.7,10.31
55095,6.6,7.76,7.06,7.6,6.54,5.4,3.14
55097,8.0,8.11,10.31,10.8,10.42,9.02,7.28
55099,7.9,8.69,10.77,11.88,10.48,7.74,5.93
55101,21.0,19.01,17.5,24.06,29.74,34.15,39.57
55103,10.2,10.6,16.1,15.57,14.65,13.04,10.98
55105,18.8,19.06,25.18,27.9,30.22,31.12,33.02
55107,9.0,9.74,10.07,12.51,14.03,13.97,13.86
55109,6.7,6.84,7.77,8.68,7.99,7.2,6.37
55111,13.9,18.02,22.21,19.11,15.78,11.36,6.61
55113,18.9,17.72,19.17,22.63,24.58,25.31,25.75
55115,7.9,8.21,10.06,13.12,15.61,16.51,16.89
55117,10.5,15.16,17.66,17.44,16.81,13.95,11.65
55119,4.7,5.78,5.97,6.29,5.88,3.96,2.03
55121,7.1,6.75,9.09,8.41,7.62,5.94,3.88
55123,8.9,7.21,10.22,9.99,9.68,7.52,5.72
55125,15.7,20.35,18.6,19.66,17.71,15.08,12.89
55127,13.9,14.43,17.58,18.85,20.37,20.3,21.06
55129,8.6,10.79,11.29,12.16,10.86,9.05,6.62
55131,13.4,12.83,16.22,16.43,15.82,13.62,11.93
55133,12.7,11.8,15.63,18.58,21.17,22.47,24.7
55135,8.1,8.94,9.42,10.73,11.27,10.12,8.65
55137,7.6,7.61,10.36,10.36,9.61,7.5,4.78
55139,14.8,14.47,15.06,18.42,20.53,21.18,21.65
55141,8.7,10.74,14.32,12.71,10.57,7.29,3.7
56001,11.3,11.52,14.59,13.06,12.1,10.03,8.32
56003,13.2,15.2,18.86,21.36,24.53,26.92,28.99
56005,13.7,12.76,12.79,14.77,17.35,18.58,20.43
56007,20.8,23.5,27.66,26.64,25.68,23.3,21.44
56009,9.3,9.98,13.42,11.62,10.32,9.04,7.08
56011,7.5,7.57,8.69,9.92,11.48,11.69,13.01
56013,17.5,24.42,20.89,17.56,14.49,10.09,5.34
56015,8.6,9.89,10.05,10.78,11.47,11.02,11.24
56017,12.1,12.74,13.95,15.87,18.52,19.88,21.51
56019,10.5,11.92,13.74,13.94,15.17,14.83,15.49
56021,17.7,16.81,14.43,16.46,19.39,20.82,23.22
56023,15.0,15.34,18.86,18.2,18.15,16.6,14.44
56025,20.6,17.95,20.33,16.99,13.52,9.86,5.94
56027,9.1,10.41,11.44,12.11,13.65,14.1,14.77
56029,11.0,13.19,15.37,15.01,15.68,15.05,14.81
56031,12.1,13.2,14.81,15.03,15.79,15.44,15.83
56033,9.4,9.69,10.95,12.04,14.18,14.97,16.89
56035,8.4,8.73,10.31,10.37,11.03,9.37,8.07
56037,22.1,17.4,24.05,19.66,14.65,8.71,2.8
56039,7.0,7.6,9.38,9.59,11.16,11.11,11.12
56041,24.2,23.64,23.93,22.86,21.34,19.21,16.38
56043,12.1,13.9,15.84,16.13,17.22,17.41,18.25
56045,8.1,8.79,10.17,10.79,11.68,11.51,11.99
