FIPS,2014 kals,2015 kals,2016 kals,2017 kals,2018 kals,2019 kals,2020 kals
01001,8.2,8.75,9.11,8.68,11.94,14.71,14.97
01003,18.0,20.1,22.37,24.55,27.51,30.31,32.87
01005,4.4,4.71,4.05,3.2,4.55,6.36,5.16
01007,17.2,16.83,16.97,16.07,18.19,19.69,18.75
01009,18.6,18.06,17.32,15.57,16.57,17.6,15.92
01011,6.3,7.23,7.82,7.33,9.52,12.1,11.66
01013,7.4,8.48,9.93,10.49,13.06,16.3,17.87
01015,14.8,16.0,17.0,17.71,20.59,23.2,22.7
01017,8.7,9.89,10.51,10.83,13.48,16.27,16.39
01019,14.4,17.44,19.55,21.91,26.18,30.58,31.94
01021,14.2,17.5,21.42,24.36,30.2,36.08,39.44
01023,5.7,6.68,7.38,7.52,10.0,11.5,12.02
01025,6.9,7.44,8.82,8.66,11.25,13.68,14.51
01027,7.9,9.39,11.33,12.51,15.78,19.43,19.6
01029,14.5,15.68,17.07,18.19,20.7,23.61,23.48
01031,7.5,7.22,6.27,5.51,6.42,7.5,6.27
01033,7.8,8.14,7.57,7.63,10.93,12.61,12.9
01035,12.9,13.81,15.35,16.3,18.63,21.74,23.9
01037,9.2,10.5,12.14,13.01,16.94,20.51,21.51
01039,10.1,9.58,9.28,8.75,9.4,11.11,11.22
01041,7.3,7.53,7.57,7.23,8.8,10.95,11.49
01043,26.0,18.99,11.45,3.64,-1.9,-7.84,-15.96
01045,8.9,9.88,10.39,10.46,12.71,15.25,15.65
01047,6.4,6.0,5.75,4.64,6.99,9.08,8.97
01049,12.1,21.35,30.18,38.59,48.82,59.39,67.56
01051,8.6,7.31,5.84,3.36,4.0,4.77,2.77
01053,27.9,25.86,24.25,21.72,21.12,20.4,19.18
01055,16.8,19.52,22.02,23.95,28.02,32.46,33.89
01057,14.6,14.71,14.11,13.91,16.22,17.86,17.17
01059,16.4,15.98,14.64,13.5,15.9,16.59,16.14
01061,8.4,10.96,13.13,15.03,18.64,22.34,24.33
01063,4.8,5.2,4.51,3.64,5.34,5.89,5.1
01065,5.9,6.17,5.82,4.72,6.48,7.65,7.44
01067,6.1,7.11,7.18,7.56,9.81,12.28,12.08
01069,11.3,12.0,12.06,11.89,13.94,16.49,16.4
01071,10.4,10.77,10.58,10.55,12.22,14.11,14.21
01073,25.6,23.97,22.44,20.2,20.35,20.06,17.4
01075,7.5,8.69,8.98,9.67,12.73,15.43,16.05
01077,9.5,9.72,8.67,7.87,10.69,11.75,11.63
01079,13.7,13.61,12.92,12.01,13.73,14.35,13.81
01081,7.1,8.67,10.05,10.5,13.52,16.65,16.99
01083,7.4,8.71,8.81,8.24,10.69,11.96,12.17
01085,5.0,6.31,7.51,7.64,10.91,14.51,16.0
01087,5.7,6.16,6.29,5.45,7.33,9.78,9.02
01089,7.7,11.07,13.81,15.69,20.23,23.89,26.25
01091,4.7,4.85,4.61,3.98,5.65,6.65,6.23
01093,5.6,6.61,6.63,6.61,10.38,12.77,13.37
01095,17.6,20.09,21.86,22.92,26.02,29.35,30.14
01097,13.5,16.14,19.5,22.16,26.03,29.8,33.21
01099,8.7,9.27,10.55,10.88,13.11,15.76,17.39
01101,7.2,6.69,5.85,4.2,5.75,7.58,6.27
01103,12.6,18.43,23.61,27.94,34.73,40.71,45.2
01105,5.3,5.74,5.99,5.32,7.61,9.86,10.02
01107,12.6,11.8,9.95,7.82,8.86,8.49,6.76
01109,5.5,6.2,6.01,6.13,8.2,10.54,10.1
01111,9.7,10.07,10.0,9.81,11.59,13.5,12.07
01113,11.5,12.14,12.62,12.02,13.76,15.98,15.63
01115,31.2,23.76,16.8,8.33,2.88,-3.25,-11.96
01117,18.0,18.5,19.51,19.45,21.67,23.75,23.65
01119,4.1,4.5,3.96,3.5,5.32,5.86,5.75
01121,9.3,10.78,12.17,12.44,15.42,18.51,18.43
01123,9.7,8.39,7.3,5.3,5.86,6.82,5.0
01125,12.5,13.48,14.02,14.44,17.61,19.47,19.21
01127,31.4,24.39,17.04,9.35,4.16,-1.76,-10.04
01129,7.0,7.53,9.53,10.31,12.86,15.53,16.84
01131,5.1,5.29,5.24,4.26,5.88,7.93,7.88
01133,10.3,9.57,7.97,6.22,7.84,8.08,6.71
02013,11.3,12.39,10.91,11.04,10.81,12.3,13.21
02016,9.9,10.81,9.9,9.96,10.06,10.73,11.08
02020,19.1,19.82,21.11,22.21,23.74,26.29,28.88
02050,8.5,9.22,10.27,11.36,11.78,14.21,13.94
02060,14.6,16.89,18.72,20.97,22.77,24.73,28.1
02063,0.0,-0.0,0.08,0.14,0.53,1.34,2.23
02066,0.0,0.03,-0.47,-1.5,-1.61,-2.18,-2.43
02068,11.8,12.05,10.72,10.54,9.53,10.47,10.96
02070,13.9,14.27,13.86,15.02,14.9,15.91,16.33
02090,14.9,12.46,8.94,5.75,2.05,0.11,-2.12
02100,9.4,10.21,11.01,10.36,10.42,11.61,12.53
02105,0.0,0.22,0.27,-1.61,-2.33,-1.7,-2.43
02110,15.3,18.58,21.7,22.56,25.1,28.45,30.38
02122,18.1,23.49,29.21,36.12,41.45,48.24,55.26
02130,14.7,14.26,12.8,10.45,10.4,11.22,9.82
02150,11.9,14.53,16.5,19.23,20.53,22.66,25.13
02158,8.4,10.24,11.43,14.03,14.83,19.3,20.23
02164,12.8,13.99,15.08,16.69,17.62,18.72,21.47
02170,18.5,16.54,15.02,13.54,11.96,11.59,10.89
02180,9.9,10.13,8.3,9.06,6.52,8.49,6.67
02185,8.8,10.19,9.51,10.28,9.81,10.43,9.98
02188,5.5,6.01,5.03,4.34,1.61,3.44,0.89
02195,0.0,-0.0,0.86,0.37,1.49,2.57,2.68
02198,0.0,-0.04,0.06,-1.15,-0.33,1.11,1.09
02220,12.8,14.73,16.97,17.48,19.14,22.42,24.22
02230,0.0,0.14,0.12,-1.84,-2.76,-2.24,-1.96
02240,9.6,11.01,11.58,10.71,10.96,11.97,13.23
02275,0.0,0.05,-0.21,-1.56,-1.01,-0.44,-0.98
02282,11.2,12.18,13.68,14.58,15.9,18.19,20.27
02290,11.3,13.04,12.67,13.96,14.19,17.71,19.38
04001,10.8,11.29,14.57,17.83,20.46,24.38,26.09
04003,16.7,23.45,30.36,39.6,48.4,56.68,65.39
04005,12.6,17.21,23.89,31.28,38.91,45.98,51.91
04007,28.3,31.41,35.68,41.71,46.89,51.9,56.03
04009,17.3,19.39,23.66,29.62,34.6,38.28,43.26
04011,16.4,20.75,26.69,34.28,41.48,47.39,54.06
04012,20.4,25.14,31.06,39.11,46.69,52.43,57.81
04013,17.0,17.27,18.08,20.74,23.28,24.68,25.6
04015,27.1,29.06,32.35,36.83,41.55,44.44,46.06
04017,21.5,16.9,13.87,12.5,10.65,8.2,4.61
04019,22.2,23.32,25.05,29.11,32.51,34.37,37.06
04021,9.7,14.07,19.57,26.89,33.63,39.36,44.73
04023,10.0,11.9,14.84,19.27,22.58,25.25,28.71
04025,26.6,25.92,26.39,28.51,30.79,32.6,33.01
04027,17.1,15.21,13.62,14.04,13.68,11.19,9.68
05001,11.6,11.35,10.8,10.58,10.39,11.17,10.37
05003,10.6,12.13,14.91,17.37,19.61,22.75,24.89
05005,20.2,20.68,20.25,20.66,22.1,22.41,23.06
05007,13.6,14.17,13.96,15.31,16.87,17.6,18.64
05009,12.1,16.53,20.18,24.37,29.05,33.34,37.52
05011,6.6,7.24,8.16,9.53,10.77,12.39,12.98
05013,10.2,10.52,11.35,12.8,14.43,15.9,16.43
05015,15.9,19.31,21.97,25.23,28.92,31.71,34.76
05017,7.6,10.28,13.47,16.56,20.24,25.0,27.47
05019,6.7,7.72,9.04,11.21,13.59,15.87,17.88
05021,12.6,20.69,27.75,35.21,44.44,53.0,60.43
05023,10.4,12.02,12.69,13.3,15.31,15.99,17.77
05025,8.1,8.85,9.76,11.04,12.59,14.7,15.7
05027,10.1,11.44,12.74,15.55,18.03,20.3,22.39
05029,13.4,14.38,14.39,14.61,16.13,16.9,18.76
05031,9.8,13.05,15.25,18.08,22.82,26.14,28.85
05033,17.6,19.68,21.62,24.83,28.49,31.2,34.69
05035,9.2,11.54,12.55,14.07,17.19,19.34,20.43
05037,11.1,13.31,14.28,15.82,18.5,19.84,21.03
05039,6.6,7.61,9.11,10.88,12.84,15.13,16.29
05041,6.2,6.79,7.46,8.33,8.86,10.37,10.5
05043,11.3,11.72,12.73,13.79,14.68,15.97,16.82
05045,12.3,10.84,8.68,6.58,5.6,3.94,3.04
05047,15.9,15.69,15.59,16.29,17.23,17.16,18.34
05049,14.1,16.94,18.95,21.61,25.69,28.53,31.26
05051,25.1,26.04,26.84,28.86,30.78,32.8,35.09
05053,12.4,11.12,10.43,10.03,9.68,9.19,8.87
05055,14.2,17.93,20.8,24.12,29.01,32.8,35.81
05057,7.0,7.91,7.99,10.51,12.65,14.85,16.95
05059,10.6,11.35,12.29,14.24,16.0,17.73,19.67
05061,7.0,7.37,7.12,8.85,10.71,12.62,14.56
05063,11.1,12.15,12.57,13.31,15.26,16.07,17.16
05065,16.0,21.91,26.84,32.48,39.61,45.75,51.44
05067,10.9,13.18,14.82,16.43,19.53,21.58,23.36
05069,7.8,10.35,12.9,15.97,19.42,23.34,26.07
05071,12.1,14.03,16.34,19.11,22.13,24.25,27.41
05073,6.4,7.06,7.19,9.49,11.26,12.62,13.54
05075,12.2,13.41,14.35,15.17,17.53,18.93,19.85
05077,8.4,9.0,8.99,9.86,11.1,12.65,12.68
05079,10.1,10.95,11.9,13.38,14.96,17.22,18.09
05081,10.3,11.23,11.43,13.22,15.02,16.56,18.39
05083,16.5,16.22,16.12,17.09,18.43,18.85,20.51
05085,15.1,12.56,9.89,7.32,5.91,4.21,2.21
05087,8.3,8.69,8.62,8.98,9.96,9.86,10.39
05089,14.4,13.8,12.06,11.26,11.12,10.01,8.96
05091,7.9,7.51,6.61,6.98,7.49,7.92,8.19
05093,12.5,11.6,9.4,7.72,8.56,7.59,5.88
05095,6.7,7.25,7.26,7.91,9.22,10.41,10.66
05097,10.8,11.9,12.32,14.64,17.18,19.45,21.51
05099,7.3,7.67,7.36,9.17,10.57,11.95,13.01
05101,14.0,15.48,15.93,17.07,18.67,19.21,20.73
05103,8.9,10.01,11.38,13.59,16.14,18.48,20.07
05105,10.3,12.2,13.52,15.42,18.41,20.43,23.54
05107,7.2,7.34,7.01,7.65,8.63,9.83,9.75
05109,12.3,15.47,18.02,22.89,28.0,32.79,36.96
05111,16.0,18.12,19.29,20.66,24.27,26.63,28.32
05113,12.4,15.58,18.26,22.74,27.15,31.79,36.58
05115,10.6,10.15,9.35,9.6,10.18,10.3,10.95
05117,7.5,8.52,9.02,10.81,12.76,14.07,14.6
05119,13.8,12.49,10.36,8.74,7.78,6.71,6.29
05121,12.3,14.23,15.5,16.58,19.34,21.16,22.27
05123,7.4,7.22,5.91,5.02,5.23,4.69,3.71
05125,13.6,13.91,14.17,15.17,16.35,17.38,18.65
05127,15.0,17.26,18.76,22.14,25.85,28.69,32.2
05129,12.0,14.59,16.3,18.37,21.28,23.21,25.8
05131,13.6,15.92,18.51,22.67,26.95,30.32,34.39
05133,9.0,10.85,11.91,15.26,18.77,21.74,25.18
05135,17.2,18.71,19.57,20.97,23.52,25.24,26.47
05137,10.5,11.72,11.97,12.87,14.86,15.89,17.49
05139,11.8,10.18,9.62,9.95,9.7,9.14,8.05
05141,9.8,12.42,13.98,15.85,19.0,21.41,24.3
05143,8.6,8.91,8.95,9.93,11.59,11.41,12.3
05145,11.2,14.33,17.11,20.44,24.32,27.54,30.75
05147,10.9,12.04,11.98,12.47,14.34,15.38,15.82
05149,11.1,12.04,12.64,13.79,15.99,17.22,19.36
06001,10.4,11.98,14.63,17.72,20.24,22.19,22.48
06003,17.1,18.67,20.83,23.88,27.18,28.96,29.64
06005,29.0,24.19,20.15,16.69,12.44,7.26,1.08
06007,32.3,29.64,24.85,21.7,18.74,13.66,7.59
06009,18.6,20.87,24.37,28.4,32.1,34.6,36.12
06011,9.6,11.33,12.01,14.0,15.02,14.66,13.65
06013,11.4,10.26,9.78,10.07,9.58,8.52,5.77
06015,17.5,18.95,18.8,19.46,19.61,20.6,20.55
06017,24.0,21.59,19.67,19.08,17.49,14.8,11.03
06019,13.3,14.25,16.8,20.04,23.63,25.83,26.77
06021,22.0,18.81,13.65,10.06,6.17,0.68,-5.48
06023,32.3,31.93,30.41,29.25,27.96,26.56,24.58
06025,14.2,19.77,26.51,34.5,41.77,47.56,53.43
06027,20.5,19.06,18.02,19.14,19.13,18.74,17.37
06029,24.2,24.19,24.82,27.01,29.37,29.58,28.3
06031,13.3,11.01,9.84,10.26,10.6,9.7,7.02
06033,49.9,48.22,45.16,43.87,41.68,38.26,33.94
06035,33.5,29.28,23.51,18.56,14.76,8.43,2.06
06037,7.4,7.3,6.98,9.25,10.99,10.94,9.27
06039,13.4,14.97,17.38,21.05,24.59,27.04,27.4
06041,9.2,9.7,9.95,11.51,12.46,12.74,11.7
06043,22.5,20.35,18.92,18.82,18.51,17.16,13.59
06045,26.8,22.03,15.46,10.84,5.29,-1.47,-9.25
06047,11.5,14.3,18.38,23.37,28.32,32.26,34.16
06049,25.4,23.23,18.68,15.15,13.11,9.45,4.56
06051,9.1,10.45,12.74,15.75,18.48,20.28,20.6
06053,11.4,11.24,11.87,14.31,16.74,17.22,15.66
06055,10.1,12.29,14.58,18.37,20.96,22.39,22.76
06057,19.3,19.52,19.17,20.23,21.02,20.15,18.5
06059,11.9,12.05,12.0,14.74,16.57,16.41,15.29
06061,10.5,12.12,13.21,15.78,17.94,18.67,18.32
06063,35.7,31.9,26.39,22.0,18.57,12.18,5.48
06065,14.1,14.42,13.8,15.57,17.05,16.6,16.15
06067,17.0,18.61,20.33,23.31,25.35,26.13,26.2
06069,9.7,10.81,12.71,16.25,19.53,21.33,20.91
06071,6.0,5.26,3.94,4.62,5.49,4.58,2.19
06073,12.9,12.93,13.04,14.47,15.4,14.71,14.22
06075,19.6,22.4,25.12,28.79,32.22,35.04,35.96
06077,16.9,16.51,16.74,17.77,17.99,17.79,15.78
06079,12.7,17.72,23.63,31.25,39.77,45.38,49.66
06081,9.0,9.44,10.41,12.13,13.35,13.75,12.93
06083,12.8,15.73,19.54,25.31,31.59,35.06,36.87
06085,7.2,7.41,8.75,10.84,13.11,14.28,13.37
06087,20.4,18.47,17.13,17.3,17.18,15.8,12.29
06089,23.2,20.29,14.74,10.94,7.42,2.76,-3.48
06091,26.1,25.23,24.25,23.73,23.93,21.89,19.63
06093,17.4,24.97,30.38,36.92,42.54,49.1,53.94
06095,15.3,13.93,12.77,12.93,12.2,10.13,6.85
06097,14.9,15.89,16.52,18.75,19.71,20.12,19.2
06099,13.6,18.49,24.09,30.61,36.9,42.54,46.3
06101,10.1,11.86,13.08,16.06,17.72,18.18,18.07
06103,12.7,13.08,10.7,10.04,9.13,6.69,3.05
06105,19.6,21.98,22.66,24.91,26.82,27.9,28.45
06107,8.3,9.61,12.19,16.19,20.32,22.16,23.15
06109,30.3,34.31,39.68,46.16,51.81,56.48,59.74
06111,14.3,14.25,14.63,17.17,19.89,19.92,19.11
06113,11.2,13.1,14.76,17.99,19.99,20.83,20.56
06115,10.7,13.11,15.0,18.58,21.09,22.38,22.9
08001,0.0,-0.13,-1.65,-1.19,-1.42,-2.01,-3.92
08003,23.7,22.29,20.75,21.0,22.03,22.89,20.83
08005,16.4,16.23,14.9,15.79,15.94,16.04,14.29
08007,11.9,13.36,16.93,21.0,25.36,30.54,33.56
08009,12.7,13.74,15.19,17.3,20.5,22.75,23.84
08011,16.8,18.99,21.12,24.22,28.03,30.37,31.68
08013,16.2,15.15,12.25,11.58,10.17,8.88,6.18
08014,0.0,-0.18,-1.83,-1.54,-1.91,-2.25,-4.1
08015,16.6,17.11,18.32,20.47,23.3,24.94,25.54
08017,7.4,8.06,7.4,8.36,9.88,10.51,9.96
08019,12.7,13.59,13.27,14.84,16.21,17.88,16.83
08021,23.0,24.62,26.38,29.76,33.88,37.72,39.24
08023,25.9,25.13,24.4,25.92,28.65,30.11,29.11
08025,12.8,13.46,14.14,16.23,19.02,20.56,20.72
08027,16.7,19.33,21.54,25.19,29.89,33.79,36.09
08029,14.2,13.38,13.66,13.82,14.69,15.05,14.46
08031,20.5,18.6,15.55,14.66,12.94,11.09,7.57
08033,16.6,17.14,18.75,20.32,22.25,24.25,24.61
08035,7.7,7.59,6.18,7.08,7.72,7.76,6.11
08037,7.6,8.92,10.44,12.71,14.77,16.8,17.76
08039,9.9,11.12,11.54,14.16,16.79,18.44,18.66
08041,20.7,21.44,22.25,25.08,28.16,30.32,30.95
08043,16.5,19.63,22.54,26.5,31.73,36.26,38.96
08045,12.6,11.44,10.42,9.8,9.91,9.77,8.33
08047,13.8,13.39,11.1,10.95,10.46,10.23,7.69
08049,12.0,11.12,8.98,8.15,7.02,6.74,4.03
08051,10.1,11.98,15.02,18.58,23.08,26.3,28.84
08053,12.3,13.45,16.03,18.79,22.74,26.07,28.42
08055,38.2,37.3,36.44,37.48,39.89,41.34,40.76
08057,15.9,16.33,15.06,15.26,15.72,15.23,13.66
08059,0.0,-0.13,-1.52,-0.83,-0.65,-0.97,-2.82
08061,9.7,10.64,11.25,12.68,15.07,16.5,16.86
08063,9.5,8.72,6.56,6.02,5.94,4.23,2.17
08065,13.4,16.14,19.27,22.79,26.99,30.83,33.15
08067,11.2,14.95,20.2,25.3,30.6,36.55,40.45
08069,16.4,15.29,12.09,10.88,9.62,7.69,4.71
08071,33.9,40.96,48.1,57.42,67.38,76.05,82.68
08073,11.1,11.35,10.46,11.89,13.14,13.52,13.21
08075,11.5,11.87,11.35,12.11,12.31,12.26,10.95
08077,14.7,20.14,26.96,33.41,40.01,47.2,52.62
08079,14.0,15.37,18.3,21.59,25.66,29.35,31.91
08081,15.0,16.11,17.74,19.37,21.45,23.61,24.29
08083,14.3,15.37,17.01,18.26,19.97,22.54,23.26
08085,11.3,10.63,11.11,11.57,12.56,13.28,13.2
08087,11.0,12.9,13.89,16.8,18.58,19.92,20.55
08089,21.6,18.0,14.36,11.88,9.88,6.56,1.94
08091,12.7,13.72,16.15,18.32,21.57,24.25,25.86
08093,13.5,13.87,14.25,16.14,18.36,20.12,19.97
08095,8.0,8.69,8.94,11.07,12.31,13.38,12.95
08097,12.7,12.54,12.63,13.2,14.32,14.65,14.21
08099,12.6,13.77,14.6,15.75,17.96,19.71,19.73
08101,26.2,27.48,28.75,31.84,35.65,38.72,39.81
08103,14.9,15.32,15.9,16.15,16.97,17.95,16.97
08105,22.5,24.14,26.79,30.58,34.92,39.3,41.33
08107,11.3,12.69,14.09,16.16,17.96,19.96,20.49
08109,14.2,17.22,20.56,25.37,30.58,35.89,39.36
08111,14.2,14.76,16.77,18.23,20.71,23.76,25.08
08113,10.1,11.47,14.42,17.33,20.38,24.11,26.15
08115,10.4,11.97,12.7,14.61,16.27,18.0,17.62
08117,9.5,11.75,13.35,16.35,20.14,23.77,25.48
08119,18.5,18.16,17.92,19.02,20.66,21.76,20.75
08121,7.8,8.48,8.63,10.57,11.74,12.53,12.0
08123,0.0,-0.04,-2.28,-2.4,-2.82,-3.6,-5.73
08125,4.6,5.24,4.98,6.72,7.99,9.08,8.77
09001,11.1,14.6,18.89,22.68,25.87,31.05,36.03
09003,17.8,22.68,27.87,32.79,36.26,42.19,48.06
09005,26.9,28.9,31.54,34.51,35.66,38.53,41.69
09007,20.3,23.73,27.71,30.72,33.05,37.63,41.85
09009,17.6,24.1,31.23,37.44,43.05,50.66,58.05
09011,21.1,26.58,32.3,37.24,41.43,48.06,54.0
09013,16.7,17.18,18.1,18.23,16.66,18.18,18.91
09015,25.5,27.89,30.38,32.83,33.69,37.25,40.6
10001,21.8,21.57,21.52,21.47,20.82,22.06,22.89
10003,20.2,21.35,22.41,24.2,24.68,27.24,29.41
10005,18.5,21.39,23.52,25.81,27.46,31.25,33.83
11001,15.1,17.98,21.37,24.36,27.88,33.06,37.24
12001,9.3,10.9,11.91,11.26,13.64,14.43,14.75
12003,19.4,23.53,27.06,28.84,33.03,37.35,39.96
12005,17.2,17.89,18.65,19.56,22.05,23.99,24.51
12007,19.2,20.75,21.62,21.1,22.94,24.04,24.15
12009,20.8,26.92,33.33,38.63,46.46,53.27,60.87
12011,12.2,15.11,18.02,20.55,25.36,29.45,33.71
12013,11.4,11.82,12.22,12.6,15.07,17.34,17.47
12015,8.3,9.25,10.18,9.78,12.13,12.69,14.94
12017,20.5,21.56,21.62,20.37,22.19,22.26,22.76
12019,16.1,21.58,26.57,30.43,36.3,41.82,46.12
12021,14.3,15.72,17.68,18.67,22.31,24.14,27.04
12023,18.2,18.23,17.91,16.13,17.07,17.18,15.82
12027,12.3,11.7,11.27,9.55,10.76,9.96,10.87
12029,23.3,27.22,30.48,32.59,37.71,41.58,44.72
12031,17.0,19.13,21.38,21.99,24.76,27.23,28.35
12033,14.0,18.55,23.5,28.34,34.33,39.72,45.16
12035,14.0,14.55,14.91,14.23,15.4,15.48,14.97
12037,20.1,21.73,23.39,24.55,28.44,30.92,31.8
12039,5.7,6.45,6.71,6.75,9.61,12.26,12.1
12041,11.8,13.6,15.02,15.24,17.98,19.87,20.82
12043,15.1,16.2,17.89,18.3,22.09,23.69,26.86
12045,15.1,17.17,19.38,21.87,26.37,29.86,32.1
12047,10.4,12.02,13.2,13.35,16.35,18.7,19.24
12049,9.9,11.68,13.33,14.1,17.87,19.03,21.41
12051,11.3,12.71,14.26,14.35,18.07,19.81,22.56
12053,17.7,19.5,21.09,21.24,23.76,25.02,26.77
12055,17.5,15.01,11.86,8.5,8.11,5.46,4.15
12057,12.7,13.66,14.61,14.75,17.06,17.91,19.78
12059,15.5,16.24,17.66,18.58,21.04,23.33,24.15
12061,18.5,16.87,15.86,13.25,13.79,13.17,13.04
12063,8.0,9.85,11.34,13.1,16.73,19.77,21.04
12065,9.8,10.69,11.07,11.28,14.88,17.07,17.43
12067,16.9,17.78,18.1,17.24,19.19,20.45,20.42
12069,12.9,14.7,16.24,16.19,18.93,20.19,21.66
12071,13.5,15.14,16.87,17.55,21.15,23.33,26.52
12073,6.6,6.68,6.12,5.51,8.16,9.87,9.25
12075,17.8,19.66,21.33,21.17,24.15,25.45,26.31
12077,9.3,9.59,9.65,9.95,12.48,14.58,14.48
12079,8.7,11.61,13.89,15.66,20.58,24.61,26.96
12081,25.7,37.93,50.08,60.96,74.74,86.72,100.35
12083,17.6,16.78,15.14,12.16,12.37,11.06,9.61
12085,15.7,18.43,21.3,23.01,28.17,31.79,35.09
12086,5.5,7.87,9.84,11.29,15.15,17.48,20.85
12087,19.4,26.31,33.41,40.4,49.71,56.59,65.36
12089,15.7,17.68,19.48,20.16,22.26,24.55,25.33
12091,12.9,21.16,29.75,38.33,47.51,56.76,65.65
12093,23.7,25.63,27.77,29.1,33.4,35.78,38.82
12095,14.1,15.19,16.43,16.34,18.98,20.03,21.29
12097,13.3,13.73,13.91,13.11,14.89,14.45,14.62
12099,17.2,22.27,27.09,31.05,37.67,43.53,49.0
12101,22.5,23.65,24.77,25.3,27.42,28.34,29.81
12103,20.7,21.28,21.86,21.58,23.03,23.64,25.13
12105,15.0,15.36,15.3,14.89,16.78,16.73,17.7
12107,13.5,12.14,10.0,6.73,5.53,3.5,0.44
12109,10.7,11.09,10.79,9.32,9.97,9.8,8.81
12111,16.6,17.9,19.5,19.94,23.62,25.68,27.74
12113,13.0,17.11,21.75,26.28,32.09,37.29,42.04
12115,15.1,23.46,31.93,39.37,49.03,56.83,66.39
12117,13.1,15.1,17.55,18.17,21.33,23.26,25.28
12119,9.1,12.0,14.44,15.79,20.03,22.63,24.99
12121,11.3,15.25,18.73,20.93,25.73,30.04,32.79
12123,12.1,13.84,15.21,15.72,19.45,21.64,22.79
12125,14.2,16.22,17.86,18.04,20.46,22.0,22.66
12127,15.8,19.4,22.84,24.33,28.26,31.14,34.04
12129,11.5,12.9,14.17,14.81,18.94,21.22,21.79
12131,11.7,15.87,20.7,25.43,30.32,35.65,39.72
12133,14.0,18.01,22.3,26.17,31.68,36.74,40.37
13001,12.2,11.86,11.71,10.8,12.8,14.12,13.24
13003,13.4,12.89,11.96,10.01,11.12,12.21,10.35
13005,13.0,12.23,11.61,9.59,10.18,10.65,8.77
13007,7.3,8.49,9.8,10.85,14.7,18.33,19.07
13009,7.6,6.96,5.13,3.15,3.51,4.04,2.08
13011,15.3,17.2,17.01,16.79,19.0,21.4,21.77
13013,16.3,15.58,12.53,9.92,9.07,9.09,6.23
13015,17.3,19.16,19.31,19.93,22.32,24.72,25.08
13017,7.3,8.0,8.14,7.24,9.55,11.61,10.93
13019,7.4,8.2,7.98,6.95,9.07,11.22,10.36
13021,9.4,10.75,10.91,10.65,12.87,15.38,14.87
13023,9.7,11.73,13.41,14.66,18.19,22.09,23.01
13025,17.6,21.24,25.07,27.38,31.83,36.59,38.98
13027,6.7,7.26,7.84,7.87,11.02,13.18,13.15
13029,8.0,9.8,11.96,12.75,16.09,19.67,21.27
13031,5.5,6.15,7.2,6.76,9.39,12.13,13.12
13033,9.3,11.8,13.97,15.63,20.4,25.5,27.9
13035,17.1,20.76,22.65,25.2,28.96,33.82,35.5
13037,5.3,6.14,7.09,7.73,10.88,14.13,14.08
13039,10.2,12.96,15.56,16.96,20.28,23.34,24.9
13043,7.8,8.04,8.0,7.3,9.69,11.72,12.53
13045,19.1,18.97,17.45,16.25,16.78,17.9,15.47
13047,20.0,20.17,18.57,17.85,18.0,18.82,17.92
13049,11.0,13.25,15.38,16.44,18.95,22.18,23.09
13051,9.5,10.48,12.0,11.98,14.11,16.78,17.48
13053,8.3,8.1,7.49,6.19,7.53,9.02,7.94
13055,17.1,19.22,20.22,22.17,25.35,28.61,29.74
13057,15.9,19.12,20.3,21.86,25.41,29.38,30.87
13059,9.4,9.91,8.28,7.08,7.66,8.89,7.13
13061,8.5,9.75,10.68,11.44,14.51,17.87,18.23
13063,7.9,9.47,8.54,8.78,10.6,12.99,12.24
13065,8.0,8.35,8.41,7.05,8.59,9.86,8.48
13067,16.0,15.04,12.3,9.65,8.92,8.78,6.14
13069,14.1,14.72,14.88,14.32,16.32,18.71,18.09
13071,8.9,9.67,10.41,10.49,13.75,16.28,16.24
13073,11.9,12.73,12.62,12.46,14.8,17.75,18.45
13075,9.3,10.59,11.44,11.8,15.13,17.66,18.03
13077,10.5,11.74,11.6,11.49,13.23,15.6,15.07
13079,12.7,13.32,12.79,11.87,13.59,15.5,13.97
13081,6.5,6.43,5.8,4.58,6.45,7.58,5.81
13083,13.9,13.57,12.18,11.59,12.16,12.75,11.69
13085,16.9,20.52,22.12,24.2,28.02,31.95,33.66
13087,7.4,8.36,9.44,10.32,13.87,16.65,17.34
13089,8.1,10.16,9.86,10.44,12.66,15.52,15.49
13091,11.7,14.57,16.37,17.85,22.11,25.89,27.17
13093,5.7,5.93,5.32,4.61,6.6,8.01,6.42
13095,6.4,7.58,8.69,9.05,12.22,14.84,14.87
13097,16.3,13.84,9.75,5.79,4.21,3.06,-0.98
13099,6.1,6.77,6.76,6.75,9.09,11.62,11.04
13101,8.8,10.12,11.18,11.16,14.2,16.71,17.35
13103,8.3,9.03,10.68,10.28,12.71,15.24,15.86
13105,16.4,17.44,17.17,16.47,18.38,21.15,20.92
13107,7.1,7.26,7.19,6.13,8.52,10.15,10.66
13109,6.9,7.25,7.71,6.55,8.94,10.85,11.35
13111,22.5,22.06,19.3,17.99,17.89,18.45,16.53
13113,10.8,11.79,11.16,10.62,12.12,14.43,13.2
13115,13.2,14.95,15.66,16.81,19.65,22.24,22.22
13117,12.9,14.71,14.75,14.7,16.13,18.46,18.19
13119,24.1,25.36,24.56,23.67,25.14,27.31,27.24
13121,14.0,14.58,12.63,11.5,11.87,13.51,11.87
13123,17.4,16.85,14.3,12.84,12.68,12.83,11.18
13125,10.7,11.64,11.28,10.83,13.5,16.31,16.89
13127,12.0,13.24,14.94,14.78,16.86,19.38,19.68
13129,13.9,12.33,9.26,7.0,5.95,4.99,1.99
13131,5.3,6.0,6.54,7.21,10.66,13.57,13.66
13133,8.7,10.45,10.47,10.46,12.67,15.42,15.27
13135,7.0,10.55,11.44,13.45,16.55,20.86,22.11
13137,10.1,11.27,10.03,9.53,11.12,12.83,12.6
13139,12.9,13.43,11.8,10.77,11.21,12.41,11.13
13141,6.2,6.85,5.71,4.53,6.14,8.12,7.28
13143,26.7,30.04,32.58,35.24,39.76,44.39,46.11
13145,8.6,9.58,9.83,10.3,12.77,15.45,15.33
13147,12.3,13.09,12.36,11.53,13.21,15.36,15.04
13149,13.1,13.55,13.28,12.76,14.23,16.0,14.52
13151,13.8,13.55,11.83,10.62,10.86,12.25,10.44
13153,8.6,10.55,11.71,12.81,15.92,19.33,19.39
13155,8.1,8.92,9.38,8.72,11.42,13.81,13.47
13157,16.7,21.16,23.8,26.32,31.05,36.43,39.27
13159,11.3,11.84,10.63,9.82,10.4,11.94,10.69
13161,18.5,18.05,17.3,16.36,18.26,19.43,18.55
13163,8.2,9.39,9.94,9.64,13.13,16.27,16.96
13165,7.2,7.89,8.45,8.36,11.0,13.7,14.75
13167,8.1,8.39,7.64,6.52,8.69,11.08,10.87
13169,13.4,12.67,10.76,8.66,8.75,9.42,7.03
13171,13.4,17.38,20.19,22.9,27.31,32.64,34.56
13173,7.0,7.16,6.73,5.9,7.57,9.08,8.23
13175,10.4,12.13,12.87,13.1,16.25,19.67,20.46
13177,7.2,8.56,9.71,10.04,13.11,15.8,16.02
13179,9.1,9.65,10.38,9.27,10.91,12.95,13.02
13181,10.8,12.29,12.15,12.12,14.22,17.44,17.91
13183,10.2,11.04,12.29,11.81,14.3,16.84,17.38
13185,6.0,6.48,7.2,6.8,9.4,11.57,11.66
13187,13.6,15.88,16.49,17.43,20.3,23.62,24.56
13189,9.7,10.2,8.95,7.96,9.63,11.63,11.23
13191,12.9,14.1,15.35,15.09,16.89,18.89,19.11
13193,5.9,6.81,6.86,7.34,9.62,12.25,11.48
13195,24.9,19.34,11.93,4.09,-1.36,-6.26,-13.75
13197,7.2,7.42,7.51,6.86,8.48,10.53,9.61
13199,13.2,14.96,15.87,16.55,19.18,22.25,22.55
13201,9.2,9.53,9.54,9.36,11.86,13.81,13.35
13205,7.3,8.77,10.33,11.72,15.83,19.61,20.55
13207,11.8,12.91,12.83,12.99,14.69,16.91,15.95
13209,9.0,9.81,10.35,10.58,13.42,16.29,16.61
13211,11.5,10.46,7.45,4.68,3.83,3.91,0.62
13213,24.4,23.78,21.16,19.89,19.92,19.81,18.22
13215,10.5,9.21,7.56,5.42,5.77,6.19,3.96
13217,10.3,11.84,11.63,12.08,13.65,16.56,16.18
13219,10.2,10.04,8.12,6.39,6.67,7.6,5.66
13221,11.5,12.59,12.25,11.65,13.41,16.13,15.74
13223,19.5,17.09,12.94,8.91,7.31,5.74,1.62
13225,9.3,12.0,13.88,15.55,19.51,23.48,24.25
13227,15.8,14.98,12.58,10.51,10.06,9.76,7.37
13229,19.2,15.32,11.53,6.38,3.21,0.12,-5.51
13231,8.6,10.15,10.86,11.06,13.35,16.39,16.39
13233,18.1,21.34,23.35,25.52,30.06,34.0,35.58
13235,8.1,8.96,9.31,9.53,12.11,14.52,13.86
13237,8.7,10.25,10.56,10.55,12.83,15.5,15.56
13239,7.7,8.36,9.1,9.13,11.72,14.3,13.95
13241,23.2,23.8,22.33,21.31,22.21,23.34,22.57
13243,4.7,5.23,5.9,5.85,8.68,11.53,11.26
13245,14.3,19.9,24.67,29.25,36.66,44.29,49.66
13247,12.7,13.54,12.23,11.91,12.63,14.87,13.51
13249,5.8,6.35,6.98,6.73,8.65,10.86,10.04
13251,7.0,7.63,8.73,8.75,11.36,14.13,15.45
13253,10.4,10.18,9.68,9.41,11.8,13.11,12.23
13255,14.2,17.7,20.18,22.54,26.85,32.0,34.05
13257,19.6,20.11,18.05,16.5,17.2,18.23,16.88
13259,6.3,7.16,8.48,8.58,11.45,14.55,14.65
13261,5.2,5.42,5.25,4.5,6.37,8.13,6.64
13263,9.7,10.95,12.13,12.57,15.33,18.25,18.02
13265,9.0,9.82,9.27,8.81,10.64,13.27,13.19
13267,12.2,14.17,16.34,17.38,21.43,25.14,27.09
13269,10.6,10.38,9.7,9.08,10.49,11.99,10.31
13271,8.5,8.94,8.78,8.68,11.18,13.37,12.9
13273,4.7,5.21,5.88,5.4,7.98,10.3,9.29
13275,6.2,5.85,5.12,4.49,7.0,8.56,7.66
13277,5.7,7.83,10.01,11.15,15.2,18.91,20.17
13279,11.9,12.18,12.59,12.1,14.36,16.58,16.98
13281,20.0,19.51,17.08,15.44,15.48,15.97,14.07
13283,6.4,7.11,7.04,6.51,8.89,11.54,11.69
13285,13.5,15.73,17.01,18.72,22.31,26.02,26.85
13287,8.7,9.53,10.34,10.31,13.01,15.45,15.21
13289,9.7,10.71,10.39,9.99,12.13,14.33,13.38
13291,14.7,16.97,17.46,18.89,21.72,25.14,25.69
13293,13.7,13.66,13.19,11.6,12.71,13.95,12.27
13295,16.7,15.54,12.94,11.46,10.73,10.23,8.06
13297,15.3,17.71,17.88,18.64,20.95,24.24,24.93
13299,24.9,16.49,7.96,-1.94,-9.27,-16.61,-26.8
13301,8.9,9.7,8.91,8.55,10.65,13.16,13.07
13303,6.7,7.26,6.57,5.22,7.35,9.39,9.16
13305,19.0,21.02,23.05,23.95,27.25,30.62,31.6
13307,5.7,6.49,7.86,7.69,10.68,13.59,13.44
13309,8.3,10.41,11.9,13.56,18.09,22.24,23.85
13311,17.7,18.28,16.34,15.06,15.92,17.15,16.03
13313,12.5,13.22,12.11,12.41,13.89,15.3,14.98
13315,6.7,7.75,8.53,8.58,11.35,13.66,13.46
13317,11.5,12.48,12.15,12.21,13.94,16.99,16.99
13319,9.2,9.87,9.47,8.62,10.52,12.54,11.96
13321,8.5,10.23,11.82,12.47,16.16,19.25,19.69
15001,11.2,11.55,14.26,14.72,15.9,16.74,17.63
15003,10.6,12.22,14.67,16.68,20.36,21.62,23.16
15005,15.1,16.39,17.94,18.72,20.62,21.2,22.5
15007,11.2,11.94,12.93,12.54,14.15,13.78,13.11
15009,13.4,12.0,11.16,9.16,7.84,6.24,5.28
16001,15.5,11.78,5.83,-0.33,-6.16,-13.39,-22.74
16003,9.3,10.27,10.26,9.68,8.81,7.92,5.53
16005,25.2,18.77,12.01,4.32,-3.8,-11.78,-21.53
16007,14.3,16.31,18.73,20.16,20.77,22.98,23.13
16009,12.8,16.56,19.54,22.35,24.49,27.94,29.31
16011,13.0,10.18,6.8,2.56,-2.1,-6.11,-11.83
16013,9.3,9.96,9.35,8.19,7.2,5.65,2.49
16015,13.9,13.43,11.48,8.69,6.49,3.19,-1.78
16017,9.1,11.31,13.54,15.2,16.27,17.75,17.5
16019,18.9,21.6,23.79,25.52,26.12,27.67,27.68
16021,14.5,14.94,15.97,16.2,15.65,16.31,15.21
16023,9.7,10.0,8.54,6.94,4.98,3.68,-0.12
16025,9.3,10.15,9.32,8.36,7.55,5.92,2.81
16027,12.1,10.08,6.11,1.74,-1.91,-6.81,-14.23
16029,10.3,10.98,11.91,12.05,11.55,12.0,10.7
16031,8.5,10.41,10.4,9.58,10.06,9.43,7.33
16033,9.7,10.64,10.26,9.64,8.32,7.67,4.7
16035,8.2,9.56,9.9,10.22,9.87,10.61,8.93
16037,11.0,11.4,9.86,8.61,6.14,4.3,-0.01
16039,9.5,10.28,8.93,7.27,6.39,3.95,-0.76
16041,11.0,11.93,12.31,12.19,11.34,11.47,9.54
16043,7.7,8.79,9.26,9.57,8.88,9.32,7.25
16045,14.4,16.87,17.18,17.13,17.38,16.58,13.66
16047,7.5,9.71,9.87,9.71,10.7,10.36,7.93
16049,9.5,11.48,12.71,14.04,13.98,15.02,14.47
16051,6.1,7.41,7.88,8.24,7.47,7.41,5.91
16053,7.5,9.2,8.61,7.83,8.23,7.33,4.81
16055,9.8,13.42,16.29,18.47,19.95,22.2,23.03
16057,8.0,9.22,10.14,11.2,11.43,13.03,12.43
16059,10.9,13.29,14.21,15.55,16.16,17.21,15.31
16061,9.6,10.61,10.69,11.22,10.94,11.64,10.0
16063,8.8,10.23,9.96,8.98,8.9,7.46,4.25
16065,4.1,4.65,4.51,4.22,2.89,2.6,0.3
16067,11.6,13.21,13.31,12.6,13.18,12.72,10.49
16069,12.1,13.97,15.03,16.53,17.22,19.33,18.87
16071,10.1,10.96,10.6,9.91,8.83,8.16,5.83
16073,11.3,13.26,12.76,12.63,13.23,12.09,8.83
16075,11.7,16.42,19.87,22.82,26.68,28.82,28.68
16077,9.7,11.26,11.24,11.02,10.82,10.35,8.09
16079,16.5,18.91,21.04,23.08,24.18,26.51,26.64
16081,8.3,8.53,8.08,7.45,5.94,5.73,3.33
16083,10.6,16.53,20.45,24.27,29.25,32.53,34.35
16085,12.7,15.27,16.84,17.94,18.28,18.98,17.8
16087,7.5,8.41,8.11,7.19,6.83,5.13,1.73
17001,11.9,16.21,20.7,24.32,30.96,36.57,41.2
17003,8.4,8.88,7.93,7.57,9.4,9.92,10.06
17005,12.0,15.72,18.97,23.6,29.34,33.53,38.19
17007,14.9,13.46,11.47,9.81,10.19,9.94,9.72
17009,6.5,7.1,7.45,7.26,9.9,11.86,13.2
17011,12.6,18.13,22.94,27.88,34.82,41.9,48.28
17013,11.9,13.96,15.92,17.48,21.76,24.83,27.68
17015,7.9,10.05,12.45,15.05,19.14,23.08,26.82
17017,8.1,8.75,8.67,8.5,11.66,13.54,15.23
17019,13.8,14.48,15.26,17.3,21.24,24.16,26.03
17021,14.9,16.76,18.07,20.9,26.0,29.41,32.75
17023,13.8,14.23,14.07,14.94,18.72,20.6,22.0
17025,8.8,11.39,13.0,16.75,21.79,25.19,28.54
17027,7.3,8.02,8.54,9.68,12.27,13.11,14.87
17029,8.5,10.24,11.6,14.68,20.59,24.64,27.56
17031,11.9,13.18,14.19,15.42,17.68,20.24,23.01
17033,11.6,11.33,10.37,11.06,13.65,14.63,15.45
17035,6.8,7.94,8.22,10.68,15.32,18.44,20.37
17037,8.9,9.09,8.64,8.56,9.79,11.34,12.77
17039,14.1,19.31,24.51,30.47,38.77,46.35,53.53
17041,7.8,8.94,9.82,12.03,16.65,19.8,21.73
17043,9.9,11.74,12.95,14.18,17.08,20.21,23.31
17045,11.0,13.24,14.29,16.77,22.2,25.34,28.25
17047,12.4,13.5,13.65,15.71,18.32,19.8,21.32
17049,9.1,11.36,12.92,16.12,21.27,25.02,28.4
17051,11.9,15.03,17.46,21.2,27.06,30.78,35.05
17053,11.0,11.42,11.52,11.98,14.75,17.23,18.99
17055,25.1,24.56,22.29,21.99,23.02,22.57,22.67
17057,10.4,12.74,14.6,16.8,21.24,25.61,29.38
17059,17.9,16.65,13.97,12.49,12.6,11.96,10.52
17061,13.9,15.19,16.01,17.34,21.17,24.02,26.38
17063,15.6,17.92,19.57,21.84,25.55,29.82,33.13
17065,8.8,9.65,9.41,10.81,13.26,14.8,15.87
17067,7.4,8.23,8.89,8.91,11.72,14.3,16.25
17069,18.5,19.98,19.77,20.46,23.14,25.05,26.23
17071,7.4,8.69,9.33,10.12,13.13,15.86,18.05
17073,8.4,8.83,8.76,8.8,11.16,13.12,14.85
17075,16.5,18.27,19.56,20.81,24.34,27.95,30.78
17077,14.3,14.65,13.55,13.55,15.53,16.07,17.15
17079,9.6,10.42,10.8,12.92,16.49,18.81,20.85
17081,12.3,18.27,22.93,29.43,37.21,43.31,49.98
17083,19.5,23.46,26.93,30.61,36.38,41.42,46.52
17085,8.4,8.17,9.17,10.09,13.21,14.87,16.4
17087,13.1,11.46,8.29,5.77,5.58,3.76,1.93
17089,8.5,8.17,7.21,6.51,7.26,8.54,9.54
17091,18.7,16.65,14.61,12.39,12.26,11.97,11.16
17093,9.3,9.73,9.14,9.07,10.23,12.01,13.14
17095,13.5,13.48,12.51,11.5,13.1,14.62,15.18
17097,11.6,10.96,9.8,9.23,10.16,10.8,11.41
17099,18.3,23.84,28.98,34.26,40.93,48.49,55.55
17101,13.9,14.91,15.36,17.2,20.38,21.79,23.21
17103,14.8,15.04,15.58,15.82,17.89,20.48,22.6
17105,15.0,18.89,21.77,25.89,31.32,37.49,42.36
17107,11.1,14.64,17.01,20.4,26.73,31.84,36.65
17109,6.2,5.99,5.12,4.02,5.58,6.87,7.48
17111,12.8,14.36,15.23,16.76,19.79,22.47,25.37
17113,12.7,13.5,13.42,14.37,17.43,20.57,22.74
17115,11.3,14.12,16.82,20.46,26.19,30.8,35.0
17117,11.8,14.84,17.76,21.01,26.3,30.68,34.72
17119,31.0,27.72,24.16,21.16,19.79,17.24,15.04
17121,20.8,23.29,24.86,28.26,32.62,35.72,39.0
17123,9.7,11.77,13.29,15.41,19.09,23.01,26.13
17125,10.6,12.92,14.06,15.61,19.99,23.45,26.75
17127,16.6,16.38,14.91,14.31,15.78,15.89,15.48
17129,12.4,14.34,15.45,16.89,21.96,25.7,29.3
17131,7.9,9.03,10.13,11.5,15.08,18.43,21.17
17133,10.8,9.67,7.66,6.13,6.39,5.28,4.6
17135,13.3,15.18,16.6,18.82,23.26,26.24,29.5
17137,15.3,12.89,10.07,7.36,7.84,7.08,6.14
17139,6.2,7.25,7.51,9.96,14.65,17.84,19.96
17141,13.0,9.95,6.75,3.76,2.43,1.31,-0.31
17143,15.7,19.2,22.24,25.65,30.98,36.5,41.04
17145,14.9,14.03,11.7,11.54,12.58,11.89,12.13
17147,8.2,8.78,9.03,10.32,13.96,16.64,18.3
17149,9.6,10.07,10.4,10.35,13.62,14.91,15.91
17151,16.6,17.7,17.26,17.53,19.77,21.01,21.52
17153,11.3,11.55,10.3,9.72,11.39,11.79,11.47
17155,14.9,16.8,17.82,19.21,22.25,25.81,28.56
17157,15.2,16.13,15.63,16.58,19.27,19.96,21.19
17159,9.0,9.77,9.94,11.81,14.82,16.4,18.11
17161,9.8,10.55,11.09,11.98,15.1,17.59,20.05
17163,17.3,13.96,10.05,6.68,5.47,2.4,0.1
17165,24.7,24.92,23.93,23.78,25.28,26.02,26.28
17167,16.5,19.87,22.75,26.1,32.61,37.84,42.5
17169,6.7,7.65,8.41,8.83,11.84,14.38,16.88
17171,8.9,9.47,9.56,9.72,13.04,15.15,16.97
17173,10.3,10.37,9.98,11.14,14.99,17.07,18.94
17175,10.1,11.2,12.15,13.03,16.03,18.95,21.48
17177,11.7,14.15,16.68,19.64,24.0,28.32,31.89
17179,15.1,16.08,16.07,16.77,19.71,22.41,24.25
17181,13.1,12.57,10.65,9.58,10.54,10.18,9.95
17183,18.7,19.08,18.48,19.0,22.34,24.11,25.28
17185,10.4,11.35,11.17,12.69,15.4,16.76,17.9
17187,6.5,6.67,6.52,6.25,8.7,10.3,11.82
17189,11.6,14.57,16.38,19.94,24.88,27.94,32.1
17191,8.6,10.07,10.25,12.84,15.9,17.94,19.72
17193,11.7,11.9,11.4,12.33,14.08,15.16,15.98
17195,13.5,13.98,14.3,14.56,17.18,19.64,21.68
17197,12.9,14.64,16.04,17.1,20.14,23.19,25.99
17199,20.3,16.19,10.7,6.01,3.28,-0.54,-4.34
17201,28.2,31.81,35.1,38.36,43.59,48.86,53.59
17203,11.5,10.76,8.72,7.33,7.98,8.58,8.08
18001,10.7,11.06,11.22,12.44,14.77,16.64,18.14
18003,13.9,16.31,17.46,20.01,24.15,27.97,30.93
18005,15.7,14.73,13.29,12.55,14.5,13.97,13.28
18007,14.8,14.48,14.05,13.78,15.61,17.3,18.19
18009,24.0,31.45,38.68,45.54,54.34,63.22,71.31
18011,12.5,15.9,18.7,21.75,27.62,31.96,35.9
18013,15.8,19.91,23.57,27.67,34.45,39.1,43.74
18015,11.5,13.7,15.39,17.56,21.51,25.45,29.16
18017,9.0,11.18,12.28,14.48,18.0,21.86,25.39
18019,23.7,24.25,24.11,24.89,27.47,27.75,28.18
18021,12.5,13.94,15.23,17.06,22.13,25.06,27.69
18023,17.0,17.14,16.37,16.47,18.42,19.55,20.39
18025,15.5,16.06,15.47,15.25,17.63,17.98,17.78
18027,8.8,9.07,9.11,9.8,12.75,14.2,14.91
18029,26.1,30.07,34.7,39.69,46.53,52.48,57.76
18031,17.4,18.73,20.27,22.17,26.52,29.37,31.62
18033,10.8,14.02,16.81,20.8,26.02,30.98,35.2
18035,27.9,29.31,30.47,31.87,34.75,37.55,39.47
18037,9.0,8.44,7.79,7.64,9.41,9.21,9.07
18039,10.9,11.4,11.55,12.25,14.2,16.33,17.88
18041,47.0,46.62,46.15,46.6,48.87,50.09,50.58
18043,23.8,23.23,21.77,20.96,22.22,21.37,20.35
18045,14.4,14.04,13.35,12.85,15.42,16.63,17.03
18047,21.4,24.17,27.09,30.52,36.71,41.32,45.13
18049,13.5,14.81,15.69,16.95,19.99,23.07,25.81
18051,9.1,9.8,9.95,11.44,14.52,15.92,17.04
18053,20.5,34.46,48.11,62.3,77.68,93.25,108.12
18055,18.3,17.76,17.42,17.5,20.33,20.91,21.2
18057,9.1,10.7,11.57,12.98,16.42,18.87,20.66
18059,23.0,23.13,23.29,23.71,26.09,27.01,27.31
18061,14.9,17.56,18.87,20.75,24.9,27.09,28.67
18063,13.5,11.25,8.65,6.4,6.69,4.92,3.01
18065,25.3,23.68,21.57,19.72,19.76,19.18,17.48
18067,24.4,33.22,41.02,49.47,59.74,69.91,79.67
18069,15.4,17.58,20.09,22.89,27.53,32.08,35.82
18071,26.8,24.94,22.91,21.56,22.19,20.54,19.22
18073,12.7,14.81,16.78,18.88,22.85,26.68,30.45
18075,17.6,19.04,19.96,21.79,24.66,27.36,29.56
18077,14.9,17.26,19.42,22.42,26.91,29.52,32.2
18079,25.4,27.89,29.95,33.01,37.83,40.81,43.93
18081,16.4,16.95,17.22,17.66,20.43,21.05,21.28
18083,11.8,12.65,12.82,14.45,17.67,19.06,20.12
18085,9.8,11.92,13.67,16.13,20.07,23.76,26.99
18087,5.8,5.38,4.78,4.82,5.88,7.32,8.32
18089,10.9,12.8,14.18,15.73,19.05,22.34,25.95
18091,17.3,16.06,14.36,12.94,13.03,13.39,14.1
18093,15.3,12.85,10.22,7.78,7.92,5.82,3.89
18095,25.9,27.82,29.42,31.34,35.02,38.22,40.59
18097,25.9,26.6,26.86,27.35,30.22,31.24,31.83
18099,10.8,11.97,12.07,13.03,15.62,17.97,20.54
18101,10.1,11.24,12.55,13.81,17.39,19.33,21.07
18103,11.4,16.45,20.59,25.8,32.45,39.53,45.81
18105,19.0,15.78,12.35,9.07,8.65,6.08,3.48
18107,19.6,17.2,14.03,10.97,11.3,9.98,8.39
18109,24.4,25.74,27.04,28.59,32.81,35.12,37.06
18111,16.8,18.87,20.9,23.01,27.14,31.31,35.3
18113,10.2,10.2,9.47,9.26,10.88,12.47,13.28
18115,21.2,25.1,29.83,35.19,41.8,47.52,53.0
18117,9.7,9.82,9.5,9.78,12.33,12.78,12.91
18119,13.8,13.95,13.83,14.2,17.95,19.2,20.2
18121,11.7,12.59,13.5,14.63,19.35,22.09,24.2
18123,9.5,11.32,11.81,12.89,15.87,17.17,18.27
18125,8.9,9.54,10.25,11.88,15.35,16.96,18.45
18127,22.7,21.61,19.99,18.56,18.94,19.01,19.84
18129,11.2,12.06,11.39,12.26,14.69,15.63,16.16
18131,22.6,24.39,25.39,26.99,30.45,33.94,37.0
18133,13.5,13.17,12.72,12.3,15.04,16.39,16.91
18135,24.5,22.78,20.81,19.88,20.02,20.0,19.16
18137,17.4,24.51,32.25,40.38,50.13,59.04,67.39
18139,15.8,15.35,14.95,14.58,16.75,17.07,17.07
18141,13.6,18.66,23.14,28.14,34.48,40.87,46.85
18143,36.0,39.06,41.75,45.06,50.27,53.21,56.38
18145,18.7,17.75,16.91,16.21,17.71,17.38,16.69
18147,7.9,8.3,7.39,7.47,9.1,9.22,8.9
18149,32.1,36.45,39.83,43.53,48.77,53.86,59.3
18151,8.9,8.58,8.25,8.74,10.94,13.11,14.2
18153,21.4,20.83,19.92,20.0,23.07,23.84,24.47
18155,23.2,23.47,24.1,25.29,27.89,29.44,30.61
18157,14.3,16.33,17.71,19.52,23.86,27.53,31.04
18159,18.4,21.67,24.29,27.63,32.48,37.04,41.07
18161,27.8,30.63,33.12,36.02,41.14,45.23,48.9
18163,21.6,23.72,24.75,27.23,30.88,33.42,35.28
18165,14.9,16.78,18.11,20.31,25.83,29.1,32.08
18167,15.4,16.16,16.89,18.33,22.66,24.86,26.55
18169,17.7,20.24,22.83,26.09,30.52,35.68,39.73
18171,11.9,12.7,13.14,13.95,17.34,19.74,21.15
18173,8.3,8.47,7.45,7.67,9.07,9.3,8.96
18175,21.8,23.01,23.38,24.93,28.41,29.82,30.98
18177,30.0,39.4,48.51,58.17,69.58,80.62,90.54
18179,14.8,16.88,18.93,21.07,25.57,29.23,32.44
18181,18.4,17.54,16.09,15.34,16.22,17.7,18.66
18183,8.9,9.7,10.36,11.26,14.01,16.54,18.29
19001,7.4,7.69,6.92,7.03,9.91,10.57,11.91
19003,7.8,9.04,9.08,9.85,13.58,14.89,17.23
19005,6.3,6.43,7.42,9.32,12.43,15.76,17.78
19007,11.2,11.55,11.92,11.85,14.71,16.02,17.22
19009,5.1,5.9,5.76,6.54,9.76,11.33,12.79
19011,4.6,5.22,6.72,8.84,12.83,16.13,18.83
19013,6.5,6.73,7.6,8.95,12.63,15.7,17.99
19015,6.7,7.42,7.98,9.1,12.64,14.48,16.43
19017,5.0,6.02,8.1,10.52,14.72,19.01,22.69
19019,5.9,6.7,8.43,10.63,15.56,19.38,22.73
19021,4.2,4.4,4.56,6.03,9.61,12.13,13.44
19023,4.6,5.22,7.41,9.99,14.37,18.47,22.04
19025,4.9,5.33,5.89,7.18,11.03,13.73,15.72
19027,5.3,5.72,6.13,7.69,11.29,14.03,16.06
19029,6.7,8.21,8.78,9.94,13.59,15.26,17.38
19031,5.5,6.58,8.46,10.27,14.48,18.0,20.81
19033,11.7,10.63,11.5,12.79,15.05,18.12,20.72
19035,3.6,4.18,5.01,6.77,10.63,13.48,15.18
19037,4.3,4.92,7.11,9.57,13.86,18.33,22.22
19039,8.6,8.47,7.44,6.95,9.79,9.53,10.52
19041,3.8,4.32,5.86,9.03,13.61,17.3,19.8
19043,7.5,6.68,6.28,6.97,9.59,11.47,12.58
19045,8.3,10.76,13.48,16.28,21.23,25.42,29.27
19047,5.2,5.39,5.15,6.24,8.86,10.69,11.27
19049,5.3,5.6,4.97,5.98,8.77,9.91,11.26
19051,5.6,5.78,6.67,7.05,10.42,12.06,13.79
19053,7.3,7.84,7.99,8.79,12.49,12.94,14.51
19055,5.0,5.7,7.35,9.32,14.06,17.32,20.18
19057,9.5,12.64,15.51,18.29,23.84,28.81,33.28
19059,4.5,5.35,7.31,10.79,15.75,19.58,22.19
19061,7.4,8.0,9.7,11.46,15.41,18.21,20.55
19063,3.7,3.94,5.05,7.2,10.62,13.62,15.37
19065,5.3,5.49,6.09,7.13,10.55,13.77,16.16
19067,3.9,4.45,6.79,9.44,13.41,17.92,21.44
19069,4.0,4.59,6.48,9.22,12.89,16.65,19.85
19071,8.6,9.43,9.36,9.72,12.13,13.93,14.81
19073,6.0,6.47,6.7,8.22,11.87,14.03,16.06
19075,5.8,6.29,7.48,9.37,13.26,16.62,19.38
19077,5.3,5.83,5.59,6.2,9.59,10.89,12.43
19079,5.0,6.05,7.9,10.64,15.35,19.15,22.05
19081,3.5,3.99,6.83,9.56,13.55,18.01,21.57
19083,4.6,5.28,7.22,9.93,13.92,17.6,20.63
19085,8.5,8.71,8.42,8.92,11.55,12.95,13.43
19087,6.7,8.16,9.73,11.24,14.74,18.14,20.84
19089,3.2,3.57,5.3,7.08,10.41,14.37,16.8
19091,4.9,4.82,5.34,6.78,9.86,12.11,14.1
19093,5.1,6.13,7.36,9.49,13.62,16.54,18.36
19095,5.3,6.27,7.47,9.34,12.93,16.01,18.23
19097,10.4,9.37,9.21,9.27,11.2,12.4,12.86
19099,10.6,11.99,13.88,16.48,21.2,24.44,27.55
19101,9.1,8.59,8.53,8.36,9.99,10.93,11.85
19103,10.3,6.93,4.65,2.62,2.48,1.82,0.56
19105,5.4,5.83,7.55,9.49,13.54,16.71,19.69
19107,5.6,6.16,6.86,7.59,10.59,12.34,13.51
19109,3.5,3.96,5.92,8.61,12.78,16.44,19.36
19111,10.2,12.14,14.16,15.57,19.73,23.06,26.19
19113,12.5,12.69,14.02,16.01,19.53,22.38,24.97
19115,8.0,8.34,8.96,9.71,12.53,14.75,16.12
19117,8.2,8.98,9.61,10.4,14.34,15.91,17.9
19119,3.8,4.39,6.17,8.61,13.25,16.03,17.79
19121,6.4,7.26,7.41,8.55,12.16,13.17,15.22
19123,7.5,9.53,12.33,15.28,20.52,23.78,27.17
19125,7.6,9.96,12.31,15.44,21.12,24.73,28.62
19127,4.8,5.04,6.11,7.66,11.06,13.42,15.36
19129,7.2,7.87,7.58,7.65,10.05,11.21,11.53
19131,3.8,4.19,6.28,8.7,12.46,16.59,20.05
19133,8.6,9.38,9.32,10.84,13.81,15.79,16.85
19135,6.9,8.02,9.48,10.67,14.88,16.75,19.08
19137,9.6,11.6,12.37,13.93,17.6,20.39,22.84
19139,5.9,7.39,9.21,11.23,15.36,18.67,21.39
19141,3.0,3.24,4.35,6.54,10.67,13.72,15.53
19143,5.5,5.61,7.15,9.97,14.56,17.96,19.67
19145,6.5,7.55,7.17,7.3,9.97,11.51,12.73
19147,3.4,3.78,5.04,7.44,11.77,15.13,17.29
19149,4.2,4.84,5.37,6.96,10.03,11.74,12.57
19151,4.4,4.84,5.36,6.94,10.82,13.2,14.86
19153,10.8,14.49,17.1,21.3,27.47,32.02,36.76
19155,11.1,11.33,10.91,10.72,12.75,13.8,13.92
19157,5.9,6.44,7.74,9.67,13.72,16.41,18.71
19159,7.2,7.78,7.94,8.86,12.19,13.27,15.52
19161,5.5,6.03,6.7,8.02,11.4,14.05,15.08
19163,11.2,17.21,22.64,28.99,37.08,44.65,52.29
19165,6.2,6.51,5.8,5.93,8.08,9.27,9.91
19167,2.3,2.63,3.55,5.45,9.58,11.76,13.14
19169,5.9,6.93,8.27,10.22,14.31,17.42,20.19
19171,6.5,6.41,7.41,8.48,11.87,14.14,15.88
19173,6.3,6.83,6.27,6.48,9.2,10.07,12.15
19175,9.3,9.09,8.57,8.97,11.91,12.0,13.53
19177,6.8,8.27,9.93,11.08,14.84,17.76,20.74
19179,7.9,8.81,10.11,11.03,14.98,16.82,19.15
19181,8.5,8.25,7.3,7.73,10.41,10.64,11.77
19183,6.7,6.46,6.69,7.05,9.09,10.99,12.07
19185,7.9,8.58,9.03,9.58,13.1,13.99,15.6
19187,11.1,10.83,11.29,12.53,15.62,17.43,19.14
19189,4.0,4.39,7.24,10.06,14.3,18.5,22.01
19191,4.3,4.42,5.67,7.42,10.54,14.39,16.64
19193,8.6,8.16,7.27,7.26,9.4,10.63,10.67
19195,7.0,7.5,10.16,13.2,17.3,21.96,26.22
19197,4.8,5.14,7.21,9.71,14.15,17.93,21.09
20001,12.6,13.69,14.96,16.35,18.76,20.89,22.73
20003,8.6,9.92,11.22,12.54,15.44,18.09,19.86
20005,9.4,9.52,9.12,9.2,10.45,10.48,10.97
20007,12.6,13.87,13.0,13.35,13.81,15.26,15.24
20009,6.7,6.36,3.92,1.92,0.31,-0.49,-2.91
20011,12.1,11.8,12.25,12.49,13.97,14.85,15.41
20013,11.1,10.92,9.71,9.23,9.85,9.36,8.89
20015,13.4,14.65,14.39,15.06,16.43,17.5,18.71
20017,7.7,8.41,8.66,9.53,10.41,10.98,11.25
20019,14.2,17.2,20.0,23.83,28.31,31.85,36.79
20021,15.4,18.03,20.99,24.48,28.53,32.64,36.9
20023,5.8,6.44,5.54,6.23,6.78,6.16,5.1
20025,7.3,8.37,7.34,7.76,8.27,9.73,9.79
20027,8.9,9.57,8.9,8.81,9.83,10.17,9.72
20029,5.8,6.63,6.13,6.32,6.97,6.92,6.17
20031,12.8,13.3,13.28,14.23,16.14,17.54,18.08
20033,9.0,9.86,8.15,8.28,8.55,9.96,9.55
20035,12.1,15.53,18.03,21.04,25.4,29.25,33.58
20037,10.7,11.38,12.75,14.37,16.86,19.04,20.98
20039,6.1,6.62,5.59,5.81,5.51,5.04,3.4
20041,7.1,7.26,6.64,6.09,6.31,5.8,4.79
20043,7.0,7.07,6.55,6.97,8.71,9.27,10.16
20045,9.3,10.69,10.81,11.57,13.55,14.45,15.54
20047,6.8,6.96,4.7,3.63,2.75,3.02,1.27
20049,14.7,16.14,16.63,18.15,20.2,21.56,24.06
20051,4.8,5.62,4.02,3.52,2.86,3.34,1.95
20053,8.0,8.69,7.66,7.11,6.49,6.61,5.0
20055,6.3,8.55,9.58,11.93,14.65,16.99,18.73
20057,4.7,5.2,2.54,1.69,0.8,0.53,-0.86
20059,10.9,11.83,11.92,12.6,14.66,16.02,16.67
20061,9.5,9.63,8.73,8.31,8.74,9.02,7.99
20063,5.6,5.74,3.54,2.93,2.42,1.68,0.37
20065,5.7,6.26,4.81,4.62,4.53,4.49,3.19
20067,3.8,4.42,4.59,5.57,7.12,7.91,8.95
20069,5.1,5.28,3.66,3.85,3.81,4.4,4.06
20071,8.5,9.21,8.64,9.14,10.59,10.96,10.69
20073,16.7,18.1,18.35,19.76,21.84,22.62,24.23
20075,9.6,10.4,11.02,11.96,13.84,15.0,15.65
20077,13.0,13.41,12.58,12.32,12.83,13.4,13.23
20079,9.3,11.91,13.28,15.04,17.3,19.59,21.67
20081,4.8,5.26,4.32,4.67,5.73,6.66,6.78
20083,5.0,5.5,3.19,2.51,1.73,2.05,0.57
20085,6.6,8.14,8.55,10.1,12.19,13.72,14.96
20087,8.5,10.63,12.1,14.12,16.88,18.54,20.6
20089,5.4,5.82,4.69,4.57,4.59,4.56,2.62
20091,9.5,8.15,6.35,4.7,4.48,2.95,1.62
20093,5.0,5.5,5.38,6.13,7.49,8.69,9.1
20095,12.0,12.39,11.11,10.94,11.56,11.85,11.24
20097,7.0,7.66,6.05,5.54,5.5,6.41,5.77
20099,13.1,14.93,16.97,19.7,22.66,25.72,28.81
20101,4.8,5.26,3.61,4.26,4.33,4.92,4.19
20103,15.6,12.46,8.65,5.86,4.05,1.04,-1.8
20105,5.9,6.57,5.43,4.68,3.76,3.06,1.06
20107,14.3,15.98,17.93,19.83,23.14,25.48,27.26
20109,8.0,8.2,6.42,6.08,5.78,5.02,3.64
20111,6.3,7.66,8.35,9.69,11.44,12.83,13.72
20113,7.7,8.05,7.31,7.2,6.86,7.03,5.89
20115,7.1,8.24,8.35,8.97,9.42,9.95,10.53
20117,5.4,5.94,5.22,5.43,6.46,6.75,6.6
20119,6.0,6.64,5.01,4.71,4.65,5.19,5.39
20121,14.3,12.87,11.31,9.96,10.19,9.55,8.15
20123,4.6,5.24,3.74,2.79,2.1,1.63,-0.77
20125,17.0,17.54,18.56,20.41,22.46,23.98,26.61
20127,7.0,7.33,6.81,6.51,7.04,6.9,6.23
20129,9.7,9.96,9.77,10.54,12.63,13.3,13.45
20131,5.3,5.48,4.65,4.18,5.23,5.67,5.49
20133,13.9,14.98,16.21,17.7,20.06,21.81,23.6
20135,5.7,6.23,3.74,3.12,2.48,2.64,1.68
20137,5.9,6.41,5.24,5.43,5.82,5.82,4.02
20139,11.9,14.92,17.34,20.5,24.43,28.16,31.43
20141,7.6,9.84,10.09,10.95,11.77,13.43,12.99
20143,5.8,6.09,4.98,3.99,3.88,3.23,1.71
20145,7.4,7.99,5.51,4.45,3.88,4.19,2.45
20147,4.4,4.85,3.82,3.42,3.45,3.18,1.34
20149,6.4,8.55,9.44,11.07,13.03,15.39,16.85
20151,8.5,10.83,10.71,12.18,13.87,16.22,16.88
20153,5.7,6.2,4.99,5.56,5.73,5.23,3.56
20155,14.1,15.45,14.89,15.06,16.05,17.09,16.8
20157,5.8,5.98,5.61,5.41,6.3,6.34,5.6
20159,8.3,9.5,9.1,9.12,9.53,10.32,9.56
20161,6.0,6.23,5.67,5.34,5.83,6.6,5.88
20163,6.7,6.99,5.33,4.63,3.63,3.25,1.78
20165,6.9,7.89,6.89,6.42,6.2,6.62,5.48
20167,8.3,9.52,8.78,8.94,8.72,9.5,8.22
20169,12.2,13.33,13.14,13.37,14.03,15.1,14.49
20171,5.8,6.0,4.23,4.42,4.41,4.2,3.59
20173,16.9,16.0,14.03,12.81,11.95,10.7,10.1
20175,5.5,6.21,5.48,6.25,7.06,8.02,8.74
20177,13.6,15.26,16.13,17.63,20.08,22.12,23.67
20179,5.2,5.72,4.09,3.9,3.65,2.67,0.99
20181,7.6,9.21,9.07,10.65,11.85,11.64,11.76
20183,6.3,7.33,6.56,6.37,6.34,6.85,5.1
20185,7.0,7.73,5.74,5.06,4.99,5.69,4.58
20187,7.2,8.35,9.4,10.89,13.21,14.68,15.7
20189,5.4,5.88,5.16,5.67,6.79,7.43,7.96
20191,12.9,14.5,15.39,16.35,18.74,20.36,22.7
20193,6.5,7.04,5.42,5.29,5.16,4.16,2.8
20195,5.8,6.3,4.23,4.1,3.93,4.06,2.85
20197,7.2,8.52,8.65,9.5,11.08,12.78,13.38
20199,6.5,7.12,6.19,6.83,7.33,7.07,6.27
20201,5.0,5.45,4.96,5.04,6.5,7.12,6.97
20203,6.1,6.72,5.4,5.91,6.92,7.0,6.67
20205,16.1,16.64,16.81,17.83,19.54,20.45,22.24
20207,14.0,15.22,16.21,17.93,20.57,22.39,24.23
20209,10.0,10.14,9.64,9.74,11.18,11.49,11.69
21001,17.0,17.71,18.37,19.94,21.5,23.01,24.73
21003,17.6,19.11,19.86,20.9,23.21,25.03,26.41
21005,20.1,26.72,33.09,40.51,49.1,56.35,64.06
21007,14.2,15.97,16.12,16.62,19.62,21.24,21.75
21009,11.3,12.97,13.61,15.63,18.04,19.83,21.82
21011,30.6,32.64,34.93,37.83,42.82,45.83,48.66
21013,48.4,70.74,93.03,115.38,138.86,161.48,184.95
21015,26.9,36.53,46.95,57.59,69.94,81.22,92.33
21017,24.0,27.16,30.68,34.65,40.39,44.63,48.42
21019,34.7,43.28,52.04,60.94,72.43,82.01,91.38
21021,17.7,23.12,28.6,34.74,41.47,47.97,54.15
21023,20.4,28.53,37.18,45.84,56.62,65.48,74.45
21025,45.1,39.7,33.91,29.06,25.3,20.36,15.39
21027,12.3,14.63,15.08,16.69,19.55,21.33,22.59
21029,27.0,21.94,15.9,10.99,7.33,2.18,-2.86
21031,15.4,26.99,37.16,47.8,59.87,70.8,81.55
21033,15.8,15.77,13.73,12.17,13.33,13.29,12.32
21035,10.9,12.96,13.29,13.93,17.98,20.41,21.8
21037,45.8,50.88,57.19,63.21,71.31,78.14,84.85
21039,8.6,9.45,8.66,8.2,10.58,11.23,10.66
21041,35.6,32.52,29.34,26.6,25.08,22.06,19.07
21043,26.9,34.58,42.39,51.02,61.56,70.1,78.54
21045,21.4,24.98,28.48,32.87,36.75,41.03,45.23
21047,8.2,8.57,7.47,6.22,8.16,8.97,8.82
21049,31.9,37.58,43.53,50.29,58.33,65.03,71.32
21051,28.1,35.28,42.05,49.55,57.67,64.88,72.47
21053,48.8,49.39,49.67,50.45,51.24,52.24,53.23
21055,15.4,17.53,18.13,19.05,22.25,24.53,25.75
21057,24.5,25.94,26.84,28.58,30.57,32.44,34.34
21059,12.8,15.11,15.8,17.66,21.21,23.77,25.5
21061,13.2,20.34,26.62,33.77,41.83,49.21,56.49
21063,27.1,31.1,35.41,40.72,47.93,53.07,58.09
21065,46.8,46.17,45.52,45.8,46.91,46.92,47.23
21067,26.3,32.34,38.54,45.82,54.03,61.25,68.53
21069,20.8,25.72,31.24,37.53,45.61,51.54,57.37
21071,54.9,50.91,46.81,43.43,40.87,37.47,33.59
21073,20.8,23.37,25.85,28.85,33.37,36.51,40.07
21075,8.9,9.92,9.42,9.48,12.03,12.81,13.05
21077,37.8,49.25,61.41,73.97,87.93,100.44,113.15
21079,22.8,24.07,25.34,27.49,30.12,32.51,34.69
21081,40.4,38.1,36.76,35.25,35.76,34.75,33.9
21083,12.0,13.1,12.35,12.23,14.71,15.72,15.78
21085,26.7,25.95,23.98,23.11,23.29,22.41,21.42
21087,11.8,12.5,13.4,15.53,17.85,19.58,21.59
21089,28.0,33.96,40.31,46.85,55.85,62.95,70.05
21091,11.6,12.76,12.85,13.8,16.58,17.76,18.48
21093,15.3,12.49,8.69,6.05,4.35,1.44,-1.28
21095,35.1,36.95,38.66,40.79,44.16,47.1,50.57
21097,31.2,35.67,40.79,45.92,53.14,58.92,64.69
21099,12.3,15.39,17.5,20.83,25.04,28.68,32.31
21101,11.9,12.78,12.2,12.94,15.25,16.55,16.95
21103,18.5,24.76,31.0,37.76,45.94,52.41,59.16
21105,9.5,10.89,10.82,11.21,14.15,15.56,15.93
21107,15.9,16.14,14.72,13.47,14.84,14.92,14.44
21109,16.5,19.14,21.89,24.79,28.47,31.72,35.1
21111,24.2,26.83,28.34,30.75,34.86,37.08,39.21
21113,22.6,27.82,33.25,39.67,46.86,53.11,59.34
21115,30.0,34.77,39.52,45.38,52.59,58.38,64.15
21117,44.5,61.51,79.38,97.31,117.34,136.17,154.75
21119,49.1,44.66,40.13,36.58,34.03,30.52,26.73
21121,24.9,44.91,64.65,84.85,105.91,126.61,147.43
21123,11.1,10.82,9.76,10.26,11.32,11.94,12.32
21125,23.6,24.73,25.53,26.85,28.86,30.52,32.82
21127,28.2,32.32,36.63,41.8,48.62,53.66,59.09
21129,34.3,45.43,56.5,68.41,81.23,93.46,106.01
21131,54.6,46.61,38.08,30.25,23.66,16.35,9.14
21133,31.1,33.68,36.07,39.58,43.9,47.74,51.16
21135,19.3,26.94,35.33,44.19,54.92,63.72,72.64
21137,20.3,24.8,28.35,33.25,38.18,43.11,47.95
21139,23.3,23.5,21.77,20.61,21.72,21.89,20.79
21141,13.6,14.35,13.56,12.92,14.58,15.07,14.78
21143,14.9,16.71,16.41,16.68,18.9,20.46,20.85
21145,23.3,18.41,12.28,6.74,3.3,-1.27,-6.7
21147,16.0,19.9,23.07,26.46,30.97,35.21,38.99
21149,13.6,14.89,14.58,14.81,16.91,18.04,18.54
21151,26.3,30.17,33.97,38.69,43.84,48.62,52.92
21153,29.8,33.07,36.74,40.74,46.27,50.27,54.13
21155,16.9,19.3,21.38,25.04,28.77,32.06,35.31
21157,25.3,20.99,14.54,8.54,5.04,0.65,-5.11
21159,39.4,54.51,69.4,85.66,103.11,118.73,134.5
21161,23.3,25.96,29.1,32.64,38.11,41.54,45.67
21163,14.8,15.11,13.81,13.29,14.37,14.16,13.86
21165,23.4,25.04,26.95,29.16,32.97,35.53,37.73
21167,19.9,23.01,25.81,29.74,34.31,38.27,42.16
21169,13.0,14.78,16.07,18.54,21.26,23.43,26.15
21171,23.1,23.57,22.8,23.23,24.13,24.79,25.39
21173,32.0,31.42,31.05,31.42,33.33,33.86,34.17
21175,18.2,19.12,20.59,22.7,25.96,27.75,29.47
21177,19.8,17.83,14.45,10.48,9.02,6.67,3.64
21179,16.0,17.43,18.28,20.27,22.84,24.38,26.42
21181,24.3,26.49,29.32,32.4,37.48,40.75,43.82
21183,15.4,20.79,24.91,29.54,35.94,41.09,45.86
21185,9.7,15.65,21.13,27.52,35.3,41.21,47.04
21187,36.8,32.23,28.09,24.28,21.83,17.81,14.25
21189,35.0,38.31,41.63,45.46,50.07,54.23,58.45
21191,35.0,35.01,36.02,37.06,39.97,41.22,42.44
21193,45.0,43.35,41.5,40.18,39.98,38.94,38.06
21195,44.7,39.44,34.35,29.76,26.49,22.12,16.84
21197,62.9,56.23,49.69,44.13,39.59,33.87,28.08
21199,17.4,19.38,20.71,23.01,25.23,27.57,30.2
21201,23.3,25.84,28.97,32.3,37.78,41.23,45.16
21203,27.8,29.82,31.78,34.39,37.25,40.0,42.44
21205,21.0,23.64,26.93,31.21,36.96,40.66,44.22
21207,49.6,39.95,30.57,21.78,13.22,4.39,-4.35
21209,16.9,21.3,26.26,31.17,37.91,43.51,49.11
21211,13.9,21.0,27.36,34.92,43.69,50.59,57.8
21213,13.3,18.05,20.91,24.63,30.07,34.76,38.92
21215,15.5,19.39,23.06,27.07,32.92,37.21,41.3
21217,18.7,23.22,27.79,33.5,39.18,44.69,50.22
21219,15.7,16.12,15.42,14.62,16.59,17.55,17.4
21221,13.2,17.17,19.07,21.08,26.29,30.2,33.22
21223,20.3,20.2,19.89,20.37,21.8,21.92,21.76
21225,24.9,25.5,24.47,24.38,26.07,27.06,26.81
21227,13.1,13.82,13.33,13.35,14.82,15.51,16.07
21229,14.8,17.15,19.63,23.28,27.46,30.78,33.98
21231,21.2,20.44,19.18,18.58,18.31,17.83,17.23
21233,15.1,17.0,17.27,18.23,21.33,23.48,24.42
21235,40.2,44.77,48.94,53.21,58.45,63.54,68.74
21237,43.1,46.05,48.79,52.56,57.35,60.87,64.35
21239,20.6,26.26,31.75,38.22,45.68,52.19,58.84
22001,18.6,18.74,18.89,19.2,19.99,20.83,20.49
22003,11.8,13.26,15.1,17.06,19.67,22.48,23.81
22005,14.2,16.38,19.36,22.26,25.76,29.8,32.5
22007,10.5,12.92,16.25,19.29,22.28,25.77,28.42
22009,19.0,17.91,16.78,15.91,15.22,15.67,14.59
22011,13.2,12.82,13.49,13.93,15.82,17.23,17.67
22013,10.9,10.24,10.79,11.76,12.8,13.16,12.91
22015,9.1,11.3,13.81,17.61,20.94,24.23,27.17
22017,9.4,12.55,15.93,20.38,24.95,29.06,32.8
22019,17.3,15.15,13.59,11.69,11.0,9.86,7.61
22021,12.0,12.6,13.87,15.09,16.66,18.88,19.33
22023,16.2,18.51,21.31,23.85,27.22,30.91,33.04
22025,11.6,11.93,12.77,13.82,14.76,16.59,16.84
22027,9.4,10.48,12.86,16.19,19.2,22.21,24.98
22029,9.2,9.4,9.36,9.51,10.57,11.62,11.78
22031,10.2,10.49,11.41,13.3,15.45,17.42,18.27
22033,13.8,16.62,19.32,22.97,26.94,30.91,34.29
22035,6.1,6.8,8.4,9.59,11.13,13.83,15.09
22037,9.8,10.75,11.22,12.41,13.84,16.08,18.02
22039,18.6,18.3,18.1,17.98,18.52,19.46,19.32
22041,7.2,9.63,12.58,15.59,19.13,23.42,25.71
22043,12.0,12.2,13.18,14.18,15.59,17.46,17.82
22045,13.3,16.76,20.77,24.25,28.3,32.97,36.72
22047,12.8,15.74,19.29,23.44,27.61,32.04,35.51
22049,9.2,12.16,16.03,19.91,24.06,28.16,31.01
22051,25.9,28.39,31.98,35.39,39.75,44.34,48.47
22053,17.5,23.61,29.81,36.43,43.76,50.57,56.55
22055,14.6,14.75,14.95,15.06,15.66,16.71,16.69
22057,21.6,18.07,15.24,12.6,10.08,7.98,5.16
22059,17.9,19.07,20.62,22.59,24.54,27.37,28.61
22061,5.5,5.5,6.5,8.49,10.11,11.53,11.94
22063,26.4,33.89,41.39,49.55,58.47,67.5,75.87
22065,5.9,6.6,7.97,9.02,10.57,12.83,14.29
22067,12.8,17.33,23.04,28.58,33.92,40.29,45.12
22069,8.7,8.93,9.79,10.48,11.72,12.78,12.57
22071,27.6,27.05,27.47,27.6,28.76,30.24,31.08
22073,11.3,14.09,17.78,21.96,25.95,30.8,33.82
22075,25.5,28.38,32.06,35.39,39.59,44.61,49.05
22077,12.8,14.46,16.2,18.31,20.77,23.85,26.32
22079,13.3,12.99,13.02,13.12,13.83,15.02,14.81
22081,7.0,7.57,8.93,10.54,12.54,14.33,15.25
22083,7.4,9.23,11.63,14.06,16.74,20.04,22.03
22085,8.3,9.37,10.98,12.8,15.22,17.23,18.44
22087,30.8,34.4,38.88,43.45,48.76,54.42,59.54
22089,16.9,21.62,27.25,32.55,38.83,45.39,51.33
22091,23.1,20.76,18.58,16.99,15.26,15.14,14.4
22093,8.1,9.94,12.75,15.68,18.92,22.69,25.28
22095,16.2,18.78,22.56,26.06,30.19,34.82,38.17
22097,14.4,15.95,17.48,19.28,21.1,24.0,25.43
22099,11.1,10.81,10.59,10.23,10.12,10.67,10.37
22101,14.3,19.21,25.22,30.86,36.5,42.75,48.13
22103,28.2,27.29,27.31,27.43,27.82,28.75,29.91
22105,22.6,22.56,22.94,23.4,24.55,26.16,27.83
22107,7.5,8.81,10.02,11.23,12.98,15.05,16.37
22109,20.3,27.21,35.16,42.62,50.4,58.75,66.13
22111,9.0,8.53,8.93,10.47,11.21,12.62,12.84
22113,10.1,15.84,21.77,27.19,33.62,40.17,45.89
22115,9.8,8.88,9.09,8.78,9.61,10.01,9.64
22117,30.4,36.97,44.01,51.09,59.0,67.5,75.9
22119,13.9,14.25,15.31,17.53,19.29,20.7,22.03
22121,15.4,18.15,21.18,24.49,28.07,31.93,35.11
22123,10.6,12.32,15.03,17.73,20.47,23.9,26.14
22125,12.6,13.59,14.49,16.17,17.72,20.11,22.1
22127,12.9,14.69,17.15,19.64,22.52,25.53,26.82
23001,19.5,22.27,24.15,26.99,27.35,29.17,32.33
23003,10.3,11.43,12.67,14.14,14.29,14.55,17.45
23005,15.8,23.4,30.03,37.89,42.92,50.52,58.3
23007,11.4,13.82,15.7,17.85,17.9,19.16,22.27
23009,16.8,17.61,16.72,16.63,15.58,15.99,16.64
23011,17.6,23.74,29.56,35.2,39.59,44.94,52.01
23013,19.4,19.23,17.42,16.33,13.97,13.36,12.88
23015,14.9,18.07,20.48,23.3,24.82,27.69,30.85
23017,10.9,15.08,18.32,22.96,24.87,28.26,32.66
23019,15.7,18.39,20.01,22.13,23.38,25.37,28.88
23021,17.3,16.98,16.5,16.55,14.66,14.17,15.16
23023,10.7,12.62,13.57,15.13,14.87,16.16,17.77
23025,15.2,18.23,20.97,23.98,25.13,27.58,31.79
23027,16.7,15.37,12.46,10.49,7.32,5.23,4.48
23029,27.1,23.45,19.19,15.35,10.7,7.07,3.91
23031,20.9,21.62,21.81,23.04,20.91,21.39,22.19
24001,20.7,24.11,27.57,30.49,35.49,40.67,45.57
24003,21.6,23.95,26.93,29.79,32.96,37.11,40.42
24005,23.1,29.25,36.01,42.86,49.61,58.08,65.42
24009,21.9,24.23,26.46,28.24,30.39,34.05,36.69
24011,27.4,25.13,22.78,20.75,18.25,17.95,16.97
24013,20.9,24.19,27.85,31.35,35.18,40.36,44.69
24015,35.0,34.88,35.04,36.05,35.69,37.32,38.31
24017,14.7,15.83,17.26,17.71,18.92,21.76,23.35
24019,15.8,16.85,17.59,18.14,18.74,21.69,23.33
24021,17.0,16.07,16.05,15.69,16.07,17.79,18.61
24023,11.9,14.63,17.95,20.61,25.71,30.01,34.98
24025,19.4,22.76,26.56,30.31,33.58,38.55,43.12
24027,7.9,12.78,18.58,24.32,29.96,37.35,43.68
24029,20.3,21.8,23.4,25.23,26.22,29.29,32.0
24031,7.1,8.86,11.16,13.37,15.68,19.74,22.88
24033,7.7,8.48,9.51,10.29,11.53,14.31,16.17
24035,20.6,21.01,21.81,22.81,23.36,25.84,27.78
24037,12.5,18.64,24.36,29.38,35.13,42.79,49.02
24039,19.2,21.2,22.28,23.4,24.38,27.28,29.01
24041,14.8,16.25,17.93,19.61,20.81,24.4,26.92
24043,28.8,34.46,41.62,48.11,55.4,64.25,72.51
24045,16.5,15.69,13.72,11.98,10.35,10.28,9.12
24047,20.6,29.48,37.38,45.46,53.44,62.92,70.92
24510,42.5,50.89,59.77,68.93,77.97,88.6,98.07
25001,24.7,30.25,35.69,41.51,46.21,52.95,58.92
25003,20.9,26.35,32.48,39.12,43.08,49.52,56.52
25005,29.3,30.89,32.57,34.54,34.92,37.89,40.69
25007,17.8,20.21,22.41,24.63,26.01,29.27,31.83
25009,24.3,28.79,34.4,39.55,42.99,48.62,54.7
25011,15.7,22.79,30.44,38.63,43.92,52.0,60.51
25013,14.3,22.6,31.51,39.91,46.83,56.35,65.59
25015,14.8,15.45,16.58,17.99,17.46,19.07,21.11
25017,16.4,20.96,26.72,32.03,35.64,41.33,47.43
25019,12.7,13.86,14.93,16.12,16.07,18.59,20.24
25021,17.6,22.83,28.66,34.54,38.64,44.63,51.06
25023,19.6,29.71,40.21,50.74,59.43,70.89,81.67
25025,17.3,23.85,31.03,38.11,43.49,50.99,58.69
25027,16.8,26.14,36.48,46.47,54.25,65.25,75.84
26001,12.2,12.83,14.21,14.24,17.05,18.25,19.55
26003,10.9,14.91,21.65,28.4,35.45,43.23,50.08
26005,16.8,11.87,7.27,3.63,0.55,-1.44,-4.4
26007,12.4,13.97,16.44,17.64,21.33,24.21,26.13
26009,13.1,16.96,22.58,26.71,32.21,37.8,43.04
26011,13.0,12.84,13.73,13.9,16.14,16.94,17.36
26013,12.7,13.17,16.86,20.06,23.9,28.29,31.19
26015,10.7,12.89,15.28,18.43,22.01,27.38,31.41
26017,17.3,21.19,25.9,30.07,35.72,40.72,45.49
26019,13.3,15.29,18.77,21.48,24.8,29.25,33.2
26021,19.0,19.55,20.39,21.01,23.03,25.3,26.86
26023,11.9,14.5,17.03,20.56,25.33,30.49,34.59
26025,23.2,31.1,39.09,48.1,57.76,68.66,78.41
26027,13.5,12.88,12.34,11.94,12.92,14.38,14.49
26029,8.6,10.61,14.22,15.62,18.8,22.13,24.6
26031,15.1,15.66,18.3,18.86,21.42,23.68,25.55
26033,14.1,13.26,14.88,15.47,17.82,18.48,19.75
26035,19.5,23.27,28.89,34.28,41.02,46.83,51.83
26037,8.8,10.78,13.66,16.77,20.37,25.0,28.7
26039,18.6,21.66,26.25,30.11,35.89,40.75,45.04
26041,6.1,6.8,9.96,12.56,15.45,19.59,22.59
26043,13.8,17.05,22.51,28.09,34.78,41.92,47.45
26045,12.9,17.47,22.44,28.13,34.85,42.31,48.61
26047,9.3,12.03,16.85,19.7,24.47,29.42,33.09
26049,14.9,15.84,17.89,19.85,23.27,26.37,28.72
26051,20.4,20.19,21.69,22.77,25.65,27.65,29.07
26053,9.4,11.99,17.55,22.6,28.78,34.7,39.54
26055,11.6,14.31,18.75,22.6,27.33,32.33,36.67
26057,6.8,9.98,14.4,18.83,24.37,30.17,35.22
26059,10.3,11.38,12.71,15.02,18.76,22.42,24.85
26061,7.6,6.89,8.93,10.57,13.32,16.22,18.41
26063,11.1,13.26,17.04,19.95,24.95,28.63,32.37
26065,18.6,21.54,25.15,29.15,34.26,39.87,44.2
26067,16.6,13.97,12.18,10.93,10.34,10.44,9.9
26069,16.9,20.4,25.25,28.98,35.17,39.23,43.62
26071,12.4,15.18,20.29,25.64,31.25,37.64,42.76
26073,8.8,13.85,20.54,26.85,34.2,41.51,48.32
26075,8.2,10.13,12.73,16.42,21.21,26.2,29.69
26077,14.3,12.82,11.05,10.55,10.48,11.57,11.41
26079,11.8,12.54,14.77,16.0,19.18,21.44,23.57
26081,9.9,14.68,20.13,26.2,32.73,40.31,47.11
26083,9.7,10.52,14.7,17.75,22.28,26.62,30.53
26085,10.8,12.53,15.85,18.64,21.84,25.79,29.0
26087,12.1,13.5,16.36,19.02,23.11,26.73,29.27
26089,8.3,9.18,12.26,14.17,17.09,20.46,23.13
26091,17.0,21.23,25.83,31.05,37.63,44.23,50.28
26093,22.7,16.3,10.67,5.29,1.09,-3.21,-8.29
26095,10.5,12.08,15.95,19.43,23.84,28.11,32.14
26097,9.3,10.64,14.12,16.22,20.31,23.2,26.2
26099,29.0,29.26,30.3,31.38,33.6,35.2,36.01
26101,20.2,24.58,30.18,35.23,40.93,47.46,53.54
26103,12.8,18.06,26.37,34.02,42.91,52.13,60.11
26105,12.4,16.29,21.34,25.59,30.36,36.31,41.68
26107,9.2,9.76,11.53,13.2,15.54,18.5,20.92
26109,12.2,12.68,14.78,17.05,20.34,23.65,26.05
26111,10.4,12.05,14.85,17.49,21.34,24.81,27.68
26113,10.7,14.05,19.28,23.68,29.26,34.69,39.32
26115,23.8,28.87,34.41,40.32,48.06,55.5,62.42
26117,12.1,17.07,22.85,28.8,35.89,43.44,50.25
26119,12.2,12.5,14.6,15.35,18.6,20.84,22.23
26121,27.0,23.32,20.31,17.66,15.71,14.58,12.73
26123,12.2,13.5,16.47,19.08,22.12,25.87,29.18
26125,10.3,10.13,11.44,12.62,15.22,17.21,17.9
26127,13.0,15.25,18.42,21.33,24.94,29.49,33.72
26129,26.0,23.44,22.3,20.52,20.67,19.1,17.59
26131,12.7,14.65,19.97,24.37,29.45,35.2,39.89
26133,12.9,13.47,15.68,17.33,20.19,23.17,25.23
26135,17.5,17.88,19.42,20.17,23.39,25.67,27.38
26137,16.5,16.38,18.04,18.39,20.63,22.21,22.88
26139,10.9,10.96,11.4,12.23,14.04,16.37,18.39
26141,14.7,14.99,17.53,17.97,20.84,23.28,24.75
26143,21.3,20.13,21.14,21.3,23.11,24.41,24.67
26145,19.6,18.77,18.47,18.16,19.47,20.3,20.74
26147,26.4,26.64,28.19,29.81,32.94,35.13,36.52
26149,12.2,11.59,10.45,10.32,10.88,12.18,12.45
26151,12.4,13.22,16.14,18.77,22.41,25.67,28.02
26153,12.9,14.12,18.03,21.49,25.64,30.19,33.6
26155,14.1,16.29,19.35,22.72,26.64,31.38,34.93
26157,11.9,13.32,16.14,18.56,22.57,25.81,28.77
26159,16.5,17.35,17.94,19.17,21.32,24.31,26.57
26161,16.8,16.67,17.02,18.14,20.59,22.82,23.82
26163,25.7,31.48,38.2,44.98,52.92,60.19,66.85
26165,18.9,18.91,20.66,21.97,24.14,26.73,28.32
27001,14.7,16.67,21.71,25.42,29.98,36.47,39.12
27003,8.5,10.25,15.27,19.77,24.75,30.38,34.82
27005,6.6,8.46,14.61,18.68,23.02,28.69,31.87
27007,11.2,11.43,15.98,18.99,21.01,25.25,26.59
27009,8.8,10.88,16.54,20.93,26.42,32.8,36.63
27011,5.9,6.81,11.13,13.92,18.5,22.76,26.18
27013,5.1,5.28,7.35,9.63,13.43,17.38,19.48
27015,4.8,5.04,7.14,9.04,12.73,16.33,18.28
27017,14.6,15.58,19.39,22.45,25.94,31.24,33.16
27019,5.2,6.24,10.12,13.68,17.92,23.56,26.82
27021,18.0,19.94,25.2,28.96,32.98,39.53,41.73
27023,5.1,5.34,8.75,10.8,14.18,17.87,20.36
27025,9.5,9.76,13.04,15.89,19.0,22.93,25.23
27027,12.1,14.49,21.07,25.23,30.19,36.58,40.71
27029,10.6,11.2,16.13,19.64,22.06,26.63,29.09
27031,8.8,10.12,15.88,20.0,24.58,29.82,33.46
27033,4.4,4.87,6.72,9.39,13.49,17.04,19.15
27035,10.4,11.59,15.81,18.58,22.78,28.84,31.09
27037,7.4,9.28,13.89,18.68,23.54,29.77,34.06
27039,5.6,6.62,10.12,13.67,18.44,23.09,27.0
27041,5.1,5.23,9.71,11.88,16.12,21.31,23.15
27043,4.4,5.57,8.83,12.54,17.76,22.91,26.51
27045,5.3,5.4,6.74,8.54,11.11,14.75,16.84
27047,5.1,5.92,8.96,12.01,16.22,20.73,24.39
27049,7.2,7.72,10.58,13.93,17.62,22.0,24.75
27051,4.5,5.3,9.76,12.09,16.49,20.9,23.39
27053,11.0,12.67,17.33,21.93,26.59,32.24,36.34
27055,6.7,8.02,9.67,12.58,15.8,20.26,23.31
27057,9.2,9.45,13.39,16.09,18.48,22.76,23.9
27059,8.5,9.1,12.56,15.44,18.97,23.06,25.32
27061,12.4,12.19,15.48,18.04,20.48,25.44,25.99
27063,3.9,4.22,6.01,8.81,13.08,16.38,18.58
27065,8.7,8.97,12.36,14.84,17.77,21.89,23.76
27067,5.2,7.5,13.53,17.75,23.76,30.08,34.24
27069,6.3,6.48,9.99,12.49,13.2,16.01,16.14
27071,8.1,7.82,11.9,14.64,16.76,20.52,21.12
27073,4.6,4.99,8.28,10.57,14.51,17.97,20.23
27075,6.5,7.1,10.33,13.23,16.53,20.97,23.13
27077,9.9,10.12,14.97,18.38,20.41,24.7,25.57
27079,4.8,4.95,7.56,9.86,13.21,17.35,19.39
27081,5.3,5.47,7.74,9.94,13.78,16.4,18.24
27083,4.8,5.82,9.14,11.9,16.97,20.45,22.9
27085,4.6,5.05,8.04,10.9,15.04,19.54,21.81
27087,24.3,20.41,20.69,18.96,16.62,16.18,13.45
27089,5.9,7.09,11.91,15.83,18.18,22.58,24.43
27091,4.1,4.43,6.69,9.21,13.27,17.31,19.69
27093,6.7,6.61,9.79,12.08,15.85,19.97,21.51
27095,15.5,15.88,19.77,22.44,25.99,30.69,32.85
27097,9.1,11.88,18.27,23.04,28.97,36.16,39.85
27099,8.4,11.32,15.93,20.72,26.23,32.74,37.76
27101,5.2,5.6,8.29,10.72,15.71,19.13,21.1
27103,5.2,5.38,7.28,9.42,13.26,17.02,19.07
27105,4.0,4.28,6.47,8.93,13.81,17.28,19.11
27107,6.3,6.67,10.93,13.65,15.95,19.4,21.22
27109,9.3,8.15,9.1,10.28,12.25,14.86,16.39
27111,5.6,6.66,11.73,14.49,18.59,23.63,26.02
27113,10.7,10.49,14.44,16.97,18.28,21.5,21.76
27115,11.0,11.16,14.79,17.91,21.32,26.4,28.82
27117,3.5,3.86,6.14,8.29,12.71,15.39,17.02
27119,11.7,12.38,16.87,20.12,22.02,25.36,26.55
27121,6.3,6.88,10.8,12.99,17.12,21.7,23.36
27123,11.4,14.48,20.15,25.65,31.39,37.94,43.0
27125,7.5,8.08,12.76,15.66,17.74,21.46,22.84
27127,6.0,7.74,12.02,15.7,21.02,25.76,29.11
27129,6.3,7.71,11.92,14.87,19.58,24.18,27.22
27131,7.0,6.34,8.85,11.17,14.47,18.38,20.75
27133,5.3,5.53,7.54,10.04,14.73,17.77,19.63
27135,6.0,6.81,12.2,16.84,18.96,23.99,25.53
27137,15.2,15.49,18.07,20.74,22.9,26.97,28.13
27139,6.2,5.48,7.85,10.16,12.53,16.52,18.69
27141,10.5,9.4,11.32,12.81,15.15,18.29,18.68
27143,5.2,6.62,10.18,13.99,19.15,24.44,27.45
27145,8.3,10.18,15.7,20.17,25.77,32.15,35.54
27147,5.5,6.01,9.27,12.66,17.06,21.6,25.0
27149,4.7,5.24,9.29,11.52,15.76,20.08,22.32
27151,4.7,5.41,9.13,11.53,15.94,20.4,22.85
27153,5.7,6.28,11.08,13.57,17.91,23.49,25.57
27155,6.1,7.47,12.73,16.1,21.01,26.05,29.85
27157,6.9,7.26,9.38,12.29,15.2,19.49,21.83
27159,8.6,8.48,12.26,13.97,16.74,21.05,22.18
27161,5.8,6.61,9.67,13.05,17.62,22.56,25.78
27163,9.0,8.5,10.79,13.1,15.23,18.31,20.1
27165,4.0,4.52,6.83,9.62,14.29,18.51,21.14
27167,5.7,6.2,9.98,11.39,14.33,18.62,20.53
27169,10.5,9.48,9.41,10.29,11.05,13.27,14.0
27171,6.0,5.41,8.15,10.5,13.65,17.65,19.17
27173,5.8,6.08,9.36,11.65,15.28,18.65,20.74
28001,9.5,9.35,8.78,8.17,8.87,9.56,9.53
28003,14.9,14.9,14.19,13.68,15.06,15.82,15.9
28005,9.0,9.72,9.92,10.26,10.93,12.94,14.33
28007,5.8,6.47,6.54,6.66,8.59,9.85,9.49
28009,6.9,7.86,7.28,7.08,9.42,10.97,11.43
28011,5.0,4.94,4.21,3.99,4.32,5.53,4.53
28013,7.9,9.02,10.18,12.19,15.77,18.69,20.6
28015,6.8,7.05,6.85,6.81,8.36,9.85,10.06
28017,7.5,8.53,9.78,11.56,15.0,17.59,19.03
28019,6.9,7.06,6.76,6.36,8.14,9.31,9.09
28021,5.5,6.37,7.38,8.43,10.36,12.48,13.85
28023,11.1,13.17,14.6,16.49,19.9,22.66,24.62
28025,4.5,4.98,4.9,5.13,7.7,9.26,9.72
28027,13.6,13.39,12.68,13.11,13.27,14.46,13.95
28029,7.6,8.19,8.68,9.19,10.48,12.52,13.64
28031,10.8,12.25,13.96,15.75,18.07,21.19,23.35
28033,12.7,16.62,19.22,22.49,27.31,31.22,33.81
28035,9.7,10.21,11.67,13.53,14.92,18.16,20.21
28037,11.5,11.78,12.33,12.43,13.13,14.74,15.72
28039,15.7,19.89,24.48,28.6,33.56,38.69,43.47
28041,7.3,7.69,8.73,9.75,11.28,13.32,14.65
28043,7.9,8.17,8.05,8.55,10.46,12.13,12.27
28045,23.1,26.67,31.43,35.73,41.07,46.48,51.4
28047,23.0,17.46,13.36,8.43,4.82,1.0,-3.41
28049,4.9,6.34,7.11,8.35,10.36,12.79,14.47
28051,5.1,5.43,5.44,5.22,6.57,7.5,7.39
28053,4.6,5.01,5.3,4.98,6.48,8.3,8.41
28055,6.3,6.85,8.52,9.07,10.97,13.78,15.03
28057,12.1,13.66,14.58,15.56,19.44,22.59,24.26
28059,22.5,20.95,20.28,19.07,18.82,18.7,17.9
28061,7.6,7.55,6.51,6.07,6.65,7.37,6.89
28063,5.8,6.25,6.97,7.72,9.44,11.11,12.11
28065,8.4,9.37,10.68,11.69,13.32,15.7,17.77
28067,7.2,8.64,10.04,12.05,14.76,18.09,19.96
28069,5.3,5.83,5.2,4.57,6.39,6.68,6.47
28071,6.3,7.51,7.92,9.07,11.54,13.97,14.98
28073,11.9,14.78,18.75,22.74,26.53,32.03,36.67
28075,7.4,8.57,8.76,9.49,11.82,12.85,13.38
28077,11.2,12.26,13.77,14.39,16.12,18.67,20.66
28079,9.7,7.5,4.16,1.56,0.56,-1.26,-4.11
28081,8.7,10.02,11.1,12.41,16.47,19.6,21.36
28083,5.5,7.21,8.13,9.28,12.2,15.15,16.31
28085,11.0,10.37,10.01,9.1,9.14,9.75,9.76
28087,7.3,9.13,10.54,11.97,16.2,19.47,20.97
28089,9.3,7.2,4.14,1.39,-0.54,-2.12,-4.84
28091,19.3,26.64,34.19,41.71,49.73,58.29,66.81
28093,7.1,9.21,9.85,11.3,14.27,16.96,17.95
28095,7.1,8.6,9.62,10.93,14.69,17.95,19.13
28097,10.6,10.35,9.77,9.18,10.24,11.19,10.7
28099,11.2,12.39,12.25,12.88,14.84,16.5,16.8
28101,9.2,9.53,8.57,8.12,8.87,9.47,8.87
28103,4.5,4.67,4.11,3.35,4.55,4.69,3.88
28105,2.9,3.58,3.62,3.65,6.18,7.55,7.77
28107,11.5,12.12,11.55,12.77,14.41,16.2,16.38
28109,21.8,33.28,45.73,57.44,70.15,83.47,96.59
28111,13.5,13.17,13.48,14.57,15.48,17.69,18.72
28113,9.5,10.34,10.68,10.97,12.51,15.14,17.23
28115,13.9,14.81,15.51,16.82,20.32,23.19,24.59
28117,10.7,11.45,11.25,11.15,14.08,16.38,17.35
28119,11.3,12.83,14.22,16.74,19.48,22.86,24.71
28121,10.7,11.33,11.88,12.41,13.58,15.33,15.92
28123,7.0,8.06,8.18,8.89,10.83,12.86,12.98
28125,5.4,6.2,7.79,8.7,10.62,13.43,14.52
28127,11.4,11.78,11.86,11.82,12.83,14.26,14.84
28129,12.3,12.01,11.08,11.16,11.99,13.34,13.22
28131,17.0,16.82,17.27,17.59,18.73,20.85,22.25
28133,5.1,5.31,5.26,5.03,5.54,7.04,6.7
28135,7.0,8.43,9.58,11.65,14.43,17.35,18.79
28137,14.4,19.16,22.66,27.06,32.2,37.42,41.2
28139,6.5,8.56,9.49,11.07,15.02,18.39,20.51
28141,26.6,23.9,20.57,17.39,17.11,15.65,13.21
28143,7.9,9.33,9.63,11.13,13.25,15.18,16.05
28145,7.1,6.75,5.56,4.96,6.82,8.07,8.02
28147,12.7,17.13,21.58,26.07,31.24,37.12,42.85
28149,7.3,8.23,9.42,10.41,12.63,15.04,16.34
28151,4.7,5.47,6.45,7.42,9.13,12.19,12.98
28153,14.5,14.24,13.9,13.57,14.37,15.38,15.16
28155,9.3,9.62,9.75,10.11,12.19,13.53,14.0
28157,9.0,10.3,11.05,12.5,14.59,17.65,19.49
28159,9.8,9.07,7.7,6.62,7.7,7.31,6.19
28161,9.6,9.93,9.74,10.5,12.33,14.05,14.52
28163,8.9,8.16,7.33,6.12,6.5,7.33,6.96
29001,12.2,13.07,14.12,14.09,18.03,20.32,22.38
29003,6.2,6.87,6.88,6.96,9.27,10.22,11.79
29005,5.5,6.38,5.98,6.26,8.2,9.39,10.11
29007,9.5,10.36,11.18,11.01,14.11,15.19,15.63
29009,10.9,13.44,15.36,18.26,21.88,24.84,28.14
29011,12.1,12.25,12.89,13.58,15.73,17.24,18.08
29013,22.1,18.92,15.63,12.58,11.5,8.85,5.94
29015,15.3,18.05,20.51,22.21,27.17,30.09,32.62
29017,11.0,11.35,9.87,9.67,11.09,11.23,10.58
29019,10.8,12.66,14.43,15.34,19.17,20.69,22.59
29021,12.9,11.45,9.8,8.3,8.68,7.63,7.25
29023,26.8,21.93,15.81,10.34,6.53,1.84,-4.02
29025,11.6,12.72,13.4,13.71,16.06,17.91,19.89
29027,14.1,16.27,18.37,19.6,23.91,25.83,28.17
29029,15.1,18.46,21.07,23.79,29.05,32.23,35.61
29031,12.3,12.89,12.23,12.29,14.75,15.66,15.98
29033,11.1,11.32,11.17,10.67,12.5,13.37,13.61
29035,14.8,16.58,17.27,19.16,22.17,24.15,25.46
29037,13.2,12.89,12.46,11.84,13.35,13.51,13.16
29039,13.7,14.05,13.86,13.85,15.88,16.72,17.15
29041,8.6,8.72,9.38,9.54,12.08,13.3,13.79
29043,13.3,14.11,14.39,14.1,16.04,16.81,17.37
29045,8.0,9.74,12.0,13.5,17.73,21.23,24.42
29047,10.3,14.84,18.86,23.48,29.15,34.03,39.13
29049,12.8,17.15,20.88,24.97,30.54,35.71,41.02
29051,10.2,12.32,14.87,16.76,20.94,23.05,25.41
29053,7.0,7.2,7.37,7.21,9.24,9.91,10.19
29055,21.7,29.37,36.44,43.56,52.83,59.83,67.1
29057,13.6,14.19,14.39,14.43,16.2,17.11,17.99
29059,14.3,14.62,14.0,13.59,14.89,14.96,14.63
29061,7.6,8.36,8.67,8.62,11.05,12.34,14.1
29063,7.7,8.18,7.84,7.72,9.47,10.69,12.24
29065,30.8,26.75,21.78,17.91,15.69,11.27,6.55
29067,8.1,8.57,8.6,8.85,10.36,10.51,10.61
29069,24.4,22.03,18.41,15.43,14.09,11.8,8.75
29071,24.6,24.66,24.87,25.08,26.87,27.12,27.49
29073,18.4,22.88,27.37,31.42,37.45,41.83,46.74
29075,8.7,8.89,8.39,7.97,9.82,10.28,11.81
29077,22.9,29.65,35.36,41.02,48.75,55.44,61.77
29079,10.9,11.9,12.42,12.41,15.07,16.38,17.81
29081,10.9,10.15,8.91,7.87,9.27,8.83,9.18
29083,10.3,11.68,12.87,13.36,16.66,18.32,19.25
29085,16.4,18.71,20.55,22.79,26.93,29.61,31.99
29087,6.1,6.71,5.89,5.55,6.84,7.19,8.1
29089,6.1,6.54,6.78,6.96,9.27,10.06,10.54
29091,15.6,14.36,11.85,10.78,10.57,9.06,7.22
29093,24.0,24.42,23.73,23.49,24.88,24.96,24.75
29095,16.1,18.3,20.17,22.2,25.63,28.11,30.33
29097,15.1,10.94,7.01,3.47,1.08,-1.75,-4.62
29099,30.8,29.14,26.74,24.65,24.29,22.4,20.95
29101,5.7,6.2,6.85,6.59,9.75,11.03,11.65
29103,8.5,9.32,10.62,11.81,15.29,17.8,19.51
29105,9.6,12.11,14.0,16.36,20.78,22.76,25.17
29107,9.6,10.72,11.64,12.29,15.25,16.78,18.06
29109,14.2,17.79,20.83,24.05,28.87,33.04,36.92
29111,9.1,10.62,12.58,14.0,17.88,21.69,23.91
29113,19.5,22.68,26.22,28.77,34.02,38.0,41.87
29115,8.2,8.09,8.38,8.07,10.58,11.88,12.39
29117,14.5,17.95,21.11,23.43,28.22,32.03,35.86
29119,11.6,12.43,12.75,14.38,16.26,18.07,19.92
29121,7.1,8.04,9.15,9.77,12.99,15.24,16.96
29123,20.1,23.17,24.87,27.47,31.53,34.57,36.85
29125,18.5,19.14,19.33,20.24,22.71,22.9,23.56
29127,14.4,17.66,21.34,24.25,29.98,34.84,37.97
29129,7.3,7.92,8.67,9.01,12.54,13.4,14.81
29131,11.9,11.31,10.23,9.42,10.68,9.85,9.73
29133,9.2,11.94,13.07,14.98,18.94,21.68,23.55
29135,5.5,5.97,6.4,6.19,8.62,8.93,9.19
29137,9.8,10.67,11.64,11.96,15.02,16.86,18.17
29139,19.1,20.93,22.95,23.52,27.11,29.04,30.89
29141,11.8,9.78,7.31,4.83,4.55,2.5,0.3
29143,12.8,15.36,16.66,18.11,21.85,24.64,26.15
29145,10.3,12.56,14.84,18.12,22.06,25.55,29.4
29147,4.5,4.77,3.56,2.5,3.55,3.38,4.23
29149,10.8,11.79,11.57,12.45,14.53,15.2,15.65
29151,10.7,10.82,10.74,10.5,12.46,12.32,12.48
29153,13.2,15.68,16.83,19.06,22.14,24.25,26.32
29155,17.9,19.03,18.71,19.06,22.04,23.24,23.93
29157,13.4,12.46,10.34,9.29,10.28,9.91,9.01
29159,9.1,10.15,11.06,10.8,13.91,15.13,16.12
29161,17.6,18.14,17.99,19.01,21.08,21.34,21.52
29163,11.6,13.32,15.29,16.74,20.94,23.57,25.68
29165,10.2,11.56,12.41,13.88,16.58,18.17,19.99
29167,15.0,17.63,19.54,21.36,24.84,27.65,29.81
29169,19.3,23.19,26.12,30.21,35.57,38.85,42.46
29171,7.8,8.46,9.68,9.96,13.39,15.18,16.61
29173,8.8,10.26,12.61,13.92,18.33,21.39,23.27
29175,10.6,10.31,10.51,10.02,12.09,13.15,13.09
29177,12.0,11.03,9.43,8.0,8.07,7.95,7.46
29179,17.4,20.7,23.04,25.79,30.17,33.0,35.24
29181,14.5,15.63,15.93,16.91,19.3,20.74,20.82
29183,17.3,17.26,17.06,16.42,17.82,18.03,18.29
29185,7.5,8.22,8.44,8.46,11.0,12.33,12.76
29186,18.8,19.55,19.3,20.21,23.07,24.07,24.56
29187,40.1,32.95,24.64,17.53,12.37,5.1,-2.55
29189,18.8,16.82,14.29,11.55,11.09,9.23,7.85
29195,12.6,10.72,9.02,6.66,6.73,5.1,2.86
29197,6.9,7.87,9.57,10.65,14.76,17.5,20.08
29199,7.3,8.06,9.54,10.31,13.7,16.44,18.87
29201,14.4,18.67,21.32,24.94,30.35,34.65,38.3
29203,11.7,13.32,13.93,16.0,19.21,20.97,22.03
29205,11.6,11.36,11.41,11.2,13.45,14.64,14.7
29207,11.7,14.18,15.84,17.92,21.99,24.8,26.96
29209,16.2,16.15,15.31,14.47,15.34,14.97,14.38
29211,9.4,9.66,10.73,10.84,14.35,15.87,17.21
29213,13.6,12.6,10.87,8.91,8.58,7.62,6.07
29215,11.7,13.67,14.98,17.69,21.57,22.99,24.63
29217,12.9,12.35,12.0,11.62,12.91,13.56,13.58
29219,22.1,26.04,30.54,33.96,39.82,44.65,48.93
29221,28.6,29.97,30.51,31.88,35.34,36.17,37.18
29223,27.6,22.55,16.21,10.57,6.79,1.65,-4.0
29225,17.1,22.8,27.53,32.39,38.91,44.08,49.22
29227,7.2,7.76,7.58,8.2,11.13,11.99,14.2
29229,8.4,9.81,11.02,12.51,15.61,16.4,17.45
29510,37.3,34.25,30.15,25.97,24.21,20.79,18.17
30001,10.0,11.55,11.98,12.73,12.26,13.19,10.52
30003,10.8,10.68,9.04,8.54,7.79,6.31,4.12
30005,9.2,9.43,9.29,9.57,8.49,10.29,9.23
30007,8.7,9.02,7.7,7.74,5.53,5.77,3.09
30009,11.9,15.29,17.37,20.84,23.08,25.87,27.27
30011,7.2,7.75,8.13,8.48,8.07,8.61,6.85
30013,9.7,13.37,16.4,19.62,21.05,24.93,25.86
30015,9.5,10.53,10.03,9.65,8.08,9.05,6.35
30017,11.9,11.59,10.42,9.79,7.9,6.45,4.51
30019,12.5,12.84,11.48,11.42,10.92,12.03,10.14
30021,8.4,7.81,7.29,7.62,5.92,5.59,3.17
30023,21.9,23.43,24.0,25.44,25.33,27.13,24.88
30025,6.4,6.99,7.47,8.32,7.85,8.24,7.6
30027,9.7,11.13,11.77,13.16,13.16,15.33,14.7
30029,13.1,13.31,13.9,13.86,13.25,14.91,13.27
30031,6.6,7.18,6.91,6.78,5.51,5.86,3.29
30033,6.7,7.35,7.39,9.04,8.78,9.37,8.57
30035,15.9,16.34,16.62,16.36,14.29,15.29,13.61
30037,8.8,9.63,10.68,12.37,12.45,13.73,13.65
30039,10.7,11.67,11.72,12.43,11.46,12.55,10.05
30041,13.4,15.16,16.2,17.48,17.64,20.83,19.98
30043,11.9,12.89,12.49,13.28,12.18,13.21,10.48
30045,8.1,9.01,8.97,9.53,8.13,8.99,7.1
30047,19.5,21.54,23.42,24.5,25.18,28.09,28.24
30049,10.8,14.31,16.5,19.61,20.44,23.6,23.85
30051,8.5,9.38,9.66,9.01,7.67,8.85,6.75
30053,10.9,13.11,16.15,18.46,20.02,23.42,24.92
30055,7.7,8.36,8.39,9.09,8.16,8.15,7.1
30057,10.7,11.03,10.57,10.66,8.74,8.86,5.56
30059,9.2,9.52,8.43,8.49,6.28,6.39,4.05
30061,20.2,20.82,20.28,19.57,17.89,18.52,15.77
30063,13.2,15.02,15.69,16.86,16.22,18.54,16.81
30065,8.5,9.92,11.03,13.01,12.99,13.8,14.07
30067,16.9,17.33,17.02,17.08,15.76,15.98,13.19
30069,7.5,8.21,8.58,9.96,9.46,10.19,9.89
30071,6.2,6.73,5.78,5.98,4.62,5.6,4.19
30073,9.6,10.45,10.54,10.73,9.21,10.56,9.21
30075,8.8,8.99,8.92,8.48,7.2,6.82,4.57
30077,20.7,19.25,17.31,16.27,13.2,12.3,7.99
30079,7.8,8.47,9.22,10.7,10.45,10.97,9.96
30081,10.5,11.83,12.03,12.83,11.23,12.24,9.95
30083,10.7,12.92,14.69,17.51,18.85,20.7,21.35
30085,15.9,15.4,14.47,14.41,13.25,13.05,11.12
30087,7.1,7.69,6.83,7.44,6.46,5.13,3.37
30089,10.8,12.49,13.51,14.27,14.37,16.12,15.28
30091,11.0,11.93,12.59,13.86,14.58,16.28,15.44
30093,20.4,20.83,19.8,19.87,17.99,17.87,14.26
30095,8.4,9.45,10.04,11.53,11.54,12.74,12.42
30097,9.1,10.44,12.41,14.34,15.25,17.64,17.5
30099,11.6,11.36,11.06,10.37,8.37,8.86,6.5
30101,9.5,10.34,11.34,11.51,10.08,12.16,11.32
30103,8.7,9.5,9.1,10.03,9.14,8.6,7.92
30105,7.1,7.3,6.86,7.0,6.75,7.19,6.04
30107,9.4,10.19,10.65,11.59,11.21,12.76,12.22
30109,7.7,8.33,9.33,10.72,10.67,11.6,10.93
30111,13.9,16.83,19.67,23.08,25.77,28.69,30.88
31001,3.9,5.18,5.08,5.97,7.11,8.56,7.96
31003,3.3,3.64,3.42,3.51,4.29,5.63,6.01
31005,5.8,6.34,4.92,5.09,6.12,6.68,5.48
31007,8.2,9.09,8.67,9.23,9.72,10.24,8.87
31009,4.6,4.99,4.87,6.17,7.27,7.95,8.02
31011,3.9,4.53,4.61,5.63,7.02,8.43,8.37
31013,8.9,8.76,7.6,6.58,6.81,6.59,4.07
31015,4.3,4.79,4.82,5.7,7.44,9.42,9.85
31017,4.7,5.09,5.42,6.5,7.73,9.25,8.81
31019,5.7,5.85,5.0,4.86,5.22,5.62,4.25
31021,6.0,6.76,7.32,8.62,11.69,14.17,15.75
31023,3.7,4.23,4.12,4.71,6.1,7.55,7.98
31025,6.3,8.26,9.13,10.21,13.47,16.19,17.66
31027,3.9,4.44,4.28,5.32,7.49,9.05,10.15
31029,4.9,5.37,3.7,4.68,5.48,6.44,5.2
31031,5.1,5.35,4.67,4.51,5.8,6.37,5.49
31033,7.7,9.85,10.87,12.92,14.28,16.42,16.58
31035,3.6,4.01,3.12,2.77,3.02,3.17,1.51
31037,3.6,3.9,3.97,4.25,5.45,6.69,6.96
31039,4.4,5.07,5.31,5.74,8.29,10.17,11.48
31041,4.6,4.94,5.18,6.27,7.96,9.03,8.78
31043,4.5,4.39,4.11,4.26,6.25,7.78,8.22
31045,8.1,9.24,9.53,9.53,11.18,12.1,11.28
31047,4.1,4.3,3.42,3.54,4.01,3.97,2.04
31049,7.0,7.82,8.08,9.28,10.26,11.47,10.45
31051,3.6,3.95,4.19,4.77,7.09,8.75,9.81
31053,5.2,5.08,5.05,5.38,6.72,8.07,8.26
31055,8.9,8.8,8.03,7.49,9.09,9.99,9.77
31057,6.0,6.62,5.19,6.1,6.58,6.43,5.14
31059,4.2,4.77,4.14,4.82,6.02,6.47,5.76
31061,5.7,6.25,5.36,4.64,4.64,5.01,3.63
31063,4.5,4.86,3.92,4.77,5.36,5.66,4.52
31065,5.8,6.29,5.82,5.96,6.62,7.15,5.74
31067,6.1,6.58,5.8,6.18,7.79,8.5,8.11
31069,6.6,7.67,7.57,8.52,9.53,10.72,10.12
31071,5.9,6.47,7.29,8.89,9.93,11.66,11.85
31073,4.2,4.51,4.26,5.1,5.92,6.5,5.43
31075,5.3,5.84,4.41,4.09,5.02,5.42,3.37
31077,4.9,5.32,5.97,7.67,8.65,10.26,10.57
31079,4.3,4.34,3.21,3.0,2.99,3.07,1.13
31081,3.8,3.98,3.16,2.85,2.63,2.96,1.87
31083,5.1,5.94,5.59,5.9,6.69,7.34,6.34
31085,6.0,6.43,5.46,6.41,7.16,7.9,6.6
31087,7.0,7.72,6.48,6.82,7.11,7.44,5.42
31089,3.5,4.49,5.84,8.09,10.28,12.82,14.24
31091,4.9,5.34,4.22,4.3,6.14,6.76,5.97
31093,5.0,5.4,5.16,6.27,7.11,7.91,7.22
31095,5.4,5.28,4.27,3.81,4.93,4.81,4.26
31097,6.8,7.06,6.49,6.86,8.25,9.49,9.7
31099,5.5,5.76,4.86,4.74,5.28,5.29,3.88
31101,6.9,7.5,6.94,8.31,9.7,10.89,9.93
31103,5.2,5.68,5.83,6.74,8.27,9.84,9.67
31105,9.6,11.03,11.72,12.9,13.38,14.56,13.97
31107,3.7,3.98,4.09,5.2,7.27,8.93,9.78
31109,7.7,7.66,6.7,6.54,7.48,7.77,7.34
31111,7.5,6.67,4.38,3.99,3.59,2.65,0.4
31113,4.7,5.1,4.19,4.86,5.81,6.07,4.83
31115,4.7,5.11,5.72,7.39,8.38,9.62,9.71
31117,5.2,5.66,4.65,5.07,6.54,7.17,6.12
31119,4.1,4.15,3.94,3.98,5.19,6.32,6.8
31121,7.3,7.93,7.73,7.93,8.86,10.0,9.33
31123,7.2,7.96,7.69,8.19,8.07,8.33,7.05
31125,5.0,5.23,4.78,5.22,5.96,7.22,6.59
31127,8.2,9.46,9.67,10.53,12.62,14.37,15.3
31129,4.4,4.85,3.89,3.69,4.02,3.87,2.39
31131,5.3,6.47,6.55,7.49,9.85,11.7,12.87
31133,6.3,6.91,6.48,6.8,7.86,9.09,9.57
31135,6.6,7.12,6.63,8.16,9.97,11.61,10.93
31137,5.0,5.34,5.05,5.67,6.1,6.81,5.99
31139,3.7,3.85,3.98,4.05,5.21,6.07,6.46
31141,4.2,4.18,3.56,3.54,3.98,4.92,4.75
31143,4.4,4.83,4.14,4.09,4.57,5.51,5.24
31145,7.3,7.52,6.58,7.24,7.53,7.63,5.62
31147,7.9,8.94,9.0,9.77,11.69,13.0,14.15
31149,4.6,5.02,5.28,6.71,7.86,9.31,9.21
31151,3.9,4.27,3.55,4.03,5.96,6.4,6.42
31153,5.8,5.81,4.77,3.96,5.29,6.29,5.99
31155,4.3,4.67,4.46,4.88,6.64,8.04,8.16
31157,6.5,8.14,8.88,10.18,11.6,13.53,13.49
31159,4.5,5.4,5.42,6.63,8.41,9.74,10.2
31161,5.8,6.44,5.62,5.0,6.22,6.45,4.5
31163,4.3,4.65,5.01,6.29,7.37,8.49,8.1
31165,7.8,8.51,8.74,9.52,10.79,11.99,11.06
31167,4.1,4.45,4.36,4.53,6.1,7.5,8.27
31169,4.2,4.82,4.58,4.75,6.37,6.95,6.61
31171,4.7,5.11,4.69,5.41,6.72,7.55,6.77
31173,5.9,6.15,6.32,6.73,8.91,10.51,11.12
31175,4.9,5.33,5.8,7.25,7.99,9.1,8.99
31177,3.7,3.91,3.82,4.68,7.23,8.91,9.52
31179,3.3,3.62,3.63,4.16,5.76,7.14,8.09
31181,5.1,5.61,4.63,4.74,5.06,5.68,4.31
31183,4.8,4.97,5.7,6.38,7.03,8.48,8.6
31185,5.5,6.37,6.02,6.46,7.54,8.37,7.8
32001,24.9,27.75,29.88,33.09,37.4,38.72,40.37
32003,19.7,21.27,23.36,26.55,30.48,32.93,33.62
32005,20.4,21.15,22.26,24.39,27.07,27.58,27.48
32007,11.5,13.35,13.83,15.26,16.36,16.68,15.57
32009,14.3,15.71,17.8,20.88,24.02,26.35,28.02
32011,13.9,15.2,16.01,17.45,18.87,19.65,19.34
32013,13.3,14.43,13.1,12.46,13.23,12.45,11.28
32015,19.7,21.43,21.8,22.39,23.12,23.9,22.8
32017,15.7,17.2,19.18,21.39,24.21,26.03,26.37
32019,18.2,19.87,21.37,24.0,27.42,28.01,28.84
32021,21.6,26.39,30.88,37.26,43.34,48.06,52.26
32023,27.1,34.55,43.27,51.82,61.88,70.06,77.57
32027,16.7,19.22,20.06,22.04,24.56,24.29,24.74
32029,19.0,24.68,29.97,36.71,44.03,48.57,53.15
32031,19.1,21.62,24.05,27.66,32.59,34.69,36.69
32033,25.6,24.9,24.59,24.49,24.36,23.86,21.41
32510,22.7,35.66,48.74,63.03,78.02,90.65,102.85
33001,20.6,28.76,37.64,46.68,52.25,60.6,69.56
33003,19.0,25.9,32.39,40.01,44.21,50.83,58.22
33005,18.9,16.51,14.98,13.71,9.78,8.5,7.77
33007,25.2,28.11,30.87,34.04,34.96,37.64,41.57
33009,13.9,16.01,18.72,21.76,20.97,24.24,27.61
33011,26.2,37.18,49.18,61.66,70.88,83.23,95.78
33013,24.3,23.49,23.33,23.32,19.61,19.3,19.41
33015,22.2,29.07,37.15,45.06,50.49,58.24,66.64
33017,31.0,30.79,31.53,32.56,30.39,30.68,31.54
33019,14.6,17.02,20.17,23.9,23.79,27.2,31.15
34001,23.2,24.36,26.18,28.0,28.57,30.77,32.95
34003,9.5,10.62,12.22,13.29,13.46,15.9,17.92
34005,16.4,20.12,23.66,27.63,30.45,35.08,39.57
34007,25.8,30.31,34.59,39.1,42.66,48.31,53.46
34009,20.4,25.24,29.34,33.73,36.79,41.25,46.36
34011,19.1,19.52,20.12,20.86,20.57,21.62,23.01
34013,12.3,14.6,17.39,19.84,21.18,24.7,27.96
34015,23.0,26.55,29.86,33.27,35.69,40.02,44.12
34017,8.3,11.76,15.91,19.4,21.86,26.59,30.98
34019,10.4,11.94,14.31,16.23,17.17,19.82,22.32
34021,12.0,15.38,18.76,22.32,24.33,28.28,32.26
34023,13.8,12.69,12.35,11.97,9.59,9.47,9.24
34025,17.0,18.17,20.34,22.05,22.42,24.97,27.18
34027,10.6,10.68,11.64,11.74,10.81,12.03,13.21
34029,22.1,24.44,27.26,29.76,31.25,34.11,36.55
34031,10.5,12.96,15.97,18.33,19.81,23.29,26.67
34033,20.5,27.47,34.4,41.86,47.94,55.9,63.71
34035,9.9,10.47,11.81,12.68,12.26,13.7,15.05
34037,12.0,18.4,25.68,31.99,36.95,44.75,52.3
34039,8.9,11.34,14.58,17.29,18.73,22.4,25.67
34041,15.7,18.99,23.23,26.78,29.56,34.2,38.32
35001,29.4,29.36,31.05,33.21,34.82,36.57,37.37
35003,24.5,25.17,26.8,29.02,31.44,33.51,35.06
35005,17.2,19.84,22.78,25.92,29.14,32.67,36.36
35006,17.7,15.62,14.91,15.54,14.65,14.4,13.45
35007,24.5,25.39,27.63,30.93,35.03,38.18,39.54
35009,15.3,15.25,15.03,16.05,17.3,18.21,18.24
35011,18.0,18.59,20.15,22.46,25.04,27.1,28.95
35013,17.1,18.39,19.61,22.19,24.81,26.64,29.13
35015,26.0,28.56,31.36,34.56,38.45,42.17,46.15
35017,28.4,31.3,35.44,40.95,46.79,50.44,55.75
35019,27.9,31.88,37.29,43.46,49.32,55.11,60.67
35021,15.5,17.05,18.97,22.55,25.79,28.67,30.33
35023,22.8,19.95,18.02,17.56,17.39,15.68,15.06
35025,16.3,17.06,18.35,19.56,21.56,23.63,25.83
35027,31.8,25.03,18.5,12.86,6.93,0.38,-4.98
35028,15.4,16.33,19.06,22.47,26.07,30.15,32.43
35029,14.6,14.96,15.35,17.03,19.26,20.87,23.07
35031,13.0,13.13,14.34,15.8,16.96,19.59,19.59
35033,24.2,24.75,26.51,29.83,32.83,35.54,36.9
35035,22.2,21.68,21.33,22.41,22.94,23.49,24.8
35037,21.6,27.36,33.68,41.18,48.3,54.66,61.21
35039,87.9,72.77,58.7,45.65,33.17,20.62,6.63
35041,13.2,14.92,17.0,19.57,22.44,25.01,27.26
35043,22.8,18.43,15.42,12.57,9.66,7.25,3.36
35045,16.8,15.45,14.68,14.57,14.15,14.91,13.27
35047,36.1,33.24,32.66,32.66,32.2,31.37,29.96
35049,29.9,31.53,34.93,38.92,42.88,46.87,49.58
35051,30.4,34.22,38.35,44.48,49.74,54.34,58.93
35053,25.6,24.77,24.89,25.72,26.04,26.82,26.81
35055,26.7,30.77,35.6,41.74,48.64,55.26,60.07
35057,32.6,30.2,29.71,29.35,29.02,28.36,26.8
35059,12.7,13.11,13.95,16.12,18.5,20.37,20.98
35061,27.2,22.21,18.72,15.75,12.61,9.31,4.89
36001,11.7,12.07,14.03,16.1,15.43,17.22,19.3
36003,7.2,7.65,9.34,10.08,10.57,13.51,15.31
36005,10.3,14.67,19.44,23.87,27.4,32.78,38.14
36007,17.3,17.83,18.95,19.6,18.8,21.4,22.03
36009,9.2,14.9,22.05,28.49,34.8,43.07,50.56
36011,12.4,17.17,21.99,27.34,31.01,36.91,42.63
36013,13.3,17.6,22.88,27.55,33.44,40.12,45.89
36015,13.3,15.78,18.43,20.84,21.9,26.41,29.5
36017,10.7,10.51,11.09,12.12,11.33,12.78,14.1
36019,10.8,11.35,13.04,14.55,13.54,15.48,17.09
36021,12.8,13.39,15.38,17.69,17.07,18.53,21.22
36023,10.6,13.85,16.77,20.43,22.59,26.91,31.02
36025,11.3,13.58,16.91,20.33,21.92,25.65,29.57
36027,16.1,20.56,26.52,31.69,35.23,40.76,46.91
36029,15.6,27.68,41.36,54.79,67.72,82.09,95.1
36031,9.3,12.0,15.83,19.75,21.25,25.43,29.45
36033,8.6,11.17,14.94,17.59,18.35,21.64,25.06
36035,8.9,10.5,12.7,15.56,15.25,18.1,20.79
36037,10.0,14.57,20.71,26.31,31.86,38.75,44.54
36039,18.3,18.89,20.54,22.67,21.88,23.57,25.62
36041,7.9,8.05,9.68,11.48,10.81,12.75,15.14
36043,8.0,9.34,11.44,14.26,14.29,16.78,19.75
36045,12.4,12.27,13.52,14.33,12.86,13.61,14.14
36047,8.6,9.72,11.51,12.64,12.66,14.85,17.14
36049,10.5,10.19,11.32,11.79,10.35,10.99,12.54
36051,8.0,9.67,12.64,15.27,17.01,20.92,23.61
36053,12.6,11.79,11.67,12.19,10.41,10.39,10.63
36055,14.5,13.87,14.29,14.53,13.55,14.68,14.85
36057,9.1,11.54,14.89,18.57,19.28,23.26,26.99
36059,12.5,14.52,17.02,18.67,20.1,22.9,25.48
36061,10.4,11.27,12.57,13.46,13.34,15.53,17.41
36063,15.9,22.14,29.95,37.29,44.41,52.54,59.51
36065,15.4,15.67,16.37,17.59,16.92,17.9,19.22
36067,16.0,19.5,22.99,27.34,29.46,34.03,38.79
36069,11.0,10.7,10.95,11.32,10.3,11.27,11.55
36071,17.5,18.67,20.62,21.77,22.15,24.31,26.63
36073,7.9,8.2,9.57,10.53,11.49,13.95,15.48
36075,14.5,17.82,21.51,25.48,27.16,31.15,35.62
36077,11.6,12.44,14.1,16.24,16.25,18.38,20.56
36079,14.4,16.31,19.73,22.45,24.18,27.8,31.36
36081,6.7,7.53,9.04,10.07,10.32,12.42,14.58
36083,7.7,10.89,15.89,20.75,22.41,26.74,31.9
36085,17.9,18.39,19.75,20.59,19.89,21.38,22.97
36087,7.3,10.32,14.26,17.6,19.87,24.3,28.51
36089,9.2,10.16,12.07,12.69,12.01,13.84,15.5
36091,9.2,9.25,10.76,12.19,10.39,11.74,13.13
36093,8.0,10.5,14.55,18.84,19.52,23.54,27.28
36095,6.6,8.07,10.61,13.31,13.27,16.02,18.55
36097,7.5,9.41,11.96,14.19,15.05,18.64,21.49
36099,9.9,11.83,14.16,17.21,18.34,21.69,24.63
36101,10.9,9.59,9.32,8.13,5.91,6.94,6.49
36103,17.2,18.63,20.73,21.43,21.71,24.06,26.27
36105,25.5,26.22,28.22,29.7,29.51,31.87,33.56
36107,15.6,13.43,11.4,9.66,6.26,6.27,4.97
36109,12.1,12.53,12.52,13.22,12.24,13.77,14.7
36111,13.1,17.19,22.26,27.14,29.74,34.66,39.92
36113,8.2,8.8,10.51,12.07,10.65,12.3,14.12
36115,6.7,6.59,8.1,8.8,6.46,7.33,8.37
36117,8.1,8.97,10.51,12.34,12.86,14.86,16.79
36119,9.6,11.66,14.21,16.27,17.46,20.94,23.76
36121,7.2,9.51,13.17,16.11,18.73,23.02,26.3
36123,8.0,9.11,10.28,11.5,11.53,13.8,15.5
37001,13.8,12.87,11.91,10.43,9.7,9.09,7.21
37003,19.7,26.63,32.75,38.16,45.17,52.41,57.62
37005,16.9,18.9,20.82,22.88,26.48,28.84,29.92
37007,11.6,13.43,14.39,14.28,15.61,17.65,18.06
37009,17.4,18.01,18.47,18.11,19.4,20.25,19.73
37011,16.6,21.05,24.94,28.15,32.99,37.61,41.07
37013,16.0,18.28,21.2,21.26,21.68,22.88,22.84
37015,9.1,11.01,12.55,12.04,12.58,13.08,13.49
37017,21.9,18.98,15.27,11.52,8.32,5.82,0.9
37019,20.5,25.61,30.06,32.94,37.11,42.41,45.52
37021,16.5,17.34,16.9,16.41,17.32,18.18,18.28
37023,29.9,36.75,42.87,48.47,55.59,62.82,68.35
37025,14.8,16.71,17.08,17.44,18.94,21.66,22.22
37027,21.5,30.66,39.35,46.97,55.88,65.66,73.56
37029,13.5,17.89,21.85,24.2,27.61,31.25,33.9
37031,25.8,28.43,31.8,33.32,35.22,38.48,39.8
37033,12.6,13.86,15.27,16.0,17.72,19.53,20.41
37035,19.6,19.66,18.53,16.51,16.48,16.56,14.9
37037,10.5,9.13,6.79,3.87,2.28,0.69,-1.8
37039,25.5,26.1,24.62,24.19,25.49,27.02,26.37
37041,10.9,13.78,16.99,17.42,19.19,21.02,22.23
37043,24.1,22.74,19.56,17.29,16.72,16.55,14.12
37045,17.0,24.44,30.45,35.99,44.31,52.19,58.54
37047,19.5,18.44,16.86,14.3,12.16,11.39,8.49
37049,19.1,25.5,32.7,37.63,42.94,49.22,53.84
37051,13.6,15.66,17.7,19.05,21.13,23.99,25.33
37053,15.0,17.74,20.19,21.03,23.09,25.09,26.03
37055,24.9,22.61,19.6,15.91,12.08,9.1,4.96
37057,20.2,19.21,16.99,14.62,13.42,12.76,10.6
37059,16.8,16.35,14.7,13.01,12.6,11.93,10.08
37061,9.4,10.2,10.71,10.42,10.1,10.88,9.81
37063,9.3,9.48,9.04,8.08,8.24,8.53,7.16
37065,14.6,15.74,17.27,16.96,17.8,18.75,18.64
37067,15.9,18.28,19.8,21.47,23.93,26.54,27.84
37069,12.4,14.12,16.54,17.05,19.25,20.78,21.55
37071,21.8,22.16,20.77,18.98,19.33,19.61,18.03
37073,11.5,14.67,17.29,18.03,20.27,22.53,23.97
37075,21.2,26.67,30.47,34.76,41.05,46.8,51.66
37077,13.3,12.42,11.94,9.98,9.53,9.18,7.14
37079,11.3,11.27,11.38,10.11,9.66,8.96,7.19
37081,10.9,12.86,14.36,15.36,17.14,19.4,20.05
37083,14.3,18.06,22.36,24.78,28.41,32.25,35.49
37085,13.0,14.3,15.36,15.72,17.31,19.58,19.98
37087,18.6,22.67,25.19,27.93,32.17,35.87,39.19
37089,15.3,19.42,22.33,24.94,29.48,33.93,36.81
37091,9.3,10.36,10.87,9.33,9.1,8.64,8.39
37093,11.9,11.77,11.91,11.08,11.19,11.95,11.23
37095,15.9,17.2,18.48,18.56,18.79,19.54,19.1
37097,16.0,16.21,15.12,13.66,14.08,14.65,13.17
37099,18.4,19.94,19.71,19.84,21.53,22.65,23.67
37101,10.5,14.12,18.1,21.04,24.53,28.28,30.85
37103,15.9,19.36,22.91,25.03,27.95,31.32,32.88
37105,14.2,17.13,19.49,21.17,24.3,27.85,29.81
37107,11.3,15.01,19.06,21.78,24.41,27.7,29.55
37109,15.2,15.58,14.52,12.94,13.21,13.85,12.68
37111,17.2,20.95,23.95,26.85,31.14,35.29,37.8
37113,18.0,22.31,24.3,27.13,31.55,35.75,38.95
37115,17.0,20.25,22.74,25.0,28.64,32.01,34.83
37117,13.6,15.16,17.53,17.52,18.12,19.43,19.73
37119,10.7,10.93,9.64,7.88,7.88,8.58,7.03
37121,24.3,29.65,34.32,38.53,44.28,49.83,54.15
37123,10.0,12.85,14.71,15.95,18.35,21.18,22.35
37125,13.8,14.73,15.2,14.53,15.1,16.71,16.51
37127,12.0,15.25,19.21,21.78,24.97,27.97,29.76
37129,20.2,24.58,28.85,30.92,35.03,39.5,42.7
37131,9.6,10.67,11.56,10.46,10.85,11.51,11.34
37133,12.2,13.0,14.18,13.69,14.17,14.92,13.65
37135,8.4,9.21,9.38,9.22,10.1,10.66,10.43
37137,23.9,26.08,28.52,29.11,29.87,31.6,31.8
37139,13.0,15.06,16.72,16.49,17.4,18.71,19.1
37141,13.6,21.64,29.58,35.6,43.41,51.82,58.65
37143,13.3,16.05,18.81,19.37,21.02,23.08,24.3
37145,13.1,15.13,16.72,17.73,19.73,21.63,22.29
37147,15.4,12.8,11.23,7.84,4.84,2.27,-1.57
37149,17.2,20.07,21.04,22.04,25.25,28.32,30.3
37151,16.6,23.02,28.77,34.0,40.58,47.53,53.36
37153,23.2,26.12,28.62,30.32,33.11,37.04,38.78
37155,16.8,15.13,12.96,10.18,8.38,7.34,4.02
37157,15.3,18.22,21.3,24.14,28.05,32.18,34.7
37159,23.2,26.32,28.13,29.73,32.87,36.3,38.08
37161,20.9,29.73,37.11,44.09,53.58,62.9,70.93
37163,21.1,16.82,11.92,6.7,1.94,-1.88,-7.67
37165,16.4,18.86,20.98,22.04,24.51,27.96,28.9
37167,16.5,21.91,25.93,29.57,34.49,40.3,43.84
37169,19.0,25.05,31.16,36.98,43.85,50.79,56.39
37171,20.8,20.36,19.46,18.87,19.83,19.72,18.55
37173,23.6,26.79,28.39,30.51,33.97,37.05,39.77
37175,18.7,20.01,19.9,19.92,21.59,22.72,23.11
37177,14.7,15.07,15.49,14.21,13.66,13.52,12.45
37179,9.9,11.27,11.23,10.59,11.36,12.94,12.15
37181,15.6,17.84,20.47,21.16,23.59,25.51,26.47
37183,8.3,8.99,9.65,9.06,9.79,10.67,10.18
37185,8.7,9.74,11.14,10.84,12.15,12.86,12.83
37187,9.2,10.23,11.33,10.13,9.68,9.55,8.44
37189,11.2,14.28,16.87,18.6,22.32,25.69,27.96
37191,10.3,11.85,13.71,14.85,15.69,17.36,17.98
37193,39.3,38.49,36.99,34.86,34.36,33.19,30.92
37195,10.3,11.9,13.62,14.43,15.32,16.7,17.05
37197,26.3,21.35,15.85,10.12,5.6,0.85,-4.97
37199,29.2,28.19,26.23,23.85,23.37,22.37,20.37
38001,5.1,5.57,5.2,5.89,5.87,6.4,5.81
38003,5.0,5.19,7.76,9.6,10.96,13.41,13.93
38005,11.7,13.26,15.52,18.09,19.27,22.6,23.51
38007,6.5,7.23,7.07,7.79,7.4,7.64,6.58
38009,5.4,5.95,6.85,7.81,7.8,9.04,8.2
38011,5.5,5.96,6.25,6.78,6.42,6.97,6.35
38013,5.5,6.04,5.64,7.0,7.13,8.32,6.83
38015,4.8,6.59,9.28,12.62,14.15,17.15,18.85
38017,6.5,6.26,10.08,11.39,13.44,16.9,17.99
38019,5.6,6.14,7.51,9.16,8.64,11.05,10.63
38021,3.7,4.02,6.55,8.4,10.56,13.08,14.2
38023,7.0,7.61,7.25,8.57,9.33,10.69,9.64
38025,6.2,7.18,8.35,10.01,10.25,11.13,11.16
38027,4.5,4.95,6.14,7.76,8.08,10.2,10.14
38029,7.1,7.1,8.09,8.74,8.8,10.11,10.23
38031,3.4,3.74,4.92,6.26,6.45,8.28,8.24
38033,6.4,6.97,7.66,8.98,9.04,9.59,9.38
38035,7.7,7.63,9.89,11.59,12.33,14.07,13.81
38037,5.2,5.75,6.74,7.04,7.39,7.93,7.63
38039,4.0,4.33,5.41,7.18,7.58,9.48,9.4
38041,4.8,5.34,5.82,6.04,6.09,6.78,6.1
38043,4.2,4.59,6.38,8.26,8.76,10.79,11.17
38045,3.7,4.03,5.9,7.42,8.94,11.32,12.58
38047,3.9,4.15,6.31,8.29,9.02,11.35,12.25
38049,4.4,4.82,5.69,7.28,7.57,8.55,7.92
38051,4.5,4.64,5.88,7.05,7.77,9.67,10.17
38053,11.2,12.73,13.69,15.78,16.19,16.9,16.63
38055,5.7,7.01,7.98,10.18,11.21,13.1,13.92
38057,5.4,5.93,7.36,8.47,8.8,9.92,10.68
38059,5.8,6.12,7.53,9.13,9.67,11.09,11.13
38061,8.3,10.67,11.8,14.94,16.54,18.55,18.82
38063,5.3,5.8,7.18,8.83,8.82,10.86,10.89
38065,5.1,5.53,6.97,8.58,9.12,10.6,10.56
38067,6.3,6.9,9.8,11.61,11.49,13.87,13.7
38069,5.0,5.54,6.55,8.08,8.65,10.52,10.09
38071,6.4,7.49,8.81,10.26,10.25,12.35,11.83
38073,5.1,5.47,9.11,10.86,13.56,16.75,18.51
38075,5.1,5.64,5.91,7.04,6.81,8.11,6.83
38077,5.6,7.48,12.92,15.76,20.08,25.55,28.95
38079,7.2,8.75,11.11,13.38,14.91,17.9,18.17
38081,4.3,4.79,8.15,9.91,12.71,16.09,18.16
38083,4.5,5.1,5.27,6.64,6.38,7.97,7.06
38085,9.1,11.12,13.87,16.33,18.1,21.16,23.22
38087,5.8,6.31,6.58,7.18,6.84,7.27,6.83
38089,7.7,9.22,10.0,11.22,11.97,13.2,13.51
38091,5.4,5.91,7.39,9.44,9.86,12.22,12.38
38093,4.1,4.7,6.22,8.25,9.53,11.97,12.32
38095,6.9,7.55,8.55,10.04,10.36,12.63,11.71
38097,5.7,6.29,9.29,11.26,12.39,15.14,16.07
38099,5.2,5.69,7.92,10.44,10.67,12.89,12.83
38101,4.8,5.63,6.15,7.9,8.12,9.22,7.98
38103,4.0,4.3,5.25,6.89,7.48,9.86,9.36
38105,8.9,9.94,10.42,12.22,12.9,14.34,13.83
39001,33.3,39.84,47.27,54.99,64.76,72.88,81.32
39003,13.0,16.44,20.3,25.17,30.83,35.94,41.07
39005,12.1,13.17,15.15,16.57,19.64,22.25,24.75
39007,26.7,24.52,24.0,23.05,23.89,24.24,23.77
39009,14.1,14.61,16.25,17.6,21.48,24.37,27.31
39011,8.1,11.42,14.53,19.37,24.83,29.63,34.14
39013,19.1,21.9,25.51,28.67,33.79,38.69,43.05
39015,36.4,48.45,61.03,73.82,88.36,101.56,114.85
39017,41.0,49.68,58.77,67.85,79.3,89.48,99.24
39019,13.5,14.82,16.31,17.64,20.14,22.36,24.53
39021,22.8,21.71,21.27,21.57,22.7,24.16,24.54
39023,29.0,46.89,65.2,84.12,104.22,124.39,143.72
39025,38.6,47.71,57.85,68.0,80.42,91.47,102.53
39027,30.7,40.78,51.57,62.08,74.73,86.47,97.64
39029,19.7,26.72,34.01,41.14,49.6,58.03,65.75
39031,10.5,11.92,14.68,17.04,20.57,23.65,26.41
39033,21.5,24.84,29.09,33.37,38.97,44.14,49.2
39035,22.5,23.93,25.89,27.97,30.94,33.87,36.12
39037,21.4,25.44,29.27,34.27,40.09,46.02,51.5
39039,13.3,15.37,17.74,20.68,24.99,29.11,32.83
39041,7.8,9.66,12.13,15.25,19.07,22.82,26.42
39043,20.9,25.86,30.69,35.77,42.76,49.11,54.56
39045,12.1,13.38,15.21,17.45,21.11,23.88,27.29
39047,32.3,38.45,45.45,52.52,61.34,69.49,77.13
39049,18.7,23.84,29.62,36.34,43.64,50.66,57.68
39051,12.0,13.77,16.07,19.17,23.61,27.76,31.58
39053,25.8,30.47,35.99,41.41,48.98,55.19,61.2
39055,13.1,14.56,16.41,18.52,21.41,24.53,26.75
39057,23.8,27.49,31.91,36.47,42.68,48.42,53.67
39059,20.5,22.84,26.29,28.84,33.32,37.51,41.12
39061,31.5,42.69,54.84,67.22,81.7,95.08,107.66
39063,15.3,17.87,21.08,24.69,30.11,34.19,38.52
39065,14.6,20.14,25.96,33.15,41.31,49.07,56.2
39067,14.0,15.71,18.49,21.14,25.0,28.7,31.98
39069,10.5,14.36,19.05,23.94,30.38,36.27,41.99
39071,26.6,30.23,34.78,39.33,45.81,51.07,56.62
39073,18.0,17.9,18.97,19.91,23.28,25.09,27.28
39075,4.8,5.47,7.32,8.77,11.2,13.79,15.63
39077,25.0,21.32,17.78,14.14,12.57,10.5,7.87
39079,30.0,29.45,29.73,30.01,32.56,34.01,35.46
39081,29.9,27.27,25.02,22.81,21.78,21.07,19.51
39083,14.4,16.35,19.95,23.03,27.38,31.74,35.32
39085,23.8,23.05,23.39,23.98,25.46,27.0,27.95
39087,19.8,33.54,47.3,61.63,78.39,93.34,107.71
39089,17.6,20.39,23.49,27.07,32.47,36.93,41.52
39091,15.4,19.73,24.63,30.21,37.08,43.24,48.99
39093,23.7,23.24,23.2,23.57,25.48,26.93,27.72
39095,27.1,29.07,31.44,34.68,39.41,43.43,47.52
39097,17.8,19.62,21.47,24.19,27.93,31.45,34.33
39099,22.6,27.65,33.09,38.47,45.19,51.87,57.6
39101,33.4,31.87,31.07,30.55,31.32,32.03,32.19
39103,11.2,17.22,23.84,30.52,37.99,45.51,52.45
39105,21.0,22.08,24.01,25.66,29.7,32.57,35.61
39107,9.1,9.12,8.71,10.03,11.64,13.09,13.81
39109,19.2,19.35,19.75,20.66,22.53,24.39,25.49
39111,13.8,13.25,13.6,13.12,15.06,16.81,17.88
39113,49.1,49.75,50.89,51.84,54.76,57.23,58.87
39115,14.9,13.56,13.45,12.57,14.56,15.21,15.71
39117,19.6,18.1,17.43,17.08,18.21,18.93,19.12
39119,11.9,16.16,21.32,26.83,33.94,40.23,46.1
39121,11.7,16.09,21.38,26.09,33.09,39.51,45.28
39123,12.8,15.1,17.8,20.84,25.59,29.73,33.21
39125,8.9,8.59,7.85,7.97,9.5,11.08,11.88
39127,14.0,18.26,23.38,28.33,35.74,41.88,48.09
39129,18.0,20.12,22.63,25.16,29.67,33.1,36.59
39131,25.2,36.12,48.01,60.03,73.85,86.93,99.51
39133,18.2,21.24,25.33,29.32,34.04,39.01,42.98
39135,24.3,30.4,36.47,43.03,51.11,58.96,66.38
39137,7.4,9.14,11.29,14.4,18.99,22.71,26.57
39139,24.4,27.9,32.21,36.49,42.41,48.02,53.25
39141,35.9,44.24,53.37,62.33,73.21,83.72,93.65
39143,18.6,19.25,19.98,20.89,23.8,25.65,26.81
39145,32.9,40.09,48.18,56.34,66.91,75.55,84.15
39147,15.9,16.98,18.6,20.4,23.88,25.98,27.8
39149,16.5,18.38,20.0,22.82,26.55,30.28,32.95
39151,18.2,20.19,22.58,25.09,28.32,31.67,34.21
39153,23.1,32.17,41.95,51.76,61.95,72.31,81.98
39155,29.4,41.8,54.47,66.93,80.86,94.82,107.71
39157,10.3,11.41,13.45,14.92,17.15,19.84,22.46
39159,13.1,13.53,14.59,16.71,19.28,22.31,24.42
39161,12.9,12.66,11.97,12.9,14.29,15.68,16.57
39163,27.9,28.61,30.32,31.72,35.41,38.06,40.61
39165,18.8,21.17,23.95,26.64,31.66,35.86,39.21
39167,16.7,16.12,16.46,16.07,18.39,19.87,21.23
39169,11.8,16.38,22.19,27.66,33.98,40.28,46.1
39171,9.5,10.34,11.04,13.17,16.57,19.79,22.44
39173,11.7,14.91,18.36,22.04,27.91,32.86,37.84
39175,9.6,11.62,13.96,17.0,21.53,25.16,28.6
40001,18.1,18.12,17.71,18.93,20.4,21.35,22.59
40003,10.6,11.62,11.03,11.39,12.1,13.55,14.62
40005,17.5,20.22,22.12,26.8,31.68,36.19,40.14
40007,9.5,9.76,8.37,7.77,7.53,7.6,7.48
40009,16.2,19.0,20.57,23.85,26.69,29.81,33.29
40011,14.6,19.29,22.91,28.18,33.0,39.38,44.85
40013,16.6,20.88,24.7,30.48,36.44,42.32,47.66
40015,20.2,18.74,16.63,15.62,14.66,15.11,14.79
40017,12.9,12.14,10.65,10.97,10.96,11.59,11.99
40019,30.1,29.65,29.32,31.12,32.61,34.62,36.08
40021,26.0,23.69,21.36,20.67,19.7,18.82,17.96
40023,19.0,22.6,25.19,30.37,35.91,41.85,47.1
40025,12.0,12.27,13.1,14.57,16.93,18.06,18.17
40027,14.8,17.85,20.5,24.22,27.89,32.2,36.46
40029,21.7,26.11,29.55,35.65,41.41,47.69,53.17
40031,20.3,13.85,6.9,1.72,-3.93,-8.46,-12.95
40033,16.0,16.82,17.85,20.0,22.29,25.62,29.17
40035,16.4,21.43,26.99,33.82,40.24,46.45,53.11
40037,26.6,22.14,17.14,13.73,10.61,7.58,4.61
40039,11.3,12.72,13.06,14.49,16.05,18.31,19.95
40041,21.2,16.53,12.02,9.18,6.08,3.02,-0.23
40043,10.0,10.46,8.86,8.77,8.52,9.02,8.67
40045,10.4,10.74,8.96,8.31,6.91,7.01,6.26
40047,13.5,11.95,9.16,7.66,6.34,5.7,4.62
40049,20.8,30.11,38.73,49.1,59.72,70.31,81.08
40051,20.3,19.23,17.66,17.42,17.21,17.92,18.3
40053,9.3,10.65,10.48,11.45,12.75,14.56,16.05
40055,17.3,19.87,22.15,26.12,29.64,33.25,37.22
40057,14.3,15.67,16.97,19.57,22.22,25.05,28.35
40059,7.9,8.57,7.49,7.78,7.58,8.43,9.03
40061,20.1,19.38,17.71,18.61,19.37,19.78,20.02
40063,15.6,15.23,13.84,15.44,16.09,17.17,17.98
40065,15.0,17.58,20.2,23.95,28.11,32.24,36.65
40067,24.7,25.24,25.59,27.74,29.73,33.13,36.16
40069,30.7,31.47,31.77,34.51,36.98,39.61,41.93
40071,12.4,14.03,14.31,16.04,18.36,20.73,23.15
40073,9.3,11.21,11.8,13.84,15.52,18.2,20.75
40075,17.2,18.45,20.04,22.44,25.05,27.73,30.98
40077,18.4,22.78,26.93,33.55,40.08,46.29,52.53
40079,22.0,22.61,22.8,24.84,27.08,28.93,30.86
40081,18.2,21.01,23.34,27.29,30.82,34.81,38.83
40083,10.7,12.9,13.73,16.89,19.87,23.29,26.78
40085,22.0,23.22,25.23,28.52,32.17,35.33,38.79
40087,18.5,22.09,25.44,29.79,34.32,39.1,44.22
40089,17.7,18.33,17.62,19.08,21.22,23.01,25.02
40091,28.3,25.07,21.4,20.19,18.55,16.97,15.14
40093,8.1,8.95,8.2,8.66,9.17,10.8,12.08
40095,14.5,14.26,14.4,16.35,18.21,19.69,20.99
40097,22.2,26.54,31.03,36.92,42.88,48.57,54.48
40099,32.7,32.47,31.43,32.74,33.81,35.28,36.32
40101,34.8,29.14,23.43,19.68,15.36,10.72,6.64
40103,15.6,16.18,15.6,16.94,18.57,20.17,21.61
40105,11.9,14.19,16.74,20.7,24.11,27.65,31.7
40107,21.9,20.37,18.05,17.99,17.72,17.47,17.18
40109,20.8,19.63,17.68,17.68,16.96,17.24,17.04
40111,19.1,20.3,21.15,24.49,26.96,29.63,32.29
40113,14.8,16.51,17.66,20.36,23.3,25.96,29.29
40115,18.1,20.94,24.28,28.98,33.44,37.89,42.87
40117,25.0,32.92,39.57,48.26,57.09,65.76,75.02
40119,9.4,11.01,11.45,13.79,16.69,19.25,22.19
40121,28.0,22.9,16.67,13.43,9.98,6.83,3.11
40123,19.1,22.8,25.78,31.22,36.04,41.25,46.53
40125,17.5,23.82,29.98,37.55,45.07,52.97,60.71
40127,19.8,26.08,31.88,40.28,49.01,57.73,66.09
40129,8.5,9.37,9.26,10.4,11.28,12.35,13.37
40131,13.7,14.37,14.61,16.46,18.47,20.19,22.23
40133,22.0,22.75,23.35,26.22,28.31,30.97,33.11
40135,29.3,25.37,21.56,19.53,17.8,15.12,12.85
40137,23.7,23.94,23.6,25.03,26.47,29.05,31.34
40139,14.0,12.99,10.97,10.22,9.71,9.13,8.11
40141,16.0,17.08,18.99,21.75,24.33,27.86,31.8
40143,19.1,18.01,16.44,16.56,16.37,16.06,16.05
40145,23.3,21.46,19.58,19.36,19.08,18.5,18.39
40147,18.0,15.19,12.34,10.9,9.58,7.79,6.94
40149,21.1,20.67,19.35,19.03,19.03,19.34,19.87
40151,11.2,14.31,15.06,17.11,19.3,22.66,25.0
40153,12.7,13.67,12.69,13.53,13.29,14.27,14.58
41001,15.0,15.34,15.41,14.6,14.38,13.89,11.29
41003,7.5,7.62,5.21,4.46,4.08,5.76,4.24
41005,11.6,10.12,7.0,4.72,2.45,2.68,-0.51
41007,16.7,19.35,20.13,22.33,24.05,28.7,29.15
41009,12.3,11.81,10.77,9.82,8.54,10.26,8.61
41011,12.1,13.92,15.1,16.92,18.66,22.33,22.69
41013,10.3,15.5,19.53,24.52,29.41,35.41,39.0
41015,17.0,22.95,27.45,32.67,37.84,44.24,48.18
41017,11.0,9.82,6.35,4.21,1.99,1.25,-1.66
41019,12.9,16.52,18.55,21.73,24.8,29.38,31.11
41021,7.3,7.99,8.16,8.92,9.86,12.46,11.03
41023,10.1,13.13,15.46,17.85,20.95,23.97,25.37
41025,12.4,13.52,13.26,12.55,13.88,14.11,13.04
41027,6.9,7.41,7.09,7.07,6.44,8.86,7.34
41029,15.7,16.22,14.58,13.84,13.16,13.43,11.84
41031,7.4,7.35,5.38,4.63,3.43,3.78,1.69
41033,17.0,17.32,16.45,16.65,16.37,17.42,16.22
41035,14.4,15.11,13.21,12.68,11.79,12.01,9.93
41037,20.0,17.29,12.35,8.11,4.57,1.16,-4.29
41039,17.4,17.51,15.53,14.98,15.13,17.08,16.01
41041,24.0,18.29,10.81,4.53,-1.33,-4.9,-11.7
41043,19.4,14.32,6.87,1.01,-4.87,-8.2,-15.29
41045,9.7,10.97,10.43,9.88,10.02,8.64,5.28
41047,8.3,9.43,8.78,9.4,10.5,13.95,13.23
41049,7.1,7.4,7.79,7.95,7.78,9.69,7.74
41051,16.0,16.06,15.13,14.44,14.0,16.28,15.04
41053,10.1,8.21,4.33,1.91,-0.37,-0.03,-3.64
41055,9.0,9.75,9.82,10.55,11.4,14.07,12.89
41057,16.5,20.98,23.2,27.03,30.53,37.03,39.66
41059,8.7,9.91,11.04,11.8,11.92,14.03,12.53
41061,13.8,14.11,13.94,13.02,11.82,11.05,8.2
41063,7.4,8.09,7.93,7.28,5.85,5.35,2.72
41065,9.9,9.71,8.98,8.55,8.06,10.06,8.11
41067,8.7,8.6,7.38,6.78,6.21,8.24,6.73
41069,8.6,9.53,9.85,10.12,10.8,12.82,11.47
41071,10.2,11.35,10.87,11.31,12.13,15.13,14.66
42001,10.3,10.59,11.23,11.76,12.81,15.48,17.25
42003,25.7,33.76,41.9,49.81,59.47,69.43,79.14
42005,24.8,34.29,44.41,53.51,64.41,75.25,85.55
42007,23.9,23.75,23.93,23.92,25.68,27.53,28.6
42009,16.7,17.78,19.56,20.15,22.47,25.84,28.58
42011,16.0,13.61,12.48,10.6,8.9,8.78,7.32
42013,17.1,26.15,36.42,45.02,55.54,66.37,76.32
42015,13.2,15.97,19.71,23.08,25.13,30.95,34.4
42017,22.9,23.66,24.68,25.56,25.55,27.41,28.73
42019,20.5,26.5,32.72,38.77,46.71,54.38,61.36
42021,30.0,38.7,48.86,57.45,68.08,79.09,89.54
42023,11.3,13.44,16.36,18.24,20.56,24.82,27.85
42025,24.9,26.16,28.5,29.84,31.14,34.06,36.16
42027,7.9,8.68,9.88,9.97,11.17,13.59,14.84
42029,14.0,17.36,20.85,24.43,27.47,31.61,35.83
42031,13.1,14.51,16.71,18.01,20.71,24.06,26.63
42033,15.2,17.31,20.45,21.93,24.67,28.47,31.36
42035,12.1,13.06,14.13,14.39,14.98,17.61,18.69
42037,14.5,16.64,20.27,23.02,25.52,30.7,34.39
42039,19.9,27.64,36.21,44.16,53.93,63.7,72.54
42041,11.6,14.53,17.65,20.69,23.71,28.79,32.63
42043,18.4,20.3,23.02,25.13,27.0,31.76,34.87
42045,28.1,33.63,38.99,44.92,49.48,55.92,62.08
42047,20.2,15.88,12.85,8.81,5.41,3.31,0.37
42049,19.9,21.78,24.31,26.91,31.05,35.25,38.05
42051,28.7,33.93,39.6,45.2,53.12,59.97,67.41
42053,11.4,13.8,17.6,20.17,23.6,28.19,32.09
42055,14.0,14.25,15.44,15.85,17.18,20.5,22.82
42057,18.7,23.23,28.32,32.63,38.32,45.1,51.14
42059,26.2,30.08,34.95,39.36,45.69,51.19,56.82
42061,13.5,15.46,18.36,19.41,22.1,26.42,29.26
42063,17.9,31.91,46.76,60.71,76.56,92.34,107.37
42065,18.6,21.55,25.87,29.11,33.38,38.19,42.28
42067,10.4,9.43,8.6,7.59,6.75,7.65,7.42
42069,19.8,27.62,36.63,44.82,52.4,62.5,71.16
42071,13.0,14.58,16.7,18.47,19.85,23.26,25.51
42073,24.7,34.14,43.88,53.56,64.66,76.42,87.08
42075,11.3,15.93,20.95,25.51,29.96,36.5,41.75
42077,18.2,19.97,22.7,24.49,26.19,29.8,32.43
42079,21.1,27.68,35.76,43.23,50.05,59.46,67.58
42081,12.4,15.75,19.72,23.23,26.56,32.88,36.82
42083,14.1,18.42,23.38,27.88,32.72,39.12,44.45
42085,25.1,21.33,17.99,14.32,12.21,10.67,7.95
42087,14.0,14.81,16.07,16.61,17.46,19.96,21.58
42089,17.0,23.98,31.78,39.02,45.49,54.08,61.52
42091,18.3,19.51,20.54,21.75,22.14,24.38,26.02
42093,18.4,19.17,20.82,21.78,22.9,26.59,28.34
42095,13.5,23.72,35.19,45.85,55.54,67.22,78.47
42097,16.7,18.0,20.38,22.16,23.86,28.23,30.53
42099,16.4,16.21,16.37,16.29,16.35,18.45,19.45
42101,33.0,36.28,39.54,43.21,45.95,50.44,54.44
42103,18.6,23.57,29.22,35.19,39.04,45.82,51.89
42105,10.7,12.91,15.55,17.79,19.69,24.07,27.55
42107,19.3,22.17,26.1,29.22,32.5,37.98,41.58
42109,7.5,9.16,11.55,13.31,15.02,19.59,22.18
42111,21.1,24.69,28.72,31.44,36.91,42.15,47.8
42113,13.4,14.19,16.22,17.55,18.54,22.68,24.31
42115,25.9,22.15,19.46,16.13,11.64,10.41,7.31
42117,9.3,10.5,12.98,14.72,15.71,19.17,21.4
42119,7.1,8.46,10.45,11.93,13.3,17.38,19.38
42121,19.5,21.66,24.53,26.43,29.38,32.97,35.85
42123,10.5,12.59,15.66,18.41,22.0,26.61,30.26
42125,19.8,30.6,41.97,53.03,66.03,78.66,91.51
42127,23.5,26.73,30.89,34.56,37.17,42.41,46.51
42129,27.8,36.85,46.57,56.08,67.67,78.83,90.02
42131,20.3,27.56,36.17,43.55,50.34,60.29,67.73
42133,25.9,22.6,19.6,16.47,13.33,12.09,9.74
44001,20.3,20.1,19.79,19.68,18.04,19.1,20.12
44003,23.7,28.28,32.97,37.62,40.88,46.76,52.51
44005,14.0,14.23,14.62,14.74,13.89,15.84,16.79
44007,24.2,32.32,40.45,48.57,55.03,64.57,73.85
44009,21.5,20.44,19.54,18.27,16.16,16.81,16.12
45001,9.5,11.13,11.2,11.05,13.24,15.89,16.6
45003,18.2,20.64,22.27,23.75,27.51,31.63,33.58
45005,5.6,6.25,7.22,7.09,9.29,11.95,12.84
45007,19.1,21.03,20.94,20.89,23.87,26.72,27.6
45009,9.4,10.24,11.14,11.41,13.73,16.77,17.73
45011,11.8,12.81,13.75,14.55,17.18,20.48,21.73
45013,8.7,8.93,10.14,9.42,10.38,12.54,12.23
45015,13.3,14.27,14.54,13.55,13.68,15.06,14.75
45017,7.2,8.13,8.88,9.38,11.16,13.85,14.29
45019,15.1,17.73,20.42,22.1,24.62,28.17,30.25
45021,11.5,13.51,14.08,14.47,17.18,19.77,21.18
45023,11.1,11.04,10.17,8.81,9.34,9.8,8.98
45025,12.7,12.56,11.54,9.66,9.59,9.62,8.21
45027,8.9,9.72,9.31,8.62,8.77,10.53,10.17
45029,15.2,19.26,23.24,25.84,30.14,35.43,38.54
45031,12.5,12.31,10.95,9.01,8.57,8.36,6.87
45033,11.6,11.92,12.3,11.68,12.01,12.91,11.93
45035,10.9,16.77,22.19,26.81,32.62,39.48,44.44
45037,7.5,8.25,7.99,7.89,9.53,11.89,12.04
45039,9.3,11.33,13.27,14.58,17.94,20.63,22.38
45041,13.1,12.46,10.72,8.57,7.17,6.15,3.98
45043,17.8,17.39,16.48,14.35,12.96,12.57,10.12
45045,17.5,21.31,23.15,25.06,29.65,33.82,36.68
45047,15.3,12.88,9.44,5.93,4.47,3.66,0.88
45049,8.1,9.43,10.87,11.32,13.88,17.13,18.34
45051,21.0,18.0,14.57,9.93,5.98,3.2,-2.32
45053,12.0,16.01,20.7,23.43,28.32,33.99,37.6
45055,12.1,11.47,9.85,7.4,6.66,6.69,4.81
45057,12.7,14.18,14.27,13.9,15.18,16.74,16.6
45059,16.5,18.48,19.08,19.49,22.57,25.95,27.75
45061,5.7,6.15,5.79,4.39,4.83,6.12,5.49
45063,18.1,17.51,16.22,14.93,15.17,15.7,14.9
45065,8.9,9.16,8.02,6.82,8.02,9.66,9.05
45067,10.7,12.83,14.55,15.71,17.41,19.9,20.32
45069,7.9,10.07,11.56,12.13,13.72,16.36,16.67
45071,10.0,8.9,7.36,6.05,6.1,6.43,5.44
45073,25.1,25.27,23.68,22.49,23.34,24.44,23.23
45075,8.1,8.73,9.41,9.49,10.84,13.1,13.34
45077,30.1,28.68,25.22,21.67,20.66,19.51,16.93
45079,11.9,11.32,10.0,8.43,8.44,9.03,7.44
45081,8.5,8.17,7.32,6.4,6.35,7.07,6.43
45083,16.2,19.83,22.33,24.5,28.77,33.01,36.13
45085,7.3,8.38,8.25,7.59,8.39,10.3,10.0
45087,13.7,16.08,17.78,19.06,22.66,26.14,28.39
45089,9.3,11.5,12.67,12.74,13.95,16.27,16.51
45091,14.3,16.48,17.37,17.19,19.24,21.08,21.45
46003,5.0,5.1,6.56,8.38,10.92,13.16,14.51
46005,6.0,7.19,10.01,13.44,17.48,21.03,23.91
46007,5.1,5.66,4.94,4.18,5.56,5.64,4.32
46009,3.7,3.94,4.86,6.4,9.24,11.48,12.25
46011,3.7,4.28,6.37,9.06,13.32,15.86,17.37
46013,5.0,6.01,9.02,11.47,14.93,17.77,20.43
46015,7.1,6.83,7.67,8.76,10.38,11.37,12.25
46017,6.7,7.27,8.35,9.34,11.19,12.44,14.15
46019,6.2,6.24,5.18,4.43,4.03,3.61,1.86
46021,6.5,7.04,9.07,10.35,11.61,13.72,15.01
46023,5.2,6.03,6.62,8.25,11.0,13.87,15.25
46025,4.5,5.19,7.53,10.34,13.86,17.16,19.73
46027,3.9,4.18,4.45,5.63,8.28,9.55,10.55
46029,3.9,4.45,7.15,10.3,14.01,17.29,20.13
46031,8.6,10.08,12.1,13.64,14.72,17.25,18.94
46033,9.3,8.99,7.8,6.86,7.07,6.99,5.37
46035,5.0,4.9,6.03,7.7,10.06,11.78,13.1
46037,4.2,4.71,7.12,9.13,12.24,15.22,17.81
46039,4.5,4.98,7.86,10.32,14.78,17.77,20.2
46041,9.0,10.41,11.61,12.49,13.87,15.64,17.16
46043,4.1,4.54,5.14,6.46,9.06,11.5,12.75
46045,3.5,3.93,5.63,6.75,8.85,10.71,12.1
46047,14.6,14.97,14.58,14.66,15.92,16.53,15.89
46049,5.3,5.21,6.91,6.94,8.19,9.26,10.45
46051,4.5,5.06,8.73,11.0,14.97,18.36,21.33
46053,5.5,6.09,6.47,7.36,9.03,11.14,11.26
46055,6.1,6.76,5.84,5.53,6.12,6.3,5.6
46057,3.7,4.34,6.91,9.62,13.21,15.85,18.2
46059,4.6,5.09,7.03,8.02,10.7,12.49,14.22
46061,3.8,4.13,5.84,7.7,10.42,12.65,14.12
46063,6.2,6.44,5.94,5.5,4.68,4.71,3.31
46065,5.4,5.54,5.18,5.14,6.34,6.67,7.32
46067,3.1,3.37,4.65,6.54,9.92,11.87,13.65
46069,4.6,5.11,6.21,6.65,8.59,9.43,10.75
46071,5.2,5.59,4.97,5.02,6.28,6.82,6.51
46073,5.3,5.76,8.22,11.02,13.96,16.43,18.3
46075,5.7,6.66,6.45,6.58,8.09,9.04,9.22
46077,3.5,3.81,6.33,9.04,12.8,15.63,17.79
46079,3.3,3.47,5.49,7.96,11.73,14.07,15.65
46081,8.0,7.56,5.53,3.94,2.54,1.14,-1.54
46083,4.2,4.51,6.47,8.73,12.65,14.99,16.33
46085,5.8,6.42,6.79,7.36,8.43,9.15,9.99
46087,3.8,4.19,5.97,8.36,12.22,14.25,15.69
46089,3.9,4.29,5.84,7.08,8.66,11.03,12.12
46091,5.1,6.16,10.62,13.56,17.63,21.86,25.16
46093,7.2,9.0,9.44,9.9,11.67,13.06,12.81
46095,6.0,6.5,6.12,6.29,7.79,8.57,8.36
46097,3.9,4.27,6.56,8.99,13.11,15.7,17.64
46099,8.8,10.28,13.6,17.23,22.57,26.18,28.83
46101,4.4,5.06,7.2,9.95,14.65,17.56,19.34
46102,9.4,11.36,11.55,12.31,14.95,16.13,16.02
46103,8.0,8.24,7.49,6.57,6.82,6.53,5.55
46105,6.2,6.78,6.27,5.9,5.83,5.83,4.97
46107,4.6,4.97,5.93,6.65,8.43,9.96,11.34
46109,7.1,7.86,12.0,14.76,18.72,22.52,25.88
46111,4.2,4.56,6.85,9.52,12.7,15.11,17.12
46115,5.7,6.21,8.02,10.59,13.58,16.28,18.73
46117,5.4,5.89,5.44,5.55,6.56,7.09,7.56
46119,4.9,5.33,5.81,5.69,6.87,7.72,8.38
46121,11.5,11.78,11.43,11.82,12.91,13.56,13.27
46123,5.2,5.73,5.54,6.1,7.79,9.1,9.04
46125,4.3,4.69,5.89,7.93,11.46,13.26,14.4
46127,4.3,4.47,4.44,5.17,7.65,8.67,9.05
46129,4.8,5.23,6.89,8.14,9.54,11.34,12.73
46135,6.2,5.7,5.76,6.16,8.23,9.55,10.24
46137,8.6,10.12,10.71,10.59,11.33,12.37,12.68
47001,26.6,33.33,38.86,45.03,51.69,58.07,64.55
47003,16.8,18.56,18.99,19.4,22.45,24.73,25.99
47005,37.5,39.87,40.21,40.53,44.44,46.9,47.85
47007,15.0,16.91,17.39,17.9,18.88,20.57,21.85
47009,19.4,25.09,29.32,33.85,39.74,45.21,50.73
47011,22.0,20.93,18.07,16.23,15.41,14.89,13.08
47013,40.6,45.49,49.67,53.87,58.84,63.46,68.34
47015,26.4,31.9,36.41,40.9,47.22,53.1,58.4
47017,15.0,17.83,18.96,20.0,24.47,27.37,29.01
47019,19.9,22.22,24.15,25.99,29.07,31.67,33.58
47021,37.7,38.8,37.79,37.34,39.69,41.05,41.93
47023,12.3,16.52,19.5,22.36,27.98,32.61,36.56
47025,32.5,37.17,41.53,45.37,50.88,55.33,60.78
47027,42.9,38.6,33.28,28.89,25.21,21.28,17.38
47029,27.4,22.69,17.09,11.08,7.56,2.77,-1.56
47031,17.9,22.22,25.18,28.52,33.57,38.21,41.76
47033,11.5,12.61,12.25,12.51,14.98,16.32,16.75
47035,22.3,17.72,12.03,6.31,1.23,-3.48,-8.08
47037,19.7,22.95,23.85,25.74,29.73,33.64,36.83
47039,22.3,27.65,31.06,34.59,41.08,46.42,50.94
47041,38.9,31.43,22.5,13.82,6.71,-0.5,-8.63
47043,23.1,29.13,32.76,36.46,43.54,49.85,55.31
47045,10.5,12.26,12.13,13.22,16.81,18.36,19.26
47047,10.6,12.73,13.14,14.41,17.67,20.25,21.53
47049,22.9,25.68,27.26,29.09,31.87,34.17,36.65
47051,21.9,25.49,28.03,30.54,35.14,39.19,42.03
47053,13.1,16.91,19.44,21.98,27.73,32.0,35.5
47055,19.1,24.5,28.45,32.29,39.24,45.35,50.36
47057,22.3,23.96,24.62,24.98,27.46,28.82,31.06
47059,26.4,18.97,10.8,2.44,-3.63,-10.53,-17.87
47061,29.9,28.31,25.49,23.14,21.92,21.1,18.64
47063,31.2,28.04,23.91,19.84,17.77,15.02,12.29
47065,17.5,17.45,15.49,14.46,14.46,15.04,13.98
47067,30.6,37.85,44.56,51.43,60.28,68.22,76.56
47069,9.6,11.8,12.5,13.09,16.46,19.08,20.37
47071,35.5,36.54,35.91,35.62,37.96,39.31,39.68
47073,23.0,27.33,31.2,34.77,40.53,45.51,50.62
47075,8.7,9.07,7.86,7.95,9.82,10.78,10.44
47077,17.7,20.16,21.01,21.6,25.52,28.17,30.39
47079,23.0,22.12,19.17,16.51,17.47,16.54,14.43
47081,20.2,26.53,31.29,36.02,44.08,50.99,57.2
47083,25.5,30.34,32.64,35.08,40.74,45.4,48.91
47085,21.5,23.53,22.8,22.25,25.16,27.2,27.89
47087,33.1,34.87,35.28,36.69,39.17,40.92,42.41
47089,16.6,18.0,18.41,18.73,21.07,21.91,23.7
47091,17.0,18.13,19.49,19.82,22.09,23.75,24.0
47093,29.8,34.0,37.17,40.71,45.43,49.81,54.26
47095,9.6,10.58,9.79,9.64,12.5,13.62,13.7
47097,15.4,13.48,9.96,7.39,7.11,5.51,2.79
47099,18.0,20.56,21.72,23.22,27.97,31.21,33.55
47101,17.7,19.34,19.16,19.25,22.15,24.44,25.77
47103,17.2,15.82,13.04,10.31,10.33,9.56,7.46
47105,27.4,25.52,22.04,19.72,17.84,15.94,14.0
47107,23.8,23.56,21.07,19.32,18.83,18.47,17.08
47109,17.0,25.13,32.05,39.12,48.65,57.17,65.06
47111,16.9,19.74,21.63,24.17,28.3,31.64,34.55
47113,9.0,10.98,11.71,12.79,16.1,18.39,20.46
47115,17.8,18.73,18.53,18.89,20.45,21.9,22.06
47117,25.4,24.91,23.11,20.65,21.43,21.85,21.36
47119,20.6,19.1,15.53,11.88,11.41,10.3,8.21
47121,25.4,30.76,34.48,38.38,43.46,48.83,53.48
47123,18.9,23.48,25.91,29.68,34.3,38.97,42.9
47125,14.4,17.87,19.5,21.26,25.99,29.45,32.12
47127,15.3,16.09,15.31,14.57,16.11,17.05,17.2
47129,21.6,31.62,40.75,50.08,60.29,70.2,80.46
47131,9.8,11.85,11.87,12.54,15.56,16.93,17.91
47133,23.1,26.2,28.03,30.66,34.06,36.8,39.75
47135,16.1,17.04,16.27,15.74,17.86,19.57,20.06
47137,23.3,23.87,23.54,23.95,25.03,25.93,26.7
47139,19.0,21.02,20.81,21.93,24.15,26.98,27.82
47141,24.8,21.94,17.73,14.29,11.46,8.53,5.17
47143,18.1,21.13,22.36,23.51,25.97,28.53,30.34
47145,38.3,39.38,39.2,39.64,40.82,41.58,43.03
47147,17.1,20.27,21.63,23.36,27.57,30.73,33.8
47149,13.0,17.92,21.28,25.53,31.54,37.21,42.33
47151,25.0,26.31,26.74,27.18,28.9,29.89,30.98
47153,19.6,20.01,19.18,19.04,19.6,20.46,20.11
47155,21.2,27.38,32.53,37.85,45.02,51.0,57.58
47157,16.0,20.25,22.7,25.93,30.87,34.86,37.7
47159,29.9,35.16,39.25,44.03,50.29,56.17,61.1
47161,20.0,21.0,19.82,18.45,20.85,21.8,21.78
47163,26.2,23.51,20.47,17.23,15.5,13.36,10.48
47165,16.1,15.94,14.34,13.49,14.55,15.36,15.29
47167,15.1,20.0,23.46,27.59,33.92,39.05,43.2
47169,17.0,18.77,19.61,21.22,24.59,27.27,29.22
47171,28.8,29.42,29.82,30.27,32.05,34.12,34.78
47173,32.1,35.98,39.08,41.69,46.08,49.56,53.71
47175,13.8,15.21,14.94,14.67,15.36,16.21,16.62
47177,14.8,17.69,18.91,19.87,22.3,25.12,26.82
47179,19.6,22.37,24.89,27.41,31.42,35.06,38.01
47181,16.0,16.5,15.2,14.25,16.64,17.71,17.64
47183,11.8,15.23,16.84,18.4,23.09,26.26,28.56
47185,18.9,22.84,25.45,28.46,32.62,36.65,40.05
47187,9.2,11.49,11.29,12.15,15.72,18.58,20.96
47189,20.6,25.9,29.86,34.69,41.41,47.69,53.11
48001,12.2,15.62,19.07,23.75,29.0,33.45,39.13
48003,9.4,9.91,10.83,11.35,13.58,14.77,17.29
48005,9.1,11.38,14.57,16.53,20.6,23.56,26.64
48007,18.7,20.87,24.26,26.42,31.92,35.19,37.91
48009,16.7,16.95,18.24,20.0,21.69,24.24,27.28
48011,7.4,8.1,8.71,9.92,11.77,12.81,13.69
48013,7.0,7.44,10.34,12.22,16.33,19.13,21.5
48015,6.7,6.95,8.16,8.23,11.2,12.69,14.18
48017,7.5,8.58,10.24,12.61,15.22,17.44,18.79
48019,10.5,10.39,11.97,13.85,17.92,20.04,22.31
48021,11.7,9.52,8.51,7.15,8.44,8.42,8.07
48023,18.6,21.17,24.4,28.61,32.82,37.33,43.07
48025,5.8,7.03,10.12,12.12,16.96,20.07,23.13
48027,6.6,7.83,10.83,13.8,18.36,21.28,24.6
48029,10.4,10.65,13.37,14.76,18.83,21.64,24.19
48031,10.1,11.56,15.03,17.78,23.16,26.86,30.28
48033,7.9,8.63,9.98,11.85,15.3,17.02,18.98
48035,10.2,11.75,14.64,17.59,21.44,24.57,28.29
48037,7.2,8.54,9.28,11.53,13.66,15.51,17.67
48039,7.5,9.26,12.19,13.64,17.0,20.32,23.65
48041,8.8,8.26,8.84,8.65,10.59,11.25,12.58
48043,12.9,16.51,21.12,24.86,30.99,34.87,39.93
48045,8.0,8.76,10.57,12.44,15.04,16.31,17.6
48047,7.5,8.13,10.2,10.89,14.38,16.51,18.68
48049,14.4,14.68,15.83,17.41,20.51,22.18,24.1
48051,9.1,9.7,11.13,12.17,15.64,17.91,20.12
48053,9.8,10.41,12.61,14.84,18.72,20.97,23.47
48055,6.4,6.84,8.84,9.71,13.5,16.05,17.7
48057,11.5,12.3,14.84,16.22,20.29,22.27,24.45
48059,8.6,9.23,10.81,12.24,14.22,16.32,19.05
48061,3.1,4.5,7.67,9.94,13.42,16.04,19.89
48063,8.8,11.5,14.03,17.9,21.89,25.14,28.51
48065,10.5,11.34,11.53,12.5,14.08,15.11,15.89
48067,8.9,9.7,10.13,11.78,13.64,14.83,16.08
48069,5.1,5.54,7.4,9.26,11.06,12.6,13.47
48071,13.8,12.46,12.36,10.8,10.39,10.06,10.0
48073,12.3,10.93,9.97,9.69,9.85,9.32,9.89
48075,10.5,13.36,16.85,21.19,25.88,30.23,35.27
48077,16.1,16.38,17.26,18.91,20.63,23.59,26.76
48079,11.0,11.38,12.49,14.29,15.84,17.3,18.38
48081,8.5,9.15,9.74,11.21,13.94,14.74,17.36
48083,5.8,6.28,7.41,8.69,11.35,12.84,14.84
48085,7.8,7.75,8.53,10.38,12.11,13.7,15.93
48087,11.6,12.06,12.12,13.22,15.22,16.59,18.59
48089,5.9,6.67,8.38,9.21,12.11,13.96,15.86
48091,8.9,10.72,14.75,17.61,22.99,27.18,31.05
48093,8.0,9.04,11.3,14.09,17.83,20.63,23.86
48095,5.9,6.41,7.23,8.58,11.53,12.16,13.84
48097,18.3,15.88,14.33,13.72,13.29,12.84,12.71
48099,6.1,6.09,7.69,9.43,12.8,14.57,16.84
48101,7.4,8.2,9.42,12.02,14.59,16.28,18.82
48103,9.6,10.25,12.04,13.15,16.59,18.16,21.71
48105,8.6,9.9,10.69,12.39,16.38,18.2,20.6
48107,7.7,8.37,9.61,11.56,13.77,15.15,16.62
48109,8.3,9.12,10.73,11.71,13.95,15.89,17.7
48111,7.8,8.55,8.92,10.86,12.79,14.09,14.76
48113,13.4,11.76,10.77,10.62,10.5,10.23,10.47
48115,8.7,10.41,13.17,16.26,20.46,23.15,26.53
48117,7.8,7.03,6.84,7.27,7.43,7.68,6.76
48119,11.5,12.35,13.39,15.71,18.54,21.09,23.39
48121,6.9,7.44,8.84,11.19,13.73,15.55,17.85
48123,7.1,7.25,9.09,9.67,12.85,14.99,17.07
48125,6.8,7.4,8.2,10.16,12.44,13.56,15.54
48127,8.4,7.07,7.06,6.62,7.86,7.75,8.59
48129,9.3,9.72,9.47,9.85,11.19,11.47,11.88
48131,9.3,9.53,11.47,11.47,14.25,16.09,17.25
48133,6.8,6.57,7.73,8.37,10.48,12.53,14.32
48135,18.2,11.92,6.24,0.62,-3.62,-9.03,-12.97
48137,5.2,5.69,7.8,10.16,14.85,17.18,19.72
48139,6.5,7.38,9.03,11.66,14.66,16.97,19.51
48141,9.1,8.02,6.73,6.61,6.25,5.74,5.36
48143,8.6,8.03,8.48,9.35,11.01,12.16,13.78
48145,7.6,8.67,10.78,13.18,17.11,19.46,22.74
48147,10.8,11.6,12.31,14.81,17.43,19.86,21.98
48149,8.4,7.39,7.22,6.8,8.51,9.11,9.85
48151,6.5,7.17,7.55,8.86,10.36,11.4,13.66
48153,6.5,6.74,8.16,9.85,11.64,12.83,13.67
48155,10.2,11.76,13.41,16.87,20.04,22.87,26.9
48157,5.3,5.33,6.67,6.49,8.27,9.41,11.01
48159,8.2,8.89,9.26,11.08,13.0,14.21,15.62
48161,7.0,7.72,8.65,10.42,12.99,14.67,17.25
48163,4.5,4.99,7.08,8.68,12.06,13.96,16.49
48165,7.0,7.55,8.73,10.39,12.52,13.83,16.11
48167,15.4,17.07,19.8,20.77,23.31,26.1,29.24
48169,7.4,7.67,8.62,10.09,12.53,13.83,15.24
48171,6.9,7.68,10.23,12.73,17.53,20.3,22.98
48173,8.1,8.8,9.07,10.5,13.82,14.95,17.26
48175,8.3,9.51,12.68,14.64,18.87,21.86,25.24
48177,9.4,10.03,12.84,14.2,18.9,22.11,24.41
48179,10.2,10.42,9.63,10.1,10.44,10.97,11.01
48181,12.6,11.39,10.26,10.92,11.49,11.93,12.7
48183,7.0,8.25,10.09,12.61,15.24,17.23,20.07
48185,10.4,12.31,14.58,16.72,20.79,23.46,27.08
48187,8.4,8.32,10.12,11.31,14.88,17.18,18.74
48189,6.5,8.03,10.71,14.16,17.73,20.71,23.23
48191,7.8,8.56,9.27,10.79,12.98,14.17,15.65
48193,10.3,11.74,15.09,18.44,23.17,26.57,30.34
48195,8.5,8.65,7.64,7.44,7.4,7.61,7.3
48197,10.0,10.49,11.0,13.07,14.94,16.55,18.8
48199,16.6,14.61,13.48,11.44,10.81,9.95,8.81
48201,9.1,10.18,12.14,12.48,14.81,16.67,18.77
48203,9.4,10.11,11.56,13.3,15.63,17.11,19.24
48205,6.5,7.13,7.9,10.29,12.33,14.02,14.79
48207,7.9,8.63,9.82,11.58,14.04,15.73,19.26
48209,6.6,7.76,10.3,12.05,16.44,19.66,22.3
48211,8.0,8.8,8.29,8.66,8.99,9.43,10.11
48213,16.6,16.77,17.46,19.68,21.94,22.69,25.59
48215,2.7,3.3,5.34,6.71,9.28,10.51,12.44
48217,9.7,11.49,14.69,18.3,22.4,26.01,30.11
48219,7.8,8.37,9.51,11.44,13.58,15.57,16.86
48221,15.2,13.9,14.05,14.63,15.54,15.91,16.45
48223,8.9,9.6,10.56,12.83,15.15,16.45,18.38
48225,8.2,10.99,14.04,17.02,20.96,24.53,28.69
48227,10.0,11.23,12.44,14.74,18.52,20.56,23.25
48229,7.2,7.84,8.94,9.98,12.24,13.73,15.79
48231,10.7,11.98,13.63,16.43,19.09,21.32,24.72
48233,13.5,12.57,10.63,9.98,9.28,8.59,7.28
48235,11.5,11.23,10.13,10.04,11.37,10.71,11.28
48237,12.5,13.4,15.1,17.46,20.12,22.95,26.22
48239,9.8,9.58,10.59,10.63,13.33,14.0,14.7
48241,11.8,13.65,16.48,18.59,22.26,25.15,27.84
48243,8.3,9.25,11.51,12.82,16.03,17.47,19.7
48245,14.0,12.41,11.86,10.35,9.94,9.45,9.05
48247,6.2,6.34,8.55,9.12,12.33,13.59,14.92
48249,8.4,8.3,9.94,9.62,12.34,13.8,14.79
48251,10.1,9.65,10.98,12.27,13.91,15.26,16.75
48253,7.5,7.36,7.59,8.07,9.04,9.99,11.88
48255,6.4,6.98,9.76,11.18,15.37,18.09,20.86
48257,12.8,12.46,12.36,13.4,14.06,14.52,15.97
48259,6.7,8.34,11.63,15.16,21.18,25.22,28.91
48261,6.4,6.99,9.12,9.51,12.5,14.78,16.44
48263,6.8,7.37,8.58,10.4,12.8,14.09,16.34
48265,11.4,14.15,18.62,22.93,29.71,34.38,39.1
48267,8.0,9.34,11.46,14.06,19.33,21.93,24.8
48269,7.4,8.11,8.94,10.68,12.94,14.29,16.98
48271,4.4,4.82,6.34,8.25,11.73,13.98,15.83
48273,7.1,7.68,9.71,9.93,13.47,15.82,17.41
48275,7.4,8.17,9.41,11.61,14.5,16.77,20.87
48277,13.0,11.57,8.73,8.24,8.41,8.45,8.42
48279,9.6,9.83,10.92,12.91,15.1,16.74,17.89
48281,7.4,7.65,9.41,11.14,14.58,16.91,19.03
48283,7.2,8.67,12.11,14.72,19.93,23.17,26.81
48285,6.9,6.56,8.16,8.97,12.46,14.68,16.47
48287,7.3,8.14,9.94,11.33,14.97,17.6,20.86
48289,11.2,13.37,16.08,18.62,22.87,25.47,28.89
48291,14.7,17.31,20.68,22.69,26.74,30.14,33.89
48293,9.1,8.58,8.61,9.45,11.1,11.97,13.7
48295,8.8,9.56,8.54,8.83,8.93,9.53,9.67
48297,6.2,6.82,9.23,10.78,15.1,17.69,20.08
48299,14.1,15.15,17.5,20.19,24.87,27.58,30.28
48301,13.2,14.48,17.27,18.76,21.77,24.47,27.42
48303,10.6,10.35,11.4,13.15,14.56,15.45,16.16
48305,7.8,8.44,10.45,12.68,15.46,17.71,19.68
48307,7.1,8.14,9.78,11.88,16.31,18.48,21.29
48309,7.2,9.42,12.9,17.07,21.69,25.51,30.25
48311,6.6,7.28,9.82,11.45,16.1,18.74,21.63
48313,8.0,9.7,12.05,14.6,17.86,20.27,23.57
48315,13.3,15.18,17.17,19.94,22.8,24.98,27.7
48317,9.4,10.03,10.72,12.65,15.89,17.75,20.06
48319,6.6,7.28,9.07,10.94,14.95,16.64,19.05
48321,9.8,8.78,8.49,6.92,7.88,7.64,7.54
48323,4.2,4.02,5.37,5.8,8.07,9.41,11.24
48325,4.3,4.88,7.11,8.75,12.69,15.22,17.75
48327,8.2,9.02,10.07,12.01,16.08,17.46,19.43
48329,10.6,8.59,6.76,5.78,6.28,5.0,5.06
48331,8.2,9.22,11.07,12.92,16.6,18.79,21.52
48333,8.4,9.2,11.54,14.24,17.8,19.96,23.12
48335,7.7,8.45,8.75,10.09,12.62,13.61,15.69
48337,15.3,16.35,17.7,19.89,22.76,25.91,29.54
48339,9.4,11.79,14.76,16.79,20.65,23.38,26.72
48341,6.2,6.63,6.44,7.82,8.53,9.25,9.43
48343,9.9,10.72,11.19,13.14,15.31,16.63,17.98
48345,7.6,8.35,9.07,11.05,13.05,14.35,16.17
48347,10.4,14.74,19.94,24.69,31.14,36.61,42.14
48349,8.9,9.92,11.56,14.24,17.22,19.33,22.41
48351,18.0,19.36,21.8,23.47,26.66,29.22,31.11
48353,12.1,13.67,15.5,17.76,20.64,22.94,26.45
48355,17.5,18.44,20.44,20.69,24.74,26.8,28.56
48357,6.9,7.45,6.72,6.69,6.71,7.26,7.65
48359,10.9,11.85,13.55,15.78,17.9,19.82,21.29
48361,19.9,21.47,23.7,24.35,26.74,29.04,30.74
48363,16.2,14.51,13.87,13.43,14.0,14.58,15.0
48365,9.5,9.81,10.6,11.98,13.7,14.85,16.15
48367,11.5,12.27,14.02,16.59,19.35,22.01,24.98
48369,5.5,6.01,7.08,8.92,10.86,12.58,12.96
48371,6.8,7.17,8.84,9.9,13.13,14.47,17.8
48373,19.1,18.17,18.62,17.64,18.46,18.35,18.75
48375,14.7,14.53,14.32,14.48,14.95,15.39,15.41
48377,5.6,6.18,8.17,9.13,12.51,13.83,15.84
48379,10.7,12.68,15.09,18.65,22.31,24.93,28.71
48381,8.2,11.0,14.13,17.52,21.02,24.21,27.45
48383,13.3,12.88,12.08,12.07,13.42,12.9,13.32
48385,6.5,7.14,9.28,11.81,16.48,18.54,21.23
48387,10.5,11.22,11.3,13.25,15.65,17.57,19.3
48389,14.5,16.42,19.87,22.07,25.92,29.01,32.89
48391,11.2,13.54,17.71,20.85,26.73,30.83,34.37
48393,8.3,8.99,8.81,9.69,10.77,11.61,12.64
48395,11.3,11.04,11.8,12.14,14.48,15.26,16.9
48397,8.2,7.99,8.23,9.23,9.99,10.63,12.26
48399,6.5,6.62,7.32,8.51,10.88,11.82,13.5
48401,8.8,8.67,8.98,9.66,10.95,11.59,12.84
48403,10.6,11.39,13.29,15.26,18.23,20.3,21.58
48405,10.8,11.18,12.38,13.36,15.77,17.09,18.12
48407,13.2,16.8,21.3,24.71,30.1,34.39,38.71
48409,13.8,13.75,14.81,14.62,17.57,18.6,19.36
48411,7.8,8.51,10.27,12.71,16.74,18.93,21.62
48413,7.4,8.53,9.34,10.74,14.2,15.24,17.11
48415,9.0,9.28,9.56,10.44,12.66,13.36,14.89
48417,6.2,6.71,8.71,10.61,13.12,15.62,18.76
48419,10.2,10.16,10.47,11.15,12.86,14.07,14.12
48421,9.7,9.95,9.28,9.67,10.57,10.53,10.03
48423,9.8,9.76,10.32,12.18,13.98,15.35,17.45
48425,7.8,9.17,12.33,15.89,20.02,23.76,27.44
48427,3.1,3.31,5.62,6.85,9.57,10.75,12.06
48429,6.6,7.09,9.05,10.74,13.13,15.86,18.95
48431,8.3,9.1,8.91,9.41,11.89,12.65,14.6
48433,6.8,7.47,8.44,9.81,12.0,13.96,16.82
48435,6.6,7.73,9.2,11.08,14.85,15.98,17.48
48437,7.2,7.49,8.63,10.62,12.79,13.83,14.49
48439,10.0,9.19,9.38,10.25,11.76,12.66,13.88
48441,12.4,12.59,13.41,13.9,15.54,16.65,18.93
48443,7.8,8.51,10.84,12.43,16.04,18.59,22.17
48445,6.9,7.49,9.67,12.06,14.76,16.84,18.84
48447,10.6,11.56,13.86,16.42,19.18,22.4,26.33
48449,8.8,7.43,5.95,5.7,5.66,5.03,4.14
48451,10.3,10.11,9.26,9.53,11.13,10.55,11.46
48453,11.5,11.72,13.06,14.38,18.15,20.51,22.34
48455,15.1,16.34,18.01,19.0,21.6,23.6,26.03
48457,17.5,16.39,16.27,15.16,15.78,15.86,15.43
48459,8.2,9.81,11.56,14.09,16.84,18.59,21.0
48461,9.2,10.53,12.32,14.32,18.07,20.09,23.67
48463,5.2,5.96,8.56,10.95,15.21,17.93,20.84
48465,5.4,5.82,6.46,8.2,11.76,13.23,15.14
48467,14.9,13.6,12.78,13.36,13.56,13.07,13.57
48469,9.2,9.06,10.46,10.77,13.47,14.72,16.42
48471,6.6,7.05,7.53,7.87,9.87,10.89,12.13
48473,9.0,10.85,13.68,15.61,20.02,23.33,26.66
48475,11.4,12.87,15.59,17.19,20.84,23.62,27.81
48477,6.1,6.31,7.41,7.63,10.48,11.57,13.5
48479,8.7,9.67,11.99,13.31,16.7,18.15,20.1
48481,6.6,7.34,8.8,9.22,12.58,14.41,16.53
48483,10.0,10.28,9.84,11.04,12.08,12.77,13.85
48485,18.4,15.74,13.85,12.8,11.67,11.82,12.63
48487,12.5,12.84,13.7,15.96,17.89,20.2,23.23
48489,5.6,5.54,7.37,7.63,9.35,10.61,12.66
48491,6.8,6.71,7.53,8.52,11.84,13.34,14.73
48493,6.9,6.18,7.57,8.05,10.84,12.34,13.57
48495,14.2,15.25,18.02,19.51,22.89,25.69,29.47
48497,11.0,11.12,11.96,13.74,16.02,18.04,20.34
48499,10.7,11.46,12.48,14.51,16.79,17.81,19.76
48501,10.8,11.71,12.68,14.39,16.49,18.27,20.65
48503,22.4,21.96,22.84,24.12,25.34,26.91,29.18
48505,6.5,6.97,9.21,10.6,14.21,15.59,17.3
48507,6.1,6.74,9.44,11.33,15.06,17.62,20.84
49001,20.0,20.63,22.31,24.23,26.09,27.61,27.12
49003,17.1,19.98,21.47,22.44,23.02,24.94,24.45
49005,11.4,11.04,10.19,8.74,6.87,5.99,2.67
49007,43.5,41.33,39.0,36.26,34.17,32.75,28.63
49009,17.7,20.34,22.53,24.24,26.82,29.1,30.13
49011,15.5,16.73,16.89,16.52,16.29,16.98,15.27
49013,22.3,25.76,28.86,30.91,34.56,38.19,39.81
49015,29.3,31.47,33.48,35.14,37.21,39.66,39.92
49017,14.2,16.41,20.99,25.63,28.76,32.44,33.91
49019,16.7,19.06,23.81,27.47,31.52,36.08,38.97
49021,16.7,20.46,25.53,30.76,36.05,40.71,44.14
49023,21.0,21.38,21.26,20.09,19.57,20.53,18.39
49025,21.2,21.95,24.02,26.51,28.28,30.03,30.2
49027,16.2,18.27,20.44,22.34,24.15,27.12,27.61
49029,17.1,14.66,11.43,7.76,4.14,1.29,-3.86
49031,15.8,17.19,20.52,23.63,25.83,28.54,28.71
49033,14.9,17.01,18.92,20.8,21.62,23.87,23.57
49035,24.1,25.14,25.26,24.94,24.99,25.66,23.32
49037,10.8,13.02,16.81,20.37,23.22,26.78,28.93
49039,18.1,19.27,20.39,20.82,21.74,23.4,22.42
49041,18.8,19.23,20.34,21.47,22.14,23.84,23.33
49043,15.5,15.81,15.77,14.75,14.0,14.11,11.71
49045,30.4,24.58,17.51,10.85,3.93,-2.0,-10.67
49047,16.5,17.7,18.66,18.79,20.19,21.0,20.28
49049,16.3,17.02,16.81,15.95,15.19,15.77,13.64
49051,13.7,15.19,15.87,15.54,15.59,17.0,15.68
49053,17.3,20.89,25.62,30.88,36.0,40.39,43.23
49055,20.3,22.12,25.46,28.33,30.1,32.54,32.89
49057,24.9,28.42,30.5,32.75,34.81,37.9,38.38
50001,10.0,10.57,11.76,13.38,12.37,14.13,16.03
50003,16.1,14.07,13.13,11.71,7.73,6.55,5.65
50005,13.8,14.54,15.5,16.03,14.39,15.58,17.36
50007,12.7,14.52,16.98,19.78,19.85,22.91,25.97
50009,14.3,17.46,21.22,24.35,25.46,29.02,33.83
50011,15.7,18.64,22.95,26.71,28.19,32.61,36.68
50013,12.6,14.53,17.94,20.69,21.36,25.02,27.95
50015,12.5,12.63,13.6,14.04,12.48,13.8,15.08
50017,13.2,15.09,17.86,20.81,20.49,23.72,27.1
50019,13.8,17.74,23.28,27.58,29.69,35.21,40.63
50021,16.4,19.24,23.19,26.86,27.62,31.51,35.89
50023,10.9,14.48,18.83,23.2,25.3,30.21,35.4
50025,20.6,18.28,17.33,15.91,11.71,10.85,10.15
50027,16.9,21.8,27.7,33.53,36.11,41.69,48.24
51001,15.2,13.3,10.54,7.62,4.38,2.64,0.5
51003,6.3,6.32,6.2,4.79,5.64,6.63,7.05
51005,13.3,13.86,13.71,13.2,14.7,16.19,16.39
51007,10.0,10.8,11.89,11.25,12.39,14.01,14.42
51009,8.4,8.44,8.34,7.35,7.83,8.07,7.38
51011,6.6,7.47,8.38,8.4,10.19,11.61,11.91
51013,6.1,7.51,9.15,10.56,12.27,15.7,18.08
51015,11.9,11.12,9.6,6.87,6.36,5.67,4.64
51017,11.0,12.24,13.3,13.8,16.32,18.27,19.93
51019,9.7,11.44,12.76,13.6,15.93,18.26,19.35
51021,26.9,28.57,30.16,32.12,36.06,38.85,40.05
51023,11.5,12.38,12.16,11.96,13.44,14.91,14.91
51025,8.2,9.41,10.5,10.27,11.53,12.64,13.29
51027,37.9,43.89,50.39,56.8,65.47,72.61,78.83
51029,5.5,6.08,6.66,6.04,7.62,8.97,9.19
51031,10.3,9.89,9.25,7.91,7.77,7.35,5.88
51033,12.6,14.51,16.4,17.02,18.27,21.44,23.9
51035,19.8,15.47,11.06,6.95,3.92,0.18,-4.93
51036,12.1,13.88,15.39,15.14,16.37,18.9,20.64
51037,10.1,11.15,12.47,12.17,12.94,13.64,13.45
51041,9.8,11.23,12.91,13.01,14.61,16.86,18.55
51043,12.6,14.48,16.68,18.36,21.51,26.04,29.64
51045,13.6,14.55,14.74,14.37,16.44,18.2,18.35
51047,21.6,21.3,21.39,20.98,22.0,23.91,25.03
51049,9.4,10.65,12.85,13.33,15.28,17.57,18.89
51051,44.7,45.35,46.77,48.24,51.09,53.16,54.52
51053,9.3,10.65,12.39,12.03,13.0,14.73,15.94
51057,9.3,11.18,11.92,11.89,12.34,14.6,16.64
51059,6.5,7.73,9.12,10.36,11.99,15.09,17.6
51061,14.4,17.59,20.43,23.68,27.76,33.09,37.76
51063,11.3,11.24,10.49,9.83,10.93,12.01,11.05
51065,7.4,7.62,7.95,7.11,7.83,9.17,9.48
51067,16.6,16.23,14.91,13.76,14.12,14.33,13.3
51069,20.3,22.35,24.55,26.14,29.81,34.11,37.62
51071,20.5,23.59,26.3,29.26,33.72,37.66,40.44
51073,13.6,14.61,14.98,14.16,14.28,15.47,15.89
51075,11.2,12.03,12.99,12.43,13.35,14.97,15.63
51077,9.3,10.54,11.84,13.04,15.83,17.69,18.01
51079,8.5,10.14,11.79,12.43,14.78,17.48,19.49
51081,9.4,9.78,10.03,8.51,8.75,8.64,8.79
51083,8.6,10.65,13.28,14.42,16.9,19.26,20.53
51085,12.2,12.7,13.39,13.03,12.9,14.63,15.58
51087,11.2,13.47,16.0,17.16,19.2,22.62,25.36
51089,22.9,20.59,17.76,15.0,13.68,12.49,9.64
51091,12.2,14.14,16.67,17.8,21.49,24.89,27.98
51093,9.2,11.1,12.33,12.16,13.64,15.39,16.65
51095,8.6,9.3,9.27,7.72,7.63,8.2,8.16
51097,13.7,14.4,14.5,13.69,13.73,15.04,16.0
51099,14.3,17.9,21.83,24.32,27.71,33.18,37.48
51101,12.1,15.68,18.8,21.0,23.88,28.18,32.34
51103,11.7,12.29,12.08,10.81,9.99,10.84,11.17
51105,26.6,23.36,19.68,16.34,14.6,12.34,10.66
51107,8.0,6.98,6.09,5.22,4.93,5.91,6.05
51109,11.4,13.8,16.01,16.95,19.28,22.91,25.36
51111,7.1,7.92,9.01,8.25,8.56,9.03,9.19
51113,12.5,14.7,16.94,18.29,21.54,25.55,28.76
51115,12.1,13.63,15.07,15.31,16.13,18.59,20.0
51117,10.5,12.94,16.11,17.44,20.09,22.34,24.0
51119,11.8,13.32,14.31,14.34,15.09,17.38,18.64
51121,11.0,10.38,8.99,7.63,7.95,8.36,7.06
51125,8.5,9.27,9.54,8.91,10.27,11.64,12.08
51127,10.4,11.84,12.74,12.52,13.52,15.88,17.53
51131,11.7,10.77,9.93,8.52,7.14,7.31,6.76
51133,11.3,12.39,12.97,12.71,12.85,14.95,15.83
51135,8.6,8.57,8.73,7.42,7.47,7.45,6.9
51137,22.1,20.5,19.0,16.66,15.84,16.4,15.88
51139,18.0,16.72,15.52,13.22,13.01,13.73,13.71
51141,20.6,22.9,24.94,27.42,31.07,34.66,36.53
51143,9.9,11.51,12.52,13.18,15.33,16.98,17.67
51145,12.1,12.1,12.09,10.12,9.78,10.21,10.0
51147,6.9,8.22,10.22,10.77,12.43,13.99,15.06
51149,9.8,10.87,12.35,11.77,12.71,14.38,15.93
51153,8.3,8.14,7.54,7.03,7.52,9.04,10.37
51155,30.9,26.69,22.42,18.55,15.88,12.67,7.89
51157,20.2,21.03,22.01,22.83,24.95,27.87,30.3
51159,12.7,14.89,16.23,16.46,17.54,20.58,22.48
51161,16.8,14.83,12.13,9.15,8.08,6.57,3.76
51163,9.6,12.17,14.85,16.46,19.76,22.96,25.11
51165,7.8,7.53,7.2,5.88,6.34,7.44,8.14
51167,33.7,28.25,23.7,18.34,15.18,10.62,5.53
51169,17.2,17.5,18.3,18.18,20.2,21.7,22.68
51171,12.5,19.71,26.92,33.77,42.61,51.8,60.87
51173,16.0,18.43,21.41,23.93,28.31,31.53,33.11
51175,8.6,9.35,9.74,8.23,8.32,8.28,8.14
51177,11.8,15.3,18.93,21.31,24.8,29.91,34.3
51179,9.1,11.8,14.64,16.79,19.93,24.55,28.35
51181,11.0,11.33,11.71,10.07,10.1,10.37,10.41
51183,9.0,9.4,9.9,7.71,7.68,7.77,7.46
51185,33.9,37.25,40.87,43.97,49.73,53.79,56.41
51187,21.5,26.4,31.72,36.67,43.49,50.45,57.3
51191,18.3,15.92,13.91,11.19,10.63,9.06,5.96
51193,14.8,21.3,27.35,32.19,37.99,45.84,52.39
51195,32.2,35.66,39.58,43.54,49.04,53.89,57.86
51197,25.4,23.98,22.11,20.91,21.1,20.51,18.08
51199,8.6,9.36,9.87,9.27,9.37,10.92,11.37
51510,7.7,8.96,10.37,11.49,12.92,16.19,18.6
51520,23.4,20.73,18.05,14.66,13.25,10.86,7.74
51530,8.1,9.03,9.85,10.12,11.85,13.45,14.03
51540,8.9,9.09,9.13,7.73,8.6,9.66,10.21
51550,11.4,16.39,20.48,22.92,26.54,31.01,34.38
51570,16.0,18.31,20.8,21.09,23.11,25.91,28.27
51580,15.5,16.86,17.32,17.46,19.71,21.9,22.57
51590,18.2,15.23,11.94,8.23,6.0,3.63,-0.09
51595,9.0,9.73,10.41,9.33,10.02,10.34,10.78
51600,11.2,14.67,17.97,21.35,25.18,30.43,35.15
51610,7.2,8.12,9.29,10.22,11.39,14.37,16.32
51620,11.0,12.0,12.73,11.6,12.11,12.41,12.58
51630,17.2,20.93,24.97,27.67,31.34,36.8,41.45
51640,13.0,14.27,15.43,16.72,19.33,20.74,21.09
51650,10.9,14.86,17.85,20.13,23.01,27.42,30.55
51660,7.5,7.83,8.07,7.48,8.73,10.54,11.94
51670,16.8,18.81,21.19,21.58,23.56,26.26,28.54
51678,6.9,7.98,9.14,9.3,11.11,12.83,13.51
51680,8.0,8.74,9.27,9.12,10.33,11.41,11.53
51683,14.7,13.71,12.47,11.23,11.21,12.0,12.33
51685,7.2,7.36,7.22,7.12,8.11,10.17,11.52
51690,28.9,26.9,24.47,22.03,20.92,19.91,17.42
51700,14.7,13.83,12.25,9.66,7.9,7.39,6.1
51710,13.1,16.58,19.3,20.83,23.29,26.79,29.14
51720,23.1,26.34,29.94,33.5,38.75,43.21,46.85
51730,18.0,21.41,25.02,26.24,29.11,33.05,36.34
51735,11.7,13.4,14.41,14.48,15.11,17.45,18.51
51740,18.4,20.23,21.37,20.88,21.87,23.65,24.35
51750,11.4,11.09,10.52,10.23,11.28,12.47,11.73
51760,22.9,22.81,22.94,21.61,21.41,22.45,22.7
51770,17.8,21.67,24.68,27.5,32.27,36.65,39.61
51775,23.4,19.39,14.81,9.98,7.01,3.84,-0.87
51790,17.1,18.01,18.2,17.4,18.98,20.09,20.87
51800,9.7,10.35,10.24,8.53,8.35,8.78,8.29
51810,11.9,13.83,15.03,14.87,15.57,17.23,17.36
51820,14.3,17.11,19.71,21.16,24.73,28.05,30.77
51830,12.7,12.16,11.08,8.32,7.04,6.49,5.34
51840,22.7,23.15,23.78,23.82,25.7,28.48,30.37
53001,6.4,7.18,7.74,8.42,7.59,9.17,7.75
53003,15.6,16.93,17.62,18.11,17.98,19.47,18.12
53005,12.1,16.61,20.66,24.96,28.15,33.73,35.93
53007,11.8,13.76,16.08,18.31,18.43,22.08,22.28
53009,17.9,21.13,23.77,25.57,27.83,32.27,33.47
53011,13.6,14.44,14.26,14.32,14.36,17.4,16.66
53013,10.7,11.44,11.79,11.71,10.69,11.97,10.31
53015,22.2,18.93,14.9,11.11,6.85,5.63,0.69
53017,10.7,14.25,18.13,22.11,24.22,29.47,31.19
53019,20.5,22.14,23.35,25.18,25.11,26.71,25.42
53021,7.9,8.54,8.57,8.75,7.83,9.41,7.5
53023,11.8,12.95,13.47,13.3,12.62,13.68,11.77
53025,10.7,14.23,17.97,21.64,23.87,28.43,30.07
53027,23.1,23.46,23.98,24.32,24.54,27.18,25.66
53029,14.3,14.41,13.96,12.67,11.22,12.18,10.26
53031,16.3,18.16,19.73,20.69,21.89,25.56,26.02
53033,14.4,13.9,13.67,13.34,12.71,14.11,11.82
53035,12.6,15.67,19.0,21.87,24.36,29.49,30.82
53037,8.7,9.95,11.71,13.5,14.16,17.59,17.07
53039,11.3,12.13,12.66,13.41,13.68,16.49,15.29
53041,18.3,17.4,16.26,15.34,14.03,15.6,13.42
53043,14.0,13.82,13.04,12.85,10.72,10.27,7.25
53045,19.9,21.12,22.28,23.21,24.33,28.09,28.06
53047,16.1,17.81,20.2,22.24,21.92,25.0,24.13
53049,19.7,21.1,21.59,22.09,22.68,26.35,25.59
53051,17.7,20.07,22.39,24.55,25.27,26.87,26.48
53053,15.2,16.81,18.52,20.63,22.09,26.17,26.41
53055,11.9,12.47,12.38,11.82,11.24,13.4,12.48
53057,14.2,18.47,22.62,26.18,28.87,34.52,37.49
53059,14.5,14.8,14.54,13.89,12.79,14.78,12.98
53061,17.0,17.79,18.16,18.44,17.99,20.01,19.09
53063,13.7,19.14,23.98,28.63,32.55,37.45,40.2
53065,15.5,15.29,15.15,15.0,13.56,12.8,10.13
53067,10.5,13.53,16.31,19.43,22.3,27.8,29.86
53069,15.5,16.73,16.8,17.28,17.83,20.94,20.28
53071,20.0,16.67,12.39,8.02,2.54,-0.77,-6.9
53073,8.9,13.46,17.69,21.33,24.37,29.67,33.17
53075,6.4,8.38,10.3,11.92,12.91,15.55,15.54
53077,10.2,11.65,13.24,14.85,15.65,19.42,18.5
54001,14.3,16.84,19.3,20.8,25.56,29.15,33.0
54003,39.6,41.41,43.66,45.51,48.48,53.02,56.67
54005,78.9,71.98,64.55,58.29,54.39,48.67,42.34
54007,18.2,19.97,22.04,23.33,27.41,30.38,33.3
54009,35.5,36.14,36.99,37.87,40.08,42.79,44.41
54011,51.5,72.62,94.17,115.81,139.89,162.58,184.83
54013,15.3,15.94,16.95,17.33,20.9,23.48,25.4
54015,24.0,27.35,30.82,33.94,39.97,44.5,48.09
54017,14.5,15.7,17.44,18.01,21.97,24.78,27.31
54019,37.2,35.45,33.83,31.98,33.1,32.58,31.53
54021,10.3,11.3,12.5,12.78,16.35,18.97,20.91
54023,12.9,15.57,17.87,19.59,24.03,28.23,32.88
54025,29.4,31.28,32.52,33.93,37.47,40.4,42.23
54027,30.3,41.52,52.68,63.59,76.43,89.65,101.99
54029,47.3,45.66,43.99,42.52,42.34,42.47,41.99
54031,14.4,17.04,19.41,21.47,25.68,30.19,34.62
54033,27.1,27.69,28.57,28.5,31.28,32.72,34.56
54035,18.4,19.6,21.67,23.69,28.36,31.47,34.39
54037,24.0,28.62,33.98,38.73,44.52,52.21,59.24
54039,41.6,52.7,63.87,75.8,89.99,102.9,115.16
54041,12.9,14.63,16.97,17.96,22.72,26.02,29.07
54043,44.2,43.16,41.72,41.31,42.67,42.9,42.22
54045,58.2,61.42,64.46,68.63,74.93,79.17,83.1
54047,57.4,104.85,152.12,199.26,249.02,296.89,344.18
54049,15.4,16.42,17.57,17.99,20.81,23.19,25.38
54051,18.1,18.5,19.64,20.1,22.77,25.34,27.51
54053,36.6,32.54,29.43,26.2,25.26,23.2,20.55
54055,64.1,60.24,55.94,52.11,50.21,47.03,43.19
54057,16.6,21.67,26.38,30.39,36.66,43.19,49.3
54059,75.9,60.17,44.05,28.98,15.79,0.62,-14.61
54061,14.0,14.34,15.02,15.6,18.27,20.07,22.31
54063,24.7,27.86,30.51,33.23,37.92,42.2,44.87
54065,28.2,30.57,33.54,36.08,40.16,45.25,49.37
54067,31.0,34.34,37.56,40.74,46.44,50.8,54.6
54069,21.9,27.03,32.56,37.9,44.75,51.66,58.4
54071,12.6,13.04,14.41,13.83,15.61,17.43,19.65
54073,14.9,16.1,17.62,18.52,22.41,25.75,28.37
54075,23.5,29.54,36.03,41.37,49.18,56.25,63.38
54077,17.9,15.81,14.07,12.04,12.45,11.66,11.61
54079,22.1,30.0,37.86,46.34,57.55,67.33,76.22
54081,49.9,69.92,90.06,110.2,132.74,153.51,174.42
54083,16.0,15.97,16.23,15.06,17.2,18.3,19.85
54085,13.6,14.76,16.25,17.08,20.96,23.89,26.32
54087,18.7,21.31,24.23,27.01,32.56,36.73,40.27
54089,38.1,43.18,47.9,52.94,59.95,65.98,71.14
54091,14.3,16.09,18.08,18.99,23.02,25.82,29.15
54093,9.9,10.76,11.75,11.62,14.52,16.11,18.46
54095,13.8,15.17,16.72,17.42,20.96,24.1,26.62
54097,11.3,13.46,16.37,17.98,22.95,26.26,30.43
54099,42.3,43.94,45.92,48.3,52.93,56.04,58.69
54101,29.5,34.98,40.98,46.45,54.54,61.73,68.35
54103,16.3,20.0,23.98,27.49,33.89,39.47,44.41
54105,15.8,17.14,18.77,19.89,24.15,27.37,30.33
54107,23.9,25.19,27.22,28.32,32.52,35.47,38.57
54109,78.0,95.44,112.25,129.43,149.03,166.67,184.06
55001,18.4,19.7,21.42,23.73,27.21,30.46,33.54
55003,15.5,17.52,22.26,26.42,31.65,36.16,39.54
55005,7.5,7.84,10.34,13.5,16.53,20.08,21.86
55007,8.9,9.29,12.26,14.97,18.16,21.05,22.67
55009,10.6,11.24,12.78,14.65,17.44,20.87,23.9
55011,6.9,7.01,8.16,10.25,12.4,15.94,17.21
55013,10.8,10.6,13.27,15.58,18.13,21.29,22.63
55015,7.4,7.79,9.09,10.61,13.24,16.52,19.33
55017,7.7,9.0,12.22,16.57,20.45,25.41,28.15
55019,5.1,5.31,7.5,10.98,13.87,17.74,20.35
55021,15.3,19.92,24.76,30.28,36.61,43.32,49.52
55023,9.2,11.34,13.86,17.59,22.46,26.64,30.06
55025,15.2,16.16,16.78,18.47,21.01,23.42,25.74
55027,13.3,19.81,26.34,33.94,41.9,50.38,58.36
55029,7.1,8.21,10.49,12.76,15.78,19.58,22.76
55031,10.9,11.62,15.85,19.22,22.84,27.81,30.06
55033,6.3,8.15,11.88,16.33,20.92,26.16,29.54
55035,8.6,9.19,11.66,15.11,18.24,22.62,24.41
55037,13.4,15.67,20.25,24.96,30.5,36.62,41.17
55039,11.4,13.72,16.48,19.87,23.97,28.68,33.34
55041,18.8,18.48,20.59,22.49,25.32,28.45,30.66
55043,7.7,7.27,8.07,8.82,11.49,13.2,14.71
55045,9.3,10.08,10.88,12.39,15.09,17.61,19.59
55047,12.6,11.87,11.78,12.2,13.68,15.48,17.03
55049,10.2,10.51,11.41,12.47,15.12,17.63,19.41
55051,10.9,12.79,17.57,21.76,26.99,31.94,35.72
55053,10.6,12.5,15.51,19.92,24.13,29.24,33.11
55055,13.6,13.66,13.24,13.93,15.71,16.68,17.78
55057,10.9,12.83,15.32,18.28,22.22,26.32,29.92
55059,25.0,22.44,19.46,17.04,15.41,14.23,12.97
55061,6.8,7.04,8.96,10.76,13.1,16.33,19.45
55063,9.6,11.2,12.94,16.42,19.49,23.59,26.73
55065,6.0,6.23,7.52,8.53,11.41,13.43,15.01
55067,10.7,14.06,19.26,24.1,29.97,35.68,41.26
55069,10.4,10.85,13.11,15.38,18.57,21.72,24.23
55071,15.6,18.12,22.19,26.1,30.9,36.29,41.64
55073,6.9,9.02,12.81,16.52,21.26,26.18,30.04
55075,9.2,10.8,14.0,17.27,21.77,26.02,29.63
55077,17.9,16.87,16.35,16.29,17.37,18.63,19.58
55078,19.5,19.94,21.71,23.56,26.76,29.86,32.73
55079,25.9,26.53,27.11,27.9,29.63,31.67,33.9
55081,14.6,11.3,8.64,7.33,6.21,5.67,4.57
55083,6.3,6.54,7.75,9.3,11.36,14.0,16.07
55085,9.3,10.8,14.19,17.45,21.03,25.5,28.8
55087,7.7,9.55,12.4,15.65,19.86,24.57,29.23
55089,9.7,9.33,9.87,9.95,11.68,12.97,14.72
55091,5.9,6.53,8.43,11.51,14.57,18.47,20.52
55093,7.5,7.32,9.73,12.42,15.04,18.91,20.54
55095,6.6,7.83,11.16,14.65,18.11,22.51,24.59
55097,8.0,8.09,8.76,9.64,11.72,13.75,15.71
55099,7.9,8.74,11.25,13.4,16.98,19.77,22.43
55101,21.0,19.02,16.7,14.85,13.67,13.16,12.58
55103,10.2,10.61,11.36,12.83,15.31,17.87,20.12
55105,18.8,19.04,19.12,19.73,21.82,23.67,24.91
55107,9.0,9.76,12.75,16.04,19.38,23.18,25.53
55109,6.7,6.87,9.35,12.15,14.88,18.79,20.54
55111,13.9,18.04,22.23,27.48,33.47,39.77,45.45
55113,18.9,17.66,19.37,20.57,22.72,24.93,25.92
55115,7.9,8.21,9.62,10.95,13.58,16.58,19.28
55117,10.5,15.14,21.16,26.79,33.38,40.47,47.81
55119,4.7,5.76,8.36,11.8,15.37,19.83,22.74
55121,7.1,6.71,7.09,8.95,10.55,13.12,14.81
55123,8.9,7.28,5.64,5.18,5.21,6.13,5.88
55125,15.7,20.31,26.85,33.46,41.15,49.4,56.3
55127,13.9,14.4,14.83,15.56,17.8,19.38,20.68
55129,8.6,10.75,15.92,20.84,25.87,31.4,35.5
55131,13.4,12.85,13.14,13.46,14.85,16.25,17.45
55133,12.7,11.78,11.23,10.97,11.7,12.42,13.07
55135,8.1,9.01,10.41,12.58,15.5,18.52,21.4
55137,7.6,7.66,8.27,9.13,10.9,13.24,15.48
55139,14.8,14.55,14.42,15.0,16.6,18.68,20.97
55141,8.7,10.72,13.96,17.96,22.68,27.39,31.41
56001,11.3,11.49,9.73,9.4,9.46,8.77,6.71
56003,13.2,15.17,16.51,18.24,19.6,20.34,20.75
56005,13.7,12.72,10.75,8.84,6.94,5.56,2.43
56007,20.8,23.54,25.72,27.58,30.17,32.37,33.87
56009,9.3,9.98,8.53,8.61,9.0,9.07,8.12
56011,7.5,7.55,6.77,5.77,5.11,4.74,2.29
56013,17.5,24.43,29.98,36.33,42.86,49.34,54.71
56015,8.6,9.87,10.2,10.96,12.27,13.23,12.47
56017,12.1,12.68,12.43,13.23,13.69,13.5,13.08
56019,10.5,11.94,12.08,13.04,13.43,14.11,13.65
56021,17.7,16.84,14.23,12.91,11.42,9.48,6.48
56023,15.0,15.35,16.28,16.34,16.32,17.0,15.83
56025,20.6,17.92,14.03,12.09,10.21,7.69,4.09
56027,9.1,10.47,9.82,10.74,11.32,11.95,11.27
56029,11.0,13.24,14.18,16.1,17.36,18.41,18.34
56031,12.1,13.18,12.82,13.26,14.33,14.03,12.78
56033,9.4,9.68,8.63,8.84,7.51,6.46,4.42
56035,8.4,8.7,8.89,9.73,10.13,10.35,9.1
56037,22.1,17.36,13.29,8.61,4.42,-0.08,-5.96
56039,7.0,7.6,7.74,7.79,6.98,7.43,5.86
56041,24.2,23.63,22.91,21.63,20.69,19.96,17.04
56043,12.1,13.91,15.16,17.01,18.62,19.45,20.11
56045,8.1,8.83,7.77,7.84,7.5,7.76,6.0
