FIPS,2014 kals,2015 kals,2016 kals,2017 kals,2018 kals,2019 kals,2020 kals
01001,57.62,64.52,70.7,77.01,81.97,87.51,93.78
01003,39.83,37.73,34.86,30.81,25.63,22.31,18.22
01005,84.75,86.15,87.2,88.57,87.61,87.74,88.84
01007,55.71,50.83,45.58,39.11,32.28,25.92,19.63
01009,65.87,57.03,47.8,38.14,27.65,16.24,5.98
01011,85.8,79.01,71.95,65.14,56.4,48.61,41.73
01013,89.97,85.69,81.32,76.03,70.35,65.32,60.52
01015,77.84,80.25,81.97,84.19,85.29,85.89,87.63
01017,84.24,77.67,70.46,64.5,56.62,48.71,41.77
01019,91.12,89.95,87.5,85.21,82.6,78.55,76.06
01021,66.92,65.61,64.01,61.83,58.51,55.84,54.16
01023,96.75,97.33,97.0,95.3,93.17,92.25,90.93
01025,54.76,54.31,52.41,49.48,46.18,43.87,41.24
01027,82.43,72.55,62.41,52.94,42.23,31.18,21.26
01029,84.24,86.35,87.67,90.15,91.3,91.78,93.4
01031,65.87,68.81,70.61,72.35,72.95,74.92,77.24
01033,84.24,82.51,80.36,76.99,73.8,69.35,65.9
01035,94.08,91.27,87.37,82.41,77.33,73.33,69.06
01037,88.16,89.43,89.98,90.94,90.43,90.0,90.28
01039,88.98,88.36,87.22,85.45,83.11,81.55,80.35
01041,76.5,78.04,79.39,80.01,79.71,80.72,81.98
01043,66.92,60.76,54.33,47.2,39.49,30.62,23.01
01045,81.95,84.38,86.22,88.09,88.78,90.47,92.69
01047,87.33,80.87,74.19,66.67,58.44,50.99,43.84
01049,57.62,54.09,49.78,44.94,39.84,33.21,28.55
01051,50.08,57.48,64.06,70.74,76.13,81.89,88.21
01053,84.75,83.85,82.23,79.31,76.01,73.89,70.98
01055,84.75,82.99,80.18,77.78,74.61,70.26,67.51
01057,97.01,97.61,98.42,98.44,97.99,96.78,96.65
01059,78.16,77.56,76.5,74.15,71.76,67.97,65.37
01061,92.36,91.85,90.64,89.24,86.96,85.66,84.8
01063,97.1,97.34,96.79,95.42,92.61,91.08,89.96
01065,91.12,89.96,88.25,85.58,81.91,79.18,76.83
01067,81.31,80.94,80.46,80.01,77.79,76.44,75.95
01069,69.02,69.0,68.66,68.13,66.48,66.0,66.28
01071,76.5,72.96,68.83,64.38,59.77,53.65,48.72
01073,43.11,43.99,44.42,44.47,43.91,43.27,42.93
01075,94.97,93.95,92.88,90.75,88.15,85.43,83.5
01077,55.71,54.16,52.42,49.59,46.76,42.51,39.49
01079,87.81,87.0,86.14,84.14,82.36,78.72,76.16
01081,18.31,18.26,17.95,18.48,17.11,15.89,15.73
01083,32.51,38.69,44.85,49.81,55.14,58.86,63.68
01085,87.81,90.36,93.05,95.13,96.17,98.11,100.58
01087,73.96,70.82,67.16,63.62,58.82,54.56,50.81
01089,24.45,25.06,25.19,24.3,23.83,21.65,20.57
01091,93.22,93.86,94.07,93.55,92.25,92.27,91.97
01093,96.63,96.56,96.14,94.75,93.13,90.46,89.2
01095,69.79,66.2,62.12,57.65,53.1,46.93,42.32
01097,50.08,49.31,47.88,45.01,41.22,39.48,37.16
01099,51.74,42.28,32.15,20.63,9.18,-1.36,-12.64
01101,53.68,56.39,58.16,59.92,60.2,61.29,62.72
01103,55.71,59.79,63.63,66.41,69.39,70.22,72.26
01105,98.89,97.94,96.44,94.07,90.7,88.74,86.6
01107,96.34,96.25,95.44,94.39,92.15,90.98,89.65
01109,45.78,51.29,56.81,61.94,65.5,70.7,75.94
01111,73.48,64.37,54.87,46.7,36.92,26.62,17.33
01113,75.33,72.02,68.37,65.4,60.18,55.36,51.61
01115,65.87,65.17,63.47,61.51,58.34,55.29,53.05
01117,16.71,15.86,14.75,13.18,10.62,8.51,6.69
01119,89.4,86.86,83.7,79.18,74.18,70.17,65.96
01121,81.31,78.79,75.89,73.05,68.91,64.79,61.64
01123,71.76,71.22,69.94,69.06,67.03,64.98,63.94
01125,19.8,19.33,18.37,16.28,13.58,11.54,9.75
01127,97.1,96.9,96.71,95.42,93.85,91.93,90.92
01129,93.22,94.11,93.71,92.39,90.6,90.28,89.76
01131,69.02,70.71,71.9,72.13,72.14,73.2,73.87
01133,97.1,97.17,97.02,95.79,94.55,92.31,91.02
02013,0.54,0.93,2.27,2.91,3.86,5.02,6.81
02016,0.25,0.83,1.06,1.3,2.45,3.05,4.81
02020,7.9,9.05,9.53,7.98,8.07,8.02,8.34
02050,7.45,7.31,7.33,6.54,5.83,5.6,6.59
02060,28.84,25.42,22.71,20.37,16.73,14.02,11.81
02063,0.0,0.02,-0.59,-3.99,-5.73,-8.17,-9.4
02066,0.0,0.01,-1.22,-4.96,-7.8,-10.4,-12.54
02068,2.55,3.33,2.25,-0.5,-3.21,-4.44,-6.17
02070,19.8,21.36,23.25,24.83,24.96,26.99,28.94
02090,10.32,9.72,7.77,3.87,-0.59,-4.01,-7.97
02100,40.75,47.09,53.76,57.07,61.31,65.85,72.18
02105,75.33,66.75,58.19,46.64,36.09,26.49,16.96
02110,5.76,5.63,5.77,2.6,0.18,-1.32,-2.09
02122,44.03,40.67,36.54,31.99,27.72,23.87,19.58
02130,23.72,29.29,36.88,40.05,45.4,51.48,56.92
02150,23.02,20.23,17.66,14.54,11.97,9.33,6.43
02158,0.0,-0.01,-0.09,-0.42,-0.43,-0.31,-0.58
02164,53.68,35.53,18.01,0.99,-17.39,-34.92,-51.62
02170,16.71,18.12,19.34,17.55,17.21,17.47,18.42
02180,11.46,11.3,11.19,10.56,9.77,8.54,9.92
02185,4.52,4.76,4.82,3.77,3.29,1.95,1.95
02188,7.45,7.84,8.47,8.3,6.34,4.93,5.18
02195,22.32,26.81,32.1,33.88,37.28,41.31,44.45
02198,47.85,55.47,64.4,69.9,77.31,85.47,93.02
02220,9.71,14.96,20.33,23.18,27.06,31.21,35.39
02230,0.22,2.15,4.25,2.79,2.34,2.39,3.89
02240,44.73,43.51,40.55,35.54,30.84,27.05,23.02
02275,97.39,88.16,79.77,68.32,58.56,48.97,38.74
02282,1.02,1.49,1.84,-0.76,-2.55,-3.39,-4.15
02290,62.56,59.21,55.14,49.15,42.21,37.28,31.64
04001,46.74,45.37,44.96,44.06,46.99,47.61,47.27
04003,66.92,65.97,63.72,61.87,62.08,61.87,60.44
04005,14.45,14.92,15.78,17.1,20.89,22.68,24.22
04007,81.31,85.76,90.25,95.23,102.1,107.6,111.84
04009,36.01,33.41,29.69,27.02,26.21,24.66,21.64
04011,33.4,31.0,27.47,24.72,24.48,23.51,19.98
04012,72.62,80.83,88.19,94.65,104.03,112.76,119.75
04013,9.11,10.68,12.51,13.94,18.05,21.04,22.47
04015,80.01,84.61,89.16,92.32,99.3,104.15,108.49
04017,71.76,71.32,71.02,71.2,74.14,74.84,74.96
04019,36.01,39.52,42.06,44.4,49.26,53.05,55.4
04021,27.19,32.22,37.63,42.73,50.41,56.84,62.03
04023,6.24,11.35,15.73,19.47,25.24,30.51,34.57
04025,74.59,74.79,74.95,75.11,77.99,79.1,79.36
04027,18.94,17.99,15.79,12.68,12.04,10.84,8.02
05001,86.44,89.64,92.33,94.53,96.57,100.0,101.38
05003,90.19,90.75,91.69,92.01,91.16,93.09,93.12
05005,93.7,91.83,88.86,86.4,84.44,83.42,80.14
05007,5.76,4.61,2.14,1.44,2.16,2.47,0.77
05009,87.81,86.27,83.04,80.91,79.82,79.39,77.17
05011,87.33,90.17,92.81,95.17,96.88,101.09,103.0
05013,98.79,98.75,98.11,97.1,95.65,96.45,94.74
05015,70.49,68.45,64.83,62.19,60.9,60.15,57.43
05017,97.1,96.37,96.39,95.3,93.39,93.24,92.32
05019,76.5,76.76,76.33,76.09,75.49,76.73,75.99
05021,96.21,96.0,94.88,93.72,93.58,93.32,91.18
05023,81.31,77.76,72.96,68.74,65.16,61.85,57.16
05025,92.68,92.94,92.76,92.21,90.97,92.15,90.7
05027,83.22,79.42,75.11,70.98,66.09,63.65,58.77
05029,77.84,81.45,83.83,87.09,90.77,95.08,97.43
05031,47.85,56.94,65.17,72.87,81.73,90.45,97.54
05033,68.26,71.59,73.9,77.5,81.64,86.12,89.33
05035,60.17,63.49,65.94,68.16,70.56,73.3,74.19
05037,89.4,90.14,89.81,89.24,89.33,90.02,88.06
05039,95.45,95.91,95.56,94.77,93.66,94.71,93.2
05041,78.16,82.0,86.37,89.6,91.96,97.02,99.79
05043,80.01,84.51,88.83,92.49,95.77,101.41,104.81
05045,24.45,24.32,23.22,22.76,22.75,23.37,22.21
05047,69.79,74.71,78.31,82.97,88.48,94.7,98.91
05049,97.01,97.44,96.77,96.11,96.6,97.23,96.29
05051,81.31,79.99,76.82,74.42,71.65,70.6,67.44
05053,75.33,71.23,65.51,60.41,54.3,50.12,43.89
05055,80.01,83.13,85.42,87.51,90.84,93.98,95.18
05057,85.8,84.87,83.89,82.83,81.34,82.14,80.62
05059,94.97,95.02,93.02,91.87,90.17,90.44,88.46
05061,71.76,69.66,67.04,64.49,61.61,60.53,57.34
05063,69.79,71.8,72.92,73.71,75.35,77.31,77.83
05065,94.3,93.53,91.67,90.12,89.34,88.84,86.84
05067,91.12,91.72,91.14,90.73,90.53,91.11,89.7
05069,74.59,76.4,77.4,78.46,78.79,81.18,81.37
05071,67.62,66.2,63.21,61.88,60.93,60.53,58.51
05073,92.68,93.31,93.83,94.49,94.2,96.08,95.64
05075,73.96,81.65,88.55,95.18,103.1,110.62,116.61
05077,94.81,96.18,96.85,97.5,98.03,99.63,98.81
05079,87.33,89.61,92.2,93.99,95.28,98.94,99.87
05081,72.62,77.11,81.86,86.37,90.65,96.54,100.1
05083,90.19,89.57,87.94,86.9,86.72,87.56,86.24
05085,55.71,48.38,39.55,31.27,22.32,15.0,5.74
05087,82.74,77.63,70.95,65.81,61.7,58.07,52.62
05089,98.34,97.04,94.53,92.78,91.88,91.44,89.14
05091,65.87,66.6,67.52,68.1,68.42,70.77,70.67
05093,89.62,88.44,86.55,84.13,82.33,80.25,76.37
05095,97.52,96.74,94.72,92.68,90.65,89.79,86.8
05097,99.78,99.28,97.35,96.25,94.91,95.39,93.61
05099,92.36,93.18,94.09,94.44,94.7,97.03,97.54
05101,92.04,91.3,89.14,88.22,87.96,88.23,86.82
05103,91.82,87.39,82.12,77.03,71.48,67.71,61.88
05105,84.24,87.25,88.24,90.23,92.57,95.53,96.7
05107,94.97,94.21,93.0,91.21,89.48,88.98,86.6
05109,98.5,98.32,97.75,97.53,97.03,98.2,97.32
05111,87.33,90.82,93.0,95.02,97.9,100.89,101.9
05113,96.63,95.81,94.17,93.34,91.97,92.21,90.57
05115,59.22,56.02,51.34,48.03,45.14,42.31,38.12
05117,96.34,94.32,91.0,88.01,84.98,83.46,79.57
05119,30.82,31.93,31.24,31.54,31.15,32.19,31.53
05121,80.01,83.41,85.83,88.16,91.48,94.67,96.25
05123,87.33,85.94,83.87,81.64,79.38,78.2,74.2
05125,71.12,67.36,61.55,56.82,51.16,47.32,41.64
05127,87.81,81.98,75.11,69.11,63.21,58.5,51.75
05129,95.45,93.88,91.05,89.16,88.21,87.44,85.48
05131,68.26,70.31,71.19,73.42,75.88,79.04,80.61
05133,39.83,33.62,27.19,20.84,14.27,9.67,2.78
05135,83.22,87.0,89.72,92.28,95.64,99.01,101.12
05137,94.08,94.12,93.07,92.57,92.97,93.21,92.59
05139,86.82,82.08,76.84,71.49,65.36,61.25,55.03
05141,92.04,91.63,89.69,88.66,88.43,88.57,87.23
05143,11.97,10.55,7.66,6.55,6.54,6.33,4.32
05145,62.56,59.56,54.99,50.69,47.0,44.01,39.18
05147,96.05,96.08,94.54,93.43,92.78,93.1,90.92
05149,86.44,85.4,82.08,79.96,78.47,77.46,74.83
06001,4.81,5.07,3.41,1.57,1.44,1.21,0.39
06003,90.51,92.89,92.66,91.0,92.9,93.35,93.95
06005,73.96,75.81,75.41,73.64,75.72,76.45,76.49
06007,67.62,66.92,64.92,62.44,63.65,64.33,63.15
06009,77.17,80.28,80.87,80.27,83.32,85.36,86.78
06011,24.45,23.88,21.75,19.14,19.6,20.12,18.86
06013,10.32,11.37,10.47,9.35,10.35,11.3,10.9
06015,91.56,91.92,92.34,92.11,92.95,94.7,95.29
06017,23.02,25.66,26.3,25.72,28.68,30.16,31.63
06019,20.89,21.58,21.59,19.26,21.7,22.61,22.25
06021,67.62,68.18,67.35,66.02,67.97,70.04,69.81
06023,60.17,61.75,64.01,64.23,67.06,69.64,71.95
06025,33.4,36.1,37.57,37.93,40.45,42.47,43.74
06027,34.16,33.44,32.51,29.18,30.9,30.18,28.72
06029,16.71,15.0,13.58,8.57,7.98,6.21,2.97
06031,12.61,14.3,15.57,14.81,18.05,19.84,20.42
06033,87.33,88.29,87.62,86.59,87.47,88.63,88.74
06035,71.76,73.21,72.42,71.51,73.76,75.54,74.97
06037,6.24,6.34,5.99,3.34,3.95,3.69,2.57
06039,28.84,26.83,23.51,18.42,17.18,14.17,10.78
06041,4.39,4.17,1.62,-1.35,-2.43,-2.8,-4.08
06043,73.48,71.85,68.28,63.87,62.99,60.66,58.13
06045,62.56,63.1,62.81,61.7,62.5,63.78,64.25
06047,54.76,52.37,48.38,43.12,41.39,37.71,33.84
06049,80.01,81.04,80.68,80.59,82.68,85.22,85.42
06051,4.81,2.99,-0.79,-6.11,-7.7,-10.91,-14.76
06053,3.09,3.59,2.56,0.26,1.42,1.18,0.37
06055,15.09,14.64,11.78,9.13,8.06,7.65,6.2
06057,38.78,41.51,42.23,42.34,45.52,47.5,48.68
06059,2.32,2.34,2.5,0.48,1.27,1.6,1.06
06061,12.61,12.65,10.67,7.78,8.14,7.58,6.43
06063,90.19,88.44,84.78,81.04,80.66,79.43,76.22
06065,12.61,13.41,14.08,12.76,15.19,16.57,17.17
06067,28.84,26.94,23.12,18.58,16.65,14.72,11.58
06069,3.76,4.09,3.04,0.44,1.71,1.26,0.25
06071,13.34,12.9,12.24,9.52,10.22,9.73,8.04
06073,5.76,6.12,5.82,4.22,5.52,6.2,5.79
06075,10.98,10.78,8.64,6.15,5.51,5.12,4.2
06077,18.94,19.55,17.99,16.06,16.58,16.82,15.98
06079,13.72,13.26,11.88,8.52,8.71,7.85,5.79
06081,2.23,2.22,0.29,-2.01,-2.67,-3.12,-4.06
06083,8.25,7.05,6.02,2.28,1.72,0.04,-1.82
06085,1.69,1.68,-0.13,-3.13,-2.81,-3.73,-4.74
06087,4.11,5.27,4.79,2.93,4.57,5.0,5.25
06089,74.59,73.94,72.7,70.67,71.55,72.42,71.45
06091,56.73,64.7,70.64,76.39,85.18,92.49,98.52
06093,83.79,84.0,83.5,82.85,84.35,86.38,86.19
06095,14.45,16.51,16.12,15.78,17.84,19.85,20.52
06097,15.09,16.54,15.5,14.81,15.68,17.24,17.62
06099,32.51,31.55,28.39,24.81,24.53,23.15,21.24
06101,36.01,34.0,30.37,25.97,24.78,23.16,20.21
06103,79.08,80.31,80.86,80.85,84.06,87.08,88.3
06105,94.08,94.45,94.5,92.88,93.96,95.02,95.09
06107,13.72,16.55,19.64,19.98,25.17,28.7,31.22
06109,74.59,78.19,79.47,79.26,82.88,85.7,88.14
06111,8.63,9.08,9.76,7.84,9.26,8.89,8.5
06113,10.32,8.85,4.93,0.98,-0.17,-1.32,-3.96
06115,65.87,64.76,61.88,58.01,57.61,56.49,54.29
08001,10.32,9.97,7.76,6.95,7.98,8.59,6.32
08003,55.71,64.46,72.42,81.62,93.33,104.16,111.92
08005,4.52,4.2,2.29,1.42,2.54,3.21,1.24
08007,39.83,42.99,46.77,51.32,58.55,64.61,68.14
08009,94.08,95.33,95.1,95.22,98.11,100.28,100.28
08011,94.97,96.88,96.77,97.54,100.58,103.33,104.32
08013,2.32,2.0,-0.36,-1.25,-0.23,-0.0,-2.39
08014,2.74,2.42,0.29,-0.52,0.48,0.86,-1.5
08015,44.03,48.47,52.7,57.42,64.47,71.43,75.81
08017,50.08,47.1,41.54,36.73,34.99,32.68,28.47
08019,12.61,9.4,5.0,2.03,0.92,-1.39,-6.14
08021,83.22,86.27,88.65,91.99,98.04,103.36,105.71
08023,99.68,100.36,99.49,100.08,102.88,105.05,104.59
08025,94.49,94.25,91.74,90.28,91.59,92.9,91.27
08027,72.62,71.76,69.86,68.76,70.28,71.81,70.99
08029,71.12,73.73,76.37,79.51,85.79,90.1,92.64
08031,6.91,5.97,3.58,2.24,2.92,3.02,0.5
08033,91.56,91.75,91.67,92.51,96.77,99.23,99.34
08035,0.38,0.31,-1.08,-1.46,0.24,1.51,-0.15
08037,0.0,-0.04,-1.19,-0.49,2.05,3.5,2.04
08039,8.63,9.62,8.68,9.02,11.85,13.8,13.77
08041,16.71,17.19,16.15,16.04,18.55,20.53,20.47
08043,71.76,74.4,75.87,78.39,83.16,88.4,91.0
08045,5.76,4.22,1.62,0.84,1.66,1.04,-1.67
08047,9.71,6.79,2.64,-0.33,-1.48,-3.66,-8.31
08049,0.89,0.27,-1.83,-2.43,-1.47,-1.48,-3.87
08051,0.54,1.35,2.39,3.97,8.62,12.02,13.58
08053,39.83,60.84,81.89,103.25,128.51,151.93,172.71
08055,86.82,90.97,92.92,96.5,102.03,107.6,110.43
08057,9.11,5.73,0.65,-2.62,-5.42,-9.17,-15.14
08059,5.76,5.45,3.73,2.96,4.41,5.17,3.01
08061,44.03,53.59,60.68,68.58,78.82,89.19,97.56
08063,65.27,63.02,57.66,53.65,52.42,51.01,47.31
08065,2.23,4.02,5.25,7.59,12.08,16.21,17.09
08067,4.11,4.35,5.88,7.37,12.08,15.52,16.76
08069,5.48,5.41,3.17,2.54,2.79,2.71,-0.3
08071,73.96,76.04,76.55,78.26,82.56,85.81,86.65
08073,79.53,78.49,74.71,72.25,72.8,72.5,70.0
08075,42.31,42.8,40.0,38.47,39.08,39.06,36.31
08077,37.03,37.98,38.62,40.13,44.81,46.78,47.29
08079,83.22,86.09,89.36,93.12,100.25,106.07,108.94
08081,11.97,9.68,5.86,3.39,2.6,-0.1,-4.64
08083,45.78,48.98,52.47,56.92,64.34,70.38,74.52
08085,50.08,55.9,61.91,68.28,78.54,86.4,92.35
08087,17.54,17.1,13.72,12.27,12.32,11.79,8.77
08089,83.79,83.97,81.51,80.52,81.58,83.01,81.61
08091,13.34,12.26,11.03,10.92,14.32,15.56,14.95
08093,4.81,6.56,7.23,8.61,12.32,15.91,16.43
08095,37.89,33.62,26.16,19.63,15.43,10.81,3.72
08097,1.02,0.76,0.06,0.92,3.56,5.4,4.57
08099,80.64,80.91,79.32,78.49,79.97,81.01,80.8
08101,69.79,71.75,71.83,72.59,75.7,78.94,79.69
08103,16.05,11.58,5.12,0.19,-3.05,-8.24,-14.53
08105,60.17,57.64,54.84,53.17,54.52,54.43,51.78
08107,0.54,0.07,-1.7,-2.18,-1.59,-1.97,-4.7
08109,72.62,68.37,64.01,60.12,59.34,57.58,53.65
08111,2.55,11.11,20.28,29.24,42.17,53.01,61.84
08113,5.48,5.69,6.0,6.63,11.03,13.42,13.67
08115,41.45,41.22,37.6,35.07,34.61,33.41,29.56
08117,0.19,0.25,-0.58,-0.33,2.31,3.8,2.56
08119,38.78,37.25,34.51,32.29,32.56,32.73,30.29
08121,26.52,29.54,29.62,31.83,35.38,38.65,39.27
08123,10.98,9.59,5.82,3.79,3.15,1.9,-2.19
08125,9.71,13.89,14.42,16.75,21.4,25.69,27.35
09001,3.76,3.67,1.04,0.42,-0.55,-2.21,-4.02
09003,19.8,19.14,16.35,15.05,13.23,11.68,9.24
09005,8.25,8.54,6.89,6.71,5.85,5.05,3.71
09007,6.24,7.13,5.89,6.27,6.18,5.9,4.89
09009,16.05,15.75,13.09,12.09,10.36,8.39,6.04
09011,23.72,24.51,23.68,24.32,24.22,24.32,24.05
09013,4.52,5.27,3.8,4.75,5.01,5.06,4.5
09015,27.19,29.79,30.62,33.63,35.84,38.12,39.63
10001,29.96,32.32,31.97,34.22,34.72,36.6,37.81
10003,13.72,13.85,11.82,12.12,10.99,10.73,10.0
10005,42.31,40.21,35.72,33.73,29.48,26.8,24.02
11001,14.45,14.49,13.86,14.55,13.51,13.82,13.55
12001,9.71,9.69,9.55,9.52,8.73,7.61,8.81
12003,47.85,51.35,54.35,57.56,60.01,61.12,65.36
12005,62.56,65.9,69.2,71.59,73.44,75.75,78.87
12007,77.17,78.71,80.11,81.51,82.35,82.45,85.23
12009,47.85,46.86,44.43,42.42,40.7,38.78,37.46
12011,16.05,15.14,12.95,9.87,7.36,4.14,1.53
12013,96.5,95.33,94.58,93.86,91.54,89.82,89.17
12015,85.8,86.1,84.13,81.82,80.0,78.09,75.99
12017,86.44,86.96,87.31,87.03,86.41,85.27,86.03
12019,31.65,30.72,30.12,29.43,28.3,25.84,26.27
12021,16.71,16.09,13.01,9.91,6.68,3.7,0.72
12023,72.62,74.09,75.16,76.79,77.35,77.22,80.04
12027,47.85,45.84,41.66,37.32,32.71,28.37,23.89
12029,96.28,96.23,96.54,96.68,95.7,94.54,95.68
12031,27.19,29.24,31.59,33.73,35.37,35.82,38.6
12033,48.93,47.55,45.32,42.42,37.87,35.03,32.25
12035,61.64,60.89,59.43,57.84,56.53,53.91,53.44
12037,94.97,92.99,91.31,88.91,85.79,82.57,81.3
12039,61.64,67.32,73.37,79.21,83.71,89.06,95.55
12041,92.04,89.51,87.7,85.35,82.22,78.61,77.57
12043,82.43,86.23,88.23,89.71,91.57,93.44,94.97
12045,83.79,81.4,78.9,75.46,71.41,67.75,65.45
12047,96.05,95.16,93.98,93.08,91.38,89.52,89.79
12049,14.45,12.85,9.96,6.66,3.25,0.06,-3.5
12051,46.74,44.01,39.38,34.63,29.94,25.52,20.8
12053,80.64,79.72,78.81,76.69,74.76,72.56,71.7
12055,80.64,77.54,72.87,67.92,62.98,58.82,53.43
12057,18.94,18.32,16.77,14.46,12.9,10.5,9.33
12059,95.61,94.08,91.81,89.32,86.04,83.74,81.94
12061,55.71,58.8,60.49,63.17,65.52,67.93,70.06
12063,90.89,89.48,88.32,86.91,83.94,81.8,80.73
12065,78.16,76.05,73.74,71.59,68.74,65.38,64.42
12067,79.53,78.14,77.42,76.54,75.11,72.78,73.29
12069,50.08,52.59,54.37,55.76,56.95,57.32,59.51
12071,36.01,35.89,34.16,32.08,30.19,28.32,26.28
12073,6.24,8.22,10.34,12.55,13.45,14.62,17.8
12075,90.19,89.02,88.06,86.98,84.88,82.56,82.7
12077,87.81,87.3,87.11,86.59,85.02,83.78,83.64
12079,91.12,90.23,89.15,88.06,86.44,84.31,84.88
12081,33.4,34.57,34.18,33.02,32.5,31.72,31.47
12083,70.49,71.23,71.65,71.98,71.37,70.88,72.14
12085,44.73,46.04,46.36,46.48,47.13,47.1,47.58
12086,9.71,8.88,6.45,4.0,1.22,-1.18,-3.73
12087,32.51,26.59,20.35,13.81,6.78,0.1,-7.57
12089,50.08,54.02,57.78,61.76,65.2,67.46,72.1
12091,37.89,36.63,34.86,32.35,28.97,26.49,24.17
12093,60.17,54.03,45.99,37.67,29.75,21.63,13.32
12095,7.9,8.5,8.05,7.53,7.31,6.06,6.16
12097,38.78,39.74,39.32,38.59,38.41,37.78,38.04
12099,18.94,19.02,17.88,16.29,15.63,14.21,13.11
12101,59.22,60.25,60.83,60.35,60.53,59.88,60.16
12103,44.03,45.07,44.98,44.31,43.94,42.83,42.55
12105,47.85,48.74,48.26,47.32,47.27,46.89,47.23
12107,62.56,63.09,62.99,62.88,62.44,61.11,62.22
12109,11.97,13.53,14.93,16.28,17.24,16.93,18.88
12111,53.68,52.73,50.68,48.6,46.8,44.9,43.08
12113,44.03,46.63,48.72,49.99,50.05,50.89,51.96
12115,52.66,53.38,51.91,49.9,48.61,47.2,46.14
12117,10.32,10.02,8.92,7.85,6.84,5.12,4.7
12119,80.64,82.52,83.74,84.63,84.96,85.32,87.19
12121,69.02,71.39,73.71,76.48,78.43,79.6,83.66
12123,94.3,91.64,89.61,87.27,84.38,81.06,80.1
12125,45.78,46.36,46.58,46.83,46.44,45.16,46.77
12127,53.68,55.57,56.31,57.31,58.41,58.65,60.63
12129,74.59,66.43,58.1,50.19,40.87,31.53,24.36
12131,69.02,65.28,60.99,55.98,50.25,45.31,40.73
12133,85.32,84.66,83.95,82.89,80.87,79.5,78.91
13001,75.33,76.48,76.78,77.65,77.99,77.03,77.73
13003,46.74,46.94,46.6,45.82,44.91,43.71,43.9
13005,71.12,73.5,75.59,77.6,79.65,80.48,83.05
13007,72.62,77.19,81.49,85.81,88.51,91.66,96.54
13009,34.16,35.27,35.68,37.39,36.63,35.55,36.02
13011,56.73,57.5,57.74,59.61,59.31,58.91,59.0
13013,24.45,27.05,28.63,31.87,32.64,33.21,34.85
13015,37.03,40.19,42.78,46.08,47.87,48.56,50.71
13017,95.7,92.36,88.76,84.98,80.75,76.74,73.63
13019,71.76,77.94,84.07,89.53,94.48,99.68,106.54
13021,41.45,43.59,45.32,48.2,48.46,49.25,51.24
13023,85.32,82.74,79.58,77.23,72.81,68.39,65.62
13025,96.5,96.69,96.38,95.84,94.83,92.68,92.16
13027,89.62,88.77,87.82,86.68,84.8,82.78,82.85
13029,11.46,11.21,10.64,9.72,9.11,6.74,7.04
13031,19.8,20.53,20.47,20.46,20.49,19.42,20.34
13033,69.02,64.84,59.95,54.71,48.67,41.7,36.83
13035,44.03,45.88,47.14,49.83,49.93,49.76,50.78
13037,60.17,62.38,64.3,66.19,66.08,66.52,68.89
13039,10.98,15.71,20.0,24.4,28.39,31.3,36.29
13043,75.96,74.62,72.05,69.71,66.93,63.56,61.75
13045,50.08,50.8,51.36,53.06,53.11,52.84,53.64
13047,45.78,43.57,40.75,38.47,34.87,29.98,26.88
13049,29.96,35.34,40.37,45.36,49.71,52.97,58.61
13051,18.31,20.9,22.82,24.99,27.18,27.88,30.68
13053,57.62,54.6,51.64,49.03,44.47,39.86,36.47
13055,70.49,70.46,69.6,68.91,67.45,64.81,63.45
13057,4.81,5.13,4.77,5.22,4.33,2.47,2.0
13059,9.71,9.63,8.71,9.17,7.57,5.67,4.57
13061,94.49,86.78,78.75,70.88,60.99,51.72,43.79
13063,14.45,13.27,11.25,10.61,7.75,5.0,3.48
13065,84.24,82.2,79.6,76.81,74.0,70.84,69.2
13067,2.32,2.54,1.99,2.47,1.02,-0.95,-1.29
13069,53.68,59.76,65.52,71.16,76.48,81.45,87.85
13071,42.31,45.19,47.89,50.35,51.65,53.45,56.96
13073,9.11,9.7,9.08,8.86,7.22,4.8,4.18
13075,43.11,52.43,61.5,70.13,77.86,85.88,95.65
13077,9.71,9.72,9.67,10.61,9.98,8.96,8.76
13079,48.93,53.24,56.87,61.23,63.37,66.23,70.17
13081,85.32,82.15,78.4,75.91,71.07,66.21,63.1
13083,71.12,65.52,59.89,54.14,47.62,39.51,32.79
13085,20.89,21.73,21.73,23.16,22.6,21.62,22.32
13087,53.68,57.68,61.72,65.68,67.93,70.44,74.89
13089,7.45,7.49,6.47,6.66,4.65,2.61,2.01
13091,73.96,76.59,78.28,81.02,81.95,82.7,85.02
13093,50.08,56.62,62.68,69.41,74.3,79.37,85.81
13095,48.93,47.46,45.73,44.57,41.26,38.51,37.12
13097,18.31,18.61,18.85,19.9,19.52,18.55,18.74
13099,45.78,47.16,48.16,48.87,48.24,48.16,49.3
13101,39.83,37.11,33.75,30.33,26.58,22.25,19.75
13103,23.02,24.49,25.31,26.23,27.1,26.47,28.39
13105,71.12,73.26,74.95,77.69,78.51,78.76,80.09
13107,62.56,66.23,68.42,71.48,73.64,74.92,77.5
13109,51.74,52.7,53.14,53.55,53.49,52.26,53.36
13111,92.68,90.63,88.0,86.61,83.46,79.33,76.63
13113,6.24,5.53,4.28,3.93,1.71,-0.64,-2.13
13115,61.64,58.5,54.4,50.93,46.22,40.46,36.36
13117,1.46,1.41,0.91,1.6,0.27,-1.63,-2.26
13119,81.31,85.93,90.31,95.61,98.98,102.04,106.26
13121,5.16,5.61,5.18,5.96,4.37,2.77,2.93
13123,76.5,77.18,77.29,78.32,78.07,76.71,76.35
13125,36.01,30.32,23.72,17.89,9.86,1.38,-5.29
13127,46.74,48.45,49.68,50.76,51.76,51.03,52.22
13129,50.08,59.95,69.16,79.1,87.41,94.81,103.28
13131,72.62,78.15,84.05,89.91,94.24,99.08,105.77
13133,24.45,33.73,42.31,52.01,59.05,66.01,74.49
13135,1.15,1.03,0.25,0.89,-0.91,-2.83,-3.68
13137,58.42,57.49,55.79,55.84,54.04,51.57,49.93
13139,12.61,12.79,12.32,13.33,12.05,10.59,10.46
13141,47.85,41.32,34.42,28.75,20.52,11.87,4.99
13143,78.16,76.44,74.44,73.24,70.58,67.55,65.84
13145,61.64,62.43,63.13,64.16,63.32,62.4,62.79
13147,64.37,67.74,70.57,74.59,76.68,78.2,80.93
13149,92.96,88.65,84.06,80.79,76.02,70.87,66.63
13151,7.45,8.88,9.8,11.92,11.58,11.17,12.06
13153,17.54,21.15,24.0,27.66,29.02,30.69,33.78
13155,75.96,83.37,90.25,97.26,103.6,110.26,117.88
13157,36.01,35.45,34.17,34.39,32.22,29.79,28.37
13159,42.31,50.62,58.1,67.1,73.21,79.5,86.91
13161,64.37,65.52,66.35,67.44,68.06,67.68,69.23
13163,51.74,55.73,58.56,62.01,63.81,65.08,67.4
13165,77.17,72.39,66.47,60.6,54.12,46.84,41.43
13167,82.43,77.94,72.33,67.31,61.06,54.23,48.47
13169,46.74,45.08,42.52,41.43,37.61,34.06,31.57
13171,61.64,58.71,55.42,53.13,48.46,43.83,40.79
13173,82.74,82.0,81.11,79.57,77.79,75.72,75.1
13175,28.84,26.08,22.16,19.29,14.46,9.46,5.73
13177,13.72,10.41,6.73,3.68,-1.45,-6.16,-9.53
13179,28.18,27.75,26.95,25.84,24.64,21.75,21.26
13181,62.56,63.15,63.01,63.89,62.53,60.51,60.11
13183,28.84,38.94,48.38,57.72,66.96,74.74,84.53
13185,29.96,28.68,27.14,25.34,23.18,20.58,19.77
13187,45.78,46.56,46.78,48.55,48.3,47.18,47.97
13189,52.66,47.72,42.17,36.93,29.64,22.17,16.22
13191,98.38,98.71,98.66,98.37,98.24,96.14,96.19
13193,88.16,86.5,84.46,82.8,79.2,76.15,74.12
13195,56.73,63.14,68.99,75.88,80.9,85.84,91.65
13197,75.33,74.42,73.59,72.73,70.13,68.25,67.03
13199,83.79,83.95,84.21,85.08,84.13,83.35,83.28
13201,52.66,50.37,48.28,46.1,42.15,38.63,36.92
13205,65.87,72.04,78.1,84.24,88.94,94.29,101.17
13207,44.73,45.49,45.86,47.05,45.7,44.89,45.32
13209,60.94,62.29,62.12,63.19,62.98,61.9,62.56
13211,39.83,46.91,53.01,60.64,65.4,69.95,75.73
13213,56.73,55.04,52.76,50.87,47.89,43.76,40.64
13215,75.96,75.13,74.29,74.0,71.57,69.27,68.07
13217,36.01,39.9,42.77,47.26,49.07,50.84,53.65
13219,7.45,7.22,6.35,6.94,5.31,3.51,2.58
13221,54.76,61.28,67.53,74.65,79.41,84.19,89.78
13223,6.91,7.46,7.73,8.94,8.29,7.17,7.21
13225,28.18,33.11,37.13,42.11,44.71,47.99,52.35
13227,54.76,56.89,58.48,61.16,62.34,62.53,63.95
13229,86.44,84.5,82.13,79.44,76.42,72.65,70.76
13231,32.51,31.94,30.81,30.7,28.75,26.58,25.32
13233,65.27,62.34,58.76,55.77,51.37,46.29,42.61
13235,56.73,69.08,80.77,93.42,103.9,114.46,126.74
13237,50.08,47.1,43.26,40.85,35.68,30.29,26.37
13239,99.08,98.11,96.77,95.84,92.36,89.65,88.5
13241,57.62,59.86,61.09,64.16,65.69,65.88,67.53
13243,89.62,83.13,76.6,70.17,61.54,53.29,46.75
13245,70.49,68.96,66.53,63.9,60.46,56.16,53.14
13247,10.98,8.99,6.07,4.4,0.49,-3.5,-6.57
13249,69.02,65.65,62.31,58.92,53.8,49.26,45.79
13251,73.96,67.84,60.85,53.71,46.05,37.61,31.4
13253,60.17,60.93,61.88,62.89,62.27,61.92,63.18
13255,59.22,59.81,59.9,61.16,60.15,58.98,59.23
13257,79.08,78.95,78.12,78.8,77.53,75.79,74.98
13259,96.91,94.22,91.62,89.03,84.43,80.23,77.45
13261,45.78,43.65,41.36,39.28,35.19,31.68,29.43
13263,92.04,86.56,80.96,75.21,67.7,60.61,54.16
13265,96.05,95.97,95.72,95.93,93.87,91.57,90.8
13267,80.64,76.06,70.73,65.55,59.88,53.2,48.56
13269,58.42,57.69,56.82,55.82,53.34,51.66,50.63
13271,65.87,54.89,43.1,31.65,19.46,6.82,-4.43
13273,71.76,57.78,43.96,30.51,15.05,-0.25,-13.9
13275,61.64,64.27,66.89,69.5,71.13,72.99,76.76
13277,52.66,57.74,62.89,67.51,71.61,75.76,81.39
13279,40.75,40.79,39.37,39.01,37.72,35.7,35.24
13281,78.16,73.77,69.22,66.1,61.12,54.92,50.3
13283,83.22,80.24,75.57,72.27,67.69,62.28,58.42
13285,65.87,63.18,60.53,58.45,54.86,51.08,48.18
13287,84.24,85.11,85.5,86.79,86.25,85.85,86.73
13289,75.96,77.39,77.91,79.57,79.1,78.57,79.27
13291,90.19,88.71,87.01,86.86,84.79,81.55,79.97
13293,81.31,74.89,68.06,61.72,53.29,45.21,38.23
13295,84.75,81.56,77.86,74.63,70.11,64.15,59.75
13297,23.02,23.97,24.01,25.34,24.38,23.38,23.27
13299,80.64,79.54,78.3,76.76,74.95,72.41,71.59
13301,80.01,60.43,40.4,20.92,-1.01,-23.16,-43.39
13303,43.11,45.6,47.59,50.23,50.99,51.24,52.92
13305,79.08,75.35,71.17,66.68,61.93,56.0,51.95
13307,92.68,85.28,77.92,70.47,61.03,52.19,44.71
13309,45.78,45.08,43.02,41.84,39.81,37.08,36.07
13311,52.66,56.19,59.17,64.08,67.1,69.05,72.2
13313,22.32,18.38,13.66,9.56,4.3,-2.57,-7.78
13315,80.01,80.92,80.95,81.75,80.99,80.31,81.0
13317,77.17,75.34,73.27,71.88,68.13,64.4,61.92
13319,55.71,57.71,58.84,61.48,61.56,61.61,63.14
13321,52.66,59.18,65.44,71.95,76.84,82.21,89.14
15001,32.51,31.5,29.47,27.91,27.73,24.77,21.98
15003,11.46,12.64,11.48,11.19,11.85,10.82,10.19
15005,23.72,49.08,72.78,97.58,122.75,146.13,170.31
15007,20.89,14.88,6.09,-1.98,-8.75,-17.05,-24.38
15009,11.46,12.48,12.34,13.53,14.73,14.95,15.62
16001,6.91,7.6,8.63,8.11,9.21,12.36,11.48
16003,84.24,85.11,86.48,85.85,87.84,90.36,90.7
16005,38.78,41.9,44.23,46.08,50.27,53.79,55.52
16007,36.01,35.37,33.73,31.8,31.95,31.24,28.83
16009,77.84,76.78,75.3,73.41,73.57,74.74,74.88
16011,29.96,32.15,33.35,34.33,37.75,39.86,40.77
16013,0.45,-0.17,-1.23,-3.48,-3.57,-2.98,-4.82
16015,58.42,63.54,68.84,72.63,78.35,85.55,89.37
16017,51.19,54.54,57.74,59.98,65.03,71.2,75.92
16019,27.19,29.04,29.15,29.46,31.57,32.49,32.15
16021,77.17,73.94,70.0,65.1,63.0,61.28,59.28
16023,84.24,71.81,59.01,45.79,34.65,22.75,9.07
16025,78.16,67.86,57.09,45.75,35.76,27.28,16.05
16027,37.03,34.74,33.01,29.45,27.43,27.46,23.77
16029,37.89,38.31,37.45,36.89,37.82,38.31,36.94
16031,24.45,22.12,19.41,16.04,14.73,13.69,10.51
16033,81.31,52.51,22.07,-8.09,-36.56,-66.12,-96.05
16035,97.71,98.1,98.09,96.5,97.74,99.77,100.14
16037,67.62,73.08,78.81,83.45,90.37,96.71,101.19
16039,37.03,32.64,28.16,22.55,18.6,16.59,11.23
16041,31.65,34.12,35.41,36.2,39.47,41.9,42.38
16043,29.96,26.49,20.63,15.42,11.74,6.45,0.9
16045,62.56,71.64,81.28,89.11,99.24,110.37,118.48
16047,44.73,43.23,40.73,37.52,36.34,36.4,33.79
16049,86.82,89.34,92.04,92.99,96.85,100.95,103.22
16051,23.02,21.48,17.49,14.11,12.16,8.91,4.92
16053,26.52,22.14,17.3,11.46,7.95,5.08,-0.22
16055,33.4,32.85,32.05,30.4,31.54,33.44,34.23
16057,14.45,17.03,19.34,20.26,24.09,28.33,31.41
16059,68.26,75.2,82.87,88.58,97.65,106.02,111.94
16061,86.82,87.82,88.62,87.77,89.71,92.31,92.88
16063,34.16,31.0,27.11,22.53,20.18,18.89,14.7
16065,0.29,-0.76,-4.0,-6.79,-8.03,-10.59,-14.04
16067,30.82,26.31,21.65,16.55,13.44,10.57,5.1
16069,67.62,68.56,69.01,68.13,69.99,72.65,73.39
16071,47.85,57.68,66.66,75.67,86.57,96.74,105.09
16073,50.08,52.71,55.5,56.49,58.99,63.48,64.43
16075,40.75,46.32,52.16,56.26,62.78,70.22,74.84
16077,48.93,56.65,63.68,70.52,79.54,88.51,95.46
16079,82.74,87.2,91.23,94.85,100.54,107.86,113.56
16081,18.31,11.29,2.39,-6.17,-12.88,-21.55,-30.52
16083,25.25,24.43,23.03,20.79,20.61,21.05,19.43
16085,53.68,65.29,77.53,87.62,100.23,113.76,124.95
16087,85.8,83.42,81.6,77.74,76.47,75.8,72.65
17001,34.89,33.71,28.75,24.26,21.61,17.55,13.93
17003,95.45,94.41,93.11,90.07,89.09,87.72,85.46
17005,46.74,51.23,54.48,56.94,61.81,65.59,69.47
17007,4.39,6.55,7.27,8.62,10.62,12.75,14.11
17009,11.46,12.95,11.13,10.05,10.73,10.01,9.58
17011,28.18,29.41,28.91,28.73,29.39,29.68,29.68
17013,55.71,59.25,60.95,62.38,66.03,68.4,71.26
17015,53.68,48.9,41.73,35.22,29.06,23.4,17.51
17017,31.65,30.36,26.02,22.71,20.51,17.23,14.56
17019,3.09,3.24,2.9,1.47,1.96,1.73,1.76
17021,40.75,39.8,37.07,33.81,31.96,29.85,28.08
17023,43.11,51.17,59.58,66.9,76.08,84.06,92.79
17025,67.62,71.87,75.48,78.46,83.29,87.07,90.95
17027,17.54,22.36,26.22,29.27,34.63,39.33,43.71
17029,32.51,32.14,31.32,29.8,29.69,28.76,28.36
17031,9.71,9.09,7.43,6.42,6.1,5.63,4.15
17033,54.76,57.16,59.49,61.0,64.21,66.14,68.69
17035,74.59,74.27,73.59,71.99,72.09,71.13,70.79
17037,2.9,4.42,4.51,5.37,6.55,7.92,8.6
17039,29.96,26.18,20.86,15.06,10.77,6.28,1.59
17041,9.71,10.42,10.47,9.44,10.38,10.31,10.69
17043,1.97,1.91,0.83,0.22,0.19,0.35,-0.34
17045,41.45,47.53,54.0,59.46,66.62,72.8,79.37
17047,54.76,53.91,53.02,51.8,52.21,51.6,51.12
17049,19.8,22.92,25.11,26.91,30.04,32.17,35.03
17051,63.67,63.72,62.82,61.26,61.56,60.96,60.78
17053,50.08,55.22,60.11,64.26,69.74,74.96,79.81
17055,85.32,83.91,82.23,79.27,78.54,76.93,74.52
17057,44.73,45.13,42.57,40.78,40.02,39.24,38.44
17059,85.8,87.93,90.23,91.57,94.35,96.02,97.68
17061,54.76,54.73,52.53,50.0,49.39,47.5,46.43
17063,10.98,11.7,11.2,10.88,11.61,12.33,12.38
17065,61.64,60.57,59.28,57.64,57.52,56.47,55.0
17067,41.45,37.87,30.35,23.39,18.17,12.23,6.48
17069,99.59,99.6,100.05,99.08,99.87,99.54,99.15
17071,59.22,61.56,60.66,60.65,61.54,62.43,63.12
17073,18.94,19.92,18.42,18.02,18.37,18.47,18.33
17075,29.96,34.13,37.33,40.45,45.0,48.95,52.59
17077,23.72,25.12,26.24,26.0,27.97,29.28,29.72
17079,37.89,46.42,54.62,62.05,70.89,78.7,87.06
17081,62.56,66.8,69.92,72.68,77.42,81.1,84.79
17083,11.97,18.8,23.96,28.91,36.29,42.06,48.71
17085,21.46,20.84,18.61,16.46,14.28,13.14,11.29
17087,77.17,73.33,69.83,64.61,61.69,57.53,52.94
17089,1.97,2.02,1.2,0.9,0.94,1.17,0.44
17091,58.42,59.06,58.36,58.05,58.74,59.09,59.13
17093,1.02,1.09,-0.0,-0.87,-0.85,-0.81,-1.46
17095,47.85,52.45,54.22,56.98,60.82,64.51,67.74
17097,1.97,2.15,1.15,0.73,0.94,1.22,0.45
17099,25.25,26.94,27.18,27.62,28.72,29.73,30.5
17101,75.96,81.66,87.25,92.29,98.81,104.28,110.36
17103,18.94,25.13,29.82,35.3,41.0,46.51,51.97
17105,32.51,36.85,39.78,42.63,46.64,50.45,53.84
17107,46.74,47.26,45.71,44.23,43.95,43.47,43.02
17109,14.45,17.58,17.02,17.39,18.85,20.04,21.32
17111,1.97,2.43,1.6,1.34,1.75,2.5,2.03
17113,4.81,4.54,2.42,0.57,-0.24,-1.26,-2.39
17115,37.89,41.27,42.9,44.04,46.64,48.92,50.96
17117,51.19,52.8,52.74,52.26,53.81,54.53,55.92
17119,21.46,22.53,22.27,21.32,23.02,23.66,24.62
17121,75.96,74.01,71.25,67.95,66.84,64.83,62.71
17123,32.51,30.4,26.32,22.45,19.74,16.26,12.48
17125,60.94,58.52,53.14,48.52,45.15,41.17,37.24
17127,84.24,83.29,82.69,80.21,79.9,78.16,75.95
17129,19.8,22.69,23.22,24.13,26.3,27.55,29.29
17131,28.18,26.23,20.98,17.09,13.85,11.23,7.53
17133,7.9,7.16,4.98,2.19,2.33,1.1,-0.36
17135,39.83,40.53,39.4,38.29,38.69,38.37,38.5
17137,44.03,42.44,38.23,34.58,31.98,28.24,25.44
17139,19.8,16.88,12.69,7.97,4.57,0.5,-3.36
17141,11.97,16.17,19.01,21.98,25.49,29.16,32.44
17143,14.45,14.28,12.0,10.3,9.7,8.67,7.64
17145,61.64,59.03,55.66,51.34,49.47,46.78,43.34
17147,9.11,11.0,11.53,11.49,13.19,14.12,15.24
17149,51.74,53.62,52.48,51.9,53.26,52.94,53.32
17151,89.62,92.8,96.74,99.04,103.35,106.45,109.13
17153,95.29,94.79,94.05,91.57,91.29,90.42,88.72
17155,13.72,15.31,15.25,15.31,16.67,17.29,17.63
17157,51.19,49.29,46.29,43.03,42.18,40.27,37.27
17159,69.02,70.31,71.62,72.44,74.78,76.23,78.05
17161,28.84,28.05,24.54,22.42,20.88,19.85,18.05
17163,28.84,27.88,25.65,22.73,22.84,21.63,20.39
17165,88.98,88.46,88.18,86.95,87.36,86.41,85.22
17167,36.01,35.55,32.81,30.38,29.15,27.15,25.59
17169,51.74,57.92,61.27,65.11,70.2,74.56,79.32
17171,28.18,22.43,13.91,5.78,-0.61,-8.28,-15.27
17173,44.73,35.25,24.02,12.51,2.64,-8.06,-18.43
17175,62.56,60.53,56.56,53.15,50.61,47.47,44.16
17177,44.03,41.55,37.43,33.31,29.54,26.36,23.08
17179,14.45,14.32,12.1,10.29,9.85,8.73,7.61
17181,69.79,69.18,68.14,65.78,65.89,64.91,63.17
17183,47.85,48.9,50.15,50.48,52.63,53.69,54.85
17185,69.02,70.82,73.1,74.95,78.17,80.31,83.06
17187,19.8,21.25,19.45,18.61,18.49,18.61,18.2
17189,34.89,29.67,23.28,16.45,12.01,6.54,0.48
17191,58.42,61.78,64.5,66.98,70.86,74.18,77.09
17193,76.5,78.57,80.73,82.36,85.81,88.08,90.17
17195,44.03,46.62,47.32,48.65,50.47,52.38,54.15
17197,2.55,2.82,2.07,1.37,1.41,1.52,1.18
17199,51.19,55.3,59.69,62.57,67.73,71.98,75.34
17201,30.82,32.65,32.85,33.21,34.37,35.68,36.62
17203,5.16,5.06,2.96,0.83,0.32,-0.84,-2.17
18001,18.31,20.35,21.75,23.65,26.12,28.03,29.34
18003,16.71,18.17,18.91,20.34,22.23,23.38,24.11
18005,23.72,23.8,24.07,24.53,25.49,25.82,26.26
18007,71.76,69.83,67.74,65.22,64.11,61.74,59.72
18009,88.98,87.22,84.78,82.68,81.27,79.98,77.97
18011,3.09,5.19,7.28,9.14,12.4,14.97,17.37
18013,18.31,19.27,19.94,20.59,22.41,23.1,24.19
18015,39.83,44.23,48.54,53.07,58.82,63.44,68.35
18017,37.89,40.8,43.35,46.41,50.28,53.51,56.51
18019,44.73,46.48,47.59,49.37,51.22,52.86,54.58
18021,68.26,70.52,73.05,74.98,78.83,81.41,83.98
18023,37.03,33.98,30.95,27.56,25.94,23.09,20.17
18025,86.44,86.02,85.27,84.7,84.86,83.6,83.36
18027,30.82,33.3,35.82,38.22,41.83,43.93,46.92
18029,20.89,19.82,18.66,17.84,16.71,16.23,14.66
18031,31.65,33.37,34.7,36.27,38.27,40.34,42.46
18033,63.67,58.8,52.88,47.63,43.38,38.07,32.02
18035,64.37,62.39,60.17,58.07,56.55,55.41,53.67
18037,7.45,8.29,9.0,9.78,11.56,11.99,13.38
18039,30.82,31.23,30.63,31.03,32.53,33.15,33.01
18041,85.8,82.33,78.52,75.04,71.62,68.56,64.68
18043,34.16,33.89,33.69,33.97,34.18,34.19,34.21
18045,62.56,64.66,67.11,69.08,72.35,74.17,76.56
18047,32.51,32.3,31.79,31.56,31.48,31.81,31.29
18049,56.73,57.39,57.24,57.63,59.1,60.4,60.59
18051,37.89,42.6,47.52,52.59,58.75,63.76,69.62
18053,71.12,69.8,68.09,66.5,66.01,65.21,63.85
18055,72.62,75.8,78.79,81.64,86.1,89.11,92.3
18057,1.02,0.95,0.87,0.51,1.37,2.07,2.67
18059,24.45,25.07,25.64,26.22,27.71,29.22,30.76
18061,59.22,64.03,68.52,73.35,78.62,83.05,87.71
18063,6.24,9.32,12.46,15.08,19.38,22.99,26.27
18065,62.56,63.03,63.01,63.25,63.9,64.88,65.46
18067,65.87,66.48,66.37,66.68,67.77,68.3,68.78
18069,38.78,39.2,38.89,39.18,39.88,40.42,40.66
18071,23.72,24.92,26.26,27.98,30.31,31.75,33.81
18073,33.4,28.62,23.44,18.38,14.02,9.4,4.64
18075,59.22,58.01,56.49,55.55,54.79,54.07,52.61
18077,52.66,49.38,45.61,42.28,39.11,35.65,32.16
18079,50.08,49.65,48.91,48.85,49.03,48.7,48.74
18081,7.9,8.38,8.76,9.27,10.91,11.95,12.73
18083,37.03,46.56,55.87,64.8,75.34,84.36,94.2
18085,21.46,24.5,26.65,29.7,33.1,36.2,38.19
18087,10.32,10.37,9.74,9.79,10.81,10.6,9.71
18089,36.01,35.34,34.22,33.44,33.35,33.09,32.17
18091,37.03,35.04,32.13,30.69,29.6,28.3,26.32
18093,62.56,63.69,64.81,65.87,68.01,68.5,69.81
18095,72.62,70.95,69.01,66.82,65.67,64.83,63.71
18097,33.4,33.73,34.08,34.07,35.32,36.37,37.1
18099,28.84,30.98,32.61,35.12,38.01,40.64,42.41
18101,29.96,39.18,48.23,57.06,67.13,75.65,85.02
18103,65.87,63.32,60.16,57.64,56.1,53.93,51.38
18105,10.98,11.23,11.19,11.02,12.51,12.06,12.39
18107,42.31,43.38,44.91,46.12,48.72,49.79,50.94
18109,44.73,46.1,47.28,48.44,51.07,52.61,54.09
18111,53.68,45.72,37.16,28.88,21.22,13.17,5.08
18113,30.82,32.03,32.09,32.99,34.57,35.22,35.25
18115,16.71,22.96,28.8,35.23,40.92,47.29,52.67
18117,64.37,69.55,74.33,79.22,84.9,89.49,94.75
18119,61.64,64.54,67.21,69.48,73.57,76.03,79.21
18121,45.78,52.53,59.75,66.06,74.25,80.84,87.78
18123,43.11,44.45,45.9,47.19,49.46,50.46,51.83
18125,66.92,71.26,75.8,80.35,86.08,90.46,95.52
18127,13.34,12.39,11.18,10.61,10.17,9.78,8.89
18129,17.54,19.36,21.43,23.08,26.25,27.97,29.84
18131,65.27,64.13,62.17,60.33,59.49,58.54,57.0
18133,46.74,49.59,52.55,54.71,58.95,61.77,64.37
18135,60.94,59.21,57.19,55.82,54.66,53.69,51.74
18137,34.89,33.7,32.21,31.2,30.21,29.25,28.06
18139,51.19,50.53,49.5,48.89,48.59,48.59,48.32
18141,32.51,32.04,30.73,31.0,31.47,31.73,30.99
18143,77.17,71.76,66.26,61.03,56.12,50.68,45.44
18145,25.25,28.06,31.13,34.52,38.39,41.9,45.47
18147,34.89,35.65,36.14,36.7,38.21,38.53,39.26
18149,69.02,67.03,64.5,62.8,61.43,59.84,57.51
18151,34.89,39.1,42.61,46.69,52.24,55.82,59.51
18153,75.96,74.13,72.36,70.3,69.83,67.82,66.6
18155,37.03,45.07,52.66,60.91,68.38,76.31,83.69
18157,6.91,6.64,6.33,5.93,7.08,6.82,6.98
18159,65.27,63.53,61.52,59.2,58.27,56.89,55.41
18161,38.78,40.06,41.47,42.94,44.4,46.26,46.91
18163,37.03,39.85,42.66,45.43,49.38,51.83,54.95
18165,63.67,65.8,68.57,70.28,73.75,76.12,78.98
18167,60.17,65.08,70.26,74.57,80.98,85.86,91.17
18169,52.66,48.61,43.53,39.18,35.54,31.89,27.43
18171,65.27,60.03,54.87,49.13,44.63,39.09,33.77
18173,11.97,14.52,17.24,19.83,23.45,25.85,28.72
18175,65.87,67.19,68.07,68.94,70.41,71.37,72.49
18177,69.79,70.52,70.83,71.67,72.53,73.97,74.32
18179,25.25,25.01,24.21,24.17,24.3,24.08,23.28
18181,48.93,51.05,52.28,53.9,56.58,58.45,60.51
18183,47.85,51.64,54.49,58.0,62.09,65.72,68.87
19001,41.45,44.48,42.76,41.9,43.28,43.95,43.43
19003,53.68,52.07,46.17,40.61,38.0,33.65,29.07
19005,18.94,18.25,15.61,13.58,11.32,9.52,7.36
19007,51.19,55.04,54.09,53.92,55.81,56.83,57.5
19009,17.54,20.13,18.97,17.81,19.67,20.3,19.82
19011,21.46,18.88,13.4,9.05,4.61,0.98,-2.85
19013,20.89,17.76,11.53,6.7,1.56,-3.37,-8.78
19015,23.02,30.5,34.47,39.08,44.81,50.43,55.18
19017,4.81,4.72,1.82,0.02,-1.83,-3.66,-5.69
19019,11.97,10.99,7.51,5.05,2.11,-0.07,-2.85
19021,4.11,4.18,0.25,-2.31,-3.33,-5.3,-8.74
19023,6.91,7.43,4.85,3.45,1.96,0.99,-0.14
19025,41.45,38.4,31.41,25.31,20.55,15.06,9.1
19027,13.72,13.41,8.88,4.68,3.04,0.17,-3.62
19029,59.22,52.58,41.82,31.53,23.89,14.68,4.66
19031,13.34,13.43,10.96,9.55,8.85,8.86,7.79
19033,27.19,32.14,33.49,36.4,39.34,42.07,45.21
19035,21.46,25.55,25.72,27.22,30.35,32.53,33.25
19037,30.82,33.72,33.87,35.69,36.88,38.31,39.12
19039,48.93,43.46,33.1,23.37,15.94,7.84,-1.18
19041,34.16,32.35,26.73,22.58,19.87,15.86,10.87
19043,19.8,24.45,27.78,31.2,34.54,38.92,42.73
19045,27.19,29.19,28.95,29.78,30.53,32.13,33.1
19047,23.02,23.64,19.81,16.55,15.6,13.49,10.44
19049,1.46,1.68,-2.18,-5.7,-7.45,-9.48,-12.11
19051,23.02,22.16,17.26,12.86,9.84,6.62,2.99
19053,66.92,68.94,65.69,63.92,63.96,63.33,61.56
19055,20.89,17.31,12.44,7.8,2.95,-0.83,-5.21
19057,41.45,42.89,40.92,39.5,39.29,39.18,38.73
19059,36.01,35.38,30.86,27.78,25.84,22.84,19.22
19061,13.72,12.99,10.93,9.02,7.27,6.84,5.47
19063,18.94,27.59,31.97,37.85,44.73,51.03,56.28
19065,38.78,37.09,33.56,30.66,27.8,25.4,22.61
19067,34.89,37.6,37.55,38.91,40.08,41.1,42.33
19069,29.96,28.56,23.35,19.48,16.08,12.65,9.19
19071,46.74,46.08,41.23,37.59,35.98,32.93,29.61
19073,61.64,60.41,55.46,50.72,48.0,44.6,40.43
19075,10.32,10.35,7.24,5.23,3.57,2.11,0.16
19077,33.4,33.64,29.92,26.81,25.64,23.79,21.04
19079,25.25,25.47,21.99,19.53,17.85,15.94,13.63
19081,10.98,14.85,14.83,16.42,18.14,19.89,21.75
19083,23.72,20.53,13.92,8.67,3.95,-0.89,-5.9
19085,47.85,47.42,43.19,39.28,37.35,34.21,30.73
19087,22.32,30.85,35.69,41.13,47.34,53.76,60.2
19089,19.8,18.86,15.21,13.34,10.5,8.27,5.49
19091,19.8,20.33,17.2,15.52,14.22,12.66,10.94
19093,28.84,28.33,23.57,19.7,18.12,15.19,11.27
19095,19.8,17.74,12.22,7.76,3.53,-0.08,-4.24
19097,21.46,22.09,20.96,20.28,19.79,20.14,19.96
19099,48.93,43.77,34.65,26.15,18.45,11.11,2.94
19101,5.76,5.83,1.74,-1.65,-4.26,-6.68,-9.21
19103,1.37,1.04,-2.24,-4.65,-6.06,-7.16,-9.16
19105,28.84,27.07,23.51,19.99,17.22,15.5,12.71
19107,45.78,45.71,41.35,37.94,35.48,33.2,30.55
19109,24.45,25.68,23.39,22.56,22.08,21.23,20.24
19111,52.66,57.41,58.16,59.45,62.04,64.32,66.6
19113,7.9,7.65,4.99,3.22,1.56,0.77,-0.5
19115,11.46,15.25,15.67,17.12,19.35,21.82,23.74
19117,44.73,47.25,44.83,43.41,43.84,43.87,42.82
19119,10.98,12.02,9.31,8.48,8.48,8.29,5.66
19121,18.31,19.49,16.08,13.05,12.2,10.77,8.38
19123,28.84,30.21,27.02,25.24,24.33,23.97,22.77
19125,21.46,24.73,23.77,23.64,24.28,25.3,25.65
19127,25.25,23.84,19.08,15.47,12.25,9.19,5.11
19129,54.76,58.52,58.34,58.87,62.08,63.27,64.36
19131,8.63,8.72,5.95,4.66,2.76,1.03,-0.85
19133,41.45,39.03,33.08,27.97,24.46,19.76,14.09
19135,42.31,40.09,33.35,27.54,23.3,18.61,13.71
19137,69.02,68.75,64.38,60.53,59.35,56.13,52.79
19139,16.71,14.86,9.93,6.36,3.45,1.28,-1.94
19141,23.72,23.82,20.19,18.64,17.88,16.37,13.44
19143,17.54,22.81,24.38,28.0,32.24,35.82,37.74
19145,58.42,58.64,54.54,51.37,50.37,47.75,44.81
19147,39.83,44.24,44.26,46.25,48.93,51.01,52.49
19149,9.11,13.69,14.86,17.42,20.96,23.78,24.83
19151,20.89,23.06,21.92,22.07,23.42,24.07,23.59
19153,10.32,11.12,8.25,5.45,4.03,2.58,0.52
19155,37.03,39.33,37.19,35.86,36.7,35.79,35.09
19157,28.84,23.3,13.98,5.7,-2.15,-9.38,-17.67
19159,52.66,52.58,47.71,43.27,41.34,38.4,34.51
19161,28.84,24.92,16.77,9.46,3.99,-2.38,-9.76
19163,8.63,8.64,6.27,5.11,4.44,4.47,3.59
19165,48.93,48.21,43.66,39.38,37.73,34.44,30.49
19167,0.67,1.54,-1.54,-2.78,-3.32,-4.14,-7.31
19169,0.86,1.25,-1.92,-4.33,-6.1,-7.87,-10.44
19171,30.82,26.98,19.97,14.17,8.05,2.62,-3.58
19173,40.75,39.31,33.46,28.0,24.78,20.16,15.21
19175,46.74,48.03,44.38,41.19,40.8,39.05,36.38
19177,32.51,30.7,24.47,19.07,15.04,10.42,6.31
19179,51.74,46.34,36.42,27.32,19.2,11.06,2.76
19181,10.98,12.4,9.57,6.98,5.98,5.0,3.05
19183,30.82,30.57,26.58,23.1,20.56,18.45,15.66
19185,65.27,65.27,60.36,56.44,54.71,52.32,48.51
19187,44.73,41.72,35.01,29.19,24.5,19.38,13.61
19189,34.89,37.8,36.69,37.21,37.91,38.33,39.12
19191,2.74,2.67,0.47,-0.63,-2.25,-3.62,-5.29
19193,18.94,20.34,18.2,17.33,17.82,17.4,15.49
19195,32.51,32.55,29.22,27.62,25.49,23.75,21.85
19197,29.96,29.8,25.86,23.0,20.5,18.17,15.66
20001,82.74,82.03,78.84,77.34,77.77,77.29,75.76
20003,65.87,51.76,35.16,19.84,6.69,-6.86,-21.85
20005,57.62,56.39,51.46,47.95,45.87,43.19,39.33
20007,44.03,44.47,43.19,41.37,42.11,42.55,41.76
20009,38.78,35.12,29.19,23.83,20.92,16.9,11.8
20011,69.79,71.99,71.75,72.71,75.78,77.76,78.96
20013,65.27,66.03,62.64,61.13,60.76,59.82,57.16
20015,28.84,24.85,19.08,13.65,11.0,7.33,2.75
20017,59.22,58.33,55.01,52.74,53.09,52.72,50.36
20019,95.29,93.85,91.12,88.78,89.55,89.69,88.23
20021,84.75,83.49,80.53,78.63,78.06,77.12,75.34
20023,51.19,53.77,52.83,53.28,56.48,59.27,60.11
20025,56.73,52.83,46.88,40.94,37.57,34.06,29.01
20027,54.76,50.86,43.85,37.98,34.77,30.26,24.26
20029,54.76,51.19,44.51,39.0,35.43,30.95,24.65
20031,30.82,35.44,37.34,40.58,46.32,51.2,55.34
20033,46.74,41.77,34.79,27.9,23.47,18.89,12.98
20035,61.64,59.48,55.94,52.53,52.05,51.1,48.73
20037,51.74,52.2,50.74,50.37,51.82,52.35,52.35
20039,90.51,88.67,83.75,79.43,78.56,76.8,72.64
20041,53.68,57.13,57.56,59.25,63.78,66.43,68.21
20043,36.01,40.02,39.87,41.18,44.08,46.15,46.68
20045,6.24,6.6,3.58,2.0,2.54,2.09,0.32
20047,32.51,40.28,45.55,51.32,60.14,68.11,74.88
20049,85.32,87.46,87.43,88.04,91.72,94.82,96.34
20051,10.32,11.56,10.36,9.73,12.13,13.88,13.73
20053,55.71,56.73,55.07,54.43,56.53,57.36,57.11
20055,6.24,6.76,6.08,4.76,6.92,8.95,9.22
20057,9.11,7.79,4.77,1.69,1.33,0.46,-1.52
20059,43.11,40.23,34.53,30.25,27.93,25.01,20.92
20061,11.97,14.88,14.38,15.3,18.63,20.66,21.34
20063,30.82,33.42,34.31,35.09,39.33,42.97,44.63
20065,71.12,74.16,74.55,75.21,79.0,82.55,84.06
20067,1.46,5.15,7.52,10.09,15.47,20.76,23.69
20069,10.32,12.8,13.71,14.52,17.79,21.1,22.85
20071,33.4,46.23,56.89,66.94,80.99,94.62,106.15
20073,65.87,73.14,77.68,83.23,91.63,99.02,105.58
20075,25.25,18.43,10.55,1.91,-3.41,-9.1,-16.88
20077,36.01,43.64,49.33,55.0,62.86,70.49,76.27
20079,25.25,28.82,30.25,32.36,37.29,41.04,43.45
20081,5.48,3.89,0.61,-2.27,-2.46,-2.85,-5.06
20083,70.49,62.44,52.63,42.95,36.51,29.05,20.14
20085,36.01,45.07,50.17,56.53,64.87,72.68,78.72
20087,30.82,34.51,34.83,36.59,40.01,43.12,44.27
20089,44.73,50.67,53.89,57.59,63.1,67.88,70.93
20091,3.09,3.42,0.61,-1.36,-0.94,-1.64,-3.66
20093,17.54,16.89,15.05,12.6,13.35,14.22,12.69
20095,44.03,49.55,53.08,56.42,62.83,68.65,73.08
20097,73.96,61.92,47.23,33.03,21.77,9.96,-3.42
20099,74.59,73.68,71.5,70.0,69.96,69.62,68.33
20101,62.56,62.85,61.63,60.24,62.42,63.97,63.58
20103,38.78,40.64,39.22,38.87,40.54,41.06,40.6
20105,36.01,42.68,46.48,51.74,59.17,65.39,70.52
20107,80.64,77.63,72.38,67.77,65.49,62.5,58.06
20109,37.03,34.91,30.55,26.36,26.0,24.68,21.23
20111,25.25,28.16,28.12,29.43,33.23,36.57,38.31
20113,17.54,18.25,16.64,15.68,17.68,18.32,17.89
20115,61.64,55.21,46.23,37.93,32.39,25.88,17.69
20117,43.11,46.28,45.4,46.19,48.43,49.89,50.0
20119,9.11,7.8,4.63,1.47,0.97,0.4,-2.02
20121,19.8,18.54,14.13,10.72,9.67,7.88,4.62
20123,33.4,36.4,36.04,36.84,39.68,41.64,41.95
20125,73.96,70.83,66.23,62.26,60.49,58.4,55.08
20127,55.71,58.25,57.69,58.54,61.97,64.56,65.27
20129,34.16,37.96,40.75,43.51,48.79,53.84,57.2
20131,24.45,26.38,23.9,23.0,23.44,23.45,22.25
20133,67.62,66.64,63.64,62.17,62.32,61.71,60.24
20135,56.73,51.74,44.73,38.11,34.88,30.21,24.45
20137,50.08,49.67,45.88,42.76,42.74,42.19,39.52
20139,66.92,64.75,59.78,56.05,54.35,52.05,48.2
20141,59.22,67.01,71.96,78.1,86.05,93.51,98.99
20143,42.31,36.91,28.63,21.4,16.83,10.88,3.39
20145,59.22,60.11,58.56,57.34,59.31,60.11,59.62
20147,46.74,47.68,45.01,43.23,44.05,44.68,42.86
20149,4.52,5.48,2.89,1.81,2.56,2.93,1.37
20151,37.03,36.21,33.28,30.05,29.56,28.3,25.87
20153,58.42,59.54,57.69,56.8,58.14,58.96,57.66
20155,43.11,42.81,39.95,38.03,38.6,38.27,37.18
20157,59.22,48.66,34.75,21.76,10.64,-0.91,-14.72
20159,37.89,40.9,41.66,42.88,46.89,49.68,51.28
20161,0.89,2.26,-0.01,-0.46,1.22,1.78,0.46
20163,60.17,53.57,44.45,35.98,30.39,24.36,16.04
20165,60.94,61.43,59.34,57.95,59.53,60.03,58.97
20167,65.87,64.72,61.09,58.75,58.74,57.85,55.83
20169,22.32,23.04,21.07,19.98,21.68,22.08,20.66
20171,15.09,12.4,7.87,2.75,1.45,-0.4,-3.76
20173,21.46,19.51,15.83,12.57,12.14,10.73,8.23
20175,1.97,1.83,-0.73,-3.41,-3.08,-3.11,-4.81
20177,43.11,43.1,39.78,37.59,37.3,36.61,34.36
20179,37.89,39.76,39.02,38.66,41.73,43.45,43.61
20181,69.79,66.07,58.84,52.79,49.87,46.68,41.39
20183,68.26,70.12,68.78,68.44,70.24,71.56,70.95
20185,44.73,45.86,44.53,43.48,45.33,46.24,45.98
20187,11.46,13.79,15.09,16.13,19.97,23.6,24.65
20189,11.46,9.21,5.41,1.28,0.17,-1.53,-4.9
20191,38.78,35.16,29.76,24.71,22.14,19.23,14.99
20193,19.8,18.67,15.0,11.68,11.39,10.45,7.35
20195,6.24,7.19,5.88,4.94,7.0,8.68,8.14
20197,32.51,40.77,45.64,52.16,60.51,68.51,74.62
20199,58.42,65.46,69.17,73.43,81.04,88.38,93.78
20201,55.71,48.25,37.48,27.72,20.19,11.42,1.01
20203,14.45,24.67,33.07,40.95,52.81,64.06,73.77
20205,92.36,92.18,90.08,88.89,89.94,90.26,89.46
20207,76.5,77.98,77.09,77.93,81.0,82.88,84.13
20209,38.78,38.77,35.51,33.23,32.64,31.17,28.46
21001,64.37,67.41,70.46,74.0,76.08,77.83,80.56
21003,67.62,72.73,78.38,83.34,88.43,92.39,96.96
21005,38.78,43.91,49.54,55.85,60.88,66.15,71.01
21007,57.62,50.49,43.49,34.38,27.71,19.68,10.84
21009,80.64,81.07,82.23,83.24,84.03,83.65,83.85
21011,90.51,92.01,93.17,95.64,97.49,99.52,101.15
21013,99.46,99.1,99.69,100.85,100.67,100.21,100.29
21015,13.34,13.62,13.81,14.69,14.63,15.79,15.43
21017,43.11,46.12,49.1,53.36,56.22,59.68,62.71
21019,85.8,85.42,84.87,85.6,85.33,85.72,84.67
21021,71.76,68.55,65.22,63.12,59.4,55.52,51.67
21023,48.93,45.52,42.28,39.83,36.69,34.44,30.74
21025,99.9,99.95,100.0,100.82,101.36,101.7,102.65
21027,85.32,86.08,87.24,88.37,89.77,90.16,90.88
21029,40.75,43.09,45.94,49.44,52.02,54.42,56.89
21031,84.75,87.84,91.77,94.85,98.72,101.38,104.03
21033,69.79,73.08,76.66,78.61,82.04,84.19,86.26
21035,37.89,35.81,34.41,31.23,29.3,26.16,22.89
21037,25.25,21.78,18.77,16.24,13.03,10.56,6.78
21039,47.85,48.25,48.98,47.69,48.66,48.51,47.6
21041,81.95,81.1,79.72,79.15,77.93,77.0,75.74
21043,81.95,81.18,80.08,80.43,80.11,80.43,79.65
21045,88.98,89.04,88.98,89.77,88.92,88.16,87.79
21047,31.65,37.79,44.56,49.64,55.52,60.61,65.84
21049,63.67,65.88,68.15,71.65,73.75,76.39,78.82
21051,93.47,94.4,95.7,98.22,99.41,101.13,102.69
21053,52.66,50.74,49.11,47.54,44.76,41.33,39.37
21055,65.27,68.31,71.41,73.11,76.76,78.65,80.69
21057,65.27,60.18,55.16,50.41,44.32,37.7,32.11
21059,50.08,53.36,56.69,59.86,63.96,66.87,70.17
21061,97.71,98.24,99.41,99.99,100.96,100.96,101.0
21063,91.82,91.33,90.64,91.03,90.91,91.41,91.36
21065,98.38,98.51,98.33,99.19,98.98,99.65,99.73
21067,16.05,15.82,15.56,16.72,16.03,15.97,15.83
21069,87.81,90.58,93.17,96.91,100.04,103.84,106.35
21071,99.11,99.33,99.98,101.21,101.54,102.2,102.8
21073,61.64,62.64,63.48,65.43,66.04,66.83,67.15
21075,86.82,89.37,91.88,92.47,94.42,95.96,96.61
21077,48.93,48.81,48.64,49.1,48.5,48.76,48.06
21079,80.64,82.1,83.59,86.34,87.36,88.68,89.33
21081,48.93,52.48,56.01,60.1,63.22,67.6,70.75
21083,47.85,51.38,55.32,57.26,61.29,63.93,66.37
21085,89.4,85.53,82.12,78.44,74.88,70.4,66.59
21087,94.97,96.29,97.84,99.91,101.06,101.5,102.61
21089,83.22,80.94,78.55,77.17,75.17,73.57,70.63
21091,73.48,76.73,80.39,83.74,88.23,91.22,94.6
21093,55.71,60.65,65.9,72.11,77.35,82.29,87.38
21095,99.71,99.81,100.36,101.99,102.69,102.8,103.34
21097,75.96,75.17,74.48,75.02,74.09,74.1,73.08
21099,88.16,87.61,88.19,88.82,88.74,87.93,87.38
21101,75.33,76.98,78.64,79.65,82.23,83.1,84.47
21103,62.56,63.22,63.75,65.05,65.39,66.18,66.52
21105,79.53,85.81,92.12,96.43,102.38,107.56,111.94
21107,66.92,66.43,65.96,64.15,64.0,62.24,60.64
21109,99.84,99.71,99.9,101.04,101.07,101.26,101.53
21111,44.73,43.76,42.48,42.2,41.27,40.36,39.25
21113,50.08,51.06,52.27,54.52,55.14,56.24,56.73
21115,99.17,99.29,99.63,100.8,101.38,102.34,103.22
21117,38.78,37.54,36.65,36.26,35.07,34.88,33.26
21119,98.79,99.23,100.22,102.11,103.1,104.34,105.9
21121,82.74,76.97,71.73,67.53,61.9,56.37,51.18
21123,77.17,81.11,86.0,91.42,95.47,99.16,103.42
21125,74.59,72.78,71.61,71.7,70.04,68.82,67.52
21127,97.1,96.59,96.25,96.76,96.87,97.09,96.9
21129,99.97,99.82,99.47,100.29,100.65,100.89,101.28
21131,99.55,99.76,100.43,102.44,103.26,104.21,105.41
21133,98.89,99.6,100.87,102.67,103.75,104.71,105.84
21135,94.49,94.33,93.8,94.43,94.39,94.96,94.12
21137,88.98,88.01,87.17,87.53,86.04,85.04,83.76
21139,91.82,90.96,90.73,88.6,88.46,86.97,85.39
21141,59.22,57.75,56.94,54.7,53.17,50.36,48.34
21143,95.7,93.79,92.72,89.68,88.33,85.77,82.92
21145,64.37,61.04,57.88,53.03,50.0,45.8,40.88
21147,99.11,98.35,98.54,99.41,98.76,97.91,98.0
21149,72.62,72.27,71.95,71.08,71.34,69.81,68.77
21151,53.68,54.53,55.4,57.33,57.86,58.88,59.47
21153,98.5,98.73,99.39,100.77,101.74,102.72,103.88
21155,47.85,54.86,62.36,70.47,77.32,83.68,90.94
21157,48.93,51.89,55.8,57.64,61.09,63.45,65.58
21159,99.75,99.66,99.92,100.8,101.28,101.88,101.91
21161,61.64,66.81,71.78,78.01,83.66,90.07,94.9
21163,54.76,60.9,66.96,73.51,80.02,85.87,91.96
21165,95.7,93.52,91.14,89.71,87.94,86.16,84.46
21167,81.95,80.95,80.0,80.09,78.56,77.29,75.74
21169,94.3,94.16,94.68,95.35,94.88,94.18,93.84
21171,94.97,94.16,93.92,93.75,92.67,90.89,89.93
21173,81.95,83.61,85.02,87.76,89.7,91.67,93.57
21175,94.81,95.59,96.2,97.71,99.23,100.49,101.87
21177,85.8,86.26,86.97,86.8,87.85,87.56,87.53
21179,60.94,61.78,62.93,64.91,65.82,66.66,67.33
21181,57.62,70.68,83.72,97.87,110.98,124.84,137.64
21183,90.13,89.03,88.11,86.68,85.96,84.13,82.63
21185,2.32,2.86,3.17,4.08,4.37,4.87,4.99
21187,76.5,80.64,84.93,90.33,94.62,99.46,103.75
21189,99.97,99.55,99.28,100.21,100.38,100.62,100.86
21191,64.37,67.86,71.26,75.34,78.84,83.3,86.33
21193,98.15,98.71,99.84,101.6,102.58,103.97,105.75
21195,99.59,99.35,100.03,100.93,101.24,101.95,102.11
21197,97.58,96.22,94.48,93.72,92.32,91.04,89.8
21199,88.98,89.15,89.28,90.49,90.14,89.72,89.98
21201,77.84,79.74,81.41,84.19,86.09,88.59,89.99
21203,94.49,94.12,94.1,95.29,94.67,94.52,94.51
21205,59.22,59.67,59.95,61.43,62.16,63.43,64.09
21207,90.51,88.08,85.49,83.6,80.1,76.36,73.65
21209,28.18,23.85,19.54,16.6,11.95,7.87,3.43
21211,22.32,23.83,25.05,27.01,27.87,29.23,30.31
21213,43.11,41.91,41.5,40.17,38.69,36.16,34.13
21215,39.83,37.83,35.77,34.61,32.33,30.51,28.33
21217,71.76,77.04,82.63,88.6,93.68,98.13,103.25
21219,62.56,53.83,45.62,36.07,26.96,16.95,7.02
21221,63.67,65.09,67.12,67.24,68.47,68.74,69.18
21223,73.96,69.49,64.46,60.17,55.45,50.76,45.83
21225,84.75,83.64,82.81,81.34,81.5,79.91,78.66
21227,41.45,42.83,44.8,45.83,47.0,47.13,47.75
21229,67.62,71.48,75.48,80.67,84.26,87.93,91.68
21231,97.61,97.22,97.29,97.94,97.06,95.93,96.02
21233,87.81,86.71,85.39,83.38,82.96,80.79,78.81
21235,90.19,86.09,82.67,80.04,76.02,71.95,68.5
21237,99.43,99.34,99.12,100.0,100.45,100.91,101.63
21239,34.89,33.01,31.4,31.2,29.16,27.49,25.33
22001,74.59,73.1,71.62,69.8,65.76,64.31,60.9
22003,80.64,84.78,88.49,92.03,93.47,98.0,100.12
22005,19.8,18.75,17.33,16.12,12.77,11.41,9.46
22007,73.48,75.79,78.1,80.28,80.16,81.76,82.93
22009,83.79,77.9,71.79,65.12,56.95,50.7,42.85
22011,86.82,87.21,87.52,87.78,86.08,87.16,85.62
22013,90.51,88.53,86.47,85.0,81.39,80.72,77.75
22015,24.45,23.48,22.04,21.56,18.94,18.86,16.41
22017,45.78,46.08,45.62,45.94,44.05,44.8,43.51
22019,64.37,62.44,60.53,58.7,54.94,54.17,50.77
22021,63.67,53.14,42.81,31.85,19.69,9.67,-1.55
22023,72.62,66.82,61.01,55.34,47.64,42.89,35.71
22025,73.96,58.06,42.12,25.35,7.42,-8.37,-25.2
22027,87.33,85.44,83.29,81.8,78.83,78.36,75.23
22029,77.17,52.73,28.07,3.09,-23.19,-47.28,-72.81
22031,71.12,68.71,65.64,63.04,58.19,56.11,52.4
22033,26.52,29.16,31.14,32.97,33.04,34.66,35.91
22035,51.74,54.54,57.32,59.96,61.19,64.15,66.24
22037,72.62,66.26,59.89,52.77,43.8,36.59,28.79
22039,86.82,88.56,90.12,91.21,90.54,92.35,92.19
22041,75.96,75.98,76.18,75.85,74.68,75.53,75.17
22043,85.32,81.65,77.81,73.78,67.77,63.79,58.77
22045,59.22,59.24,59.41,58.92,56.06,55.5,53.54
22047,65.87,70.57,74.89,78.89,81.23,84.98,88.46
22049,85.8,88.03,90.35,92.66,93.71,97.13,98.27
22051,30.82,29.93,28.47,26.53,22.99,21.27,19.34
22053,90.13,86.24,82.66,78.89,72.48,68.97,63.17
22055,20.89,19.18,17.66,15.47,10.95,8.95,5.46
22057,60.17,59.78,58.57,57.25,54.19,52.98,51.5
22059,64.37,56.62,48.83,40.65,30.84,23.27,14.75
22061,34.89,33.66,31.97,30.53,27.52,27.27,24.36
22063,45.78,45.94,45.65,45.32,42.89,42.49,41.58
22065,34.89,28.29,21.79,15.12,7.14,0.53,-6.44
22067,65.87,61.81,58.04,53.86,48.13,45.21,40.46
22069,65.87,65.5,64.89,63.89,61.0,60.93,58.99
22071,34.89,33.8,32.2,30.0,25.81,23.84,21.52
22073,21.46,21.68,21.98,22.01,20.48,21.29,19.94
22075,9.71,7.16,3.99,-0.33,-6.16,-9.96,-13.86
22077,65.87,68.58,70.77,72.5,73.12,74.97,76.0
22079,83.79,78.39,72.79,67.14,59.35,53.77,46.63
22081,50.08,46.75,43.63,40.87,35.43,33.21,29.05
22083,22.32,28.51,34.88,40.75,45.96,52.66,58.06
22085,75.33,65.92,56.45,47.06,35.69,26.87,16.07
22087,27.19,24.08,20.14,15.73,9.53,5.43,1.04
22089,27.19,22.91,18.19,13.29,6.38,1.17,-4.12
22091,96.21,94.53,92.71,90.71,86.63,84.66,81.91
22093,51.74,51.86,51.18,51.09,48.62,48.31,47.39
22095,46.74,43.03,39.03,34.89,28.48,24.01,19.32
22097,34.16,31.54,28.44,24.88,19.43,16.13,11.31
22099,46.74,46.89,47.08,46.75,43.99,43.64,42.2
22101,80.01,73.53,66.83,59.54,50.51,43.25,34.75
22103,42.31,43.03,43.31,42.91,40.76,40.71,40.37
22105,83.79,84.17,84.12,83.67,81.28,81.23,80.12
22107,40.75,34.3,28.06,21.57,14.08,7.98,1.03
22109,51.74,46.04,39.59,32.87,24.24,17.68,10.33
22111,50.08,52.36,54.75,57.08,58.02,61.48,62.49
22113,42.31,45.44,48.68,51.31,51.66,54.69,55.83
22115,71.76,69.8,67.33,65.32,61.07,59.42,56.0
22117,95.45,94.84,93.85,92.18,88.95,87.66,86.13
22119,83.22,81.12,78.51,76.91,73.48,72.56,68.97
22121,40.75,41.51,41.53,41.54,39.75,39.79,39.14
22123,44.73,38.57,32.47,25.96,18.22,12.54,5.52
22125,53.68,39.24,24.85,9.65,-7.11,-22.41,-38.23
22127,90.51,87.09,83.64,79.99,74.7,71.77,67.16
23001,61.64,58.5,53.78,49.39,46.42,43.22,39.33
23003,91.82,91.28,89.31,88.1,86.94,85.93,85.9
23005,17.54,16.79,13.44,11.14,9.74,8.21,6.25
23007,65.27,62.3,58.47,54.8,52.03,49.33,45.81
23009,56.73,53.85,48.5,44.54,41.14,37.56,34.53
23011,64.37,62.54,59.41,56.41,54.77,53.01,50.82
23013,57.62,57.33,55.25,53.87,53.74,53.28,53.05
23015,46.74,48.64,49.16,50.17,52.39,53.77,55.62
23017,72.62,72.55,70.68,69.44,69.23,69.09,67.72
23019,69.02,70.7,70.06,70.71,71.82,72.6,74.41
23021,95.92,96.9,96.34,96.6,97.08,97.78,98.91
23023,44.73,39.69,33.11,26.92,22.24,16.98,11.57
23025,71.76,76.99,80.54,84.64,89.18,93.87,99.09
23027,61.64,59.5,55.48,52.28,49.91,47.71,45.56
23029,84.75,85.79,84.78,84.07,84.24,83.86,84.35
23031,39.83,40.87,38.87,38.67,38.92,39.61,39.34
24001,74.59,75.53,75.83,77.04,78.48,79.72,79.65
24003,5.76,6.43,6.33,7.47,7.16,7.88,8.33
24005,16.05,15.76,13.97,14.28,12.64,12.32,11.31
24009,8.63,10.61,11.38,14.14,14.99,17.01,18.91
24011,43.11,45.23,45.42,47.44,47.88,49.87,51.29
24013,4.52,6.37,6.87,9.05,9.8,11.62,12.26
24015,22.32,22.71,21.13,21.9,20.79,20.76,20.17
24017,4.52,3.6,1.73,1.27,-0.59,-1.47,-2.67
24019,62.56,61.89,59.24,58.41,56.08,55.04,53.85
24021,8.25,8.22,7.68,7.92,6.97,7.01,6.65
24023,37.89,41.85,45.05,49.29,53.9,58.13,61.55
24025,8.63,9.63,8.93,10.07,9.72,10.46,10.54
24027,0.89,0.92,-0.03,0.33,-0.9,-1.22,-1.93
24029,51.74,45.4,37.08,30.83,22.95,16.24,9.05
24031,1.69,1.74,0.77,0.89,-0.49,-0.55,-1.09
24033,2.9,3.3,2.85,4.04,3.35,3.86,4.19
24035,9.11,9.54,8.36,8.72,7.65,8.07,8.01
24037,13.72,14.65,13.85,14.85,14.36,15.15,15.72
24039,55.71,56.85,55.76,57.04,56.77,58.02,59.24
24041,28.84,32.18,33.76,37.18,38.98,42.05,44.81
24043,48.93,50.27,51.26,52.99,53.94,55.56,56.31
24045,18.94,15.84,10.57,7.18,2.84,-0.57,-4.13
24047,42.31,42.03,39.64,38.94,37.27,36.81,36.27
24510,51.74,50.85,48.55,48.13,46.03,45.14,43.67
25001,29.96,31.8,32.38,35.01,37.18,38.71,40.28
25003,41.45,44.42,45.15,46.89,48.96,50.95,52.11
25005,37.89,37.76,35.93,36.4,35.7,35.51,34.85
25007,1.37,1.94,0.66,1.41,1.74,1.78,1.6
25009,17.54,18.37,17.28,18.36,18.69,19.37,19.75
25011,38.78,37.95,34.6,33.61,32.41,30.85,28.33
25013,55.71,54.69,51.72,51.03,49.63,48.41,45.93
25015,10.32,10.94,9.42,10.27,10.67,11.01,10.16
25017,4.11,4.15,2.04,2.15,1.22,0.69,-0.4
25019,1.24,1.6,0.7,1.58,2.15,2.32,2.05
25021,6.91,6.39,4.01,3.88,2.85,2.23,1.14
25023,16.05,15.43,12.65,12.35,11.12,9.98,8.9
25025,21.46,21.65,19.94,20.68,19.85,19.75,19.16
25027,16.71,17.48,16.86,18.11,18.61,19.51,19.19
26001,91.56,91.91,90.96,91.43,92.61,93.68,94.21
26003,78.16,77.66,75.81,75.6,75.53,76.15,75.74
26005,18.31,15.36,11.76,9.26,7.41,4.98,1.5
26007,74.59,74.19,72.43,71.95,72.54,72.56,72.09
26009,43.11,47.23,50.46,54.6,60.13,65.22,69.17
26011,86.44,85.91,84.5,83.93,84.54,85.19,84.51
26013,61.64,58.41,52.74,48.95,45.26,42.85,38.34
26015,39.83,35.84,31.56,27.75,25.01,21.55,17.06
26017,55.71,57.79,59.61,61.84,65.37,69.16,71.16
26019,75.33,69.64,62.96,57.02,52.31,47.52,41.08
26021,38.78,39.7,39.81,41.02,42.98,44.63,45.67
26023,41.45,40.79,39.13,38.14,38.94,37.76,36.76
26025,51.74,52.17,52.05,52.1,54.21,54.72,55.03
26027,50.08,56.87,63.1,70.01,77.97,85.03,91.8
26029,53.68,51.37,47.63,45.14,44.03,42.43,40.12
26031,82.43,82.8,82.0,82.43,83.83,84.88,85.44
26033,75.33,71.48,66.51,63.08,59.79,57.06,53.31
26035,94.3,92.57,90.22,88.18,88.11,87.82,86.56
26037,12.61,14.45,15.88,17.3,20.42,23.07,24.41
26039,89.62,87.28,83.06,80.17,78.74,76.89,74.51
26041,74.59,73.84,71.59,70.89,70.1,70.48,69.53
26043,52.66,59.15,63.02,67.82,72.92,79.21,84.17
26045,34.89,41.54,47.68,53.85,61.58,68.87,75.11
26047,29.96,32.66,33.45,35.74,39.57,42.67,45.25
26049,58.42,59.4,60.03,60.57,62.66,64.33,64.78
26051,86.82,87.49,87.79,88.5,90.93,93.1,94.21
26053,69.79,63.78,55.41,48.3,42.31,36.4,29.37
26055,23.72,24.14,23.4,23.66,25.13,26.31,26.08
26057,53.68,50.96,48.17,45.07,43.93,42.39,39.68
26059,48.93,46.04,42.36,39.02,37.13,33.72,30.56
26061,22.32,19.19,13.01,9.02,5.51,2.63,-1.96
26063,67.62,63.65,59.44,55.38,52.52,49.81,45.46
26065,22.32,22.56,22.3,21.89,23.31,24.0,23.78
26067,48.93,44.61,39.45,34.91,31.63,28.01,22.75
26069,93.22,92.51,91.11,91.03,91.5,92.23,92.11
26071,85.32,81.97,75.9,71.51,67.58,64.43,59.9
26073,24.45,22.44,20.53,18.17,17.96,17.94,16.2
26075,50.08,50.13,49.74,49.38,50.72,50.82,50.22
26077,28.84,27.86,26.69,25.81,26.46,25.83,24.55
26079,65.87,71.35,75.48,80.64,87.42,93.83,99.16
26081,13.72,14.8,14.85,15.79,17.8,19.13,19.53
26083,88.98,85.75,79.21,74.81,70.94,67.41,62.09
26085,97.9,97.29,95.65,94.49,94.92,94.66,94.51
26087,36.01,38.27,40.17,42.24,45.93,49.66,51.57
26089,26.52,24.54,21.87,20.1,19.44,18.67,16.07
26091,48.93,50.32,51.48,52.82,55.07,55.96,57.07
26093,5.76,6.94,7.29,7.81,9.49,10.85,11.33
26095,97.9,97.15,95.8,95.66,96.06,96.58,96.6
26097,84.24,79.23,73.53,68.95,65.01,61.31,56.54
26099,34.89,35.17,34.29,34.4,35.28,35.84,35.66
26101,78.16,77.09,74.97,73.14,73.03,72.39,71.17
26103,28.18,31.12,32.6,35.21,37.71,41.82,44.36
26105,63.67,65.05,65.71,66.56,68.52,70.2,71.69
26107,53.68,53.32,52.78,52.06,53.09,53.77,53.53
26109,65.87,69.47,71.3,73.86,76.68,80.79,83.31
26111,32.51,31.21,30.02,28.43,29.18,29.5,28.32
26113,65.27,69.3,72.25,75.75,81.23,86.02,90.3
26115,28.84,27.27,25.63,23.83,23.21,21.68,20.37
26117,73.96,73.91,73.2,72.73,73.84,74.5,74.0
26119,97.71,97.65,96.34,96.45,97.42,97.93,98.17
26121,51.74,52.92,53.14,54.22,55.57,56.86,56.99
26123,68.26,71.02,73.46,76.25,79.79,83.04,86.1
26125,16.71,16.98,16.28,16.23,17.19,17.96,17.81
26127,69.79,69.7,68.7,68.38,69.01,68.74,67.99
26129,94.49,94.12,92.25,91.46,92.3,92.63,92.5
26131,61.64,67.64,71.09,76.27,81.75,88.39,93.63
26133,70.49,69.85,68.41,67.17,67.9,68.03,67.74
26135,91.56,91.94,90.74,91.45,93.01,94.0,94.86
26137,50.08,54.99,58.32,63.07,68.98,74.48,79.6
26139,6.91,7.03,6.09,6.39,6.81,6.77,5.9
26141,80.64,80.12,78.18,77.43,77.6,77.37,76.46
26143,97.39,97.86,96.61,96.73,98.23,99.49,100.13
26145,54.76,55.89,56.81,58.0,60.74,63.24,64.05
26147,59.22,60.78,61.43,62.96,65.47,67.66,68.84
26149,33.4,37.96,41.61,46.06,51.88,56.12,60.14
26151,57.62,59.11,59.88,61.17,63.9,66.69,68.09
26153,87.33,86.19,84.28,83.74,83.55,84.03,83.28
26155,51.19,51.74,52.11,52.23,54.08,55.35,55.17
26157,72.62,74.49,76.06,78.02,81.27,85.08,86.77
26159,41.45,44.38,46.63,49.83,54.17,57.15,59.85
26161,2.9,2.84,2.38,2.02,3.03,3.05,2.66
26163,57.62,57.1,55.79,54.85,54.87,54.84,53.67
26165,60.17,59.62,58.05,56.71,57.5,57.31,56.73
27001,75.33,73.74,69.45,66.03,62.87,59.72,55.25
27003,5.16,5.68,2.85,1.07,-0.71,-1.98,-4.45
27005,23.02,21.83,18.38,15.46,13.06,10.8,6.18
27007,23.02,21.12,17.06,13.57,11.41,9.28,5.08
27009,25.25,26.34,24.49,23.89,23.33,23.19,21.18
27011,60.94,59.39,55.28,51.79,50.0,47.47,42.82
27013,4.81,5.28,1.52,-0.47,-2.76,-4.97,-7.74
27015,11.46,9.46,3.48,-1.18,-5.19,-9.69,-14.85
27017,17.54,17.34,14.36,12.32,11.36,10.09,7.86
27019,0.32,0.43,-2.95,-5.21,-7.79,-9.46,-11.82
27021,57.62,56.79,53.17,49.68,47.2,45.11,41.28
27023,32.51,31.49,26.17,22.3,19.56,17.01,11.8
27025,16.05,17.04,14.97,13.84,12.61,11.47,9.54
27027,9.71,8.6,5.01,1.95,0.58,-0.55,-4.37
27029,62.56,60.33,55.06,50.72,47.95,45.01,39.94
27031,18.94,18.28,14.67,12.54,11.04,10.25,7.28
27033,37.03,36.72,33.12,30.86,29.15,27.11,23.43
27035,41.45,39.13,33.96,29.56,26.04,22.55,17.69
27037,2.55,2.87,-0.71,-2.65,-5.3,-7.2,-9.39
27039,1.97,1.96,-0.65,-2.12,-4.25,-6.17,-7.93
27041,17.54,19.92,19.16,19.48,20.75,22.01,21.05
27043,28.84,27.31,22.13,18.41,14.35,10.38,6.3
27045,18.94,18.97,16.79,15.86,14.36,13.2,11.31
27047,31.65,33.07,31.31,30.82,29.7,29.03,28.23
27049,10.32,11.34,9.49,9.13,8.11,7.67,6.67
27051,48.93,43.07,34.52,27.1,20.6,14.07,4.87
27053,5.48,5.66,2.03,-0.29,-3.22,-5.24,-7.78
27055,16.05,13.77,10.11,6.91,3.95,0.84,-2.57
27057,39.83,41.49,40.89,40.35,40.73,41.42,40.28
27059,17.54,21.61,22.95,25.17,27.36,30.07,31.46
27061,54.76,54.9,53.03,51.67,50.8,50.13,47.81
27063,11.97,9.69,4.16,-0.11,-3.64,-8.05,-13.29
27065,51.74,58.52,62.39,67.38,72.73,78.11,82.38
27067,18.94,17.26,11.74,7.28,3.59,-0.27,-5.64
27069,42.31,41.29,35.92,31.81,30.29,28.91,24.26
27071,71.12,65.01,55.77,47.77,40.98,34.93,26.34
27073,50.08,46.75,39.46,33.54,29.02,24.21,16.53
27075,33.4,31.36,25.71,21.82,18.52,15.42,10.77
27077,24.45,22.55,17.89,14.42,12.8,10.55,6.05
27079,5.16,6.39,3.55,2.28,0.94,-0.25,-1.81
27081,34.89,33.44,27.77,24.02,21.02,18.01,12.54
27083,11.97,9.88,4.0,-0.61,-3.8,-6.95,-12.58
27085,10.32,11.95,9.59,8.28,7.32,6.44,4.67
27087,38.78,34.61,27.64,21.27,16.29,11.38,4.35
27089,26.52,23.54,16.36,10.49,7.23,3.76,-2.59
27091,30.82,33.25,31.49,31.38,32.15,32.4,31.98
27093,13.72,13.56,9.7,7.16,4.74,2.82,-0.67
27095,45.78,48.56,48.34,49.26,50.16,51.41,51.25
27097,25.25,24.04,19.37,16.06,12.97,9.72,5.12
27099,26.52,25.39,21.16,18.32,14.78,11.39,8.0
27101,27.19,28.18,25.51,24.62,24.45,23.98,21.55
27103,6.24,8.78,6.85,6.27,5.99,5.62,4.56
27105,13.72,12.43,7.8,4.53,2.29,-0.71,-5.33
27107,15.09,14.47,10.95,8.09,6.84,6.03,2.75
27109,3.09,4.0,2.57,2.21,1.55,0.93,0.07
27111,32.51,32.51,30.17,28.52,27.9,27.2,24.17
27113,31.65,28.91,22.47,17.21,14.03,11.08,5.44
27115,51.19,59.0,63.88,70.03,76.53,82.62,87.95
27117,25.25,24.74,20.65,18.8,17.19,15.39,11.23
27119,34.16,30.99,24.21,18.64,14.85,11.31,5.05
27121,37.89,36.03,30.55,26.37,23.26,20.1,14.84
27123,15.09,15.28,11.91,9.64,7.12,5.44,2.78
27125,25.25,23.54,18.58,14.75,13.19,11.44,7.58
27127,32.51,29.78,22.91,17.37,13.01,8.2,2.09
27129,22.32,19.47,12.95,7.05,2.17,-2.5,-8.43
27131,2.74,4.02,2.23,1.59,0.33,-0.32,-0.99
27133,18.94,17.64,12.48,9.18,6.79,3.95,-1.41
27135,14.45,12.16,6.13,1.54,-1.22,-4.23,-9.79
27137,37.89,38.79,36.37,35.32,35.38,35.15,33.63
27139,0.67,0.8,-2.53,-4.63,-7.15,-9.17,-11.35
27141,3.09,3.14,0.27,-1.38,-3.6,-4.62,-7.48
27143,12.61,12.34,8.16,5.19,2.51,-0.02,-3.58
27145,8.63,9.36,7.12,6.11,4.98,4.19,1.8
27147,12.61,12.72,9.99,8.45,5.96,4.0,2.5
27149,15.09,16.48,14.68,14.25,15.2,15.77,14.0
27151,46.74,42.67,34.7,27.97,22.43,16.68,8.55
27153,31.65,31.55,28.27,26.06,24.58,23.17,19.99
27155,62.56,67.79,70.48,73.62,78.83,83.17,85.3
27157,13.72,13.82,11.64,10.68,9.36,8.04,6.55
27159,63.67,65.45,64.32,63.78,64.2,64.44,62.94
27161,17.54,18.01,15.3,13.98,11.6,9.73,7.89
27163,2.45,2.6,-0.5,-2.73,-5.03,-6.99,-9.38
27165,14.45,12.21,6.23,1.84,-1.94,-5.98,-11.11
27167,21.46,29.23,34.29,40.31,47.97,54.86,59.84
27169,10.32,11.88,11.53,12.5,12.81,13.4,13.37
27171,1.37,1.65,-1.27,-2.98,-5.35,-6.36,-8.8
27173,23.02,21.42,15.86,11.53,8.36,5.69,-0.08
28001,65.87,56.88,48.16,38.96,28.39,19.52,9.93
28003,82.74,82.02,81.48,79.41,77.82,75.71,73.5
28005,98.09,94.35,90.67,86.37,80.43,76.05,71.02
28007,85.8,83.56,81.67,78.6,74.46,71.72,68.71
28009,77.84,75.85,74.34,71.74,69.64,67.18,63.94
28011,23.72,39.09,55.17,69.71,83.58,100.14,114.69
28013,85.32,84.9,84.4,82.53,80.16,78.87,76.86
28015,57.62,61.82,66.86,70.34,73.05,77.57,81.09
28017,61.64,61.55,61.56,60.11,58.29,56.69,55.27
28019,94.81,95.3,95.46,94.35,92.75,92.4,91.85
28021,37.03,38.15,39.92,41.88,41.86,43.52,44.95
28023,97.71,95.48,93.23,89.72,85.31,82.09,79.1
28025,64.37,54.93,45.55,34.77,23.71,13.24,2.89
28027,53.68,50.1,46.73,42.29,37.41,34.63,29.77
28029,56.73,58.65,60.5,62.71,62.86,64.69,66.36
28031,95.29,94.13,92.77,90.56,87.54,85.75,84.23
28033,11.97,12.52,12.98,12.45,12.27,12.71,10.83
28035,88.67,86.58,84.16,80.66,75.99,73.37,70.09
28037,75.96,76.96,78.38,79.65,78.89,79.87,80.3
28039,79.08,81.62,83.09,83.41,82.72,84.14,84.82
28041,92.04,93.31,93.29,92.15,90.33,90.08,89.69
28043,81.31,85.36,90.24,93.46,95.89,100.28,103.06
28045,66.92,67.35,67.13,65.86,63.05,62.11,60.91
28047,47.85,48.87,48.86,47.34,44.58,43.56,42.51
28049,28.84,26.48,24.08,21.19,16.97,14.06,11.21
28051,27.19,29.79,33.16,34.95,35.96,38.78,40.75
28053,63.67,56.9,50.52,42.98,34.38,27.87,19.71
28055,98.6,91.57,84.52,77.3,69.12,62.44,54.77
28057,89.4,87.78,86.1,83.27,80.34,76.63,73.63
28059,66.92,67.76,67.7,66.83,64.5,63.97,63.37
28061,93.7,88.32,82.55,75.47,67.45,60.93,54.83
28063,71.76,64.15,56.88,49.62,41.01,33.52,25.88
28065,81.95,83.82,85.84,86.81,86.74,87.55,88.68
28067,77.17,74.11,70.58,65.73,60.14,55.82,51.95
28069,81.31,81.52,81.46,80.05,78.03,77.04,76.04
28071,10.98,9.8,8.35,5.69,3.35,1.43,-1.46
28073,52.66,49.61,46.17,42.01,36.59,33.11,29.07
28075,73.96,74.59,75.3,74.57,73.14,73.15,72.86
28077,68.26,63.96,59.8,55.14,48.69,43.83,39.07
28079,86.82,88.11,89.74,90.34,89.65,90.59,90.96
28081,63.67,63.03,62.42,60.52,59.07,56.64,54.65
28083,17.54,18.13,19.74,19.58,18.7,19.63,19.58
28085,56.73,53.83,51.48,48.78,44.13,41.33,37.94
28087,63.67,57.41,51.25,44.26,36.69,29.28,22.27
28089,6.91,7.47,8.24,8.47,7.21,7.57,7.66
28091,87.81,87.72,87.36,86.61,84.04,83.47,82.66
28093,46.74,40.95,35.74,29.15,23.18,17.38,9.94
28095,77.17,71.44,65.81,58.73,51.72,44.26,37.34
28097,73.96,76.17,78.96,80.06,80.4,82.56,83.83
28099,83.22,82.36,81.19,79.01,75.62,73.76,71.53
28101,81.95,80.53,78.85,76.06,72.27,69.9,67.7
28103,91.12,89.96,88.31,85.74,82.58,80.43,78.17
28105,20.89,18.16,15.36,11.22,6.65,2.96,-0.77
28107,57.62,55.52,53.65,50.39,47.51,45.56,42.29
28109,76.5,78.38,80.12,80.86,80.21,81.73,82.52
28111,98.98,98.86,97.79,95.53,91.82,90.31,88.19
28113,84.75,82.2,79.72,77.09,72.16,69.15,65.67
28115,68.26,71.63,74.95,76.88,79.27,81.48,83.23
28117,93.47,90.91,88.68,85.11,81.35,77.26,73.51
28119,54.76,59.28,64.13,67.57,70.9,75.64,79.01
28121,34.16,33.91,33.59,32.61,30.55,29.72,29.02
28123,86.82,87.16,87.76,87.37,85.52,85.16,85.2
28125,91.82,85.45,79.33,72.67,65.11,58.95,51.87
28127,62.56,65.9,69.55,72.28,73.51,75.77,78.64
28129,84.24,84.82,85.59,85.31,83.98,83.54,83.93
28131,67.62,73.07,77.52,80.76,82.63,86.43,89.81
28133,33.4,32.14,31.7,29.51,26.45,26.0,23.77
28135,66.92,74.63,83.04,89.78,96.32,104.69,111.74
28137,62.56,61.27,60.56,58.72,57.32,56.28,53.74
28139,92.36,88.41,84.6,79.51,75.01,70.25,65.02
28141,93.47,92.72,92.38,90.52,88.51,86.06,84.09
28143,42.31,43.56,44.69,45.13,45.53,47.02,46.08
28145,76.5,75.31,74.08,71.81,69.99,67.68,65.06
28147,89.97,88.98,87.5,86.24,82.99,81.41,79.31
28149,28.84,28.21,27.69,26.77,24.21,23.14,22.0
28151,88.16,82.57,77.78,71.5,64.71,59.94,54.03
28153,93.47,93.41,92.43,90.38,87.49,86.01,84.43
28155,82.74,83.58,84.39,83.97,82.75,82.74,82.36
28157,97.9,95.47,93.01,89.83,85.61,82.56,79.0
28159,72.62,73.54,74.41,74.07,73.25,73.5,73.35
28161,92.96,87.84,83.49,77.31,70.87,66.02,60.05
28163,76.5,72.06,67.68,62.32,56.22,51.65,46.07
29001,23.02,21.97,16.61,12.01,9.07,5.24,1.49
29003,31.65,34.31,32.46,31.81,33.02,33.03,31.87
29005,75.33,74.32,68.48,63.59,60.84,57.02,52.64
29007,60.94,54.29,44.14,33.83,25.93,16.86,8.37
29009,73.48,70.06,65.36,61.46,58.64,56.13,52.12
29011,72.62,76.32,78.05,81.01,84.95,88.4,91.18
29013,83.22,79.13,71.89,65.81,61.37,56.22,49.98
29015,91.44,93.39,92.79,92.79,94.45,95.84,95.71
29017,94.81,95.13,94.37,92.08,92.33,92.36,91.0
29019,9.71,8.66,4.41,0.2,-2.09,-5.29,-8.5
29021,52.66,52.92,49.14,46.84,46.34,44.56,41.58
29023,94.97,95.83,95.67,94.93,95.69,96.47,95.37
29025,67.62,69.18,66.34,64.5,64.53,63.06,61.11
29027,48.93,49.88,47.8,45.62,45.75,44.68,43.68
29029,71.76,69.08,63.72,58.48,55.35,51.75,46.81
29031,43.11,38.8,33.64,27.16,22.7,17.79,11.69
29033,52.66,55.95,55.34,55.66,57.79,59.02,59.97
29035,88.16,90.05,90.6,90.37,92.04,93.07,93.45
29037,23.02,24.74,22.99,21.97,23.04,23.64,22.9
29039,90.89,90.97,88.78,87.75,88.2,87.67,86.21
29041,82.74,78.81,71.09,64.23,59.11,53.41,47.07
29043,12.61,15.32,16.25,17.86,21.31,24.21,26.09
29045,60.17,52.36,40.33,28.81,18.98,8.5,-1.71
29047,15.09,15.77,12.76,11.0,10.66,9.51,7.62
29049,25.25,24.38,19.23,15.12,12.95,9.52,5.49
29051,42.31,39.33,33.71,27.82,23.99,19.61,14.37
29053,36.01,39.5,39.89,40.34,42.98,44.75,45.51
29055,85.32,87.17,87.39,86.47,88.46,89.41,89.3
29057,69.02,71.4,71.74,72.94,75.6,77.92,78.97
29059,79.53,84.15,86.0,88.24,93.01,97.01,99.69
29061,52.66,55.58,54.38,53.95,55.53,55.85,55.58
29063,65.87,67.22,64.69,62.88,63.02,62.04,60.18
29065,97.61,97.57,96.43,94.09,94.11,93.84,92.15
29067,86.44,88.18,88.77,89.73,91.85,93.95,94.91
29069,91.12,91.45,90.72,89.25,89.01,88.77,86.5
29071,19.8,19.89,17.88,15.08,15.28,14.38,12.91
29073,81.95,79.83,75.56,70.79,68.36,64.96,61.06
29075,59.22,60.28,57.0,54.86,54.27,52.5,49.8
29077,34.89,35.29,33.79,33.11,34.16,34.52,33.73
29079,57.62,54.29,47.06,40.53,36.24,30.75,24.44
29081,79.08,80.26,76.83,74.24,73.77,72.11,69.77
29083,91.12,87.59,80.98,75.69,71.76,66.99,61.41
29085,95.45,95.33,92.62,90.23,90.31,89.45,87.03
29087,60.94,59.15,52.83,47.6,44.41,39.8,34.09
29089,44.03,43.4,39.28,35.7,34.11,31.38,28.34
29091,74.59,78.52,81.22,83.59,86.89,90.59,93.35
29093,98.66,98.17,96.04,92.62,92.08,91.26,88.81
29095,29.96,30.68,28.22,26.3,26.25,25.71,23.99
29097,43.11,38.98,32.89,28.01,24.37,20.41,15.38
29099,31.65,29.3,25.4,20.58,18.53,15.56,12.06
29101,17.54,18.7,16.6,15.13,15.9,15.2,13.7
29103,77.17,78.84,76.34,74.29,73.96,73.08,72.48
29105,80.01,79.82,77.31,74.8,74.38,73.55,71.59
29107,44.73,45.42,42.49,40.3,39.88,38.4,36.5
29109,54.76,55.55,54.89,55.46,57.13,59.06,59.62
29111,30.82,27.37,19.86,12.66,7.21,1.02,-4.85
29113,62.56,61.49,58.28,54.6,53.56,51.09,48.96
29115,62.56,57.49,48.11,39.73,33.28,25.96,18.49
29117,48.93,46.8,40.45,35.0,31.45,26.94,21.88
29119,75.33,71.27,65.98,62.3,60.12,57.69,53.81
29121,56.73,64.75,68.91,73.45,80.07,85.86,91.81
29123,96.34,95.9,93.93,91.1,90.89,90.28,88.35
29125,85.32,86.63,85.7,84.43,84.94,85.16,83.83
29127,56.73,52.12,43.43,35.08,28.89,21.59,14.84
29129,58.42,52.86,42.85,33.73,26.68,18.53,9.52
29131,79.53,73.65,65.19,56.94,50.68,44.01,35.7
29133,93.92,90.41,86.66,81.11,77.59,73.39,68.31
29135,44.73,40.6,33.84,27.04,22.37,17.32,10.98
29137,62.56,62.15,58.08,54.09,51.96,48.87,46.34
29139,73.48,70.7,65.18,58.8,55.12,50.11,45.92
29141,90.51,85.65,78.28,70.87,65.52,60.32,53.27
29143,93.7,93.47,92.22,89.59,88.5,87.58,84.92
29145,55.71,50.08,42.76,36.95,32.46,27.3,21.09
29147,29.96,30.08,25.92,22.45,21.38,18.48,15.3
29149,96.63,97.46,96.87,96.42,96.89,97.48,97.13
29151,60.17,57.02,51.78,46.35,42.52,38.25,33.25
29153,91.56,90.91,89.02,88.1,87.21,87.3,85.6
29155,96.34,97.17,97.32,96.5,96.58,96.72,95.15
29157,55.71,54.04,51.47,47.86,46.66,44.87,41.79
29159,62.56,65.58,65.85,66.59,69.19,71.05,71.78
29161,52.66,55.64,56.71,56.83,59.41,61.58,62.25
29163,73.96,65.85,54.66,43.41,34.8,24.54,15.05
29165,6.24,7.95,5.97,5.27,6.22,6.31,5.81
29167,65.27,65.99,64.27,63.32,64.38,64.64,63.83
29169,56.73,61.13,63.08,64.71,68.22,71.64,73.8
29171,89.62,90.01,85.52,82.47,81.31,79.1,76.42
29173,45.78,45.74,41.89,38.32,36.68,33.82,31.81
29175,71.12,70.93,67.14,63.94,62.43,60.28,58.23
29177,54.76,57.44,56.59,56.27,57.9,58.41,58.37
29179,98.09,98.24,96.76,94.48,94.47,94.17,92.44
29181,95.61,97.29,97.89,98.0,99.77,101.1,101.2
29183,6.24,6.36,4.54,2.26,2.62,1.52,0.68
29185,93.7,93.64,91.22,89.49,89.41,88.59,86.83
29186,69.79,62.61,54.11,44.76,38.21,30.95,22.52
29187,82.74,83.89,83.86,82.87,84.3,85.53,85.45
29189,16.71,17.68,17.14,15.83,17.46,17.49,17.8
29195,70.49,71.5,69.06,67.38,67.45,66.76,65.27
29197,53.68,57.67,56.88,56.96,58.78,59.56,60.7
29199,41.45,43.2,40.65,39.05,38.67,37.6,37.24
29201,73.48,72.66,71.5,68.66,67.82,66.66,64.22
29203,80.01,84.54,87.33,89.85,93.74,97.49,100.26
29205,66.92,66.13,61.77,57.35,54.86,51.67,48.83
29207,88.16,90.04,91.28,91.19,92.54,94.23,94.33
29209,76.5,79.91,82.03,84.54,88.64,92.79,95.39
29211,72.62,62.41,47.87,34.5,22.91,10.32,-2.74
29213,62.56,66.31,68.53,71.17,75.43,79.97,82.91
29215,93.47,93.37,91.14,88.92,88.35,87.35,85.15
29217,79.53,77.11,71.93,67.83,65.71,62.28,58.02
29219,45.78,45.73,43.67,40.85,40.48,38.96,37.63
29221,98.22,98.12,96.59,94.35,94.77,94.34,92.52
29223,99.17,99.2,97.94,95.75,95.72,95.2,93.3
29225,37.89,39.52,39.16,39.21,41.43,43.34,43.32
29227,44.73,46.62,43.95,42.24,42.36,41.42,39.72
29229,81.31,82.27,81.46,80.7,81.08,81.78,81.14
29510,45.78,47.86,48.24,48.14,50.81,52.06,53.63
30001,28.18,33.79,37.85,41.29,48.06,53.62,57.31
30003,13.72,11.86,8.25,5.56,3.63,0.39,-3.77
30005,57.62,67.14,74.93,82.2,91.17,99.7,108.13
30007,34.89,44.25,52.38,60.16,70.25,79.56,87.82
30009,44.73,46.9,46.74,47.23,49.74,49.88,49.75
30011,18.31,23.99,27.14,31.67,38.0,42.28,45.97
30013,47.85,47.32,45.09,42.14,41.23,40.62,39.07
30015,10.98,12.2,11.03,9.17,9.34,9.01,7.64
30017,47.85,51.98,53.73,56.64,59.96,62.26,64.11
30019,26.52,28.72,29.93,30.6,32.37,33.99,34.34
30021,34.89,36.71,37.44,38.57,40.9,42.39,42.97
30023,88.98,91.98,94.04,95.21,98.99,102.39,104.59
30025,14.45,16.51,16.35,17.28,19.87,20.89,21.47
30027,41.45,41.12,38.77,35.97,36.05,34.05,31.76
30029,15.09,13.34,11.24,8.22,7.14,7.4,6.14
30031,1.88,1.64,-0.5,-3.07,-3.46,-5.54,-7.87
30033,12.61,16.88,19.16,21.6,24.96,28.26,30.62
30035,43.11,37.75,31.76,24.85,19.66,15.34,9.67
30037,81.95,75.79,67.27,58.71,52.55,44.4,35.75
30039,76.5,78.29,79.55,79.58,81.97,84.55,85.73
30041,28.84,37.73,44.94,51.11,59.03,67.04,74.46
30043,38.78,39.28,38.68,37.5,38.34,38.83,38.61
30045,34.89,29.92,22.68,14.95,10.05,3.72,-3.15
30047,38.78,39.77,40.54,40.35,42.15,44.62,45.81
30049,31.65,32.5,32.05,31.16,32.52,33.29,33.28
30051,52.66,58.58,62.19,65.75,70.53,75.52,79.37
30053,75.33,80.66,84.84,88.77,95.35,102.63,108.7
30055,37.89,36.32,33.67,30.42,29.08,27.19,23.85
30057,17.54,19.57,19.76,19.88,22.78,23.94,24.24
30059,80.64,71.89,61.14,49.85,41.06,30.88,20.42
30061,85.32,88.27,90.94,92.51,96.65,101.16,104.56
30063,15.09,17.56,19.11,20.42,23.78,27.85,30.47
30065,41.45,43.54,42.69,42.03,43.66,43.08,42.28
30067,33.4,27.31,18.96,10.88,4.94,-3.15,-11.65
30069,0.67,6.53,10.24,13.82,19.68,23.99,27.81
30071,69.02,68.18,65.17,61.52,59.29,57.09,54.39
30073,63.67,63.29,61.81,60.0,59.71,59.72,58.45
30075,54.76,52.2,47.88,44.98,43.15,39.36,34.52
30077,55.71,56.32,56.15,55.19,56.31,57.2,57.25
30079,68.26,63.47,56.92,51.12,46.48,40.32,34.17
30081,66.92,70.08,72.58,74.18,77.77,81.84,84.54
30083,37.89,26.03,12.65,-1.06,-12.91,-25.95,-40.33
30085,25.25,27.81,29.61,30.78,33.33,35.23,35.99
30087,31.65,42.54,51.38,61.38,72.13,81.17,89.57
30089,78.16,78.58,78.14,76.78,78.28,80.54,81.71
30091,46.74,38.29,28.15,17.13,7.74,-1.57,-12.01
30093,59.22,63.81,67.3,69.86,74.88,79.58,83.08
30095,34.89,33.78,29.9,26.46,25.27,21.59,18.16
30097,25.25,34.06,40.42,46.72,55.59,62.05,68.84
30099,57.62,54.69,50.49,46.2,43.75,41.28,37.73
30101,65.27,64.64,62.5,60.01,58.72,58.34,56.59
30103,84.75,67.6,48.28,29.38,11.69,-7.47,-27.25
30105,51.74,46.78,39.73,33.0,27.03,20.92,13.97
30107,42.31,36.75,29.28,21.41,16.16,8.8,0.91
30109,44.73,40.53,35.15,29.93,26.36,21.81,16.56
30111,27.19,26.68,23.42,20.85,20.13,17.47,14.45
31001,18.94,20.45,18.8,17.63,18.15,18.16,16.36
31003,48.93,50.95,48.42,47.47,48.28,48.27,46.58
31005,2.55,2.3,-1.76,-4.9,-5.5,-7.18,-11.95
31007,80.64,68.38,53.4,39.58,26.95,13.05,-2.5
31009,4.52,3.48,-0.31,-3.78,-4.89,-6.54,-10.38
31011,26.52,22.78,14.84,8.13,2.71,-2.32,-9.56
31013,18.94,13.93,5.68,-0.63,-5.95,-12.09,-21.11
31015,64.37,65.62,62.49,60.58,61.75,61.57,59.27
31017,60.17,50.72,37.45,25.29,15.12,4.82,-7.71
31019,3.09,3.86,1.36,-0.52,-0.83,-1.26,-3.36
31021,54.76,54.5,50.6,47.37,45.97,43.47,39.9
31023,23.72,24.52,21.74,19.88,20.13,19.97,17.92
31025,9.71,9.33,4.61,1.45,0.55,-2.36,-5.26
31027,15.09,12.56,6.02,1.05,-2.33,-6.92,-12.86
31029,40.75,33.23,22.13,12.23,4.53,-3.97,-14.74
31031,37.03,33.19,26.32,20.13,16.08,10.95,4.39
31033,16.71,16.9,14.06,12.34,12.37,11.84,8.42
31035,48.93,51.75,51.53,51.81,54.13,55.65,55.42
31037,1.69,1.7,-2.25,-4.55,-5.38,-7.0,-9.72
31039,21.46,21.0,16.87,13.61,11.54,9.02,5.38
31041,23.72,23.92,21.15,18.86,18.45,18.04,15.84
31043,2.45,2.34,-1.42,-3.78,-4.93,-6.83,-10.16
31045,11.46,10.58,6.03,3.31,2.02,-0.86,-5.58
31047,16.71,17.67,14.84,12.86,12.56,12.4,10.2
31049,24.45,23.93,19.91,16.94,16.27,14.85,10.63
31051,34.89,30.83,23.04,16.72,11.32,5.59,-1.9
31053,30.82,31.01,27.27,24.84,23.65,21.76,19.4
31055,9.71,9.7,5.44,2.4,0.97,-1.76,-4.5
31057,27.19,24.87,19.07,14.93,13.08,10.7,6.0
31059,47.85,51.18,51.11,52.15,55.15,57.64,58.4
31061,68.26,62.94,54.2,46.22,40.19,33.61,25.1
31063,18.94,25.49,28.24,31.84,38.04,44.07,47.34
31065,72.62,67.11,58.09,49.46,43.41,37.54,29.3
31067,46.74,48.66,46.65,45.54,46.39,46.28,45.1
31069,54.76,44.72,31.43,18.89,8.25,-3.21,-17.53
31071,46.74,41.02,31.65,23.28,16.26,9.42,0.7
31073,39.83,39.41,35.75,32.53,31.45,30.24,26.62
31075,16.71,14.69,9.44,5.01,2.97,-0.21,-6.09
31077,56.73,50.23,40.18,30.96,22.82,15.07,5.31
31079,18.94,18.45,14.37,11.06,8.92,7.15,3.52
31081,20.89,19.84,15.48,12.25,10.53,8.53,4.32
31083,75.33,67.85,57.0,46.46,38.3,30.19,19.52
31085,74.59,68.56,59.61,51.7,45.83,39.7,30.77
31087,74.59,73.67,69.74,66.53,65.84,64.42,60.86
31089,37.03,37.2,33.14,30.61,30.31,28.95,26.05
31091,75.33,84.15,89.63,95.75,103.92,111.66,116.67
31093,39.83,38.93,34.43,30.71,28.38,25.98,21.8
31095,44.73,49.34,49.96,52.03,56.06,59.41,61.14
31097,34.89,32.69,25.78,20.04,16.21,11.3,5.83
31099,34.16,27.31,17.45,7.83,0.02,-8.11,-18.15
31101,43.11,33.97,21.41,10.27,0.88,-8.84,-21.15
31103,71.12,59.04,43.09,29.03,17.06,4.17,-10.59
31105,44.73,47.36,47.09,48.4,50.83,52.5,51.4
31107,40.75,35.73,26.27,17.98,12.53,5.8,-2.69
31109,6.91,7.86,4.68,2.77,2.8,2.13,0.59
31111,46.74,44.53,38.91,34.74,31.87,29.33,24.08
31113,32.51,34.03,32.28,31.31,32.22,32.91,31.25
31115,34.89,29.4,20.08,11.59,4.51,-2.53,-11.07
31117,66.92,60.51,50.59,41.65,34.5,26.98,16.83
31119,10.98,11.26,7.64,5.38,4.71,3.2,0.28
31121,34.16,33.07,28.47,25.07,23.1,21.3,17.45
31123,46.74,44.8,40.66,37.84,36.09,33.35,28.06
31125,47.85,48.23,44.4,42.03,41.18,40.53,37.88
31127,32.51,36.47,35.58,36.03,38.46,39.84,40.57
31129,56.73,62.15,63.9,66.09,70.42,73.94,75.96
31131,25.25,29.22,28.96,29.79,32.77,34.29,35.47
31133,36.01,38.71,36.54,35.89,36.94,37.56,37.11
31135,18.31,17.05,12.5,9.49,8.2,6.62,2.5
31137,24.45,22.86,17.92,13.4,11.32,8.74,4.25
31139,16.05,14.58,9.12,4.65,2.4,-1.01,-6.03
31141,9.11,8.98,4.88,2.47,1.35,-0.12,-2.73
31143,21.46,18.71,12.17,6.96,3.3,-0.15,-5.68
31145,50.08,41.86,30.53,19.85,12.05,3.84,-7.17
31147,51.19,52.89,49.85,48.63,48.52,47.72,46.19
31149,27.19,26.7,22.3,19.13,18.15,16.85,13.33
31151,29.96,28.32,22.26,17.28,14.36,11.05,6.42
31153,2.23,2.78,-0.85,-3.3,-3.7,-5.99,-8.28
31155,18.94,21.85,20.71,21.1,23.05,24.22,24.6
31157,38.78,39.23,36.5,35.26,35.15,34.05,30.86
31159,10.32,9.9,6.25,3.48,2.86,1.11,-1.58
31161,34.89,42.52,46.04,51.61,58.45,63.97,67.22
31163,62.56,56.56,46.97,38.01,30.08,22.13,12.86
31165,13.72,9.7,2.39,-3.56,-8.7,-14.68,-23.18
31167,24.45,23.85,19.3,16.13,14.45,11.72,7.75
31169,47.85,46.06,40.78,36.67,34.3,31.14,26.43
31171,20.89,16.58,9.0,2.06,-2.98,-8.18,-15.68
31173,40.75,32.06,19.63,8.6,-1.67,-12.43,-24.53
31175,64.37,62.52,57.08,52.46,48.81,45.68,40.76
31177,20.89,25.46,25.88,27.18,30.19,32.51,34.45
31179,2.9,4.99,3.21,2.81,3.85,4.34,3.24
31181,70.49,64.18,54.13,44.76,37.33,29.44,19.32
31183,40.75,35.47,26.47,18.35,11.17,4.66,-4.17
31185,30.82,26.19,18.09,10.8,5.52,0.01,-7.09
32001,78.16,72.41,64.49,55.44,49.56,42.42,34.22
32003,17.54,19.33,20.0,19.82,23.44,25.33,26.56
32005,48.93,52.99,54.69,54.67,57.93,60.0,61.94
32007,17.54,17.46,15.93,14.73,15.09,16.08,14.65
32009,64.37,69.29,73.13,74.9,81.3,85.78,89.17
32011,3.57,22.27,39.75,56.99,77.77,97.25,115.27
32013,13.34,14.19,13.46,12.23,13.69,15.1,14.49
32015,10.32,12.52,13.82,14.87,18.44,21.61,23.12
32017,40.75,43.05,43.74,44.48,48.9,51.69,53.63
32019,71.76,76.54,79.51,81.43,86.38,90.06,93.23
32021,98.73,97.92,95.09,90.83,89.95,87.71,84.51
32023,96.5,96.44,94.7,92.25,94.01,93.51,92.27
32027,84.75,80.96,74.48,68.2,64.29,59.14,52.98
32029,81.31,88.11,93.16,96.99,103.83,109.59,114.71
32031,14.45,18.23,20.22,21.01,24.63,27.01,28.56
32033,68.26,75.25,81.55,87.14,96.4,104.28,110.41
32510,51.74,68.92,84.18,97.81,114.66,130.32,145.7
33001,23.72,30.88,35.37,41.24,47.63,53.86,59.7
33003,52.66,56.25,57.27,59.72,63.04,66.0,68.33
33005,25.25,28.03,28.59,31.44,34.1,36.21,37.66
33007,83.79,83.24,79.9,78.28,77.29,76.18,74.0
33009,27.19,30.38,30.76,33.24,36.0,38.77,40.6
33011,11.97,12.79,11.57,12.37,12.86,13.26,13.21
33013,27.19,30.11,30.77,33.52,36.23,38.64,40.45
33015,7.45,7.68,5.7,5.65,5.25,5.03,4.18
33017,27.19,27.08,24.17,23.36,22.67,22.07,20.54
33019,47.85,45.01,39.45,36.13,32.73,29.09,24.66
34001,28.18,27.21,23.58,22.71,20.46,18.79,16.8
34003,2.74,2.35,0.03,-0.64,-1.45,-2.24,-3.98
34005,12.61,13.16,10.97,11.91,11.62,11.71,11.32
34007,30.82,31.16,28.94,29.46,28.55,28.41,28.1
34009,37.03,38.49,37.38,39.06,39.18,40.18,40.39
34011,51.74,48.56,42.62,39.43,34.59,30.81,26.54
34013,21.46,21.79,20.24,21.18,21.34,21.9,21.36
34015,22.32,23.27,21.56,22.48,21.82,21.62,21.57
34017,5.48,5.17,3.0,2.98,2.28,1.94,0.34
34019,3.09,3.37,1.73,2.28,2.02,2.31,1.86
34021,8.25,7.73,5.08,5.08,4.23,3.73,2.67
34023,3.09,3.22,1.46,2.27,2.32,2.42,1.79
34025,5.48,5.73,4.08,5.31,5.62,6.04,5.68
34027,1.69,1.82,0.21,0.65,0.34,0.49,-0.33
34029,31.65,31.11,27.75,27.41,26.01,24.66,23.23
34031,4.81,4.28,1.8,1.01,-0.07,-1.06,-3.01
34033,44.03,47.92,49.07,52.89,55.21,57.98,61.16
34035,1.46,1.58,-0.39,0.34,0.32,0.41,-0.45
34037,6.24,6.93,5.63,6.32,6.31,6.72,6.57
34039,4.11,4.18,2.35,3.18,3.26,3.57,2.93
34041,11.97,14.36,15.08,17.61,19.48,21.97,23.68
35001,27.19,28.26,28.28,30.08,34.17,37.8,38.52
35003,99.84,99.55,99.17,99.36,102.23,103.56,102.79
35005,62.56,63.6,62.74,62.42,63.89,66.01,65.46
35006,88.67,91.78,95.31,98.97,106.09,111.58,114.8
35007,95.7,92.9,88.2,85.06,84.44,82.85,78.9
35009,54.76,58.65,59.9,62.12,65.75,69.0,71.1
35011,88.67,91.57,91.75,93.47,96.84,100.78,102.34
35013,11.97,14.33,15.37,16.93,21.14,25.08,26.3
35015,53.68,47.29,39.09,30.9,24.59,18.77,10.38
35017,92.68,90.93,87.32,84.76,84.9,84.54,81.75
35019,92.04,89.29,84.66,81.62,81.08,79.97,76.45
35021,93.92,91.59,87.1,84.51,83.58,82.24,78.81
35023,76.5,76.21,73.88,72.36,73.15,73.85,72.24
35025,19.8,18.92,16.57,14.17,13.13,12.67,8.88
35027,83.79,81.22,76.34,72.5,70.83,69.17,65.29
35028,7.45,9.19,9.85,11.88,16.81,20.93,22.25
35029,73.96,79.56,82.91,86.84,93.66,99.98,103.78
35031,36.01,41.18,47.91,53.96,63.63,71.24,77.51
35033,99.3,98.71,96.03,95.76,97.81,99.09,98.09
35035,72.62,65.61,57.23,48.92,43.18,37.21,29.16
35037,98.22,97.36,94.27,91.95,91.67,90.64,88.35
35039,76.5,70.77,64.48,59.69,57.61,54.71,48.94
35041,47.85,56.95,63.5,70.76,79.44,87.9,94.96
35043,21.46,22.86,23.53,25.75,30.42,34.53,35.95
35045,23.72,30.2,38.27,46.76,57.95,67.73,75.91
35047,96.5,97.62,96.88,97.81,101.46,104.4,104.96
35049,28.84,29.5,28.9,29.65,33.4,36.47,36.98
35051,98.22,97.02,94.46,92.22,93.36,93.41,91.25
35053,98.44,98.21,96.5,96.43,98.62,99.75,99.4
35055,78.16,79.67,79.59,81.36,85.25,88.25,88.89
35057,69.02,67.79,65.32,64.82,66.07,66.75,64.77
35059,76.5,75.52,71.98,69.47,69.67,69.34,67.01
35061,76.5,78.4,78.95,81.63,86.18,90.22,91.62
36001,15.09,14.41,11.4,9.81,8.57,6.86,4.75
36003,45.78,48.04,48.58,49.74,51.47,53.0,53.27
36005,34.16,34.17,32.36,32.39,32.24,31.83,30.64
36007,38.78,42.44,44.51,47.1,49.97,53.11,56.15
36009,45.78,46.56,46.21,46.32,46.53,46.5,45.26
36011,34.89,34.73,32.01,30.58,29.44,27.82,26.39
36013,46.74,48.15,47.49,48.2,48.21,48.15,47.29
36015,40.75,39.41,36.67,34.46,32.67,30.7,28.42
36017,67.62,70.14,70.6,72.46,74.3,76.24,78.32
36019,42.31,46.12,46.63,48.5,51.38,53.35,55.78
36021,51.74,53.09,52.15,52.87,53.13,53.2,52.93
36023,23.72,24.4,23.27,23.31,23.31,23.26,23.26
36025,51.19,55.25,57.75,61.91,65.7,69.39,72.88
36027,28.18,28.14,25.86,25.52,24.43,23.4,21.96
36029,29.96,29.03,26.08,23.91,21.94,19.32,16.2
36031,55.71,59.64,61.03,63.78,66.85,69.22,72.12
36033,37.89,42.2,43.63,45.92,48.96,51.72,54.76
36035,60.17,61.6,60.28,60.47,60.37,60.28,60.15
36037,29.96,31.3,30.38,30.33,31.16,30.82,30.35
36039,46.74,46.56,44.09,43.11,41.94,40.57,39.0
36041,39.83,59.25,76.12,93.84,111.69,129.98,147.99
36043,38.78,40.01,39.18,39.07,38.91,38.96,38.75
36045,32.51,32.29,30.44,29.25,27.89,26.37,24.85
36047,6.91,6.92,5.03,5.52,5.26,5.33,4.39
36049,34.89,36.45,35.58,34.97,34.82,34.15,33.79
36051,19.8,21.96,21.75,22.07,23.18,23.28,23.28
36053,13.34,14.35,13.25,12.78,12.52,11.82,11.57
36055,23.02,24.86,24.15,24.71,25.72,25.92,26.22
36057,51.74,50.6,47.02,44.89,42.37,40.15,37.86
36059,2.9,2.61,0.24,0.48,0.31,-0.05,-1.14
36061,7.45,7.03,4.91,4.78,4.08,3.44,1.89
36063,31.65,30.43,26.85,24.2,21.85,18.74,15.29
36065,50.08,49.31,46.55,44.51,42.27,40.16,37.74
36067,18.94,20.36,19.55,19.97,20.4,20.51,20.7
36069,19.8,19.77,16.72,15.08,13.91,11.91,9.92
36071,18.31,18.86,17.45,17.65,17.35,16.98,16.16
36073,57.62,60.95,61.99,63.75,66.3,67.66,69.29
36075,36.01,39.13,40.05,41.96,44.14,45.57,47.34
36077,25.25,26.47,25.79,26.67,26.73,27.34,27.54
36079,9.71,9.78,7.3,6.98,6.32,4.99,3.19
36081,5.76,5.54,3.52,3.87,3.46,3.27,2.23
36083,23.02,24.54,23.43,24.03,24.55,24.87,24.6
36085,6.91,6.92,4.98,5.57,5.33,5.25,4.25
36087,3.57,3.95,2.34,2.44,2.46,1.93,0.69
36089,45.78,50.2,52.13,54.47,57.66,61.03,64.72
36091,13.72,14.28,12.44,12.02,12.06,11.53,10.64
36093,28.18,29.28,28.1,28.23,28.37,28.34,28.06
36095,58.42,55.83,51.09,48.31,44.34,41.09,37.42
36097,36.01,42.61,47.16,52.72,58.81,64.06,69.31
36099,48.93,51.41,51.49,52.72,54.6,55.74,56.93
36101,53.68,53.39,51.56,50.21,49.52,48.27,46.43
36103,4.52,4.71,3.09,3.52,3.51,3.16,2.13
36105,51.74,51.16,48.87,48.32,47.08,46.19,45.21
36107,29.96,32.63,33.78,35.71,37.82,40.24,42.43
36109,7.45,6.66,3.9,1.85,0.32,-1.58,-3.31
36111,39.83,37.26,32.19,29.13,25.8,22.23,18.32
36113,33.4,37.59,39.43,42.49,46.03,48.99,51.87
36115,38.78,37.6,33.96,31.65,29.71,27.3,24.72
36117,36.01,39.13,39.18,40.57,42.57,43.95,45.28
36119,4.11,4.04,2.01,1.68,0.98,-0.15,-1.79
36121,23.72,25.49,25.04,25.62,26.82,27.73,27.44
36123,25.25,26.32,24.93,24.43,24.69,24.04,23.42
37001,42.31,42.39,43.32,44.32,44.09,44.11,44.9
37003,61.64,65.68,68.97,73.38,76.46,78.78,81.96
37005,86.82,85.74,84.46,83.47,81.63,80.17,78.66
37007,80.64,80.12,79.27,79.4,78.09,75.42,73.57
37009,58.42,54.21,49.63,45.82,41.39,36.77,32.32
37011,75.96,81.23,86.24,92.54,98.04,102.61,108.03
37013,80.01,78.36,76.79,75.35,73.0,69.72,68.07
37015,88.16,89.23,90.14,91.01,90.76,91.25,92.93
37017,93.22,92.59,93.33,93.34,91.87,90.31,89.02
37019,62.56,65.23,69.06,71.58,73.74,74.57,76.49
37021,37.89,36.49,34.75,34.3,32.74,30.17,28.86
37023,83.22,84.04,84.35,85.86,86.4,85.76,86.07
37025,8.25,8.0,7.17,7.89,6.52,4.69,3.64
37027,75.96,76.51,76.51,77.62,77.51,76.6,76.61
37029,37.89,38.07,37.49,37.11,36.03,35.9,36.11
37031,73.48,76.9,80.17,83.16,85.14,85.77,88.13
37033,88.67,88.74,89.56,90.7,90.67,91.23,92.23
37035,31.65,34.89,37.29,40.91,43.13,44.76,47.18
37037,25.25,30.77,36.89,43.14,48.08,52.92,58.94
37039,82.43,84.28,86.12,89.0,90.61,91.16,93.09
37041,41.45,44.86,47.98,50.98,53.31,56.02,59.75
37043,55.71,59.72,63.43,68.49,71.89,74.02,77.73
37045,63.67,62.86,61.51,61.45,60.17,58.02,56.56
37047,85.8,85.66,86.62,86.68,85.77,84.01,83.24
37049,67.62,68.67,69.82,70.91,70.36,68.83,69.27
37051,40.75,47.07,54.06,60.67,65.75,70.34,76.34
37053,18.31,26.08,33.09,40.37,47.0,54.28,61.95
37055,39.83,41.66,42.43,43.36,44.12,45.02,46.96
37057,60.17,61.87,63.47,65.76,67.05,67.42,69.49
37059,28.84,31.58,33.91,37.27,39.61,41.11,43.63
37061,60.94,66.13,72.87,78.12,82.27,85.83,90.92
37063,9.11,8.11,7.91,8.13,6.38,4.98,4.64
37065,68.26,69.67,71.66,73.47,73.89,74.83,77.26
37067,11.46,11.86,12.37,13.15,13.6,13.08,13.78
37069,42.31,42.58,43.59,45.43,45.55,45.21,46.07
37071,62.56,59.86,56.62,54.69,50.81,46.29,42.62
37073,64.37,67.55,70.4,73.35,75.12,77.69,80.94
37075,29.96,48.76,67.29,87.37,105.83,123.52,142.35
37077,79.53,74.9,71.09,67.9,62.8,57.96,54.02
37079,80.01,84.11,89.51,94.54,97.68,100.44,105.14
37081,11.46,11.49,12.37,13.12,13.06,12.81,13.97
37083,93.7,92.25,90.86,90.34,87.95,86.31,85.65
37085,34.89,34.75,35.43,36.24,35.38,33.89,34.09
37087,51.74,56.18,60.4,65.95,69.82,73.08,77.88
37089,56.73,56.27,54.9,54.97,53.95,51.71,50.87
37091,92.96,87.87,82.81,77.74,71.7,65.94,61.37
37093,44.03,42.46,41.46,39.88,37.13,33.6,31.59
37095,58.42,64.78,69.98,75.28,80.63,84.9,90.79
37097,24.45,25.67,26.23,28.07,28.24,27.93,28.42
37099,34.16,30.55,26.67,23.94,19.74,14.59,11.0
37101,31.65,33.21,35.82,38.54,39.5,40.3,42.46
37103,96.28,97.35,99.12,100.22,100.05,98.89,99.54
37105,37.03,37.46,38.09,39.28,38.55,37.54,37.75
37107,90.89,92.8,96.07,98.55,99.83,100.22,102.88
37109,47.85,48.81,48.68,50.24,50.02,49.1,49.07
37111,94.3,91.14,87.66,85.04,81.76,77.28,73.71
37113,71.76,69.29,66.31,64.8,61.84,57.93,55.62
37115,60.94,55.24,49.44,44.62,38.85,32.2,26.53
37117,81.31,79.99,79.07,77.89,75.74,73.6,73.43
37119,3.76,3.36,2.43,2.87,1.45,-0.9,-2.56
37121,92.36,91.92,90.97,91.13,90.74,89.37,88.72
37123,58.42,51.18,43.94,37.24,29.4,20.3,12.45
37125,44.03,44.62,45.39,46.69,46.14,44.85,44.69
37127,51.74,53.35,55.81,58.34,59.27,60.51,62.88
37129,27.19,25.84,26.0,24.63,22.68,19.28,17.01
37131,95.61,94.8,94.13,93.98,92.21,91.25,91.15
37133,39.83,48.27,57.75,65.95,72.99,78.74,86.49
37135,3.09,3.34,4.11,5.47,5.18,4.78,5.62
37137,81.31,84.68,87.69,90.7,92.83,93.44,95.81
37139,53.68,50.17,45.67,41.46,36.53,32.41,28.52
37141,66.92,68.9,72.31,74.18,75.55,75.62,76.96
37143,80.64,76.92,72.58,68.47,63.61,59.49,55.72
37145,71.12,74.29,78.43,83.04,86.23,89.89,93.9
37147,18.94,19.95,21.87,23.39,23.77,23.69,24.96
37149,56.73,57.5,57.49,58.93,59.0,57.72,57.96
37151,34.16,35.61,37.4,39.33,40.26,40.47,42.41
37153,85.8,81.71,77.82,74.11,68.83,62.93,57.48
37155,68.26,65.51,63.63,61.62,57.63,53.44,50.32
37157,71.76,67.66,64.37,61.03,57.03,53.08,49.48
37159,58.42,57.17,55.23,54.55,52.37,49.4,47.56
37161,88.98,88.27,86.9,86.64,85.38,82.97,81.67
37163,78.16,79.6,82.32,84.03,84.14,84.32,85.24
37165,88.16,86.98,85.78,85.01,82.35,79.41,76.87
37167,63.67,59.65,55.52,52.16,47.57,41.74,37.3
37169,48.93,49.38,50.04,50.81,51.29,51.13,51.71
37171,69.79,74.47,78.75,83.54,87.83,92.26,96.59
37173,43.11,45.73,48.27,51.83,53.87,55.23,57.99
37175,69.02,63.63,57.52,52.53,46.5,39.45,33.67
37177,65.87,73.84,80.91,88.46,95.31,102.41,110.41
37179,4.11,4.01,3.9,4.88,4.01,2.13,1.21
37181,95.92,91.68,87.81,85.17,80.53,75.86,72.04
37183,1.46,1.68,2.78,4.45,4.37,3.82,4.94
37185,98.6,94.35,90.48,87.57,82.83,78.08,74.22
37187,95.7,94.78,93.9,92.62,91.01,89.24,88.96
37189,8.63,9.58,9.97,11.75,12.47,12.65,13.44
37191,58.42,61.59,66.2,70.38,72.26,73.89,77.81
37193,77.17,75.43,72.98,71.46,68.43,65.58,63.13
37195,56.73,53.5,51.19,48.93,45.33,41.61,39.14
37197,59.22,61.69,64.18,67.22,69.6,71.36,73.98
37199,82.74,83.13,83.2,84.17,84.77,84.11,84.22
38001,34.16,26.11,15.38,5.39,-2.23,-11.94,-22.04
38003,15.09,21.17,23.86,26.69,33.87,39.59,42.28
38005,3.09,5.37,3.76,2.96,5.22,6.96,5.92
38007,0.06,2.03,2.06,2.61,4.89,6.06,6.34
38009,24.45,28.61,29.93,31.94,37.08,42.02,43.98
38011,13.34,13.38,10.87,9.23,9.99,8.69,7.14
38013,13.72,9.31,3.47,-2.65,-6.77,-11.33,-17.81
38015,10.32,8.92,5.05,0.66,-0.07,-1.91,-6.57
38017,4.11,5.53,4.36,3.56,5.04,6.41,5.39
38019,24.45,20.0,12.27,5.84,1.7,-2.33,-9.56
38021,13.72,10.27,3.2,-3.34,-6.56,-10.95,-17.55
38023,59.22,57.08,53.29,49.74,47.31,44.61,40.53
38025,28.84,29.62,28.39,27.66,29.03,29.19,27.76
38027,16.05,20.09,20.31,20.98,25.51,29.25,29.83
38029,55.71,51.55,44.01,36.8,33.1,27.66,19.96
38031,10.98,13.22,11.25,9.51,12.08,13.84,12.51
38033,39.83,39.95,38.42,37.22,37.99,37.46,36.02
38035,5.76,6.88,4.48,2.49,3.24,3.71,0.84
38037,28.18,28.03,25.37,23.01,24.11,22.91,20.21
38039,36.01,41.8,43.83,46.04,52.55,58.51,61.12
38041,28.84,28.61,26.07,23.92,24.8,23.89,21.68
38043,18.94,20.57,18.62,16.6,18.98,20.18,18.06
38045,26.52,22.51,14.92,7.44,4.11,-0.86,-8.22
38047,45.78,35.79,22.22,8.64,-0.45,-11.1,-24.89
38049,28.84,23.39,15.5,7.48,2.97,-1.94,-10.39
38051,56.73,58.78,57.03,55.72,58.26,59.15,57.64
38053,15.09,9.01,0.79,-6.58,-12.58,-19.26,-27.69
38055,7.9,7.63,5.18,1.7,1.78,1.05,-2.51
38057,18.31,17.23,14.04,10.31,9.79,8.21,4.09
38059,15.09,10.85,4.05,-2.92,-6.65,-11.5,-19.3
38061,2.45,1.61,-1.25,-4.11,-4.65,-6.22,-9.3
38063,16.05,20.17,20.76,21.94,26.25,30.29,31.52
38065,15.09,11.9,6.22,0.06,-2.61,-6.54,-12.94
38067,34.89,30.14,21.56,14.03,9.07,4.28,-3.7
38069,16.71,14.44,8.41,2.93,0.97,-1.09,-6.62
38071,32.51,39.01,41.32,44.68,50.64,56.72,59.56
38073,38.78,34.45,26.79,19.6,15.33,10.63,3.48
38075,18.94,16.45,12.1,8.36,6.96,5.2,0.64
38077,6.91,7.34,4.95,3.42,3.83,3.66,1.24
38079,28.84,30.48,29.07,28.74,30.9,33.48,32.5
38081,12.61,14.31,12.72,11.59,13.17,14.37,12.81
38083,61.64,46.41,28.09,9.53,-5.4,-21.0,-39.84
38085,12.61,9.06,2.18,-3.92,-7.16,-11.85,-18.99
38087,17.54,35.02,50.05,66.05,84.07,100.57,116.62
38089,8.25,7.76,5.03,3.3,3.41,2.25,-0.27
38091,23.02,32.6,38.26,44.49,54.55,64.0,70.37
38093,44.03,40.79,33.81,26.72,24.19,20.51,13.77
38095,6.24,7.83,6.18,5.12,6.97,9.11,7.63
38097,4.81,9.3,10.36,11.75,16.25,20.5,21.5
38099,64.37,59.88,51.78,44.48,40.21,36.03,28.2
38101,9.11,8.07,4.7,1.33,0.96,0.35,-3.31
38103,39.83,36.77,30.01,23.45,20.99,17.15,10.36
38105,3.76,2.42,-0.86,-4.25,-6.13,-8.55,-12.28
39001,85.8,86.1,86.34,87.4,88.13,89.38,88.88
39003,46.74,47.16,47.15,47.3,47.47,47.24,46.44
39005,34.89,37.7,39.33,41.83,44.65,47.71,49.33
39007,47.85,51.14,53.2,55.74,58.8,62.06,64.13
39009,39.83,45.57,52.36,59.04,65.96,73.16,78.32
39011,19.8,19.13,17.88,17.13,16.81,16.03,14.43
39013,63.67,63.21,62.36,61.83,61.58,61.91,60.49
39015,65.87,60.48,55.28,50.76,45.87,41.88,36.17
39017,16.05,16.3,16.92,17.49,18.28,19.65,19.05
39019,37.03,36.78,36.23,36.03,36.51,37.36,36.11
39021,42.31,44.27,46.33,48.32,50.37,52.75,53.56
39023,59.22,59.95,60.27,60.75,61.64,62.83,62.21
39025,25.25,24.69,24.19,24.26,23.8,24.34,23.2
39027,36.01,39.64,43.22,47.38,51.69,56.43,59.43
39029,61.64,58.92,55.27,52.11,49.27,47.14,42.45
39031,40.75,38.4,35.93,33.57,31.75,29.96,26.81
39033,54.76,59.39,63.09,67.8,72.48,77.06,81.1
39035,41.45,42.97,42.9,43.1,44.21,45.76,46.42
39037,33.4,37.6,41.57,46.13,50.74,55.51,59.0
39039,31.65,30.69,29.16,28.34,28.2,26.86,25.94
39041,1.24,1.3,1.72,1.71,2.08,2.29,1.46
39043,43.11,40.75,37.66,34.86,32.89,30.98,28.19
39045,29.96,30.1,31.08,31.71,32.3,33.17,32.37
39047,60.94,60.18,59.67,59.08,58.97,59.33,57.73
39049,18.31,17.3,16.72,15.89,15.37,14.8,12.85
39051,22.32,25.79,28.83,32.2,36.57,39.42,42.92
39053,79.53,80.17,80.88,82.26,83.42,84.74,84.28
39055,6.91,8.41,8.33,8.51,9.5,11.0,10.6
39057,21.46,21.78,22.18,22.94,24.15,25.58,25.03
39059,64.37,66.68,68.92,71.4,73.81,76.55,77.8
39061,24.45,23.76,23.63,23.66,23.09,23.25,22.04
39063,16.71,15.79,15.26,14.79,14.28,13.4,12.31
39065,44.03,39.23,33.97,29.07,24.03,18.91,13.01
39067,50.08,55.52,60.63,65.81,71.62,77.77,81.8
39069,30.82,33.5,36.23,39.21,42.81,45.09,48.23
39071,72.62,73.94,75.31,77.14,78.99,81.34,81.78
39073,60.17,63.3,67.28,71.44,75.56,80.06,82.43
39075,3.09,3.08,2.8,2.51,2.98,3.51,2.29
39077,34.89,34.08,32.5,31.44,31.08,30.5,29.38
39079,86.82,87.86,89.37,90.69,92.34,94.45,94.35
39081,71.76,72.73,73.04,73.77,74.64,76.25,75.25
39083,36.01,36.65,37.98,38.34,39.25,40.29,39.73
39085,16.05,18.15,18.72,19.43,20.95,23.14,23.73
39087,89.4,89.2,88.91,90.07,90.15,90.54,89.49
39089,34.16,34.59,35.54,35.84,36.38,37.14,36.52
39091,47.85,44.8,41.54,38.33,35.24,31.88,27.38
39093,39.83,44.04,46.9,50.36,54.51,58.96,62.51
39095,46.74,47.48,48.21,49.19,51.03,51.63,52.52
39097,37.03,41.42,46.02,50.65,55.39,60.54,63.78
39099,55.71,54.29,51.89,50.13,48.41,47.62,43.94
39101,72.62,76.68,80.57,84.81,89.13,93.42,96.88
39103,6.24,7.8,8.11,8.84,10.55,12.54,13.02
39105,86.82,88.46,90.9,93.19,95.66,98.38,99.22
39107,14.45,13.92,12.96,12.76,12.94,12.52,11.43
39109,28.18,28.55,28.64,29.41,30.18,30.92,30.51
39111,71.76,75.07,78.83,82.26,86.18,90.13,92.66
39113,51.19,50.62,50.02,49.42,49.3,49.5,47.61
39115,76.5,80.68,85.61,90.49,95.56,100.56,103.96
39117,37.89,39.34,41.07,42.56,44.6,46.44,47.21
39119,56.73,56.66,57.07,57.23,57.52,57.72,56.42
39121,79.53,70.57,61.81,53.09,44.34,35.6,25.85
39123,54.76,53.19,51.1,49.09,47.89,46.52,45.06
39125,57.62,58.59,58.84,59.79,61.38,61.76,62.42
39127,61.64,62.38,63.83,65.1,66.39,68.03,68.23
39129,51.19,48.72,46.76,44.54,42.7,41.07,37.84
39131,93.22,93.65,94.6,95.68,96.78,98.22,97.46
39133,20.89,22.41,23.04,23.43,24.56,26.07,25.78
39135,58.42,57.01,55.34,53.92,52.55,51.67,49.45
39137,7.45,7.41,6.99,6.75,6.7,5.68,4.97
39139,38.78,43.73,47.92,52.48,57.55,62.85,66.8
39141,70.49,73.82,77.49,81.69,85.78,90.74,93.41
39143,40.75,40.27,39.45,39.15,39.25,39.16,39.11
39145,90.19,89.93,89.65,89.93,90.25,90.6,88.84
39147,37.03,36.6,36.22,36.27,36.24,35.79,35.42
39149,18.31,19.98,21.57,23.49,25.37,26.94,27.38
39151,33.4,31.6,29.5,27.45,26.62,26.03,23.45
39153,25.25,24.7,22.89,21.24,20.67,20.43,18.24
39155,44.73,43.73,41.41,39.67,38.25,37.54,34.25
39157,30.82,33.32,35.5,37.92,41.13,44.67,46.74
39159,15.09,15.26,15.66,15.81,15.9,16.07,15.21
39161,40.75,42.7,43.86,45.25,47.38,48.81,49.93
39163,77.17,81.84,87.25,92.36,97.57,103.57,107.63
39165,4.81,4.81,5.3,5.7,6.3,7.42,6.51
39167,77.84,79.43,81.58,83.92,86.34,88.18,89.4
39169,18.31,16.33,13.42,10.7,8.86,7.21,4.01
39171,37.03,38.28,38.73,39.51,41.68,42.35,43.39
39173,7.9,9.73,11.19,12.78,14.98,16.47,18.06
39175,33.4,31.51,29.13,27.72,26.38,24.56,22.24
40001,78.16,78.28,77.04,77.0,78.05,79.39,79.33
40003,59.22,55.69,50.98,45.94,42.65,39.8,35.14
40005,94.3,94.32,94.05,94.33,93.77,94.62,94.12
40007,6.24,5.23,2.18,-1.41,-2.58,-3.34,-6.03
40009,51.74,47.69,42.22,36.33,31.32,27.42,21.92
40011,89.97,88.68,86.3,83.74,81.78,81.53,79.29
40013,75.33,79.77,84.11,88.06,91.6,96.39,100.38
40015,70.49,75.64,79.47,83.23,87.77,93.94,97.69
40017,25.25,26.95,27.77,28.43,29.68,32.56,33.3
40019,64.37,69.07,73.4,77.42,81.15,86.26,90.46
40021,70.49,67.36,62.59,59.19,56.76,55.12,51.99
40023,92.68,89.79,86.99,84.52,81.0,78.89,75.51
40025,27.19,32.07,35.32,38.99,45.94,51.87,56.18
40027,26.52,25.78,24.07,22.35,21.08,21.46,20.27
40029,91.12,88.08,84.84,82.31,78.99,77.29,73.96
40031,71.76,72.43,72.4,72.28,72.11,73.63,73.62
40033,91.12,86.07,80.53,74.69,68.86,64.44,58.88
40035,93.22,93.0,91.91,91.46,93.03,94.09,94.02
40037,69.79,57.76,45.03,32.51,21.44,11.43,-0.86
40039,44.73,38.07,30.03,21.69,14.73,8.44,0.19
40041,92.36,92.41,90.89,90.88,92.41,93.81,93.46
40043,66.92,56.67,45.03,33.13,22.59,12.92,1.87
40045,55.71,43.33,29.47,15.17,2.64,-9.47,-22.77
40047,44.03,41.0,36.87,32.1,29.05,26.85,22.79
40049,55.71,48.5,40.7,33.13,25.5,19.14,11.49
40051,53.68,52.07,49.08,46.11,43.71,43.18,40.39
40053,69.79,59.17,47.01,34.1,23.83,13.97,2.11
40055,89.4,88.64,87.09,84.81,83.91,83.46,81.66
40057,84.75,82.34,79.18,75.19,72.5,69.65,66.08
40059,19.8,20.18,18.79,16.76,17.04,17.6,16.73
40061,90.89,92.02,92.24,93.63,95.36,97.69,99.02
40063,90.89,88.58,85.17,82.49,80.37,79.81,77.33
40065,45.78,46.68,46.83,46.02,46.4,47.62,47.26
40067,78.16,84.2,89.8,95.09,100.38,106.73,111.96
40069,97.99,98.02,97.9,97.89,97.38,98.08,97.85
40071,65.87,67.77,68.05,67.91,70.6,73.18,74.6
40073,54.76,58.82,61.91,64.48,68.37,73.74,76.63
40075,82.43,83.33,82.78,81.93,82.2,83.24,82.42
40077,94.81,95.02,94.5,94.86,95.12,96.62,96.95
40079,90.51,89.21,86.98,85.68,84.45,84.0,81.82
40081,85.8,83.25,80.33,77.19,75.12,74.61,71.95
40083,19.8,23.79,27.47,30.42,34.49,39.9,43.44
40085,47.85,54.95,61.76,68.51,74.49,82.09,88.39
40087,48.93,42.02,34.22,26.56,19.35,13.43,5.95
40089,88.16,84.21,80.36,76.43,72.06,69.17,64.46
40091,95.29,95.31,95.0,95.61,97.35,99.69,100.48
40093,84.24,77.94,71.1,63.28,57.11,51.78,44.27
40095,99.59,100.23,100.6,101.24,101.1,102.39,102.82
40097,80.01,82.91,84.87,87.63,91.87,96.45,99.47
40099,77.84,77.63,77.13,76.68,76.28,76.94,76.48
40101,78.16,76.16,73.25,71.17,70.38,70.4,68.9
40103,60.94,62.32,63.02,62.68,64.91,67.37,68.33
40105,81.31,79.45,76.69,74.62,74.53,74.45,72.98
40107,96.75,92.46,87.44,82.77,78.89,76.44,71.89
40109,33.4,32.55,30.86,28.75,27.42,27.68,25.75
40111,82.43,79.87,76.43,73.77,72.15,71.63,69.05
40113,72.62,74.07,74.42,75.43,78.69,82.06,83.05
40115,81.31,78.15,73.65,70.54,68.68,66.58,63.33
40117,79.08,76.18,72.79,69.94,68.18,67.45,64.31
40119,15.09,15.47,15.14,14.25,15.44,17.46,17.19
40121,89.97,89.72,88.64,88.56,88.82,90.19,89.97
40123,64.37,55.71,46.17,36.94,27.7,19.88,10.79
40125,69.02,68.74,67.77,67.1,66.79,68.37,67.81
40127,99.4,98.87,98.35,98.33,98.15,98.95,98.34
40129,41.45,34.18,25.13,15.76,7.64,0.26,-8.17
40131,44.73,46.12,46.57,47.63,50.27,53.35,55.02
40133,88.67,86.5,83.73,81.28,78.96,78.67,76.36
40135,95.92,96.25,95.31,95.46,96.32,97.52,97.44
40137,79.08,79.71,79.8,79.82,79.97,81.84,82.02
40139,11.97,9.13,4.78,0.15,-1.55,-3.36,-6.97
40141,69.02,66.99,64.15,60.5,57.59,55.9,53.03
40143,32.51,30.85,28.44,26.57,26.07,26.33,25.26
40145,51.19,49.84,47.45,45.77,45.37,45.86,44.79
40147,63.67,60.91,57.17,53.8,52.87,52.02,49.77
40149,34.16,27.9,20.21,12.29,5.36,-0.74,-8.3
40151,46.74,41.35,34.8,27.52,22.11,17.18,10.55
40153,26.52,21.61,14.72,7.43,1.8,-2.84,-9.14
41001,88.16,87.81,87.44,85.42,86.27,87.62,86.91
41003,10.32,10.7,10.87,10.83,12.5,14.94,15.09
41005,21.46,20.27,19.37,17.91,18.66,19.38,19.04
41007,80.01,80.81,82.69,83.95,86.09,89.21,90.61
41009,47.85,53.25,59.39,64.7,71.98,79.78,86.17
41011,95.29,94.87,93.49,93.13,92.74,94.14,93.22
41013,92.04,90.86,89.61,87.13,87.84,88.36,87.48
41015,97.1,97.38,97.03,97.06,97.82,99.5,100.08
41017,28.84,26.96,24.85,21.82,22.05,21.9,20.43
41019,89.62,89.09,87.82,86.83,86.76,88.07,87.03
41021,86.44,88.75,91.25,92.38,97.07,101.39,104.9
41023,83.22,82.2,80.02,76.95,76.81,77.0,75.89
41025,87.33,84.59,80.98,76.23,74.36,73.61,70.56
41027,9.71,9.53,10.2,9.52,12.2,14.6,16.03
41029,65.27,65.74,65.67,65.3,66.81,69.5,69.5
41031,68.26,64.67,61.13,56.51,54.68,53.34,50.67
41033,73.48,76.11,77.64,79.28,82.25,86.03,88.07
41035,83.22,82.8,81.8,81.04,81.66,83.6,83.0
41037,88.98,92.1,93.93,95.52,99.54,104.03,106.57
41039,53.68,56.56,58.6,60.49,64.21,68.53,70.82
41041,88.16,89.66,91.77,93.59,96.04,99.65,100.96
41043,64.37,66.31,67.84,69.24,72.85,76.38,78.17
41045,67.62,66.68,65.66,62.9,62.95,63.72,61.77
41047,44.73,45.33,46.32,46.87,49.31,52.55,53.57
41049,48.93,47.84,46.39,43.64,43.86,43.83,43.25
41051,26.52,27.31,28.71,29.27,32.3,35.29,36.98
41053,46.74,46.81,47.25,47.42,49.37,51.96,52.28
41055,84.24,79.61,75.3,69.03,66.7,63.93,60.03
41057,50.08,61.21,72.59,83.86,95.26,108.23,119.05
41059,36.01,40.72,45.47,48.38,55.12,61.36,66.4
41061,63.67,63.13,62.56,60.46,61.74,63.07,62.73
41063,89.4,91.85,94.24,94.9,98.92,103.42,106.03
41065,64.37,67.62,71.74,74.18,80.51,86.34,90.75
41067,6.91,7.49,8.58,9.07,11.63,14.43,15.47
41069,85.32,89.75,93.54,96.35,102.52,108.62,113.63
41071,51.19,50.84,50.99,50.88,52.5,54.79,55.0
42001,33.4,32.81,31.08,30.72,29.18,28.51,26.2
42003,29.96,29.29,27.51,26.51,25.72,24.9,22.21
42005,77.17,76.89,75.03,73.96,72.88,71.82,69.41
42007,47.85,46.14,43.06,40.79,38.55,36.81,32.98
42009,68.26,68.53,67.61,67.79,67.41,67.81,67.02
42011,30.82,30.18,28.28,27.95,26.38,25.92,24.66
42013,57.62,60.32,62.36,65.37,67.57,70.22,71.79
42015,42.31,43.47,43.58,44.45,45.34,46.34,47.1
42017,9.71,10.33,8.84,9.73,9.41,10.09,10.14
42019,18.31,19.26,18.77,18.62,18.84,19.13,17.75
42021,71.12,71.75,71.39,71.9,71.86,72.34,71.91
42023,74.59,77.16,78.17,80.35,82.26,84.56,85.53
42025,68.26,66.02,62.36,60.43,57.53,55.65,52.71
42027,6.24,6.61,5.79,6.16,6.05,6.73,6.11
42029,1.97,2.13,0.47,1.03,-0.28,-0.35,-0.98
42031,57.62,60.22,60.73,61.76,63.06,64.48,64.71
42033,58.42,63.62,67.26,72.27,76.92,81.67,85.4
42035,42.31,44.84,46.2,48.89,50.46,53.54,55.09
42037,13.72,15.89,17.36,20.22,22.24,24.9,26.45
42039,60.17,58.45,54.98,52.49,49.94,47.65,43.8
42041,13.72,13.95,12.82,13.02,12.3,12.42,11.35
42043,29.96,29.93,28.24,28.03,27.2,26.87,25.2
42045,16.71,17.09,15.57,16.29,15.75,15.79,15.75
42047,45.78,52.71,58.03,64.23,70.09,76.32,81.01
42049,46.74,47.06,45.68,45.05,44.16,43.36,41.44
42051,75.96,74.2,71.46,69.25,67.74,66.03,63.18
42053,99.3,99.97,98.46,97.89,97.48,97.07,95.43
42055,19.8,21.49,22.27,24.08,24.86,26.26,26.81
42057,48.93,51.34,53.61,56.58,58.79,61.74,63.46
42059,77.17,79.43,81.28,83.84,87.07,90.04,91.63
42061,54.76,56.37,56.95,58.75,59.57,61.03,61.54
42063,34.89,37.14,38.08,39.94,41.62,43.34,43.86
42065,55.71,56.09,54.69,54.28,53.37,52.65,50.89
42067,42.31,39.91,36.05,33.57,30.18,28.01,24.72
42069,48.93,48.9,48.04,48.35,47.76,47.62,46.95
42071,14.45,15.33,14.66,15.64,15.37,16.61,15.97
42073,44.03,49.41,53.3,57.44,61.97,67.46,70.24
42075,20.89,23.25,24.1,26.16,27.6,30.21,30.96
42077,37.03,36.45,34.41,33.88,32.82,32.32,31.33
42079,52.66,52.61,51.72,52.03,51.51,51.77,50.96
42081,46.74,48.04,48.75,50.37,51.32,53.05,53.73
42083,69.79,70.44,69.91,70.45,70.58,70.88,70.0
42085,59.22,58.98,57.53,56.63,56.31,56.46,54.13
42087,69.02,68.36,66.38,66.04,64.51,63.77,61.84
42089,36.01,38.24,38.82,40.93,42.13,44.38,45.58
42091,5.48,6.07,4.62,5.69,5.17,5.66,5.83
42093,34.16,31.52,27.8,25.2,22.2,20.2,16.53
42095,26.52,25.13,22.05,20.91,19.14,18.07,16.13
42097,56.73,56.96,55.8,55.95,55.62,56.45,55.75
42099,27.19,28.21,27.68,28.62,28.72,29.78,29.55
42101,53.68,54.53,53.09,54.14,53.98,54.38,54.63
42103,52.66,56.72,59.4,63.66,67.1,71.1,74.5
42105,72.62,72.15,70.05,68.88,67.7,66.62,64.27
42107,70.49,70.24,69.06,69.25,68.44,68.69,67.41
42109,22.32,21.39,19.24,18.21,16.53,16.15,14.37
42111,60.17,60.0,58.17,57.25,56.08,55.46,53.73
42113,87.33,85.64,83.28,81.84,80.2,79.11,77.35
42115,65.87,64.38,61.72,60.07,57.79,55.99,53.77
42117,55.71,56.79,56.17,56.39,57.05,57.73,57.18
42119,28.18,27.29,25.22,24.3,22.68,22.1,20.15
42121,65.27,66.51,65.5,65.23,65.23,65.66,64.29
42123,69.02,69.12,67.58,67.0,66.11,65.41,63.6
42125,43.11,42.97,42.32,42.24,42.6,43.05,41.67
42127,69.79,69.31,67.51,66.83,65.38,64.44,63.34
42129,43.11,43.52,42.54,42.26,42.21,41.92,40.78
42131,46.74,43.59,39.88,37.0,33.61,30.88,27.15
42133,25.25,27.03,26.85,28.22,28.52,30.12,30.02
44001,19.8,18.58,15.75,15.03,13.34,12.05,10.25
44003,38.78,40.78,41.42,43.97,45.47,47.29,48.51
44005,19.8,20.45,19.66,20.48,20.49,20.91,20.8
44007,32.51,31.45,28.64,27.85,26.15,25.0,22.85
44009,8.63,10.45,11.27,13.23,14.66,16.16,17.35
45001,81.95,84.07,86.0,89.27,90.34,90.62,92.73
45003,38.78,38.48,37.84,36.74,34.58,31.49,30.02
45005,96.91,96.23,94.64,93.08,90.66,87.35,86.33
45007,58.42,58.17,57.84,58.03,56.56,54.76,54.06
45009,93.92,92.06,90.19,87.73,85.13,81.24,79.43
45011,92.96,93.36,93.6,93.33,92.36,90.67,91.04
45013,21.46,23.01,23.64,24.83,25.45,25.01,26.53
45015,27.19,29.39,32.7,34.76,36.47,37.07,39.49
45017,71.12,75.54,80.52,84.4,88.06,90.34,94.66
45019,11.46,12.21,13.66,14.43,14.66,13.67,14.32
45021,77.17,74.06,70.4,67.74,63.8,58.97,55.21
45023,65.27,67.7,70.12,73.36,74.99,75.7,77.73
45025,56.73,55.87,55.03,54.48,53.1,50.38,48.45
45027,92.36,93.57,95.14,95.77,96.51,95.59,96.5
45029,78.16,71.12,64.44,57.32,49.77,41.11,34.06
45031,72.62,73.76,75.5,76.85,77.49,76.55,77.13
45033,76.5,80.14,84.85,89.04,92.17,94.34,97.52
45035,16.71,18.36,20.91,22.41,23.43,23.45,25.09
45037,46.74,48.96,50.83,52.89,53.44,53.04,54.65
45039,82.74,80.92,79.43,78.03,74.7,70.72,68.44
45041,60.94,58.89,57.54,55.97,53.71,50.1,47.73
45043,51.74,52.42,53.82,53.85,53.74,52.31,52.51
45045,16.71,17.65,17.85,19.36,19.32,18.57,19.31
45047,51.74,51.49,51.39,51.8,50.28,47.73,46.94
45049,75.33,66.41,56.91,47.23,37.18,26.01,16.94
45051,53.68,56.16,59.33,61.83,64.03,64.55,66.81
45053,50.08,51.48,52.25,53.18,53.92,53.39,55.01
45055,52.66,50.23,48.2,46.15,42.81,38.46,35.7
45057,43.11,41.03,38.83,37.99,35.41,31.87,29.18
45059,84.75,82.85,80.56,79.22,76.26,72.14,69.83
45061,90.19,90.27,90.88,90.88,90.37,88.44,88.2
45063,18.94,21.36,23.97,26.63,28.08,28.11,30.16
45065,84.24,86.57,88.6,91.61,92.11,92.15,93.68
45067,73.96,73.78,74.53,74.67,73.83,71.87,71.41
45069,87.33,87.33,87.84,88.35,87.25,85.58,84.46
45071,39.83,40.36,40.86,41.74,40.72,38.36,37.95
45073,80.01,82.06,83.53,85.99,87.11,87.41,88.73
45075,67.62,68.31,70.04,70.76,71.21,70.28,71.22
45077,41.45,40.93,39.86,39.4,37.71,35.31,33.92
45079,16.71,17.29,18.57,20.05,20.1,18.76,19.4
45081,50.08,44.78,39.04,33.62,26.92,18.55,12.44
45083,52.66,51.87,50.11,49.4,47.07,44.09,42.6
45085,73.96,78.2,83.02,86.99,90.56,92.63,96.53
45087,88.16,85.24,82.0,79.77,75.53,70.36,67.07
45089,86.44,85.28,84.39,82.34,80.52,77.36,75.76
45091,16.71,15.81,14.83,15.07,13.63,11.32,9.82
46003,19.8,25.35,27.01,30.06,35.78,38.88,40.97
46005,36.01,30.35,22.0,14.66,9.1,1.86,-6.81
46007,27.19,28.99,26.47,26.29,27.34,27.52,25.45
46009,28.84,30.71,28.41,27.2,29.06,29.34,27.68
46011,7.9,7.83,3.85,1.53,0.54,-1.09,-5.16
46013,7.45,7.57,3.85,0.87,0.76,-0.79,-4.64
46015,66.92,61.34,52.25,44.57,39.85,32.56,23.62
46017,70.49,67.75,62.23,57.46,55.8,51.36,45.76
46019,54.76,51.46,44.99,40.52,38.57,34.53,29.08
46021,43.11,36.92,26.74,18.04,12.25,4.06,-5.49
46023,42.31,45.04,43.85,43.77,46.93,48.32,47.43
46025,63.67,64.22,61.32,59.83,59.93,59.01,56.22
46027,5.76,5.73,1.62,-0.43,-1.76,-3.66,-7.62
46029,36.01,30.7,21.67,13.84,7.78,1.2,-7.97
46031,23.72,23.42,19.67,17.01,17.22,15.44,12.06
46033,47.85,48.58,46.99,46.92,48.3,48.26,46.9
46035,47.85,52.47,53.41,55.14,59.78,62.51,63.47
46037,43.11,41.39,36.56,32.54,31.03,28.15,22.9
46039,56.73,48.53,36.57,26.11,16.8,7.51,-4.6
46041,22.32,17.3,9.09,2.77,-1.73,-7.36,-15.1
46043,34.16,37.35,36.47,36.7,40.33,41.78,41.31
46045,9.11,14.87,16.56,19.62,25.3,29.04,31.46
46047,89.62,89.71,86.84,85.53,85.87,84.49,81.84
46049,48.93,44.64,36.73,30.26,25.99,19.72,11.95
46051,33.4,33.14,29.65,26.87,26.18,24.59,20.44
46053,68.26,62.43,53.24,45.23,39.58,32.65,23.84
46055,68.26,56.01,39.91,25.48,13.09,-0.44,-15.85
46057,26.52,22.39,14.82,8.47,3.67,-2.09,-10.23
46059,37.89,31.53,22.23,13.98,7.82,-0.26,-10.15
46061,16.71,19.53,18.67,19.1,21.47,22.54,21.63
46063,3.09,3.34,1.45,0.8,2.27,1.77,0.91
46065,10.32,9.52,5.97,3.58,3.08,0.79,-3.32
46067,44.03,49.34,50.19,52.6,57.52,60.85,62.22
46069,9.11,8.12,4.71,2.55,2.15,-0.17,-3.89
46071,16.05,25.34,30.73,38.34,47.77,56.06,62.25
46073,48.93,34.91,17.4,0.99,-12.65,-28.58,-45.91
46075,79.53,56.65,30.62,6.22,-16.34,-40.63,-66.5
46077,25.25,29.5,30.71,32.67,36.56,38.99,39.89
46079,21.46,19.66,14.39,10.65,8.46,5.07,-0.07
46081,45.78,45.46,42.37,40.77,41.36,40.04,37.61
46083,0.38,0.67,-2.81,-4.71,-5.44,-6.63,-10.32
46085,12.61,12.68,9.95,8.26,9.46,8.17,5.28
46087,18.94,24.02,25.16,27.95,32.11,34.97,36.11
46089,65.87,67.85,65.56,64.45,67.0,67.22,66.03
46091,9.11,6.8,1.07,-4.08,-6.68,-9.88,-15.94
46093,34.16,35.47,33.41,33.43,35.15,35.25,34.75
46095,55.71,50.66,42.56,36.27,31.68,25.62,17.9
46097,19.8,25.61,27.8,31.0,36.6,40.55,42.67
46099,9.11,9.44,5.88,3.99,3.08,1.64,-2.33
46101,20.89,16.89,9.16,3.54,-1.75,-7.11,-14.86
46102,0.0,0.57,-2.74,-3.49,-3.57,-4.84,-8.2
46103,34.89,36.23,34.86,35.44,37.2,37.85,38.0
46105,48.93,56.35,61.03,66.47,74.61,80.84,86.09
46107,60.94,60.62,56.65,54.3,54.14,52.22,48.66
46109,25.25,22.68,17.12,12.14,9.59,5.99,0.16
46111,38.78,37.38,32.59,28.91,27.46,24.3,19.05
46115,64.37,53.65,39.79,26.73,16.08,4.13,-9.97
46117,3.57,2.13,-2.34,-5.7,-7.03,-9.83,-14.63
46119,15.09,13.98,9.71,7.35,6.61,4.28,0.03
46121,72.62,58.02,40.38,23.84,9.28,-6.6,-24.22
46123,19.8,16.85,10.84,5.81,3.56,-1.15,-7.17
46125,24.45,26.8,24.54,24.19,25.09,25.47,23.58
46127,7.45,9.6,8.11,7.91,9.05,9.73,8.26
46129,41.45,45.01,44.61,45.89,49.49,51.24,51.32
46135,31.65,29.63,23.37,18.87,16.04,12.01,6.23
46137,8.25,8.01,4.5,2.29,2.41,1.3,-1.61
47001,77.17,76.73,76.92,78.33,78.24,77.23,77.44
47003,48.93,51.31,54.3,56.39,58.07,58.89,60.61
47005,94.49,95.75,98.24,98.61,99.88,100.52,100.8
47007,97.55,97.8,98.85,100.03,100.33,99.31,100.14
47009,54.76,52.47,50.73,50.03,47.62,44.71,43.07
47011,76.5,72.67,68.91,65.55,61.19,55.57,51.64
47013,90.51,92.02,94.27,97.52,99.27,100.73,102.99
47015,91.56,87.63,84.17,80.59,76.46,70.73,66.07
47017,83.79,84.86,86.58,86.28,87.33,87.74,87.41
47019,93.92,92.06,89.74,88.35,86.39,83.75,81.9
47021,52.66,49.09,45.81,41.58,37.7,32.75,27.72
47023,26.52,30.12,34.39,36.93,40.03,42.56,44.37
47025,92.36,90.49,89.38,88.99,86.96,84.83,83.27
47027,91.44,92.0,93.1,93.97,94.1,93.55,94.45
47029,92.04,92.5,93.06,94.47,94.72,94.38,95.11
47031,86.44,81.58,76.84,71.7,66.09,59.18,53.42
47033,80.64,81.88,83.44,83.52,84.78,85.34,84.84
47035,92.96,93.21,94.9,96.7,98.07,97.59,98.56
47037,16.71,17.49,18.58,18.65,18.8,17.96,17.44
47039,89.62,90.03,91.0,90.21,90.02,88.95,88.26
47041,72.62,73.68,75.56,77.23,78.47,78.16,79.03
47043,60.17,59.39,58.93,57.54,56.34,53.99,51.78
47045,69.79,71.98,74.05,74.51,76.42,77.99,77.91
47047,60.17,55.68,51.75,46.45,41.75,37.24,30.81
47049,96.75,95.49,95.6,95.95,95.08,93.35,93.03
47051,77.17,78.0,78.9,79.53,79.37,78.17,78.03
47053,63.67,65.03,67.21,67.05,68.64,69.22,69.1
47055,65.87,68.25,70.49,71.56,72.57,72.31,73.0
47057,88.98,89.61,90.77,92.67,93.37,93.52,94.64
47059,91.82,91.95,92.04,92.82,92.94,92.34,92.27
47061,98.5,98.31,98.51,98.44,97.62,95.48,94.57
47063,78.16,77.27,76.72,76.67,75.88,74.63,73.84
47065,41.45,38.91,36.19,33.96,30.47,25.65,22.8
47067,97.39,97.66,98.56,100.5,101.36,101.45,102.0
47069,75.96,74.69,73.62,71.26,69.49,67.43,64.22
47071,88.16,83.51,79.21,73.68,68.41,62.03,55.97
47073,91.44,91.66,91.75,92.51,92.9,92.5,92.7
47075,78.16,74.0,70.53,65.66,61.85,57.68,51.92
47077,62.56,64.71,67.49,68.33,69.96,70.87,71.62
47079,87.81,89.01,91.14,90.66,91.76,91.78,91.47
47081,90.19,89.96,90.15,88.88,87.82,85.69,83.9
47083,93.22,94.65,97.27,98.09,99.49,99.72,99.86
47085,73.96,79.67,86.31,91.41,96.9,101.6,106.44
47087,94.49,92.41,91.47,90.21,88.64,85.7,84.03
47089,83.79,82.9,82.17,82.39,81.07,79.39,78.52
47091,97.39,95.96,94.25,93.43,92.07,90.35,89.01
47093,27.19,26.82,26.66,27.78,27.14,25.72,25.57
47095,97.99,98.1,97.68,95.86,95.49,94.87,92.57
47097,93.7,93.22,92.86,90.91,90.26,89.24,86.35
47099,66.92,67.73,68.89,68.55,68.19,66.64,65.93
47101,81.95,81.51,81.4,79.74,78.24,75.66,73.7
47103,82.74,84.21,85.21,85.81,86.22,85.24,84.99
47105,63.67,61.48,59.69,59.09,57.27,54.16,52.23
47107,80.64,75.56,71.38,67.84,63.06,56.92,52.54
47109,85.8,84.44,83.52,81.44,79.44,76.93,73.9
47111,79.08,77.21,76.19,74.28,72.59,69.83,67.87
47113,54.76,53.58,53.13,51.06,49.78,47.96,45.27
47115,93.92,92.29,90.8,89.06,86.34,82.12,79.53
47117,62.56,58.31,54.41,49.28,43.96,37.9,32.58
47119,44.73,43.72,43.62,42.33,40.61,38.12,36.39
47121,98.89,96.42,95.05,93.9,91.92,88.39,86.44
47123,81.95,76.9,72.32,68.88,64.06,58.16,53.41
47125,29.96,31.19,33.33,34.15,35.13,35.09,35.28
47127,69.02,68.97,69.04,68.25,67.26,65.01,63.73
47129,94.08,93.43,93.51,94.44,94.03,92.57,92.16
47131,75.96,77.5,79.23,78.8,79.74,80.25,79.9
47133,65.87,58.79,52.81,46.84,40.12,32.34,25.75
47135,81.31,81.78,82.66,82.01,81.6,80.38,79.68
47137,81.95,82.71,84.0,85.53,85.72,85.4,86.5
47139,88.98,82.69,75.92,70.3,63.28,55.19,48.42
47141,41.45,38.01,35.49,32.92,29.91,25.47,22.48
47143,96.34,94.03,92.88,91.69,89.62,86.22,84.32
47145,92.36,89.94,88.2,87.19,85.06,81.92,79.8
47147,31.65,35.08,38.71,41.29,44.46,46.69,48.91
47149,5.16,5.8,7.22,7.65,7.86,7.4,7.56
47151,90.51,92.74,95.82,99.69,102.05,104.1,107.13
47153,85.8,88.65,92.04,95.1,97.75,98.85,101.8
47155,70.49,69.2,68.4,68.73,67.22,65.15,63.92
47157,26.52,24.99,23.41,21.08,19.01,17.41,13.79
47159,69.02,71.16,74.05,76.6,78.87,79.75,81.62
47161,85.8,87.28,89.7,90.23,91.67,92.01,92.54
47163,82.74,83.6,84.37,85.67,86.6,87.11,87.84
47165,23.02,24.66,27.11,28.41,29.88,30.69,31.55
47167,46.74,48.17,49.36,49.63,50.71,51.69,50.85
47169,69.79,68.37,67.54,65.69,64.09,61.32,59.31
47171,96.05,96.06,95.72,96.44,96.62,95.79,95.93
47173,69.02,70.28,71.78,74.26,75.22,76.15,77.74
47175,92.04,92.25,92.99,93.72,94.25,92.85,93.02
47177,77.17,76.82,77.25,77.38,77.03,75.34,74.61
47179,64.37,65.99,67.32,69.85,71.82,72.72,74.22
47181,88.67,86.61,84.65,81.33,78.18,74.0,70.51
47183,62.56,63.39,64.5,63.62,64.1,63.89,63.17
47185,80.01,81.24,83.22,85.34,87.15,87.32,88.92
47187,1.34,0.89,1.42,0.91,-0.18,-1.6,-2.74
47189,23.02,24.89,27.74,29.35,31.42,32.37,33.68
48001,29.96,26.22,22.29,18.2,12.82,9.81,4.57
48003,22.32,16.75,9.82,2.4,-3.52,-9.31,-18.83
48005,80.64,82.0,82.49,83.39,82.05,83.35,82.45
48007,92.96,92.69,92.18,91.3,89.7,88.89,88.19
48009,50.08,47.48,44.18,40.32,36.26,33.72,29.44
48011,52.66,52.64,50.31,47.76,47.03,46.64,45.41
48013,33.4,25.14,16.43,7.66,-1.39,-9.0,-17.93
48015,26.52,29.75,32.49,33.99,35.16,38.25,40.01
48017,22.32,31.24,38.12,45.51,54.31,63.02,70.05
48019,74.59,75.93,75.88,75.4,75.13,76.64,76.52
48021,30.82,33.96,36.9,38.82,40.33,43.76,45.78
48023,84.24,77.85,71.18,63.75,56.48,50.72,42.92
48025,73.96,65.89,57.91,49.56,40.65,32.89,24.47
48027,32.51,35.71,37.81,40.1,41.61,44.44,45.36
48029,32.51,32.12,31.26,29.86,28.67,28.76,27.46
48031,64.37,62.51,60.03,56.34,53.54,51.75,47.88
48033,27.19,40.46,53.06,65.08,77.77,91.07,102.16
48035,70.49,69.6,67.8,66.54,64.21,63.17,60.0
48037,51.74,48.4,44.34,40.32,35.93,33.54,28.61
48039,8.63,7.19,4.8,1.64,-1.49,-2.99,-6.37
48041,3.76,2.37,0.51,-2.14,-5.87,-7.15,-10.03
48043,82.43,85.38,86.33,87.78,90.38,92.97,93.5
48045,23.02,16.7,9.57,1.27,-5.62,-11.94,-19.44
48047,97.07,85.46,73.17,61.01,48.19,34.98,22.91
48049,31.65,34.39,35.63,36.93,37.85,40.14,40.33
48051,75.33,70.55,65.88,60.29,54.16,50.03,44.32
48053,79.08,79.58,79.08,78.01,77.21,77.79,75.96
48055,50.08,45.2,39.66,33.16,26.63,21.82,15.22
48057,79.08,74.3,69.45,63.96,58.01,52.91,47.4
48059,79.08,77.28,74.74,72.42,69.04,67.35,63.55
48061,32.51,30.08,27.43,24.4,19.36,14.56,12.12
48063,73.48,67.89,61.85,56.0,48.81,43.84,36.56
48065,15.09,16.1,15.21,13.93,14.53,15.8,15.77
48067,77.84,70.55,62.92,55.11,46.45,40.06,31.06
48069,8.63,8.78,6.86,5.45,5.05,5.17,3.97
48071,37.89,32.81,27.17,21.78,15.05,10.47,4.02
48073,39.83,38.46,37.12,35.34,31.97,31.54,28.32
48075,24.45,44.55,64.26,83.63,103.68,123.77,142.57
48077,85.8,82.41,78.47,74.16,69.64,66.5,61.52
48079,66.92,64.88,61.22,57.91,55.86,53.11,48.63
48081,71.76,71.96,70.6,69.35,67.64,66.86,64.44
48083,24.45,25.32,24.94,24.65,23.76,23.87,22.58
48085,0.45,0.4,0.1,-0.39,-1.31,-0.82,-2.49
48087,52.66,56.04,58.63,60.34,63.5,66.39,68.54
48089,38.78,40.95,42.66,43.43,43.36,45.25,46.21
48091,34.16,33.33,32.17,30.41,28.53,27.99,25.56
48093,71.76,74.23,75.79,77.24,77.95,80.22,80.63
48095,62.56,37.67,11.0,-15.75,-42.53,-68.7,-95.99
48097,45.78,45.4,44.7,43.73,42.05,41.96,40.06
48099,29.96,39.86,48.6,57.64,65.91,75.53,83.03
48101,88.67,87.42,85.67,83.18,81.71,81.03,78.31
48103,3.57,1.92,-1.21,-4.6,-7.66,-9.66,-14.54
48105,19.8,17.34,12.99,8.75,4.98,1.6,-3.45
48107,69.79,68.19,65.18,62.62,60.04,57.84,54.13
48109,96.75,96.38,94.73,93.34,93.35,93.94,91.62
48111,24.45,29.04,31.58,34.17,39.58,44.36,48.01
48113,5.76,5.52,4.94,4.0,2.47,2.5,0.19
48115,39.83,47.57,53.55,60.02,67.21,75.03,79.89
48117,10.98,9.35,5.37,2.16,-0.27,-2.2,-5.08
48119,53.68,60.21,66.37,73.2,78.81,85.96,91.61
48121,1.88,1.94,1.42,1.5,0.06,0.2,-1.82
48123,62.56,63.16,63.67,63.56,63.39,64.64,64.64
48125,87.33,90.79,93.49,95.95,98.87,102.61,104.3
48127,78.16,85.41,91.33,97.09,102.74,109.58,116.16
48129,70.49,71.17,70.77,69.9,70.57,71.33,71.12
48131,98.15,97.57,96.75,95.35,93.66,92.52,91.62
48133,90.89,89.44,86.96,84.33,81.17,80.05,76.68
48135,36.01,30.76,24.04,16.91,11.14,5.66,-2.99
48137,85.32,88.13,88.61,89.16,90.53,92.71,93.36
48139,25.25,22.47,19.08,15.77,12.06,9.61,4.95
48141,28.18,31.41,33.31,35.4,40.18,44.95,46.89
48143,15.09,12.31,8.61,4.93,-0.11,-3.02,-8.17
48145,79.53,81.41,82.71,83.81,84.28,86.75,86.81
48147,68.26,65.32,62.35,59.2,55.6,52.94,48.83
48149,27.19,30.83,34.14,36.76,38.28,42.1,44.37
48151,61.64,59.6,56.93,54.12,50.91,48.97,45.11
48153,37.89,36.6,34.13,31.42,29.61,28.05,25.39
48155,99.17,97.7,95.14,92.32,89.85,87.97,84.38
48157,1.46,1.63,0.25,-1.33,-3.3,-3.77,-5.76
48159,90.89,90.05,89.46,89.03,87.42,87.63,85.94
48161,67.62,67.5,66.47,65.52,63.47,64.29,62.16
48163,71.12,70.2,68.51,67.08,65.07,64.37,62.93
48165,25.25,22.33,17.87,13.46,10.66,7.96,2.1
48167,25.25,26.5,26.71,26.47,25.75,26.79,25.76
48169,47.85,40.9,32.95,24.92,17.42,10.43,0.94
48171,68.26,58.94,47.89,35.98,24.89,14.99,3.21
48173,0.03,-0.73,-2.7,-5.45,-7.3,-8.28,-11.42
48175,86.44,84.82,82.68,80.14,77.17,75.15,72.78
48177,84.75,82.36,79.28,75.37,71.43,69.47,65.88
48179,50.08,51.66,51.18,50.61,51.92,53.64,54.15
48181,56.73,58.18,59.5,60.72,61.27,63.16,63.69
48183,43.11,43.05,42.58,42.37,40.44,41.12,38.89
48185,40.75,36.85,32.62,27.36,21.18,17.69,12.42
48187,25.25,23.14,20.85,17.81,14.44,12.89,9.25
48189,15.09,13.83,10.64,8.11,6.16,4.75,2.35
48191,68.26,76.63,84.19,91.33,99.34,107.44,114.25
48193,86.82,91.22,95.03,98.72,101.39,105.63,107.92
48195,15.09,17.59,18.36,19.06,21.89,25.3,26.98
48197,93.7,93.65,93.06,91.62,90.73,90.76,89.52
48199,57.62,51.57,45.69,40.21,32.61,27.23,20.32
48201,4.81,4.59,3.5,2.11,-0.16,-0.29,-2.34
48203,34.89,29.33,23.58,18.26,11.13,6.31,-0.72
48205,16.05,17.95,17.57,17.45,20.12,22.27,23.09
48207,95.7,97.94,99.32,100.49,101.27,103.7,104.08
48209,5.48,4.91,3.67,1.89,-0.23,-0.44,-2.87
48211,8.63,5.59,0.52,-4.9,-8.05,-10.82,-15.23
48213,71.76,69.21,66.18,62.91,58.15,55.92,51.59
48215,34.16,32.23,30.08,27.46,23.5,19.71,18.08
48217,74.59,73.44,71.07,69.26,66.66,65.37,61.15
48219,37.03,37.76,36.61,36.06,36.83,37.0,35.48
48221,55.71,48.37,40.44,32.24,22.88,15.67,6.26
48223,65.27,66.84,68.52,70.57,71.34,73.87,74.43
48225,82.43,76.94,71.44,65.26,58.39,53.38,46.53
48227,71.76,65.47,57.6,49.17,41.66,35.28,26.26
48229,97.61,97.89,96.41,95.44,96.62,97.64,96.19
48231,65.87,64.81,63.63,62.52,60.45,60.04,57.7
48233,50.08,58.52,64.94,71.46,79.65,88.35,95.56
48235,15.09,11.93,6.9,1.6,-3.76,-7.97,-14.17
48237,85.32,84.57,82.84,81.18,79.1,78.15,75.14
48239,54.76,60.11,65.52,70.07,74.55,80.14,84.71
48241,91.44,90.7,90.39,89.47,86.32,86.13,83.8
48243,98.98,90.77,80.97,71.53,63.06,54.82,44.11
48245,44.73,39.11,33.23,27.64,19.93,14.99,8.44
48247,90.51,91.97,92.75,93.45,93.63,93.2,94.03
48249,75.96,69.03,62.04,54.2,46.25,38.59,31.44
48251,14.45,14.17,13.18,12.3,10.61,10.13,7.58
48253,80.01,83.13,85.62,87.91,89.53,92.85,94.07
48255,89.62,82.73,75.97,68.58,60.58,53.96,46.69
48257,22.32,22.08,21.93,21.55,20.11,20.04,17.97
48259,28.18,36.77,44.63,51.72,59.09,68.1,74.89
48261,0.89,37.2,73.55,109.67,145.05,180.52,217.2
48263,88.98,93.03,96.7,100.03,103.48,107.92,110.41
48265,78.16,78.65,77.59,75.88,74.69,74.99,73.47
48267,71.76,76.12,77.97,79.86,82.37,85.76,87.38
48269,4.39,2.99,1.0,-1.45,-3.54,-4.77,-8.0
48271,59.22,44.32,27.24,9.99,-6.52,-22.43,-39.11
48273,46.74,47.91,48.91,49.56,49.92,50.43,51.9
48275,79.08,79.97,80.48,80.4,80.39,81.82,81.09
48277,71.12,71.97,72.56,73.44,73.04,74.09,73.74
48279,30.82,35.07,38.08,41.2,45.52,49.66,52.34
48281,52.66,59.9,66.11,71.93,77.56,84.46,89.33
48283,85.8,87.4,88.27,88.94,89.26,90.57,91.64
48285,78.16,75.29,71.83,67.81,63.6,61.17,57.11
48287,58.42,56.22,54.07,50.41,46.65,44.81,41.66
48289,47.85,43.77,38.99,33.87,27.99,24.98,19.51
48291,73.96,71.93,69.21,67.04,62.9,61.42,57.62
48293,60.94,64.49,67.31,70.2,72.19,76.72,78.56
48295,19.8,19.92,18.35,16.14,15.64,16.1,14.54
48297,73.48,68.79,64.03,58.39,52.49,47.75,42.69
48299,96.05,95.86,94.09,91.98,90.4,89.9,87.3
48301,73.48,83.19,91.62,99.78,109.19,119.07,126.23
48303,37.89,39.47,39.24,39.53,40.77,41.67,41.02
48305,74.59,75.51,74.97,74.96,75.74,76.88,75.7
48307,60.94,64.6,66.28,67.8,70.03,72.25,73.12
48309,26.52,26.19,25.0,24.31,23.12,23.15,20.67
48311,96.75,96.03,95.32,93.45,91.68,91.13,90.26
48313,59.22,55.97,52.4,48.21,43.08,40.17,35.26
48315,94.08,92.94,91.38,90.06,86.96,86.27,83.31
48317,27.19,21.75,15.05,8.2,2.12,-2.76,-10.82
48319,60.94,57.52,51.64,45.46,40.36,35.76,29.01
48321,48.93,45.09,41.29,36.69,31.3,27.1,22.16
48323,66.92,63.8,58.44,52.48,47.53,42.99,38.26
48325,60.17,54.6,48.23,41.65,35.52,30.56,24.57
48327,94.49,94.32,92.02,89.62,87.75,86.31,83.55
48329,18.31,13.12,6.72,-0.15,-5.76,-10.67,-18.64
48331,89.62,88.83,87.73,86.4,84.54,84.86,83.42
48333,51.19,62.3,72.45,82.45,92.44,103.27,111.89
48335,65.87,62.23,57.41,52.0,46.6,42.45,36.39
48337,73.48,75.5,76.75,78.05,78.5,80.75,81.07
48339,11.97,11.04,9.76,8.51,5.47,5.02,3.06
48341,28.18,29.18,28.33,27.59,29.13,30.55,30.65
48343,94.97,89.78,84.36,78.62,71.82,67.09,60.02
48345,75.33,79.18,82.31,84.69,88.4,92.3,94.34
48347,38.78,42.63,45.83,49.13,50.09,54.08,55.43
48349,70.49,72.89,73.89,75.03,75.43,77.44,77.38
48351,88.16,91.73,95.87,99.4,101.0,105.21,107.32
48353,80.01,75.93,70.66,65.23,59.32,54.95,48.39
48355,46.74,42.13,37.39,32.25,26.94,21.79,17.15
48357,6.91,8.71,8.61,8.38,9.93,12.29,12.65
48359,54.76,52.52,48.22,44.53,41.65,39.2,35.66
48361,71.12,66.21,61.2,56.54,49.82,45.65,39.8
48363,66.92,69.06,70.14,71.36,71.82,73.64,73.31
48365,59.22,62.08,64.61,67.3,68.14,71.26,71.96
48367,27.19,25.56,23.57,21.65,18.53,16.72,13.15
48369,18.94,25.98,30.39,35.55,42.05,48.26,53.59
48371,20.89,19.93,17.41,14.54,12.5,10.71,6.28
48373,97.1,96.22,95.1,93.97,91.25,90.81,88.93
48375,18.31,18.68,16.61,15.01,14.71,15.06,14.14
48377,92.96,91.59,88.26,85.91,84.24,82.65,78.64
48379,75.33,78.52,81.64,84.33,85.92,89.71,91.24
48381,11.46,12.81,11.77,11.34,11.87,13.15,13.09
48383,9.71,7.61,3.59,-0.65,-4.41,-7.79,-12.9
48385,76.5,85.11,91.64,97.82,104.68,112.61,119.27
48387,92.96,90.44,87.66,84.6,80.89,78.86,74.98
48389,43.11,34.57,24.68,14.69,5.43,-3.08,-14.04
48391,91.82,90.84,89.6,87.9,85.86,84.5,83.07
48393,50.08,51.8,51.45,50.57,51.91,54.27,54.58
48395,59.22,53.23,46.8,39.98,32.32,26.68,18.99
48397,1.69,1.88,1.91,1.72,1.06,1.75,0.34
48399,15.09,22.53,28.86,35.41,41.53,48.58,54.05
48401,53.68,54.33,54.71,54.66,52.81,53.43,51.51
48403,92.68,92.56,91.92,91.48,88.63,88.49,86.61
48405,98.31,98.49,98.48,98.72,96.59,97.04,95.51
48407,75.96,77.84,79.69,81.36,81.46,84.09,85.19
48409,55.71,50.0,44.15,37.84,31.12,25.17,19.45
48411,73.48,68.87,62.76,56.3,50.24,45.05,37.28
48413,24.45,16.88,7.27,-2.15,-11.47,-20.14,-30.59
48415,44.03,40.51,36.33,31.62,27.07,23.18,17.54
48417,39.83,53.75,67.33,80.38,92.81,106.9,119.38
48419,57.62,63.37,68.29,72.97,76.2,81.61,84.85
48421,57.62,60.12,60.55,61.58,65.15,68.4,69.95
48423,33.4,31.47,29.3,26.84,22.8,21.28,17.41
48425,19.8,17.6,14.54,11.54,7.09,5.02,0.37
48427,82.74,77.54,71.59,66.22,59.47,52.34,46.67
48429,52.66,56.72,59.93,63.18,65.94,70.4,73.24
48431,18.31,15.21,10.45,5.01,-0.56,-4.97,-11.29
48433,74.59,82.49,89.75,96.72,103.84,111.77,117.98
48435,5.76,4.0,-0.36,-4.21,-7.59,-10.21,-14.84
48437,61.64,66.01,68.36,70.76,74.31,78.69,81.53
48439,8.25,8.11,7.84,7.78,6.83,7.03,4.94
48441,61.64,60.48,58.57,57.13,54.17,53.36,50.18
48443,84.75,77.26,67.94,58.6,49.68,41.77,31.98
48445,64.37,59.66,53.2,47.36,42.73,37.9,30.79
48447,74.59,80.53,86.12,91.28,95.83,102.46,107.06
48449,58.42,52.1,45.06,38.52,31.09,25.51,17.73
48451,40.75,38.25,34.11,30.11,25.78,22.47,17.64
48453,3.76,3.42,2.94,1.27,-0.24,-0.13,-1.9
48455,97.33,97.6,97.42,97.4,96.04,96.39,95.13
48457,94.49,94.43,94.42,94.6,92.39,92.83,91.74
48459,79.53,76.45,73.08,69.81,64.88,62.29,57.34
48461,22.32,22.45,20.89,19.1,17.28,16.87,13.91
48463,41.45,36.6,30.35,23.31,17.0,11.91,5.57
48465,15.09,20.32,23.19,26.0,29.58,33.3,36.61
48467,74.59,72.67,70.54,68.11,64.38,63.3,59.65
48469,51.19,49.18,47.19,44.54,42.15,40.4,37.85
48471,8.63,6.75,4.78,2.45,-1.25,-3.04,-6.38
48473,28.18,32.15,35.71,38.54,40.94,45.68,48.38
48475,60.17,47.48,33.39,19.11,5.71,-6.84,-22.59
48477,43.11,43.52,43.88,43.15,41.39,42.01,40.95
48479,26.52,23.17,19.64,15.82,11.35,7.13,4.24
48481,47.85,46.91,45.48,43.14,40.68,39.24,36.41
48483,53.68,51.66,48.27,44.3,41.94,39.99,37.6
48485,41.45,44.21,46.23,47.5,48.99,51.85,53.17
48487,83.79,82.4,80.34,77.83,75.61,74.65,72.31
48489,69.79,71.85,73.95,75.52,75.49,75.84,78.17
48491,5.16,5.02,4.66,3.46,1.95,2.18,0.41
48493,31.65,25.87,20.26,13.86,6.99,2.12,-4.11
48495,51.74,40.59,27.81,14.89,3.25,-7.94,-22.83
48497,52.66,56.7,60.69,64.52,67.4,71.68,73.91
48499,90.19,90.31,90.12,90.22,88.76,89.56,87.99
48501,25.25,19.45,12.13,4.96,-0.76,-6.59,-15.04
48503,65.87,59.95,53.51,46.54,39.18,33.6,25.84
48505,53.68,54.83,54.98,55.92,56.45,56.08,56.68
48507,93.47,94.81,94.43,93.7,93.36,94.17,94.56
49001,14.45,14.46,13.91,13.22,15.31,15.99,17.18
49003,21.46,23.86,25.82,27.58,31.94,35.15,36.22
49005,1.97,2.82,2.75,2.38,4.48,5.57,4.62
49007,63.67,57.33,50.1,42.95,38.55,32.58,25.69
49009,65.27,46.29,26.24,6.47,-10.32,-30.02,-50.37
49011,3.57,4.14,3.95,4.3,6.71,7.67,6.48
49013,5.76,8.64,10.43,12.12,16.34,18.77,20.55
49015,45.78,48.62,50.76,53.17,58.34,61.81,64.99
49017,38.78,43.12,47.23,50.87,57.37,62.7,68.53
49019,16.05,17.18,18.48,19.9,23.97,26.79,27.74
49021,16.05,14.5,12.61,10.59,11.94,11.93,12.1
49023,10.98,10.94,9.76,8.43,9.91,9.73,8.91
49025,53.68,55.39,56.67,58.23,62.76,65.67,69.04
49027,12.61,15.69,18.79,21.43,26.81,30.13,33.39
49029,3.09,2.09,0.8,-0.47,0.5,0.02,-2.52
49031,58.42,71.15,83.26,95.11,109.21,122.16,135.95
49033,45.78,40.1,33.31,26.65,22.38,16.87,9.58
49035,4.11,4.06,3.13,2.8,4.82,5.09,3.48
49037,57.62,55.69,53.79,51.57,52.11,51.39,49.22
49039,11.97,14.23,16.1,17.59,22.01,24.59,26.72
49041,19.8,21.83,23.39,25.2,28.95,31.44,34.42
49043,0.1,0.07,-1.0,-2.11,-0.59,-0.9,-2.57
49045,11.46,11.19,9.7,8.89,10.3,10.08,7.65
49047,9.71,9.48,7.99,6.61,8.23,7.35,5.96
49049,1.15,1.13,-0.08,-1.18,0.28,-0.02,-1.68
49051,1.24,1.15,-0.03,-1.27,0.52,0.4,-1.22
49053,23.72,25.09,25.28,25.94,30.01,31.97,33.71
49055,3.57,7.28,10.88,14.12,19.56,23.47,27.66
49057,12.61,13.0,12.87,13.35,15.83,17.09,16.01
50001,28.18,32.73,34.69,38.67,43.02,46.57,49.88
50003,60.94,62.32,61.2,61.86,62.67,62.92,62.37
50005,79.53,80.11,77.54,77.33,77.38,77.57,76.73
50007,9.11,11.16,9.79,10.8,12.03,12.37,12.71
50009,87.33,84.15,77.91,73.51,69.87,66.26,61.39
50011,28.84,25.81,19.1,14.66,11.16,6.81,2.01
50013,18.94,19.28,15.73,14.25,13.38,11.76,10.64
50015,16.71,16.92,13.7,12.72,12.43,11.57,10.16
50017,48.93,55.83,59.75,66.06,72.6,79.04,84.65
50019,53.68,54.87,52.47,52.11,53.03,53.29,52.43
50021,48.93,50.85,50.15,51.51,52.98,54.03,54.77
50023,15.09,15.91,13.77,14.08,14.23,14.23,13.59
50025,56.73,56.09,53.56,53.11,52.3,50.98,49.09
50027,58.42,57.83,54.4,53.3,51.98,50.69,48.15
51001,22.32,22.49,20.49,21.13,19.85,20.03,19.72
51003,6.91,5.62,4.08,3.96,2.21,1.27,0.38
51005,78.16,79.3,81.05,83.24,84.57,86.31,87.35
51007,42.31,37.99,33.9,30.58,25.64,21.46,17.79
51009,42.31,40.89,39.19,38.84,37.51,36.07,34.65
51011,73.48,67.57,61.3,56.15,49.96,44.15,38.14
51013,0.1,0.1,-0.43,0.24,-0.6,-0.29,-0.4
51015,30.82,32.57,33.89,36.62,38.5,40.64,42.45
51017,54.76,60.08,65.13,71.74,77.02,82.56,87.75
51019,33.4,35.85,38.35,41.68,43.89,46.68,48.63
51021,87.33,78.69,69.86,61.71,52.84,44.46,35.77
51023,34.89,35.98,37.19,38.95,40.05,41.99,42.62
51025,69.79,72.87,76.0,79.8,82.24,84.99,88.23
51027,98.44,97.09,96.06,95.67,95.18,94.8,93.96
51029,71.12,68.41,65.35,63.96,60.78,58.4,56.35
51031,44.73,43.84,43.27,43.38,42.42,41.66,40.53
51033,44.03,38.01,30.93,24.74,17.2,10.63,3.89
51035,81.95,79.72,77.21,75.17,72.59,70.06,67.43
51036,55.71,54.06,51.32,49.84,47.12,44.67,42.7
51037,88.67,88.45,88.24,89.07,88.33,88.21,88.42
51041,6.24,7.33,7.96,9.31,9.22,9.59,10.47
51043,12.61,12.62,12.08,12.79,12.82,13.37,13.84
51045,84.75,88.15,92.07,96.26,100.18,104.61,107.94
51047,13.34,12.96,11.82,12.15,10.86,10.41,10.38
51049,65.87,69.46,72.99,78.1,81.12,84.78,89.2
51051,98.73,98.39,98.56,99.7,100.06,100.36,100.54
51053,68.26,64.7,60.7,57.21,52.71,48.41,44.94
51057,44.73,31.2,16.02,2.01,-12.67,-26.43,-40.5
51059,0.45,0.41,-0.36,0.07,-0.66,-0.56,-0.57
51061,13.34,11.63,9.29,8.13,5.87,4.7,3.05
51063,37.03,37.14,37.4,37.79,37.85,38.24,38.46
51065,27.19,29.52,31.56,34.9,36.38,39.21,41.72
51067,51.74,49.98,48.67,47.57,45.5,43.93,42.05
51069,17.54,17.55,16.94,17.53,17.86,18.41,18.67
51071,87.81,84.78,81.7,78.95,76.14,73.52,69.99
51073,34.89,39.51,42.93,47.47,50.77,55.08,59.37
51075,8.63,13.76,18.19,23.78,28.08,32.92,38.05
51077,84.75,80.29,75.78,71.3,66.34,61.87,57.2
51079,25.25,30.43,35.14,41.11,45.58,50.67,56.04
51081,79.08,78.93,78.35,78.52,77.28,76.7,76.78
51083,69.02,69.73,70.79,72.39,72.26,72.81,74.14
51085,8.25,6.95,4.53,3.18,0.5,-1.45,-3.21
51087,9.11,9.63,9.08,9.42,8.52,8.21,8.26
51089,78.16,78.01,78.35,78.91,78.86,78.9,79.01
51091,67.62,70.94,73.89,78.44,82.18,86.21,89.48
51093,23.72,20.31,16.37,13.24,8.47,4.78,1.37
51095,7.9,11.4,13.91,17.84,20.35,23.6,27.3
51097,9.11,12.36,14.27,17.34,19.2,22.26,25.21
51099,16.71,15.37,12.64,10.99,8.23,6.66,4.98
51101,12.61,9.83,5.51,2.51,-1.53,-4.9,-8.21
51103,60.17,58.93,55.82,54.19,51.23,49.51,47.91
51105,98.85,98.42,98.51,99.44,99.63,98.98,98.89
51107,0.1,0.16,-0.32,0.14,-0.55,-0.04,0.15
51109,41.45,46.34,50.43,55.76,59.49,64.3,69.17
51111,78.16,81.17,84.47,88.67,91.68,95.05,98.87
51113,19.8,22.7,24.75,28.27,30.26,32.95,36.0
51115,31.65,35.97,38.75,43.21,46.04,49.8,53.81
51117,79.53,81.36,83.3,86.31,87.67,88.91,91.27
51119,58.42,60.56,60.91,62.79,63.27,64.79,66.54
51121,5.16,5.5,5.85,6.04,6.09,6.91,6.6
51125,43.11,40.79,38.3,37.66,35.63,33.92,32.16
51127,5.16,6.97,7.39,9.18,9.59,10.6,11.98
51131,28.84,33.52,36.5,41.45,44.75,48.99,53.24
51133,53.68,49.56,43.45,38.82,32.84,28.23,23.35
51135,69.02,69.98,71.03,73.09,73.73,74.64,76.0
51137,36.01,36.44,36.33,37.38,36.8,37.34,37.93
51139,66.92,70.24,72.72,76.71,79.79,83.11,86.62
51141,87.33,83.69,80.48,77.15,73.46,69.8,66.43
51143,70.49,68.34,66.72,65.76,63.23,61.27,59.45
51145,3.76,5.33,6.67,9.03,9.92,11.33,13.29
51147,39.83,36.06,32.15,29.5,25.44,21.53,18.5
51149,37.89,38.17,37.78,38.14,37.04,36.58,36.64
51153,0.83,0.61,-0.05,0.26,-0.22,0.38,0.49
51155,70.49,68.8,66.83,65.5,63.3,61.58,59.46
51157,24.45,23.33,21.16,20.24,18.34,17.26,16.05
51159,74.59,59.42,42.7,27.19,10.48,-5.03,-20.94
51161,15.09,15.94,17.05,18.43,19.3,20.78,21.15
51163,68.26,61.64,54.85,49.35,42.77,36.78,29.99
51165,25.25,26.71,27.8,30.43,32.28,33.87,35.73
51167,97.84,96.14,94.38,93.67,92.39,90.97,89.52
51169,94.08,94.27,94.71,95.88,96.5,96.92,97.22
51171,31.65,36.74,41.12,47.02,52.45,58.0,63.36
51173,86.82,86.49,85.81,85.91,85.46,85.16,84.48
51175,57.62,56.39,54.77,53.55,51.09,49.37,48.12
51177,12.61,12.8,11.88,12.04,10.86,10.8,10.86
51179,1.46,1.66,1.15,1.3,0.33,0.73,0.91
51181,53.68,49.22,44.3,40.64,35.32,30.89,26.87
51183,80.64,79.79,78.43,77.54,75.35,74.01,73.34
51185,97.84,96.43,95.48,95.23,94.29,93.44,92.46
51187,23.72,28.42,31.98,37.04,41.41,46.62,51.36
51191,71.76,71.35,70.79,70.78,70.53,69.71,68.94
51193,61.64,60.5,57.53,56.16,53.52,52.15,50.34
51195,95.7,98.13,101.07,104.86,108.04,110.63,113.14
51197,71.76,72.08,71.89,72.42,72.18,72.68,72.46
51199,6.24,8.36,9.57,12.01,12.91,15.16,17.25
51510,0.32,0.37,-0.02,0.68,-0.09,0.1,0.17
51520,88.67,88.61,88.51,88.89,88.89,88.47,88.38
51530,64.37,51.91,39.31,28.25,16.14,4.4,-7.96
51540,4.52,4.13,3.57,4.27,3.4,3.34,3.31
51550,7.45,7.19,6.13,6.17,4.19,3.65,3.48
51570,45.78,51.73,56.78,62.67,67.07,71.94,77.62
51580,85.8,86.59,87.73,89.46,90.44,91.93,92.51
51590,83.22,82.85,82.95,83.58,82.85,82.4,82.57
51595,88.67,89.77,90.51,91.78,91.83,92.56,93.88
51600,1.69,1.46,0.71,1.02,0.25,0.26,0.31
51610,0.67,0.51,-0.24,0.1,-0.75,-0.66,-0.83
51620,37.89,28.47,18.79,9.2,-1.46,-11.37,-20.98
51630,8.25,6.91,4.76,3.41,0.87,-0.56,-1.9
51640,79.53,85.04,90.33,95.99,101.32,106.76,112.14
51650,17.54,22.02,25.75,30.46,33.69,38.34,43.29
51660,0.67,1.15,1.21,2.89,3.74,4.2,5.13
51670,59.22,66.85,73.75,81.47,87.66,94.41,101.91
51678,10.32,12.37,14.35,17.52,19.67,22.42,24.19
51680,23.72,23.18,22.8,23.25,22.73,22.49,21.82
51683,2.9,2.16,0.91,0.51,-0.54,-0.56,-1.02
51685,1.88,1.48,0.64,0.73,0.0,0.37,0.45
51690,88.16,85.8,83.94,82.43,80.05,77.9,75.84
51700,21.46,24.13,26.06,28.98,30.56,33.36,36.4
51710,25.25,23.85,21.47,20.08,17.1,15.38,14.08
51720,44.73,53.63,63.01,73.32,82.9,91.91,100.88
51730,86.82,87.01,86.4,86.56,85.36,84.74,84.82
51735,12.61,12.9,12.31,12.73,11.85,12.07,12.45
51740,41.45,37.86,33.21,29.53,24.14,20.39,16.74
51750,22.32,23.34,24.32,25.48,26.46,27.57,27.93
51760,52.66,52.41,51.3,50.95,49.22,48.17,47.65
51770,63.67,64.87,66.19,67.96,69.21,70.96,71.73
51775,31.65,31.23,31.1,31.25,30.89,30.98,29.97
51790,60.94,59.83,58.63,58.85,58.18,57.8,56.95
51800,14.45,14.17,13.07,12.63,10.67,9.98,9.53
51810,7.9,8.31,7.66,8.32,7.09,7.19,7.34
51820,50.08,47.82,45.12,43.82,41.78,39.92,38.12
51830,1.15,2.83,3.6,5.56,6.12,7.44,9.24
51840,29.96,32.38,34.11,37.2,39.85,42.8,45.58
53001,6.91,6.89,6.95,5.5,7.52,9.65,10.77
53003,77.84,77.86,77.26,75.18,75.8,77.17,76.85
53005,20.89,23.95,26.9,28.3,33.61,38.76,42.61
53007,17.54,18.23,20.17,20.97,23.72,26.9,28.65
53009,86.44,85.39,85.13,84.23,84.85,85.65,86.04
53011,25.25,24.65,24.66,23.77,25.14,26.99,27.11
53013,83.22,83.6,84.06,82.86,85.51,88.48,89.89
53015,83.22,83.58,84.63,84.61,86.71,89.15,90.36
53017,59.22,62.36,66.85,70.04,75.27,80.71,84.9
53019,94.49,95.76,97.22,98.41,101.59,104.91,107.26
53021,2.74,4.89,7.44,8.16,13.09,17.7,20.82
53023,93.47,88.72,83.85,77.48,74.75,72.41,67.79
53025,16.71,19.19,22.09,23.72,28.03,32.5,35.85
53027,81.31,79.64,78.86,77.61,77.17,77.89,77.11
53029,37.03,41.04,45.77,49.75,55.35,61.57,67.71
53031,71.12,67.94,65.57,62.27,61.01,60.3,59.28
53033,6.24,6.02,6.58,6.79,8.12,10.8,12.13
53035,48.93,50.44,52.63,54.5,57.54,61.72,64.92
53037,26.52,27.41,29.45,30.3,33.55,37.05,39.09
53039,82.43,80.16,78.56,74.95,74.75,74.84,73.64
53041,88.16,87.66,88.09,87.74,89.01,90.73,91.05
53043,80.01,81.37,83.18,83.71,87.35,91.23,93.84
53045,87.81,87.98,88.5,89.05,90.4,92.72,94.13
53047,65.27,66.07,67.91,69.15,71.79,75.08,77.81
53049,98.69,98.61,99.66,99.79,101.0,103.66,104.77
53051,92.04,91.34,89.85,88.35,88.97,90.94,91.82
53053,31.65,31.59,32.19,32.44,33.9,36.34,37.39
53055,23.02,24.43,26.27,27.07,30.05,33.11,36.73
53057,38.78,39.8,41.34,42.03,44.28,46.96,50.1
53059,59.22,52.96,47.49,40.81,36.96,33.28,28.28
53061,16.05,17.24,18.95,20.64,23.45,27.21,30.43
53063,42.31,44.02,45.6,46.4,49.99,54.38,57.22
53065,78.16,78.47,78.61,78.17,79.93,82.64,84.1
53067,23.72,24.85,26.5,27.66,29.94,33.28,35.18
53069,97.36,96.75,97.19,96.6,97.54,99.16,99.68
53071,39.83,45.33,50.4,53.85,61.27,68.79,74.94
53073,28.84,30.52,32.91,34.43,37.68,41.1,45.21
53075,5.16,8.25,11.24,12.6,17.08,22.25,25.57
53077,25.25,25.13,25.62,24.67,26.39,28.43,29.23
54001,84.24,85.07,85.31,86.58,88.3,89.25,89.74
54003,31.65,32.64,33.24,34.82,36.18,37.55,38.67
54005,99.27,99.26,99.16,99.95,100.63,101.43,101.15
54007,83.79,80.81,77.9,75.77,73.74,70.77,67.58
54009,52.66,53.66,54.36,55.24,56.59,58.44,57.88
54011,83.79,82.9,81.73,81.74,81.0,80.64,78.86
54013,91.12,92.9,94.84,97.71,100.23,102.47,104.25
54015,92.68,94.37,96.3,99.09,101.52,103.64,105.06
54017,37.03,54.99,72.84,91.4,110.37,129.01,146.6
54019,97.99,98.06,98.57,99.68,100.47,101.34,101.21
54021,78.16,78.32,78.47,79.2,79.7,80.15,80.07
54023,72.62,73.69,74.25,76.5,78.45,80.02,80.67
54025,77.84,79.7,81.8,84.71,87.62,90.23,92.04
54027,94.97,95.21,94.93,96.05,97.02,98.08,97.98
54029,78.16,77.13,75.21,73.87,72.84,72.24,69.06
54031,60.17,63.59,66.29,70.55,74.67,78.55,81.84
54033,80.64,80.52,80.14,80.48,81.28,81.5,81.29
54035,76.5,74.08,72.16,70.69,69.05,67.58,65.11
54037,21.46,23.25,24.44,26.79,28.64,30.64,32.64
54039,83.22,81.74,80.35,80.0,79.13,78.61,76.57
54041,81.31,81.76,82.37,83.7,85.23,86.22,86.6
54043,99.36,99.21,98.95,99.55,99.61,100.33,99.78
54045,99.46,99.42,99.69,100.95,101.76,102.89,103.04
54047,99.81,99.6,99.67,100.71,101.33,101.67,101.7
54049,45.78,47.82,49.38,51.93,55.01,57.9,60.21
54051,56.73,51.76,46.77,41.43,36.92,33.12,27.05
54053,92.68,90.76,88.99,87.63,86.29,85.17,82.21
54055,96.63,96.22,96.11,96.35,96.22,96.28,95.7
54057,81.31,85.67,89.57,94.62,99.91,105.0,108.94
54059,99.46,99.45,100.16,101.67,102.77,104.0,104.39
54061,13.72,13.31,12.36,11.94,12.47,12.94,12.41
54063,96.91,97.46,98.15,99.09,100.0,101.19,101.31
54065,78.16,69.49,60.39,52.32,43.91,35.62,26.49
54067,91.56,90.02,88.63,87.82,86.96,85.6,83.46
54069,53.68,52.4,51.04,49.94,49.02,49.03,46.79
54071,82.74,85.44,88.1,92.02,95.33,98.73,101.37
54073,83.22,81.46,79.91,78.88,78.12,76.63,74.44
54075,95.92,95.0,94.22,94.64,94.01,93.77,92.71
54077,84.75,83.5,81.38,80.62,80.31,79.72,78.47
54079,30.82,28.91,27.04,25.99,24.51,23.41,20.77
54081,90.51,90.58,90.69,91.68,92.25,93.11,92.72
54083,79.08,78.6,77.62,78.03,78.45,78.17,77.43
54085,77.17,77.65,78.33,79.69,81.32,82.54,82.68
54087,93.22,92.92,92.75,93.22,93.56,93.59,93.09
54089,98.98,98.79,98.77,99.18,100.03,100.58,100.25
54091,80.01,83.03,85.49,88.97,93.26,96.75,99.87
54093,81.95,83.1,82.98,84.31,86.26,87.4,88.23
54095,78.16,76.53,75.41,74.77,74.09,73.2,71.35
54097,64.37,58.51,52.45,47.9,43.45,38.37,32.89
54099,89.97,91.87,93.45,96.02,97.93,100.32,101.56
54101,92.36,92.57,92.75,94.37,95.15,95.47,95.14
54103,58.42,62.18,65.85,69.98,74.52,78.93,82.16
54105,91.56,91.43,91.8,92.94,93.87,94.48,94.3
54107,71.12,72.02,73.56,75.48,77.5,78.88,79.71
54109,99.94,99.88,99.95,100.87,101.59,102.48,102.44
55001,83.22,84.77,84.83,85.6,86.52,88.4,88.87
55003,55.71,53.19,47.67,43.26,39.36,35.32,31.07
55005,25.25,29.38,30.46,32.62,34.77,37.45,39.28
55007,50.08,51.87,50.57,50.71,51.09,51.5,51.66
55009,12.61,12.45,10.7,9.61,8.62,8.87,7.91
55011,16.05,15.0,12.1,10.08,7.85,5.52,2.72
55013,59.22,61.82,61.34,62.51,63.43,64.56,64.64
55015,3.76,3.63,1.93,0.86,0.12,0.15,-0.88
55017,28.18,28.14,25.95,24.53,22.58,21.22,19.22
55019,8.63,10.47,10.01,10.48,11.21,12.34,12.54
55021,13.34,12.62,10.49,8.66,7.62,7.84,6.03
55023,40.75,45.89,49.25,52.81,56.72,61.34,65.36
55025,4.39,3.79,1.91,-0.0,-1.03,-0.85,-2.26
55027,13.72,13.98,12.56,12.15,12.53,13.57,12.86
55029,27.19,27.8,26.66,26.34,26.47,27.52,26.88
55031,34.89,38.44,38.67,40.15,42.18,44.51,46.14
55033,8.25,10.97,11.16,12.17,13.34,14.78,15.62
55035,11.97,16.01,17.93,20.94,23.58,26.28,28.6
55037,80.64,79.26,75.4,72.27,69.82,68.13,65.3
55039,15.09,14.97,13.42,12.69,12.4,12.8,11.65
55041,67.62,69.32,68.13,68.09,68.41,69.64,69.69
55043,13.72,14.45,13.72,13.04,12.3,12.98,12.93
55045,21.46,20.6,18.11,16.0,13.94,13.3,11.8
55047,25.25,24.26,21.11,18.97,16.9,15.9,13.75
55049,23.02,22.26,19.76,17.77,15.88,15.16,13.44
55051,68.26,65.2,59.78,55.65,52.02,48.79,44.48
55053,33.4,32.77,30.08,28.63,26.74,24.86,22.56
55055,8.25,9.23,8.59,8.51,9.34,11.09,11.09
55057,67.62,66.8,64.71,63.46,62.06,61.19,59.54
55059,21.46,20.85,18.51,17.17,16.44,15.64,13.69
55061,27.19,26.65,24.27,22.74,21.36,21.17,19.54
55063,9.11,11.1,11.61,12.62,13.83,15.03,16.18
55065,11.97,12.35,11.01,10.11,9.26,9.51,8.57
55067,61.64,65.99,67.89,70.53,73.61,77.16,79.94
55069,28.18,27.15,24.19,21.86,20.24,18.98,16.62
55071,23.02,21.58,18.68,16.08,14.6,13.75,11.59
55073,11.46,13.14,12.58,12.47,12.87,13.93,14.1
55075,52.66,55.05,55.87,57.19,58.47,61.42,62.75
55077,64.37,61.72,57.2,53.47,49.96,47.61,43.87
55078,28.84,34.2,37.46,41.48,45.79,51.38,55.37
55079,29.96,29.73,28.2,27.7,28.01,28.7,28.27
55081,26.52,27.02,26.05,25.89,25.76,26.18,25.79
55083,21.46,23.06,22.71,23.15,23.76,26.02,26.55
55085,45.78,44.45,40.76,38.14,36.59,34.76,32.18
55087,5.76,6.13,4.85,4.14,4.0,4.8,4.36
55089,3.76,3.7,2.24,1.51,1.97,2.71,2.21
55091,20.89,19.18,15.31,12.22,9.09,6.07,2.65
55093,2.55,3.47,1.21,-0.24,-1.7,-2.59,-3.67
55095,23.72,24.28,21.79,20.88,19.36,18.03,16.1
55097,11.97,13.39,12.93,13.09,14.08,15.33,15.69
55099,43.11,46.64,47.53,49.75,52.4,54.79,56.41
55101,22.32,23.95,24.04,25.11,26.8,28.91,29.58
55103,31.65,31.21,29.27,27.35,25.79,25.25,23.67
55105,38.78,39.5,38.22,37.79,37.76,38.85,38.84
55107,45.78,52.91,57.38,62.73,68.16,74.21,79.29
55109,3.76,3.85,0.87,-1.21,-3.64,-5.46,-7.91
55111,28.84,27.8,25.17,23.04,21.43,20.61,18.54
55113,44.73,46.49,44.99,44.69,44.96,45.31,45.09
55115,17.54,20.24,20.9,22.39,23.78,26.82,28.29
55117,10.32,10.34,8.41,7.38,7.07,7.51,6.69
55119,16.05,19.18,20.31,22.32,24.99,27.64,29.61
55121,13.34,13.19,11.28,10.24,8.84,6.96,5.3
55123,13.72,14.87,14.61,14.61,14.79,15.29,15.51
55125,70.49,66.95,60.59,56.09,52.2,48.47,43.7
55127,12.61,14.18,14.37,14.96,16.81,19.1,19.92
55129,56.73,54.94,49.96,46.14,42.55,39.06,34.9
55131,5.48,6.17,5.3,5.14,5.93,7.2,6.94
55133,6.24,6.44,5.33,4.67,5.36,6.34,5.8
55135,27.19,30.9,32.61,35.32,38.57,42.62,45.28
55137,60.94,57.43,52.32,47.99,44.04,41.16,36.99
55139,15.09,14.87,13.11,11.82,10.91,10.71,9.45
55141,15.09,19.08,21.2,24.01,26.94,30.49,33.23
56001,3.76,4.41,3.23,3.39,4.15,4.46,2.49
56003,61.64,60.85,58.52,56.84,57.04,55.25,52.43
56005,5.16,3.8,-0.36,-2.53,-3.16,-6.03,-10.5
56007,30.82,26.81,21.37,16.89,14.48,10.51,4.39
56009,36.01,44.29,49.45,55.83,63.78,70.13,74.58
56011,37.89,25.26,10.08,-3.53,-15.78,-29.36,-44.44
56013,44.73,42.75,39.0,35.98,35.2,32.06,28.37
56015,32.51,35.87,36.13,37.65,40.33,41.48,40.74
56017,66.92,63.49,57.76,53.19,50.7,45.87,40.19
56019,38.78,34.93,28.6,23.95,20.12,14.55,7.63
56021,22.32,22.85,20.65,20.12,20.9,20.93,18.27
56023,14.45,16.49,16.54,16.88,19.59,20.31,20.11
56025,21.46,28.83,34.02,40.23,48.73,54.93,58.92
56027,60.94,68.3,72.25,77.62,84.67,89.65,93.33
56029,19.8,19.5,17.31,15.9,16.46,14.54,12.32
56031,55.71,63.81,69.05,75.36,83.04,89.55,93.89
56033,28.84,32.43,33.32,35.35,38.32,40.15,40.61
56035,3.09,12.18,18.83,26.38,36.05,43.76,51.28
56037,16.05,15.29,12.51,10.81,11.83,9.7,7.15
56039,0.54,0.14,-2.36,-4.14,-4.17,-6.11,-8.18
56041,40.75,40.71,39.67,39.19,40.72,40.39,38.88
56043,60.94,67.63,71.55,76.92,84.39,89.74,93.77
56045,34.16,34.69,32.8,32.3,33.21,32.56,30.94
