FIPS,2014 kals,2015 kals,2016 kals,2017 kals,2018 kals,2019 kals,2020 kals
01001,57.62,64.55,72.37,78.1,85.86,95.82,102.94
01003,39.83,37.71,35.45,30.28,27.94,26.57,23.71
01005,84.75,86.15,88.18,88.27,89.9,93.23,94.97
01007,55.71,50.77,45.32,37.27,30.96,26.39,19.71
01009,65.87,57.02,47.11,34.68,23.67,15.47,4.19
01011,85.8,79.01,70.97,60.76,51.99,45.35,36.51
01013,89.97,85.74,80.7,73.11,67.29,63.5,56.92
01015,77.84,80.3,83.44,85.16,87.87,92.92,94.67
01017,84.24,77.63,70.32,60.83,52.76,46.69,38.74
01019,91.12,89.91,88.78,85.93,83.95,84.6,82.42
01021,66.92,65.63,64.08,60.35,58.4,58.27,55.54
01023,96.75,97.31,97.99,95.84,96.06,98.08,98.25
01025,54.76,54.3,53.85,51.06,50.75,51.5,50.09
01027,82.43,72.6,61.46,48.23,36.54,26.85,14.47
01029,84.24,86.37,89.23,90.58,93.35,97.93,99.87
01031,65.87,68.77,71.9,73.08,75.56,80.2,82.52
01033,84.24,82.48,80.55,76.03,73.5,73.07,69.35
01035,94.08,91.2,88.55,83.0,79.58,77.42,72.93
01037,88.16,89.44,91.04,90.59,91.88,95.11,95.75
01039,88.98,88.43,87.8,84.33,82.82,83.03,80.91
01041,76.5,77.98,79.75,79.37,80.24,83.48,84.15
01043,66.92,60.79,53.92,44.43,36.59,31.42,23.21
01045,81.95,84.38,87.11,87.54,89.36,93.2,95.21
01047,87.33,80.92,73.29,63.77,55.93,49.71,40.98
01049,57.62,54.06,50.37,44.54,40.38,38.47,33.45
01051,50.08,57.43,65.76,72.36,80.7,91.03,98.92
01053,84.75,83.83,83.26,79.74,78.37,78.39,76.0
01055,84.75,83.03,81.36,78.29,75.82,76.27,73.45
01057,97.01,97.66,98.56,97.13,96.9,99.32,98.75
01059,78.16,77.45,76.82,73.67,72.17,73.16,70.78
01061,92.36,91.81,91.19,88.09,86.86,87.55,86.44
01063,97.1,97.32,97.71,95.55,95.11,97.05,96.56
01065,91.12,89.96,88.74,84.97,82.97,83.25,81.0
01067,81.31,80.97,80.7,78.26,77.34,78.21,77.5
01069,69.02,68.98,69.01,66.59,65.79,67.02,66.53
01071,76.5,72.94,69.16,63.41,59.49,57.74,52.58
01073,43.11,44.03,45.39,44.65,45.19,48.39,48.3
01075,94.97,93.88,93.22,89.68,87.85,88.14,85.74
01077,55.71,54.15,52.47,47.99,45.81,45.76,42.31
01079,87.81,87.01,85.92,82.6,81.02,81.55,79.04
01081,18.31,18.32,18.91,17.19,17.04,18.72,18.8
01083,32.51,38.74,45.89,50.54,57.31,66.25,72.08
01085,87.81,90.4,93.41,94.24,96.82,101.43,103.42
01087,73.96,70.83,67.29,61.71,57.39,55.31,51.24
01089,24.45,25.07,25.49,23.91,24.29,26.93,26.52
01091,93.22,93.87,94.87,93.37,93.63,95.62,95.64
01093,96.63,96.56,96.54,94.34,93.56,95.24,93.77
01095,69.79,66.17,62.5,56.61,52.3,50.56,46.11
01097,50.08,49.37,48.43,45.16,44.59,45.58,44.12
01099,51.74,42.32,31.51,18.47,7.17,-2.98,-15.24
01101,53.68,56.33,58.76,59.54,61.8,66.07,68.21
01103,55.71,59.76,64.67,67.25,71.34,77.94,81.31
01105,98.89,97.91,97.13,94.18,92.46,92.65,90.53
01107,96.34,96.24,96.42,93.83,93.37,94.93,93.92
01109,45.78,51.33,57.73,62.16,68.03,75.93,82.06
01111,73.48,64.34,54.33,42.13,31.24,22.25,10.81
01113,75.33,71.93,68.33,62.81,58.56,56.23,52.22
01115,65.87,65.11,64.71,62.25,60.69,62.02,59.87
01117,16.71,15.84,15.06,12.04,10.53,11.24,9.03
01119,89.4,86.8,83.76,77.84,73.97,72.1,68.13
01121,81.31,78.77,76.24,71.64,68.69,68.17,64.57
01123,71.76,71.19,70.89,68.26,67.45,68.15,66.75
01125,19.8,19.34,18.96,15.99,14.78,16.3,15.36
01127,97.1,96.93,97.03,94.27,92.89,94.33,92.75
01129,93.22,94.09,95.27,93.57,94.44,97.04,96.9
01131,69.02,70.7,73.17,73.25,75.32,79.25,80.63
01133,97.1,97.19,97.34,95.28,94.73,96.77,95.44
02013,0.54,0.95,1.36,2.3,4.49,4.3,6.84
02016,0.25,0.81,1.41,2.15,3.56,2.89,4.91
02020,7.9,9.04,10.3,10.13,10.18,11.52,15.1
02050,7.45,7.31,7.13,6.29,6.47,5.85,8.96
02060,28.84,25.48,23.09,19.45,17.21,14.94,13.97
02063,0.0,-0.01,0.07,-1.63,-3.72,-5.11,-4.72
02066,0.0,0.01,0.02,-1.22,-4.11,-4.95,-4.53
02068,2.55,3.31,4.19,4.29,4.98,6.24,9.27
02070,19.8,21.32,23.15,24.52,27.13,29.24,33.6
02090,10.32,9.7,9.09,7.96,6.8,6.83,7.9
02100,40.75,47.14,54.31,61.15,67.33,74.57,82.02
02105,75.33,66.73,57.06,46.16,36.05,26.06,16.11
02110,5.76,5.6,5.69,4.37,4.47,4.31,4.38
02122,44.03,40.67,37.19,32.94,29.07,26.41,24.91
02130,23.72,29.29,35.0,39.12,44.17,48.32,53.9
02150,23.02,20.23,17.62,13.22,11.52,9.43,7.3
02158,0.0,-0.02,-0.01,-0.55,-0.8,-1.78,1.2
02164,53.68,35.55,15.84,-5.02,-24.94,-45.08,-63.46
02170,16.71,18.15,19.65,19.23,19.46,20.61,24.25
02180,11.46,11.33,11.13,10.63,10.18,8.69,11.54
02185,4.52,4.76,5.0,5.09,5.7,5.87,8.99
02188,7.45,7.83,8.29,7.4,7.07,7.15,9.74
02195,22.32,26.8,32.04,35.41,40.41,44.69,49.73
02198,47.85,55.5,63.66,69.98,77.36,84.3,91.92
02220,9.71,14.96,20.66,24.27,28.89,32.87,37.85
02230,0.22,2.09,3.7,4.97,5.88,7.61,9.6
02240,44.73,43.51,42.2,39.05,36.01,34.33,33.54
02275,97.39,88.17,77.54,64.32,53.19,41.39,30.01
02282,1.02,1.52,1.93,3.05,2.69,3.79,4.04
02290,62.56,59.22,55.71,52.09,49.33,47.61,47.16
04001,46.74,45.4,43.66,41.85,41.58,40.84,39.69
04003,66.92,65.99,64.8,62.38,60.61,61.44,60.35
04005,14.45,14.97,15.44,16.06,17.85,19.88,20.85
04007,81.31,85.72,90.54,94.94,100.53,107.54,112.72
04009,36.01,33.43,30.58,26.4,23.94,23.67,21.61
04011,33.4,30.99,28.5,25.53,23.77,24.62,23.33
04012,72.62,80.86,89.48,98.53,108.57,119.48,128.65
04013,9.11,10.72,11.99,13.1,15.7,20.09,22.27
04015,80.01,84.6,89.25,96.19,103.09,110.62,117.31
04017,71.76,71.29,70.72,70.36,71.55,72.51,73.32
04019,36.01,39.47,43.01,45.94,49.94,55.61,59.46
04021,27.19,32.26,37.58,42.36,48.83,57.56,63.77
04023,6.24,11.37,16.77,21.14,26.61,34.22,39.47
04025,74.59,74.75,74.81,74.86,75.25,77.02,77.03
04027,18.94,17.93,16.61,15.21,14.87,15.1,13.5
05001,86.44,89.7,93.22,93.61,96.08,100.21,102.96
05003,90.19,90.8,91.54,89.74,89.95,91.47,91.43
05005,93.7,91.82,89.67,84.75,80.53,77.61,74.36
05007,5.76,4.66,3.83,1.13,-2.23,-4.55,-7.16
05009,87.81,86.28,84.6,80.31,76.41,73.51,69.77
05011,87.33,90.16,93.39,93.76,96.45,99.83,102.27
05013,98.79,98.68,98.84,95.69,95.0,95.07,94.33
05015,70.49,68.47,66.22,61.56,56.97,53.48,49.37
05017,97.1,96.39,95.76,92.38,91.38,92.5,91.19
05019,76.5,76.82,77.31,74.67,73.69,74.08,73.55
05021,96.21,96.08,95.4,92.36,91.22,90.91,90.12
05023,81.31,77.8,73.83,66.41,59.97,54.82,49.29
05025,92.68,92.94,92.96,90.02,89.46,89.73,89.37
05027,83.22,79.41,75.24,68.03,62.62,57.75,52.29
05029,77.84,81.43,85.84,87.1,89.48,93.24,96.47
05031,47.85,56.96,67.04,74.8,83.61,93.4,102.58
05033,68.26,71.58,75.29,77.58,79.82,83.76,86.37
05035,60.17,63.44,67.18,67.88,70.06,74.21,76.83
05037,89.4,90.14,90.74,88.61,87.63,88.39,87.94
05039,95.45,95.88,96.46,93.55,93.12,94.04,93.94
05041,78.16,82.03,85.96,86.78,89.96,94.42,97.4
05043,80.01,84.48,89.34,91.06,95.34,100.85,104.84
05045,24.45,24.42,24.4,21.11,18.98,18.69,17.1
05047,69.79,74.76,80.54,84.4,88.5,94.05,98.61
05049,97.01,97.41,97.62,95.1,94.26,93.95,93.12
05051,81.31,79.96,78.51,74.02,71.03,69.66,67.07
05053,75.33,71.21,66.42,58.21,52.31,47.75,42.28
05055,80.01,83.14,86.2,86.77,88.82,91.35,93.8
05057,85.8,84.88,83.86,79.93,77.67,76.52,74.35
05059,94.97,95.03,95.21,92.36,91.38,91.64,90.99
05061,71.76,69.61,67.22,62.13,58.24,56.14,52.24
05063,69.79,71.78,74.05,73.44,73.52,74.69,75.67
05065,94.3,93.56,92.5,88.52,85.7,83.47,81.05
05067,91.12,91.72,92.02,89.28,87.7,87.26,86.51
05069,74.59,76.36,78.59,77.7,78.72,81.22,82.82
05071,67.62,66.21,64.62,61.2,58.03,56.11,53.56
05073,92.68,93.33,94.38,92.73,92.86,93.4,93.07
05075,73.96,81.71,90.07,96.31,103.4,111.27,119.03
05077,94.81,96.25,97.92,97.07,97.45,99.34,99.29
05079,87.33,89.7,91.99,91.32,92.63,95.26,96.89
05081,72.62,77.16,83.03,86.62,91.91,98.04,103.24
05083,90.19,89.63,88.94,86.22,83.94,83.23,81.44
05085,55.71,48.38,39.9,27.92,17.7,9.34,-0.27
05087,82.74,77.67,71.87,63.6,55.87,48.9,41.64
05089,98.34,97.01,95.61,91.74,88.45,86.23,83.37
05091,65.87,66.78,67.96,66.93,67.4,68.77,69.23
05093,89.62,88.4,86.71,81.97,78.98,76.97,74.36
05095,97.52,96.66,95.75,92.18,90.1,89.63,87.98
05097,99.78,99.21,98.83,95.99,94.39,94.68,92.99
05099,92.36,93.23,94.43,92.64,92.61,93.66,93.72
05101,92.04,91.26,90.69,87.65,84.71,83.26,81.33
05103,91.82,87.35,82.37,74.14,67.72,62.45,56.14
05105,84.24,87.2,90.72,91.09,92.88,96.24,98.53
05107,94.97,94.19,93.08,89.21,86.92,86.71,84.25
05109,98.5,98.36,98.35,95.42,93.85,94.1,92.9
05111,87.33,90.79,94.22,94.79,96.59,99.72,102.25
05113,96.63,95.82,95.38,92.65,90.66,90.72,88.41
05115,59.22,56.04,52.26,45.96,40.15,36.09,31.36
05117,96.34,94.26,92.28,86.97,83.71,82.01,79.21
05119,30.82,31.93,33.71,31.74,32.04,33.36,33.71
05121,80.01,83.39,86.67,87.66,89.73,92.62,95.16
05123,87.33,85.92,84.21,79.62,76.52,74.89,71.61
05125,71.12,67.31,62.98,55.0,49.39,45.19,39.29
05127,87.81,82.02,75.23,66.81,59.13,53.06,45.04
05129,95.45,93.97,92.34,87.9,83.64,80.83,77.38
05131,68.26,70.38,72.65,73.12,73.55,75.61,76.79
05133,39.83,33.62,26.64,17.05,8.61,2.23,-6.08
05135,83.22,86.97,91.03,92.4,94.72,97.67,100.4
05137,94.08,94.19,94.49,91.9,89.96,88.94,87.7
05139,86.82,82.1,76.72,68.5,62.35,56.85,50.22
05141,92.04,91.58,91.27,88.0,85.03,83.64,82.01
05143,11.97,10.52,9.04,5.7,2.1,-0.29,-3.41
05145,62.56,59.54,56.41,49.33,44.02,40.08,35.82
05147,96.05,96.06,96.14,93.44,92.28,92.49,91.91
05149,86.44,85.27,84.06,80.63,77.93,76.82,74.12
06001,4.81,5.11,5.34,5.18,5.28,7.15,7.82
06003,90.51,92.89,94.79,97.24,100.32,104.73,107.55
06005,73.96,75.77,77.62,79.7,81.65,84.71,86.57
06007,67.62,66.99,66.19,65.47,64.53,65.05,64.53
06009,77.17,80.25,83.54,86.97,90.23,94.49,97.76
06011,24.45,23.92,23.28,22.94,22.43,23.77,23.66
06013,10.32,11.39,12.63,13.28,14.09,16.7,17.89
06015,91.56,91.88,92.21,91.99,92.56,93.26,94.05
06017,23.02,25.74,28.38,31.3,34.28,38.81,41.8
06019,20.89,21.54,22.4,23.85,24.8,27.35,29.5
06021,67.62,68.15,68.78,69.13,69.68,71.69,72.19
06023,60.17,61.77,63.45,65.17,67.39,70.12,72.29
06025,33.4,36.07,38.94,41.75,45.64,49.77,52.08
06027,34.16,33.47,32.7,32.23,32.31,32.96,32.85
06029,16.71,14.98,12.98,12.74,12.07,11.74,10.44
06031,12.61,14.28,16.09,18.62,20.5,23.61,26.24
06033,87.33,88.24,89.19,90.35,91.54,94.48,96.19
06035,71.76,73.1,74.69,76.88,78.27,81.48,83.93
06037,6.24,6.28,6.36,7.19,8.19,9.66,9.69
06039,28.84,26.88,24.61,22.6,20.33,19.82,18.48
06041,4.39,4.15,3.77,2.68,1.86,3.26,2.85
06043,73.48,71.89,70.09,68.48,67.78,67.85,67.21
06045,62.56,63.16,63.73,63.4,63.51,64.92,65.32
06047,54.76,52.29,49.71,47.29,44.53,43.1,40.68
06049,80.01,81.06,82.1,83.31,84.45,86.65,88.83
06051,4.81,2.96,0.86,-0.73,-1.15,-1.41,-2.83
06053,3.09,3.6,4.16,3.13,2.71,3.58,3.33
06055,15.09,14.63,13.96,12.65,11.51,12.26,11.36
06057,38.78,41.53,44.22,46.98,49.85,54.13,57.17
06059,2.32,2.36,2.42,3.1,4.26,5.72,5.97
06061,12.61,12.62,12.58,12.61,12.66,14.14,14.24
06063,90.19,88.41,86.11,84.18,81.27,80.61,78.72
06065,12.61,13.5,14.37,16.25,18.43,20.71,21.34
06067,28.84,26.99,24.8,22.55,20.01,19.49,17.12
06069,3.76,4.15,4.55,4.04,3.88,4.6,4.16
06071,13.34,12.87,12.25,13.08,13.99,14.67,14.13
06073,5.76,6.13,6.48,6.47,7.92,9.67,9.23
06075,10.98,10.84,10.51,9.81,9.26,10.87,11.17
06077,18.94,19.55,20.15,21.25,21.58,23.46,24.58
06079,13.72,13.2,12.68,13.33,13.63,14.52,15.47
06081,2.23,2.2,2.14,1.43,1.18,2.65,3.35
06083,8.25,7.1,5.76,5.57,5.62,6.1,5.45
06085,1.69,1.61,1.58,0.79,-0.12,0.37,-0.22
06087,4.11,5.22,6.57,6.94,7.9,9.47,10.27
06089,74.59,74.0,73.25,71.64,70.63,70.69,69.45
06091,56.73,64.72,73.42,82.36,90.82,101.12,110.11
06093,83.79,84.01,84.17,83.6,84.26,85.79,86.31
06095,14.45,16.49,18.97,20.82,22.61,26.01,28.05
06097,15.09,16.51,18.17,19.02,20.22,22.83,24.68
06099,32.51,31.59,30.43,29.84,28.83,28.96,28.1
06101,36.01,34.0,31.85,29.1,26.55,25.14,22.51
06103,79.08,80.28,81.8,82.63,84.29,86.87,88.2
06105,94.08,94.42,94.71,93.88,94.13,94.91,95.11
06107,13.72,16.63,19.85,23.62,26.9,31.36,35.43
06109,74.59,78.2,82.19,86.12,90.61,95.94,100.25
06111,8.63,9.08,9.68,11.22,12.77,14.39,14.92
06113,10.32,8.81,7.28,5.25,2.97,2.61,0.71
06115,65.87,64.76,63.57,61.86,60.35,60.18,58.62
08001,10.32,9.97,9.7,10.11,9.39,9.95,10.23
08003,55.71,64.48,74.63,84.42,94.74,105.53,116.32
08005,4.52,4.16,3.81,4.12,3.49,4.15,4.73
08007,39.83,42.97,46.15,49.53,53.36,57.4,61.45
08009,94.08,95.31,96.41,98.63,100.06,102.66,104.8
08011,94.97,96.88,98.82,101.46,103.32,106.62,110.76
08013,2.32,1.98,1.84,2.39,1.59,1.77,1.72
08014,2.74,2.44,2.16,2.66,1.78,2.1,2.22
08015,44.03,48.51,53.41,58.34,62.38,67.25,73.11
08017,50.08,47.12,43.07,39.23,34.12,30.28,27.09
08019,12.61,9.42,5.78,3.25,-1.15,-4.87,-7.5
08021,83.22,86.32,89.54,91.92,95.19,98.52,102.0
08023,99.68,100.35,100.57,100.95,101.7,102.88,103.75
08025,94.49,94.28,93.89,93.91,93.01,93.08,94.23
08027,72.62,71.75,70.55,69.66,68.27,67.37,66.46
08029,71.12,73.75,76.39,78.79,80.96,83.23,85.54
08031,6.91,6.01,5.01,4.64,3.26,3.06,2.95
08033,91.56,91.71,91.81,91.38,91.63,92.01,91.99
08035,0.38,0.34,0.29,1.18,0.77,1.73,2.55
08037,0.0,-0.04,-0.1,0.69,-0.09,-0.62,0.27
08039,8.63,9.59,10.81,13.0,13.89,16.33,18.47
08041,16.71,17.16,17.76,19.29,19.6,20.53,21.71
08043,71.76,74.49,77.48,80.85,83.31,86.68,90.14
08045,5.76,4.24,2.56,1.65,-1.17,-3.59,-5.06
08047,9.71,6.82,3.6,1.31,-2.67,-6.13,-8.61
08049,0.89,0.27,-0.21,0.37,-0.98,-1.98,-1.8
08051,0.54,1.36,1.79,1.66,0.95,0.91,1.67
08053,39.83,60.77,84.55,108.47,132.54,156.92,181.76
08055,86.82,90.9,95.4,99.66,103.86,109.11,114.53
08057,9.11,5.67,2.02,-1.12,-5.34,-9.73,-13.11
08059,5.76,5.48,5.27,6.09,5.46,5.97,6.64
08061,44.03,53.58,64.4,75.53,85.58,97.09,109.27
08063,65.27,63.06,60.44,58.61,55.07,52.5,51.14
08065,2.23,4.02,6.0,8.26,9.22,10.79,13.31
08067,4.11,4.35,4.02,3.63,3.68,3.91,5.15
08069,5.48,5.39,5.47,6.4,5.93,6.0,6.44
08071,73.96,76.02,78.39,80.79,83.03,86.51,89.95
08073,79.53,78.47,77.17,77.05,75.35,74.84,75.01
08075,42.31,42.78,43.24,43.58,42.33,43.14,43.73
08077,37.03,37.98,39.04,40.12,41.09,42.0,42.96
08079,83.22,86.21,88.33,90.01,92.13,94.4,97.09
08081,11.97,9.69,7.49,6.1,3.32,0.98,-0.94
08083,45.78,49.02,52.4,56.74,60.84,65.23,69.29
08085,50.08,55.93,62.4,68.23,74.29,80.59,86.79
08087,17.54,17.07,16.45,16.11,14.38,14.44,14.09
08089,83.79,83.91,83.92,84.61,84.68,85.76,88.0
08091,13.34,12.3,9.86,7.21,4.67,2.44,0.79
08093,4.81,6.56,8.53,11.41,13.09,15.24,18.11
08095,37.89,33.62,28.76,23.63,17.46,12.8,8.06
08097,1.02,0.75,0.38,0.07,-1.63,-3.04,-3.05
08099,80.64,80.97,80.8,81.16,80.23,80.84,82.14
08101,69.79,71.74,73.73,75.72,77.2,79.72,82.12
08103,16.05,11.54,6.74,3.21,-1.63,-6.79,-11.0
08105,60.17,57.58,54.32,49.99,46.65,43.68,40.84
08107,0.54,0.09,-0.11,0.52,-0.26,-0.71,-0.45
08109,72.62,68.37,63.17,57.94,52.99,48.39,44.13
08111,2.55,11.09,20.26,29.05,38.51,48.32,58.63
08113,5.48,5.64,5.13,4.39,4.1,4.05,4.27
08115,41.45,41.19,41.43,40.62,39.87,40.53,40.8
08117,0.19,0.22,0.35,1.32,0.6,0.53,1.8
08119,38.78,37.19,35.2,34.18,31.99,30.24,29.5
08121,26.52,29.58,33.02,36.5,38.22,41.6,45.37
08123,10.98,9.58,8.03,6.78,4.91,3.58,2.19
08125,9.71,13.86,18.68,23.97,27.69,32.75,38.29
09001,3.76,3.64,3.56,2.47,2.08,1.85,1.97
09003,19.8,19.02,18.23,15.86,15.15,13.72,12.96
09005,8.25,8.61,8.95,7.53,7.53,6.96,7.36
09007,6.24,7.08,8.03,8.18,9.69,10.09,11.39
09009,16.05,15.65,15.26,14.01,13.7,12.64,12.15
09011,23.72,24.45,25.16,25.28,26.69,27.41,28.6
09013,4.52,5.26,6.06,5.45,6.63,6.72,7.58
09015,27.19,29.9,32.83,34.5,38.02,40.1,43.51
10001,29.96,32.31,35.14,36.52,39.26,42.5,44.49
10003,13.72,13.94,13.89,12.76,12.34,12.63,12.55
10005,42.31,40.14,37.65,33.34,30.93,29.03,25.42
11001,14.45,14.48,14.52,12.79,12.22,12.0,11.43
12001,9.71,9.7,9.73,7.58,8.07,9.0,7.16
12003,47.85,51.32,55.07,57.03,61.35,66.39,69.21
12005,62.56,65.89,70.03,70.83,74.76,80.23,83.15
12007,77.17,78.78,80.44,79.98,82.07,85.04,85.63
12009,47.85,46.9,45.7,42.36,41.71,42.26,40.43
12011,16.05,15.13,14.09,11.45,11.07,11.43,10.18
12013,96.5,95.4,94.12,89.76,88.06,88.11,86.14
12015,85.8,86.06,86.48,83.45,82.75,82.66,81.12
12017,86.44,86.96,87.52,86.32,87.75,89.77,89.75
12019,31.65,30.79,29.49,25.86,24.85,24.49,22.13
12021,16.71,16.03,15.44,11.12,8.7,7.35,4.95
12023,72.62,74.06,75.68,75.07,77.28,80.14,80.4
12027,47.85,45.83,43.51,37.88,35.38,33.24,29.83
12029,96.28,96.2,96.39,94.22,94.94,96.77,95.71
12031,27.19,29.21,31.28,31.58,34.01,37.43,38.96
12033,48.93,47.56,45.93,41.38,39.49,39.08,36.9
12035,61.64,60.87,59.84,57.18,56.61,56.71,54.55
12037,94.97,92.94,91.17,86.67,85.03,84.83,82.74
12039,61.64,67.4,73.98,78.33,84.88,92.74,98.94
12041,92.04,89.55,86.67,81.41,78.82,77.14,72.66
12043,82.43,86.18,91.13,93.05,97.89,103.11,106.96
12045,83.79,81.41,78.63,73.1,70.51,69.45,66.27
12047,96.05,95.23,94.25,91.43,90.99,91.87,90.28
12049,14.45,12.87,11.12,7.1,5.86,4.89,2.66
12051,46.74,44.07,40.74,34.28,30.67,27.14,22.93
12053,80.64,79.78,78.65,75.0,74.25,74.32,72.55
12055,80.64,77.54,74.11,68.69,66.33,64.12,60.21
12057,18.94,18.35,17.6,13.96,13.42,13.4,11.6
12059,95.61,94.01,92.27,87.85,85.9,85.53,82.89
12061,55.71,58.81,62.57,64.58,69.26,74.75,77.67
12063,90.89,89.48,87.83,83.31,81.14,80.61,78.18
12065,78.16,76.0,73.55,68.53,66.29,65.31,62.09
12067,79.53,78.19,76.69,73.44,72.9,73.11,71.07
12069,50.08,52.52,55.21,56.02,59.71,63.79,65.75
12071,36.01,35.91,35.99,32.91,31.44,30.71,29.48
12073,6.24,8.19,10.65,10.81,13.38,17.35,19.39
12075,90.19,89.02,87.81,84.42,83.84,83.56,80.89
12077,87.81,87.34,86.8,83.12,82.32,83.09,81.9
12079,91.12,90.25,89.4,86.66,86.16,86.63,85.22
12081,33.4,34.59,35.94,33.78,34.43,35.19,34.82
12083,70.49,71.28,72.0,70.95,72.79,74.84,74.5
12085,44.73,46.03,47.61,48.07,51.26,54.58,55.81
12086,9.71,8.85,8.13,5.56,4.62,5.1,3.54
12087,32.51,26.61,20.51,11.79,4.44,-1.72,-9.84
12089,50.08,54.03,58.07,60.35,64.62,70.18,73.85
12091,37.89,36.63,35.33,30.93,29.25,28.33,26.06
12093,60.17,54.03,46.82,37.38,31.0,25.04,17.19
12095,7.9,8.5,9.05,7.69,8.93,10.89,10.86
12097,38.78,39.71,40.78,39.82,41.59,44.32,45.0
12099,18.94,19.06,19.23,17.83,18.27,18.95,18.02
12101,59.22,60.22,61.38,60.01,61.31,63.35,63.86
12103,44.03,45.06,46.14,44.62,45.75,47.83,48.16
12105,47.85,48.74,49.88,48.31,49.49,51.2,51.05
12107,62.56,63.06,63.48,62.44,63.83,66.08,65.69
12109,11.97,13.51,15.14,14.66,17.15,19.75,20.45
12111,53.68,52.7,51.6,48.73,48.96,49.67,48.02
12113,44.03,46.61,49.84,50.1,53.16,57.85,60.64
12115,52.66,53.37,54.16,51.23,51.25,51.3,50.31
12117,10.32,10.11,9.61,7.26,7.2,7.99,6.4
12119,80.64,82.52,84.48,84.98,88.5,92.0,93.57
12121,69.02,71.36,74.32,75.23,79.19,83.51,85.65
12123,94.3,91.63,89.01,83.81,81.77,80.84,77.46
12125,45.78,46.33,46.75,45.11,46.1,47.48,46.65
12127,53.68,55.54,57.67,57.67,60.27,63.34,64.35
12129,74.59,66.41,57.04,44.86,35.53,27.34,17.21
12131,69.02,65.3,61.03,53.62,48.83,44.83,39.09
12133,85.32,84.68,84.07,80.44,79.42,79.87,78.17
13001,75.33,76.46,77.74,77.18,77.82,80.47,80.39
13003,46.74,46.81,46.55,43.75,42.73,43.54,41.82
13005,71.12,73.58,76.27,77.37,79.66,83.79,85.35
13007,72.62,77.16,82.34,85.44,90.31,97.17,102.13
13009,34.16,35.3,36.74,36.11,36.8,39.24,39.13
13011,56.73,57.52,58.29,56.96,56.9,58.65,58.06
13013,24.45,26.98,29.97,31.11,32.94,37.35,39.08
13015,37.03,40.2,43.67,45.56,48.46,54.01,56.74
13017,95.7,92.4,87.87,81.17,76.3,73.03,66.98
13019,71.76,77.97,84.69,89.17,95.36,103.17,108.61
13021,41.45,43.65,45.98,46.46,48.63,52.07,53.25
13023,85.32,82.76,78.94,73.93,70.16,68.05,63.36
13025,96.5,96.65,96.67,94.78,94.39,95.68,94.12
13027,89.62,88.75,87.46,83.81,82.57,82.8,80.93
13029,11.46,11.28,10.57,7.3,5.61,5.67,3.41
13031,19.8,20.52,21.77,20.25,20.28,23.05,22.95
13033,69.02,64.8,60.23,53.54,48.42,44.93,38.86
13035,44.03,45.99,47.8,47.5,48.31,51.1,52.22
13037,60.17,62.31,65.53,66.66,69.76,74.38,77.28
13039,10.98,15.74,20.81,23.7,28.56,35.02,38.98
13043,75.96,74.61,73.08,68.66,65.87,65.5,62.44
13045,50.08,50.82,51.98,50.85,51.36,53.26,53.27
13047,45.78,43.59,41.51,37.41,34.71,34.04,30.53
13049,29.96,35.37,41.29,44.98,50.73,58.13,63.07
13051,18.31,20.87,23.78,24.0,25.91,29.62,31.02
13053,57.62,54.54,51.46,46.45,42.84,41.11,37.78
13055,70.49,70.52,70.65,69.04,68.77,71.27,70.81
13057,4.81,5.12,5.25,3.77,3.2,4.77,3.77
13059,9.71,9.64,8.71,6.29,4.81,5.68,3.83
13061,94.49,86.82,77.85,66.76,57.0,49.32,40.1
13063,14.45,13.24,11.74,8.57,6.3,6.0,3.63
13065,84.24,82.25,79.84,75.16,72.4,70.81,67.18
13067,2.32,2.48,2.68,1.25,0.39,1.75,0.36
13069,53.68,59.79,66.9,71.93,78.29,86.45,92.15
13071,42.31,45.15,47.61,48.17,50.59,54.88,56.71
13073,9.11,9.62,10.75,9.43,9.95,12.01,11.65
13075,43.11,52.34,62.9,71.43,81.43,93.45,102.76
13077,9.71,9.8,10.13,8.24,7.46,8.85,8.0
13079,48.93,53.25,58.13,60.95,65.59,71.56,75.7
13081,85.32,82.16,78.07,72.03,68.08,65.14,59.93
13083,71.12,65.51,59.37,51.02,44.19,39.6,31.83
13085,20.89,21.71,22.52,22.06,22.61,25.32,25.59
13087,53.68,57.66,61.72,63.95,67.66,73.66,77.15
13089,7.45,7.51,7.45,5.94,4.97,6.46,5.32
13091,73.96,76.59,79.76,81.5,84.99,89.97,92.11
13093,50.08,56.65,64.16,70.31,78.06,87.13,94.07
13095,48.93,47.48,45.8,41.95,40.17,40.06,37.84
13097,18.31,18.62,19.13,17.55,17.22,18.69,17.83
13099,45.78,47.1,48.85,48.82,50.59,54.08,55.73
13101,39.83,37.05,33.86,28.6,25.43,23.72,19.81
13103,23.02,24.47,26.23,25.28,25.9,28.66,28.76
13105,71.12,73.27,75.2,75.68,77.24,81.09,81.99
13107,62.56,66.16,70.87,73.15,77.05,83.16,86.28
13109,51.74,52.68,53.98,52.6,52.82,55.8,55.67
13111,92.68,90.53,88.26,84.38,81.35,80.75,76.78
13113,6.24,5.46,4.67,1.73,0.04,0.36,-1.38
13115,61.64,58.42,54.58,48.89,44.26,42.27,37.61
13117,1.46,1.49,1.26,-0.53,-1.5,-0.14,-1.41
13119,81.31,85.95,91.09,94.27,98.76,105.38,109.47
13121,5.16,5.55,5.97,5.19,5.11,7.13,6.83
13123,76.5,77.19,78.02,77.13,77.69,80.34,79.84
13125,36.01,30.24,24.37,16.26,10.1,4.94,-2.75
13127,46.74,48.36,50.05,49.34,50.21,52.81,53.19
13129,50.08,59.97,71.78,81.8,93.32,107.01,117.83
13131,72.62,78.22,84.18,88.28,94.31,102.02,107.58
13133,24.45,33.72,44.82,53.2,63.14,75.27,84.75
13135,1.15,1.05,0.83,-1.07,-2.31,-0.86,-2.07
13137,58.42,57.49,56.09,52.83,50.74,50.49,48.05
13139,12.61,12.89,12.95,11.11,10.18,11.36,9.8
13141,47.85,41.43,34.06,24.23,16.1,9.29,0.17
13143,78.16,76.42,74.53,70.34,68.0,67.05,64.13
13145,61.64,62.4,63.94,63.37,64.2,66.88,67.98
13147,64.37,67.69,71.2,72.71,75.66,80.88,83.37
13149,92.96,88.66,84.26,77.29,71.52,67.64,61.81
13151,7.45,8.9,10.51,10.4,11.23,13.91,14.66
13153,17.54,21.15,24.77,26.37,29.52,34.19,36.59
13155,75.96,83.36,91.93,98.32,106.31,116.19,123.23
13157,36.01,35.43,34.41,31.48,29.45,29.53,26.93
13159,42.31,50.6,60.13,67.73,76.44,87.15,95.43
13161,64.37,65.59,67.16,66.88,68.11,71.39,71.92
13163,51.74,55.71,61.09,64.52,69.52,76.01,79.58
13165,77.17,72.36,67.03,59.3,53.4,49.27,42.42
13167,82.43,77.96,72.63,65.47,59.5,55.59,48.81
13169,46.74,45.05,42.7,38.35,35.75,34.35,30.65
13171,61.64,58.76,55.28,50.02,45.64,43.05,38.86
13173,82.74,82.02,80.8,76.87,75.03,74.78,72.09
13175,28.84,26.03,22.89,18.03,14.55,13.04,8.64
13177,13.72,10.39,6.84,0.98,-2.84,-4.71,-8.92
13179,28.18,27.72,26.67,23.19,21.18,21.27,18.87
13181,62.56,63.15,63.94,62.67,62.93,64.77,64.3
13183,28.84,38.89,51.08,60.82,71.9,85.05,95.68
13185,29.96,28.69,27.06,23.09,21.34,21.17,18.67
13187,45.78,46.54,47.4,46.67,46.94,49.5,49.58
13189,52.66,47.7,42.81,35.62,29.97,26.14,19.67
13191,98.38,98.72,98.85,96.33,95.22,96.19,94.62
13193,88.16,86.53,84.33,80.09,77.81,76.58,73.59
13195,56.73,63.14,70.33,75.86,82.5,91.45,97.37
13197,75.33,74.46,74.06,71.3,70.26,70.94,70.01
13199,83.79,84.0,84.79,83.18,83.12,84.83,84.86
13201,52.66,50.47,47.34,42.12,38.54,37.05,33.9
13205,65.87,72.01,78.68,83.8,90.36,98.9,105.32
13207,44.73,45.5,46.26,44.87,44.99,46.59,46.36
13209,60.94,62.25,64.19,63.74,64.57,67.85,68.1
13211,39.83,46.88,54.6,60.23,67.0,75.93,82.19
13213,56.73,55.0,53.09,49.23,46.98,46.69,43.63
13215,75.96,75.18,74.67,72.29,71.47,72.45,71.61
13217,36.01,39.91,44.23,46.49,49.81,55.38,58.5
13219,7.45,7.29,6.39,3.59,1.86,2.42,0.35
13221,54.76,61.29,68.56,74.06,80.95,90.03,96.55
13223,6.91,7.52,8.09,6.94,6.93,8.96,8.59
13225,28.18,33.1,38.45,41.86,47.12,53.62,58.13
13227,54.76,56.88,59.18,60.43,62.71,66.98,68.77
13229,86.44,84.52,82.09,77.61,74.52,73.01,69.14
13231,32.51,31.88,31.5,28.96,28.1,28.96,27.9
13233,65.27,62.41,58.94,53.48,49.29,47.38,42.76
13235,56.73,69.05,83.55,97.05,112.18,128.41,142.23
13237,50.08,47.06,42.96,36.36,31.26,28.28,22.58
13239,99.08,98.16,97.5,94.81,93.66,94.39,93.5
13241,57.62,59.79,62.34,62.79,64.49,69.11,70.57
13243,89.62,83.11,76.21,67.15,59.86,54.07,46.85
13245,70.49,68.94,67.28,63.1,60.92,60.41,57.25
13247,10.98,8.96,6.17,1.64,-2.04,-3.29,-7.21
13249,69.02,65.67,62.16,56.53,52.91,50.4,46.12
13251,73.96,67.91,61.1,51.83,44.09,38.72,30.93
13253,60.17,60.89,61.62,60.32,60.62,63.01,63.53
13255,59.22,59.78,60.62,59.48,59.44,61.07,60.95
13257,79.08,78.95,78.44,76.16,74.67,75.34,73.73
13259,96.91,94.27,92.04,87.71,85.17,84.4,81.93
13261,45.78,43.65,41.9,37.83,35.56,34.38,31.19
13263,92.04,86.52,80.23,72.11,65.23,60.2,53.72
13265,96.05,95.99,96.35,94.27,94.13,95.67,94.3
13267,80.64,76.09,70.41,62.45,55.88,51.29,44.12
13269,58.42,57.72,56.96,54.31,53.26,53.71,52.7
13271,65.87,54.85,41.65,26.86,13.47,1.92,-12.31
13273,71.76,57.78,41.83,23.76,7.57,-7.2,-23.59
13275,61.64,64.29,66.83,67.74,70.72,75.27,77.2
13277,52.66,57.8,63.01,66.11,70.92,77.74,81.67
13279,40.75,40.79,41.07,38.59,37.29,38.46,36.77
13281,78.16,73.82,68.04,60.35,54.0,49.93,42.93
13283,83.22,80.29,76.82,71.14,67.27,65.6,60.88
13285,65.87,63.18,60.59,56.0,52.67,51.61,48.58
13287,84.24,85.14,85.66,84.39,84.77,86.66,86.25
13289,75.96,77.36,78.68,78.14,79.13,81.68,81.61
13291,90.19,88.74,86.92,83.46,81.07,81.13,77.88
13293,81.31,74.82,67.27,57.84,50.07,43.55,35.73
13295,84.75,81.57,78.22,73.06,69.08,67.19,62.31
13297,23.02,23.91,24.73,23.58,23.43,25.49,25.3
13299,80.64,79.54,78.33,74.97,73.02,72.73,70.16
13301,80.01,60.46,37.52,12.39,-11.04,-33.2,-57.81
13303,43.11,45.65,49.2,50.39,53.42,57.74,59.62
13305,79.08,75.36,70.58,63.52,57.42,53.69,47.26
13307,92.68,85.24,77.32,67.21,58.83,51.71,43.07
13309,45.78,45.07,44.7,42.41,41.65,42.9,41.21
13311,52.66,56.23,60.55,62.85,66.58,72.39,75.6
13313,22.32,18.29,13.72,7.02,1.72,-1.3,-7.26
13315,80.01,80.88,81.6,80.58,81.62,83.54,83.16
13317,77.17,75.39,73.23,68.92,65.92,65.22,61.94
13319,55.71,57.69,60.13,60.66,62.65,66.08,67.31
13321,52.66,59.19,66.64,72.1,79.64,88.91,95.45
15001,32.51,31.47,30.33,26.79,24.43,22.3,20.21
15003,11.46,12.63,13.11,10.11,7.88,5.73,5.86
15005,23.72,49.01,76.69,102.18,128.38,154.43,182.44
15007,20.89,14.9,8.61,-1.23,-10.41,-20.48,-28.58
15009,11.46,12.56,12.36,10.08,8.81,7.77,7.99
16001,6.91,7.64,8.03,6.67,5.57,4.52,3.86
16003,84.24,85.08,85.04,83.46,82.3,80.63,79.52
16005,38.78,41.88,44.79,48.18,51.3,54.66,56.18
16007,36.01,35.39,34.59,34.14,33.39,31.87,29.21
16009,77.84,76.8,75.3,72.47,70.62,67.79,66.05
16011,29.96,32.21,34.76,36.99,38.91,40.99,41.62
16013,0.45,-0.23,-0.25,-0.49,-2.06,-2.37,-3.42
16015,58.42,63.57,68.85,72.09,75.61,79.82,83.82
16017,51.19,54.6,58.46,61.03,64.36,66.61,69.91
16019,27.19,29.12,31.58,33.4,34.75,36.14,36.28
16021,77.17,73.88,69.96,64.57,59.62,54.21,50.0
16023,84.24,71.82,58.42,44.48,29.92,16.49,1.64
16025,78.16,67.91,56.3,44.0,30.23,18.47,5.71
16027,37.03,34.71,31.46,26.39,21.72,17.31,13.0
16029,37.89,38.37,38.54,38.69,38.41,37.69,36.15
16031,24.45,22.08,19.58,17.53,14.88,12.78,9.24
16033,81.31,52.58,20.62,-11.55,-45.23,-78.53,-113.06
16035,97.71,98.03,98.18,97.06,96.49,95.22,94.88
16037,67.62,73.07,79.32,84.65,88.94,94.63,99.11
16039,37.03,32.67,28.0,22.02,15.65,10.38,4.54
16041,31.65,34.01,36.37,39.28,42.08,44.3,45.16
16043,29.96,26.45,23.65,20.37,15.95,11.59,6.29
16045,62.56,71.64,82.03,89.91,98.82,107.61,116.61
16047,44.73,43.17,42.19,40.53,37.61,36.21,33.73
16049,86.82,89.41,91.9,92.77,94.44,95.75,97.87
16051,23.02,21.32,20.0,18.39,16.01,13.28,9.88
16053,26.52,22.19,17.39,12.27,5.88,1.14,-4.84
16055,33.4,32.83,31.96,29.75,28.2,25.87,24.72
16057,14.45,17.08,19.91,21.31,23.75,25.14,28.0
16059,68.26,75.25,82.61,89.04,95.01,101.09,106.25
16061,86.82,87.81,88.74,88.23,88.3,87.74,88.21
16063,34.16,30.96,27.96,24.9,20.4,17.62,13.66
16065,0.29,-0.78,-1.06,-1.56,-2.88,-4.47,-6.64
16067,30.82,26.37,21.39,16.78,11.38,6.6,0.25
16069,67.62,68.54,69.61,68.94,69.08,68.63,69.28
16071,47.85,57.71,68.49,80.58,91.74,102.9,112.8
16073,50.08,52.69,55.85,57.38,59.12,60.77,62.95
16075,40.75,46.32,52.78,56.97,62.05,66.74,71.86
16077,48.93,56.68,65.27,74.87,83.86,93.37,100.31
16079,82.74,87.26,92.23,95.65,99.79,103.56,107.48
16081,18.31,11.33,3.32,-4.48,-13.08,-22.23,-32.69
16083,25.25,24.44,24.02,23.14,21.68,21.44,19.79
16085,53.68,65.32,78.16,89.28,100.99,112.33,123.28
16087,85.8,83.41,80.21,74.77,70.0,64.93,60.44
17001,34.89,33.71,32.76,29.24,26.69,24.33,21.13
17003,95.45,94.48,93.62,90.49,87.99,87.22,85.04
17005,46.74,51.22,56.28,58.67,62.18,67.0,70.58
17007,4.39,6.57,8.86,9.54,11.78,14.34,16.43
17009,11.46,12.94,14.57,13.44,14.03,14.47,13.83
17011,28.18,29.41,30.51,29.19,30.33,31.03,31.55
17013,55.71,59.31,63.43,64.54,67.38,70.6,72.38
17015,53.68,48.83,42.88,35.16,28.86,22.66,16.68
17017,31.65,30.37,28.67,23.86,21.17,18.41,14.55
17019,3.09,3.23,3.05,0.66,0.38,0.38,-1.16
17021,40.75,39.81,38.85,35.21,33.27,32.07,29.12
17023,43.11,51.17,60.15,66.53,73.95,82.87,89.98
17025,67.62,71.85,76.42,78.43,81.18,85.54,88.25
17027,17.54,22.4,28.11,31.28,35.55,41.49,45.93
17029,32.51,32.1,31.63,28.18,26.53,25.64,22.91
17031,9.71,9.1,8.43,5.52,4.6,4.27,3.6
17033,54.76,57.1,59.07,58.15,58.41,60.22,59.84
17035,74.59,74.27,73.45,69.97,67.93,67.15,64.6
17037,2.9,4.45,5.86,5.16,6.78,8.41,9.53
17039,29.96,26.17,21.53,13.98,8.7,3.88,-2.57
17041,9.71,10.45,11.1,9.31,9.58,10.04,8.83
17043,1.97,1.87,1.79,-0.19,0.16,0.22,-0.15
17045,41.45,47.56,54.17,57.98,63.33,69.85,74.61
17047,54.76,53.96,52.35,47.55,43.87,42.48,38.9
17049,19.8,22.94,26.55,27.53,29.36,32.77,34.31
17051,63.67,63.73,63.68,61.38,59.64,59.6,57.88
17053,50.08,55.3,60.97,64.58,69.85,75.79,80.18
17055,85.32,83.85,82.01,77.65,74.25,72.73,69.04
17057,44.73,45.19,45.46,43.3,43.12,42.86,41.39
17059,85.8,87.95,90.37,90.31,90.87,93.78,94.37
17061,54.76,54.65,54.44,50.98,49.83,48.83,46.11
17063,10.98,11.74,12.33,10.33,11.15,11.92,11.78
17065,61.64,60.54,59.11,55.03,51.84,51.13,48.16
17067,41.45,37.76,33.38,26.76,21.05,15.27,9.26
17069,99.59,99.61,99.4,97.26,95.41,95.68,94.1
17071,59.22,61.59,64.04,64.53,66.16,67.48,68.44
17073,18.94,19.93,20.94,20.07,20.81,21.49,21.62
17075,29.96,34.12,39.04,40.96,45.05,49.99,53.26
17077,23.72,25.09,26.92,26.62,27.16,29.46,29.74
17079,37.89,46.4,56.0,62.81,70.57,79.93,87.28
17081,62.56,66.78,71.76,74.64,78.3,83.9,87.74
17083,11.97,18.88,26.78,31.19,37.84,45.2,50.61
17085,21.46,20.78,20.1,17.94,16.31,15.05,14.11
17087,77.17,73.37,68.69,61.84,55.58,51.13,44.9
17089,1.97,2.05,2.14,-0.2,-0.36,-0.66,-1.31
17091,58.42,58.97,59.79,57.99,58.55,59.5,59.21
17093,1.02,1.08,1.01,-1.7,-1.73,-1.56,-2.65
17095,47.85,52.45,57.82,61.21,66.48,71.6,76.05
17097,1.97,2.1,2.27,0.69,0.17,0.9,0.56
17099,25.25,26.94,28.62,27.1,28.54,29.47,30.03
17101,75.96,81.66,87.65,90.45,94.89,101.07,104.95
17103,18.94,25.12,32.17,37.19,44.28,51.22,57.82
17105,32.51,36.8,41.52,43.62,48.15,52.35,55.68
17107,46.74,47.23,48.01,45.44,44.93,45.1,43.71
17109,14.45,17.52,20.86,22.18,25.23,27.58,29.3
17111,1.97,2.45,2.83,1.59,1.57,2.0,2.02
17113,4.81,4.56,4.18,0.95,-0.14,-1.14,-3.33
17115,37.89,41.26,45.56,46.69,49.79,53.6,55.67
17117,51.19,52.81,54.41,53.21,53.6,54.86,54.3
17119,21.46,22.52,23.37,21.15,20.95,21.53,20.62
17121,75.96,74.04,71.57,66.34,61.78,58.82,54.41
17123,32.51,30.3,27.73,22.25,19.3,15.77,11.22
17125,60.94,58.52,55.42,49.46,46.03,42.34,37.05
17127,84.24,83.27,82.47,79.4,76.76,75.61,72.97
17129,19.8,22.7,26.28,26.71,29.3,31.81,32.94
17131,28.18,26.21,23.67,18.67,15.48,12.42,8.87
17133,7.9,7.18,6.57,2.99,1.08,0.55,-1.6
17135,39.83,40.44,41.19,38.81,38.22,38.51,37.52
17137,44.03,42.45,40.68,36.18,33.45,30.77,26.64
17139,19.8,16.87,13.57,7.49,3.3,-0.3,-5.29
17141,11.97,16.12,20.62,23.68,28.39,33.21,37.76
17143,14.45,14.35,14.2,11.8,11.81,11.35,9.58
17145,61.64,59.03,56.06,50.56,45.92,43.13,38.26
17147,9.11,10.97,13.24,12.69,14.36,16.42,16.92
17149,51.74,53.63,56.32,56.48,57.85,59.26,59.37
17151,89.62,92.86,96.93,98.81,101.05,105.14,107.37
17153,95.29,94.83,94.68,92.32,90.36,90.05,88.26
17155,13.72,15.36,17.17,16.26,17.75,19.09,19.58
17157,51.19,49.33,47.63,43.54,40.26,38.68,35.07
17159,69.02,70.35,71.2,68.94,67.67,68.49,67.16
17161,28.84,28.04,27.03,23.91,22.63,21.59,19.83
17163,28.84,27.94,26.68,22.54,20.06,18.79,16.08
17165,88.98,88.45,87.73,84.23,81.53,81.29,78.77
17167,36.01,35.54,34.91,31.17,29.35,28.11,25.4
17169,51.74,57.97,65.22,69.94,76.69,82.98,88.24
17171,28.18,22.42,15.63,5.62,-2.58,-10.36,-19.92
17173,44.73,35.22,24.05,10.35,-2.23,-13.85,-27.5
17175,62.56,60.62,58.09,53.46,50.68,47.82,44.02
17177,44.03,41.53,38.62,33.52,29.75,26.37,23.05
17179,14.45,14.34,14.27,11.43,10.86,10.42,8.77
17181,69.79,69.21,68.73,65.85,63.5,63.07,60.84
17183,47.85,48.88,49.88,48.42,49.01,49.98,49.62
17185,69.02,70.93,72.47,70.88,70.66,72.48,72.11
17187,19.8,21.21,22.44,21.77,23.0,23.94,24.18
17189,34.89,29.65,23.34,14.53,6.77,0.5,-7.39
17191,58.42,61.74,65.37,66.34,68.28,72.44,74.2
17193,76.5,78.52,80.82,80.46,81.24,84.27,85.1
17195,44.03,46.65,49.62,50.53,53.14,55.5,57.81
17197,2.55,2.8,3.06,1.0,1.24,1.44,1.01
17199,51.19,55.37,60.37,63.2,66.89,72.66,76.38
17201,30.82,32.62,34.42,34.87,36.7,38.86,40.58
17203,5.16,4.97,4.96,1.87,1.6,0.49,-1.54
18001,18.31,20.36,22.72,22.62,23.8,25.86,26.9
18003,16.71,18.2,19.8,19.14,19.42,21.14,22.05
18005,23.72,23.81,23.82,21.59,19.97,20.95,20.34
18007,71.76,69.86,67.78,63.31,60.58,58.72,55.36
18009,88.98,87.1,85.24,80.69,77.4,75.65,72.49
18011,3.09,5.18,7.56,7.28,7.92,10.08,11.13
18013,18.31,19.19,20.07,18.94,18.13,19.85,20.15
18015,39.83,44.27,49.54,52.07,56.13,61.55,65.8
18017,37.89,40.81,44.3,45.19,47.31,50.6,52.88
18019,44.73,46.46,48.52,49.16,50.21,53.46,54.86
18021,68.26,70.58,72.62,71.82,72.19,74.24,74.71
18023,37.03,34.0,30.18,23.47,17.84,13.64,8.13
18025,86.44,86.01,84.88,80.88,78.19,77.41,74.63
18027,30.82,33.24,35.2,34.37,34.81,37.09,36.99
18029,20.89,19.83,18.29,14.86,12.5,12.02,9.68
18031,31.65,33.3,35.37,34.97,35.68,38.61,39.99
18033,63.67,58.78,52.63,44.27,37.46,31.35,24.19
18035,64.37,62.37,60.35,55.23,51.4,49.7,46.37
18037,7.45,8.3,8.65,6.3,4.91,5.58,4.35
18039,30.82,31.22,31.22,28.8,27.42,26.98,26.39
18041,85.8,82.34,78.03,71.51,66.25,62.61,57.67
18043,34.16,33.94,33.46,31.39,29.76,30.07,28.89
18045,62.56,64.68,67.26,66.86,68.67,71.41,72.11
18047,32.51,32.24,32.04,29.74,28.49,29.31,28.42
18049,56.73,57.33,58.09,56.08,55.34,55.9,55.19
18051,37.89,42.65,47.7,49.58,52.81,58.11,60.98
18053,71.12,69.81,68.57,64.63,61.81,60.4,58.13
18055,72.62,75.8,79.0,79.91,81.75,85.69,87.73
18057,1.02,0.98,0.93,-1.69,-3.28,-3.49,-4.62
18059,24.45,25.07,25.8,24.31,23.52,24.68,24.52
18061,59.22,64.05,69.42,72.66,76.43,82.16,86.06
18063,6.24,9.26,12.76,13.42,15.35,18.11,20.32
18065,62.56,62.94,63.64,62.01,61.46,62.96,62.84
18067,65.87,66.42,67.23,65.43,64.74,65.23,64.79
18069,38.78,39.16,39.71,38.02,37.6,38.33,37.96
18071,23.72,25.0,26.67,26.01,25.8,28.59,29.56
18073,33.4,28.68,23.58,15.87,9.32,3.69,-2.4
18075,59.22,58.04,56.69,52.74,50.2,48.5,45.8
18077,52.66,49.33,45.67,40.34,35.19,32.44,28.03
18079,50.08,49.67,49.32,46.74,44.53,44.97,43.8
18081,7.9,8.48,8.76,6.69,5.57,5.87,5.45
18083,37.03,46.5,57.03,64.56,73.53,84.43,93.03
18085,21.46,24.45,27.83,28.73,30.61,34.02,36.37
18087,10.32,10.38,10.1,6.96,5.53,5.04,3.88
18089,36.01,35.41,34.93,31.64,30.41,29.92,28.83
18091,37.03,35.02,32.72,28.04,24.94,22.96,20.6
18093,62.56,63.72,64.48,62.87,62.32,64.08,63.88
18095,72.62,70.99,69.16,64.66,61.38,59.91,57.25
18097,33.4,33.79,33.83,31.64,30.29,30.29,29.57
18099,28.84,31.03,33.62,33.73,34.77,37.18,39.16
18101,29.96,39.17,49.57,57.22,66.24,76.94,85.69
18103,65.87,63.38,60.43,54.54,50.02,46.71,42.09
18105,10.98,11.2,11.11,8.6,6.66,7.2,5.84
18107,42.31,43.41,44.47,42.29,41.96,42.54,41.74
18109,44.73,46.12,47.48,46.14,45.97,47.32,47.31
18111,53.68,45.66,36.58,24.94,14.64,5.44,-4.93
18113,30.82,31.98,33.09,31.88,31.7,32.88,32.97
18115,16.71,22.9,30.2,35.5,41.57,49.65,55.99
18117,64.37,69.51,75.21,78.1,82.29,88.45,92.83
18119,61.64,64.52,67.52,67.98,69.4,72.8,74.47
18121,45.78,52.53,60.09,64.48,70.65,77.82,83.53
18123,43.11,44.41,45.59,44.26,44.34,46.24,45.76
18125,66.92,71.32,75.79,76.9,79.71,84.15,86.13
18127,13.34,12.36,11.68,8.37,6.58,6.09,4.62
18129,17.54,19.33,21.18,20.12,20.09,22.63,22.62
18131,65.27,64.1,62.75,59.34,56.38,54.85,52.59
18133,46.74,49.57,52.3,52.38,53.87,56.44,57.83
18135,60.94,59.3,57.25,52.59,49.19,47.42,44.37
18137,34.89,33.72,32.19,28.39,25.69,25.17,22.68
18139,51.19,50.54,49.79,46.42,44.35,44.35,42.82
18141,32.51,32.09,31.2,27.82,25.99,25.16,24.1
18143,77.17,71.79,65.43,57.3,49.51,44.13,37.11
18145,25.25,28.09,31.41,32.36,34.51,38.56,41.55
18147,34.89,35.54,35.94,33.67,32.76,33.97,32.62
18149,69.02,67.04,64.86,60.17,56.59,54.06,51.11
18151,34.89,39.12,44.27,46.97,51.46,56.6,60.86
18153,75.96,74.22,71.2,64.89,60.09,56.88,51.57
18155,37.03,45.06,54.54,62.02,70.36,80.61,88.99
18157,6.91,6.64,6.44,3.34,1.68,1.35,-0.26
18159,65.27,63.53,61.54,56.81,52.92,50.73,47.45
18161,38.78,40.12,41.86,41.28,41.91,44.11,45.12
18163,37.03,39.93,42.88,42.95,44.12,47.58,48.62
18165,63.67,65.83,67.61,66.5,66.87,68.69,68.44
18167,60.17,65.08,70.2,72.46,75.96,81.04,84.47
18169,52.66,48.61,43.64,36.14,29.9,25.01,18.62
18171,65.27,59.96,53.5,44.4,37.43,30.99,22.93
18173,11.97,14.52,17.16,16.96,18.03,21.27,22.02
18175,65.87,67.2,68.61,67.7,67.22,69.18,69.16
18177,69.79,70.5,71.39,70.11,70.21,71.82,72.0
18179,25.25,25.02,24.71,21.89,20.3,19.93,18.49
18181,48.93,51.03,53.53,53.85,55.25,57.84,59.36
18183,47.85,51.7,56.05,58.29,61.25,65.7,69.33
19001,41.45,44.38,48.08,49.44,51.41,55.5,57.49
19003,53.68,52.12,50.35,46.3,43.33,41.72,38.33
19005,18.94,18.16,17.02,12.69,9.09,7.11,4.92
19007,51.19,55.04,59.6,61.75,64.17,67.08,69.34
19009,17.54,20.11,23.5,24.61,26.65,29.97,31.56
19011,21.46,18.87,16.28,11.31,6.82,3.11,-0.9
19013,20.89,17.74,14.18,8.14,3.35,-0.86,-5.47
19015,23.02,30.51,39.38,45.67,53.06,61.36,68.93
19017,4.81,4.72,4.59,1.97,0.66,-0.15,-1.3
19019,11.97,10.94,10.0,6.61,3.75,1.76,-0.03
19021,4.11,4.1,4.13,1.56,0.63,0.39,-1.28
19023,6.91,7.46,8.07,6.21,5.68,5.99,5.72
19025,41.45,38.44,34.97,29.34,24.8,20.82,15.34
19027,13.72,13.38,13.11,10.6,9.14,8.84,7.11
19029,59.22,52.53,44.54,34.37,25.12,17.57,7.92
19031,13.34,13.47,13.7,11.85,10.54,10.33,9.54
19033,27.19,32.14,37.8,40.63,44.57,48.8,53.44
19035,21.46,25.55,30.34,32.46,36.07,40.38,43.1
19037,30.82,33.72,37.05,37.68,39.67,42.22,44.63
19039,48.93,43.51,36.84,27.65,19.7,12.47,4.01
19041,34.16,32.37,29.79,24.63,20.99,18.23,14.23
19043,19.8,24.49,29.96,32.9,36.32,40.24,45.01
19045,27.19,29.18,31.53,31.91,33.66,36.43,38.62
19047,23.02,23.62,24.48,22.9,22.34,22.91,22.1
19049,1.46,1.78,1.79,-0.71,-2.67,-3.24,-4.8
19051,23.02,22.24,21.34,17.97,15.03,12.18,8.71
19053,66.92,68.9,71.53,71.78,72.78,74.48,74.93
19055,20.89,17.33,13.21,6.59,0.39,-5.04,-9.93
19057,41.45,42.84,44.11,43.42,43.56,43.72,43.45
19059,36.01,35.32,34.29,30.24,27.85,25.95,23.19
19061,13.72,13.03,12.31,9.75,7.06,5.55,4.47
19063,18.94,27.61,37.59,44.63,53.2,62.5,70.83
19065,38.78,37.15,35.19,30.53,26.43,23.29,20.26
19067,34.89,37.61,40.72,40.72,42.07,43.98,45.87
19069,29.96,28.54,26.68,22.58,19.69,17.21,14.13
19071,46.74,46.12,45.13,42.39,40.31,39.28,37.4
19073,61.64,60.44,58.89,54.89,51.79,49.7,46.45
19075,10.32,10.4,10.75,8.73,7.79,7.82,6.99
19077,33.4,33.63,33.82,31.63,30.2,30.11,28.16
19079,25.25,25.46,25.7,23.55,22.68,22.44,21.46
19081,10.98,14.88,19.13,20.76,23.55,26.93,30.09
19083,23.72,20.54,16.98,10.67,5.69,1.75,-3.47
19085,47.85,47.45,46.86,44.63,42.52,41.29,39.51
19087,22.32,30.88,40.79,48.36,57.0,66.03,74.39
19089,19.8,18.81,17.67,13.38,9.64,7.57,5.06
19091,19.8,20.33,20.9,19.07,18.59,18.94,18.35
19093,28.84,28.36,27.72,24.98,23.35,22.93,20.7
19095,19.8,17.72,15.51,11.52,8.05,4.79,1.36
19097,21.46,22.18,23.02,21.98,21.61,22.08,22.75
19099,48.93,43.68,37.63,28.82,20.95,14.21,6.24
19101,5.76,5.79,5.82,3.89,2.56,1.15,-1.04
19103,1.37,1.13,0.79,-1.22,-2.69,-3.87,-4.75
19105,28.84,27.03,25.23,21.09,17.38,14.65,11.89
19107,45.78,45.7,45.84,44.23,43.34,42.27,40.54
19109,24.45,25.67,26.7,25.12,25.05,25.55,25.33
19111,52.66,57.43,63.19,67.06,71.78,76.41,80.69
19113,7.9,7.72,7.75,5.82,4.14,3.43,2.74
19115,11.46,15.32,19.47,21.26,24.32,27.89,30.85
19117,44.73,47.21,50.2,50.5,52.04,53.77,54.77
19119,10.98,12.02,13.18,11.71,11.41,11.75,11.51
19121,18.31,19.47,20.74,19.91,19.74,21.25,21.05
19123,28.84,30.21,32.17,32.03,32.76,33.34,33.0
19125,21.46,24.72,28.85,30.33,32.83,35.73,37.43
19127,25.25,23.82,22.76,19.08,16.08,14.01,11.03
19129,54.76,58.58,63.01,65.74,69.15,74.13,77.68
19131,8.63,8.81,8.69,5.36,3.33,1.91,0.22
19133,41.45,39.01,36.46,32.06,28.03,24.85,20.85
19135,42.31,40.13,37.41,31.97,27.29,22.93,17.71
19137,69.02,68.78,68.59,66.42,65.38,65.39,64.05
19139,16.71,14.81,12.6,7.67,4.02,0.9,-2.41
19141,23.72,23.81,23.59,20.89,19.35,18.85,17.06
19143,17.54,22.85,29.08,32.54,37.24,43.14,48.0
19145,58.42,58.62,58.98,57.12,56.16,56.72,56.37
19147,39.83,44.25,48.96,50.91,54.29,58.43,61.59
19149,9.11,13.66,18.82,22.37,26.83,32.3,36.38
19151,20.89,23.13,25.8,26.06,27.5,30.22,31.35
19153,10.32,11.14,11.93,10.29,9.82,10.47,10.3
19155,37.03,39.28,41.72,42.62,43.97,46.43,47.93
19157,28.84,23.26,17.12,8.74,1.04,-6.12,-14.17
19159,52.66,52.55,52.38,49.82,48.19,48.21,46.25
19161,28.84,24.92,20.24,13.66,8.16,3.38,-2.99
19163,8.63,8.7,8.81,6.79,6.4,6.44,5.88
19165,48.93,48.26,47.51,44.58,42.41,41.37,38.91
19167,0.67,1.48,2.05,0.36,-0.15,0.4,-0.2
19169,0.86,1.24,1.47,-1.02,-2.42,-2.73,-4.04
19171,30.82,26.99,22.99,16.51,11.05,6.19,0.56
19173,40.75,39.32,37.58,33.24,29.86,28.27,24.83
19175,46.74,47.99,49.49,48.54,48.32,49.92,49.59
19177,32.51,30.71,28.49,23.8,19.89,16.04,11.45
19179,51.74,46.29,39.76,31.13,23.03,14.81,6.04
19181,10.98,12.37,13.97,13.11,13.5,15.09,14.98
19183,30.82,30.51,29.98,27.16,25.38,23.4,21.42
19185,65.27,65.32,65.36,62.87,61.35,59.91,57.57
19187,44.73,41.69,38.13,32.22,27.46,23.54,18.54
19189,34.89,37.75,40.74,40.96,42.82,45.12,47.16
19191,2.74,2.61,2.52,-0.71,-2.93,-3.91,-5.46
19193,18.94,20.38,22.1,22.83,23.66,25.65,26.59
19195,32.51,32.58,32.26,29.24,27.35,25.64,23.91
19197,29.96,29.77,29.48,26.38,24.79,23.88,22.06
20001,82.74,82.07,81.52,78.4,75.21,73.77,71.56
20003,65.87,51.79,35.44,16.66,-2.35,-19.71,-37.26
20005,57.62,56.41,54.44,50.66,47.16,45.04,41.77
20007,44.03,44.46,45.11,44.69,44.12,45.45,46.22
20009,38.78,35.15,30.65,24.97,19.39,15.35,10.21
20011,69.79,71.98,74.96,75.28,75.65,77.61,79.13
20013,65.27,66.09,66.62,65.07,63.76,64.05,63.6
20015,28.84,24.85,20.23,14.06,7.41,2.68,-2.77
20017,59.22,58.41,57.15,53.7,49.97,48.48,46.16
20019,95.29,93.91,92.41,88.95,84.98,83.11,80.57
20021,84.75,83.49,82.32,79.23,75.53,73.17,70.57
20023,51.19,53.76,57.06,60.19,61.79,65.25,68.73
20025,56.73,52.88,48.68,44.02,39.05,35.16,31.1
20027,54.76,50.88,46.7,40.4,34.92,30.83,25.62
20029,54.76,51.22,47.66,42.66,37.74,34.0,28.84
20031,30.82,35.41,41.13,44.16,47.29,51.99,56.05
20033,46.74,41.8,36.84,30.66,24.55,20.02,15.12
20035,61.64,59.52,57.27,53.74,49.62,47.7,44.86
20037,51.74,52.2,52.81,51.45,50.27,50.18,49.53
20039,90.51,88.66,86.78,84.12,81.0,79.33,77.01
20041,53.68,57.13,61.36,63.43,65.81,70.09,73.02
20043,36.01,40.06,44.69,47.61,50.93,55.28,58.92
20045,6.24,6.59,7.07,4.77,2.56,2.09,1.44
20047,32.51,40.3,50.21,59.25,67.89,77.95,87.16
20049,85.32,87.41,89.81,90.4,90.55,92.91,94.25
20051,10.32,11.55,13.16,14.04,14.97,17.81,19.81
20053,55.71,56.75,57.61,57.1,56.44,57.57,57.25
20055,6.24,6.77,7.43,7.74,7.59,8.96,10.67
20057,9.11,7.79,6.68,5.14,2.59,1.8,0.56
20059,43.11,40.27,37.41,32.42,27.24,23.89,20.09
20061,11.97,14.86,18.07,19.2,20.34,23.55,25.82
20063,30.82,33.47,36.47,39.41,42.18,46.14,50.06
20065,71.12,74.12,77.69,80.62,84.2,89.16,93.14
20067,1.46,5.25,9.75,14.14,17.77,22.76,28.45
20069,10.32,12.8,15.98,18.69,20.84,24.52,27.88
20071,33.4,46.21,60.4,74.74,88.14,102.66,117.88
20073,65.87,73.07,81.42,87.36,92.49,100.5,107.04
20075,25.25,18.4,9.86,1.63,-7.8,-15.24,-22.5
20077,36.01,43.58,52.62,60.65,68.52,77.91,86.77
20079,25.25,28.81,33.23,36.73,39.79,44.95,49.34
20081,5.48,3.91,1.99,0.16,-2.48,-3.65,-4.53
20083,70.49,62.45,53.27,43.65,33.6,24.73,15.61
20085,36.01,44.98,55.12,63.53,71.83,81.86,90.98
20087,30.82,34.58,38.56,40.58,42.54,46.25,49.08
20089,44.73,50.67,57.63,64.21,70.42,78.22,84.94
20091,3.09,3.47,3.8,2.04,0.17,-0.06,-0.98
20093,17.54,16.83,15.92,14.87,12.98,12.92,13.31
20095,44.03,49.57,55.71,60.78,66.01,72.86,79.02
20097,73.96,61.91,47.77,32.68,17.84,4.32,-9.99
20099,74.59,73.65,72.81,69.96,66.8,65.03,62.92
20101,62.56,62.98,63.6,63.95,63.76,64.84,65.9
20103,38.78,40.66,42.75,42.31,42.29,43.57,44.33
20105,36.01,42.7,50.42,56.48,62.65,70.74,77.33
20107,80.64,77.65,74.87,69.75,64.41,60.1,55.49
20109,37.03,34.91,32.26,29.85,26.65,24.55,23.08
20111,25.25,28.16,31.11,32.19,33.22,36.21,38.47
20113,17.54,18.3,19.08,18.57,17.91,19.27,19.34
20115,61.64,55.15,47.44,38.03,28.52,21.03,12.48
20117,43.11,46.24,50.03,51.6,53.74,57.76,60.08
20119,9.11,7.79,6.48,4.88,3.07,2.25,1.54
20121,19.8,18.48,17.4,14.59,11.25,9.4,7.48
20123,33.4,36.31,39.4,41.22,43.16,46.79,48.74
20125,73.96,70.85,67.28,61.52,55.87,51.46,46.54
20127,55.71,58.3,60.96,61.31,61.61,63.84,65.54
20129,34.16,38.0,42.27,47.1,51.27,56.56,61.92
20131,24.45,26.32,28.09,27.96,28.01,30.34,31.59
20133,67.62,66.63,65.61,62.21,58.75,56.76,54.37
20135,56.73,51.72,46.09,40.62,34.55,30.04,24.96
20137,50.08,49.7,49.55,48.36,47.55,47.95,47.45
20139,66.92,64.75,62.0,57.15,51.92,48.25,44.33
20141,59.22,67.0,75.86,83.48,91.42,100.56,108.8
20143,42.31,36.86,30.47,22.01,14.25,8.09,0.37
20145,59.22,60.06,61.09,61.73,62.21,64.15,65.17
20147,46.74,47.66,49.1,49.18,49.2,50.55,51.49
20149,4.52,5.48,5.95,4.27,2.44,2.82,2.24
20151,37.03,36.25,35.33,32.99,30.68,30.23,29.01
20153,58.42,59.53,61.12,62.0,62.31,63.9,65.55
20155,43.11,42.85,42.12,40.2,38.14,37.53,36.35
20157,59.22,48.65,36.4,23.01,9.85,-2.24,-15.92
20159,37.89,40.89,44.35,46.72,48.81,52.28,55.03
20161,0.89,2.26,3.51,2.68,2.0,3.32,4.0
20163,60.17,53.64,45.66,36.91,28.42,21.15,13.07
20165,60.94,61.41,62.08,62.1,61.62,63.11,63.87
20167,65.87,64.83,63.25,60.64,57.98,57.1,54.93
20169,22.32,23.02,23.84,23.05,22.41,23.77,23.57
20171,15.09,12.34,8.62,5.01,0.75,-2.09,-4.87
20173,21.46,19.5,17.43,14.28,10.59,8.56,6.21
20175,1.97,1.73,1.72,0.94,0.51,0.85,1.09
20177,43.11,43.08,42.44,39.6,36.56,35.29,33.31
20179,37.89,39.76,41.81,43.69,45.39,48.44,51.0
20181,69.79,66.06,61.43,57.67,52.22,48.0,44.67
20183,68.26,70.19,72.15,73.63,75.15,77.9,80.12
20185,44.73,45.81,47.1,47.02,47.09,48.6,49.5
20187,11.46,13.81,16.43,19.9,21.95,25.38,29.77
20189,11.46,9.17,6.34,3.7,0.25,-1.99,-4.25
20191,38.78,35.18,31.06,25.99,20.47,16.42,11.79
20193,19.8,18.66,17.3,16.09,14.27,13.47,12.82
20195,6.24,7.18,8.24,8.47,9.44,11.67,13.29
20197,32.51,40.77,50.13,57.38,64.68,73.45,81.5
20199,58.42,65.35,72.98,80.9,87.57,95.49,104.29
20201,55.71,48.3,39.72,29.41,19.7,11.35,1.49
20203,14.45,24.73,36.2,47.46,57.99,69.66,81.9
20205,92.36,92.15,91.82,89.09,86.54,85.81,84.13
20207,76.5,78.02,79.58,78.74,77.95,79.06,79.52
20209,38.78,38.75,38.62,36.02,33.6,32.44,30.74
21001,64.37,67.37,70.93,72.13,75.25,80.0,82.63
21003,67.62,72.67,78.79,81.51,86.29,93.66,97.99
21005,38.78,43.97,50.26,55.16,61.32,69.12,75.05
21007,57.62,50.42,41.96,31.26,21.09,12.46,2.27
21009,80.64,81.11,81.57,78.9,78.05,79.74,78.53
21011,90.51,92.0,93.38,92.36,93.2,94.98,95.58
21013,99.46,99.12,98.98,97.16,96.88,98.34,96.94
21015,13.34,13.63,13.75,11.96,11.05,11.71,10.94
21017,43.11,46.11,49.33,50.51,53.16,56.73,59.27
21019,85.8,85.39,85.08,82.49,81.92,81.64,79.89
21021,71.76,68.53,64.37,58.82,55.0,52.58,48.24
21023,48.93,45.56,41.16,34.49,28.94,24.8,19.77
21025,99.9,99.91,100.01,97.82,97.57,98.05,96.93
21027,85.32,86.1,86.61,84.48,84.58,86.44,85.55
21029,40.75,43.16,45.75,46.58,48.63,52.12,53.96
21031,84.75,87.94,91.81,92.24,95.12,100.24,102.46
21033,69.79,73.02,76.75,78.61,80.82,85.26,88.15
21035,37.89,35.78,32.96,27.4,22.92,19.83,15.73
21037,25.25,21.8,17.73,11.6,6.66,2.71,-2.15
21039,47.85,48.29,48.93,47.19,45.98,46.29,45.54
21041,81.95,81.08,79.8,76.82,74.58,74.27,72.18
21043,81.95,81.23,80.35,76.79,75.56,74.79,72.82
21045,88.98,88.97,88.89,86.68,86.39,88.21,87.61
21047,31.65,37.82,45.33,49.95,55.96,64.19,70.37
21049,63.67,65.9,68.37,69.04,71.24,74.42,76.12
21051,93.47,94.41,95.8,95.3,96.67,99.65,100.26
21053,52.66,50.68,48.56,44.38,41.98,42.06,39.46
21055,65.27,68.23,71.74,72.94,74.92,78.57,81.2
21057,65.27,60.14,54.05,45.68,39.16,34.52,27.79
21059,50.08,53.43,57.16,58.42,60.84,65.47,67.4
21061,97.71,98.21,98.77,96.01,95.85,97.72,96.79
21063,91.82,91.32,90.79,87.52,86.92,86.53,84.9
21065,98.38,98.51,98.66,96.94,97.01,97.85,96.99
21067,16.05,15.84,15.45,13.57,12.95,13.35,12.74
21069,87.81,90.62,93.31,93.52,95.51,98.39,100.04
21071,99.11,99.26,99.4,97.51,98.0,98.79,98.08
21073,61.64,62.57,63.59,63.25,63.89,66.15,66.86
21075,86.82,89.37,91.97,91.19,92.01,93.79,95.07
21077,48.93,48.81,48.03,45.17,43.14,42.84,40.98
21079,80.64,82.06,83.88,84.39,86.49,89.97,91.57
21081,48.93,52.45,56.4,57.98,60.87,65.21,68.04
21083,47.85,51.45,55.54,57.39,59.61,63.42,65.98
21085,89.4,85.49,80.61,72.47,66.56,62.64,55.74
21087,94.97,96.22,97.36,95.9,96.58,98.75,99.06
21089,83.22,80.93,78.24,73.51,70.6,68.01,64.27
21091,73.48,76.76,80.41,81.63,84.17,88.82,90.86
21093,55.71,60.67,65.97,68.9,73.95,80.58,85.23
21095,99.71,99.81,99.89,98.34,98.43,99.73,98.72
21097,75.96,75.16,73.66,70.02,67.93,66.87,64.89
21099,88.16,87.64,86.8,83.14,81.5,81.99,79.85
21101,75.33,76.9,78.55,77.67,77.57,79.98,80.06
21103,62.56,63.26,64.07,63.53,63.79,65.89,66.18
21105,79.53,85.8,93.21,97.35,102.41,109.04,114.78
21107,66.92,66.39,65.79,62.38,59.67,59.39,56.98
21109,99.84,99.68,99.59,97.73,97.41,98.67,97.99
21111,44.73,43.72,42.36,39.11,36.76,36.22,34.14
21113,50.08,51.07,52.26,52.12,52.92,55.14,56.25
21115,99.17,99.38,99.46,97.29,97.77,98.34,97.22
21117,38.78,37.58,36.08,32.65,30.33,29.34,27.12
21119,98.79,99.28,99.7,98.44,98.95,100.51,100.3
21121,82.74,76.97,70.25,61.83,55.27,50.51,42.85
21123,77.17,81.16,85.43,87.11,90.72,96.06,99.41
21125,74.59,72.76,71.06,67.36,65.53,65.72,62.61
21127,97.1,96.64,96.01,93.17,92.97,92.55,90.78
21129,99.97,99.77,99.62,97.68,97.27,97.92,96.72
21131,99.55,99.79,100.0,98.7,99.33,100.97,100.4
21133,98.89,99.57,100.05,99.11,99.85,101.69,101.71
21135,94.49,94.3,93.87,91.53,90.43,90.44,89.14
21137,88.98,88.05,86.89,84.29,83.16,83.9,82.65
21139,91.82,90.94,89.97,87.08,84.07,82.79,80.02
21141,59.22,57.77,56.19,50.89,47.76,47.27,43.98
21143,95.7,93.83,91.2,86.7,82.3,80.26,76.97
21145,64.37,60.97,56.99,50.88,44.93,40.87,35.49
21147,99.11,98.39,97.76,94.52,93.25,94.13,92.08
21149,72.62,72.19,71.63,68.51,66.52,66.79,64.44
21151,53.68,54.58,55.53,55.26,56.25,58.6,58.95
21153,98.5,98.79,99.17,96.88,96.91,97.03,96.03
21155,47.85,54.91,62.88,68.48,76.49,85.87,93.11
21157,48.93,51.95,55.47,57.16,59.41,63.01,65.94
21159,99.75,99.63,99.46,97.23,97.56,98.03,96.87
21161,61.64,66.89,72.99,76.6,81.7,87.89,92.83
21163,54.76,60.89,67.69,72.32,78.59,86.38,91.99
21165,95.7,93.49,90.74,85.56,82.4,80.03,76.24
21167,81.95,80.9,79.57,76.51,74.94,74.88,73.26
21169,94.3,94.24,94.01,91.26,90.44,91.5,90.2
21171,94.97,94.14,93.39,89.71,87.86,88.02,86.11
21173,81.95,83.58,85.27,85.09,86.51,88.83,89.86
21175,94.81,95.59,96.62,94.95,95.77,97.01,96.84
21177,85.8,86.33,86.9,84.54,83.72,85.41,84.2
21179,60.94,61.76,62.06,60.76,61.17,63.29,63.46
21181,57.62,70.73,86.02,99.29,114.14,129.72,144.29
21183,90.13,89.02,87.57,83.05,80.16,79.69,76.27
21185,2.32,2.82,3.58,3.23,3.45,5.28,5.5
21187,76.5,80.77,85.61,88.81,92.91,98.48,102.3
21189,99.97,99.53,99.12,96.93,96.65,97.11,95.89
21191,64.37,67.78,72.03,73.97,77.01,81.32,84.46
21193,98.15,98.7,99.26,98.41,99.36,101.33,101.26
21195,99.59,99.35,99.08,96.89,96.89,97.14,96.44
21197,97.58,96.11,94.34,90.89,88.79,87.6,84.86
21199,88.98,89.21,89.49,87.6,87.36,89.84,89.45
21201,77.84,79.65,81.3,80.79,81.68,83.48,84.27
21203,94.49,94.21,93.82,91.67,91.23,92.73,91.62
21205,59.22,59.67,60.04,57.95,57.91,58.61,57.89
21207,90.51,88.12,85.06,80.01,76.42,75.38,71.73
21209,28.18,23.81,18.24,11.09,5.21,0.6,-5.1
21211,22.32,23.73,25.42,26.07,27.42,30.47,31.71
21213,43.11,41.87,40.24,35.24,32.61,32.25,28.99
21215,39.83,37.81,35.03,31.21,28.26,27.1,24.07
21217,71.76,77.0,82.87,86.47,92.46,99.85,105.37
21219,62.56,53.84,43.14,29.48,17.67,8.1,-3.99
21221,63.67,65.04,66.42,65.59,65.67,67.44,67.93
21223,73.96,69.49,64.12,57.17,50.89,46.53,40.2
21225,84.75,83.73,82.27,78.38,74.73,73.65,70.33
21227,41.45,42.81,44.26,42.19,42.56,45.07,44.54
21229,67.62,71.52,75.72,78.21,82.61,88.63,92.2
21231,97.61,97.26,96.98,94.42,93.59,95.23,94.23
21233,87.81,86.64,85.19,81.38,78.13,77.13,74.02
21235,90.19,86.03,81.51,74.89,70.22,67.39,61.44
21237,99.43,99.36,99.34,96.96,96.66,97.16,95.91
21239,34.89,33.03,30.67,27.1,24.7,23.48,20.95
22001,74.59,73.11,71.51,68.05,67.76,67.97,66.32
22003,80.64,84.79,89.65,93.28,99.5,106.69,112.24
22005,19.8,18.82,17.33,13.54,13.55,14.02,12.83
22007,73.48,75.83,78.91,79.79,84.07,88.18,90.79
22009,83.79,77.87,72.0,64.75,60.39,57.41,52.16
22011,86.82,87.26,87.66,86.94,88.26,90.31,90.88
22013,90.51,88.59,86.49,82.63,80.42,78.59,75.86
22015,24.45,23.47,22.63,19.99,18.8,18.11,16.53
22017,45.78,46.05,46.65,45.36,45.6,46.36,46.16
22019,64.37,62.41,60.65,57.98,57.27,57.55,56.15
22021,63.67,53.08,41.42,27.52,15.67,5.2,-7.01
22023,72.62,66.83,60.68,53.41,48.17,43.92,37.66
22025,73.96,58.04,41.47,22.61,6.68,-8.19,-25.17
22027,87.33,85.5,83.6,79.28,77.04,75.3,72.53
22029,77.17,52.68,25.55,-3.33,-29.53,-54.62,-81.83
22031,71.12,68.68,65.87,61.73,59.3,57.33,54.64
22033,26.52,29.14,32.3,32.65,36.87,41.74,44.93
22035,51.74,54.55,58.85,60.17,64.18,69.3,72.78
22037,72.62,66.23,59.16,50.01,44.62,39.75,33.34
22039,86.82,88.62,91.0,91.91,95.74,100.45,103.31
22041,75.96,76.05,77.08,75.61,76.78,78.87,79.1
22043,85.32,81.65,78.26,73.37,71.17,69.26,65.89
22045,59.22,59.23,59.3,57.31,58.48,59.75,59.86
22047,65.87,70.61,76.0,79.07,85.98,93.4,99.52
22049,85.8,88.09,91.15,92.19,95.06,98.62,100.85
22051,30.82,29.99,29.4,26.47,26.52,27.47,26.28
22053,90.13,86.19,81.79,76.12,73.0,70.65,66.36
22055,20.89,19.22,17.12,12.91,11.85,11.15,9.09
22057,60.17,59.8,60.01,57.34,58.2,59.79,59.31
22059,64.37,56.63,49.16,40.05,33.27,27.42,19.86
22061,34.89,33.63,32.06,28.03,26.16,24.91,22.34
22063,45.78,45.92,46.26,44.11,45.5,47.23,47.43
22065,34.89,28.3,20.74,10.25,2.65,-3.37,-11.36
22067,65.87,61.89,57.09,49.76,44.36,40.14,34.12
22069,65.87,65.43,65.52,64.61,65.55,66.76,66.74
22071,34.89,33.77,32.89,29.31,28.98,29.57,28.07
22073,21.46,21.59,21.93,20.05,19.93,21.0,20.58
22075,9.71,7.16,4.51,-0.73,-2.96,-4.15,-7.34
22077,65.87,68.53,72.55,74.41,80.09,85.76,90.79
22079,83.79,78.37,72.81,65.73,61.38,57.92,52.51
22081,50.08,46.84,43.39,38.19,35.27,32.16,28.41
22083,22.32,28.54,36.32,41.56,49.4,58.45,65.6
22085,75.33,65.99,55.24,43.22,33.04,23.25,12.98
22087,27.19,24.06,20.61,14.54,11.73,9.93,5.96
22089,27.19,22.93,18.18,10.98,7.05,3.87,-1.83
22091,96.21,94.54,92.9,88.74,88.56,89.14,87.69
22093,51.74,51.87,52.29,50.17,51.62,53.61,53.47
22095,46.74,43.05,38.91,31.86,28.68,25.76,20.86
22097,34.16,31.46,28.4,23.27,21.54,20.35,18.1
22099,46.74,46.9,47.21,45.15,46.35,47.6,48.06
22101,80.01,73.46,66.01,56.5,50.27,43.95,36.31
22103,42.31,43.03,43.91,42.62,44.17,46.76,47.47
22105,83.79,84.17,84.69,83.05,84.68,87.13,87.71
22107,40.75,34.31,27.75,18.57,12.28,7.28,0.49
22109,51.74,46.01,39.66,30.31,24.33,19.06,11.76
22111,50.08,52.31,55.35,55.38,57.28,60.1,61.73
22113,42.31,45.43,49.41,51.32,56.34,61.86,65.71
22115,71.76,69.82,67.71,64.35,63.47,62.66,60.83
22117,95.45,94.82,94.09,90.78,91.01,92.28,91.32
22119,83.22,81.03,78.89,74.26,71.45,69.31,66.43
22121,40.75,41.48,42.1,40.46,42.64,44.98,46.36
22123,44.73,38.48,31.39,21.33,13.93,7.91,0.02
22125,53.68,39.28,22.82,4.04,-11.11,-25.61,-41.59
22127,90.51,87.09,83.65,78.78,75.77,73.32,69.17
23001,61.64,58.54,55.2,49.83,46.33,42.36,37.93
23003,91.82,91.28,90.71,87.75,85.61,84.44,82.72
23005,17.54,16.74,15.94,13.08,12.28,11.04,9.58
23007,65.27,62.41,59.03,52.82,48.33,43.84,38.93
23009,56.73,53.85,50.54,44.87,39.86,35.99,32.34
23011,64.37,62.51,60.45,56.47,54.16,51.43,48.06
23013,57.62,57.35,57.19,54.58,53.48,52.69,51.78
23015,46.74,48.66,51.33,52.01,54.04,56.06,57.49
23017,72.62,72.5,72.59,70.02,69.52,68.89,67.59
23019,69.02,70.71,72.66,71.25,71.38,72.44,73.29
23021,95.92,96.94,97.79,96.0,95.84,96.6,96.53
23023,44.73,39.72,33.89,26.13,20.04,13.67,6.66
23025,71.76,76.96,83.07,86.83,92.41,98.15,103.09
23027,61.64,59.52,57.06,52.27,48.96,46.17,43.13
23029,84.75,85.7,86.9,84.74,84.0,84.1,84.31
23031,39.83,40.84,41.94,41.12,42.12,42.95,43.47
24001,74.59,75.52,76.42,76.15,76.94,78.3,78.37
24003,5.76,6.51,7.39,5.98,6.34,7.11,7.13
24005,16.05,15.77,15.49,13.2,12.64,12.23,11.32
24009,8.63,10.62,12.96,14.01,16.74,19.32,21.56
24011,43.11,45.24,47.73,48.67,51.37,53.93,55.71
24013,4.52,6.3,8.52,8.93,10.74,12.6,14.5
24015,22.32,22.71,23.21,22.2,22.0,22.38,22.42
24017,4.52,3.59,2.52,0.07,-1.2,-2.44,-3.62
24019,62.56,61.84,60.75,58.51,58.1,57.41,56.18
24021,8.25,8.21,8.1,6.08,5.33,4.81,4.15
24023,37.89,41.92,46.35,50.02,55.33,60.16,64.03
24025,8.63,9.62,10.92,10.65,11.74,12.87,13.59
24027,0.89,0.9,0.84,-1.05,-1.43,-1.79,-2.28
24029,51.74,45.38,37.71,28.47,20.59,12.83,4.47
24031,1.69,1.68,1.57,-0.28,-1.02,-1.32,-1.97
24033,2.9,3.39,3.81,2.28,2.35,2.61,2.25
24035,9.11,9.52,10.11,8.8,9.32,9.26,9.21
24037,13.72,14.67,16.18,16.37,18.14,19.68,21.2
24039,55.71,56.89,58.4,58.46,60.49,62.07,63.36
24041,28.84,32.21,36.14,38.06,42.14,45.77,48.93
24043,48.93,50.3,51.83,52.23,53.39,54.39,55.85
24045,18.94,15.89,12.18,6.64,3.02,-0.62,-5.08
24047,42.31,41.98,41.9,39.62,39.23,38.88,37.6
24510,51.74,50.89,49.76,46.87,45.67,44.58,42.87
25001,29.96,31.83,34.04,34.78,37.36,38.94,40.66
25003,41.45,44.37,47.67,49.69,52.64,55.26,58.91
25005,37.89,37.76,37.64,36.2,36.57,35.96,36.4
25007,1.37,1.93,2.43,1.61,2.38,2.17,2.14
25009,17.54,18.42,19.46,18.96,20.22,20.86,22.33
25011,38.78,37.91,36.75,33.64,31.99,29.68,28.82
25013,55.71,54.76,53.45,50.6,48.93,47.02,45.9
25015,10.32,10.98,11.71,10.82,11.42,11.45,12.41
25017,4.11,4.04,3.98,2.12,2.46,2.1,2.92
25019,1.24,1.64,1.91,0.73,1.15,0.91,0.99
25021,6.91,6.44,5.81,4.08,3.89,2.96,3.32
25023,16.05,15.41,14.6,12.93,12.81,12.02,12.19
25025,21.46,21.6,21.83,20.52,21.21,21.12,22.2
25027,16.71,17.52,18.41,17.87,18.91,18.82,19.83
26001,91.56,91.89,92.41,91.24,90.14,89.35,89.07
26003,78.16,77.67,77.12,73.44,68.83,65.74,63.19
26005,18.31,15.36,11.95,5.7,1.3,-2.11,-6.2
26007,74.59,74.25,73.85,71.54,68.79,66.85,65.69
26009,43.11,47.25,51.97,53.91,55.73,58.27,61.78
26011,86.44,85.87,85.22,82.43,80.16,78.67,77.22
26013,61.64,58.41,54.79,49.35,42.24,36.6,31.57
26015,39.83,35.84,31.3,23.5,17.53,12.16,6.45
26017,55.71,57.82,60.37,60.12,60.87,61.91,63.51
26019,75.33,69.66,63.11,53.88,45.08,36.78,29.72
26021,38.78,39.68,40.51,38.97,38.7,40.05,40.96
26023,41.45,40.81,39.75,36.08,34.46,33.36,31.86
26025,51.74,52.14,52.78,50.12,48.92,48.49,47.75
26027,50.08,56.91,64.69,69.9,76.75,84.74,92.7
26029,53.68,51.38,48.19,42.9,36.98,31.96,27.92
26031,82.43,82.84,83.26,81.68,79.36,78.4,78.24
26033,75.33,71.44,67.48,61.86,55.56,50.56,46.17
26035,94.3,92.7,90.61,85.94,82.1,78.6,76.0
26037,12.61,14.47,16.54,15.77,16.41,17.89,18.94
26039,89.62,87.2,83.93,78.31,72.67,68.13,64.04
26041,74.59,73.89,72.88,69.02,64.15,61.13,58.22
26043,52.66,59.13,66.62,71.36,74.86,80.99,86.58
26045,34.89,41.52,49.53,54.52,60.57,67.57,74.34
26047,29.96,32.59,35.84,36.91,37.31,38.8,41.04
26049,58.42,59.35,60.25,58.47,57.58,57.51,57.26
26051,86.82,87.52,88.49,86.98,86.06,85.75,85.82
26053,69.79,63.83,57.11,47.46,36.36,27.26,18.91
26055,23.72,24.09,24.63,22.27,20.29,19.08,18.62
26057,53.68,50.93,47.85,42.13,37.88,33.79,29.82
26059,48.93,46.01,42.36,35.91,31.21,27.0,22.59
26061,22.32,19.17,15.8,10.84,4.04,-1.92,-6.7
26063,67.62,63.62,59.0,52.65,46.86,41.96,36.93
26065,22.32,22.59,22.53,19.44,17.69,16.66,15.35
26067,48.93,44.61,39.48,31.3,24.85,19.0,12.84
26069,93.22,92.58,91.9,89.67,87.52,85.76,84.23
26071,85.32,82.04,78.11,71.64,63.73,58.68,53.63
26073,24.45,22.49,20.3,15.57,12.4,9.68,6.93
26075,50.08,50.13,50.07,47.07,45.66,45.25,44.5
26077,28.84,27.93,26.6,22.43,19.86,18.25,16.45
26079,65.87,71.34,77.58,81.23,84.9,89.46,94.62
26081,13.72,14.75,16.26,14.91,15.36,16.69,17.43
26083,88.98,85.69,82.25,77.1,70.48,64.75,59.6
26085,97.9,97.3,96.56,92.96,90.46,88.17,86.77
26087,36.01,38.34,40.81,41.25,42.44,44.02,45.87
26089,26.52,24.59,22.38,17.62,12.46,8.07,4.85
26091,48.93,50.33,51.84,50.49,50.37,51.49,52.09
26093,5.76,6.85,8.1,6.32,5.56,6.17,6.49
26095,97.9,97.2,96.67,94.32,91.68,89.39,87.7
26097,84.24,79.26,73.79,66.01,58.09,50.73,44.49
26099,34.89,35.1,35.32,33.04,31.48,30.86,30.79
26101,78.16,77.09,75.99,72.66,69.95,67.86,66.66
26103,28.18,31.12,34.56,35.17,34.8,35.94,37.09
26105,63.67,65.01,66.84,66.73,66.53,67.52,69.11
26107,53.68,53.39,52.97,50.16,48.58,47.12,46.16
26109,65.87,69.47,73.36,74.45,74.76,77.65,79.72
26111,32.51,31.25,29.74,25.5,22.41,19.72,17.1
26113,65.27,69.35,74.13,75.7,77.81,80.92,84.48
26115,28.84,27.29,25.51,20.26,16.11,13.86,10.98
26117,73.96,73.88,74.02,71.36,70.34,70.08,69.39
26119,97.71,97.64,97.47,95.35,93.04,91.85,91.12
26121,51.74,52.9,54.14,53.2,53.38,54.81,56.05
26123,68.26,71.11,74.33,75.1,77.27,80.37,83.24
26125,16.71,16.94,17.22,14.92,13.28,13.06,12.63
26127,69.79,69.67,69.36,67.1,65.26,64.87,64.41
26129,94.49,94.05,93.6,91.11,88.97,87.33,86.12
26131,61.64,67.66,74.97,80.0,83.19,88.39,94.1
26133,70.49,69.82,69.08,65.3,62.77,60.66,59.18
26135,91.56,91.96,92.44,90.63,88.68,87.68,87.43
26137,50.08,55.02,60.59,63.71,66.91,71.11,75.8
26139,6.91,6.97,7.0,4.79,4.26,4.81,4.49
26141,80.64,80.08,79.44,77.0,74.4,72.53,71.55
26143,97.39,97.79,98.25,96.0,94.11,92.77,92.25
26145,54.76,55.84,57.11,55.44,54.96,54.69,54.96
26147,59.22,60.81,62.43,61.82,62.1,63.31,64.97
26149,33.4,37.95,43.12,45.44,49.33,54.55,59.5
26151,57.62,59.07,60.76,60.36,60.38,61.22,62.62
26153,87.33,86.21,85.12,80.75,75.88,72.29,69.39
26155,51.19,51.78,52.22,49.98,49.14,48.99,48.7
26157,72.62,74.56,76.67,76.52,77.05,78.07,79.29
26159,41.45,44.4,47.68,47.74,49.9,53.3,56.32
26161,2.9,2.86,2.76,-0.43,-2.43,-3.09,-4.05
26163,57.62,57.11,56.48,53.24,50.8,49.65,48.89
26165,60.17,59.6,58.79,54.79,51.59,49.33,47.63
27001,75.33,73.72,71.75,67.15,61.3,56.64,52.42
27003,5.16,5.69,6.11,3.74,2.26,1.13,-0.34
27005,23.02,21.8,20.45,17.48,12.94,8.46,4.7
27007,23.02,21.17,19.27,15.53,10.89,5.98,2.59
27009,25.25,26.34,27.51,25.02,22.92,21.46,20.16
27011,60.94,59.42,57.87,53.56,48.78,45.19,40.94
27013,4.81,5.27,5.67,2.78,1.44,0.99,-0.47
27015,11.46,9.49,7.28,1.85,-1.89,-4.58,-8.48
27017,17.54,17.35,16.81,14.26,10.66,7.73,5.8
27019,0.32,0.44,0.63,-3.14,-5.1,-6.54,-8.35
27021,57.62,56.7,55.73,52.57,48.1,44.16,41.38
27023,32.51,31.42,30.72,27.09,23.68,21.76,18.97
27025,16.05,17.0,17.65,15.51,13.56,12.63,11.42
27027,9.71,8.56,7.07,3.72,-1.15,-5.52,-9.05
27029,62.56,60.34,58.06,54.16,48.91,43.52,39.65
27031,18.94,18.29,17.78,14.55,9.72,7.27,3.86
27033,37.03,36.73,36.63,33.21,31.38,30.22,28.1
27035,41.45,39.25,36.59,31.15,24.66,19.06,13.92
27037,2.55,2.87,3.08,0.02,-1.71,-2.8,-4.87
27039,1.97,1.93,1.92,-1.42,-3.92,-5.3,-7.4
27041,17.54,19.93,22.93,23.47,23.03,23.74,24.99
27043,28.84,27.31,25.23,19.83,16.43,13.79,10.17
27045,18.94,19.0,19.11,15.45,13.03,11.96,10.52
27047,31.65,33.07,34.66,33.57,33.78,34.23,34.73
27049,10.32,11.35,12.5,10.5,9.76,9.66,9.32
27051,48.93,43.1,35.87,26.8,16.57,7.13,-2.41
27053,5.48,5.62,5.66,2.54,0.74,-0.79,-2.49
27055,16.05,13.75,10.96,4.39,-1.41,-5.44,-10.02
27057,39.83,41.45,43.62,42.95,41.67,40.72,41.01
27059,17.54,21.64,26.07,27.36,29.34,31.71,34.1
27061,54.76,54.9,55.28,53.25,50.0,47.65,46.61
27063,11.97,9.72,6.81,0.87,-3.45,-6.88,-11.21
27065,51.74,58.55,65.92,70.46,74.95,80.41,85.73
27067,18.94,17.24,15.48,10.55,6.07,2.62,-1.55
27069,42.31,41.24,40.53,37.93,34.08,30.3,27.99
27071,71.12,65.02,58.54,50.41,40.01,31.11,23.06
27073,50.08,46.64,43.17,37.49,31.31,27.27,22.07
27075,33.4,31.29,28.87,25.24,20.04,15.79,12.06
27077,24.45,22.6,20.85,17.58,12.85,9.46,6.22
27079,5.16,6.38,7.62,5.74,5.56,5.39,4.63
27081,34.89,33.35,32.08,28.15,24.27,22.11,18.98
27083,11.97,9.93,7.89,2.9,-1.59,-4.99,-9.16
27085,10.32,11.82,13.8,12.33,12.11,12.39,12.06
27087,38.78,34.63,29.93,23.55,15.89,7.5,1.07
27089,26.52,23.56,20.44,15.57,9.26,2.73,-1.75
27091,30.82,33.18,35.84,35.16,36.27,38.37,39.13
27093,13.72,13.55,13.46,9.76,7.13,5.13,2.58
27095,45.78,48.54,51.33,50.95,50.67,51.04,51.42
27097,25.25,24.01,22.43,18.02,12.83,8.71,4.61
27099,26.52,25.34,23.87,19.29,15.75,13.18,10.26
27101,27.19,28.2,29.54,28.09,27.52,27.94,27.62
27103,6.24,8.66,11.61,11.5,12.89,15.13,16.21
27105,13.72,12.46,10.82,6.23,2.74,0.07,-2.99
27107,15.09,14.48,13.9,11.26,7.62,4.15,1.41
27109,3.09,4.0,5.04,2.51,1.04,0.84,0.16
27111,32.51,32.52,32.5,31.01,28.0,25.4,23.1
27113,31.65,28.83,26.12,21.16,15.17,8.51,3.94
27115,51.19,58.99,67.53,73.6,79.69,86.37,93.03
27117,25.25,24.75,24.53,21.52,19.07,17.69,15.8
27119,34.16,30.97,27.36,21.87,15.79,8.63,3.16
27121,37.89,36.04,33.9,29.3,23.78,19.36,14.99
27123,15.09,15.25,15.46,12.55,10.82,9.54,7.72
27125,25.25,23.61,22.17,18.45,14.38,9.28,6.34
27127,32.51,29.73,26.85,20.81,16.1,12.3,7.44
27129,22.32,19.54,16.48,10.18,4.72,0.78,-4.53
27131,2.74,4.02,5.49,3.79,3.77,4.08,3.49
27133,18.94,17.63,15.97,11.51,7.94,5.35,2.36
27135,14.45,12.07,9.85,6.08,0.94,-3.94,-7.42
27137,37.89,38.81,39.86,39.46,37.17,35.96,35.57
27139,0.67,0.83,0.9,-2.68,-4.5,-5.67,-7.71
27141,3.09,3.16,2.87,-0.4,-2.82,-4.62,-6.9
27143,12.61,12.36,11.95,8.65,6.54,4.85,2.86
27145,8.63,9.46,10.29,7.7,5.39,3.72,2.15
27147,12.61,12.81,12.84,10.08,8.42,7.42,5.5
27149,15.09,16.58,18.53,17.88,16.99,17.02,16.66
27151,46.74,42.7,38.04,30.61,23.04,16.58,9.64
27153,31.65,31.51,31.49,28.85,25.2,22.09,19.43
27155,62.56,67.78,74.0,77.96,80.68,84.53,87.81
27157,13.72,13.91,13.99,10.99,8.54,7.53,6.25
27159,63.67,65.4,67.48,67.35,66.7,66.26,66.38
27161,17.54,18.02,18.46,16.24,15.27,14.73,13.72
27163,2.45,2.55,2.73,-0.33,-2.17,-3.51,-5.19
27165,14.45,12.28,9.74,3.7,-0.35,-3.64,-7.97
27167,21.46,29.26,38.32,45.78,51.25,58.01,64.41
27169,10.32,11.89,13.75,12.02,11.34,11.98,12.07
27171,1.37,1.63,1.94,-1.27,-3.0,-4.57,-6.44
27173,23.02,21.44,19.94,15.89,11.74,9.32,5.93
28001,65.87,56.91,48.49,38.35,31.17,25.42,17.03
28003,82.74,81.98,81.56,79.04,77.66,78.38,76.15
28005,98.09,94.36,90.43,84.07,80.95,79.48,75.5
28007,85.8,83.62,80.71,75.43,72.18,71.24,67.57
28009,77.84,75.91,74.23,70.18,67.18,66.2,62.68
28011,23.72,39.13,57.07,71.92,88.87,107.73,124.5
28013,85.32,84.85,84.28,80.79,79.42,80.04,77.82
28015,57.62,61.84,66.51,68.49,72.08,77.99,81.36
28017,61.64,61.58,61.83,59.29,58.24,59.6,57.85
28019,94.81,95.26,95.81,93.17,92.86,94.72,93.49
28021,37.03,38.25,40.34,39.69,41.82,46.02,48.01
28023,97.71,95.59,93.27,87.89,85.09,83.85,80.88
28025,64.37,54.97,44.27,31.06,19.28,9.81,-2.56
28027,53.68,50.11,45.09,37.19,31.39,27.31,21.41
28029,56.73,58.64,61.1,60.23,62.3,66.55,68.24
28031,95.29,94.13,93.03,88.26,86.54,87.17,85.92
28033,11.97,12.5,13.31,11.65,11.22,12.79,12.21
28035,88.67,86.58,84.27,79.07,76.68,76.7,73.78
28037,75.96,76.96,79.01,78.53,81.46,85.87,87.67
28039,79.08,81.56,84.42,84.34,86.89,91.43,93.2
28041,92.04,93.36,94.61,92.96,94.25,97.32,97.85
28043,81.31,85.41,89.87,91.49,95.03,100.38,103.39
28045,66.92,67.36,67.67,65.45,65.71,67.29,67.37
28047,47.85,48.8,49.67,47.42,47.84,50.12,50.45
28049,28.84,26.52,23.67,18.05,15.05,13.76,10.36
28051,27.19,29.77,33.14,33.99,36.94,41.95,44.52
28053,63.67,56.83,49.25,39.19,31.32,25.16,16.76
28055,98.6,91.59,83.95,73.17,65.09,58.21,49.71
28057,89.4,87.78,86.19,81.88,79.13,78.64,75.22
28059,66.92,67.8,68.63,66.62,67.05,69.57,70.17
28061,93.7,88.24,82.11,72.43,65.84,61.16,54.79
28063,71.76,64.16,56.0,45.26,37.8,31.71,23.47
28065,81.95,83.8,86.17,85.19,87.7,92.24,94.64
28067,77.17,74.12,70.9,63.96,60.33,58.42,54.42
28069,81.31,81.53,81.9,79.27,78.78,80.18,79.34
28071,10.98,9.72,8.59,4.6,2.19,1.6,-1.4
28073,52.66,49.71,46.15,39.85,36.58,35.46,31.47
28075,73.96,74.6,75.65,73.49,73.7,75.81,75.91
28077,68.26,63.93,58.8,50.47,45.19,42.21,36.99
28079,86.82,88.19,89.75,88.63,89.56,92.81,94.09
28081,63.67,63.08,62.53,59.17,57.22,57.51,55.03
28083,17.54,18.12,18.5,15.97,15.36,16.46,15.27
28085,56.73,53.79,50.69,44.71,41.67,40.35,36.56
28087,63.67,57.5,50.81,41.54,33.76,27.81,19.52
28089,6.91,7.49,8.31,6.8,7.92,10.76,11.11
28091,87.81,87.74,87.85,84.9,85.3,87.65,87.33
28093,46.74,41.0,34.58,25.57,18.05,12.16,3.92
28095,77.17,71.46,65.18,56.14,48.78,43.28,35.21
28097,73.96,76.12,78.38,77.72,78.79,82.16,82.94
28099,83.22,82.31,81.25,77.32,75.52,75.49,73.47
28101,81.95,80.45,78.9,74.41,72.28,71.99,70.06
28103,91.12,89.97,88.92,85.13,82.9,83.21,80.75
28105,20.89,18.14,15.49,9.89,6.53,5.3,0.88
28107,57.62,55.53,52.97,47.59,43.57,41.83,38.25
28109,76.5,78.4,80.56,79.98,82.83,86.32,88.61
28111,98.98,98.76,98.59,95.25,94.77,96.39,95.19
28113,84.75,82.2,79.53,74.41,72.41,72.23,69.51
28115,68.26,71.61,75.89,77.36,80.54,85.82,87.95
28117,93.47,90.9,88.12,83.0,79.04,77.09,72.16
28119,54.76,59.28,64.53,66.55,70.29,76.38,80.43
28121,34.16,33.92,33.58,30.34,29.9,31.12,30.47
28123,86.82,87.15,87.57,84.97,85.27,87.43,87.61
28125,91.82,85.4,78.73,69.14,62.21,56.41,49.0
28127,62.56,65.85,69.79,70.25,73.75,79.48,83.39
28129,84.24,84.9,85.77,83.1,83.68,86.28,86.92
28131,67.62,73.06,79.15,82.3,88.38,96.23,101.73
28133,33.4,32.1,29.94,24.89,21.86,21.14,17.84
28135,66.92,74.65,83.39,89.16,96.87,106.49,114.1
28137,62.56,61.32,60.08,56.21,53.75,53.15,50.54
28139,92.36,88.4,84.08,77.42,71.96,68.41,62.28
28141,93.47,92.72,92.25,88.99,87.33,88.56,85.91
28143,42.31,43.53,45.01,43.89,43.98,46.24,46.64
28145,76.5,75.31,74.12,69.96,67.47,67.08,63.7
28147,89.97,88.99,87.97,84.16,83.88,85.29,84.32
28149,28.84,28.2,27.77,24.87,24.8,26.22,25.85
28151,88.16,82.63,76.05,66.57,59.68,54.87,47.66
28153,93.47,93.42,93.45,90.69,90.68,92.67,92.1
28155,82.74,83.56,84.65,82.79,82.94,85.17,84.62
28157,97.9,95.5,94.21,90.85,91.1,92.23,91.04
28159,72.62,73.57,74.83,73.0,73.43,75.9,75.87
28161,92.96,87.9,81.66,72.42,65.04,59.6,51.73
28163,76.5,72.0,67.24,60.04,54.93,51.71,46.23
29001,23.02,21.88,20.55,16.43,13.29,10.11,6.95
29003,31.65,34.26,37.17,38.49,40.11,42.86,44.72
29005,75.33,74.26,72.91,69.8,67.1,65.76,63.69
29007,60.94,54.28,46.77,36.11,26.79,17.72,7.88
29009,73.48,70.03,66.13,59.93,53.78,48.74,43.16
29011,72.62,76.34,80.85,82.95,85.03,88.32,91.42
29013,83.22,79.07,74.5,68.0,61.52,56.04,50.37
29015,91.44,93.39,95.92,96.69,98.48,100.4,101.79
29017,94.81,95.16,95.77,93.22,92.37,92.15,90.93
29019,9.71,8.63,7.7,3.87,1.44,-0.65,-3.19
29021,52.66,52.89,52.91,51.2,49.95,49.71,48.93
29023,94.97,95.88,96.73,94.81,94.86,95.94,96.01
29025,67.62,69.11,70.69,69.53,69.41,70.09,70.44
29027,48.93,49.84,51.46,50.23,50.06,50.7,50.48
29029,71.76,69.06,66.15,61.14,57.03,53.41,49.07
29031,43.11,38.75,33.82,25.8,19.07,13.76,7.06
29033,52.66,55.95,59.89,61.64,64.18,67.02,69.94
29035,88.16,90.05,91.97,91.06,91.89,93.51,94.26
29037,23.02,24.79,26.85,26.8,26.48,28.1,28.67
29039,90.89,90.9,91.05,88.38,86.07,84.62,82.98
29041,82.74,78.83,74.14,67.26,61.21,55.22,49.53
29043,12.61,15.26,18.15,18.53,19.15,20.48,21.65
29045,60.17,52.31,43.0,31.3,20.59,9.72,-1.36
29047,15.09,15.77,16.35,14.73,13.66,13.39,12.71
29049,25.25,24.33,22.98,19.21,15.97,13.7,11.13
29051,42.31,39.35,36.17,30.26,25.9,22.1,17.22
29053,36.01,39.49,43.73,45.69,48.51,51.39,54.32
29055,85.32,87.2,89.38,87.84,87.89,88.77,88.74
29057,69.02,71.45,74.05,73.93,74.35,75.05,76.37
29059,79.53,84.1,89.42,91.86,95.56,99.71,103.83
29061,52.66,55.56,59.07,60.17,61.94,64.41,66.65
29063,65.87,67.31,68.82,67.91,67.31,67.91,68.02
29065,97.61,97.64,97.35,93.7,91.57,90.68,88.96
29067,86.44,88.25,90.18,89.58,89.53,90.13,90.39
29069,91.12,91.39,91.61,89.01,87.89,88.1,87.94
29071,19.8,19.88,20.13,16.15,14.06,13.12,10.68
29073,81.95,79.84,77.41,71.3,66.93,63.37,58.95
29075,59.22,60.28,61.31,59.87,59.4,59.87,59.28
29077,34.89,35.31,35.31,32.6,29.94,28.1,26.42
29079,57.62,54.31,50.96,44.83,40.0,35.06,29.82
29081,79.08,80.24,81.73,80.05,79.66,80.1,79.41
29083,91.12,87.56,83.36,76.98,71.37,66.61,60.99
29085,95.45,95.3,95.01,92.39,90.33,89.08,87.45
29087,60.94,59.15,56.76,52.43,48.11,45.06,41.73
29089,44.03,43.42,42.61,39.25,36.87,34.34,31.73
29091,74.59,78.57,83.01,84.03,86.53,90.01,93.24
29093,98.66,98.16,97.47,93.49,91.19,90.27,87.98
29095,29.96,30.75,31.51,29.94,28.28,28.05,27.11
29097,43.11,38.96,34.29,27.24,20.17,14.0,7.47
29099,31.65,29.25,26.53,20.52,16.19,13.7,9.26
29101,17.54,18.69,19.97,19.35,19.25,20.16,20.31
29103,77.17,78.88,80.83,80.68,81.06,81.82,82.09
29105,80.01,79.86,79.45,76.37,73.8,72.34,70.74
29107,44.73,45.35,45.78,44.56,43.43,43.44,42.87
29109,54.76,55.63,56.71,55.52,54.3,53.81,53.25
29111,30.82,27.35,23.55,17.54,12.24,6.92,1.15
29113,62.56,61.52,60.27,56.06,53.48,51.61,48.13
29115,62.56,57.55,51.81,43.35,36.11,28.83,21.36
29117,48.93,46.76,44.44,39.37,35.4,31.92,28.12
29119,75.33,71.25,67.04,60.94,54.27,48.96,43.1
29121,56.73,64.76,74.54,81.56,89.37,97.15,104.78
29123,96.34,95.84,95.55,92.09,90.38,89.58,87.31
29125,85.32,86.57,88.14,86.34,85.94,86.55,86.09
29127,56.73,52.11,46.94,38.77,31.55,24.74,16.83
29129,58.42,52.89,46.6,37.35,29.36,21.39,12.54
29131,79.53,73.62,67.1,58.13,50.29,43.12,35.05
29133,93.92,90.35,86.27,79.6,73.96,69.73,64.43
29135,44.73,40.63,36.05,29.26,23.51,18.18,12.48
29137,62.56,62.16,61.97,58.89,57.29,55.3,52.28
29139,73.48,70.68,67.87,61.76,57.08,52.86,47.36
29141,90.51,85.72,80.22,73.25,67.15,61.43,54.91
29143,93.7,93.39,93.06,90.0,88.41,87.74,86.21
29145,55.71,50.11,43.89,35.47,26.61,18.91,10.96
29147,29.96,30.07,30.24,27.72,26.06,25.88,24.56
29149,96.63,97.41,97.92,95.67,94.7,94.08,93.62
29151,60.17,57.06,53.61,46.61,41.56,37.0,31.36
29153,91.56,90.97,90.04,86.54,84.02,82.69,80.57
29155,96.34,97.17,98.1,95.84,95.07,95.67,95.92
29157,55.71,54.07,52.55,48.35,45.28,43.32,39.61
29159,62.56,65.61,69.16,70.79,73.03,75.77,77.85
29161,52.66,55.64,58.94,58.74,60.18,62.49,63.79
29163,73.96,65.85,56.53,44.12,33.07,21.8,10.04
29165,6.24,7.95,9.83,9.47,9.46,10.69,11.3
29167,65.27,65.97,66.61,63.98,62.12,61.11,59.87
29169,56.73,61.1,66.2,68.52,71.62,75.72,79.25
29171,89.62,90.05,90.89,88.97,87.6,86.41,84.57
29173,45.78,45.76,46.38,43.97,42.58,41.08,38.93
29175,71.12,70.94,70.77,67.82,66.03,64.03,61.57
29177,54.76,57.45,60.45,61.48,63.02,65.05,67.2
29179,98.09,98.24,98.18,94.81,93.21,92.59,90.81
29181,95.61,97.25,98.92,97.8,98.64,100.22,101.05
29183,6.24,6.3,6.21,2.75,1.25,0.72,-1.49
29185,93.7,93.7,93.74,90.89,89.21,88.2,86.58
29186,69.79,62.64,54.32,43.28,33.55,25.12,14.94
29187,82.74,83.95,85.72,84.27,84.61,86.06,85.81
29189,16.71,17.69,18.71,16.07,15.73,16.81,16.04
29195,70.49,71.47,72.56,71.65,71.35,70.99,70.81
29197,53.68,57.58,62.31,64.82,67.72,71.06,73.62
29199,41.45,43.26,45.46,45.54,46.11,47.0,47.19
29201,73.48,72.64,71.93,68.32,66.24,65.62,63.49
29203,80.01,84.5,89.53,91.33,94.36,98.36,102.17
29205,66.92,66.13,65.11,61.63,59.54,57.15,54.43
29207,88.16,90.1,92.4,91.86,92.77,94.89,95.79
29209,76.5,79.89,83.91,85.43,87.04,89.58,91.56
29211,72.62,62.42,50.78,36.06,22.57,8.85,-5.11
29213,62.56,66.3,70.53,72.39,74.52,77.36,79.77
29215,93.47,93.3,92.78,89.93,87.72,86.52,84.7
29217,79.53,77.1,74.06,68.62,63.47,59.27,54.91
29219,45.78,45.74,45.93,42.61,40.9,39.95,37.22
29221,98.22,98.09,98.03,94.55,92.8,92.37,90.31
29223,99.17,99.19,99.14,95.91,94.67,94.5,92.92
29225,37.89,39.47,41.09,40.62,40.29,40.39,40.99
29227,44.73,46.67,48.85,48.16,48.73,50.74,50.92
29229,81.31,82.25,82.99,81.26,80.33,80.05,79.67
29510,45.78,47.84,50.2,49.11,50.2,52.57,53.5
30001,28.18,33.71,39.98,46.09,51.15,56.7,60.88
30003,13.72,11.95,10.02,7.91,4.01,0.48,-4.3
30005,57.62,67.2,77.31,87.43,97.14,105.58,113.69
30007,34.89,44.31,55.36,65.73,75.92,86.29,95.67
30009,44.73,46.93,49.46,51.87,52.57,54.22,53.88
30011,18.31,23.98,30.32,36.24,40.2,44.46,47.88
30013,47.85,47.33,46.96,46.8,46.59,45.46,43.85
30015,10.98,12.2,13.06,14.75,15.52,15.92,15.63
30017,47.85,51.95,56.54,60.07,61.62,63.98,64.87
30019,26.52,28.7,31.53,34.43,34.66,36.08,36.43
30021,34.89,36.68,39.4,42.57,42.82,43.75,43.79
30023,88.98,92.02,95.01,98.01,100.46,102.28,103.92
30025,14.45,16.46,18.29,20.31,19.68,19.86,19.02
30027,41.45,41.16,40.97,40.69,39.14,38.05,35.59
30029,15.09,13.38,11.41,9.44,7.99,5.91,4.08
30031,1.88,1.57,1.49,0.54,-1.46,-2.9,-6.08
30033,12.61,16.92,21.77,26.51,29.0,32.38,34.18
30035,43.11,37.79,31.96,26.74,21.56,15.76,9.21
30037,81.95,75.78,68.84,61.15,52.48,44.82,35.41
30039,76.5,78.27,80.03,81.63,82.63,83.13,83.41
30041,28.84,37.76,46.99,56.38,65.21,72.94,80.58
30043,38.78,39.31,39.3,38.79,38.07,37.03,34.92
30045,34.89,29.91,24.67,19.08,12.84,6.27,-1.2
30047,38.78,39.73,40.85,41.97,43.31,44.58,45.07
30049,31.65,32.56,33.36,33.63,34.46,34.62,33.99
30051,52.66,58.48,64.79,72.27,78.75,84.86,90.36
30053,75.33,80.67,86.68,91.68,97.01,102.01,107.9
30055,37.89,36.32,34.68,32.54,27.95,24.27,19.35
30057,17.54,19.57,21.81,23.64,24.38,26.07,26.04
30059,80.64,71.85,61.83,51.63,41.06,30.56,19.6
30061,85.32,88.31,91.43,93.33,95.69,97.95,99.99
30063,15.09,17.55,20.16,21.83,23.68,25.47,26.33
30065,41.45,43.53,46.17,48.29,49.77,51.29,51.37
30067,33.4,27.34,20.2,12.74,3.54,-4.36,-14.19
30069,0.67,6.53,13.09,19.67,24.92,31.15,35.16
30071,69.02,68.12,66.78,64.67,61.84,58.7,55.11
30073,63.67,63.29,63.18,63.42,63.78,63.64,62.59
30075,54.76,52.21,49.16,46.85,41.59,37.27,31.36
30077,55.71,56.3,56.64,57.1,57.51,57.29,56.44
30079,68.26,63.47,57.85,52.08,43.77,36.04,26.94
30081,66.92,70.02,73.1,75.44,77.81,79.68,81.13
30083,37.89,26.01,12.87,-0.28,-16.27,-30.72,-46.05
30085,25.25,27.87,31.27,33.97,34.23,36.08,36.36
30087,31.65,42.56,55.29,67.79,78.14,89.78,99.35
30089,78.16,78.52,78.61,77.66,77.22,76.76,76.18
30091,46.74,38.32,28.94,20.18,8.59,-2.07,-13.02
30093,59.22,63.84,68.51,73.34,77.6,81.77,84.87
30095,34.89,33.74,32.21,30.32,26.92,25.17,20.9
30097,25.25,34.02,44.56,55.28,63.94,74.12,82.77
30099,57.62,54.7,51.53,48.38,45.3,42.02,37.95
30101,65.27,64.63,63.8,64.23,64.04,63.88,62.74
30103,84.75,67.55,47.9,28.1,6.28,-14.47,-37.21
30105,51.74,46.73,41.09,34.83,27.04,19.75,11.01
30107,42.31,36.74,30.75,24.54,17.04,10.49,2.97
30109,44.73,40.66,35.78,31.41,24.26,17.93,10.28
30111,27.19,26.65,26.25,25.5,23.54,22.33,19.08
31001,18.94,20.43,22.46,24.32,26.08,28.51,30.64
31003,48.93,50.93,53.64,55.28,56.62,59.28,60.81
31005,2.55,2.26,2.65,1.51,-0.4,-0.22,-1.16
31007,80.64,68.38,53.98,40.4,24.98,11.03,-3.84
31009,4.52,3.55,3.0,0.95,-1.29,-2.78,-5.44
31011,26.52,22.7,18.6,13.5,8.47,4.25,-0.7
31013,18.94,13.95,8.46,2.84,-4.63,-9.97,-16.54
31015,64.37,65.61,67.02,67.34,66.93,68.09,68.16
31017,60.17,50.69,40.44,29.05,17.11,6.07,-5.77
31019,3.09,3.89,5.26,7.02,8.85,11.44,13.57
31021,54.76,54.54,54.44,52.65,51.81,51.37,50.34
31023,23.72,24.54,25.52,24.95,25.24,25.67,25.3
31025,9.71,9.36,8.6,5.97,4.25,3.54,2.11
31027,15.09,12.63,9.97,6.3,2.55,0.07,-3.68
31029,40.75,33.18,24.77,15.73,6.39,-1.87,-10.4
31031,37.03,33.19,29.6,24.83,19.43,14.84,9.16
31033,16.71,16.95,17.43,17.62,17.08,18.13,18.08
31035,48.93,51.76,55.05,57.8,60.38,63.69,66.09
31037,1.69,1.7,1.67,-0.07,-1.11,-1.44,-2.94
31039,21.46,20.88,20.62,18.9,17.95,17.84,16.54
31041,23.72,23.94,24.54,24.46,24.06,25.22,25.52
31043,2.45,2.37,2.34,1.55,0.68,1.13,0.35
31045,11.46,10.54,9.36,8.46,5.79,4.47,2.21
31047,16.71,17.56,18.59,18.85,19.5,21.42,22.54
31049,24.45,23.87,23.88,22.64,21.39,21.96,21.82
31051,34.89,30.85,26.2,20.73,15.12,11.06,5.67
31053,30.82,31.04,31.0,29.21,28.25,28.43,26.96
31055,9.71,9.71,9.36,7.34,6.1,5.6,3.94
31057,27.19,24.91,22.35,19.48,15.82,13.54,11.2
31059,47.85,51.19,55.29,58.16,61.23,64.9,67.4
31061,68.26,62.92,57.25,51.02,44.74,39.46,33.79
31063,18.94,25.44,33.56,40.15,47.26,55.23,62.58
31065,72.62,67.12,61.0,53.54,46.55,40.43,33.88
31067,46.74,48.66,50.84,51.04,51.82,53.59,54.12
31069,54.76,44.68,33.35,20.88,8.19,-2.62,-14.49
31071,46.74,41.07,35.09,28.42,21.26,14.72,8.31
31073,39.83,39.41,39.17,37.59,36.74,36.77,36.35
31075,16.71,14.76,12.48,8.91,4.42,2.39,-1.35
31077,56.73,50.24,43.17,35.68,28.03,21.08,13.72
31079,18.94,18.4,17.96,17.43,16.84,16.62,16.11
31081,20.89,19.86,18.73,17.06,15.33,13.87,11.86
31083,75.33,67.76,59.47,50.32,41.49,33.43,25.03
31085,74.59,68.57,62.06,54.34,46.82,40.22,33.41
31087,74.59,73.67,73.26,71.66,69.97,69.43,68.49
31089,37.03,37.16,37.66,37.3,36.21,36.31,35.48
31091,75.33,84.15,94.74,103.68,112.26,122.18,131.29
31093,39.83,38.99,38.37,37.43,36.8,36.56,35.98
31095,44.73,49.4,55.02,59.09,63.88,69.85,74.31
31097,34.89,32.66,29.51,24.69,20.58,17.45,13.65
31099,34.16,27.31,19.6,11.89,4.2,-2.82,-9.89
31101,43.11,34.06,23.95,12.23,0.47,-9.3,-19.49
31103,71.12,58.99,45.89,31.88,16.78,2.97,-11.98
31105,44.73,47.37,51.03,55.14,57.52,61.24,64.15
31107,40.75,35.7,29.82,22.8,15.8,9.54,2.58
31109,6.91,7.92,8.9,8.39,8.4,9.18,8.93
31111,46.74,44.6,42.25,39.15,35.69,34.01,31.76
31113,32.51,34.02,36.02,37.06,37.92,40.03,41.18
31115,34.89,29.35,23.37,16.68,9.43,3.07,-3.53
31117,66.92,60.47,53.02,44.13,34.74,26.84,18.36
31119,10.98,11.26,11.84,11.16,10.64,10.74,9.75
31121,34.16,33.16,32.24,30.76,29.49,27.95,26.29
31123,46.74,44.83,43.4,41.97,38.61,37.5,35.57
31125,47.85,48.22,49.03,49.22,49.59,49.7,49.7
31127,32.51,36.46,40.95,43.81,47.35,51.77,55.53
31129,56.73,62.1,68.57,74.25,80.24,87.39,93.12
31131,25.25,29.2,33.85,37.06,40.5,45.03,48.72
31133,36.01,38.63,41.58,42.69,44.47,47.49,49.62
31135,18.31,17.07,16.65,15.19,13.59,13.24,12.77
31137,24.45,22.9,21.78,19.6,17.73,16.6,15.23
31139,16.05,14.55,12.99,10.31,7.69,5.84,3.34
31141,9.11,9.01,9.02,7.35,6.52,5.95,4.39
31143,21.46,18.71,15.55,11.25,7.53,3.88,-0.5
31145,50.08,41.9,32.48,21.83,11.22,1.68,-8.48
31147,51.19,52.9,54.61,55.04,55.74,57.63,59.1
31149,27.19,26.71,27.21,26.99,25.86,25.66,25.02
31151,29.96,28.22,26.05,21.75,18.31,15.49,11.37
31153,2.23,2.8,3.15,1.76,1.34,1.76,1.06
31155,18.94,21.78,25.14,27.17,30.12,33.92,36.02
31157,38.78,39.21,40.35,42.26,42.16,43.87,44.38
31159,10.32,9.96,9.67,7.71,6.31,5.34,3.3
31161,34.89,42.45,51.12,59.68,66.67,75.12,81.86
31163,62.56,56.47,49.71,42.92,36.13,29.92,23.41
31165,13.72,9.65,4.84,-0.15,-6.87,-11.84,-17.84
31167,24.45,23.87,23.08,21.15,20.03,19.32,17.41
31169,47.85,46.1,43.92,40.71,37.95,36.48,33.01
31171,20.89,16.59,11.45,4.93,-1.93,-7.53,-14.13
31173,40.75,32.02,21.9,10.2,-0.82,-11.12,-22.16
31175,64.37,62.5,61.15,59.52,57.73,56.47,54.84
31177,20.89,25.45,30.75,34.6,38.92,44.12,48.05
31179,2.9,4.99,7.88,10.07,12.91,16.27,18.65
31181,70.49,64.14,56.58,48.73,40.7,33.63,26.1
31183,40.75,35.5,29.86,23.64,16.65,10.9,4.4
31185,30.82,26.17,20.76,14.34,7.87,1.84,-5.06
32001,78.16,72.41,65.65,60.05,54.01,49.59,43.19
32003,17.54,19.34,21.11,24.68,27.7,31.46,34.33
32005,48.93,52.9,56.27,59.74,63.75,69.21,72.54
32007,17.54,17.39,16.84,17.04,16.76,16.61,15.36
32009,64.37,69.3,74.51,81.09,87.8,95.1,101.13
32011,3.57,22.28,42.41,64.5,86.11,108.42,128.88
32013,13.34,14.17,15.22,16.85,18.46,20.79,21.74
32015,10.32,12.63,14.49,18.03,21.38,25.81,28.12
32017,40.75,43.04,45.31,48.08,51.09,53.54,55.99
32019,71.76,76.55,81.59,87.29,93.37,100.51,106.03
32021,98.73,97.89,96.89,96.39,96.65,97.67,98.07
32023,96.5,96.43,96.22,97.45,98.46,100.44,100.56
32027,84.75,80.94,76.68,73.83,70.29,67.83,64.15
32029,81.31,88.12,95.02,102.16,109.57,118.19,125.02
32031,14.45,18.23,21.44,24.82,28.15,33.1,36.13
32033,68.26,75.25,82.21,90.23,98.15,106.52,114.0
32510,51.74,68.93,88.38,108.07,127.85,149.07,168.18
33001,23.72,30.89,38.76,44.6,52.59,59.87,67.29
33003,52.66,56.23,60.03,61.0,64.6,67.44,70.2
33005,25.25,28.03,31.37,32.78,35.71,37.55,40.56
33007,83.79,83.2,82.64,78.96,77.3,75.7,73.39
33009,27.19,30.41,33.62,34.0,36.06,37.98,39.55
33011,11.97,12.81,13.49,12.6,13.79,14.34,15.36
33013,27.19,30.14,33.28,34.16,37.32,39.56,42.23
33015,7.45,7.64,7.75,6.38,6.99,6.94,7.39
33017,27.19,27.1,26.66,24.53,24.08,23.41,22.61
33019,47.85,45.0,41.39,35.11,30.99,26.05,21.37
34001,28.18,27.25,26.16,22.9,21.46,20.63,18.7
34003,2.74,2.4,1.92,-0.48,-1.14,-1.72,-2.34
34005,12.61,13.15,13.81,13.23,13.68,15.13,15.71
34007,30.82,31.16,31.48,30.53,30.31,30.99,31.22
34009,37.03,38.52,40.37,40.21,42.21,44.82,46.14
34011,51.74,48.63,44.64,38.85,34.61,30.98,26.55
34013,21.46,21.83,22.29,21.21,21.52,22.22,22.68
34015,22.32,23.24,24.23,23.9,24.34,25.65,26.23
34017,5.48,5.13,4.77,2.86,2.4,2.43,2.44
34019,3.09,3.38,3.54,2.42,2.38,3.17,3.76
34021,8.25,7.76,7.11,5.53,4.66,4.74,4.3
34023,3.09,3.26,3.3,2.55,3.07,4.02,4.88
34025,5.48,5.86,6.18,5.65,6.3,7.46,8.6
34027,1.69,1.87,1.89,0.69,0.8,0.94,1.2
34029,31.65,31.03,30.36,28.78,28.27,28.59,28.01
34031,4.81,4.24,3.58,0.9,0.05,-0.9,-1.71
34033,44.03,47.79,52.42,55.83,60.36,65.33,69.7
34035,1.46,1.61,1.73,0.55,0.54,1.33,1.77
34037,6.24,6.88,7.48,6.54,6.49,6.91,7.37
34039,4.11,4.19,4.39,3.15,3.52,4.1,4.54
34041,11.97,14.36,17.1,18.52,20.86,24.02,26.97
35001,27.19,28.28,29.3,30.59,33.39,36.05,38.44
35003,99.84,99.56,99.29,98.98,99.59,101.47,102.25
35005,62.56,63.68,64.95,65.98,67.15,70.13,72.15
35006,88.67,91.82,94.89,98.31,103.19,108.19,112.32
35007,95.7,92.88,89.67,86.58,83.38,81.1,78.79
35009,54.76,58.61,62.13,64.36,68.07,72.26,75.59
35011,88.67,91.56,94.64,97.22,101.03,105.42,108.36
35013,11.97,14.33,16.9,19.52,23.75,28.94,33.07
35015,53.68,47.25,40.2,33.14,26.08,20.72,14.32
35017,92.68,90.94,88.93,86.81,86.13,87.22,86.01
35019,92.04,89.35,86.28,83.42,81.42,79.23,76.94
35021,93.92,91.6,89.14,86.79,85.0,83.32,81.62
35023,76.5,76.17,75.83,75.14,75.59,77.78,78.14
35025,19.8,18.88,18.52,17.12,16.72,17.44,17.17
35027,83.79,81.17,78.6,76.54,74.92,74.79,73.3
35028,7.45,9.15,11.19,14.16,17.76,21.18,24.32
35029,73.96,79.55,85.63,91.46,98.39,107.15,114.02
35031,36.01,41.17,46.75,53.04,60.72,68.23,75.09
35033,99.3,98.76,98.15,97.9,98.35,98.72,99.57
35035,72.62,65.6,58.0,50.04,43.66,38.76,32.73
35037,98.22,97.32,96.31,95.19,95.1,95.09,94.5
35039,76.5,70.81,64.15,58.06,52.79,47.14,41.77
35041,47.85,56.87,66.7,75.52,85.87,96.56,106.46
35043,21.46,22.82,24.36,25.7,28.7,31.63,34.11
35045,23.72,30.25,37.31,44.84,52.52,59.81,67.77
35047,96.5,97.61,98.97,100.99,103.88,106.43,109.19
35049,28.84,29.51,30.23,31.95,34.83,37.01,39.06
35051,98.22,97.01,95.71,94.6,94.71,95.93,95.81
35053,98.44,98.23,98.0,98.06,98.9,100.8,101.24
35055,78.16,79.63,81.43,83.45,86.8,89.65,92.68
35057,69.02,67.78,66.35,65.71,66.04,66.51,66.3
35059,76.5,75.48,74.21,73.32,72.77,72.75,72.65
35061,76.5,78.41,80.52,83.0,86.65,90.76,94.06
36001,15.09,14.41,13.46,10.7,8.53,6.91,5.92
36003,45.78,48.02,50.6,51.59,52.85,54.67,56.37
36005,34.16,34.16,34.25,32.76,32.65,33.08,33.33
36007,38.78,42.38,46.53,48.4,50.67,53.68,57.3
36009,45.78,46.62,47.35,46.7,46.44,46.36,46.65
36011,34.89,34.72,34.17,31.0,28.69,26.74,25.06
36013,46.74,48.16,49.68,50.41,51.24,51.94,53.55
36015,40.75,39.39,37.44,33.01,30.16,27.5,25.08
36017,67.62,70.09,72.81,73.21,74.36,76.46,78.4
36019,42.31,46.15,50.36,51.74,53.82,55.83,58.28
36021,51.74,53.12,54.61,54.17,54.81,55.58,57.43
36023,23.72,24.42,25.03,22.86,21.92,21.09,20.78
36025,51.19,55.32,60.01,62.65,66.05,70.23,74.82
36027,28.18,28.12,28.2,26.3,25.45,24.37,24.29
36029,29.96,29.07,27.9,25.09,22.7,20.55,18.75
36031,55.71,59.61,63.25,64.26,66.04,68.25,69.97
36033,37.89,42.2,46.56,47.18,48.85,50.95,53.37
36035,60.17,61.54,62.77,61.71,61.34,61.22,61.42
36037,29.96,31.28,32.61,32.72,32.9,33.4,34.14
36039,46.74,46.53,46.4,44.15,42.52,41.2,41.23
36041,39.83,59.25,80.74,99.97,119.76,140.41,160.59
36043,38.78,40.0,41.16,39.55,38.68,38.74,39.28
36045,32.51,32.34,31.75,27.94,25.37,23.68,21.97
36047,6.91,6.94,6.94,5.84,6.0,6.56,7.09
36049,34.89,36.37,37.62,35.59,34.4,34.22,34.0
36051,19.8,21.85,23.99,25.08,26.38,28.06,29.99
36053,13.34,14.36,15.28,13.96,13.22,13.7,14.29
36055,23.02,24.94,26.77,26.67,27.26,28.02,28.84
36057,51.74,50.57,48.99,45.13,42.2,39.28,36.99
36059,2.9,2.65,2.39,0.94,0.67,0.9,0.84
36061,7.45,7.03,6.56,4.5,3.9,3.79,3.79
36063,31.65,30.36,28.86,25.53,22.57,19.6,17.35
36065,50.08,49.36,48.1,44.64,41.52,39.57,37.74
36067,18.94,20.43,21.88,20.83,20.62,21.09,21.76
36069,19.8,19.75,19.34,16.95,14.87,13.2,11.63
36071,18.31,18.84,19.48,18.5,18.44,18.52,19.08
36073,57.62,60.99,64.65,67.16,69.61,72.22,75.32
36075,36.01,39.11,42.58,43.53,45.14,47.76,49.82
36077,25.25,26.48,27.68,26.59,26.42,26.96,27.76
36079,9.71,9.75,9.73,8.38,8.27,8.03,8.33
36081,5.76,5.54,5.3,4.08,4.11,4.46,4.67
36083,23.02,24.43,26.17,26.15,26.94,27.74,29.66
36085,6.91,6.85,6.84,5.77,5.98,6.58,7.02
36087,3.57,3.96,4.43,2.94,3.07,3.41,3.82
36089,45.78,50.25,54.78,55.74,57.89,60.33,63.21
36091,13.72,14.33,14.76,13.13,12.28,11.66,11.44
36093,28.18,29.25,30.6,29.67,29.45,29.92,30.79
36095,58.42,55.88,52.88,47.28,42.86,38.79,35.33
36097,36.01,42.57,50.36,55.53,62.1,68.7,75.5
36099,48.93,51.44,54.27,54.57,55.81,57.35,58.87
36101,53.68,53.4,52.85,50.25,48.09,46.19,44.43
36103,4.52,4.81,5.0,4.34,4.78,5.39,5.65
36105,51.74,51.18,50.42,47.53,46.14,44.8,43.78
36107,29.96,32.71,35.63,36.59,37.99,40.31,42.57
36109,7.45,6.68,5.37,1.11,-2.07,-4.9,-7.16
36111,39.83,37.27,34.23,29.01,24.52,20.34,17.17
36113,33.4,37.67,41.96,43.66,46.24,49.53,52.5
36115,38.78,37.59,35.68,31.45,28.23,25.31,22.71
36117,36.01,39.1,42.52,43.66,45.63,48.02,50.13
36119,4.11,3.93,3.89,2.22,1.71,1.61,1.48
36121,23.72,25.5,27.45,28.18,29.01,30.05,31.46
36123,25.25,26.31,27.14,25.56,25.11,24.78,24.8
37001,42.31,42.47,42.45,40.14,40.46,40.03,38.13
37003,61.64,65.62,70.2,71.44,75.47,80.21,83.06
37005,86.82,85.71,84.58,79.99,78.24,76.54,73.06
37007,80.64,80.14,79.91,77.25,76.81,77.0,75.44
37009,58.42,54.26,49.37,41.57,36.26,31.36,24.57
37011,75.96,81.26,87.72,91.42,97.33,104.05,109.54
37013,80.01,78.39,76.2,71.67,69.47,67.12,62.62
37015,88.16,89.2,90.68,89.74,90.88,91.65,91.36
37017,93.22,92.59,91.84,89.01,88.44,88.19,85.48
37019,62.56,65.18,68.21,69.31,72.47,76.73,77.91
37021,37.89,36.51,35.13,31.11,28.58,28.06,25.51
37023,83.22,84.07,84.95,82.61,82.4,83.49,82.73
37025,8.25,7.99,7.89,5.03,4.97,5.47,3.98
37027,75.96,76.58,77.02,73.91,73.61,73.8,72.59
37029,37.89,38.15,38.2,35.9,35.61,34.98,33.12
37031,73.48,76.92,80.22,80.91,83.84,87.28,87.89
37033,88.67,88.79,88.97,86.74,87.22,87.15,84.95
37035,31.65,34.93,38.55,39.28,42.42,46.34,48.24
37037,25.25,30.8,37.29,41.7,48.58,54.84,59.64
37039,82.43,84.3,86.3,86.22,87.56,91.52,91.75
37041,41.45,44.81,49.09,51.24,55.24,58.9,61.17
37043,55.71,59.7,64.22,66.65,70.3,76.46,79.55
37045,63.67,62.88,62.28,58.53,56.49,56.34,53.97
37047,85.8,85.7,85.31,82.98,83.12,83.49,81.73
37049,67.62,68.7,69.35,67.81,68.72,69.84,68.38
37051,40.75,47.07,54.55,59.89,68.15,76.22,82.3
37053,18.31,26.03,35.2,42.22,51.22,59.94,67.17
37055,39.83,41.72,43.13,42.39,41.86,42.05,40.58
37057,60.17,61.88,63.86,63.72,65.99,68.78,69.39
37059,28.84,31.56,34.6,35.25,38.89,42.83,44.53
37061,60.94,66.08,71.69,75.28,81.19,87.63,92.06
37063,9.11,8.06,6.84,2.96,2.12,0.74,-2.46
37065,68.26,69.68,71.4,70.44,72.39,73.92,73.39
37067,11.46,11.82,12.06,10.27,10.72,11.75,10.37
37069,42.31,42.58,43.24,41.06,42.12,42.77,40.9
37071,62.56,59.88,56.67,50.62,46.01,43.04,38.14
37073,64.37,67.46,71.72,74.25,78.98,83.29,86.46
37075,29.96,48.77,70.95,90.9,112.18,135.98,156.97
37077,79.53,74.92,69.53,61.13,56.0,50.27,42.51
37079,80.01,84.17,88.77,91.19,96.31,100.96,104.0
37081,11.46,11.55,11.62,9.79,9.9,10.19,8.7
37083,93.7,92.22,90.71,86.01,84.43,81.74,78.28
37085,34.89,34.76,34.34,31.76,32.02,31.66,29.89
37087,51.74,56.14,61.82,64.55,68.81,75.5,80.1
37089,56.73,56.29,56.04,52.56,51.24,51.96,50.26
37091,92.96,87.89,82.07,73.8,67.99,61.65,54.44
37093,44.03,42.43,40.38,36.05,34.39,32.96,29.21
37095,58.42,64.68,71.48,76.39,81.83,88.04,92.23
37097,24.45,25.68,26.8,25.09,26.14,27.97,27.61
37099,34.16,30.55,26.01,18.64,12.73,9.4,3.82
37101,31.65,33.22,34.9,34.09,36.93,39.05,39.31
37103,96.28,97.3,97.94,96.35,97.24,98.16,96.93
37105,37.03,37.48,37.68,35.69,36.45,36.5,35.23
37107,90.89,92.81,94.7,94.38,96.68,98.64,98.87
37109,47.85,48.76,49.77,47.96,48.39,50.0,49.19
37111,94.3,91.12,87.34,81.12,76.65,73.67,68.68
37113,71.76,69.28,66.0,60.23,56.03,54.55,50.4
37115,60.94,55.2,48.52,39.53,31.63,25.69,17.75
37117,81.31,79.97,78.45,74.73,73.2,71.63,68.29
37119,3.76,3.39,3.04,-0.11,-0.93,-0.72,-2.57
37121,92.36,91.93,91.26,88.23,86.99,86.98,85.56
37123,58.42,51.06,42.85,32.39,24.41,16.65,6.89
37125,44.03,44.56,45.44,44.37,45.85,47.33,46.49
37127,51.74,53.37,55.41,54.82,57.37,59.11,59.3
37129,27.19,25.83,23.86,19.64,17.75,16.25,12.13
37131,95.61,94.85,94.14,90.92,90.66,89.32,87.11
37133,39.83,48.3,57.64,64.9,74.48,84.42,91.8
37135,3.09,3.33,3.4,0.92,1.46,1.02,-0.7
37137,81.31,84.66,88.14,89.46,92.78,96.49,97.72
37139,53.68,50.11,45.46,38.63,33.35,28.11,21.59
37141,66.92,68.92,70.82,70.33,72.5,74.59,74.43
37143,80.64,76.97,72.2,65.4,60.23,55.22,48.64
37145,71.12,74.37,78.39,79.65,84.1,87.66,89.63
37147,18.94,19.97,21.03,19.75,21.07,22.21,21.42
37149,56.73,57.5,58.65,57.11,57.42,59.89,59.71
37151,34.16,35.58,37.36,37.01,39.1,41.36,41.59
37153,85.8,81.77,77.21,69.99,65.28,60.65,54.22
37155,68.26,65.58,62.18,56.74,53.8,51.31,46.53
37157,71.76,67.66,62.9,56.29,51.98,47.18,40.37
37159,58.42,57.12,55.58,51.28,49.98,48.87,45.86
37161,88.98,88.26,87.56,83.96,82.18,82.73,80.46
37163,78.16,79.57,80.8,80.24,82.16,84.07,83.72
37165,88.16,86.91,85.67,81.93,80.81,79.99,77.01
37167,63.67,59.74,55.39,48.39,43.96,40.15,34.17
37169,48.93,49.4,49.87,47.99,48.72,49.51,47.99
37171,69.79,74.45,79.88,82.72,88.12,93.81,97.38
37173,43.11,45.74,48.5,48.44,49.79,53.66,55.09
37175,69.02,63.66,57.35,47.62,40.19,34.71,27.11
37177,65.87,73.87,82.9,90.21,98.43,107.08,113.88
37179,4.11,3.96,4.06,2.13,1.94,3.17,2.25
37181,95.92,91.7,86.91,79.56,75.77,70.91,64.12
37183,1.46,1.69,1.9,-0.09,0.91,1.33,-0.06
37185,98.6,94.29,89.46,81.5,77.09,71.77,64.53
37187,95.7,94.78,93.41,89.96,88.17,86.49,83.17
37189,8.63,9.58,10.79,8.92,9.6,11.0,10.77
37191,58.42,61.58,64.95,66.16,70.33,73.97,75.88
37193,77.17,75.39,72.98,67.56,64.81,62.62,58.47
37195,56.73,53.53,49.33,42.92,39.54,35.67,29.72
37197,59.22,61.75,64.36,64.65,67.52,70.54,71.6
37199,82.74,83.08,83.68,81.97,81.77,83.36,83.08
38001,34.16,26.12,16.27,5.29,-7.62,-18.91,-31.68
38003,15.09,21.19,28.0,33.93,37.52,41.98,46.68
38005,3.09,5.36,7.56,9.03,7.81,8.02,8.49
38007,0.06,2.04,4.24,6.3,5.75,6.15,5.21
38009,24.45,28.61,33.49,37.91,39.74,43.53,46.36
38011,13.34,13.33,12.25,10.86,6.95,4.18,0.12
38013,13.72,9.29,4.53,0.06,-6.71,-12.42,-18.44
38015,10.32,8.94,8.03,5.71,1.56,-2.05,-6.06
38017,4.11,5.53,7.15,6.93,4.82,3.57,2.95
38019,24.45,20.09,15.22,9.22,0.98,-6.69,-13.01
38021,13.72,10.26,6.57,1.57,-5.55,-11.06,-17.81
38023,59.22,57.05,55.19,53.57,49.23,46.12,43.03
38025,28.84,29.67,30.77,31.45,29.58,29.33,27.65
38027,16.05,20.09,24.53,27.83,28.91,31.07,33.01
38029,55.71,51.57,47.3,41.36,33.42,26.88,19.11
38031,10.98,13.19,15.46,17.03,16.48,16.55,16.68
38033,39.83,39.91,39.98,40.31,38.27,37.1,34.66
38035,5.76,6.86,8.03,7.89,6.3,4.12,3.21
38037,28.18,28.08,28.15,27.06,23.7,21.31,17.73
38039,36.01,41.82,47.62,52.66,55.24,58.11,61.94
38041,28.84,28.67,28.34,27.48,24.37,22.32,18.98
38043,18.94,20.52,23.14,24.7,24.26,25.19,25.18
38045,26.52,22.52,18.16,12.56,4.74,-1.57,-8.46
38047,45.78,35.8,24.51,11.6,-3.22,-16.75,-31.6
38049,28.84,23.38,17.62,11.77,2.67,-4.84,-13.28
38051,56.73,58.77,61.76,63.29,62.58,63.04,62.31
38053,15.09,9.05,2.49,-4.24,-13.7,-21.59,-30.22
38055,7.9,7.64,7.94,7.59,4.87,3.65,1.05
38057,18.31,17.26,16.18,14.26,9.84,7.05,3.02
38059,15.09,10.8,6.27,0.13,-7.95,-14.97,-23.18
38061,2.45,1.6,1.01,0.16,-3.38,-5.39,-8.52
38063,16.05,20.14,24.35,27.94,29.21,30.87,33.55
38065,15.09,11.82,8.55,4.03,-2.61,-8.43,-14.96
38067,34.89,30.21,25.13,18.65,11.02,3.19,-3.39
38069,16.71,14.42,11.87,8.57,2.88,-1.09,-5.43
38071,32.51,38.99,46.07,52.5,56.44,61.63,66.93
38073,38.78,34.4,29.2,22.51,13.66,6.33,-1.46
38075,18.94,16.52,13.76,11.09,5.4,1.15,-3.38
38077,6.91,7.4,7.34,5.64,1.76,-0.81,-3.75
38079,28.84,30.53,32.32,33.63,32.49,32.83,32.46
38081,12.61,14.36,16.57,17.25,15.59,15.81,14.96
38083,61.64,46.42,29.35,11.55,-8.86,-27.52,-47.13
38085,12.61,9.04,5.33,-0.08,-7.74,-13.58,-21.35
38087,17.54,35.02,55.31,74.79,91.99,110.4,127.49
38089,8.25,7.73,6.86,5.72,2.41,0.17,-3.46
38091,23.02,32.69,42.98,51.92,59.4,67.17,75.64
38093,44.03,40.78,36.93,31.69,24.95,18.68,12.7
38095,6.24,7.75,9.48,10.84,9.9,10.22,10.54
38097,4.81,9.24,13.94,17.26,18.94,20.45,22.94
38099,64.37,59.9,54.96,48.65,40.53,32.18,25.65
38101,9.11,8.03,7.28,6.0,1.51,-1.14,-4.54
38103,39.83,36.78,33.87,30.05,23.99,19.51,14.15
38105,3.76,2.38,1.62,0.6,-2.8,-4.71,-7.18
39001,85.8,86.08,86.48,85.03,84.76,85.23,84.48
39003,46.74,47.15,47.74,45.54,44.44,44.53,43.46
39005,34.89,37.68,40.75,42.74,44.76,48.53,51.79
39007,47.85,51.24,54.89,56.95,60.02,63.67,67.72
39009,39.83,45.65,52.08,57.28,63.34,70.41,75.72
39011,19.8,19.11,18.34,14.99,12.72,11.59,9.39
39013,63.67,63.19,62.73,61.17,60.85,61.2,60.12
39015,65.87,60.52,54.1,45.64,38.31,32.04,24.63
39017,16.05,16.31,16.81,15.05,14.19,14.97,14.27
39019,37.03,36.79,36.41,35.57,35.12,36.13,35.77
39021,42.31,44.24,46.57,46.47,48.05,50.1,50.92
39023,59.22,59.88,60.5,58.43,58.04,58.4,57.45
39025,25.25,24.67,24.24,21.62,19.92,19.86,18.45
39027,36.01,39.66,43.95,45.86,48.91,53.25,56.48
39029,61.64,58.97,55.75,51.71,48.14,45.69,42.44
39031,40.75,38.44,35.61,31.7,28.53,26.83,23.26
39033,54.76,59.36,64.58,67.91,71.21,76.45,80.84
39035,41.45,43.0,44.51,44.15,44.45,45.88,47.7
39037,33.4,37.59,42.56,45.31,49.59,54.63,58.65
39039,31.65,30.73,29.38,25.35,23.0,21.54,19.38
39041,1.24,1.35,1.25,-0.84,-1.72,-1.88,-3.02
39043,43.11,40.7,37.92,32.95,28.58,25.71,22.91
39045,29.96,30.06,30.16,28.37,27.4,27.85,26.6
39047,60.94,60.22,59.06,55.52,53.14,51.8,49.18
39049,18.31,17.33,16.04,12.85,10.59,8.99,6.35
39051,22.32,25.77,29.63,30.56,32.73,36.37,39.31
39053,79.53,80.11,80.88,79.74,80.14,81.52,81.21
39055,6.91,8.28,9.87,9.5,10.11,11.57,13.04
39057,21.46,21.87,22.12,20.11,19.35,19.58,18.75
39059,64.37,66.67,69.61,71.78,74.52,78.3,80.61
39061,24.45,23.77,23.16,20.57,18.92,18.62,16.98
39063,16.71,15.89,14.97,11.71,9.48,8.69,7.02
39065,44.03,39.17,33.51,26.45,20.02,14.67,8.79
39067,50.08,55.49,61.9,68.19,74.78,82.64,89.08
39069,30.82,33.56,36.59,36.88,38.54,41.26,43.49
39071,72.62,73.91,75.42,74.78,75.11,76.8,77.11
39073,60.17,63.34,66.66,68.56,71.27,74.86,76.91
39075,3.09,3.07,2.96,1.9,1.34,2.25,2.3
39077,34.89,34.07,32.94,30.32,28.02,27.06,26.31
39079,86.82,87.84,88.67,87.8,88.04,89.31,88.78
39081,71.76,72.68,73.73,73.95,74.89,76.91,77.42
39083,36.01,36.63,37.2,36.96,36.93,38.02,38.05
39085,16.05,18.12,20.26,20.45,21.58,23.36,25.59
39087,89.4,89.27,89.17,87.06,86.71,86.43,85.1
39089,34.16,34.59,34.95,34.13,34.07,34.89,34.49
39091,47.85,44.74,41.09,35.44,30.99,27.57,22.99
39093,39.83,44.05,48.88,52.34,55.93,60.7,66.14
39095,46.74,47.47,48.28,46.1,45.17,45.8,45.89
39097,37.03,41.48,46.67,49.8,53.97,58.95,62.88
39099,55.71,54.33,52.66,49.79,47.87,46.95,45.17
39101,72.62,76.72,81.49,84.56,88.17,92.75,96.44
39103,6.24,7.84,9.46,10.02,11.02,13.51,15.83
39105,86.82,88.48,90.17,90.69,92.28,94.6,95.15
39107,14.45,14.0,13.3,9.67,7.37,6.28,4.14
39109,28.18,28.54,28.88,26.61,26.06,26.29,24.95
39111,71.76,75.08,79.22,82.36,86.56,91.26,94.82
39113,51.19,50.6,49.73,46.79,44.92,44.3,42.25
39115,76.5,80.69,85.61,89.5,94.25,100.04,104.17
39117,37.89,39.41,40.77,40.64,41.07,42.68,43.15
39119,56.73,56.62,56.42,55.68,55.34,56.15,55.44
39121,79.53,70.57,59.63,47.51,36.06,25.65,13.75
39123,54.76,53.2,51.41,47.01,43.05,41.06,38.62
39125,57.62,58.55,59.74,58.2,58.18,59.1,59.08
39127,61.64,62.37,63.02,62.32,62.34,63.82,63.43
39129,51.19,48.69,45.5,40.26,35.71,32.47,28.01
39131,93.22,93.61,93.93,92.14,91.73,92.51,91.53
39133,20.89,22.4,24.12,24.96,26.23,28.58,30.67
39135,58.42,56.93,55.15,50.87,48.08,46.61,43.72
39137,7.45,7.39,7.29,4.32,2.74,2.36,1.08
39139,38.78,43.71,49.11,53.45,58.12,64.55,70.01
39141,70.49,73.82,77.71,79.61,82.84,86.83,88.91
39143,40.75,40.34,39.87,37.39,35.38,34.97,34.43
39145,90.19,89.92,89.58,87.38,86.41,86.16,84.86
39147,37.03,36.56,36.14,33.87,31.82,31.43,30.64
39149,18.31,19.96,21.99,21.49,22.46,24.34,25.02
39151,33.4,31.73,29.78,26.72,23.92,22.6,20.19
39153,25.25,24.73,23.89,22.07,20.69,20.58,20.03
39155,44.73,43.7,42.55,39.92,38.13,37.25,35.9
39157,30.82,33.33,36.31,38.84,41.77,46.21,49.02
39159,15.09,15.19,15.25,13.76,12.97,13.13,12.35
39161,40.75,42.65,44.83,44.26,45.14,47.33,48.15
39163,77.17,81.92,86.98,90.77,95.26,100.81,104.68
39165,4.81,4.8,4.83,2.58,1.24,1.35,0.23
39167,77.84,79.39,81.24,82.15,83.68,86.2,87.45
39169,18.31,16.2,13.69,10.1,7.0,5.21,2.91
39171,37.03,38.27,39.64,38.53,39.47,41.25,41.78
39173,7.9,9.68,11.74,10.79,10.91,12.84,13.99
39175,33.4,31.52,29.23,25.22,21.48,19.41,16.65
40001,78.16,78.33,78.5,77.11,75.3,74.75,73.71
40003,59.22,55.74,52.35,47.77,43.25,40.89,36.71
40005,94.3,94.29,94.49,92.59,91.26,91.23,90.59
40007,6.24,5.18,4.05,2.62,1.31,0.69,0.19
40009,51.74,47.59,43.76,39.1,34.01,30.54,26.86
40011,89.97,88.69,87.76,86.12,83.46,83.56,82.59
40013,75.33,79.73,84.92,87.81,91.39,96.72,101.3
40015,70.49,75.65,81.77,87.38,92.36,100.36,106.97
40017,25.25,26.96,28.92,30.91,31.78,35.35,37.89
40019,64.37,69.08,74.12,77.43,80.87,86.43,91.98
40021,70.49,67.3,63.56,58.45,52.76,48.1,43.62
40023,92.68,89.81,86.49,81.35,77.42,74.72,71.17
40025,27.19,32.13,37.44,43.17,48.63,54.99,61.27
40027,26.52,25.77,25.38,24.81,23.37,24.39,24.78
40029,91.12,88.16,84.93,80.24,75.58,72.33,68.62
40031,71.76,72.51,73.32,73.24,72.99,75.58,76.44
40033,91.12,86.05,80.04,72.58,64.73,59.65,53.57
40035,93.22,92.99,92.85,91.19,88.79,88.07,86.97
40037,69.79,57.7,43.99,28.47,12.69,-1.44,-15.58
40039,44.73,38.07,30.94,23.13,14.56,8.41,1.53
40041,92.36,92.43,92.69,90.9,88.48,87.58,86.38
40043,66.92,56.69,45.86,34.93,23.62,13.99,3.64
40045,55.71,43.31,29.78,15.52,1.46,-11.62,-24.84
40047,44.03,40.93,37.88,33.63,29.0,26.68,22.81
40049,55.71,48.55,40.42,30.92,21.35,14.47,7.04
40051,53.68,52.03,50.2,48.15,45.68,45.75,44.92
40053,69.79,59.15,46.9,33.56,20.06,8.88,-3.77
40055,89.4,88.67,87.99,86.3,84.97,85.31,84.53
40057,84.75,82.34,78.74,73.69,69.13,66.16,62.04
40059,19.8,20.21,21.41,21.93,22.7,24.53,26.51
40061,90.89,92.04,93.43,93.04,92.31,93.46,93.49
40063,90.89,88.59,86.35,82.46,78.39,76.76,74.08
40065,45.78,46.66,47.74,48.02,48.61,51.04,51.99
40067,78.16,84.21,91.19,96.12,101.09,109.07,116.16
40069,97.99,98.03,98.06,96.17,94.86,95.06,95.19
40071,65.87,67.74,70.17,71.56,71.75,74.56,76.49
40073,54.76,58.87,63.54,67.6,70.44,76.02,80.9
40075,82.43,83.29,84.55,84.91,85.23,87.67,88.95
40077,94.81,94.93,95.28,93.74,92.23,92.49,91.74
40079,90.51,89.14,87.62,84.1,81.21,79.92,77.59
40081,85.8,83.25,80.6,77.12,72.54,70.33,67.86
40083,19.8,23.8,28.39,32.66,35.15,40.77,45.49
40085,47.85,54.92,62.94,68.45,74.86,83.12,90.7
40087,48.93,42.02,34.12,26.15,17.48,11.54,4.73
40089,88.16,84.23,80.07,73.81,68.82,65.03,59.91
40091,95.29,95.36,95.74,94.48,92.53,92.64,91.63
40093,84.24,77.94,71.31,63.81,55.8,50.18,43.49
40095,99.59,100.27,100.59,98.64,97.42,98.07,97.76
40097,80.01,82.97,86.54,88.28,89.34,91.8,94.19
40099,77.84,77.64,77.79,76.55,75.37,76.26,76.96
40101,78.16,76.15,73.96,70.82,66.89,64.41,61.73
40103,60.94,62.33,64.02,65.01,64.47,66.69,68.3
40105,81.31,79.51,77.64,73.87,69.63,66.84,63.46
40107,96.75,92.5,88.02,82.03,75.33,70.95,65.42
40109,33.4,32.47,31.24,29.95,27.12,27.09,26.28
40111,82.43,79.87,77.55,73.54,69.08,66.21,62.78
40113,72.62,74.04,76.18,76.7,76.77,78.86,80.8
40115,81.31,78.1,74.81,69.49,63.5,59.1,54.6
40117,79.08,76.27,73.22,68.68,63.44,60.74,57.68
40119,15.09,15.48,15.93,15.4,13.57,14.63,15.51
40121,89.97,89.73,89.57,87.61,85.86,86.0,84.95
40123,64.37,55.6,45.86,34.71,23.54,14.64,4.74
40125,69.02,68.74,69.04,67.94,66.5,67.6,68.1
40127,99.4,98.93,98.68,96.19,94.36,94.52,93.79
40129,41.45,34.26,26.74,18.71,10.51,3.68,-3.12
40131,44.73,46.09,47.82,48.33,48.39,49.8,51.22
40133,88.67,86.52,84.62,81.23,77.27,75.85,73.86
40135,95.92,96.19,96.51,95.16,93.19,92.87,91.89
40137,79.08,79.71,80.6,80.13,79.57,81.51,82.56
40139,11.97,9.16,5.72,2.04,-1.65,-4.34,-8.07
40141,69.02,67.03,64.8,60.93,57.59,56.06,53.31
40143,32.51,30.89,29.47,26.34,23.16,21.49,19.87
40145,51.19,49.82,48.43,45.34,42.21,40.52,38.69
40147,63.67,60.92,57.82,52.99,47.82,44.23,40.37
40149,34.16,27.84,21.14,13.55,5.51,-0.55,-7.08
40151,46.74,41.29,35.73,28.78,21.83,16.39,10.14
40153,26.52,21.56,16.98,11.9,7.14,3.34,-0.45
41001,88.16,87.82,87.47,85.22,83.28,81.32,79.63
41003,10.32,10.72,10.84,10.61,10.82,10.51,11.46
41005,21.46,20.27,18.9,16.17,13.38,10.58,8.41
41007,80.01,80.81,81.32,81.3,81.32,80.95,81.22
41009,47.85,53.23,59.47,64.83,70.09,75.25,81.24
41011,95.29,94.87,94.31,93.04,92.59,91.75,91.48
41013,92.04,90.87,89.63,87.26,84.93,83.13,81.76
41015,97.1,97.39,97.67,97.04,97.38,97.28,97.73
41017,28.84,26.97,25.08,21.72,18.55,16.14,13.89
41019,89.62,89.06,88.45,87.19,86.07,85.22,84.82
41021,86.44,88.79,91.61,92.59,93.77,94.41,96.37
41023,83.22,82.17,81.02,78.17,75.69,72.94,70.51
41025,87.33,84.55,81.65,77.1,72.05,68.1,64.0
41027,9.71,9.57,9.72,8.2,7.75,6.72,6.69
41029,65.27,65.77,66.16,66.41,67.13,68.73,69.91
41031,68.26,64.67,60.71,55.03,49.44,44.13,39.69
41033,73.48,76.12,78.93,81.65,84.54,88.16,91.96
41035,83.22,82.88,82.37,80.51,79.15,79.43,78.71
41037,88.98,92.09,95.46,97.98,100.38,105.12,109.01
41039,53.68,56.49,59.65,62.27,65.63,68.08,71.78
41041,88.16,89.7,91.01,91.58,92.55,93.34,95.22
41043,64.37,66.31,68.45,70.1,72.43,73.94,76.82
41045,67.62,66.63,65.13,61.42,58.51,55.16,52.45
41047,44.73,45.27,46.07,45.86,45.98,45.44,46.32
41049,48.93,47.82,46.11,42.75,39.57,36.07,34.14
41051,26.52,27.28,28.39,28.5,28.32,28.02,28.49
41053,46.74,46.86,46.71,45.84,45.52,44.73,45.03
41055,84.24,79.6,73.99,66.66,60.02,52.51,46.16
41057,50.08,61.15,73.41,85.1,96.56,108.18,121.05
41059,36.01,40.72,45.78,49.57,53.56,57.53,62.85
41061,63.67,63.16,62.37,59.09,56.84,54.3,52.69
41063,89.4,91.87,94.52,94.88,96.12,97.11,98.88
41065,64.37,67.71,71.92,74.71,78.24,81.16,85.36
41067,6.91,7.54,7.95,7.44,6.91,6.39,6.49
41069,85.32,89.73,94.78,97.78,100.88,104.32,108.48
41071,51.19,50.88,50.17,48.3,46.91,45.26,44.57
42001,33.4,32.85,31.94,30.67,29.9,29.4,28.54
42003,29.96,29.3,28.58,27.45,26.77,26.89,25.71
42005,77.17,76.84,76.26,75.31,74.57,74.86,73.81
42007,47.85,46.02,43.89,41.0,39.14,38.0,35.85
42009,68.26,68.45,68.72,68.24,68.18,68.05,67.22
42011,30.82,30.22,29.52,27.13,25.92,25.62,24.89
42013,57.62,60.3,63.3,65.72,67.91,70.75,73.13
42015,42.31,43.47,44.74,44.59,44.81,45.78,46.74
42017,9.71,10.3,10.99,10.19,10.32,11.65,12.52
42019,18.31,19.27,20.23,20.65,21.48,23.33,24.19
42021,71.12,71.82,72.28,72.13,72.56,73.14,72.76
42023,74.59,77.15,79.62,81.09,83.43,85.89,88.28
42025,68.26,65.96,63.34,58.71,54.97,52.18,49.08
42027,6.24,6.61,6.78,6.29,6.06,5.96,6.13
42029,1.97,2.14,2.25,1.15,0.55,1.12,0.83
42031,57.62,60.12,63.02,65.11,67.58,70.57,72.97
42033,58.42,63.64,69.3,74.11,79.23,84.44,89.27
42035,42.31,44.95,47.73,49.71,52.24,55.37,58.04
42037,13.72,15.98,18.84,20.17,22.23,25.13,27.51
42039,60.17,58.39,56.31,52.94,50.27,47.83,45.97
42041,13.72,13.94,14.1,14.5,15.02,15.65,16.2
42043,29.96,29.93,29.72,29.04,28.96,29.19,29.16
42045,16.71,17.11,17.44,16.53,16.08,16.46,16.79
42047,45.78,52.68,60.44,67.18,74.45,81.4,88.42
42049,46.74,47.02,47.31,46.42,45.79,45.8,46.04
42051,75.96,74.16,72.01,69.28,67.63,66.24,63.24
42053,99.3,99.91,100.42,99.75,99.4,99.08,98.77
42055,19.8,21.42,23.2,24.28,25.93,27.64,29.25
42057,48.93,51.36,54.46,56.68,59.37,61.84,64.39
42059,77.17,79.42,82.16,84.3,87.6,91.25,92.76
42061,54.76,56.4,58.09,59.15,60.41,61.75,63.17
42063,34.89,37.18,39.65,41.5,43.8,46.71,48.23
42065,55.71,56.09,56.0,54.62,53.67,53.19,51.95
42067,42.31,39.92,37.04,33.87,31.25,28.62,25.98
42069,48.93,48.97,49.0,47.25,45.68,44.64,44.45
42071,14.45,15.35,16.28,16.02,16.9,18.31,19.23
42073,44.03,49.42,55.81,61.07,67.44,74.87,81.39
42075,20.89,23.23,25.87,27.7,30.43,33.36,36.1
42077,37.03,36.46,35.82,33.82,32.52,32.37,31.8
42079,52.66,52.61,52.66,50.98,49.64,49.26,49.11
42081,46.74,48.09,49.6,50.09,51.05,52.42,53.75
42083,69.79,70.53,71.04,70.37,70.1,69.83,69.91
42085,59.22,59.04,58.63,57.22,56.56,57.07,56.97
42087,69.02,68.35,67.52,66.32,65.46,64.82,63.86
42089,36.01,38.19,40.69,41.14,42.39,44.46,46.59
42091,5.48,6.0,6.69,6.15,6.13,7.32,8.21
42093,34.16,31.45,28.28,23.77,19.93,16.66,13.16
42095,26.52,25.15,23.41,20.67,18.43,17.28,15.7
42097,56.73,56.94,57.4,56.83,56.46,56.92,57.0
42099,27.19,28.22,29.44,30.62,32.11,33.67,35.25
42101,53.68,54.52,55.46,55.12,55.35,56.59,57.74
42103,52.66,56.76,61.42,64.59,68.38,72.83,77.61
42105,72.62,72.12,71.25,69.01,67.6,66.61,65.23
42107,70.49,70.24,70.08,68.36,67.67,67.18,66.66
42109,22.32,21.33,20.33,18.86,17.7,16.86,15.85
42111,60.17,60.0,59.54,58.27,57.91,57.87,56.38
42113,87.33,85.7,83.72,80.24,77.16,74.88,72.63
42115,65.87,64.36,62.49,58.65,55.19,52.33,49.76
42117,55.71,56.7,57.9,56.6,56.33,56.45,57.03
42119,28.18,27.3,26.24,24.37,22.7,21.46,19.97
42121,65.27,66.54,67.8,68.01,68.77,69.91,71.0
42123,69.02,69.15,69.06,67.97,67.09,66.37,66.34
42125,43.11,42.97,42.96,42.42,42.71,43.87,43.04
42127,69.79,69.28,68.54,65.72,63.46,61.77,60.64
42129,43.11,43.48,43.91,44.18,44.81,46.18,45.78
42131,46.74,43.59,39.97,34.68,29.47,25.42,21.65
42133,25.25,26.92,28.91,29.9,31.39,33.67,35.72
44001,19.8,18.57,17.09,14.17,13.16,10.91,9.94
44003,38.78,40.78,43.2,44.18,47.05,48.59,51.55
44005,19.8,20.46,21.06,20.72,21.78,21.79,22.7
44007,32.51,31.44,30.03,27.11,26.35,24.2,23.53
44009,8.63,10.49,12.53,13.79,16.6,18.24,20.61
45001,81.95,84.11,86.53,87.25,89.0,93.16,94.61
45003,38.78,38.51,38.14,35.66,34.82,35.66,33.95
45005,96.91,96.11,96.04,93.64,92.56,93.74,92.33
45007,58.42,58.14,57.68,55.19,54.33,55.54,53.89
45009,93.92,92.16,90.14,85.55,82.68,81.71,78.34
45011,92.96,93.34,94.12,92.49,92.31,94.04,93.45
45013,21.46,22.99,24.69,24.03,25.29,27.85,27.97
45015,27.19,29.42,32.02,31.49,32.56,36.1,36.6
45017,71.12,75.5,80.45,83.17,87.56,94.0,98.04
45019,11.46,12.21,12.87,11.21,10.42,12.29,11.57
45021,77.17,74.04,70.6,64.18,59.5,57.0,52.05
45023,65.27,67.68,70.88,71.58,74.12,77.96,80.07
45025,56.73,55.78,55.01,51.37,50.39,50.03,47.92
45027,92.36,93.49,94.7,92.43,92.51,94.61,94.55
45029,78.16,71.16,63.23,52.45,42.88,35.64,26.09
45031,72.62,73.78,75.17,74.29,75.35,77.83,78.39
45033,76.5,80.18,84.62,86.94,91.73,97.08,99.95
45035,16.71,18.38,20.43,19.16,19.62,22.38,22.46
45037,46.74,48.97,51.71,52.45,54.75,59.1,60.9
45039,82.74,80.9,78.73,74.22,71.88,70.87,68.0
45041,60.94,58.99,56.52,51.46,48.52,46.68,43.02
45043,51.74,52.43,52.96,51.92,52.47,54.17,53.37
45045,16.71,17.7,19.03,17.5,18.35,21.08,21.05
45047,51.74,51.5,51.19,49.04,48.47,49.82,48.3
45049,75.33,66.43,56.26,43.86,32.61,23.59,12.23
45051,53.68,56.23,58.92,59.94,62.34,66.06,67.07
45053,50.08,51.54,53.39,52.7,53.56,56.31,56.36
45055,52.66,50.22,47.3,41.32,37.98,36.28,32.59
45057,43.11,41.07,38.68,34.13,31.09,29.64,26.1
45059,84.75,82.9,80.68,76.28,73.91,73.57,70.9
45061,90.19,90.32,90.26,87.43,87.05,87.85,86.84
45063,18.94,21.31,24.2,24.43,26.86,30.8,32.6
45065,84.24,86.56,89.44,89.72,91.57,95.69,96.99
45067,73.96,73.71,73.42,71.05,70.87,71.72,69.97
45069,87.33,87.33,87.52,85.1,85.2,85.73,83.98
45071,39.83,40.37,41.17,39.59,39.93,42.11,41.89
45073,80.01,82.03,84.39,84.5,86.14,90.03,91.46
45075,67.62,68.36,69.12,67.44,67.54,69.38,68.93
45077,41.45,40.9,40.24,37.25,36.0,36.66,34.58
45079,16.71,17.42,18.0,16.27,16.69,18.34,18.18
45081,50.08,44.72,38.34,29.29,22.18,16.96,9.08
45083,52.66,51.77,50.96,47.48,46.15,46.88,45.35
45085,73.96,78.22,83.02,84.76,88.9,94.9,98.94
45087,88.16,85.26,81.98,75.99,72.24,70.09,65.88
45089,86.44,85.14,83.62,79.77,77.74,77.18,74.53
45091,16.71,15.79,14.98,11.68,9.92,9.69,7.76
46003,19.8,25.3,32.1,37.84,41.55,47.34,51.27
46005,36.01,30.37,24.75,17.64,8.73,2.19,-6.62
46007,27.19,28.95,30.7,31.26,30.48,31.2,30.81
46009,28.84,30.79,32.88,33.49,33.67,35.42,36.02
46011,7.9,7.86,8.16,6.02,3.92,3.67,2.23
46013,7.45,7.47,7.88,6.98,3.78,2.68,0.1
46015,66.92,61.21,55.13,47.55,38.61,31.24,22.16
46017,70.49,67.74,65.19,60.85,54.61,50.99,45.08
46019,54.76,51.45,47.86,44.09,38.18,33.29,27.43
46021,43.11,36.92,29.69,20.75,9.51,0.05,-11.24
46023,42.31,45.13,48.07,49.36,49.71,51.95,52.4
46025,63.67,64.24,65.48,65.34,63.46,63.75,62.07
46027,5.76,5.65,5.61,4.57,3.28,3.78,2.49
46029,36.01,30.69,24.91,17.3,8.79,2.09,-6.38
46031,23.72,23.37,23.23,21.38,17.64,15.66,11.81
46033,47.85,48.64,49.41,50.15,48.84,48.42,47.19
46035,47.85,52.43,57.48,61.26,63.38,67.62,70.05
46037,43.11,41.44,39.92,36.64,31.8,28.63,23.63
46039,56.73,48.53,39.41,28.35,16.7,6.77,-4.58
46041,22.32,17.39,11.72,5.14,-3.85,-10.81,-19.58
46043,34.16,37.36,40.58,42.32,43.06,45.52,46.44
46045,9.11,14.93,21.67,27.28,30.88,36.91,40.35
46047,89.62,89.74,89.61,89.63,87.58,86.63,84.9
46049,48.93,44.66,39.89,33.9,25.65,19.9,11.72
46051,33.4,33.11,33.35,31.17,28.36,27.13,24.67
46053,68.26,62.48,56.28,48.74,40.07,33.18,24.85
46055,68.26,56.01,42.3,27.75,11.06,-3.57,-20.3
46057,26.52,22.34,17.84,11.47,4.3,-0.88,-7.53
46059,37.89,31.52,25.0,16.38,6.33,-1.26,-11.68
46061,16.71,19.61,22.15,23.18,23.19,25.33,25.38
46063,3.09,3.39,3.6,3.47,0.8,-0.51,-3.08
46065,10.32,9.43,9.24,7.06,3.4,1.94,-2.02
46067,44.03,49.3,55.0,59.05,62.49,67.99,71.58
46069,9.11,8.19,7.63,5.36,1.86,0.44,-3.81
46071,16.05,25.38,36.79,47.11,56.12,66.24,75.23
46073,48.93,34.89,18.85,1.83,-17.64,-34.72,-53.96
46075,79.53,56.72,31.05,4.66,-23.65,-50.33,-78.5
46077,25.25,29.54,34.71,37.94,40.52,45.23,48.14
46079,21.46,19.65,17.36,12.68,8.28,5.73,1.49
46081,45.78,45.43,45.56,45.66,42.93,41.46,38.85
46083,0.38,0.73,0.92,-1.24,-3.21,-3.64,-5.3
46085,12.61,12.74,13.69,12.81,10.61,10.34,8.15
46087,18.94,23.97,29.36,33.09,36.68,42.08,45.63
46089,65.87,67.82,70.03,71.24,70.14,70.74,69.41
46091,9.11,6.79,4.24,0.22,-6.15,-10.41,-16.46
46093,34.16,35.44,36.84,38.17,37.37,37.59,37.03
46095,55.71,50.6,46.7,42.05,35.5,30.55,24.41
46097,19.8,25.62,32.22,36.79,40.82,46.85,50.73
46099,9.11,9.41,9.67,7.66,5.82,5.64,4.19
46101,20.89,16.93,12.21,5.16,-1.62,-6.83,-13.02
46102,0.0,0.57,0.81,0.27,-1.78,-2.21,-4.23
46103,34.89,36.33,37.87,38.74,38.04,38.01,37.46
46105,48.93,56.33,65.12,72.49,78.18,85.6,91.9
46107,60.94,60.68,60.25,58.37,54.55,53.16,49.49
46109,25.25,22.68,19.55,14.53,8.4,3.16,-2.91
46111,38.78,37.4,35.94,32.95,28.2,25.97,21.63
46115,64.37,53.68,41.85,28.62,13.42,1.12,-13.85
46117,3.57,2.1,1.22,-1.45,-5.52,-7.3,-12.12
46119,15.09,13.96,12.84,10.28,6.47,4.51,0.28
46121,72.62,58.05,41.93,24.47,5.91,-11.23,-29.73
46123,19.8,16.87,14.74,11.13,6.4,2.66,-2.44
46125,24.45,26.78,29.15,29.31,29.71,31.81,32.32
46127,7.45,9.67,12.11,13.54,15.06,18.04,19.68
46129,41.45,45.0,49.4,52.65,53.13,55.7,56.55
46135,31.65,29.6,27.23,23.24,19.32,17.02,13.44
46137,8.25,8.0,8.15,7.86,5.45,4.57,2.13
47001,77.17,76.75,76.37,73.59,72.15,73.06,71.32
47003,48.93,51.33,54.53,55.21,57.47,62.47,64.74
47005,94.49,95.85,97.13,95.36,94.58,96.11,95.45
47007,97.55,97.88,98.25,95.84,95.22,96.62,95.29
47009,54.76,52.53,49.63,44.4,40.21,38.81,34.1
47011,76.5,72.65,68.77,62.44,57.86,55.04,49.59
47013,90.51,92.06,93.92,93.48,94.68,98.11,98.59
47015,91.56,87.5,82.83,75.69,69.88,66.94,61.03
47017,83.79,84.91,85.87,83.97,83.25,84.56,83.79
47019,93.92,91.98,89.56,84.51,81.39,79.52,76.04
47021,52.66,49.08,44.68,37.0,31.29,27.99,21.96
47023,26.52,30.06,34.46,36.68,40.52,46.32,49.26
47025,92.36,90.49,88.28,83.89,81.08,79.88,76.45
47027,91.44,91.96,93.1,91.4,91.69,93.97,93.88
47029,92.04,92.56,93.11,91.33,90.58,92.44,92.23
47031,86.44,81.6,75.71,67.7,61.36,57.31,50.68
47033,80.64,81.87,83.34,82.37,83.1,85.66,86.02
47035,92.96,93.25,93.81,91.77,91.61,93.83,92.98
47037,16.71,17.44,18.33,16.03,15.34,17.26,16.39
47039,89.62,90.02,90.39,88.27,87.51,89.13,88.13
47041,72.62,73.75,75.18,73.74,73.89,76.73,76.59
47043,60.17,59.4,58.39,54.17,51.55,52.06,49.75
47045,69.79,71.98,74.49,74.27,75.09,77.66,79.29
47047,60.17,55.64,50.65,43.64,38.16,33.96,27.72
47049,96.75,95.56,94.33,90.64,88.67,89.19,87.08
47051,77.17,78.06,79.31,78.59,79.47,83.0,83.55
47053,63.67,65.07,66.52,65.48,66.24,68.41,68.68
47055,65.87,68.16,70.84,70.53,72.47,76.93,78.52
47057,88.98,89.65,90.63,88.76,88.04,89.34,88.46
47059,91.82,91.92,92.18,89.98,89.01,90.12,89.03
47061,98.5,98.26,98.16,95.93,95.52,97.34,96.71
47063,78.16,77.3,76.23,72.43,69.91,69.43,66.88
47065,41.45,38.92,36.31,31.31,28.37,27.2,23.29
47067,97.39,97.75,98.19,96.24,95.57,96.57,95.54
47069,75.96,74.69,73.44,70.14,68.62,68.79,66.26
47071,88.16,83.61,78.19,71.04,65.13,61.43,55.22
47073,91.44,91.61,91.78,89.49,88.86,89.36,88.37
47075,78.16,74.08,69.33,61.93,56.44,52.43,46.45
47077,62.56,64.69,67.06,66.87,68.51,71.89,72.57
47079,87.81,88.99,90.1,88.51,87.8,89.16,88.86
47081,90.19,89.88,89.5,86.3,85.03,86.63,84.98
47083,93.22,94.69,96.08,94.22,93.7,95.94,95.67
47085,73.96,79.7,86.35,90.13,95.25,103.02,108.18
47087,94.49,92.48,90.36,85.39,82.44,81.76,78.26
47089,83.79,82.79,81.71,77.9,75.53,75.12,72.74
47091,97.39,96.03,94.36,90.19,88.13,87.02,84.24
47093,27.19,26.77,26.38,23.58,21.94,22.86,20.88
47095,97.99,98.11,98.08,94.57,92.78,92.28,90.9
47097,93.7,93.21,92.7,89.27,87.69,87.73,86.37
47099,66.92,67.8,68.71,66.49,66.64,69.49,69.19
47101,81.95,81.45,80.93,77.38,75.81,77.07,75.24
47103,82.74,84.14,85.63,84.92,86.2,90.14,90.94
47105,63.67,61.42,59.13,54.44,50.76,49.31,45.05
47107,80.64,75.62,70.23,62.34,55.94,51.47,44.42
47109,85.8,84.46,83.01,79.41,77.55,77.96,75.47
47111,79.08,77.23,74.93,69.67,66.09,64.85,60.81
47113,54.76,53.56,52.08,48.03,45.53,44.91,42.0
47115,93.92,92.26,90.62,87.02,85.06,85.11,82.47
47117,62.56,58.27,53.13,45.13,39.07,35.25,28.79
47119,44.73,43.8,42.8,39.01,37.2,38.28,36.13
47121,98.89,96.41,94.15,88.79,85.11,83.61,79.33
47123,81.95,76.91,71.19,62.89,55.73,51.05,43.71
47125,29.96,31.22,32.8,31.01,30.82,33.01,32.93
47127,69.02,68.96,68.94,66.66,66.18,68.38,67.67
47129,94.08,93.41,92.77,89.5,87.82,88.51,86.62
47131,75.96,77.42,78.92,76.84,76.33,77.19,77.34
47133,65.87,58.9,50.62,39.78,31.17,24.53,15.05
47135,81.31,81.73,82.19,79.89,79.1,81.09,80.0
47137,81.95,82.67,84.04,83.37,84.57,87.84,88.64
47139,88.98,82.65,75.65,66.18,58.23,52.12,43.29
47141,41.45,37.96,34.13,27.33,22.72,20.34,15.15
47143,96.34,94.05,91.66,86.34,82.52,81.03,76.83
47145,92.36,89.94,87.35,81.97,78.12,76.58,72.3
47147,31.65,34.99,39.2,40.34,43.34,48.48,50.95
47149,5.16,5.86,6.74,4.76,4.22,6.6,5.93
47151,90.51,92.7,95.45,95.7,98.02,102.4,103.79
47153,85.8,88.67,92.31,93.8,97.05,102.36,104.99
47155,70.49,69.2,67.56,63.17,60.1,59.5,56.62
47157,26.52,25.02,23.28,18.86,15.92,14.78,11.82
47159,69.02,71.11,73.83,73.54,74.82,78.46,79.38
47161,85.8,87.26,88.66,87.08,86.91,88.91,89.17
47163,82.74,83.61,84.55,82.95,82.96,84.39,84.12
47165,23.02,24.69,26.51,25.48,26.04,29.19,29.34
47167,46.74,48.21,50.17,48.94,49.15,51.07,51.73
47169,69.79,68.28,66.38,61.33,58.17,57.24,53.63
47171,96.05,96.08,96.05,94.09,93.77,94.93,94.2
47173,69.02,70.28,71.79,70.7,70.95,73.66,73.64
47175,92.04,92.27,92.43,90.12,89.39,91.3,90.18
47177,77.17,76.81,76.53,74.02,72.91,74.51,73.26
47179,64.37,65.97,67.99,67.32,68.54,71.27,72.18
47181,88.67,86.59,84.34,79.41,76.58,76.01,72.4
47183,62.56,63.4,64.03,61.74,60.61,60.92,60.29
47185,80.01,81.23,82.91,81.76,82.38,85.82,86.08
47187,1.34,0.94,0.59,-2.84,-4.6,-3.39,-5.25
47189,23.02,24.95,27.2,26.18,26.62,30.06,30.8
48001,29.96,26.27,22.32,16.13,12.77,9.17,5.08
48003,22.32,16.71,10.84,3.8,-1.5,-5.32,-10.6
48005,80.64,81.92,83.26,82.84,85.09,87.23,89.18
48007,92.96,92.64,92.68,90.17,90.5,92.32,90.91
48009,50.08,47.45,44.68,40.02,35.68,33.13,29.84
48011,52.66,52.55,52.34,51.33,51.09,51.47,51.11
48013,33.4,25.17,16.1,5.36,-3.6,-11.26,-21.01
48015,26.52,29.68,33.2,33.95,37.56,41.42,43.88
48017,22.32,31.29,40.96,49.86,59.44,69.48,78.45
48019,74.59,75.91,77.3,76.07,76.55,78.28,78.9
48021,30.82,33.9,37.8,39.59,43.71,48.05,51.04
48023,84.24,77.91,70.49,61.55,53.06,46.21,38.4
48025,73.96,65.96,57.36,47.11,39.21,32.35,23.01
48027,32.51,35.61,38.59,39.37,42.32,45.11,47.25
48029,32.51,32.11,32.03,29.61,28.79,29.06,27.7
48031,64.37,62.48,60.46,55.7,52.54,50.6,47.33
48033,27.19,40.54,56.2,70.72,86.82,104.37,120.01
48035,70.49,69.63,68.47,64.49,63.28,61.88,59.54
48037,51.74,48.24,44.4,38.12,33.38,29.47,24.77
48039,8.63,7.25,5.74,1.17,-0.27,-1.37,-4.35
48041,3.76,2.37,1.25,-1.92,-2.17,-2.18,-3.62
48043,82.43,85.41,89.31,91.73,95.49,101.15,104.99
48045,23.02,16.69,9.01,0.66,-7.03,-13.51,-21.49
48047,97.07,85.48,70.27,54.1,39.59,27.1,10.51
48049,31.65,34.33,37.11,37.9,40.28,43.88,46.01
48051,75.33,70.59,65.29,58.17,53.73,49.21,43.42
48053,79.08,79.57,80.03,78.37,78.22,79.14,78.6
48055,50.08,45.11,39.42,30.9,24.87,19.4,12.65
48057,79.08,74.26,68.72,60.06,54.26,50.11,43.18
48059,79.08,77.28,74.65,70.14,66.7,65.14,62.14
48061,32.51,30.03,27.13,23.78,21.84,21.27,17.48
48063,73.48,67.84,61.72,53.34,47.29,41.55,35.65
48065,15.09,16.12,16.84,16.52,17.28,18.57,19.34
48067,77.84,70.57,62.41,52.36,43.98,36.23,28.24
48069,8.63,8.81,8.58,7.51,6.77,6.85,5.31
48071,37.89,32.85,27.36,19.34,14.67,10.61,4.49
48073,39.83,38.5,37.07,33.53,33.12,32.28,30.99
48075,24.45,44.68,67.87,89.69,111.96,135.79,158.14
48077,85.8,82.4,78.34,72.34,66.58,63.49,59.6
48079,66.92,64.86,62.17,58.31,55.32,53.2,49.95
48081,71.76,71.91,72.37,70.59,70.62,72.03,71.95
48083,24.45,25.32,26.3,25.47,26.15,28.03,28.6
48085,0.45,0.39,0.3,-1.85,-1.95,-1.45,-2.04
48087,52.66,56.05,59.41,61.36,63.74,67.55,70.48
48089,38.78,40.95,43.1,42.66,45.16,47.93,49.42
48091,34.16,33.35,32.6,29.27,27.97,27.53,25.4
48093,71.76,74.21,76.8,76.99,79.13,82.07,84.17
48095,62.56,37.66,8.91,-22.1,-51.16,-79.3,-108.37
48097,45.78,45.36,44.34,40.47,38.0,37.3,35.52
48099,29.96,39.83,50.64,59.46,70.33,81.14,91.16
48101,88.67,87.4,85.26,82.05,79.34,78.12,75.33
48103,3.57,1.89,0.65,-2.05,-3.16,-2.53,-3.06
48105,19.8,17.45,14.95,9.83,7.48,5.52,3.1
48107,69.79,68.17,66.35,63.28,60.92,59.94,57.45
48109,96.75,96.38,96.17,95.22,96.29,99.11,100.63
48111,24.45,29.06,34.14,38.95,43.95,49.39,54.85
48113,5.76,5.51,5.26,2.97,2.69,2.69,1.65
48115,39.83,47.49,56.41,64.32,73.73,84.28,93.5
48117,10.98,9.32,7.21,4.38,1.72,0.0,-2.72
48119,53.68,60.2,67.89,73.14,80.62,88.68,96.01
48121,1.88,1.92,1.84,-0.6,-1.33,-0.88,-1.65
48123,62.56,63.2,64.37,62.39,63.66,65.61,66.05
48125,87.33,90.77,94.75,97.37,100.72,105.7,108.51
48127,78.16,85.46,93.86,99.95,108.88,118.87,127.11
48129,70.49,71.22,71.62,70.88,71.13,72.02,72.3
48131,98.15,97.58,97.54,95.37,95.44,97.05,95.29
48133,90.89,89.4,87.31,83.25,80.15,78.6,75.63
48135,36.01,30.73,25.56,19.42,14.91,12.04,7.87
48137,85.32,88.17,91.23,91.25,93.77,96.66,99.32
48139,25.25,22.5,19.29,14.15,10.92,8.14,4.64
48141,28.18,31.47,34.92,38.1,43.2,49.63,54.72
48143,15.09,12.26,8.98,3.15,-0.97,-3.96,-7.88
48145,79.53,81.38,83.5,83.53,86.21,88.44,89.87
48147,68.26,65.34,61.6,55.28,50.57,47.42,43.24
48149,27.19,30.82,35.04,37.12,42.05,47.03,50.69
48151,61.64,59.61,57.17,53.12,49.66,47.6,43.97
48153,37.89,36.65,35.22,33.11,31.51,30.73,28.53
48155,99.17,97.58,95.77,92.5,89.75,89.36,87.15
48157,1.46,1.51,1.55,-0.91,-0.26,0.4,-0.71
48159,90.89,90.22,89.69,86.56,85.7,85.16,84.58
48161,67.62,67.5,67.41,65.29,66.01,66.02,65.18
48163,71.12,70.2,69.45,67.45,67.35,68.41,67.6
48165,25.25,22.33,19.52,15.48,12.78,11.1,8.39
48167,25.25,26.39,28.21,27.26,29.59,32.37,33.13
48169,47.85,40.86,32.19,22.39,13.31,5.76,-3.62
48171,68.26,58.91,48.01,34.08,22.3,11.31,-0.57
48173,0.03,-0.7,-0.86,-3.36,-3.52,-2.34,-2.56
48175,86.44,84.75,83.27,79.82,78.66,78.69,76.61
48177,84.75,82.32,79.89,74.5,71.98,69.65,66.13
48179,50.08,51.71,53.12,53.4,54.92,56.74,58.61
48181,56.73,58.27,59.73,58.93,59.16,61.49,62.54
48183,43.11,43.01,43.26,41.18,41.86,42.54,43.07
48185,40.75,36.79,32.35,25.88,22.13,18.75,13.95
48187,25.25,23.17,21.08,16.21,13.24,11.22,7.78
48189,15.09,13.85,12.26,9.89,8.0,6.76,4.58
48191,68.26,76.59,85.62,93.23,101.69,111.47,119.83
48193,86.82,91.24,95.93,98.03,102.17,106.68,110.4
48195,15.09,17.69,20.25,22.66,25.01,28.46,30.97
48197,93.7,93.67,93.26,91.44,90.13,91.14,90.12
48199,57.62,51.57,44.97,36.78,30.98,26.27,20.11
48201,4.81,4.62,4.31,1.42,2.18,2.83,1.83
48203,34.89,29.41,23.05,14.53,7.91,2.12,-4.4
48205,16.05,17.95,19.71,21.05,22.96,25.1,27.36
48207,95.7,97.95,99.87,100.53,101.55,104.55,105.91
48209,5.48,4.94,4.5,1.27,0.06,-0.27,-1.76
48211,8.63,5.55,2.31,-1.43,-4.48,-6.77,-9.29
48213,71.76,69.14,66.35,61.16,58.38,55.73,52.69
48215,34.16,32.23,30.22,27.42,25.72,25.88,22.21
48217,74.59,73.39,72.14,68.11,66.84,65.49,63.12
48219,37.03,37.72,38.62,38.43,39.06,40.64,41.01
48221,55.71,48.38,39.98,28.96,19.82,11.64,2.45
48223,65.27,66.86,68.46,67.67,69.2,71.0,72.8
48225,82.43,76.9,70.89,62.69,57.43,51.7,45.65
48227,71.76,65.41,58.15,49.62,42.98,37.65,30.64
48229,97.61,97.89,98.19,98.12,100.05,103.35,104.92
48231,65.87,64.79,63.33,59.78,58.11,57.2,55.85
48233,50.08,58.5,68.01,76.99,86.65,97.12,107.16
48235,15.09,11.91,8.79,3.58,-0.11,-2.41,-5.37
48237,85.32,84.57,83.71,80.6,78.79,79.05,78.15
48239,54.76,60.17,66.72,70.03,76.64,83.86,89.49
48241,91.44,90.66,89.78,87.01,86.97,87.88,87.25
48243,98.98,90.75,81.67,71.15,62.07,55.06,46.21
48245,44.73,39.2,33.36,26.23,21.14,16.94,10.83
48247,90.51,91.92,93.87,94.47,97.39,101.5,102.16
48249,75.96,68.97,61.2,51.92,44.14,37.87,28.86
48251,14.45,14.15,14.27,11.54,11.38,11.69,10.98
48253,80.01,83.1,86.35,87.46,89.63,93.47,95.62
48255,89.62,82.65,75.43,66.6,59.94,54.5,46.83
48257,22.32,22.12,21.97,19.59,19.23,19.22,18.78
48259,28.18,36.72,47.05,54.54,63.89,74.46,83.77
48261,0.89,37.25,79.28,120.09,162.55,206.77,247.23
48263,88.98,93.06,97.49,100.54,104.07,109.39,112.55
48265,78.16,78.65,79.21,77.21,76.96,77.97,78.29
48267,71.76,76.15,81.19,84.03,88.83,94.4,99.63
48269,4.39,2.99,0.98,-2.58,-5.47,-6.95,-10.0
48271,59.22,44.32,27.09,6.76,-10.51,-27.32,-44.84
48273,46.74,47.94,48.89,48.04,48.85,51.43,50.98
48275,79.08,80.02,81.03,80.4,80.37,82.0,82.06
48277,71.12,71.86,72.84,71.38,71.88,73.41,73.95
48279,30.82,35.14,39.79,43.28,47.17,52.17,56.03
48281,52.66,59.91,67.59,72.78,80.03,87.59,94.57
48283,85.8,87.44,89.09,89.07,91.45,95.6,97.29
48285,78.16,75.32,71.86,65.56,61.87,58.87,54.26
48287,58.42,56.22,53.6,49.08,47.36,45.46,42.49
48289,47.85,43.8,39.48,33.16,29.8,25.55,20.26
48291,73.96,71.9,69.87,65.42,64.0,63.01,60.93
48293,60.94,64.55,68.85,70.58,75.19,79.33,82.59
48295,19.8,19.92,20.39,20.78,21.12,22.29,23.52
48297,73.48,68.8,64.11,58.13,53.67,51.05,45.54
48299,96.05,95.85,95.71,93.23,92.44,92.78,91.71
48301,73.48,83.16,95.32,106.11,118.54,132.49,145.4
48303,37.89,39.42,41.37,42.23,43.4,46.44,48.29
48305,74.59,75.59,76.61,76.53,77.34,79.58,80.23
48307,60.94,64.59,69.61,72.2,77.02,82.49,86.82
48309,26.52,26.24,25.63,22.52,22.34,21.89,19.97
48311,96.75,96.05,95.79,94.23,94.36,96.15,94.89
48313,59.22,55.95,52.68,47.64,44.95,42.09,38.64
48315,94.08,92.91,92.33,89.67,88.61,88.27,87.58
48317,27.19,21.79,15.87,8.52,3.17,-1.2,-6.65
48319,60.94,57.45,53.65,47.06,42.86,39.19,34.58
48321,48.93,45.11,40.83,32.74,27.87,24.63,18.6
48323,66.92,63.75,60.37,54.1,50.82,48.09,44.69
48325,60.17,54.68,48.43,40.22,33.15,27.5,20.47
48327,94.49,94.34,95.06,93.06,93.43,94.48,95.01
48329,18.31,13.18,7.9,1.14,-3.78,-7.26,-12.09
48331,89.62,88.92,88.27,85.61,85.51,84.92,83.29
48333,51.19,62.4,74.97,85.29,97.38,110.15,121.94
48335,65.87,62.21,58.21,52.53,48.36,46.5,42.02
48337,73.48,75.43,77.51,77.44,77.82,80.45,82.54
48339,11.97,11.05,10.06,6.85,7.13,7.06,5.63
48341,28.18,29.19,29.92,30.28,31.06,32.15,32.66
48343,94.97,89.74,84.44,76.56,71.21,66.2,61.07
48345,75.33,79.16,83.36,86.84,90.7,96.14,100.04
48347,38.78,42.66,46.86,48.68,53.9,58.45,63.31
48349,70.49,72.77,75.59,75.66,78.47,81.05,82.51
48351,88.16,91.67,96.11,99.19,104.73,111.56,116.63
48353,80.01,75.94,71.3,64.79,59.63,56.38,51.05
48355,46.74,42.16,36.72,29.39,24.24,20.33,13.55
48357,6.91,8.66,10.77,12.77,14.73,17.54,20.1
48359,54.76,52.6,49.83,47.12,45.0,43.42,41.62
48361,71.12,66.22,61.23,55.05,50.88,47.57,42.4
48363,66.92,69.05,71.72,71.82,73.89,77.05,79.63
48365,59.22,62.16,65.51,66.54,69.96,73.39,76.21
48367,27.19,25.54,23.78,19.52,17.21,15.81,13.82
48369,18.94,25.96,33.46,40.26,47.52,55.59,62.8
48371,20.89,19.91,19.42,16.8,17.2,18.35,18.68
48373,97.1,96.22,95.17,92.43,91.67,91.74,91.1
48375,18.31,18.65,18.86,19.1,19.41,20.62,21.22
48377,92.96,91.59,90.11,87.24,86.54,87.39,86.93
48379,75.33,78.49,82.14,83.59,87.12,91.18,95.26
48381,11.46,12.82,14.39,15.81,17.47,19.98,21.76
48383,9.71,7.58,5.5,0.75,-1.7,-3.1,-5.45
48385,76.5,85.1,95.1,102.59,112.54,122.95,133.02
48387,92.96,90.38,87.76,82.75,79.85,77.4,74.51
48389,43.11,34.62,25.12,14.14,5.18,-2.23,-10.64
48391,91.82,90.86,90.33,87.23,87.03,88.18,86.46
48393,50.08,51.73,53.76,54.52,56.19,58.64,61.49
48395,59.22,53.22,46.55,37.55,31.41,24.74,17.12
48397,1.69,1.86,2.22,0.26,0.05,0.59,0.41
48399,15.09,22.61,31.91,39.18,48.8,59.0,67.73
48401,53.68,54.29,54.92,53.27,54.39,55.36,56.34
48403,92.68,92.51,92.5,91.08,92.26,93.92,94.65
48405,98.31,98.56,98.68,96.75,97.7,99.21,99.8
48407,75.96,77.93,80.44,80.84,83.73,87.23,89.66
48409,55.71,49.96,43.78,35.24,29.34,24.59,16.96
48411,73.48,68.86,62.87,54.12,47.42,41.3,34.27
48413,24.45,16.87,8.69,-1.81,-10.73,-18.67,-27.03
48415,44.03,40.51,36.35,31.1,26.8,24.26,19.58
48417,39.83,53.74,69.59,83.85,98.99,116.24,132.02
48419,57.62,63.24,69.85,74.12,81.33,88.64,95.31
48421,57.62,60.1,62.61,64.7,67.13,70.04,72.57
48423,33.4,31.51,29.49,24.8,22.7,20.66,18.49
48425,19.8,17.62,15.45,10.36,7.61,5.4,2.37
48427,82.74,77.57,71.84,65.28,59.95,56.37,49.26
48429,52.66,56.77,61.06,63.58,66.67,72.02,76.22
48431,18.31,15.16,11.9,6.31,3.1,1.02,-2.55
48433,74.59,82.44,91.49,98.67,106.62,116.17,123.74
48435,5.76,3.96,2.34,-1.69,-3.55,-4.82,-6.38
48437,61.64,65.95,71.24,76.07,81.27,87.48,91.75
48439,8.25,8.17,8.16,5.54,5.0,5.72,5.3
48441,61.64,60.53,58.84,55.39,53.2,52.69,50.3
48443,84.75,77.21,69.07,58.8,51.21,43.79,36.02
48445,64.37,59.72,54.27,47.39,41.19,36.36,30.65
48447,74.59,80.51,87.26,92.38,98.12,105.85,112.12
48449,58.42,52.1,45.23,35.88,28.64,21.88,14.8
48451,40.75,38.3,36.24,32.32,29.61,28.3,25.6
48453,3.76,3.42,3.07,0.26,-0.44,-0.61,-2.04
48455,97.33,97.59,98.14,97.26,98.91,100.73,101.54
48457,94.49,94.46,94.52,93.09,94.07,95.56,96.23
48459,79.53,76.44,73.28,67.1,63.87,60.72,57.62
48461,22.32,22.47,22.98,21.07,21.68,23.88,24.82
48463,41.45,36.55,31.04,23.24,18.02,13.71,8.52
48465,15.09,20.31,26.94,30.17,37.08,43.98,50.64
48467,74.59,72.7,70.46,66.08,63.48,61.48,59.35
48469,51.19,49.23,47.12,41.82,38.91,37.4,34.35
48471,8.63,6.72,4.78,0.92,-0.1,-1.13,-2.98
48473,28.18,32.21,36.9,38.86,43.83,49.21,53.35
48475,60.17,47.55,33.79,18.84,5.33,-6.42,-18.95
48477,43.11,43.56,44.06,42.22,43.19,44.29,43.62
48479,26.52,23.17,19.42,12.92,9.59,7.93,2.91
48481,47.85,46.9,45.7,41.41,40.75,40.21,37.56
48483,53.68,51.73,49.57,46.16,43.19,41.09,39.04
48485,41.45,44.2,47.84,49.79,51.97,56.55,60.21
48487,83.79,82.43,81.18,77.86,75.33,74.66,72.76
48489,69.79,71.83,73.44,74.29,76.66,80.58,80.98
48491,5.16,5.11,4.7,2.03,1.7,1.65,0.55
48493,31.65,25.89,19.95,11.81,5.68,0.55,-6.82
48495,51.74,40.56,28.3,15.1,3.07,-6.7,-18.04
48497,52.66,56.74,61.46,63.66,67.54,73.04,77.53
48499,90.19,90.28,90.69,88.51,88.42,88.75,89.18
48501,25.25,19.45,13.0,5.32,-1.15,-6.72,-13.16
48503,65.87,59.95,52.92,43.51,35.19,28.94,21.48
48505,53.68,54.84,56.45,56.8,59.5,63.61,64.21
48507,93.47,94.82,96.25,95.44,97.24,100.07,101.66
49001,14.45,14.47,13.79,14.23,14.57,15.04,14.2
49003,21.46,23.98,26.47,29.65,32.75,35.46,36.83
49005,1.97,2.7,3.58,4.94,5.8,6.43,5.63
49007,63.67,57.32,49.94,42.84,35.97,29.04,21.59
49009,65.27,46.29,25.19,5.16,-15.91,-37.56,-58.85
49011,3.57,4.1,4.76,5.69,6.06,6.86,6.51
49013,5.76,8.64,12.25,16.71,20.84,24.69,28.27
49015,45.78,48.64,51.96,55.89,59.75,63.27,66.33
49017,38.78,43.2,47.45,52.6,58.11,63.29,67.57
49019,16.05,17.16,18.38,20.08,21.6,22.55,23.35
49021,16.05,14.56,12.62,11.62,11.12,9.85,7.77
49023,10.98,10.88,10.69,11.52,11.84,12.76,12.09
49025,53.68,55.38,57.18,59.89,62.41,64.45,65.54
49027,12.61,15.74,19.01,23.36,27.4,31.94,34.54
49029,3.09,2.17,1.0,0.37,-0.88,-2.07,-4.35
49031,58.42,71.05,85.26,100.53,115.87,131.39,145.37
49033,45.78,40.09,33.51,28.06,22.02,15.51,7.82
49035,4.11,4.11,4.09,4.54,4.67,5.17,4.05
49037,57.62,55.68,53.37,51.68,49.64,47.52,44.75
49039,11.97,14.29,16.78,19.95,22.67,25.98,28.21
49041,19.8,21.84,23.45,26.35,29.08,31.87,33.16
49043,0.1,0.04,0.05,0.64,0.87,1.37,0.47
49045,11.46,11.15,10.74,10.5,10.61,10.91,9.63
49047,9.71,9.45,9.96,11.63,12.53,12.99,13.43
49049,1.15,1.11,1.05,1.9,2.4,3.32,2.52
49051,1.24,1.14,1.12,1.79,1.82,2.11,1.27
49053,23.72,25.05,26.47,29.11,31.5,33.51,34.9
49055,3.57,7.24,10.81,14.77,19.28,23.22,26.56
49057,12.61,13.04,13.46,13.96,14.4,14.62,13.85
50001,28.18,32.79,37.62,39.7,42.84,45.87,48.84
50003,60.94,62.27,63.89,63.44,64.47,64.8,66.1
50005,79.53,80.16,80.81,78.46,77.77,76.93,75.19
50007,9.11,11.12,13.23,12.45,12.62,13.02,13.3
50009,87.33,84.16,80.48,73.29,68.3,63.06,57.44
50011,28.84,25.85,22.13,15.89,10.88,5.78,0.59
50013,18.94,19.21,19.38,16.82,15.17,13.57,12.0
50015,16.71,16.89,17.02,14.61,13.85,12.76,11.4
50017,48.93,55.82,63.7,68.61,75.4,81.83,87.89
50019,53.68,54.82,56.39,55.15,55.1,55.2,55.1
50021,48.93,50.86,52.81,52.24,53.01,53.38,54.01
50023,15.09,15.87,16.31,14.43,14.04,13.58,12.53
50025,56.73,56.21,55.33,52.21,51.17,49.05,47.86
50027,58.42,57.82,56.86,53.18,51.36,48.94,46.38
51001,22.32,22.54,22.53,20.26,20.12,19.7,18.64
51003,6.91,5.68,3.97,0.13,-1.66,-4.34,-7.43
51005,78.16,79.32,80.52,79.58,81.36,81.33,79.86
51007,42.31,37.94,32.64,24.87,19.06,13.06,6.28
51009,42.31,40.85,39.75,36.45,36.53,34.79,31.4
51011,73.48,67.62,60.83,51.54,45.36,37.62,28.53
51013,0.1,0.06,0.13,-1.72,-2.23,-2.62,-3.09
51015,30.82,32.52,34.66,35.14,37.9,39.65,40.22
51017,54.76,59.98,66.26,71.42,78.51,84.34,88.54
51019,33.4,35.76,38.91,39.63,43.33,45.59,46.1
51021,87.33,78.68,68.53,55.86,45.78,34.8,22.52
51023,34.89,36.01,37.19,35.82,37.26,37.34,35.67
51025,69.79,72.87,76.53,77.41,81.07,83.94,86.0
51027,98.44,97.11,95.62,92.32,90.86,89.51,86.84
51029,71.12,68.37,65.33,59.57,56.49,52.37,47.02
51031,44.73,43.82,43.05,39.9,40.21,38.26,35.27
51033,44.03,37.96,30.95,22.19,14.49,6.63,-1.17
51035,81.95,79.71,76.84,71.01,67.98,64.57,59.84
51036,55.71,54.04,51.73,47.38,44.83,41.55,38.03
51037,88.67,88.41,88.33,85.43,85.83,84.96,82.75
51041,6.24,7.37,8.49,7.09,7.33,7.41,7.17
51043,12.61,12.69,12.38,10.42,10.06,9.75,9.24
51045,84.75,88.19,92.18,93.2,97.32,100.11,101.01
51047,13.34,12.93,12.31,9.98,9.27,8.42,7.11
51049,65.87,69.48,73.97,76.12,80.72,84.61,87.31
51051,98.73,98.41,97.81,95.64,95.12,95.36,94.25
51053,68.26,64.65,60.07,53.28,48.28,43.39,37.59
51057,44.73,31.19,15.93,-1.23,-16.91,-33.25,-49.58
51059,0.45,0.39,0.31,-1.4,-2.03,-2.68,-3.1
51061,13.34,11.66,9.64,5.22,2.64,0.12,-2.72
51063,37.03,37.22,37.46,34.8,35.23,34.81,32.81
51065,27.19,29.45,32.04,32.54,35.3,36.9,37.7
51067,51.74,50.06,47.9,43.17,41.51,38.56,33.85
51069,17.54,17.58,17.47,15.6,15.24,14.58,13.92
51071,87.81,84.78,81.28,75.02,71.65,67.25,61.13
51073,34.89,39.56,44.65,47.35,52.38,56.45,60.03
51075,8.63,13.8,19.75,23.28,28.35,32.96,37.17
51077,84.75,80.31,74.97,66.77,61.14,55.26,47.95
51079,25.25,30.44,36.29,40.41,46.61,52.25,57.33
51081,79.08,78.91,78.8,76.02,75.94,75.29,73.73
51083,69.02,69.73,70.54,68.77,70.07,70.51,69.27
51085,8.25,6.94,5.52,1.78,-0.58,-3.12,-5.88
51087,9.11,9.58,10.15,8.13,7.6,7.06,6.21
51089,78.16,78.0,78.15,75.97,76.53,76.25,73.92
51091,67.62,71.05,74.79,77.76,82.17,85.88,88.19
51093,23.72,20.29,16.42,10.54,6.56,2.46,-2.9
51095,7.9,11.41,15.45,17.15,20.8,23.84,26.47
51097,9.11,12.41,17.2,19.83,24.01,28.1,32.09
51099,16.71,15.34,14.14,11.66,10.16,8.01,6.25
51101,12.61,9.81,6.85,1.86,-1.57,-5.32,-9.11
51103,60.17,58.92,57.56,54.36,52.61,50.73,48.28
51105,98.85,98.39,97.76,95.41,94.22,94.62,92.93
51107,0.1,0.17,0.22,-1.69,-2.51,-3.29,-3.82
51109,41.45,46.37,51.96,55.54,60.25,64.52,68.45
51111,78.16,81.22,84.86,85.99,90.0,93.4,95.52
51113,19.8,22.71,25.74,27.3,30.6,33.52,35.94
51115,31.65,35.97,40.66,43.16,47.49,51.65,55.25
51117,79.53,81.32,83.56,83.03,86.05,87.79,88.1
51119,58.42,60.56,63.07,63.42,65.61,67.33,68.62
51121,5.16,5.47,5.84,3.17,3.44,2.76,0.3
51125,43.11,40.84,38.65,33.94,32.04,28.79,24.39
51127,5.16,6.88,9.08,9.07,10.83,11.8,12.73
51131,28.84,33.52,38.58,41.5,46.35,51.0,55.14
51133,53.68,49.51,45.12,39.09,34.8,29.78,24.69
51135,69.02,70.05,71.17,70.05,71.35,72.2,72.0
51137,36.01,36.38,36.7,35.35,35.34,35.17,34.81
51139,66.92,70.21,73.65,75.51,79.26,82.83,85.32
51141,87.33,83.64,79.36,72.52,68.84,64.56,58.53
51143,70.49,68.33,65.98,61.24,59.4,56.43,51.26
51145,3.76,5.39,7.09,6.42,7.38,8.07,8.15
51147,39.83,36.02,31.55,24.48,20.18,15.06,8.61
51149,37.89,38.21,38.19,36.25,36.15,35.77,34.81
51153,0.83,0.69,0.54,-1.31,-2.47,-3.16,-3.57
51155,70.49,68.8,66.94,62.34,60.74,58.23,54.02
51157,24.45,23.28,21.49,18.05,16.23,14.39,12.03
51159,74.59,59.45,42.1,23.13,5.66,-12.45,-30.61
51161,15.09,15.92,16.83,15.19,16.44,16.49,14.56
51163,68.26,61.6,54.7,45.97,39.62,32.29,23.23
51165,25.25,26.7,28.15,28.02,29.97,31.34,31.59
51167,97.84,96.18,94.12,90.22,88.2,86.65,83.86
51169,94.08,94.22,94.15,92.03,91.48,92.3,91.66
51171,31.65,36.74,42.37,46.47,51.83,57.44,62.15
51173,86.82,86.38,86.36,84.04,83.54,83.51,81.56
51175,57.62,56.41,55.64,52.77,52.16,51.03,48.73
51177,12.61,12.75,13.08,12.06,12.27,12.39,12.22
51179,1.46,1.6,2.1,0.99,1.17,1.15,1.2
51181,53.68,49.31,43.96,36.36,30.48,24.42,17.6
51183,80.64,79.8,78.89,75.76,74.8,73.69,71.71
51185,97.84,96.46,95.17,91.92,90.71,89.71,86.61
51187,23.72,28.41,33.74,37.17,42.05,46.85,51.5
51191,71.76,71.36,71.01,68.11,67.29,67.31,65.84
51193,61.64,60.48,60.12,58.41,57.81,56.91,56.19
51195,95.7,98.16,100.87,102.18,105.09,109.03,111.4
51197,71.76,72.03,72.92,70.69,71.38,71.86,70.25
51199,6.24,8.33,10.49,10.28,12.35,13.85,14.82
51510,0.32,0.39,0.54,-1.07,-1.42,-1.89,-2.3
51520,88.67,88.67,88.55,86.03,85.23,85.8,84.65
51530,64.37,51.96,37.22,20.57,6.46,-8.68,-25.44
51540,4.52,4.19,3.52,0.88,0.06,-1.55,-3.51
51550,7.45,7.27,7.0,4.71,4.68,4.06,2.51
51570,45.78,51.66,58.58,63.46,70.02,76.75,82.87
51580,85.8,86.61,87.32,85.78,86.89,86.43,84.22
51590,83.22,82.84,82.5,80.08,79.97,79.23,76.37
51595,88.67,89.76,91.14,89.78,91.19,92.02,91.86
51600,1.69,1.48,1.23,-0.77,-1.74,-2.58,-3.26
51610,0.67,0.51,0.33,-1.7,-2.36,-2.95,-3.56
51620,37.89,28.48,17.49,4.35,-6.62,-18.11,-30.67
51630,8.25,6.92,5.54,2.58,0.79,-0.96,-2.86
51640,79.53,85.09,92.09,96.03,102.5,108.68,113.35
51650,17.54,22.03,27.38,30.75,36.17,40.96,45.18
51660,0.67,1.17,1.37,0.14,1.0,1.26,0.38
51670,59.22,66.83,75.94,82.93,91.81,100.43,108.62
51678,10.32,12.38,15.13,16.06,19.43,21.75,22.43
51680,23.72,23.15,22.94,20.29,21.12,19.87,17.22
51683,2.9,2.16,1.38,-1.32,-3.16,-4.62,-6.07
51685,1.88,1.53,1.18,-1.11,-2.49,-3.44,-4.53
51690,88.16,85.77,83.27,78.45,76.36,73.47,68.58
51700,21.46,24.17,27.25,28.18,31.1,33.71,35.5
51710,25.25,23.81,22.01,17.9,15.75,13.34,10.03
51720,44.73,53.66,63.57,72.04,82.12,93.17,102.76
51730,86.82,86.99,86.82,84.49,84.12,83.87,82.94
51735,12.61,12.89,12.71,10.51,10.33,9.69,8.42
51740,41.45,37.83,33.48,27.2,22.93,18.17,12.47
51750,22.32,23.33,24.78,23.29,24.73,25.52,24.47
51760,52.66,52.44,51.94,49.12,47.64,46.25,44.7
51770,63.67,64.85,66.16,65.0,66.7,67.28,65.8
51775,31.65,31.18,30.54,27.07,26.58,24.77,20.93
51790,60.94,59.87,58.67,55.9,55.15,53.48,50.5
51800,14.45,14.15,14.18,12.06,12.12,11.6,10.22
51810,7.9,8.27,8.61,6.92,7.1,7.05,5.71
51820,50.08,47.84,45.25,40.6,38.31,34.96,30.6
51830,1.15,2.82,4.55,3.88,5.32,5.95,6.38
51840,29.96,32.38,35.03,35.92,38.2,40.29,42.28
53001,6.91,6.89,6.51,5.49,4.75,2.58,3.33
53003,77.84,77.8,77.69,75.86,74.77,73.07,72.55
53005,20.89,23.94,27.25,29.0,30.69,31.88,34.83
53007,17.54,18.21,18.6,18.27,18.49,16.85,17.89
53009,86.44,85.35,84.22,81.58,79.08,75.34,72.86
53011,25.25,24.62,23.89,21.93,19.94,18.14,16.61
53013,83.22,83.68,84.07,82.78,82.59,81.76,82.2
53015,83.22,83.54,83.7,82.79,82.08,81.14,80.63
53017,59.22,62.37,65.88,68.67,71.85,73.29,77.17
53019,94.49,95.72,97.08,96.93,97.15,96.64,97.24
53021,2.74,5.0,7.11,7.91,8.93,9.26,11.47
53023,93.47,88.7,83.01,75.6,69.32,62.13,56.92
53025,16.71,19.16,21.76,23.72,25.94,26.9,30.31
53027,81.31,79.65,77.74,74.44,71.32,67.77,64.93
53029,37.03,41.04,45.77,49.12,53.04,55.45,58.74
53031,71.12,67.93,64.04,58.56,53.1,46.74,41.34
53033,6.24,6.08,5.64,3.02,0.84,-2.35,-3.28
53035,48.93,50.43,52.25,51.67,51.46,50.42,51.0
53037,26.52,27.46,28.4,28.52,28.55,26.86,27.82
53039,82.43,80.07,77.57,73.12,69.26,64.93,61.79
53041,88.16,87.63,87.1,84.72,83.43,81.24,79.99
53043,80.01,81.37,82.83,83.11,83.81,83.38,84.89
53045,87.81,87.99,88.22,86.26,84.83,82.51,81.79
53047,65.27,66.11,66.85,65.9,65.58,64.5,64.93
53049,98.69,98.69,98.64,97.49,96.58,94.94,94.29
53051,92.04,91.36,90.38,87.95,86.36,83.38,81.79
53053,31.65,31.55,31.47,28.98,26.87,23.9,22.92
53055,23.02,24.41,25.89,26.24,26.72,25.54,25.16
53057,38.78,39.8,40.56,40.22,40.35,38.79,38.22
53059,59.22,52.99,45.78,37.12,28.77,20.27,12.33
53061,16.05,17.24,18.52,17.49,16.71,15.11,14.87
53063,42.31,44.04,45.98,46.51,47.98,48.56,50.33
53065,78.16,78.45,78.76,77.78,77.14,75.61,75.53
53067,23.72,24.81,26.22,25.2,24.83,23.78,23.94
53069,97.36,96.79,95.84,94.0,92.23,90.03,88.37
53071,39.83,45.28,51.32,56.08,61.27,66.04,72.3
53073,28.84,30.55,32.31,32.68,33.31,32.47,32.24
53075,5.16,8.17,11.76,14.22,17.58,19.49,23.33
53077,25.25,25.12,24.98,23.01,21.72,19.34,18.17
54001,84.24,85.0,85.97,86.7,88.72,90.31,90.98
54003,31.65,32.62,34.07,34.09,35.07,35.92,36.9
54005,99.27,99.19,99.21,97.54,97.81,98.46,96.73
54007,83.79,80.83,77.27,72.57,69.72,66.56,61.15
54009,52.66,53.74,55.05,55.45,56.45,58.73,59.5
54011,83.79,82.86,81.81,79.17,78.21,77.08,75.19
54013,91.12,92.94,95.14,96.08,98.23,100.51,100.71
54015,92.68,94.36,96.51,97.39,99.54,102.17,102.14
54017,37.03,54.95,76.2,96.77,118.94,140.88,161.39
54019,97.99,98.09,98.21,95.97,95.88,96.16,93.91
54021,78.16,78.25,78.16,77.09,77.45,77.91,76.17
54023,72.62,73.68,74.53,74.38,75.48,76.81,76.82
54025,77.84,79.72,81.83,81.55,83.73,84.86,83.92
54027,94.97,95.21,95.25,94.3,94.27,94.17,93.61
54029,78.16,77.17,75.89,73.6,72.19,71.39,69.46
54031,60.17,63.6,67.21,69.6,73.23,77.05,79.76
54033,80.64,80.51,79.7,78.3,78.44,78.29,76.79
54035,76.5,74.1,71.31,67.17,63.75,60.84,56.39
54037,21.46,23.3,25.36,25.83,27.81,29.54,31.48
54039,83.22,81.78,80.18,76.88,74.86,73.29,69.91
54041,81.31,81.77,82.16,81.89,82.99,84.18,83.71
54043,99.36,99.18,99.12,96.82,96.78,96.88,95.23
54045,99.46,99.41,99.36,97.7,97.99,98.86,97.23
54047,99.81,99.63,99.52,97.5,97.68,97.63,95.3
54049,45.78,47.85,49.97,51.51,54.68,57.71,59.11
54051,56.73,51.7,45.58,38.6,33.12,28.19,21.28
54053,92.68,90.7,88.44,84.39,81.49,79.47,75.88
54055,96.63,96.15,96.25,93.69,93.76,93.33,90.71
54057,81.31,85.72,90.73,94.75,99.83,105.39,109.89
54059,99.46,99.53,99.61,97.84,98.16,98.84,97.58
54061,13.72,13.31,12.68,11.41,11.58,11.62,9.89
54063,96.91,97.42,98.1,95.97,96.7,96.79,94.38
54065,78.16,69.5,58.98,47.39,36.52,25.92,15.15
54067,91.56,89.99,88.09,84.11,82.26,80.09,75.62
54069,53.68,52.46,50.96,48.56,47.65,47.45,45.36
54071,82.74,85.46,88.25,90.61,94.12,97.74,99.89
54073,83.22,81.41,78.97,75.93,73.68,72.0,69.07
54075,95.92,95.0,93.65,91.44,90.74,89.32,86.37
54077,84.75,83.5,81.78,79.38,78.92,78.05,75.53
54079,30.82,28.9,26.84,22.93,20.56,18.39,14.47
54081,90.51,90.59,90.64,88.66,88.78,89.1,86.7
54083,79.08,78.54,77.94,77.03,77.34,77.37,76.6
54085,77.17,77.62,77.65,77.14,77.77,78.4,77.84
54087,93.22,92.88,92.48,90.86,90.7,91.01,88.87
54089,98.98,98.87,98.68,95.81,95.43,94.95,91.59
54091,80.01,83.08,86.53,89.13,93.73,97.92,100.72
54093,81.95,83.0,84.22,84.78,86.63,88.15,88.58
54095,78.16,76.59,74.04,70.77,68.83,66.83,63.73
54097,64.37,58.63,51.54,44.28,38.23,31.8,24.2
54099,89.97,91.8,94.12,94.38,96.86,99.23,100.34
54101,92.36,92.54,92.99,92.07,92.88,93.38,91.71
54103,58.42,62.19,66.37,69.95,74.62,79.68,83.37
54105,91.56,91.47,91.25,90.33,90.09,90.55,88.95
54107,71.12,72.08,73.06,72.99,73.61,74.97,74.97
54109,99.94,99.9,99.97,97.96,98.14,98.27,95.93
55001,83.22,84.83,86.77,86.33,86.16,87.98,89.47
55003,55.71,53.14,50.16,44.97,38.16,33.36,29.07
55005,25.25,29.39,33.85,35.52,37.32,40.9,43.54
55007,50.08,51.89,54.12,54.12,52.67,53.03,53.76
55009,12.61,12.53,12.24,9.33,6.32,6.0,4.86
55011,16.05,15.09,13.77,9.19,5.42,3.0,0.09
55013,59.22,61.87,64.4,64.57,64.42,65.83,66.21
55015,3.76,3.64,3.46,0.76,-2.14,-2.29,-2.68
55017,28.18,28.06,27.43,23.81,20.52,19.13,17.4
55019,8.63,10.5,12.24,11.15,10.24,10.78,11.74
55021,13.34,12.62,11.99,8.6,5.65,4.61,3.54
55023,40.75,45.89,51.74,54.52,57.86,62.64,67.74
55025,4.39,3.81,3.26,0.13,-2.25,-3.51,-4.75
55027,13.72,13.96,14.36,11.88,10.02,10.24,10.64
55029,27.19,27.75,28.37,26.68,23.83,23.45,23.48
55031,34.89,38.5,42.43,43.89,44.35,45.88,48.25
55033,8.25,11.02,13.95,14.06,14.56,16.74,18.44
55035,11.97,16.0,20.67,22.25,24.56,28.26,31.56
55037,80.64,79.27,77.18,72.04,66.11,62.77,58.77
55039,15.09,15.05,15.03,11.98,9.34,8.91,8.45
55041,67.62,69.24,71.03,69.73,67.73,68.71,68.85
55043,13.72,14.46,15.15,14.16,13.08,12.88,13.47
55045,21.46,20.66,19.73,16.81,14.54,13.11,11.55
55047,25.25,24.19,23.22,19.31,15.78,14.5,13.03
55049,23.02,22.25,21.33,18.76,15.87,13.81,12.22
55051,68.26,65.25,62.17,56.15,49.24,43.83,39.16
55053,33.4,32.75,31.81,27.56,23.71,21.83,19.56
55055,8.25,9.25,10.35,9.13,8.63,9.4,10.38
55057,67.62,66.81,65.72,62.55,59.12,57.87,56.47
55059,21.46,20.83,19.91,17.0,15.05,14.24,13.0
55061,27.19,26.58,25.95,22.96,19.24,18.27,17.31
55063,9.11,11.12,13.63,11.95,11.1,11.84,11.93
55065,11.97,12.37,12.97,11.66,10.49,10.23,10.01
55067,61.64,66.01,70.68,72.4,73.48,77.21,80.69
55069,28.18,27.18,25.73,21.57,17.18,14.87,12.41
55071,23.02,21.6,20.04,15.61,11.0,8.97,6.99
55073,11.46,13.06,14.61,13.68,12.63,13.71,14.69
55075,52.66,54.99,57.4,56.97,56.04,57.92,58.91
55077,64.37,61.72,58.65,53.17,48.02,45.02,41.21
55078,28.84,34.19,40.09,43.28,45.59,51.28,55.76
55079,29.96,29.81,29.5,27.26,25.72,25.7,25.38
55081,26.52,27.13,27.66,25.32,23.05,22.8,22.02
55083,21.46,23.05,24.55,23.41,21.65,22.88,23.18
55085,45.78,44.53,43.09,38.86,33.66,30.7,27.75
55087,5.76,6.11,6.5,4.05,1.71,1.9,1.41
55089,3.76,3.75,3.62,1.59,-0.08,0.09,-0.24
55091,20.89,19.15,16.97,11.74,7.06,4.05,0.69
55093,2.55,3.46,4.44,2.13,0.59,0.09,-0.75
55095,23.72,24.29,24.62,21.85,19.21,18.33,16.81
55097,11.97,13.42,14.72,13.71,12.37,13.36,14.28
55099,43.11,46.6,50.49,51.45,52.5,54.99,58.04
55101,22.32,23.91,25.89,25.5,26.43,28.56,30.27
55103,31.65,31.21,30.58,27.44,24.49,22.93,21.91
55105,38.78,39.47,40.18,38.88,38.57,39.45,39.98
55107,45.78,52.9,60.73,66.06,70.84,77.69,84.52
55109,3.76,3.85,3.8,0.74,-1.72,-3.03,-4.8
55111,28.84,27.74,26.68,23.0,19.76,18.06,16.23
55113,44.73,46.47,48.26,47.38,46.03,46.54,46.81
55115,17.54,20.2,22.71,22.59,22.06,24.48,25.98
55117,10.32,10.24,10.34,8.04,6.14,6.09,5.96
55119,16.05,19.17,22.46,23.29,24.19,26.95,29.82
55121,13.34,13.14,12.93,9.12,6.0,4.39,2.05
55123,13.72,14.83,16.03,14.19,12.66,13.01,13.16
55125,70.49,66.94,63.05,56.57,48.91,43.07,37.58
55127,12.61,14.23,15.89,15.79,16.53,18.29,19.9
55129,56.73,54.88,52.38,47.22,41.76,37.84,33.33
55131,5.48,6.16,6.92,5.39,3.94,4.54,4.9
55133,6.24,6.46,6.56,4.51,3.29,3.55,3.48
55135,27.19,30.93,35.13,36.78,38.47,42.47,46.09
55137,60.94,57.46,53.34,46.92,40.46,36.63,31.95
55139,15.09,14.82,14.52,11.19,8.25,7.56,6.98
55141,15.09,19.06,23.55,25.45,27.19,30.9,34.62
56001,3.76,4.4,5.04,6.8,7.23,7.81,8.73
56003,61.64,60.9,59.9,58.62,55.81,53.38,49.44
56005,5.16,3.76,2.67,1.65,-2.02,-4.59,-8.01
56007,30.82,26.87,22.46,19.69,15.44,10.89,6.67
56009,36.01,44.24,52.73,61.71,68.5,76.59,84.29
56011,37.89,25.31,11.14,-3.08,-19.61,-34.8,-51.47
56013,44.73,42.81,40.56,38.98,35.21,31.61,27.23
56015,32.51,35.86,39.54,44.09,46.74,50.59,53.92
56017,66.92,63.48,59.25,55.86,50.38,45.79,39.65
56019,38.78,34.97,30.38,25.92,18.93,13.23,6.1
56021,22.32,22.95,23.39,24.68,24.92,25.89,27.07
56023,14.45,16.48,18.45,21.06,22.8,24.3,24.39
56025,21.46,28.87,36.66,44.99,51.16,57.55,63.89
56027,60.94,68.28,76.14,84.68,91.29,99.19,106.33
56029,19.8,19.53,19.23,19.08,16.93,15.31,12.27
56031,55.71,63.78,72.39,82.14,90.06,98.58,107.27
56033,28.84,32.38,36.41,39.99,41.51,43.95,45.21
56035,3.09,12.2,22.26,32.39,40.91,49.72,56.95
56037,16.05,15.25,15.15,15.71,14.85,13.6,12.21
56039,0.54,0.08,-0.05,-0.12,-1.68,-3.24,-6.66
56041,40.75,40.69,41.2,43.34,44.01,44.71,44.41
56043,60.94,67.59,75.23,83.59,90.11,96.85,102.29
56045,34.16,34.61,35.55,36.33,35.25,35.0,33.65
