FIPS,2014 kals,2015 kals,2016 kals,2017 kals,2018 kals,2019 kals,2020 kals
01001,57.62,64.54,72.38,75.71,79.5,81.9,85.32
01003,39.83,37.73,35.42,34.86,34.04,32.3,31.35
01005,84.75,86.15,88.17,88.66,88.98,88.25,88.38
01007,55.71,50.78,45.22,51.2,57.44,62.3,68.2
01009,65.87,56.97,47.11,42.76,38.59,32.18,27.13
01011,85.8,79.04,70.98,57.57,44.12,29.41,15.81
01013,89.97,85.64,80.71,75.55,70.78,64.34,59.28
01015,77.84,80.17,83.5,84.54,84.7,83.75,83.61
01017,84.24,77.65,70.36,66.31,60.82,54.59,48.76
01019,91.12,89.86,88.77,86.11,82.82,78.26,74.56
01021,66.92,65.63,64.03,66.15,68.58,69.56,71.14
01023,96.75,97.28,98.0,98.78,99.44,98.91,99.63
01025,54.76,54.25,53.86,58.34,62.69,65.84,70.09
01027,82.43,72.61,61.48,55.1,47.95,39.29,31.61
01029,84.24,86.29,89.27,90.33,90.3,89.11,88.52
01031,65.87,68.79,71.93,70.81,70.11,68.34,67.33
01033,84.24,82.56,80.58,77.34,74.87,69.96,67.32
01035,94.08,91.28,88.52,90.02,91.87,93.02,94.95
01037,88.16,89.41,90.97,91.81,92.75,92.46,92.69
01039,88.98,88.33,87.73,87.06,86.42,84.58,83.85
01041,76.5,78.11,79.83,82.39,85.17,86.49,89.02
01043,66.92,60.76,53.93,58.46,63.38,66.2,70.39
01045,81.95,84.37,87.07,87.31,87.91,87.11,87.33
01047,87.33,80.95,73.3,70.99,69.02,65.43,62.69
01049,57.62,54.09,50.32,49.96,49.04,47.08,46.0
01051,50.08,57.51,65.91,68.28,70.8,71.88,73.94
01053,84.75,83.85,83.2,80.66,78.6,75.42,73.47
01055,84.75,83.01,81.37,80.73,79.66,77.0,75.16
01057,97.01,97.61,98.62,98.27,98.89,97.25,97.2
01059,78.16,77.41,76.78,65.94,55.94,43.57,32.73
01061,92.36,91.86,91.19,90.06,89.36,87.72,86.8
01063,97.1,97.28,97.68,97.61,97.84,95.91,95.73
01065,91.12,89.96,88.77,88.12,87.96,86.13,85.51
01067,81.31,80.94,80.67,78.83,76.84,74.06,71.9
01069,69.02,68.95,68.95,68.57,68.49,67.41,67.12
01071,76.5,72.91,69.17,71.8,74.1,75.38,77.75
01073,43.11,44.05,45.46,47.55,49.84,50.35,52.41
01075,94.97,93.98,93.18,93.41,94.38,92.61,92.97
01077,55.71,54.08,52.43,48.21,44.76,39.05,35.25
01079,87.81,87.08,85.97,84.8,84.81,82.86,81.95
01081,18.31,18.28,18.81,22.34,25.14,26.64,29.12
01083,32.51,38.78,45.89,50.83,56.62,60.88,66.53
01085,87.81,90.38,93.36,94.88,96.27,96.42,97.71
01087,73.96,70.83,67.23,65.8,63.64,60.71,58.61
01089,24.45,25.01,25.48,25.77,26.58,25.97,26.62
01091,93.22,93.97,94.92,95.93,97.15,96.76,97.9
01093,96.63,96.54,96.57,96.27,97.33,95.92,95.86
01095,69.79,66.28,62.52,57.49,52.43,45.64,39.69
01097,50.08,49.4,48.48,42.8,36.93,29.64,23.83
01099,51.74,42.3,31.57,31.44,31.68,30.84,30.79
01101,53.68,56.32,58.74,57.89,57.27,55.21,54.25
01103,55.71,59.74,64.59,64.43,65.12,63.98,64.05
01105,98.89,97.88,97.1,97.37,97.88,96.85,96.73
01107,96.34,96.22,96.49,95.78,96.2,93.42,92.99
01109,45.78,51.26,57.76,60.46,63.53,64.87,67.63
01111,73.48,64.4,54.28,47.15,38.62,29.03,19.83
01113,75.33,71.96,68.34,69.04,68.66,67.09,66.44
01115,65.87,65.11,64.64,62.52,60.38,56.31,53.71
01117,16.71,15.85,15.05,14.73,14.37,12.94,12.82
01119,89.4,86.77,83.72,85.76,88.48,89.09,91.32
01121,81.31,78.87,76.28,76.98,77.17,75.98,75.97
01123,71.76,71.21,70.92,73.49,75.56,76.67,78.33
01125,19.8,19.32,19.0,19.18,19.7,18.4,18.37
01127,97.1,96.93,96.96,96.52,97.03,95.78,95.64
01129,93.22,94.11,95.22,95.56,96.12,94.83,94.41
01131,69.02,70.75,73.2,73.95,75.04,74.59,75.41
01133,97.1,97.21,97.39,97.1,97.79,96.62,96.17
02013,0.54,0.95,1.37,1.8,2.32,-0.33,-0.8
02016,0.25,0.82,1.41,1.3,0.85,-1.31,-1.98
02020,7.9,9.06,10.32,11.62,15.0,15.4,19.51
02050,7.45,7.31,7.08,8.14,10.42,12.74,15.87
02060,28.84,25.44,23.1,31.01,38.26,44.22,52.13
02063,0.0,-0.01,0.04,0.02,2.05,1.37,4.67
02066,0.0,0.02,0.03,0.28,1.36,0.8,3.62
02068,2.55,3.29,4.21,17.4,31.47,44.84,60.95
02070,19.8,21.35,23.13,22.87,22.73,21.24,21.32
02090,10.32,9.71,9.08,11.76,14.94,18.01,23.09
02100,40.75,47.08,54.29,37.88,21.53,4.8,-10.03
02105,75.33,66.76,57.06,53.22,50.59,46.39,43.89
02110,5.76,5.59,5.71,10.71,16.53,21.25,27.54
02122,44.03,40.66,37.18,39.27,42.73,42.87,47.65
02130,23.72,29.31,35.03,38.64,41.12,42.88,46.32
02150,23.02,20.22,17.64,21.04,24.71,25.87,30.25
02158,0.0,0.0,0.01,-0.02,0.41,1.63,3.54
02164,53.68,35.56,15.84,23.66,30.92,36.67,44.81
02170,16.71,18.14,19.63,23.37,28.45,31.23,37.75
02180,11.46,11.31,11.17,8.85,7.6,7.56,7.51
02185,4.52,4.79,5.0,5.95,9.76,10.85,14.24
02188,7.45,7.83,8.29,7.58,7.66,8.76,10.91
02195,22.32,26.83,32.1,51.58,70.89,88.69,109.12
02198,47.85,55.49,63.68,75.29,86.35,96.37,107.64
02220,9.71,14.95,20.66,20.92,21.19,20.4,21.55
02230,0.22,2.17,3.71,5.0,6.62,8.29,11.75
02240,44.73,43.49,42.18,52.84,63.17,73.13,85.42
02275,97.39,88.14,77.44,74.86,71.56,67.29,64.9
02282,1.02,1.52,1.97,2.09,3.34,2.89,5.47
02290,62.56,59.2,55.71,50.48,45.33,40.36,37.21
04001,46.74,45.34,43.6,43.21,44.82,45.63,46.24
04003,66.92,66.01,64.76,64.55,64.65,65.48,66.72
04005,14.45,14.96,15.49,16.32,17.95,20.26,21.93
04007,81.31,85.74,90.47,90.79,92.44,94.46,96.87
04009,36.01,33.41,30.6,28.31,27.85,26.6,26.17
04011,33.4,31.05,28.51,27.14,27.98,27.05,27.33
04012,72.62,80.85,89.49,90.74,91.42,95.14,97.55
04013,9.11,10.69,12.07,12.3,12.73,14.71,17.27
04015,80.01,84.57,89.27,90.31,91.22,94.77,96.98
04017,71.76,71.27,70.73,70.28,71.24,72.67,73.82
04019,36.01,39.45,43.03,45.14,47.31,50.52,53.88
04021,27.19,32.31,37.59,42.08,46.98,53.11,59.81
04023,6.24,11.36,16.75,19.06,21.21,24.03,27.72
04025,74.59,74.76,74.75,73.79,73.65,74.58,75.17
04027,18.94,17.97,16.58,17.26,17.64,20.08,22.18
05001,86.44,89.65,93.24,94.43,96.68,97.04,100.15
05003,90.19,90.72,91.55,91.78,92.89,92.08,94.15
05005,93.7,91.81,89.67,88.33,87.39,84.2,83.64
05007,5.76,4.69,3.79,4.21,5.02,3.1,5.06
05009,87.81,86.26,84.59,80.89,77.24,71.02,68.27
05011,87.33,90.19,93.41,91.01,89.79,86.87,86.48
05013,98.79,98.75,98.84,97.29,97.22,95.39,96.38
05015,70.49,68.46,66.21,60.51,55.26,47.63,43.33
05017,97.1,96.38,95.83,96.31,97.56,97.2,99.04
05019,76.5,76.89,77.32,78.8,81.24,81.26,84.64
05021,96.21,95.98,95.51,94.84,95.37,93.05,93.23
05023,81.31,77.81,73.82,71.81,70.8,67.27,66.4
05025,92.68,92.91,92.9,89.05,86.36,81.6,80.2
05027,83.22,79.4,75.18,73.75,73.37,71.44,72.39
05029,77.84,81.51,85.93,90.34,95.42,98.19,103.1
05031,47.85,56.97,67.07,67.7,69.15,67.77,69.18
05033,68.26,71.65,75.35,78.96,83.23,84.95,89.94
05035,60.17,63.42,67.16,65.61,64.58,61.24,60.47
05037,89.4,90.12,90.82,86.77,83.41,78.05,75.15
05039,95.45,95.85,96.44,95.22,95.19,92.9,93.64
05041,78.16,82.03,85.93,85.99,86.79,85.99,88.1
05043,80.01,84.46,89.39,87.32,86.3,83.35,83.22
05045,24.45,24.35,24.35,31.66,39.72,45.67,53.95
05047,69.79,74.65,80.45,84.1,88.74,90.2,95.2
05049,97.01,97.51,97.7,96.92,96.55,93.49,93.15
05051,81.31,79.95,78.46,81.0,84.02,84.32,88.1
05053,75.33,71.22,66.45,71.73,78.15,82.12,89.63
05055,80.01,83.15,86.21,88.6,91.79,91.98,94.75
05057,85.8,84.96,83.96,78.31,73.8,66.88,63.21
05059,94.97,94.99,95.21,95.73,97.04,95.64,97.59
05061,71.76,69.61,67.24,69.58,72.83,74.08,78.34
05063,69.79,71.76,73.97,77.18,81.19,82.29,86.17
05065,94.3,93.54,92.46,93.74,95.47,94.69,96.39
05067,91.12,91.71,91.92,91.25,91.73,89.55,89.89
05069,74.59,76.43,78.63,76.01,74.41,70.35,69.65
05071,67.62,66.23,64.67,72.61,81.19,87.11,96.02
05073,92.68,93.26,94.29,93.55,93.67,92.05,93.03
05075,73.96,81.68,90.13,92.63,96.07,96.53,99.2
05077,94.81,96.22,97.9,96.22,95.35,92.81,92.39
05079,87.33,89.63,91.94,92.22,93.76,93.32,95.93
05081,72.62,77.17,83.11,86.07,89.96,91.57,96.18
05083,90.19,89.71,88.96,88.66,89.64,87.61,89.02
05085,55.71,48.38,39.93,37.02,34.83,30.84,29.41
05087,82.74,77.62,71.83,73.8,75.85,75.78,78.91
05089,98.34,96.98,95.66,94.0,93.08,89.79,88.96
05091,65.87,66.7,68.02,71.63,76.31,78.98,84.11
05093,89.62,88.39,86.7,83.75,81.7,77.09,74.95
05095,97.52,96.73,95.75,94.83,94.7,92.83,93.96
05097,99.78,99.27,98.9,98.96,100.0,98.48,99.76
05099,92.36,93.2,94.4,92.65,91.92,88.73,88.8
05101,92.04,91.31,90.72,91.41,92.63,91.27,92.51
05103,91.82,87.43,82.42,80.04,78.92,76.07,75.99
05105,84.24,87.16,90.7,93.61,97.76,99.47,104.09
05107,94.97,94.18,93.04,91.99,91.95,89.86,90.64
05109,98.5,98.31,98.31,98.73,100.43,99.76,101.94
05111,87.33,90.76,94.27,91.95,90.45,86.37,85.0
05113,96.63,95.81,95.31,94.66,94.78,92.23,92.83
05115,59.22,56.09,52.27,55.87,60.39,62.5,67.2
05117,96.34,94.34,92.28,90.11,88.66,85.55,85.48
05119,30.82,31.84,33.67,40.91,49.47,55.37,64.38
05121,80.01,83.4,86.68,87.74,89.61,88.47,89.65
05123,87.33,85.94,84.13,80.44,77.57,72.59,70.17
05125,71.12,67.35,63.01,63.44,64.88,63.83,66.0
05127,87.81,81.97,75.25,80.93,87.24,91.1,98.28
05129,95.45,93.91,92.23,92.25,92.48,90.64,91.53
05131,68.26,70.33,72.63,74.82,77.51,77.88,81.37
05133,39.83,33.66,26.61,28.92,32.31,33.3,37.3
05135,83.22,87.02,91.01,94.35,98.42,99.8,103.55
05137,94.08,94.17,94.44,93.37,92.36,88.73,88.39
05139,86.82,82.05,76.68,70.04,64.99,58.03,54.05
05141,92.04,91.63,91.35,92.96,95.25,95.37,98.2
05143,11.97,10.55,9.16,8.89,9.05,6.85,7.97
05145,62.56,59.57,56.4,56.12,56.85,55.16,56.2
05147,96.05,96.07,96.14,95.71,96.32,94.51,95.26
05149,86.44,85.26,84.07,85.6,87.89,87.39,90.08
06001,4.81,5.05,5.32,4.84,3.28,4.43,5.55
06003,90.51,92.88,94.87,90.21,85.66,82.11,78.51
06005,73.96,75.82,77.57,76.29,74.63,74.9,75.16
06007,67.62,66.94,66.19,64.51,63.21,63.22,63.55
06009,77.17,80.27,83.53,85.17,85.99,89.46,92.74
06011,24.45,23.92,23.42,21.89,20.44,20.19,20.14
06013,10.32,11.43,12.57,12.76,12.02,13.93,15.75
06015,91.56,91.92,92.22,89.19,86.91,85.79,84.21
06017,23.02,25.65,28.36,28.13,27.6,28.79,29.89
06019,20.89,21.58,22.45,24.11,25.86,29.33,32.13
06021,67.62,68.12,68.74,65.72,62.98,61.44,60.19
06023,60.17,61.79,63.48,60.59,58.51,57.28,56.28
06025,33.4,36.06,38.92,39.52,38.97,40.84,42.73
06027,34.16,33.52,32.67,34.32,35.3,37.72,39.69
06029,16.71,14.99,13.01,12.91,12.79,13.53,13.83
06031,12.61,14.3,16.12,18.38,20.77,23.8,26.75
06033,87.33,88.28,89.29,86.48,83.33,81.02,79.04
06035,71.76,73.19,74.69,68.11,62.45,57.43,52.53
06037,6.24,6.31,6.38,6.2,6.25,7.38,8.72
06039,28.84,26.75,24.55,25.4,26.57,29.55,32.02
06041,4.39,4.15,3.77,3.4,1.55,2.29,2.74
06043,73.48,71.89,70.11,71.28,72.21,75.28,77.25
06045,62.56,63.16,63.7,62.51,60.74,61.12,61.16
06047,54.76,52.33,49.67,41.52,33.27,26.96,20.41
06049,80.01,81.05,82.14,76.69,72.36,69.0,65.92
06051,4.81,2.96,0.88,0.29,0.67,1.56,2.87
06053,3.09,3.62,4.11,3.73,2.75,3.81,4.97
06055,15.09,14.57,13.94,15.03,15.01,17.36,19.48
06057,38.78,41.47,44.27,43.28,42.37,42.84,43.8
06059,2.32,2.41,2.47,2.41,1.84,3.11,4.92
06061,12.61,12.69,12.68,11.21,9.72,10.0,10.34
06063,90.19,88.49,86.12,78.96,72.23,66.29,61.3
06065,12.61,13.52,14.37,14.37,14.62,16.88,19.3
06067,28.84,26.98,24.8,22.19,18.74,17.87,16.58
06069,3.76,4.11,4.5,4.3,3.16,4.26,4.91
06071,13.34,12.8,12.28,11.72,10.85,11.93,13.56
06073,5.76,6.12,6.44,6.05,5.77,6.84,8.56
06075,10.98,10.84,10.54,9.53,7.26,7.73,7.67
06077,18.94,19.47,20.2,20.45,20.25,22.77,25.0
06079,13.72,13.22,12.7,13.87,14.16,16.24,17.79
06081,2.23,2.23,2.2,2.07,0.99,2.47,3.66
06083,8.25,7.06,5.79,5.89,5.88,6.47,7.18
06085,1.69,1.67,1.56,1.64,0.77,2.21,3.29
06087,4.11,5.25,6.54,9.04,10.95,15.28,19.21
06089,74.59,73.94,73.19,71.04,69.43,68.72,68.48
06091,56.73,64.67,73.41,53.83,34.97,16.74,-1.12
06093,83.79,84.02,84.16,81.92,80.58,79.73,78.69
06095,14.45,16.5,18.95,20.22,20.13,22.78,25.34
06097,15.09,16.46,18.16,18.72,18.02,19.48,20.82
06099,32.51,31.6,30.54,28.66,25.6,25.83,25.43
06101,36.01,34.04,31.76,31.26,31.21,31.86,33.01
06103,79.08,80.36,81.83,81.93,82.87,84.81,87.1
06105,94.08,94.41,94.66,91.54,88.94,87.57,86.4
06107,13.72,16.59,19.83,20.01,19.76,20.24,20.66
06109,74.59,78.22,82.16,80.56,78.26,78.49,78.06
06111,8.63,9.1,9.63,10.37,11.55,13.51,15.49
06113,10.32,8.86,7.25,5.67,3.38,3.68,3.75
06115,65.87,64.74,63.46,59.74,56.3,53.6,51.64
08001,10.32,10.0,9.68,9.36,8.53,4.47,2.92
08003,55.71,64.45,74.66,75.66,78.17,77.48,78.57
08005,4.52,4.19,3.87,3.49,2.71,-0.98,-2.54
08007,39.83,42.92,46.15,43.59,43.25,40.74,38.84
08009,94.08,95.27,96.46,93.22,90.55,85.48,82.26
08011,94.97,96.9,98.83,97.51,96.12,92.51,90.93
08013,2.32,1.98,1.8,1.8,1.21,-2.61,-4.3
08014,2.74,2.43,2.18,2.11,1.16,-2.76,-4.27
08015,44.03,48.48,53.42,57.96,63.55,65.24,68.86
08017,50.08,47.12,43.0,34.09,24.59,11.95,2.31
08019,12.61,9.44,5.78,5.5,4.5,0.43,-1.74
08021,83.22,86.29,89.47,86.22,85.09,80.82,78.24
08023,99.68,100.27,100.6,99.49,100.06,97.77,97.24
08025,94.49,94.31,93.81,91.52,89.55,84.74,82.59
08027,72.62,71.84,70.58,71.73,73.14,71.72,72.74
08029,71.12,73.75,76.39,76.44,77.07,75.31,74.02
08031,6.91,6.0,5.0,4.92,4.25,0.69,-0.47
08033,91.56,91.76,91.76,91.76,93.32,93.83,94.23
08035,0.38,0.36,0.35,0.35,0.0,-3.67,-5.16
08037,0.0,-0.11,-0.04,0.11,0.57,-2.06,-3.11
08039,8.63,9.62,10.78,8.84,5.79,-0.09,-3.86
08041,16.71,17.27,17.77,19.17,20.74,18.66,19.21
08043,71.76,74.43,77.46,77.74,77.81,74.72,73.67
08045,5.76,4.2,2.54,2.27,1.68,-1.86,-3.92
08047,9.71,6.81,3.58,3.03,1.79,-2.63,-4.94
08049,0.89,0.34,-0.22,0.01,-0.04,-3.5,-5.33
08051,0.54,1.34,1.76,1.59,2.19,-0.44,-1.35
08053,39.83,60.83,84.57,90.74,97.71,102.68,108.54
08055,86.82,90.91,95.4,95.66,96.41,94.58,94.87
08057,9.11,5.69,1.96,1.17,-1.34,-6.35,-9.59
08059,5.76,5.39,5.22,5.77,5.19,1.67,0.5
08061,44.03,53.57,64.49,54.63,44.0,30.57,19.96
08063,65.27,63.02,60.46,49.04,36.64,21.66,8.83
08065,2.23,4.1,5.97,11.16,16.67,18.37,22.24
08067,4.11,4.41,4.12,3.43,4.97,4.3,4.62
08069,5.48,5.37,5.44,5.63,5.55,2.4,1.17
08071,73.96,76.1,78.41,83.19,88.69,91.88,96.55
08073,79.53,78.45,77.24,65.27,52.76,37.47,24.37
08075,42.31,42.78,43.2,39.18,34.35,26.8,21.62
08077,37.03,38.0,39.07,40.18,42.17,41.53,41.57
08079,83.22,86.12,88.21,78.76,71.34,60.89,51.9
08081,11.97,9.66,7.51,10.84,13.8,13.92,16.25
08083,45.78,49.03,52.47,58.36,66.27,72.88,80.03
08085,50.08,55.88,62.37,63.37,65.13,64.97,65.46
08087,17.54,17.1,16.48,15.71,14.7,10.6,9.22
08089,83.79,83.93,83.93,84.52,85.46,83.7,84.3
08091,13.34,12.25,9.88,15.91,23.35,29.28,35.44
08093,4.81,6.47,8.57,12.13,15.59,15.95,17.97
08095,37.89,33.6,28.73,23.45,17.17,7.94,0.88
08097,1.02,0.84,0.38,0.35,0.6,-2.67,-3.86
08099,80.64,80.94,80.78,76.06,71.31,64.01,59.18
08101,69.79,71.67,73.74,75.59,77.54,76.64,78.05
08103,16.05,11.55,6.76,7.73,7.92,5.83,5.64
08105,60.17,57.66,54.31,61.83,71.36,77.55,85.3
08107,0.54,0.13,-0.13,0.22,-0.22,-3.16,-4.57
08109,72.62,68.4,63.22,64.45,66.99,66.18,67.4
08111,2.55,11.1,20.25,25.03,31.69,36.51,42.17
08113,5.48,5.65,5.12,3.91,4.3,2.98,1.98
08115,41.45,41.21,41.49,52.13,61.31,67.79,76.72
08117,0.19,0.22,0.35,0.73,1.21,-1.62,-2.76
08119,38.78,37.17,35.2,37.56,39.87,38.39,39.49
08121,26.52,29.55,32.93,25.67,17.86,7.43,-0.6
08123,10.98,9.56,8.05,7.45,6.39,2.36,0.57
08125,9.71,13.87,18.7,17.81,16.23,11.87,9.43
09001,3.76,3.65,3.55,3.67,0.9,-2.12,-2.52
09003,19.8,19.13,18.2,17.75,15.08,12.47,11.93
09005,8.25,8.58,8.97,10.1,8.48,6.92,7.99
09007,6.24,7.11,8.04,9.09,7.24,5.74,6.42
09009,16.05,15.65,15.17,14.95,11.98,8.92,8.47
09011,23.72,24.48,25.17,25.03,22.27,20.1,20.11
09013,4.52,5.28,6.05,6.44,4.11,2.1,2.17
09015,27.19,29.85,32.84,32.88,30.09,27.68,27.44
10001,29.96,32.36,35.15,37.46,37.63,36.19,38.81
10003,13.72,13.89,13.95,12.95,9.8,5.48,4.75
10005,42.31,40.14,37.72,37.0,34.75,30.93,30.44
11001,14.45,14.51,14.53,15.27,14.1,11.54,12.55
12001,9.71,9.75,9.71,9.84,7.95,6.14,4.55
12003,47.85,51.35,55.13,60.19,63.56,67.09,70.62
12005,62.56,65.95,70.01,74.67,79.29,83.73,88.83
12007,77.17,78.76,80.43,81.63,80.81,80.01,79.25
12009,47.85,46.85,45.68,47.87,48.66,49.72,50.73
12011,16.05,15.15,14.15,13.01,9.62,6.74,5.19
12013,96.5,95.43,94.12,92.85,90.74,88.51,86.66
12015,85.8,86.06,86.47,87.43,88.0,88.27,88.29
12017,86.44,86.94,87.55,87.65,86.04,84.86,82.85
12019,31.65,30.8,29.4,29.91,28.36,26.73,25.34
12021,16.71,16.02,15.34,14.57,12.12,10.17,8.47
12023,72.62,74.07,75.69,77.85,78.29,79.29,79.96
12027,47.85,45.77,43.48,40.34,36.26,32.1,27.33
12029,96.28,96.16,96.38,96.23,94.52,92.86,91.38
12031,27.19,29.21,31.32,31.06,28.47,25.85,23.5
12033,48.93,47.52,45.92,45.78,45.68,44.62,44.62
12035,61.64,60.85,59.86,57.86,53.73,50.85,47.33
12037,94.97,92.98,91.18,90.65,89.27,87.63,86.62
12039,61.64,67.37,74.01,78.44,81.26,84.85,88.72
12041,92.04,89.5,86.57,86.06,83.84,81.78,79.95
12043,82.43,86.15,91.1,88.26,83.91,79.89,75.36
12045,83.79,81.36,78.69,77.24,75.46,73.56,72.27
12047,96.05,95.2,94.26,93.64,90.56,88.05,85.89
12049,14.45,12.87,11.17,9.48,6.47,3.81,-0.03
12051,46.74,44.07,40.77,32.79,23.34,14.04,4.54
12053,80.64,79.79,78.61,78.03,75.47,73.3,70.79
12055,80.64,77.54,74.15,77.88,80.57,83.05,84.99
12057,18.94,18.38,17.61,16.28,13.5,11.17,7.65
12059,95.61,94.04,92.34,93.07,93.82,93.98,94.97
12061,55.71,58.83,62.53,61.94,59.95,58.27,56.4
12063,90.89,89.46,87.79,84.88,82.03,78.69,76.26
12065,78.16,76.01,73.56,66.8,58.12,49.88,42.17
12067,79.53,78.24,76.75,72.1,65.75,59.34,53.48
12069,50.08,52.46,55.24,56.46,55.16,54.78,54.13
12071,36.01,35.97,36.01,33.72,30.12,26.48,22.53
12073,6.24,8.23,10.72,12.51,12.57,13.39,14.17
12075,90.19,89.04,87.82,85.39,81.44,77.37,73.02
12077,87.81,87.31,86.73,90.49,92.95,95.8,99.2
12079,91.12,90.19,89.36,84.31,77.05,70.21,63.93
12081,33.4,34.59,35.9,36.0,35.23,34.49,33.02
12083,70.49,71.26,71.96,71.62,69.59,67.96,65.67
12085,44.73,46.11,47.72,47.63,45.69,44.92,43.68
12086,9.71,8.87,8.14,7.5,4.47,2.21,0.68
12087,32.51,26.62,20.49,16.5,10.88,6.34,1.81
12089,50.08,54.08,58.13,57.62,54.75,51.98,49.48
12091,37.89,36.64,35.29,40.31,45.82,50.56,55.9
12093,60.17,54.0,46.82,46.27,44.31,42.55,40.63
12095,7.9,8.51,9.06,9.86,9.19,8.62,7.95
12097,38.78,39.77,40.86,40.66,38.95,37.67,36.06
12099,18.94,18.99,19.17,19.58,17.61,16.37,16.33
12101,59.22,60.21,61.43,59.65,56.45,53.61,50.13
12103,44.03,45.04,46.23,46.91,46.18,46.02,44.94
12105,47.85,48.72,49.82,49.55,47.87,46.23,43.62
12107,62.56,63.03,63.5,66.36,67.26,68.97,70.67
12109,11.97,13.58,15.19,14.64,11.47,9.15,6.74
12111,53.68,52.69,51.58,51.58,50.19,49.1,47.77
12113,44.03,46.62,49.89,52.48,55.57,57.88,61.14
12115,52.66,53.35,54.1,52.46,50.07,47.96,45.21
12117,10.32,10.07,9.53,9.05,7.2,5.69,3.72
12119,80.64,82.53,84.52,83.25,79.92,77.18,73.73
12121,69.02,71.45,74.33,76.6,76.96,77.53,78.62
12123,94.3,91.65,88.99,89.66,88.98,88.19,88.02
12125,45.78,46.3,46.72,48.01,47.05,46.49,46.06
12127,53.68,55.58,57.68,60.28,60.86,62.61,63.64
12129,74.59,66.41,56.98,56.21,54.58,53.2,52.26
12131,69.02,65.27,61.0,60.65,60.82,60.19,60.1
12133,85.32,84.65,84.07,83.0,81.95,80.33,79.12
13001,75.33,76.45,77.75,77.72,75.6,73.65,72.26
13003,46.74,46.88,46.59,45.36,41.57,38.46,35.7
13005,71.12,73.46,76.3,77.22,75.72,74.8,74.1
13007,72.62,77.12,82.37,85.06,86.46,87.53,89.31
13009,34.16,35.26,36.73,43.9,48.94,53.19,59.34
13011,56.73,57.55,58.24,57.75,56.01,53.01,51.52
13013,24.45,27.03,29.98,28.58,25.97,21.9,19.45
13015,37.03,40.17,43.68,41.39,37.76,33.1,29.62
13017,95.7,92.38,87.86,73.31,56.32,39.81,24.04
13019,71.76,77.92,84.57,83.21,79.92,76.87,74.56
13021,41.45,43.65,46.05,48.51,49.44,49.44,51.0
13023,85.32,82.77,78.98,71.49,62.05,52.05,43.3
13025,96.5,96.62,96.72,93.24,87.71,82.42,77.55
13027,89.62,88.76,87.44,78.23,66.63,56.09,46.16
13029,11.46,11.17,10.47,14.2,15.6,17.1,18.58
13031,19.8,20.6,21.81,24.51,24.63,24.82,25.34
13033,69.02,64.87,60.3,50.67,38.19,25.83,14.1
13035,44.03,45.9,47.8,49.55,50.21,49.47,49.41
13037,60.17,62.32,65.54,64.1,61.76,58.39,55.62
13039,10.98,15.69,20.77,20.97,18.72,16.67,14.99
13043,75.96,74.6,73.01,72.64,69.28,66.21,64.14
13045,50.08,50.8,51.99,48.41,43.41,37.14,31.71
13047,45.78,43.55,41.42,41.7,41.49,40.01,39.69
13049,29.96,35.33,41.26,58.54,73.34,88.17,103.38
13051,18.31,20.92,23.71,28.81,31.86,34.39,37.1
13053,57.62,54.57,51.49,35.5,18.1,-0.27,-18.03
13055,70.49,70.48,70.69,70.59,70.09,68.01,67.19
13057,4.81,5.14,5.28,5.17,3.95,1.5,0.64
13059,9.71,9.59,8.79,8.88,7.37,4.58,3.32
13061,94.49,86.78,77.82,78.77,78.89,78.5,78.79
13063,14.45,13.26,11.77,10.84,8.6,4.92,1.95
13065,84.24,82.21,79.86,66.91,51.86,37.63,23.13
13067,2.32,2.47,2.57,2.24,0.52,-2.69,-4.27
13069,53.68,59.83,66.89,70.75,72.11,73.76,75.95
13071,42.31,45.15,47.62,43.31,36.83,30.55,25.23
13073,9.11,9.66,10.74,12.26,11.51,10.04,9.21
13075,43.11,52.39,62.9,65.72,66.47,67.43,69.24
13077,9.71,9.82,10.08,9.88,8.36,5.36,3.44
13079,48.93,53.22,58.11,62.58,65.61,67.58,71.03
13081,85.32,82.19,77.99,73.73,67.29,60.54,54.48
13083,71.12,65.6,59.34,61.12,62.62,62.37,63.3
13085,20.89,21.71,22.55,30.44,37.53,43.11,49.87
13087,53.68,57.57,61.68,62.81,62.82,62.97,63.62
13089,7.45,7.43,7.4,7.64,6.84,4.26,2.77
13091,73.96,76.58,79.81,77.7,73.1,68.32,64.47
13093,50.08,56.68,64.24,72.73,79.47,85.71,93.21
13095,48.93,47.44,45.83,47.48,47.8,47.38,47.95
13097,18.31,18.65,19.13,17.78,15.19,11.24,8.53
13099,45.78,47.17,48.9,45.79,41.97,37.66,33.94
13101,39.83,37.09,33.92,36.66,37.19,38.29,40.37
13103,23.02,24.45,26.24,25.29,22.22,18.71,15.28
13105,71.12,73.3,75.23,78.03,79.23,79.0,80.16
13107,62.56,66.22,70.89,73.63,73.01,72.76,73.87
13109,51.74,52.74,54.03,57.19,57.56,58.19,59.19
13111,92.68,90.62,88.29,90.8,92.29,92.59,94.02
13113,6.24,5.47,4.73,4.47,2.65,-0.42,-2.44
13115,61.64,58.42,54.51,50.97,46.92,40.99,36.55
13117,1.46,1.42,1.22,1.58,0.89,-1.28,-2.28
13119,81.31,85.97,91.09,87.98,83.57,77.53,73.36
13121,5.16,5.61,6.06,6.44,5.37,2.95,1.58
13123,76.5,77.18,78.01,79.77,80.27,79.58,80.23
13125,36.01,30.26,24.37,27.08,27.18,26.82,27.42
13127,46.74,48.43,50.06,50.44,48.77,47.41,45.89
13129,50.08,59.97,71.8,74.18,75.72,75.39,76.96
13131,72.62,78.24,84.24,84.87,83.71,82.88,82.67
13133,24.45,33.79,44.82,46.17,45.16,43.35,43.05
13135,1.15,1.05,0.81,0.55,-0.36,-3.11,-4.92
13137,58.42,57.52,56.13,57.02,56.62,55.37,55.42
13139,12.61,12.77,12.86,12.72,11.75,9.28,8.11
13141,47.85,41.46,34.07,42.01,47.8,53.22,59.88
13143,78.16,76.48,74.49,72.98,70.06,65.9,62.46
13145,61.64,62.38,63.92,67.07,68.34,68.86,70.2
13147,64.37,67.74,71.17,75.7,78.38,79.61,82.43
13149,92.96,88.65,84.18,81.62,77.84,73.01,68.56
13151,7.45,8.91,10.52,9.93,8.12,4.96,2.59
13153,17.54,21.08,24.64,27.14,27.67,27.53,28.6
13155,75.96,83.36,91.87,87.76,81.08,74.87,69.4
13157,36.01,35.47,34.44,32.55,29.46,25.0,22.18
13159,42.31,50.6,60.2,63.82,66.3,67.39,69.7
13161,64.37,65.61,67.22,64.28,58.94,54.12,49.69
13163,51.74,55.66,61.08,57.19,50.51,43.89,38.21
13165,77.17,72.32,67.04,55.37,41.02,26.88,13.57
13167,82.43,77.88,72.59,72.01,68.49,64.93,62.52
13169,46.74,45.06,42.73,42.85,41.54,38.96,38.48
13171,61.64,58.79,55.23,48.22,39.85,30.26,21.53
13173,82.74,81.92,80.74,75.46,67.91,60.95,54.76
13175,28.84,26.05,22.88,25.14,24.78,24.07,24.24
13177,13.72,10.4,6.82,7.48,6.74,5.31,4.6
13179,28.18,27.74,26.77,28.51,28.02,27.67,27.08
13181,62.56,63.12,63.97,67.61,68.95,69.36,70.53
13183,28.84,38.92,51.07,57.77,62.09,66.7,71.05
13185,29.96,28.7,27.02,22.28,15.23,8.61,2.87
13187,45.78,46.56,47.4,50.44,52.29,53.05,54.89
13189,52.66,47.7,42.8,39.61,33.66,27.4,21.91
13191,98.38,98.72,98.77,95.26,89.34,83.7,77.9
13193,88.16,86.48,84.23,77.29,68.42,58.71,49.98
13195,56.73,63.11,70.32,70.91,69.69,67.27,66.28
13197,75.33,74.48,74.01,60.74,45.42,29.29,14.2
13199,83.79,83.95,84.8,85.73,85.21,83.3,82.4
13201,52.66,50.43,47.31,38.59,28.82,18.74,9.22
13205,65.87,72.04,78.71,74.82,69.1,63.56,58.68
13207,44.73,45.54,46.19,43.33,39.4,34.2,29.99
13209,60.94,62.25,64.2,67.94,69.1,70.7,73.07
13211,39.83,46.85,54.57,52.11,47.97,43.13,39.65
13213,56.73,55.02,53.15,48.44,42.9,35.58,30.08
13215,75.96,75.17,74.74,71.19,66.09,60.28,55.24
13217,36.01,39.87,44.14,45.95,46.41,45.68,45.74
13219,7.45,7.22,6.4,5.34,2.87,-0.8,-3.0
13221,54.76,61.34,68.6,63.6,56.76,48.57,42.01
13223,6.91,7.52,8.14,6.74,4.0,-0.25,-2.69
13225,28.18,33.06,38.49,49.75,59.25,67.8,77.78
13227,54.76,56.86,59.25,58.72,56.88,54.03,52.2
13229,86.44,84.5,82.04,74.04,63.8,54.04,44.7
13231,32.51,31.92,31.6,27.89,22.85,16.61,11.02
13233,65.27,62.37,58.9,54.73,49.25,42.31,36.78
13235,56.73,69.12,83.58,84.66,84.33,83.22,83.04
13237,50.08,47.1,42.99,41.33,37.94,33.63,30.85
13239,99.08,98.12,97.55,94.46,90.41,85.61,81.38
13241,57.62,59.77,62.36,71.0,78.49,84.98,92.72
13243,89.62,83.21,76.15,68.51,59.77,50.19,41.19
13245,70.49,68.95,67.27,64.64,59.48,53.85,48.73
13247,10.98,8.99,6.14,5.49,3.48,0.2,-2.21
13249,69.02,65.69,62.24,59.18,53.99,47.65,42.22
13251,73.96,67.88,61.09,58.86,54.35,50.23,46.21
13253,60.17,60.94,61.65,63.53,64.66,65.91,67.77
13255,59.22,59.77,60.54,58.45,54.68,49.95,45.87
13257,79.08,78.96,78.39,78.92,78.63,76.88,76.54
13259,96.91,94.26,92.1,84.38,75.12,64.82,55.28
13261,45.78,43.63,41.83,37.59,31.69,24.79,18.48
13263,92.04,86.47,80.24,78.9,75.72,71.32,67.92
13265,96.05,95.96,96.3,94.75,90.75,86.24,82.81
13267,80.64,76.13,70.49,68.21,63.58,59.16,55.24
13269,58.42,57.69,56.97,63.29,67.86,71.13,75.61
13271,65.87,54.88,41.69,29.81,15.25,0.88,-13.04
13273,71.76,57.82,41.88,40.68,38.38,35.16,32.4
13275,61.64,64.25,66.89,66.17,63.61,61.57,60.07
13277,52.66,57.78,63.0,55.36,45.67,36.22,27.36
13279,40.75,40.81,40.91,48.37,53.34,58.66,64.69
13281,78.16,73.79,68.02,69.97,70.69,70.55,71.63
13283,83.22,80.25,76.8,80.98,82.58,84.07,86.73
13285,65.87,63.21,60.64,60.09,58.35,55.24,52.61
13287,84.24,85.17,85.66,77.66,67.32,57.06,47.5
13289,75.96,77.38,78.71,81.79,82.92,83.02,84.92
13291,90.19,88.69,86.98,81.6,75.07,67.28,60.73
13293,81.31,74.89,67.28,60.53,52.08,42.54,33.77
13295,84.75,81.57,78.22,76.41,74.49,70.71,68.26
13297,23.02,23.96,24.72,22.54,19.04,14.47,10.94
13299,80.64,79.62,78.29,72.46,64.45,56.8,49.79
13301,80.01,60.44,37.56,31.37,22.76,13.41,5.2
13303,43.11,45.66,49.17,58.16,64.71,70.93,78.53
13305,79.08,75.31,70.59,64.58,56.56,48.72,41.27
13307,92.68,85.26,77.32,63.95,49.27,33.6,18.37
13309,45.78,45.03,44.74,43.13,38.64,34.61,31.44
13311,52.66,56.27,60.59,60.75,59.64,57.66,57.0
13313,22.32,18.29,13.7,11.68,9.16,4.83,1.88
13315,80.01,80.85,81.6,68.83,53.82,38.67,24.52
13317,77.17,75.38,73.21,70.57,65.79,60.1,55.82
13319,55.71,57.73,60.11,56.05,49.78,42.57,37.3
13321,52.66,59.18,66.67,66.59,64.63,62.22,60.82
15001,32.51,31.48,30.3,31.05,32.94,34.7,35.41
15003,11.46,12.6,13.14,12.13,11.23,9.64,6.79
15005,23.72,49.07,76.71,86.51,96.53,105.72,114.48
15007,20.89,14.9,8.56,7.15,4.18,1.72,-0.58
15009,11.46,12.52,12.39,11.26,10.35,8.52,6.64
16001,6.91,7.63,7.96,7.17,7.05,6.05,6.43
16003,84.24,85.08,85.07,87.53,91.89,94.99,98.85
16005,38.78,41.91,44.83,49.49,54.35,58.19,63.57
16007,36.01,35.38,34.54,32.29,30.94,28.08,26.98
16009,77.84,76.79,75.29,78.09,82.41,86.47,90.52
16011,29.96,32.15,34.73,35.44,36.34,36.54,38.41
16013,0.45,-0.13,-0.24,2.27,4.79,7.05,11.1
16015,58.42,63.51,68.81,56.58,45.28,32.98,21.95
16017,51.19,54.6,58.44,58.4,59.48,60.04,60.85
16019,27.19,29.09,31.57,33.93,36.52,37.4,40.27
16021,77.17,73.88,69.96,55.71,41.77,27.82,14.26
16023,84.24,71.84,58.41,56.99,56.15,54.08,53.93
16025,78.16,67.85,56.29,49.1,43.02,36.29,30.92
16027,37.03,34.74,31.53,31.95,33.28,33.07,34.43
16029,37.89,38.39,38.5,32.99,27.73,21.09,16.34
16031,24.45,22.07,19.61,25.89,32.45,37.87,45.52
16033,81.31,52.49,20.6,9.89,-0.01,-11.88,-21.71
16035,97.71,98.08,98.26,94.96,92.72,90.11,88.0
16037,67.62,73.07,79.41,85.16,92.02,97.93,105.59
16039,37.03,32.7,27.98,30.01,33.08,35.37,39.39
16041,31.65,34.02,36.41,36.29,36.87,36.01,37.26
16043,29.96,26.46,23.59,24.64,26.66,26.81,29.32
16045,62.56,71.7,82.05,82.29,83.87,83.79,84.94
16047,44.73,43.17,42.13,36.6,31.79,26.01,21.69
16049,86.82,89.34,91.92,92.42,94.06,95.28,96.69
16051,23.02,21.3,20.02,16.96,14.46,10.03,7.83
16053,26.52,22.17,17.45,17.42,17.83,17.35,18.55
16055,33.4,32.87,31.95,31.11,31.69,31.29,31.22
16057,14.45,17.01,19.85,19.77,20.68,21.25,21.6
16059,68.26,75.29,82.61,76.9,72.56,66.73,61.74
16061,86.82,87.84,88.7,91.19,94.61,97.72,101.16
16063,34.16,30.99,28.01,33.91,40.45,45.98,52.87
16065,0.29,-0.74,-1.02,-0.15,1.29,1.11,3.16
16067,30.82,26.34,21.32,28.88,36.82,43.43,52.61
16069,67.62,68.57,69.59,69.32,69.73,69.87,70.4
16071,47.85,57.73,68.56,68.32,68.18,66.84,67.63
16073,50.08,52.7,55.86,58.09,61.47,63.31,66.72
16075,40.75,46.26,52.7,59.88,68.21,75.24,83.2
16077,48.93,56.7,65.32,67.03,69.03,69.7,72.33
16079,82.74,87.23,92.25,94.85,98.83,102.46,106.36
16081,18.31,11.32,3.34,1.83,1.16,-0.77,-1.08
16083,25.25,24.44,24.01,26.83,30.41,32.63,36.97
16085,53.68,65.35,78.16,80.47,84.4,87.05,90.42
16087,85.8,83.46,80.19,81.47,83.44,84.3,86.05
17001,34.89,33.71,32.71,33.16,34.07,31.86,32.26
17003,95.45,94.45,93.7,92.21,91.68,88.94,87.69
17005,46.74,51.18,56.2,54.8,53.45,49.5,49.19
17007,4.39,6.54,8.89,11.17,14.8,15.18,18.49
17009,11.46,12.94,14.55,24.32,33.88,40.9,50.86
17011,28.18,29.37,30.52,30.04,29.4,26.09,25.6
17013,55.71,59.34,63.5,69.01,74.75,78.02,84.23
17015,53.68,48.78,42.92,39.36,36.07,29.91,26.52
17017,31.65,30.37,28.62,29.49,29.9,27.32,28.25
17019,3.09,3.25,3.08,3.12,3.49,1.15,1.49
17021,40.75,39.85,38.84,31.29,24.52,14.87,8.51
17023,43.11,51.26,60.16,60.75,61.59,60.45,62.11
17025,67.62,71.82,76.39,79.35,82.96,83.89,87.52
17027,17.54,22.36,28.21,33.03,37.88,39.98,45.6
17029,32.51,32.23,31.64,38.04,44.75,49.25,56.1
17031,9.71,9.05,8.41,7.96,9.14,7.06,8.13
17033,54.76,57.16,59.13,57.61,56.96,54.25,54.37
17035,74.59,74.24,73.47,69.4,66.1,60.24,57.11
17037,2.9,4.47,5.9,6.51,8.01,6.27,7.96
17039,29.96,26.14,21.54,20.28,19.43,15.45,14.55
17041,9.71,10.42,11.08,13.38,16.41,16.9,19.85
17043,1.97,1.9,1.83,1.82,3.33,1.39,2.92
17045,41.45,47.57,54.23,55.76,57.85,57.76,59.95
17047,54.76,53.92,52.33,55.71,59.35,60.72,64.62
17049,19.8,22.86,26.49,26.3,26.64,24.81,26.3
17051,63.67,63.76,63.69,65.76,68.4,68.37,72.24
17053,50.08,55.24,61.0,59.32,58.33,53.98,52.94
17055,85.32,83.94,82.02,84.3,86.74,85.7,87.9
17057,44.73,45.17,45.41,45.51,45.53,43.14,43.1
17059,85.8,87.85,90.3,92.33,95.09,94.91,97.39
17061,54.76,54.65,54.45,56.52,58.68,58.23,60.85
17063,10.98,11.71,12.28,8.67,6.18,0.15,-2.53
17065,61.64,60.56,59.12,67.55,76.5,82.51,91.32
17067,41.45,37.89,33.4,32.44,32.23,28.96,27.98
17069,99.59,99.63,99.48,99.09,99.88,97.27,97.24
17071,59.22,61.61,63.95,64.87,66.45,65.26,65.58
17073,18.94,19.9,20.89,21.44,21.82,20.11,20.2
17075,29.96,34.09,39.03,43.65,48.59,50.74,56.14
17077,23.72,25.12,26.96,31.03,35.78,36.89,41.11
17079,37.89,46.4,55.97,66.93,78.8,88.13,100.32
17081,62.56,66.82,71.88,76.21,81.04,82.5,87.16
17083,11.97,18.89,26.73,28.9,31.13,30.56,33.35
17085,21.46,20.73,20.17,28.29,37.17,43.3,51.65
17087,77.17,73.29,68.66,63.08,58.6,50.89,45.77
17089,1.97,2.06,2.02,1.98,3.35,1.72,3.34
17091,58.42,59.0,59.84,49.47,39.57,26.89,17.39
17093,1.02,1.12,1.04,0.87,2.1,-0.31,0.65
17095,47.85,52.46,57.85,57.14,56.73,53.96,52.93
17097,1.97,2.15,2.31,2.64,4.48,3.23,5.55
17099,25.25,26.91,28.56,28.89,30.07,27.7,28.43
17101,75.96,81.63,87.66,86.46,85.72,83.21,83.08
17103,18.94,25.18,32.2,37.3,42.29,44.79,49.91
17105,32.51,36.8,41.6,45.44,49.91,50.99,55.38
17107,46.74,47.33,48.02,49.24,50.6,48.96,50.7
17109,14.45,17.55,20.88,25.07,29.15,30.59,34.35
17111,1.97,2.46,2.87,3.5,5.81,4.98,7.16
17113,4.81,4.51,4.1,4.3,4.9,2.27,3.23
17115,37.89,41.25,45.56,47.13,49.16,48.52,50.85
17117,51.19,52.76,54.39,51.14,48.24,42.94,40.65
17119,21.46,22.54,23.38,27.26,31.28,32.71,37.15
17121,75.96,74.14,71.49,71.7,72.38,69.89,71.1
17123,32.51,30.34,27.72,26.71,26.44,22.75,22.24
17125,60.94,58.5,55.38,59.74,63.73,65.24,69.7
17127,84.24,83.3,82.46,84.22,87.25,87.32,89.72
17129,19.8,22.69,26.28,31.17,35.92,37.63,42.75
17131,28.18,26.21,23.63,22.45,21.54,18.22,16.82
17133,7.9,7.15,6.54,5.76,5.13,1.97,1.97
17135,39.83,40.48,41.19,38.14,35.71,30.42,28.53
17137,44.03,42.46,40.78,47.57,54.21,58.2,65.59
17139,19.8,16.83,13.52,15.1,17.29,16.89,19.45
17141,11.97,16.11,20.67,21.11,21.75,19.49,20.27
17143,14.45,14.39,14.27,15.21,16.21,14.37,15.88
17145,61.64,58.98,56.02,64.61,73.12,78.48,86.78
17147,9.11,10.95,13.2,17.2,22.22,24.36,29.22
17149,51.74,53.66,56.33,57.13,57.56,55.42,56.36
17151,89.62,92.8,96.88,97.46,99.38,97.69,99.11
17153,95.29,94.78,94.63,94.89,96.18,94.96,95.24
17155,13.72,15.39,17.22,17.36,18.03,15.57,16.16
17157,51.19,49.32,47.63,50.01,52.48,52.05,54.45
17159,69.02,70.35,71.19,67.52,64.68,59.31,56.36
17161,28.84,27.99,27.07,27.95,28.62,27.3,27.84
17163,28.84,27.96,26.72,26.42,26.18,23.66,23.94
17165,88.98,88.49,87.66,89.41,91.94,91.41,93.36
17167,36.01,35.56,35.03,34.65,34.55,31.39,31.4
17169,51.74,57.95,65.23,74.17,82.97,88.81,97.59
17171,28.18,22.41,15.53,16.94,17.85,16.14,17.5
17173,44.73,35.19,24.04,21.68,20.1,15.84,15.05
17175,62.56,60.59,58.13,44.45,31.01,14.49,0.58
17177,44.03,41.56,38.55,39.87,41.96,41.23,43.33
17179,14.45,14.31,14.34,15.94,17.63,16.59,18.94
17181,69.79,69.18,68.68,68.75,69.65,67.5,67.87
17183,47.85,48.88,49.95,50.04,50.35,47.78,48.19
17185,69.02,70.85,72.4,70.82,69.49,66.19,65.35
17187,19.8,21.17,22.52,24.58,27.33,27.85,29.96
17189,34.89,29.65,23.35,22.18,21.36,17.46,16.86
17191,58.42,61.76,65.38,69.65,74.29,76.24,81.1
17193,76.5,78.61,80.97,82.53,84.84,84.3,86.92
17195,44.03,46.67,49.5,46.22,42.99,37.22,33.66
17197,2.55,2.78,3.03,2.38,3.28,0.53,1.35
17199,51.19,55.32,60.47,63.95,68.12,68.92,72.54
17201,30.82,32.66,34.45,34.94,36.84,35.72,37.42
17203,5.16,5.04,4.84,5.63,6.51,4.77,6.26
18001,18.31,20.36,22.73,20.93,18.66,13.25,12.36
18003,16.71,18.11,19.82,20.05,20.52,17.62,18.89
18005,23.72,23.82,23.88,22.74,21.92,18.56,18.54
18007,71.76,69.83,67.87,70.03,72.27,71.66,74.11
18009,88.98,87.19,85.26,85.01,85.02,81.88,82.31
18011,3.09,5.21,7.66,7.15,7.29,4.89,4.73
18013,18.31,19.26,20.1,22.87,25.57,25.85,29.55
18015,39.83,44.31,49.59,51.35,52.97,51.57,53.06
18017,37.89,40.82,44.27,46.0,47.76,46.36,48.13
18019,44.73,46.43,48.6,42.75,37.44,30.01,25.82
18021,68.26,70.57,72.58,71.9,71.61,69.34,69.18
18023,37.03,34.03,30.13,32.0,34.22,33.68,35.77
18025,86.44,85.94,84.83,83.78,83.9,82.06,82.72
18027,30.82,33.3,35.19,36.92,39.58,40.13,43.21
18029,20.89,19.85,18.3,17.7,17.04,13.54,14.18
18031,31.65,33.34,35.36,36.22,36.73,34.61,36.23
18033,63.67,58.78,52.63,45.35,38.71,28.76,23.1
18035,64.37,62.44,60.31,59.41,58.86,55.28,54.97
18037,7.45,8.42,8.7,9.57,11.26,10.73,13.08
18039,30.82,31.17,31.18,29.24,28.09,23.66,23.17
18041,85.8,82.3,78.07,74.66,71.29,65.17,62.73
18043,34.16,34.0,33.45,28.47,23.94,17.17,13.9
18045,62.56,64.66,67.25,68.92,70.57,69.58,71.3
18047,32.51,32.24,32.1,30.32,28.4,24.11,23.27
18049,56.73,57.4,58.07,58.45,59.3,56.71,57.43
18051,37.89,42.6,47.71,48.52,49.93,49.24,51.35
18053,71.12,69.81,68.63,71.86,75.49,75.87,79.91
18055,72.62,75.82,79.08,78.37,78.36,76.34,76.38
18057,1.02,1.0,0.9,1.0,2.11,0.09,0.95
18059,24.45,25.06,25.84,25.55,25.96,23.32,23.8
18061,59.22,63.95,69.4,68.86,68.8,66.79,67.74
18063,6.24,9.34,12.68,11.69,11.38,8.43,7.76
18065,62.56,62.94,63.71,64.12,64.43,61.87,62.54
18067,65.87,66.42,67.19,67.84,68.82,66.99,67.86
18069,38.78,39.18,39.75,38.27,37.44,33.06,32.43
18071,23.72,24.97,26.67,34.34,42.39,48.09,56.95
18073,33.4,28.67,23.48,31.38,39.35,43.9,51.54
18075,59.22,58.03,56.62,57.18,57.4,54.63,55.48
18077,52.66,49.34,45.62,49.08,52.62,53.75,58.71
18079,50.08,49.65,49.23,55.45,61.82,65.63,72.8
18081,7.9,8.42,8.73,8.37,8.05,5.37,5.4
18083,37.03,46.47,57.05,65.58,75.01,82.27,92.19
18085,21.46,24.48,27.86,29.37,31.44,30.21,32.31
18087,10.32,10.35,9.98,8.76,8.2,4.19,4.39
18089,36.01,35.43,34.93,34.58,35.18,32.44,33.01
18091,37.03,35.04,32.78,32.67,32.89,29.56,29.79
18093,62.56,63.72,64.45,69.5,75.5,79.25,85.62
18095,72.62,70.96,69.16,69.84,71.12,69.43,70.79
18097,33.4,33.65,33.83,32.85,32.44,29.46,29.13
18099,28.84,31.09,33.6,34.59,36.19,34.33,36.17
18101,29.96,39.13,49.54,60.6,72.17,81.71,93.8
18103,65.87,63.34,60.33,60.49,60.69,58.07,58.84
18105,10.98,11.22,11.14,12.14,13.57,12.51,14.31
18107,42.31,43.41,44.46,44.17,44.06,41.37,41.36
18109,44.73,46.08,47.42,47.08,46.85,44.34,44.54
18111,53.68,45.78,36.61,42.07,47.37,49.78,55.15
18113,30.82,32.0,33.12,32.82,33.14,30.55,31.76
18115,16.71,22.87,30.22,29.44,28.32,24.6,25.18
18117,64.37,69.59,75.25,81.76,89.3,94.96,103.17
18119,61.64,64.53,67.55,67.97,68.7,67.31,68.36
18121,45.78,52.44,60.05,66.45,73.12,77.63,84.34
18123,43.11,44.43,45.55,44.65,44.75,42.66,42.93
18125,66.92,71.31,75.72,74.16,73.41,70.62,70.51
18127,13.34,12.39,11.68,11.7,12.32,9.36,9.55
18129,17.54,19.4,21.19,21.84,23.06,21.84,23.54
18131,65.27,64.05,62.81,64.7,66.47,65.35,67.13
18133,46.74,49.59,52.37,46.21,40.59,32.77,27.28
18135,60.94,59.23,57.26,59.28,61.41,60.45,62.93
18137,34.89,33.73,32.23,30.6,28.7,24.25,23.85
18139,51.19,50.54,49.77,44.21,38.4,29.99,24.88
18141,32.51,32.08,31.15,30.85,30.93,27.67,28.27
18143,77.17,71.8,65.41,67.81,71.07,71.92,76.19
18145,25.25,28.12,31.48,30.27,29.09,25.28,24.59
18147,34.89,35.6,35.94,39.5,43.98,45.85,50.56
18149,69.02,66.98,64.8,59.33,54.25,45.6,40.19
18151,34.89,39.11,44.26,43.61,43.46,39.88,40.92
18153,75.96,74.11,71.07,72.8,75.76,76.39,79.42
18155,37.03,45.01,54.53,57.79,60.72,61.07,65.8
18157,6.91,6.64,6.4,8.42,10.56,9.95,11.93
18159,65.27,63.5,61.51,61.56,62.3,60.24,60.94
18161,38.78,40.07,41.75,46.78,52.08,54.5,60.4
18163,37.03,39.85,42.83,45.86,49.79,50.99,55.62
18165,63.67,65.87,67.6,71.19,75.16,76.84,80.72
18167,60.17,65.08,70.19,71.38,72.73,72.46,73.97
18169,52.66,48.57,43.66,40.82,38.41,32.39,29.96
18171,65.27,59.96,53.46,55.68,57.73,57.2,59.51
18173,11.97,14.59,17.17,18.15,20.1,19.48,22.04
18175,65.87,67.11,68.62,71.26,75.13,76.7,81.41
18177,69.79,70.5,71.38,71.48,71.93,69.28,70.08
18179,25.25,25.01,24.69,25.28,25.72,23.01,24.3
18181,48.93,50.97,53.62,57.26,60.95,61.77,65.48
18183,47.85,51.64,56.07,51.87,48.56,41.94,39.03
19001,41.45,44.46,48.09,52.82,57.12,58.06,61.56
19003,53.68,52.08,50.27,42.89,34.65,23.44,14.6
19005,18.94,18.22,17.08,15.6,14.86,11.45,9.53
19007,51.19,55.03,59.61,65.21,72.05,74.88,80.55
19009,17.54,20.15,23.53,24.5,25.07,22.09,22.08
19011,21.46,18.88,16.22,14.77,14.03,10.71,8.82
19013,20.89,17.75,14.2,14.32,14.76,12.6,11.31
19015,23.02,30.47,39.39,40.2,40.58,37.38,37.01
19017,4.81,4.69,4.57,5.43,6.72,4.94,5.06
19019,11.97,10.9,10.0,12.08,14.32,14.17,15.4
19021,4.11,4.11,4.13,5.24,6.24,3.54,3.42
19023,6.91,7.43,8.14,8.85,9.66,7.89,7.34
19025,41.45,38.37,34.91,30.04,25.43,16.98,11.69
19027,13.72,13.38,13.18,11.58,9.25,3.59,1.1
19029,59.22,52.58,44.63,36.93,28.24,16.53,7.49
19031,13.34,13.44,13.73,12.08,10.88,7.37,5.19
19033,27.19,32.15,37.86,37.66,37.81,35.4,34.8
19035,21.46,25.55,30.2,34.06,37.59,38.45,41.03
19037,30.82,33.68,37.07,34.54,32.23,27.56,24.48
19039,48.93,43.45,36.84,33.77,30.54,23.92,19.58
19041,34.16,32.37,29.84,36.59,43.31,46.99,53.24
19043,19.8,24.47,29.89,29.9,30.73,28.84,28.18
19045,27.19,29.19,31.59,30.34,29.17,25.48,23.82
19047,23.02,23.63,24.4,30.05,35.31,37.01,41.48
19049,1.46,1.72,1.74,1.2,0.26,-4.09,-5.94
19051,23.02,22.2,21.32,19.41,18.61,14.08,11.83
19053,66.92,68.91,71.51,63.2,54.57,43.02,33.7
19055,20.89,17.41,13.22,13.23,13.69,11.62,11.11
19057,41.45,42.91,44.09,45.08,47.29,46.43,47.24
19059,36.01,35.35,34.28,37.4,40.63,40.74,43.29
19061,13.72,13.09,12.32,12.45,13.48,11.32,11.42
19063,18.94,27.47,37.46,40.93,44.42,44.88,47.75
19065,38.78,37.16,35.18,37.57,40.52,40.88,42.68
19067,34.89,37.62,40.7,45.94,51.37,54.67,59.52
19069,29.96,28.56,26.69,18.75,10.95,0.29,-8.5
19071,46.74,46.13,45.13,38.91,30.91,20.59,12.75
19073,61.64,60.41,58.89,55.53,51.79,44.88,41.17
19075,10.32,10.37,10.75,9.62,8.89,5.25,3.16
19077,33.4,33.63,33.8,32.64,31.08,26.41,24.29
19079,25.25,25.49,25.78,23.06,20.24,14.13,10.59
19081,10.98,14.88,19.14,21.23,23.67,23.19,25.12
19083,23.72,20.61,16.91,15.26,13.01,8.21,5.06
19085,47.85,47.47,46.87,37.94,27.97,15.14,4.55
19087,22.32,30.87,40.78,38.96,38.57,35.02,32.8
19089,19.8,18.79,17.62,14.83,12.89,8.24,5.31
19091,19.8,20.32,20.88,24.78,29.03,30.05,33.96
19093,28.84,28.36,27.77,32.39,36.9,38.1,41.21
19095,19.8,17.74,15.57,16.93,18.22,17.02,17.49
19097,21.46,22.09,22.99,21.86,21.35,17.82,16.52
19099,48.93,43.79,37.61,35.95,34.14,29.05,26.01
19101,5.76,5.8,5.83,8.07,11.23,11.11,13.0
19103,1.37,1.07,0.8,0.27,0.23,-2.32,-3.12
19105,28.84,27.1,25.25,21.44,18.67,13.0,8.81
19107,45.78,45.73,45.86,43.95,42.4,38.12,35.76
19109,24.45,25.69,26.71,35.72,45.21,51.7,60.31
19111,52.66,57.41,63.24,62.2,62.39,59.3,58.03
19113,7.9,7.67,7.77,7.47,7.51,5.39,4.21
19115,11.46,15.21,19.46,17.54,16.08,11.73,9.26
19117,44.73,47.27,50.17,53.18,56.77,56.74,58.98
19119,10.98,12.07,13.15,11.94,10.31,5.96,3.8
19121,18.31,19.52,20.75,21.89,22.55,19.9,19.79
19123,28.84,30.19,32.16,31.66,31.7,28.6,27.43
19125,21.46,24.75,28.79,32.09,35.74,36.04,38.44
19127,25.25,23.84,22.72,20.44,18.11,12.73,9.24
19129,54.76,58.58,63.05,56.85,48.96,38.62,30.87
19131,8.63,8.77,8.66,14.17,20.16,23.5,28.73
19133,41.45,39.09,36.47,38.39,39.61,37.87,38.4
19135,42.31,40.05,37.35,31.56,26.71,18.39,12.25
19137,69.02,68.75,68.58,62.17,54.48,43.81,35.92
19139,16.71,14.84,12.55,10.05,8.05,3.34,0.52
19141,23.72,23.86,23.58,26.76,29.7,30.19,32.41
19143,17.54,22.81,29.08,27.37,25.36,20.83,18.34
19145,58.42,58.69,59.01,58.37,56.35,51.55,49.51
19147,39.83,44.21,48.96,47.35,46.01,41.32,38.7
19149,9.11,13.67,18.89,16.61,14.13,9.05,5.43
19151,20.89,23.16,25.81,32.71,39.91,43.47,49.77
19153,10.32,11.11,12.03,11.76,11.01,7.13,5.24
19155,37.03,39.22,41.7,39.28,35.19,28.97,24.72
19157,28.84,23.31,17.17,11.97,7.15,-0.95,-6.76
19159,52.66,52.54,52.41,44.34,35.52,23.71,14.39
19161,28.84,24.96,20.3,16.12,11.74,3.97,-1.18
19163,8.63,8.75,8.83,8.96,8.86,6.84,6.44
19165,48.93,48.22,47.49,42.07,35.46,25.74,18.92
19167,0.67,1.49,2.12,2.02,1.52,-1.76,-2.89
19169,0.86,1.25,1.46,0.81,-0.43,-4.74,-6.58
19171,30.82,26.94,23.0,19.06,15.39,8.85,3.79
19173,40.75,39.32,37.61,42.33,46.32,47.11,50.43
19175,46.74,47.92,49.51,53.89,57.64,58.0,60.78
19177,32.51,30.67,28.46,31.56,35.92,36.63,39.53
19179,51.74,46.25,39.8,37.45,36.02,30.97,28.24
19181,10.98,12.36,13.97,15.02,15.72,13.46,12.95
19183,30.82,30.51,29.95,22.84,16.16,6.6,-0.79
19185,65.27,65.37,65.4,60.53,56.27,48.62,43.31
19187,44.73,41.71,38.13,35.72,33.72,27.95,24.9
19189,34.89,37.77,40.79,42.33,44.08,43.31,44.43
19191,2.74,2.64,2.56,6.63,11.82,14.2,17.88
19193,18.94,20.32,22.07,22.52,22.43,19.72,18.3
19195,32.51,32.55,32.3,34.79,37.44,37.49,39.24
19197,29.96,29.71,29.45,32.44,35.26,35.11,37.62
20001,82.74,81.91,81.5,79.01,76.89,71.48,70.15
20003,65.87,51.81,35.48,32.91,30.46,25.22,23.31
20005,57.62,56.36,54.44,51.96,48.71,43.09,39.87
20007,44.03,44.51,45.09,48.52,53.26,54.74,59.2
20009,38.78,35.09,30.59,37.36,44.62,49.17,56.04
20011,69.79,72.03,74.89,79.1,83.08,83.8,88.63
20013,65.27,66.09,66.53,62.37,57.09,49.2,44.02
20015,28.84,24.86,20.19,18.18,17.14,12.55,11.8
20017,59.22,58.36,57.12,60.66,64.12,64.59,68.27
20019,95.29,93.88,92.3,91.99,92.77,89.78,90.58
20021,84.75,83.49,82.31,86.38,90.58,92.15,97.72
20023,51.19,53.84,57.04,55.35,52.67,46.48,42.91
20025,56.73,52.78,48.67,41.32,35.35,26.76,20.49
20027,54.76,50.93,46.65,46.2,44.57,40.14,39.04
20029,54.76,51.24,47.62,43.31,37.84,29.13,23.71
20031,30.82,35.44,41.08,49.4,57.85,63.53,72.97
20033,46.74,41.81,36.78,30.8,26.29,18.71,13.47
20035,61.64,59.51,57.28,61.01,65.81,67.09,72.21
20037,51.74,52.23,52.94,52.93,52.63,49.55,50.76
20039,90.51,88.61,86.71,77.65,67.83,54.42,43.52
20041,53.68,57.11,61.31,65.27,68.73,69.08,72.62
20043,36.01,39.99,44.7,49.83,54.05,55.64,59.8
20045,6.24,6.59,6.94,7.95,9.37,8.03,9.79
20047,32.51,40.3,50.21,43.99,38.74,30.57,24.68
20049,85.32,87.39,89.91,93.33,97.2,97.73,101.86
20051,10.32,11.63,13.2,16.01,19.25,19.78,22.8
20053,55.71,56.75,57.66,62.35,67.28,69.21,73.93
20055,6.24,6.83,7.42,8.36,9.68,8.6,9.7
20057,9.11,7.77,6.7,5.62,5.47,2.74,2.04
20059,43.11,40.3,37.53,36.57,36.04,32.54,32.65
20061,11.97,14.9,18.01,20.07,21.39,19.87,21.72
20063,30.82,33.42,36.48,43.23,49.9,54.06,59.92
20065,71.12,74.16,77.79,79.82,81.54,80.41,81.63
20067,1.46,5.21,9.74,10.11,10.93,9.52,10.26
20069,10.32,12.79,15.99,14.4,13.25,10.28,9.22
20071,33.4,46.17,60.43,72.06,83.53,92.71,104.24
20073,65.87,73.16,81.36,84.82,88.68,89.34,93.69
20075,25.25,18.4,9.86,17.4,24.99,30.39,38.16
20077,36.01,43.6,52.58,53.06,54.68,53.37,54.68
20079,25.25,28.84,33.27,40.33,47.71,51.74,59.15
20081,5.48,3.91,1.99,1.09,0.84,-1.65,-1.74
20083,70.49,62.49,53.24,42.22,31.97,19.1,8.09
20085,36.01,44.97,55.21,61.89,67.65,70.87,77.17
20087,30.82,34.58,38.55,40.43,42.16,41.24,43.12
20089,44.73,50.72,57.72,65.49,72.86,76.89,84.23
20091,3.09,3.41,3.81,4.29,5.36,3.25,4.37
20093,17.54,16.87,15.93,18.69,21.77,22.27,24.97
20095,44.03,49.54,55.75,49.43,44.11,35.34,29.8
20097,73.96,61.91,47.89,44.12,41.37,35.45,32.13
20099,74.59,73.68,72.82,75.42,78.13,77.98,82.24
20101,62.56,62.93,63.55,62.47,62.11,58.69,57.73
20103,38.78,40.66,42.76,44.55,46.57,46.12,48.34
20105,36.01,42.7,50.39,56.57,62.98,66.24,72.41
20107,80.64,77.61,74.81,76.46,77.84,76.55,79.04
20109,37.03,34.92,32.31,34.91,37.1,36.86,38.74
20111,25.25,28.11,31.2,31.28,31.07,28.02,28.86
20113,17.54,18.23,19.14,22.23,25.33,25.39,28.93
20115,61.64,55.18,47.44,50.98,54.73,55.0,58.73
20117,43.11,46.28,50.02,51.12,51.21,48.04,47.71
20119,9.11,7.82,6.49,6.04,6.96,5.52,6.63
20121,19.8,18.57,17.46,21.35,26.16,27.68,32.79
20123,33.4,36.33,39.35,44.93,50.13,51.97,56.77
20125,73.96,70.8,67.29,71.0,75.36,76.44,81.44
20127,55.71,58.29,60.96,63.34,65.39,64.54,66.79
20129,34.16,38.03,42.24,49.69,58.08,63.96,71.54
20131,24.45,26.4,28.12,27.87,26.3,21.89,20.51
20133,67.62,66.68,65.64,68.52,71.71,71.62,75.75
20135,56.73,51.76,46.15,51.01,56.67,59.61,64.69
20137,50.08,49.71,49.57,36.86,24.11,7.49,-6.47
20139,66.92,64.74,62.02,61.92,61.64,58.43,58.91
20141,59.22,66.97,75.83,75.67,75.26,72.08,71.3
20143,42.31,36.96,30.49,27.93,24.95,18.86,15.59
20145,59.22,60.09,61.15,65.71,70.9,73.67,78.58
20147,46.74,47.64,48.98,51.35,53.33,52.13,53.3
20149,4.52,5.46,5.94,6.33,5.61,2.03,1.85
20151,37.03,36.2,35.27,25.75,17.22,5.78,-2.77
20153,58.42,59.55,61.06,68.35,75.22,78.21,83.58
20155,43.11,42.81,42.1,42.92,44.97,43.84,45.61
20157,59.22,48.63,36.36,32.97,28.54,20.71,16.29
20159,37.89,40.9,44.32,49.51,54.87,57.39,62.96
20161,0.89,2.26,3.52,5.46,6.24,4.2,5.5
20163,60.17,53.51,45.57,47.11,48.6,47.31,48.46
20165,60.94,61.34,62.03,62.03,62.72,60.92,61.39
20167,65.87,64.77,63.31,67.23,71.83,73.16,77.94
20169,22.32,23.05,23.87,31.49,38.51,42.5,49.88
20171,15.09,12.36,8.63,6.86,5.05,1.07,-1.19
20173,21.46,19.51,17.44,20.25,24.01,24.04,27.63
20175,1.97,1.8,1.64,1.74,2.64,1.41,2.38
20177,43.11,43.05,42.44,38.76,34.69,27.76,23.88
20179,37.89,39.79,41.85,43.41,44.27,42.43,42.82
20181,69.79,66.06,61.43,63.33,64.29,62.27,62.76
20183,68.26,70.2,72.24,71.96,71.59,68.05,67.34
20185,44.73,45.81,47.04,46.34,46.05,43.03,42.57
20187,11.46,13.77,16.36,39.94,64.19,86.0,109.97
20189,11.46,9.16,6.42,8.24,10.67,10.98,13.56
20191,38.78,35.24,31.14,35.58,41.44,43.3,48.8
20193,19.8,18.65,17.34,27.27,36.82,43.59,52.09
20195,6.24,7.21,8.23,15.81,23.2,27.67,34.48
20197,32.51,40.81,50.17,52.85,54.86,53.95,56.06
20199,58.42,65.47,73.03,72.59,71.72,68.0,66.9
20201,55.71,48.22,39.7,36.77,32.63,25.22,20.7
20203,14.45,24.7,36.14,58.36,80.39,100.33,122.36
20205,92.36,92.15,91.74,92.27,93.18,90.8,92.25
20207,76.5,78.05,79.63,84.9,90.41,92.91,98.82
20209,38.78,38.8,38.57,40.08,42.32,41.81,44.01
21001,64.37,67.33,70.82,72.94,76.27,76.53,79.86
21003,67.62,72.74,78.78,82.43,86.54,88.25,92.06
21005,38.78,44.02,50.19,56.36,62.94,66.81,74.7
21007,57.62,50.53,41.98,47.55,54.34,58.56,64.48
21009,80.64,81.06,81.49,83.07,85.12,85.27,87.95
21011,90.51,92.05,93.34,94.46,94.99,93.19,95.1
21013,99.46,99.15,99.01,99.39,100.3,98.81,100.08
21015,13.34,13.54,13.7,13.38,12.95,9.66,10.71
21017,43.11,46.15,49.28,51.72,53.94,53.6,56.81
21019,85.8,85.37,85.03,87.67,89.54,89.06,92.31
21021,71.76,68.54,64.45,62.11,60.27,55.73,54.48
21023,48.93,45.51,41.15,33.68,25.54,15.18,8.6
21025,99.9,99.9,99.99,100.02,99.65,97.17,98.35
21027,85.32,86.04,86.68,86.56,87.14,85.46,85.96
21029,40.75,43.11,45.72,49.0,52.59,54.19,58.8
21031,84.75,87.91,91.79,91.26,91.24,89.8,90.22
21033,69.79,73.0,76.79,83.29,90.78,95.86,102.88
21035,37.89,35.8,32.92,39.17,46.61,51.56,58.64
21037,25.25,21.82,17.73,17.09,16.1,12.85,13.3
21039,47.85,48.31,48.9,46.87,46.2,43.11,42.26
21041,81.95,81.11,79.82,74.69,69.24,61.47,57.72
21043,81.95,81.23,80.33,81.35,81.42,78.93,80.45
21045,88.98,89.0,88.93,89.31,90.37,89.01,90.19
21047,31.65,37.78,45.32,51.82,59.26,64.45,71.74
21049,63.67,65.88,68.31,70.79,73.0,72.47,75.61
21051,93.47,94.41,95.84,97.25,98.63,97.48,99.45
21053,52.66,50.7,48.59,56.16,64.17,69.74,78.18
21055,65.27,68.25,71.78,78.13,85.24,89.5,96.3
21057,65.27,60.06,54.12,48.34,42.99,35.34,30.36
21059,50.08,53.39,57.17,55.5,54.55,51.55,50.6
21061,97.71,98.27,98.84,98.72,99.56,98.61,99.39
21063,91.82,91.4,90.85,93.23,94.57,93.66,96.4
21065,98.38,98.45,98.62,98.63,99.03,96.59,97.72
21067,16.05,15.78,15.39,16.97,18.62,17.63,20.6
21069,87.81,90.54,93.28,94.21,94.13,91.56,93.29
21071,99.11,99.32,99.41,99.44,98.68,95.92,96.81
21073,61.64,62.56,63.57,64.62,65.64,64.14,66.64
21075,86.82,89.33,91.98,92.61,94.49,94.17,95.82
21077,48.93,48.79,47.97,43.62,39.07,31.81,28.98
21079,80.64,82.07,83.99,82.88,82.03,78.61,78.34
21081,48.93,52.47,56.36,58.15,59.43,58.53,61.89
21083,47.85,51.44,55.55,60.72,67.48,71.09,77.45
21085,89.4,85.53,80.52,79.51,79.44,77.09,77.14
21087,94.97,96.27,97.29,97.89,99.33,98.09,99.52
21089,83.22,80.94,78.27,80.8,82.86,82.05,85.54
21091,73.48,76.73,80.48,75.32,71.0,64.53,60.44
21093,55.71,60.59,65.97,67.24,69.14,69.17,71.71
21095,99.71,99.81,99.84,99.92,100.01,97.87,99.13
21097,75.96,75.18,73.65,69.04,64.09,56.9,53.68
21099,88.16,87.67,86.83,88.04,90.33,90.56,92.97
21101,75.33,76.93,78.6,82.16,86.72,88.6,93.51
21103,62.56,63.26,64.05,69.88,75.91,79.48,86.73
21105,79.53,85.69,93.07,95.13,98.55,99.41,102.67
21107,66.92,66.43,65.74,68.23,71.48,72.39,75.56
21109,99.84,99.65,99.57,99.62,99.81,97.88,98.74
21111,44.73,43.78,42.24,39.86,37.64,33.65,32.84
21113,50.08,51.06,52.27,49.46,47.06,42.03,40.8
21115,99.17,99.28,99.42,99.19,98.26,94.89,95.41
21117,38.78,37.65,36.16,36.01,35.69,32.82,33.9
21119,98.79,99.3,99.69,99.71,99.82,97.56,99.42
21121,82.74,76.97,70.36,65.54,60.89,53.71,49.37
21123,77.17,81.13,85.41,85.91,87.25,86.33,88.1
21125,74.59,72.76,70.97,73.16,75.24,75.12,77.99
21127,97.1,96.65,96.0,95.31,93.66,90.17,90.1
21129,99.97,99.81,99.62,99.67,99.86,97.99,99.45
21131,99.55,99.75,100.04,99.97,100.15,97.51,98.27
21133,98.89,99.61,100.11,100.18,100.11,97.84,99.48
21135,94.49,94.29,93.85,92.29,89.36,83.61,82.93
21137,88.98,87.99,86.85,84.15,81.4,76.44,74.71
21139,91.82,91.02,89.96,91.73,94.87,94.98,97.39
21141,59.22,57.72,56.16,51.91,48.02,42.07,38.54
21143,95.7,93.82,91.23,92.05,94.15,93.38,94.97
21145,64.37,60.99,57.02,55.73,55.8,52.84,52.32
21147,99.11,98.42,97.73,97.99,98.27,96.55,97.62
21149,72.62,72.25,71.68,70.65,70.46,68.16,68.3
21151,53.68,54.56,55.55,57.01,58.76,57.87,60.44
21153,98.5,98.74,99.1,99.33,99.12,96.71,98.13
21155,47.85,54.91,62.8,72.53,83.15,90.63,101.23
21157,48.93,51.93,55.57,64.75,74.77,82.2,92.17
21159,99.75,99.61,99.44,99.39,98.48,95.36,95.95
21161,61.64,66.83,72.95,73.61,73.12,70.26,72.05
21163,54.76,60.9,67.7,70.03,73.16,74.49,78.26
21165,95.7,93.49,90.74,90.92,90.43,87.7,88.62
21167,81.95,80.92,79.5,77.75,76.77,72.98,72.57
21169,94.3,94.22,94.07,94.33,95.38,94.11,95.68
21171,94.97,94.19,93.37,92.71,92.86,90.72,91.08
21173,81.95,83.6,85.25,86.38,86.95,84.96,86.74
21175,94.81,95.62,96.64,97.7,98.05,96.03,97.68
21177,85.8,86.22,86.91,89.27,92.52,93.79,97.22
21179,60.94,61.75,62.17,66.98,72.23,75.06,81.06
21181,57.62,70.74,86.12,90.75,94.8,96.42,101.93
21183,90.13,89.01,87.5,85.96,85.11,82.36,81.88
21185,2.32,2.83,3.65,4.09,5.0,3.55,5.9
21187,76.5,80.74,85.6,85.78,85.72,83.11,84.69
21189,99.97,99.54,99.14,99.08,99.1,97.04,98.34
21191,64.37,67.86,72.04,72.61,73.11,71.26,73.27
21193,98.15,98.73,99.27,99.38,99.72,97.5,98.8
21195,99.59,99.4,99.13,99.02,97.81,94.79,95.78
21197,97.58,96.17,94.37,94.03,93.54,90.48,91.04
21199,88.98,89.15,89.51,85.8,82.04,76.27,73.61
21201,77.84,79.64,81.29,67.33,52.73,35.71,22.8
21203,94.49,94.18,93.82,94.59,95.52,93.97,95.34
21205,59.22,59.66,60.03,64.79,68.73,70.17,75.77
21207,90.51,88.06,85.05,79.84,75.34,68.21,63.88
21209,28.18,23.85,18.3,19.5,20.64,19.2,21.55
21211,22.32,23.78,25.5,33.18,41.45,46.81,55.97
21213,43.11,41.91,40.31,32.76,25.31,15.96,8.61
21215,39.83,37.86,35.07,35.39,36.14,34.62,36.41
21217,71.76,77.09,82.9,85.12,88.3,88.56,91.97
21219,62.56,53.89,43.15,36.73,31.07,22.99,16.89
21221,63.67,65.03,66.44,71.01,76.25,79.33,84.71
21223,73.96,69.47,64.14,72.67,81.36,87.64,97.35
21225,84.75,83.71,82.17,81.31,81.85,79.29,79.41
21227,41.45,42.78,44.22,44.32,44.6,43.11,43.62
21229,67.62,71.52,75.74,75.6,76.1,73.81,74.91
21231,97.61,97.18,96.97,94.31,91.63,86.38,84.32
21233,87.81,86.69,85.24,88.38,92.83,94.38,98.21
21235,90.19,86.1,81.48,82.95,84.14,83.05,84.84
21237,99.43,99.33,99.36,99.67,99.78,97.74,99.22
21239,34.89,33.06,30.7,30.53,30.43,27.87,29.0
22001,74.59,73.08,71.41,73.27,75.13,76.4,79.37
22003,80.64,84.8,89.71,85.46,80.78,76.12,73.18
22005,19.8,18.82,17.4,18.38,19.64,19.92,21.78
22007,73.48,75.84,78.9,82.75,86.31,88.64,92.95
22009,83.79,77.85,72.09,75.47,78.57,80.95,85.75
22011,86.82,87.2,87.65,85.09,82.08,78.93,77.82
22013,90.51,88.55,86.43,86.18,85.58,84.53,85.79
22015,24.45,23.53,22.61,20.99,18.75,15.57,15.27
22017,45.78,46.06,46.65,46.54,45.89,44.09,45.04
22019,64.37,62.44,60.66,56.28,51.25,45.79,42.05
22021,63.67,53.09,41.39,36.81,32.3,26.7,23.8
22023,72.62,66.85,60.67,51.94,42.65,32.9,24.57
22025,73.96,58.1,41.45,38.6,35.39,31.17,29.49
22027,87.33,85.41,83.67,76.79,70.21,62.9,58.33
22029,77.17,52.71,25.49,22.4,19.15,14.29,12.28
22031,71.12,68.65,65.92,66.94,66.52,65.79,66.98
22033,26.52,29.15,32.27,33.17,34.04,34.17,36.04
22035,51.74,54.56,58.87,58.57,59.91,59.22,61.56
22037,72.62,66.22,59.21,51.44,43.55,34.68,27.64
22039,86.82,88.61,90.96,92.81,94.42,95.78,99.17
22041,75.96,76.09,77.1,70.88,65.03,57.78,53.13
22043,85.32,81.64,78.26,75.68,72.75,69.48,68.21
22045,59.22,59.21,59.33,59.22,58.24,56.6,57.32
22047,65.87,70.56,75.98,79.56,82.96,85.48,90.1
22049,85.8,88.02,91.17,93.3,95.18,96.32,99.79
22051,30.82,29.94,29.44,32.01,35.32,37.06,40.75
22053,90.13,86.24,81.82,75.78,69.65,63.25,58.6
22055,20.89,19.16,17.1,17.32,17.09,16.22,17.19
22057,60.17,59.78,60.01,61.21,62.38,62.81,64.62
22059,64.37,56.58,49.15,47.41,45.14,42.07,41.83
22061,34.89,33.65,32.08,32.12,32.28,31.31,33.08
22063,45.78,45.9,46.2,37.64,29.1,19.71,11.69
22065,34.89,28.24,20.69,26.21,32.66,37.46,45.11
22067,65.87,61.89,57.03,50.81,45.36,38.55,34.69
22069,65.87,65.44,65.56,57.79,49.64,40.73,34.0
22071,34.89,33.75,32.89,35.71,39.19,41.14,44.72
22073,21.46,21.66,21.99,22.75,24.16,24.62,27.78
22075,9.71,7.11,4.52,11.51,18.8,25.31,32.81
22077,65.87,68.55,72.56,82.56,92.05,101.25,112.45
22079,83.79,78.34,72.81,66.87,60.53,53.83,49.41
22081,50.08,46.88,43.41,53.76,63.39,72.18,83.42
22083,22.32,28.51,36.31,38.26,40.77,42.06,46.19
22085,75.33,66.0,55.26,52.66,49.11,44.98,43.1
22087,27.19,24.08,20.56,29.2,38.44,46.35,55.66
22089,27.19,22.93,18.21,17.4,17.28,15.68,15.96
22091,96.21,94.53,92.89,90.51,88.19,85.02,83.28
22093,51.74,51.85,52.27,49.16,46.38,42.65,40.44
22095,46.74,43.07,38.85,35.3,32.8,29.0,27.01
22097,34.16,31.53,28.46,25.96,23.25,20.05,19.2
22099,46.74,46.91,47.19,46.47,45.35,43.53,43.99
22101,80.01,73.58,66.03,65.23,63.95,61.54,61.48
22103,42.31,43.05,43.93,40.31,37.1,33.24,30.86
22105,83.79,84.13,84.73,83.05,81.89,80.11,79.41
22107,40.75,34.28,27.72,20.21,12.62,3.57,-2.69
22109,51.74,46.04,39.58,47.02,53.89,60.31,68.22
22111,50.08,52.33,55.27,55.12,56.04,55.42,57.68
22113,42.31,45.41,49.4,54.83,59.7,63.88,69.84
22115,71.76,69.8,67.73,65.76,63.42,60.69,60.5
22117,95.45,94.87,94.11,92.98,92.06,90.22,89.69
22119,83.22,81.11,78.86,68.9,58.63,47.64,39.54
22121,40.75,41.48,42.11,42.35,42.34,41.7,43.07
22123,44.73,38.55,31.41,31.87,33.87,34.05,37.38
22125,53.68,39.26,22.84,23.63,24.08,23.99,25.88
22127,90.51,87.08,83.59,83.06,81.78,80.04,80.26
23001,61.64,58.53,55.22,55.83,54.54,53.17,54.1
23003,91.82,91.27,90.71,91.32,91.68,90.22,92.6
23005,17.54,16.73,15.95,14.98,11.98,9.09,8.68
23007,65.27,62.35,59.02,57.55,54.99,51.73,51.02
23009,56.73,53.81,50.53,48.89,46.52,43.61,43.17
23011,64.37,62.59,60.43,59.8,57.84,55.8,56.07
23013,57.62,57.34,57.13,53.31,48.76,43.42,40.66
23015,46.74,48.65,51.34,55.07,57.53,59.43,63.38
23017,72.62,72.51,72.58,73.45,72.18,70.7,71.15
23019,69.02,70.66,72.62,73.93,74.89,74.96,77.91
23021,95.92,96.9,97.79,98.24,98.44,97.58,99.9
23023,44.73,39.69,33.95,27.26,18.93,10.32,3.86
23025,71.76,76.95,83.1,84.89,86.24,86.52,89.25
23027,61.64,59.57,57.13,58.92,59.92,60.36,63.49
23029,84.75,85.76,86.91,87.85,88.31,87.27,89.12
23031,39.83,40.83,41.94,41.51,38.9,36.24,35.47
24001,74.59,75.53,76.43,75.62,71.85,66.98,66.34
24003,5.76,6.49,7.33,7.91,6.39,3.5,4.53
24005,16.05,15.73,15.38,15.6,13.51,9.9,10.07
24009,8.63,10.68,12.99,12.24,9.51,5.21,4.31
24011,43.11,45.24,47.76,46.37,43.31,38.29,37.5
24013,4.52,6.33,8.43,10.63,10.57,9.57,11.73
24015,22.32,22.68,23.15,26.05,26.65,25.76,28.72
24017,4.52,3.55,2.58,2.37,-0.15,-4.01,-4.56
24019,62.56,61.88,60.83,62.68,62.69,60.87,62.89
24021,8.25,8.21,8.05,9.7,9.91,8.68,10.98
24023,37.89,41.83,46.36,51.43,54.29,55.54,61.07
24025,8.63,9.65,10.93,12.84,12.62,10.58,12.24
24027,0.89,0.84,0.82,0.98,-1.32,-4.56,-4.43
24029,51.74,45.4,37.75,36.38,32.83,27.6,26.16
24031,1.69,1.66,1.62,1.74,-0.22,-3.78,-3.67
24033,2.9,3.37,3.79,4.04,2.24,-0.67,-0.45
24035,9.11,9.51,10.0,9.8,6.98,2.98,2.78
24037,13.72,14.67,16.2,17.81,17.54,15.54,17.27
24039,55.71,56.85,58.45,52.19,44.26,34.78,29.08
24041,28.84,32.14,36.1,35.42,32.76,28.47,27.83
24043,48.93,50.22,51.84,53.52,52.96,51.32,53.56
24045,18.94,15.85,12.14,12.58,11.24,8.55,9.38
24047,42.31,42.08,41.85,43.64,43.86,42.4,44.36
24510,51.74,50.9,49.88,48.74,45.18,40.21,39.02
25001,29.96,31.86,34.06,31.32,26.29,21.32,18.26
25003,41.45,44.37,47.68,50.0,49.69,49.53,52.17
25005,37.89,37.73,37.68,37.44,34.99,32.45,31.55
25007,1.37,1.92,2.39,2.19,-0.68,-3.17,-3.62
25009,17.54,18.43,19.46,18.79,15.6,12.41,11.57
25011,38.78,37.91,36.77,40.56,41.31,42.22,45.34
25013,55.71,54.76,53.44,53.79,51.44,49.55,49.84
25015,10.32,10.92,11.73,11.72,9.31,7.05,6.97
25017,4.11,4.12,3.98,3.79,0.87,-1.55,-2.0
25019,1.24,1.6,1.91,2.68,1.13,0.16,1.07
25021,6.91,6.39,5.87,5.51,2.76,-0.11,-0.9
25023,16.05,15.39,14.64,13.7,10.63,7.4,6.24
25025,21.46,21.6,21.85,21.26,18.29,15.38,14.22
25027,16.71,17.53,18.39,18.67,15.54,12.77,12.47
26001,91.56,91.9,92.45,92.93,94.12,92.67,95.18
26003,78.16,77.67,77.06,72.09,68.11,61.4,56.31
26005,18.31,15.37,11.96,9.79,8.2,2.75,1.97
26007,74.59,74.22,73.82,73.49,73.75,70.98,72.36
26009,43.11,47.27,51.96,52.63,55.27,54.82,57.51
26011,86.44,85.86,85.24,85.49,86.31,84.58,86.91
26013,61.64,58.4,54.81,58.86,64.14,66.74,71.51
26015,39.83,35.86,31.29,26.08,21.52,13.38,10.25
26017,55.71,57.83,60.35,58.09,55.88,51.59,51.5
26019,75.33,69.65,63.13,59.52,57.74,53.03,51.06
26021,38.78,39.74,40.53,41.61,43.58,42.46,45.05
26023,41.45,40.79,39.84,39.32,39.25,36.14,37.34
26025,51.74,52.17,52.69,53.01,53.71,50.92,53.17
26027,50.08,56.83,64.76,67.43,70.93,71.25,75.49
26029,53.68,51.33,48.21,43.62,40.12,34.26,31.26
26031,82.43,82.89,83.32,81.75,81.28,78.42,78.37
26033,75.33,71.45,67.46,69.61,72.5,74.03,77.73
26035,94.3,92.61,90.62,91.69,93.63,92.58,95.73
26037,12.61,14.48,16.6,18.48,20.85,20.29,24.12
26039,89.62,87.29,84.0,84.4,86.31,85.1,87.89
26041,74.59,73.91,72.85,72.36,73.1,70.84,71.03
26043,52.66,59.04,66.64,70.33,74.97,76.33,80.34
26045,34.89,41.53,49.46,52.58,55.78,55.76,60.3
26047,29.96,32.61,35.78,31.43,27.99,22.41,19.75
26049,58.42,59.33,60.28,60.32,59.52,56.81,59.03
26051,86.82,87.5,88.45,88.35,89.19,86.96,89.23
26053,69.79,63.86,57.13,53.05,49.98,44.32,40.85
26055,23.72,24.1,24.64,23.24,23.38,21.11,21.5
26057,53.68,50.93,47.9,47.04,46.5,43.0,44.56
26059,48.93,45.97,42.31,43.22,44.0,41.25,43.61
26061,22.32,19.12,15.78,15.37,15.84,14.05,14.62
26063,67.62,63.68,59.07,58.49,56.86,53.57,54.5
26065,22.32,22.57,22.47,24.22,26.08,24.71,28.28
26067,48.93,44.58,39.43,30.26,21.92,9.73,2.32
26069,93.22,92.55,91.85,91.94,92.75,90.89,93.03
26071,85.32,82.03,78.19,72.65,68.54,61.37,56.72
26073,24.45,22.48,20.3,23.7,27.59,28.46,33.87
26075,50.08,50.16,50.12,50.3,50.23,46.96,48.99
26077,28.84,27.94,26.68,25.97,25.64,22.04,22.76
26079,65.87,71.4,77.56,76.25,76.44,73.84,74.94
26081,13.72,14.85,16.28,15.76,16.34,12.91,13.61
26083,88.98,85.74,82.28,70.68,59.28,45.68,34.52
26085,97.9,97.26,96.54,96.65,98.32,96.45,98.24
26087,36.01,38.34,40.76,40.23,38.99,35.99,38.13
26089,26.52,24.56,22.4,21.52,22.35,20.75,21.55
26091,48.93,50.32,51.88,52.33,52.29,48.99,51.34
26093,5.76,6.84,8.1,8.35,8.06,5.29,7.58
26095,97.9,97.19,96.77,93.81,91.76,87.82,85.72
26097,84.24,79.18,73.71,71.15,69.86,66.48,65.42
26099,34.89,35.16,35.31,35.28,33.96,30.56,32.84
26101,78.16,77.06,76.01,74.34,74.05,70.89,70.84
26103,28.18,31.11,34.49,36.42,39.42,39.54,41.71
26105,63.67,65.13,66.83,63.17,61.28,56.2,54.54
26107,53.68,53.41,53.0,51.59,51.04,46.58,46.7
26109,65.87,69.5,73.34,73.82,75.46,73.77,75.19
26111,32.51,31.26,29.71,30.01,30.49,28.5,30.87
26113,65.27,69.35,74.1,75.14,77.64,76.98,80.04
26115,28.84,27.27,25.46,27.95,29.33,27.97,32.52
26117,73.96,73.85,73.99,71.73,69.89,64.45,63.13
26119,97.71,97.65,97.47,96.83,96.94,94.11,95.51
26121,51.74,52.88,54.16,52.83,52.63,48.42,48.29
26123,68.26,71.07,74.39,74.9,76.36,74.25,76.36
26125,16.71,17.02,17.2,16.77,15.36,11.85,14.22
26127,69.79,69.68,69.34,67.36,66.46,62.27,61.62
26129,94.49,94.07,93.62,93.59,94.66,93.1,95.65
26131,61.64,67.66,74.96,76.33,78.88,78.83,81.05
26133,70.49,69.81,69.08,70.14,72.72,71.89,74.64
26135,91.56,91.94,92.44,93.02,94.41,93.35,96.31
26137,50.08,54.98,60.59,64.83,70.34,73.21,79.4
26139,6.91,6.9,7.04,6.97,8.09,5.15,6.86
26141,80.64,80.11,79.5,80.34,82.05,81.11,83.47
26143,97.39,97.8,98.26,98.34,99.88,98.25,101.22
26145,54.76,55.87,57.07,57.98,58.67,56.86,59.69
26147,59.22,60.74,62.42,62.67,62.03,59.5,62.6
26149,33.4,38.02,43.11,45.78,48.54,48.47,52.73
26151,57.62,59.07,60.8,64.37,66.93,67.98,73.69
26153,87.33,86.23,85.1,86.46,88.84,88.56,89.96
26155,51.19,51.77,52.24,51.2,49.85,46.0,46.81
26157,72.62,74.53,76.62,76.9,77.1,75.31,78.29
26159,41.45,44.38,47.65,47.06,47.25,43.92,44.89
26161,2.9,2.87,2.77,3.13,3.07,-0.12,2.83
26163,57.62,57.1,56.55,56.04,54.51,50.61,52.53
26165,60.17,59.57,58.75,56.77,56.83,53.91,54.44
27001,75.33,73.73,71.73,70.62,69.86,66.18,64.16
27003,5.16,5.68,6.16,6.32,6.18,3.28,2.9
27005,23.02,21.78,20.43,24.29,27.76,29.04,31.74
27007,23.02,21.21,19.31,24.04,29.09,31.25,35.09
27009,25.25,26.36,27.47,26.16,24.33,20.34,17.56
27011,60.94,59.47,57.85,54.17,50.06,43.88,38.95
27013,4.81,5.23,5.68,5.76,5.1,2.83,2.42
27015,11.46,9.39,7.29,7.95,7.23,4.58,3.88
27017,17.54,17.31,16.8,19.32,21.91,21.84,23.88
27019,0.32,0.45,0.59,0.59,0.02,-2.68,-3.35
27021,57.62,56.76,55.76,53.36,50.94,45.6,42.38
27023,32.51,31.53,30.77,31.08,30.23,27.49,26.42
27025,16.05,17.07,17.72,17.72,17.83,14.59,13.3
27027,9.71,8.61,7.1,6.54,5.54,1.88,-0.05
27029,62.56,60.28,58.05,60.37,62.75,62.57,64.2
27031,18.94,18.28,17.77,23.87,30.15,35.36,41.22
27033,37.03,36.79,36.58,38.26,39.67,38.45,39.19
27035,41.45,39.11,36.56,36.08,35.74,32.57,30.91
27037,2.55,2.86,3.1,2.98,2.8,0.28,-0.04
27039,1.97,2.01,1.99,2.23,2.81,0.44,0.2
27041,17.54,19.94,22.92,23.37,23.35,21.48,20.27
27043,28.84,27.38,25.28,23.7,22.15,18.15,15.98
27045,18.94,18.98,19.03,17.03,15.56,11.76,9.67
27047,31.65,33.07,34.65,34.29,34.07,31.77,30.69
27049,10.32,11.37,12.51,11.86,11.51,8.62,8.13
27051,48.93,43.09,35.9,34.77,33.04,29.51,27.37
27053,5.48,5.57,5.64,5.76,5.71,3.42,3.28
27055,16.05,13.73,10.97,11.73,12.9,11.3,11.64
27057,39.83,41.47,43.54,45.95,48.18,47.99,49.51
27059,17.54,21.61,26.01,26.47,26.55,24.24,23.58
27061,54.76,54.91,55.27,53.22,51.03,46.03,43.1
27063,11.97,9.73,6.82,8.41,9.57,7.96,8.54
27065,51.74,58.54,66.02,68.01,70.03,69.46,70.41
27067,18.94,17.25,15.49,16.13,15.32,13.49,12.78
27069,42.31,41.26,40.53,29.51,19.98,6.8,-5.05
27071,71.12,64.98,58.57,60.05,62.61,62.21,63.95
27073,50.08,46.75,43.27,43.26,42.56,40.27,38.93
27075,33.4,31.35,28.99,32.87,36.25,37.63,40.53
27077,24.45,22.51,20.85,16.16,13.23,7.2,3.01
27079,5.16,6.38,7.62,8.77,9.42,8.0,8.53
27081,34.89,33.34,32.08,29.78,27.1,22.4,19.74
27083,11.97,9.91,7.82,6.59,4.73,1.04,-0.57
27085,10.32,11.92,13.84,15.16,15.76,14.22,14.43
27087,38.78,34.64,29.97,36.54,43.11,47.55,53.3
27089,26.52,23.56,20.44,19.5,19.8,16.6,14.88
27091,30.82,33.22,35.85,36.81,37.84,36.28,36.54
27093,13.72,13.59,13.4,13.34,11.88,9.01,7.63
27095,45.78,48.57,51.3,50.4,49.46,45.68,43.99
27097,25.25,23.98,22.44,22.0,20.97,17.66,15.85
27099,26.52,25.37,23.83,23.05,22.72,20.02,18.66
27101,27.19,28.2,29.6,28.26,26.77,22.83,20.95
27103,6.24,8.68,11.57,14.61,16.67,17.31,19.65
27105,13.72,12.46,10.76,14.87,19.1,20.5,23.71
27107,15.09,14.48,13.91,16.86,19.8,20.39,22.48
27109,3.09,3.98,5.04,6.02,7.44,6.19,7.3
27111,32.51,32.51,32.52,30.2,28.05,23.03,19.66
27113,31.65,28.94,26.09,23.3,21.74,16.79,13.87
27115,51.19,59.05,67.59,67.62,67.74,64.93,64.08
27117,25.25,24.82,24.54,29.2,33.64,35.67,39.46
27119,34.16,31.01,27.37,28.01,29.76,28.03,28.25
27121,37.89,36.04,33.86,33.69,32.47,29.63,28.15
27123,15.09,15.3,15.5,15.62,15.95,13.62,13.7
27125,25.25,23.6,22.23,23.46,25.15,24.0,24.84
27127,32.51,29.74,26.9,20.29,12.57,2.76,-4.79
27129,22.32,19.53,16.45,12.41,7.07,0.03,-5.46
27131,2.74,4.06,5.47,5.39,5.1,2.54,1.85
27133,18.94,17.61,15.94,15.14,13.99,10.19,8.22
27135,14.45,12.16,9.82,9.71,11.28,9.6,9.64
27137,37.89,38.8,39.86,40.28,40.82,38.15,37.54
27139,0.67,0.81,0.9,0.93,0.4,-2.05,-2.47
27141,3.09,3.12,2.93,2.69,1.78,-1.47,-2.74
27143,12.61,12.31,11.97,11.03,9.39,6.15,4.36
27145,8.63,9.41,10.27,9.92,8.97,6.07,4.07
27147,12.61,12.71,12.78,12.87,13.04,10.67,10.35
27149,15.09,16.53,18.56,15.98,12.74,7.65,4.08
27151,46.74,42.57,38.03,36.02,32.78,28.49,25.42
27153,31.65,31.56,31.49,33.78,36.49,36.65,38.62
27155,62.56,67.79,73.94,71.46,67.91,62.4,58.46
27157,13.72,13.9,13.98,18.05,22.85,24.81,28.8
27159,63.67,65.49,67.5,67.03,66.34,63.38,61.98
27161,17.54,18.04,18.51,16.7,14.18,9.45,6.76
27163,2.45,2.58,2.7,3.09,3.59,1.54,1.35
27165,14.45,12.32,9.71,16.59,22.6,26.29,32.43
27167,21.46,29.22,38.35,41.1,43.17,42.92,43.89
27169,10.32,11.82,13.75,14.54,16.35,15.34,15.71
27171,1.37,1.67,1.94,2.76,2.75,0.64,0.38
27173,23.02,21.32,19.96,23.15,25.02,25.24,27.31
28001,65.87,56.88,48.54,52.11,55.79,57.71,62.55
28003,82.74,82.04,81.48,83.83,87.13,87.13,89.85
28005,98.09,94.26,90.38,84.7,78.77,72.02,66.98
28007,85.8,83.63,80.68,85.57,91.19,94.26,99.8
28009,77.84,75.91,74.2,74.62,76.6,75.97,77.24
28011,23.72,39.11,57.08,68.25,80.47,90.34,102.61
28013,85.32,84.86,84.35,86.57,89.55,89.78,92.36
28015,57.62,61.79,66.49,72.9,80.4,85.67,93.21
28017,61.64,61.59,61.86,60.29,60.06,56.8,56.17
28019,94.81,95.26,95.78,97.33,100.16,100.39,102.42
28021,37.03,38.2,40.29,39.91,39.85,38.23,39.07
28023,97.71,95.51,93.28,92.81,91.98,89.89,89.27
28025,64.37,55.0,44.29,30.14,17.5,1.8,-11.82
28027,53.68,50.11,45.11,40.97,38.06,33.16,30.5
28029,56.73,58.66,61.04,52.41,43.71,33.86,25.65
28031,95.29,94.21,93.03,86.67,80.64,73.15,66.99
28033,11.97,12.48,13.36,13.97,15.46,14.22,15.65
28035,88.67,86.6,84.28,84.87,85.19,84.41,85.29
28037,75.96,76.92,78.98,68.89,58.94,47.45,38.6
28039,79.08,81.63,84.38,84.39,84.27,82.62,82.3
28041,92.04,93.33,94.65,89.85,84.59,77.63,72.28
28043,81.31,85.41,89.9,87.43,85.93,81.76,79.51
28045,66.92,67.39,67.68,72.45,76.96,80.6,85.26
28047,47.85,48.79,49.67,50.83,52.12,52.16,53.17
28049,28.84,26.5,23.65,21.6,20.23,17.9,17.37
28051,27.19,29.81,33.14,47.41,62.85,76.36,92.24
28053,63.67,56.81,49.29,65.01,81.99,96.95,114.64
28055,98.6,91.57,83.89,87.7,92.7,95.93,101.75
28057,89.4,87.7,86.12,83.68,81.95,77.44,74.99
28059,66.92,67.74,68.66,67.32,65.68,62.83,61.3
28061,93.7,88.3,82.14,77.33,72.77,66.8,62.04
28063,71.76,64.22,56.05,39.87,23.76,6.02,-8.89
28065,81.95,83.81,86.2,80.87,75.93,69.41,64.35
28067,77.17,74.08,70.76,66.72,62.99,57.74,54.08
28069,81.31,81.56,81.92,82.51,84.06,82.67,83.51
28071,10.98,9.73,8.54,10.43,13.6,13.77,16.76
28073,52.66,49.63,46.18,45.58,44.84,42.75,42.28
28075,73.96,74.66,75.61,76.7,77.76,77.25,78.53
28077,68.26,63.92,58.83,50.88,43.27,34.48,27.06
28079,86.82,88.17,89.75,91.62,94.87,95.62,98.42
28081,63.67,63.07,62.51,59.01,56.02,50.42,47.08
28083,17.54,18.1,18.46,15.67,13.8,10.0,8.15
28085,56.73,53.87,50.67,48.67,46.64,43.48,41.99
28087,63.67,57.38,50.72,38.89,28.33,14.18,2.72
28089,6.91,7.46,8.36,7.86,8.56,7.4,8.5
28091,87.81,87.77,87.82,85.5,83.1,79.45,77.06
28093,46.74,40.95,34.56,34.48,35.16,33.29,33.61
28095,77.17,71.44,65.18,57.67,51.64,42.51,35.31
28097,73.96,76.18,78.44,85.77,93.85,99.51,107.15
28099,83.22,82.27,81.28,83.91,87.36,88.64,91.7
28101,81.95,80.47,78.91,80.2,81.76,81.58,83.15
28103,91.12,89.95,88.88,87.06,86.33,82.29,80.16
28105,20.89,18.16,15.48,14.61,15.07,12.46,11.96
28107,57.62,55.49,52.96,59.98,68.03,72.99,80.8
28109,76.5,78.43,80.57,80.55,80.54,79.81,80.0
28111,98.98,98.8,98.53,98.06,97.03,94.83,94.08
28113,84.75,82.19,79.52,72.53,65.92,58.07,51.26
28115,68.26,71.68,75.91,78.63,81.98,82.4,85.36
28117,93.47,90.98,88.21,88.58,89.8,88.04,89.17
28119,54.76,59.27,64.48,64.76,65.94,64.42,65.51
28121,34.16,33.85,33.6,29.53,26.09,21.45,18.61
28123,86.82,87.23,87.61,89.48,92.38,93.4,96.84
28125,91.82,85.43,78.68,83.99,90.52,95.2,102.61
28127,62.56,65.84,69.8,69.7,70.03,69.11,69.34
28129,84.24,84.84,85.74,79.91,74.62,67.87,62.38
28131,67.62,73.0,79.18,76.84,74.44,70.68,68.22
28133,33.4,32.19,29.93,35.19,41.26,45.36,51.59
28135,66.92,74.65,83.43,73.41,64.31,52.56,43.01
28137,62.56,61.33,60.12,54.45,50.05,42.78,38.08
28139,92.36,88.43,84.04,82.86,82.74,79.88,79.49
28141,93.47,92.74,92.3,91.44,91.46,88.49,87.88
28143,42.31,43.54,44.96,35.45,26.7,15.72,7.0
28145,76.5,75.26,74.11,76.29,79.39,79.93,82.81
28147,89.97,88.95,88.03,84.87,81.84,77.62,74.51
28149,28.84,28.19,27.86,39.84,52.91,64.3,78.17
28151,88.16,82.63,76.08,78.7,81.75,83.38,87.47
28153,93.47,93.39,93.47,92.0,90.67,87.76,85.99
28155,82.74,83.49,84.65,87.05,90.36,90.79,93.46
28157,97.9,95.59,94.28,95.15,95.45,95.17,96.88
28159,72.62,73.59,74.87,78.37,82.82,84.71,88.59
28161,92.96,87.9,81.65,72.7,65.04,54.58,46.39
28163,76.5,72.08,67.25,78.58,90.77,101.16,113.94
29001,23.02,21.92,20.57,19.39,19.72,16.72,16.25
29003,31.65,34.23,37.19,37.95,37.84,35.17,34.95
29005,75.33,74.32,72.94,73.36,72.33,68.85,67.85
29007,60.94,54.25,46.83,48.77,51.43,51.08,53.46
29009,73.48,70.03,66.13,68.14,70.23,70.09,73.75
29011,72.62,76.27,80.82,76.7,72.73,65.81,63.13
29013,83.22,79.1,74.53,68.39,62.79,54.03,49.18
29015,91.44,93.43,95.93,96.45,98.02,96.74,99.05
29017,94.81,95.13,95.75,94.92,94.87,91.75,91.12
29019,9.71,8.66,7.68,9.94,12.91,12.81,15.53
29021,52.66,53.0,52.94,53.74,53.86,51.32,51.33
29023,94.97,95.87,96.7,96.7,97.7,96.1,96.78
29025,67.62,69.08,70.72,68.14,65.84,61.47,59.58
29027,48.93,49.84,51.53,48.71,47.08,42.29,40.35
29029,71.76,69.03,66.22,70.59,75.24,77.68,82.92
29031,43.11,38.75,33.76,32.24,31.22,27.55,26.26
29033,52.66,55.93,59.9,59.34,59.33,56.6,57.07
29035,88.16,90.05,92.0,94.45,97.36,97.69,100.53
29037,23.02,24.63,26.77,27.92,30.13,29.41,31.85
29039,90.89,90.97,91.01,89.23,88.11,84.4,84.43
29041,82.74,78.82,74.23,70.77,68.2,62.9,60.17
29043,12.61,15.34,18.15,23.41,29.17,32.9,39.99
29045,60.17,52.33,42.98,40.77,39.86,35.45,33.32
29047,15.09,15.75,16.32,17.14,18.73,17.46,18.87
29049,25.25,24.34,22.93,23.74,24.53,23.11,23.97
29051,42.31,39.31,36.19,26.69,18.16,7.01,-1.68
29053,36.01,39.49,43.72,50.31,58.06,62.82,70.29
29055,85.32,87.16,89.31,90.06,90.75,89.11,90.7
29057,69.02,71.37,74.08,74.36,75.25,73.6,75.87
29059,79.53,84.13,89.49,89.83,89.96,88.49,90.09
29061,52.66,55.58,59.05,53.25,47.55,39.39,33.68
29063,65.87,67.3,68.78,64.72,61.02,54.72,50.69
29065,97.61,97.68,97.34,94.98,92.97,88.81,87.36
29067,86.44,88.15,90.16,89.08,88.21,85.44,85.36
29069,91.12,91.4,91.65,91.67,92.78,90.87,91.3
29071,19.8,19.88,20.09,24.88,30.12,32.74,37.9
29073,81.95,79.85,77.43,73.21,69.23,62.77,59.21
29075,59.22,60.33,61.36,60.64,59.4,55.0,53.63
29077,34.89,35.23,35.28,38.85,42.75,44.54,49.92
29079,57.62,54.42,50.95,52.1,53.75,52.63,53.99
29081,79.08,80.2,81.73,77.03,71.96,64.0,58.7
29083,91.12,87.6,83.4,83.26,84.31,82.42,84.22
29085,95.45,95.37,95.0,95.24,96.27,94.67,96.53
29087,60.94,59.12,56.75,60.28,62.56,62.21,64.75
29089,44.03,43.37,42.55,49.4,57.57,62.46,70.02
29091,74.59,78.55,82.95,85.9,88.94,89.71,93.03
29093,98.66,98.14,97.55,97.07,96.88,94.45,94.18
29095,29.96,30.74,31.43,30.37,30.01,26.91,27.01
29097,43.11,38.96,34.3,35.85,37.91,36.99,40.35
29099,31.65,29.23,26.56,26.69,26.98,25.01,26.0
29101,17.54,18.64,19.97,19.16,19.64,16.99,18.25
29103,77.17,78.79,80.85,82.96,86.44,86.52,89.18
29105,80.01,79.82,79.36,76.45,73.59,69.04,67.05
29107,44.73,45.4,45.89,44.26,43.63,40.05,40.01
29109,54.76,55.61,56.77,63.95,71.32,76.48,85.5
29111,30.82,27.31,23.55,25.82,28.98,28.76,31.29
29113,62.56,61.46,60.34,52.57,44.51,33.54,26.22
29115,62.56,57.55,51.81,46.16,41.32,34.05,29.32
29117,48.93,46.7,44.44,41.05,37.9,32.38,29.44
29119,75.33,71.35,67.02,65.72,64.31,60.17,60.39
29121,56.73,64.8,74.5,71.86,70.85,66.79,65.25
29123,96.34,95.86,95.57,94.87,94.39,91.26,90.41
29125,85.32,86.62,88.06,83.25,78.4,71.78,67.79
29127,56.73,52.15,46.99,41.69,36.75,29.03,23.65
29129,58.42,52.84,46.5,45.84,45.42,41.98,40.77
29131,79.53,73.6,67.07,61.18,56.12,48.65,43.67
29133,93.92,90.5,86.28,85.11,84.77,82.6,81.91
29135,44.73,40.65,36.04,29.28,23.87,15.43,9.42
29137,62.56,62.16,62.02,65.22,69.41,70.63,74.4
29139,73.48,70.72,67.82,66.09,65.08,60.72,59.54
29141,90.51,85.68,80.37,74.29,69.16,61.17,56.17
29143,93.7,93.43,93.11,93.36,94.44,92.79,93.38
29145,55.71,50.1,43.81,43.03,42.6,39.4,40.36
29147,29.96,30.09,30.18,26.79,22.28,15.47,11.48
29149,96.63,97.42,97.95,97.13,96.61,93.37,93.22
29151,60.17,57.1,53.61,40.85,28.59,14.03,2.06
29153,91.56,90.99,90.07,88.68,87.62,84.28,83.52
29155,96.34,97.12,98.0,98.16,99.64,98.01,98.55
29157,55.71,54.09,52.5,52.2,52.35,49.34,48.8
29159,62.56,65.62,69.11,67.09,66.52,62.59,62.04
29161,52.66,55.65,58.93,58.6,58.07,56.02,56.57
29163,73.96,65.87,56.45,45.48,34.46,20.6,9.55
29165,6.24,7.96,9.86,12.72,16.17,17.03,20.15
29167,65.27,66.03,66.57,62.74,59.08,53.3,50.99
29169,56.73,61.13,66.15,73.59,80.96,86.52,94.91
29171,89.62,90.05,90.79,85.76,81.72,73.93,68.82
29173,45.78,45.68,46.31,43.1,40.44,34.98,31.72
29175,71.12,70.94,70.77,68.43,67.29,63.28,62.1
29177,54.76,57.47,60.55,55.28,50.37,43.21,39.0
29179,98.09,98.17,98.14,98.12,98.37,96.28,96.67
29181,95.61,97.27,98.89,99.48,100.53,98.87,99.63
29183,6.24,6.36,6.19,6.21,6.41,4.05,4.64
29185,93.7,93.69,93.71,93.04,93.26,90.52,91.43
29186,69.79,62.63,54.33,53.36,52.74,49.5,48.74
29187,82.74,83.84,85.67,86.64,87.97,86.77,88.0
29189,16.71,17.7,18.72,18.76,18.63,16.03,16.39
29195,70.49,71.55,72.48,70.14,69.21,64.78,63.65
29197,53.68,57.62,62.4,60.78,60.96,57.54,56.41
29199,41.45,43.25,45.45,42.82,42.19,37.72,35.65
29201,73.48,72.66,71.96,75.45,80.1,82.55,86.59
29203,80.01,84.44,89.51,93.08,97.15,98.58,102.38
29205,66.92,66.18,65.15,59.43,54.77,47.13,42.35
29207,88.16,90.05,92.35,93.6,96.04,95.69,97.21
29209,76.5,79.86,83.84,84.09,84.81,83.47,85.22
29211,72.62,62.45,50.79,38.93,27.79,13.71,2.0
29213,62.56,66.3,70.59,69.85,69.45,66.86,67.11
29215,93.47,93.35,92.84,93.58,94.66,93.47,94.64
29217,79.53,77.01,74.05,71.66,69.78,64.89,64.01
29219,45.78,45.68,45.89,47.43,49.19,47.62,49.77
29221,98.22,98.14,98.11,98.15,98.16,95.45,95.54
29223,99.17,99.24,99.16,99.23,100.25,98.64,99.32
29225,37.89,39.59,41.1,42.23,43.29,42.6,44.84
29227,44.73,46.61,48.84,51.52,53.52,52.7,54.44
29229,81.31,82.23,83.04,83.24,83.73,82.03,83.04
29510,45.78,47.79,50.2,50.29,50.32,47.85,48.25
30001,28.18,33.72,40.0,44.56,50.37,54.65,59.76
30003,13.72,11.87,9.99,6.93,4.03,-0.4,-4.31
30005,57.62,67.15,77.39,82.02,86.8,91.34,96.75
30007,34.89,44.35,55.39,62.49,70.19,76.57,85.06
30009,44.73,46.91,49.43,51.57,53.51,54.36,56.86
30011,18.31,23.93,30.25,31.27,33.53,34.13,35.2
30013,47.85,47.32,46.96,46.08,46.29,45.95,47.38
30015,10.98,12.16,13.12,14.01,15.22,15.54,17.47
30017,47.85,51.94,56.48,64.56,73.01,80.78,88.18
30019,26.52,28.74,31.49,40.27,50.86,61.29,70.33
30021,34.89,36.71,39.38,33.54,29.56,23.75,17.65
30023,88.98,92.01,94.99,94.97,95.78,95.4,95.69
30025,14.45,16.47,18.32,20.13,22.82,24.73,26.18
30027,41.45,41.11,40.91,32.44,23.58,14.28,6.58
30029,15.09,13.37,11.44,12.74,14.95,16.65,18.58
30031,1.88,1.66,1.38,1.7,2.25,0.95,1.68
30033,12.61,16.9,21.75,16.58,11.36,5.4,-0.59
30035,43.11,37.84,31.96,23.62,17.15,9.39,2.87
30037,81.95,75.8,68.83,60.64,52.58,43.82,36.4
30039,76.5,78.29,79.97,78.29,77.93,76.24,75.56
30041,28.84,37.72,46.94,48.73,51.45,53.03,56.16
30043,38.78,39.23,39.22,33.88,29.17,22.63,17.9
30045,34.89,29.91,24.64,30.71,36.68,42.07,49.12
30047,38.78,39.76,40.87,40.56,41.37,41.63,42.43
30049,31.65,32.51,33.29,33.22,34.54,34.16,35.85
30051,52.66,58.56,64.87,65.37,66.0,66.61,68.89
30053,75.33,80.63,86.71,87.12,88.42,89.27,90.38
30055,37.89,36.32,34.68,29.51,25.39,20.0,14.06
30057,17.54,19.57,21.8,30.01,38.86,45.89,54.28
30059,80.64,71.82,61.86,54.24,47.47,39.53,33.11
30061,85.32,88.26,91.34,92.64,94.65,95.92,97.83
30063,15.09,17.55,20.21,22.03,24.43,26.34,28.93
30065,41.45,43.49,46.16,45.17,44.51,43.23,42.41
30067,33.4,27.29,20.16,15.92,12.21,7.09,3.64
30069,0.67,6.56,13.16,20.2,26.9,33.16,40.2
30071,69.02,68.19,66.72,63.59,61.07,57.19,54.25
30073,63.67,63.27,63.11,63.64,65.33,66.46,69.02
30075,54.76,52.23,49.18,53.89,59.09,63.25,67.54
30077,55.71,56.28,56.77,51.31,46.91,41.37,36.94
30079,68.26,63.48,57.89,56.07,55.19,53.14,50.62
30081,66.92,70.06,73.09,76.81,81.38,84.82,89.13
30083,37.89,26.04,12.93,17.0,22.36,26.35,29.55
30085,25.25,27.8,31.22,26.31,22.26,17.6,11.58
30087,31.65,42.56,55.3,64.73,74.4,83.43,92.21
30089,78.16,78.56,78.64,79.97,81.95,83.7,85.61
30091,46.74,38.3,28.95,26.67,25.96,24.1,21.37
30093,59.22,63.83,68.55,71.67,75.35,77.81,81.11
30095,34.89,33.71,32.31,29.53,26.68,22.89,20.43
30097,25.25,34.03,44.57,38.9,33.65,27.66,22.46
30099,57.62,54.71,51.55,50.63,50.65,50.23,50.95
30101,65.27,64.61,63.8,67.34,71.59,75.66,81.25
30103,84.75,67.65,47.88,48.06,48.6,47.73,47.19
30105,51.74,46.71,41.15,42.48,44.54,45.69,46.37
30107,42.31,36.81,30.75,24.68,19.26,12.94,8.43
30109,44.73,40.63,35.76,31.77,29.38,25.72,21.35
30111,27.19,26.68,26.33,23.8,21.93,18.8,16.63
31001,18.94,20.49,22.49,28.55,33.93,35.94,40.55
31003,48.93,50.93,53.6,51.84,48.77,43.39,39.58
31005,2.55,2.23,2.56,7.06,10.82,11.56,14.96
31007,80.64,68.37,53.99,47.33,39.86,29.63,21.01
31009,4.52,3.58,2.91,9.93,16.34,19.13,25.07
31011,26.52,22.75,18.56,18.29,16.6,12.21,9.65
31013,18.94,13.94,8.46,9.29,8.95,6.3,5.4
31015,64.37,65.54,67.0,66.8,67.09,64.61,63.69
31017,60.17,50.69,40.46,38.91,37.33,32.37,29.4
31019,3.09,3.85,5.35,8.67,11.15,10.07,11.46
31021,54.76,54.47,54.43,54.58,53.8,50.19,49.05
31023,23.72,24.57,25.53,21.87,16.85,9.51,4.51
31025,9.71,9.33,8.6,6.69,2.99,-3.13,-6.66
31027,15.09,12.57,9.92,12.11,13.55,12.39,13.41
31029,40.75,33.16,24.77,21.39,17.3,9.7,4.56
31031,37.03,33.16,29.63,29.87,29.61,26.96,25.98
31033,16.71,16.9,17.43,27.6,36.93,43.56,52.44
31035,48.93,51.79,55.05,52.78,49.72,43.55,39.55
31037,1.69,1.69,1.62,2.27,1.77,-0.89,-1.52
31039,21.46,21.0,20.66,16.23,10.88,2.29,-3.35
31041,23.72,23.98,24.53,26.14,27.23,24.73,25.47
31043,2.45,2.33,2.33,4.46,5.96,4.69,5.17
31045,11.46,10.59,9.48,11.67,12.76,11.66,12.61
31047,16.71,17.64,18.73,20.62,22.01,19.11,19.61
31049,24.45,23.88,23.85,42.18,59.29,73.69,90.59
31051,34.89,30.87,26.16,28.53,30.19,28.91,29.8
31053,30.82,31.04,31.06,29.6,26.48,20.92,17.47
31055,9.71,9.66,9.32,9.02,6.83,2.53,0.36
31057,27.19,24.83,22.44,16.78,10.21,0.24,-7.45
31059,47.85,51.17,55.24,55.15,54.28,50.02,48.31
31061,68.26,62.9,57.24,59.54,61.39,59.29,59.93
31063,18.94,25.42,33.51,49.49,64.44,75.33,88.78
31065,72.62,67.13,60.98,63.28,65.58,63.31,63.72
31067,46.74,48.66,50.82,50.59,49.2,44.74,43.44
31069,54.76,44.7,33.4,46.46,58.76,67.89,79.3
31071,46.74,41.11,35.12,42.9,49.76,53.75,59.84
31073,39.83,39.42,39.12,34.78,30.06,21.15,14.66
31075,16.71,14.74,12.47,14.41,15.61,14.1,14.96
31077,56.73,50.24,43.19,42.78,41.32,36.59,34.03
31079,18.94,18.4,18.02,19.41,20.14,17.79,17.51
31081,20.89,19.85,18.7,17.2,14.58,9.34,6.11
31083,75.33,67.78,59.51,58.08,56.24,50.44,47.53
31085,74.59,68.64,62.03,58.23,53.52,44.99,38.82
31087,74.59,73.67,73.21,74.09,74.52,70.8,69.7
31089,37.03,37.18,37.67,36.73,35.05,31.1,28.64
31091,75.33,84.13,94.74,97.01,98.75,97.88,99.08
31093,39.83,38.9,38.37,34.71,29.8,22.24,16.79
31095,44.73,49.36,55.09,58.5,61.05,60.53,63.17
31097,34.89,32.63,29.52,39.87,48.68,54.82,63.8
31099,34.16,27.36,19.61,18.04,15.64,9.4,5.57
31101,43.11,34.02,23.9,26.28,27.87,26.32,27.58
31103,71.12,59.02,45.9,29.14,12.23,-7.83,-26.14
31105,44.73,47.37,50.98,58.22,64.58,67.99,73.38
31107,40.75,35.69,29.88,29.73,28.73,25.5,23.86
31109,6.91,7.87,8.86,9.56,8.9,5.85,4.91
31111,46.74,44.55,42.3,41.02,38.87,33.04,29.73
31113,32.51,34.02,36.06,23.72,10.38,-6.66,-20.64
31115,34.89,29.33,23.4,41.03,58.27,72.41,88.82
31117,66.92,60.45,53.01,34.38,15.46,-7.24,-27.18
31119,10.98,11.26,11.73,11.54,9.84,5.94,4.35
31121,34.16,33.17,32.27,40.62,47.79,52.52,59.21
31123,46.74,44.81,43.36,42.85,41.04,37.03,34.69
31125,47.85,48.22,49.05,51.73,53.37,52.51,53.5
31127,32.51,36.4,40.91,40.66,38.83,34.08,32.53
31129,56.73,62.06,68.55,67.54,65.96,61.11,58.93
31131,25.25,29.26,33.84,38.64,42.13,42.65,45.87
31133,36.01,38.69,41.61,37.69,32.48,24.35,19.18
31135,18.31,17.1,16.71,21.76,25.88,26.67,29.9
31137,24.45,22.93,21.72,21.62,21.11,16.78,14.85
31139,16.05,14.55,13.01,12.84,11.31,7.76,5.97
31141,9.11,9.0,8.97,7.61,5.06,0.45,-2.2
31143,21.46,18.7,15.56,18.51,20.27,19.89,21.25
31145,50.08,41.88,32.53,35.24,37.14,35.17,35.28
31147,51.19,52.89,54.67,55.19,54.3,50.57,49.6
31149,27.19,26.76,27.19,27.58,27.86,24.5,23.28
31151,29.96,28.22,26.02,21.32,15.37,6.82,0.9
31153,2.23,2.79,3.19,2.82,0.53,-3.98,-6.25
31155,18.94,21.83,25.17,28.14,29.09,28.11,29.15
31157,38.78,39.26,40.45,40.83,40.2,37.61,35.71
31159,10.32,10.0,9.65,9.46,8.2,4.58,2.91
31161,34.89,42.49,51.2,60.28,68.24,74.13,82.18
31163,62.56,56.54,49.7,50.07,49.26,45.45,44.3
31165,13.72,9.65,4.75,3.82,2.08,-1.97,-4.01
31167,24.45,23.79,23.16,19.2,14.1,6.77,1.46
31169,47.85,46.08,43.93,44.68,44.91,41.52,41.13
31171,20.89,16.6,11.44,20.73,29.28,34.57,42.6
31173,40.75,32.1,21.85,21.14,19.82,15.42,13.09
31175,64.37,62.47,61.18,59.13,56.03,50.0,46.53
31177,20.89,25.49,30.76,34.26,36.14,35.75,37.64
31179,2.9,5.04,7.93,7.91,7.05,3.56,2.39
31181,70.49,64.12,56.56,53.02,49.06,41.94,37.18
31183,40.75,35.48,29.85,37.94,44.89,49.28,55.59
31185,30.82,26.16,20.71,25.93,29.92,31.17,34.7
32001,78.16,72.38,65.67,52.25,39.35,27.74,16.25
32003,17.54,19.36,21.15,20.72,19.18,20.36,21.26
32005,48.93,52.91,56.23,51.8,47.94,45.06,42.23
32007,17.54,17.48,16.79,16.9,17.86,18.4,20.83
32009,64.37,69.26,74.5,76.15,77.26,80.29,83.23
32011,3.57,22.26,42.42,55.6,69.65,84.29,99.64
32013,13.34,14.16,15.21,13.9,13.72,13.72,15.03
32015,10.32,12.59,14.54,13.18,13.27,13.74,14.81
32017,40.75,43.04,45.27,64.35,83.01,102.61,121.92
32019,71.76,76.57,81.65,75.92,70.6,66.29,62.4
32021,98.73,97.91,96.89,86.87,77.14,69.09,61.11
32023,96.5,96.43,96.16,96.08,94.67,95.8,96.63
32027,84.75,80.91,76.67,57.67,39.78,22.66,5.97
32029,81.31,88.12,94.97,92.61,90.89,89.58,88.55
32031,14.45,18.2,21.47,18.67,16.54,14.93,13.85
32033,68.26,75.26,82.24,70.67,60.22,50.07,40.61
32510,51.74,68.95,88.34,89.55,91.61,94.21,97.2
33001,23.72,30.83,38.8,45.01,49.27,53.33,59.8
33003,52.66,56.29,60.04,56.74,51.43,46.19,42.97
33005,25.25,28.03,31.3,32.59,31.61,30.28,31.54
33007,83.79,83.2,82.63,83.8,83.06,82.09,82.92
33009,27.19,30.44,33.59,36.49,37.38,37.65,40.46
33011,11.97,12.79,13.53,14.61,13.39,12.14,13.45
33013,27.19,30.15,33.23,32.74,30.33,27.37,27.12
33015,7.45,7.7,7.78,8.27,6.12,3.76,3.87
33017,27.19,27.08,26.57,24.49,20.13,15.64,13.28
33019,47.85,44.98,41.38,37.8,32.24,25.65,21.97
34001,28.18,27.2,26.07,27.41,26.6,24.85,26.28
34003,2.74,2.31,1.84,1.94,-0.33,-3.11,-3.47
34005,12.61,13.18,13.79,14.88,13.61,11.52,12.5
34007,30.82,31.15,31.52,30.71,27.75,23.78,23.61
34009,37.03,38.58,40.44,38.92,35.67,30.74,29.34
34011,51.74,48.54,44.62,40.22,33.71,26.14,22.2
34013,21.46,21.8,22.28,20.2,15.83,10.8,8.51
34015,22.32,23.21,24.24,24.03,21.9,18.53,18.92
34017,5.48,5.12,4.72,4.3,1.75,-1.44,-1.85
34019,3.09,3.34,3.58,3.47,1.33,-1.94,-2.38
34021,8.25,7.75,7.07,7.58,5.66,2.89,3.07
34023,3.09,3.29,3.33,3.39,1.41,-1.42,-1.15
34025,5.48,5.84,6.18,6.52,4.96,2.35,2.81
34027,1.69,1.84,1.95,1.94,-0.29,-3.44,-3.81
34029,31.65,31.02,30.42,29.1,25.99,22.01,20.69
34031,4.81,4.29,3.5,3.05,0.46,-2.93,-3.7
34033,44.03,47.86,52.43,50.6,46.44,40.95,39.03
34035,1.46,1.58,1.71,1.73,-0.76,-3.93,-4.34
34037,6.24,6.91,7.47,8.74,7.82,5.53,5.71
34039,4.11,4.18,4.32,3.89,1.08,-2.3,-2.6
34041,11.97,14.35,17.15,19.98,21.11,20.7,23.18
35001,27.19,28.25,29.36,29.69,32.14,33.23,35.11
35003,99.84,99.56,99.28,99.36,100.89,101.88,103.71
35005,62.56,63.63,64.92,62.49,60.86,58.14,56.52
35006,88.67,91.78,94.87,95.95,99.06,100.79,102.98
35007,95.7,92.86,89.65,90.56,92.74,92.49,94.06
35009,54.76,58.65,62.07,57.89,54.32,49.42,46.04
35011,88.67,91.55,94.64,93.8,94.47,93.05,93.05
35013,11.97,14.38,16.9,23.72,31.96,39.02,47.35
35015,53.68,47.27,40.22,34.51,29.35,23.16,17.95
35017,92.68,90.9,88.95,84.23,80.87,76.99,74.1
35019,92.04,89.3,86.26,88.95,93.1,95.79,99.73
35021,93.92,91.6,89.17,91.06,94.26,95.55,98.4
35023,76.5,76.13,75.89,81.45,87.99,93.96,100.47
35025,19.8,18.98,18.47,17.46,16.6,14.9,14.53
35027,83.79,81.15,78.57,76.7,76.39,75.36,75.05
35028,7.45,9.15,11.19,8.13,6.76,3.58,1.58
35029,73.96,79.55,85.6,86.28,87.69,89.08,91.2
35031,36.01,41.25,46.79,53.32,61.95,69.58,76.9
35033,99.3,98.78,98.14,98.38,100.49,99.99,100.87
35035,72.62,65.65,58.01,59.35,61.91,63.85,66.46
35037,98.22,97.35,96.35,94.08,93.0,89.88,88.24
35039,76.5,70.84,64.15,57.98,54.15,47.9,42.61
35041,47.85,56.93,66.77,65.68,65.85,64.44,64.47
35043,21.46,22.87,24.3,25.37,28.59,30.31,32.95
35045,23.72,30.25,37.29,40.56,46.92,50.74,55.21
35047,96.5,97.6,99.0,99.23,101.37,101.27,102.48
35049,28.84,29.49,30.28,27.75,27.3,23.99,22.33
35051,98.22,96.99,95.7,96.7,99.27,101.47,104.46
35053,98.44,98.22,98.04,98.14,100.74,101.37,103.51
35055,78.16,79.64,81.42,79.91,80.27,78.2,77.5
35057,69.02,67.8,66.29,65.03,65.52,64.48,64.26
35059,76.5,75.49,74.18,79.42,85.92,90.76,96.39
35061,76.5,78.44,80.53,80.02,81.52,81.88,83.2
36001,15.09,14.42,13.52,13.01,10.23,6.46,5.7
36003,45.78,48.05,50.57,53.07,52.85,50.7,52.51
36005,34.16,34.21,34.24,37.43,38.51,38.93,41.89
36007,38.78,42.41,46.47,48.82,49.59,48.94,51.94
36009,45.78,46.55,47.39,50.1,50.33,49.39,51.87
36011,34.89,34.65,34.15,38.04,39.74,39.94,43.47
36013,46.74,48.12,49.7,50.06,47.89,44.15,44.33
36015,40.75,39.36,37.46,42.13,44.28,44.54,48.62
36017,67.62,70.14,72.83,75.62,76.83,76.44,79.49
36019,42.31,46.14,50.38,51.49,50.82,48.99,50.63
36021,51.74,53.03,54.69,53.95,51.07,48.14,47.83
36023,23.72,24.43,25.03,25.93,24.44,21.69,22.55
36025,51.19,55.34,60.05,59.75,57.66,54.2,53.7
36027,28.18,28.14,28.18,27.47,24.6,21.04,20.04
36029,29.96,29.01,27.88,28.01,25.8,22.24,22.7
36031,55.71,59.64,63.22,62.81,60.26,56.88,56.09
36033,37.89,42.16,46.47,47.68,47.46,46.08,47.59
36035,60.17,61.56,62.84,60.42,55.57,49.88,47.24
36037,29.96,31.36,32.69,37.88,40.17,40.86,45.66
36039,46.74,46.59,46.34,41.44,34.43,27.0,22.36
36041,39.83,59.24,80.79,89.36,94.92,100.21,108.49
36043,38.78,39.96,41.12,45.71,47.83,48.82,53.59
36045,32.51,32.34,31.8,34.34,34.59,34.07,36.83
36047,6.91,6.88,6.96,7.13,5.4,2.66,3.12
36049,34.89,36.41,37.65,39.14,38.01,36.64,38.15
36051,19.8,21.88,24.03,25.2,24.14,20.82,21.81
36053,13.34,14.36,15.32,18.81,19.93,19.87,23.58
36055,23.02,24.92,26.72,28.55,28.19,26.29,28.25
36057,51.74,50.55,48.93,51.81,52.14,51.67,54.12
36059,2.9,2.63,2.38,2.23,0.43,-2.25,-2.1
36061,7.45,7.08,6.58,7.25,5.77,3.46,4.0
36063,31.65,30.37,28.83,30.93,30.9,29.59,32.19
36065,50.08,49.29,48.04,46.32,41.86,36.48,35.07
36067,18.94,20.41,21.97,22.81,21.57,18.9,19.77
36069,19.8,19.74,19.27,20.12,18.81,15.16,15.74
36071,18.31,18.9,19.5,18.92,16.2,12.63,11.46
36073,57.62,60.93,64.68,64.31,61.49,57.12,56.89
36075,36.01,39.17,42.49,45.36,45.7,45.03,47.96
36077,25.25,26.44,27.7,30.6,31.63,31.16,34.24
36079,9.71,9.74,9.85,8.92,5.25,1.36,0.0
36081,5.76,5.52,5.37,5.55,3.55,0.74,0.78
36083,23.02,24.53,26.08,28.07,27.46,26.38,28.15
36085,6.91,6.86,6.88,6.59,4.22,1.06,1.05
36087,3.57,4.0,4.42,4.32,1.68,-1.36,-1.86
36089,45.78,50.25,54.77,55.58,55.04,53.63,55.23
36091,13.72,14.29,14.78,13.97,10.96,6.93,6.13
36093,28.18,29.26,30.6,28.76,24.51,19.65,17.53
36095,58.42,55.85,52.81,53.9,53.12,51.2,52.45
36097,36.01,42.63,50.42,56.23,59.42,61.04,66.3
36099,48.93,51.42,54.26,58.37,60.68,61.26,65.15
36101,53.68,53.44,52.77,52.08,48.51,42.77,40.86
36103,4.52,4.78,5.05,5.05,2.44,-0.23,-0.08
36105,51.74,51.18,50.45,53.44,54.68,54.63,56.85
36107,29.96,32.58,35.59,38.5,39.26,38.84,41.72
36109,7.45,6.66,5.3,4.96,1.94,-2.16,-2.99
36111,39.83,37.28,34.21,33.28,30.44,26.93,25.67
36113,33.4,37.63,41.94,43.44,42.8,41.04,42.46
36115,38.78,37.59,35.73,37.75,37.09,35.37,37.34
36117,36.01,39.15,42.51,43.56,42.59,39.83,40.65
36119,4.11,3.99,3.89,4.23,2.09,-0.57,-0.74
36121,23.72,25.52,27.44,30.77,31.6,30.96,34.11
36123,25.25,26.31,27.17,25.42,21.39,15.56,13.33
37001,42.31,42.44,42.46,40.8,37.23,31.34,29.41
37003,61.64,65.64,70.2,71.26,70.25,67.97,68.42
37005,86.82,85.7,84.49,88.34,89.34,89.28,92.61
37007,80.64,80.09,79.96,75.99,68.74,60.83,54.88
37009,58.42,54.2,49.37,50.46,49.88,48.42,49.69
37011,75.96,81.32,87.68,86.07,83.44,79.18,77.8
37013,80.01,78.33,76.16,75.72,72.41,67.75,66.08
37015,88.16,89.21,90.66,90.06,86.93,82.5,81.24
37017,93.22,92.68,91.89,88.7,81.56,74.23,68.89
37019,62.56,65.16,68.32,67.83,64.03,59.07,56.37
37021,37.89,36.47,35.12,33.6,31.77,28.47,26.68
37023,83.22,84.0,84.97,84.26,81.63,77.85,76.94
37025,8.25,8.01,7.93,8.12,5.36,1.49,0.06
37027,75.96,76.56,76.87,75.04,71.47,66.76,64.95
37029,37.89,38.13,38.12,35.75,31.03,25.5,22.92
37031,73.48,76.85,80.17,80.13,77.34,73.33,72.97
37033,88.67,88.75,88.89,82.26,73.52,62.69,55.76
37035,31.65,34.89,38.62,38.24,36.04,32.42,31.5
37037,25.25,30.73,37.3,42.57,45.62,46.88,51.68
37039,82.43,84.28,86.25,86.13,85.27,83.19,82.54
37041,41.45,44.92,49.08,50.37,49.21,46.71,47.38
37043,55.71,59.72,64.16,68.71,72.39,74.83,78.67
37045,63.67,62.97,62.19,59.83,55.95,50.44,47.07
37047,85.8,85.68,85.31,83.64,78.7,73.34,69.56
37049,67.62,68.66,69.36,66.2,60.42,53.87,50.21
37051,40.75,47.04,54.49,59.76,62.07,62.74,66.58
37053,18.31,26.04,35.22,38.09,38.88,38.9,41.98
37055,39.83,41.7,43.05,36.21,27.85,18.44,12.12
37057,60.17,61.84,63.88,61.55,56.66,49.91,46.57
37059,28.84,31.61,34.63,40.78,44.2,46.06,51.45
37061,60.94,66.15,71.7,75.13,76.02,75.87,78.46
37063,9.11,8.14,6.87,6.34,3.62,-1.15,-2.49
37065,68.26,69.68,71.35,67.87,61.67,53.96,49.31
37067,11.46,11.85,12.14,10.49,5.99,-0.38,-2.73
37069,42.31,42.64,43.15,46.38,47.59,46.57,49.04
37071,62.56,59.84,56.63,54.07,49.47,43.75,40.16
37073,64.37,67.5,71.87,80.13,86.0,90.89,99.23
37075,29.96,48.72,71.03,79.28,87.0,93.51,101.72
37077,79.53,74.85,69.49,63.01,54.12,43.02,35.64
37079,80.01,84.09,88.75,91.16,90.79,88.64,89.49
37081,11.46,11.58,11.64,11.78,9.31,5.17,4.81
37083,93.7,92.25,90.65,84.68,75.56,65.53,58.57
37085,34.89,34.77,34.37,32.74,28.31,22.56,20.49
37087,51.74,56.2,61.85,65.54,68.97,70.5,74.43
37089,56.73,56.27,56.07,52.12,47.35,41.11,36.56
37091,92.96,87.9,82.05,84.22,83.46,81.74,83.21
37093,44.03,42.42,40.37,49.27,55.15,59.93,67.42
37095,58.42,64.79,71.47,56.47,38.74,20.03,4.58
37097,24.45,25.68,26.79,26.7,24.49,20.47,19.65
37099,34.16,30.54,25.99,30.49,34.55,36.7,40.99
37101,31.65,33.22,34.94,36.13,35.09,31.83,32.3
37103,96.28,97.3,97.97,97.35,93.96,89.44,87.99
37105,37.03,37.43,37.66,42.18,43.92,44.13,47.92
37107,90.89,92.89,94.65,94.77,92.05,88.13,86.91
37109,47.85,48.78,49.74,47.95,43.97,38.92,36.18
37111,94.3,91.15,87.45,86.32,83.93,80.34,79.12
37113,71.76,69.31,66.1,67.46,67.96,67.18,68.13
37115,60.94,55.25,48.49,52.59,56.82,59.22,63.87
37117,81.31,79.99,78.47,78.65,76.49,72.67,72.0
37119,3.76,3.28,3.0,2.37,-0.7,-5.03,-7.08
37121,92.36,91.93,91.3,87.73,83.32,77.76,74.57
37123,58.42,51.16,42.87,42.75,39.46,34.87,33.07
37125,44.03,44.57,45.46,49.2,50.05,49.89,52.68
37127,51.74,53.34,55.43,56.33,54.76,51.67,51.65
37129,27.19,25.9,23.81,22.83,18.92,13.91,11.03
37131,95.61,94.85,94.18,89.32,81.26,72.22,66.59
37133,39.83,48.33,57.7,61.92,63.63,64.37,67.47
37135,3.09,3.31,3.4,3.1,0.75,-3.91,-4.89
37137,81.31,84.63,88.19,87.37,84.5,80.45,79.56
37139,53.68,50.13,45.46,43.71,39.48,34.43,32.47
37141,66.92,68.87,70.74,66.42,59.52,51.62,45.96
37143,80.64,76.95,72.22,63.33,51.91,39.37,29.82
37145,71.12,74.41,78.46,77.34,73.79,68.17,66.52
37147,18.94,19.96,21.0,22.31,20.92,18.03,18.08
37149,56.73,57.47,58.68,64.09,68.31,70.96,75.73
37151,34.16,35.63,37.35,43.48,46.87,49.0,54.22
37153,85.8,81.67,77.1,74.77,69.85,63.83,60.35
37155,68.26,65.55,62.19,60.27,55.47,49.56,46.09
37157,71.76,67.68,62.95,57.86,50.52,41.24,35.2
37159,58.42,57.13,55.52,53.68,49.31,43.08,40.29
37161,88.98,88.26,87.6,85.87,82.88,78.65,76.27
37163,78.16,79.59,80.81,78.63,73.59,67.87,65.11
37165,88.16,86.99,85.69,79.92,70.83,60.92,53.44
37167,63.67,59.69,55.32,49.96,41.48,31.92,24.96
37169,48.93,49.35,49.77,49.21,45.71,40.88,39.47
37171,69.79,74.45,79.95,81.81,80.34,78.18,79.18
37173,43.11,45.75,48.44,59.58,70.31,79.31,90.61
37175,69.02,63.66,57.32,56.88,55.61,52.69,51.38
37177,65.87,73.85,82.88,86.98,88.92,89.39,93.03
37179,4.11,3.94,4.09,3.87,1.0,-2.91,-4.47
37181,95.92,91.65,86.95,79.87,70.11,58.2,50.27
37183,1.46,1.69,1.88,2.19,0.48,-3.46,-3.84
37185,98.6,94.38,89.43,85.58,78.85,70.46,65.78
37187,95.7,94.79,93.47,92.53,89.18,84.77,83.21
37189,8.63,9.64,10.82,11.5,10.61,8.46,9.26
37191,58.42,61.56,64.98,62.95,58.56,53.02,50.23
37193,77.17,75.34,72.97,74.05,72.89,70.34,70.51
37195,56.73,53.52,49.4,49.76,47.65,44.1,43.65
37197,59.22,61.73,64.37,64.36,61.33,56.82,55.72
37199,82.74,83.04,83.64,80.29,76.49,71.59,68.62
38001,34.16,26.09,16.26,10.27,5.89,-0.55,-7.09
38003,15.09,21.17,28.03,33.65,38.97,41.59,45.68
38005,3.09,5.35,7.58,20.45,34.18,44.63,56.68
38007,0.06,2.02,4.15,9.55,16.6,22.05,27.13
38009,24.45,28.6,33.52,40.43,48.86,54.44,60.65
38011,13.34,13.36,12.25,10.2,9.46,6.92,4.41
38013,13.72,9.26,4.6,3.11,2.65,0.27,-1.97
38015,10.32,8.89,7.98,7.78,8.83,7.17,6.93
38017,4.11,5.54,7.13,6.47,5.39,1.76,-0.37
38019,24.45,20.03,15.15,11.06,7.75,1.09,-4.89
38021,13.72,10.32,6.54,7.52,8.5,6.56,7.06
38023,59.22,57.12,55.21,47.63,41.14,33.21,25.39
38025,28.84,29.63,30.8,30.14,31.37,31.23,30.21
38027,16.05,20.07,24.49,46.63,69.79,89.48,110.97
38029,55.71,51.61,47.3,50.05,53.19,54.15,56.88
38031,10.98,13.2,15.47,14.94,15.01,11.96,10.31
38033,39.83,39.96,40.04,40.3,42.48,43.22,43.41
38035,5.76,6.76,8.0,7.8,8.93,6.48,5.78
38037,28.18,28.06,28.17,33.06,39.31,43.4,47.72
38039,36.01,41.8,47.57,46.52,46.44,42.92,41.18
38041,28.84,28.7,28.41,24.94,22.83,18.68,14.73
38043,18.94,20.55,23.18,25.61,28.82,28.71,30.55
38045,26.52,22.51,18.22,16.6,14.77,10.07,7.8
38047,45.78,35.8,24.44,18.82,13.44,5.28,-1.3
38049,28.84,23.44,17.66,20.23,24.17,25.61,27.07
38051,56.73,58.78,61.72,51.05,40.89,27.93,16.97
38053,15.09,9.03,2.47,2.9,4.52,5.08,4.82
38055,7.9,7.63,7.96,8.51,10.56,10.16,9.35
38057,18.31,17.21,16.11,14.0,12.94,9.67,6.42
38059,15.09,10.86,6.3,5.5,6.11,3.93,3.05
38061,2.45,1.6,1.01,4.57,9.29,12.49,15.27
38063,16.05,20.25,24.36,30.83,39.47,43.98,50.0
38065,15.09,11.92,8.54,16.66,26.49,33.53,40.94
38067,34.89,30.12,25.17,21.68,19.15,13.49,8.8
38069,16.71,14.39,11.88,11.57,12.58,10.71,9.22
38071,32.51,38.95,46.11,48.73,52.44,52.59,54.1
38073,38.78,34.42,29.21,36.23,43.3,47.53,53.71
38075,18.94,16.55,13.77,25.8,39.51,50.56,61.95
38077,6.91,7.33,7.28,8.37,9.35,7.48,7.24
38079,28.84,30.5,32.27,41.6,52.38,60.06,68.48
38081,12.61,14.33,16.6,21.81,27.32,29.77,34.27
38083,61.64,46.4,29.35,29.55,30.71,29.33,28.41
38085,12.61,9.04,5.25,7.9,11.83,13.25,16.22
38087,17.54,35.03,55.28,62.66,71.56,78.7,85.5
38089,8.25,7.7,6.91,7.65,10.79,11.64,11.99
38091,23.02,32.6,43.01,38.85,35.91,29.58,25.04
38093,44.03,40.78,36.97,36.91,36.91,33.67,32.53
38095,6.24,7.82,9.55,19.21,30.29,38.27,47.07
38097,4.81,9.33,13.88,16.24,19.21,19.04,20.9
38099,64.37,59.9,54.92,48.56,43.93,35.1,27.71
38101,9.11,8.03,7.24,7.84,10.15,10.34,10.14
38103,39.83,36.78,33.83,47.06,61.16,72.35,84.54
38105,3.76,2.35,1.57,3.41,6.16,7.55,8.55
39001,85.8,86.09,86.53,85.26,83.33,78.48,78.47
39003,46.74,47.11,47.68,48.6,49.44,46.44,48.87
39005,34.89,37.68,40.71,38.6,34.87,28.92,27.76
39007,47.85,51.19,54.92,56.86,56.69,54.76,57.58
39009,39.83,45.65,52.09,55.74,58.45,58.56,62.88
39011,19.8,19.19,18.32,15.54,12.96,6.88,5.15
39013,63.67,63.18,62.65,61.78,59.3,53.92,53.24
39015,65.87,60.5,54.16,55.06,55.47,52.82,54.68
39017,16.05,16.4,16.8,18.51,19.98,18.76,21.14
39019,37.03,36.84,36.42,38.92,39.92,39.02,41.76
39021,42.31,44.28,46.59,50.42,53.85,54.21,58.99
39023,59.22,59.87,60.5,61.72,62.54,60.34,62.12
39025,25.25,24.68,24.22,26.42,28.44,27.74,30.95
39027,36.01,39.64,43.92,48.96,53.69,55.64,61.43
39029,61.64,58.92,55.72,55.95,54.53,51.64,51.66
39031,40.75,38.46,35.53,41.92,46.59,48.6,55.66
39033,54.76,59.35,64.49,64.03,61.97,57.4,58.02
39035,41.45,43.03,44.49,45.26,44.95,42.69,44.97
39037,33.4,37.65,42.68,40.69,38.43,33.4,31.65
39039,31.65,30.73,29.39,27.2,25.29,20.0,19.39
39041,1.24,1.26,1.19,1.27,0.43,-3.67,-2.95
39043,43.11,40.71,37.92,39.95,40.05,37.92,41.48
39045,29.96,30.12,30.17,31.4,31.49,28.55,30.62
39047,60.94,60.24,59.11,59.85,60.06,57.34,58.7
39049,18.31,17.32,15.96,14.91,13.08,8.17,8.34
39051,22.32,25.81,29.63,29.85,30.18,27.37,29.75
39053,79.53,80.1,80.87,82.4,83.56,81.46,84.01
39055,6.91,8.4,9.85,10.04,8.75,5.49,7.0
39057,21.46,21.87,22.16,23.4,24.39,22.28,24.22
39059,64.37,66.62,69.59,71.1,71.46,69.16,71.47
39061,24.45,23.8,23.13,22.64,22.13,19.22,20.18
39063,16.71,15.87,14.96,14.82,13.9,9.79,11.32
39065,44.03,39.21,33.57,35.7,37.42,35.8,39.67
39067,50.08,55.49,61.93,67.99,73.04,75.57,82.29
39069,30.82,33.54,36.63,33.18,29.84,23.17,21.63
39071,72.62,73.92,75.43,75.65,75.49,72.0,72.92
39073,60.17,63.38,66.74,67.39,67.45,64.74,66.86
39075,3.09,3.02,3.02,3.13,1.32,-3.12,-2.5
39077,34.89,34.09,32.96,32.67,30.57,26.38,27.49
39079,86.82,87.8,88.6,83.23,77.45,69.01,65.14
39081,71.76,72.68,73.71,73.28,71.2,67.16,66.84
39083,36.01,36.68,37.27,33.44,28.24,20.65,17.91
39085,16.05,18.08,20.23,22.59,23.16,22.22,25.86
39087,89.4,89.23,89.13,90.59,91.27,89.45,91.74
39089,34.16,34.51,34.96,40.58,44.85,46.6,53.27
39091,47.85,44.78,41.13,37.6,33.8,27.01,24.74
39093,39.83,44.08,48.96,48.81,47.01,43.73,45.52
39095,46.74,47.52,48.33,48.61,47.82,44.1,46.33
39097,37.03,41.43,46.66,47.99,48.91,46.79,49.48
39099,55.71,54.31,52.71,51.22,47.82,43.1,41.62
39101,72.62,76.77,81.49,81.43,79.81,75.55,76.53
39103,6.24,7.78,9.51,10.3,9.6,7.22,9.53
39105,86.82,88.4,90.2,91.44,92.33,90.25,92.47
39107,14.45,13.93,13.23,13.73,14.03,11.08,12.31
39109,28.18,28.54,28.86,31.18,33.07,32.37,35.08
39111,71.76,75.08,79.2,84.2,88.46,89.83,95.99
39113,51.19,50.59,49.73,49.07,47.79,43.67,43.38
39115,76.5,80.73,85.66,88.79,91.11,90.84,95.26
39117,37.89,39.4,40.75,41.06,39.64,35.79,36.86
39119,56.73,56.58,56.47,59.7,61.37,60.81,64.48
39121,79.53,70.53,59.61,67.88,75.16,79.63,88.83
39123,54.76,53.16,51.31,52.24,51.49,48.5,51.07
39125,57.62,58.61,59.75,62.64,65.62,64.84,69.28
39127,61.64,62.36,62.97,64.54,64.91,62.54,64.72
39129,51.19,48.74,45.45,46.61,46.94,44.44,46.93
39131,93.22,93.63,93.87,94.23,94.05,90.89,92.3
39133,20.89,22.34,24.15,26.11,26.5,25.25,27.82
39135,58.42,56.93,55.17,56.23,57.25,55.36,57.0
39137,7.45,7.37,7.3,7.19,6.96,3.17,5.08
39139,38.78,43.7,49.2,51.69,52.92,51.44,55.02
39141,70.49,73.89,77.76,81.07,83.64,83.36,87.79
39143,40.75,40.28,39.88,44.2,46.79,47.29,53.33
39145,90.19,89.94,89.65,90.05,89.95,86.89,88.52
39147,37.03,36.61,36.15,38.96,40.64,39.82,44.6
39149,18.31,19.95,21.94,22.82,23.83,21.64,23.31
39151,33.4,31.68,29.68,29.65,28.0,24.41,25.06
39153,25.25,24.7,23.88,24.36,23.18,20.68,22.09
39155,44.73,43.72,42.49,42.87,41.4,38.36,39.1
39157,30.82,33.42,36.36,38.34,38.61,36.28,38.7
39159,15.09,15.17,15.25,15.21,14.22,10.1,10.89
39161,40.75,42.66,44.85,42.74,40.61,35.0,34.38
39163,77.17,81.84,86.98,87.75,88.28,86.07,88.52
39165,4.81,4.78,4.81,5.55,6.01,3.86,5.23
39167,77.84,79.41,81.29,83.02,84.05,82.58,85.12
39169,18.31,16.3,13.72,15.36,15.22,12.59,15.11
39171,37.03,38.3,39.68,42.09,44.7,43.84,47.7
39173,7.9,9.63,11.7,13.02,13.54,11.11,14.25
39175,33.4,31.54,29.23,30.7,30.9,28.15,31.07
40001,78.16,78.25,78.46,78.55,78.99,76.9,78.21
40003,59.22,55.72,52.38,57.63,64.33,67.71,73.5
40005,94.3,94.26,94.46,93.55,93.91,92.71,93.2
40007,6.24,5.16,4.1,6.01,8.89,9.84,13.08
40009,51.74,47.6,43.73,46.25,50.11,51.22,54.3
40011,89.97,88.67,87.78,84.92,83.28,79.13,77.28
40013,75.33,79.78,84.87,86.4,89.22,90.43,93.65
40015,70.49,75.7,81.78,84.85,89.23,90.98,94.79
40017,25.25,27.01,28.94,28.78,30.27,29.0,29.98
40019,64.37,69.06,74.13,76.32,80.07,81.99,85.85
40021,70.49,67.31,63.56,64.28,65.4,63.74,65.24
40023,92.68,89.78,86.57,87.67,89.08,89.39,90.95
40025,27.19,32.14,37.44,40.78,45.11,47.1,50.72
40027,26.52,25.8,25.42,26.9,30.05,30.61,33.29
40029,91.12,88.16,84.95,88.26,92.76,95.4,100.56
40031,71.76,72.41,73.32,75.88,80.04,82.06,85.65
40033,91.12,86.13,80.04,81.31,83.88,84.7,87.03
40035,93.22,93.01,92.9,91.6,90.48,86.44,86.45
40037,69.79,57.7,43.95,37.82,33.24,25.33,20.78
40039,44.73,38.06,30.92,29.04,28.33,25.31,24.14
40041,92.36,92.36,92.67,93.35,93.53,91.54,93.2
40043,66.92,56.69,45.94,48.39,52.62,53.64,56.7
40045,55.71,43.39,29.69,38.03,48.2,55.73,65.09
40047,44.03,40.97,37.78,39.96,43.08,43.12,45.95
40049,55.71,48.5,40.48,43.0,46.4,48.01,51.6
40051,53.68,51.99,50.27,55.24,60.85,63.9,69.38
40053,69.79,59.16,46.9,59.36,72.98,83.61,96.96
40055,89.4,88.66,87.98,90.11,94.58,95.96,99.38
40057,84.75,82.34,78.75,78.64,80.24,79.82,80.74
40059,19.8,20.21,21.43,25.6,32.0,35.28,41.05
40061,90.89,92.05,93.38,94.98,97.49,97.64,100.67
40063,90.89,88.53,86.4,87.49,90.1,90.21,93.27
40065,45.78,46.67,47.81,53.58,61.48,66.69,73.62
40067,78.16,84.17,91.16,93.75,97.78,100.28,104.03
40069,97.99,98.05,98.09,97.11,97.69,96.29,97.14
40071,65.87,67.67,70.12,76.87,84.83,90.09,98.43
40073,54.76,58.89,63.5,57.38,52.86,45.48,40.66
40075,82.43,83.26,84.51,86.8,91.07,92.09,95.62
40077,94.81,95.02,95.29,95.53,96.94,96.04,97.57
40079,90.51,89.14,87.67,89.5,91.99,91.8,94.95
40081,85.8,83.22,80.61,79.68,80.7,78.83,80.24
40083,19.8,23.82,28.37,29.48,32.16,31.85,34.5
40085,47.85,54.98,62.98,71.38,80.88,89.16,99.21
40087,48.93,42.0,34.16,31.98,31.13,27.87,26.84
40089,88.16,84.2,80.08,82.33,84.95,85.52,88.79
40091,95.29,95.35,95.65,95.96,97.83,96.46,97.88
40093,84.24,77.96,71.32,67.91,65.4,59.97,56.93
40095,99.59,100.21,100.53,100.13,100.96,100.17,101.48
40097,80.01,82.91,86.46,88.56,91.09,90.56,93.78
40099,77.84,77.66,77.79,85.36,94.0,100.93,110.01
40101,78.16,76.17,74.06,72.26,71.34,67.55,66.8
40103,60.94,62.3,64.1,66.42,70.57,71.17,74.9
40105,81.31,79.49,77.53,70.78,64.73,55.56,50.36
40107,96.75,92.48,88.0,84.24,82.12,77.05,75.39
40109,33.4,32.44,31.21,30.87,32.34,30.84,31.87
40111,82.43,79.91,77.51,79.45,83.67,84.18,88.05
40113,72.62,74.12,76.17,74.37,74.02,70.58,70.53
40115,81.31,78.18,74.87,77.72,80.5,80.52,84.99
40117,79.08,76.22,73.26,68.18,64.18,57.15,53.66
40119,15.09,15.43,15.92,16.01,18.03,16.84,19.06
40121,89.97,89.68,89.59,91.82,95.39,96.84,100.56
40123,64.37,55.64,45.86,49.63,54.52,57.32,62.87
40125,69.02,68.79,69.03,71.03,74.79,75.88,79.86
40127,99.4,98.92,98.61,98.97,100.36,100.36,102.48
40129,41.45,34.17,26.74,37.87,50.9,60.7,72.44
40131,44.73,46.16,47.82,46.01,44.97,40.59,40.02
40133,88.67,86.53,84.61,86.82,90.7,91.83,95.88
40135,95.92,96.19,96.42,95.3,94.54,91.26,91.38
40137,79.08,79.81,80.56,81.95,84.63,85.32,87.59
40139,11.97,9.19,5.72,3.84,2.99,-0.3,-1.64
40141,69.02,66.98,64.78,67.52,72.32,75.06,78.85
40143,32.51,30.87,29.49,30.49,32.68,31.71,33.71
40145,51.19,49.8,48.51,52.74,58.16,60.44,65.89
40147,63.67,60.95,57.94,55.29,53.48,48.61,47.61
40149,34.16,27.9,21.12,22.51,25.5,25.55,27.69
40151,46.74,41.27,35.64,44.07,54.57,60.95,70.0
40153,26.52,21.61,17.0,32.33,49.7,63.67,80.15
41001,88.16,87.81,87.5,88.47,91.18,92.2,93.93
41003,10.32,10.67,10.93,11.08,11.05,10.43,10.83
41005,21.46,20.22,18.87,17.3,16.66,14.96,14.76
41007,80.01,80.79,81.37,80.86,80.5,78.54,77.95
41009,47.85,53.3,59.53,62.17,65.98,68.54,72.51
41011,95.29,94.88,94.32,93.89,94.41,94.25,93.91
41013,92.04,90.88,89.58,89.1,89.63,89.33,89.46
41015,97.1,97.4,97.59,93.53,90.28,87.19,84.73
41017,28.84,26.98,25.08,24.4,25.02,24.31,24.48
41019,89.62,89.12,88.4,86.93,86.62,85.74,84.39
41021,86.44,88.79,91.63,90.35,91.75,91.21,91.52
41023,83.22,82.18,80.96,86.95,94.56,100.88,107.54
41025,87.33,84.57,81.62,84.92,89.65,93.61,98.15
41027,9.71,9.57,9.8,7.6,6.36,4.4,3.53
41029,65.27,65.69,66.22,61.38,56.72,52.54,48.51
41031,68.26,64.64,60.7,63.27,66.82,69.54,73.05
41033,73.48,76.08,79.01,79.46,80.59,81.76,83.17
41035,83.22,82.83,82.31,81.66,82.06,83.02,84.05
41037,88.98,92.11,95.47,89.19,84.24,79.65,75.0
41039,53.68,56.53,59.68,61.03,63.7,65.27,66.72
41041,88.16,89.66,90.98,90.4,89.86,88.79,87.74
41043,64.37,66.24,68.4,67.95,67.92,67.25,67.25
41045,67.62,66.64,65.13,62.02,60.12,56.96,54.66
41047,44.73,45.35,46.03,44.94,44.47,43.17,42.69
41049,48.93,47.81,46.1,48.77,53.87,57.32,60.94
41051,26.52,27.32,28.45,26.69,25.78,24.12,23.29
41053,46.74,46.9,46.75,45.67,44.89,43.39,42.54
41055,84.24,79.58,73.98,80.02,87.36,93.46,100.4
41057,50.08,61.17,73.37,79.74,86.59,92.25,98.54
41059,36.01,40.76,45.84,51.22,59.33,65.43,71.43
41061,63.67,63.13,62.35,60.26,60.37,58.87,57.67
41063,89.4,91.8,94.49,90.17,86.78,82.63,79.19
41065,64.37,67.68,71.96,72.93,74.49,75.36,76.81
41067,6.91,7.53,8.0,7.15,7.41,6.76,7.23
41069,85.32,89.75,94.82,96.08,99.9,102.0,104.99
41071,51.19,50.88,50.17,49.47,49.23,48.23,48.5
42001,33.4,32.9,31.99,31.5,29.33,26.05,26.0
42003,29.96,29.29,28.55,28.61,26.43,23.06,22.34
42005,77.17,76.9,76.32,75.92,73.28,69.22,68.3
42007,47.85,46.07,43.91,46.36,46.94,46.14,48.19
42009,68.26,68.5,68.67,67.77,64.29,59.35,58.31
42011,30.82,30.22,29.44,29.58,28.35,25.42,26.02
42013,57.62,60.39,63.32,64.81,64.07,61.72,62.94
42015,42.31,43.49,44.87,46.59,46.17,44.0,45.38
42017,9.71,10.29,11.0,11.25,9.07,5.68,5.63
42019,18.31,19.3,20.27,20.82,19.3,16.68,16.9
42021,71.12,71.83,72.34,72.8,70.45,66.62,66.39
42023,74.59,77.17,79.69,78.26,73.92,68.38,66.59
42025,68.26,65.98,63.39,60.57,56.16,49.96,46.95
42027,6.24,6.62,6.83,6.03,3.18,-1.23,-2.1
42029,1.97,2.16,2.23,2.37,0.54,-2.63,-1.78
42031,57.62,60.19,63.01,62.11,59.13,54.92,53.97
42033,58.42,63.64,69.27,73.58,74.84,75.24,79.01
42035,42.31,44.9,47.8,52.55,55.32,56.37,60.74
42037,13.72,15.93,18.82,23.23,26.42,27.67,32.06
42039,60.17,58.41,56.25,60.43,62.82,63.33,67.69
42041,13.72,13.94,14.19,14.91,13.79,12.03,13.33
42043,29.96,29.92,29.74,27.89,23.98,19.57,18.34
42045,16.71,17.13,17.48,17.36,15.55,12.21,12.49
42047,45.78,52.66,60.37,58.85,54.35,48.86,46.87
42049,46.74,47.09,47.29,47.94,46.35,42.8,44.07
42051,75.96,74.18,71.96,74.7,74.62,73.63,76.03
42053,99.3,99.96,100.48,99.65,96.1,91.29,90.46
42055,19.8,21.41,23.24,29.3,32.9,35.58,41.65
42057,48.93,51.39,54.42,56.1,55.34,53.4,55.34
42059,77.17,79.55,82.19,82.07,79.87,75.28,75.09
42061,54.76,56.38,58.04,59.11,58.0,55.56,56.38
42063,34.89,37.12,39.61,43.29,44.45,44.31,47.51
42065,55.71,56.05,55.92,55.75,52.85,49.0,48.38
42067,42.31,39.89,37.04,36.26,33.2,29.43,28.77
42069,48.93,48.87,48.9,49.66,48.91,46.39,47.16
42071,14.45,15.31,16.24,17.2,16.7,14.69,16.25
42073,44.03,49.33,55.83,61.74,65.82,68.71,74.65
42075,20.89,23.25,25.99,26.68,25.59,23.39,24.42
42077,37.03,36.48,35.79,34.65,31.83,27.34,26.29
42079,52.66,52.63,52.64,51.94,50.13,46.57,46.0
42081,46.74,48.09,49.57,50.71,49.98,47.44,48.08
42083,69.79,70.48,70.96,71.99,69.84,66.61,67.11
42085,59.22,59.05,58.7,61.37,61.79,60.72,63.33
42087,69.02,68.36,67.48,63.47,57.02,49.33,44.94
42089,36.01,38.15,40.63,43.82,45.54,45.5,48.38
42091,5.48,6.06,6.69,6.7,4.57,1.03,1.3
42093,34.16,31.55,28.38,31.58,33.38,33.4,36.66
42095,26.52,25.18,23.46,22.58,20.01,15.72,14.7
42097,56.73,56.93,57.36,59.23,59.54,58.25,60.28
42099,27.19,28.17,29.44,32.19,32.81,32.73,35.81
42101,53.68,54.5,55.43,56.23,54.91,52.32,53.5
42103,52.66,56.8,61.46,63.65,64.18,63.19,64.88
42105,72.62,72.13,71.29,74.92,75.81,75.14,78.55
42107,70.49,70.32,70.05,69.08,66.52,62.77,61.84
42109,22.32,21.4,20.33,19.37,16.06,12.02,11.06
42111,60.17,59.93,59.52,59.37,56.52,52.29,51.88
42113,87.33,85.67,83.76,81.67,77.53,71.79,69.45
42115,65.87,64.34,62.52,62.23,60.55,57.21,57.01
42117,55.71,56.7,57.82,61.28,61.94,61.02,63.94
42119,28.18,27.26,26.17,25.6,23.05,19.41,18.83
42121,65.27,66.5,67.81,71.82,74.11,74.88,79.62
42123,69.02,69.14,69.08,66.87,61.87,55.36,53.27
42125,43.11,42.97,42.99,42.5,40.1,36.06,35.23
42127,69.79,69.31,68.55,69.16,68.12,65.28,65.62
42129,43.11,43.49,43.95,45.96,44.84,42.86,43.83
42131,46.74,43.59,39.98,36.1,30.67,23.66,19.66
42133,25.25,26.94,28.89,29.93,29.06,27.07,28.24
44001,19.8,18.6,17.03,14.8,10.32,5.91,3.2
44003,38.78,40.78,43.13,46.35,46.86,47.72,50.19
44005,19.8,20.45,21.09,22.18,20.92,20.0,20.82
44007,32.51,31.43,30.03,31.11,29.29,27.78,27.96
44009,8.63,10.49,12.56,13.38,11.54,9.98,10.53
45001,81.95,84.14,86.63,86.49,84.38,81.2,79.24
45003,38.78,38.48,38.13,35.8,31.0,25.58,21.01
45005,96.91,96.13,96.08,94.3,90.76,86.83,83.27
45007,58.42,58.12,57.69,57.33,55.25,51.41,49.46
45009,93.92,92.1,90.07,87.25,82.01,76.39,71.77
45011,92.96,93.37,94.09,93.79,91.36,88.56,86.83
45013,21.46,22.96,24.73,26.29,25.58,24.56,23.72
45015,27.19,29.4,31.91,33.74,32.58,31.02,30.17
45017,71.12,75.56,80.51,75.35,67.89,59.88,52.97
45019,11.46,12.28,12.97,11.7,7.92,3.51,0.2
45021,77.17,74.08,70.52,68.8,65.64,60.87,57.89
45023,65.27,67.69,70.85,73.44,73.99,72.94,74.39
45025,56.73,55.83,54.97,60.1,62.18,63.6,66.72
45027,92.36,93.49,94.63,94.56,92.48,89.26,87.55
45029,78.16,71.14,63.21,49.56,33.47,17.16,1.3
45031,72.62,73.82,75.27,75.91,74.08,71.75,71.24
45033,76.5,80.11,84.62,80.21,72.67,64.58,58.57
45035,16.71,18.37,20.36,20.84,18.46,15.71,13.6
45037,46.74,49.04,51.86,56.38,58.46,59.87,61.75
45039,82.74,80.87,78.82,79.74,78.66,76.26,76.21
45041,60.94,58.96,56.47,54.8,50.52,45.41,42.4
45043,51.74,52.34,53.02,54.69,53.01,50.98,50.09
45045,16.71,17.65,18.96,20.28,20.4,19.22,19.36
45047,51.74,51.45,51.17,53.49,54.16,53.12,53.56
45049,75.33,66.41,56.33,43.82,29.39,14.89,0.6
45051,53.68,56.17,58.88,59.82,57.31,54.48,53.31
45053,50.08,51.53,53.36,51.56,47.56,43.57,39.4
45055,52.66,50.24,47.34,51.45,53.12,54.19,57.19
45057,43.11,41.09,38.72,36.45,31.81,26.12,22.71
45059,84.75,82.9,80.7,81.24,80.4,77.76,76.57
45061,90.19,90.25,90.21,89.61,86.76,83.12,81.41
45063,18.94,21.32,24.12,27.08,27.61,27.26,28.23
45065,84.24,86.51,89.3,90.95,90.44,88.7,87.94
45067,73.96,73.75,73.42,71.9,67.19,61.86,58.39
45069,87.33,87.35,87.5,87.45,84.25,80.53,79.08
45071,39.83,40.32,41.12,42.4,41.71,39.39,38.85
45073,80.01,82.06,84.33,86.86,87.94,87.81,88.84
45075,67.62,68.35,69.14,63.04,54.43,45.48,37.38
45077,41.45,40.9,40.28,41.73,41.95,40.77,40.98
45079,16.71,17.35,17.99,21.84,23.82,24.56,27.19
45081,50.08,44.78,38.3,38.56,36.43,33.46,31.67
45083,52.66,51.82,51.05,49.43,46.58,42.22,39.36
45085,73.96,78.2,83.02,82.13,79.23,75.46,73.3
45087,88.16,85.2,81.98,82.35,81.07,78.64,77.59
45089,86.44,85.25,83.73,82.77,79.14,74.26,71.17
45091,16.71,15.9,15.05,12.32,7.62,1.55,-2.16
46003,19.8,25.37,32.12,29.55,27.51,22.57,19.6
46005,36.01,30.46,24.73,18.79,13.76,5.71,-1.26
46007,27.19,28.97,30.72,25.56,20.81,13.56,8.27
46009,28.84,30.77,32.93,28.97,24.59,17.63,12.24
46011,7.9,7.8,8.16,5.97,3.81,-0.71,-3.46
46013,7.45,7.47,7.84,9.55,11.49,11.11,12.51
46015,66.92,61.32,55.14,52.65,51.11,46.69,43.79
46017,70.49,67.71,65.1,61.06,57.4,51.02,45.67
46019,54.76,51.46,47.84,50.79,53.88,55.02,58.06
46021,43.11,36.9,29.64,27.7,26.22,22.41,20.29
46023,42.31,45.06,48.06,45.58,43.3,38.68,35.44
46025,63.67,64.19,65.53,47.99,30.47,11.08,-7.26
46027,5.76,5.74,5.68,7.38,8.51,7.49,8.07
46029,36.01,30.65,24.92,25.42,25.78,23.99,23.8
46031,23.72,23.44,23.31,19.0,15.73,10.56,6.44
46033,47.85,48.58,49.36,50.73,51.64,50.53,51.56
46035,47.85,52.43,57.45,48.58,39.92,28.79,19.11
46037,43.11,41.43,39.77,27.55,14.74,-0.29,-13.79
46039,56.73,48.58,39.39,29.72,19.77,7.65,-2.69
46041,22.32,17.37,11.67,8.22,5.67,0.91,-3.07
46043,34.16,37.36,40.58,32.52,24.72,14.54,6.11
46045,9.11,14.88,21.77,15.27,8.96,0.36,-6.67
46047,89.62,89.7,89.58,84.5,79.03,71.39,66.51
46049,48.93,44.58,39.89,35.27,31.12,24.41,18.9
46051,33.4,33.08,33.32,29.27,24.8,18.19,13.42
46053,68.26,62.47,56.26,42.57,29.46,13.05,-1.38
46055,68.26,55.98,42.28,47.52,53.74,57.27,61.28
46057,26.52,22.34,17.84,11.08,4.33,-4.39,-11.26
46059,37.89,31.52,24.96,25.23,26.41,24.92,24.13
46061,16.71,19.55,22.17,20.18,18.33,13.79,11.35
46063,3.09,3.38,3.64,2.58,2.6,0.74,-0.38
46065,10.32,9.51,9.23,12.79,17.24,19.18,22.15
46067,44.03,49.29,54.94,51.12,46.95,40.25,35.5
46069,9.11,8.16,7.65,6.3,5.42,2.17,-0.76
46071,16.05,25.39,36.8,30.61,24.68,16.74,9.79
46073,48.93,34.92,18.87,17.73,17.02,13.41,11.26
46075,79.53,56.61,31.02,17.0,3.74,-11.89,-26.73
46077,25.25,29.53,34.76,27.06,19.91,10.62,2.59
46079,21.46,19.66,17.3,15.59,13.83,9.33,6.97
46081,45.78,45.47,45.52,49.08,53.04,54.74,58.64
46083,0.38,0.72,0.91,0.61,0.1,-2.57,-3.75
46085,12.61,12.74,13.69,11.33,9.41,4.75,1.41
46087,18.94,24.02,29.39,21.2,13.07,1.86,-6.9
46089,65.87,67.81,70.04,66.7,63.65,58.19,54.57
46091,9.11,6.82,4.29,6.86,9.0,8.29,9.79
46093,34.16,35.44,36.89,30.86,25.3,17.54,11.69
46095,55.71,50.71,46.74,31.2,16.1,-1.75,-18.37
46097,19.8,25.58,32.17,29.17,26.11,20.51,16.55
46099,9.11,9.39,9.65,8.82,7.93,4.76,3.53
46101,20.89,16.94,12.27,12.15,12.03,8.94,7.99
46102,0.0,0.56,0.69,0.22,-0.76,-3.99,-5.11
46103,34.89,36.25,37.89,35.82,34.32,30.25,28.1
46105,48.93,56.29,65.04,56.76,49.94,40.82,32.32
46107,60.94,60.57,60.24,45.18,30.52,14.02,-1.67
46109,25.25,22.73,19.63,15.66,10.91,3.78,-1.69
46111,38.78,37.41,35.98,27.55,20.05,9.39,0.04
46115,64.37,53.71,41.86,32.96,24.84,14.15,4.14
46117,3.57,2.1,1.27,2.44,4.43,3.84,4.32
46119,15.09,14.04,12.9,8.0,4.11,-2.48,-7.9
46121,72.62,57.98,41.87,23.4,5.13,-16.34,-36.39
46123,19.8,16.89,14.71,9.5,4.87,-2.95,-9.28
46125,24.45,26.74,29.16,29.59,30.56,28.79,29.09
46127,7.45,9.55,12.15,10.56,8.65,4.18,1.18
46129,41.45,45.0,49.43,42.36,35.77,26.94,19.37
46135,31.65,29.64,27.24,33.4,39.04,42.28,47.41
46137,8.25,7.96,8.25,9.57,11.97,11.72,12.32
47001,77.17,76.74,76.35,76.28,76.5,74.46,74.91
47003,48.93,51.38,54.59,54.68,55.15,53.48,53.57
47005,94.49,95.74,97.09,97.64,98.64,98.33,99.26
47007,97.55,97.82,98.22,98.15,98.6,97.39,98.15
47009,54.76,52.53,49.68,45.41,41.3,35.48,31.79
47011,76.5,72.69,68.77,69.05,69.05,67.53,67.36
47013,90.51,92.01,93.9,95.52,97.52,97.0,99.16
47015,91.56,87.61,82.86,79.18,75.9,70.87,68.01
47017,83.79,84.88,85.88,88.29,91.89,93.23,96.26
47019,93.92,92.03,89.6,89.12,88.31,85.82,86.1
47021,52.66,49.04,44.61,40.86,37.63,32.17,29.08
47023,26.52,30.12,34.49,35.16,37.51,37.03,38.75
47025,92.36,90.56,88.34,88.18,88.67,86.83,87.71
47027,91.44,91.96,93.06,87.21,81.77,73.82,68.8
47029,92.04,92.52,93.17,94.16,94.59,93.61,94.92
47031,86.44,81.48,75.72,72.07,69.14,63.9,60.58
47033,80.64,81.91,83.39,81.6,81.8,78.93,78.1
47035,92.96,93.21,93.84,93.13,92.74,90.23,89.85
47037,16.71,17.41,18.28,17.46,16.95,14.24,13.96
47039,89.62,90.06,90.42,85.69,81.96,76.15,71.9
47041,72.62,73.69,75.19,68.37,61.84,53.61,47.6
47043,60.17,59.46,58.43,57.52,57.05,54.7,54.38
47045,69.79,71.99,74.52,77.0,81.27,82.39,85.63
47047,60.17,55.69,50.76,51.23,53.24,52.45,53.6
47049,96.75,95.54,94.36,94.83,96.07,95.01,96.32
47051,77.17,78.03,79.33,79.35,79.7,77.82,77.82
47053,63.67,65.13,66.59,72.07,78.8,82.89,88.7
47055,65.87,68.24,70.88,69.87,69.37,67.14,66.69
47057,88.98,89.64,90.51,92.38,94.21,94.28,97.02
47059,91.82,91.88,92.16,93.47,94.46,94.03,96.14
47061,98.5,98.3,98.13,97.61,97.42,95.21,94.8
47063,78.16,77.28,76.22,76.22,76.0,73.9,74.34
47065,41.45,38.86,36.34,36.16,35.79,34.15,33.39
47067,97.39,97.72,98.17,98.57,98.94,97.7,99.29
47069,75.96,74.65,73.5,75.79,79.64,80.4,83.78
47071,88.16,83.52,78.21,74.45,71.65,66.02,63.03
47073,91.44,91.64,91.75,92.13,92.48,91.03,92.29
47075,78.16,74.04,69.26,69.46,71.42,70.07,70.9
47077,62.56,64.67,67.02,69.89,74.03,75.9,79.52
47079,87.81,88.97,90.15,90.38,91.75,91.12,91.81
47081,90.19,89.91,89.56,86.54,83.96,79.62,77.06
47083,93.22,94.69,96.02,94.67,93.55,90.7,89.7
47085,73.96,79.67,86.35,88.28,90.63,91.49,93.74
47087,94.49,92.43,90.32,91.43,93.1,92.47,94.23
47089,83.79,82.84,81.72,82.19,82.38,81.01,82.32
47091,97.39,95.97,94.41,94.75,94.54,92.73,94.01
47093,27.19,26.79,26.32,24.28,22.51,18.9,17.51
47095,97.99,98.1,98.05,96.33,95.92,92.51,91.15
47097,93.7,93.2,92.73,92.15,93.35,91.47,91.9
47099,66.92,67.72,68.65,70.97,73.84,74.7,77.33
47101,81.95,81.45,80.93,77.8,75.35,70.66,67.93
47103,82.74,84.18,85.72,83.1,80.38,76.1,73.37
47105,63.67,61.46,59.2,54.57,49.99,43.29,39.03
47107,80.64,75.65,70.25,72.56,74.47,75.02,77.38
47109,85.8,84.43,82.99,81.41,80.97,77.64,76.99
47111,79.08,77.29,74.94,77.07,80.27,81.02,83.88
47113,54.76,53.55,52.06,48.82,47.19,42.68,40.41
47115,93.92,92.28,90.64,89.82,88.75,86.1,84.97
47117,62.56,58.3,53.1,54.44,56.17,55.98,57.71
47119,44.73,43.81,42.8,40.28,38.28,34.56,33.05
47121,98.89,96.41,94.11,89.05,83.96,77.37,72.66
47123,81.95,76.93,71.18,75.25,79.21,81.58,85.88
47125,29.96,31.24,32.74,36.14,40.26,42.21,46.53
47127,69.02,68.95,68.93,57.88,47.04,34.23,23.08
47129,94.08,93.39,92.75,91.79,90.95,87.94,87.82
47131,75.96,77.42,78.9,82.81,87.9,90.54,95.22
47133,65.87,58.81,50.62,51.09,51.75,50.64,51.91
47135,81.31,81.73,82.17,80.16,78.96,75.79,74.19
47137,81.95,82.72,84.15,86.76,89.39,90.2,93.68
47139,88.98,82.7,75.59,72.85,69.44,64.92,61.6
47141,41.45,37.99,34.07,37.51,41.37,43.17,47.15
47143,96.34,94.01,91.6,88.22,85.08,80.13,77.26
47145,92.36,89.9,87.33,85.31,83.21,79.15,77.74
47147,31.65,35.02,39.21,40.61,42.81,42.46,44.73
47149,5.16,5.76,6.7,7.79,9.33,8.77,10.55
47151,90.51,92.81,95.53,96.82,98.26,97.38,99.44
47153,85.8,88.68,92.35,93.01,93.6,92.98,93.68
47155,70.49,69.17,67.58,67.58,67.2,65.53,66.19
47157,26.52,25.07,23.34,22.92,23.28,21.12,20.94
47159,69.02,71.19,73.81,71.5,69.65,65.56,63.77
47161,85.8,87.32,88.71,88.11,88.25,86.29,86.34
47163,82.74,83.57,84.5,85.64,86.47,85.03,86.83
47165,23.02,24.62,26.54,29.67,33.38,34.69,38.61
47167,46.74,48.22,50.07,52.37,55.85,56.54,59.36
47169,69.79,68.33,66.38,67.83,70.39,70.31,72.33
47171,96.05,96.09,96.07,95.51,94.99,92.64,92.69
47173,69.02,70.24,71.77,74.13,76.76,77.32,80.25
47175,92.04,92.22,92.47,94.06,96.09,96.29,98.65
47177,77.17,76.88,76.58,79.38,82.47,83.49,86.84
47179,64.37,65.96,67.94,70.37,72.77,73.17,76.44
47181,88.67,86.6,84.35,84.2,84.54,82.69,82.95
47183,62.56,63.44,63.97,68.76,74.37,77.26,82.57
47185,80.01,81.28,82.92,82.82,83.1,81.46,81.77
47187,1.34,0.97,0.55,0.46,0.71,-0.71,-0.29
47189,23.02,24.98,27.15,26.74,26.27,23.53,23.37
48001,29.96,26.26,22.34,27.33,32.1,36.01,42.88
48003,22.32,16.74,10.9,7.25,3.78,-0.6,-4.37
48005,80.64,81.96,83.29,79.63,75.56,70.65,68.82
48007,92.96,92.63,92.7,91.05,88.51,86.35,84.58
48009,50.08,47.42,44.63,47.92,51.95,55.2,59.48
48011,52.66,52.55,52.36,39.69,27.86,14.16,1.8
48013,33.4,25.15,16.06,16.68,16.43,17.19,18.85
48015,26.52,29.68,33.13,28.02,23.03,17.41,13.48
48017,22.32,31.34,41.07,35.89,31.44,25.4,20.76
48019,74.59,75.92,77.24,78.4,78.07,78.76,80.55
48021,30.82,33.96,37.85,35.32,33.05,30.48,29.5
48023,84.24,77.89,70.48,75.96,82.02,87.93,94.79
48025,73.96,65.95,57.33,59.37,60.29,61.94,64.71
48027,32.51,35.66,38.56,40.47,41.95,43.27,46.45
48029,32.51,32.17,32.05,33.48,33.77,34.88,36.79
48031,64.37,62.46,60.46,60.9,60.3,60.64,62.8
48033,27.19,40.57,56.21,73.8,91.59,108.07,125.81
48035,70.49,69.59,68.44,67.8,66.01,64.84,66.31
48037,51.74,48.26,44.29,37.05,30.21,21.71,15.52
48039,8.63,7.27,5.63,5.48,5.41,4.36,5.34
48041,3.76,2.31,1.3,1.37,2.63,3.39,5.65
48043,82.43,85.46,89.32,87.34,84.13,81.09,77.51
48045,23.02,16.73,9.08,10.37,12.17,12.43,14.03
48047,97.07,85.44,70.32,70.37,68.35,67.41,66.89
48049,31.65,34.34,37.21,37.3,36.65,37.48,39.13
48051,75.33,70.64,65.33,59.93,55.14,49.75,46.21
48053,79.08,79.6,80.0,77.35,73.46,70.48,68.99
48055,50.08,45.11,39.44,36.48,32.76,29.06,26.95
48057,79.08,74.3,68.82,68.49,67.66,66.73,67.18
48059,79.08,77.28,74.58,74.37,73.58,73.57,75.16
48061,32.51,30.04,27.18,24.01,18.77,16.39,13.34
48063,73.48,67.84,61.77,55.1,48.79,41.24,35.63
48065,15.09,16.12,16.82,13.66,11.93,8.15,5.46
48067,77.84,70.58,62.52,63.35,65.25,64.91,67.12
48069,8.63,8.87,8.53,9.52,10.94,10.8,12.24
48071,37.89,32.84,27.37,20.53,12.91,5.14,-0.37
48073,39.83,38.51,37.08,32.45,27.53,21.8,19.38
48075,24.45,44.68,67.81,68.87,71.22,72.15,73.95
48077,85.8,82.43,78.4,76.41,75.47,73.44,72.65
48079,66.92,64.83,62.12,57.17,53.14,47.15,43.01
48081,71.76,71.87,72.31,71.32,69.51,68.28,67.5
48083,24.45,25.41,26.35,32.88,38.55,45.33,52.89
48085,0.45,0.42,0.36,0.2,0.67,0.78,2.37
48087,52.66,56.05,59.4,48.55,39.84,28.58,18.63
48089,38.78,40.91,43.1,38.91,34.79,29.96,26.99
48091,34.16,33.45,32.6,32.92,32.05,32.04,33.55
48093,71.76,74.24,76.81,78.28,79.29,81.42,85.35
48095,62.56,37.68,8.93,5.05,0.05,-4.14,-7.21
48097,45.78,45.33,44.29,41.26,39.02,35.72,34.18
48099,29.96,39.79,50.61,57.97,64.35,70.99,80.01
48101,88.67,87.47,85.27,81.96,79.69,76.05,73.89
48103,3.57,1.88,0.62,-0.12,-1.49,-2.98,-4.2
48105,19.8,17.39,14.95,9.31,2.22,-4.7,-10.48
48107,69.79,68.18,66.32,69.99,75.21,78.22,82.64
48109,96.75,96.4,96.25,95.94,95.03,94.16,92.96
48111,24.45,28.99,34.1,30.27,27.68,23.06,19.62
48113,5.76,5.45,5.23,4.99,4.55,4.78,6.07
48115,39.83,47.47,56.4,65.77,75.58,84.16,93.94
48117,10.98,9.3,7.17,6.89,7.0,5.87,6.27
48119,53.68,60.2,67.89,71.58,75.84,78.76,83.47
48121,1.88,1.92,1.85,1.51,1.66,1.72,3.24
48123,62.56,63.27,64.3,61.77,58.91,55.39,53.82
48125,87.33,90.82,94.63,93.08,92.62,89.92,88.93
48127,78.16,85.42,93.91,93.39,91.16,90.07,88.74
48129,70.49,71.21,71.63,61.8,52.82,41.7,32.26
48131,98.15,97.58,97.47,97.79,96.26,95.07,95.68
48133,90.89,89.5,87.26,89.27,90.82,93.59,97.68
48135,36.01,30.78,25.6,21.31,17.08,12.39,7.82
48137,85.32,88.18,91.16,95.62,98.0,102.2,106.54
48139,25.25,22.5,19.31,16.81,14.12,11.7,11.26
48141,28.18,31.4,34.92,35.13,36.37,36.61,37.36
48143,15.09,12.25,9.01,13.1,17.27,21.69,28.07
48145,79.53,81.34,83.51,84.84,86.25,87.34,90.98
48147,68.26,65.35,61.52,55.01,50.13,43.96,39.45
48149,27.19,30.82,35.11,39.2,43.5,47.24,52.69
48151,61.64,59.64,57.15,62.84,68.48,73.69,79.78
48153,37.89,36.54,35.29,29.58,24.92,18.3,12.82
48155,99.17,97.63,95.82,91.67,88.56,84.39,81.31
48157,1.46,1.57,1.66,0.8,0.04,-1.64,-1.19
48159,90.89,90.18,89.69,81.88,74.14,65.31,58.2
48161,67.62,67.59,67.48,72.71,78.17,82.92,90.44
48163,71.12,70.23,69.46,61.3,52.05,43.61,35.07
48165,25.25,22.33,19.55,16.84,14.47,11.02,8.2
48167,25.25,26.44,28.24,29.44,30.54,30.72,33.45
48169,47.85,40.84,32.28,36.03,40.73,43.58,47.74
48171,68.26,58.94,47.95,38.76,28.23,18.78,10.83
48173,0.03,-0.74,-0.93,0.54,1.63,2.01,3.51
48175,86.44,84.76,83.38,75.08,65.87,56.35,48.61
48177,84.75,82.33,79.87,75.28,70.19,64.46,60.49
48179,50.08,51.62,53.08,58.29,64.92,69.15,75.14
48181,56.73,58.16,59.79,59.91,61.31,61.64,63.38
48183,43.11,43.04,43.38,42.82,42.13,40.83,41.13
48185,40.75,36.81,32.37,32.29,32.85,32.7,34.01
48187,25.25,23.09,21.02,20.73,19.19,18.3,18.59
48189,15.09,13.78,12.2,13.84,16.35,16.66,18.71
48191,68.26,76.59,85.55,83.88,83.48,81.3,79.99
48193,86.82,91.25,95.95,94.73,92.69,91.81,92.95
48195,15.09,17.6,20.23,27.2,36.01,42.77,50.87
48197,93.7,93.58,93.3,92.35,92.51,90.91,90.97
48199,57.62,51.54,45.0,44.59,43.35,41.86,42.66
48201,4.81,4.58,4.29,3.6,2.7,1.07,1.64
48203,34.89,29.38,23.07,19.42,15.38,10.25,7.22
48205,16.05,18.0,19.78,20.17,21.95,21.34,22.23
48207,95.7,97.95,99.87,97.97,96.88,95.15,94.81
48209,5.48,4.88,4.42,4.02,2.79,1.66,2.03
48211,8.63,5.59,2.4,11.48,21.6,29.64,39.45
48213,71.76,69.17,66.42,64.8,62.58,59.74,59.63
48215,34.16,32.21,30.19,28.47,24.25,22.59,20.44
48217,74.59,73.44,72.17,71.12,69.23,67.67,68.94
48219,37.03,37.77,38.67,43.05,48.32,51.78,56.97
48221,55.71,48.41,39.95,32.09,24.59,17.45,12.26
48223,65.27,66.83,68.48,65.83,63.38,60.19,58.79
48225,82.43,76.97,70.93,71.22,71.28,70.61,72.53
48227,71.76,65.48,58.22,58.34,58.29,57.63,58.03
48229,97.61,97.86,98.14,98.43,98.64,98.6,98.82
48231,65.87,64.85,63.37,58.85,55.01,49.9,46.47
48233,50.08,58.48,68.11,70.63,74.88,77.03,80.83
48235,15.09,11.89,8.94,13.56,16.83,20.28,24.52
48237,85.32,84.59,83.7,73.89,64.4,54.76,47.06
48239,54.76,60.09,66.69,70.05,73.82,76.99,82.04
48241,91.44,90.74,89.8,82.39,73.8,65.52,59.02
48243,98.98,90.78,81.64,67.38,51.81,36.08,20.15
48245,44.73,39.14,33.35,34.27,34.22,33.54,35.09
48247,90.51,91.86,93.9,96.16,96.35,97.64,99.41
48249,75.96,69.05,61.28,55.96,49.17,42.79,37.74
48251,14.45,14.13,14.31,11.94,9.03,6.76,6.83
48253,80.01,83.15,86.35,87.72,89.39,90.9,93.61
48255,89.62,82.73,75.54,62.17,48.05,34.04,21.22
48257,22.32,22.12,21.96,21.09,20.26,18.59,18.94
48259,28.18,36.77,47.06,41.52,34.21,28.1,23.23
48261,0.89,37.31,79.3,89.04,96.54,105.37,114.25
48263,88.98,93.06,97.55,98.77,100.25,100.4,101.73
48265,78.16,78.68,79.26,78.14,75.19,73.61,73.19
48267,71.76,76.09,81.2,85.5,87.97,92.41,97.26
48269,4.39,2.93,0.97,8.13,16.14,22.93,31.17
48271,59.22,44.3,27.07,53.01,76.82,101.65,126.59
48273,46.74,47.88,48.79,47.24,44.06,41.93,40.24
48275,79.08,80.03,81.01,84.46,88.71,92.27,97.41
48277,71.12,71.96,72.85,72.45,72.4,70.79,70.61
48279,30.82,35.08,39.74,44.87,50.64,54.32,60.0
48281,52.66,59.87,67.62,72.12,74.91,78.18,83.41
48283,85.8,87.39,89.09,80.59,70.22,60.56,51.64
48285,78.16,75.27,71.87,68.85,65.92,62.36,60.36
48287,58.42,56.25,53.62,44.19,35.24,25.52,17.54
48289,47.85,43.81,39.46,52.04,64.6,76.46,90.68
48291,73.96,71.89,69.85,67.85,65.27,62.22,61.42
48293,60.94,64.48,68.76,66.9,65.17,62.49,63.17
48295,19.8,19.84,20.39,29.93,40.56,49.05,59.47
48297,73.48,68.78,64.14,69.21,72.97,77.5,83.07
48299,96.05,95.89,95.78,96.0,95.11,95.04,96.65
48301,73.48,83.2,95.28,91.47,87.3,82.95,78.43
48303,37.89,39.41,41.39,40.01,40.16,38.01,37.34
48305,74.59,75.62,76.62,82.31,88.78,93.46,99.62
48307,60.94,64.61,69.57,75.85,81.52,87.9,95.87
48309,26.52,26.29,25.66,26.84,27.86,29.2,33.02
48311,96.75,96.0,95.83,91.42,86.14,81.36,77.82
48313,59.22,55.9,52.68,53.89,55.0,55.63,58.03
48315,94.08,92.88,92.27,91.42,90.78,88.88,89.32
48317,27.19,21.78,15.88,11.76,7.67,3.02,-0.77
48319,60.94,57.48,53.62,55.57,56.66,58.49,62.2
48321,48.93,45.12,40.81,49.46,58.73,66.71,76.43
48323,66.92,63.77,60.29,56.34,49.96,45.24,40.21
48325,60.17,54.61,48.45,51.64,53.9,57.02,60.79
48327,94.49,94.32,95.03,94.65,92.78,91.81,91.81
48329,18.31,13.16,7.8,5.54,3.62,1.21,-0.77
48331,89.62,88.93,88.27,81.0,74.2,66.8,61.21
48333,51.19,62.31,74.88,84.28,92.46,102.37,113.72
48335,65.87,62.14,58.23,58.29,57.8,57.06,56.99
48337,73.48,75.47,77.5,79.37,82.22,84.27,87.83
48339,11.97,11.05,10.07,8.35,6.68,4.68,4.48
48341,28.18,29.22,29.85,20.32,12.12,2.32,-6.27
48343,94.97,89.72,84.39,81.53,78.89,74.87,72.85
48345,75.33,79.2,83.41,81.62,81.08,78.97,78.13
48347,38.78,42.55,46.82,53.19,58.92,64.13,72.09
48349,70.49,72.79,75.51,70.4,65.12,59.55,56.45
48351,88.16,91.68,96.12,93.3,89.79,86.13,84.55
48353,80.01,75.93,71.34,73.12,74.95,76.42,78.66
48355,46.74,42.12,36.71,33.5,28.96,25.4,22.23
48357,6.91,8.71,10.78,10.99,12.53,12.48,14.3
48359,54.76,52.54,49.89,39.86,30.78,19.79,10.6
48361,71.12,66.24,61.18,61.38,60.37,59.26,60.02
48363,66.92,68.98,71.71,72.2,73.44,74.69,77.72
48365,59.22,62.13,65.45,65.13,64.1,62.68,63.35
48367,27.19,25.61,23.76,22.68,21.4,20.91,22.27
48369,18.94,25.88,33.41,32.28,31.31,29.0,28.07
48371,20.89,19.92,19.47,17.39,13.49,10.21,6.95
48373,97.1,96.23,95.16,92.32,89.38,86.06,84.73
48375,18.31,18.73,18.87,16.57,15.15,11.6,9.82
48377,92.96,91.54,90.13,88.77,86.54,85.04,82.38
48379,75.33,78.53,82.16,78.82,75.48,71.6,69.34
48381,11.46,12.84,14.4,13.84,14.02,12.45,12.82
48383,9.71,7.61,5.45,4.72,2.75,0.83,0.02
48385,76.5,85.07,95.16,98.11,98.96,101.88,105.12
48387,92.96,90.42,87.76,81.0,74.92,66.84,60.93
48389,43.11,34.55,25.11,16.8,7.48,-1.64,-11.18
48391,91.82,90.86,90.29,91.39,91.48,92.21,93.49
48393,50.08,51.76,53.73,47.78,42.89,36.12,30.98
48395,59.22,53.22,46.48,41.92,37.59,32.79,30.16
48397,1.69,1.88,2.14,2.02,2.21,1.7,2.8
48399,15.09,22.54,31.92,36.12,39.21,43.35,48.31
48401,53.68,54.26,54.93,55.63,55.87,55.59,57.87
48403,92.68,92.52,92.52,94.63,95.86,96.71,99.67
48405,98.31,98.56,98.59,98.68,98.11,96.8,98.06
48407,75.96,77.85,80.4,84.04,87.36,90.33,95.07
48409,55.71,50.0,43.71,43.73,42.73,42.73,42.99
48411,73.48,68.9,62.88,61.87,60.03,59.23,59.99
48413,24.45,16.89,8.66,6.58,3.0,-0.02,-2.28
48415,44.03,40.52,36.33,37.42,38.67,39.15,40.57
48417,39.83,53.74,69.67,73.7,77.92,82.35,88.21
48419,57.62,63.3,69.88,74.1,77.31,80.08,85.02
48421,57.62,60.03,62.56,59.11,56.62,52.16,48.97
48423,33.4,31.5,29.42,29.34,29.09,28.22,29.68
48425,19.8,17.57,15.43,15.73,15.72,16.44,19.55
48427,82.74,77.61,71.86,70.9,66.54,63.81,61.16
48429,52.66,56.75,61.04,70.58,80.29,90.47,102.31
48431,18.31,15.19,11.89,31.21,49.61,67.68,86.83
48433,74.59,82.48,91.42,87.04,83.18,78.27,75.13
48435,5.76,4.02,2.4,4.26,4.65,6.05,7.81
48437,61.64,66.02,71.28,70.33,70.17,68.19,67.82
48439,8.25,8.14,8.19,7.79,6.96,6.85,8.54
48441,61.64,60.44,58.85,54.89,50.65,47.15,44.77
48443,84.75,77.28,69.05,57.65,45.0,32.46,20.37
48445,64.37,59.66,54.21,59.05,64.47,68.61,73.88
48447,74.59,80.53,87.33,87.13,87.93,88.5,90.25
48449,58.42,52.09,45.23,39.51,34.14,27.82,23.07
48451,40.75,38.26,36.15,36.29,34.96,34.07,33.92
48453,3.76,3.45,3.09,2.36,1.61,0.64,1.06
48455,97.33,97.59,98.17,98.67,98.64,98.27,99.95
48457,94.49,94.48,94.57,95.01,94.6,94.28,96.25
48459,79.53,76.45,73.27,69.31,65.36,60.7,57.31
48461,22.32,22.39,22.99,14.28,4.8,-4.87,-14.17
48463,41.45,36.59,31.07,36.82,41.17,46.44,51.93
48465,15.09,20.26,26.97,36.61,44.48,53.48,62.35
48467,74.59,72.63,70.44,70.42,70.12,69.22,70.63
48469,51.19,49.21,47.01,45.64,44.17,42.09,41.81
48471,8.63,6.76,4.81,3.95,3.53,2.24,2.88
48473,28.18,32.22,36.92,26.63,16.74,5.76,-3.2
48475,60.17,47.52,33.8,25.94,16.97,8.18,-0.73
48477,43.11,43.56,44.0,45.22,47.33,48.17,50.67
48479,26.52,23.22,19.4,17.39,12.9,10.08,6.93
48481,47.85,46.91,45.7,42.98,41.2,38.34,37.1
48483,53.68,51.77,49.56,49.96,51.5,50.27,50.88
48485,41.45,44.18,47.87,54.11,61.86,68.25,75.31
48487,83.79,82.44,81.1,86.25,92.72,97.96,104.07
48489,69.79,71.82,73.4,67.26,58.5,52.43,46.39
48491,5.16,5.04,4.69,4.5,3.95,3.89,4.95
48493,31.65,25.86,19.98,19.39,18.01,16.77,16.83
48495,51.74,40.58,28.32,20.58,12.4,4.01,-4.63
48497,52.66,56.74,61.47,62.51,63.94,65.38,69.0
48499,90.19,90.3,90.59,88.63,86.77,84.18,83.41
48501,25.25,19.42,13.0,9.43,5.94,2.02,-0.74
48503,65.87,59.95,52.89,50.11,47.61,45.21,44.37
48505,53.68,54.82,56.47,60.74,62.27,65.38,67.97
48507,93.47,94.79,96.26,95.25,92.59,90.98,89.02
49001,14.45,14.47,13.74,17.86,22.53,27.16,31.58
49003,21.46,23.9,26.47,25.29,25.33,23.69,23.52
49005,1.97,2.75,3.5,2.54,2.39,1.01,0.88
49007,63.67,57.32,49.93,47.89,46.67,42.99,40.78
49009,65.27,46.34,25.2,14.56,4.85,-7.59,-18.22
49011,3.57,4.09,4.78,4.59,5.67,4.47,5.18
49013,5.76,8.62,12.27,16.75,21.76,24.56,29.27
49015,45.78,48.63,51.97,52.09,53.06,51.61,51.65
49017,38.78,43.13,47.48,43.7,40.23,37.47,33.64
49019,16.05,17.19,18.35,20.44,23.44,24.49,26.26
49021,16.05,14.52,12.61,11.55,10.01,9.52,8.62
49023,10.98,10.87,10.71,10.45,11.72,11.06,11.75
49025,53.68,55.42,57.18,48.12,39.07,31.83,23.37
49027,12.61,15.69,18.97,17.59,17.6,16.14,15.68
49029,3.09,2.16,0.99,0.75,1.64,0.44,1.05
49031,58.42,71.09,85.34,91.78,98.69,105.16,111.36
49033,45.78,40.08,33.64,23.82,15.11,4.53,-4.41
49035,4.11,4.05,4.08,4.14,5.15,4.31,5.03
49037,57.62,55.65,53.32,55.5,58.81,61.63,63.84
49039,11.97,14.26,16.75,18.84,22.15,23.39,26.05
49041,19.8,21.9,23.51,27.81,33.1,36.99,41.81
49043,0.1,-0.01,0.0,0.36,1.13,0.1,0.44
49045,11.46,11.23,10.71,10.35,11.58,11.17,11.94
49047,9.71,9.44,9.96,10.42,11.7,10.27,10.54
49049,1.15,1.1,1.12,1.19,2.07,1.08,1.84
49051,1.24,1.15,1.12,1.44,2.55,1.82,2.51
49053,23.72,25.07,26.52,26.37,25.43,26.44,26.47
49055,3.57,7.22,10.74,16.57,22.39,27.49,33.0
49057,12.61,13.06,13.4,13.7,15.33,14.81,15.94
50001,28.18,32.79,37.53,40.44,41.51,41.36,44.22
50003,60.94,62.35,63.92,65.86,64.94,64.04,65.83
50005,79.53,80.18,80.72,78.43,74.06,68.83,65.77
50007,9.11,11.13,13.18,14.44,13.9,12.02,13.39
50009,87.33,84.2,80.44,78.86,75.86,72.04,70.54
50011,28.84,25.85,22.19,21.58,19.18,15.98,16.12
50013,18.94,19.22,19.43,15.53,9.86,2.92,-0.3
50015,16.71,16.87,17.08,17.93,16.26,14.13,14.31
50017,48.93,55.8,63.69,64.44,63.46,61.39,61.78
50019,53.68,54.85,56.43,57.61,57.31,56.17,57.59
50021,48.93,50.9,52.84,54.44,54.17,52.84,54.49
50023,15.09,15.91,16.38,20.94,23.63,25.57,29.9
50025,56.73,56.1,55.31,56.58,55.16,53.77,54.8
50027,58.42,57.78,56.87,56.59,54.66,51.63,51.43
51001,22.32,22.5,22.46,24.33,23.81,22.49,24.83
51003,6.91,5.6,3.94,3.1,-0.34,-5.61,-6.87
51005,78.16,79.27,80.44,76.54,70.14,62.41,58.18
51007,42.31,37.97,32.63,32.28,28.86,23.33,21.96
51009,42.31,40.85,39.84,41.71,40.82,38.6,40.02
51011,73.48,67.52,60.76,60.92,58.02,53.17,52.26
51013,0.1,0.19,0.21,0.32,-1.59,-4.89,-4.63
51015,30.82,32.53,34.69,31.54,25.72,18.32,15.13
51017,54.76,60.02,66.33,64.48,60.49,55.11,53.38
51019,33.4,35.82,38.89,38.61,35.67,31.21,30.52
51021,87.33,78.66,68.54,69.71,67.85,65.43,66.11
51023,34.89,36.0,37.18,38.85,37.86,35.79,36.95
51025,69.79,72.83,76.43,77.74,75.72,72.26,72.3
51027,98.44,97.09,95.63,96.23,95.28,93.14,93.89
51029,71.12,68.44,65.33,65.58,63.25,58.69,57.75
51031,44.73,43.81,43.11,45.9,45.8,43.95,45.92
51033,44.03,37.96,31.01,26.18,19.36,10.9,6.15
51035,81.95,79.7,76.91,75.0,69.86,63.44,60.57
51036,55.71,54.1,51.73,54.95,56.15,55.5,59.05
51037,88.67,88.45,88.38,88.05,84.3,78.9,77.7
51041,6.24,7.32,8.47,8.23,5.55,0.89,0.48
51043,12.61,12.66,12.45,12.02,9.79,5.88,5.74
51045,84.75,88.23,92.2,82.91,71.17,58.04,48.05
51047,13.34,13.0,12.29,14.18,14.3,11.92,13.65
51049,65.87,69.45,73.95,73.24,70.11,64.43,62.92
51051,98.73,98.36,97.78,97.91,97.12,94.69,95.79
51053,68.26,64.66,60.01,53.59,44.1,32.78,25.45
51057,44.73,31.26,15.92,19.89,21.43,21.83,25.87
51059,0.45,0.39,0.34,0.57,-1.24,-4.72,-4.82
51061,13.34,11.7,9.62,8.82,5.95,1.15,0.3
51063,37.03,37.12,37.47,34.75,29.35,22.36,18.63
51065,27.19,29.52,32.11,29.67,24.96,18.44,15.57
51067,51.74,49.94,47.87,46.54,42.5,36.71,34.29
51069,17.54,17.52,17.44,17.85,16.35,13.56,14.35
51071,87.81,84.79,81.26,73.68,63.03,51.58,43.29
51073,34.89,39.56,44.56,51.92,56.79,60.27,67.74
51075,8.63,13.79,19.69,21.74,21.34,18.39,19.73
51077,84.75,80.33,75.05,76.3,74.63,72.02,72.77
51079,25.25,30.37,36.36,35.99,33.22,28.66,27.99
51081,79.08,78.89,78.83,66.38,50.65,33.91,20.95
51083,69.02,69.69,70.52,70.99,68.62,64.48,64.33
51085,8.25,6.96,5.5,5.49,3.2,-0.75,-1.11
51087,9.11,9.61,10.09,10.47,8.78,4.89,5.13
51089,78.16,77.95,78.13,80.06,79.08,76.34,76.88
51091,67.62,71.0,74.73,76.88,76.6,74.58,77.0
51093,23.72,20.36,16.4,26.06,32.91,38.68,48.15
51095,7.9,11.39,15.45,21.06,24.05,25.66,31.36
51097,9.11,12.38,17.2,26.25,33.35,39.03,48.44
51099,16.71,15.28,14.07,12.0,8.03,2.37,0.44
51101,12.61,9.85,6.9,9.91,10.92,10.53,13.82
51103,60.17,58.93,57.59,58.6,57.24,54.82,56.55
51105,98.85,98.37,97.74,97.77,97.79,95.98,97.18
51107,0.1,0.15,0.19,0.32,-1.15,-4.55,-4.08
51109,41.45,46.34,51.86,56.07,58.54,58.12,62.11
51111,78.16,81.27,84.95,86.35,84.67,81.2,81.96
51113,19.8,22.66,25.74,26.83,25.72,22.4,23.15
51115,31.65,35.97,40.64,45.64,48.03,49.55,55.31
51117,79.53,81.34,83.52,84.04,81.55,77.19,76.72
51119,58.42,60.58,63.08,59.83,54.16,47.39,44.35
51121,5.16,5.55,5.87,5.03,1.46,-3.12,-4.64
51125,43.11,40.81,38.52,34.66,28.29,20.43,16.27
51127,5.16,6.96,9.01,9.6,8.53,5.64,6.54
51131,28.84,33.52,38.55,37.08,32.99,28.43,27.37
51133,53.68,49.48,45.1,43.15,39.25,34.07,32.72
51135,69.02,69.99,71.21,74.91,75.21,73.61,76.18
51137,36.01,36.42,36.7,45.61,52.97,57.59,66.23
51139,66.92,70.22,73.65,77.0,77.97,76.99,80.08
51141,87.33,83.76,79.44,75.32,67.92,59.21,53.95
51143,70.49,68.35,65.97,65.83,63.06,58.62,57.63
51145,3.76,5.37,7.1,9.58,9.35,6.92,8.61
51147,39.83,36.05,31.62,34.03,33.67,31.23,32.95
51149,37.89,38.17,38.27,37.56,34.12,28.98,27.9
51153,0.83,0.63,0.53,0.89,-0.44,-3.68,-3.22
51155,70.49,68.77,66.93,69.74,69.41,68.16,70.58
51157,24.45,23.24,21.53,31.32,39.26,45.4,55.31
51159,74.59,59.39,42.01,33.36,22.57,10.29,2.14
51161,15.09,15.93,16.79,13.03,6.39,-1.29,-5.39
51163,68.26,61.6,54.67,49.73,42.62,34.23,29.19
51165,25.25,26.77,28.18,26.85,23.05,17.62,16.21
51167,97.84,96.12,94.12,95.5,95.78,94.31,96.27
51169,94.08,94.32,94.25,95.68,96.79,95.68,98.06
51171,31.65,36.81,42.36,42.67,40.64,37.03,37.28
51173,86.82,86.45,86.29,90.74,93.37,94.88,99.33
51175,57.62,56.44,55.63,55.05,51.6,46.95,46.05
51177,12.61,12.78,13.21,15.62,16.06,14.56,16.53
51179,1.46,1.7,2.13,3.08,2.06,-0.81,0.07
51181,53.68,49.27,43.89,50.29,53.81,56.34,62.92
51183,80.64,79.73,78.94,75.17,68.65,60.8,56.61
51185,97.84,96.51,95.24,93.72,89.99,85.42,84.24
51187,23.72,28.4,33.73,35.97,36.48,35.2,37.79
51191,71.76,71.38,71.0,76.92,82.03,85.46,91.93
51193,61.64,60.48,60.14,54.41,46.52,36.69,30.79
51195,95.7,98.14,100.87,103.63,105.82,106.21,110.26
51197,71.76,72.08,72.88,75.27,74.37,72.46,74.0
51199,6.24,8.41,10.51,15.6,18.18,19.56,24.72
51510,0.32,0.37,0.45,0.64,-1.32,-4.79,-4.62
51520,88.67,88.58,88.55,91.81,94.64,95.38,99.66
51530,64.37,51.96,37.26,38.55,37.68,35.6,36.73
51540,4.52,4.1,3.51,2.99,-0.13,-4.94,-5.84
51550,7.45,7.14,6.98,9.18,8.78,7.67,10.04
51570,45.78,51.67,58.62,57.06,52.98,47.08,45.17
51580,85.8,86.55,87.26,79.99,70.33,59.19,51.52
51590,83.22,82.82,82.51,80.17,75.53,68.94,65.96
51595,88.67,89.74,91.14,70.35,46.33,21.31,-0.19
51600,1.69,1.47,1.23,1.27,-0.61,-4.26,-4.65
51610,0.67,0.52,0.37,0.3,-1.47,-5.03,-4.88
51620,37.89,28.44,17.44,22.7,25.0,26.13,31.05
51630,8.25,6.92,5.57,10.21,12.88,13.54,17.83
51640,79.53,85.1,91.95,94.84,94.39,92.86,94.68
51650,17.54,22.1,27.48,36.74,43.23,48.5,57.6
51660,0.67,1.15,1.41,0.91,-2.25,-7.05,-7.52
51670,59.22,66.85,75.94,78.85,79.33,77.89,80.57
51678,10.32,12.37,15.11,19.63,22.09,23.15,27.55
51680,23.72,23.19,22.89,24.3,23.11,20.27,21.23
51683,2.9,2.14,1.32,1.38,-0.23,-3.83,-3.7
51685,1.88,1.45,1.08,2.42,2.03,-0.47,0.99
51690,88.16,85.78,83.35,81.78,77.39,71.24,68.38
51700,21.46,24.11,27.25,37.73,45.5,52.25,62.63
51710,25.25,23.92,21.95,24.53,24.53,23.79,26.54
51720,44.73,53.63,63.55,74.13,84.2,92.54,104.49
51730,86.82,86.99,86.89,85.22,80.67,74.29,71.93
51735,12.61,12.88,12.78,18.93,22.41,24.48,30.56
51740,41.45,37.8,33.54,36.88,37.48,37.27,40.7
51750,22.32,23.29,24.8,23.29,19.04,13.44,11.34
51760,52.66,52.43,51.91,49.74,45.52,39.2,36.91
51770,63.67,64.91,66.23,58.36,47.55,35.79,27.59
51775,31.65,31.21,30.45,23.43,13.6,2.73,-4.54
51790,60.94,59.91,58.73,54.28,47.05,38.35,33.76
51800,14.45,14.06,14.14,19.14,21.51,22.96,27.98
51810,7.9,8.27,8.58,9.95,8.74,7.08,8.55
51820,50.08,47.82,45.21,43.01,38.08,31.53,28.98
51830,1.15,2.79,4.59,8.57,9.98,10.07,14.06
51840,29.96,32.36,34.97,37.84,38.88,38.58,41.91
53001,6.91,6.88,6.53,9.54,14.16,17.18,20.41
53003,77.84,77.81,77.64,77.88,78.91,79.65,80.49
53005,20.89,23.89,27.22,31.58,37.74,42.83,47.86
53007,17.54,18.22,18.63,25.93,33.96,40.61,47.97
53009,86.44,85.38,84.18,83.12,81.82,79.4,77.37
53011,25.25,24.55,23.81,21.76,20.59,18.42,17.38
53013,83.22,83.65,84.04,87.87,93.04,96.79,100.6
53015,83.22,83.56,83.65,84.39,86.57,87.07,88.59
53017,59.22,62.4,65.87,72.3,79.92,86.08,93.0
53019,94.49,95.74,97.11,97.15,96.99,96.29,96.16
53021,2.74,4.95,7.11,10.1,15.2,19.03,22.91
53023,93.47,88.78,83.07,79.3,76.98,73.52,70.17
53025,16.71,19.15,21.73,21.56,22.65,22.21,22.35
53027,81.31,79.68,77.76,79.29,81.33,82.72,84.67
53029,37.03,41.02,45.82,47.61,49.36,50.03,51.89
53031,71.12,67.97,64.08,63.77,63.67,62.11,61.4
53033,6.24,6.11,5.71,5.02,5.39,4.3,3.85
53035,48.93,50.4,52.18,50.61,49.97,47.94,46.4
53037,26.52,27.38,28.47,29.58,32.07,33.12,34.84
53039,82.43,80.15,77.49,76.41,76.17,75.49,75.18
53041,88.16,87.67,87.12,86.01,86.0,84.61,84.35
53043,80.01,81.42,82.85,81.82,81.68,80.69,80.34
53045,87.81,88.01,88.17,86.93,86.7,85.39,84.53
53047,65.27,66.07,66.83,67.72,68.76,68.84,69.48
53049,98.69,98.65,98.65,98.6,99.62,99.11,99.51
53051,92.04,91.34,90.39,85.12,81.26,76.46,71.52
53053,31.65,31.54,31.42,30.37,30.88,29.51,28.67
53055,23.02,24.42,25.83,22.7,18.97,14.32,10.05
53057,38.78,39.76,40.57,42.27,44.2,44.5,46.14
53059,59.22,52.94,45.75,38.42,32.08,24.76,18.73
53061,16.05,17.28,18.46,17.61,17.11,15.38,14.84
53063,42.31,44.06,45.95,45.45,46.36,46.26,46.44
53065,78.16,78.43,78.72,78.45,78.71,78.07,77.48
53067,23.72,24.84,26.26,25.96,26.88,26.46,26.71
53069,97.36,96.72,95.83,95.12,95.11,93.46,93.26
53071,39.83,45.31,51.35,50.46,51.65,51.6,51.42
53073,28.84,30.49,32.33,30.08,27.51,23.6,20.38
53075,5.16,8.23,11.84,14.65,18.89,22.57,26.04
53077,25.25,25.13,24.94,25.46,27.55,28.51,29.2
54001,84.24,85.03,86.0,78.28,69.1,57.85,51.37
54003,31.65,32.7,33.96,39.52,42.89,45.07,51.16
54005,99.27,99.26,99.23,99.02,97.27,93.78,93.59
54007,83.79,80.81,77.32,77.29,75.75,72.25,72.92
54009,52.66,53.73,54.99,55.84,55.4,52.79,53.92
54011,83.79,82.88,81.88,79.78,77.0,71.9,70.31
54013,91.12,92.95,95.08,96.4,95.56,92.89,94.41
54015,92.68,94.33,96.55,97.88,97.17,94.74,95.87
54017,37.03,54.95,76.19,82.34,87.16,89.43,96.2
54019,97.99,98.09,98.16,98.25,96.18,92.85,92.94
54021,78.16,78.24,78.12,73.73,67.31,59.0,54.77
54023,72.62,73.74,74.52,73.23,69.43,64.25,63.33
54025,77.84,79.75,81.74,83.11,82.45,80.06,81.09
54027,94.97,95.22,95.29,95.31,92.65,89.13,89.56
54029,78.16,77.12,75.81,72.15,66.6,59.29,55.48
54031,60.17,63.57,67.15,58.02,46.3,33.27,24.29
54033,80.64,80.51,79.74,78.84,76.4,71.77,72.01
54035,76.5,74.06,71.27,68.44,64.36,57.75,54.98
54037,21.46,23.26,25.44,27.64,28.08,27.19,30.21
54039,83.22,81.78,80.2,76.45,71.42,64.18,60.37
54041,81.31,81.81,82.17,82.13,81.01,77.24,78.25
54043,99.36,99.21,99.11,98.6,96.99,93.24,92.84
54045,99.46,99.43,99.38,99.33,98.0,94.9,95.05
54047,99.81,99.53,99.58,99.73,97.8,95.16,95.53
54049,45.78,47.84,49.96,55.51,59.31,61.07,67.74
54051,56.73,51.74,45.67,53.89,60.55,64.7,72.99
54053,92.68,90.77,88.41,86.49,84.05,78.35,77.26
54055,96.63,96.21,96.15,97.53,96.27,94.47,96.05
54057,81.31,85.72,90.75,90.03,87.16,82.81,82.79
54059,99.46,99.53,99.6,99.6,98.36,95.41,96.22
54061,13.72,13.31,12.58,16.46,18.43,18.46,22.87
54063,96.91,97.48,98.16,96.97,93.53,88.87,87.43
54065,78.16,69.54,59.01,57.11,52.76,47.31,45.98
54067,91.56,89.97,88.05,85.97,81.77,75.94,73.49
54069,53.68,52.43,51.01,50.86,48.98,44.7,44.58
54071,82.74,85.39,88.31,83.82,76.81,67.88,63.92
54073,83.22,81.46,79.01,75.99,71.76,65.31,63.32
54075,95.92,95.03,93.71,93.74,91.49,87.46,87.54
54077,84.75,83.48,81.82,78.8,73.88,67.18,64.71
54079,30.82,28.88,26.79,23.99,20.4,14.25,12.09
54081,90.51,90.55,90.75,91.62,90.49,88.33,89.7
54083,79.08,78.54,77.93,71.7,63.47,53.63,48.73
54085,77.17,77.63,77.67,77.66,76.07,72.32,73.17
54087,93.22,92.95,92.58,94.55,94.59,92.62,94.51
54089,98.98,98.86,98.65,98.75,96.47,93.16,93.23
54091,80.01,82.97,86.49,82.63,77.47,70.09,67.49
54093,81.95,83.09,84.22,84.68,83.54,80.69,82.15
54095,78.16,76.59,74.01,71.02,66.68,60.13,58.16
54097,64.37,58.55,51.57,45.26,37.78,28.06,23.19
54099,89.97,91.8,94.12,95.26,95.59,93.93,95.44
54101,92.36,92.61,93.01,88.21,81.62,73.17,68.87
54103,58.42,62.2,66.34,71.19,74.17,74.88,80.39
54105,91.56,91.45,91.28,93.61,94.68,93.65,96.34
54107,71.12,72.0,72.94,73.86,73.75,71.11,72.46
54109,99.94,99.92,99.93,100.05,98.09,94.95,95.46
55001,83.22,84.82,86.7,88.09,91.23,90.41,93.15
55003,55.71,53.22,50.23,56.43,63.17,68.5,74.85
55005,25.25,29.4,33.85,36.64,39.52,39.04,40.57
55007,50.08,51.89,54.04,56.64,59.67,60.74,63.29
55009,12.61,12.47,12.25,11.33,12.48,9.79,10.16
55011,16.05,15.03,13.8,13.73,14.15,11.89,11.33
55013,59.22,61.81,64.32,63.47,63.07,59.64,58.09
55015,3.76,3.62,3.48,3.49,5.02,3.34,4.76
55017,28.18,28.06,27.42,25.8,24.61,20.14,17.76
55019,8.63,10.49,12.26,13.8,16.95,16.56,18.35
55021,13.34,12.58,11.95,12.55,15.07,13.52,15.72
55023,40.75,45.91,51.69,49.99,49.23,45.67,44.08
55025,4.39,3.79,3.24,2.65,3.75,1.42,3.06
55027,13.72,13.99,14.36,14.78,16.84,15.76,17.43
55029,27.19,27.74,28.35,30.76,34.6,35.18,38.91
55031,34.89,38.41,42.36,43.02,43.74,42.22,42.62
55033,8.25,10.97,14.0,17.82,21.66,22.8,25.45
55035,11.97,16.03,20.68,21.9,23.26,21.63,21.84
55037,80.64,79.28,77.19,79.35,83.16,83.71,86.71
55039,15.09,15.01,14.95,14.63,15.85,13.63,14.44
55041,67.62,69.27,71.02,68.51,67.65,63.37,62.08
55043,13.72,14.52,15.31,13.63,12.96,9.33,7.66
55045,21.46,20.62,19.74,19.02,19.51,16.84,17.23
55047,25.25,24.21,23.29,24.27,26.74,25.62,27.48
55049,23.02,22.22,21.29,20.47,20.76,18.13,18.69
55051,68.26,65.19,62.08,64.14,67.43,67.88,70.52
55053,33.4,32.72,31.83,30.78,31.28,28.24,27.23
55055,8.25,9.24,10.36,11.12,13.97,13.33,15.84
55057,67.62,66.77,65.81,65.47,66.78,64.24,65.03
55059,21.46,20.71,19.83,19.87,21.42,19.56,21.45
55061,27.19,26.59,25.98,23.24,22.33,17.54,15.94
55063,9.11,11.13,13.54,14.52,16.75,15.78,17.06
55065,11.97,12.32,12.91,15.7,19.73,20.89,24.41
55067,61.64,65.96,70.61,69.75,70.84,68.33,68.68
55069,28.18,27.13,25.76,27.77,31.33,31.82,35.15
55071,23.02,21.65,19.96,18.91,20.5,18.15,18.81
55073,11.46,13.13,14.68,14.79,16.39,14.98,16.5
55075,52.66,55.06,57.4,60.49,64.79,65.66,69.62
55077,64.37,61.73,58.67,57.75,58.59,55.6,55.95
55078,28.84,34.19,40.04,45.67,53.23,56.99,63.92
55079,29.96,29.82,29.52,27.16,26.86,23.02,22.19
55081,26.52,27.09,27.64,31.65,37.06,39.35,43.97
55083,21.46,23.08,24.54,28.75,34.68,36.7,42.05
55085,45.78,44.47,43.09,39.87,37.78,32.83,30.42
55087,5.76,6.1,6.5,7.19,9.3,7.77,9.51
55089,3.76,3.72,3.62,2.71,3.46,0.98,1.75
55091,20.89,19.27,17.05,17.7,18.62,16.82,16.62
55093,2.55,3.4,4.41,6.58,8.81,7.94,9.51
55095,23.72,24.25,24.6,28.09,31.21,31.36,33.44
55097,11.97,13.39,14.72,14.17,14.6,12.17,12.85
55099,43.11,46.61,50.48,52.25,55.28,55.49,57.83
55101,22.32,23.97,25.85,25.98,27.47,25.69,27.46
55103,31.65,31.17,30.51,27.47,25.78,20.66,18.51
55105,38.78,39.49,40.14,38.31,37.97,34.76,34.23
55107,45.78,52.92,60.77,64.73,69.3,70.74,73.84
55109,3.76,3.81,3.8,3.62,3.5,0.34,-0.52
55111,28.84,27.78,26.71,23.94,22.82,18.23,17.04
55113,44.73,46.47,48.21,47.91,48.47,45.96,45.4
55115,17.54,20.22,22.77,23.08,25.27,23.56,25.05
55117,10.32,10.33,10.41,9.59,11.21,8.93,9.95
55119,16.05,19.2,22.49,21.97,22.75,20.49,20.27
55121,13.34,13.15,12.82,10.74,9.51,4.9,2.14
55123,13.72,14.89,16.1,14.63,14.34,10.88,10.19
55125,70.49,66.93,63.01,62.86,63.87,61.92,62.18
55127,12.61,14.18,15.92,17.4,20.21,20.07,22.79
55129,56.73,54.93,52.4,54.08,56.17,54.95,55.79
55131,5.48,6.15,6.9,7.08,8.81,7.47,9.34
55133,6.24,6.42,6.59,5.89,6.55,4.02,4.67
55135,27.19,30.96,35.13,36.51,39.35,38.61,41.0
55137,60.94,57.55,53.36,51.71,51.78,48.4,48.19
55139,15.09,14.78,14.52,15.8,18.53,17.66,19.92
55141,15.09,19.07,23.47,29.69,37.12,41.54,48.55
56001,3.76,4.37,5.07,5.53,4.77,1.02,-0.61
56003,61.64,60.93,59.89,53.21,46.17,38.55,32.21
56005,5.16,3.86,2.65,5.52,7.97,9.36,12.03
56007,30.82,26.85,22.49,18.65,13.99,7.42,2.81
56009,36.01,44.24,52.73,55.32,56.93,56.54,58.26
56011,37.89,25.23,11.21,7.36,3.37,-2.36,-6.57
56013,44.73,42.8,40.53,41.06,42.55,41.8,42.96
56015,32.51,35.88,39.53,42.02,43.71,43.53,44.63
56017,66.92,63.48,59.33,54.34,49.09,42.76,38.17
56019,38.78,34.91,30.36,32.65,34.68,36.3,38.65
56021,22.32,22.9,23.42,25.96,27.3,26.29,27.09
56023,14.45,16.44,18.48,17.68,17.76,16.17,15.95
56025,21.46,28.84,36.65,39.06,39.87,39.17,40.41
56027,60.94,68.3,76.17,72.27,67.74,61.0,56.42
56029,19.8,19.5,19.24,20.72,21.77,21.91,23.89
56031,55.71,63.81,72.38,63.97,54.41,42.44,32.83
56033,28.84,32.39,36.34,32.27,28.43,23.4,19.55
56035,3.09,12.15,22.18,23.93,27.11,27.89,30.51
56037,16.05,15.26,15.11,17.59,20.86,21.47,24.25
56039,0.54,0.16,-0.07,0.25,1.62,1.6,3.4
56041,40.75,40.78,41.21,51.53,62.23,70.06,80.77
56043,60.94,67.57,75.23,62.15,48.68,35.0,22.51
56045,34.16,34.72,35.58,37.52,39.32,39.27,41.07
