FIPS,2014 kals,2015 kals,2016 kals,2017 kals,2018 kals,2019 kals,2020 kals
01001,57.62,64.53,72.35,75.83,78.53,80.36,81.74
01003,39.83,37.8,35.47,34.87,34.74,34.51,33.86
01005,84.75,86.16,88.12,88.72,89.28,90.25,89.62
01007,55.71,50.84,45.19,51.17,58.95,65.97,72.05
01009,65.87,57.0,47.08,42.74,38.83,33.76,28.15
01011,85.8,79.02,70.97,57.59,43.42,28.76,13.06
01013,89.97,85.71,80.71,75.51,70.15,63.75,56.84
01015,77.84,80.23,83.42,84.53,85.14,84.62,83.98
01017,84.24,77.67,70.33,66.25,62.24,57.47,52.81
01019,91.12,89.92,88.78,86.04,82.99,78.98,74.77
01021,66.92,65.62,64.09,66.13,68.53,70.07,70.96
01023,96.75,97.21,98.05,98.79,99.33,99.04,97.91
01025,54.76,54.3,53.88,58.37,63.24,67.81,71.34
01027,82.43,72.63,61.51,55.05,49.27,42.35,35.28
01029,84.24,86.29,89.39,90.38,91.02,90.56,89.77
01031,65.87,68.8,72.0,70.86,69.05,66.65,63.49
01033,84.24,82.49,80.56,77.32,74.67,69.59,64.49
01035,94.08,91.2,88.53,90.07,91.87,92.61,92.62
01037,88.16,89.38,90.99,91.84,92.19,91.96,91.03
01039,88.98,88.37,87.71,87.03,86.13,84.3,82.01
01041,76.5,78.0,79.82,82.37,85.52,87.62,89.69
01043,66.92,60.81,53.92,58.42,65.07,70.31,75.36
01045,81.95,84.38,87.03,87.32,87.44,87.16,86.13
01047,87.33,80.94,73.34,71.0,69.54,67.19,63.69
01049,57.62,54.07,50.35,49.91,49.89,48.8,47.73
01051,50.08,57.45,65.86,68.22,69.66,70.27,70.44
01053,84.75,83.85,83.22,80.65,77.31,73.33,68.43
01055,84.75,83.09,81.41,80.84,80.35,78.75,76.88
01057,97.01,97.68,98.63,98.27,97.76,95.15,92.16
01059,78.16,77.52,76.83,65.95,53.1,37.94,22.71
01061,92.36,91.84,91.16,90.02,88.94,87.34,84.82
01063,97.1,97.33,97.75,97.53,96.98,95.48,92.48
01065,91.12,89.99,88.75,88.19,87.28,85.43,82.21
01067,81.31,81.02,80.68,78.87,76.61,74.4,70.67
01069,69.02,68.98,68.93,68.63,68.56,68.25,66.52
01071,76.5,72.99,69.19,71.89,75.39,77.72,79.87
01073,43.11,44.03,45.41,47.52,49.42,49.86,50.08
01075,94.97,93.97,93.21,93.36,94.21,92.79,90.74
01077,55.71,54.11,52.42,48.18,43.67,36.77,30.08
01079,87.81,87.03,85.9,84.86,84.35,81.57,79.09
01081,18.31,18.29,18.91,22.4,26.04,29.21,32.02
01083,32.51,38.77,45.92,50.91,55.93,58.92,61.69
01085,87.81,90.41,93.4,94.86,96.21,96.74,96.21
01087,73.96,70.88,67.25,65.8,64.98,63.6,61.75
01089,24.45,25.09,25.57,25.83,26.47,25.12,23.89
01091,93.22,93.93,94.88,96.0,96.78,96.53,95.09
01093,96.63,96.57,96.59,96.31,96.59,94.85,92.74
01095,69.79,66.21,62.48,57.44,51.59,44.33,36.82
01097,50.08,49.39,48.48,42.82,36.44,30.04,23.04
01099,51.74,42.28,31.55,31.44,32.91,33.98,34.07
01101,53.68,56.29,58.79,57.96,57.2,55.61,53.22
01103,55.71,59.74,64.59,64.4,62.8,59.19,55.65
01105,98.89,97.85,97.06,97.32,97.31,95.48,93.06
01107,96.34,96.22,96.42,95.79,95.27,93.08,89.85
01109,45.78,51.31,57.81,60.46,63.0,64.78,65.66
01111,73.48,64.35,54.26,47.15,40.13,32.05,24.08
01113,75.33,71.97,68.28,69.07,72.19,74.75,76.7
01115,65.87,65.06,64.68,62.56,59.59,55.47,51.2
01117,16.71,15.91,15.09,14.77,13.89,12.02,9.74
01119,89.4,86.82,83.72,85.73,88.81,90.22,91.33
01121,81.31,78.78,76.23,76.93,78.14,78.2,78.15
01123,71.76,71.15,70.87,73.5,76.57,78.95,80.79
01125,19.8,19.32,19.01,19.23,18.95,17.77,15.1
01127,97.1,96.9,96.98,96.57,95.73,93.1,90.41
01129,93.22,94.11,95.17,95.51,95.77,95.76,95.15
01131,69.02,70.74,73.16,73.9,73.76,72.93,70.88
01133,97.1,97.08,97.34,97.02,96.73,94.7,92.56
02013,0.54,0.94,1.38,1.81,2.15,4.52,8.01
02016,0.25,0.83,1.41,1.28,1.18,2.32,5.23
02020,7.9,9.08,10.35,11.66,12.7,12.24,15.27
02050,7.45,7.29,7.11,8.18,9.35,10.5,12.77
02060,28.84,25.45,23.05,30.94,37.74,43.72,52.43
02063,0.0,0.0,0.04,0.04,0.06,-2.29,-1.96
02066,0.0,0.0,-0.04,0.26,0.32,-0.91,0.03
02068,2.55,3.31,4.24,17.36,31.22,44.33,59.8
02070,19.8,21.34,23.17,22.87,21.96,21.04,21.45
02090,10.32,9.71,9.06,11.78,14.09,15.77,19.01
02100,40.75,47.11,54.25,37.87,17.9,-2.72,-22.36
02105,75.33,66.74,57.12,53.2,50.29,46.01,43.53
02110,5.76,5.6,5.71,10.7,16.16,20.82,26.78
02122,44.03,40.66,37.19,39.28,41.42,42.16,46.49
02130,23.72,29.29,34.96,38.61,41.78,44.14,47.43
02150,23.02,20.25,17.61,21.04,24.17,26.4,32.2
02158,0.0,0.03,-0.02,-0.01,-0.04,-0.05,0.27
02164,53.68,35.53,15.86,23.67,33.62,43.12,55.73
02170,16.71,18.12,19.62,23.34,27.07,29.58,35.49
02180,11.46,11.28,11.17,8.87,6.53,3.51,1.92
02185,4.52,4.73,5.04,5.96,6.96,5.17,4.69
02188,7.45,7.89,8.26,7.59,6.92,4.69,4.12
02195,22.32,26.8,32.07,51.56,71.96,92.2,113.23
02198,47.85,55.49,63.69,75.31,87.18,98.12,110.08
02220,9.71,14.96,20.6,20.88,20.29,19.03,19.05
02230,0.22,2.16,3.73,5.06,8.63,11.63,15.7
02240,44.73,43.5,42.2,52.86,63.83,73.25,84.8
02275,97.39,88.15,77.52,74.91,72.14,68.86,67.09
02282,1.02,1.51,1.98,2.08,2.4,1.37,1.86
02290,62.56,59.22,55.72,50.46,44.9,38.89,33.52
04001,46.74,45.32,43.59,43.15,42.94,42.58,41.71
04003,66.92,66.01,64.75,64.57,64.45,64.03,63.68
04005,14.45,14.94,15.46,16.3,17.4,16.88,17.05
04007,81.31,85.78,90.53,90.83,90.75,89.33,88.1
04009,36.01,33.37,30.54,28.34,26.16,22.68,19.0
04011,33.4,31.06,28.56,27.17,25.75,23.75,21.63
04012,72.62,80.82,89.44,90.73,91.55,91.58,91.96
04013,9.11,10.68,12.02,12.29,12.59,13.07,13.38
04015,80.01,84.63,89.29,90.37,91.44,91.54,92.17
04017,71.76,71.33,70.74,70.32,69.84,69.08,68.25
04019,36.01,39.46,43.01,45.03,47.12,48.62,50.34
04021,27.19,32.27,37.63,42.09,46.67,51.01,55.68
04023,6.24,11.33,16.76,19.07,21.14,22.63,24.17
04025,74.59,74.77,74.77,73.76,72.91,71.24,70.02
04027,18.94,18.01,16.65,17.3,18.42,19.23,20.39
05001,86.44,89.58,93.18,94.39,95.52,94.52,93.45
05003,90.19,90.82,91.59,91.68,92.18,91.16,89.36
05005,93.7,91.85,89.66,88.37,87.29,82.64,78.28
05007,5.76,4.61,3.79,4.3,4.54,1.6,-2.01
05009,87.81,86.36,84.6,80.88,76.97,69.28,61.83
05011,87.33,90.2,93.34,90.98,88.07,83.75,78.51
05013,98.79,98.71,98.84,97.39,95.89,92.38,88.19
05015,70.49,68.44,66.18,60.51,53.92,43.79,33.6
05017,97.1,96.43,95.83,96.27,96.29,94.66,91.69
05019,76.5,76.85,77.28,78.79,80.45,79.45,78.52
05021,96.21,96.05,95.5,94.93,94.43,90.74,87.13
05023,81.31,77.76,73.76,71.83,69.89,64.94,59.83
05025,92.68,92.92,92.98,89.08,84.9,78.83,71.85
05027,83.22,79.41,75.2,73.82,73.4,71.39,68.36
05029,77.84,81.53,85.85,90.29,93.82,94.88,95.43
05031,47.85,56.94,67.02,67.75,67.14,63.25,59.39
05033,68.26,71.64,75.35,78.96,82.48,83.38,84.24
05035,60.17,63.37,67.17,65.54,63.41,58.79,53.83
05037,89.4,90.09,90.8,86.72,82.57,75.36,67.93
05039,95.45,95.8,96.49,95.13,93.55,89.76,85.56
05041,78.16,81.95,85.89,85.97,85.76,84.12,81.32
05043,80.01,84.5,89.37,87.33,84.55,80.04,74.64
05045,24.45,24.35,24.38,31.62,39.83,45.63,50.93
05047,69.79,74.61,80.54,84.16,86.6,85.97,85.05
05049,97.01,97.43,97.68,96.89,95.91,91.89,88.63
05051,81.31,80.01,78.6,80.95,83.94,83.95,84.04
05053,75.33,71.23,66.5,71.74,79.09,84.01,88.26
05055,80.01,83.17,86.15,88.55,91.77,91.68,91.59
05057,85.8,84.88,83.85,78.3,71.77,62.82,53.59
05059,94.97,94.97,95.2,95.64,95.37,92.43,89.76
05061,71.76,69.58,67.24,69.6,72.79,73.23,72.82
05063,69.79,71.87,74.05,77.24,80.57,80.81,81.4
05065,94.3,93.5,92.55,93.72,95.57,94.05,93.01
05067,91.12,91.68,91.97,91.28,90.92,87.61,84.59
05069,74.59,76.42,78.56,75.98,72.06,66.46,59.95
05071,67.62,66.23,64.69,72.58,81.89,88.04,93.81
05073,92.68,93.34,94.41,93.56,92.32,89.06,85.03
05075,73.96,81.7,90.11,92.62,94.48,93.43,92.37
05077,94.81,96.2,97.88,96.21,94.42,90.11,85.91
05079,87.33,89.74,92.0,92.3,93.12,92.66,91.19
05081,72.62,77.14,83.02,86.03,87.95,87.6,86.48
05083,90.19,89.65,88.95,88.72,87.83,83.92,79.56
05085,55.71,48.34,39.91,37.0,34.57,29.51,24.05
05087,82.74,77.63,71.85,73.79,77.03,77.19,77.41
05089,98.34,97.02,95.61,94.03,92.52,87.58,82.74
05091,65.87,66.67,67.91,71.69,76.27,79.2,81.07
05093,89.62,88.37,86.66,83.73,80.96,74.76,68.61
05095,97.52,96.67,95.79,94.96,94.23,91.2,88.27
05097,99.78,99.24,98.82,98.99,98.54,94.71,90.9
05099,92.36,93.25,94.44,92.72,90.52,86.05,80.87
05101,92.04,91.26,90.77,91.36,91.88,89.38,86.58
05103,91.82,87.29,82.35,80.03,78.45,75.05,70.9
05105,84.24,87.22,90.68,93.68,95.8,95.26,94.49
05107,94.97,94.23,93.1,92.01,91.78,89.23,86.31
05109,98.5,98.36,98.42,98.79,99.03,96.37,93.72
05111,87.33,90.83,94.3,91.94,89.64,83.99,78.6
05113,96.63,95.77,95.33,94.62,92.75,88.21,83.12
05115,59.22,56.01,52.2,55.89,60.4,62.17,64.05
05117,96.34,94.39,92.28,90.15,87.57,83.25,78.73
05119,30.82,31.88,33.68,40.94,48.39,53.37,57.8
05121,80.01,83.38,86.66,87.75,88.9,87.07,85.7
05123,87.33,85.96,84.12,80.43,77.12,70.83,64.99
05125,71.12,67.31,62.93,63.46,63.93,61.9,59.34
05127,87.81,81.99,75.27,80.9,88.6,93.27,97.54
05129,95.45,93.86,92.25,92.27,92.35,88.97,85.48
05131,68.26,70.35,72.63,74.81,76.62,75.83,74.75
05133,39.83,33.65,26.59,28.88,32.57,34.17,35.14
05135,83.22,86.94,90.92,94.38,97.84,98.44,99.61
05137,94.08,94.14,94.5,93.32,91.52,86.59,81.61
05139,86.82,82.1,76.68,70.11,63.5,55.3,46.09
05141,92.04,91.65,91.27,92.99,94.65,93.82,92.48
05143,11.97,10.59,9.06,8.78,8.38,5.1,1.38
05145,62.56,59.63,56.42,56.04,55.89,53.38,50.53
05147,96.05,96.05,96.19,95.68,95.29,92.04,89.21
05149,86.44,85.28,84.05,85.54,86.59,84.47,82.19
06001,4.81,5.12,5.37,4.83,4.34,6.69,6.94
06003,90.51,92.94,94.91,90.27,85.73,82.33,78.65
06005,73.96,75.82,77.62,76.28,74.87,75.06,73.86
06007,67.62,66.94,66.18,64.54,63.29,64.0,63.04
06009,77.17,80.27,83.48,85.12,87.17,91.06,93.36
06011,24.45,23.9,23.44,21.89,20.43,21.24,20.27
06013,10.32,11.35,12.54,12.79,12.97,15.6,16.02
06015,91.56,91.95,92.22,89.22,86.31,85.83,84.88
06017,23.02,25.69,28.38,28.13,28.02,29.76,29.99
06019,20.89,21.62,22.48,24.13,25.73,29.01,30.83
06021,67.62,68.16,68.76,65.7,62.17,60.97,58.03
06023,60.17,61.77,63.47,60.59,57.57,58.17,56.9
06025,33.4,36.06,38.9,39.44,39.84,39.99,40.59
06027,34.16,33.52,32.72,34.27,36.17,39.29,41.37
06029,16.71,14.95,13.0,12.95,13.07,13.36,13.18
06031,12.61,14.3,16.06,18.38,20.83,24.69,27.29
06033,87.33,88.27,89.21,86.44,83.25,82.64,79.49
06035,71.76,73.17,74.71,68.14,61.48,56.91,50.39
06037,6.24,6.35,6.38,6.23,5.91,6.01,6.06
06039,28.84,26.82,24.54,25.44,26.82,30.12,31.8
06041,4.39,4.11,3.78,3.41,3.03,5.72,5.48
06043,73.48,71.9,70.04,71.25,72.91,76.42,78.53
06045,62.56,63.16,63.71,62.57,61.51,62.77,61.85
06047,54.76,52.35,49.7,41.56,32.52,25.51,16.55
06049,80.01,81.04,82.13,76.67,71.29,67.54,62.45
06051,4.81,2.96,0.91,0.33,0.19,1.3,1.11
06053,3.09,3.58,4.12,3.73,3.23,5.7,6.3
06055,15.09,14.63,13.93,14.96,16.63,20.92,22.63
06057,38.78,41.46,44.21,43.29,43.16,44.72,44.57
06059,2.32,2.29,2.4,2.45,2.41,2.64,1.83
06061,12.61,12.66,12.62,11.25,9.89,10.64,9.05
06063,90.19,88.43,86.15,78.91,72.75,69.38,64.01
06065,12.61,13.48,14.35,14.38,14.42,15.36,14.59
06067,28.84,26.97,24.69,22.14,19.65,19.26,16.79
06069,3.76,4.12,4.51,4.33,4.07,6.34,7.03
06071,13.34,12.91,12.26,11.7,11.22,11.43,9.96
06073,5.76,6.12,6.46,6.05,5.63,6.29,6.11
06075,10.98,10.86,10.58,9.55,8.34,9.85,8.71
06077,18.94,19.55,20.23,20.58,21.0,24.04,24.65
06079,13.72,13.18,12.68,13.82,15.03,18.15,19.41
06081,2.23,2.24,2.14,2.04,1.98,5.16,6.05
06083,8.25,7.08,5.82,5.84,6.02,7.22,7.1
06085,1.69,1.63,1.55,1.58,1.63,4.69,5.58
06087,4.11,5.24,6.58,9.06,11.83,17.66,21.35
06089,74.59,73.91,73.18,70.99,69.01,69.84,68.49
06091,56.73,64.71,73.47,53.85,31.03,9.89,-12.72
06093,83.79,84.01,84.14,81.94,79.69,80.23,79.38
06095,14.45,16.47,18.94,20.21,21.1,24.56,25.78
06097,15.09,16.55,18.16,18.65,19.14,21.76,22.09
06099,32.51,31.56,30.49,28.62,27.03,27.72,26.26
06101,36.01,34.03,31.79,31.26,31.64,34.18,34.77
06103,79.08,80.39,81.83,82.02,82.33,84.63,85.33
06105,94.08,94.37,94.67,91.51,88.28,88.29,86.7
06107,13.72,16.6,19.85,19.99,19.54,20.03,19.85
06109,74.59,78.19,82.22,80.56,78.18,77.17,74.51
06111,8.63,9.08,9.67,10.41,11.12,12.43,12.92
06113,10.32,8.84,7.27,5.66,4.15,4.9,3.7
06115,65.87,64.73,63.58,59.78,55.25,53.01,48.86
08001,10.32,10.02,9.71,9.43,9.03,10.15,10.02
08003,55.71,64.45,74.67,75.58,74.44,73.09,71.63
08005,4.52,4.21,3.87,3.53,3.31,4.48,4.25
08007,39.83,43.02,46.22,43.62,40.84,38.14,35.04
08009,94.08,95.27,96.42,93.16,88.75,85.19,82.37
08011,94.97,96.93,98.85,97.49,96.57,96.6,97.33
08013,2.32,2.0,1.83,1.83,1.59,2.95,3.53
08014,2.74,2.4,2.2,2.07,1.69,2.99,3.28
08015,44.03,48.52,53.42,58.0,62.32,66.0,69.2
08017,50.08,47.13,43.06,34.1,26.17,20.27,14.21
08019,12.61,9.39,5.76,5.42,5.5,6.81,6.75
08021,83.22,86.28,89.44,86.23,82.5,78.66,74.11
08023,99.68,100.3,100.6,99.49,98.84,98.67,98.08
08025,94.49,94.28,93.84,91.54,89.22,88.77,87.86
08027,72.62,71.78,70.53,71.74,73.38,74.61,76.07
08029,71.12,73.78,76.41,76.5,76.47,76.29,76.84
08031,6.91,6.02,5.0,4.97,5.22,6.94,7.12
08033,91.56,91.84,91.76,91.79,91.49,91.04,90.88
08035,0.38,0.29,0.28,0.29,0.4,1.34,1.18
08037,0.0,-0.03,-0.09,0.13,0.19,0.72,1.03
08039,8.63,9.64,10.87,8.79,6.5,5.08,2.89
08041,16.71,17.17,17.69,19.21,20.82,22.84,24.41
08043,71.76,74.44,77.51,77.72,77.13,76.54,75.52
08045,5.76,4.17,2.54,2.14,1.9,1.34,1.67
08047,9.71,6.84,3.59,3.0,2.79,3.37,2.87
08049,0.89,0.24,-0.21,0.03,0.03,1.23,1.3
08051,0.54,1.34,1.75,1.59,1.76,1.25,0.87
08053,39.83,60.86,84.64,90.56,94.08,97.37,100.94
08055,86.82,90.92,95.47,95.7,95.25,95.28,95.12
08057,9.11,5.74,1.96,1.09,0.49,0.94,0.88
08059,5.76,5.39,5.24,5.69,5.94,7.52,7.83
08061,44.03,53.54,64.38,54.56,42.21,31.04,20.64
08063,65.27,63.07,60.5,49.05,37.23,27.02,16.8
08065,2.23,4.01,5.97,11.13,16.79,22.73,28.16
08067,4.11,4.38,4.04,3.42,3.26,3.16,3.03
08069,5.48,5.38,5.45,5.71,5.72,6.76,7.4
08071,73.96,76.11,78.38,83.17,88.21,94.42,99.96
08073,79.53,78.45,77.22,65.29,52.97,41.49,29.96
08075,42.31,42.79,43.26,39.22,34.31,30.03,26.11
08077,37.03,38.0,39.05,40.2,41.25,43.06,44.9
08079,83.22,86.12,88.27,78.81,68.32,57.71,47.26
08081,11.97,9.66,7.44,10.87,14.57,18.55,22.73
08083,45.78,48.98,52.44,58.41,64.64,70.49,76.84
08085,50.08,55.9,62.39,63.33,63.22,62.95,63.26
08087,17.54,17.08,16.46,15.77,15.72,16.23,16.79
08089,83.79,83.95,83.94,84.61,85.72,88.32,90.9
08091,13.34,12.28,9.88,16.01,24.94,33.61,42.82
08093,4.81,6.55,8.58,12.19,15.57,19.22,22.35
08095,37.89,33.61,28.8,23.4,17.62,12.34,7.6
08097,1.02,0.77,0.34,0.29,0.26,0.63,0.72
08099,80.64,80.93,80.71,76.03,71.34,67.4,64.54
08101,69.79,71.73,73.69,75.52,77.62,79.81,82.53
08103,16.05,11.56,6.76,7.71,8.96,10.26,11.69
08105,60.17,57.66,54.27,61.82,72.15,82.41,92.59
08107,0.54,0.09,-0.12,0.23,0.19,1.07,1.92
08109,72.62,68.38,63.19,64.46,66.59,68.12,69.84
08111,2.55,11.09,20.27,25.11,29.92,34.66,39.42
08113,5.48,5.61,5.09,3.9,2.42,0.53,-1.16
08115,41.45,41.28,41.46,52.06,62.2,73.01,84.12
08117,0.19,0.24,0.35,0.85,0.87,1.3,1.24
08119,38.78,37.22,35.25,37.56,40.57,42.97,45.34
08121,26.52,29.58,32.88,25.7,17.66,9.91,2.77
08123,10.98,9.64,7.99,7.44,7.09,7.8,7.98
08125,9.71,13.86,18.74,17.79,17.1,16.27,16.27
09001,3.76,3.61,3.56,3.69,3.8,2.91,3.36
09003,19.8,19.09,18.26,17.83,17.41,15.82,15.69
09005,8.25,8.58,8.93,10.09,11.43,11.78,13.35
09007,6.24,7.06,8.05,8.99,10.0,10.27,12.17
09009,16.05,15.71,15.27,15.01,14.69,13.55,13.97
09011,23.72,24.56,25.29,25.18,25.04,23.96,24.07
09013,4.52,5.23,6.0,6.37,6.82,6.09,6.87
09015,27.19,29.83,32.8,32.85,32.36,31.05,30.94
10001,29.96,32.28,35.19,37.45,39.75,43.23,46.83
10003,13.72,13.91,13.96,13.01,12.17,11.69,11.69
10005,42.31,40.16,37.57,36.94,36.55,37.29,38.37
11001,14.45,14.52,14.51,15.43,16.48,18.6,20.24
12001,9.71,9.69,9.73,9.85,9.96,9.85,8.98
12003,47.85,51.33,55.07,60.26,65.34,70.15,74.07
12005,62.56,65.89,70.1,74.74,79.13,84.77,89.35
12007,77.17,78.75,80.39,81.61,82.43,82.79,82.73
12009,47.85,46.84,45.6,47.88,50.59,54.02,56.82
12011,16.05,15.16,14.18,13.04,11.93,10.59,10.01
12013,96.5,95.4,94.1,92.79,91.17,90.17,87.77
12015,85.8,86.14,86.53,87.49,88.82,90.54,92.09
12017,86.44,86.94,87.53,87.58,87.88,87.65,86.54
12019,31.65,30.74,29.43,29.9,30.92,31.66,32.31
12021,16.71,16.02,15.38,14.65,14.1,13.51,12.54
12023,72.62,74.08,75.63,77.88,80.08,82.54,83.33
12027,47.85,45.75,43.55,40.37,37.04,33.41,29.84
12029,96.28,96.22,96.43,96.25,95.83,95.56,94.26
12031,27.19,29.26,31.28,30.97,30.47,29.1,28.0
12033,48.93,47.55,45.93,45.73,45.73,45.97,45.33
12035,61.64,60.86,59.77,57.93,55.87,53.26,50.31
12037,94.97,93.0,91.23,90.61,89.73,89.09,88.06
12039,61.64,67.4,73.97,78.45,82.35,86.98,89.78
12041,92.04,89.56,86.62,86.03,86.04,86.58,85.5
12043,82.43,86.23,91.08,88.21,83.97,80.03,76.42
12045,83.79,81.32,78.59,77.25,75.71,75.31,74.22
12047,96.05,95.17,94.26,93.58,92.78,91.72,89.64
12049,14.45,12.88,11.19,9.48,7.5,5.14,2.72
12051,46.74,44.02,40.74,32.79,24.77,17.12,9.5
12053,80.64,79.77,78.62,78.01,77.85,77.01,75.83
12055,80.64,77.56,74.12,77.82,82.79,87.25,91.76
12057,18.94,18.38,17.64,16.33,15.14,13.92,12.76
12059,95.61,94.09,92.34,93.07,94.38,95.55,95.41
12061,55.71,58.83,62.63,61.93,60.22,59.17,57.84
12063,90.89,89.43,87.79,84.89,81.85,78.9,74.32
12065,78.16,75.99,73.5,66.79,59.55,52.7,44.23
12067,79.53,78.19,76.74,72.2,66.7,61.07,54.18
12069,50.08,52.52,55.16,56.42,57.55,59.38,59.91
12071,36.01,35.94,35.95,33.65,31.12,28.89,26.23
12073,6.24,8.21,10.67,12.49,14.08,15.84,16.29
12075,90.19,89.06,87.78,85.33,82.64,79.99,76.38
12077,87.81,87.35,86.79,90.46,94.83,99.87,103.66
12079,91.12,90.23,89.41,84.26,78.66,72.76,65.69
12081,33.4,34.58,35.89,35.95,36.03,35.98,35.99
12083,70.49,71.24,71.96,71.61,71.31,70.48,68.76
12085,44.73,45.99,47.66,47.66,47.29,47.09,47.18
12086,9.71,8.88,8.12,7.43,6.82,5.37,4.56
12087,32.51,26.62,20.5,16.5,12.57,8.47,4.13
12089,50.08,54.08,58.14,57.6,56.29,54.04,51.94
12091,37.89,36.6,35.28,40.33,46.11,51.78,56.93
12093,60.17,53.95,46.81,46.32,46.95,47.68,48.72
12095,7.9,8.5,9.15,9.87,10.79,12.33,12.91
12097,38.78,39.75,40.84,40.73,40.24,40.32,39.16
12099,18.94,19.04,19.2,19.57,20.15,20.63,21.58
12101,59.22,60.25,61.39,59.68,57.42,54.63,51.74
12103,44.03,45.02,46.18,46.88,47.75,47.71,48.17
12105,47.85,48.72,49.73,49.49,49.08,48.39,47.35
12107,62.56,63.07,63.64,66.42,69.75,72.22,74.59
12109,11.97,13.52,15.17,14.56,13.77,12.46,10.97
12111,53.68,52.78,51.57,51.6,51.92,52.99,53.89
12113,44.03,46.6,49.89,52.51,54.54,56.9,58.26
12115,52.66,53.32,54.1,52.48,50.54,49.06,47.4
12117,10.32,10.14,9.53,9.04,8.55,8.83,7.6
12119,80.64,82.52,84.57,83.26,81.5,79.74,76.65
12121,69.02,71.33,74.25,76.57,78.89,81.07,82.15
12123,94.3,91.67,89.05,89.72,91.09,92.21,92.34
12125,45.78,46.32,46.79,48.05,49.27,50.27,50.61
12127,53.68,55.52,57.7,60.28,63.01,65.57,67.59
12129,74.59,66.42,56.97,56.28,56.88,57.82,57.91
12131,69.02,65.29,60.96,60.69,60.54,60.17,59.41
12133,85.32,84.67,84.08,82.92,81.39,80.54,78.18
13001,75.33,76.45,77.72,77.71,77.69,77.41,76.94
13003,46.74,46.84,46.52,45.3,45.3,45.59,44.84
13005,71.12,73.5,76.32,77.19,78.4,79.63,80.32
13007,72.62,77.13,82.27,85.09,88.24,92.43,94.53
13009,34.16,35.29,36.79,43.88,51.65,59.3,67.38
13011,56.73,57.55,58.24,57.73,57.4,56.52,56.08
13013,24.45,27.03,30.01,28.57,26.23,23.69,21.34
13015,37.03,40.2,43.75,41.32,38.23,34.19,30.82
13017,95.7,92.36,87.84,73.3,58.79,44.71,30.01
13019,71.76,77.98,84.7,83.35,81.7,80.71,78.2
13021,41.45,43.61,45.99,48.47,50.92,52.97,55.85
13023,85.32,82.71,78.96,71.49,64.3,57.31,50.41
13025,96.5,96.66,96.65,93.27,89.48,85.14,80.52
13027,89.62,88.76,87.45,78.35,68.31,59.22,48.36
13029,11.46,11.24,10.59,14.25,18.76,22.91,27.64
13031,19.8,20.62,21.79,24.55,27.39,30.21,33.07
13033,69.02,64.87,60.28,50.72,40.72,31.11,21.67
13035,44.03,45.89,47.74,49.52,52.22,54.63,57.87
13037,60.17,62.28,65.51,64.15,61.15,58.54,54.46
13039,10.98,15.7,20.79,20.99,20.36,18.71,17.04
13043,75.96,74.58,73.05,72.61,72.1,71.58,71.54
13045,50.08,50.8,51.95,48.33,43.65,37.79,32.55
13047,45.78,43.6,41.45,41.62,41.9,41.34,40.88
13049,29.96,35.34,41.33,58.43,78.33,97.33,115.89
13051,18.31,20.9,23.74,28.8,34.24,39.86,45.82
13053,57.62,54.64,51.48,35.46,16.74,-2.49,-22.04
13055,70.49,70.44,70.69,70.61,70.35,68.99,67.79
13057,4.81,5.12,5.19,5.26,5.64,5.14,5.45
13059,9.71,9.52,8.74,8.85,10.63,12.53,14.53
13061,94.49,86.83,77.85,78.72,82.66,86.93,90.02
13063,14.45,13.32,11.76,10.77,10.1,9.62,9.52
13065,84.24,82.19,79.8,66.91,52.02,36.82,20.58
13067,2.32,2.49,2.56,2.24,2.09,1.16,0.86
13069,53.68,59.78,66.92,70.77,74.91,78.97,82.48
13071,42.31,45.13,47.65,43.31,39.33,36.06,31.4
13073,9.11,9.66,10.78,12.33,13.91,15.71,17.7
13075,43.11,52.4,62.86,65.66,68.52,72.19,74.37
13077,9.71,9.78,10.05,9.95,9.69,8.51,8.16
13079,48.93,53.16,58.12,62.6,66.39,70.1,74.45
13081,85.32,82.19,78.01,73.66,70.34,67.74,64.17
13083,71.12,65.55,59.34,61.07,64.31,66.57,68.58
13085,20.89,21.72,22.56,30.47,40.12,49.53,59.13
13087,53.68,57.62,61.75,62.79,63.99,65.83,65.57
13089,7.45,7.42,7.42,7.59,7.8,7.75,8.65
13091,73.96,76.62,79.8,77.63,75.49,73.71,71.81
13093,50.08,56.6,64.2,72.79,82.72,93.21,103.04
13095,48.93,47.46,45.76,47.51,50.04,53.52,55.71
13097,18.31,18.72,19.1,17.8,16.39,14.44,12.9
13099,45.78,47.11,48.91,45.75,41.73,38.38,32.72
13101,39.83,37.06,33.91,36.69,41.53,46.14,49.4
13103,23.02,24.5,26.23,25.25,23.51,21.66,20.31
13105,71.12,73.24,75.28,78.11,81.96,86.02,90.4
13107,62.56,66.24,70.9,73.55,75.51,77.8,79.9
13109,51.74,52.71,53.98,57.09,60.2,62.45,65.27
13111,92.68,90.64,88.27,90.74,94.27,97.61,101.14
13113,6.24,5.47,4.66,4.45,4.57,4.54,5.17
13115,61.64,58.45,54.63,51.09,48.24,44.47,40.79
13117,1.46,1.48,1.23,1.59,1.7,1.57,1.76
13119,81.31,85.92,91.07,87.98,82.96,78.03,73.43
13121,5.16,5.56,6.08,6.45,6.82,6.71,7.26
13123,76.5,77.18,78.0,79.73,81.85,83.73,85.67
13125,36.01,30.23,24.4,27.05,30.5,34.5,38.88
13127,46.74,48.45,50.01,50.48,51.36,51.69,51.97
13129,50.08,59.95,71.74,74.16,74.83,74.5,74.78
13131,72.62,78.26,84.14,84.78,85.3,86.98,86.43
13133,24.45,33.69,44.73,45.97,45.21,44.89,44.91
13135,1.15,1.04,0.87,0.59,0.41,-0.6,-0.64
13137,58.42,57.51,56.04,56.99,58.67,59.8,61.77
13139,12.61,12.78,12.94,12.77,12.52,11.49,10.77
13141,47.85,41.45,34.1,42.11,52.76,63.67,75.0
13143,78.16,76.48,74.52,72.94,72.07,69.76,67.65
13145,61.64,62.42,63.92,67.02,70.46,73.46,76.15
13147,64.37,67.74,71.17,75.67,81.07,86.87,92.74
13149,92.96,88.7,84.19,81.65,79.53,76.11,73.08
13151,7.45,8.87,10.5,10.01,8.92,8.3,7.72
13153,17.54,21.13,24.74,27.2,29.11,30.86,33.04
13155,75.96,83.41,91.95,87.67,82.7,78.31,73.09
13157,36.01,35.43,34.36,32.57,31.2,29.25,27.74
13159,42.31,50.67,60.22,63.87,66.59,69.32,72.44
13161,64.37,65.6,67.24,64.32,60.6,56.86,52.51
13163,51.74,55.71,61.14,57.23,50.69,44.77,39.01
13165,77.17,72.3,67.01,55.33,42.54,29.97,17.46
13167,82.43,77.91,72.59,71.95,71.73,72.05,72.45
13169,46.74,45.08,42.67,42.9,43.78,44.23,45.32
13171,61.64,58.74,55.26,48.28,40.7,32.63,25.43
13173,82.74,81.99,80.82,75.46,70.34,65.55,59.2
13175,28.84,26.08,22.89,25.06,28.14,31.49,35.23
13177,13.72,10.41,6.89,7.5,8.52,10.29,10.91
13179,28.18,27.73,26.73,28.51,31.11,32.91,35.43
13181,62.56,63.13,63.98,67.61,71.84,76.45,81.2
13183,28.84,38.86,51.03,57.73,62.84,66.87,71.32
13185,29.96,28.74,27.05,22.27,17.51,13.56,7.78
13187,45.78,46.51,47.4,50.38,53.59,56.28,59.44
13189,52.66,47.65,42.75,39.61,35.42,31.8,28.38
13191,98.38,98.71,98.86,95.26,91.12,86.56,82.32
13193,88.16,86.5,84.29,77.29,68.82,60.67,52.02
13195,56.73,63.13,70.34,70.93,70.72,70.5,70.95
13197,75.33,74.41,74.04,60.76,44.85,28.69,12.16
13199,83.79,83.96,84.76,85.73,86.52,86.94,87.61
13201,52.66,50.44,47.32,38.54,29.05,20.35,9.33
13205,65.87,72.05,78.76,74.8,69.37,64.72,58.13
13207,44.73,45.51,46.26,43.38,39.82,36.04,33.09
13209,60.94,62.25,64.16,68.0,71.36,74.91,78.49
13211,39.83,46.89,54.6,52.17,48.28,44.15,40.39
13213,56.73,54.99,53.12,48.49,42.86,36.53,30.4
13215,75.96,75.17,74.67,71.16,67.32,63.5,58.97
13217,36.01,39.91,44.25,46.0,47.52,48.82,50.38
13219,7.45,7.3,6.38,5.36,5.49,5.5,5.56
13221,54.76,61.36,68.6,63.58,56.25,49.15,42.29
13223,6.91,7.49,8.15,6.76,5.38,3.0,1.27
13225,28.18,33.13,38.46,49.7,62.89,75.92,89.38
13227,54.76,56.9,59.22,58.64,57.39,55.52,54.32
13229,86.44,84.45,82.14,74.11,65.42,56.25,46.75
13231,32.51,31.9,31.57,27.87,23.67,18.96,14.8
13233,65.27,62.32,58.9,54.72,50.64,45.77,41.14
13235,56.73,69.09,83.56,84.77,83.55,82.9,81.87
13237,50.08,47.07,42.95,41.3,40.42,39.76,39.27
13239,99.08,98.08,97.59,94.43,90.66,86.95,81.94
13241,57.62,59.81,62.38,71.01,80.42,89.72,99.75
13243,89.62,83.1,76.24,68.46,60.15,51.88,42.41
13245,70.49,68.97,67.24,64.56,61.97,59.57,57.3
13247,10.98,8.94,6.13,5.43,5.91,5.85,6.39
13249,69.02,65.73,62.2,59.04,57.11,55.41,53.0
13251,73.96,67.89,61.13,58.97,58.21,57.4,56.95
13253,60.17,60.92,61.66,63.61,66.52,69.73,71.09
13255,59.22,59.82,60.56,58.39,55.96,53.3,51.46
13257,79.08,78.96,78.49,79.04,80.06,81.14,82.65
13259,96.91,94.24,92.08,84.36,76.41,68.6,59.63
13261,45.78,43.64,41.83,37.62,32.61,27.76,22.24
13263,92.04,86.49,80.29,78.84,78.91,79.02,78.79
13265,96.05,95.96,96.34,94.75,92.1,90.26,88.63
13267,80.64,76.09,70.43,68.26,66.59,64.38,62.34
13269,58.42,57.69,56.95,63.26,71.56,79.94,88.21
13271,65.87,54.9,41.69,29.71,19.05,9.13,-1.44
13273,71.76,57.81,41.81,40.71,43.23,45.76,46.95
13275,61.64,64.24,66.87,66.13,66.16,67.35,66.18
13277,52.66,57.83,62.98,55.42,46.97,39.42,30.73
13279,40.75,40.79,40.89,48.39,57.17,66.14,75.02
13281,78.16,73.78,68.04,69.94,74.02,77.76,82.27
13283,83.22,80.27,76.87,81.05,86.3,92.39,98.26
13285,65.87,63.19,60.65,60.09,59.47,58.02,56.85
13287,84.24,85.17,85.66,77.62,69.52,61.96,53.37
13289,75.96,77.41,78.66,81.76,85.66,89.51,94.24
13291,90.19,88.81,86.95,81.61,74.66,67.09,60.2
13293,81.31,74.78,67.34,60.59,53.97,47.3,40.72
13295,84.75,81.51,78.18,76.44,74.17,71.14,68.02
13297,23.02,24.01,24.73,22.56,20.3,17.94,15.67
13299,80.64,79.58,78.29,72.45,66.44,60.0,53.0
13301,80.01,60.46,37.47,31.33,28.55,26.29,24.28
13303,43.11,45.61,49.2,58.23,67.55,76.86,86.73
13305,79.08,75.37,70.52,64.65,59.13,52.31,45.75
13307,92.68,85.24,77.29,64.01,49.76,35.69,20.38
13309,45.78,45.07,44.73,43.11,40.74,38.94,36.68
13311,52.66,56.26,60.62,60.75,59.33,57.2,56.01
13313,22.32,18.41,13.73,11.67,10.63,8.27,6.48
13315,80.01,80.86,81.64,68.9,54.67,40.93,26.59
13317,77.17,75.4,73.21,70.58,67.98,65.74,64.04
13319,55.71,57.68,60.13,56.06,49.41,42.82,36.15
13321,52.66,59.17,66.61,66.53,65.9,65.99,64.84
15001,32.51,31.48,30.33,31.11,31.97,34.86,33.88
15003,11.46,12.62,13.09,12.14,11.55,12.21,9.65
15005,23.72,49.07,76.67,86.5,94.65,104.53,110.89
15007,20.89,14.88,8.6,7.11,5.97,6.54,3.32
15009,11.46,12.53,12.4,11.23,10.97,12.86,11.03
16001,6.91,7.6,8.02,7.14,6.87,8.43,8.4
16003,84.24,85.1,85.13,87.67,91.76,97.92,102.87
16005,38.78,41.92,44.88,49.51,55.33,63.28,70.17
16007,36.01,35.36,34.56,32.35,30.46,30.19,29.45
16009,77.84,76.8,75.32,78.17,81.81,88.01,93.5
16011,29.96,32.18,34.75,35.43,35.67,37.49,38.92
16013,0.45,-0.23,-0.23,2.23,4.34,7.97,9.97
16015,58.42,63.47,68.82,56.59,42.39,29.7,15.86
16017,51.19,54.56,58.42,58.38,58.53,60.88,62.72
16019,27.19,29.05,31.51,33.84,36.33,40.01,43.17
16021,77.17,73.88,69.98,55.72,40.76,27.59,14.46
16023,84.24,71.85,58.48,57.06,56.4,57.19,56.53
16025,78.16,67.9,56.22,49.13,42.57,37.7,31.25
16027,37.03,34.76,31.55,31.91,33.71,37.63,39.71
16029,37.89,38.37,38.44,32.98,26.99,22.6,17.52
16031,24.45,22.11,19.64,25.95,32.26,40.09,46.72
16033,81.31,52.55,20.54,9.83,1.45,-4.9,-12.35
16035,97.71,98.09,98.16,94.93,91.17,89.33,86.56
16037,67.62,73.16,79.35,85.15,91.16,98.59,104.24
16039,37.03,32.64,27.99,30.03,33.07,37.64,40.5
16041,31.65,34.06,36.32,36.28,36.81,39.07,40.12
16043,29.96,26.44,23.62,24.67,25.28,27.83,29.17
16045,62.56,71.67,82.07,82.28,81.1,81.93,80.99
16047,44.73,43.26,42.14,36.61,29.21,23.43,16.19
16049,86.82,89.33,91.86,92.38,92.8,95.78,97.37
16051,23.02,21.42,20.09,16.97,12.77,10.21,7.25
16053,26.52,22.15,17.39,17.33,17.65,19.26,19.79
16055,33.4,32.9,32.03,31.16,30.49,31.82,32.51
16057,14.45,17.02,19.89,19.78,19.04,20.54,20.94
16059,68.26,75.2,82.57,76.95,70.1,65.25,59.11
16061,86.82,87.79,88.74,91.22,94.46,100.25,104.86
16063,34.16,30.98,28.02,33.92,40.73,48.66,55.64
16065,0.29,-0.75,-1.05,-0.13,0.27,2.61,3.59
16067,30.82,26.34,21.31,28.86,37.81,48.12,57.42
16069,67.62,68.6,69.61,69.35,68.81,70.48,71.18
16071,47.85,57.69,68.58,68.26,66.69,67.07,66.15
16073,50.08,52.68,55.79,58.1,59.82,62.87,64.16
16075,40.75,46.36,52.79,59.88,67.64,77.54,85.54
16077,48.93,56.64,65.27,67.02,67.23,69.2,69.91
16079,82.74,87.23,92.15,94.85,97.15,101.26,104.67
16081,18.31,11.25,3.33,1.86,1.3,2.15,2.34
16083,25.25,24.39,24.01,26.88,29.55,33.61,36.39
16085,53.68,65.26,78.16,80.43,81.33,84.47,86.09
16087,85.8,83.44,80.14,81.34,83.62,88.17,90.73
17001,34.89,33.71,32.75,33.17,33.27,29.78,27.2
17003,95.45,94.44,93.62,92.27,89.94,83.98,77.9
17005,46.74,51.18,56.22,54.78,52.18,44.89,38.72
17007,4.39,6.58,8.84,11.21,13.77,14.11,14.39
17009,11.46,12.84,14.53,24.35,35.46,42.69,51.5
17011,28.18,29.4,30.52,29.95,29.76,26.92,23.33
17013,55.71,59.33,63.52,69.08,75.64,78.72,82.64
17015,53.68,48.84,42.97,39.32,36.24,30.78,24.99
17017,31.65,30.31,28.7,29.47,29.51,25.9,23.73
17019,3.09,3.24,3.1,3.13,3.27,-0.14,-4.27
17021,40.75,39.73,38.82,31.34,22.41,9.27,-2.78
17023,43.11,51.25,60.26,60.73,59.82,55.14,50.18
17025,67.62,71.94,76.47,79.38,82.05,80.4,78.77
17027,17.54,22.33,28.08,33.01,37.43,37.33,38.29
17029,32.51,32.14,31.57,37.97,46.12,50.55,55.02
17031,9.71,9.13,8.44,7.98,7.52,4.84,1.93
17033,54.76,57.21,59.1,57.73,56.09,50.96,45.13
17035,74.59,74.31,73.49,69.38,64.08,55.54,46.85
17037,2.9,4.42,5.89,6.52,7.17,5.51,3.36
17039,29.96,26.15,21.54,20.24,19.69,15.4,11.32
17041,9.71,10.33,11.13,13.43,15.57,14.01,12.44
17043,1.97,1.91,1.81,1.83,1.8,-0.76,-3.79
17045,41.45,47.51,54.13,55.8,56.64,53.66,50.76
17047,54.76,53.93,52.32,55.75,60.78,61.66,62.42
17049,19.8,22.95,26.47,26.31,24.99,19.86,15.25
17051,63.67,63.79,63.77,65.75,68.66,66.95,66.24
17053,50.08,55.28,61.0,59.28,56.37,50.02,43.6
17055,85.32,83.82,81.93,84.23,86.45,84.87,83.78
17057,44.73,45.19,45.46,45.53,45.27,41.32,38.86
17059,85.8,87.99,90.31,92.24,93.82,92.12,90.39
17061,54.76,54.67,54.52,56.55,58.92,57.61,57.56
17063,10.98,11.71,12.34,8.68,4.79,-1.94,-8.73
17065,61.64,60.59,59.08,67.52,77.97,84.29,90.78
17067,41.45,37.89,33.4,32.43,32.32,28.9,26.82
17069,99.59,99.6,99.46,99.04,98.42,94.89,91.28
17071,59.22,61.64,64.09,64.86,65.43,62.45,60.43
17073,18.94,19.97,20.93,21.45,22.67,20.3,18.28
17075,29.96,34.12,38.99,43.71,48.46,50.62,52.43
17077,23.72,25.17,27.02,31.07,34.98,34.88,35.27
17079,37.89,46.42,55.94,66.94,79.03,87.63,95.66
17081,62.56,66.75,71.9,76.21,79.38,78.67,77.88
17083,11.97,18.85,26.74,28.9,29.79,26.74,25.14
17085,21.46,20.8,20.15,28.27,38.08,45.72,53.06
17087,77.17,73.38,68.68,63.15,57.21,47.68,38.37
17089,1.97,2.11,2.12,2.04,1.99,-0.17,-2.92
17091,58.42,59.01,59.77,49.5,36.75,21.46,5.83
17093,1.02,1.07,1.0,0.79,0.93,-1.26,-4.18
17095,47.85,52.46,57.89,57.12,55.31,50.46,46.42
17097,1.97,2.17,2.31,2.65,3.05,0.97,-1.49
17099,25.25,26.9,28.62,28.93,29.32,27.16,24.41
17101,75.96,81.68,87.67,86.45,84.15,78.09,71.7
17103,18.94,25.2,32.19,37.28,42.58,45.39,47.71
17105,32.51,36.86,41.53,45.45,49.66,51.02,52.06
17107,46.74,47.3,48.11,49.26,50.2,46.9,44.89
17109,14.45,17.52,20.81,24.98,29.03,29.66,31.91
17111,1.97,2.42,2.82,3.5,4.28,2.95,1.21
17113,4.81,4.6,4.13,4.33,4.43,1.28,-1.65
17115,37.89,41.22,45.48,47.04,47.72,44.11,41.25
17117,51.19,52.8,54.37,51.18,47.3,39.52,33.0
17119,21.46,22.55,23.4,27.29,32.49,32.98,35.21
17121,75.96,74.08,71.53,71.7,72.4,69.3,66.5
17123,32.51,30.35,27.7,26.75,26.76,23.73,20.65
17125,60.94,58.48,55.39,59.75,65.31,67.61,71.06
17127,84.24,83.19,82.42,84.3,86.09,84.44,83.0
17129,19.8,22.7,26.25,31.17,35.68,36.18,38.54
17131,28.18,26.16,23.65,22.48,21.87,17.91,14.54
17133,7.9,7.17,6.6,5.81,4.52,-1.26,-6.16
17135,39.83,40.49,41.13,38.19,35.08,27.77,21.44
17137,44.03,42.49,40.7,47.57,55.57,59.7,65.34
17139,19.8,16.8,13.63,15.12,17.07,14.97,13.15
17141,11.97,16.08,20.65,20.99,20.64,17.84,14.53
17143,14.45,14.4,14.27,15.13,16.54,14.49,13.1
17145,61.64,59.02,56.05,64.55,74.81,80.83,87.44
17147,9.11,10.96,13.23,17.26,21.5,21.87,22.47
17149,51.74,53.66,56.29,57.08,56.92,53.22,50.27
17151,89.62,92.91,96.99,97.6,97.12,93.08,89.43
17153,95.29,94.79,94.68,94.85,94.34,90.05,85.86
17155,13.72,15.32,17.12,17.37,17.4,14.71,11.77
17157,51.19,49.31,47.63,49.99,52.21,49.51,47.8
17159,69.02,70.31,71.25,67.5,63.15,55.12,46.73
17161,28.84,28.05,27.08,27.9,29.48,27.45,25.96
17163,28.84,27.91,26.64,26.38,26.28,21.02,17.52
17165,88.98,88.42,87.69,89.36,91.47,90.02,88.68
17167,36.01,35.52,35.01,34.58,34.34,29.82,27.11
17169,51.74,58.02,65.29,74.13,82.37,86.94,92.97
17171,28.18,22.45,15.54,16.94,19.21,17.97,17.66
17173,44.73,35.23,24.02,21.68,21.28,17.19,13.34
17175,62.56,60.58,58.02,44.44,28.8,9.81,-8.82
17177,44.03,41.55,38.61,39.91,42.06,41.44,40.75
17179,14.45,14.34,14.29,15.99,17.69,16.06,14.58
17181,69.79,69.16,68.71,68.66,68.66,65.13,61.69
17183,47.85,48.9,49.96,49.99,49.74,46.53,42.53
17185,69.02,70.79,72.47,70.75,68.76,62.77,56.38
17187,19.8,21.15,22.46,24.61,27.5,27.19,27.95
17189,34.89,29.65,23.38,22.27,21.55,16.02,11.45
17191,58.42,61.72,65.37,69.67,73.57,73.27,73.65
17193,76.5,78.55,80.89,82.58,83.56,80.67,77.68
17195,44.03,46.61,49.54,46.27,41.94,34.65,27.16
17197,2.55,2.77,3.14,2.45,2.13,-1.08,-4.16
17199,51.19,55.3,60.42,63.93,66.45,65.1,64.21
17201,30.82,32.59,34.41,34.97,35.39,33.6,31.73
17203,5.16,5.04,4.83,5.64,6.42,4.27,2.21
18001,18.31,20.38,22.75,20.85,18.08,13.44,7.5
18003,16.71,18.19,19.88,20.07,20.46,19.04,16.92
18005,23.72,23.83,23.81,22.81,20.91,17.31,12.26
18007,71.76,69.79,67.79,69.96,71.95,71.9,70.52
18009,88.98,87.19,85.26,85.07,84.69,82.6,79.04
18011,3.09,5.14,7.52,7.17,6.21,3.33,-0.83
18013,18.31,19.18,20.09,22.81,25.82,26.46,25.92
18015,39.83,44.29,49.55,51.33,51.64,50.33,47.88
18017,37.89,40.76,44.29,46.01,47.1,46.58,44.95
18019,44.73,46.43,48.56,42.72,34.75,24.18,12.52
18021,68.26,70.57,72.57,71.87,71.32,67.85,63.62
18023,37.03,34.03,30.11,31.99,35.3,37.22,37.41
18025,86.44,85.96,84.84,83.83,83.34,79.95,75.58
18027,30.82,33.28,35.25,36.9,38.85,38.14,36.53
18029,20.89,19.83,18.37,17.77,17.91,16.04,12.7
18031,31.65,33.29,35.37,36.17,36.86,35.71,33.24
18033,63.67,58.79,52.61,45.45,38.44,29.66,19.89
18035,64.37,62.43,60.27,59.37,58.38,55.78,51.34
18037,7.45,8.37,8.71,9.51,10.84,9.06,6.48
18039,30.82,31.19,31.17,29.25,27.4,24.08,19.42
18041,85.8,82.25,78.07,74.69,71.6,66.9,60.65
18043,34.16,34.02,33.51,28.52,23.15,15.31,6.59
18045,62.56,64.78,67.26,68.84,69.68,67.94,65.24
18047,32.51,32.25,32.06,30.33,28.03,24.1,18.47
18049,56.73,57.36,58.1,58.46,58.79,57.9,55.63
18051,37.89,42.68,47.69,48.51,48.88,45.92,42.29
18053,71.12,69.82,68.57,71.84,75.8,78.2,78.83
18055,72.62,75.86,79.07,78.32,76.64,71.92,66.56
18057,1.02,1.01,0.91,1.01,1.3,-0.25,-3.46
18059,24.45,25.07,25.79,25.58,25.36,23.81,20.29
18061,59.22,63.97,69.4,68.77,67.42,63.27,58.42
18063,6.24,9.35,12.75,11.72,10.23,6.59,1.83
18065,62.56,62.94,63.7,64.07,64.33,63.14,60.13
18067,65.87,66.46,67.28,67.85,67.86,66.22,63.17
18069,38.78,39.2,39.74,38.31,36.56,32.48,27.64
18071,23.72,25.08,26.71,34.34,42.34,47.73,51.94
18073,33.4,28.57,23.54,31.36,40.69,48.19,54.58
18075,59.22,57.99,56.64,57.24,57.98,57.17,54.65
18077,52.66,49.39,45.65,49.11,52.92,54.71,55.04
18079,50.08,49.61,49.22,55.38,62.33,67.18,70.64
18081,7.9,8.42,8.68,8.29,8.3,6.22,2.32
18083,37.03,46.46,56.98,65.61,74.5,80.19,85.25
18085,21.46,24.51,27.87,29.31,30.95,31.1,29.71
18087,10.32,10.38,10.04,8.77,7.82,5.1,1.74
18089,36.01,35.32,34.92,34.61,34.08,31.67,28.66
18091,37.03,35.03,32.76,32.61,32.8,31.72,29.79
18093,62.56,63.69,64.49,69.57,75.17,78.11,80.1
18095,72.62,70.95,69.22,69.86,70.91,70.77,68.66
18097,33.4,33.78,33.88,32.88,32.14,29.41,24.92
18099,28.84,31.06,33.65,34.68,35.59,35.16,33.08
18101,29.96,39.13,49.63,60.53,71.58,80.02,87.69
18103,65.87,63.35,60.39,60.51,61.34,60.82,58.74
18105,10.98,11.18,11.07,12.19,13.41,11.91,9.43
18107,42.31,43.39,44.53,44.2,43.78,41.37,37.58
18109,44.73,46.11,47.47,47.07,46.84,44.25,40.52
18111,53.68,45.75,36.62,42.04,49.73,55.12,59.66
18113,30.82,31.98,33.19,32.76,33.01,31.52,29.17
18115,16.71,22.97,30.21,29.41,26.82,22.5,16.75
18117,64.37,69.49,75.21,81.75,88.23,91.47,94.27
18119,61.64,64.55,67.63,68.02,68.46,65.83,62.26
18121,45.78,52.54,60.12,66.45,73.08,76.96,80.01
18123,43.11,44.41,45.6,44.71,44.1,40.26,36.12
18125,66.92,71.33,75.69,74.25,71.67,65.68,58.85
18127,13.34,12.38,11.61,11.61,11.36,9.43,6.72
18129,17.54,19.32,21.17,21.78,22.12,19.02,15.63
18131,65.27,64.12,62.79,64.64,66.97,67.19,66.37
18133,46.74,49.55,52.35,46.2,38.71,28.48,17.37
18135,60.94,59.26,57.18,59.23,62.32,64.13,64.24
18137,34.89,33.74,32.21,30.61,29.13,25.93,21.27
18139,51.19,50.5,49.75,44.23,37.84,30.15,20.5
18141,32.51,32.11,31.18,30.76,30.88,29.91,27.19
18143,77.17,71.79,65.46,67.84,71.39,72.01,71.77
18145,25.25,28.11,31.47,30.29,28.46,25.24,20.1
18147,34.89,35.6,35.92,39.46,44.65,46.56,48.08
18149,69.02,67.07,64.82,59.34,52.63,44.4,34.67
18151,34.89,39.13,44.2,43.6,41.67,37.9,33.3
18153,75.96,74.12,71.07,72.85,76.57,77.0,76.94
18155,37.03,45.0,54.47,57.76,60.0,60.21,59.22
18157,6.91,6.68,6.43,8.42,10.41,10.79,9.51
18159,65.27,63.49,61.53,61.59,61.88,60.49,57.54
18161,38.78,40.12,41.83,46.84,52.63,56.71,59.16
18163,37.03,39.9,42.91,45.92,49.22,49.22,48.82
18165,63.67,65.82,67.58,71.19,75.81,77.61,78.78
18167,60.17,65.05,70.1,71.27,72.16,69.73,66.81
18169,52.66,48.55,43.65,40.78,38.44,34.05,28.54
18171,65.27,59.95,53.49,55.71,59.71,61.54,62.19
18173,11.97,14.55,17.12,18.16,19.0,16.53,13.58
18175,65.87,67.1,68.49,71.27,74.05,74.08,73.27
18177,69.79,70.53,71.47,71.5,71.09,69.01,65.28
18179,25.25,24.95,24.78,25.25,26.39,25.46,23.53
18181,48.93,50.99,53.48,57.28,60.62,61.9,62.34
18183,47.85,51.63,56.0,51.94,46.19,38.67,29.81
19001,41.45,44.47,48.1,52.86,58.01,60.64,64.59
19003,53.68,52.09,50.33,42.94,34.02,23.3,13.87
19005,18.94,18.2,17.07,15.55,14.34,10.04,7.08
19007,51.19,55.02,59.64,65.15,71.75,76.21,81.61
19009,17.54,20.13,23.46,24.55,25.42,23.61,23.41
19011,21.46,18.89,16.21,14.87,13.31,9.13,5.9
19013,20.89,17.74,14.18,14.22,14.94,12.21,11.09
19015,23.02,30.56,39.42,40.23,39.52,35.87,33.99
19017,4.81,4.72,4.61,5.43,6.34,3.91,2.62
19019,11.97,10.94,10.03,12.05,14.16,13.15,13.32
19021,4.11,4.16,4.15,5.22,6.07,4.72,5.24
19023,6.91,7.39,8.09,8.81,9.78,7.44,6.51
19025,41.45,38.37,34.9,30.08,24.79,17.75,12.03
19027,13.72,13.36,13.13,11.51,9.56,5.5,3.33
19029,59.22,52.5,44.55,36.91,30.18,20.79,13.15
19031,13.34,13.46,13.72,12.12,10.35,5.4,1.3
19033,27.19,32.15,37.77,37.64,36.19,32.14,29.41
19035,21.46,25.53,30.2,34.13,37.44,38.68,41.77
19037,30.82,33.7,37.09,34.55,30.41,22.63,16.28
19039,48.93,43.47,36.81,33.78,32.01,28.38,25.78
19041,34.16,32.33,29.81,36.57,45.25,52.77,60.87
19043,19.8,24.47,29.9,29.87,28.8,23.92,20.37
19045,27.19,29.16,31.6,30.35,28.52,23.65,19.03
19047,23.02,23.6,24.46,30.11,36.73,41.29,47.49
19049,1.46,1.74,1.75,1.22,0.89,-2.41,-4.01
19051,23.02,22.2,21.29,19.38,17.2,12.58,8.73
19053,66.92,68.94,71.54,63.16,52.77,40.89,30.06
19055,20.89,17.31,13.17,13.18,14.16,11.93,10.27
19057,41.45,42.92,44.1,45.15,47.06,45.52,44.84
19059,36.01,35.38,34.31,37.36,41.27,44.0,47.27
19061,13.72,13.08,12.31,12.48,12.64,10.24,7.86
19063,18.94,27.58,37.57,40.92,42.55,43.35,44.66
19065,38.78,37.08,35.12,37.55,40.77,40.2,41.57
19067,34.89,37.59,40.68,46.02,51.93,55.42,59.57
19069,29.96,28.55,26.69,18.78,9.6,-2.33,-13.2
19071,46.74,46.11,45.16,38.93,32.34,23.14,15.8
19073,61.64,60.43,58.81,55.48,52.39,46.85,43.02
19075,10.32,10.38,10.84,9.65,7.99,3.44,0.55
19077,33.4,33.67,33.86,32.72,31.41,27.83,25.9
19079,25.25,25.44,25.69,23.09,19.96,13.66,8.62
19081,10.98,14.86,19.13,21.23,22.84,22.27,23.26
19083,23.72,20.6,16.99,15.2,14.34,10.73,8.65
19085,47.85,47.44,46.9,37.9,27.61,15.37,4.33
19087,22.32,30.86,40.78,39.0,35.25,27.93,21.8
19089,19.8,18.86,17.68,14.9,11.58,5.36,0.42
19091,19.8,20.33,20.91,24.85,28.98,31.46,34.74
19093,28.84,28.37,27.77,32.37,37.86,40.98,45.69
19095,19.8,17.71,15.58,16.88,19.02,18.62,19.29
19097,21.46,22.12,23.0,21.84,19.89,15.51,11.09
19099,48.93,43.69,37.63,35.92,35.18,31.5,29.21
19101,5.76,5.77,5.85,8.05,11.08,11.33,12.83
19103,1.37,1.05,0.8,0.31,0.08,-2.77,-5.18
19105,28.84,27.13,25.23,21.48,17.23,10.43,4.18
19107,45.78,45.73,45.92,43.93,41.65,36.86,32.99
19109,24.45,25.76,26.74,35.7,46.6,56.04,66.39
19111,52.66,57.41,63.18,62.24,59.15,52.75,47.67
19113,7.9,7.66,7.81,7.41,6.81,3.59,1.3
19115,11.46,15.26,19.43,17.56,15.02,8.99,3.93
19117,44.73,47.21,50.15,53.18,56.51,58.04,60.26
19119,10.98,12.05,13.17,11.92,10.31,7.15,5.65
19121,18.31,19.47,20.79,21.88,22.79,21.07,20.85
19123,28.84,30.28,32.2,31.74,30.65,27.19,24.66
19125,21.46,24.7,28.84,32.08,35.24,35.96,37.36
19127,25.25,23.85,22.71,20.39,17.71,12.21,8.15
19129,54.76,58.6,63.0,56.76,49.09,38.82,30.68
19131,8.63,8.79,8.68,14.23,21.01,25.01,30.31
19133,41.45,39.07,36.44,38.35,40.98,41.07,42.81
19135,42.31,40.11,37.38,31.56,25.14,16.45,8.49
19137,69.02,68.79,68.64,62.14,55.13,46.33,38.92
19139,16.71,14.85,12.5,10.04,8.0,2.82,-1.34
19141,23.72,23.87,23.62,26.74,30.97,33.69,37.79
19143,17.54,22.82,29.13,27.36,22.99,17.4,12.9
19145,58.42,58.68,59.03,58.35,58.01,56.05,55.21
19147,39.83,44.1,48.91,47.39,43.78,38.65,34.43
19149,9.11,13.72,18.86,16.57,12.96,7.46,3.42
19151,20.89,23.16,25.85,32.77,40.32,46.69,53.99
19153,10.32,11.2,12.06,11.78,11.45,7.68,5.95
19155,37.03,39.26,41.68,39.3,36.85,32.24,29.21
19157,28.84,23.29,17.12,12.01,6.96,-1.19,-8.08
19159,52.66,52.56,52.45,44.42,34.77,23.47,13.08
19161,28.84,24.9,20.29,16.1,11.61,5.39,0.6
19163,8.63,8.68,8.83,8.89,9.1,5.66,2.73
19165,48.93,48.23,47.44,41.98,36.07,27.91,21.26
19167,0.67,1.49,2.11,2.0,2.3,1.09,0.91
19169,0.86,1.19,1.4,0.76,0.63,-2.79,-4.45
19171,30.82,27.01,22.92,19.1,15.04,8.01,2.1
19173,40.75,39.3,37.59,42.25,49.12,54.0,59.62
19175,46.74,47.94,49.47,53.81,59.24,62.47,67.0
19177,32.51,30.71,28.48,31.46,36.03,37.6,40.4
19179,51.74,46.22,39.78,37.49,36.24,32.77,30.32
19181,10.98,12.33,13.95,15.03,15.87,14.03,13.71
19183,30.82,30.49,29.92,22.83,14.87,4.32,-5.39
19185,65.27,65.26,65.35,60.53,55.0,47.26,40.48
19187,44.73,41.7,38.18,35.72,33.64,29.45,26.26
19189,34.89,37.76,40.79,42.33,43.63,43.14,43.92
19191,2.74,2.66,2.58,6.7,11.87,13.78,17.03
19193,18.94,20.32,22.04,22.49,22.31,19.99,18.69
19195,32.51,32.54,32.26,34.7,38.15,38.96,41.15
19197,29.96,29.79,29.42,32.41,36.29,37.77,40.56
20001,82.74,81.95,81.51,78.98,74.97,69.11,63.16
20003,65.87,51.78,35.47,32.88,32.49,29.98,27.95
20005,57.62,56.43,54.49,51.97,49.46,45.82,42.81
20007,44.03,44.46,45.15,48.5,52.44,55.31,58.54
20009,38.78,35.08,30.6,37.38,45.95,53.06,62.1
20011,69.79,72.05,74.98,79.12,83.3,84.32,85.29
20013,65.27,66.08,66.59,62.37,57.23,50.6,45.0
20015,28.84,24.83,20.25,18.25,16.01,12.03,8.7
20017,59.22,58.32,57.13,60.68,65.0,67.56,71.19
20019,95.29,93.88,92.32,91.92,91.41,89.17,87.01
20021,84.75,83.45,82.28,86.36,90.79,92.59,93.69
20023,51.19,53.78,57.01,55.31,52.71,50.89,49.46
20025,56.73,52.8,48.64,41.37,33.45,25.26,17.82
20027,54.76,50.92,46.69,46.17,46.03,44.41,44.18
20029,54.76,51.2,47.64,43.26,37.73,30.92,26.2
20031,30.82,35.43,41.0,49.37,57.85,63.94,70.85
20033,46.74,41.78,36.86,30.82,23.86,16.85,10.67
20035,61.64,59.56,57.33,61.1,64.94,66.77,69.08
20037,51.74,52.27,52.96,52.95,52.59,49.56,46.08
20039,90.51,88.69,86.72,77.66,66.81,56.18,47.37
20041,53.68,57.17,61.35,65.26,68.51,69.42,72.16
20043,36.01,40.02,44.65,49.8,55.12,58.48,63.03
20045,6.24,6.51,7.03,7.97,9.08,9.27,9.35
20047,32.51,40.35,50.12,43.96,34.09,23.95,15.43
20049,85.32,87.45,89.85,93.27,96.7,98.53,100.18
20051,10.32,11.58,13.15,16.02,18.16,19.07,22.07
20053,55.71,56.74,57.61,62.34,67.2,69.83,74.99
20055,6.24,6.75,7.43,8.29,9.13,11.11,13.91
20057,9.11,7.81,6.71,5.64,5.21,4.86,6.0
20059,43.11,40.31,37.49,36.66,35.14,31.74,28.91
20061,11.97,14.84,18.02,20.13,21.78,21.94,23.28
20063,30.82,33.45,36.49,43.17,50.17,57.28,65.86
20065,71.12,74.15,77.77,79.79,81.36,82.28,85.61
20067,1.46,5.25,9.68,10.05,7.88,6.55,5.81
20069,10.32,12.83,15.92,14.38,12.0,10.01,9.28
20071,33.4,46.2,60.37,72.06,82.74,94.81,107.36
20073,65.87,73.08,81.34,84.82,87.04,87.7,88.77
20075,25.25,18.42,9.96,17.45,26.79,37.73,48.88
20077,36.01,43.69,52.72,53.06,51.3,48.2,44.79
20079,25.25,28.87,33.37,40.37,46.92,51.89,57.81
20081,5.48,3.92,2.0,1.12,0.5,0.58,1.71
20083,70.49,62.47,53.29,42.2,30.92,19.76,9.82
20085,36.01,45.06,55.19,61.86,68.58,74.04,79.97
20087,30.82,34.51,38.52,40.44,42.15,42.81,43.45
20089,44.73,50.75,57.71,65.52,73.64,80.55,90.0
20091,3.09,3.41,3.87,4.21,4.42,2.77,1.63
20093,17.54,16.83,15.91,18.67,21.15,24.89,29.29
20095,44.03,49.58,55.7,49.39,41.31,31.65,22.84
20097,73.96,61.89,47.82,44.07,43.53,42.61,42.79
20099,74.59,73.64,72.81,75.41,78.09,78.75,78.7
20101,62.56,62.89,63.49,62.54,60.49,59.02,58.34
20103,38.78,40.72,42.7,44.6,46.3,46.73,47.51
20105,36.01,42.71,50.35,56.62,62.11,65.19,70.88
20107,80.64,77.58,74.74,76.4,78.08,77.3,76.76
20109,37.03,34.97,32.3,34.93,37.58,40.64,44.8
20111,25.25,28.12,31.21,31.36,30.5,28.05,26.33
20113,17.54,18.24,19.02,22.23,24.83,26.0,28.61
20115,61.64,55.18,47.46,50.91,56.0,59.35,63.67
20117,43.11,46.2,49.99,51.09,51.83,50.72,50.93
20119,9.11,7.82,6.53,6.09,5.95,6.07,7.15
20121,19.8,18.59,17.45,21.34,25.94,28.44,31.29
20123,33.4,36.31,39.43,44.93,51.07,55.68,62.94
20125,73.96,70.83,67.33,71.07,76.01,79.24,82.0
20127,55.71,58.28,60.95,63.36,65.6,66.65,68.49
20129,34.16,37.97,42.23,49.68,57.05,64.96,73.03
20131,24.45,26.38,28.11,27.89,27.92,26.61,25.76
20133,67.62,66.69,65.63,68.52,71.96,73.12,74.27
20135,56.73,51.75,46.14,51.02,57.7,64.47,72.66
20137,50.08,49.65,49.52,36.88,21.64,5.93,-7.07
20139,66.92,64.71,62.02,61.93,62.41,61.63,61.01
20141,59.22,66.98,75.76,75.63,73.45,70.13,68.84
20143,42.31,36.87,30.5,27.94,25.64,21.28,19.37
20145,59.22,60.12,61.26,65.71,71.4,76.14,82.81
20147,46.74,47.61,48.98,51.4,53.81,55.1,59.19
20149,4.52,5.57,5.93,6.31,7.25,7.19,7.4
20151,37.03,36.16,35.19,25.7,15.02,3.38,-7.07
20153,58.42,59.52,61.09,68.36,76.31,84.84,94.5
20155,43.11,42.75,42.13,43.07,44.46,44.12,45.38
20157,59.22,48.69,36.38,33.02,31.22,27.84,26.86
20159,37.89,40.95,44.34,49.45,54.35,57.59,62.57
20161,0.89,2.26,3.53,5.38,7.58,8.51,10.1
20163,60.17,53.68,45.67,47.15,50.53,52.5,57.33
20165,60.94,61.32,62.06,62.12,61.14,59.27,59.2
20167,65.87,64.83,63.27,67.25,71.84,74.31,79.45
20169,22.32,22.98,23.88,31.42,39.78,46.16,54.66
20171,15.09,12.35,8.65,6.84,4.64,3.49,3.27
20173,21.46,19.56,17.41,20.23,23.55,25.14,27.42
20175,1.97,1.76,1.68,1.74,1.44,1.63,1.81
20177,43.11,43.09,42.42,38.76,34.82,29.8,24.81
20179,37.89,39.75,41.94,43.37,44.57,46.12,48.73
20181,69.79,66.1,61.43,63.34,66.56,71.71,77.21
20183,68.26,70.14,72.23,71.99,71.22,69.08,69.45
20185,44.73,45.8,47.08,46.35,45.39,43.57,43.29
20187,11.46,13.81,16.48,40.05,66.7,93.87,121.88
20189,11.46,9.11,6.36,8.23,10.58,13.44,16.62
20191,38.78,35.14,30.93,35.51,40.91,44.68,48.56
20193,19.8,18.64,17.33,27.34,38.76,50.93,64.33
20195,6.24,7.18,8.19,15.74,23.9,31.51,41.09
20197,32.51,40.77,50.11,52.87,54.44,54.97,55.5
20199,58.42,65.38,72.98,72.6,70.67,69.91,69.86
20201,55.71,48.21,39.74,36.78,34.69,30.62,28.43
20203,14.45,24.74,36.17,58.38,82.46,107.54,133.29
20205,92.36,92.18,91.82,92.32,92.32,90.28,88.26
20207,76.5,78.09,79.64,84.86,90.76,94.67,99.14
20209,38.78,38.74,38.52,40.13,42.12,43.01,44.1
21001,64.37,67.35,70.87,72.99,75.02,74.34,73.32
21003,67.62,72.74,78.8,82.4,85.45,85.88,85.65
21005,38.78,43.94,50.25,56.36,62.19,65.26,68.05
21007,57.62,50.47,42.06,47.5,56.58,62.09,67.84
21009,80.64,81.09,81.53,83.18,84.82,84.08,82.82
21011,90.51,92.06,93.44,94.51,95.64,95.26,93.98
21013,99.46,99.09,99.05,99.44,99.55,99.03,98.21
21015,13.34,13.64,13.7,13.36,13.33,10.97,7.61
21017,43.11,46.16,49.36,51.7,54.56,55.04,54.74
21019,85.8,85.37,84.94,87.77,90.7,92.6,93.42
21021,71.76,68.52,64.42,62.21,60.69,56.7,52.77
21023,48.93,45.55,41.1,33.64,26.59,16.99,6.57
21025,99.9,99.89,99.91,99.93,99.98,99.53,98.26
21027,85.32,86.11,86.61,86.48,86.77,83.94,81.06
21029,40.75,43.16,45.72,48.96,52.51,53.7,54.18
21031,84.75,87.93,91.82,91.32,89.9,86.04,81.16
21033,69.79,73.03,76.84,83.31,89.67,92.94,96.45
21035,37.89,35.84,32.97,39.19,46.99,51.52,56.25
21037,25.25,21.8,17.77,17.1,17.24,14.97,11.87
21039,47.85,48.3,48.91,46.89,43.42,36.21,29.38
21041,81.95,81.1,79.83,74.67,67.69,58.7,48.4
21043,81.95,81.16,80.27,81.31,82.22,81.94,80.5
21045,88.98,88.98,88.92,89.31,90.29,89.03,87.51
21047,31.65,37.86,45.33,51.83,57.53,60.34,62.76
21049,63.67,65.89,68.35,70.74,73.27,73.89,73.79
21051,93.47,94.37,95.77,97.24,98.37,99.19,99.26
21053,52.66,50.65,48.58,56.16,66.36,75.21,83.02
21055,65.27,68.29,71.75,78.09,84.61,88.45,92.23
21057,65.27,60.16,54.14,48.28,42.25,34.57,26.05
21059,50.08,53.41,57.14,55.51,52.85,47.03,41.08
21061,97.71,98.21,98.82,98.79,98.63,95.4,91.62
21063,91.82,91.37,90.85,93.13,95.85,97.4,98.25
21065,98.38,98.47,98.58,98.61,98.41,97.17,95.44
21067,16.05,15.79,15.41,17.0,19.01,18.83,18.4
21069,87.81,90.56,93.31,94.2,95.6,94.77,93.47
21071,99.11,99.27,99.33,99.36,99.34,98.69,97.36
21073,61.64,62.59,63.61,64.57,65.0,62.79,60.26
21075,86.82,89.34,91.99,92.65,92.89,89.39,85.82
21077,48.93,48.8,47.98,43.64,39.43,32.93,25.22
21079,80.64,82.11,83.94,82.83,81.05,77.04,72.91
21081,48.93,52.4,56.35,58.15,60.24,59.77,58.4
21083,47.85,51.37,55.55,60.79,65.69,67.26,68.9
21085,89.4,85.51,80.62,79.48,79.59,76.86,73.86
21087,94.97,96.27,97.29,97.82,98.54,96.36,94.03
21089,83.22,80.95,78.3,80.81,84.22,86.4,87.65
21091,73.48,76.76,80.47,75.28,68.21,57.83,47.6
21093,55.71,60.64,65.99,67.24,67.83,65.52,63.13
21095,99.71,99.81,99.8,99.89,99.9,99.62,99.59
21097,75.96,75.14,73.68,69.16,64.93,58.43,50.85
21099,88.16,87.68,86.81,88.1,89.98,88.99,87.72
21101,75.33,76.94,78.6,82.19,86.34,86.88,86.79
21103,62.56,63.28,64.09,69.95,76.4,80.51,83.65
21105,79.53,85.75,93.16,95.15,95.92,92.71,89.58
21107,66.92,66.4,65.75,68.21,70.79,70.9,70.26
21109,99.84,99.66,99.66,99.56,99.43,98.63,96.94
21111,44.73,43.77,42.34,39.88,37.78,32.98,27.57
21113,50.08,51.0,52.27,49.48,45.4,39.28,32.89
21115,99.17,99.34,99.5,99.15,98.72,97.46,95.37
21117,38.78,37.55,36.16,35.97,36.16,33.86,30.7
21119,98.79,99.27,99.71,99.82,99.83,99.36,98.2
21121,82.74,76.93,70.33,65.45,60.52,54.43,47.77
21123,77.17,81.2,85.43,85.97,85.66,82.92,79.72
21125,74.59,72.81,71.0,73.15,75.92,77.49,78.35
21127,97.1,96.58,95.97,95.3,94.56,92.82,89.92
21129,99.97,99.88,99.7,99.78,99.76,98.98,97.54
21131,99.55,99.77,100.02,99.95,99.78,99.53,98.78
21133,98.89,99.48,100.02,100.18,100.23,99.22,98.28
21135,94.49,94.23,93.86,92.26,90.31,85.87,80.8
21137,88.98,88.1,86.91,84.13,81.06,75.86,70.42
21139,91.82,91.07,89.93,91.79,93.68,92.4,91.46
21141,59.22,57.7,56.11,51.9,47.35,40.31,32.58
21143,95.7,93.78,91.1,92.03,92.86,90.72,88.96
21145,64.37,61.03,56.97,55.68,54.25,49.51,44.86
21147,99.11,98.44,97.68,98.12,98.39,97.12,95.68
21149,72.62,72.22,71.63,70.61,69.51,65.64,60.99
21151,53.68,54.53,55.57,57.04,58.87,59.24,58.99
21153,98.5,98.76,99.1,99.41,99.62,99.41,98.04
21155,47.85,54.91,62.81,72.54,83.15,91.46,98.89
21157,48.93,51.95,55.54,64.75,74.32,80.61,86.86
21159,99.75,99.63,99.55,99.41,99.45,98.25,96.16
21161,61.64,66.88,72.94,73.53,73.94,71.77,69.07
21163,54.76,60.88,67.73,70.12,72.15,71.2,69.63
21165,95.7,93.53,90.71,90.93,91.5,90.74,89.27
21167,81.95,80.9,79.49,77.81,76.19,72.06,67.75
21169,94.3,94.13,94.0,94.32,94.73,92.39,90.06
21171,94.97,94.21,93.31,92.66,92.27,89.81,86.39
21173,81.95,83.65,85.32,86.33,87.44,86.93,85.43
21175,94.81,95.58,96.58,97.65,98.33,97.87,96.74
21177,85.8,86.23,86.94,89.31,92.05,92.16,91.64
21179,60.94,61.74,62.07,66.91,73.02,76.65,79.51
21181,57.62,70.68,86.03,90.68,93.88,94.88,94.83
21183,90.13,89.0,87.47,85.9,84.78,81.17,76.96
21185,2.32,2.87,3.61,4.18,3.75,1.08,-2.55
21187,76.5,80.75,85.64,85.79,84.92,81.62,77.05
21189,99.97,99.58,99.15,99.16,99.12,98.63,97.41
21191,64.37,67.88,71.99,72.66,73.11,70.68,67.57
21193,98.15,98.76,99.42,99.48,99.49,99.34,98.63
21195,99.59,99.36,99.05,98.97,98.86,97.83,95.9
21197,97.58,96.14,94.29,93.99,94.06,92.7,90.81
21199,88.98,89.16,89.44,85.81,81.19,74.49,67.59
21201,77.84,79.69,81.3,67.35,50.46,31.39,11.28
21203,94.49,94.06,93.82,94.57,95.72,95.16,94.13
21205,59.22,59.64,60.06,64.89,70.56,74.56,77.78
21207,90.51,88.07,85.1,79.79,74.19,66.33,57.83
21209,28.18,23.86,18.31,19.49,22.58,23.17,23.38
21211,22.32,23.79,25.5,33.21,42.07,48.15,53.48
21213,43.11,41.86,40.19,32.7,24.05,12.89,1.38
21215,39.83,37.79,35.06,35.33,35.89,33.8,30.96
21217,71.76,77.02,82.9,85.12,86.55,84.92,83.12
21219,62.56,53.85,43.21,36.71,31.38,22.98,14.4
21221,63.67,65.09,66.45,71.01,75.74,77.26,78.97
21223,73.96,69.45,64.05,72.57,84.39,94.33,103.12
21225,84.75,83.65,82.19,81.39,80.26,76.18,71.88
21227,41.45,42.8,44.19,44.28,44.6,42.59,39.48
21229,67.62,71.5,75.68,75.57,73.94,69.63,64.73
21231,97.61,97.23,97.05,94.26,90.7,85.52,79.79
21233,87.81,86.65,85.19,88.36,92.22,93.01,93.14
21235,90.19,86.06,81.44,82.91,85.5,86.66,87.69
21237,99.43,99.35,99.26,99.71,100.0,99.32,97.94
21239,34.89,33.08,30.66,30.49,30.66,28.85,26.81
22001,74.59,73.11,71.5,73.38,76.01,77.71,79.75
22003,80.64,84.73,89.65,85.47,79.79,73.44,66.97
22005,19.8,18.76,17.36,18.34,20.78,22.73,24.99
22007,73.48,75.82,78.92,82.81,86.17,88.96,91.87
22009,83.79,77.89,72.05,75.42,79.34,82.63,85.68
22011,86.82,87.19,87.64,85.06,82.83,80.15,77.13
22013,90.51,88.58,86.52,86.19,86.05,83.97,81.16
22015,24.45,23.5,22.7,21.02,19.44,16.19,12.11
22017,45.78,46.08,46.6,46.6,46.15,44.16,41.46
22019,64.37,62.46,60.67,56.23,51.82,46.93,41.58
22021,63.67,53.08,41.43,36.73,33.43,28.29,22.72
22023,72.62,66.86,60.7,51.91,42.72,33.0,22.82
22025,73.96,58.07,41.35,38.59,36.36,32.99,28.67
22027,87.33,85.48,83.58,76.73,69.45,60.58,50.45
22029,77.17,52.7,25.55,22.4,22.6,22.03,20.32
22031,71.12,68.67,65.91,66.88,67.97,67.22,66.11
22033,26.52,29.13,32.22,33.12,34.07,34.11,34.25
22035,51.74,54.57,58.82,58.63,55.16,49.76,43.06
22037,72.62,66.2,59.19,51.41,42.99,33.88,24.91
22039,86.82,88.59,90.97,92.79,94.57,95.08,95.88
22041,75.96,76.02,77.09,70.91,62.42,52.81,41.98
22043,85.32,81.64,78.29,75.7,73.06,68.79,64.75
22045,59.22,59.2,59.27,59.18,58.63,57.84,57.43
22047,65.87,70.59,76.11,79.59,82.71,84.84,87.41
22049,85.8,88.04,91.15,93.23,94.68,94.29,93.06
22051,30.82,30.01,29.38,31.96,34.15,35.64,36.44
22053,90.13,86.23,81.82,75.86,69.83,62.66,55.76
22055,20.89,19.17,17.09,17.33,17.86,17.94,18.57
22057,60.17,59.76,60.0,61.19,60.53,59.54,58.41
22059,64.37,56.6,49.16,47.42,45.28,41.93,38.42
22061,34.89,33.58,32.09,32.02,32.68,31.54,29.62
22063,45.78,45.95,46.28,37.61,27.08,16.29,5.28
22065,34.89,28.3,20.72,26.23,33.83,40.02,44.61
22067,65.87,61.83,57.01,50.84,44.36,36.81,27.78
22069,65.87,65.43,65.57,57.82,47.6,35.83,23.72
22071,34.89,33.79,32.96,35.69,37.84,39.26,40.06
22073,21.46,21.67,21.98,22.78,23.93,23.94,22.99
22075,9.71,7.13,4.48,11.56,18.65,25.19,31.37
22077,65.87,68.59,72.64,82.54,92.48,101.68,110.85
22079,83.79,78.38,72.78,66.91,60.36,52.67,45.25
22081,50.08,46.82,43.39,53.72,66.72,78.15,88.69
22083,22.32,28.54,36.37,38.34,38.9,38.41,36.46
22085,75.33,65.97,55.16,52.64,51.4,48.57,45.12
22087,27.19,24.09,20.67,29.13,39.65,49.51,58.88
22089,27.19,22.91,18.2,17.44,17.03,15.65,14.17
22091,96.21,94.54,92.89,90.56,88.64,85.87,82.75
22093,51.74,51.9,52.27,49.13,44.87,39.81,34.74
22095,46.74,43.06,38.81,35.33,32.19,28.35,24.28
22097,34.16,31.45,28.41,25.94,23.18,19.72,16.41
22099,46.74,46.92,47.14,46.53,45.22,43.46,42.25
22101,80.01,73.5,66.05,65.24,65.05,64.48,64.19
22103,42.31,42.99,43.89,40.29,35.57,30.41,24.87
22105,83.79,84.15,84.73,83.14,81.64,79.58,77.04
22107,40.75,34.28,27.75,20.18,11.72,2.21,-8.71
22109,51.74,46.03,39.61,47.02,56.71,66.38,75.74
22111,50.08,52.37,55.27,55.21,54.7,52.85,49.73
22113,42.31,45.48,49.34,54.72,60.14,65.05,70.55
22115,71.76,69.82,67.71,65.77,64.34,62.05,59.69
22117,95.45,94.84,94.13,93.0,92.34,90.42,88.3
22119,83.22,81.09,78.92,68.87,57.46,44.42,30.35
22121,40.75,41.48,42.09,42.34,42.44,41.98,41.75
22123,44.73,38.5,31.41,31.9,34.04,34.76,34.17
22125,53.68,39.23,22.86,23.73,27.13,29.83,32.67
22127,90.51,87.12,83.71,83.06,82.79,81.03,78.91
23001,61.64,58.56,55.14,55.8,57.1,58.55,59.87
23003,91.82,91.28,90.75,91.31,91.93,93.02,93.53
23005,17.54,16.73,15.98,15.06,14.2,12.88,11.72
23007,65.27,62.39,59.0,57.55,56.49,55.31,53.9
23009,56.73,53.82,50.55,48.91,47.4,46.32,43.98
23011,64.37,62.57,60.5,59.86,59.28,59.18,58.32
23013,57.62,57.27,57.13,53.32,48.63,44.35,39.22
23015,46.74,48.62,51.33,55.04,59.15,63.69,67.55
23017,72.62,72.53,72.62,73.37,74.18,74.56,74.85
23019,69.02,70.69,72.56,73.91,75.11,76.19,76.4
23021,95.92,96.93,97.86,98.32,98.8,99.58,99.5
23023,44.73,39.73,33.9,27.2,20.11,12.97,6.13
23025,71.76,76.97,83.02,84.92,85.72,86.85,87.87
23027,61.64,59.55,57.12,58.94,61.71,64.63,66.59
23029,84.75,85.75,86.87,87.78,88.76,89.74,89.01
23031,39.83,40.85,41.91,41.46,41.05,40.12,39.89
24001,74.59,75.47,76.45,75.59,74.63,73.35,71.6
24003,5.76,6.47,7.39,7.93,8.64,10.27,11.83
24005,16.05,15.76,15.47,15.67,15.98,16.86,18.05
24009,8.63,10.64,13.01,12.19,10.85,11.22,11.27
24011,43.11,45.21,47.67,46.49,44.31,43.42,42.27
24013,4.52,6.31,8.49,10.6,12.62,15.19,17.29
24015,22.32,22.69,23.08,26.0,29.33,32.7,36.92
24017,4.52,3.67,2.56,2.32,2.54,4.02,5.5
24019,62.56,61.87,60.91,62.65,65.59,69.77,73.65
24021,8.25,8.21,8.07,9.71,11.72,13.74,15.68
24023,37.89,41.84,46.4,51.45,57.12,62.56,67.93
24025,8.63,9.59,10.94,12.8,14.43,16.48,18.73
24027,0.89,0.88,0.88,0.94,1.06,2.0,2.79
24029,51.74,45.41,37.77,36.39,36.37,37.46,38.6
24031,1.69,1.65,1.57,1.68,1.7,2.95,3.71
24033,2.9,3.3,3.79,4.11,4.35,5.84,6.88
24035,9.11,9.6,10.06,9.75,9.42,9.71,10.11
24037,13.72,14.66,16.22,17.82,19.69,22.87,26.12
24039,55.71,56.93,58.51,52.16,43.97,36.72,29.72
24041,28.84,32.17,35.99,35.41,33.79,33.15,32.37
24043,48.93,50.29,51.87,53.64,54.58,55.6,56.58
24045,18.94,15.78,12.15,12.64,14.13,16.96,19.81
24047,42.31,42.07,41.9,43.69,45.78,49.2,52.57
24510,51.74,50.89,49.81,48.7,47.26,46.58,46.18
25001,29.96,31.84,34.01,31.28,27.83,24.03,21.48
25003,41.45,44.3,47.71,50.03,52.09,52.89,54.26
25005,37.89,37.81,37.64,37.46,37.3,36.12,36.1
25007,1.37,1.84,2.41,2.14,2.06,1.43,2.13
25009,17.54,18.38,19.41,18.74,17.86,16.23,15.02
25011,38.78,37.91,36.77,40.55,45.2,48.66,53.03
25013,55.71,54.76,53.45,53.76,54.48,53.81,54.45
25015,10.32,10.94,11.68,11.72,11.26,9.24,8.28
25017,4.11,4.04,3.96,3.83,3.8,2.98,2.41
25019,1.24,1.65,1.89,2.73,3.8,5.26,7.92
25021,6.91,6.4,5.81,5.53,5.37,4.04,3.32
25023,16.05,15.43,14.71,13.76,12.97,10.92,10.14
25025,21.46,21.6,21.89,21.19,20.48,19.0,17.85
25027,16.71,17.54,18.39,18.57,18.59,17.31,17.21
26001,91.56,91.99,92.44,92.96,93.44,91.5,89.56
26003,78.16,77.67,77.09,72.06,66.54,59.62,52.44
26005,18.31,15.36,11.96,9.76,8.08,4.19,0.06
26007,74.59,74.21,73.8,73.53,73.01,70.51,68.11
26009,43.11,47.3,51.95,52.61,53.02,51.79,50.22
26011,86.44,85.87,85.2,85.53,85.99,83.93,81.3
26013,61.64,58.44,54.88,58.85,64.26,68.8,73.56
26015,39.83,35.83,31.28,26.11,21.14,13.74,6.32
26017,55.71,57.85,60.29,58.09,54.85,48.48,41.67
26019,75.33,69.63,63.15,59.5,56.52,52.25,46.91
26021,38.78,39.75,40.53,41.74,43.28,43.39,42.74
26023,41.45,40.82,39.86,39.36,39.11,37.17,34.75
26025,51.74,52.15,52.72,53.0,53.4,51.96,50.12
26027,50.08,56.89,64.75,67.46,69.26,70.05,69.59
26029,53.68,51.33,48.16,43.62,39.55,33.45,27.31
26031,82.43,82.81,83.32,81.76,80.11,77.02,73.64
26033,75.33,71.49,67.51,69.66,72.24,73.46,74.76
26035,94.3,92.65,90.58,91.67,93.21,92.74,91.8
26037,12.61,14.45,16.62,18.54,20.77,20.39,19.21
26039,89.62,87.22,83.94,84.34,86.07,86.26,85.95
26041,74.59,73.87,72.94,72.38,72.16,70.76,68.69
26043,52.66,59.14,66.61,70.26,72.76,73.74,74.66
26045,34.89,41.59,49.48,52.52,54.45,54.0,53.07
26047,29.96,32.68,35.86,31.45,25.79,18.4,10.75
26049,58.42,59.35,60.21,60.29,60.51,58.61,55.65
26051,86.82,87.54,88.52,88.29,87.64,84.56,80.94
26053,69.79,63.85,57.11,53.05,48.89,43.71,37.69
26055,23.72,24.04,24.56,23.22,21.62,18.41,14.35
26057,53.68,50.95,47.86,47.06,46.6,43.53,39.99
26059,48.93,45.97,42.32,43.13,44.99,45.45,45.01
26061,22.32,19.18,15.83,15.4,15.86,15.24,15.14
26063,67.62,63.64,59.11,58.42,58.32,55.27,51.59
26065,22.32,22.54,22.42,24.23,26.9,27.12,26.34
26067,48.93,44.58,39.42,30.27,20.55,8.63,-3.45
26069,93.22,92.54,91.88,91.98,92.01,89.09,86.41
26071,85.32,81.95,78.18,72.62,66.57,59.47,51.54
26073,24.45,22.46,20.32,23.68,28.05,29.79,31.29
26075,50.08,50.2,50.21,50.37,50.36,48.89,46.45
26077,28.84,27.9,26.62,25.94,25.66,23.45,21.16
26079,65.87,71.34,77.63,76.32,73.71,69.63,64.71
26081,13.72,14.82,16.28,15.73,15.13,12.07,9.15
26083,88.98,85.66,82.22,70.63,57.51,43.42,29.6
26085,97.9,97.32,96.54,96.6,97.15,95.84,93.98
26087,36.01,38.27,40.81,40.27,39.31,35.82,31.41
26089,26.52,24.6,22.36,21.56,21.2,19.16,16.74
26091,48.93,50.31,51.86,52.32,52.46,51.15,48.9
26093,5.76,6.9,8.1,8.36,8.48,6.95,3.74
26095,97.9,97.21,96.75,93.79,90.4,85.81,81.32
26097,84.24,79.22,73.79,71.16,69.09,65.11,61.9
26099,34.89,35.2,35.31,35.28,35.18,33.28,30.21
26101,78.16,77.1,76.07,74.29,72.53,69.18,64.97
26103,28.18,31.15,34.46,36.42,38.23,38.9,39.44
26105,63.67,65.1,66.81,63.27,58.85,51.95,44.55
26107,53.68,53.31,53.0,51.54,49.79,45.84,41.97
26109,65.87,69.4,73.34,73.84,73.55,71.77,69.37
26111,32.51,31.17,29.7,30.03,30.65,28.89,26.62
26113,65.27,69.34,74.07,75.1,75.42,74.26,72.68
26115,28.84,27.27,25.44,27.96,31.19,32.96,33.79
26117,73.96,73.91,74.01,71.66,68.93,64.1,59.26
26119,97.71,97.66,97.5,96.8,95.97,93.56,91.1
26121,51.74,52.85,54.11,52.82,51.23,47.58,43.79
26123,68.26,71.06,74.32,74.89,75.22,73.4,71.4
26125,16.71,17.03,17.23,16.81,16.47,14.15,10.74
26127,69.79,69.65,69.35,67.29,65.57,61.52,56.88
26129,94.49,94.09,93.65,93.66,93.66,91.23,88.32
26131,61.64,67.67,74.97,76.39,76.42,75.06,73.81
26133,70.49,69.83,69.08,70.23,71.7,70.94,70.09
26135,91.56,91.94,92.42,92.95,93.51,92.07,90.37
26137,50.08,54.98,60.53,64.87,69.22,71.76,73.86
26139,6.91,7.03,7.01,7.04,7.19,5.09,2.77
26141,80.64,80.04,79.45,80.28,81.42,80.7,79.99
26143,97.39,97.83,98.26,98.39,98.34,96.53,94.22
26145,54.76,55.9,57.08,57.95,58.97,57.42,55.51
26147,59.22,60.75,62.49,62.7,62.79,60.44,57.16
26149,33.4,37.92,43.08,45.74,48.3,48.96,49.12
26151,57.62,59.12,60.76,64.34,68.23,69.25,69.81
26153,87.33,86.21,85.05,86.42,88.37,88.88,89.53
26155,51.19,51.77,52.33,51.12,49.73,46.03,41.69
26157,72.62,74.51,76.61,76.95,77.08,74.34,71.15
26159,41.45,44.36,47.7,47.04,45.81,42.81,39.29
26161,2.9,2.79,2.76,3.22,3.65,2.41,0.42
26163,57.62,57.06,56.51,55.94,55.45,53.14,50.05
26165,60.17,59.57,58.78,56.86,55.13,51.59,47.6
27001,75.33,73.71,71.74,70.69,69.89,69.94,68.89
27003,5.16,5.7,6.06,6.23,6.45,5.52,4.55
27005,23.02,21.81,20.48,24.26,28.68,33.65,37.68
27007,23.02,21.24,19.38,24.03,29.29,35.72,41.89
27009,25.25,26.32,27.47,26.15,24.5,22.72,20.49
27011,60.94,59.47,57.84,54.23,50.85,47.25,43.11
27013,4.81,5.19,5.61,5.75,5.65,4.85,4.02
27015,11.46,9.48,7.28,7.94,8.64,8.76,9.08
27017,17.54,17.36,16.83,19.39,22.8,26.52,29.17
27019,0.32,0.45,0.61,0.56,0.62,-0.31,-1.19
27021,57.62,56.73,55.75,53.3,50.65,48.76,46.39
27023,32.51,31.51,30.67,30.98,31.02,30.76,29.93
27025,16.05,16.98,17.64,17.72,17.94,16.88,15.32
27027,9.71,8.61,7.06,6.4,6.05,6.21,5.38
27029,62.56,60.26,58.04,60.34,62.28,65.07,67.28
27031,18.94,18.3,17.7,23.86,30.35,36.41,41.86
27033,37.03,36.68,36.59,38.32,39.82,40.27,41.62
27035,41.45,39.14,36.48,36.09,36.04,36.76,36.8
27037,2.55,2.85,3.08,3.0,2.83,1.28,-0.2
27039,1.97,2.0,1.93,2.17,2.51,0.95,0.02
27041,17.54,19.89,23.0,23.42,22.83,22.28,21.3
27043,28.84,27.29,25.29,23.69,22.25,19.75,18.18
27045,18.94,18.94,19.06,17.03,14.39,9.35,5.47
27047,31.65,33.11,34.63,34.32,33.51,30.62,28.67
27049,10.32,11.33,12.53,11.91,10.76,7.89,5.07
27051,48.93,42.99,35.86,34.84,35.57,35.93,35.89
27053,5.48,5.63,5.69,5.8,5.87,5.12,4.15
27055,16.05,13.84,10.98,11.59,13.21,12.31,12.65
27057,39.83,41.5,43.57,45.99,48.0,50.82,52.61
27059,17.54,21.66,26.04,26.49,26.58,25.64,24.26
27061,54.76,54.95,55.27,53.17,50.48,49.33,47.23
27063,11.97,9.74,6.84,8.42,10.63,11.3,12.9
27065,51.74,58.58,65.94,67.94,69.81,71.36,72.3
27067,18.94,17.24,15.46,16.21,17.24,17.53,17.38
27069,42.31,41.27,40.57,29.53,16.91,5.06,-8.46
27071,71.12,64.99,58.52,60.02,62.21,65.32,67.78
27073,50.08,46.62,43.25,43.3,43.89,43.67,43.55
27075,33.4,31.27,28.99,32.9,37.28,41.62,45.59
27077,24.45,22.56,20.89,16.21,10.78,5.92,0.53
27079,5.16,6.33,7.63,8.81,10.03,9.99,10.28
27081,34.89,33.39,32.0,29.79,27.02,23.51,20.9
27083,11.97,10.0,7.93,6.67,5.58,3.42,2.42
27085,10.32,11.87,13.81,15.19,16.46,17.01,17.5
27087,38.78,34.61,29.89,36.61,44.36,52.9,60.52
27089,26.52,23.51,20.47,19.45,19.28,18.92,17.63
27091,30.82,33.17,35.77,36.89,37.17,36.51,36.34
27093,13.72,13.6,13.47,13.32,13.11,12.44,11.53
27095,45.78,48.52,51.31,50.38,49.4,47.83,46.17
27097,25.25,24.06,22.48,21.93,21.71,22.0,21.39
27099,26.52,25.34,23.81,23.05,22.24,19.37,17.47
27101,27.19,28.21,29.51,28.24,25.92,22.38,20.46
27103,6.24,8.72,11.64,14.63,17.58,19.32,21.1
27105,13.72,12.46,10.8,14.84,20.5,24.81,30.42
27107,15.09,14.42,13.89,16.83,19.86,22.94,25.14
27109,3.09,3.99,5.03,6.14,6.92,5.65,4.97
27111,32.51,32.57,32.53,30.21,27.44,24.69,21.09
27113,31.65,28.9,26.09,23.42,20.2,17.08,12.92
27115,51.19,58.99,67.54,67.6,66.64,65.58,63.59
27117,25.25,24.74,24.5,29.16,34.57,39.1,45.37
27119,34.16,30.95,27.4,28.01,29.29,30.01,29.62
27121,37.89,36.01,33.87,33.64,33.98,33.46,32.72
27123,15.09,15.35,15.52,15.63,15.93,14.39,13.18
27125,25.25,23.63,22.14,23.42,24.52,25.59,26.14
27127,32.51,29.79,26.83,20.23,12.72,4.8,-2.96
27129,22.32,19.6,16.54,12.41,8.05,3.55,-1.28
27131,2.74,4.05,5.47,5.33,5.13,3.38,1.93
27133,18.94,17.6,15.95,15.15,14.27,12.19,11.98
27135,14.45,12.14,9.79,9.71,10.21,11.54,11.88
27137,37.89,38.81,39.83,40.14,40.19,41.1,40.93
27139,0.67,0.79,0.89,0.9,0.95,0.17,-1.03
27141,3.09,3.14,2.88,2.72,2.82,1.79,0.59
27143,12.61,12.32,11.99,11.05,10.04,8.14,6.11
27145,8.63,9.36,10.27,9.88,9.42,8.66,7.64
27147,12.61,12.72,12.81,12.89,13.26,11.88,11.3
27149,15.09,16.53,18.47,15.87,12.4,8.66,4.6
27151,46.74,42.65,37.96,35.98,34.43,32.25,30.04
27153,31.65,31.52,31.48,33.89,36.79,39.89,42.68
27155,62.56,67.85,74.04,71.49,67.53,63.27,58.54
27157,13.72,13.9,14.02,18.08,22.92,25.41,29.06
27159,63.67,65.47,67.54,67.05,65.93,65.14,63.72
27161,17.54,18.02,18.54,16.68,14.31,10.69,7.7
27163,2.45,2.57,2.7,3.07,3.55,2.23,1.38
27165,14.45,12.29,9.73,16.48,25.07,32.72,41.14
27167,21.46,29.22,38.38,41.03,42.29,43.51,44.23
27169,10.32,11.85,13.81,14.56,15.02,13.31,12.48
27171,1.37,1.71,1.96,2.77,3.78,3.72,3.47
27173,23.02,21.38,19.92,23.11,26.91,30.11,33.26
28001,65.87,56.91,48.51,52.1,56.48,59.91,62.87
28003,82.74,82.0,81.53,83.68,86.21,86.14,86.0
28005,98.09,94.31,90.42,84.73,79.42,73.51,66.55
28007,85.8,83.58,80.71,85.56,90.97,94.46,97.23
28009,77.84,75.94,74.29,74.81,74.64,71.73,68.44
28011,23.72,39.15,57.12,68.22,77.81,85.24,91.83
28013,85.32,84.81,84.37,86.5,89.46,89.99,90.27
28015,57.62,61.85,66.53,72.94,79.31,83.36,87.0
28017,61.64,61.49,61.81,60.33,58.7,54.23,49.48
28019,94.81,95.24,95.76,97.38,98.51,97.68,96.6
28021,37.03,38.2,40.33,39.87,39.43,37.56,34.07
28023,97.71,95.6,93.25,92.72,92.55,90.65,88.82
28025,64.37,54.94,44.34,30.23,15.5,-1.2,-18.95
28027,53.68,50.1,45.12,41.01,38.22,33.37,27.88
28029,56.73,58.66,61.09,52.37,41.94,30.33,17.35
28031,95.29,94.18,93.08,86.58,79.89,71.67,62.98
28033,11.97,12.48,13.36,14.07,14.97,13.24,10.79
28035,88.67,86.62,84.28,84.93,86.29,86.69,86.85
28037,75.96,76.96,78.99,68.97,56.7,43.77,29.21
28039,79.08,81.63,84.39,84.35,84.68,84.72,84.98
28041,92.04,93.31,94.67,89.86,84.1,77.81,71.39
28043,81.31,85.39,89.87,87.37,84.02,78.15,71.67
28045,66.92,67.34,67.63,72.43,78.03,82.82,87.37
28047,47.85,48.83,49.65,50.84,52.22,53.13,53.76
28049,28.84,26.52,23.69,21.65,19.86,16.69,12.35
28051,27.19,29.85,33.12,47.51,62.11,74.54,86.01
28053,63.67,56.89,49.28,65.05,83.36,99.61,114.76
28055,98.6,91.53,83.92,87.69,92.54,95.76,97.58
28057,89.4,87.81,86.18,83.63,81.24,76.71,71.42
28059,66.92,67.75,68.62,67.33,65.89,64.26,62.22
28061,93.7,88.29,82.12,77.37,73.09,67.17,61.12
28063,71.76,64.18,56.01,39.77,21.97,3.16,-17.35
28065,81.95,83.81,86.2,80.91,74.67,67.73,59.87
28067,77.17,74.13,70.84,66.84,62.77,56.86,50.84
28069,81.31,81.47,81.91,82.52,82.83,81.4,79.44
28071,10.98,9.69,8.57,10.5,12.59,11.89,10.99
28073,52.66,49.65,46.15,45.62,45.85,45.57,44.73
28075,73.96,74.64,75.62,76.67,77.26,76.35,75.34
28077,68.26,63.96,58.78,50.86,43.4,35.0,25.88
28079,86.82,88.17,89.66,91.61,92.76,92.45,90.83
28081,63.67,63.05,62.55,58.97,54.79,47.87,40.34
28083,17.54,18.06,18.42,15.71,11.4,5.05,-2.27
28085,56.73,53.81,50.65,48.57,48.37,47.21,45.19
28087,63.67,57.46,50.77,38.9,26.25,11.47,-4.36
28089,6.91,7.43,8.31,7.85,6.24,2.73,-2.0
28091,87.81,87.73,87.79,85.53,83.05,79.92,76.15
28093,46.74,40.98,34.55,34.4,35.18,32.86,30.06
28095,77.17,71.42,65.15,57.74,50.42,40.67,30.6
28097,73.96,76.21,78.38,85.66,93.98,99.89,105.4
28099,83.22,82.32,81.22,83.92,86.9,88.39,88.93
28101,81.95,80.48,78.97,80.17,81.78,81.97,81.59
28103,91.12,89.96,88.85,87.06,85.0,81.29,77.13
28105,20.89,18.13,15.52,14.57,14.44,11.94,8.91
28107,57.62,55.5,52.98,59.94,69.89,77.24,84.09
28109,76.5,78.43,80.56,80.56,80.3,79.17,77.67
28111,98.98,98.72,98.52,97.97,97.93,96.81,95.58
28113,84.75,82.25,79.65,72.53,65.22,56.93,48.25
28115,68.26,71.63,75.86,78.57,80.69,79.98,78.75
28117,93.47,90.86,88.1,88.56,89.67,88.59,86.8
28119,54.76,59.3,64.45,64.63,64.57,62.33,59.31
28121,34.16,33.94,33.64,29.52,24.97,18.86,11.36
28123,86.82,87.2,87.64,89.62,91.84,92.68,92.32
28125,91.82,85.46,78.78,83.98,89.19,92.77,94.9
28127,62.56,65.88,69.72,69.62,70.03,68.97,67.07
28129,84.24,84.8,85.73,79.88,73.2,64.8,55.56
28131,67.62,73.02,79.14,76.77,73.0,69.0,64.97
28133,33.4,32.07,29.9,35.16,41.91,46.35,49.89
28135,66.92,74.62,83.44,73.44,60.14,44.37,27.92
28137,62.56,61.37,60.13,54.52,47.74,38.21,28.06
28139,92.36,88.41,84.08,82.94,81.76,77.98,73.7
28141,93.47,92.84,92.29,91.44,90.54,87.23,83.7
28143,42.31,43.53,44.97,35.41,24.06,10.03,-4.38
28145,76.5,75.26,74.11,76.27,79.06,79.46,78.88
28147,89.97,88.93,87.99,84.92,81.84,77.86,73.24
28149,28.84,28.21,27.82,39.87,53.48,65.57,76.07
28151,88.16,82.62,76.02,78.64,81.98,83.79,84.12
28153,93.47,93.38,93.51,92.05,90.4,87.47,84.34
28155,82.74,83.53,84.62,87.01,89.34,89.49,88.97
28157,97.9,95.52,94.17,95.12,95.0,94.31,93.2
28159,72.62,73.6,74.88,78.34,81.93,83.24,84.22
28161,92.96,87.98,81.64,72.75,63.57,51.8,39.52
28163,76.5,72.01,67.25,78.53,90.72,100.52,109.36
29001,23.02,21.95,20.52,19.4,19.29,16.0,14.2
29003,31.65,34.22,37.22,37.95,38.02,36.44,36.37
29005,75.33,74.27,72.92,73.42,74.54,73.21,73.35
29007,60.94,54.25,46.76,48.8,52.58,52.35,53.59
29009,73.48,70.12,66.14,68.04,70.82,69.83,68.59
29011,72.62,76.35,80.77,76.67,70.65,61.45,51.79
29013,83.22,79.09,74.48,68.33,61.52,52.16,42.86
29015,91.44,93.41,95.97,96.46,96.57,93.56,90.86
29017,94.81,95.1,95.76,94.97,93.55,88.74,84.32
29019,9.71,8.68,7.66,9.84,12.48,11.77,12.51
29021,52.66,52.93,52.96,53.65,54.81,54.29,54.66
29023,94.97,95.82,96.67,96.67,96.62,93.29,90.76
29025,67.62,69.12,70.72,68.25,65.8,60.99,57.37
29027,48.93,49.89,51.55,48.75,45.28,38.11,32.04
29029,71.76,69.06,66.15,70.49,76.58,79.2,82.01
29031,43.11,38.76,33.79,32.2,31.18,26.72,22.38
29033,52.66,55.95,59.85,59.3,58.36,54.81,52.31
29035,88.16,90.04,91.98,94.45,97.16,96.19,96.43
29037,23.02,24.72,26.87,27.91,28.77,27.38,27.07
29039,90.89,91.03,91.03,89.3,87.55,83.0,78.32
29041,82.74,78.79,74.19,70.69,67.8,62.11,57.73
29043,12.61,15.32,18.18,23.41,29.2,31.25,33.6
29045,60.17,52.3,42.98,40.78,40.1,36.3,33.37
29047,15.09,15.73,16.35,17.18,18.28,17.84,17.52
29049,25.25,24.31,22.95,23.71,25.84,25.72,26.75
29051,42.31,39.36,36.2,26.71,16.63,3.14,-9.75
29053,36.01,39.5,43.84,50.33,57.18,60.89,65.76
29055,85.32,87.22,89.34,90.04,90.73,88.13,86.37
29057,69.02,71.42,74.06,74.33,74.32,70.95,67.15
29059,79.53,84.07,89.41,89.82,89.35,85.19,81.07
29061,52.66,55.55,59.04,53.25,45.94,36.41,28.14
29063,65.87,67.38,68.8,64.75,60.1,53.39,47.69
29065,97.61,97.66,97.34,95.05,92.52,86.27,81.12
29067,86.44,88.17,90.18,89.07,87.63,82.64,78.8
29069,91.12,91.49,91.55,91.7,91.83,88.32,85.12
29071,19.8,19.85,20.06,24.86,30.58,32.71,35.73
29073,81.95,79.86,77.38,73.24,69.16,61.59,54.72
29075,59.22,60.23,61.28,60.63,60.2,57.92,57.11
29077,34.89,35.24,35.23,38.81,43.2,43.71,44.6
29079,57.62,54.39,50.96,52.15,54.76,54.58,55.85
29081,79.08,80.24,81.69,77.03,71.41,64.22,57.95
29083,91.12,87.58,83.4,83.31,84.42,82.26,80.32
29085,95.45,95.24,95.0,95.24,95.94,93.18,90.48
29087,60.94,59.09,56.66,60.35,65.45,68.57,72.57
29089,44.03,43.43,42.55,49.37,57.71,62.88,69.54
29091,74.59,78.52,82.9,85.87,88.7,87.92,88.02
29093,98.66,98.1,97.53,97.06,96.69,92.57,89.43
29095,29.96,30.73,31.41,30.36,29.01,25.92,23.5
29097,43.11,38.93,34.25,35.87,38.32,38.1,36.98
29099,31.65,29.27,26.54,26.75,27.22,23.48,20.77
29101,17.54,18.73,19.96,19.2,18.37,14.95,11.79
29103,77.17,78.87,80.83,82.94,85.41,84.84,85.66
29105,80.01,79.84,79.45,76.5,72.95,65.69,58.9
29107,44.73,45.37,45.8,44.28,43.05,39.68,36.89
29109,54.76,55.63,56.83,64.06,72.14,76.06,79.8
29111,30.82,27.36,23.58,25.83,29.04,28.86,29.62
29113,62.56,61.53,60.37,52.53,42.98,30.17,18.37
29115,62.56,57.51,51.79,46.19,40.89,33.06,26.78
29117,48.93,46.77,44.49,41.02,37.82,31.62,27.15
29119,75.33,71.38,67.1,65.7,64.18,59.64,54.73
29121,56.73,64.69,74.48,71.92,67.16,59.85,53.31
29123,96.34,95.95,95.57,94.78,93.89,89.0,84.92
29125,85.32,86.6,88.12,83.28,77.81,69.28,61.31
29127,56.73,52.1,46.91,41.69,36.42,27.38,19.79
29129,58.42,52.92,46.62,45.85,47.05,46.2,46.46
29131,79.53,73.61,67.08,61.27,55.64,46.58,37.88
29133,93.92,90.43,86.27,85.09,84.27,79.75,75.52
29135,44.73,40.59,36.05,29.3,22.29,12.73,3.17
29137,62.56,62.13,61.97,65.17,69.28,69.81,72.0
29139,73.48,70.68,67.81,66.12,64.54,59.14,54.97
29141,90.51,85.68,80.29,74.27,68.03,58.5,49.52
29143,93.7,93.39,93.03,93.24,93.61,90.33,87.44
29145,55.71,49.99,43.8,43.01,42.32,39.06,34.79
29147,29.96,30.09,30.22,26.8,22.43,16.14,11.1
29149,96.63,97.44,98.06,97.13,96.35,92.27,89.03
29151,60.17,57.03,53.61,40.86,27.08,9.4,-7.34
29153,91.56,90.92,90.06,88.64,87.25,82.38,78.25
29155,96.34,97.17,98.17,98.17,98.22,94.58,91.53
29157,55.71,54.01,52.54,52.22,51.47,46.34,42.5
29159,62.56,65.6,69.16,67.08,64.14,58.15,52.49
29161,52.66,55.66,58.93,58.56,58.02,54.22,51.36
29163,73.96,65.81,56.47,45.39,34.24,19.2,5.48
29165,6.24,7.97,9.81,12.73,15.71,17.67,19.55
29167,65.27,66.01,66.6,62.7,58.24,50.42,42.46
29169,56.73,61.06,66.15,73.53,81.71,86.28,91.72
29171,89.62,90.01,90.82,85.82,79.66,71.1,64.05
29173,45.78,45.74,46.32,43.15,38.88,30.78,24.02
29175,71.12,71.01,70.75,68.42,65.49,59.52,54.78
29177,54.76,57.46,60.5,55.23,48.73,40.37,32.75
29179,98.09,98.18,98.15,98.13,98.16,94.43,92.13
29181,95.61,97.3,98.91,99.44,99.88,97.13,95.0
29183,6.24,6.3,6.21,6.26,6.5,2.93,0.95
29185,93.7,93.63,93.75,93.05,92.2,88.55,85.13
29186,69.79,62.61,54.35,53.35,53.61,49.46,46.31
29187,82.74,83.95,85.69,86.63,87.04,83.2,80.02
29189,16.71,17.69,18.66,18.61,18.56,14.14,11.19
29195,70.49,71.52,72.53,70.16,67.3,61.25,56.69
29197,53.68,57.64,62.33,60.8,58.34,53.32,49.52
29199,41.45,43.24,45.49,42.89,39.04,32.44,26.87
29201,73.48,72.65,71.93,75.43,79.68,80.36,81.51
29203,80.01,84.55,89.55,93.03,96.48,96.02,97.19
29205,66.92,66.14,65.24,59.5,52.93,43.44,35.01
29207,88.16,90.11,92.37,93.65,94.59,91.73,89.48
29209,76.5,79.9,83.85,84.15,83.69,79.33,75.05
29211,72.62,62.47,50.75,38.85,27.18,12.72,0.05
29213,62.56,66.27,70.55,69.95,68.46,63.6,58.62
29215,93.47,93.34,92.82,93.6,94.7,92.0,90.69
29217,79.53,77.01,74.03,71.67,69.8,64.98,59.82
29219,45.78,45.73,45.87,47.41,49.51,47.82,47.53
29221,98.22,98.11,98.05,98.13,98.02,93.47,90.25
29223,99.17,99.24,99.1,99.32,99.54,96.07,93.63
29225,37.89,39.64,41.17,42.27,43.4,41.02,39.31
29227,44.73,46.67,48.88,51.48,54.96,56.68,59.16
29229,81.31,82.18,83.01,83.21,83.52,80.58,78.52
29510,45.78,47.9,50.31,50.29,49.61,44.35,40.54
30001,28.18,33.72,40.04,44.6,48.7,55.21,60.28
30003,13.72,11.95,10.01,6.89,3.54,0.69,-2.37
30005,57.62,67.15,77.35,82.02,86.53,91.99,97.57
30007,34.89,44.33,55.35,62.51,69.17,77.22,83.98
30009,44.73,46.86,49.44,51.57,53.89,57.35,59.66
30011,18.31,23.94,30.23,31.3,31.35,31.43,32.21
30013,47.85,47.36,46.96,46.11,44.82,44.75,43.62
30015,10.98,12.14,13.13,14.03,15.1,17.36,19.12
30017,47.85,51.92,56.52,64.56,72.73,82.32,91.26
30019,26.52,28.79,31.6,40.35,49.65,59.65,68.59
30021,34.89,36.72,39.42,33.6,25.94,19.44,12.02
30023,88.98,92.04,95.02,94.92,94.99,97.28,98.28
30025,14.45,16.41,18.34,20.11,22.33,24.71,27.16
30027,41.45,41.13,40.95,32.48,22.46,13.32,4.01
30029,15.09,13.39,11.43,12.73,14.61,18.7,21.38
30031,1.88,1.62,1.43,1.66,1.67,3.81,3.84
30033,12.61,16.89,21.76,16.5,9.98,3.86,-2.67
30035,43.11,37.78,31.98,23.69,14.93,7.54,-1.46
30037,81.95,75.86,68.81,60.59,52.83,46.21,38.54
30039,76.5,78.3,79.98,78.35,76.58,77.19,75.99
30041,28.84,37.78,46.96,48.78,50.17,52.34,54.73
30043,38.78,39.2,39.25,33.9,27.83,23.29,17.86
30045,34.89,29.99,24.59,30.62,38.59,47.29,55.3
30047,38.78,39.75,40.9,40.59,40.05,41.41,41.01
30049,31.65,32.46,33.29,33.25,33.58,35.01,35.11
30051,52.66,58.5,64.73,65.28,65.26,65.88,66.31
30053,75.33,80.62,86.68,87.03,87.33,89.73,91.47
30055,37.89,36.34,34.59,29.51,24.27,20.22,15.05
30057,17.54,19.58,21.78,29.97,38.77,49.82,59.35
30059,80.64,71.88,61.93,54.27,46.86,41.35,34.19
30061,85.32,88.28,91.44,92.6,93.67,96.43,98.0
30063,15.09,17.63,20.1,22.03,23.91,27.73,30.0
30065,41.45,43.44,46.18,45.18,43.54,42.35,40.81
30067,33.4,27.28,20.21,15.91,12.65,11.02,7.95
30069,0.67,6.53,13.21,20.19,27.62,35.69,43.55
30071,69.02,68.13,66.75,63.58,60.45,58.17,55.63
30073,63.67,63.33,63.14,63.61,64.06,65.92,65.81
30075,54.76,52.32,49.21,53.88,59.44,65.68,71.84
30077,55.71,56.32,56.74,51.32,45.46,41.62,36.6
30079,68.26,63.5,57.86,56.05,55.13,55.51,55.34
30081,66.92,70.04,73.1,76.77,81.03,86.75,92.06
30083,37.89,26.03,12.96,17.0,23.34,30.97,37.91
30085,25.25,27.81,31.22,26.32,19.59,14.37,8.03
30087,31.65,42.57,55.28,64.82,72.83,82.36,91.28
30089,78.16,78.56,78.62,79.97,81.65,85.46,88.28
30091,46.74,38.22,28.92,26.62,25.11,24.33,23.17
30093,59.22,63.82,68.57,71.62,75.0,80.29,84.07
30095,34.89,33.7,32.21,29.44,27.21,25.97,23.6
30097,25.25,34.1,44.54,38.93,30.85,24.32,16.16
30099,57.62,54.67,51.6,50.61,49.99,51.38,50.66
30101,65.27,64.64,63.88,67.39,71.75,77.08,80.74
30103,84.75,67.55,47.88,48.06,50.92,55.76,59.99
30105,51.74,46.76,41.05,42.46,44.9,48.27,51.36
30107,42.31,36.7,30.76,24.76,19.12,14.73,9.1
30109,44.73,40.57,35.75,31.74,28.06,25.2,21.57
30111,27.19,26.72,26.31,23.86,21.25,19.47,16.86
31001,18.94,20.53,22.46,28.57,35.38,41.17,49.12
31003,48.93,50.88,53.69,51.78,48.43,43.17,39.22
31005,2.55,2.28,2.57,7.03,11.14,15.92,20.86
31007,80.64,68.42,54.03,47.32,41.83,36.26,30.98
31009,4.52,3.53,2.97,9.9,16.69,23.33,30.77
31011,26.52,22.7,18.62,18.2,18.07,15.78,15.16
31013,18.94,13.95,8.45,9.32,10.38,11.7,13.63
31015,64.37,65.57,67.07,66.91,67.14,66.27,66.5
31017,60.17,50.64,40.45,38.87,38.48,37.42,37.13
31019,3.09,3.86,5.34,8.65,11.53,14.29,18.31
31021,54.76,54.52,54.45,54.62,54.77,52.76,52.46
31023,23.72,24.53,25.49,21.93,16.96,9.48,4.15
31025,9.71,9.4,8.63,6.69,4.94,0.22,-2.26
31027,15.09,12.65,9.95,12.12,14.65,14.82,16.35
31029,40.75,33.19,24.79,21.36,18.55,16.41,14.86
31031,37.03,33.2,29.64,29.88,30.69,31.48,33.72
31033,16.71,16.9,17.46,27.63,38.13,49.22,60.21
31035,48.93,51.8,55.05,52.84,49.32,44.75,42.07
31037,1.69,1.7,1.62,2.32,3.64,2.6,3.57
31039,21.46,20.99,20.72,16.22,10.76,2.95,-3.34
31041,23.72,23.93,24.49,26.19,27.17,27.37,28.73
31043,2.45,2.4,2.43,4.47,6.94,7.31,8.79
31045,11.46,10.56,9.41,11.6,14.26,17.34,21.13
31047,16.71,17.64,18.63,20.57,22.85,24.46,27.74
31049,24.45,23.83,23.85,42.19,61.84,81.99,102.11
31051,34.89,30.8,26.17,28.53,32.15,33.52,36.45
31053,30.82,31.03,30.99,29.62,28.07,24.09,21.87
31055,9.71,9.63,9.27,8.98,9.36,6.95,6.64
31057,27.19,24.86,22.36,16.76,10.56,5.02,0.17
31059,47.85,51.2,55.26,55.16,53.99,51.35,50.67
31061,68.26,62.92,57.24,59.44,62.51,65.08,69.85
31063,18.94,25.4,33.55,49.44,66.21,83.25,101.05
31065,72.62,67.14,61.0,63.29,67.23,70.95,76.27
31067,46.74,48.67,50.81,50.5,49.76,46.99,45.31
31069,54.76,44.63,33.36,46.44,61.69,77.8,93.35
31071,46.74,41.08,35.03,42.79,51.17,58.44,66.39
31073,39.83,39.41,39.17,34.87,28.74,22.39,17.36
31075,16.71,14.74,12.46,14.44,16.62,19.5,22.55
31077,56.73,50.28,43.13,42.75,42.74,40.95,40.32
31079,18.94,18.37,17.98,19.41,20.96,21.35,23.71
31081,20.89,19.82,18.71,17.18,14.65,10.75,8.72
31083,75.33,67.85,59.52,58.02,57.57,56.37,57.5
31085,74.59,68.63,62.04,58.15,53.9,50.25,47.27
31087,74.59,73.65,73.25,74.19,74.4,75.04,76.68
31089,37.03,37.26,37.68,36.68,35.0,31.92,29.98
31091,75.33,84.14,94.68,97.01,97.51,98.03,99.43
31093,39.83,38.9,38.36,34.71,29.36,22.82,17.71
31095,44.73,49.34,55.11,58.52,61.39,62.54,65.47
31097,34.89,32.64,29.5,39.85,53.81,65.45,78.23
31099,34.16,27.3,19.56,18.01,16.98,15.19,14.97
31101,43.11,34.02,23.87,26.27,29.73,33.64,37.79
31103,71.12,59.13,45.91,29.07,11.66,-6.74,-24.22
31105,44.73,47.32,50.95,58.21,65.28,72.55,79.95
31107,40.75,35.73,29.86,29.71,30.7,30.0,30.23
31109,6.91,7.84,8.81,9.57,10.05,8.13,8.2
31111,46.74,44.62,42.34,41.04,40.36,40.0,40.39
31113,32.51,33.95,36.02,23.68,8.66,-6.21,-20.44
31115,34.89,29.39,23.44,41.16,61.75,81.49,102.21
31117,66.92,60.51,53.02,34.42,14.22,-5.61,-24.75
31119,10.98,11.26,11.65,11.55,11.48,9.52,9.13
31121,34.16,33.18,32.27,40.61,50.61,58.85,69.19
31123,46.74,44.88,43.36,42.8,40.99,38.88,37.68
31125,47.85,48.18,49.1,51.71,53.87,53.63,55.53
31127,32.51,36.39,40.91,40.65,39.02,35.12,32.35
31129,56.73,62.06,68.59,67.51,64.58,60.47,58.75
31131,25.25,29.31,33.88,38.74,43.42,45.94,50.08
31133,36.01,38.68,41.58,37.66,31.99,24.1,17.09
31135,18.31,17.05,16.7,21.84,26.34,31.6,37.38
31137,24.45,22.89,21.71,21.69,21.12,20.24,20.85
31139,16.05,14.56,13.03,12.81,12.87,10.96,10.33
31141,9.11,9.02,8.99,7.63,5.9,1.92,-0.22
31143,21.46,18.73,15.67,18.54,22.17,23.97,27.72
31145,50.08,41.87,32.51,35.22,39.9,44.53,50.62
31147,51.19,52.92,54.72,55.13,55.73,53.81,52.8
31149,27.19,26.64,27.27,27.64,26.96,25.01,24.3
31151,29.96,28.22,26.01,21.29,16.2,8.73,2.85
31153,2.23,2.73,3.15,2.77,2.94,0.08,-0.72
31155,18.94,21.93,25.24,28.15,31.15,31.18,33.14
31157,38.78,39.24,40.4,40.86,40.47,39.53,39.21
31159,10.32,9.94,9.64,9.49,9.36,6.43,5.83
31161,34.89,42.47,51.12,60.27,69.21,78.05,87.92
31163,62.56,56.53,49.72,50.07,51.45,51.9,53.26
31165,13.72,9.68,4.75,3.83,3.96,3.99,4.98
31167,24.45,23.88,23.12,19.23,14.81,8.27,3.28
31169,47.85,46.09,43.95,44.74,46.41,46.3,48.29
31171,20.89,16.56,11.47,20.69,32.94,45.45,59.27
31173,40.75,32.02,21.82,21.12,22.23,21.55,22.47
31175,64.37,62.52,61.12,59.11,54.82,49.55,45.14
31177,20.89,25.43,30.74,34.23,37.87,39.35,42.41
31179,2.9,5.04,7.96,7.99,6.69,3.7,1.79
31181,70.49,64.1,56.53,53.02,50.21,46.51,44.99
31183,40.75,35.49,29.8,38.0,47.87,55.87,65.02
31185,30.82,26.25,20.7,25.85,33.18,38.62,46.21
32001,78.16,72.37,65.6,52.31,39.41,28.48,15.38
32003,17.54,19.29,21.13,20.73,20.1,19.3,18.58
32005,48.93,52.84,56.22,51.79,48.19,46.15,43.42
32007,17.54,17.46,16.85,16.91,17.27,19.16,19.98
32009,64.37,69.22,74.51,76.13,77.51,79.22,79.86
32011,3.57,22.3,42.43,55.62,68.72,83.19,96.47
32013,13.34,14.2,15.19,13.87,12.94,13.26,12.01
32015,10.32,12.59,14.54,13.24,12.12,11.93,9.97
32017,40.75,43.06,45.26,64.32,84.93,105.53,126.33
32019,71.76,76.61,81.71,75.94,69.9,65.63,60.35
32021,98.73,97.89,96.88,86.85,76.44,67.45,57.26
32023,96.5,96.42,96.21,96.06,95.88,96.34,96.04
32027,84.75,80.94,76.68,57.67,37.86,19.7,-1.26
32029,81.31,88.15,94.99,92.47,90.54,90.16,88.94
32031,14.45,18.15,21.33,18.6,17.49,17.98,17.4
32033,68.26,75.26,82.23,70.71,57.84,45.7,32.47
32510,51.74,68.95,88.31,89.6,88.86,90.12,90.25
33001,23.72,30.86,38.78,45.0,51.54,56.85,63.3
33003,52.66,56.18,60.04,56.79,52.57,47.22,42.61
33005,25.25,28.11,31.35,32.67,33.26,32.58,32.53
33007,83.79,83.2,82.66,83.72,85.12,85.82,86.61
33009,27.19,30.41,33.61,36.56,39.91,42.1,44.77
33011,11.97,12.8,13.52,14.69,16.02,16.33,17.72
33013,27.19,30.21,33.29,32.74,31.73,29.42,28.32
33015,7.45,7.65,7.83,8.29,9.04,8.72,9.29
33017,27.19,27.13,26.66,24.52,22.39,18.95,16.56
33019,47.85,44.95,41.35,37.73,34.27,29.12,25.1
34001,28.18,27.18,26.1,27.4,29.33,32.47,35.3
34003,2.74,2.36,1.96,1.93,2.0,0.82,1.17
34005,12.61,13.2,13.81,14.85,16.01,17.51,19.13
34007,30.82,31.18,31.47,30.78,29.87,29.29,29.22
34009,37.03,38.53,40.44,38.87,36.76,35.76,34.9
34011,51.74,48.55,44.65,40.22,36.12,32.99,30.24
34013,21.46,21.85,22.28,20.16,17.25,13.39,10.51
34015,22.32,23.21,24.19,24.04,24.13,24.73,25.85
34017,5.48,5.04,4.72,4.33,3.93,2.33,2.04
34019,3.09,3.31,3.56,3.47,3.28,2.44,2.29
34021,8.25,7.76,7.07,7.6,8.25,8.94,10.19
34023,3.09,3.23,3.37,3.46,3.59,3.16,3.4
34025,5.48,5.82,6.2,6.49,6.84,6.64,7.24
34027,1.69,1.89,1.96,1.9,2.04,1.41,1.45
34029,31.65,31.03,30.35,29.15,27.68,26.53,25.66
34031,4.81,4.23,3.51,3.06,2.77,1.45,1.27
34033,44.03,47.88,52.47,50.54,47.09,44.32,42.14
34035,1.46,1.59,1.68,1.65,1.63,1.25,1.21
34037,6.24,6.91,7.46,8.71,10.28,10.99,12.44
34039,4.11,4.25,4.34,3.89,3.46,2.39,2.14
34041,11.97,14.33,17.09,20.01,22.89,24.8,27.67
35001,27.19,28.26,29.3,29.69,30.14,30.22,29.39
35003,99.84,99.54,99.28,99.31,99.46,98.6,98.02
35005,62.56,63.62,64.97,62.45,59.67,56.21,51.85
35006,88.67,91.76,94.92,95.93,96.75,96.87,96.77
35007,95.7,92.82,89.61,90.6,91.8,93.67,94.82
35009,54.76,58.63,62.16,57.96,54.0,49.56,43.53
35011,88.67,91.6,94.65,93.85,92.68,91.94,89.27
35013,11.97,14.39,16.9,23.68,31.07,37.7,43.85
35015,53.68,47.27,40.18,34.53,29.46,23.78,16.7
35017,92.68,90.87,88.94,84.21,79.03,73.12,66.98
35019,92.04,89.3,86.26,88.97,92.49,96.62,98.89
35021,93.92,91.59,89.15,91.04,93.19,96.26,98.08
35023,76.5,76.17,75.85,81.47,87.87,93.6,98.95
35025,19.8,18.94,18.51,17.47,16.33,15.32,12.57
35027,83.79,81.21,78.66,76.76,74.64,71.17,66.83
35028,7.45,9.1,11.12,8.06,4.34,0.7,-3.59
35029,73.96,79.58,85.59,86.27,86.13,85.96,85.3
35031,36.01,41.24,46.82,53.32,59.98,66.2,72.0
35033,99.3,98.66,98.11,98.36,98.8,100.09,99.64
35035,72.62,65.61,57.97,59.37,61.47,62.92,63.75
35037,98.22,97.37,96.33,94.06,91.76,89.79,86.74
35039,76.5,70.87,64.19,58.09,52.66,47.13,40.87
35041,47.85,56.88,66.71,65.76,64.31,62.31,58.46
35043,21.46,22.83,24.34,25.45,26.83,27.87,28.05
35045,23.72,30.27,37.27,40.54,43.46,46.35,49.45
35047,96.5,97.66,98.94,99.24,99.2,99.91,98.66
35049,28.84,29.58,30.3,27.72,25.03,22.62,18.92
35051,98.22,97.02,95.73,96.74,97.91,98.24,98.56
35053,98.44,98.19,97.95,98.13,98.33,98.35,97.61
35055,78.16,79.63,81.46,79.92,78.02,76.35,73.7
35057,69.02,67.79,66.38,65.0,63.77,62.1,59.65
35059,76.5,75.52,74.28,79.45,85.6,91.71,98.37
35061,76.5,78.4,80.5,79.98,79.2,77.86,76.27
36001,15.09,14.45,13.43,12.91,12.86,11.45,10.47
36003,45.78,48.06,50.59,53.07,55.19,55.9,56.07
36005,34.16,34.13,34.22,37.46,41.54,44.41,48.97
36007,38.78,42.38,46.54,48.84,50.83,51.51,52.09
36009,45.78,46.61,47.39,50.16,53.26,54.52,54.43
36011,34.89,34.7,34.16,37.98,42.78,45.31,47.68
36013,46.74,48.12,49.73,49.99,50.06,48.09,44.99
36015,40.75,39.42,37.48,42.1,48.11,52.99,57.69
36017,67.62,70.19,72.86,75.7,78.42,79.32,80.8
36019,42.31,46.15,50.34,51.49,52.75,53.56,53.7
36021,51.74,53.06,54.66,54.03,53.28,51.44,50.39
36023,23.72,24.43,25.0,25.9,26.78,25.4,24.24
36025,51.19,55.32,60.04,59.72,58.32,55.26,52.75
36027,28.18,28.13,28.16,27.44,26.51,24.87,24.32
36029,29.96,29.01,27.88,28.01,27.97,25.19,21.53
36031,55.71,59.64,63.28,62.77,62.26,61.65,60.81
36033,37.89,42.14,46.5,47.69,48.91,49.72,50.21
36035,60.17,61.58,62.8,60.42,57.14,52.6,47.88
36037,29.96,31.39,32.65,37.78,43.93,47.75,50.74
36039,46.74,46.58,46.39,41.49,35.69,28.73,22.49
36041,39.83,59.21,80.79,89.3,96.37,102.61,108.48
36043,38.78,40.04,41.12,45.72,51.05,54.91,58.73
36045,32.51,32.37,31.8,34.31,37.41,39.2,40.52
36047,6.91,6.94,6.99,7.16,7.33,6.68,7.57
36049,34.89,36.42,37.63,39.13,40.87,41.01,41.46
36051,19.8,21.85,24.02,25.23,26.09,25.35,23.92
36053,13.34,14.31,15.29,18.83,22.67,24.18,25.87
36055,23.02,24.89,26.74,28.68,30.64,30.72,30.38
36057,51.74,50.53,48.98,51.8,55.92,59.13,62.22
36059,2.9,2.65,2.35,2.31,2.17,0.76,1.18
36061,7.45,7.03,6.55,7.19,7.98,7.85,9.26
36063,31.65,30.36,28.87,30.96,33.6,33.7,32.96
36065,50.08,49.26,48.07,46.31,44.18,40.04,36.14
36067,18.94,20.45,21.93,22.89,23.35,21.11,19.0
36069,19.8,19.74,19.29,20.09,21.39,20.83,20.06
36071,18.31,18.82,19.52,18.97,18.02,15.89,14.64
36073,57.62,60.94,64.66,64.26,62.89,59.14,54.32
36075,36.01,39.08,42.54,45.28,47.85,48.16,48.35
36077,25.25,26.5,27.7,30.55,33.82,35.47,37.24
36079,9.71,9.77,9.82,8.91,7.82,5.52,4.26
36081,5.76,5.63,5.39,5.47,5.47,4.28,4.63
36083,23.02,24.47,26.11,28.05,30.16,31.17,32.51
36085,6.91,6.89,6.92,6.67,6.4,5.45,5.64
36087,3.57,3.96,4.41,4.31,4.11,2.64,2.24
36089,45.78,50.25,54.78,55.68,56.26,56.26,55.58
36091,13.72,14.28,14.75,14.0,13.17,11.56,9.94
36093,28.18,29.31,30.62,28.74,25.98,21.96,18.04
36095,58.42,55.9,52.84,53.95,55.79,56.42,57.2
36097,36.01,42.6,50.33,56.23,61.31,65.01,68.44
36099,48.93,51.5,54.23,58.4,62.75,65.22,67.21
36101,53.68,53.3,52.84,52.02,50.96,48.98,46.14
36103,4.52,4.77,4.97,4.99,5.01,4.22,5.16
36105,51.74,51.2,50.4,53.4,57.25,59.62,62.47
36107,29.96,32.68,35.58,38.5,41.19,42.61,43.79
36109,7.45,6.64,5.32,4.95,4.63,2.34,0.11
36111,39.83,37.21,34.14,33.29,32.93,31.3,30.79
36113,33.4,37.67,41.92,43.46,44.78,45.63,45.98
36115,38.78,37.57,35.69,37.65,40.81,43.3,45.61
36117,36.01,39.09,42.57,43.63,44.03,42.33,40.63
36119,4.11,4.02,3.87,4.22,4.43,3.45,4.07
36121,23.72,25.54,27.45,30.75,34.1,35.73,35.92
36123,25.25,26.31,27.15,25.4,23.09,18.94,14.21
37001,42.31,42.4,42.39,40.79,39.13,36.25,34.3
37003,61.64,65.66,70.19,71.32,71.8,71.84,72.83
37005,86.82,85.76,84.58,88.33,92.68,96.4,100.77
37007,80.64,80.13,79.94,75.95,70.49,64.59,59.23
37009,58.42,54.2,49.32,50.49,52.35,54.04,55.86
37011,75.96,81.28,87.76,86.06,82.66,79.41,76.4
37013,80.01,78.31,76.18,75.64,75.96,75.78,76.34
37015,88.16,89.17,90.67,90.11,88.64,86.95,86.19
37017,93.22,92.63,91.84,88.57,85.16,81.97,78.93
37019,62.56,65.23,68.23,67.76,66.93,66.51,65.52
37021,37.89,36.55,35.08,33.61,31.59,30.12,28.62
37023,83.22,84.01,84.87,84.2,83.67,82.69,82.5
37025,8.25,8.03,7.93,8.1,8.57,8.03,8.67
37027,75.96,76.56,76.91,75.1,73.3,71.12,69.79
37029,37.89,38.09,38.15,35.74,32.77,29.58,27.53
37031,73.48,76.91,80.2,80.1,80.43,81.22,81.74
37033,88.67,88.76,88.98,82.3,74.51,65.36,56.78
37035,31.65,34.92,38.62,38.29,37.59,36.31,35.65
37037,25.25,30.86,37.35,42.61,47.33,51.14,55.63
37039,82.43,84.27,86.25,86.13,85.69,84.76,84.31
37041,41.45,44.84,49.09,50.3,51.06,51.35,52.74
37043,55.71,59.63,64.14,68.73,72.86,76.4,81.09
37045,63.67,62.97,62.2,59.82,57.12,54.35,51.74
37047,85.8,85.6,85.32,83.67,82.29,81.02,79.33
37049,67.62,68.66,69.37,66.29,62.89,59.18,55.59
37051,40.75,47.07,54.53,59.72,63.65,67.0,71.03
37053,18.31,26.07,35.25,38.14,40.17,41.73,44.63
37055,39.83,41.7,43.09,36.28,29.72,22.9,17.19
37057,60.17,61.87,63.93,61.52,57.93,53.33,49.51
37059,28.84,31.55,34.61,40.74,48.14,54.68,61.44
37061,60.94,66.09,71.63,75.11,78.9,82.63,86.76
37063,9.11,8.08,6.81,6.27,6.18,5.11,4.88
37065,68.26,69.69,71.45,67.92,63.12,57.91,53.8
37067,11.46,11.89,12.1,10.43,8.71,5.5,2.9
37069,42.31,42.67,43.2,46.44,50.27,53.82,57.96
37071,62.56,59.86,56.58,54.07,52.09,49.82,48.31
37073,64.37,67.49,71.81,80.16,88.16,96.02,105.17
37075,29.96,48.75,70.98,79.28,83.97,88.5,93.58
37077,79.53,74.93,69.45,62.98,56.52,49.12,42.72
37079,80.01,84.12,88.81,91.03,93.07,94.39,96.46
37081,11.46,11.56,11.58,11.85,12.07,11.17,10.93
37083,93.7,92.2,90.65,84.68,78.81,72.64,67.38
37085,34.89,34.8,34.39,32.8,30.74,28.14,26.42
37087,51.74,56.13,61.81,65.59,67.76,70.23,72.9
37089,56.73,56.3,56.02,52.12,46.69,41.46,36.59
37091,92.96,87.88,82.14,84.24,87.83,91.19,95.66
37093,44.03,42.43,40.39,49.29,60.68,71.89,83.45
37095,58.42,64.72,71.47,56.44,39.03,21.33,4.64
37097,24.45,25.62,26.77,26.74,26.67,25.77,25.89
37099,34.16,30.57,26.08,30.53,36.2,42.33,49.04
37101,31.65,33.21,34.88,36.05,37.33,37.88,39.24
37103,96.28,97.42,97.98,97.26,96.98,96.04,95.87
37105,37.03,37.44,37.62,42.16,47.43,51.98,57.27
37107,90.89,92.9,94.67,94.73,95.06,94.58,95.0
37109,47.85,48.71,49.81,47.88,45.78,42.9,40.98
37111,94.3,91.12,87.44,86.27,86.18,86.06,86.28
37113,71.76,69.34,66.1,67.49,68.91,70.42,72.67
37115,60.94,55.19,48.45,52.57,59.32,65.92,73.38
37117,81.31,80.04,78.51,78.8,79.46,79.25,79.72
37119,3.76,3.39,2.98,2.32,1.79,0.55,0.16
37121,92.36,91.9,91.25,87.72,84.26,80.87,77.9
37123,58.42,51.12,42.78,42.64,43.9,44.83,46.34
37125,44.03,44.57,45.47,49.11,52.5,55.51,58.7
37127,51.74,53.27,55.3,56.21,56.94,57.76,59.3
37129,27.19,25.82,23.8,22.8,22.84,23.28,23.04
37131,95.61,94.79,94.1,89.22,84.56,79.73,75.93
37133,39.83,48.26,57.65,61.91,65.75,69.47,73.02
37135,3.09,3.3,3.43,3.13,3.01,1.81,1.28
37137,81.31,84.66,88.16,87.49,87.08,86.69,86.84
37139,53.68,50.1,45.42,43.68,43.66,43.33,44.3
37141,66.92,68.88,70.82,66.51,61.4,56.62,50.76
37143,80.64,76.97,72.24,63.28,53.39,43.3,34.2
37145,71.12,74.32,78.43,77.33,75.61,72.81,70.87
37147,18.94,19.96,20.98,22.27,23.78,24.27,25.64
37149,56.73,57.53,58.71,64.09,70.65,77.41,84.46
37151,34.16,35.55,37.35,43.49,50.43,56.36,63.0
37153,85.8,81.76,77.11,74.91,72.91,70.45,68.28
37155,68.26,65.49,62.22,60.31,59.11,57.43,56.07
37157,71.76,67.68,62.96,57.87,53.0,46.29,40.03
37159,58.42,57.1,55.54,53.68,51.7,49.14,47.4
37161,88.98,88.26,87.59,85.92,83.78,81.73,79.91
37163,78.16,79.58,80.89,78.73,76.3,73.89,72.06
37165,88.16,86.91,85.67,79.83,72.59,64.67,56.95
37167,63.67,59.7,55.38,50.0,43.94,37.42,31.55
37169,48.93,49.33,49.81,49.28,48.74,46.89,45.47
37171,69.79,74.47,79.89,81.82,83.13,83.56,84.56
37173,43.11,45.71,48.37,59.57,72.31,85.13,98.88
37175,69.02,63.69,57.28,56.86,57.49,58.41,59.48
37177,65.87,73.86,82.89,86.97,91.42,95.73,100.99
37179,4.11,3.96,4.14,3.94,3.63,2.79,2.38
37181,95.92,91.64,86.91,79.86,72.3,64.13,56.53
37183,1.46,1.68,1.92,2.26,2.46,2.21,2.22
37185,98.6,94.3,89.43,85.55,82.61,79.23,76.77
37187,95.7,94.82,93.37,92.53,92.53,92.24,92.47
37189,8.63,9.63,10.78,11.42,11.95,12.45,13.39
37191,58.42,61.57,64.94,63.03,60.17,56.73,54.28
37193,77.17,75.32,72.92,74.1,75.82,76.68,78.1
37195,56.73,53.54,49.43,49.81,51.61,53.39,55.81
37197,59.22,61.73,64.41,64.27,63.57,62.4,61.66
37199,82.74,83.11,83.78,80.31,75.82,71.23,67.12
38001,34.16,26.12,16.2,10.3,6.22,1.9,-1.6
38003,15.09,21.12,27.97,33.57,38.91,44.75,50.63
38005,3.09,5.39,7.61,20.46,34.28,48.41,62.55
38007,0.06,2.06,4.22,9.59,15.49,21.74,27.64
38009,24.45,28.6,33.47,40.43,46.55,53.15,59.55
38011,13.34,13.34,12.25,10.19,9.13,7.92,7.43
38013,13.72,9.22,4.59,3.13,1.66,0.75,-0.64
38015,10.32,8.93,8.0,7.84,6.6,5.44,3.71
38017,4.11,5.58,7.1,6.53,5.14,3.82,2.06
38019,24.45,20.04,15.13,10.96,6.66,3.0,-1.64
38021,13.72,10.31,6.52,7.52,8.87,10.45,12.31
38023,59.22,57.12,55.19,47.64,38.81,30.56,22.16
38025,28.84,29.7,30.78,30.23,28.93,27.94,26.47
38027,16.05,20.17,24.49,46.57,71.72,97.39,122.7
38029,55.71,51.57,47.23,50.02,53.59,57.17,61.04
38031,10.98,13.19,15.49,14.93,12.05,10.09,7.81
38033,39.83,39.99,40.05,40.3,40.63,41.17,41.58
38035,5.76,6.84,8.05,7.81,7.49,7.21,6.13
38037,28.18,28.06,28.11,33.03,38.65,44.06,49.7
38039,36.01,41.81,47.55,46.54,44.94,43.95,42.83
38041,28.84,28.61,28.41,24.88,20.73,16.79,13.15
38043,18.94,20.54,23.23,25.6,27.04,28.58,30.25
38045,26.52,22.5,18.23,16.56,14.98,13.42,12.17
38047,45.78,35.77,24.44,18.81,14.54,9.9,5.42
38049,28.84,23.41,17.6,20.21,23.21,27.08,30.67
38051,56.73,58.77,61.77,51.07,37.77,24.14,10.9
38053,15.09,9.09,2.42,2.89,3.72,5.09,5.81
38055,7.9,7.63,8.0,8.46,8.0,8.03,7.53
38057,18.31,17.22,16.19,14.0,10.81,7.81,5.18
38059,15.09,10.85,6.27,5.47,4.6,3.88,2.77
38061,2.45,1.58,0.99,4.54,8.28,12.76,17.18
38063,16.05,20.21,24.37,30.89,38.34,46.36,53.63
38065,15.09,11.86,8.54,16.66,26.63,36.95,46.54
38067,34.89,30.15,25.14,21.64,18.87,17.12,13.83
38069,16.71,14.4,11.92,11.52,10.02,9.5,8.34
38071,32.51,38.92,46.05,48.71,49.0,49.89,50.21
38073,38.78,34.41,29.23,36.23,45.1,54.55,63.95
38075,18.94,16.51,13.81,25.8,39.48,53.84,67.55
38077,6.91,7.35,7.28,8.43,10.27,12.02,13.59
38079,28.84,30.52,32.31,41.64,51.41,62.07,72.38
38081,12.61,14.33,16.58,21.91,26.61,31.53,36.57
38083,61.64,46.36,29.38,29.55,31.01,33.52,35.35
38085,12.61,9.09,5.4,7.96,11.24,14.64,18.68
38087,17.54,35.06,55.24,62.6,67.7,72.92,78.96
38089,8.25,7.68,6.83,7.72,8.97,10.43,11.61
38091,23.02,32.6,43.05,38.89,32.8,26.74,20.18
38093,44.03,40.82,36.99,36.9,37.44,38.17,39.01
38095,6.24,7.78,9.58,19.23,29.55,40.71,51.44
38097,4.81,9.32,13.93,16.26,18.88,21.34,23.41
38099,64.37,59.91,54.92,48.63,42.21,36.54,29.4
38101,9.11,8.11,7.2,7.92,7.59,7.28,6.91
38103,39.83,36.76,33.8,47.09,61.11,75.53,89.7
38105,3.76,2.36,1.64,3.36,4.69,6.69,8.9
39001,85.8,86.12,86.52,85.27,83.77,80.3,75.26
39003,46.74,47.15,47.7,48.6,49.45,48.67,47.42
39005,34.89,37.67,40.66,38.54,35.46,32.33,27.29
39007,47.85,51.22,54.89,56.81,58.26,58.21,56.31
39009,39.83,45.6,52.07,55.69,59.02,61.56,63.13
39011,19.8,19.08,18.29,15.52,12.35,7.56,1.88
39013,63.67,63.24,62.68,61.71,59.5,57.23,53.51
39015,65.87,60.47,54.14,55.05,57.82,58.74,58.75
39017,16.05,16.29,16.81,18.43,20.12,19.44,17.48
39019,37.03,36.81,36.49,38.95,41.92,44.63,46.24
39021,42.31,44.27,46.5,50.36,54.64,57.65,59.43
39023,59.22,59.86,60.49,61.64,62.92,63.19,61.93
39025,25.25,24.66,24.21,26.45,28.75,28.83,28.13
39027,36.01,39.63,43.98,49.04,53.99,57.61,59.81
39029,61.64,58.95,55.69,55.91,56.72,56.93,56.39
39031,40.75,38.41,35.57,41.96,50.04,58.06,64.73
39033,54.76,59.36,64.44,64.0,62.48,60.58,57.04
39035,41.45,43.0,44.5,45.23,46.22,45.83,44.09
39037,33.4,37.61,42.64,40.67,36.82,31.77,24.88
39039,31.65,30.72,29.33,27.2,25.18,20.77,15.8
39041,1.24,1.3,1.24,1.22,1.36,0.83,-0.49
39043,43.11,40.69,37.86,39.93,42.8,45.07,46.06
39045,29.96,30.05,30.16,31.37,32.43,32.61,31.89
39047,60.94,60.17,59.02,59.83,61.03,61.14,59.65
39049,18.31,17.3,15.98,14.92,13.77,12.11,9.63
39051,22.32,25.72,29.57,29.89,29.82,27.88,25.53
39053,79.53,80.14,80.94,82.41,84.37,85.59,85.56
39055,6.91,8.39,9.88,10.14,10.04,8.78,5.97
39057,21.46,21.82,22.11,23.38,24.69,24.89,23.48
39059,64.37,66.66,69.51,71.1,70.66,70.17,68.24
39061,24.45,23.8,23.17,22.69,21.84,19.03,14.86
39063,16.71,15.85,15.0,14.81,14.28,11.98,9.08
39065,44.03,39.18,33.64,35.78,39.51,41.67,43.09
39067,50.08,55.44,61.95,68.05,74.03,79.53,83.71
39069,30.82,33.54,36.61,33.18,28.65,21.99,15.25
39071,72.62,73.94,75.45,75.61,75.17,73.63,70.42
39073,60.17,63.41,66.65,67.41,67.88,67.85,65.85
39075,3.09,3.09,2.99,3.09,2.61,2.02,-0.16
39077,34.89,34.09,32.99,32.71,32.47,31.9,29.54
39079,86.82,87.82,88.67,83.21,76.68,69.39,60.65
39081,71.76,72.64,73.72,73.26,72.43,71.52,69.81
39083,36.01,36.66,37.17,33.42,28.64,23.29,17.08
39085,16.05,18.13,20.23,22.59,25.26,26.25,25.95
39087,89.4,89.24,89.14,90.54,92.07,92.65,92.09
39089,34.16,34.55,34.98,40.6,47.11,53.43,58.71
39091,47.85,44.77,41.15,37.6,33.77,28.91,22.8
39093,39.83,44.08,48.92,48.81,47.69,45.34,41.77
39095,46.74,47.57,48.34,48.55,48.47,46.8,44.57
39097,37.03,41.37,46.67,47.97,48.23,47.74,46.16
39099,55.71,54.32,52.7,51.17,49.32,46.61,43.07
39101,72.62,76.65,81.44,81.4,80.29,78.45,75.37
39103,6.24,7.85,9.52,10.38,11.05,11.04,9.57
39105,86.82,88.48,90.24,91.52,92.94,93.72,93.45
39107,14.45,13.96,13.25,13.72,14.87,14.11,12.21
39109,28.18,28.56,28.82,31.19,34.25,35.61,35.33
39111,71.76,75.1,79.12,84.25,88.42,92.44,95.31
39113,51.19,50.58,49.72,49.11,48.12,45.67,41.58
39115,76.5,80.7,85.6,88.78,90.96,92.37,92.71
39117,37.89,39.4,40.83,41.12,41.88,41.92,41.11
39119,56.73,56.7,56.55,59.7,62.81,65.46,67.31
39121,79.53,70.5,59.68,67.85,80.37,92.27,102.71
39123,54.76,53.19,51.28,52.22,52.97,52.55,50.9
39125,57.62,58.6,59.65,62.6,66.46,68.03,68.98
39127,61.64,62.37,62.94,64.5,66.01,66.64,66.12
39129,51.19,48.78,45.56,46.68,48.73,50.11,50.34
39131,93.22,93.74,93.95,94.31,94.93,94.81,92.75
39133,20.89,22.37,24.19,26.11,27.89,29.26,28.74
39135,58.42,57.02,55.1,56.19,58.0,57.85,55.99
39137,7.45,7.37,7.24,7.19,7.32,5.28,3.41
39139,38.78,43.73,49.19,51.81,54.56,56.53,57.3
39141,70.49,73.8,77.62,81.04,84.21,86.82,87.69
39143,40.75,40.29,39.99,44.21,49.05,52.43,54.75
39145,90.19,89.93,89.59,90.06,90.75,90.02,87.7
39147,37.03,36.59,36.15,38.99,42.22,44.06,44.72
39149,18.31,20.02,21.94,22.91,23.66,22.71,20.38
39151,33.4,31.73,29.71,29.64,29.68,29.44,27.58
39153,25.25,24.68,23.88,24.37,25.01,25.36,23.7
39155,44.73,43.69,42.45,42.89,43.46,43.31,41.82
39157,30.82,33.34,36.36,38.37,39.48,40.36,39.99
39159,15.09,15.28,15.41,15.17,15.11,14.22,12.48
39161,40.75,42.67,44.83,42.74,39.87,35.21,29.61
39163,77.17,81.84,87.01,87.81,88.3,88.34,86.35
39165,4.81,4.81,4.8,5.51,6.08,4.49,1.87
39167,77.84,79.37,81.3,83.01,84.28,84.94,84.55
39169,18.31,16.21,13.71,15.29,18.1,20.92,21.94
39171,37.03,38.28,39.76,42.12,45.0,46.0,46.23
39173,7.9,9.68,11.69,13.03,14.15,13.63,12.43
39175,33.4,31.57,29.22,30.69,32.85,33.43,33.28
40001,78.16,78.32,78.48,78.61,78.36,75.57,72.62
40003,59.22,55.71,52.32,57.57,62.7,67.34,71.0
40005,94.3,94.3,94.43,93.59,92.03,88.7,85.12
40007,6.24,5.17,4.1,6.01,8.19,11.11,13.34
40009,51.74,47.65,43.68,46.17,48.09,50.1,50.17
40011,89.97,88.77,87.76,84.9,81.6,78.29,73.47
40013,75.33,79.74,84.8,86.37,87.43,87.34,86.26
40015,70.49,75.64,81.84,84.91,87.03,89.0,89.7
40017,25.25,27.02,28.91,28.8,28.43,27.16,25.25
40019,64.37,68.98,74.16,76.29,77.55,77.71,77.96
40021,70.49,67.27,63.5,64.25,65.8,65.08,64.25
40023,92.68,89.77,86.52,87.64,89.56,89.79,88.71
40025,27.19,32.14,37.48,40.8,43.96,47.52,51.22
40027,26.52,25.79,25.41,26.95,28.09,27.81,26.92
40029,91.12,88.15,84.99,88.21,92.21,94.39,96.06
40031,71.76,72.45,73.31,75.89,78.2,80.76,81.7
40033,91.12,86.1,80.06,81.28,83.65,86.18,87.55
40035,93.22,93.05,92.95,91.67,89.85,85.95,81.45
40037,69.79,57.71,43.9,37.83,32.92,26.1,18.57
40039,44.73,38.02,30.88,29.01,27.18,25.49,21.82
40041,92.36,92.39,92.67,93.27,93.78,91.29,88.44
40043,66.92,56.71,45.97,48.4,50.84,53.58,54.76
40045,55.71,43.35,29.72,38.08,47.69,57.18,65.58
40047,44.03,40.94,37.83,39.95,41.91,42.15,41.79
40049,55.71,48.54,40.46,43.0,46.47,48.16,49.56
40051,53.68,52.02,50.24,55.12,61.02,66.3,70.55
40053,69.79,59.13,46.97,59.36,75.44,90.1,103.88
40055,89.4,88.7,88.02,90.19,92.14,94.4,94.66
40057,84.75,82.27,78.7,78.67,80.73,82.89,83.26
40059,19.8,20.19,21.41,25.59,28.79,32.13,35.39
40061,90.89,92.02,93.4,95.06,96.57,95.79,94.79
40063,90.89,88.53,86.37,87.52,88.45,87.1,85.2
40065,45.78,46.67,47.76,53.52,59.73,66.07,70.79
40067,78.16,84.15,91.18,93.78,95.35,96.48,96.79
40069,97.99,98.01,97.97,97.09,95.45,92.87,89.57
40071,65.87,67.68,70.09,76.9,83.31,87.46,91.77
40073,54.76,58.79,63.51,57.45,49.57,40.81,30.87
40075,82.43,83.31,84.57,86.82,88.46,90.34,90.48
40077,94.81,94.96,95.26,95.48,95.47,92.77,89.57
40079,90.51,89.18,87.64,89.42,91.52,90.88,89.6
40081,85.8,83.31,80.63,79.73,79.01,76.96,74.12
40083,19.8,23.8,28.39,29.46,30.3,29.56,28.31
40085,47.85,54.95,62.92,71.41,80.34,88.16,95.75
40087,48.93,41.97,34.17,32.0,30.05,27.0,23.22
40089,88.16,84.25,80.12,82.35,85.13,86.11,86.27
40091,95.29,95.42,95.69,95.95,95.84,93.83,90.88
40093,84.24,77.97,71.31,67.91,63.87,59.66,54.42
40095,99.59,100.32,100.58,100.19,99.84,98.35,96.58
40097,80.01,82.88,86.5,88.52,90.39,89.33,88.14
40099,77.84,77.67,77.86,85.35,93.35,99.89,105.96
40101,78.16,76.15,74.06,72.24,70.01,65.6,61.18
40103,60.94,62.34,64.03,66.38,68.5,68.97,68.69
40105,81.31,79.56,77.57,70.77,62.8,52.8,42.13
40107,96.75,92.42,88.0,84.21,79.88,72.9,65.6
40109,33.4,32.48,31.25,30.81,30.88,29.78,28.24
40111,82.43,79.93,77.5,79.51,81.8,82.01,81.96
40113,72.62,74.06,76.19,74.4,71.83,67.58,62.65
40115,81.31,78.11,74.84,77.69,81.29,82.62,82.85
40117,79.08,76.21,73.21,68.21,62.59,55.53,47.68
40119,15.09,15.43,16.01,16.01,16.13,14.97,12.74
40121,89.97,89.71,89.61,91.8,94.17,94.25,93.39
40123,64.37,55.59,45.84,49.6,54.83,58.14,61.16
40125,69.02,68.77,68.99,70.99,72.58,72.63,72.2
40127,99.4,98.95,98.64,99.06,99.11,97.42,94.56
40129,41.45,34.19,26.73,37.87,50.37,63.45,74.72
40131,44.73,46.09,47.89,46.02,43.28,38.65,32.99
40133,88.67,86.53,84.65,86.86,88.97,88.84,88.19
40135,95.92,96.25,96.45,95.3,93.77,89.82,85.54
40137,79.08,79.79,80.54,81.92,82.82,83.82,84.04
40139,11.97,9.25,5.72,3.84,2.0,0.98,-0.68
40141,69.02,66.96,64.75,67.53,70.33,74.0,75.4
40143,32.51,30.93,29.48,30.48,31.51,30.38,28.69
40145,51.19,49.81,48.43,52.79,58.12,61.36,64.02
40147,63.67,60.88,57.85,55.23,53.2,49.02,44.53
40149,34.16,27.9,21.14,22.49,24.49,26.82,27.25
40151,46.74,41.34,35.68,44.1,53.56,62.64,71.17
40153,26.52,21.55,17.02,32.38,48.79,64.58,79.66
41001,88.16,87.83,87.5,88.45,89.44,92.56,93.85
41003,10.32,10.67,10.84,11.09,11.64,14.05,15.32
41005,21.46,20.26,18.85,17.32,16.05,17.65,17.6
41007,80.01,80.84,81.31,80.74,80.18,83.23,84.18
41009,47.85,53.24,59.47,62.23,64.27,69.89,73.93
41011,95.29,94.88,94.29,93.9,93.69,96.09,97.69
41013,92.04,90.84,89.65,89.14,88.21,89.6,89.97
41015,97.1,97.31,97.6,93.54,89.22,87.65,85.76
41017,28.84,27.0,25.03,24.34,23.68,24.9,25.2
41019,89.62,89.18,88.43,86.92,85.59,87.04,86.15
41021,86.44,88.8,91.56,90.42,87.84,87.3,86.38
41023,83.22,82.17,81.01,86.93,93.4,102.01,110.06
41025,87.33,84.58,81.68,84.94,88.57,94.09,98.54
41027,9.71,9.54,9.79,7.66,5.11,5.71,4.72
41029,65.27,65.81,66.27,61.32,56.01,53.46,49.31
41031,68.26,64.71,60.7,63.28,66.82,71.96,76.71
41033,73.48,76.03,78.96,79.41,80.1,83.83,86.26
41035,83.22,82.9,82.32,81.7,81.55,83.72,84.61
41037,88.98,92.05,95.43,89.2,82.21,76.93,70.58
41039,53.68,56.47,59.68,61.05,62.25,66.13,68.95
41041,88.16,89.69,90.99,90.42,89.75,92.02,93.15
41043,64.37,66.3,68.46,67.96,67.1,68.4,68.2
41045,67.62,66.6,65.09,62.06,58.34,56.37,52.71
41047,44.73,45.34,46.06,44.94,43.63,44.69,44.47
41049,48.93,47.8,46.12,48.79,52.03,58.07,62.76
41051,26.52,27.33,28.4,26.63,24.38,24.93,24.05
41053,46.74,46.84,46.76,45.61,44.72,46.03,46.0
41055,84.24,79.55,74.02,79.94,88.33,99.05,109.24
41057,50.08,61.15,73.45,79.69,85.45,94.39,101.66
41059,36.01,40.72,45.85,51.21,56.76,65.05,71.66
41061,63.67,63.17,62.34,60.26,58.38,58.23,56.76
41063,89.4,91.89,94.48,90.15,84.93,82.17,77.85
41065,64.37,67.67,71.94,72.81,72.5,75.0,76.32
41067,6.91,7.44,7.94,7.19,6.55,8.79,9.48
41069,85.32,89.71,94.76,96.12,96.69,99.83,101.97
41071,51.19,50.87,50.2,49.49,49.18,51.83,52.92
42001,33.4,32.85,31.97,31.53,30.99,30.49,29.69
42003,29.96,29.29,28.56,28.58,28.57,28.48,27.57
42005,77.17,76.9,76.36,75.9,75.57,74.61,72.63
42007,47.85,46.11,43.94,46.39,49.88,53.17,55.67
42009,68.26,68.59,68.74,67.81,66.6,64.48,62.52
42011,30.82,30.23,29.5,29.58,29.95,29.99,30.55
42013,57.62,60.34,63.32,64.86,66.2,66.08,65.79
42015,42.31,43.48,44.75,46.54,48.08,48.15,48.27
42017,9.71,10.31,10.96,11.22,11.26,11.33,11.78
42019,18.31,19.24,20.28,20.81,21.02,20.69,19.61
42021,71.12,71.81,72.28,72.67,73.16,72.33,71.36
42023,74.59,77.13,79.71,78.3,76.47,72.77,68.83
42025,68.26,66.05,63.31,60.49,57.71,53.29,50.1
42027,6.24,6.61,6.79,6.03,5.3,2.83,0.08
42029,1.97,2.11,2.25,2.39,2.61,3.09,3.98
42031,57.62,60.21,63.0,62.13,60.48,57.5,53.72
42033,58.42,63.61,69.23,73.49,78.02,80.64,83.51
42035,42.31,44.84,47.82,52.57,57.76,61.6,65.41
42037,13.72,15.98,18.86,23.25,27.48,30.51,34.27
42039,60.17,58.44,56.31,60.45,65.55,69.2,71.47
42041,13.72,13.91,14.13,14.93,15.92,16.18,16.52
42043,29.96,29.89,29.72,27.89,25.74,23.28,21.07
42045,16.71,17.11,17.46,17.38,17.59,17.79,18.56
42047,45.78,52.68,60.37,58.8,55.93,51.11,46.0
42049,46.74,47.04,47.31,47.93,48.36,47.06,43.72
42051,75.96,74.14,71.96,74.67,78.36,81.66,84.18
42053,99.3,99.89,100.29,99.65,99.06,96.71,93.39
42055,19.8,21.42,23.17,29.27,36.07,42.53,48.85
42057,48.93,51.38,54.43,56.12,57.08,57.67,57.82
42059,77.17,79.44,82.16,82.03,80.33,78.76,76.26
42061,54.76,56.35,58.0,59.09,60.35,60.01,59.87
42063,34.89,37.19,39.67,43.31,47.26,49.82,51.94
42065,55.71,56.12,55.96,55.87,56.13,54.69,53.15
42067,42.31,39.91,37.05,36.33,36.14,35.02,33.85
42069,48.93,48.9,49.04,49.66,50.41,50.17,50.8
42071,14.45,15.35,16.25,17.22,18.34,19.53,21.01
42073,44.03,49.43,55.84,61.85,67.21,71.82,75.91
42075,20.89,23.24,25.97,26.67,26.96,27.24,28.01
42077,37.03,36.48,35.86,34.66,33.28,30.97,29.59
42079,52.66,52.56,52.71,52.01,51.18,48.65,47.06
42081,46.74,48.04,49.59,50.75,51.42,50.98,50.45
42083,69.79,70.56,70.98,71.95,73.34,72.77,71.51
42085,59.22,59.03,58.63,61.29,64.31,66.17,67.07
42087,69.02,68.31,67.59,63.44,58.47,52.15,46.13
42089,36.01,38.18,40.63,43.81,47.2,49.59,52.72
42091,5.48,6.05,6.72,6.71,6.55,6.65,6.82
42093,34.16,31.53,28.27,31.57,36.34,40.2,44.55
42095,26.52,25.16,23.47,22.6,21.96,20.17,19.52
42097,56.73,56.95,57.34,59.17,60.87,61.61,62.56
42099,27.19,28.21,29.43,32.16,35.11,37.55,40.31
42101,53.68,54.55,55.39,56.16,57.18,58.36,59.91
42103,52.66,56.75,61.51,63.63,65.03,65.45,66.78
42105,72.62,72.14,71.29,74.94,79.48,82.36,84.69
42107,70.49,70.26,69.99,69.08,67.94,65.48,64.02
42109,22.32,21.49,20.35,19.38,18.14,15.86,13.81
42111,60.17,59.93,59.48,59.39,59.26,58.3,57.4
42113,87.33,85.63,83.7,81.75,79.41,75.92,72.5
42115,65.87,64.35,62.45,62.29,62.44,61.68,61.19
42117,55.71,56.72,57.91,61.3,64.79,66.72,68.46
42119,28.18,27.36,26.25,25.56,24.79,23.1,21.51
42121,65.27,66.41,67.75,71.9,76.36,79.31,81.56
42123,69.02,69.14,69.12,66.82,64.28,59.52,54.17
42125,43.11,43.05,43.04,42.53,41.71,40.77,38.8
42127,69.79,69.25,68.52,69.12,70.02,69.37,69.73
42129,43.11,43.43,43.88,45.85,47.85,49.2,49.85
42131,46.74,43.64,39.98,36.12,31.98,26.94,22.36
42133,25.25,27.0,28.89,29.92,30.76,31.97,32.73
44001,19.8,18.65,17.1,14.9,12.25,8.75,6.34
44003,38.78,40.79,43.22,46.34,49.67,52.23,55.93
44005,19.8,20.45,21.07,22.22,23.58,24.01,25.58
44007,32.51,31.41,29.97,30.99,32.73,33.46,35.44
44009,8.63,10.45,12.5,13.34,13.92,13.64,14.77
45001,81.95,84.1,86.55,86.43,85.57,85.02,84.17
45003,38.78,38.47,38.16,35.81,33.08,30.01,27.38
45005,96.91,96.14,96.06,94.29,92.63,90.73,89.12
45007,58.42,58.17,57.74,57.35,56.78,56.42,56.37
45009,93.92,92.07,90.06,87.19,84.91,82.8,80.75
45011,92.96,93.38,94.1,93.81,93.81,93.62,93.51
45013,21.46,23.02,24.73,26.26,28.2,30.4,33.11
45015,27.19,29.43,31.97,33.75,35.65,37.74,39.97
45017,71.12,75.54,80.45,75.34,68.72,62.08,55.53
45019,11.46,12.23,12.89,11.78,10.43,9.43,8.71
45021,77.17,74.05,70.59,68.83,67.42,66.01,64.61
45023,65.27,67.64,70.82,73.45,75.56,77.06,78.63
45025,56.73,55.87,54.98,60.07,66.37,72.42,79.03
45027,92.36,93.49,94.63,94.58,94.94,95.56,95.92
45029,78.16,71.08,63.15,49.55,35.32,21.23,7.9
45031,72.62,73.78,75.16,75.93,76.47,77.07,77.2
45033,76.5,80.17,84.66,80.24,74.08,68.2,62.06
45035,16.71,18.41,20.4,20.83,21.44,22.37,23.42
45037,46.74,48.98,51.85,56.3,61.05,65.94,70.97
45039,82.74,80.92,78.74,79.76,80.88,81.35,81.63
45041,60.94,58.92,56.47,54.82,53.67,53.21,52.33
45043,51.74,52.4,52.98,54.67,56.64,58.45,60.37
45045,16.71,17.61,18.93,20.29,21.31,22.76,23.81
45047,51.74,51.53,51.19,53.53,56.29,58.77,60.99
45049,75.33,66.4,56.31,43.88,31.38,18.93,7.06
45051,53.68,56.14,58.91,59.89,60.64,61.41,62.19
45053,50.08,51.47,53.36,51.58,49.18,46.77,44.92
45055,52.66,50.23,47.25,51.41,56.92,62.16,67.44
45057,43.11,41.04,38.72,36.45,34.14,31.19,28.63
45059,84.75,82.88,80.72,81.22,82.05,82.5,83.27
45061,90.19,90.27,90.31,89.73,88.84,88.21,87.13
45063,18.94,21.37,24.15,27.08,29.79,32.51,34.81
45065,84.24,86.57,89.3,91.0,91.79,93.19,94.29
45067,73.96,73.79,73.49,71.89,70.68,69.92,69.17
45069,87.33,87.34,87.5,87.39,87.77,87.77,87.57
45071,39.83,40.32,41.2,42.33,42.89,43.41,43.32
45073,80.01,82.01,84.33,86.83,88.72,91.13,93.86
45075,67.62,68.42,69.19,62.99,56.54,50.09,43.7
45077,41.45,40.88,40.22,41.66,43.36,45.35,47.05
45079,16.71,17.37,18.04,21.95,26.37,30.6,34.44
45081,50.08,44.75,38.26,38.48,40.07,41.61,42.77
45083,52.66,51.82,51.08,49.41,47.31,45.58,43.52
45085,73.96,78.19,83.08,82.11,80.25,78.35,76.13
45087,88.16,85.27,82.03,82.37,83.33,84.37,84.83
45089,86.44,85.24,83.65,82.65,81.99,81.64,81.08
45091,16.71,15.82,15.0,12.39,9.18,5.79,2.44
46003,19.8,25.28,32.13,29.61,26.02,21.17,17.79
46005,36.01,30.44,24.77,18.83,12.93,6.58,0.9
46007,27.19,28.95,30.73,25.64,20.52,15.41,11.53
46009,28.84,30.67,32.84,28.91,23.92,17.55,12.23
46011,7.9,7.84,8.15,5.97,3.41,-0.11,-2.48
46013,7.45,7.51,7.92,9.66,12.16,14.72,17.13
46015,66.92,61.29,55.18,52.7,51.37,50.01,49.43
46017,70.49,67.75,65.16,61.0,56.23,50.98,47.1
46019,54.76,51.55,47.88,50.75,54.41,58.6,64.43
46021,43.11,36.89,29.6,27.71,27.84,28.09,29.35
46023,42.31,45.09,48.03,45.62,43.51,40.04,38.06
46025,63.67,64.2,65.51,48.06,27.69,6.91,-12.99
46027,5.76,5.64,5.6,7.36,9.15,8.37,8.94
46029,36.01,30.65,24.9,25.46,28.44,30.69,33.58
46031,23.72,23.39,23.22,19.04,14.28,9.36,5.45
46033,47.85,48.63,49.47,50.68,52.58,54.99,58.79
46035,47.85,52.47,57.49,48.63,38.26,26.59,16.38
46037,43.11,41.46,39.88,27.51,13.54,-0.42,-14.8
46039,56.73,48.52,39.51,29.74,19.84,9.0,-1.36
46041,22.32,17.31,11.63,8.13,5.52,2.59,1.34
46043,34.16,37.35,40.49,32.47,23.75,14.1,5.39
46045,9.11,14.85,21.68,15.18,6.93,-0.9,-8.29
46047,89.62,89.75,89.54,84.54,78.84,73.92,69.86
46049,48.93,44.61,39.87,35.24,31.44,27.32,23.91
46051,33.4,33.15,33.37,29.26,24.46,19.49,13.99
46053,68.26,62.48,56.28,42.58,28.2,12.76,-1.6
46055,68.26,55.95,42.32,47.48,55.75,64.67,75.21
46057,26.52,22.37,17.79,11.05,4.76,-1.99,-7.91
46059,37.89,31.54,24.94,25.27,26.38,27.44,29.63
46061,16.71,19.55,22.13,20.19,19.87,18.68,18.68
46063,3.09,3.44,3.62,2.54,1.7,1.21,1.68
46065,10.32,9.54,9.21,12.8,17.14,21.08,26.65
46067,44.03,49.35,55.01,51.02,46.56,40.76,35.99
46069,9.11,8.19,7.64,6.31,4.66,2.1,1.48
46071,16.05,25.36,36.77,30.65,21.52,12.13,4.11
46073,48.93,34.9,18.82,17.64,19.79,21.65,24.67
46075,79.53,56.66,31.09,17.06,5.18,-6.18,-15.82
46077,25.25,29.51,34.71,27.09,18.19,8.33,-0.33
46079,21.46,19.7,17.38,15.6,15.03,13.62,13.56
46081,45.78,45.44,45.54,49.09,52.83,56.19,61.38
46083,0.38,0.69,0.85,0.6,0.6,-0.72,-0.57
46085,12.61,12.7,13.69,11.28,8.22,4.68,2.25
46087,18.94,23.98,29.45,21.17,10.94,-0.55,-10.03
46089,65.87,67.89,70.04,66.7,63.85,60.99,58.44
46091,9.11,6.78,4.24,6.77,10.43,14.59,18.01
46093,34.16,35.43,36.89,30.95,23.55,15.98,10.07
46095,55.71,50.67,46.7,31.19,13.48,-4.61,-21.05
46097,19.8,25.61,32.22,29.08,25.73,20.79,17.64
46099,9.11,9.4,9.69,8.92,8.0,5.84,5.4
46101,20.89,16.9,12.25,12.18,12.92,12.54,14.03
46102,0.0,0.59,0.81,0.26,0.13,-0.05,0.97
46103,34.89,36.29,37.84,35.82,33.83,32.0,31.57
46105,48.93,56.29,65.16,56.8,45.87,34.68,25.12
46107,60.94,60.64,60.3,45.21,28.63,12.41,-3.17
46109,25.25,22.62,19.58,15.6,12.3,8.91,5.19
46111,38.78,37.36,35.9,27.55,18.36,8.16,-0.83
46115,64.37,53.67,41.9,32.95,25.0,17.15,9.69
46117,3.57,2.13,1.19,2.42,3.13,3.89,5.86
46119,15.09,13.99,12.89,8.03,3.04,-1.91,-5.69
46121,72.62,58.04,41.93,23.36,5.2,-13.03,-29.77
46123,19.8,16.84,14.66,9.53,4.33,-1.59,-6.58
46125,24.45,26.76,29.1,29.67,30.47,29.66,29.99
46127,7.45,9.59,12.18,10.6,7.94,3.58,0.47
46129,41.45,44.98,49.38,42.34,33.74,25.4,18.26
46135,31.65,29.64,27.24,33.45,41.39,47.22,54.31
46137,8.25,7.97,8.26,9.54,10.76,11.95,14.61
47001,77.17,76.76,76.34,76.29,76.57,75.74,75.56
47003,48.93,51.35,54.55,54.68,54.25,52.28,49.74
47005,94.49,95.84,97.02,97.63,98.52,96.72,94.94
47007,97.55,97.76,98.12,98.23,98.35,96.81,95.66
47009,54.76,52.49,49.61,45.42,41.03,35.83,31.78
47011,76.5,72.64,68.81,69.04,69.69,69.56,69.46
47013,90.51,92.05,93.96,95.49,96.76,97.25,97.78
47015,91.56,87.55,82.9,79.23,76.16,71.16,66.06
47017,83.79,84.88,85.9,88.25,90.83,90.57,90.76
47019,93.92,92.02,89.55,89.1,89.25,89.6,90.34
47021,52.66,49.0,44.65,40.91,37.45,30.8,24.51
47023,26.52,30.09,34.44,35.2,35.07,31.68,28.4
47025,92.36,90.44,88.36,88.14,88.41,88.52,88.12
47027,91.44,91.95,93.12,87.24,78.86,68.38,57.21
47029,92.04,92.51,93.21,94.07,94.61,94.58,95.09
47031,86.44,81.58,75.73,72.15,69.62,65.94,61.72
47033,80.64,81.87,83.36,81.61,78.68,72.51,66.42
47035,92.96,93.24,93.78,93.08,91.88,89.13,86.44
47037,16.71,17.45,18.32,17.42,16.26,12.63,8.95
47039,89.62,89.99,90.44,85.7,80.0,71.87,63.86
47041,72.62,73.63,75.14,68.34,59.65,48.77,37.86
47043,60.17,59.36,58.39,57.5,57.07,53.8,50.51
47045,69.79,71.96,74.47,77.02,79.52,78.9,78.36
47047,60.17,55.65,50.7,51.29,52.31,50.41,48.0
47049,96.75,95.54,94.29,94.83,95.33,94.79,93.22
47051,77.17,78.03,79.25,79.3,79.54,78.44,76.92
47053,63.67,65.12,66.61,72.05,78.46,81.7,85.03
47055,65.87,68.26,70.79,69.89,68.28,64.74,61.23
47057,88.98,89.6,90.49,92.36,94.16,96.16,98.12
47059,91.82,91.88,92.08,93.5,94.61,95.91,97.64
47061,98.5,98.32,98.22,97.65,96.87,94.81,92.73
47063,78.16,77.28,76.21,76.24,76.16,75.85,75.76
47065,41.45,38.9,36.3,36.22,36.18,35.39,34.64
47067,97.39,97.68,98.2,98.53,98.82,98.93,98.97
47069,75.96,74.63,73.47,75.77,78.33,78.29,77.93
47071,88.16,83.57,78.19,74.44,71.1,65.26,59.35
47073,91.44,91.72,91.79,92.16,92.51,92.8,93.27
47075,78.16,74.11,69.28,69.42,70.61,68.65,66.83
47077,62.56,64.7,67.1,69.95,73.37,73.98,75.02
47079,87.81,88.99,90.2,90.34,89.81,86.63,83.37
47081,90.19,89.97,89.61,86.59,83.32,77.2,71.53
47083,93.22,94.64,96.05,94.68,92.98,88.21,83.0
47085,73.96,79.74,86.35,88.25,89.56,87.97,86.31
47087,94.49,92.46,90.38,91.44,93.06,92.53,91.12
47089,83.79,82.89,81.73,82.22,82.85,82.94,83.6
47091,97.39,95.96,94.38,94.84,95.07,95.26,95.45
47093,27.19,26.79,26.37,24.3,21.97,18.86,16.43
47095,97.99,98.07,98.04,96.26,94.08,88.37,83.0
47097,93.7,93.27,92.79,92.18,91.51,87.29,83.53
47099,66.92,67.7,68.64,70.95,73.81,74.64,75.71
47101,81.95,81.38,80.87,77.75,74.3,68.26,62.82
47103,82.74,84.17,85.7,83.01,80.13,75.65,70.71
47105,63.67,61.43,59.14,54.63,48.92,42.7,37.17
47107,80.64,75.6,70.26,72.53,76.06,78.45,81.24
47109,85.8,84.47,83.05,81.45,79.64,74.83,70.0
47111,79.08,77.3,74.94,77.14,80.56,81.26,81.13
47113,54.76,53.63,52.04,48.82,45.23,38.39,31.85
47115,93.92,92.19,90.59,89.74,88.56,86.15,83.62
47117,62.56,58.32,53.05,54.38,57.92,59.55,61.02
47119,44.73,43.83,42.87,40.32,37.28,31.7,26.71
47121,98.89,96.45,94.17,89.06,82.65,74.83,67.33
47123,81.95,76.92,71.22,75.3,81.47,86.47,92.34
47125,29.96,31.23,32.69,36.13,40.05,41.05,41.59
47127,69.02,68.89,68.92,57.86,44.35,29.41,13.69
47129,94.08,93.39,92.76,91.75,90.69,88.91,87.06
47131,75.96,77.45,78.91,82.82,87.45,88.75,89.7
47133,65.87,58.79,50.62,51.07,53.14,53.67,53.41
47135,81.31,81.71,82.2,80.19,78.24,74.3,70.28
47137,81.95,82.75,84.08,86.7,88.47,89.12,88.73
47139,88.98,82.69,75.65,72.85,70.25,66.76,63.43
47141,41.45,38.03,34.17,37.61,42.54,45.63,48.01
47143,96.34,94.02,91.61,88.2,84.66,80.02,75.53
47145,92.36,89.93,87.31,85.32,83.42,80.85,78.27
47147,31.65,35.04,39.26,40.69,41.57,39.88,38.01
47149,5.16,5.8,6.7,7.82,9.14,8.83,8.3
47151,90.51,92.72,95.51,96.83,97.64,97.13,96.85
47153,85.8,88.72,92.39,93.0,92.76,91.37,89.75
47155,70.49,69.2,67.55,67.52,67.88,67.59,67.63
47157,26.52,25.05,23.3,22.83,22.71,19.78,16.42
47159,69.02,71.13,73.81,71.42,67.83,61.73,55.51
47161,85.8,87.19,88.67,88.07,86.96,82.74,78.39
47163,82.74,83.61,84.43,85.55,86.26,86.83,87.43
47165,23.02,24.71,26.55,29.69,33.6,35.29,36.74
47167,46.74,48.19,50.09,52.34,54.47,53.4,52.42
47169,69.79,68.31,66.43,67.87,70.44,70.47,70.19
47171,96.05,96.04,96.12,95.47,94.63,94.1,94.06
47173,69.02,70.33,71.79,74.2,76.51,78.49,80.6
47175,92.04,92.26,92.43,94.06,96.23,96.73,97.09
47177,77.17,76.83,76.57,79.42,83.04,85.29,87.39
47179,64.37,66.06,68.06,70.49,72.75,75.22,77.76
47181,88.67,86.61,84.31,84.16,84.55,82.92,81.04
47183,62.56,63.32,63.97,68.74,74.0,76.12,77.84
47185,80.01,81.28,82.87,82.77,81.95,79.51,76.5
47187,1.34,0.97,0.52,0.44,0.52,-1.84,-4.21
47189,23.02,24.94,27.22,26.62,25.48,22.3,18.94
48001,29.96,26.21,22.28,27.3,33.23,37.75,41.61
48003,22.32,16.65,10.89,7.23,3.75,0.1,-5.81
48005,80.64,81.96,83.29,79.69,75.08,68.69,61.56
48007,92.96,92.68,92.7,91.03,88.56,83.9,80.08
48009,50.08,47.43,44.61,47.84,51.67,56.43,59.44
48011,52.66,52.54,52.33,39.64,25.36,10.18,-5.86
48013,33.4,25.16,16.1,16.74,18.88,17.84,17.9
48015,26.52,29.73,33.2,28.04,22.58,15.58,7.28
48017,22.32,31.21,40.94,35.78,28.83,21.8,13.45
48019,74.59,75.94,77.28,78.43,80.06,79.32,79.0
48021,30.82,33.95,37.74,35.33,32.0,26.96,21.48
48023,84.24,77.9,70.51,75.99,83.32,91.89,98.62
48025,73.96,65.92,57.38,59.4,62.98,63.71,65.07
48027,32.51,35.67,38.6,40.45,42.57,43.27,43.47
48029,32.51,32.1,31.95,33.44,34.89,34.09,33.74
48031,64.37,62.52,60.46,60.94,62.38,61.87,61.21
48033,27.19,40.62,56.22,73.78,90.51,107.06,122.24
48035,70.49,69.59,68.44,67.78,67.14,65.81,63.6
48037,51.74,48.26,44.39,36.96,28.4,18.1,6.67
48039,8.63,7.18,5.65,5.44,5.23,4.22,3.28
48041,3.76,2.33,1.24,1.42,1.43,-0.34,-2.06
48043,82.43,85.36,89.29,87.34,85.03,81.31,76.42
48045,23.02,16.8,9.12,10.36,14.43,17.63,19.48
48047,97.07,85.45,70.32,70.35,75.0,77.61,80.96
48049,31.65,34.41,37.13,37.25,36.63,34.4,31.79
48051,75.33,70.59,65.28,59.87,54.92,48.4,41.49
48053,79.08,79.58,80.04,77.41,74.03,69.53,64.34
48055,50.08,45.13,39.42,36.47,34.29,30.51,26.39
48057,79.08,74.28,68.74,68.43,68.79,67.76,66.64
48059,79.08,77.34,74.6,74.41,75.11,75.09,74.24
48061,32.51,30.03,27.16,24.11,21.42,19.13,16.35
48063,73.48,67.85,61.75,55.13,48.61,40.29,31.03
48065,15.09,16.09,16.8,13.67,10.96,8.08,4.27
48067,77.84,70.54,62.48,63.37,66.07,66.92,66.84
48069,8.63,8.86,8.57,9.58,11.42,12.64,12.85
48071,37.89,32.84,27.34,20.5,13.3,4.7,-4.48
48073,39.83,38.55,37.12,32.51,26.75,19.15,10.63
48075,24.45,44.64,67.8,68.88,66.69,64.46,60.6
48077,85.8,82.42,78.32,76.42,74.63,73.51,70.82
48079,66.92,64.89,62.13,57.18,52.14,46.83,40.1
48081,71.76,71.9,72.4,71.38,69.19,65.44,60.74
48083,24.45,25.32,26.33,32.82,40.0,46.34,52.16
48085,0.45,0.41,0.33,0.24,0.2,0.21,-1.37
48087,52.66,55.99,59.4,48.51,35.99,23.66,9.17
48089,38.78,40.89,43.09,38.86,34.04,27.59,20.18
48091,34.16,33.38,32.63,32.97,33.67,32.51,31.24
48093,71.76,74.22,76.84,78.25,79.52,79.69,79.02
48095,62.56,37.66,9.0,5.03,5.24,3.75,1.87
48097,45.78,45.35,44.29,41.21,37.93,33.81,28.79
48099,29.96,39.8,50.67,58.06,65.13,70.58,75.86
48101,88.67,87.48,85.29,81.96,79.34,76.85,72.78
48103,3.57,1.88,0.65,-0.13,-0.36,-1.38,-4.17
48105,19.8,17.35,14.98,9.29,2.91,-5.02,-13.89
48107,69.79,68.21,66.35,70.0,74.76,78.89,81.79
48109,96.75,96.37,96.22,95.9,95.86,94.7,92.35
48111,24.45,29.04,34.12,30.27,24.82,19.71,14.64
48113,5.76,5.51,5.26,4.97,4.74,3.9,1.84
48115,39.83,47.55,56.54,65.82,74.46,82.78,89.53
48117,10.98,9.31,7.17,6.86,7.64,7.54,6.71
48119,53.68,60.26,67.93,71.62,75.22,77.82,79.26
48121,1.88,1.91,1.8,1.53,1.37,0.8,-1.33
48123,62.56,63.19,64.39,61.83,58.91,53.9,48.75
48125,87.33,90.72,94.72,93.09,90.17,87.14,82.55
48127,78.16,85.38,93.83,93.47,92.13,88.41,85.57
48129,70.49,71.15,71.63,61.81,51.34,40.31,28.05
48131,98.15,97.57,97.45,97.85,97.73,95.41,93.86
48133,90.89,89.42,87.31,89.27,91.69,93.99,95.11
48135,36.01,30.76,25.56,21.3,16.72,11.87,4.79
48137,85.32,88.13,91.14,95.64,99.63,101.52,103.41
48139,25.25,22.45,19.33,16.88,15.02,12.55,8.58
48141,28.18,31.46,34.96,35.18,34.8,33.56,31.36
48143,15.09,12.3,8.99,13.09,18.47,23.48,27.32
48145,79.53,81.36,83.54,84.81,86.12,86.17,85.47
48147,68.26,65.29,61.55,55.16,48.75,41.4,32.44
48149,27.19,30.85,35.08,39.24,44.09,47.3,49.64
48151,61.64,59.58,57.16,62.77,70.05,76.8,82.59
48153,37.89,36.65,35.24,29.57,22.62,15.52,6.59
48155,99.17,97.54,95.78,91.67,86.6,82.0,75.16
48157,1.46,1.59,1.6,0.8,0.38,-1.2,-3.51
48159,90.89,90.1,89.67,81.77,72.71,62.56,51.44
48161,67.62,67.51,67.49,72.76,78.72,83.7,87.54
48163,71.12,70.2,69.49,61.28,51.73,38.93,27.44
48165,25.25,22.39,19.47,16.81,13.63,10.34,5.21
48167,25.25,26.42,28.23,29.55,30.35,30.3,30.24
48169,47.85,40.77,32.13,35.97,41.69,46.65,50.26
48171,68.26,58.9,47.96,38.74,30.25,19.69,8.83
48173,0.03,-0.7,-0.92,0.56,1.07,0.49,-1.44
48175,86.44,84.71,83.31,75.05,65.31,52.93,40.85
48177,84.75,82.3,79.84,75.26,70.35,63.67,56.62
48179,50.08,51.65,53.16,58.28,65.3,72.13,77.89
48181,56.73,58.22,59.84,59.93,60.26,59.59,57.47
48183,43.11,43.08,43.34,42.82,42.11,39.37,36.15
48185,40.75,36.85,32.41,32.34,33.38,32.97,32.02
48187,25.25,23.14,20.99,20.68,20.37,18.24,16.24
48189,15.09,13.8,12.22,13.79,16.24,18.24,18.87
48191,68.26,76.68,85.6,83.91,82.33,80.12,76.09
48193,86.82,91.26,95.85,94.75,92.56,89.86,85.97
48195,15.09,17.59,20.23,27.23,35.53,44.56,52.31
48197,93.7,93.66,93.31,92.33,91.46,90.82,88.26
48199,57.62,51.6,45.0,44.66,45.01,44.98,44.11
48201,4.81,4.56,4.32,3.62,3.19,1.65,-0.25
48203,34.89,29.4,23.0,19.3,16.4,11.47,5.81
48205,16.05,17.9,19.68,20.07,21.97,24.06,26.17
48207,95.7,97.92,99.98,98.01,95.89,93.93,91.04
48209,5.48,4.96,4.56,4.02,3.34,1.06,-1.62
48211,8.63,5.56,2.36,11.47,21.78,32.01,41.18
48213,71.76,69.19,66.37,64.71,63.01,60.59,56.91
48215,34.16,32.23,30.22,28.52,27.03,25.19,23.88
48217,74.59,73.4,72.13,71.07,70.26,68.7,66.21
48219,37.03,37.71,38.64,43.07,47.95,52.36,54.85
48221,55.71,48.39,39.95,32.1,24.16,15.6,5.69
48223,65.27,66.83,68.47,65.79,63.32,60.0,55.72
48225,82.43,76.91,70.9,71.19,71.87,70.88,69.69
48227,71.76,65.43,58.19,58.34,58.97,59.02,57.13
48229,97.61,97.88,98.12,98.4,98.74,98.51,96.9
48231,65.87,64.83,63.34,58.86,54.35,49.21,42.71
48233,50.08,58.49,68.05,70.68,72.71,74.76,76.14
48235,15.09,11.94,8.85,13.56,18.52,22.12,24.94
48237,85.32,84.61,83.78,73.89,62.36,50.55,37.2
48239,54.76,60.13,66.68,70.11,72.43,72.9,73.17
48241,91.44,90.7,89.73,82.32,74.07,64.97,55.42
48243,98.98,90.76,81.63,67.39,52.84,36.13,18.5
48245,44.73,39.14,33.41,34.27,35.73,36.59,36.32
48247,90.51,91.94,93.92,96.14,97.91,98.01,99.13
48249,75.96,69.06,61.27,55.94,50.62,42.9,35.92
48251,14.45,14.21,14.27,11.95,9.01,5.87,1.23
48253,80.01,83.18,86.27,87.69,89.51,90.89,91.33
48255,89.62,82.7,75.5,62.22,47.31,29.4,12.1
48257,22.32,22.11,21.94,21.08,20.23,18.97,16.19
48259,28.18,36.72,47.04,41.4,32.48,21.48,10.66
48261,0.89,37.24,79.33,89.0,93.14,95.78,99.51
48263,88.98,93.06,97.48,98.7,99.45,100.09,99.95
48265,78.16,78.66,79.26,78.15,77.07,73.97,71.2
48267,71.76,76.17,81.16,85.44,89.48,91.48,93.95
48269,4.39,3.0,1.01,8.14,17.73,27.11,35.41
48271,59.22,44.36,27.1,53.01,84.99,115.06,144.89
48273,46.74,47.85,48.8,47.25,45.68,42.58,40.03
48275,79.08,80.0,80.96,84.43,88.23,92.23,95.26
48277,71.12,71.94,72.81,72.38,71.85,70.49,67.89
48279,30.82,35.09,39.73,44.88,50.67,56.27,60.69
48281,52.66,59.87,67.51,71.94,76.19,78.85,81.33
48283,85.8,87.4,89.14,80.52,71.19,59.56,48.98
48285,78.16,75.28,71.84,68.8,66.48,62.32,57.59
48287,58.42,56.24,53.65,44.14,33.96,21.69,9.09
48289,47.85,43.72,39.46,52.02,66.85,80.74,93.49
48291,73.96,71.89,69.82,67.81,65.72,62.1,58.14
48293,60.94,64.55,68.8,66.91,63.25,58.62,52.94
48295,19.8,19.96,20.4,29.87,39.6,49.54,59.16
48297,73.48,68.81,64.12,69.21,75.53,79.31,83.91
48299,96.05,95.75,95.73,96.01,96.24,94.97,93.78
48301,73.48,83.2,95.29,91.44,85.02,77.71,68.71
48303,37.89,39.44,41.42,40.08,37.16,33.67,28.43
48305,74.59,75.57,76.6,82.3,87.92,93.23,96.44
48307,60.94,64.61,69.61,75.98,81.24,84.97,88.03
48309,26.52,26.26,25.67,26.92,28.9,29.53,29.45
48311,96.75,96.03,95.78,91.43,86.14,78.28,71.25
48313,59.22,55.98,52.73,53.89,54.51,53.64,52.2
48315,94.08,92.91,92.19,91.44,89.9,86.45,82.0
48317,27.19,21.79,15.87,11.74,7.27,2.51,-4.1
48319,60.94,57.48,53.65,55.65,58.47,59.36,60.15
48321,48.93,45.1,40.84,49.47,59.89,69.12,77.74
48323,66.92,63.8,60.37,56.31,51.08,44.11,37.42
48325,60.17,54.64,48.45,51.74,56.46,58.07,60.91
48327,94.49,94.3,95.07,94.66,92.57,88.89,84.74
48329,18.31,13.2,7.88,5.63,3.7,1.57,-2.73
48331,89.62,88.91,88.31,81.04,72.92,63.63,53.72
48333,51.19,62.38,74.95,84.31,93.13,100.69,107.61
48335,65.87,62.2,58.24,58.22,57.63,55.94,52.39
48337,73.48,75.47,77.51,79.36,81.66,84.07,85.11
48339,11.97,11.11,10.07,8.37,6.87,4.14,1.12
48341,28.18,29.23,29.89,20.42,9.91,0.05,-10.7
48343,94.97,89.72,84.53,81.57,78.78,74.23,68.68
48345,75.33,79.17,83.36,81.71,79.26,76.84,72.47
48347,38.78,42.62,46.82,53.17,60.45,65.77,70.54
48349,70.49,72.84,75.54,70.39,63.87,56.53,48.01
48351,88.16,91.76,96.19,93.28,89.49,84.92,80.35
48353,80.01,75.9,71.35,73.13,75.58,77.35,77.88
48355,46.74,42.16,36.64,33.47,30.79,26.2,22.42
48357,6.91,8.71,10.77,11.04,10.05,9.39,8.15
48359,54.76,52.53,49.9,39.91,29.09,17.55,5.17
48361,71.12,66.21,61.2,61.35,62.03,62.38,61.65
48363,66.92,68.96,71.72,72.27,72.33,72.32,70.82
48365,59.22,62.12,65.42,65.13,64.12,61.24,57.62
48367,27.19,25.62,23.84,22.66,21.96,21.22,18.75
48369,18.94,25.91,33.46,32.17,30.51,28.44,25.3
48371,20.89,19.92,19.43,17.37,15.36,12.71,8.49
48373,97.1,96.19,95.16,92.35,89.3,84.73,78.88
48375,18.31,18.67,18.91,16.51,14.62,12.13,8.78
48377,92.96,91.57,90.16,88.79,87.77,86.08,83.65
48379,75.33,78.47,82.17,78.77,74.38,68.89,62.47
48381,11.46,12.84,14.4,13.89,13.83,13.2,11.66
48383,9.71,7.58,5.45,4.69,3.99,2.49,-0.17
48385,76.5,85.13,95.15,98.15,98.68,96.97,96.02
48387,92.96,90.44,87.76,81.03,73.43,64.04,54.08
48389,43.11,34.55,25.14,16.84,9.47,0.99,-9.1
48391,91.82,90.88,90.38,91.35,92.34,90.96,89.91
48393,50.08,51.78,53.72,47.75,39.3,30.58,20.79
48395,59.22,53.2,46.48,41.88,37.4,31.29,24.95
48397,1.69,1.92,2.17,1.97,1.9,1.37,-0.52
48399,15.09,22.53,31.89,36.09,38.45,39.29,39.18
48401,53.68,54.29,54.99,55.62,56.53,54.98,52.94
48403,92.68,92.5,92.55,94.7,96.99,97.95,98.75
48405,98.31,98.55,98.7,98.65,98.62,97.49,95.66
48407,75.96,77.86,80.39,84.06,87.95,90.37,91.85
48409,55.71,50.01,43.76,43.75,44.77,43.67,43.37
48411,73.48,68.84,62.81,61.81,61.87,60.05,58.49
48413,24.45,16.89,8.7,6.56,4.81,1.25,-2.94
48415,44.03,40.49,36.36,37.45,38.64,39.32,38.81
48417,39.83,53.67,69.66,73.67,75.42,77.2,77.96
48419,57.62,63.27,69.82,74.11,77.69,79.52,80.56
48421,57.62,60.12,62.55,59.04,55.25,51.75,47.61
48423,33.4,31.46,29.51,29.4,29.7,28.61,26.59
48425,19.8,17.56,15.39,15.75,16.47,16.51,15.32
48427,82.74,77.57,71.85,70.84,70.09,68.77,68.32
48429,52.66,56.76,61.02,70.56,81.64,93.02,102.8
48431,18.31,15.14,11.82,31.19,53.65,74.72,95.17
48433,74.59,82.5,91.43,87.06,79.98,73.06,65.16
48435,5.76,3.95,2.34,4.23,6.35,6.69,6.61
48437,61.64,66.01,71.25,70.33,68.16,64.82,60.14
48439,8.25,8.13,8.24,7.74,7.37,6.25,4.13
48441,61.64,60.52,58.82,54.96,50.57,45.51,39.79
48443,84.75,77.3,69.06,57.7,46.32,33.31,19.66
48445,64.37,59.71,54.24,59.04,65.34,71.67,75.84
48447,74.59,80.5,87.28,87.2,85.34,84.24,81.83
48449,58.42,52.13,45.24,39.58,34.69,28.22,20.76
48451,40.75,38.31,36.19,36.28,35.21,32.51,29.14
48453,3.76,3.5,3.12,2.36,1.81,-0.25,-2.72
48455,97.33,97.65,98.17,98.64,98.73,97.28,95.21
48457,94.49,94.45,94.53,95.06,95.88,95.78,94.96
48459,79.53,76.44,73.27,69.29,65.19,59.7,53.58
48461,22.32,22.45,22.97,14.3,4.04,-6.79,-19.21
48463,41.45,36.58,31.1,36.78,43.43,47.32,52.18
48465,15.09,20.3,26.95,36.57,44.46,50.15,55.42
48467,74.59,72.68,70.49,70.42,71.26,71.03,69.56
48469,51.19,49.23,47.01,45.65,44.89,42.06,39.24
48471,8.63,6.73,4.79,3.97,2.91,0.13,-3.06
48473,28.18,32.24,36.92,26.62,13.9,0.04,-15.05
48475,60.17,47.53,33.78,25.88,18.89,11.3,1.58
48477,43.11,43.55,44.03,45.21,47.33,48.17,48.41
48479,26.52,23.19,19.35,17.41,15.9,13.02,10.58
48481,47.85,46.88,45.68,43.0,39.98,35.62,30.35
48483,53.68,51.7,49.52,49.93,50.58,51.59,50.8
48485,41.45,44.18,47.91,54.15,59.86,66.36,70.94
48487,83.79,82.46,81.18,86.29,91.85,98.16,102.44
48489,69.79,71.85,73.44,67.23,60.85,53.53,47.02
48491,5.16,5.02,4.7,4.54,4.94,3.95,2.1
48493,31.65,25.95,19.98,19.4,19.54,17.07,15.11
48495,51.74,40.6,28.34,20.62,13.88,6.35,-3.13
48497,52.66,56.76,61.42,62.53,63.41,64.42,63.88
48499,90.19,90.29,90.6,88.6,86.7,83.61,79.88
48501,25.25,19.38,13.0,9.4,6.12,2.69,-2.34
48503,65.87,59.97,52.89,50.08,48.29,46.83,43.77
48505,53.68,54.82,56.45,60.73,64.95,68.15,71.9
48507,93.47,94.8,96.21,95.21,93.92,90.58,87.5
49001,14.45,14.45,13.87,17.94,23.11,27.33,32.05
49003,21.46,23.94,26.54,25.33,23.85,24.04,23.47
49005,1.97,2.77,3.52,2.53,1.83,2.94,3.0
49007,63.67,57.3,49.93,47.9,46.66,45.84,45.36
49009,65.27,46.28,25.2,14.59,4.85,-4.79,-13.97
49011,3.57,4.16,4.82,4.63,4.13,4.44,5.01
49013,5.76,8.59,12.29,16.76,20.95,25.51,30.37
49015,45.78,48.65,51.96,52.01,51.31,50.45,50.59
49017,38.78,43.14,47.47,43.72,39.58,33.83,28.96
49019,16.05,17.16,18.43,20.43,22.49,24.55,26.7
49021,16.05,14.54,12.59,11.48,10.6,8.96,8.18
49023,10.98,10.89,10.74,10.51,10.4,9.95,9.78
49025,53.68,55.46,57.09,48.13,38.44,27.5,18.03
49027,12.61,15.71,18.96,17.56,15.65,13.31,11.08
49029,3.09,2.12,0.98,0.78,0.75,1.23,2.1
49031,58.42,71.07,85.22,91.7,96.88,100.93,105.63
49033,45.78,40.08,33.56,23.85,13.46,4.6,-4.52
49035,4.11,4.07,4.08,4.14,4.15,4.6,5.28
49037,57.62,55.62,53.33,55.48,57.98,60.06,62.82
49039,11.97,14.3,16.78,18.86,20.93,22.68,24.54
49041,19.8,21.81,23.49,27.84,32.82,37.29,41.97
49043,0.1,-0.01,0.03,0.33,0.33,0.71,1.19
49045,11.46,11.17,10.64,10.34,10.28,10.75,10.97
49047,9.71,9.52,9.97,10.46,10.21,10.55,11.12
49049,1.15,1.11,1.07,1.1,1.21,1.04,0.93
49051,1.24,1.19,1.15,1.46,1.7,2.17,2.97
49053,23.72,25.08,26.51,26.39,26.0,24.93,24.76
49055,3.57,7.27,10.85,16.56,23.0,27.95,33.9
49057,12.61,13.01,13.41,13.66,14.19,15.51,16.78
50001,28.18,32.74,37.59,40.48,43.23,45.99,48.6
50003,60.94,62.32,63.9,65.87,67.55,68.08,69.06
50005,79.53,80.11,80.79,78.36,75.31,72.44,69.3
50007,9.11,11.18,13.23,14.45,15.71,16.81,17.52
50009,87.33,84.18,80.36,78.95,77.88,76.41,75.17
50011,28.84,25.81,22.19,21.64,22.0,22.05,21.82
50013,18.94,19.19,19.32,15.5,10.8,5.51,0.21
50015,16.71,16.92,17.09,17.83,18.58,19.45,20.05
50017,48.93,55.85,63.64,64.41,63.59,62.14,60.54
50019,53.68,54.85,56.43,57.64,58.57,59.74,60.74
50021,48.93,50.91,52.84,54.43,56.11,57.19,57.95
50023,15.09,15.94,16.38,20.93,26.93,32.67,38.15
50025,56.73,56.14,55.32,56.6,58.06,58.51,59.69
50027,58.42,57.79,56.86,56.61,56.72,55.46,55.17
51001,22.32,22.51,22.51,24.32,27.16,30.51,34.42
51003,6.91,5.58,3.89,3.07,2.97,2.7,2.49
51005,78.16,79.31,80.53,76.58,72.9,67.76,63.0
51007,42.31,37.99,32.6,32.29,33.28,34.4,35.85
51009,42.31,40.88,39.77,41.72,43.31,43.86,45.17
51011,73.48,67.56,60.79,60.85,61.82,62.27,63.07
51013,0.1,0.09,0.11,0.32,0.44,1.6,2.44
51015,30.82,32.54,34.7,31.58,27.28,22.12,17.02
51017,54.76,60.04,66.38,64.56,61.33,57.15,52.84
51019,33.4,35.77,38.93,38.66,37.24,34.62,32.37
51021,87.33,78.66,68.6,69.73,73.29,76.37,79.67
51023,34.89,35.96,37.14,38.78,42.13,43.97,46.63
51025,69.79,72.84,76.49,77.72,79.94,81.78,84.57
51027,98.44,97.11,95.64,96.18,97.11,96.82,96.31
51029,71.12,68.42,65.33,65.54,66.66,67.39,68.53
51031,44.73,43.86,43.13,45.93,49.1,51.34,53.88
51033,44.03,37.91,30.91,26.19,21.32,17.0,12.87
51035,81.95,79.71,76.85,74.96,73.52,71.49,70.13
51036,55.71,54.06,51.71,55.0,59.92,65.05,71.17
51037,88.67,88.42,88.3,88.04,87.12,85.95,85.21
51041,6.24,7.32,8.43,8.2,8.23,8.53,9.66
51043,12.61,12.62,12.5,12.02,11.44,10.76,9.89
51045,84.75,88.22,92.18,82.95,71.51,58.77,46.59
51047,13.34,12.97,12.35,14.14,15.46,17.13,18.98
51049,65.87,69.54,73.95,73.3,70.58,67.68,65.21
51051,98.73,98.43,97.87,97.98,97.95,97.34,96.04
51053,68.26,64.7,60.04,53.61,47.6,41.74,36.26
51057,44.73,31.23,15.91,19.84,27.8,36.59,45.42
51059,0.45,0.39,0.4,0.55,0.64,1.64,2.5
51061,13.34,11.63,9.58,8.8,7.48,6.86,6.11
51063,37.03,37.18,37.41,34.71,31.54,27.06,23.29
51065,27.19,29.56,32.18,29.74,26.22,22.63,19.42
51067,51.74,49.92,47.9,46.6,45.78,43.61,42.4
51069,17.54,17.58,17.44,17.87,18.37,19.1,19.62
51071,87.81,84.77,81.28,73.69,64.81,55.48,46.1
51073,34.89,39.54,44.62,51.89,59.67,67.49,76.28
51075,8.63,13.76,19.69,21.69,22.74,24.08,25.33
51077,84.75,80.33,75.09,76.27,78.77,80.89,83.18
51079,25.25,30.43,36.31,35.97,34.16,32.21,30.53
51081,79.08,78.89,78.81,66.43,54.53,42.27,31.04
51083,69.02,69.65,70.51,70.98,71.56,71.37,71.46
51085,8.25,6.88,5.47,5.45,5.55,6.1,7.32
51087,9.11,9.62,10.14,10.53,10.96,11.75,13.24
51089,78.16,78.03,78.14,80.04,82.49,83.38,84.93
51091,67.62,71.02,74.79,76.82,79.45,81.19,82.67
51093,23.72,20.25,16.43,26.07,37.32,48.39,60.59
51095,7.9,11.33,15.41,21.02,26.0,31.04,37.16
51097,9.11,12.47,17.24,26.32,34.98,43.81,53.45
51099,16.71,15.36,14.17,12.05,9.39,7.92,6.44
51101,12.61,9.78,6.85,9.94,13.32,17.1,21.62
51103,60.17,58.85,57.46,58.59,60.48,62.89,65.97
51105,98.85,98.47,97.8,97.79,97.98,97.99,97.93
51107,0.1,0.18,0.15,0.35,0.4,0.74,1.19
51109,41.45,46.33,51.94,56.12,60.03,64.14,68.45
51111,78.16,81.23,84.85,86.35,87.19,87.77,89.21
51113,19.8,22.67,25.73,26.75,26.94,27.5,28.32
51115,31.65,36.0,40.66,45.65,50.89,56.5,63.23
51117,79.53,81.41,83.6,84.11,84.52,84.01,84.47
51119,58.42,60.56,63.08,59.76,54.19,49.3,45.31
51121,5.16,5.47,5.8,5.01,5.0,4.02,3.47
51125,43.11,40.82,38.57,34.7,29.83,24.36,19.71
51127,5.16,6.94,9.03,9.64,8.78,8.2,8.76
51131,28.84,33.5,38.57,37.11,34.39,32.28,30.83
51133,53.68,49.56,45.2,43.18,41.36,40.09,39.36
51135,69.02,69.99,71.28,74.85,79.01,83.06,87.62
51137,36.01,36.47,36.66,45.62,56.56,67.88,79.38
51139,66.92,70.24,73.72,77.03,80.65,83.94,87.54
51141,87.33,83.73,79.42,75.29,71.39,66.56,62.44
51143,70.49,68.43,65.95,65.83,66.36,65.56,65.19
51145,3.76,5.37,7.09,9.57,12.56,15.74,19.16
51147,39.83,36.05,31.57,34.0,37.78,41.63,45.89
51149,37.89,38.16,38.19,37.53,37.56,37.99,39.22
51153,0.83,0.61,0.53,0.88,1.08,2.11,3.24
51155,70.49,68.77,66.94,69.71,73.85,77.16,80.86
51157,24.45,23.31,21.58,31.3,43.99,56.84,70.02
51159,74.59,59.42,42.0,33.38,25.46,18.1,11.07
51161,15.09,15.93,16.85,13.02,9.97,5.78,2.22
51163,68.26,61.62,54.72,49.74,43.75,36.67,30.0
51165,25.25,26.74,28.13,26.84,25.4,23.53,21.49
51167,97.84,96.16,94.12,95.48,96.9,97.51,98.14
51169,94.08,94.23,94.22,95.59,97.13,98.65,100.01
51171,31.65,36.78,42.37,42.68,42.51,41.63,40.97
51173,86.82,86.4,86.29,90.73,95.26,99.32,103.19
51175,57.62,56.41,55.6,55.03,52.88,50.5,49.26
51177,12.61,12.77,13.2,15.62,17.45,19.79,22.54
51179,1.46,1.67,2.09,3.11,3.45,4.5,5.54
51181,53.68,49.28,43.95,50.34,58.56,67.1,76.86
51183,80.64,79.79,78.95,75.15,70.71,66.62,63.69
51185,97.84,96.51,95.27,93.79,91.43,88.35,85.17
51187,23.72,28.4,33.67,35.99,37.1,38.16,39.34
51191,71.76,71.38,70.93,76.95,83.62,89.81,95.93
51193,61.64,60.44,60.09,54.32,45.96,38.53,31.3
51195,95.7,98.16,100.9,103.67,105.87,107.69,109.41
51197,71.76,72.06,72.88,75.22,76.69,77.71,79.09
51199,6.24,8.37,10.49,15.67,20.02,24.56,30.08
51510,0.32,0.35,0.41,0.59,0.68,2.02,2.97
51520,88.67,88.6,88.59,91.82,95.33,98.79,102.1
51530,64.37,51.9,37.2,38.56,44.38,49.15,54.31
51540,4.52,4.15,3.47,3.01,2.85,2.72,2.57
51550,7.45,7.28,7.04,9.19,10.82,12.28,15.35
51570,45.78,51.68,58.64,57.06,53.36,50.02,47.54
51580,85.8,86.62,87.28,79.97,71.78,62.06,52.7
51590,83.22,82.8,82.46,80.18,77.84,74.17,70.91
51595,88.67,89.84,91.18,70.39,44.94,19.17,-5.54
51600,1.69,1.46,1.2,1.2,1.12,1.75,2.43
51610,0.67,0.55,0.39,0.36,0.33,1.42,2.3
51620,37.89,28.46,17.48,22.7,31.38,39.87,49.39
51630,8.25,6.87,5.53,10.27,16.31,22.82,29.67
51640,79.53,85.03,92.0,94.77,95.71,96.08,96.86
51650,17.54,22.11,27.45,36.7,45.38,53.91,63.65
51660,0.67,1.12,1.39,0.9,1.21,1.28,1.02
51670,59.22,66.89,75.95,78.89,80.31,81.93,84.46
51678,10.32,12.37,15.11,19.58,23.66,26.66,29.97
51680,23.72,23.17,22.9,24.33,25.35,25.11,25.66
51683,2.9,2.15,1.36,1.4,1.33,2.05,2.74
51685,1.88,1.51,1.18,2.43,4.11,6.42,8.8
51690,88.16,85.81,83.34,81.77,80.26,77.17,74.77
51700,21.46,24.13,27.24,37.7,48.68,59.96,72.2
51710,25.25,23.81,21.94,24.63,27.34,29.82,33.56
51720,44.73,53.61,63.49,74.12,85.04,95.53,105.93
51730,86.82,87.0,86.86,85.07,84.27,83.89,84.1
51735,12.61,12.92,12.73,18.86,25.76,32.89,40.9
51740,41.45,37.8,33.41,36.75,41.06,45.13,50.66
51750,22.32,23.34,24.77,23.32,20.98,17.7,14.69
51760,52.66,52.45,52.02,49.77,47.22,44.92,43.4
51770,63.67,64.86,66.18,58.34,48.57,37.76,27.71
51775,31.65,31.25,30.56,23.44,16.43,8.3,0.63
51790,60.94,59.84,58.67,54.24,49.76,44.23,39.06
51800,14.45,14.16,14.2,19.13,23.14,26.74,31.99
51810,7.9,8.28,8.65,9.98,11.3,12.18,14.64
51820,50.08,47.85,45.23,43.02,41.57,39.66,38.02
51830,1.15,2.84,4.54,8.61,12.1,15.69,20.33
51840,29.96,32.37,34.96,37.89,40.92,44.13,46.99
53001,6.91,6.86,6.51,9.56,13.13,19.91,25.47
53003,77.84,77.74,77.69,77.88,78.39,81.43,83.15
53005,20.89,23.94,27.17,31.53,35.9,43.27,49.26
53007,17.54,18.22,18.64,25.94,34.23,45.69,56.35
53009,86.44,85.4,84.26,83.14,82.06,84.09,85.95
53011,25.25,24.64,23.9,21.8,19.87,21.02,20.4
53013,83.22,83.64,84.02,87.82,92.52,99.35,104.87
53015,83.22,83.55,83.7,84.48,85.61,90.44,93.71
53017,59.22,62.4,65.9,72.29,78.61,88.0,96.64
53019,94.49,95.76,97.12,97.11,97.27,99.19,100.36
53021,2.74,4.96,7.11,10.14,13.24,19.37,23.95
53023,93.47,88.74,83.07,79.31,75.76,74.72,72.5
53025,16.71,19.15,21.73,21.58,20.6,22.75,24.16
53027,81.31,79.67,77.8,79.27,81.29,86.04,89.99
53029,37.03,41.07,45.75,47.62,48.83,53.07,57.38
53031,71.12,67.96,64.1,63.73,64.51,68.57,72.01
53033,6.24,5.99,5.65,5.01,4.59,7.39,9.78
53035,48.93,50.43,52.24,50.63,48.47,49.07,49.72
53037,26.52,27.53,28.4,29.54,30.44,35.28,38.95
53039,82.43,80.13,77.51,76.43,75.39,77.85,79.08
53041,88.16,87.69,87.12,86.01,84.83,87.2,88.0
53043,80.01,81.36,82.83,81.8,80.52,81.57,82.56
53045,87.81,87.97,88.2,86.92,85.58,87.18,88.89
53047,65.27,66.04,66.79,67.68,68.51,71.82,74.91
53049,98.69,98.67,98.6,98.67,98.66,101.36,102.91
53051,92.04,91.34,90.35,85.18,79.77,76.25,72.39
53053,31.65,31.55,31.49,30.33,29.28,31.45,33.15
53055,23.02,24.39,25.82,22.62,19.0,17.98,17.55
53057,38.78,39.79,40.62,42.3,44.69,49.83,55.6
53059,59.22,52.97,45.78,38.42,31.36,27.37,21.84
53061,16.05,17.26,18.44,17.65,16.3,18.14,20.01
53063,42.31,44.03,45.98,45.48,44.67,45.76,46.28
53065,78.16,78.47,78.75,78.44,78.45,80.46,82.41
53067,23.72,24.81,26.16,26.02,25.56,28.8,31.19
53069,97.36,96.76,95.8,95.06,94.56,97.5,98.84
53071,39.83,45.28,51.37,50.5,48.32,48.61,47.21
53073,28.84,30.55,32.34,30.09,27.56,27.15,27.83
53075,5.16,8.28,11.79,14.59,17.48,22.16,26.29
53077,25.25,25.12,24.97,25.49,25.89,30.01,33.06
54001,84.24,85.04,85.96,78.26,69.17,59.43,49.39
54003,31.65,32.64,34.04,39.47,45.4,51.29,56.81
54005,99.27,99.21,99.23,98.98,98.91,97.8,95.97
54007,83.79,80.89,77.34,77.35,78.76,79.67,79.71
54009,52.66,53.66,55.06,55.97,56.9,57.87,57.86
54011,83.79,82.94,81.93,79.8,77.32,74.04,69.91
54013,91.12,92.9,95.04,96.29,97.4,97.79,97.11
54015,92.68,94.39,96.45,97.95,99.04,99.61,98.91
54017,37.03,54.93,76.21,82.27,85.02,87.51,89.03
54019,97.99,98.13,98.23,98.23,98.25,97.5,96.26
54021,78.16,78.22,78.11,73.71,68.38,62.89,56.3
54023,72.62,73.72,74.54,73.19,72.93,72.3,71.42
54025,77.84,79.67,81.78,83.11,84.99,86.01,87.19
54027,94.97,95.19,95.2,95.26,95.95,96.46,96.85
54029,78.16,77.08,75.8,72.12,67.62,62.71,57.29
54031,60.17,63.55,67.18,57.99,46.75,35.05,23.08
54033,80.64,80.46,79.69,78.84,79.0,78.72,78.15
54035,76.5,74.14,71.29,68.36,65.25,61.62,56.5
54037,21.46,23.29,25.42,27.62,29.46,31.04,32.96
54039,83.22,81.8,80.13,76.43,72.23,67.13,60.79
54041,81.31,81.84,82.14,82.11,82.86,83.0,82.81
54043,99.36,99.19,99.05,98.52,98.08,96.43,93.78
54045,99.46,99.42,99.4,99.31,99.29,98.05,96.39
54047,99.81,99.59,99.51,99.8,99.85,99.04,97.98
54049,45.78,47.89,49.98,55.64,62.46,69.26,75.6
54051,56.73,51.71,45.6,53.79,65.59,77.18,87.62
54053,92.68,90.74,88.44,86.54,84.71,82.31,78.84
54055,96.63,96.21,96.23,97.51,98.36,99.12,99.59
54057,81.31,85.8,90.76,90.08,88.31,86.85,85.17
54059,99.46,99.51,99.63,99.63,99.63,98.06,96.45
54061,13.72,13.34,12.68,16.4,21.26,26.08,30.48
54063,96.91,97.51,98.15,97.0,96.24,94.7,93.2
54065,78.16,69.46,59.04,57.08,56.9,56.59,55.95
54067,91.56,89.96,88.06,85.89,83.97,81.18,78.15
54069,53.68,52.43,50.97,50.84,49.97,49.15,46.94
54071,82.74,85.46,88.29,83.88,78.59,72.56,66.15
54073,83.22,81.48,79.01,76.04,72.76,68.69,63.6
54075,95.92,95.04,93.63,93.65,94.89,95.09,95.29
54077,84.75,83.52,81.8,78.77,75.4,71.74,68.14
54079,30.82,28.88,26.79,24.0,21.23,17.49,13.03
54081,90.51,90.58,90.69,91.7,92.88,93.56,93.31
54083,79.08,78.47,78.01,71.76,64.95,57.45,49.6
54085,77.17,77.61,77.73,77.64,78.47,78.75,77.67
54087,93.22,92.9,92.6,94.47,97.16,98.77,98.99
54089,98.98,98.8,98.62,98.72,98.99,98.77,98.18
54091,80.01,83.05,86.49,82.66,77.17,71.47,65.54
54093,81.95,83.06,84.15,84.71,86.13,87.04,87.96
54095,78.16,76.62,74.08,71.12,68.36,64.76,60.15
54097,64.37,58.54,51.58,45.36,40.17,34.43,28.2
54099,89.97,91.84,94.16,95.3,95.97,95.78,94.28
54101,92.36,92.59,92.97,88.2,82.28,75.72,69.26
54103,58.42,62.19,66.35,71.16,75.78,80.25,83.67
54105,91.56,91.45,91.26,93.7,96.74,99.21,100.51
54107,71.12,72.01,72.93,73.84,74.51,74.76,73.73
54109,99.94,99.9,99.89,100.04,99.94,99.45,98.53
55001,83.22,84.81,86.67,88.11,89.04,87.91,87.19
55003,55.71,53.07,50.09,56.4,64.11,71.23,77.24
55005,25.25,29.36,33.81,36.62,38.95,40.33,41.27
55007,50.08,51.91,54.17,56.66,58.33,60.02,60.45
55009,12.61,12.46,12.19,11.3,10.36,7.2,3.76
55011,16.05,15.06,13.77,13.7,13.83,11.51,10.5
55013,59.22,61.77,64.43,63.55,62.31,60.67,58.31
55015,3.76,3.65,3.48,3.5,3.44,1.33,-0.39
55017,28.18,28.17,27.42,25.73,24.39,21.21,18.41
55019,8.63,10.38,12.21,13.85,15.65,15.4,15.38
55021,13.34,12.63,12.0,12.53,13.26,11.5,9.81
55023,40.75,45.9,51.73,50.08,47.33,41.65,36.85
55025,4.39,3.84,3.23,2.7,2.16,-0.82,-3.93
55027,13.72,14.09,14.39,14.76,15.19,12.94,10.61
55029,27.19,27.72,28.33,30.75,33.55,34.75,35.01
55031,34.89,38.39,42.34,43.07,42.85,43.58,42.9
55033,8.25,10.96,14.0,17.87,21.78,24.43,27.46
55035,11.97,16.05,20.69,21.83,22.39,21.21,20.41
55037,80.64,79.24,77.15,79.41,83.34,85.53,87.41
55039,15.09,15.03,14.95,14.6,14.01,11.25,8.25
55041,67.62,69.29,71.03,68.51,65.46,60.78,55.44
55043,13.72,14.46,15.13,13.55,11.62,7.12,3.0
55045,21.46,20.62,19.7,19.0,18.05,14.97,11.73
55047,25.25,24.17,23.15,24.22,25.35,24.77,23.7
55049,23.02,22.19,21.36,20.46,19.75,16.49,13.48
55051,68.26,65.23,62.14,64.12,66.63,67.92,68.28
55053,33.4,32.76,31.81,30.81,29.72,26.89,24.23
55055,8.25,9.22,10.32,11.18,12.14,10.54,9.17
55057,67.62,66.81,65.82,65.48,65.2,62.52,60.34
55059,21.46,20.83,19.88,19.87,20.23,18.86,16.97
55061,27.19,26.62,25.99,23.26,19.94,15.03,9.93
55063,9.11,11.11,13.52,14.55,15.19,13.1,12.05
55065,11.97,12.34,12.97,15.72,18.49,18.68,18.66
55067,61.64,65.95,70.65,69.79,68.03,64.72,61.04
55069,28.18,27.19,25.77,27.74,30.95,32.63,33.83
55071,23.02,21.56,19.98,18.94,18.17,15.42,12.26
55073,11.46,13.06,14.64,14.79,14.91,12.82,10.91
55075,52.66,55.1,57.5,60.44,63.83,65.5,66.8
55077,64.37,61.71,58.7,57.73,57.07,54.44,51.85
55078,28.84,34.22,40.0,45.72,51.75,56.12,60.34
55079,29.96,29.83,29.57,27.28,24.65,19.96,15.32
55081,26.52,27.1,27.69,31.63,36.46,38.73,41.39
55083,21.46,23.11,24.62,28.82,33.61,37.08,39.69
55085,45.78,44.51,43.05,39.89,36.15,31.3,25.64
55087,5.76,6.12,6.48,7.11,7.89,6.81,5.43
55089,3.76,3.75,3.7,2.73,1.84,-1.07,-4.15
55091,20.89,19.16,17.02,17.67,18.73,17.9,17.74
55093,2.55,3.41,4.43,6.59,8.93,9.29,9.71
55095,23.72,24.25,24.64,28.08,32.23,35.5,38.45
55097,11.97,13.38,14.77,14.09,13.18,10.52,7.65
55099,43.11,46.64,50.53,52.23,53.64,53.57,52.95
55101,22.32,23.85,25.84,25.96,25.72,23.59,21.1
55103,31.65,31.25,30.55,27.5,24.35,18.8,13.37
55105,38.78,39.5,40.16,38.3,36.0,31.52,27.08
55107,45.78,52.9,60.71,64.74,68.3,70.68,72.61
55109,3.76,3.88,3.76,3.66,3.18,1.17,-0.91
55111,28.84,27.74,26.7,23.98,20.92,15.17,9.87
55113,44.73,46.56,48.29,47.87,47.17,45.79,43.23
55115,17.54,20.19,22.73,23.1,23.06,21.1,19.24
55117,10.32,10.32,10.37,9.67,8.95,5.9,2.5
55119,16.05,19.23,22.51,22.0,20.99,18.51,15.81
55121,13.34,13.1,12.86,10.72,8.18,3.87,0.06
55123,13.72,14.84,16.07,14.66,12.9,8.65,4.99
55125,70.49,66.92,63.03,62.89,63.37,62.68,61.37
55127,12.61,14.23,15.92,17.3,18.79,18.22,17.62
55129,56.73,55.0,52.35,54.12,56.92,59.28,60.95
55131,5.48,6.12,6.82,7.02,7.33,5.13,3.06
55133,6.24,6.38,6.55,5.85,5.11,2.36,-0.55
55135,27.19,30.93,35.18,36.54,37.39,36.23,35.19
55137,60.94,57.46,53.42,51.78,50.61,47.47,44.17
55139,15.09,14.88,14.55,15.73,17.2,16.96,16.47
55141,15.09,19.1,23.47,29.69,36.27,41.02,45.48
56001,3.76,4.39,5.09,5.52,6.17,7.58,8.7
56003,61.64,60.94,59.83,53.2,46.62,40.25,34.17
56005,5.16,3.71,2.63,5.52,8.23,12.03,16.44
56007,30.82,26.81,22.47,18.67,14.95,11.42,7.59
56009,36.01,44.25,52.75,55.31,58.24,61.91,66.06
56011,37.89,25.19,11.16,7.34,4.38,1.8,-0.1
56013,44.73,42.79,40.56,41.11,42.27,43.25,44.93
56015,32.51,35.79,39.58,42.1,44.98,47.89,51.15
56017,66.92,63.49,59.32,54.3,50.38,47.04,44.16
56019,38.78,34.97,30.39,32.73,36.53,41.38,46.56
56021,22.32,22.9,23.41,25.88,28.77,32.29,35.6
56023,14.45,16.46,18.53,17.66,16.86,17.79,18.1
56025,21.46,28.85,36.63,39.03,41.21,44.09,47.14
56027,60.94,68.26,76.14,72.26,67.31,63.2,60.07
56029,19.8,19.54,19.26,20.73,22.85,24.98,27.65
56031,55.71,63.84,72.41,63.91,53.87,43.51,33.97
56033,28.84,32.36,36.36,32.23,27.15,23.03,19.27
56035,3.09,12.15,22.17,23.94,24.8,26.5,28.44
56037,16.05,15.32,15.13,17.57,19.78,23.04,25.8
56039,0.54,0.16,-0.09,0.28,0.49,2.1,3.19
56041,40.75,40.73,41.15,51.43,62.73,74.54,86.89
56043,60.94,67.58,75.26,62.17,46.47,31.01,16.42
56045,34.16,34.69,35.58,37.53,39.47,41.83,45.2
