FIPS,2015 kals,2016 kals,2017 kals,2018 kals,2019 kals,2020 kals
01001,129.9,129.83,114.21,97.13,98.8,103.87
01003,132.1,124.01,107.39,93.64,68.64,43.29
01005,93.3,92.52,90.53,86.31,32.39,-19.4
01007,69.4,95.42,90.82,80.9,24.2,-30.52
01009,57.9,56.6,49.57,44.77,23.02,3.51
01011,23.4,20.06,19.89,24.06,22.16,22.23
01013,140.5,135.4,120.1,106.29,44.42,-14.79
01015,165.4,160.75,141.45,130.06,105.05,81.87
01017,147.3,141.1,127.84,117.4,61.58,8.42
01019,169.2,158.02,135.55,128.85,49.51,-29.36
01021,120.6,120.87,107.74,96.03,43.02,-7.67
01023,97.0,97.56,91.33,68.07,36.6,5.45
01025,165.6,164.95,156.41,144.5,68.43,-6.44
01027,139.7,133.98,117.99,105.8,82.95,62.44
01029,51.1,44.19,46.37,37.68,12.13,-11.85
01031,131.9,129.6,121.34,114.25,79.62,46.28
01033,222.9,208.94,187.92,167.14,152.99,140.56
01035,102.8,94.07,87.92,87.47,105.38,124.99
01037,26.8,25.56,23.4,23.49,-1.99,-25.46
01039,198.8,172.19,148.35,135.28,94.96,56.89
01041,94.0,90.71,80.83,60.55,31.91,5.7
01043,172.0,166.32,145.26,127.37,87.04,48.03
01045,63.8,76.94,69.51,69.03,36.16,4.31
01047,115.7,117.8,102.73,83.02,65.86,50.34
01049,117.6,114.82,104.68,97.93,60.68,24.52
01051,113.1,116.98,113.17,98.75,33.86,-28.34
01053,174.3,173.63,156.91,137.92,78.76,20.48
01055,171.9,157.48,132.96,125.94,101.01,77.17
01057,162.0,134.65,113.82,93.02,48.2,4.42
01059,222.4,222.7,186.24,153.16,93.92,35.95
01061,56.4,50.57,43.98,38.8,15.24,-6.97
01063,78.7,79.88,55.63,37.27,23.86,11.3
01065,85.1,96.94,98.22,75.81,25.61,-24.14
01067,49.2,32.3,26.58,21.23,49.53,78.88
01069,146.6,142.86,136.42,128.04,143.36,159.76
01071,117.3,142.4,141.98,130.58,83.17,37.26
01073,123.4,117.06,105.25,95.81,138.14,182.48
01075,107.9,103.8,81.55,80.41,16.21,-47.33
01077,140.2,127.6,112.5,100.25,59.74,20.9
01079,126.2,114.7,101.47,87.88,31.31,-24.8
01081,63.2,64.05,58.25,52.12,37.06,23.64
01083,70.2,75.37,68.78,61.02,32.78,5.47
01085,0.4,0.6,-0.43,-1.15,7.55,19.03
01087,62.3,60.23,46.33,42.36,11.42,-17.98
01089,117.4,114.12,101.26,85.81,93.99,102.31
01091,130.8,131.8,129.87,146.03,75.94,6.25
01093,192.9,182.41,164.29,140.48,106.37,72.56
01095,200.4,191.56,167.25,152.3,99.18,46.95
01097,143.0,133.61,119.15,107.31,106.32,105.1
01099,134.5,135.49,125.42,110.26,50.92,-7.82
01101,87.0,88.0,84.6,70.62,89.05,109.51
01103,138.0,135.31,118.09,108.56,69.54,30.98
01105,4.0,4.3,3.22,-0.62,10.85,23.28
01107,98.9,82.26,70.86,62.82,33.83,5.95
01109,104.7,105.37,99.69,90.19,38.83,-9.8
01111,112.1,108.8,100.15,86.52,56.98,29.41
01113,117.9,111.48,103.73,93.54,41.91,-7.97
01115,107.6,113.58,106.37,99.86,63.28,29.09
01117,103.4,101.08,90.41,81.18,76.51,73.46
01119,41.3,40.4,36.87,27.8,36.14,44.71
01121,140.1,138.95,124.59,109.14,44.64,-18.07
01123,103.1,107.54,100.71,93.06,47.71,4.08
01125,114.0,111.47,100.49,88.9,93.59,99.68
01127,249.9,235.81,218.96,204.76,135.42,67.06
01129,37.8,43.88,51.35,43.54,25.7,8.66
01131,63.5,66.21,56.71,50.94,25.23,0.99
01133,169.3,171.49,159.2,143.11,68.21,-6.58
02013,0.0,0.01,-0.0,0.01,10.5,20.93
02016,0.0,-0.0,-0.0,-0.01,2.5,6.85
02020,68.2,66.3,59.64,51.26,54.94,60.9
02050,0.0,-0.0,0.0,-0.01,6.83,13.69
02060,0.0,0.02,-0.03,-0.02,3.97,9.94
02063,0.0,-0.02,-0.05,-0.04,-0.11,2.18
02066,0.0,0.0,-0.01,-0.01,0.04,-1.27
02068,0.0,-0.0,-0.08,-0.07,8.02,16.8
02070,0.0,-0.01,0.01,-0.01,4.87,11.43
02090,50.5,48.43,42.62,36.92,29.76,24.2
02100,0.0,-0.01,-0.06,-0.06,1.29,2.25
02105,0.0,-0.03,-0.26,-0.25,4.96,11.2
02110,81.3,79.8,66.69,55.24,36.92,20.07
02122,100.1,97.91,82.88,76.31,53.4,34.22
02130,101.8,91.64,76.6,58.89,50.53,42.4
02150,34.2,33.59,28.41,23.24,18.3,15.79
02158,0.0,0.01,-0.01,-0.01,0.05,-0.67
02164,0.0,-0.01,-0.03,-0.01,0.38,2.86
02170,78.9,76.41,69.27,60.88,31.8,4.65
02180,0.0,-0.0,0.01,-0.01,2.18,4.34
02185,0.0,-0.0,0.01,-0.01,3.07,6.19
02188,0.0,0.01,-0.01,-0.02,2.67,2.56
02195,80.3,71.3,64.34,64.88,68.86,73.17
02198,63.9,56.44,39.16,29.0,23.15,17.91
02220,10.5,9.48,7.25,0.22,16.31,33.46
02230,0.0,-0.02,-0.04,-0.03,4.93,9.91
02240,0.0,-0.02,-0.04,-0.04,12.47,24.63
02275,0.4,0.28,-0.17,-0.15,6.42,13.96
02282,0.0,-0.0,0.01,0.0,5.29,10.04
02290,0.0,-0.01,-0.02,-0.03,1.21,0.67
04001,18.8,18.46,18.52,15.82,7.41,-2.29
04003,83.5,79.09,68.67,60.44,38.42,17.38
04005,56.2,51.23,42.25,34.61,34.45,33.69
04007,116.3,110.01,87.62,73.83,46.75,19.75
04009,99.2,84.56,74.24,66.38,44.67,24.02
04011,0.5,-0.35,-0.38,-0.26,2.14,5.88
04012,82.6,78.28,66.01,50.35,19.04,-14.9
04013,73.7,68.23,58.73,48.54,45.69,41.21
04015,133.9,127.51,113.33,94.22,70.72,46.35
04017,70.3,67.51,65.27,56.55,47.18,37.82
04019,79.4,74.07,64.72,56.53,51.83,47.08
04021,63.2,58.25,49.46,40.17,12.18,-16.61
04023,24.8,29.08,21.23,16.51,8.31,-1.56
04025,104.5,97.84,86.88,71.99,49.71,26.86
04027,58.0,56.61,47.49,37.27,24.49,11.88
05001,84.3,126.07,124.76,110.29,74.65,39.06
05003,120.7,116.14,110.22,100.51,31.64,-37.59
05005,140.5,142.76,133.89,108.66,122.1,136.25
05007,93.2,88.28,79.0,68.92,45.31,19.3
05009,169.5,157.4,141.64,126.4,76.05,27.18
05011,129.3,117.6,109.08,98.03,79.56,61.67
05013,88.7,83.55,77.67,65.64,17.88,-30.31
05015,72.2,87.87,79.31,70.23,37.14,3.64
05017,85.4,77.89,78.59,78.19,90.91,103.93
05019,99.7,101.88,94.46,96.56,57.65,18.69
05021,144.2,134.72,118.54,105.3,73.52,40.65
05023,111.9,115.32,111.59,102.41,51.55,0.47
05025,0.6,0.53,-0.11,8.29,1.13,-5.63
05027,116.6,110.56,100.6,93.79,54.33,14.17
05029,133.7,131.85,123.82,104.98,40.7,-23.96
05031,164.4,158.65,145.31,126.34,161.59,196.7
05033,164.7,157.87,145.95,132.25,61.86,-10.38
05035,106.5,108.86,105.15,93.55,69.62,45.27
05037,128.1,121.33,109.68,98.72,61.61,24.41
05039,106.5,101.7,78.63,74.22,39.98,5.93
05041,163.3,145.17,131.63,103.25,93.19,84.78
05043,116.6,129.61,126.03,113.11,93.52,74.14
05045,97.4,97.62,89.94,76.41,61.66,47.18
05047,29.5,22.43,18.67,13.31,37.89,61.22
05049,93.7,115.11,109.69,98.93,63.07,27.04
05051,182.5,177.03,158.53,139.61,119.03,98.57
05053,80.9,77.56,73.61,61.51,16.05,-28.42
05055,174.4,177.21,172.04,155.61,103.58,51.66
05057,119.6,117.21,114.32,101.53,43.6,-15.0
05059,104.3,105.06,96.48,82.82,40.83,0.01
05061,170.8,164.19,148.78,137.95,71.49,3.4
05063,164.7,160.26,149.91,129.81,136.24,143.44
05065,76.7,102.13,99.52,92.78,79.07,65.86
05067,148.4,150.11,135.61,116.21,51.82,-12.58
05069,112.4,108.95,102.55,96.01,103.38,112.17
05071,136.0,127.86,110.67,104.21,65.1,24.91
05073,1.7,102.87,109.31,99.91,90.44,80.57
05075,39.5,37.42,34.47,26.11,38.4,51.46
05077,51.3,66.96,67.3,55.62,65.36,75.48
05079,81.8,68.94,60.84,50.52,15.41,-18.78
05081,163.8,163.23,154.78,145.13,90.35,34.12
05083,39.8,40.17,36.73,28.1,20.94,13.48
05085,110.1,101.9,94.97,85.28,23.16,-38.84
05087,79.7,79.47,79.47,69.53,36.36,1.73
05089,85.4,83.14,77.21,56.77,12.26,-30.99
05091,129.7,113.09,102.46,93.92,79.87,65.16
05093,137.0,138.68,135.46,124.57,62.95,1.23
05095,102.8,94.0,86.03,75.58,14.45,-46.31
05097,108.4,95.94,82.68,74.34,78.34,82.0
05099,0.0,0.89,-0.23,-0.71,15.25,30.72
05101,1.8,0.5,0.27,-0.71,-1.22,-0.17
05103,142.5,142.98,137.55,124.27,71.53,19.13
05105,48.3,50.79,28.91,45.61,13.11,-19.02
05107,161.4,161.13,160.54,122.65,92.36,62.82
05109,4.7,90.46,85.37,76.31,38.17,-0.28
05111,98.4,118.92,120.33,108.95,82.54,55.96
05113,123.3,117.69,105.09,97.07,54.73,11.15
05115,134.1,132.43,111.97,96.26,47.28,-1.53
05117,88.6,82.54,76.23,68.81,19.72,-30.13
05119,111.6,105.61,98.3,87.32,141.67,196.71
05121,114.4,113.65,104.0,83.98,33.38,-16.68
05123,92.4,94.86,88.57,76.64,46.48,15.95
05125,96.9,97.09,91.99,80.97,46.48,12.7
05127,155.5,126.18,115.83,109.81,59.5,8.5
05129,86.0,82.56,79.59,73.89,29.89,-12.91
05131,174.6,168.44,155.26,141.96,128.4,112.65
05133,65.2,65.58,56.46,43.59,16.02,-14.17
05135,147.0,139.93,132.05,116.6,52.08,-12.52
05137,159.5,153.7,152.82,145.24,96.23,48.13
05139,136.3,131.7,118.35,107.13,117.71,127.79
05141,109.0,103.41,101.59,97.29,43.97,-9.38
05143,101.6,98.54,91.61,76.65,80.79,83.58
05145,125.3,123.39,116.97,99.31,56.3,13.0
05147,4.7,3.59,2.04,6.76,22.57,39.02
05149,69.3,66.77,56.08,54.64,34.51,13.71
06001,33.6,31.0,26.22,22.03,20.46,22.22
06003,0.0,-0.14,-0.51,-1.07,20.61,42.68
06005,114.7,112.03,99.21,85.45,32.04,-20.4
06007,136.9,126.2,106.21,89.74,69.83,51.35
06009,92.2,83.66,70.12,58.49,27.53,-1.48
06011,41.2,44.71,34.54,30.22,26.34,22.87
06013,45.8,40.94,35.91,31.4,25.91,23.83
06015,147.0,133.92,117.35,97.75,56.39,16.46
06017,68.8,63.82,54.99,47.14,29.77,13.55
06019,59.6,57.77,52.76,48.27,45.41,45.1
06021,66.8,83.56,78.36,67.29,36.91,7.44
06023,100.7,92.13,77.45,67.0,55.0,45.2
06025,53.7,52.38,48.69,43.98,27.73,11.12
06027,60.7,61.27,50.17,41.72,26.42,12.62
06029,62.4,60.26,54.97,48.5,37.37,27.74
06031,67.7,64.79,58.81,54.41,36.64,20.57
06033,137.0,117.23,95.68,77.85,36.04,-5.06
06035,93.4,81.91,66.29,51.76,46.06,42.2
06037,35.3,33.37,30.24,27.32,26.57,27.11
06039,52.6,49.71,42.3,36.95,19.62,6.18
06041,39.4,36.58,32.43,28.34,23.13,20.53
06043,69.8,67.48,55.83,47.52,18.07,-8.61
06045,118.2,105.17,90.48,81.6,59.04,37.9
06047,68.5,65.23,56.65,47.95,36.29,27.6
06049,100.2,96.17,81.32,50.84,31.27,14.17
06051,54.0,54.23,44.45,37.63,30.67,24.42
06053,55.6,50.56,44.16,38.26,28.23,21.9
06055,46.4,40.55,35.36,31.91,26.85,24.32
06057,86.0,82.8,70.37,61.88,42.6,24.22
06059,43.9,42.08,37.73,33.78,31.79,30.0
06061,66.5,62.87,55.99,49.21,47.68,47.18
06063,90.2,85.24,73.0,66.33,47.34,29.48
06065,52.4,49.42,44.69,39.76,29.76,20.15
06067,53.8,50.37,44.05,38.13,36.02,35.12
06069,50.4,43.79,39.44,35.91,16.53,-0.59
06071,54.8,52.21,47.36,41.6,37.3,32.23
06073,42.7,39.24,34.73,29.96,27.67,26.0
06075,35.4,32.25,27.09,23.06,33.12,46.39
06077,59.2,54.48,47.41,40.35,27.37,17.2
06079,77.3,71.69,63.85,58.61,45.47,34.93
06081,33.2,31.44,27.16,23.74,20.47,20.11
06083,57.6,54.68,49.09,42.47,42.66,45.91
06085,26.1,24.09,20.5,18.09,19.32,24.26
06087,62.3,57.1,49.12,41.86,29.44,20.23
06089,132.5,118.21,101.11,84.56,69.94,56.08
06091,28.7,21.41,12.12,5.22,5.02,5.59
06093,124.0,117.06,96.97,92.99,61.56,33.54
06095,46.7,42.96,37.39,31.93,23.17,16.33
06097,58.0,52.32,45.74,40.04,32.86,27.35
06099,90.8,85.09,75.65,65.64,59.08,55.08
06101,108.8,102.93,94.34,77.51,73.46,70.12
06103,103.9,95.14,82.77,70.73,42.85,15.3
06105,110.2,98.53,80.71,72.55,36.62,1.23
06107,68.8,65.17,58.52,51.27,39.22,28.94
06109,126.4,114.98,104.7,86.31,65.69,46.15
06111,56.7,54.04,48.64,43.9,33.23,23.66
06113,47.6,46.5,41.09,35.63,25.14,16.26
06115,92.0,83.56,69.01,60.92,34.69,9.34
08001,56.6,52.55,46.61,39.85,33.16,28.24
08003,165.5,153.09,121.43,99.85,47.38,-7.74
08005,63.6,58.34,50.4,44.16,43.61,44.32
08007,77.6,72.39,65.27,59.18,39.17,16.71
08009,81.2,86.22,78.23,67.66,48.93,29.84
08011,65.5,59.58,44.48,34.26,45.8,56.27
08013,51.3,47.77,41.83,36.97,43.09,50.55
08014,55.4,52.74,46.37,40.99,42.1,44.82
08015,97.9,94.48,83.49,72.2,41.29,8.19
08017,73.0,67.9,62.14,49.15,16.41,-16.22
08019,36.1,34.74,30.92,27.5,4.58,-18.79
08021,1.3,0.69,-0.24,-0.78,27.47,53.81
08023,0.0,-0.21,-0.58,-0.66,0.21,-0.71
08025,32.3,29.68,24.83,22.39,4.1,-14.89
08027,0.0,-0.14,-0.33,-0.56,2.18,2.0
08029,90.4,83.56,76.0,65.62,38.27,10.82
08031,44.3,39.37,34.35,28.94,37.55,47.71
08033,0.0,-0.31,-0.38,-0.45,70.62,141.12
08035,54.9,50.54,45.29,41.45,27.21,13.04
08037,48.6,46.17,40.53,33.42,48.59,63.57
08039,35.1,34.94,31.06,27.29,10.81,-5.2
08041,72.5,67.46,59.61,51.72,46.95,40.11
08043,76.4,72.69,66.39,56.1,36.67,15.11
08045,86.2,78.66,64.71,51.3,33.76,16.01
08047,0.0,-0.28,-0.53,-0.47,-1.02,-1.51
08049,47.4,43.35,37.28,33.56,13.85,-6.24
08051,54.5,51.59,43.92,36.69,24.68,11.1
08053,0.0,-0.07,-0.13,-0.47,13.98,26.46
08055,77.7,80.22,86.7,74.33,45.58,13.56
08057,0.0,-0.27,-0.4,-0.32,17.43,36.02
08059,76.3,70.65,61.62,53.67,41.44,29.95
08061,131.5,113.49,97.12,92.74,21.06,-50.93
08063,42.6,41.11,45.05,44.53,35.98,28.32
08065,53.5,49.72,44.31,39.2,14.25,-10.59
08067,63.6,58.11,51.01,42.64,52.52,60.29
08069,70.0,62.38,52.5,44.87,40.64,37.05
08071,135.6,126.36,114.75,100.99,71.45,39.31
08073,1.2,27.96,40.01,34.25,18.58,2.56
08075,90.9,81.58,77.36,69.14,33.91,-1.86
08077,86.2,78.59,71.49,59.63,56.67,53.83
08079,0.0,-0.21,-0.18,-0.14,0.24,-2.05
08081,109.8,107.9,96.33,76.36,39.99,3.59
08083,99.5,91.12,76.6,64.25,40.08,14.96
08085,88.9,80.81,75.71,65.44,43.03,20.91
08087,74.4,65.73,59.38,50.67,25.5,1.09
08089,111.4,107.69,97.68,84.72,47.61,9.17
08091,39.9,34.52,28.28,3.09,15.66,27.06
08093,0.0,-0.26,-0.58,-0.48,-1.38,-3.33
08095,33.2,1.67,-0.16,-0.25,29.88,60.19
08097,28.4,26.0,21.67,17.64,31.81,45.91
08099,88.4,79.36,71.78,56.0,24.43,-7.83
08101,116.5,108.22,97.33,83.69,73.74,61.64
08103,29.2,25.92,26.9,25.57,30.94,36.21
08105,91.7,80.33,73.02,62.49,62.54,60.41
08107,69.3,62.22,47.56,39.91,38.61,37.47
08109,0.0,-0.38,-0.56,-0.53,-0.88,-3.65
08111,0.0,-0.25,-0.34,-0.63,0.5,0.14
08113,41.6,36.03,29.32,20.02,20.48,19.37
08115,3.5,0.79,0.27,-0.05,22.45,44.93
08117,66.1,60.12,51.82,46.04,32.08,17.65
08119,115.6,107.95,90.67,75.44,25.84,-25.23
08121,0.0,-0.31,-0.18,-0.47,3.18,6.15
08123,63.0,57.88,49.41,40.69,23.74,7.76
08125,77.7,71.03,60.92,47.69,40.3,32.53
09001,48.2,43.49,37.8,33.78,36.99,37.35
09003,62.7,56.01,49.3,43.29,42.38,40.31
09005,66.9,60.61,53.04,47.05,25.43,2.38
09007,70.5,63.35,55.57,49.59,33.17,14.43
09009,70.6,63.2,54.79,48.65,50.37,49.71
09011,74.9,66.64,56.04,48.55,38.05,26.55
09013,52.3,48.05,41.97,37.58,20.26,1.46
09015,78.1,71.6,61.73,54.42,32.42,8.58
10001,84.4,76.04,64.0,58.36,39.32,18.76
10003,78.3,74.5,65.13,57.39,51.72,45.8
10005,100.1,93.14,80.41,70.1,56.73,40.22
11001,35.7,32.61,28.39,24.96,37.84,49.48
12001,69.3,68.96,65.32,57.62,94.69,132.25
12003,116.9,112.43,105.73,89.43,18.72,-51.44
12005,121.5,120.39,113.34,97.85,82.6,67.59
12007,92.9,93.36,85.13,70.81,24.54,-21.07
12009,93.0,92.11,84.75,74.32,56.61,38.91
12011,52.0,51.29,46.13,39.12,35.01,30.1
12013,75.2,71.14,67.44,65.17,32.16,-0.88
12015,77.8,79.73,75.21,66.52,63.57,59.78
12017,104.0,104.87,103.0,90.07,53.19,17.42
12019,88.5,87.36,80.52,69.69,57.29,45.44
12021,58.5,58.24,51.76,45.38,38.59,32.28
12023,119.5,118.53,111.79,95.67,48.46,2.2
12027,54.5,57.21,56.03,47.2,12.54,-22.46
12029,48.0,45.51,42.61,38.79,9.49,-19.64
12031,88.6,88.51,82.95,70.83,75.42,79.57
12033,116.4,113.04,102.98,89.4,83.76,78.52
12035,77.6,80.16,74.84,66.09,30.91,-3.86
12037,93.6,79.93,70.04,55.8,28.62,2.75
12039,58.4,58.77,53.43,45.81,9.58,-25.62
12041,46.8,43.76,42.65,36.97,7.85,-20.71
12043,4.9,4.89,3.29,3.11,-2.8,-8.0
12045,136.5,105.29,91.21,81.1,47.82,14.51
12047,37.0,36.51,30.22,33.14,6.2,-20.13
12049,42.1,38.99,34.45,31.18,5.55,-20.03
12051,68.9,70.8,64.34,56.48,13.58,-29.0
12053,109.3,109.98,103.87,92.04,72.97,54.89
12055,79.5,79.99,73.62,65.8,39.53,13.71
12057,67.0,65.68,60.33,52.56,48.1,43.61
12059,86.0,82.98,77.54,70.67,51.71,33.86
12061,96.7,96.53,90.82,81.3,60.96,39.24
12063,107.2,108.74,103.88,91.19,46.07,1.74
12065,51.4,51.92,47.41,39.97,5.78,-27.46
12067,60.2,57.5,50.14,42.31,16.64,-7.77
12069,82.4,82.32,75.23,65.34,47.69,30.09
12071,65.4,66.3,61.66,55.06,41.71,27.5
12073,68.7,71.36,66.01,57.0,59.11,61.87
12075,102.9,102.76,98.35,86.3,37.12,-11.84
12077,40.0,40.26,39.11,33.26,4.78,-23.65
12079,80.4,81.22,75.85,71.74,46.16,21.56
12081,77.3,76.15,70.87,62.47,41.28,18.78
12083,89.8,90.71,85.46,73.37,55.3,37.71
12085,74.1,74.6,71.24,64.82,61.88,57.03
12086,32.0,30.54,28.02,23.97,23.83,23.4
12087,79.8,79.89,74.74,64.99,37.26,8.79
12089,111.4,110.46,103.6,86.64,34.09,-19.51
12091,87.5,85.47,77.84,65.95,46.15,27.79
12093,115.9,102.32,95.43,86.45,59.25,31.35
12095,46.0,45.34,41.25,35.77,38.49,40.82
12097,56.3,53.19,46.56,39.79,21.81,4.13
12099,59.9,59.28,54.06,48.26,43.28,36.85
12101,85.0,86.48,80.97,71.21,63.79,56.48
12103,83.6,82.43,74.83,67.11,64.77,61.79
12105,69.7,72.6,68.02,58.94,37.8,16.63
12107,113.6,110.29,102.31,87.78,36.98,-13.19
12109,64.3,64.95,60.73,51.05,34.24,18.17
12111,68.0,65.61,61.65,54.7,31.91,7.26
12113,99.1,97.21,90.42,77.36,50.1,23.49
12115,80.3,79.13,73.44,65.81,55.77,44.6
12117,53.5,55.68,52.65,45.76,39.95,34.14
12119,73.0,72.71,69.14,65.01,17.06,-30.67
12121,88.9,85.82,80.25,72.31,17.49,-36.52
12123,112.3,113.61,112.69,103.42,51.5,0.03
12125,61.3,55.12,51.94,45.97,17.8,-9.36
12127,81.1,81.84,73.86,64.33,50.37,36.14
12129,84.7,83.74,78.5,67.85,13.66,-40.44
12131,84.3,88.39,84.25,74.64,33.69,-6.82
12133,142.1,125.98,121.09,109.15,41.09,-26.42
13001,129.5,123.86,115.87,104.04,64.3,25.36
13003,77.9,69.92,66.67,56.53,61.45,66.46
13005,151.2,156.73,169.02,171.07,153.38,135.85
13007,0.0,-0.29,-0.56,-0.65,25.43,51.91
13009,102.8,98.64,90.13,81.2,45.83,12.43
13011,48.0,42.75,32.0,37.82,6.17,-22.97
13013,87.7,85.05,76.25,68.16,58.98,51.35
13015,104.6,102.81,98.54,87.55,62.23,37.5
13017,208.1,200.09,183.29,164.61,85.46,7.06
13019,57.3,57.68,52.82,47.25,20.4,-5.88
13021,138.8,131.61,121.43,108.37,128.36,149.61
13023,143.9,132.37,124.18,110.82,38.59,-32.48
13025,64.7,55.81,50.3,46.7,10.41,-26.78
13027,88.1,90.98,87.86,87.23,94.23,100.83
13029,88.8,90.19,82.16,69.43,37.97,5.44
13031,95.9,85.72,78.25,68.08,80.44,93.08
13033,88.0,84.25,76.15,66.21,41.23,15.86
13035,104.9,100.56,91.83,69.74,41.65,15.05
13037,1.0,1.62,0.86,-0.81,11.73,24.7
13039,74.2,73.93,66.11,54.19,36.95,18.45
13043,160.8,168.52,157.49,135.78,79.92,25.27
13045,119.3,116.34,109.82,99.94,80.95,62.21
13047,124.0,116.47,104.79,92.05,44.82,-0.34
13049,100.0,103.62,95.93,86.95,54.5,21.4
13051,87.8,85.13,77.29,68.83,76.12,82.16
13053,0.0,-0.15,-0.68,-0.75,-1.52,-0.34
13055,131.9,131.14,120.66,106.57,33.13,-39.23
13057,68.0,69.62,64.0,56.31,53.33,51.51
13059,98.3,96.91,90.78,81.49,126.36,172.72
13061,55.1,48.79,42.97,32.71,78.21,124.85
13063,47.8,44.9,39.02,33.9,27.89,22.45
13065,153.4,152.32,146.1,132.7,66.94,0.89
13067,61.4,61.29,54.76,47.23,45.18,43.49
13069,167.0,172.81,175.45,156.52,161.83,167.66
13071,86.3,85.76,85.08,80.02,84.81,90.0
13073,84.7,81.14,71.91,62.33,66.56,71.08
13075,104.3,106.27,105.15,98.02,49.43,0.34
13077,81.2,81.41,75.83,68.35,52.11,36.67
13079,0.9,1.81,0.66,4.66,38.38,73.56
13081,178.6,174.62,169.76,161.19,95.86,31.4
13083,83.3,75.76,62.38,51.15,13.46,-22.85
13085,149.5,137.05,141.27,131.06,47.05,-34.91
13087,125.2,122.46,120.38,109.21,74.26,40.77
13089,45.9,45.12,40.22,35.29,46.69,59.31
13091,96.9,93.02,92.31,74.09,30.52,-12.02
13093,0.6,0.17,0.52,-0.47,-2.37,-3.14
13095,125.4,119.71,106.59,91.69,110.67,130.59
13097,97.0,94.61,85.57,75.66,47.88,19.31
13099,119.4,118.22,113.89,108.38,72.86,38.32
13101,0.0,0.79,-0.5,-0.22,-2.6,-4.12
13103,86.7,80.19,72.04,62.04,23.14,-17.06
13105,144.4,146.2,139.1,130.63,62.79,-3.19
13107,109.8,113.28,107.96,95.52,60.55,25.67
13109,134.5,122.89,115.6,92.83,38.49,-14.09
13111,163.3,154.99,136.78,122.52,87.07,54.73
13113,88.1,91.18,81.94,74.49,75.79,77.82
13115,160.1,153.6,136.08,121.98,151.93,182.96
13117,52.9,50.98,47.33,41.14,27.53,15.51
13119,127.6,122.9,112.79,111.57,44.33,-21.25
13121,49.1,49.17,43.95,38.3,68.1,98.87
13123,139.4,135.06,119.29,112.2,53.55,-3.06
13125,0.0,-0.5,-0.96,-1.35,-2.59,-3.47
13127,104.0,104.45,94.25,78.26,76.23,72.87
13129,120.0,117.74,106.35,95.57,65.76,37.54
13131,74.7,78.48,77.27,66.81,35.9,6.11
13133,129.3,140.57,130.01,106.08,57.68,10.63
13135,47.1,47.22,43.16,37.86,31.26,26.19
13137,108.0,102.39,100.14,88.16,28.35,-28.95
13139,97.0,94.67,87.83,78.01,76.14,76.18
13141,55.0,53.74,45.89,37.7,11.5,-13.18
13143,205.1,194.35,180.85,159.31,50.83,-57.03
13145,9.0,7.92,5.42,4.98,4.07,5.55
13147,104.8,103.24,101.38,91.06,34.82,-20.1
13149,0.6,0.4,0.0,-0.82,-1.83,-0.83
13151,81.9,78.63,70.65,62.97,47.77,33.32
13153,99.3,94.04,86.89,77.21,58.23,40.93
13155,61.3,57.14,54.36,57.39,35.21,13.28
13157,109.3,115.41,108.18,98.02,52.17,7.85
13159,60.8,58.7,56.92,47.15,21.45,-2.47
13161,104.1,92.87,85.04,72.95,34.3,-3.17
13163,129.0,125.08,114.01,92.45,47.48,2.43
13165,38.0,31.92,27.0,16.87,24.64,32.62
13167,42.1,34.29,4.98,-0.87,14.25,30.9
13169,53.9,53.45,50.74,45.09,27.87,11.9
13171,72.1,75.06,65.74,66.05,23.15,-18.54
13173,16.4,73.6,69.49,66.07,29.68,-6.87
13175,131.5,123.23,115.13,101.01,101.12,103.28
13177,55.0,52.41,46.05,39.51,31.76,25.17
13179,58.0,55.3,52.24,46.32,38.86,30.19
13181,2.7,24.12,33.91,29.62,43.52,59.72
13183,0.0,-0.41,-0.4,-1.14,-0.66,-1.05
13185,91.4,94.25,86.76,83.65,77.89,72.28
13187,79.4,82.03,73.86,66.58,19.88,-24.62
13189,172.2,164.26,143.72,120.66,76.82,34.22
13191,71.6,74.89,65.76,45.94,8.59,-31.69
13193,74.9,68.87,68.17,68.3,33.99,1.27
13195,115.9,104.74,92.63,78.18,11.65,-53.36
13197,19.9,19.57,17.5,16.43,2.45,-8.55
13199,77.0,82.19,76.7,72.07,40.25,9.35
13201,115.5,108.88,100.66,90.58,75.99,62.22
13205,106.9,100.95,93.84,90.34,51.45,13.35
13207,66.1,67.51,66.1,59.62,27.09,-4.83
13209,27.6,35.54,44.0,30.69,12.57,-4.65
13211,83.5,79.86,76.42,62.11,42.16,24.15
13213,100.4,97.63,87.38,76.61,33.41,-7.81
13215,88.7,90.06,87.0,76.63,101.32,127.97
13217,81.1,81.52,75.62,66.16,37.39,10.51
13219,64.3,63.19,59.62,54.87,44.25,35.16
13221,42.4,40.19,36.4,32.16,4.07,-21.47
13223,60.4,58.51,52.68,45.84,24.72,2.25
13225,82.6,87.76,80.44,72.52,49.04,27.51
13227,127.6,122.13,112.11,102.09,34.79,-31.05
13229,71.6,65.76,62.5,54.97,38.43,20.98
13231,13.8,12.58,10.18,9.33,0.97,-6.95
13233,170.8,166.5,152.62,138.48,36.38,-65.67
13235,96.5,88.98,89.45,82.37,34.73,-12.18
13237,72.8,68.47,62.26,53.26,16.94,-17.88
13239,0.0,-0.42,-0.58,-0.72,-1.91,-0.84
13241,146.9,134.52,145.29,143.73,78.76,16.23
13243,154.3,139.89,128.05,110.72,38.23,-32.81
13245,92.9,87.01,76.76,64.42,98.17,131.68
13247,80.3,79.25,73.91,67.25,52.81,39.99
13249,21.2,5.52,2.18,0.02,10.43,23.37
13251,43.7,56.63,62.64,58.95,25.67,-7.35
13253,195.8,180.01,171.8,155.83,130.31,106.68
13255,144.1,137.39,121.89,110.13,96.38,83.46
13257,167.9,163.43,156.51,146.79,70.43,-3.81
13259,59.6,61.78,53.1,52.07,25.61,0.54
13261,100.1,104.61,106.14,99.94,73.16,48.46
13263,0.0,0.53,0.26,-0.32,0.62,2.63
13265,0.0,-0.03,-0.92,-1.23,-3.26,-3.09
13267,56.8,53.75,51.64,65.82,37.68,10.65
13269,42.2,70.09,89.3,77.16,9.08,-57.94
13271,50.3,57.16,62.72,60.23,10.45,-38.78
13273,48.9,50.91,47.17,31.51,6.52,-17.28
13275,100.7,106.95,104.12,97.7,123.26,150.15
13277,145.1,148.42,135.52,125.6,170.41,216.25
13279,155.9,153.63,137.4,111.67,57.67,4.38
13281,117.6,110.15,94.08,82.21,41.31,3.18
13283,64.7,75.46,74.29,59.7,5.29,-48.6
13285,101.5,99.03,94.19,87.15,75.95,66.9
13287,94.2,84.94,91.31,84.21,41.53,0.02
13289,0.9,0.84,-0.19,-1.07,-1.37,-0.47
13291,144.5,130.01,108.47,95.43,79.1,65.31
13293,137.7,138.9,142.32,135.87,88.11,41.14
13295,56.1,54.2,47.89,41.23,15.58,-8.32
13297,114.8,111.24,100.88,87.39,28.72,-27.79
13299,205.9,219.5,213.84,195.93,160.78,125.04
13301,1.0,-0.01,-0.92,-1.12,4.11,10.68
13303,103.5,95.92,84.99,70.52,31.9,-5.4
13305,152.0,144.32,139.5,117.25,104.11,90.37
13307,51.7,58.96,60.5,61.27,4.75,-50.11
13309,44.0,34.53,6.36,8.75,-3.06,-13.87
13311,92.4,99.59,91.95,83.49,22.5,-36.37
13313,97.0,93.44,86.88,75.68,82.71,92.04
13315,2.1,2.89,2.64,-0.77,-3.2,-4.87
13317,148.4,139.54,122.65,109.88,58.04,8.6
13319,90.0,91.41,81.68,73.85,50.47,29.15
13321,96.2,95.05,83.33,78.46,35.67,-5.8
15001,72.1,66.45,60.04,53.65,40.41,28.06
15003,35.6,33.62,30.64,26.89,27.42,31.21
15005,0.0,-0.05,-0.15,-0.19,-0.21,3.73
15007,57.7,55.13,49.55,40.11,32.11,25.46
15009,58.4,56.8,51.92,44.68,34.41,27.15
16001,75.9,72.19,64.33,54.16,58.31,60.67
16003,0.0,-0.55,-0.83,-0.89,11.78,23.76
16005,106.9,101.62,93.57,82.66,81.33,79.49
16007,111.3,112.94,104.62,97.5,68.03,38.25
16009,99.1,90.28,81.59,72.09,49.38,25.16
16011,72.4,66.84,61.59,56.4,58.03,59.04
16013,40.3,45.71,43.52,37.11,23.92,9.22
16015,0.0,0.01,-0.41,-0.51,7.86,14.05
16017,72.9,65.0,59.9,53.22,42.15,29.69
16019,97.8,92.48,83.75,75.92,74.84,72.41
16021,110.7,100.07,98.1,86.28,40.97,-4.59
16023,105.3,99.54,84.27,75.18,75.9,75.86
16025,0.0,0.35,0.02,-0.24,-0.76,-1.04
16027,78.5,76.06,69.12,59.1,29.31,-1.41
16029,110.5,107.07,101.44,97.3,91.16,84.53
16031,111.2,103.13,92.97,82.91,55.3,27.77
16033,0.0,-0.05,-0.35,-0.24,-0.49,-3.05
16035,51.4,59.73,85.88,75.95,17.58,-41.83
16037,20.6,24.23,25.87,20.48,7.7,-6.76
16039,71.3,69.27,64.73,57.01,27.11,-3.91
16041,86.4,76.27,69.79,63.41,54.19,44.35
16043,45.3,43.3,32.28,28.79,17.0,3.14
16045,105.3,108.46,101.0,91.35,30.15,-32.67
16047,43.0,58.69,51.14,44.73,27.17,10.34
16049,69.3,53.25,45.81,38.2,25.82,13.18
16051,37.9,37.15,35.15,32.88,18.4,2.54
16053,77.9,71.55,63.63,57.07,26.57,-3.35
16055,101.3,94.96,87.16,76.87,61.85,45.17
16057,64.3,61.35,54.96,49.66,28.1,5.41
16059,118.9,99.63,90.78,84.36,33.12,-19.99
16061,132.8,18.01,8.69,0.32,14.63,28.03
16063,0.0,0.13,12.46,17.52,10.93,4.92
16065,55.0,51.97,49.51,44.26,29.95,13.38
16067,33.6,29.92,28.21,25.78,19.36,13.02
16069,124.5,126.56,109.86,106.43,131.1,156.08
16071,106.2,103.49,96.88,87.66,69.54,50.74
16073,22.6,12.44,28.72,26.6,8.25,-10.75
16075,45.8,47.13,42.81,40.24,49.88,58.91
16077,76.9,71.62,63.78,56.2,39.92,23.04
16079,114.7,106.83,97.6,77.66,33.34,-11.71
16081,62.8,57.62,50.74,46.85,25.23,2.22
16083,107.3,100.2,91.73,83.87,87.7,92.73
16085,105.9,96.41,84.58,69.83,25.26,-19.83
16087,117.3,113.56,101.03,83.78,47.04,10.33
17001,141.8,134.17,120.18,98.36,93.94,89.38
17003,47.6,9.45,-0.1,-1.4,50.06,99.99
17005,61.0,55.78,47.11,41.59,25.16,8.84
17007,53.6,50.64,47.11,40.33,28.73,17.08
17009,3.3,2.48,1.64,1.06,32.26,62.77
17011,32.4,30.94,30.68,26.66,48.86,71.17
17013,2.3,2.15,1.66,-0.39,5.36,10.37
17015,29.8,35.34,36.77,29.95,18.65,6.69
17017,30.7,25.21,21.65,18.15,9.78,0.7
17019,70.4,66.16,58.94,51.56,49.31,47.42
17021,96.0,87.28,75.03,63.09,27.07,-9.04
17023,30.1,26.29,23.55,47.78,39.69,31.68
17025,80.7,76.03,65.41,55.34,21.14,-13.58
17027,36.9,34.3,32.16,25.91,13.72,2.54
17029,109.5,100.79,90.91,77.39,63.27,49.87
17031,43.0,41.24,36.85,32.34,38.73,46.34
17033,34.9,31.73,28.69,21.43,7.13,-7.6
17035,2.0,0.42,0.02,-0.43,14.66,29.76
17037,57.3,57.49,53.87,48.72,29.96,12.7
17039,86.1,84.94,77.22,63.73,27.27,-9.53
17041,17.8,30.7,28.94,25.28,16.47,8.38
17043,48.5,46.7,42.36,37.91,44.74,52.45
17045,118.9,106.29,87.97,67.74,35.93,4.4
17047,98.1,95.89,83.09,69.78,45.58,21.3
17049,70.7,70.97,66.09,54.74,63.55,71.67
17051,66.3,61.6,55.5,48.13,22.84,-2.91
17053,5.5,3.51,3.41,-0.32,16.0,33.2
17055,126.9,136.75,113.8,105.77,44.1,-17.36
17057,77.5,69.37,69.38,69.1,48.4,26.51
17059,0.0,-0.23,-0.61,25.65,29.26,32.64
17061,4.2,2.9,2.17,-0.07,38.05,74.39
17063,82.8,90.85,83.31,73.71,48.48,24.83
17065,3.4,2.82,1.34,-1.1,5.7,12.45
17067,32.3,27.02,19.81,16.24,28.92,40.9
17069,243.4,239.7,210.9,205.71,187.46,170.17
17071,1.9,-0.08,-0.99,-1.02,2.66,4.94
17073,64.3,61.56,56.46,49.15,28.73,7.79
17075,65.6,58.06,56.06,47.71,39.36,31.46
17077,105.8,103.74,91.18,77.76,102.05,125.64
17079,41.8,41.97,38.69,34.34,22.13,9.4
17081,116.5,113.48,104.3,89.9,94.19,98.35
17083,107.9,116.94,109.93,100.69,79.55,57.4
17085,41.6,38.36,37.18,18.94,24.19,27.71
17087,31.4,30.0,25.49,22.67,8.85,-5.35
17089,42.8,41.46,37.58,33.48,22.85,13.63
17091,81.4,81.74,76.53,66.75,56.41,47.34
17093,55.4,52.5,48.79,41.99,12.75,-14.77
17095,111.8,107.2,97.52,85.55,68.77,51.99
17097,54.6,52.08,47.59,42.25,38.07,34.9
17099,88.4,84.92,78.23,70.81,30.29,-9.7
17101,93.1,87.04,82.61,74.24,47.01,19.77
17103,63.0,63.01,59.06,58.5,27.5,-3.07
17105,73.6,71.49,74.09,63.79,44.45,26.01
17107,86.5,80.49,70.07,61.51,29.16,-4.0
17109,83.7,80.98,79.01,68.09,48.39,27.7
17111,65.5,63.0,58.1,52.12,30.13,8.06
17113,61.1,57.47,52.47,46.22,54.0,62.42
17115,102.1,98.14,86.68,76.29,72.47,69.19
17117,37.9,39.23,34.07,29.56,20.97,12.54
17119,110.8,106.52,97.75,86.09,59.66,33.72
17121,140.2,128.5,119.53,107.44,59.57,12.57
17123,49.6,55.08,50.36,41.33,31.29,21.56
17125,65.3,60.82,55.97,43.23,23.44,1.83
17127,163.9,151.3,138.96,130.53,83.96,37.15
17129,1.8,12.0,23.39,19.59,1.82,-16.78
17131,37.5,34.96,18.41,15.06,18.93,21.95
17133,76.2,72.12,70.67,65.15,25.24,-13.5
17135,117.9,121.88,108.42,95.94,49.4,2.85
17137,125.3,127.14,114.69,98.0,65.33,31.46
17139,42.1,39.35,31.42,27.39,8.21,-10.17
17141,26.5,24.15,22.68,19.6,12.82,6.66
17143,85.1,79.43,70.54,60.53,98.78,136.25
17145,95.7,53.99,47.6,40.58,58.62,77.99
17147,40.9,36.25,27.43,22.66,22.02,21.53
17149,27.6,26.74,25.55,37.2,37.72,37.08
17151,48.0,48.59,37.71,7.81,23.95,40.34
17153,68.6,79.8,67.36,55.65,5.61,-45.88
17155,30.1,27.39,24.37,23.66,35.82,48.0
17157,71.7,68.32,63.95,52.09,42.06,32.64
17159,97.1,88.92,82.13,75.8,43.35,10.88
17161,84.5,83.74,75.77,66.45,52.11,36.95
17163,78.9,76.86,69.32,60.05,59.19,58.75
17165,213.5,216.96,203.25,179.46,130.84,81.7
17167,105.9,99.11,86.36,74.17,89.59,104.44
17169,4.1,2.4,1.35,28.38,30.44,32.05
17171,0.3,0.09,-0.47,-0.46,3.91,7.04
17173,33.7,32.74,30.41,28.57,17.84,6.75
17175,0.0,-0.17,-0.47,-0.59,1.48,2.21
17177,86.8,83.07,74.49,68.34,51.36,33.58
17179,94.3,90.88,83.59,73.03,37.83,1.62
17181,163.5,159.42,142.41,120.65,81.5,41.39
17183,100.2,94.09,85.06,72.13,53.8,36.31
17185,115.8,112.22,91.17,69.7,34.09,-1.52
17187,72.6,76.03,69.25,60.93,33.39,5.6
17189,26.0,30.76,30.77,27.89,29.85,32.78
17191,81.2,79.68,74.33,64.15,58.78,53.79
17193,120.1,113.55,100.97,77.81,33.15,-11.53
17195,69.2,64.5,56.23,47.72,37.52,26.07
17197,55.5,54.08,50.25,44.66,33.21,22.48
17199,150.0,152.0,135.76,121.74,92.75,63.51
17201,96.8,94.36,87.07,77.77,72.33,66.49
17203,25.1,28.55,27.25,23.58,32.57,41.37
18001,65.8,63.5,57.14,50.65,30.14,8.4
18003,82.1,75.93,67.06,58.25,79.52,99.74
18005,101.1,93.6,82.85,72.08,51.88,32.19
18007,21.1,20.54,20.61,16.69,8.96,0.87
18009,89.6,83.1,73.02,68.6,29.59,-10.76
18011,73.0,66.79,58.55,51.49,45.05,37.51
18013,39.9,39.03,33.14,28.91,17.18,5.11
18015,32.9,30.17,23.4,18.64,3.57,-11.91
18017,76.0,70.24,61.88,56.33,21.62,-14.43
18019,115.9,105.23,92.41,84.25,76.89,69.34
18021,104.0,95.02,85.26,72.13,25.42,-22.44
18023,79.5,70.42,64.96,51.35,22.13,-7.63
18025,53.6,51.42,47.11,39.73,9.54,-19.81
18027,88.2,81.22,73.17,64.41,38.73,13.59
18029,93.4,89.18,83.1,77.77,86.69,95.5
18031,86.6,73.52,61.0,51.82,36.96,22.0
18033,78.3,69.37,57.98,50.13,21.14,-7.42
18035,103.3,99.04,91.11,81.09,83.7,85.38
18037,107.2,102.87,95.33,84.26,56.93,30.82
18039,78.1,73.01,62.71,51.54,43.23,34.3
18041,140.8,117.14,107.05,97.05,39.84,-16.84
18043,138.5,131.69,118.5,105.47,120.46,135.97
18045,112.3,116.24,103.19,84.85,25.63,-33.01
18047,55.1,49.86,43.58,37.91,28.08,18.59
18049,94.4,94.22,91.87,82.23,33.19,-16.82
18051,100.4,93.42,86.14,78.44,40.61,3.29
18053,112.1,104.47,93.49,82.52,38.03,-7.4
18055,97.3,93.69,79.37,65.02,35.28,5.02
18057,52.8,50.4,46.8,41.7,42.27,41.66
18059,78.2,76.43,68.48,61.6,36.01,8.79
18061,93.3,91.3,88.04,80.1,53.49,27.67
18063,78.4,72.9,65.37,58.44,44.89,29.68
18065,105.1,97.27,89.81,82.33,41.59,0.14
18067,127.6,122.68,114.99,102.88,69.39,34.56
18069,85.8,78.81,71.21,63.25,17.26,-29.58
18071,100.6,89.97,76.0,60.19,58.97,58.4
18073,125.1,122.7,117.1,103.11,61.43,19.48
18075,104.3,90.11,82.8,73.21,29.57,-14.89
18077,123.4,114.1,100.64,89.96,67.13,44.63
18079,107.7,98.23,88.34,75.76,26.44,-22.8
18081,91.5,84.2,77.18,68.27,64.78,60.07
18083,132.4,129.37,119.35,100.17,110.4,121.36
18085,80.0,74.17,65.29,54.71,20.48,-14.03
18087,24.5,22.66,19.98,16.09,7.87,0.91
18089,82.2,82.49,76.54,66.96,68.47,71.23
18091,110.0,105.79,91.77,78.81,65.99,52.89
18093,141.1,132.81,121.35,105.27,43.52,-17.48
18095,116.5,110.33,100.68,87.62,63.01,37.61
18097,77.7,72.48,65.74,56.97,70.95,82.82
18099,94.3,89.39,81.01,68.68,28.21,-12.33
18101,113.3,108.61,93.75,80.15,41.87,4.79
18103,72.0,67.28,59.38,52.0,25.44,-2.77
18105,76.0,71.5,64.55,55.42,63.3,70.83
18107,101.8,98.54,93.69,77.75,27.71,-22.57
18109,121.2,111.45,102.93,90.87,48.72,5.31
18111,26.3,25.64,21.61,17.18,0.86,-14.95
18113,80.8,76.74,69.08,60.8,20.18,-20.45
18115,1.8,3.48,2.99,-0.3,45.91,92.24
18117,116.8,106.22,90.62,75.89,30.09,-13.97
18119,79.3,74.55,69.06,62.22,24.33,-14.26
18121,47.5,41.28,33.87,33.81,29.44,25.26
18123,108.3,105.87,95.0,79.86,26.67,-26.27
18125,90.3,93.81,83.8,70.89,42.79,15.37
18127,96.2,90.28,85.2,76.7,54.88,33.66
18129,57.6,55.42,51.39,51.22,50.33,49.53
18131,61.5,70.37,58.29,46.64,34.93,23.16
18133,84.5,78.67,57.24,48.6,24.34,-0.52
18135,84.5,77.03,69.71,60.7,54.86,48.92
18137,105.0,106.92,100.67,90.97,42.66,-5.33
18139,88.9,78.95,70.28,56.49,28.38,0.42
18141,85.8,81.15,72.16,60.18,66.64,73.58
18143,167.5,149.59,130.43,114.89,133.19,151.66
18145,83.3,78.02,70.84,60.07,35.18,9.3
18147,44.2,39.63,31.89,26.2,17.68,9.92
18149,118.2,115.22,105.18,91.26,53.99,16.11
18151,88.2,82.17,74.69,65.38,33.02,1.53
18153,109.1,98.38,82.44,66.29,50.97,35.06
18155,47.9,45.25,39.45,35.51,11.61,-11.87
18157,78.2,71.7,64.57,52.28,59.4,66.17
18159,62.0,58.81,48.77,39.98,25.33,10.25
18161,65.7,56.13,44.81,42.74,17.88,-6.53
18163,139.3,137.65,126.22,111.71,143.18,174.82
18165,96.3,91.87,83.21,69.41,29.26,-10.37
18167,111.3,103.74,95.61,78.57,85.18,91.0
18169,98.2,94.02,86.68,73.64,25.13,-24.67
18171,0.0,0.02,-0.79,-1.37,1.12,3.64
18173,85.4,83.23,77.15,67.5,65.45,64.09
18175,92.7,74.89,71.99,68.07,43.44,19.69
18177,114.4,101.88,90.76,81.99,78.95,76.04
18179,79.8,75.33,68.03,60.86,43.3,24.47
18181,89.5,83.59,74.13,65.29,16.64,-32.03
18183,104.1,94.14,79.72,69.85,22.98,-24.79
19001,55.2,51.66,44.13,37.3,15.8,-6.34
19003,9.3,12.33,61.96,53.76,18.5,-16.39
19005,48.3,44.65,40.65,27.01,28.47,30.82
19007,133.4,119.34,106.65,90.91,50.18,9.95
19009,52.8,47.53,53.95,65.82,40.49,14.94
19011,15.2,12.98,10.78,7.65,11.25,14.7
19013,79.1,73.8,64.48,59.17,59.53,60.59
19015,61.0,60.84,56.72,47.98,26.84,4.86
19017,46.6,47.89,43.27,37.53,26.14,14.91
19019,39.2,37.65,34.34,28.98,16.2,2.92
19021,49.5,42.51,37.5,32.17,21.34,12.68
19023,17.7,17.02,16.29,15.48,13.34,11.92
19025,63.1,67.36,66.08,61.35,53.85,46.84
19027,107.7,99.73,91.45,75.16,48.58,21.73
19029,106.3,100.51,91.67,80.49,49.58,18.89
19031,22.7,19.69,17.08,15.19,18.43,20.7
19033,106.5,98.17,82.83,66.7,73.06,80.14
19035,58.2,44.48,38.57,31.5,21.38,13.12
19037,36.4,27.22,21.88,18.48,5.55,-7.22
19039,91.3,87.42,94.95,80.21,30.14,-20.0
19041,118.7,105.64,99.59,89.89,68.97,49.38
19043,35.8,28.67,22.17,14.39,10.78,7.71
19045,86.1,79.51,71.8,63.62,44.73,23.76
19047,68.8,64.21,58.43,49.61,28.13,6.46
19049,16.1,17.19,19.32,19.28,10.4,0.5
19051,67.5,59.29,52.31,36.71,29.72,23.19
19053,47.7,45.14,52.79,53.44,51.49,50.25
19055,49.6,46.49,41.61,38.8,26.67,13.91
19057,106.7,96.52,85.59,75.94,58.5,39.72
19059,85.9,78.68,75.68,65.0,34.04,5.39
19061,67.8,61.41,54.35,49.86,40.31,30.52
19063,71.3,63.09,52.02,45.61,26.74,9.04
19065,68.1,64.75,60.2,53.82,24.98,-3.09
19067,101.1,86.13,54.61,48.4,37.54,27.13
19069,15.3,7.92,0.85,-0.22,5.5,11.62
19071,74.2,72.12,38.42,32.94,23.89,16.68
19073,96.4,92.87,86.73,71.93,42.78,12.67
19075,15.8,30.37,34.44,34.84,35.75,38.05
19077,6.7,2.64,8.5,34.12,29.25,23.69
19079,71.7,65.3,55.54,50.29,45.89,41.56
19081,0.6,-0.1,-0.58,-0.64,27.75,57.54
19083,58.7,56.09,52.81,57.16,36.77,17.07
19085,72.7,69.47,60.14,47.31,37.95,28.32
19087,73.5,68.69,63.94,55.24,31.65,7.78
19089,36.7,30.96,28.27,23.95,10.96,-1.53
19091,66.8,61.67,51.8,46.75,22.97,0.74
19093,31.1,55.2,63.86,62.5,34.69,7.38
19095,27.7,34.92,33.52,28.19,25.47,22.8
19097,39.9,35.87,32.22,27.7,14.81,0.02
19099,70.1,70.0,60.42,51.16,37.25,22.71
19101,96.4,91.51,83.67,73.49,48.99,25.06
19103,35.7,32.45,28.45,24.74,64.5,103.59
19105,42.8,45.99,39.35,26.46,19.17,10.86
19107,0.0,-0.27,-0.47,-0.77,2.45,5.84
19109,43.0,38.34,33.96,31.14,14.94,0.7
19111,117.0,126.15,111.84,95.18,45.7,-4.24
19113,73.4,65.62,56.67,46.86,37.73,28.39
19115,29.3,27.39,18.77,19.06,10.34,1.06
19117,112.4,107.75,87.82,77.27,50.27,23.49
19119,30.7,26.55,24.15,22.09,21.59,22.24
19121,85.4,83.87,75.95,63.69,35.84,7.37
19123,73.6,67.8,69.52,60.78,40.75,20.47
19125,67.6,61.26,56.98,51.87,40.31,28.31
19127,81.2,77.79,67.75,57.79,32.01,6.43
19129,40.3,40.19,47.17,39.87,40.53,42.16
19131,26.5,26.01,23.85,24.03,19.58,15.8
19133,90.7,91.08,85.81,80.79,37.59,-4.85
19135,104.9,94.2,76.65,65.77,91.33,116.69
19137,85.4,83.6,83.15,99.51,44.55,-9.3
19139,66.0,58.94,55.21,49.16,37.3,23.91
19141,56.5,58.25,58.87,51.71,37.61,24.36
19143,1.5,31.86,33.0,28.69,11.85,-3.78
19145,117.8,113.7,101.33,89.22,52.97,18.61
19147,45.2,37.91,33.56,27.71,4.24,-16.93
19149,45.1,45.16,42.11,39.8,20.35,2.35
19151,63.7,62.87,57.3,48.05,21.14,-3.73
19153,89.0,82.78,70.9,59.52,63.06,65.24
19155,96.2,91.02,80.56,69.03,45.13,21.62
19157,58.2,54.58,50.68,44.4,38.25,31.01
19159,96.4,89.38,63.85,60.3,26.49,-6.24
19161,21.1,18.95,15.67,15.0,18.24,22.2
19163,78.0,73.52,64.88,55.34,56.72,56.83
19165,56.8,59.91,53.08,48.49,28.42,8.54
19167,28.4,31.77,23.19,21.16,21.1,22.59
19169,44.5,41.63,37.28,31.59,29.38,26.84
19171,30.4,31.01,27.09,26.5,23.74,21.13
19173,22.4,20.56,15.75,0.74,39.28,77.76
19175,145.8,127.55,117.9,104.75,59.5,14.77
19177,1.6,3.79,0.01,21.6,39.31,57.38
19179,134.0,121.03,100.16,77.38,47.68,17.78
19181,43.2,40.39,38.25,40.7,20.4,-0.14
19183,47.2,45.52,42.36,39.2,27.35,16.14
19185,6.9,15.55,59.76,55.5,88.2,121.04
19187,94.8,90.51,75.78,65.54,55.14,45.71
19189,58.6,54.61,51.76,46.36,29.97,14.93
19191,47.6,46.85,43.84,38.21,28.22,19.11
19193,75.1,72.92,67.56,62.34,51.29,40.57
19195,1.0,0.38,0.04,-0.64,0.84,3.22
19197,70.2,64.68,50.41,41.94,32.94,25.21
20001,156.9,99.24,122.26,131.52,90.15,47.73
20003,6.0,0.19,1.11,1.33,6.58,12.56
20005,107.9,104.61,97.45,85.17,52.11,18.78
20007,6.8,4.25,2.8,-0.29,36.65,72.0
20009,104.7,103.16,98.72,96.97,60.31,24.22
20011,104.3,115.11,105.76,89.49,70.42,49.67
20013,54.5,48.05,46.0,36.96,35.7,35.99
20015,104.7,97.04,89.1,90.09,67.45,44.37
20017,0.0,0.23,-0.04,-0.32,15.66,32.28
20019,18.4,14.15,9.07,0.07,26.78,52.09
20021,71.3,44.2,36.33,30.65,36.16,38.58
20023,115.8,116.3,105.97,105.52,129.34,153.92
20025,6.0,1.22,0.89,-0.04,97.75,194.75
20027,8.6,78.59,78.4,76.69,60.71,45.82
20029,78.5,50.61,39.14,33.87,14.99,-2.39
20031,21.4,5.76,3.49,80.08,92.91,105.21
20033,2.4,1.47,0.71,-0.21,12.26,22.6
20035,92.2,94.61,90.39,86.05,60.75,35.56
20037,116.2,106.52,92.77,79.37,99.46,116.68
20039,91.6,82.66,81.92,63.79,27.43,-7.86
20041,1.9,2.04,1.33,-0.09,45.25,91.31
20043,0.0,-0.5,-0.67,-0.93,0.93,4.23
20045,72.0,67.7,59.49,52.46,44.17,35.4
20047,31.9,63.87,63.29,70.12,59.03,46.83
20049,13.5,5.85,3.17,-0.45,2.55,4.29
20051,118.7,108.62,96.75,91.79,65.58,38.91
20053,78.6,71.06,69.68,72.57,55.09,38.57
20055,78.8,74.59,66.78,61.73,36.69,11.34
20057,84.6,84.06,74.49,68.86,78.51,87.62
20059,99.2,103.49,95.35,88.43,48.81,8.75
20061,69.6,64.17,57.49,57.59,48.04,39.45
20063,2.8,29.02,53.63,2.75,23.15,43.2
20065,159.1,145.27,126.22,7.43,13.3,18.66
20067,77.2,62.99,58.22,53.16,27.3,0.19
20069,21.2,22.91,19.21,15.44,21.42,26.14
20071,110.4,110.0,107.62,102.35,121.22,139.79
20073,5.2,2.11,1.03,0.35,16.73,32.09
20075,86.9,71.84,46.71,38.97,8.8,-21.92
20077,67.4,64.66,70.56,65.78,44.98,23.01
20079,95.1,85.53,80.46,76.64,64.23,52.3
20081,4.1,2.09,2.06,0.01,21.47,42.08
20083,5.1,2.57,0.71,0.15,26.25,52.22
20085,50.9,48.21,45.13,39.08,22.08,5.51
20087,1.2,0.31,0.04,1.17,10.2,18.28
20089,0.4,0.11,-0.11,-0.26,-0.98,-1.18
20091,70.0,66.92,59.86,53.91,58.9,64.71
20093,47.5,47.44,40.1,34.89,74.82,113.83
20095,0.0,-0.29,-0.43,-0.67,30.46,60.1
20097,36.5,67.96,73.75,68.52,71.28,71.75
20099,109.2,105.23,99.93,92.86,66.5,37.9
20101,94.6,92.09,76.58,72.82,36.7,0.23
20103,48.6,44.42,39.59,34.76,29.96,25.7
20105,4.7,1.32,0.31,-0.04,3.45,8.02
20107,5.9,3.55,3.72,-0.41,10.45,22.04
20109,3.8,62.29,66.53,67.42,50.81,34.96
20111,73.4,76.0,71.83,63.32,45.38,27.38
20113,87.9,80.17,76.12,72.8,41.05,10.21
20115,9.3,27.43,30.11,26.71,11.16,-3.96
20117,35.3,33.32,31.27,24.83,33.18,43.38
20119,1.8,0.62,0.78,0.0,21.94,42.31
20121,28.5,27.81,41.3,34.3,24.6,15.97
20123,88.5,95.76,92.13,87.35,75.29,64.32
20125,119.1,113.47,117.92,103.45,46.27,-13.86
20127,5.4,1.46,1.65,0.01,9.46,20.34
20129,168.7,139.34,120.31,105.98,112.5,118.21
20131,30.5,28.29,25.91,23.15,17.79,13.35
20133,40.6,36.89,45.51,83.71,77.89,70.5
20135,5.2,91.96,101.54,107.07,57.79,7.5
20137,106.6,102.05,85.09,80.06,54.82,29.96
20139,3.2,1.62,1.33,0.48,14.29,28.25
20141,163.5,165.39,152.64,147.25,93.33,39.17
20143,3.6,1.8,0.41,-0.23,12.46,26.87
20145,61.0,52.56,46.03,36.37,23.31,9.78
20147,5.2,2.4,1.72,-0.78,25.13,51.15
20149,2.4,1.12,0.47,-0.22,9.6,20.41
20151,188.5,185.62,160.01,138.91,100.06,60.26
20153,3.6,0.22,0.32,-0.06,26.8,54.53
20155,113.2,106.79,96.67,84.87,69.11,54.37
20157,5.1,1.66,1.95,0.09,12.94,26.72
20159,52.0,49.79,39.83,32.44,13.62,-3.96
20161,69.8,67.68,62.94,59.4,45.5,32.5
20163,3.6,1.83,1.56,-1.88,46.46,93.96
20165,53.4,43.47,46.78,50.33,35.09,19.78
20167,4.0,2.15,2.16,0.13,49.15,97.96
20169,142.5,137.46,125.88,118.76,107.38,97.48
20171,102.2,94.51,89.7,87.75,81.21,74.46
20173,103.7,99.79,93.25,85.15,94.6,103.95
20175,118.6,104.36,98.11,92.12,60.02,26.26
20177,112.5,106.66,91.5,79.63,63.26,46.66
20179,2.0,2.26,1.61,-2.73,6.8,16.56
20181,87.1,90.22,78.2,66.49,22.15,-21.99
20183,135.8,137.03,117.79,109.63,90.03,70.62
20185,0.0,-0.03,-0.89,-0.79,21.16,42.94
20187,1.5,37.67,90.46,90.02,110.15,129.18
20189,14.2,23.93,21.95,19.88,10.55,0.53
20191,65.2,66.32,65.21,53.9,54.67,55.04
20193,102.8,91.49,82.75,84.08,62.09,40.11
20195,148.8,139.6,134.87,119.97,117.3,114.24
20197,0.0,-0.33,-0.35,-0.42,6.1,13.01
20199,50.1,42.53,41.4,37.47,3.5,-30.5
20201,58.9,80.71,83.9,82.91,59.72,38.38
20203,0.0,-0.03,-0.37,-0.23,5.05,9.76
20205,117.7,116.99,99.36,82.03,105.37,127.39
20207,2.6,-0.94,1.17,1.77,12.85,22.7
20209,73.6,71.31,63.16,57.06,102.07,147.69
21001,121.1,100.43,97.8,91.89,68.39,45.99
21003,92.3,92.18,84.58,71.93,43.43,16.22
21005,93.7,90.2,78.07,68.23,25.31,-17.41
21007,93.9,102.15,92.08,85.97,12.41,-62.51
21009,123.3,125.92,117.07,104.78,67.9,32.3
21011,59.9,54.17,46.61,38.84,4.81,-29.33
21013,252.7,248.47,226.54,199.07,154.89,113.42
21015,93.2,89.27,81.4,73.34,50.03,27.01
21017,102.0,97.53,89.02,79.09,43.21,7.92
21019,99.2,91.01,81.01,72.18,95.76,120.48
21021,131.9,118.78,101.74,92.36,99.51,106.42
21023,21.1,18.26,16.14,14.66,21.01,28.16
21025,208.8,186.74,170.57,152.9,73.53,-4.8
21027,50.4,47.36,43.99,41.98,21.39,1.26
21029,68.2,64.63,62.65,58.8,20.76,-18.08
21031,99.6,92.1,79.14,70.27,27.25,-14.63
21033,134.4,132.91,125.46,116.93,40.35,-36.44
21035,99.1,97.82,87.96,77.57,48.24,19.84
21037,90.9,86.02,77.64,70.15,50.05,29.79
21039,69.9,80.03,82.33,89.15,78.91,67.48
21041,181.9,165.63,139.35,124.02,54.88,-13.78
21043,82.4,76.67,65.12,58.16,23.08,-11.35
21045,122.7,106.39,87.53,72.75,34.36,-4.5
21047,67.4,63.95,55.95,47.26,36.08,25.07
21049,98.1,94.87,89.74,82.77,168.16,254.09
21051,220.9,219.1,188.52,168.55,129.9,91.8
21053,179.1,156.34,132.93,116.37,65.81,17.71
21055,124.9,122.29,106.46,89.98,65.28,41.21
21057,201.1,175.26,148.92,127.9,58.61,-8.12
21059,112.6,104.13,93.31,82.7,76.07,69.54
21061,41.6,86.25,71.39,62.65,18.65,-24.62
21063,3.8,35.53,33.11,30.45,4.03,-22.25
21065,145.2,145.58,132.71,124.63,47.01,-30.5
21067,70.2,65.37,55.94,47.68,111.54,175.73
21069,79.3,70.78,60.44,54.91,35.63,16.75
21071,245.0,226.94,216.14,204.89,146.41,89.8
21073,101.8,95.62,83.53,74.46,68.86,64.03
21075,181.1,179.59,166.91,157.6,38.46,-81.66
21077,44.7,42.46,37.56,30.73,53.0,75.56
21079,49.3,49.7,41.46,34.4,24.08,14.04
21081,115.4,107.46,99.82,87.83,26.13,-34.6
21083,99.9,97.32,91.69,86.13,37.54,-10.96
21085,133.9,129.87,122.83,115.87,62.38,9.54
21087,86.4,81.31,59.44,60.57,18.96,-21.73
21089,81.0,76.51,67.6,61.11,31.1,1.91
21091,26.1,25.73,23.74,23.26,3.25,-15.98
21093,86.2,86.15,82.28,77.42,62.63,48.37
21095,139.5,131.59,120.78,109.57,62.73,17.71
21097,106.7,96.9,81.74,74.32,50.64,28.35
21099,61.1,59.98,56.88,54.77,11.93,-30.13
21101,147.5,143.38,131.06,113.66,67.74,22.25
21103,61.4,61.32,56.36,50.49,25.95,1.66
21105,70.7,63.12,53.82,57.74,36.9,15.01
21107,136.5,130.17,125.37,120.83,95.12,70.0
21109,48.6,47.95,49.72,45.23,12.11,-20.51
21111,88.5,83.41,76.3,69.77,88.74,107.39
21113,96.8,91.53,79.37,68.96,39.41,9.94
21115,183.7,178.34,169.8,149.65,107.27,66.36
21117,78.1,74.66,67.34,59.34,75.43,91.3
21119,89.7,86.44,80.45,67.01,49.71,34.94
21121,84.7,85.6,81.13,76.79,55.51,35.95
21123,90.3,86.74,81.37,65.77,29.98,-5.24
21125,112.0,106.02,92.02,82.83,79.01,76.44
21127,111.0,107.39,97.01,86.7,47.02,9.54
21129,160.1,147.79,134.36,126.21,74.68,23.62
21131,217.7,209.87,181.61,162.78,72.48,-16.34
21133,150.8,137.92,125.35,115.11,45.8,-21.81
21135,31.3,23.61,21.07,17.31,15.52,14.29
21137,74.1,73.48,61.66,52.98,14.0,-25.23
21139,7.4,6.49,4.5,-0.88,27.93,57.28
21141,86.5,100.97,104.44,97.19,28.09,-39.77
21143,118.6,116.86,106.87,101.2,52.09,2.87
21145,181.6,183.14,167.13,151.13,238.3,325.61
21147,129.3,121.3,118.9,97.31,28.08,-38.65
21149,87.6,86.89,80.72,68.72,12.6,-43.5
21151,89.4,84.39,74.82,67.62,34.36,1.48
21153,165.0,157.7,139.1,130.89,63.29,-3.91
21155,114.2,108.33,97.73,82.51,44.57,5.93
21157,108.2,115.16,109.37,99.64,46.88,-5.45
21159,138.7,134.53,131.0,122.31,71.21,22.1
21161,115.0,102.73,95.36,87.3,53.04,19.43
21163,61.3,58.58,55.4,48.74,12.78,-23.01
21165,4.7,37.98,35.71,33.67,13.08,-6.58
21167,104.7,98.05,86.24,73.97,24.33,-25.75
21169,71.8,71.26,65.91,60.36,17.21,-24.32
21171,137.5,121.5,107.09,91.49,36.59,-16.41
21173,156.8,147.52,131.2,118.93,71.78,24.83
21175,58.8,65.51,77.87,78.43,50.02,21.7
21177,134.3,128.26,119.88,105.38,46.71,-11.75
21179,92.4,91.96,86.0,79.12,37.91,-3.87
21181,53.4,43.24,30.37,25.88,2.6,-20.02
21183,93.9,110.42,104.75,92.39,89.25,86.67
21185,60.0,57.56,51.65,46.59,21.02,-4.94
21187,55.1,51.01,41.96,38.65,10.14,-17.14
21189,249.7,250.18,239.27,240.24,164.12,88.26
21191,51.5,51.25,46.93,44.69,21.38,-1.29
21193,217.6,209.17,203.88,202.05,300.04,399.99
21195,242.4,222.02,200.11,180.8,134.52,89.65
21197,149.4,149.21,139.32,132.86,73.04,13.52
21199,109.1,98.69,86.4,79.5,58.93,38.66
21201,0.0,-0.88,-1.09,-0.54,-1.98,-2.55
21203,86.2,80.71,68.99,60.34,46.76,33.84
21205,141.8,124.36,98.21,82.95,54.3,26.12
21207,156.6,126.33,110.42,101.91,45.24,-10.2
21209,85.5,78.11,70.7,63.1,38.73,15.2
21211,73.7,73.42,64.28,58.48,25.59,-7.16
21213,108.5,102.58,90.64,81.69,19.03,-42.18
21215,51.9,44.9,37.94,35.13,6.96,-21.5
21217,99.6,91.44,90.42,84.99,51.54,18.7
21219,39.7,8.56,4.92,-0.32,1.73,4.19
21221,26.4,69.51,73.93,65.94,16.04,-33.63
21223,37.0,35.57,48.33,48.68,37.27,26.04
21225,138.5,127.61,121.19,103.48,40.9,-21.98
21227,109.3,96.98,85.07,74.06,95.98,119.45
21229,48.4,41.37,39.31,37.21,13.22,-11.24
21231,139.7,127.53,115.77,109.7,101.36,94.99
21233,103.8,100.26,94.89,92.69,46.5,0.22
21235,265.2,241.43,222.59,200.4,160.45,123.0
21237,194.9,167.28,126.98,120.87,78.03,35.41
21239,65.5,60.42,58.9,55.57,34.12,12.57
22001,71.4,75.88,71.0,67.83,33.37,-1.44
22003,102.1,92.67,84.45,85.05,40.7,-4.21
22005,99.9,93.93,85.56,75.46,38.98,3.97
22007,34.7,32.93,29.77,27.65,19.76,11.92
22009,126.4,126.16,115.49,101.5,45.54,-11.25
22011,77.6,75.43,70.08,63.03,36.86,10.8
22013,79.0,62.73,63.11,55.71,14.38,-28.0
22015,98.0,96.27,89.88,79.25,61.86,43.47
22017,108.6,112.06,105.42,90.7,133.48,174.93
22019,110.9,105.89,97.05,90.33,71.54,53.3
22021,62.9,54.17,46.89,37.63,33.53,29.35
22023,0.0,-0.3,-0.63,-0.34,5.45,11.17
22025,93.3,96.39,99.15,87.54,14.54,-60.45
22027,89.7,96.63,96.85,93.17,80.63,66.64
22029,74.3,76.2,88.73,83.46,44.76,5.28
22031,52.1,64.87,66.81,63.58,19.92,-24.01
22033,96.1,92.17,81.8,72.47,96.59,122.39
22035,101.9,105.55,94.95,82.29,72.42,63.06
22037,50.8,47.04,45.01,43.67,25.95,10.58
22039,209.8,192.97,171.97,145.34,115.98,85.76
22041,91.9,122.77,110.63,93.0,69.06,45.27
22043,2.9,40.75,43.12,41.0,9.13,-24.46
22045,98.6,93.04,87.46,81.19,85.13,89.28
22047,93.2,81.51,74.53,60.41,13.35,-32.93
22049,40.9,76.08,71.38,56.53,29.73,2.14
22051,115.1,107.36,96.83,83.07,97.13,111.95
22053,110.0,103.92,89.03,84.58,53.07,21.56
22055,102.0,97.36,87.43,80.17,91.54,102.95
22057,98.8,96.55,88.3,78.69,54.64,31.04
22059,118.7,120.27,106.77,94.34,73.49,51.62
22061,89.9,98.59,81.76,75.86,50.79,24.95
22063,106.2,105.24,93.9,82.54,22.38,-35.34
22065,2.3,2.81,1.37,-0.85,2.97,6.91
22067,109.3,118.66,111.4,91.73,49.77,8.06
22069,70.5,78.82,75.41,69.16,32.62,-5.09
22071,67.8,64.01,57.16,48.69,85.09,123.02
22073,120.4,113.43,104.65,92.07,100.22,108.53
22075,2.8,44.34,41.37,36.21,15.92,-3.69
22077,83.3,93.85,84.08,72.4,25.09,-21.01
22079,152.6,145.49,133.65,117.73,126.51,133.51
22081,48.6,113.75,105.9,94.06,50.93,6.42
22083,68.0,134.83,139.82,125.57,92.54,59.69
22085,62.8,68.6,70.24,60.2,32.4,3.95
22087,161.3,150.24,118.78,88.16,34.0,-18.97
22089,78.8,74.18,68.19,58.45,18.29,-20.47
22091,52.1,71.15,73.88,70.1,33.01,-2.29
22093,68.8,82.2,79.71,74.71,55.87,37.9
22095,98.4,93.73,93.24,87.36,68.67,51.33
22097,151.2,145.57,137.06,121.13,87.12,52.47
22099,78.1,74.72,69.7,65.15,20.85,-22.93
22101,118.8,107.98,98.82,89.58,38.92,-11.6
22103,106.3,102.41,92.41,81.57,76.88,73.56
22105,140.7,130.75,116.53,100.25,44.19,-10.48
22107,46.0,45.21,62.86,70.69,26.35,-18.01
22109,102.5,97.95,90.97,81.6,72.32,63.75
22111,72.0,85.14,82.08,69.55,38.77,7.76
22113,69.4,66.13,62.51,56.05,27.07,-1.15
22115,91.5,79.4,72.5,66.49,51.73,35.68
22117,119.3,135.23,126.7,112.22,44.31,-21.18
22119,112.8,115.02,108.24,99.77,50.45,0.46
22121,104.2,100.98,87.76,76.52,23.15,-28.73
22123,50.8,51.53,50.66,36.61,20.47,4.75
22125,45.9,45.13,42.71,39.82,14.34,-9.71
22127,55.8,109.35,97.5,87.65,35.79,-16.35
23001,83.9,72.1,58.65,50.81,52.31,54.73
23003,84.5,74.67,64.17,52.16,53.58,54.52
23005,63.1,53.4,43.89,39.39,46.8,55.48
23007,68.2,60.62,49.32,42.01,26.48,12.27
23009,72.6,65.43,52.96,45.55,37.12,29.65
23011,111.9,101.82,83.77,70.55,68.12,66.71
23013,67.3,61.77,54.82,49.16,34.66,21.32
23015,53.0,45.36,37.28,33.83,42.16,51.49
23017,80.4,72.55,60.71,53.84,33.47,13.34
23019,81.7,71.26,60.06,51.37,50.47,51.18
23021,88.7,77.93,63.11,51.07,26.91,4.43
23023,71.0,61.51,49.65,45.22,32.94,20.95
23025,83.8,76.74,61.89,48.93,31.08,14.64
23027,54.7,46.05,37.94,33.57,32.65,33.77
23029,74.0,64.36,58.51,48.39,26.09,3.95
23031,73.9,63.74,52.43,46.8,33.64,20.6
24001,130.3,127.15,111.79,89.99,89.83,90.07
24003,74.1,69.86,61.63,53.85,50.16,45.53
24005,78.0,71.65,63.7,53.86,48.76,42.54
24009,96.0,90.31,79.26,68.73,42.53,14.29
24011,49.8,46.23,40.54,34.27,34.5,33.88
24013,76.8,72.38,64.69,55.75,33.19,10.21
24015,78.8,73.94,64.08,56.43,25.22,-6.37
24017,81.9,78.56,71.39,62.16,42.19,20.97
24019,71.0,69.18,67.74,61.06,28.16,-6.01
24021,71.9,67.53,62.48,56.11,53.24,50.36
24023,104.9,96.88,79.4,63.84,41.49,20.22
24025,79.7,72.98,64.75,56.28,39.73,22.89
24027,37.1,35.28,31.48,28.1,28.61,27.95
24029,123.3,117.2,96.37,84.93,89.72,93.33
24031,37.6,34.68,30.4,26.43,27.25,27.81
24033,41.9,38.67,34.0,29.91,27.34,23.77
24035,71.6,67.29,57.56,49.53,39.54,28.15
24037,71.5,66.9,57.16,50.53,21.76,-8.35
24039,55.1,49.28,43.12,41.95,9.92,-24.45
24041,108.5,104.22,96.8,83.83,79.3,73.24
24043,116.6,113.01,101.53,90.5,97.26,104.5
24045,85.5,77.66,66.69,59.5,65.44,68.83
24047,81.4,76.42,62.84,59.33,29.09,-4.22
24510,59.2,54.45,47.96,41.32,65.59,89.2
25001,69.7,60.92,50.84,44.56,35.19,26.27
25003,74.6,59.0,51.35,46.51,38.82,29.27
25005,81.5,72.67,62.4,55.58,43.61,30.44
25007,63.9,55.48,47.37,40.58,29.53,18.77
25009,53.2,46.9,39.48,35.04,28.75,20.4
25011,57.2,51.35,45.7,41.35,30.44,17.38
25013,77.2,67.01,57.57,50.4,47.6,43.91
25015,64.0,56.53,48.97,44.12,34.46,23.33
25017,38.8,33.74,28.65,25.29,25.44,23.13
25019,42.0,36.62,30.62,27.13,31.01,35.47
25021,48.1,42.27,35.76,31.67,28.8,23.57
25023,61.6,53.52,45.47,40.16,28.35,15.07
25025,36.5,32.06,26.56,22.77,59.99,94.23
25027,59.2,51.77,43.88,38.7,35.46,29.92
26001,31.0,27.73,22.43,17.35,9.65,1.98
26003,83.6,73.73,71.76,36.12,16.68,-2.78
26005,58.5,53.01,46.65,38.68,14.54,-8.12
26007,123.0,118.89,117.68,102.16,58.99,16.2
26009,51.9,50.28,45.98,39.32,43.29,47.24
26011,129.6,109.85,93.98,78.24,32.89,-11.34
26013,90.2,83.97,72.87,60.3,40.87,22.27
26015,64.4,63.49,58.62,48.71,25.44,3.38
26017,110.4,101.64,91.64,74.62,81.99,90.13
26019,76.7,71.32,62.47,52.91,48.33,44.25
26021,107.8,97.75,86.15,69.73,51.0,33.21
26023,85.1,76.91,71.15,56.03,32.16,8.05
26025,125.5,120.32,104.8,81.91,65.06,48.9
26027,44.3,39.31,34.67,26.89,12.03,-1.99
26029,80.1,80.34,73.55,64.07,35.2,5.99
26031,135.4,122.11,109.81,91.92,59.13,24.65
26033,65.8,62.73,60.21,46.44,32.04,15.59
26035,143.3,125.78,109.65,94.6,45.54,-2.4
26037,39.6,38.01,35.12,34.06,22.76,13.37
26039,101.8,123.94,114.23,94.63,84.65,75.49
26041,110.8,101.94,91.92,80.08,65.94,52.81
26043,116.0,106.42,90.58,67.69,47.0,28.1
26045,100.6,95.41,86.45,70.21,36.34,4.82
26047,133.3,127.12,115.63,96.45,108.03,118.58
26049,127.1,119.91,104.87,85.69,74.81,65.27
26051,118.8,104.4,92.3,77.85,36.21,-4.77
26053,121.1,113.54,95.92,75.93,66.27,58.4
26055,127.6,104.47,96.73,83.87,89.14,94.97
26057,82.8,77.14,70.92,59.48,39.86,21.28
26059,79.2,70.58,61.95,48.77,31.71,15.11
26061,45.6,42.81,39.6,34.24,27.48,22.45
26063,79.3,74.92,67.25,55.46,41.4,29.13
26065,76.7,71.86,64.92,54.8,69.26,86.33
26067,67.3,66.96,63.13,51.4,35.68,20.84
26069,167.3,153.66,142.03,118.93,57.54,-2.72
26071,84.4,82.09,76.52,74.29,46.14,18.23
26073,82.9,74.54,62.12,48.04,32.98,18.46
26075,89.5,83.71,74.33,61.75,45.6,31.05
26077,78.4,72.43,64.38,53.94,68.96,85.26
26079,121.7,107.54,92.07,70.88,44.5,18.88
26081,78.9,75.45,67.64,55.39,60.95,66.82
26083,0.0,-0.02,-0.16,-0.36,-0.48,0.96
26085,41.5,35.95,29.45,24.61,6.66,-10.9
26087,86.5,78.51,69.48,57.15,31.03,5.46
26089,21.6,19.54,18.16,14.1,6.51,-0.74
26091,93.1,90.58,83.51,67.61,45.84,25.18
26093,62.3,58.78,53.21,44.68,29.7,16.37
26095,151.7,133.53,110.91,93.59,50.82,7.34
26097,86.1,81.89,77.41,49.64,46.08,41.14
26099,101.7,97.38,87.04,73.25,57.29,41.47
26101,107.0,98.4,86.78,75.26,77.04,80.12
26103,92.6,83.8,75.77,65.52,66.0,66.54
26105,133.5,124.69,118.37,99.53,57.46,16.79
26107,95.2,89.79,83.07,69.75,72.74,76.04
26109,57.6,44.07,32.71,29.78,14.84,2.89
26111,87.4,82.84,75.17,62.57,57.04,51.74
26113,24.7,34.8,32.12,23.06,5.78,-10.74
26115,100.7,92.73,79.26,66.68,40.16,15.65
26117,123.9,116.16,107.91,90.15,58.88,28.65
26119,67.8,63.91,59.79,49.06,21.17,-5.74
26121,135.8,126.91,111.98,95.96,78.03,61.68
26123,128.2,116.39,105.3,88.72,42.32,-2.68
26125,77.0,72.76,65.06,54.5,71.19,88.03
26127,71.1,66.96,61.1,48.5,45.73,44.13
26129,160.9,147.7,132.95,114.67,69.8,26.46
26131,39.4,32.77,28.97,23.65,49.19,75.83
26133,93.1,81.38,68.43,52.21,23.83,-3.9
26135,117.1,99.23,84.57,71.62,11.89,-47.06
26137,160.1,151.05,145.9,126.25,113.44,99.95
26139,61.5,58.36,52.4,44.08,28.22,12.68
26141,54.1,52.13,49.57,41.51,24.29,6.65
26143,183.3,150.27,132.32,117.01,41.06,-34.23
26145,97.0,91.07,79.2,66.89,83.15,99.69
26147,110.6,100.8,91.54,79.47,60.46,42.19
26149,117.7,106.44,94.58,76.78,38.54,1.05
26151,52.4,46.34,40.94,27.83,14.62,3.24
26153,98.3,104.77,94.29,85.39,57.79,30.8
26155,98.5,96.35,87.83,71.35,38.89,8.04
26157,82.6,78.1,67.61,57.56,48.25,40.16
26159,117.8,112.68,99.88,79.02,39.81,1.18
26161,50.6,44.24,38.39,30.36,72.52,116.28
26163,93.1,89.01,78.33,65.04,59.78,55.13
26165,163.7,145.93,126.18,100.34,61.68,23.82
27001,98.7,81.0,68.33,56.81,48.48,40.38
27003,57.3,52.09,44.82,38.69,23.4,9.06
27005,52.6,45.53,38.06,35.35,26.31,16.67
27007,60.1,55.22,46.5,41.09,29.81,18.56
27009,43.0,38.84,32.57,29.82,4.8,-19.67
27011,88.4,84.49,82.45,71.55,49.11,29.05
27013,70.7,65.91,58.73,51.48,47.21,44.19
27015,67.6,57.3,49.08,41.29,30.7,21.59
27017,72.1,62.79,54.92,50.78,28.49,7.62
27019,43.7,40.18,35.38,32.06,24.71,18.11
27021,35.9,30.89,24.57,21.71,10.37,-1.08
27023,73.3,70.68,62.92,52.5,27.7,5.16
27025,41.1,34.69,30.49,25.82,14.84,3.25
27027,62.7,54.51,44.78,34.93,13.79,-7.65
27029,75.5,68.34,58.02,47.9,53.38,59.14
27031,1.6,40.39,35.23,33.57,10.87,-9.03
27033,51.6,72.73,76.75,67.36,26.12,-13.54
27035,68.2,59.58,51.87,46.76,37.27,28.2
27037,54.0,48.57,42.66,36.94,19.53,2.65
27039,18.2,16.62,13.43,9.89,4.51,0.06
27041,101.6,91.66,80.43,61.29,39.84,19.91
27043,56.9,54.41,49.45,39.29,24.79,11.26
27045,31.3,29.67,28.8,24.06,14.64,5.38
27047,41.4,35.91,34.46,28.89,17.98,7.73
27049,51.1,47.06,41.23,33.94,21.64,10.14
27051,45.9,46.43,33.01,28.4,26.95,27.38
27053,43.2,38.67,33.25,28.63,37.49,47.0
27055,23.0,23.11,21.39,19.5,16.09,13.5
27057,64.1,57.39,49.11,40.75,32.82,23.88
27059,57.9,52.27,47.28,45.36,27.46,9.22
27061,81.4,65.34,55.99,50.99,31.44,11.78
27063,0.6,24.74,23.67,23.84,16.46,9.6
27065,90.5,82.54,70.58,61.24,38.3,14.76
27067,66.2,64.14,58.33,50.19,36.88,25.8
27069,40.4,38.49,37.08,32.21,17.13,0.6
27071,68.6,59.67,51.54,48.7,39.19,27.94
27073,57.0,60.55,57.26,52.21,37.53,24.96
27075,32.1,32.83,28.22,24.44,19.26,16.4
27077,71.7,68.16,63.33,19.46,3.23,-14.69
27079,22.2,11.49,9.39,9.63,2.24,-4.5
27081,64.0,44.34,38.85,35.43,43.4,53.29
27083,52.9,49.2,43.38,38.96,28.64,21.43
27085,71.5,68.83,62.89,55.19,28.54,2.77
27087,47.9,37.85,30.82,27.35,7.75,-12.37
27089,25.4,23.65,20.92,17.57,8.9,-1.17
27091,86.1,77.41,70.42,62.14,50.2,39.26
27093,37.9,30.49,26.05,16.43,10.65,7.4
27095,84.0,74.66,62.23,50.56,29.41,8.66
27097,74.7,65.07,57.33,52.68,40.53,28.63
27099,48.1,41.55,35.31,27.37,16.01,4.96
27101,36.0,35.98,35.48,29.4,21.82,15.79
27103,25.5,20.05,18.13,16.44,14.82,14.65
27105,60.8,51.05,39.53,34.0,20.41,8.04
27107,38.8,26.62,21.55,12.42,10.86,7.84
27109,33.3,29.1,27.07,25.68,84.85,144.18
27111,60.6,56.08,47.85,40.52,25.89,11.61
27113,87.5,75.6,69.85,56.52,35.78,13.2
27115,62.5,62.81,54.36,48.48,24.57,0.34
27117,91.0,76.94,73.22,68.96,51.35,36.12
27119,71.0,64.17,57.06,49.64,31.81,12.73
27121,70.6,68.51,58.47,52.92,43.91,36.19
27123,46.0,41.91,35.64,31.08,39.77,48.91
27125,32.5,31.3,27.29,24.51,2.1,-21.59
27127,57.4,50.51,41.47,35.69,15.62,-2.74
27129,31.6,30.72,28.35,22.66,38.37,56.49
27131,56.8,50.28,43.02,37.83,21.02,5.05
27133,28.7,56.79,53.7,50.67,31.12,13.66
27135,63.0,60.33,59.49,54.26,43.92,32.92
27137,75.1,64.76,54.69,47.88,48.34,49.83
27139,39.9,36.89,32.81,28.7,10.53,-7.57
27141,49.1,41.36,35.9,31.73,12.06,-6.78
27143,30.6,27.79,23.48,18.83,12.21,5.62
27145,63.5,55.22,48.29,44.15,46.21,49.21
27147,51.6,47.91,41.34,35.26,27.95,21.04
27149,53.0,56.72,49.46,43.33,27.84,15.25
27151,56.3,55.15,46.53,39.65,37.86,37.76
27153,27.4,24.86,22.38,20.46,7.51,-4.18
27155,99.3,59.46,40.09,42.03,20.14,0.3
27157,11.7,9.88,8.08,5.84,12.83,20.45
27159,155.3,145.89,126.16,111.74,89.61,68.39
27161,48.2,43.35,46.78,34.58,17.95,2.47
27163,57.5,52.96,47.6,42.65,28.96,16.22
27165,44.4,42.99,44.97,41.13,40.66,41.02
27167,70.5,62.48,52.95,43.14,11.27,-19.94
27169,54.2,47.75,41.05,34.72,19.24,4.18
27171,56.7,52.65,46.71,41.06,18.13,-3.97
27173,37.6,37.11,34.3,30.42,33.85,39.99
28001,166.0,158.66,125.69,97.28,85.05,73.19
28003,188.9,176.24,160.59,132.71,114.18,96.72
28005,48.8,47.64,41.93,34.12,7.16,-18.18
28007,118.6,116.43,103.17,81.41,37.94,-4.45
28009,68.0,66.82,59.15,47.3,13.29,-19.66
28011,92.6,88.08,76.7,61.59,32.05,3.51
28013,82.2,80.15,72.54,57.51,39.84,25.16
28015,0.7,0.51,0.1,-1.87,7.15,17.55
28017,95.9,87.63,83.79,75.24,36.04,-0.77
28019,74.9,60.63,52.57,35.71,23.45,12.24
28021,84.7,79.05,62.34,47.06,29.23,12.45
28023,133.6,121.54,101.51,75.52,23.07,-29.19
28025,115.4,113.54,102.99,91.43,62.23,34.49
28027,106.0,119.88,113.83,88.53,36.75,-14.03
28029,103.3,101.31,90.05,72.94,54.4,37.7
28031,114.1,113.05,108.33,91.83,41.88,-6.23
28033,104.4,100.73,90.74,77.36,63.72,51.5
28035,217.4,210.08,190.06,160.6,199.64,240.83
28037,83.8,72.39,61.1,46.36,7.35,-29.8
28039,169.4,159.23,132.0,108.08,40.34,-27.66
28041,55.1,57.38,52.05,46.18,18.65,-8.54
28043,157.9,164.27,160.28,135.2,73.81,14.52
28045,89.6,88.71,81.02,71.42,31.79,-6.18
28047,134.3,125.89,108.78,89.41,84.31,80.51
28049,77.1,72.32,61.37,49.39,105.2,162.63
28051,64.5,66.29,60.33,53.93,27.73,2.81
28053,62.1,60.81,55.87,48.34,17.53,-12.22
28055,0.0,-1.15,-1.66,-1.68,-4.22,-5.97
28057,132.7,122.96,103.94,82.09,34.1,-12.54
28059,114.5,103.27,89.05,73.63,70.49,68.45
28061,41.8,38.25,36.35,32.14,5.11,-21.64
28063,0.1,-0.46,-0.97,-1.41,-0.35,1.22
28065,118.5,117.89,110.26,89.2,23.2,-40.84
28067,168.5,149.6,137.34,110.62,100.96,92.32
28069,51.1,40.26,32.8,28.3,4.86,-17.58
28071,72.7,70.83,61.55,52.36,73.04,95.19
28073,44.7,38.74,33.8,26.68,17.32,10.24
28075,162.7,157.65,141.05,117.08,160.16,203.83
28077,123.5,117.97,108.75,90.31,50.83,12.7
28079,90.7,91.93,86.76,71.65,45.91,20.73
28081,127.0,124.38,111.83,90.37,116.26,143.87
28083,117.9,119.14,113.12,98.4,104.55,111.41
28085,122.6,115.24,101.32,82.89,75.42,70.24
28087,131.5,124.35,100.79,79.85,58.19,37.72
28089,70.3,67.69,61.6,49.49,49.19,49.94
28091,192.9,183.6,169.27,141.48,65.49,-7.83
28093,51.3,48.54,47.69,43.79,35.49,28.0
28095,101.1,101.79,94.31,76.1,41.02,6.41
28097,95.5,91.98,85.03,57.39,18.89,-18.24
28099,161.0,148.0,128.43,99.9,30.12,-38.89
28101,65.4,70.24,63.47,47.21,18.05,-11.18
28103,96.1,98.51,86.7,70.35,20.71,-28.75
28105,73.9,74.12,64.52,54.21,65.51,78.2
28107,110.8,102.35,93.64,81.67,32.33,-15.92
28109,147.3,134.09,115.4,101.15,34.18,-31.33
28111,93.1,88.83,66.58,51.05,38.66,28.15
28113,175.8,154.95,135.64,110.02,64.97,22.14
28115,103.9,98.48,86.08,65.48,29.62,-3.92
28117,118.9,107.92,92.15,74.36,42.44,11.38
28119,54.3,71.15,71.42,59.74,10.26,-38.27
28121,102.8,100.74,91.56,76.49,71.94,68.65
28123,97.6,92.91,86.76,70.63,25.87,-18.6
28125,120.4,101.59,84.25,71.51,11.04,-48.74
28127,116.7,108.23,96.37,83.25,37.36,-7.34
28129,51.0,48.12,42.86,36.99,6.23,-24.12
28131,168.9,158.58,132.71,111.03,56.47,3.08
28133,51.8,53.48,46.58,38.9,32.61,26.39
28135,35.4,38.41,31.7,27.68,20.31,13.8
28137,137.2,129.0,111.08,91.04,51.4,13.11
28139,120.3,106.87,92.25,72.96,26.43,-18.59
28141,148.0,159.08,133.96,108.62,57.02,6.57
28143,19.5,36.39,34.53,29.32,8.61,-11.18
28145,124.1,115.8,100.3,81.34,64.13,48.74
28147,70.4,67.27,65.12,51.15,18.7,-11.43
28149,111.4,105.94,93.11,73.94,76.75,80.9
28151,108.2,103.99,92.59,73.88,65.84,58.58
28153,140.2,135.26,122.59,95.7,35.89,-22.83
28155,128.4,152.38,142.77,118.74,99.89,83.25
28157,111.2,93.35,76.33,64.84,40.49,17.88
28159,119.4,116.05,96.32,78.23,27.67,-22.25
28161,58.1,55.16,48.63,40.48,11.77,-14.41
28163,65.1,62.26,55.64,47.09,10.55,-24.74
29001,138.8,116.99,103.58,90.21,88.74,87.89
29003,1.6,0.63,-0.07,-0.35,0.56,3.36
29005,31.4,94.46,93.41,88.19,62.69,39.01
29007,72.1,69.84,62.37,60.98,30.28,0.32
29009,108.8,122.73,108.63,95.7,61.98,26.6
29011,62.1,121.8,106.43,78.68,43.19,5.2
29013,61.9,57.02,46.18,30.82,27.66,24.97
29015,108.5,103.73,97.56,81.8,27.92,-26.17
29017,66.8,64.83,55.25,46.47,18.08,-11.53
29019,51.2,46.7,40.99,36.61,83.49,131.04
29021,118.7,109.97,97.11,84.54,61.37,40.12
29023,197.5,181.25,163.01,143.33,134.69,124.43
29025,3.0,2.84,1.68,-0.39,4.4,11.32
29027,44.8,43.8,38.0,32.95,18.88,5.21
29029,118.9,111.63,93.61,94.59,56.05,17.4
29031,125.5,117.47,105.56,88.0,107.86,126.75
29033,50.5,83.76,82.03,70.27,48.95,29.62
29035,0.9,0.79,-0.5,-0.95,9.35,18.7
29037,109.3,106.21,97.54,84.86,46.66,10.07
29039,17.7,10.04,69.06,130.02,79.39,27.1
29041,41.8,37.38,32.72,27.55,3.6,-18.88
29043,82.3,73.91,65.19,55.68,54.92,53.54
29045,6.4,77.19,72.36,59.37,51.61,44.32
29047,94.7,89.53,79.06,69.05,54.97,41.73
29049,64.9,62.5,56.71,54.66,29.06,6.02
29051,107.3,97.86,85.51,70.73,70.1,70.53
29053,41.5,38.09,35.28,29.39,20.33,11.65
29055,84.4,84.18,81.25,73.57,5.68,-62.57
29057,40.7,34.6,30.51,24.35,43.01,60.19
29059,37.8,33.81,30.62,23.1,10.62,-2.23
29061,32.5,32.08,28.66,25.67,33.25,42.6
29063,0.0,-0.09,-0.31,-0.1,2.64,7.73
29065,104.8,95.82,84.7,81.01,62.01,42.69
29067,88.7,84.32,78.39,66.27,19.16,-26.94
29069,172.3,163.21,165.92,147.58,58.27,-32.05
29071,107.6,100.83,88.63,75.11,52.42,29.7
29073,54.3,67.69,70.29,70.34,33.8,-2.65
29075,45.9,50.07,52.05,62.52,29.76,-1.14
29077,116.4,108.92,98.06,85.11,86.07,86.21
29079,131.1,111.21,99.69,91.97,46.28,3.0
29081,126.1,125.05,113.63,100.08,45.25,-7.52
29083,145.4,147.56,132.23,114.09,78.04,41.48
29085,7.7,3.93,2.05,-0.03,11.43,22.7
29087,0.0,0.73,-0.13,-0.37,1.15,3.71
29089,3.3,0.92,-0.12,-0.62,49.48,101.12
29091,176.5,164.03,150.78,132.56,105.54,79.21
29093,137.3,139.13,135.43,121.54,15.76,-89.53
29095,83.8,79.63,69.09,60.25,63.04,67.17
29097,152.7,142.07,127.93,112.94,103.61,90.96
29099,83.1,78.43,72.63,64.69,35.15,6.5
29101,57.9,54.78,48.46,42.69,31.63,20.94
29103,2.5,3.9,0.83,-0.24,-0.85,-1.24
29105,112.5,108.43,96.53,82.04,41.01,-0.61
29107,54.8,45.19,43.35,39.25,34.62,31.84
29109,56.2,51.76,45.69,41.83,34.38,25.27
29111,3.4,4.71,3.11,44.49,55.18,66.35
29113,77.1,73.42,66.57,56.6,30.11,3.53
29115,46.5,42.56,37.9,41.38,19.57,-0.4
29117,117.2,100.09,95.25,86.03,32.57,-18.8
29119,49.0,44.01,37.85,29.09,9.4,-13.37
29121,88.6,84.3,74.82,58.53,32.49,7.52
29123,152.3,129.06,127.12,115.42,43.15,-29.03
29125,12.5,0.3,-0.45,-0.48,4.14,8.75
29127,125.4,118.92,107.39,97.69,90.48,83.53
29129,69.9,61.14,51.11,41.8,22.96,5.48
29131,69.5,71.13,61.72,54.5,21.0,-12.17
29133,65.7,65.51,59.73,57.87,66.88,74.55
29135,2.0,0.21,-0.13,-0.22,6.69,14.39
29137,3.0,2.52,0.96,-0.3,4.34,9.68
29139,65.3,59.9,47.61,39.48,29.93,20.05
29141,33.5,30.59,26.09,40.33,4.67,-30.5
29143,68.0,70.83,65.34,64.42,9.34,-46.43
29145,55.4,53.53,49.11,48.57,22.91,-5.42
29147,86.5,78.03,69.76,60.99,40.71,21.54
29149,57.1,52.65,54.54,50.27,5.35,-38.79
29151,25.6,23.94,21.92,18.24,20.17,22.72
29153,54.8,49.58,50.79,53.56,13.77,-25.43
29155,142.3,147.66,101.6,33.34,64.23,94.55
29157,63.7,61.9,56.23,47.78,10.35,-27.34
29159,75.4,78.74,71.7,67.84,36.84,6.19
29161,116.9,91.74,82.25,75.86,81.68,87.87
29163,68.4,69.33,80.78,76.06,41.38,6.5
29165,71.9,68.29,60.16,52.78,41.04,29.57
29167,102.0,98.94,88.2,65.18,46.1,26.71
29169,48.8,42.16,33.4,27.33,35.67,43.55
29171,1.2,54.32,44.86,34.42,12.65,-7.59
29173,0.0,-0.36,-0.45,-0.62,10.03,21.4
29175,110.1,114.22,110.02,97.03,38.29,-19.56
29177,69.9,77.39,69.97,55.93,36.55,19.34
29179,1.9,1.38,0.73,-0.3,5.37,11.1
29181,162.7,146.36,127.49,96.86,42.77,-12.45
29183,78.5,75.24,67.39,59.64,38.49,17.73
29185,4.3,2.17,25.64,34.98,31.12,26.43
29186,39.3,44.91,42.29,39.93,24.48,9.25
29187,176.7,171.59,156.3,138.74,105.98,75.01
29189,72.1,68.97,62.9,55.39,72.79,90.54
29195,91.9,88.74,78.23,72.26,51.1,31.72
29197,0.0,2.21,0.24,1.73,-0.22,-2.07
29199,3.6,95.51,85.97,67.17,35.3,3.12
29201,127.5,118.6,114.83,98.92,80.72,61.25
29203,1.0,40.24,35.23,30.01,3.96,-22.73
29205,33.1,32.0,27.22,22.89,5.09,-12.69
29207,104.8,99.24,86.3,74.59,43.42,10.96
29209,81.4,74.59,69.57,69.94,31.93,-7.06
29211,16.3,75.76,69.29,50.39,63.26,76.87
29213,119.2,112.83,99.53,82.37,68.33,54.12
29215,63.2,65.82,49.89,37.39,26.09,14.38
29217,95.1,87.2,76.79,61.69,39.3,15.23
29219,68.2,61.07,57.07,50.31,10.4,-29.81
29221,47.7,41.88,36.92,24.36,9.77,-3.23
29223,27.9,26.12,4.66,-0.33,-0.94,-1.73
29225,104.4,98.1,90.26,75.1,30.88,-13.41
29227,4.3,3.95,0.72,-0.32,-1.13,-0.84
29229,133.7,121.7,113.44,102.8,57.88,13.03
29510,57.7,54.16,47.83,42.13,83.27,124.65
30001,89.2,86.45,76.67,68.16,39.85,10.44
30003,2.2,1.14,18.2,21.05,9.88,-1.78
30005,40.2,38.15,34.97,32.06,12.31,-7.9
30007,0.9,33.1,31.11,28.03,12.92,-3.3
30009,1.9,26.07,24.51,23.19,16.36,7.46
30011,0.0,-0.12,-0.07,-0.24,0.62,1.11
30013,102.7,97.26,79.95,65.4,57.11,47.76
30015,34.0,32.97,26.88,20.27,15.59,10.34
30017,116.0,105.47,99.05,81.32,81.29,79.37
30019,7.5,5.76,4.67,0.1,0.74,0.01
30021,92.8,86.54,83.75,63.72,36.59,7.9
30023,96.6,95.62,75.93,72.62,52.07,31.96
30025,2.8,2.87,2.37,0.08,0.93,0.33
30027,81.9,79.97,72.38,64.38,40.14,13.36
30029,95.8,88.9,79.44,72.05,67.61,61.52
30031,51.6,47.57,38.73,32.01,29.98,26.85
30033,0.0,0.02,-0.06,-0.14,7.07,13.26
30035,41.1,31.35,36.42,30.95,16.94,2.07
30037,0.0,1.03,0.03,-0.23,-0.2,-1.66
30039,0.0,-0.18,-0.65,-0.45,17.52,35.64
30041,64.7,59.37,48.02,42.13,30.16,16.58
30043,15.6,14.57,12.38,16.22,15.4,13.87
30045,0.0,0.2,-0.28,-0.46,-0.43,-2.3
30047,67.9,64.35,60.9,57.17,44.24,31.18
30049,79.1,72.18,63.86,55.75,46.94,38.08
30051,31.2,40.48,36.67,36.69,12.19,-14.14
30053,100.6,101.24,93.32,85.17,57.27,28.23
30055,0.0,-0.12,-0.06,-0.26,35.69,70.05
30057,3.8,28.41,24.52,22.2,12.6,2.07
30059,57.1,55.15,49.65,42.35,27.3,10.44
30061,64.3,51.19,43.48,41.07,19.31,-1.99
30063,75.5,71.24,62.34,57.52,59.64,62.85
30065,0.0,-0.16,-0.12,-0.11,31.48,60.84
30067,45.7,45.65,42.51,35.05,28.17,19.14
30069,0.0,-0.01,-0.09,-0.1,0.18,-1.1
30071,59.4,83.99,77.13,62.94,46.24,28.02
30073,80.8,68.14,65.17,60.44,41.85,22.7
30075,47.8,38.85,33.73,28.52,2.39,-24.07
30077,81.4,76.11,69.11,57.42,45.01,31.91
30079,0.0,-0.29,-0.18,-0.62,20.64,39.08
30081,75.9,77.73,71.04,61.74,32.89,4.26
30083,60.1,63.49,60.0,52.74,34.0,13.52
30085,26.4,26.91,23.56,23.34,28.61,31.13
30087,37.3,38.58,38.37,38.46,18.72,-0.32
30089,68.1,78.28,69.33,62.4,45.08,26.81
30091,0.0,-0.06,-0.12,-0.11,4.67,7.42
30093,108.1,99.29,86.92,76.15,55.49,34.76
30095,2.7,41.11,43.75,41.07,21.61,-0.63
30097,1.8,43.86,45.51,43.03,12.7,-19.87
30099,71.1,64.69,57.47,29.79,13.5,-1.23
30101,61.9,57.72,49.35,51.14,113.15,174.83
30103,0.0,-0.1,0.09,0.01,0.07,-0.66
30105,49.0,42.38,39.4,32.68,16.63,-2.29
30107,2.4,45.22,50.95,41.61,4.96,-33.33
30109,0.0,-0.05,-0.06,-0.49,-0.43,-2.37
30111,95.5,87.81,74.59,65.63,73.29,80.86
31001,78.9,77.64,69.43,67.67,49.21,33.56
31003,53.6,48.73,47.8,48.47,42.94,40.49
31005,0.0,0.05,-0.39,-0.41,-1.41,-1.86
31007,0.0,-0.28,-0.4,-0.28,0.07,-0.44
31009,0.0,0.13,-0.19,-0.17,-0.45,0.59
31011,5.1,2.11,0.55,-0.14,10.7,24.99
31013,91.0,101.09,102.06,89.78,73.58,56.92
31015,27.3,1.1,-0.48,-0.69,11.6,25.71
31017,59.3,55.83,42.13,34.34,9.7,-12.7
31019,77.4,74.12,69.91,67.9,74.27,82.14
31021,46.6,22.66,19.78,17.67,17.55,17.81
31023,69.0,65.61,55.23,52.33,49.88,48.26
31025,26.4,25.61,33.78,29.72,11.13,-6.4
31027,37.1,34.57,34.74,32.67,17.0,3.2
31029,69.5,64.7,56.91,53.23,84.07,115.41
31031,85.0,90.93,78.86,60.64,21.99,-15.04
31033,54.1,45.72,40.01,35.56,27.68,18.84
31035,1.1,0.6,-0.39,-0.29,2.2,7.55
31037,1.4,0.3,-0.62,-0.48,9.73,21.69
31039,30.6,28.63,25.47,23.15,6.81,-8.9
31041,83.0,90.7,79.88,75.99,48.28,22.56
31043,73.3,72.96,66.07,63.28,28.77,-5.19
31045,70.8,72.87,65.95,56.87,37.59,19.81
31047,52.0,56.1,57.83,54.96,28.34,2.68
31049,4.3,3.74,0.64,-0.32,2.58,5.34
31051,12.5,12.54,10.95,10.42,12.89,16.08
31053,104.3,100.29,90.69,80.01,56.84,33.84
31055,66.7,64.23,57.12,49.56,63.65,78.84
31057,115.2,124.07,107.31,107.56,51.49,-4.72
31059,5.2,2.57,0.29,-0.07,17.6,37.33
31061,4.2,0.35,-0.46,-0.42,68.72,138.69
31063,0.0,-0.13,-0.14,-0.07,2.19,4.55
31065,3.8,2.8,0.9,-0.03,23.84,47.07
31067,76.1,62.94,54.29,41.84,25.65,10.1
31069,111.8,116.95,103.51,90.13,38.22,-13.43
31071,11.4,13.0,97.67,159.68,99.51,42.28
31073,0.0,0.21,0.09,-0.26,-0.79,-0.76
31075,0.0,0.12,0.05,-0.26,-0.28,0.89
31077,0.7,-0.17,-0.12,0.02,0.14,3.16
31079,82.9,77.65,70.5,64.65,65.84,70.45
31081,68.1,65.16,59.29,53.45,55.36,60.46
31083,85.5,85.87,81.93,80.31,34.69,-11.22
31085,0.0,-0.1,-0.26,-0.03,2.38,4.43
31087,0.0,-0.12,-0.42,-0.04,15.94,31.93
31089,73.3,59.7,36.4,13.29,23.65,36.78
31091,0.0,0.06,-0.05,-0.1,12.36,25.87
31093,77.7,70.85,60.67,55.49,41.62,31.28
31095,115.8,117.8,109.99,105.93,50.76,-3.26
31097,51.0,45.7,43.06,44.54,60.02,76.41
31099,65.5,62.81,54.42,45.17,34.46,24.52
31101,122.0,119.82,104.59,94.05,51.52,9.25
31103,0.0,-1.04,-1.08,-0.72,-0.71,1.29
31105,0.0,2.5,0.97,-0.15,14.83,29.62
31107,27.4,27.44,26.98,28.65,31.43,37.31
31109,64.1,62.47,56.47,50.45,51.05,52.61
31111,102.2,96.33,90.93,81.79,76.06,71.54
31113,0.0,-0.05,-0.17,-0.2,-0.28,0.86
31115,0.0,0.13,2.93,2.4,-2.31,-4.24
31117,0.0,-0.11,-0.12,-0.1,0.05,1.22
31119,95.8,89.71,84.19,79.68,72.26,67.0
31121,65.2,61.38,58.23,75.56,41.1,9.59
31123,69.0,60.95,56.79,57.17,18.2,-20.61
31125,45.2,44.42,43.18,39.8,9.92,-16.8
31127,101.6,95.57,89.46,82.63,68.02,55.37
31129,67.1,45.02,41.19,42.62,11.97,-15.51
31131,92.2,87.17,80.46,71.0,46.78,23.3
31133,80.0,71.1,51.97,50.63,53.31,57.27
31135,65.6,67.46,68.82,75.46,92.22,109.53
31137,110.8,114.18,115.71,105.41,94.17,83.33
31139,26.0,28.1,27.05,25.19,32.49,43.13
31141,78.2,77.4,67.3,60.85,33.68,8.89
31143,25.7,24.58,22.19,22.8,9.2,-1.64
31145,118.4,111.79,102.01,103.37,53.75,3.61
31147,53.9,52.3,45.51,38.09,16.54,-3.13
31149,0.0,-0.54,-0.44,-0.33,4.88,13.18
31151,57.0,52.74,48.87,48.33,26.52,5.23
31153,55.5,53.3,46.33,39.92,30.54,22.18
31155,44.1,32.37,26.84,19.77,18.02,16.6
31157,101.1,94.46,86.02,76.12,81.6,86.75
31159,57.2,51.72,50.08,47.07,28.25,10.4
31161,1.2,1.02,15.86,0.47,2.54,6.51
31163,2.9,1.97,0.98,-0.23,3.54,9.51
31165,0.0,-0.09,-0.2,-0.27,-0.6,-1.15
31167,0.0,-0.27,-0.45,-0.39,0.77,3.73
31169,5.2,3.69,0.63,0.03,8.05,18.44
31171,0.0,0.05,-0.11,-0.11,1.89,5.6
31173,2.9,1.33,0.23,-0.19,17.66,36.04
31175,11.2,7.6,3.75,2.1,28.0,56.65
31177,60.8,57.88,50.65,42.65,17.45,-7.07
31179,51.6,51.39,48.45,43.58,28.09,14.62
31181,4.9,5.01,3.04,0.18,6.27,14.99
31183,0.0,-0.22,0.98,0.78,-0.33,1.64
31185,105.2,100.0,93.77,87.26,62.3,39.59
32001,121.7,108.18,101.03,77.86,44.85,11.74
32003,81.4,77.47,70.7,53.14,48.47,42.56
32005,104.1,103.94,98.83,82.81,46.7,10.91
32007,68.7,64.03,58.34,42.01,33.19,23.42
32009,0.0,-0.1,-0.33,-0.45,-0.4,-1.06
32011,0.0,-0.12,-0.11,-0.29,11.35,23.14
32013,89.1,78.96,69.06,45.09,11.21,-20.29
32015,1.3,0.16,0.4,-0.38,2.4,5.2
32017,93.6,85.71,76.4,66.99,52.44,36.55
32019,101.2,92.6,84.24,64.41,15.57,-33.7
32021,134.8,120.82,102.84,65.52,58.6,53.04
32023,141.9,137.07,118.58,90.86,46.79,1.81
32027,45.9,38.83,31.51,23.99,11.78,0.86
32029,0.0,-0.74,-1.13,-2.06,29.12,60.06
32031,90.3,83.56,73.82,57.7,57.22,56.73
32033,109.5,101.37,90.63,71.93,29.85,-12.24
32510,139.1,130.75,116.34,93.07,98.45,103.51
33001,82.2,68.73,57.64,49.57,26.83,3.65
33003,85.1,75.01,64.7,56.17,52.63,48.51
33005,74.2,65.33,53.47,45.33,29.82,12.8
33007,87.2,71.56,57.94,50.68,45.86,39.58
33009,79.5,68.05,55.06,48.12,59.86,70.44
33011,64.9,54.66,43.51,38.6,34.97,29.7
33013,86.1,73.75,59.67,52.12,46.14,39.66
33015,71.9,63.05,52.79,47.29,29.97,12.29
33017,91.5,80.0,64.75,55.48,49.0,42.18
33019,61.8,54.8,44.24,38.3,24.9,10.48
34001,80.3,74.5,64.38,54.29,56.38,57.51
34003,44.3,42.38,36.9,32.01,30.86,27.2
34005,73.4,68.94,59.36,51.04,53.67,55.71
34007,87.9,84.49,72.07,61.57,63.38,65.01
34009,95.3,88.21,76.21,64.84,36.49,6.96
34011,98.3,91.76,78.34,68.69,40.3,10.67
34013,42.4,39.56,33.49,29.21,33.14,34.42
34015,82.8,78.56,68.04,58.16,42.7,28.14
34017,38.3,36.67,31.99,27.97,23.51,16.38
34019,45.0,42.71,34.83,31.86,23.31,12.79
34021,59.1,54.2,46.49,42.33,38.06,32.97
34023,44.4,41.39,37.18,32.51,30.89,26.8
34025,59.3,55.16,46.82,41.07,40.11,38.15
34027,45.2,42.27,35.45,30.32,34.94,35.8
34029,70.6,66.49,56.13,48.06,25.02,1.13
34031,50.6,46.27,38.93,32.71,32.26,28.89
34033,78.1,72.11,60.28,50.15,25.96,1.76
34035,38.8,36.86,31.52,27.0,24.14,19.31
34037,61.0,59.39,49.78,42.85,24.83,3.69
34039,44.9,40.93,34.76,29.75,25.39,18.52
34041,75.4,70.61,59.06,51.34,37.78,22.99
35001,74.7,68.88,59.62,51.18,55.72,60.54
35003,0.0,-0.2,-0.21,-0.1,23.49,49.14
35005,84.6,81.26,69.06,62.46,55.36,45.52
35006,39.2,39.75,37.31,30.71,18.51,6.22
35007,74.0,69.9,62.33,53.22,73.21,90.91
35009,67.5,63.74,53.06,47.1,24.0,-0.85
35011,6.9,7.15,6.69,0.03,4.99,7.33
35013,49.2,46.63,41.32,36.84,35.48,35.46
35015,94.4,89.61,79.32,70.95,71.35,70.1
35017,94.6,83.98,64.85,54.51,44.72,36.26
35019,8.6,6.91,6.68,0.08,48.1,93.22
35021,0.0,-0.27,-0.2,-0.17,21.53,42.62
35023,0.0,-0.31,-0.34,-0.23,15.7,33.45
35025,70.5,72.02,65.63,65.0,38.06,9.41
35027,95.5,92.41,81.68,66.81,30.12,-6.39
35028,64.6,69.88,63.07,56.2,39.13,19.73
35029,92.6,73.29,64.95,59.04,43.56,30.27
35031,23.1,22.65,20.77,18.81,13.25,7.61
35033,0.0,-0.23,-0.56,-0.41,3.82,7.74
35035,63.6,56.06,49.8,43.61,30.51,17.7
35037,103.9,87.38,77.16,67.35,45.17,20.84
35039,90.2,83.43,75.46,67.99,32.3,-5.1
35041,26.3,26.85,24.31,17.22,26.22,33.14
35043,57.1,54.53,47.97,41.84,24.25,6.04
35045,68.2,67.75,53.43,45.5,35.05,22.99
35047,74.6,68.96,56.27,49.56,36.75,22.46
35049,89.8,82.43,72.53,62.73,52.86,41.04
35051,98.2,91.36,76.04,68.61,36.66,6.98
35053,85.1,59.99,49.45,57.04,43.04,32.21
35055,90.3,85.87,72.62,61.37,63.39,64.16
35057,28.4,25.81,19.49,17.06,3.23,-11.18
35059,50.0,44.59,38.57,39.29,48.17,56.72
35061,86.1,79.42,70.21,61.33,24.36,-10.92
36001,50.3,46.66,42.69,37.6,59.39,80.32
36003,60.1,58.68,54.04,47.28,30.72,14.25
36005,32.2,30.59,26.6,23.1,22.83,19.75
36007,70.7,69.43,63.71,55.79,58.2,59.16
36009,79.7,73.51,65.54,57.68,39.18,19.28
36011,50.8,49.35,46.16,41.39,26.64,10.31
36013,80.9,72.73,62.81,54.46,43.96,30.94
36015,97.9,85.42,73.45,67.02,67.28,65.97
36017,56.5,52.77,51.47,43.32,29.46,14.33
36019,74.2,76.77,74.47,66.83,70.13,71.73
36021,63.1,61.17,58.35,50.11,37.82,24.37
36023,60.6,59.42,58.03,50.12,23.3,-4.92
36025,69.9,66.4,54.34,45.14,20.99,-4.27
36027,58.0,55.61,50.16,46.41,35.35,22.84
36029,73.2,67.04,59.62,53.14,59.45,64.49
36031,45.4,46.91,45.25,40.74,35.31,27.96
36033,63.0,67.73,64.35,57.18,36.28,13.85
36035,73.5,69.31,64.56,57.49,38.03,18.25
36037,58.9,54.89,49.75,43.71,49.89,54.79
36039,68.0,64.67,60.21,53.75,22.7,-9.23
36041,0.0,0.04,-0.17,-0.28,24.1,48.07
36043,48.6,49.73,45.16,38.39,20.17,0.14
36045,56.0,59.44,55.4,50.85,53.27,55.3
36047,24.7,23.14,20.33,17.99,17.46,13.83
36049,36.3,40.88,36.64,30.44,24.15,17.35
36051,48.9,48.94,47.03,41.07,43.07,43.86
36053,60.5,59.41,53.46,48.66,45.75,42.25
36055,52.3,49.08,43.16,37.77,41.87,44.38
36057,84.6,81.46,76.2,68.35,52.43,36.3
36059,44.1,40.79,36.68,32.43,41.77,48.67
36061,42.0,39.5,34.37,30.02,56.43,79.81
36063,81.2,76.15,66.43,58.21,29.41,-1.21
36065,64.2,62.01,55.93,48.0,41.62,34.53
36067,57.7,55.92,50.78,46.8,63.42,79.14
36069,55.2,51.73,45.69,40.34,35.9,30.05
36071,61.8,58.74,52.44,44.93,35.16,22.22
36073,56.4,50.03,48.41,42.38,23.58,3.33
36075,57.9,57.92,54.39,48.8,25.46,1.18
36077,56.9,56.3,54.02,50.4,51.82,51.56
36079,41.8,40.8,38.66,34.41,28.69,21.82
36081,26.0,23.85,20.92,18.46,15.98,10.25
36083,60.0,57.25,53.02,47.52,32.78,16.04
36085,48.9,44.97,40.2,35.82,30.91,23.71
36087,35.1,34.42,31.2,27.88,28.94,27.83
36089,61.8,69.73,66.4,59.6,43.82,26.49
36091,53.5,50.96,45.25,39.09,32.19,24.22
36093,57.0,53.59,49.53,43.41,34.52,24.95
36095,50.6,47.74,50.92,45.53,35.08,23.87
36097,60.9,57.62,54.07,51.29,40.54,27.71
36099,44.1,45.06,44.3,40.1,24.23,6.19
36101,71.2,67.16,61.49,55.26,37.14,17.92
36103,53.7,51.23,46.22,41.86,33.63,21.93
36105,71.0,70.03,66.6,59.1,61.83,62.9
36107,42.5,43.05,39.52,32.34,21.18,7.26
36109,53.8,52.57,49.69,43.42,46.54,47.07
36111,68.5,67.53,59.42,53.23,37.72,20.69
36113,86.8,83.0,81.04,74.18,72.8,70.83
36115,68.5,66.04,59.75,53.44,28.32,2.38
36117,59.2,54.49,47.84,42.4,17.08,-10.44
36119,37.0,35.04,31.29,28.23,27.61,24.64
36121,54.2,51.47,46.5,43.09,27.12,10.34
36123,37.8,33.72,30.16,26.22,17.47,7.13
37001,87.6,83.02,74.26,63.9,37.37,10.97
37003,29.0,25.29,20.55,16.06,5.26,-4.99
37005,101.2,86.74,77.01,68.42,38.54,9.2
37007,86.9,77.73,72.26,64.67,9.97,-43.15
37009,106.0,102.86,94.99,78.52,47.05,16.18
37011,89.4,82.59,72.09,65.05,35.89,9.03
37013,143.4,141.26,131.58,111.74,53.76,-4.31
37015,64.8,53.38,26.61,1.39,42.23,81.82
37017,118.3,114.02,104.97,96.45,34.8,-25.64
37019,116.8,110.45,95.99,81.1,40.77,0.0
37021,88.5,81.07,71.66,58.83,72.67,88.05
37023,154.9,151.25,125.96,102.12,67.48,34.77
37025,101.4,94.91,83.57,69.75,59.78,51.9
37027,140.7,135.66,119.93,106.37,59.37,14.12
37029,0.0,-0.47,-1.32,3.31,-2.67,-9.49
37031,114.1,101.68,86.93,75.57,61.84,49.2
37033,14.1,12.18,6.89,-1.14,0.45,2.22
37035,133.5,129.08,115.03,98.65,104.69,112.09
37037,43.7,43.48,37.72,31.8,16.5,0.81
37039,111.3,122.38,118.27,107.39,63.2,21.27
37041,108.6,110.59,105.32,98.39,59.05,18.75
37043,139.8,122.2,117.86,108.82,37.48,-30.92
37045,139.0,128.57,116.9,103.85,114.34,126.51
37047,189.1,178.01,140.71,119.27,76.41,34.54
37049,128.6,112.86,98.96,85.5,72.61,60.86
37051,96.6,86.63,76.32,67.32,64.18,61.78
37053,19.8,18.83,15.04,12.59,11.22,8.96
37055,118.3,107.82,99.15,87.56,75.18,62.37
37057,78.1,79.28,70.15,60.04,33.26,6.75
37059,112.5,96.82,89.14,75.81,31.49,-12.36
37061,80.3,78.41,69.68,54.78,28.65,2.66
37063,54.4,49.34,41.45,34.49,72.15,109.62
37065,54.7,75.87,70.75,61.07,30.43,-0.01
37067,83.9,76.45,65.7,55.76,94.66,134.11
37069,62.9,56.38,47.56,41.11,14.62,-11.92
37071,126.6,119.03,102.57,88.49,69.37,51.61
37073,3.0,2.26,-0.62,-1.45,-1.6,-2.92
37075,114.8,102.3,89.67,80.56,11.49,-55.01
37077,85.9,79.49,62.89,52.81,24.74,-3.9
37079,34.6,28.84,27.32,23.0,20.83,18.76
37081,84.0,75.12,65.42,56.05,59.54,63.23
37083,123.0,117.04,104.97,92.55,53.33,12.54
37085,86.5,80.25,72.12,59.14,48.27,37.29
37087,105.2,102.25,92.51,80.06,61.6,45.39
37089,89.7,84.07,73.55,61.19,40.62,22.38
37091,132.9,136.06,122.07,104.67,70.37,34.82
37093,60.2,60.15,54.72,36.08,18.2,0.57
37095,68.5,64.05,58.62,49.87,1.63,-46.57
37097,108.8,101.96,91.15,77.97,74.18,70.59
37099,101.4,92.11,81.2,68.29,43.26,19.83
37101,73.6,70.0,60.99,49.16,36.63,23.93
37103,5.4,22.21,34.29,40.07,15.25,-8.86
37105,119.9,128.51,114.11,97.1,62.21,27.26
37107,82.7,87.79,82.36,67.96,48.88,29.64
37109,123.5,115.81,99.41,84.04,44.65,6.69
37111,92.7,87.23,77.05,60.38,35.35,12.54
37113,93.8,90.28,83.38,73.44,31.61,-7.63
37115,60.9,58.34,51.15,42.35,12.43,-14.83
37117,82.3,100.26,97.75,84.63,38.68,-7.43
37119,59.7,54.24,46.67,39.43,53.82,70.06
37121,164.1,150.99,129.96,110.31,82.14,56.91
37123,70.9,65.27,54.68,45.01,29.76,15.6
37125,134.3,128.09,103.53,82.6,120.89,159.46
37127,107.8,93.88,83.8,72.66,82.51,92.03
37129,114.4,103.36,85.48,69.45,86.68,104.14
37131,1.4,13.94,12.67,12.91,4.38,-4.55
37133,80.4,77.37,65.92,56.83,49.51,42.85
37135,43.9,41.89,36.63,31.89,92.13,152.34
37137,79.8,85.43,81.77,75.89,10.67,-53.37
37139,136.6,131.37,119.84,99.09,60.68,21.08
37141,46.3,49.82,47.95,39.66,22.79,6.15
37143,37.8,36.08,29.74,24.45,19.76,14.05
37145,109.8,104.59,91.88,77.87,26.94,-24.23
37147,89.4,83.94,72.83,62.07,113.37,165.26
37149,72.6,64.8,55.08,46.93,28.59,12.36
37151,76.1,71.56,63.06,53.66,34.23,15.29
37153,134.9,149.32,136.74,115.84,95.12,74.4
37155,140.1,129.66,114.03,102.68,61.79,21.46
37157,131.8,130.81,120.93,107.16,62.93,18.9
37159,90.3,80.83,72.4,63.04,54.74,47.98
37161,103.1,97.24,88.91,77.69,41.49,7.44
37163,92.8,87.25,77.78,65.47,35.11,5.11
37165,216.7,193.66,167.89,143.64,104.92,66.88
37167,128.3,111.96,101.0,87.28,35.79,-14.78
37169,85.4,85.25,81.32,70.28,36.77,4.17
37171,181.6,164.95,141.67,122.67,64.08,5.56
37173,97.2,88.45,77.76,69.17,106.52,146.2
37175,106.2,99.06,86.99,74.6,42.09,11.31
37177,94.8,88.76,79.61,70.71,14.23,-42.55
37179,73.2,67.6,60.3,51.68,26.23,2.11
37181,133.9,121.56,102.38,87.44,50.1,11.98
37183,58.6,54.47,47.25,40.92,39.29,37.43
37185,33.9,31.68,28.2,23.96,2.04,-21.35
37187,98.7,87.97,86.18,83.92,41.25,-2.33
37189,85.5,77.0,68.42,62.91,52.68,43.34
37191,80.2,78.43,71.19,59.15,41.6,23.97
37193,97.4,91.37,79.35,68.02,34.04,0.68
37195,98.6,91.06,81.99,72.1,36.98,2.13
37197,64.6,67.87,55.47,46.44,27.07,8.43
37199,109.4,98.99,84.9,73.5,36.39,2.3
38001,122.2,119.99,101.33,85.67,109.0,132.17
38003,66.8,63.63,54.24,51.08,38.19,26.61
38005,7.5,7.01,5.89,3.83,1.6,-0.36
38007,0.0,-0.13,-0.18,-0.07,-0.56,-3.52
38009,41.4,35.72,29.56,26.55,12.29,-1.8
38011,54.2,55.13,52.18,41.38,28.85,15.09
38013,0.0,0.05,-0.04,-0.04,4.02,6.68
38015,76.1,68.01,58.46,52.7,65.62,79.75
38017,36.4,30.59,24.5,20.38,36.77,52.9
38019,52.0,46.1,45.25,42.36,40.21,37.77
38021,74.4,66.56,62.96,52.11,35.53,20.1
38023,0.4,0.16,0.11,-0.06,3.74,6.38
38025,17.5,16.85,16.77,17.05,4.28,-10.64
38027,95.9,82.49,74.37,76.71,5.84,-65.03
38029,58.5,55.47,48.31,45.75,38.98,33.28
38031,118.3,107.43,88.92,82.45,82.21,82.64
38033,0.0,-0.01,0.01,0.01,4.4,7.16
38035,61.3,58.12,53.71,47.13,58.06,68.27
38037,0.3,0.43,0.21,-0.16,4.09,9.59
38039,0.2,25.16,51.54,47.49,6.95,-34.86
38041,20.9,20.79,22.5,17.75,1.96,-14.11
38043,40.7,33.86,29.81,25.31,19.18,14.04
38045,34.4,37.72,31.66,32.78,6.82,-16.99
38047,0.3,0.17,-0.4,-0.24,12.42,26.51
38049,0.8,16.98,19.16,19.97,6.98,-5.46
38051,42.8,41.6,35.62,30.14,30.19,31.36
38053,41.9,33.8,34.45,37.27,12.66,-13.44
38055,45.1,41.43,35.14,34.46,25.26,16.31
38057,71.4,68.15,62.22,53.85,42.82,31.19
38059,47.4,41.82,38.18,37.23,13.06,-9.98
38061,12.1,10.73,10.58,8.13,2.3,-5.16
38063,34.1,32.65,28.41,30.32,4.73,-22.17
38065,0.0,-0.31,-0.34,-0.27,-0.73,-0.47
38067,66.0,54.3,51.6,45.34,41.97,36.84
38069,59.3,59.5,50.64,53.59,48.41,43.37
38071,130.3,120.78,110.38,101.12,67.88,33.59
38073,72.8,55.17,47.29,46.16,31.54,17.51
38075,18.5,26.58,24.38,23.51,0.89,-22.12
38077,35.6,33.91,27.7,24.71,24.94,26.0
38079,5.3,4.1,3.02,2.86,3.37,3.89
38081,1.1,-0.43,-0.41,-0.28,0.82,2.61
38083,0.0,1.67,-0.23,-0.23,2.66,6.99
38085,0.0,-0.13,-0.19,-0.11,-0.08,1.2
38087,0.0,0.0,-0.12,-0.49,-0.54,-1.06
38089,71.6,67.26,61.72,56.43,39.28,20.16
38091,0.0,0.43,0.5,-0.18,-1.37,-3.07
38093,83.8,75.16,63.81,59.85,30.6,1.85
38095,0.3,0.3,1.59,-0.05,10.83,22.1
38097,40.6,27.63,19.46,15.5,10.66,4.54
38099,57.8,44.27,39.61,33.81,20.25,4.99
38101,70.9,61.69,52.63,46.96,44.94,43.43
38103,2.1,73.5,65.02,57.49,52.71,49.33
38105,66.2,59.88,55.71,49.57,34.62,17.43
39001,88.3,83.46,78.32,69.0,39.87,10.42
39003,99.0,90.34,77.12,66.32,70.4,73.62
39005,49.1,44.8,36.88,30.1,18.9,6.41
39007,75.0,67.57,59.56,49.45,35.65,19.88
39009,91.4,83.31,70.17,58.39,47.25,36.97
39011,52.5,49.91,43.03,35.69,21.28,5.53
39013,103.1,88.58,76.87,63.11,45.1,26.76
39015,96.1,86.94,76.62,67.61,28.49,-10.84
39017,85.1,77.24,65.96,55.24,44.62,34.39
39019,46.2,41.51,35.38,29.71,16.56,3.71
39021,74.7,70.17,62.0,55.28,14.48,-27.6
39023,109.2,104.39,89.22,76.61,57.85,38.85
39025,88.0,82.24,72.82,62.84,24.05,-15.47
39027,109.1,102.67,89.19,75.33,46.66,18.16
39029,92.4,84.34,69.42,57.44,26.26,-4.62
39031,85.0,80.61,69.03,55.08,28.8,2.54
39033,96.7,87.73,76.54,67.21,45.37,22.58
39035,67.0,61.31,50.44,39.23,53.73,67.97
39037,57.7,52.18,43.95,38.7,18.75,-1.75
39039,88.7,80.42,70.59,60.54,54.19,47.82
39041,58.3,54.4,47.85,41.43,30.28,18.18
39043,95.7,84.68,73.52,60.38,43.99,27.04
39045,80.3,73.46,62.82,54.5,50.05,46.25
39047,106.7,99.24,85.68,73.04,66.64,60.55
39049,80.2,72.34,60.05,50.33,62.89,75.25
39051,84.3,74.97,65.68,56.27,23.79,-8.0
39053,109.4,88.1,69.58,54.33,53.48,53.35
39055,58.8,54.65,46.59,39.62,23.13,5.7
39057,83.5,74.57,61.66,51.05,50.19,49.17
39059,103.7,97.36,84.69,72.67,32.37,-6.82
39061,78.6,72.3,62.42,52.76,71.37,89.79
39063,67.1,61.65,53.98,46.66,47.81,48.05
39065,71.8,68.94,59.68,51.23,13.64,-25.36
39067,70.9,64.9,57.51,48.87,11.08,-26.34
39069,61.8,54.51,49.2,41.63,13.0,-15.24
39071,110.4,102.45,91.15,79.5,30.32,-18.59
39073,103.3,94.71,78.98,67.72,25.35,-16.12
39075,29.0,23.58,20.03,16.36,8.36,0.01
39077,105.2,96.94,82.39,69.1,56.37,42.41
39079,151.8,134.64,114.64,90.58,35.03,-19.5
39081,121.8,112.29,95.61,80.87,75.08,68.14
39083,57.5,53.86,45.4,37.08,22.44,6.52
39085,80.5,74.86,62.66,51.65,43.07,34.13
39087,92.8,82.45,73.4,62.7,53.55,45.21
39089,72.2,65.87,56.19,47.77,24.19,0.65
39091,90.2,83.68,72.49,62.33,29.22,-4.31
39093,79.9,73.94,60.72,50.02,33.29,15.82
39095,106.1,98.2,85.56,73.86,82.79,93.07
39097,75.9,72.73,65.18,56.53,25.6,-5.57
39099,105.7,93.89,78.9,67.84,77.91,87.97
39101,109.2,102.9,92.06,83.19,81.66,79.02
39103,66.8,61.13,51.03,42.32,24.1,5.03
39105,72.1,63.31,51.82,41.76,11.12,-18.02
39107,46.4,47.38,41.79,36.45,24.71,12.18
39109,74.0,68.0,59.48,47.93,26.28,4.25
39111,55.9,45.03,36.98,28.74,14.24,1.23
39113,103.5,93.41,77.5,63.53,70.43,78.25
39115,47.4,42.05,38.38,31.64,8.53,-13.25
39117,56.1,50.65,44.94,39.72,10.26,-20.62
39119,105.2,97.04,84.98,71.42,63.68,56.39
39121,25.6,22.71,18.33,15.18,6.15,-2.32
39123,75.4,69.7,60.86,51.49,25.19,-1.75
39125,41.8,37.54,30.64,23.93,15.79,7.5
39127,85.7,80.76,69.5,59.4,34.02,9.44
39129,78.3,71.2,61.58,51.44,32.56,13.68
39131,117.9,105.86,93.66,75.44,50.53,26.43
39133,65.2,60.7,51.17,42.94,27.59,11.63
39135,61.1,65.68,58.49,48.57,21.44,-5.4
39137,43.4,40.25,33.62,28.75,17.57,5.65
39139,79.5,70.5,60.09,51.68,34.51,16.63
39141,106.0,93.73,77.33,65.51,58.05,51.12
39143,74.5,68.14,60.73,55.86,26.76,-3.16
39145,113.7,105.37,92.18,78.79,70.8,64.12
39147,79.6,72.79,61.15,51.85,20.96,-11.21
39149,77.0,71.55,60.79,53.1,23.29,-7.7
39151,103.5,92.93,78.1,65.75,58.58,51.71
39153,86.1,76.89,62.83,51.94,57.46,62.71
39155,101.8,94.59,81.66,72.17,49.19,25.12
39157,80.8,75.08,65.36,53.4,55.25,58.14
39159,73.2,67.39,58.71,51.37,36.76,21.48
39161,71.8,67.56,56.86,47.82,32.18,15.19
39163,0.9,3.43,16.58,16.1,1.82,-10.85
39165,70.6,64.02,54.61,46.84,30.87,15.16
39167,133.7,119.85,103.37,88.66,68.26,49.23
39169,64.7,57.1,48.16,40.75,27.34,13.25
39171,58.9,52.48,43.77,37.58,17.82,-1.03
39173,51.8,46.9,42.58,37.6,31.34,25.83
39175,48.6,45.88,41.28,34.82,11.36,-13.56
40001,70.9,66.7,65.34,57.75,67.21,74.74
40003,5.5,0.45,0.51,0.54,4.18,6.31
40005,43.3,34.21,31.65,26.63,5.94,-16.2
40007,0.0,-0.29,-0.1,-0.16,8.37,14.92
40009,117.4,122.51,96.36,86.79,47.26,7.38
40011,9.5,3.54,1.22,0.47,20.06,39.06
40013,154.4,146.19,128.03,110.37,64.67,16.69
40015,82.2,77.49,62.18,48.22,25.51,2.39
40017,96.5,88.87,80.6,73.83,26.06,-21.84
40019,174.8,165.6,150.04,141.41,100.0,58.08
40021,107.9,103.7,98.8,96.73,54.27,9.87
40023,49.1,36.06,34.5,24.86,25.12,22.89
40025,77.3,54.96,35.68,33.1,17.38,1.63
40027,85.7,79.03,74.26,68.33,39.67,10.68
40029,108.9,95.78,76.07,70.75,52.23,32.29
40031,83.1,82.35,76.27,71.23,65.73,59.23
40033,8.0,1.53,0.07,-0.13,-0.59,-1.33
40035,108.1,105.35,99.72,84.26,27.91,-31.04
40037,121.0,110.93,99.52,87.24,24.8,-38.62
40039,109.2,104.61,93.84,85.85,37.63,-11.69
40041,88.9,90.73,78.04,69.43,41.39,10.74
40043,4.3,16.24,11.98,8.71,7.47,4.7
40045,88.8,81.56,7.65,0.35,32.2,61.92
40047,96.9,98.28,93.41,87.91,65.11,40.75
40049,57.9,53.75,49.65,40.65,28.55,16.14
40051,55.7,53.68,54.72,49.5,25.76,0.93
40053,22.3,22.23,25.01,21.52,1.06,-20.12
40055,47.4,31.5,35.05,16.98,20.55,24.11
40057,161.5,184.97,174.77,173.66,162.15,149.78
40059,12.4,1.31,-0.08,-0.17,89.83,178.19
40061,112.4,97.71,92.87,87.2,45.92,3.8
40063,38.7,34.4,29.01,21.0,8.45,-4.54
40065,104.3,101.54,92.8,91.0,49.27,7.32
40067,41.4,33.05,11.05,0.64,12.32,24.23
40069,8.0,2.6,1.76,-0.62,9.42,18.21
40071,94.2,90.64,82.09,76.38,41.03,5.35
40073,23.7,103.71,110.03,108.33,101.78,94.91
40075,47.1,41.19,33.05,29.67,30.98,32.26
40077,78.9,74.44,73.97,65.44,58.39,49.81
40079,98.3,89.07,80.57,70.98,44.2,16.31
40081,27.4,20.81,17.1,18.63,23.36,28.29
40083,54.6,52.24,45.51,32.96,15.47,-2.44
40085,72.2,74.95,69.06,68.76,106.92,145.25
40087,143.7,137.59,126.89,110.95,32.8,-45.1
40089,68.3,77.52,69.04,57.34,27.44,-4.33
40091,71.2,66.61,62.16,54.28,15.5,-24.46
40093,5.9,1.7,1.33,38.73,17.34,-5.43
40095,47.7,57.22,70.61,62.02,18.45,-26.42
40097,104.9,101.27,88.7,75.51,33.28,-10.36
40099,164.1,154.53,131.53,121.95,58.99,-3.84
40101,128.1,122.78,114.3,111.64,79.08,46.13
40103,18.6,13.9,6.23,-0.17,1.97,3.96
40105,68.9,64.49,53.66,45.84,37.56,26.61
40107,9.7,1.4,0.42,-0.46,0.97,1.96
40109,117.5,109.5,97.56,85.09,100.69,116.49
40111,105.1,97.13,89.4,74.64,19.46,-35.87
40113,14.1,11.85,9.2,7.86,10.1,11.67
40115,101.1,88.94,83.63,73.61,39.18,2.31
40117,102.1,99.82,87.86,77.96,30.1,-17.75
40119,103.5,102.15,87.39,76.96,43.24,9.69
40121,164.2,156.56,141.54,127.34,86.17,43.28
40123,120.5,116.19,105.66,102.16,65.31,28.15
40125,130.4,127.97,120.86,117.89,56.61,-3.89
40127,8.3,1.48,27.62,37.17,8.15,-22.9
40129,4.2,1.05,-0.83,-0.58,5.22,9.81
40131,125.7,105.06,93.7,82.82,34.62,-14.2
40133,74.0,65.77,60.16,61.04,26.14,-8.83
40135,85.0,64.21,52.76,32.58,15.19,-3.65
40137,132.5,131.69,122.66,127.0,74.01,19.84
40139,24.6,38.81,33.32,29.02,16.33,3.33
40141,93.4,96.43,88.29,94.98,68.11,40.33
40143,135.8,125.82,113.95,98.63,110.62,122.76
40145,68.5,62.79,57.43,49.19,14.25,-21.26
40147,126.2,114.33,103.73,93.68,48.95,2.52
40149,3.4,0.47,-0.59,-0.68,13.6,28.01
40151,35.2,26.43,24.51,21.36,16.83,10.74
40153,111.1,105.68,92.64,89.45,63.74,36.54
41001,140.8,129.93,109.84,94.84,71.36,49.79
41003,51.7,45.88,37.77,30.89,58.78,86.29
41005,83.1,74.47,63.99,56.81,37.01,16.69
41007,124.1,107.73,90.9,79.72,57.83,36.48
41009,77.9,68.89,62.97,55.8,25.77,-4.23
41011,146.5,134.2,115.96,99.5,78.35,57.5
41013,110.0,98.48,83.87,73.91,36.84,0.08
41015,154.0,148.37,132.66,124.89,79.02,33.4
41017,95.0,86.27,74.37,67.24,56.89,48.61
41019,108.7,101.26,89.33,78.4,54.7,32.56
41021,104.3,101.19,77.03,71.01,30.95,-9.5
41023,3.3,2.56,51.94,59.86,47.14,33.68
41025,114.5,101.32,86.34,79.9,57.27,36.72
41027,87.4,91.25,79.7,70.69,70.08,69.92
41029,114.4,106.42,94.16,85.66,88.3,94.16
41031,59.0,58.41,52.16,43.69,24.59,6.55
41033,131.2,119.82,103.99,94.79,51.46,10.35
41035,94.6,83.07,69.06,56.17,40.77,28.37
41037,117.9,103.84,89.01,67.22,46.73,28.35
41039,113.5,102.0,87.25,74.74,65.87,58.25
41041,135.9,115.24,97.69,82.83,43.53,4.64
41043,115.2,103.41,89.35,77.87,33.09,-10.74
41045,158.8,149.39,138.05,119.78,94.75,69.76
41047,73.7,68.56,58.95,49.29,39.51,29.71
41049,17.9,18.7,30.91,28.46,22.72,17.04
41051,57.8,51.24,42.9,36.47,48.6,59.61
41053,60.6,51.93,47.49,41.89,23.43,4.8
41055,0.0,-0.42,-0.66,-0.47,19.02,39.1
41057,114.1,101.99,91.59,83.68,56.68,29.57
41059,103.3,96.19,79.94,65.08,35.31,6.4
41061,126.2,114.39,100.39,85.82,61.8,39.08
41063,94.8,85.38,77.16,70.73,52.5,35.52
41065,141.2,135.84,123.0,107.79,59.48,12.08
41067,55.3,50.23,43.68,38.26,36.59,33.37
41069,0.0,-0.13,-0.01,-0.13,54.25,109.07
41071,83.5,72.16,62.78,51.98,34.12,15.03
42001,51.5,45.86,37.34,31.84,26.09,20.63
42003,79.0,72.24,59.28,50.33,65.74,80.69
42005,81.0,74.15,73.91,63.68,30.37,-3.07
42007,80.3,73.12,61.87,54.99,33.35,11.18
42009,69.1,66.62,56.82,43.13,20.01,-3.71
42011,64.0,59.25,49.43,42.75,32.82,20.99
42013,111.3,105.59,90.03,75.96,74.91,72.76
42015,71.9,69.76,59.27,49.47,56.11,61.04
42017,70.8,66.34,57.17,51.78,42.45,31.8
42019,74.5,69.1,58.41,51.33,33.67,15.68
42021,103.9,98.71,85.79,74.04,61.18,47.35
42023,111.5,100.62,85.16,72.64,22.51,-29.56
42025,79.8,74.01,60.77,50.23,29.75,7.55
42027,50.7,48.28,40.24,34.28,31.24,28.65
42029,55.0,50.73,43.85,38.62,30.71,22.18
42031,69.5,68.26,58.36,54.33,32.69,10.54
42033,84.4,75.83,62.18,53.05,48.9,43.23
42035,76.0,73.45,66.5,57.37,45.06,32.08
42037,86.1,80.76,70.07,62.06,61.23,60.12
42039,95.8,84.56,70.04,58.21,53.99,46.59
42041,75.3,69.34,56.54,48.26,41.5,34.78
42043,70.9,64.36,52.44,44.19,54.67,65.81
42045,77.4,70.73,58.05,48.04,45.28,41.68
42047,93.3,87.89,70.45,59.85,35.88,11.16
42049,87.5,79.48,66.7,58.28,59.58,58.02
42051,134.2,128.9,110.35,99.04,83.28,67.48
42053,41.0,41.12,38.44,35.3,4.03,-27.92
42055,78.8,73.4,60.15,48.9,36.58,25.1
42057,12.0,13.49,57.19,55.0,21.58,-10.76
42059,78.2,78.3,68.28,60.32,29.23,-0.7
42061,64.6,59.99,49.85,42.81,21.41,0.43
42063,77.0,71.05,62.31,47.5,33.37,18.6
42065,80.9,73.4,63.79,54.19,29.25,3.52
42067,58.4,55.64,49.62,42.44,29.43,16.89
42069,117.3,112.08,98.68,84.22,72.03,57.78
42071,60.6,54.66,45.7,40.23,34.24,27.75
42073,102.5,92.48,78.49,65.37,52.98,40.43
42075,63.4,57.86,48.01,41.29,30.94,20.65
42077,51.2,47.83,39.51,34.8,44.95,54.09
42079,92.1,85.75,71.25,61.3,50.57,38.77
42081,93.7,86.56,73.5,64.72,58.07,50.82
42083,91.0,86.81,78.6,70.23,47.14,23.57
42085,120.1,109.23,92.53,77.9,72.18,65.58
42087,84.3,82.21,68.6,56.44,40.49,25.3
42089,82.8,76.02,65.3,56.76,32.96,7.44
42091,63.4,59.25,50.99,43.74,50.71,56.23
42093,81.8,77.6,66.32,58.56,268.96,479.2
42095,72.5,66.56,55.03,49.25,52.62,54.82
42097,104.5,95.82,82.62,68.13,52.72,37.3
42099,64.7,56.3,48.74,42.85,18.17,-5.82
42101,75.8,68.03,54.98,44.47,49.35,53.43
42103,57.4,49.17,40.58,38.39,24.26,7.65
42105,66.9,62.88,56.08,48.74,34.69,19.09
42107,83.8,79.09,67.96,59.74,33.5,6.76
42109,69.1,65.71,56.05,47.93,38.12,28.01
42111,72.6,69.71,61.44,48.8,28.35,7.01
42113,48.0,44.54,38.47,30.22,15.06,-1.95
42115,60.1,52.26,48.17,42.12,22.89,1.32
42117,80.8,75.32,62.7,52.75,33.92,14.38
42119,62.4,58.45,51.89,42.8,58.98,75.43
42121,90.4,80.99,67.29,58.32,49.95,40.74
42123,80.5,76.36,67.89,61.56,43.19,23.14
42125,79.8,72.36,59.45,52.47,37.23,22.19
42127,67.4,64.34,56.21,51.84,22.48,-8.94
42129,79.2,74.03,63.63,55.61,44.22,32.89
42131,85.2,80.61,67.33,50.73,37.98,23.89
42133,68.1,62.5,51.67,43.95,38.98,33.86
44001,51.2,44.58,38.95,32.93,20.12,5.55
44003,78.5,71.88,63.02,54.46,51.16,46.33
44005,63.7,59.47,50.68,43.34,28.59,12.92
44007,63.7,57.94,48.66,40.19,40.67,39.28
44009,66.5,63.0,55.9,47.04,34.26,20.73
45001,62.7,58.06,52.21,46.76,32.42,19.93
45003,92.7,88.03,77.82,67.02,43.76,20.22
45005,56.4,55.07,47.26,40.76,40.02,39.83
45007,97.4,93.57,85.07,76.61,74.14,73.01
45009,106.3,101.28,92.56,78.1,43.99,10.45
45011,100.4,98.36,89.69,74.47,48.42,22.2
45013,68.3,65.28,59.5,53.72,46.48,38.14
45015,61.8,59.16,54.42,46.44,18.98,-7.38
45017,3.9,10.5,8.14,7.1,4.68,3.71
45019,84.8,76.37,66.35,56.32,106.86,157.81
45021,115.6,115.1,105.9,92.94,60.35,28.99
45023,100.8,96.98,82.57,71.5,40.38,10.11
45025,89.9,86.92,80.23,69.06,25.24,-16.85
45027,84.9,80.73,74.01,68.49,42.85,18.91
45029,134.3,126.14,115.16,104.21,52.26,0.73
45031,157.0,152.73,141.38,127.8,100.58,75.04
45033,137.9,127.08,114.49,96.97,59.87,23.46
45035,102.9,100.65,89.95,77.86,25.85,-25.58
45037,59.0,62.5,54.42,46.17,18.85,-7.58
45039,67.1,54.53,46.17,41.29,24.84,9.85
45041,140.9,135.99,122.87,107.58,130.61,155.14
45043,97.3,88.14,78.31,66.43,52.89,40.92
45045,96.6,91.6,80.24,69.35,71.65,75.55
45047,127.7,116.07,102.12,90.19,86.84,85.51
45049,108.7,105.12,92.11,80.88,29.16,-22.49
45051,121.9,110.76,97.13,83.12,62.56,41.97
45053,62.1,67.44,59.86,50.84,20.23,-11.39
45055,79.1,89.43,80.48,68.09,32.37,-1.63
45057,91.3,83.01,72.82,63.71,32.88,3.73
45059,90.8,85.99,78.65,68.94,38.95,10.98
45061,37.4,42.54,38.01,36.6,12.75,-9.21
45063,97.7,91.95,82.42,72.57,58.75,46.25
45065,2.4,3.2,2.4,-0.35,9.67,21.79
45067,127.0,115.68,109.79,87.35,45.79,4.72
45069,112.9,106.26,98.69,90.72,29.06,-32.38
45071,89.4,85.25,77.24,64.55,38.97,15.59
45073,126.1,116.3,110.55,94.62,60.18,28.12
45075,93.7,91.53,82.16,70.17,48.05,27.75
45077,109.4,106.83,95.79,84.38,70.99,59.47
45079,70.8,65.26,58.31,50.79,60.24,71.81
45081,56.4,53.73,42.62,35.0,12.48,-8.01
45083,116.0,107.78,94.75,82.43,83.43,86.16
45085,82.1,77.14,70.65,61.48,41.81,24.76
45087,124.9,119.81,106.86,87.46,20.2,-45.11
45089,88.0,75.83,71.91,63.05,20.35,-21.26
45091,79.5,72.39,62.49,51.93,29.34,8.17
46003,0.0,2.18,-0.13,-0.51,18.04,37.86
46005,72.1,68.32,58.89,54.15,44.44,35.25
46007,0.8,0.04,0.28,-0.21,3.33,9.47
46009,0.1,-0.3,0.15,-0.25,8.81,20.27
46011,51.5,44.04,41.82,34.8,27.71,22.76
46013,63.6,63.41,57.4,49.82,51.92,54.5
46015,1.9,79.0,77.22,69.84,54.52,40.66
46017,0.0,2.25,0.2,101.2,12.4,-75.03
46019,25.7,26.22,25.33,1.22,3.39,5.3
46021,0.0,-0.53,-0.51,-0.49,1.16,4.7
46023,33.1,33.58,37.74,36.5,30.1,25.33
46025,0.2,30.44,27.4,20.16,21.98,25.56
46027,44.5,46.93,44.65,40.69,33.08,26.07
46029,78.9,68.3,61.53,56.47,41.3,27.73
46031,0.0,-0.05,-0.12,-0.2,5.18,11.94
46033,45.4,40.74,33.53,32.94,21.24,11.5
46035,104.4,90.49,76.19,67.32,51.7,37.91
46037,0.7,0.91,0.26,-0.34,3.52,9.69
46039,35.3,34.3,2.76,-0.03,2.61,7.2
46041,0.0,0.08,-0.11,-0.13,2.98,7.66
46043,49.2,43.48,38.09,27.88,29.8,33.6
46045,70.4,54.93,56.51,49.8,41.43,33.15
46047,88.1,87.58,81.69,75.72,50.16,26.76
46049,0.3,-0.3,0.06,-0.25,13.18,27.62
46051,62.7,57.74,56.25,51.9,29.09,8.58
46053,127.1,100.05,80.4,65.6,62.63,60.94
46055,112.7,119.45,99.93,104.75,109.37,115.47
46057,0.0,0.53,-0.8,-0.54,2.01,6.52
46059,1.6,1.39,0.75,0.82,1.07,2.55
46061,0.0,-0.97,-0.79,-0.68,-0.81,0.5
46063,0.0,0.01,-0.09,-0.43,1.15,2.95
46065,109.4,99.07,86.24,69.23,45.71,23.51
46067,82.8,78.15,75.58,68.4,53.99,41.02
46069,0.0,-0.13,-0.1,1.26,31.46,62.36
46071,0.0,-0.25,-0.53,-0.06,7.54,17.76
46073,0.2,94.64,101.99,94.4,118.12,143.4
46075,0.0,-1.46,-0.81,-0.6,32.73,67.52
46077,19.1,50.11,46.14,40.16,27.79,17.4
46079,29.0,33.88,35.04,31.08,18.72,9.15
46081,86.6,79.81,70.03,60.23,33.19,6.37
46083,32.2,34.35,34.64,30.7,30.74,31.78
46085,18.0,11.6,9.81,12.6,3.97,-3.31
46087,39.2,32.27,30.56,26.09,18.83,13.63
46089,45.1,8.55,0.58,-0.29,2.01,4.37
46091,46.3,44.65,36.7,29.67,16.93,6.53
46093,15.0,13.77,12.21,10.21,8.99,8.41
46095,140.0,89.23,69.95,53.23,7.79,-36.07
46097,35.8,31.23,27.75,24.83,6.65,-9.78
46099,77.6,67.68,59.53,50.71,59.34,69.46
46101,0.9,33.83,32.5,26.5,12.75,1.2
46102,0.0,0.05,0.09,-0.34,3.79,9.24
46103,79.6,76.28,65.31,54.33,54.87,57.17
46105,46.4,47.13,49.15,46.41,11.05,-23.67
46107,0.6,0.14,1.27,-0.26,6.68,13.37
46109,42.8,44.56,40.94,36.55,25.67,17.5
46111,0.0,1.76,-0.21,-0.54,2.55,6.9
46115,3.1,2.86,0.92,-0.12,8.94,18.72
46117,2.1,2.07,1.54,-1.16,3.04,9.39
46119,0.0,-0.25,-0.22,-0.38,1.67,4.47
46121,0.0,-1.65,-1.06,-1.0,7.26,18.09
46123,137.2,104.02,78.74,63.25,54.23,45.33
46125,18.3,31.26,29.29,30.56,13.51,-2.16
46127,77.8,70.83,61.69,74.58,259.9,445.93
46129,109.5,102.13,90.77,76.21,33.61,-7.22
46135,104.9,96.03,84.58,78.68,60.53,43.89
46137,0.0,0.11,-0.13,0.02,0.03,1.26
47001,167.9,147.88,127.29,109.48,72.97,39.83
47003,111.1,102.27,93.93,80.31,41.3,4.13
47005,143.5,136.63,119.31,94.71,49.87,5.31
47007,87.8,83.28,72.83,67.15,54.17,43.45
47009,102.0,91.01,80.33,69.01,44.8,24.18
47011,141.3,131.08,117.62,102.18,94.39,88.6
47013,228.1,197.6,177.96,146.47,49.04,-46.1
47015,108.2,101.41,95.1,64.42,23.59,-14.8
47017,148.7,140.02,119.03,101.99,123.96,145.37
47019,113.2,108.99,98.52,88.44,37.7,-10.59
47021,91.2,105.05,93.94,82.62,38.96,-3.55
47023,105.0,100.35,92.84,80.37,54.61,29.21
47025,219.4,190.97,168.0,148.26,102.08,59.31
47027,189.0,188.48,190.28,159.44,44.43,-67.68
47029,201.5,188.56,168.85,145.86,72.32,1.93
47031,175.5,169.23,157.08,138.88,145.21,152.8
47033,104.4,92.19,69.73,55.67,20.11,-15.91
47035,145.4,129.87,116.71,102.2,59.73,19.47
47037,92.2,85.73,74.19,61.02,88.24,117.93
47039,166.8,163.87,137.86,122.17,60.98,0.21
47041,180.3,161.79,138.54,116.53,57.84,1.89
47043,147.0,139.69,120.18,98.4,81.37,65.77
47045,183.2,176.77,162.63,158.9,88.23,18.49
47047,76.0,72.3,65.49,57.44,34.22,11.42
47049,182.6,178.36,160.24,125.48,45.1,-33.15
47051,127.1,120.12,105.15,92.58,64.17,37.37
47053,141.6,138.86,129.58,119.0,73.1,27.31
47055,146.9,131.26,114.29,99.69,40.89,-16.22
47057,108.1,93.87,82.86,70.88,16.26,-35.69
47059,134.8,124.48,111.3,96.41,60.21,27.26
47061,189.4,172.65,147.1,152.89,30.07,-92.08
47063,180.4,163.48,144.91,123.92,113.87,106.44
47065,130.8,122.88,109.81,94.23,102.62,112.38
47067,148.5,126.95,107.55,103.72,77.53,53.3
47069,113.2,113.21,101.95,89.09,42.89,-2.68
47071,161.1,153.57,144.17,129.78,106.91,84.56
47073,94.4,89.03,77.88,69.95,36.37,5.2
47075,85.7,86.01,78.29,63.59,26.06,-11.72
47077,147.3,137.27,121.06,102.37,54.65,6.61
47079,196.1,188.97,167.66,142.46,76.22,10.65
47081,71.5,70.81,64.26,53.41,20.5,-10.3
47083,149.9,148.63,138.57,111.5,40.26,-31.09
47085,139.9,130.28,116.82,95.82,29.09,-36.84
47087,66.4,62.75,47.94,35.83,7.75,-17.83
47089,124.9,113.06,102.63,89.51,62.38,38.27
47091,120.6,107.17,90.46,77.08,37.83,-0.14
47093,108.2,97.09,84.97,72.81,105.68,142.2
47095,83.8,79.91,64.19,62.84,12.14,-39.37
47097,110.9,103.23,95.6,96.75,62.43,28.73
47099,151.8,143.02,128.73,111.4,56.97,4.18
47101,157.9,154.21,134.23,116.92,39.47,-36.74
47103,111.5,105.92,96.26,84.72,31.86,-19.94
47105,110.5,101.43,91.18,75.43,25.15,-21.48
47107,178.1,160.31,136.94,114.85,70.53,29.4
47109,185.7,174.11,150.57,125.28,79.46,34.7
47111,130.7,128.18,113.38,88.78,20.71,-44.4
47113,131.5,126.57,114.67,99.59,142.14,184.47
47115,109.4,102.47,86.24,70.96,25.23,-19.3
47117,134.9,143.5,124.53,100.55,59.18,19.03
47119,146.1,135.8,115.3,97.63,106.41,117.02
47121,8.7,45.79,38.64,33.22,19.33,8.07
47123,163.8,148.01,137.15,122.34,60.27,1.23
47125,88.7,86.75,77.7,68.36,45.53,23.91
47127,26.9,22.14,17.81,5.87,4.81,5.28
47129,100.9,79.04,67.64,57.85,33.11,10.92
47131,101.0,99.35,94.59,93.5,82.79,70.94
47133,109.1,110.12,101.76,89.95,67.02,46.51
47135,97.0,98.52,99.1,85.57,93.93,104.0
47137,118.0,87.99,87.78,86.63,26.14,-31.55
47139,44.5,52.28,111.27,101.83,32.89,-33.75
47141,152.1,140.0,125.97,108.96,92.5,78.42
47143,168.5,160.52,139.93,123.78,49.38,-22.5
47145,160.4,146.97,128.59,107.32,58.28,12.66
47147,138.8,127.87,116.85,104.02,45.2,-11.84
47149,101.5,94.77,82.56,70.44,54.95,42.13
47151,136.8,165.4,155.05,124.34,85.62,49.71
47153,191.3,175.87,162.68,127.73,36.19,-54.3
47155,125.9,114.89,99.78,85.9,62.44,41.83
47157,76.5,73.8,65.13,54.63,62.43,70.63
47159,154.6,133.12,107.38,94.96,89.21,85.89
47161,57.3,62.88,57.34,48.34,13.68,-21.04
47163,178.2,165.47,146.4,125.94,140.23,157.24
47165,96.0,90.2,81.9,70.28,55.98,44.53
47167,105.5,111.64,102.3,87.3,46.2,5.13
47169,212.2,174.9,122.91,110.8,36.11,-36.01
47171,146.4,144.44,133.92,120.24,67.39,17.25
47173,110.0,93.75,76.09,60.85,14.92,-27.82
47175,9.0,7.62,8.74,-0.27,0.81,4.19
47177,166.3,157.81,133.84,117.77,57.93,0.0
47179,116.0,108.66,96.06,83.94,127.2,173.28
47181,162.0,152.73,132.1,117.1,72.58,29.71
47183,130.6,128.08,116.37,105.93,87.71,67.97
47185,147.1,131.32,116.22,101.44,33.31,-32.58
47187,60.6,57.54,50.15,43.66,57.12,72.53
47189,99.0,90.69,78.02,68.94,58.47,50.78
48001,88.4,70.8,60.72,54.6,39.01,25.62
48003,47.9,57.59,56.3,48.78,19.89,-9.66
48005,105.4,94.72,87.83,80.74,63.46,47.24
48007,101.4,96.12,82.52,74.95,23.86,-28.1
48009,0.0,-0.19,-0.23,-0.29,-0.03,0.29
48011,0.0,-0.02,-0.06,-0.26,8.16,13.53
48013,88.5,88.73,82.67,76.54,24.79,-27.42
48015,55.3,52.51,51.63,45.28,26.46,9.56
48017,65.3,62.06,66.96,65.45,29.98,-6.67
48019,38.5,33.41,37.26,34.59,10.38,-14.63
48021,84.1,78.92,71.69,63.32,17.67,-26.62
48023,58.6,49.44,60.56,59.83,38.6,16.53
48025,73.3,69.93,64.84,58.23,21.32,-15.93
48027,58.6,53.72,48.42,42.56,55.55,71.47
48029,57.8,54.68,50.01,44.17,46.27,48.32
48031,17.1,17.84,16.36,13.46,6.28,-0.63
48033,0.0,0.24,-0.03,-0.25,-0.48,-0.37
48035,38.5,39.09,35.84,34.1,13.18,-7.32
48037,123.2,123.92,114.16,101.63,111.24,119.55
48039,63.8,62.18,57.77,53.01,29.35,6.47
48041,66.9,56.12,47.23,42.24,42.51,43.42
48043,69.2,70.07,64.65,64.14,25.94,-13.01
48045,0.0,0.02,-0.0,-0.17,0.71,-0.59
48047,28.0,40.31,56.73,52.87,17.64,-18.95
48049,130.0,122.62,118.05,110.24,67.29,24.9
48051,30.9,53.9,51.86,45.45,19.34,-5.44
48053,103.3,96.93,87.48,71.8,21.49,-28.43
48055,55.4,52.42,46.29,38.47,8.64,-20.77
48057,99.7,100.94,95.36,88.75,36.08,-14.94
48059,2.5,10.82,19.78,19.25,9.7,0.79
48061,29.4,28.13,25.65,22.67,23.17,20.42
48063,70.4,68.93,58.17,52.95,36.83,18.34
48065,2.5,3.56,3.16,-0.16,0.86,-0.43
48067,65.9,80.65,77.51,69.53,50.25,30.07
48069,1.6,0.49,0.93,-0.2,16.73,32.56
48071,14.5,32.7,31.59,29.6,10.32,-7.74
48073,51.0,70.09,61.61,58.39,32.4,7.1
48075,175.1,177.58,150.98,130.5,74.62,17.42
48077,0.0,-0.19,-0.6,-0.41,18.7,38.85
48079,0.0,-0.4,-0.17,-0.26,31.12,61.65
48081,0.0,0.43,-0.49,-0.53,-0.99,-1.14
48083,4.3,64.81,68.79,62.6,21.6,-19.19
48085,57.9,56.27,50.52,45.35,31.39,18.17
48087,0.0,0.46,-0.55,-0.52,7.41,14.42
48089,66.2,60.62,48.69,39.78,23.99,9.26
48091,77.1,74.55,68.63,62.19,37.93,13.28
48093,73.3,78.62,72.43,67.88,50.4,32.9
48095,0.0,0.37,-0.01,-0.36,8.96,19.01
48097,93.0,91.98,83.7,76.48,36.74,-2.68
48099,69.6,65.27,59.55,54.06,19.1,-13.95
48101,0.0,0.04,-0.5,-0.59,-0.78,-1.84
48103,57.7,62.52,71.33,66.99,23.08,-20.61
48105,52.8,47.79,45.9,41.89,30.08,19.19
48107,1.7,1.93,1.67,-0.17,19.22,37.33
48109,0.0,-0.05,0.01,0.01,84.36,167.84
48111,75.4,73.6,63.06,57.05,29.61,1.06
48113,52.5,50.7,45.11,40.23,48.68,58.77
48115,60.9,59.1,58.69,53.26,13.4,-24.6
48117,47.2,40.68,34.66,31.08,8.24,-14.95
48119,3.4,21.34,0.86,-0.48,17.63,33.24
48121,61.1,59.25,53.2,47.85,33.85,20.9
48123,48.6,50.94,45.41,42.75,35.66,28.85
48125,5.8,7.34,6.84,0.48,0.49,-0.14
48127,96.4,94.86,101.98,75.95,17.16,-42.19
48129,4.2,3.71,2.07,0.05,1.04,-0.51
48131,15.0,11.16,9.26,4.24,1.63,-1.55
48133,66.1,71.41,77.56,70.38,15.62,-38.18
48135,77.5,70.98,66.71,61.52,51.68,42.18
48137,0.0,0.01,-0.07,-0.12,3.08,5.27
48139,75.1,73.73,66.44,58.56,32.34,7.44
48141,37.4,37.4,33.93,30.6,30.85,32.01
48143,76.3,71.07,67.56,61.98,37.13,12.72
48145,59.0,61.78,57.23,50.31,28.46,8.79
48147,62.7,61.4,55.14,49.55,20.13,-11.48
48149,66.7,60.96,58.56,55.69,62.53,70.06
48151,6.8,4.58,4.3,-0.26,1.17,3.18
48153,3.5,3.15,2.32,0.03,25.16,48.66
48155,62.0,58.82,51.72,32.12,52.45,73.22
48157,40.9,39.25,35.18,32.07,21.59,12.59
48159,68.0,73.38,69.41,60.04,29.72,-3.56
48161,3.3,27.31,26.05,30.53,16.25,3.74
48163,44.4,43.63,39.64,35.83,8.51,-19.68
48165,52.3,51.35,46.2,39.7,24.14,9.08
48167,78.9,75.86,69.19,64.7,46.0,28.63
48169,1.7,1.49,0.56,-0.09,4.07,7.84
48171,77.9,76.64,72.87,68.91,49.33,28.99
48173,0.0,0.71,0.02,-0.21,-0.87,0.06
48175,26.1,22.72,19.72,17.84,5.28,-7.0
48177,56.2,53.52,48.21,47.52,17.43,-12.92
48179,115.1,109.82,102.01,88.52,77.65,65.27
48181,112.7,105.05,94.77,85.57,70.72,54.86
48183,138.7,133.11,124.35,120.76,114.12,107.51
48185,19.5,27.16,24.91,20.76,9.98,-1.51
48187,47.1,47.46,44.44,41.66,20.32,-1.04
48189,69.5,65.11,58.46,55.89,37.56,17.43
48191,3.7,3.87,1.95,-0.26,12.15,22.7
48193,5.1,28.6,47.02,41.29,46.08,51.72
48195,1.6,0.88,0.08,-0.16,6.71,13.44
48197,75.3,77.74,73.99,78.09,47.65,16.54
48199,98.2,97.55,88.95,86.17,23.73,-38.29
48201,48.3,46.26,41.44,37.88,41.28,46.47
48203,69.8,71.69,63.14,60.27,41.91,21.95
48205,0.0,-0.17,-0.82,-0.52,-2.06,-5.06
48207,18.9,9.21,6.6,0.38,7.9,15.99
48209,60.5,58.33,51.77,46.05,26.24,7.21
48211,2.7,2.99,1.35,-0.08,2.52,4.16
48213,84.1,80.44,74.93,69.25,35.95,3.64
48215,29.5,27.65,25.46,22.73,19.95,14.54
48217,80.2,62.87,58.26,54.29,35.94,17.87
48219,82.7,79.11,72.8,67.63,37.44,6.46
48221,125.3,119.68,108.23,99.95,60.59,21.37
48223,97.5,93.63,83.03,77.0,45.48,12.21
48225,22.0,46.69,41.38,40.43,13.74,-10.97
48227,59.6,66.62,62.95,59.55,24.76,-8.85
48229,0.0,-0.01,-0.05,-0.07,1.28,2.33
48231,93.3,90.79,83.15,73.48,33.97,-5.07
48233,78.2,81.21,74.11,67.59,34.65,0.95
48235,0.0,0.13,-0.08,-0.14,-0.2,1.02
48237,1.9,1.89,0.92,-0.24,9.48,19.5
48239,29.6,32.8,31.39,19.15,16.37,15.3
48241,67.4,69.67,57.09,49.95,28.0,5.5
48243,0.0,-0.07,-0.15,0.0,41.62,81.65
48245,93.1,85.94,77.11,71.11,75.41,80.01
48247,1.6,33.25,25.19,19.32,0.22,-19.88
48249,83.4,79.78,75.43,72.28,44.9,17.23
48251,90.9,90.52,84.35,76.17,42.25,8.88
48253,30.3,29.76,29.41,24.74,12.06,0.74
48255,66.4,58.36,54.27,44.01,23.77,3.53
48257,79.9,76.53,69.95,65.36,25.56,-14.43
48259,71.4,65.56,59.43,53.56,29.47,5.32
48261,0.0,-0.09,0.27,-0.19,-1.35,-5.08
48263,0.0,-0.08,-0.03,-0.23,-0.27,-0.19
48265,85.2,80.75,76.35,74.74,43.84,11.57
48267,67.6,60.59,55.28,50.76,25.34,-0.7
48269,0.0,-0.02,-0.01,-0.19,0.65,0.97
48271,2.1,25.57,21.96,18.37,1.5,-15.52
48273,71.5,66.24,60.37,56.77,27.29,-3.08
48275,0.0,-0.48,0.07,-0.38,31.7,63.7
48277,158.6,152.39,138.59,129.79,68.77,5.79
48279,49.3,5.08,2.71,0.01,14.64,27.92
48281,31.7,61.09,59.0,51.31,20.43,-9.36
48283,0.4,0.36,0.23,-0.41,10.79,21.33
48285,50.7,56.07,51.06,46.42,14.17,-16.76
48287,19.6,48.64,45.53,39.7,11.42,-15.13
48289,3.3,38.8,39.27,36.16,6.28,-22.03
48291,101.9,92.12,82.71,76.49,34.05,-6.89
48293,93.9,87.69,85.52,89.77,38.37,-12.07
48295,0.0,-0.07,-0.89,-0.17,1.01,0.49
48297,21.1,18.02,13.8,10.28,2.4,-5.29
48299,71.2,64.01,56.55,52.12,24.67,-2.47
48301,0.0,-0.34,-0.36,-0.19,-0.79,-2.42
48303,83.7,84.03,77.94,70.39,93.1,114.86
48305,1.5,1.82,0.7,-0.28,9.07,18.86
48307,63.4,57.24,53.3,38.68,20.49,2.33
48309,77.0,75.14,70.55,63.43,50.34,39.4
48311,0.0,-0.14,-0.19,-0.2,-0.66,-2.26
48313,45.5,72.87,71.43,63.34,22.93,-15.76
48315,1.6,1.74,1.1,-0.25,6.58,11.68
48317,2.2,37.44,39.92,33.93,21.09,9.52
48319,4.2,42.26,38.47,40.86,1.69,-37.89
48321,70.8,66.13,60.82,60.37,35.73,11.6
48323,29.1,28.63,27.4,24.83,10.18,-5.21
48325,43.7,43.92,42.02,36.48,19.49,2.36
48327,0.0,-0.06,-0.2,-0.19,0.92,2.59
48329,66.7,60.24,53.8,47.19,30.07,13.99
48331,63.8,68.38,61.32,54.83,22.8,-6.72
48333,0.0,1.45,0.03,-1.27,5.71,13.53
48335,2.7,51.64,50.93,46.09,49.3,53.6
48337,83.1,82.15,73.05,68.58,39.38,11.27
48339,66.5,61.02,55.37,50.8,45.66,41.74
48341,58.6,55.59,51.39,51.69,37.08,21.47
48343,103.6,82.66,76.18,73.74,16.64,-42.2
48345,0.0,0.0,-0.09,-0.15,0.36,-0.59
48347,103.4,87.76,81.38,73.5,59.65,45.92
48349,78.4,73.09,66.56,61.4,26.77,-5.99
48351,1.7,32.19,24.88,20.27,7.5,-5.37
48353,127.4,120.13,84.23,66.54,30.23,-5.3
48355,83.4,80.39,70.43,63.98,73.49,81.35
48357,39.7,45.82,52.71,49.1,24.6,-0.74
48359,0.0,-0.26,-0.24,-0.2,-0.54,-1.26
48361,119.2,113.63,95.05,88.72,54.87,21.78
48363,116.8,108.79,95.25,86.94,32.09,-22.14
48365,82.4,81.58,75.53,72.07,28.18,-17.12
48367,75.8,73.23,65.07,57.96,33.8,9.99
48369,1.8,0.84,0.66,-0.17,17.5,33.3
48371,37.5,37.7,35.14,33.49,21.17,9.73
48373,106.7,102.53,91.49,84.61,32.9,-17.12
48375,78.1,76.22,72.21,65.39,98.99,131.16
48377,0.0,0.02,3.15,6.24,7.65,8.91
48379,74.4,68.79,61.79,54.32,2.46,-50.57
48381,76.1,73.97,68.77,62.74,37.18,10.75
48383,0.4,24.28,25.04,21.13,3.63,-13.48
48385,0.0,0.03,-0.1,-0.13,0.32,1.01
48387,3.5,45.16,55.72,54.55,70.83,85.53
48389,75.9,64.23,57.5,54.67,35.99,16.44
48391,1.7,1.58,0.97,-0.41,7.63,15.72
48393,0.0,-0.2,-0.27,-0.61,-0.65,-1.84
48395,4.0,27.62,24.68,21.56,7.14,-5.21
48397,69.4,73.99,69.85,63.33,49.09,35.52
48399,54.7,70.46,68.52,58.85,30.13,2.76
48401,53.2,49.17,43.88,42.9,19.34,-3.97
48403,3.9,53.47,44.97,34.35,22.09,9.71
48405,4.2,71.36,64.52,65.11,35.8,6.51
48407,1.1,17.14,16.51,19.31,-0.33,-18.02
48409,80.6,85.62,80.18,71.78,36.4,-0.35
48411,2.8,47.11,42.27,2.77,5.2,7.14
48413,0.0,-0.19,-0.02,-0.1,18.02,37.35
48415,90.8,86.02,80.98,73.29,20.67,-31.15
48417,0.0,-0.22,0.04,-0.36,1.16,4.37
48419,58.7,69.65,64.67,58.57,18.57,-21.97
48421,1.3,1.04,0.56,-0.11,-0.15,-0.41
48423,95.2,89.01,81.27,73.46,100.13,127.54
48425,5.9,5.57,4.6,-0.15,40.53,82.04
48427,32.2,34.77,33.1,29.33,26.45,20.45
48429,119.2,104.44,95.68,83.7,24.86,-33.24
48431,0.0,0.52,-0.09,-0.05,3.47,8.02
48433,3.8,2.33,2.58,-0.03,2.05,4.67
48435,5.1,3.06,2.63,0.17,16.12,32.21
48437,2.3,2.11,8.55,0.44,6.92,12.32
48439,68.8,66.74,60.04,53.62,49.43,46.02
48441,114.8,107.99,98.1,89.34,89.43,90.41
48443,0.0,-0.03,-0.08,-0.06,78.48,156.42
48445,53.4,84.69,78.54,69.28,20.56,-27.45
48447,0.0,-0.48,-0.06,-0.18,20.64,42.13
48449,90.5,85.36,75.39,69.73,46.02,20.02
48451,80.1,75.44,71.09,66.6,54.57,43.27
48453,55.5,51.27,45.12,39.4,41.64,45.51
48455,42.0,59.03,55.88,43.99,18.0,-6.28
48457,22.9,50.9,50.59,48.36,9.46,-29.6
48459,22.2,18.78,17.21,16.66,11.2,4.21
48461,1.9,1.91,1.88,-0.01,4.57,9.73
48463,72.1,73.28,70.63,63.38,28.94,-5.49
48465,39.5,39.09,35.55,32.53,23.7,14.72
48467,81.7,78.4,70.0,64.19,24.47,-15.01
48469,103.9,99.15,93.36,84.72,70.51,56.79
48471,76.9,61.19,57.42,54.79,27.29,1.76
48473,5.4,12.03,11.49,9.55,3.77,-1.53
48475,71.4,58.4,51.42,46.41,30.61,14.18
48477,88.0,76.9,70.22,65.06,30.91,-3.25
48479,29.0,27.6,24.74,21.18,18.46,13.22
48481,69.3,63.7,59.38,56.89,34.91,14.19
48483,45.6,39.42,32.46,20.49,9.8,-2.93
48485,107.5,105.25,97.41,90.23,84.37,78.13
48487,152.5,147.9,136.33,122.83,54.34,-15.28
48489,47.2,29.83,32.21,31.66,20.26,6.74
48491,64.9,62.22,56.49,50.36,32.61,16.85
48493,59.8,58.46,54.38,50.59,16.86,-16.48
48495,59.6,56.31,47.53,44.09,11.22,-22.41
48497,63.0,63.5,61.66,57.07,39.45,22.44
48499,97.5,94.73,90.05,81.23,35.62,-11.43
48501,7.1,6.98,7.25,0.27,13.02,24.94
48503,103.3,98.94,92.46,88.91,46.01,4.62
48505,14.2,23.69,20.59,17.7,4.05,-10.77
48507,0.9,0.75,0.77,-1.12,-1.65,-2.11
49001,98.1,93.9,91.51,76.07,76.43,75.66
49003,81.9,79.88,73.24,66.6,33.44,-0.46
49005,61.2,54.65,49.53,44.61,35.88,26.42
49007,183.1,175.23,155.22,147.47,136.77,124.42
49009,0.0,0.01,-0.14,-0.29,0.77,0.95
49011,68.7,66.51,61.77,56.77,47.19,36.9
49013,51.2,57.25,58.15,56.66,48.14,38.33
49015,96.7,47.39,77.76,77.99,33.91,-11.54
49017,86.8,86.59,84.08,70.56,57.85,43.15
49019,95.4,83.31,79.67,73.37,57.79,40.41
49021,110.9,103.81,91.8,81.16,53.79,25.7
49023,95.9,81.9,75.86,71.11,42.95,16.08
49025,149.4,108.01,104.48,93.26,57.5,19.69
49027,70.1,58.19,64.07,55.53,32.51,9.73
49029,62.0,57.86,38.75,32.88,31.73,30.17
49031,0.0,-0.2,-0.17,-0.57,-0.15,-0.49
49033,31.2,29.38,28.75,27.85,10.21,-8.76
49035,75.0,70.59,63.0,55.6,57.36,59.33
49037,19.2,16.17,16.1,14.14,17.63,20.24
49039,86.8,94.15,85.84,78.19,44.11,9.13
49041,124.3,113.11,108.33,100.03,77.73,54.94
49043,65.8,61.27,51.31,44.61,52.05,58.6
49045,72.8,70.19,63.96,52.96,25.52,-2.11
49047,71.3,67.14,60.79,51.74,36.74,20.37
49049,61.2,58.46,52.82,47.27,40.46,34.15
49051,75.0,69.12,58.64,51.33,23.95,-3.91
49053,91.6,88.55,79.49,72.62,71.18,67.77
49055,0.0,-0.46,0.12,-0.15,25.27,49.45
49057,86.9,83.3,76.13,69.87,58.11,45.0
50001,43.8,50.47,41.3,36.62,25.02,11.96
50003,81.8,72.71,62.34,52.56,43.13,32.76
50005,63.1,62.25,54.34,45.39,33.37,18.95
50007,50.0,48.92,41.71,35.27,41.36,45.14
50009,10.8,12.03,0.67,-0.42,38.7,76.57
50011,83.7,85.57,79.36,69.26,39.19,7.34
50013,18.4,18.62,14.83,12.29,11.81,9.67
50015,57.7,57.47,55.95,50.52,36.88,20.98
50017,42.8,42.56,33.91,25.06,23.33,20.04
50019,60.5,62.45,59.97,53.79,40.65,25.46
50021,84.8,80.01,65.54,52.61,44.3,34.77
50023,58.0,57.9,51.74,44.77,36.06,25.48
50025,74.9,72.3,59.7,50.62,39.28,26.78
50027,48.5,41.85,30.56,25.44,25.6,24.58
51001,64.8,60.69,50.82,34.64,18.72,0.67
51003,61.7,56.83,47.69,39.4,61.8,83.98
51005,85.7,84.08,70.38,61.55,47.33,33.64
51007,52.3,48.58,37.24,29.74,3.49,-23.09
51009,83.0,74.82,62.23,56.34,32.36,8.91
51011,138.6,125.83,99.28,86.61,43.32,0.19
51013,26.1,23.84,20.09,17.33,30.74,42.44
51015,29.1,18.27,10.86,6.57,24.97,44.49
51017,6.2,1.28,0.31,-0.73,12.23,24.82
51019,46.8,44.72,37.85,32.54,17.96,3.82
51021,81.0,66.29,53.88,42.24,82.52,123.36
51023,41.9,39.21,34.7,30.44,14.25,-1.96
51025,25.6,23.76,16.65,12.07,5.34,-2.77
51027,88.0,127.33,136.12,113.74,67.32,21.62
51029,2.1,1.51,0.84,-0.47,4.47,9.5
51031,33.9,40.75,32.35,27.39,8.34,-10.57
51033,20.6,33.6,31.1,27.88,6.39,-15.67
51035,45.3,42.66,34.45,29.39,36.45,43.61
51036,0.0,0.62,-0.82,-1.07,7.45,15.72
51037,43.3,38.85,30.92,25.79,22.9,20.2
51041,73.4,67.87,55.72,44.97,37.6,29.23
51043,27.7,27.89,26.19,22.85,20.06,17.55
51045,6.5,4.67,4.79,-1.39,7.67,17.05
51047,71.5,65.78,53.87,46.66,21.57,-4.07
51049,33.1,29.5,21.78,18.05,0.12,-18.85
51051,137.5,180.82,155.59,131.46,98.19,66.85
51053,5.6,4.5,1.93,-0.97,-1.65,-3.22
51057,122.9,110.94,89.63,70.95,76.22,80.55
51059,32.0,29.47,24.58,20.83,25.69,29.84
51061,76.5,72.21,62.38,51.57,35.59,18.41
51063,59.3,50.16,35.17,27.32,9.74,-6.88
51065,36.4,31.24,26.87,24.08,11.9,-0.54
51067,87.4,79.77,67.96,59.14,21.52,-15.19
51069,59.9,56.09,43.94,38.95,30.76,22.9
51071,142.6,121.87,102.61,85.29,36.08,-13.16
51073,119.4,108.36,90.54,73.82,36.38,-1.88
51075,15.3,14.46,10.46,1.71,6.57,11.59
51077,8.7,20.99,17.72,14.22,3.06,-7.71
51079,83.1,77.7,66.49,54.73,20.9,-12.62
51081,0.0,-2.24,-10.04,-9.59,-11.03,-13.1
51083,87.8,81.51,70.95,57.76,24.89,-7.98
51085,96.0,90.63,74.57,58.82,51.23,42.65
51087,75.3,68.46,56.44,45.92,51.83,56.65
51089,86.9,69.73,55.74,44.6,23.11,2.42
51091,0.0,-0.41,-0.98,-0.86,-0.94,-0.87
51093,67.8,72.95,64.18,56.1,16.73,-23.97
51095,106.1,97.61,83.47,72.22,47.19,21.63
51097,0.0,-0.63,-1.6,-1.42,0.54,2.59
51099,53.5,54.25,44.48,39.2,8.15,-23.48
51101,42.3,40.24,29.71,22.72,9.16,-4.87
51103,183.2,159.68,129.27,102.1,50.37,-2.26
51105,112.3,144.57,131.72,113.13,67.52,23.85
51107,38.3,36.79,31.49,27.03,17.75,7.44
51109,53.2,49.91,42.23,35.31,10.93,-13.19
51111,3.0,1.87,0.21,-1.03,4.58,9.73
51113,0.0,-0.6,-1.16,-1.05,1.04,3.48
51115,60.2,54.78,48.84,44.99,4.47,-37.11
51117,112.0,105.85,85.07,69.98,48.61,26.23
51119,4.5,1.36,0.31,-2.11,1.99,5.09
51121,66.0,61.1,53.12,45.33,56.51,68.25
51125,26.7,21.36,17.07,13.62,17.09,21.01
51127,61.6,58.99,45.71,36.53,18.83,1.59
51131,112.7,113.32,96.04,92.09,73.44,53.04
51133,34.9,30.05,22.57,17.91,5.37,-8.09
51135,64.3,75.79,66.78,53.32,35.3,16.65
51137,96.6,91.09,75.16,62.52,22.16,-17.79
51139,99.4,86.87,77.16,68.69,41.99,15.94
51141,78.1,69.12,61.53,48.29,41.77,36.6
51143,24.4,21.61,15.55,11.81,4.53,-1.92
51145,51.3,45.96,41.48,37.4,17.55,-2.82
51147,105.2,99.84,84.12,72.72,29.19,-13.89
51149,0.0,1.46,-1.62,-3.09,-1.74,-0.7
51153,40.6,38.22,31.89,27.8,18.54,8.76
51155,135.6,132.87,114.16,97.68,48.83,-0.13
51157,0.0,-0.53,-0.98,-0.97,7.02,14.65
51159,43.5,43.04,34.82,28.89,6.79,-16.62
51161,91.1,83.95,72.9,63.68,100.46,138.02
51163,0.0,-4.54,-7.1,-6.83,-9.95,-13.6
51165,32.6,28.9,24.44,17.62,7.89,-0.88
51167,117.6,112.98,105.02,89.8,57.34,25.51
51169,161.9,153.38,137.67,121.34,168.25,217.96
51171,74.7,68.94,53.72,42.4,21.58,1.5
51173,139.7,131.38,105.96,84.4,42.4,1.25
51175,2.9,0.14,-2.66,-2.76,-7.69,-12.77
51177,75.4,67.08,54.23,46.0,39.37,32.16
51179,53.5,48.85,40.11,34.64,25.48,15.87
51181,0.0,0.0,-0.64,-0.55,-0.37,-1.05
51183,24.6,22.13,14.43,10.46,5.88,1.19
51185,200.5,179.87,158.68,133.02,80.79,28.23
51187,92.4,87.73,78.26,65.8,25.28,-14.88
51191,116.1,105.13,88.61,74.22,52.64,32.35
51193,45.7,43.0,34.39,29.43,4.32,-21.88
51195,214.1,193.49,156.1,123.13,124.88,128.78
51197,120.5,109.75,93.89,78.61,43.97,10.0
51199,50.6,46.33,39.1,34.75,21.05,6.3
51510,35.9,33.01,27.69,24.05,21.79,17.87
51520,186.0,174.23,161.6,147.84,41.65,-62.8
51530,71.9,81.85,80.54,78.08,31.82,-15.11
51540,69.2,55.1,45.45,35.89,136.59,236.91
51550,68.4,64.95,54.74,47.75,41.44,33.95
51570,243.0,227.18,188.2,150.98,88.17,24.89
51580,256.4,238.23,223.11,184.1,73.81,-35.77
51590,188.6,179.63,163.01,136.26,85.55,35.6
51595,300.6,286.35,234.75,194.9,139.94,84.38
51600,81.4,78.78,70.4,63.43,66.59,69.21
51610,64.1,57.99,51.98,43.79,34.06,22.76
51620,271.8,268.51,238.05,208.21,87.13,-34.91
51630,175.9,166.96,139.9,110.25,211.9,312.94
51640,431.1,398.8,361.69,308.15,178.39,49.33
51650,86.9,77.05,61.14,50.3,32.76,14.75
51660,133.7,125.56,110.03,91.03,86.7,83.17
51670,115.6,144.63,145.56,135.33,67.86,-0.22
51678,269.0,244.62,223.84,201.86,142.71,83.01
51680,137.6,119.17,95.46,80.49,98.25,116.7
51683,117.1,111.0,93.8,82.47,83.45,84.13
51685,0.0,-1.05,-3.75,-3.33,-0.98,1.31
51690,444.4,405.69,356.64,304.95,353.67,403.56
51700,69.1,62.91,50.71,41.36,53.9,65.53
51710,70.8,64.45,53.33,43.65,66.23,88.21
51720,504.9,474.64,413.3,333.22,495.23,659.2
51730,157.5,152.05,129.87,106.16,63.42,20.01
51735,93.7,81.52,65.96,61.8,13.07,-36.77
51740,114.5,103.64,85.22,70.89,61.53,51.63
51750,108.3,98.44,84.65,70.8,44.36,18.73
51760,59.4,53.49,41.4,31.7,53.33,74.2
51770,108.3,101.9,88.66,72.8,91.54,110.93
51775,220.7,207.44,184.09,159.93,351.95,544.77
51790,190.1,175.74,148.77,124.71,68.73,14.21
51800,90.0,85.65,74.77,64.09,44.21,23.53
51810,65.1,60.97,52.1,45.31,44.87,43.95
51820,232.1,205.24,173.49,141.42,61.68,-17.09
51830,0.0,-1.31,-2.77,-2.58,-4.92,-7.94
51840,189.9,177.92,146.16,128.79,193.06,257.51
53001,30.0,27.56,25.76,21.46,16.62,12.66
53003,146.5,150.08,133.79,123.97,63.08,2.55
53005,107.8,102.42,90.36,74.62,74.37,74.45
53007,86.9,79.87,70.66,61.88,61.78,60.76
53009,127.8,120.11,101.29,83.76,51.38,16.89
53011,63.7,59.51,53.69,46.8,41.88,36.13
53013,117.4,119.22,102.28,97.74,88.98,81.51
53015,98.2,89.1,77.01,65.71,41.26,16.36
53017,65.7,64.57,56.33,51.75,22.5,-7.05
53019,70.3,66.35,59.51,55.59,32.05,7.99
53021,69.0,62.77,53.21,45.75,20.67,-3.58
53023,132.4,120.06,95.55,99.4,97.23,95.47
53025,76.4,73.43,65.79,55.81,36.8,17.99
53027,119.7,112.94,94.0,79.31,51.75,22.97
53029,43.5,42.57,38.38,35.71,20.78,4.3
53031,90.4,85.2,79.03,70.06,49.98,28.3
53033,51.2,47.25,41.48,35.64,38.52,41.02
53035,66.7,61.8,56.16,48.37,36.97,23.4
53037,62.6,56.25,47.58,37.79,23.28,7.59
53039,23.7,4.27,18.44,21.21,30.73,41.0
53041,107.1,96.8,81.13,70.29,41.43,11.62
53043,93.4,93.01,77.74,68.17,68.71,68.48
53045,97.2,87.39,76.11,66.79,22.11,-24.3
53047,78.7,71.21,63.67,52.58,44.65,35.95
53049,44.3,37.53,29.81,25.15,17.88,10.09
53051,126.5,118.14,101.89,87.65,84.59,80.39
53053,69.0,65.04,56.74,49.82,43.91,37.23
53055,42.3,56.59,60.25,52.13,30.76,6.79
53057,89.5,81.14,71.43,66.0,59.04,49.73
53059,44.5,6.46,2.46,-0.4,14.79,30.84
53061,78.4,70.74,61.22,51.96,32.61,12.24
53063,87.0,83.64,76.54,68.4,63.83,56.96
53065,84.8,82.38,76.26,63.29,52.22,39.58
53067,69.6,62.98,54.34,47.42,45.78,43.27
53069,27.3,6.65,5.02,-0.31,1.87,2.95
53071,90.8,86.7,76.54,62.95,54.47,46.67
53073,76.7,71.5,63.93,55.58,44.86,30.11
53075,52.5,49.47,45.98,41.31,40.49,38.45
53077,72.4,67.87,60.25,50.42,42.49,34.79
54001,93.8,68.54,56.42,48.48,25.39,3.77
54003,100.9,91.28,83.16,72.64,37.41,2.48
54005,172.5,143.2,110.67,104.11,81.68,60.17
54007,98.6,89.75,79.91,70.56,29.64,-10.18
54009,98.4,86.89,75.85,65.29,23.8,-17.87
54011,135.7,122.52,109.13,93.01,124.44,157.21
54013,57.5,46.51,37.07,31.03,34.33,39.8
54015,67.5,61.74,52.14,44.94,20.83,-1.73
54017,42.3,33.97,26.92,22.59,0.89,-20.82
54019,91.7,77.19,62.21,53.42,27.83,2.81
54021,75.6,60.2,50.94,42.04,7.94,-24.43
54023,94.5,84.47,73.93,67.26,57.95,49.83
54025,127.2,108.86,96.18,77.96,55.1,32.79
54027,68.4,68.68,64.09,53.65,19.91,-13.88
54029,139.5,142.5,121.31,110.96,107.21,103.13
54031,86.1,80.56,69.99,62.29,26.97,-7.21
54033,119.9,103.5,90.07,79.94,94.73,110.93
54035,107.1,82.67,69.23,57.76,24.65,-6.74
54037,85.9,87.64,77.28,64.57,28.06,-7.87
54039,131.0,111.43,95.83,79.57,93.71,109.84
54041,87.0,82.25,74.2,66.77,56.97,48.25
54043,64.1,52.82,40.42,33.37,25.1,18.89
54045,206.6,192.55,170.94,147.15,97.47,49.22
54047,137.1,105.27,86.6,72.23,23.3,-26.22
54049,97.0,88.69,76.07,60.38,41.74,23.93
54051,130.5,117.21,109.72,91.68,65.18,39.07
54053,101.7,81.7,69.13,57.15,55.65,54.98
54055,150.8,120.14,102.6,85.66,66.8,47.22
54057,108.8,101.78,82.51,69.22,31.41,-5.44
54059,134.2,98.86,75.6,49.35,62.77,76.83
54061,69.7,59.68,46.87,37.74,63.92,91.52
54063,27.1,40.55,32.7,18.3,13.87,9.15
54065,71.9,73.08,68.48,61.38,27.84,-4.84
54067,157.4,135.83,116.28,106.75,61.11,16.83
54069,95.4,80.94,68.55,55.45,97.5,139.45
54071,88.7,83.62,61.27,43.57,12.2,-18.17
54073,122.8,114.39,100.93,81.47,31.37,-17.75
54075,56.7,57.7,49.14,46.25,18.14,-8.7
54077,74.0,70.21,60.72,51.15,37.52,25.26
54079,106.6,94.9,79.99,66.54,50.5,35.62
54081,144.6,106.09,80.61,66.39,62.04,57.45
54083,112.7,95.48,87.78,75.97,53.31,32.46
54085,58.5,66.19,58.5,50.39,13.86,-23.37
54087,109.1,94.53,88.38,74.47,43.62,14.47
54089,105.1,113.3,90.45,79.23,70.04,60.83
54091,80.9,69.45,58.91,51.31,29.19,7.84
54093,46.6,40.51,35.27,41.08,24.96,10.1
54095,55.0,51.03,44.82,37.36,14.78,-6.78
54097,71.8,58.01,50.03,43.31,17.35,-7.28
54099,76.1,67.59,61.6,59.28,17.47,-22.83
54101,69.3,61.08,51.96,48.65,116.27,184.67
54103,108.1,95.93,86.53,67.25,36.49,6.63
54105,50.5,37.88,33.62,32.18,13.58,-3.45
54107,132.7,110.57,93.68,77.08,75.9,76.2
54109,192.8,144.9,112.89,89.49,42.92,-4.04
55001,45.7,43.47,37.01,29.23,7.89,-11.78
55003,101.5,87.42,74.4,71.79,57.4,45.12
55005,75.5,76.5,70.4,55.43,43.73,34.69
55007,10.4,8.92,4.67,0.04,3.2,8.29
55009,69.8,65.27,55.89,49.35,50.87,53.5
55011,2.2,0.12,-0.13,-0.33,2.79,6.1
55013,63.8,62.86,62.28,58.67,27.44,-3.1
55015,20.6,19.28,17.58,16.5,13.26,10.81
55017,64.6,64.01,53.0,44.05,19.81,-1.98
55019,36.6,32.2,26.95,25.0,21.11,20.16
55021,98.2,93.17,80.98,69.8,37.04,5.26
55023,72.9,71.43,64.23,58.75,33.44,8.68
55025,58.8,53.14,43.57,37.84,45.4,54.61
55027,45.1,41.47,36.72,33.47,28.44,24.52
55029,70.8,65.45,57.78,52.81,30.73,10.18
55031,73.0,62.18,49.46,42.18,18.25,-4.38
55033,43.1,38.46,33.16,29.04,19.84,12.21
55035,63.6,57.97,48.58,43.36,58.1,75.22
55037,0.0,-0.6,-1.14,-1.38,14.19,30.83
55039,55.5,51.49,44.27,42.78,31.54,21.44
55041,50.4,45.7,40.69,38.26,6.69,-21.85
55043,51.5,46.93,42.57,37.44,27.86,18.81
55045,60.0,54.22,46.27,42.8,40.9,39.53
55047,67.3,62.13,53.73,46.99,28.58,12.13
55049,50.0,46.83,40.05,35.35,26.15,17.97
55051,72.4,64.71,64.12,68.45,31.95,-2.02
55053,26.8,25.14,22.81,17.32,14.41,11.7
55055,68.4,63.55,54.43,47.86,18.75,-8.93
55057,123.9,119.13,103.11,83.27,36.84,-8.51
55059,71.3,64.21,53.26,47.11,31.81,17.76
55061,24.8,23.45,15.24,14.39,13.26,14.33
55063,64.8,62.94,57.72,50.51,54.18,59.73
55065,14.1,13.88,12.61,4.71,19.67,34.09
55067,106.4,94.88,83.51,72.47,43.78,17.39
55069,78.4,75.16,63.56,56.83,28.08,1.49
55071,69.4,59.89,49.09,46.65,34.13,23.1
55073,53.0,49.81,42.34,38.94,47.89,58.92
55075,82.1,76.09,64.64,60.28,42.61,25.86
55077,36.4,33.22,26.33,22.5,4.09,-13.19
55078,0.0,-0.57,-0.79,-0.46,7.87,16.98
55079,84.7,77.03,64.02,53.47,66.33,80.25
55081,67.6,65.42,58.3,51.16,34.62,19.65
55083,39.6,36.48,30.92,25.31,15.89,7.16
55085,93.2,84.64,70.06,61.97,48.99,38.17
55087,61.6,57.69,50.12,45.69,42.74,40.41
55089,63.7,60.88,55.01,46.43,50.21,54.31
55091,63.5,57.87,49.83,46.8,27.26,8.49
55093,36.5,38.1,31.32,24.64,14.04,3.35
55095,72.1,63.55,53.78,49.33,46.42,43.47
55097,59.6,55.28,47.07,40.55,30.81,22.64
55099,56.0,50.07,50.8,47.36,29.54,15.24
55101,84.7,78.36,65.29,55.15,40.63,26.48
55103,17.5,35.43,37.87,34.49,17.26,1.41
55105,84.5,78.33,64.56,56.04,43.86,31.37
55107,34.4,31.25,27.79,23.01,16.18,12.28
55109,40.7,33.72,31.17,28.22,16.04,4.1
55111,73.8,67.28,57.26,49.3,37.31,27.12
55113,101.1,89.8,78.15,72.97,42.2,13.95
55115,48.0,42.38,35.95,34.12,17.91,2.47
55117,73.5,67.04,54.8,44.27,54.77,67.03
55119,31.5,29.16,22.18,14.58,10.88,10.68
55121,23.5,17.7,14.03,10.17,6.45,3.81
55123,46.7,42.73,37.25,33.96,26.03,20.24
55125,62.4,61.49,52.29,42.47,28.3,15.87
55127,67.4,62.94,52.08,45.35,20.79,-4.0
55129,29.5,28.82,26.55,22.32,49.51,78.62
55131,71.2,65.84,55.42,48.28,28.34,8.58
55133,73.6,68.27,58.17,50.97,41.29,32.31
55135,89.0,84.74,73.08,63.86,35.82,8.66
55137,25.3,26.12,24.39,24.87,13.98,5.03
55139,59.3,55.06,48.29,44.61,44.29,44.85
55141,75.4,72.0,60.38,52.61,50.31,49.77
56001,51.7,46.75,42.78,37.53,26.6,16.71
56003,58.6,55.75,49.66,46.8,28.36,10.29
56005,75.1,70.89,66.15,56.24,40.75,26.15
56007,80.7,72.66,60.14,50.24,69.62,89.76
56009,60.2,65.29,64.51,58.06,29.61,0.68
56011,0.6,0.01,0.11,-0.45,5.21,11.35
56013,93.1,83.82,76.09,59.77,48.55,37.4
56015,38.8,32.2,29.74,29.4,8.51,-12.72
56017,102.6,97.77,88.04,96.35,104.29,113.39
56019,67.6,65.66,60.55,55.1,35.14,14.47
56021,77.9,71.66,63.85,56.19,53.25,50.01
56023,80.8,77.7,64.62,58.56,40.0,21.49
56025,81.9,82.54,72.68,64.62,73.37,84.12
56027,1.5,2.92,1.44,-0.06,1.29,3.78
56029,97.9,85.94,73.4,72.75,59.6,45.35
56031,55.3,54.43,51.35,51.47,18.38,-14.15
56033,55.3,51.82,44.34,37.34,32.8,28.26
56035,56.6,58.29,53.86,55.36,53.73,53.16
56037,86.4,87.63,86.72,79.29,70.1,60.09
56039,76.5,63.17,58.52,43.21,53.26,63.4
56041,104.7,105.37,99.81,95.98,60.58,25.3
56043,95.3,81.72,81.51,75.4,47.82,22.06
56045,58.3,47.07,39.52,35.25,5.52,-24.26
