FIPS,2014 kals,2015 kals,2016 kals,2017 kals,2018 kals,2019 kals,2020 kals
01001,145.3,130.41,129.83,114.22,97.14,98.84,101.27
01003,143.5,132.25,123.96,107.4,93.65,68.61,44.57
01005,102.0,93.8,92.6,90.53,86.31,32.39,-21.51
01007,75.8,69.34,95.41,90.78,80.9,24.22,-33.81
01009,63.2,57.3,56.54,49.56,44.78,23.04,2.33
01011,34.3,23.65,20.07,19.86,24.07,22.12,21.4
01013,145.0,139.77,135.26,120.08,106.28,44.42,-16.74
01015,180.0,165.87,160.77,141.43,130.09,105.04,81.16
01017,163.1,147.83,141.09,127.86,117.39,61.61,5.97
01019,175.1,168.74,157.96,135.61,128.89,49.49,-28.94
01021,132.1,120.74,120.86,107.7,96.04,43.0,-9.51
01023,141.2,99.12,97.67,91.32,68.05,36.58,5.1
01025,184.3,166.11,165.06,156.47,144.5,68.45,-6.69
01027,150.6,139.64,133.96,117.96,105.75,82.99,60.94
01029,48.2,50.15,44.15,46.38,37.65,12.05,-12.27
01031,143.2,132.36,129.68,121.33,114.28,79.59,45.55
01033,234.3,223.11,208.92,187.92,167.14,153.05,139.03
01035,154.4,105.71,94.3,87.96,87.52,105.41,123.58
01037,35.7,26.76,25.57,23.43,23.46,-2.03,-26.48
01039,216.2,198.82,172.16,148.35,135.24,94.94,55.81
01041,101.5,93.92,90.76,80.83,60.57,31.92,3.42
01043,182.6,171.85,166.35,145.28,127.32,87.07,47.26
01045,71.5,64.14,77.01,69.54,69.03,36.17,3.01
01047,123.3,115.96,117.84,102.74,83.0,65.82,48.83
01049,122.7,116.74,114.75,104.64,97.9,60.71,23.96
01051,122.7,112.86,116.89,113.14,98.78,33.91,-30.31
01053,166.8,172.68,173.52,156.93,137.9,78.8,19.5
01055,191.4,172.49,157.51,132.95,125.97,101.03,77.01
01057,162.5,161.15,134.55,113.87,92.99,48.19,2.51
01059,225.5,221.8,222.68,186.24,153.2,93.92,35.28
01061,50.4,54.5,50.44,43.94,38.77,15.26,-8.01
01063,98.6,79.28,79.91,55.62,37.21,23.89,9.61
01065,100.2,85.51,97.02,98.21,75.83,25.58,-25.71
01067,37.3,47.34,32.13,26.5,21.23,49.48,78.21
01069,161.1,147.51,142.97,136.49,128.05,143.38,158.34
01071,135.6,117.81,142.44,141.97,130.59,83.18,35.93
01073,130.2,123.05,117.02,105.18,95.85,138.18,179.86
01075,105.8,107.32,103.79,81.52,80.43,16.18,-47.92
01077,151.0,140.24,127.62,112.42,100.19,59.71,20.01
01079,140.5,126.66,114.8,101.51,87.89,31.32,-24.66
01081,70.0,62.91,64.01,58.19,52.12,37.06,22.11
01083,79.1,70.3,75.36,68.74,61.0,32.81,4.29
01085,1.9,-0.12,0.58,-0.43,-1.16,7.54,17.08
01087,67.2,61.94,60.26,46.37,42.34,11.43,-18.56
01089,122.0,116.95,114.17,101.23,85.8,94.01,101.78
01091,140.9,130.62,131.77,129.85,146.01,75.93,4.48
01093,207.3,193.64,182.53,164.32,140.49,106.39,72.95
01095,221.2,201.08,191.6,167.28,152.3,99.15,46.3
01097,158.5,143.42,133.62,119.14,107.29,106.29,106.29
01099,143.8,133.83,135.37,125.36,110.26,50.84,-8.09
01101,101.7,87.48,88.1,84.61,70.63,89.04,108.54
01103,142.7,137.52,135.26,118.08,108.53,69.47,30.54
01105,5.2,3.43,4.26,3.25,-0.6,10.9,22.0
01107,124.7,100.29,82.36,70.88,62.82,33.86,3.27
01109,112.7,104.65,105.31,99.68,90.16,38.85,-11.8
01111,126.3,112.73,108.86,100.21,86.57,57.01,27.89
01113,128.9,118.45,111.53,103.74,93.59,41.95,-10.18
01115,112.9,107.17,113.58,106.36,99.87,63.25,26.96
01117,110.5,103.3,101.03,90.45,81.2,76.53,71.08
01119,45.7,40.57,40.27,36.87,27.82,36.16,43.88
01121,154.4,140.48,138.95,124.58,109.11,44.67,-19.19
01123,109.8,102.87,107.57,100.74,93.09,47.64,3.6
01125,116.7,113.21,111.41,100.47,88.9,93.61,96.95
01127,291.1,252.0,236.01,218.99,204.75,135.41,66.45
01129,36.8,37.06,43.84,51.37,43.52,25.71,7.94
01131,62.1,62.7,66.2,56.71,50.93,25.25,-0.26
01133,179.6,168.7,171.35,159.17,143.07,68.12,-6.11
02013,0.0,-0.0,-0.01,-0.0,-0.0,10.49,20.68
02016,0.0,-0.01,0.0,0.0,0.0,2.52,4.76
02020,68.0,68.01,66.28,59.6,51.26,54.93,57.25
02050,0.0,-0.0,-0.0,0.01,-0.01,6.85,10.79
02060,0.0,-0.03,0.03,-0.02,0.01,3.98,6.83
02063,0.0,-0.01,-0.0,-0.05,-0.08,-0.1,-0.47
02066,0.0,0.01,0.0,-0.03,0.0,0.04,-0.54
02068,0.0,-0.04,-0.03,-0.07,-0.06,8.0,18.04
02070,0.0,0.01,-0.02,0.01,0.02,4.88,8.02
02090,54.3,50.57,48.45,42.61,36.88,29.77,24.34
02100,0.0,-0.03,-0.04,-0.09,-0.09,1.25,2.66
02105,0.0,-0.19,-0.05,-0.24,-0.27,4.98,9.61
02110,87.6,81.47,79.81,66.68,55.26,36.91,19.33
02122,100.0,100.1,97.92,82.92,76.31,53.43,28.99
02130,100.6,101.87,91.65,76.57,58.91,50.54,40.93
02150,38.6,34.26,33.6,28.43,23.24,18.3,14.35
02158,0.0,-0.0,0.02,0.0,-0.01,0.03,-0.61
02164,0.0,0.0,-0.0,-0.05,-0.04,0.37,0.54
02170,86.2,79.12,76.45,69.31,60.89,31.81,1.06
02180,0.0,-0.02,-0.0,-0.01,0.0,2.17,4.41
02185,0.0,-0.01,-0.0,0.0,-0.01,3.07,3.68
02188,0.0,0.0,-0.02,-0.03,0.0,2.69,5.31
02195,92.2,80.62,71.26,64.38,64.91,68.82,73.61
02198,59.0,63.73,56.43,39.16,28.99,23.17,16.38
02220,14.1,10.54,9.49,7.25,0.22,16.3,33.53
02230,0.0,-0.01,0.03,-0.01,-0.02,4.98,9.35
02240,0.0,-0.03,0.0,-0.03,-0.03,12.47,25.15
02275,0.4,0.22,0.33,-0.18,-0.19,6.42,12.7
02282,0.0,0.02,-0.02,0.0,0.02,5.3,8.58
02290,0.0,-0.01,-0.01,-0.02,-0.03,1.19,1.26
04001,21.5,18.83,18.45,18.5,15.84,7.41,0.12
04003,82.7,83.44,79.06,68.68,60.44,38.43,18.04
04005,60.4,56.26,51.25,42.26,34.63,34.47,34.57
04007,124.3,116.38,110.01,87.6,73.83,46.8,20.43
04009,106.0,99.35,84.55,74.24,66.35,44.68,25.59
04011,1.3,0.35,-0.31,-0.36,-0.26,2.14,7.57
04012,89.7,82.66,78.32,66.05,50.37,19.01,-12.25
04013,77.9,73.68,68.21,58.72,48.55,45.67,43.52
04015,142.2,133.98,127.51,113.34,94.18,70.71,46.91
04017,74.7,70.32,67.5,65.26,56.52,47.13,39.7
04019,84.2,79.47,74.08,64.68,56.54,51.85,49.28
04021,65.6,63.11,58.26,49.47,40.18,12.15,-13.31
04023,27.4,24.82,29.1,21.24,16.5,8.3,1.46
04025,110.6,104.52,97.83,86.87,71.98,49.71,28.73
04027,57.6,57.85,56.58,47.48,37.25,24.55,9.49
05001,92.8,84.59,126.1,124.68,110.27,74.68,39.93
05003,126.5,120.36,116.1,110.19,100.47,31.62,-36.93
05005,148.0,140.28,142.68,133.86,108.64,122.11,137.14
05007,95.1,93.16,88.35,78.91,68.86,45.33,21.85
05009,168.8,168.95,157.38,141.65,126.43,76.1,26.57
05011,149.6,130.8,117.82,109.1,98.06,79.56,62.42
05013,84.4,87.86,83.43,77.59,65.64,17.85,-28.18
05015,78.2,72.18,87.83,79.33,70.27,37.14,3.72
05017,88.9,85.3,77.89,78.59,78.18,90.84,104.71
05019,116.9,100.49,101.99,94.58,96.53,57.65,19.39
05021,140.3,142.15,134.39,118.5,105.3,73.53,42.74
05023,118.7,111.7,115.27,111.56,102.43,51.55,2.55
05025,0.4,0.11,0.49,-0.08,8.31,1.12,-4.31
05027,133.0,117.64,110.71,100.64,93.79,54.34,16.43
05029,130.5,131.89,131.66,123.87,104.95,40.65,-22.2
05031,166.0,163.73,158.58,145.37,126.32,161.57,198.97
05033,169.4,164.79,157.89,145.93,132.23,61.84,-7.68
05035,107.0,106.49,108.86,105.13,93.55,69.55,48.48
05037,138.5,128.23,121.35,109.74,98.67,61.57,27.2
05039,112.6,106.8,101.73,78.6,74.15,39.97,6.93
05041,166.6,163.44,145.23,131.65,103.28,93.28,83.28
05043,117.8,116.08,129.51,126.04,113.1,93.5,74.33
05045,100.7,96.93,97.6,89.92,76.38,61.64,48.95
05047,28.0,29.0,22.39,18.69,13.31,37.91,63.6
05049,104.2,94.1,115.09,109.66,98.87,63.09,28.12
05051,194.9,182.47,177.0,158.49,139.61,119.0,99.09
05053,88.4,81.01,77.62,73.61,61.48,16.09,-28.48
05055,185.6,174.91,177.27,172.01,155.58,103.58,53.62
05057,131.5,120.21,117.32,114.39,101.57,43.63,-13.77
05059,114.1,104.07,105.0,96.46,82.87,40.9,-0.49
05061,180.7,170.88,164.18,148.8,138.01,71.49,5.42
05063,178.7,165.04,160.33,149.93,129.83,136.22,144.84
05065,93.9,77.57,102.22,99.54,92.77,79.0,67.15
05067,160.1,148.24,150.04,135.6,116.2,51.84,-11.31
05069,114.9,112.37,108.96,102.57,96.03,103.39,112.31
05071,147.7,136.79,127.93,110.68,104.2,65.03,27.33
05073,4.2,1.03,102.74,109.29,99.88,90.45,81.79
05075,48.2,40.09,37.53,34.45,26.1,38.42,52.31
05077,55.3,51.34,66.94,67.25,55.69,65.38,76.62
05079,81.1,81.59,68.9,60.85,50.52,15.4,-18.54
05081,164.3,162.68,163.13,154.8,145.12,90.35,35.64
05083,40.6,39.72,40.14,36.62,28.08,20.95,15.13
05085,111.4,109.82,101.98,94.97,85.31,23.15,-37.17
05087,83.5,79.71,79.47,79.47,69.5,36.34,4.57
05089,95.6,85.7,83.17,77.28,56.73,12.28,-30.62
05091,138.1,129.6,113.12,102.42,93.91,79.87,66.43
05093,144.8,137.28,138.74,135.48,124.57,62.95,2.83
05095,109.2,102.63,94.01,86.04,75.53,14.44,-44.41
05097,108.1,107.91,95.96,82.64,74.34,78.36,82.9
05099,0.0,-0.73,0.8,-0.32,-0.7,15.22,32.14
05101,2.8,1.54,0.47,0.24,-0.78,-1.19,-0.02
05103,139.8,142.06,142.96,137.54,124.31,71.54,20.3
05105,94.9,51.64,51.1,28.89,45.63,13.15,-18.02
05107,173.6,162.21,161.31,160.59,122.68,92.35,63.38
05109,10.6,4.55,90.37,85.32,76.28,38.15,1.66
05111,105.5,98.54,118.86,120.31,108.96,82.57,58.36
05113,133.2,123.48,117.73,105.1,97.09,54.77,12.54
05115,138.2,133.8,132.44,111.95,96.25,47.32,-0.38
05117,91.3,88.15,82.45,76.26,68.77,19.69,-27.87
05119,117.5,111.36,105.56,98.35,87.32,141.71,197.66
05121,116.2,113.7,113.59,103.99,83.99,33.39,-15.46
05123,96.4,92.19,94.86,88.52,76.66,46.46,19.07
05125,106.9,96.69,97.04,91.99,80.97,46.41,13.95
05127,154.2,155.22,126.18,115.86,109.82,59.48,10.62
05129,99.7,86.47,82.65,79.6,73.96,29.87,-12.73
05131,186.1,175.49,168.48,155.27,141.95,128.4,115.4
05133,82.9,65.59,65.57,56.44,43.57,16.01,-12.3
05135,136.4,145.41,139.83,132.06,116.64,52.11,-11.67
05137,169.7,159.36,153.72,152.78,145.27,96.26,48.44
05139,141.9,136.55,131.75,118.41,107.09,117.71,130.02
05141,114.4,109.04,103.39,101.57,97.29,43.96,-7.61
05143,104.4,101.84,98.53,91.7,76.68,80.82,85.57
05145,138.1,125.51,123.39,116.94,99.37,56.28,15.05
05147,32.0,5.82,3.66,2.13,6.74,22.59,40.62
05149,72.3,68.72,66.71,56.13,54.68,34.51,15.36
06001,38.0,33.57,31.03,26.22,22.03,20.47,17.94
06003,0.0,-0.29,-0.17,-0.52,-1.11,20.62,42.76
06005,136.6,115.71,112.13,99.25,85.5,32.07,-21.28
06007,143.9,136.89,126.25,106.25,89.73,69.87,50.3
06009,98.6,91.42,83.54,70.08,58.44,27.54,-3.16
06011,44.9,40.86,44.69,34.55,30.23,26.32,24.42
06013,51.8,45.86,40.97,35.91,31.38,25.93,20.67
06015,168.6,147.22,133.93,117.31,97.77,56.41,13.69
06017,75.6,68.49,63.81,54.98,47.11,29.76,13.76
06019,66.1,59.56,57.72,52.75,48.28,45.41,38.5
06021,68.9,66.3,83.48,78.31,67.34,36.92,6.93
06023,113.6,100.73,92.15,77.48,67.03,55.01,41.95
06025,59.5,53.82,52.38,48.7,43.99,27.69,10.94
06027,63.6,60.76,61.25,50.18,41.74,26.45,8.33
06029,64.4,62.28,60.27,54.96,48.49,37.38,22.82
06031,78.5,67.83,64.79,58.82,54.4,36.64,14.35
06033,167.6,138.14,117.3,95.7,77.85,36.02,-3.74
06035,104.2,93.2,81.86,66.32,51.76,46.06,40.54
06037,39.8,35.32,33.4,30.22,27.35,26.57,25.85
06039,58.4,52.73,49.76,42.3,36.95,19.67,-0.29
06041,44.1,39.42,36.59,32.43,28.41,23.07,19.11
06043,67.8,69.34,67.46,55.84,47.5,18.06,-12.77
06045,127.2,117.91,105.16,90.48,81.62,59.04,37.4
06047,74.0,68.4,65.21,56.61,47.92,36.29,22.37
06049,111.5,100.25,96.16,81.26,50.88,31.3,11.01
06051,53.0,53.84,54.25,44.47,37.64,30.66,21.82
06053,60.3,55.57,50.55,44.15,38.24,28.28,15.16
06055,50.9,46.19,40.48,35.42,31.91,26.88,23.59
06057,97.4,86.3,82.79,70.39,61.84,42.61,24.27
06059,47.6,43.9,42.07,37.74,33.8,31.78,30.39
06061,72.9,66.45,62.8,55.98,49.22,47.69,47.63
06063,109.7,90.68,85.3,73.02,66.31,47.36,29.15
06065,56.9,52.39,49.41,44.66,39.72,29.8,20.96
06067,60.1,53.68,50.36,44.01,38.08,36.0,34.29
06069,54.0,50.24,43.77,39.47,35.96,16.49,-5.74
06071,58.7,54.78,52.22,47.4,41.61,37.28,34.08
06073,46.7,42.69,39.22,34.72,29.96,27.66,26.27
06075,38.6,35.33,32.29,27.09,23.04,33.14,42.64
06077,69.4,59.2,54.51,47.43,40.39,27.4,12.88
06079,86.0,77.36,71.67,63.85,58.6,45.47,31.02
06081,36.1,33.12,31.39,27.15,23.76,20.47,16.38
06083,62.4,57.59,54.68,49.1,42.49,42.69,41.53
06085,28.9,25.92,24.08,20.51,18.11,19.35,18.68
06087,70.3,62.58,57.13,49.1,41.82,29.42,14.74
06089,151.7,132.9,118.24,101.15,84.55,69.93,54.72
06091,35.1,28.47,21.37,12.11,5.27,5.0,6.4
06093,114.7,123.29,117.02,96.93,92.97,61.59,29.99
06095,52.9,46.8,42.94,37.37,31.9,23.15,15.84
06097,65.5,57.8,52.28,45.7,39.99,32.87,27.84
06099,103.9,91.06,85.13,75.66,65.66,59.07,51.21
06101,111.5,108.68,103.0,94.42,77.53,73.44,71.53
06103,119.4,104.11,95.14,82.77,70.7,42.82,14.49
06105,119.6,110.09,98.53,80.68,72.53,36.62,-0.11
06107,78.8,68.93,65.21,58.52,51.29,39.23,22.67
06109,142.8,127.07,115.02,104.72,86.32,65.65,45.08
06111,60.2,56.7,54.03,48.64,43.89,33.2,22.54
06113,51.8,47.5,46.46,41.08,35.65,25.14,15.63
06115,96.2,92.0,83.57,68.92,60.89,34.66,10.64
08001,60.6,56.46,52.52,46.63,39.81,33.23,28.85
08003,175.8,166.2,153.2,121.44,99.86,47.37,-3.7
08005,66.7,63.57,58.36,50.4,44.16,43.68,45.22
08007,75.6,77.45,72.41,65.23,59.19,39.21,20.05
08009,95.0,81.32,86.23,78.25,67.71,48.99,28.83
08011,59.1,64.71,59.54,44.46,34.19,45.76,57.32
08013,53.6,51.06,47.71,41.83,37.04,43.13,52.37
08014,61.5,55.69,52.76,46.33,41.01,42.07,45.79
08015,102.2,97.82,94.45,83.49,72.17,41.27,13.6
08017,74.0,73.09,67.93,62.13,49.1,16.42,-17.66
08019,38.1,36.09,34.74,30.93,27.42,4.56,-15.53
08021,2.2,1.07,0.63,-0.23,-0.78,27.41,57.6
08023,0.0,-0.45,-0.24,-0.6,-0.65,0.23,2.8
08025,32.4,31.93,29.64,24.8,22.43,4.14,-13.57
08027,0.0,-0.27,-0.13,-0.28,-0.54,2.13,8.17
08029,96.5,90.52,83.6,76.03,65.6,38.28,12.4
08031,48.2,44.28,39.34,34.36,28.93,37.57,48.36
08033,0.0,-0.25,-0.34,-0.39,-0.43,70.61,143.67
08035,55.9,54.72,50.49,45.29,41.49,27.16,15.14
08037,53.0,48.41,46.15,40.56,33.49,48.6,66.83
08039,36.6,35.05,34.97,31.04,27.26,10.8,-3.12
08041,75.1,72.42,67.48,59.66,51.7,46.94,44.02
08043,80.0,76.41,72.66,66.33,56.09,36.72,20.63
08045,92.9,86.24,78.67,64.7,51.26,33.81,15.94
08047,0.0,-0.29,-0.31,-0.58,-0.46,-1.08,1.12
08049,50.3,47.42,43.4,37.31,33.51,13.85,-2.34
08051,59.4,54.49,51.61,43.93,36.71,24.65,15.51
08053,0.0,-0.14,-0.12,-0.16,-0.49,13.99,29.97
08055,87.8,77.85,80.19,86.72,74.27,45.56,19.28
08057,0.0,-0.18,-0.27,-0.4,-0.3,17.45,36.92
08059,81.4,76.55,70.71,61.64,53.69,41.44,31.57
08061,148.3,132.48,113.51,97.14,92.76,21.03,-50.09
08063,26.7,41.77,41.1,45.03,44.55,36.02,26.06
08065,68.6,54.04,49.77,44.33,39.19,14.29,-7.48
08067,69.0,63.89,58.09,50.99,42.58,52.5,64.32
08069,78.5,70.21,62.38,52.5,44.87,40.61,38.88
08071,150.0,135.81,126.38,114.72,100.98,71.44,44.23
08073,1.3,1.18,27.9,40.02,34.25,18.59,1.59
08075,102.6,90.94,81.51,77.35,69.14,33.91,-1.64
08077,87.9,86.04,78.56,71.45,59.64,56.71,55.22
08079,0.0,0.01,-0.21,-0.11,-0.13,0.2,3.24
08081,129.5,110.38,107.89,96.33,76.36,39.98,4.81
08083,105.2,99.76,91.18,76.59,64.26,40.09,16.86
08085,93.8,88.92,80.85,75.66,65.43,43.04,22.45
08087,97.1,75.18,65.79,59.35,50.72,25.52,1.0
08089,117.6,111.85,107.74,97.76,84.71,47.64,10.52
08091,45.4,40.31,34.51,28.26,3.09,15.67,30.12
08093,5.3,-0.07,-0.31,-0.57,-0.48,-1.39,1.21
08095,43.6,33.56,1.71,-0.16,-0.23,29.87,59.35
08097,34.6,28.3,25.99,21.73,17.6,31.76,48.93
08099,94.5,88.34,79.38,71.73,56.05,24.42,-7.41
08101,125.0,116.69,108.25,97.33,83.71,73.74,66.75
08103,30.2,28.83,25.9,26.88,25.61,30.94,37.66
08105,93.3,91.59,80.35,73.03,62.53,62.59,64.01
08107,76.9,69.32,62.22,47.54,39.93,38.6,38.77
08109,0.0,-0.13,-0.42,-0.61,-0.6,-0.87,1.02
08111,0.0,-0.05,-0.28,-0.38,-0.62,0.52,2.53
08113,39.3,41.19,36.03,29.37,20.05,20.48,22.37
08115,3.5,3.11,0.69,0.19,-0.06,22.44,44.53
08117,73.1,66.1,60.13,51.76,46.11,32.08,21.74
08119,121.5,115.75,107.97,90.62,75.47,25.83,-20.91
08121,0.0,-0.45,-0.33,-0.18,-0.45,3.15,7.0
08123,69.8,62.87,57.94,49.43,40.66,23.69,9.75
08125,80.6,77.8,71.04,60.91,47.64,40.29,32.68
09001,50.7,48.25,43.53,37.76,33.8,36.91,39.61
09003,66.5,62.74,56.0,49.36,43.3,42.42,41.27
09005,71.1,67.01,60.61,53.0,47.04,25.47,3.36
09007,73.5,70.4,63.3,55.53,49.59,33.16,16.21
09009,75.4,70.69,63.22,54.83,48.66,50.39,52.08
09011,79.6,74.92,66.56,55.99,48.5,38.01,28.8
09013,54.5,52.06,48.04,41.96,37.6,20.25,2.97
09015,82.4,78.03,71.65,61.7,54.45,32.4,10.79
10001,94.4,84.73,76.17,63.99,58.35,39.29,21.79
10003,81.2,78.2,74.48,65.15,57.4,51.77,46.15
10005,113.8,100.46,93.15,80.44,70.07,56.66,44.38
11001,40.1,35.82,32.66,28.37,24.95,37.9,51.82
12001,71.6,68.93,68.9,65.31,57.57,94.61,130.75
12003,142.0,118.15,112.53,105.74,89.37,18.74,-52.3
12005,128.4,121.26,120.39,113.35,97.77,82.62,65.96
12007,100.8,92.8,93.34,85.09,70.87,24.55,-22.81
12009,97.0,93.0,92.09,84.75,74.28,56.63,40.37
12011,54.7,52.01,51.29,46.17,39.09,35.03,31.77
12013,79.7,74.73,71.14,67.47,65.12,32.16,-2.42
12015,82.0,77.82,79.72,75.2,66.59,63.59,58.83
12017,107.2,104.14,104.91,102.98,90.11,53.19,13.04
12019,94.0,88.19,87.32,80.56,69.72,57.3,44.44
12021,62.0,58.5,58.21,51.73,45.38,38.6,31.33
12023,125.4,119.47,118.5,111.81,95.65,48.48,0.24
12027,58.0,54.52,57.21,56.03,47.22,12.56,-23.38
12029,41.3,47.25,45.43,42.56,38.78,9.48,-21.15
12031,95.1,88.59,88.53,82.94,70.82,75.4,78.95
12033,126.2,116.38,113.03,102.97,89.4,83.72,78.48
12035,80.9,77.42,80.11,74.79,66.08,30.96,-5.35
12037,109.5,94.39,79.94,70.0,55.79,28.68,-2.32
12039,63.0,58.34,58.75,53.38,45.82,9.56,-28.4
12041,45.5,46.57,43.81,42.66,36.94,7.88,-22.45
12043,7.6,4.69,4.91,3.32,3.1,-2.77,-8.25
12045,128.0,135.54,105.23,91.23,81.12,47.8,11.98
12047,44.2,37.35,36.55,30.22,33.05,6.15,-20.97
12049,45.9,42.15,39.02,34.38,31.12,5.57,-21.7
12051,75.1,69.14,70.76,64.32,56.5,13.61,-29.59
12053,106.3,108.82,109.98,103.87,92.03,72.98,50.48
12055,79.6,79.28,79.95,73.62,65.86,39.5,12.35
12057,72.9,67.07,65.72,60.35,52.57,48.09,40.98
12059,108.8,86.33,82.92,77.5,70.68,51.68,33.01
12061,100.0,96.62,96.5,90.8,81.28,60.9,42.49
12063,121.0,107.0,108.65,103.85,91.27,46.05,0.28
12065,57.1,51.72,51.97,47.36,39.9,5.76,-30.5
12067,65.0,60.35,57.51,50.14,42.39,16.63,-9.98
12069,87.1,82.6,82.39,75.21,65.34,47.7,28.06
12071,68.8,65.34,66.37,61.68,55.01,41.65,27.89
12073,71.9,68.61,71.35,66.03,57.01,59.09,58.52
12075,118.9,103.95,102.86,98.36,86.33,37.17,-14.77
12077,44.9,40.0,40.32,39.09,33.3,4.76,-25.1
12079,82.6,80.3,81.2,75.9,71.72,46.17,19.79
12081,82.3,77.27,76.13,70.92,62.5,41.25,17.07
12083,89.6,89.42,90.7,85.49,73.4,55.3,34.89
12085,75.8,73.94,74.58,71.22,64.75,61.85,59.93
12086,34.4,31.96,30.52,28.01,24.0,23.83,24.55
12087,83.1,79.8,79.91,74.73,65.01,37.25,9.4
12089,118.8,111.38,110.5,103.57,86.6,34.09,-20.16
12091,92.1,86.98,85.39,77.82,65.96,46.21,26.36
12093,122.1,116.08,102.33,95.44,86.47,59.25,32.68
12095,50.8,45.94,45.31,41.16,35.75,38.46,39.42
12097,60.1,56.24,53.2,46.62,39.77,21.85,1.89
12099,63.3,59.94,59.32,54.04,48.27,43.27,39.74
12101,90.7,85.3,86.49,80.96,71.19,63.86,53.45
12103,88.9,83.6,82.4,74.77,67.15,64.75,59.66
12105,74.7,69.78,72.61,68.07,58.96,37.8,13.75
12107,126.7,114.2,110.32,102.35,87.78,36.95,-13.68
12109,66.8,64.07,64.95,60.74,51.04,34.24,16.6
12111,72.9,68.14,65.63,61.69,54.75,31.92,10.36
12113,111.7,99.52,97.31,90.43,77.36,50.12,22.6
12115,85.1,80.33,79.11,73.47,65.73,55.79,43.03
12117,59.3,53.58,55.63,52.7,45.75,39.93,32.65
12119,71.8,72.74,72.63,69.13,64.98,17.01,-33.13
12121,92.9,88.76,85.81,80.26,72.34,17.52,-37.96
12123,121.8,112.62,113.62,112.71,103.38,51.48,-2.69
12125,67.7,61.04,55.09,51.96,46.01,17.8,-11.38
12127,86.9,81.19,81.92,73.87,64.38,50.39,34.72
12129,89.6,84.58,83.73,78.48,67.88,13.67,-43.67
12131,97.9,84.31,88.39,84.25,74.66,33.64,-6.93
12133,184.1,144.09,126.12,121.14,109.18,41.13,-27.51
13001,129.7,129.39,123.83,115.92,104.05,64.27,25.77
13003,71.3,77.28,69.85,66.75,56.59,61.44,65.9
13005,145.7,150.74,156.71,169.04,171.11,153.38,136.46
13007,0.0,-0.38,-0.39,-0.64,-0.68,25.37,51.0
13009,113.0,103.5,98.75,90.19,81.2,45.79,13.04
13011,51.1,47.33,42.65,31.97,37.79,6.24,-25.29
13013,92.3,87.9,85.1,76.2,68.19,58.96,50.22
13015,112.1,104.7,102.93,98.58,87.48,62.22,36.84
13017,199.0,205.87,199.77,183.25,164.62,85.51,7.17
13019,61.8,57.67,57.79,52.84,47.19,20.38,-5.67
13021,145.4,139.23,131.67,121.4,108.4,128.37,149.62
13023,147.0,143.59,132.34,124.16,110.83,38.6,-32.18
13025,71.4,65.28,55.89,50.33,46.69,10.35,-25.08
13027,73.6,86.36,90.73,87.88,87.21,94.15,100.41
13029,93.7,88.99,90.19,82.13,69.36,38.02,6.87
13031,93.9,95.79,85.71,78.32,68.1,80.41,92.87
13033,93.0,88.05,84.23,76.21,66.23,41.2,15.57
13035,103.5,104.33,100.43,91.82,69.78,41.64,14.55
13037,2.0,0.3,1.5,0.82,-0.79,11.73,23.17
13039,82.2,74.46,73.93,66.09,54.19,36.93,18.53
13043,151.1,159.57,168.34,157.44,135.75,79.95,24.29
13045,126.1,119.91,116.49,109.77,99.95,80.97,62.13
13047,148.9,126.45,116.92,104.92,92.07,44.83,-2.26
13049,101.1,99.46,103.57,95.91,86.98,54.53,20.66
13051,91.7,87.78,85.1,77.3,68.87,76.07,83.99
13053,0.0,-0.69,-0.3,-0.62,-0.82,-1.57,-2.45
13055,150.2,132.75,131.24,120.71,106.53,33.09,-40.06
13057,71.3,67.8,69.59,63.99,56.36,53.38,49.23
13059,104.7,98.64,96.95,90.87,81.59,126.3,171.57
13061,67.7,55.78,48.93,43.01,32.75,78.18,123.19
13063,51.6,47.97,44.95,39.06,33.89,27.9,22.27
13065,144.8,153.04,152.34,146.08,132.67,66.93,0.64
13067,65.0,61.38,61.26,54.75,47.26,45.15,43.19
13069,173.1,167.57,172.85,175.45,156.53,161.84,167.7
13071,87.7,86.38,85.8,85.02,80.03,84.86,88.48
13073,88.6,84.65,81.14,72.0,62.3,66.56,70.75
13075,110.4,104.81,106.28,105.14,97.98,49.39,1.0
13077,80.3,80.93,81.45,75.86,68.43,52.15,35.98
13079,0.6,0.31,1.72,0.67,4.7,38.38,73.57
13081,180.4,178.83,174.65,169.81,161.23,95.84,32.44
13083,112.0,85.4,76.09,62.42,51.13,13.39,-23.6
13085,162.6,150.4,137.18,141.29,131.08,47.05,-37.38
13087,134.2,125.48,122.49,120.41,109.19,74.3,37.41
13089,48.6,45.95,45.13,40.17,35.31,46.69,58.27
13091,107.2,97.48,93.08,92.31,74.07,30.63,-11.74
13093,0.5,0.4,0.06,0.44,-0.48,-2.43,-1.96
13095,129.6,125.98,119.81,106.62,91.69,110.69,129.12
13097,101.7,97.17,94.63,85.63,75.69,47.81,20.33
13099,126.0,119.36,118.21,113.94,108.36,72.86,37.34
13101,0.0,-0.3,0.76,-0.55,-0.13,-2.57,-5.67
13103,86.5,86.35,80.2,72.03,62.07,23.08,-15.79
13105,152.1,144.54,146.19,139.12,130.62,62.77,-5.1
13107,107.8,110.13,113.33,107.98,95.52,60.52,26.14
13109,145.3,135.63,123.08,115.56,92.82,38.53,-14.96
13111,160.8,162.4,154.87,136.8,122.5,87.11,52.35
13113,87.8,87.84,91.05,81.87,74.52,75.82,76.84
13115,163.8,159.13,153.41,136.02,121.96,151.91,182.79
13117,57.6,52.83,50.95,47.4,41.08,27.55,13.19
13119,141.9,128.2,122.99,112.84,111.51,44.3,-22.54
13121,52.3,49.16,49.15,43.91,38.25,68.09,97.82
13123,145.4,139.39,135.11,119.21,112.23,53.53,-5.21
13125,0.0,-0.19,-0.49,-1.0,-1.32,-2.62,-2.67
13127,105.5,103.8,104.37,94.24,78.35,76.28,73.99
13129,130.5,120.15,117.81,106.41,95.57,65.82,35.18
13131,74.2,74.25,78.38,77.26,66.82,35.84,3.66
13133,140.6,130.18,140.68,129.99,106.09,57.66,11.47
13135,49.4,47.1,47.26,43.18,37.87,31.27,25.15
13137,118.3,108.4,102.46,100.19,88.11,28.32,-30.69
13139,98.9,96.58,94.66,87.83,78.01,76.15,74.15
13141,53.8,54.41,53.68,45.91,37.73,11.47,-12.67
13143,203.6,204.16,194.24,180.85,159.34,50.86,-57.36
13145,8.4,8.18,7.76,5.32,5.01,4.09,3.39
13147,109.0,104.15,103.15,101.37,91.07,34.75,-21.1
13149,1.2,-0.0,0.25,-0.03,-0.9,-1.85,-2.76
13151,85.8,82.1,78.64,70.67,62.94,47.76,32.63
13153,104.9,99.53,94.11,86.9,77.18,58.21,41.17
13155,82.2,63.99,57.54,54.38,57.36,35.14,14.07
13157,119.2,109.87,115.42,108.15,98.07,52.13,5.51
13159,64.9,60.96,58.7,56.94,47.21,21.45,-3.37
13161,110.8,104.22,92.84,84.99,72.9,34.27,-3.11
13163,128.0,128.65,125.03,113.96,92.44,47.46,2.72
13165,38.0,38.02,32.0,26.91,16.87,24.71,31.69
13167,45.3,42.32,34.34,5.05,-0.81,14.31,31.08
13169,55.5,53.54,53.37,50.79,45.1,27.83,12.04
13171,77.9,72.2,75.03,65.78,66.03,23.19,-19.0
13173,3.3,14.99,73.33,69.48,66.09,29.73,-7.16
13175,144.7,132.67,123.35,115.09,101.03,101.08,103.41
13177,53.4,54.71,52.32,46.02,39.41,31.78,23.94
13179,60.0,58.0,55.31,52.25,46.36,38.87,31.25
13181,6.8,2.79,24.08,33.89,29.64,43.53,57.42
13183,0.3,-0.02,-0.44,-0.4,-1.12,-0.66,-0.14
13185,103.8,93.23,94.56,86.75,83.7,77.97,71.4
13187,84.7,79.06,81.99,73.81,66.58,19.89,-26.97
13189,178.6,172.62,164.27,143.68,120.61,76.81,34.03
13191,74.7,71.74,74.92,65.78,45.91,8.54,-29.63
13193,71.7,74.71,68.93,68.18,68.32,34.01,0.7
13195,128.0,116.4,104.81,92.62,78.23,11.71,-55.56
13197,20.9,20.95,19.72,17.58,16.51,2.54,-11.6
13199,77.9,76.69,82.16,76.69,72.06,40.18,8.04
13201,128.1,116.07,108.95,100.68,90.63,76.01,60.01
13205,108.8,106.95,101.04,93.89,90.35,51.44,11.84
13207,69.7,66.1,67.57,66.04,59.55,27.06,-4.13
13209,37.3,27.77,35.46,43.98,30.69,12.58,-4.15
13211,86.9,83.45,79.89,76.42,62.14,42.23,23.96
13213,113.9,101.21,97.73,87.37,76.57,33.39,-9.26
13215,99.6,89.5,90.25,87.08,76.59,101.24,125.57
13217,88.8,81.89,81.66,75.62,66.15,37.41,9.41
13219,61.5,63.33,63.08,59.57,54.75,44.2,34.53
13221,48.4,42.2,40.15,36.35,32.19,4.14,-23.72
13223,63.0,60.02,58.52,52.65,45.84,24.7,3.84
13225,87.9,82.97,87.85,80.5,72.56,49.05,26.88
13227,132.9,127.35,122.06,112.15,102.11,34.84,-32.89
13229,65.8,70.74,65.63,62.47,54.91,38.41,22.73
13231,19.3,13.86,12.58,10.22,9.31,0.97,-6.98
13233,191.7,172.45,166.64,152.67,138.47,36.38,-64.67
13235,99.9,96.48,88.96,89.44,82.33,34.67,-11.13
13237,76.3,72.55,68.4,62.27,53.24,16.95,-17.98
13239,0.0,-1.05,-0.64,-0.65,-0.78,-1.87,-3.82
13241,157.6,147.0,134.58,145.27,143.73,78.75,14.33
13243,180.0,156.83,140.18,128.05,110.71,38.29,-35.03
13245,102.0,93.52,87.13,76.77,64.49,98.12,131.63
13247,79.6,79.73,79.15,73.91,67.23,52.81,38.94
13249,1.3,19.51,5.33,2.12,-0.03,10.44,20.68
13251,43.6,43.64,56.57,62.63,58.91,25.64,-7.63
13253,206.3,195.74,180.01,171.8,155.76,130.3,104.19
13255,147.8,144.13,137.49,121.91,110.14,96.41,82.75
13257,179.7,167.87,163.36,156.56,146.82,70.44,-6.13
13259,64.0,61.41,62.09,53.15,52.11,25.6,-2.05
13261,112.3,102.71,104.94,106.18,99.95,73.14,47.24
13263,0.0,-0.28,0.51,0.29,-0.37,0.63,0.88
13265,0.0,-0.58,-0.04,-0.96,-1.28,-3.29,-3.88
13267,54.8,55.67,53.51,51.61,65.8,37.74,9.76
13269,44.9,42.51,70.05,89.31,77.16,9.06,-58.75
13271,59.5,50.9,57.19,62.72,60.24,10.35,-37.85
13273,41.1,48.32,50.88,47.19,31.54,6.54,-19.02
13275,103.6,101.04,107.0,104.17,97.72,123.33,147.84
13277,146.2,144.75,148.28,135.46,125.68,170.38,215.55
13279,186.4,159.0,154.1,137.48,111.74,57.65,4.62
13281,120.4,117.42,110.12,94.13,82.22,41.31,0.78
13283,39.6,61.74,75.06,74.26,59.68,5.22,-46.76
13285,113.2,102.06,99.15,94.16,87.18,76.02,65.02
13287,85.5,93.24,84.88,91.29,84.21,41.55,-0.12
13289,1.6,0.55,0.75,-0.2,-1.05,-1.37,-0.12
13291,163.9,146.05,130.22,108.47,95.39,79.03,63.42
13293,148.5,138.38,138.94,142.25,135.89,88.11,41.18
13295,54.5,53.38,53.7,47.81,41.24,15.6,-10.02
13297,113.4,114.43,111.17,100.87,87.34,28.74,-28.73
13299,211.6,206.88,219.63,213.81,195.94,160.83,125.54
13301,1.3,0.72,-0.06,-0.89,-1.16,4.14,10.53
13303,112.1,104.06,95.98,85.02,70.49,31.91,-4.79
13305,148.0,151.68,144.36,139.54,117.17,104.09,92.44
13307,7.8,47.27,58.38,60.39,61.25,4.78,-52.78
13309,41.7,43.2,34.59,6.36,8.76,-2.94,-13.39
13311,95.6,91.89,99.48,91.9,83.55,22.48,-38.41
13313,102.6,96.15,93.25,86.82,75.73,82.73,90.17
13315,3.5,2.18,2.91,2.69,-0.81,-3.19,-4.49
13317,157.0,148.87,139.62,122.67,109.85,58.01,7.13
13319,92.6,89.65,91.39,81.63,73.85,50.51,29.11
13321,97.7,96.39,95.1,83.4,78.46,35.66,-6.11
15001,82.2,72.23,66.46,60.06,53.62,40.43,25.58
15003,38.0,35.61,33.64,30.64,26.9,27.41,28.25
15005,0.0,-0.03,-0.06,-0.13,-0.19,-0.2,-0.15
15007,66.1,57.79,55.1,49.53,40.12,32.14,22.12
15009,57.8,58.32,56.81,51.89,44.68,34.4,24.45
16001,81.5,76.08,72.2,64.3,54.13,58.3,62.81
16003,0.0,-0.49,-0.59,-0.83,-0.88,11.73,24.46
16005,111.3,106.79,101.56,93.55,82.74,81.36,81.49
16007,112.9,111.14,112.94,104.6,97.5,68.0,41.04
16009,99.8,98.56,90.31,81.6,72.05,49.32,27.52
16011,77.4,72.65,66.87,61.63,56.38,58.02,60.65
16013,40.1,40.31,45.74,43.5,37.08,23.92,11.47
16015,0.0,-0.3,-0.05,-0.41,-0.48,7.85,17.45
16017,84.9,72.94,65.02,59.94,53.23,42.2,30.89
16019,100.8,97.82,92.48,83.74,75.91,74.84,74.48
16021,126.1,110.87,100.05,98.11,86.27,40.97,-4.5
16023,82.8,104.36,99.51,84.31,75.22,75.92,76.63
16025,0.0,-0.04,0.4,0.03,-0.21,-0.73,-0.38
16027,85.3,78.82,76.08,69.11,59.06,29.32,-0.24
16029,116.0,110.59,107.11,101.41,97.26,91.14,86.74
16031,124.2,111.95,103.24,92.97,83.02,55.33,27.99
16033,0.0,0.05,-0.02,-0.29,-0.21,-0.55,0.21
16035,93.1,51.6,59.58,85.87,75.94,17.58,-39.44
16037,39.6,21.71,24.31,25.87,20.43,7.67,-4.86
16039,71.3,71.25,69.3,64.75,57.01,27.06,-2.52
16041,87.8,85.93,76.18,69.79,63.4,54.23,46.99
16043,46.9,45.08,43.25,32.29,28.79,17.01,6.0
16045,113.1,105.55,108.56,101.03,91.38,30.15,-30.7
16047,43.4,43.03,58.63,51.12,44.76,27.14,10.67
16049,68.2,67.07,53.03,45.74,38.15,25.77,14.94
16051,39.4,37.81,37.1,35.1,32.91,18.45,4.75
16053,75.8,77.2,71.49,63.63,57.03,26.61,-3.66
16055,107.0,101.2,94.99,87.13,76.85,61.79,47.52
16057,69.2,64.07,61.35,55.02,49.68,28.05,7.82
16059,89.4,117.77,99.57,90.78,84.37,33.13,-16.91
16061,198.1,136.23,18.44,8.71,0.35,14.63,29.64
16063,0.0,0.1,0.08,12.44,17.49,10.93,4.42
16065,59.4,55.15,51.99,49.53,44.25,29.94,16.41
16067,36.2,32.97,29.81,28.23,25.73,19.35,13.21
16069,130.6,123.72,126.37,109.83,106.41,131.17,157.36
16071,121.0,106.72,103.56,96.87,87.64,69.53,53.7
16073,21.0,22.18,12.39,28.72,26.59,8.24,-9.64
16075,43.6,44.16,46.83,42.71,40.23,49.85,59.97
16077,83.3,77.0,71.64,63.78,56.15,39.89,25.65
16079,132.3,114.93,106.86,97.58,77.7,33.39,-10.16
16081,73.4,63.16,57.65,50.75,46.79,25.26,4.29
16083,116.0,107.89,100.26,91.72,83.84,87.66,92.41
16085,110.9,106.14,96.46,84.6,69.81,25.3,-19.79
16087,141.1,118.47,113.68,101.01,83.82,47.07,11.31
17001,151.1,142.33,134.23,120.2,98.32,93.87,86.71
17003,48.7,47.19,9.47,-0.04,-1.35,50.04,101.02
17005,69.0,61.22,55.79,47.07,41.57,25.12,5.94
17007,55.3,53.26,50.6,47.12,40.34,28.65,17.57
17009,5.6,1.85,2.24,1.62,1.1,32.25,61.06
17011,32.5,32.58,30.91,30.72,26.69,48.82,70.27
17013,5.6,2.23,2.15,1.65,-0.42,5.34,9.47
17015,24.7,29.2,35.37,36.78,29.96,18.71,5.75
17017,34.5,29.81,25.04,21.61,18.14,9.78,-0.93
17019,72.0,70.26,66.19,58.92,51.54,49.33,44.8
17021,101.8,96.0,87.31,75.05,63.05,27.06,-11.4
17023,52.9,30.94,26.31,23.52,47.79,39.73,31.03
17025,91.7,80.99,76.08,65.36,55.35,21.12,-14.34
17027,39.4,37.19,34.35,32.17,25.93,13.81,-0.67
17029,115.7,109.55,100.87,90.89,77.42,63.31,49.13
17031,45.2,42.89,41.25,36.86,32.35,38.75,45.3
17033,40.3,34.31,31.72,28.69,21.37,7.14,-7.1
17035,2.6,1.06,0.31,0.03,-0.47,14.6,29.73
17037,61.1,57.28,57.56,53.78,48.72,29.96,11.36
17039,93.8,86.46,85.03,77.18,63.76,27.21,-12.17
17041,19.5,17.43,30.62,28.93,25.28,16.41,6.76
17043,51.3,48.47,46.68,42.36,37.88,44.68,51.52
17045,147.4,120.33,106.47,88.0,67.7,35.95,3.91
17047,99.6,97.84,96.03,83.13,69.88,45.56,21.14
17049,93.3,72.08,71.09,66.14,54.77,63.51,71.41
17051,75.8,66.26,61.53,55.5,48.19,22.87,-4.5
17053,6.1,5.29,3.43,3.37,-0.33,15.98,30.14
17055,137.2,126.59,136.7,113.84,105.74,44.14,-18.93
17057,81.4,77.38,69.42,69.37,69.1,48.41,25.08
17059,0.0,-0.74,-0.35,-0.62,25.66,29.19,32.9
17061,6.9,4.36,2.89,2.11,-0.1,38.04,73.96
17063,85.5,82.69,90.81,83.32,73.65,48.45,22.1
17065,28.9,4.6,2.95,1.31,-1.1,5.73,11.8
17067,36.8,32.23,27.01,19.85,16.18,28.93,38.92
17069,223.3,240.77,239.33,210.83,205.74,187.5,168.78
17071,4.2,1.83,-0.09,-1.01,-1.06,2.63,4.34
17073,68.6,64.45,61.54,56.45,49.15,28.69,7.5
17075,69.1,65.66,58.06,56.11,47.72,39.39,28.58
17077,112.0,106.06,103.81,91.2,77.79,101.99,125.49
17079,46.1,41.43,41.94,38.7,34.32,22.14,9.51
17081,128.1,116.93,113.51,104.28,89.94,94.15,97.31
17083,109.2,107.79,116.97,109.96,100.7,79.49,56.85
17085,47.7,42.08,38.35,37.15,18.89,24.14,27.9
17087,32.6,31.43,30.05,25.58,22.7,8.85,-5.15
17089,46.0,42.72,41.41,37.59,33.51,22.92,11.92
17091,86.0,81.5,81.79,76.48,66.79,56.43,45.03
17093,59.5,55.5,52.51,48.82,41.98,12.77,-16.47
17095,115.8,112.1,107.2,97.49,85.51,68.77,50.14
17097,57.5,54.42,52.06,47.51,42.25,38.09,35.2
17099,91.9,88.65,84.96,78.17,70.8,30.31,-12.0
17101,103.9,93.32,87.01,82.59,74.3,46.98,20.12
17103,68.8,63.32,62.98,59.01,58.47,27.53,-5.16
17105,80.7,73.98,71.48,74.11,63.84,44.47,23.03
17107,90.5,86.48,80.49,70.12,61.53,29.21,-6.73
17109,84.8,82.78,80.84,79.06,68.1,48.41,26.01
17111,72.7,65.82,63.05,58.09,52.13,30.14,8.49
17113,64.2,61.12,57.49,52.49,46.23,54.07,58.31
17115,107.8,102.26,98.12,86.63,76.23,72.49,66.54
17117,37.7,37.52,39.23,34.09,29.57,21.01,9.95
17119,116.5,111.09,106.59,97.75,86.1,59.76,31.72
17121,137.3,139.45,128.47,119.54,107.44,59.57,10.92
17123,46.7,49.72,55.11,50.4,41.35,31.3,19.14
17125,65.6,64.88,60.8,55.94,43.19,23.34,0.89
17127,141.3,160.96,150.87,138.89,130.49,83.92,36.74
17129,2.4,1.62,12.0,23.41,19.69,1.85,-19.03
17131,41.1,37.55,34.97,18.46,15.08,18.93,21.53
17133,81.4,76.41,72.13,70.7,65.2,25.29,-15.26
17135,127.7,118.22,121.82,108.41,95.98,49.37,0.45
17137,125.6,125.24,127.14,114.79,97.99,65.31,30.09
17139,42.1,41.84,39.33,31.41,27.48,8.22,-11.35
17141,29.3,26.37,24.15,22.73,19.6,12.85,5.18
17143,87.6,85.16,79.43,70.54,60.55,98.76,134.04
17145,103.9,96.05,54.07,47.64,40.62,58.7,74.95
17147,42.2,40.76,36.24,27.52,22.62,22.09,18.77
17149,32.6,27.8,26.81,25.56,37.22,37.69,35.93
17151,49.4,48.78,48.8,37.74,7.87,24.01,39.03
17153,70.6,68.78,79.76,67.31,55.62,5.58,-45.05
17155,22.0,29.32,27.38,24.39,23.61,35.81,46.74
17157,75.1,71.84,68.34,63.91,52.07,42.06,30.99
17159,101.5,96.93,88.83,82.09,75.82,43.36,10.61
17161,88.2,84.37,83.67,75.75,66.45,52.12,36.71
17163,79.5,78.59,76.77,69.33,60.0,59.15,57.36
17165,246.9,216.04,217.21,203.23,179.42,130.82,81.49
17167,111.1,106.1,99.15,86.28,74.1,89.59,101.96
17169,47.9,7.63,2.76,1.34,28.37,30.49,30.2
17171,0.0,0.03,0.07,-0.48,-0.42,3.93,6.14
17173,37.5,33.39,32.75,30.43,28.53,17.83,5.72
17175,0.0,-0.08,-0.15,-0.41,-0.59,1.48,1.88
17177,90.7,86.97,83.11,74.49,68.32,51.38,34.17
17179,99.8,94.73,90.92,83.64,72.97,37.83,0.07
17181,162.9,163.26,159.38,142.36,120.66,81.49,42.48
17183,107.1,100.26,94.04,85.06,72.11,53.79,34.12
17185,123.2,115.83,112.13,91.21,69.7,34.1,-1.75
17187,71.1,72.23,76.01,69.2,60.99,33.45,3.89
17189,18.2,25.1,30.65,30.71,27.84,29.76,30.1
17191,85.3,80.85,79.63,74.33,64.08,58.83,52.59
17193,117.1,119.12,113.5,100.99,77.81,33.2,-13.13
17195,70.3,69.22,64.52,56.28,47.73,37.5,25.77
17197,58.4,55.47,54.09,50.27,44.69,33.2,20.84
17199,153.8,149.38,151.88,135.75,121.72,92.75,62.41
17201,102.5,97.05,94.38,87.16,77.8,72.31,66.71
17203,20.8,24.59,28.44,27.14,23.57,32.58,38.6
18001,67.7,65.42,63.49,57.11,50.68,30.12,9.93
18003,85.8,82.03,75.95,67.08,58.26,79.53,100.46
18005,113.1,101.37,93.65,82.86,72.09,51.88,31.27
18007,25.1,21.18,20.58,20.62,16.7,9.02,-0.83
18009,101.0,89.4,83.0,72.99,68.62,29.53,-10.39
18011,79.2,72.94,66.84,58.53,51.47,45.05,36.85
18013,42.4,39.26,38.98,33.13,28.97,17.19,5.11
18015,34.9,32.44,30.1,23.3,18.67,3.62,-12.47
18017,77.5,75.6,70.29,61.92,56.3,21.65,-14.01
18019,130.4,116.15,105.33,92.38,84.25,76.91,68.13
18021,112.8,104.39,95.1,85.26,72.12,25.38,-20.86
18023,98.0,80.66,70.55,64.92,51.36,22.13,-8.16
18025,62.3,53.39,51.36,47.12,39.79,9.56,-21.5
18027,101.5,88.6,81.24,73.18,64.35,38.75,13.46
18029,101.2,94.06,89.29,83.13,77.79,86.7,94.47
18031,96.6,86.67,73.56,61.04,51.8,36.94,21.26
18033,81.0,77.9,69.37,58.0,50.13,21.15,-7.13
18035,129.0,104.68,99.17,91.1,81.09,83.68,84.84
18037,118.1,107.09,102.9,95.32,84.26,56.86,29.62
18039,84.7,78.22,73.02,62.71,51.47,43.15,36.69
18041,160.0,142.41,117.41,107.08,97.07,39.87,-18.28
18043,152.6,138.73,131.62,118.51,105.45,120.45,134.2
18045,121.8,112.91,116.37,103.17,84.82,25.69,-35.0
18047,57.8,54.71,49.81,43.64,37.94,28.06,17.53
18049,98.8,94.38,94.17,91.83,82.19,33.13,-16.2
18051,114.5,101.13,93.54,86.11,78.4,40.54,1.96
18053,124.9,112.3,104.46,93.48,82.54,38.09,-8.48
18055,98.9,96.68,93.64,79.38,65.01,35.17,6.39
18057,55.7,52.48,50.34,46.77,41.71,42.34,41.05
18059,80.0,77.73,76.41,68.45,61.58,35.96,9.85
18061,106.2,93.82,91.37,88.03,80.11,53.53,25.95
18063,82.7,78.04,72.82,65.37,58.47,44.91,29.77
18065,106.5,104.0,97.09,89.85,82.39,41.61,0.03
18067,137.3,127.88,122.7,115.0,102.9,69.36,34.7
18069,97.5,86.4,78.87,71.21,63.19,17.19,-28.86
18071,109.7,100.05,89.89,76.01,60.18,58.98,56.72
18073,132.6,125.22,122.75,117.14,103.08,61.36,19.97
18075,114.8,104.18,90.17,82.76,73.14,29.58,-14.39
18077,131.7,122.95,114.0,100.58,89.92,67.09,43.52
18079,122.9,107.95,98.19,88.28,75.79,26.44,-24.19
18081,99.8,91.46,84.26,77.22,68.26,64.83,61.26
18083,147.7,132.88,129.45,119.29,100.17,110.39,121.68
18085,83.9,79.88,74.14,65.34,54.72,20.55,-13.39
18087,26.9,24.01,22.5,19.96,16.09,7.94,0.89
18089,89.2,82.35,82.5,76.56,66.93,68.49,70.79
18091,119.1,110.21,105.79,91.76,78.77,65.91,53.9
18093,152.1,141.34,132.87,121.34,105.23,43.46,-17.27
18095,126.0,116.47,110.36,100.74,87.61,62.99,37.25
18097,84.7,77.96,72.54,65.75,56.91,70.86,83.96
18099,98.4,94.14,89.4,81.04,68.76,28.25,-11.33
18101,125.1,113.37,108.61,93.71,80.19,41.92,3.92
18103,75.1,71.71,67.25,59.35,51.97,25.37,-2.91
18105,80.7,75.98,71.48,64.53,55.34,63.33,71.25
18107,105.5,101.48,98.51,93.69,77.79,27.7,-23.5
18109,133.7,121.87,111.43,102.88,90.94,48.68,5.82
18111,28.0,25.93,25.58,21.58,17.19,0.88,-16.59
18113,89.2,81.26,76.86,69.06,60.81,20.17,-19.42
18115,0.0,1.19,3.38,3.01,-0.27,46.03,90.65
18117,132.0,117.27,106.26,90.64,75.88,30.14,-16.16
18119,80.8,78.92,74.55,69.09,62.23,24.37,-13.37
18121,51.0,47.08,41.3,33.88,33.75,29.44,25.66
18123,118.8,108.46,105.9,94.99,79.79,26.57,-26.8
18125,89.0,88.95,93.58,83.83,70.88,42.83,14.39
18127,100.8,95.97,90.28,85.2,76.75,54.88,33.63
18129,57.5,57.13,55.36,51.44,51.2,50.24,48.09
18131,78.0,62.37,70.46,58.32,46.67,34.93,23.02
18133,91.9,84.7,78.74,57.24,48.58,24.36,0.02
18135,101.5,85.04,77.12,69.74,60.72,54.89,48.83
18137,107.0,104.48,106.85,100.6,90.99,42.69,-6.81
18139,98.4,88.87,78.98,70.24,56.44,28.45,-0.45
18141,90.6,85.62,81.12,72.12,60.21,66.69,74.5
18143,199.3,169.5,149.87,130.52,114.87,133.17,150.18
18145,95.5,83.64,77.95,70.84,60.08,35.12,9.45
18147,76.2,46.55,39.94,31.9,26.23,17.71,8.43
18149,125.7,118.0,115.23,105.12,91.27,54.01,16.41
18151,92.1,87.8,82.11,74.73,65.36,33.0,1.11
18153,123.0,109.54,98.47,82.48,66.33,51.02,35.63
18155,51.3,48.12,45.24,39.44,35.47,11.63,-13.85
18157,83.7,78.07,71.66,64.68,52.29,59.34,65.91
18159,67.6,61.58,58.73,48.78,39.94,25.4,8.88
18161,61.6,64.32,55.89,44.8,42.72,17.86,-6.94
18163,152.5,140.18,137.77,126.25,111.67,143.27,172.68
18165,104.3,95.95,91.76,83.2,69.47,29.24,-10.14
18167,116.9,110.53,103.57,95.64,78.62,85.12,92.15
18169,105.2,98.17,94.03,86.65,73.67,25.15,-24.4
18171,0.0,-0.58,-0.08,-0.8,-1.4,1.08,2.2
18173,89.6,84.22,83.02,77.13,67.53,65.45,62.14
18175,95.7,91.45,74.73,71.98,68.07,43.5,17.86
18177,123.0,114.59,101.88,90.73,82.01,78.89,76.57
18179,79.7,79.14,75.28,68.08,60.87,43.36,25.23
18181,96.4,89.53,83.58,74.1,65.33,16.62,-33.04
18183,110.3,104.08,94.1,79.75,69.87,22.95,-23.25
19001,52.8,54.81,51.61,44.12,37.3,15.83,-8.28
19003,7.1,9.05,12.28,61.96,53.68,18.42,-19.75
19005,50.5,47.96,44.59,40.61,27.03,28.51,29.46
19007,138.2,132.97,119.33,106.65,90.89,50.14,7.1
19009,51.3,52.21,47.44,53.93,65.8,40.49,12.88
19011,15.1,15.15,12.99,10.75,7.69,11.27,13.79
19013,85.3,79.76,73.86,64.49,59.1,59.51,59.81
19015,66.1,60.97,60.78,56.67,47.97,26.81,4.18
19017,50.6,46.65,47.9,43.21,37.58,26.2,14.97
19019,43.7,39.02,37.55,34.36,29.0,16.19,2.95
19021,44.0,49.0,42.48,37.47,32.23,21.4,9.38
19023,18.5,17.41,17.04,16.35,15.56,13.35,11.23
19025,55.4,62.27,67.28,66.13,61.37,53.85,44.89
19027,118.3,108.34,99.8,91.49,75.13,48.59,20.01
19029,112.2,106.92,100.61,91.68,80.54,49.64,15.56
19031,23.7,22.6,19.67,17.08,15.18,18.49,19.95
19033,112.7,106.61,98.16,82.82,66.72,73.02,80.28
19035,57.7,58.02,44.48,38.54,31.44,21.35,10.33
19037,29.8,35.15,27.06,21.86,18.45,5.47,-5.61
19039,103.1,92.05,87.56,94.95,80.21,30.11,-22.46
19041,113.2,118.25,105.7,99.61,89.89,68.94,46.74
19043,38.3,35.43,28.64,22.18,14.4,10.78,6.98
19045,87.8,86.15,79.49,71.76,63.63,44.71,24.35
19047,69.1,68.34,64.14,58.47,49.63,28.17,4.29
19049,15.9,15.65,17.13,19.32,19.35,10.4,-0.37
19051,61.9,67.09,59.27,52.34,36.7,29.73,20.69
19053,33.7,45.41,44.85,52.8,53.44,51.51,47.0
19055,54.3,49.86,46.52,41.6,38.86,26.69,13.22
19057,111.9,107.01,96.53,85.59,76.0,58.46,39.28
19059,82.4,84.76,78.51,75.65,64.97,34.12,2.89
19061,66.9,67.64,61.44,54.36,49.84,40.33,28.86
19063,66.5,70.34,62.99,51.98,45.61,26.7,7.89
19065,86.5,69.15,64.82,60.23,53.75,25.0,-3.57
19067,113.2,101.88,86.23,54.61,48.41,37.55,27.96
19069,29.3,15.88,7.94,0.89,-0.21,5.42,11.83
19071,71.0,73.52,72.12,38.4,32.89,23.92,11.87
19073,107.9,96.85,92.9,86.66,71.92,42.78,11.43
19075,2.2,14.46,30.21,34.42,34.81,35.76,35.71
19077,16.7,7.2,2.71,8.49,34.09,29.21,21.42
19079,71.0,71.02,65.24,55.57,50.28,45.86,41.02
19081,0.1,0.16,-0.17,-0.59,-0.65,27.74,56.22
19083,69.6,59.28,56.12,52.81,57.16,36.83,14.96
19085,72.6,72.47,69.44,60.18,47.32,37.92,26.73
19087,77.5,73.66,68.69,63.96,55.2,31.6,6.84
19089,42.1,36.99,30.96,28.26,23.97,10.99,-0.81
19091,67.9,66.51,61.59,51.79,46.74,22.99,-1.4
19093,54.3,32.77,55.37,63.82,62.46,34.66,5.62
19095,25.5,27.45,34.95,33.56,28.21,25.47,21.88
19097,40.8,39.99,35.9,32.18,27.74,14.82,0.15
19099,71.6,69.73,69.94,60.45,51.19,37.27,21.54
19101,96.5,96.4,91.51,83.67,73.51,49.0,23.41
19103,40.0,35.84,32.42,28.37,24.66,64.45,103.19
19105,33.6,41.96,45.88,39.36,26.41,19.15,11.33
19107,0.0,-0.11,-0.37,-0.47,-0.82,2.43,4.98
19109,50.2,43.25,38.39,34.01,31.17,14.97,-1.87
19111,120.5,117.07,126.17,111.88,95.13,45.66,-5.43
19113,80.4,73.97,65.75,56.69,46.87,37.71,27.71
19115,29.8,28.96,27.39,18.69,19.06,10.36,0.29
19117,113.8,110.89,107.47,87.78,77.3,50.31,20.15
19119,27.5,29.34,26.35,24.15,22.09,21.56,20.86
19121,86.5,85.23,83.88,75.97,63.71,35.81,5.95
19123,83.9,74.24,67.84,69.51,60.8,40.75,18.61
19125,75.8,67.91,61.35,56.93,51.89,40.33,26.14
19127,92.1,82.22,77.97,67.8,57.74,32.04,3.69
19129,39.8,40.26,40.18,47.14,39.93,40.57,37.61
19131,31.5,26.49,26.04,23.87,24.0,19.55,16.39
19133,91.5,90.06,91.0,85.78,80.84,37.64,-7.01
19135,109.6,104.66,94.17,76.65,65.77,91.36,113.99
19137,79.7,84.82,83.54,83.16,99.53,44.55,-13.45
19139,73.3,66.39,59.02,55.3,49.17,37.25,24.31
19141,49.0,55.05,58.09,58.84,51.74,37.66,22.77
19143,38.2,4.7,32.16,33.05,28.66,11.82,-4.67
19145,124.5,118.25,113.73,101.37,89.25,53.02,13.85
19147,58.9,46.46,38.04,33.54,27.69,4.24,-20.01
19149,52.6,45.74,45.28,42.13,39.82,20.39,0.15
19151,59.8,63.48,62.83,57.3,48.02,21.11,-6.55
19153,94.0,89.3,82.81,70.95,59.5,63.0,64.75
19155,99.7,96.39,91.06,80.55,69.01,45.12,18.27
19157,59.5,58.21,54.57,50.65,44.39,38.2,29.72
19159,107.9,97.46,89.51,63.93,60.3,26.49,-10.65
19161,20.9,20.76,18.88,15.64,15.04,18.21,20.23
19163,83.2,78.2,73.6,64.9,55.38,56.75,57.25
19165,57.8,56.84,59.98,53.05,48.5,28.4,5.7
19167,31.7,28.57,31.78,23.22,21.18,21.1,20.65
19169,48.4,44.37,41.64,37.3,31.61,29.37,25.37
19171,20.8,29.65,30.96,27.06,26.55,23.74,19.71
19173,23.1,22.31,20.57,15.7,0.74,39.22,74.98
19175,148.2,145.83,127.56,117.86,104.79,59.53,11.23
19177,1.6,1.64,3.81,-0.01,21.61,39.32,54.81
19179,132.5,133.84,121.02,100.18,77.38,47.7,15.59
19181,45.6,43.05,40.37,38.23,40.62,20.41,-1.69
19183,49.3,47.25,45.55,42.39,39.19,27.44,14.73
19185,62.1,11.11,15.98,59.79,55.45,88.18,117.93
19187,104.1,95.52,90.64,75.79,65.54,55.14,44.27
19189,59.7,58.56,54.66,51.76,46.35,30.0,14.13
19191,54.3,47.8,46.93,43.85,38.18,28.21,18.65
19193,72.2,74.25,72.86,67.58,62.33,51.29,39.17
19195,1.2,0.66,0.31,0.04,-0.63,0.9,3.18
19197,77.7,70.41,64.76,50.4,41.96,32.96,23.2
20001,175.0,158.04,99.45,122.28,131.63,90.16,47.86
20003,8.0,5.51,0.14,1.1,1.32,6.62,10.19
20005,115.8,108.22,104.57,97.4,85.21,52.08,18.4
20007,22.4,7.19,4.24,2.78,-0.35,36.65,72.01
20009,106.3,104.44,103.08,98.74,96.93,60.34,21.95
20011,117.6,104.47,115.15,105.79,89.52,70.45,48.97
20013,64.3,54.84,48.13,45.99,36.9,35.76,33.16
20015,110.2,104.7,96.98,89.07,90.07,67.48,43.35
20017,0.0,-0.29,0.19,-0.05,-0.23,15.68,30.7
20019,23.1,18.26,14.18,9.04,0.04,26.75,54.15
20021,77.6,70.6,44.14,36.32,30.68,36.12,41.6
20023,119.9,115.91,116.33,106.0,105.55,129.34,152.23
20025,9.7,6.37,1.31,0.89,0.03,97.78,194.1
20027,78.6,13.39,78.97,78.49,76.64,60.7,41.98
20029,89.0,78.47,50.6,39.15,33.85,14.99,-6.01
20031,11.4,20.48,5.71,3.48,80.03,92.88,104.97
20033,2.1,2.84,1.53,0.67,-0.23,12.23,23.42
20035,99.8,92.44,94.6,90.43,86.03,60.72,35.39
20037,133.9,116.72,106.56,92.76,79.37,99.48,119.38
20039,114.8,92.46,82.72,81.91,63.75,27.45,-10.62
20041,2.4,0.62,1.91,1.39,-0.06,45.3,88.08
20043,0.0,-0.59,-0.58,-0.7,-0.9,0.84,1.92
20045,76.5,71.66,67.65,59.51,52.47,44.16,36.12
20047,3.0,30.35,63.71,63.3,70.09,59.02,45.73
20049,11.8,13.08,5.83,3.19,-0.45,2.58,4.77
20051,133.5,119.49,108.64,96.73,91.8,65.58,36.43
20053,88.5,78.97,71.08,69.7,72.6,55.05,36.09
20055,87.4,79.25,74.57,66.76,61.73,36.66,9.28
20057,91.8,85.43,84.1,74.53,68.83,78.49,85.9
20059,126.7,101.14,103.64,95.36,88.41,48.74,9.1
20061,75.0,69.07,64.14,57.43,57.59,48.01,36.85
20063,3.7,2.95,29.11,53.65,2.78,23.18,40.12
20065,176.5,159.95,145.33,126.21,7.44,13.33,16.26
20067,11.8,72.57,62.63,58.16,53.16,27.33,0.23
20069,21.2,20.83,22.85,19.24,15.44,21.43,24.18
20071,97.1,109.48,109.9,107.59,102.36,121.25,139.42
20073,6.4,5.32,2.16,1.05,0.37,16.76,32.13
20075,93.5,87.52,71.84,46.72,38.96,8.79,-21.39
20077,85.9,68.17,64.7,70.56,65.79,44.98,23.47
20079,102.7,94.84,85.53,80.47,76.69,64.23,51.08
20081,6.8,5.31,2.25,2.07,0.02,21.47,40.97
20083,5.7,5.35,2.68,0.68,0.13,26.29,49.94
20085,55.6,50.9,48.19,45.16,39.09,22.08,5.23
20087,2.2,0.83,0.23,0.06,1.15,10.15,19.37
20089,1.6,-0.16,0.07,-0.13,-0.25,-1.02,-3.66
20091,73.7,69.8,66.98,59.88,53.94,58.86,62.98
20093,54.8,48.69,47.62,40.13,34.87,74.84,113.35
20095,0.0,-0.71,-0.34,-0.44,-0.69,30.44,60.62
20097,3.6,34.69,67.82,73.74,68.55,71.24,72.48
20099,118.8,108.87,105.17,99.91,92.89,66.53,40.66
20101,76.7,93.01,91.98,76.57,72.79,36.72,-3.46
20103,52.8,48.53,44.38,39.67,34.73,29.99,24.22
20105,6.4,4.3,1.29,0.32,-0.04,3.48,4.64
20107,4.1,5.38,3.53,3.74,-0.46,10.49,20.21
20109,4.0,3.15,62.16,66.44,67.34,50.79,31.59
20111,74.3,73.67,76.06,71.87,63.29,45.39,26.8
20113,96.3,87.59,80.08,76.1,72.71,41.08,7.54
20115,35.3,10.56,27.48,30.09,26.68,11.12,-4.98
20117,41.0,35.79,33.34,31.23,24.84,33.17,40.16
20119,1.9,1.57,0.6,0.78,-0.05,21.93,41.42
20121,31.4,28.09,27.74,41.26,34.31,24.58,14.68
20123,91.4,88.15,95.77,92.15,87.4,75.32,61.13
20125,144.3,120.43,113.62,117.94,103.45,46.21,-11.1
20127,4.3,5.21,1.45,1.64,0.0,9.42,18.82
20129,198.5,170.28,139.48,120.31,105.95,112.47,118.8
20131,39.7,30.68,28.29,25.92,23.21,17.78,11.46
20133,47.2,40.2,36.73,45.53,83.68,77.88,70.93
20135,7.1,5.48,91.96,101.52,107.1,57.72,5.73
20137,121.2,106.95,102.08,85.09,80.05,54.82,27.33
20139,4.0,2.83,1.55,1.27,0.48,14.32,27.95
20141,185.3,164.46,165.5,152.62,147.23,93.3,36.88
20143,4.8,2.37,1.66,0.33,-0.29,12.44,22.86
20145,70.2,62.29,52.72,46.07,36.4,23.29,8.94
20147,6.3,4.64,2.41,1.72,-0.82,25.17,48.07
20149,2.9,2.26,1.15,0.52,-0.27,9.57,19.66
20151,202.2,189.73,185.72,160.06,138.96,100.09,59.91
20153,5.0,2.93,0.1,0.31,-0.09,26.82,51.69
20155,117.7,113.18,106.81,96.73,84.9,69.07,52.96
20157,9.0,5.27,1.65,1.96,0.11,12.93,24.14
20159,56.6,51.92,49.79,39.78,32.48,13.62,-6.47
20161,71.2,69.07,67.63,62.91,59.4,45.5,30.45
20163,3.1,2.73,1.79,1.57,-1.89,46.41,92.32
20165,57.1,53.21,43.44,46.79,50.29,35.1,18.5
20167,6.6,3.58,2.13,2.11,0.21,49.17,95.66
20169,164.2,143.6,137.59,125.89,118.81,107.39,93.83
20171,121.1,103.74,94.61,89.72,87.78,81.23,70.86
20173,109.2,103.74,99.83,93.21,85.1,94.61,102.55
20175,131.6,119.75,104.47,98.1,92.14,60.03,26.32
20177,118.6,112.75,106.74,91.51,79.62,63.25,47.41
20179,1.9,1.14,2.12,1.62,-2.75,6.82,12.57
20181,99.3,87.69,90.23,78.16,66.47,22.13,-23.7
20183,156.9,136.74,137.06,117.85,109.63,90.04,68.34
20185,0.0,-0.21,-0.07,-0.88,-0.79,21.17,42.15
20187,3.2,2.59,37.74,90.53,90.03,110.1,129.98
20189,0.0,13.57,23.9,21.96,19.89,10.56,0.85
20191,67.6,64.86,66.31,65.22,53.94,54.7,54.48
20193,127.3,104.15,91.68,82.85,84.13,62.07,37.43
20195,148.3,148.31,139.56,134.85,119.93,117.26,111.73
20197,0.0,0.05,-0.32,-0.32,-0.34,6.15,12.71
20199,43.8,49.78,42.58,41.44,37.45,3.5,-31.84
20201,20.8,54.87,80.33,83.9,82.92,59.74,34.84
20203,0.0,-0.23,-0.09,-0.34,-0.24,5.03,8.59
20205,120.5,117.34,116.94,99.31,82.04,105.39,126.99
20207,3.3,2.43,-0.95,1.15,1.71,12.81,22.98
20209,78.8,73.57,71.31,63.14,57.07,102.13,145.4
21001,126.4,120.29,100.37,97.77,91.97,68.46,45.06
21003,84.7,90.73,91.95,84.56,71.99,43.36,14.73
21005,100.7,93.9,90.18,78.03,68.21,25.34,-17.53
21007,102.4,95.2,102.38,92.09,85.94,12.4,-62.04
21009,136.7,123.81,125.99,117.05,104.67,67.88,31.63
21011,61.8,58.63,53.95,46.54,38.82,4.76,-27.45
21013,271.8,253.05,248.49,226.49,199.08,154.87,110.72
21015,97.5,93.5,89.37,81.44,73.4,50.06,26.21
21017,109.7,102.8,97.66,88.98,79.08,43.22,8.0
21019,113.7,99.8,91.1,81.03,72.17,95.8,119.69
21021,148.3,133.28,119.08,101.76,92.47,99.54,107.22
21023,21.4,20.7,18.3,16.13,14.72,21.05,27.33
21025,213.0,208.09,186.67,170.53,152.89,73.55,-4.73
21027,53.9,50.31,47.38,43.99,41.93,21.41,0.33
21029,69.3,67.86,64.63,62.56,58.8,20.71,-17.26
21031,101.6,99.07,92.05,79.05,70.22,27.27,-15.43
21033,141.2,133.71,132.83,125.44,116.89,40.33,-36.36
21035,103.3,98.78,97.81,87.93,77.6,48.28,19.57
21037,96.5,90.89,85.99,77.69,70.09,50.04,30.01
21039,62.4,68.86,79.86,82.29,89.09,78.95,68.45
21041,195.7,183.5,165.99,139.44,124.05,54.89,-15.42
21043,95.3,82.91,76.76,65.14,58.16,23.07,-10.63
21045,127.7,122.0,106.27,87.5,72.76,34.27,-3.49
21047,66.4,64.62,63.46,55.91,47.25,36.05,25.09
21049,108.3,98.45,94.9,89.73,82.76,168.11,254.61
21051,235.3,220.98,219.13,188.51,168.52,129.87,92.36
21053,234.7,182.56,156.64,132.98,116.44,65.82,15.24
21055,137.0,126.58,122.5,106.5,89.96,65.24,40.74
21057,216.2,200.16,175.13,148.94,127.95,58.61,-10.46
21059,124.0,112.73,104.17,93.34,82.75,76.09,68.41
21061,65.5,43.25,86.34,71.42,62.67,18.65,-24.97
21063,5.6,3.2,35.42,33.11,30.45,4.02,-21.45
21065,165.0,146.08,145.76,132.79,124.66,46.99,-29.38
21067,73.6,69.72,65.24,55.91,47.67,111.6,176.11
21069,93.2,80.41,70.92,60.48,54.92,35.63,17.76
21071,263.1,246.75,227.22,216.18,204.91,146.39,88.24
21073,108.4,101.99,95.67,83.55,74.51,68.84,63.11
21075,178.5,180.04,179.35,166.82,157.52,38.49,-80.64
21077,39.3,43.9,42.3,37.5,30.64,52.92,74.16
21079,54.3,48.79,49.64,41.39,34.29,24.11,14.28
21081,127.2,117.11,107.73,99.79,87.87,26.16,-37.11
21083,94.5,99.46,97.24,91.7,86.17,37.54,-10.19
21085,145.9,134.08,129.84,122.86,115.91,62.41,8.61
21087,98.4,86.9,81.38,59.48,60.6,18.87,-21.89
21089,94.8,81.15,76.5,67.64,61.16,31.12,2.55
21091,25.8,24.52,25.52,23.73,23.27,3.27,-16.59
21093,88.7,86.33,86.2,82.34,77.42,62.64,48.3
21095,144.3,138.0,131.43,120.75,109.57,62.69,15.89
21097,102.3,106.22,96.88,81.82,74.31,50.65,26.5
21099,64.8,60.55,59.95,56.89,54.75,11.98,-30.19
21101,154.0,147.51,143.36,131.0,113.62,67.81,20.15
21103,64.6,61.44,61.33,56.4,50.56,25.94,0.32
21105,69.1,70.8,63.26,53.91,57.81,36.86,16.2
21107,139.5,136.15,130.22,125.36,120.87,95.17,69.27
21109,49.9,47.09,47.81,49.76,45.2,12.09,-20.16
21111,95.5,88.46,83.39,76.3,69.75,88.71,106.13
21113,100.4,96.68,91.58,79.43,68.98,39.37,10.44
21115,180.0,183.53,178.37,169.81,149.68,107.25,64.94
21117,80.4,77.57,74.57,67.19,59.35,75.34,91.37
21119,75.4,86.87,86.08,80.38,67.01,49.72,32.62
21121,94.8,83.48,85.35,81.08,76.83,55.54,33.82
21123,87.3,89.43,86.65,81.36,65.8,29.98,-4.48
21125,125.4,111.88,106.08,92.05,82.89,78.99,75.27
21127,119.5,111.69,107.54,96.99,86.68,47.0,7.75
21129,203.8,163.91,148.34,134.39,126.24,74.68,24.79
21131,244.2,218.69,209.93,181.62,162.75,72.51,-17.95
21133,162.0,150.46,137.98,125.37,115.15,45.76,-24.2
21135,34.3,30.69,23.52,21.04,17.31,15.51,15.48
21137,83.5,73.91,73.41,61.69,52.97,13.97,-24.34
21139,9.0,7.66,6.53,4.56,-0.94,27.99,56.13
21141,74.4,84.18,100.59,104.39,97.19,28.1,-41.14
21143,117.7,117.08,116.62,106.8,101.21,52.1,2.88
21145,190.8,183.68,183.48,167.15,151.13,238.28,325.36
21147,130.9,128.16,121.17,118.87,97.31,28.05,-41.77
21149,89.4,87.01,86.84,80.75,68.72,12.53,-43.48
21151,96.1,89.06,84.29,74.81,67.67,34.38,1.28
21153,154.8,163.93,157.64,139.06,130.87,63.27,-3.97
21155,125.7,114.56,108.3,97.65,82.5,44.53,7.72
21157,109.2,107.75,115.06,109.35,99.58,46.84,-5.22
21159,127.3,136.21,134.25,130.97,122.31,71.23,19.71
21161,126.1,115.68,102.77,95.32,87.32,53.06,19.49
21163,60.2,60.73,58.56,55.39,48.75,12.81,-24.31
21165,35.0,7.11,38.29,35.8,33.71,13.13,-5.79
21167,104.7,103.7,97.86,86.21,73.93,24.3,-25.34
21169,74.4,70.7,71.15,65.83,60.35,17.22,-25.47
21171,165.4,139.92,121.87,107.21,91.48,36.6,-19.11
21173,171.7,157.96,147.79,131.23,118.98,71.78,26.19
21175,65.0,59.01,65.57,77.9,78.42,50.04,22.78
21177,138.8,134.07,128.29,119.89,105.35,46.73,-12.14
21179,101.6,93.09,92.01,86.04,79.06,37.91,-3.04
21181,38.0,51.21,42.96,30.33,25.85,2.62,-19.88
21183,111.6,95.02,110.55,104.75,92.42,89.24,86.64
21185,65.5,59.77,57.5,51.68,46.6,21.01,-5.84
21187,37.1,52.95,50.76,41.93,38.61,10.14,-19.24
21189,262.2,248.41,249.87,239.22,240.22,164.1,89.42
21191,53.8,51.33,51.15,46.94,44.75,21.36,-2.54
21193,243.4,219.47,209.42,203.95,202.04,300.05,398.8
21195,263.1,242.73,222.09,200.15,180.78,134.52,87.81
21197,149.0,147.08,148.76,139.26,132.8,73.03,15.2
21199,124.7,109.13,98.66,86.41,79.47,58.91,38.61
21201,0.0,0.26,-0.83,-1.09,-0.59,-1.95,-3.29
21203,104.0,86.97,80.86,69.03,60.41,46.83,33.48
21205,153.8,141.95,124.41,98.22,82.95,54.33,27.49
21207,169.8,156.07,126.22,110.4,101.81,45.2,-11.06
21209,97.2,86.43,78.16,70.74,63.14,38.78,13.86
21211,79.6,74.08,73.48,64.23,58.47,25.59,-7.58
21213,117.8,109.59,102.77,90.65,81.73,19.04,-43.55
21215,51.4,51.37,44.85,37.93,35.13,7.01,-21.03
21217,115.8,100.38,91.56,90.47,84.96,51.55,18.94
21219,80.3,43.33,9.13,4.98,-0.29,1.69,3.22
21221,85.5,30.93,69.98,73.99,65.97,16.03,-34.32
21223,39.7,36.12,35.38,48.32,48.66,37.28,24.92
21225,143.5,138.91,127.76,121.2,103.5,40.93,-21.78
21227,107.4,108.63,97.0,85.1,74.07,95.95,118.75
21229,51.9,47.96,41.32,39.34,37.25,13.2,-9.74
21231,168.9,140.35,127.61,115.81,109.75,101.4,92.96
21233,109.4,103.89,100.22,94.93,92.68,46.46,-0.19
21235,300.1,267.51,241.76,222.62,200.37,160.57,120.3
21237,198.7,193.37,167.03,126.93,120.85,78.0,36.52
21239,73.9,65.78,60.47,58.93,55.55,34.09,13.04
22001,80.2,71.45,75.86,71.0,67.79,33.35,-3.19
22003,115.0,102.22,92.68,84.39,85.04,40.68,-5.58
22005,110.1,100.65,94.01,85.5,75.46,38.98,1.94
22007,36.4,34.51,32.92,29.75,27.58,19.74,11.74
22009,146.5,126.75,126.12,115.37,101.48,45.54,-13.06
22011,84.0,77.36,75.43,70.1,62.98,36.88,9.88
22013,88.5,79.84,62.89,63.11,55.71,14.35,-26.12
22015,102.8,97.59,96.12,89.82,79.26,61.87,46.16
22017,118.6,109.47,112.22,105.49,90.69,133.43,178.22
22019,123.2,111.43,105.97,97.02,90.34,71.55,53.37
22021,86.9,63.75,54.24,46.95,37.6,33.57,28.33
22023,0.0,-0.51,-0.37,-0.59,-0.37,5.44,11.41
22025,113.3,93.37,96.37,99.17,87.58,14.44,-60.82
22027,85.0,88.33,96.42,96.8,93.16,80.58,70.24
22029,93.9,74.71,76.22,88.78,83.44,44.77,2.59
22031,40.3,51.21,64.88,66.78,63.62,19.96,-22.85
22033,103.8,96.18,92.15,81.8,72.42,96.58,119.19
22035,98.7,100.95,105.38,95.0,82.28,72.45,63.04
22037,52.7,50.68,47.07,45.0,43.63,25.99,5.91
22039,221.6,209.78,192.95,172.02,145.35,116.04,83.75
22041,100.7,91.44,122.73,110.62,92.97,69.03,43.43
22043,2.1,1.51,40.59,43.09,41.0,9.08,-24.07
22045,117.0,99.37,93.14,87.42,81.17,85.16,88.23
22047,99.8,93.07,81.51,74.59,60.39,13.35,-34.9
22049,42.4,40.06,75.97,71.44,56.48,29.72,2.69
22051,119.5,115.01,107.46,96.92,83.08,97.1,111.69
22053,118.4,110.04,103.91,89.03,84.62,53.1,20.42
22055,112.1,102.11,97.41,87.4,80.12,91.51,100.81
22057,106.8,99.01,96.61,88.37,78.69,54.63,31.33
22059,138.3,118.94,120.28,106.81,94.38,73.53,51.01
22061,105.2,90.86,98.72,81.77,75.86,50.82,26.82
22063,113.3,106.43,105.23,93.94,82.56,22.39,-38.57
22065,3.2,1.88,2.74,1.31,-0.82,2.97,5.87
22067,124.3,109.77,118.67,111.37,91.73,49.78,8.05
22069,86.9,71.69,78.97,75.44,69.22,32.62,-4.33
22071,71.9,67.49,63.75,57.0,48.71,85.1,121.96
22073,124.8,119.82,113.39,104.66,92.18,100.24,108.43
22075,3.7,2.36,44.28,41.36,36.18,15.91,-4.02
22077,94.9,83.56,93.88,84.1,72.44,25.13,-24.04
22079,169.8,153.07,145.59,133.67,117.68,126.5,132.67
22081,14.3,45.87,113.5,105.85,94.02,50.91,8.98
22083,80.2,68.19,134.81,139.82,125.51,92.54,59.01
22085,82.7,63.82,68.68,70.24,60.16,32.39,5.57
22087,170.4,161.8,150.4,118.85,88.15,34.0,-19.74
22089,85.6,79.32,74.27,68.18,58.47,18.33,-20.32
22091,46.4,51.29,71.08,73.89,70.16,33.01,-6.02
22093,58.5,67.56,82.06,79.72,74.76,55.82,37.51
22095,97.5,98.19,93.75,93.16,87.32,68.69,50.65
22097,158.1,150.92,145.57,137.05,121.13,87.09,50.33
22099,86.4,77.76,74.64,69.78,65.24,20.86,-24.54
22101,126.5,118.78,107.93,98.82,89.6,38.94,-12.72
22103,119.1,106.53,102.38,92.47,81.57,76.82,70.84
22105,147.4,140.79,130.81,116.52,100.28,44.21,-13.69
22107,56.0,46.16,45.27,62.85,70.68,26.39,-20.25
22109,112.7,102.81,97.92,90.96,81.6,72.31,63.67
22111,74.7,71.57,85.12,82.02,69.57,38.75,9.43
22113,76.6,69.07,66.12,62.52,56.08,27.08,-3.76
22115,104.1,91.65,79.43,72.53,66.52,51.72,36.32
22117,141.7,120.33,135.28,126.68,112.23,44.37,-26.01
22119,133.8,114.18,115.12,108.31,99.83,50.47,2.77
22121,111.5,104.13,101.03,87.73,76.52,23.09,-31.41
22123,66.2,51.73,51.69,50.71,36.56,20.46,5.09
22125,53.5,45.79,45.09,42.74,39.84,14.3,-13.0
22127,68.6,56.27,109.39,97.42,87.65,35.83,-17.11
23001,92.0,83.99,72.12,58.67,50.79,52.34,52.09
23003,85.7,84.5,74.68,64.17,52.18,53.57,57.24
23005,71.3,63.12,53.42,43.89,39.39,46.79,53.62
23007,73.0,68.29,60.68,49.33,41.99,26.48,11.32
23009,77.3,72.62,65.43,52.96,45.54,37.14,29.56
23011,117.2,111.75,101.77,83.75,70.49,68.12,65.4
23013,75.1,67.11,61.75,54.86,49.17,34.65,19.91
23015,69.3,53.61,45.4,37.31,33.78,42.19,49.78
23017,83.7,80.21,72.51,60.74,53.82,33.49,11.81
23019,83.7,81.5,71.22,60.03,51.33,50.44,51.02
23021,97.2,89.01,77.99,63.13,51.09,26.91,3.78
23023,79.9,70.79,61.45,49.62,45.29,32.92,19.57
23025,85.5,83.56,76.65,61.87,49.01,31.07,14.14
23027,62.2,54.84,46.15,37.94,33.58,32.66,32.17
23029,75.4,73.95,64.34,58.51,48.36,26.11,4.81
23031,79.8,73.92,63.78,52.46,46.81,33.64,20.05
24001,129.2,129.7,127.07,111.8,90.0,89.89,88.52
24003,78.2,74.02,69.83,61.63,53.83,50.08,47.65
24005,83.1,77.83,71.64,63.64,53.83,48.75,43.17
24009,102.8,96.15,90.27,79.21,68.74,42.56,17.0
24011,52.5,49.39,46.22,40.52,34.32,34.61,35.81
24013,81.4,76.8,72.38,64.68,55.72,33.18,10.15
24015,83.8,78.74,73.98,64.13,56.4,25.2,-5.76
24017,87.7,82.02,78.57,71.36,62.12,42.19,22.39
24019,72.0,70.6,69.11,67.73,61.04,28.15,-2.78
24021,79.6,72.18,67.63,62.47,56.15,53.29,50.5
24023,103.3,104.68,96.9,79.46,63.82,41.49,19.92
24025,85.3,79.66,72.95,64.73,56.28,39.81,22.79
24027,39.6,36.91,35.21,31.54,28.15,28.61,29.37
24029,134.6,123.76,117.19,96.35,84.99,89.7,94.79
24031,39.7,37.22,34.66,30.35,26.42,27.26,28.65
24033,45.4,41.83,38.68,34.06,29.9,27.44,25.47
24035,77.1,71.41,67.29,57.53,49.49,39.49,31.02
24037,78.2,71.64,66.91,57.19,50.54,21.75,-6.82
24039,58.7,54.97,49.32,43.13,41.99,9.95,-21.06
24041,114.6,108.81,104.29,96.88,83.84,79.25,76.34
24043,122.8,116.58,112.99,101.54,90.5,97.2,104.21
24045,91.8,85.34,77.64,66.66,59.44,65.47,71.32
24047,95.5,81.74,76.41,62.82,59.33,29.09,-0.44
24510,66.6,59.55,54.54,47.98,41.38,65.61,89.71
25001,77.7,69.85,60.9,50.83,44.56,35.2,25.73
25003,82.5,74.98,59.06,51.32,46.45,38.78,29.73
25005,88.1,81.65,72.74,62.4,55.61,43.59,32.71
25007,68.9,63.87,55.48,47.4,40.51,29.59,19.01
25009,59.2,53.3,46.85,39.48,35.04,28.72,21.9
25011,62.9,57.18,51.32,45.72,41.33,30.4,19.32
25013,83.9,77.36,67.05,57.62,50.42,47.63,44.69
25015,70.3,64.02,56.48,48.96,44.17,34.44,24.59
25017,43.2,38.74,33.71,28.64,25.34,25.46,24.87
25019,45.4,41.92,36.63,30.62,27.13,31.0,34.77
25021,52.3,47.96,42.33,35.77,31.6,28.8,25.36
25023,67.6,61.6,53.54,45.48,40.21,28.33,16.39
25025,40.8,36.48,32.07,26.55,22.74,59.99,96.67
25027,66.6,59.29,51.75,43.89,38.68,35.49,31.64
26001,34.3,30.62,27.71,22.44,17.32,9.64,0.13
26003,92.0,83.58,73.72,71.79,36.15,16.67,-3.36
26005,66.3,58.7,53.11,46.68,38.65,14.64,-7.92
26007,130.4,123.24,118.89,117.7,102.17,59.02,14.74
26009,57.2,51.69,50.25,45.99,39.37,43.31,48.08
26011,146.9,129.84,109.96,94.0,78.24,32.86,-12.55
26013,92.0,90.26,83.97,72.9,60.29,40.87,20.74
26015,66.8,64.19,63.46,58.65,48.72,25.39,4.24
26017,114.4,109.86,101.63,91.67,74.58,81.99,90.12
26019,73.7,75.98,71.22,62.44,52.89,48.32,44.28
26021,116.0,108.01,97.74,86.14,69.78,50.99,33.95
26023,94.1,85.45,76.93,71.06,56.06,32.14,8.93
26025,127.2,125.16,120.31,104.84,81.88,65.03,49.65
26027,50.3,44.23,39.32,34.71,26.85,12.02,-0.84
26029,82.4,79.71,80.32,73.58,64.09,35.18,6.48
26031,143.3,135.6,122.04,109.77,91.92,59.11,25.42
26033,77.6,66.18,62.78,60.2,46.46,32.01,16.49
26035,171.6,144.25,125.85,109.64,94.59,45.56,-2.93
26037,43.4,39.29,38.01,35.15,34.12,22.82,12.77
26039,112.1,101.1,123.82,114.24,94.59,84.68,74.68
26041,113.0,110.41,101.9,91.92,80.08,65.92,51.46
26043,132.0,117.12,106.51,90.58,67.67,47.08,25.09
26045,110.6,101.0,95.36,86.37,70.2,36.4,3.68
26047,142.1,133.62,127.16,115.67,96.43,108.03,119.08
26049,138.8,127.35,119.92,104.89,85.71,74.87,63.67
26051,136.1,118.52,104.31,92.29,77.85,36.26,-5.39
26053,127.1,121.4,113.55,95.89,75.87,66.25,55.96
26055,141.7,128.46,104.61,96.76,83.91,89.1,95.34
26057,89.0,82.66,77.19,70.91,59.43,39.88,21.49
26059,80.6,78.64,70.55,61.95,48.81,31.71,16.02
26061,46.7,45.68,42.81,39.62,34.25,27.45,20.43
26063,83.7,79.25,74.89,67.23,55.45,41.42,26.29
26065,86.0,76.92,71.91,64.96,54.75,69.22,84.83
26067,68.5,66.85,66.91,63.09,51.41,35.65,21.46
26069,173.5,166.97,153.64,141.99,118.97,57.56,-5.61
26071,83.6,84.19,82.14,76.49,74.28,46.11,16.33
26073,95.6,82.87,74.48,62.17,48.02,32.98,19.4
26075,96.0,89.61,83.74,74.38,61.78,45.58,30.56
26077,84.8,78.56,72.44,64.37,53.91,68.96,86.11
26079,133.6,121.83,107.58,92.07,70.9,44.48,19.28
26081,87.4,79.08,75.51,67.64,55.36,60.89,68.08
26083,0.0,-0.07,-0.08,-0.19,-0.35,-0.43,-1.04
26085,37.6,40.65,35.83,29.4,24.6,6.64,-9.94
26087,96.6,86.57,78.5,69.48,57.2,30.97,4.47
26089,23.0,21.25,19.5,18.12,14.05,6.51,-0.06
26091,97.6,93.05,90.61,83.51,67.57,45.8,24.86
26093,67.2,62.17,58.77,53.15,44.64,29.75,14.05
26095,161.7,151.73,133.5,110.94,93.58,50.83,7.71
26097,82.6,85.47,81.83,77.43,49.62,46.09,41.89
26099,107.8,101.59,97.36,87.04,73.22,57.25,41.29
26101,118.0,107.55,98.48,86.77,75.27,77.09,79.57
26103,93.1,92.4,83.82,75.74,65.49,66.01,64.59
26105,142.4,133.84,124.69,118.31,99.55,57.44,17.06
26107,104.6,95.2,89.76,83.07,69.78,72.74,77.85
26109,67.7,58.04,44.13,32.69,29.76,14.94,0.66
26111,92.1,86.88,82.81,75.11,62.61,56.99,51.89
26113,33.5,23.99,34.61,32.06,23.04,5.8,-11.31
26115,107.6,100.74,92.73,79.23,66.64,40.19,13.64
26117,135.7,124.32,116.2,107.92,90.19,58.86,29.46
26119,74.5,67.35,63.89,59.8,49.09,21.22,-8.47
26121,151.3,136.47,127.01,111.97,95.94,78.04,61.11
26123,131.3,127.92,116.4,105.29,88.72,42.34,-2.43
26125,81.6,76.81,72.72,65.1,54.5,71.18,87.75
26127,73.8,70.74,66.94,61.17,48.51,45.71,44.61
26129,188.0,161.43,147.72,132.89,114.64,69.83,24.45
26131,37.8,39.23,32.76,28.95,23.7,49.2,73.4
26133,104.8,93.19,81.45,68.45,52.21,23.81,-2.68
26135,143.8,118.01,99.25,84.6,71.65,11.88,-49.08
26137,174.0,160.49,151.15,145.85,126.22,113.4,100.15
26139,67.5,61.24,58.27,52.4,44.11,28.2,13.47
26141,53.7,53.75,52.12,49.52,41.48,24.26,5.56
26143,208.7,183.77,150.38,132.37,117.08,41.03,-35.27
26145,110.0,97.59,91.09,79.24,66.89,83.13,99.91
26147,117.5,110.64,100.84,91.56,79.45,60.5,40.59
26149,129.4,118.2,106.52,94.6,76.86,38.55,1.19
26151,58.3,52.36,46.35,40.92,27.82,14.64,0.29
26153,118.4,98.94,104.83,94.3,85.43,57.81,29.37
26155,105.3,98.43,96.3,87.79,71.36,38.86,7.34
26157,90.9,82.58,78.11,67.62,57.55,48.23,39.61
26159,120.6,117.44,112.63,99.86,78.99,39.8,2.47
26161,55.5,50.53,44.21,38.4,30.39,72.56,113.61
26163,101.7,93.32,89.04,78.35,65.1,59.77,54.25
26165,176.2,164.08,146.03,126.25,100.31,61.7,23.51
27001,107.2,98.57,81.03,68.27,56.81,48.52,38.37
27003,61.6,57.39,52.1,44.8,38.72,23.46,8.52
27005,59.4,52.45,45.53,38.06,35.32,26.23,17.34
27007,67.0,60.08,55.23,46.49,41.14,29.81,17.6
27009,47.4,43.07,38.81,32.58,29.83,4.76,-19.82
27011,107.9,89.67,84.62,82.44,71.53,49.13,26.59
27013,72.7,70.63,65.91,58.68,51.45,47.21,43.91
27015,72.5,67.74,57.36,49.14,41.27,30.7,19.71
27017,99.1,73.09,62.8,54.92,50.82,28.5,4.33
27019,46.8,43.63,40.16,35.41,32.08,24.75,16.72
27021,42.2,35.58,30.86,24.56,21.71,10.36,-1.89
27023,68.3,72.89,70.62,62.92,52.48,27.72,2.15
27025,39.9,40.9,34.58,30.48,25.8,14.79,3.99
27027,66.9,62.53,54.5,44.8,34.96,13.78,-8.44
27029,80.7,75.34,68.33,58.0,47.9,53.45,58.61
27031,1.4,1.65,40.42,35.22,33.57,10.88,-12.29
27033,63.1,51.48,72.74,76.73,67.39,26.15,-14.49
27035,76.8,68.33,59.62,51.83,46.75,37.25,27.05
27037,59.3,54.11,48.63,42.58,36.95,19.54,1.72
27039,20.2,18.0,16.58,13.46,9.92,4.59,-0.66
27041,109.1,102.09,91.72,80.34,61.31,39.89,17.93
27043,59.0,56.86,54.4,49.44,39.31,24.77,10.83
27045,31.9,31.09,29.62,28.75,24.01,14.61,6.49
27047,45.5,41.6,35.91,34.45,28.89,17.97,7.69
27049,57.5,51.4,47.09,41.27,33.93,21.66,9.46
27051,44.8,45.35,46.34,33.02,28.42,26.96,24.81
27053,47.8,43.29,38.69,33.3,28.6,37.45,46.92
27055,26.6,22.86,23.14,21.36,19.54,16.11,12.71
27057,74.2,64.1,57.38,49.08,40.74,32.77,24.15
27059,58.7,57.93,52.28,47.3,45.39,27.45,9.94
27061,97.9,81.61,65.35,56.01,50.97,31.43,11.74
27063,31.1,2.74,24.92,23.73,23.84,16.39,9.57
27065,87.4,90.07,82.52,70.59,61.22,38.29,14.24
27067,68.3,66.33,64.19,58.3,50.23,36.87,23.38
27069,41.7,40.29,38.46,37.06,32.22,17.13,2.19
27071,78.8,68.7,59.66,51.57,48.69,39.19,30.51
27073,57.0,56.87,60.57,57.26,52.2,37.57,21.95
27075,28.8,31.83,32.82,28.24,24.47,19.27,13.03
27077,77.2,71.68,68.16,63.29,19.44,3.19,-10.45
27079,29.2,22.58,11.47,9.41,9.63,2.28,-5.47
27081,63.8,63.94,44.4,38.81,35.45,43.39,50.55
27083,54.8,53.03,49.22,43.39,38.97,28.66,18.31
27085,77.0,71.81,68.94,62.94,55.2,28.51,2.17
27087,57.3,48.11,37.87,30.88,27.37,7.76,-12.45
27089,27.0,25.15,23.65,20.88,17.5,8.9,1.41
27091,91.5,86.07,77.42,70.47,62.11,50.21,39.4
27093,39.5,37.73,30.43,26.06,16.4,10.71,4.68
27095,89.5,84.36,74.7,62.21,50.57,29.45,8.11
27097,77.8,74.59,65.01,57.37,52.69,40.52,27.93
27099,49.2,47.93,41.59,35.31,27.38,16.0,5.26
27101,36.8,35.93,35.94,35.45,29.46,21.77,13.62
27103,28.3,25.46,20.05,18.17,16.49,14.84,13.09
27105,58.4,58.93,50.84,39.46,33.97,20.41,6.69
27107,41.9,38.89,26.65,21.5,12.43,10.87,8.7
27109,36.5,33.48,29.11,27.05,25.71,84.8,144.74
27111,66.6,60.46,56.1,47.86,40.51,25.93,11.24
27113,95.6,87.77,75.63,69.87,56.55,35.8,15.04
27115,61.9,62.39,62.85,54.35,48.42,24.58,-0.5
27117,80.2,89.03,76.75,73.19,68.93,51.4,32.28
27119,78.8,71.41,64.19,57.05,49.6,31.77,13.55
27121,68.7,70.24,68.48,58.49,52.93,43.85,34.11
27123,48.9,45.89,41.9,35.66,31.06,39.73,48.78
27125,36.8,32.21,31.23,27.31,24.53,2.08,-21.04
27127,60.5,57.39,50.49,41.46,35.6,15.59,-4.86
27129,33.0,31.59,30.68,28.36,22.65,38.42,53.45
27131,62.0,56.76,50.32,43.0,37.81,20.99,4.07
27133,55.7,30.85,57.04,53.71,50.65,31.15,10.42
27135,66.8,62.99,60.38,59.5,54.29,43.91,36.07
27137,80.6,74.75,64.75,54.69,47.9,48.34,48.13
27139,42.7,39.79,36.84,32.8,28.64,10.51,-7.76
27141,52.8,49.04,41.38,35.88,31.69,12.03,-7.23
27143,29.6,30.2,27.68,23.43,18.89,12.18,5.28
27145,67.4,63.52,55.31,48.3,44.16,46.18,48.66
27147,59.1,52.0,47.96,41.34,35.25,27.91,20.2
27149,55.8,52.87,56.69,49.47,43.3,27.86,12.25
27151,57.6,56.39,55.15,46.57,39.63,37.84,35.79
27153,29.4,27.05,24.82,22.41,20.46,7.55,-6.35
27155,110.3,99.6,59.49,40.08,42.05,20.12,-1.72
27157,9.8,11.13,9.87,8.14,5.83,12.81,19.91
27159,174.6,155.99,145.91,126.19,111.74,89.62,67.4
27161,49.1,47.88,43.26,46.78,34.56,17.99,1.2
27163,60.7,57.43,53.01,47.61,42.74,28.97,15.24
27165,49.3,44.21,42.97,44.94,41.19,40.63,41.44
27167,81.9,70.85,62.46,52.97,43.15,11.22,-20.87
27169,60.9,54.5,47.76,40.99,34.69,19.18,4.35
27171,61.9,56.81,52.62,46.71,41.03,18.14,-5.01
27173,38.8,37.78,37.15,34.32,30.42,33.8,37.29
28001,178.7,166.06,158.67,125.69,97.28,85.05,70.01
28003,205.7,189.63,176.32,160.59,132.69,114.13,96.9
28005,52.2,48.77,47.65,42.0,34.11,7.17,-23.47
28007,119.8,118.16,116.41,103.22,81.4,37.93,-6.29
28009,73.8,68.25,66.86,59.17,47.29,13.26,-20.58
28011,92.6,92.56,88.07,76.61,61.6,32.08,2.65
28013,84.8,81.6,80.15,72.47,57.52,39.84,23.88
28015,1.2,0.65,0.51,0.09,-1.95,7.16,17.45
28017,125.7,97.72,87.82,83.81,75.21,36.05,-2.27
28019,91.6,75.59,60.73,52.56,35.67,23.45,10.93
28021,90.0,84.76,79.09,62.35,47.12,29.21,9.34
28023,138.5,133.01,121.52,101.5,75.55,23.05,-29.89
28025,119.8,115.05,113.46,102.95,91.44,62.21,33.44
28027,108.6,105.76,119.78,113.88,88.52,36.74,-14.04
28029,108.7,103.17,101.25,90.06,72.93,54.45,33.82
28031,103.6,112.71,112.87,108.34,91.86,41.89,-9.94
28033,109.4,104.83,100.79,90.74,77.33,63.79,52.22
28035,240.3,219.62,210.31,190.1,160.51,199.64,236.71
28037,87.4,83.7,72.43,61.06,46.32,7.33,-34.86
28039,179.7,169.56,159.25,132.0,108.07,40.33,-27.9
28041,56.3,54.84,57.42,52.02,46.25,18.6,-9.11
28043,147.5,157.24,164.17,160.28,135.2,73.85,13.67
28045,99.1,89.72,88.73,81.03,71.43,31.8,-8.03
28047,141.0,134.1,125.89,108.73,89.44,84.3,78.28
28049,78.0,76.88,72.32,61.42,49.44,105.2,159.08
28051,65.8,64.58,66.27,60.3,53.96,27.73,2.48
28053,59.1,61.63,60.77,55.83,48.3,17.56,-12.6
28055,0.0,-0.64,-1.26,-1.69,-1.57,-4.16,-6.48
28057,130.8,132.05,122.88,103.87,82.04,34.13,-13.48
28059,124.8,114.51,103.28,89.1,73.61,70.54,66.73
28061,43.1,41.82,38.24,36.31,32.13,5.12,-23.15
28063,0.6,-0.49,-0.57,-1.02,-1.4,-0.35,-1.81
28065,127.9,118.82,117.91,110.27,89.24,23.23,-44.71
28067,171.9,168.63,149.73,137.36,110.66,100.93,89.49
28069,57.6,50.75,40.18,32.81,28.32,4.84,-18.24
28071,77.6,72.77,70.75,61.59,52.39,73.02,95.66
28073,43.5,42.89,38.52,33.8,26.72,17.25,6.28
28075,170.1,162.49,157.65,141.11,117.03,160.17,202.23
28077,136.2,123.68,117.93,108.81,90.3,50.76,9.51
28079,91.5,90.05,91.87,86.77,71.61,45.89,19.36
28081,128.7,126.51,124.32,111.91,90.41,116.24,143.63
28083,118.8,118.28,119.2,113.16,98.45,104.56,111.32
28085,133.5,122.86,115.32,101.3,82.9,75.44,65.18
28087,130.5,130.86,124.36,100.84,79.88,58.19,36.93
28089,72.8,70.35,67.72,61.61,49.49,49.15,48.4
28091,217.9,194.39,183.72,169.26,141.45,65.56,-13.18
28093,53.1,51.05,48.52,47.66,43.79,35.51,28.24
28095,113.1,101.56,101.82,94.24,76.09,40.98,6.25
28097,102.9,96.07,92.05,85.08,57.45,18.88,-19.08
28099,187.0,162.44,148.17,128.4,99.88,30.14,-40.92
28101,73.2,65.32,70.19,63.48,47.17,18.08,-12.71
28103,99.2,95.65,98.49,86.71,70.38,20.67,-29.39
28105,78.8,73.69,74.08,64.57,54.19,65.56,76.56
28107,110.4,110.45,102.28,93.65,81.64,32.28,-15.75
28109,153.4,146.74,134.07,115.42,101.14,34.2,-34.19
28111,96.8,92.6,88.71,66.56,51.04,38.75,23.58
28113,185.3,176.21,154.95,135.58,109.99,64.98,17.29
28115,108.7,103.47,98.36,86.05,65.48,29.61,-4.88
28117,128.8,119.05,107.98,92.23,74.38,42.47,11.65
28119,70.8,56.16,71.3,71.39,59.72,10.24,-37.51
28121,105.8,102.77,100.74,91.52,76.42,71.97,66.22
28123,103.8,97.8,92.94,86.73,70.7,25.84,-19.78
28125,132.5,121.58,101.79,84.27,71.48,10.99,-48.73
28127,125.4,117.17,108.31,96.37,83.22,37.42,-10.48
28129,48.6,50.72,48.09,42.85,37.0,6.17,-25.63
28131,179.4,169.05,158.59,132.64,111.01,56.45,0.49
28133,54.3,52.18,53.52,46.62,38.86,32.55,26.99
28135,11.1,33.49,38.27,31.68,27.67,20.34,14.03
28137,143.3,137.7,129.01,111.1,91.01,51.42,13.45
28139,121.9,119.77,106.83,92.18,72.93,26.51,-19.42
28141,161.9,148.31,159.07,133.94,108.68,56.99,6.75
28143,1.6,17.67,36.19,34.51,29.33,8.65,-10.27
28145,132.3,124.47,115.9,100.33,81.28,64.11,47.77
28147,70.9,68.98,67.19,65.12,51.15,18.65,-16.16
28149,120.7,111.84,106.0,93.06,73.89,76.71,78.67
28151,110.1,108.13,103.97,92.59,73.9,65.83,58.34
28153,144.7,139.94,135.24,122.6,95.71,35.93,-24.52
28155,137.3,128.21,152.31,142.77,118.76,99.9,81.3
28157,116.9,111.09,93.35,76.37,64.86,40.57,13.26
28159,130.0,119.25,116.01,96.25,78.29,27.68,-22.53
28161,59.9,58.52,55.27,48.67,40.5,11.77,-15.16
28163,65.9,65.02,62.21,55.65,47.08,10.56,-26.04
29001,158.9,140.64,117.21,103.56,90.2,88.72,83.54
29003,2.2,1.38,0.66,-0.08,-0.33,0.59,-0.73
29005,54.9,32.98,94.54,93.44,88.22,62.68,35.39
29007,76.0,72.24,69.85,62.36,60.99,30.23,-2.9
29009,134.0,110.43,122.92,108.67,95.69,61.99,29.43
29011,66.4,61.4,121.66,106.38,78.66,43.18,6.58
29013,57.8,61.21,56.91,46.16,30.86,27.62,23.01
29015,106.6,107.57,103.62,97.57,81.77,27.92,-27.66
29017,70.2,66.63,64.86,55.24,46.46,18.09,-10.75
29019,53.8,51.14,46.73,41.09,36.65,83.48,128.48
29021,127.6,119.5,110.1,97.11,84.54,61.4,36.37
29023,216.1,197.67,181.3,162.99,143.31,134.63,126.78
29025,2.8,2.1,2.75,1.66,-0.38,4.38,6.34
29027,41.3,44.12,43.68,38.0,32.94,18.92,3.8
29029,134.7,119.72,111.71,93.63,94.6,56.1,15.82
29031,128.3,125.4,117.46,105.54,88.01,107.87,127.45
29033,76.5,52.09,83.86,82.03,70.2,48.92,25.14
29035,1.9,0.07,0.71,-0.52,-0.9,9.32,20.07
29037,117.9,109.75,106.24,97.51,84.84,46.75,6.94
29039,19.7,17.26,10.0,69.01,130.03,79.43,26.72
29041,29.0,40.61,37.28,32.67,27.54,3.63,-23.65
29043,90.9,82.21,73.92,65.21,55.74,54.88,54.43
29045,4.8,6.18,77.18,72.35,59.45,51.61,41.99
29047,101.2,94.82,89.51,79.1,69.14,54.95,38.56
29049,63.8,64.53,62.49,56.73,54.6,29.02,2.17
29051,122.9,108.53,97.98,85.45,70.71,70.11,69.09
29053,45.9,41.85,38.16,35.26,29.35,20.37,8.9
29055,65.2,82.76,84.03,81.23,73.55,5.65,-62.03
29057,51.5,40.96,34.68,30.52,24.32,42.99,61.32
29059,42.4,37.18,33.75,30.58,23.11,10.57,-0.8
29061,36.8,32.14,31.99,28.57,25.63,33.23,37.6
29063,0.0,-0.04,-0.06,-0.25,-0.05,2.68,3.84
29065,121.4,105.37,95.88,84.69,81.02,62.03,43.12
29067,99.4,88.85,84.26,78.38,66.28,19.23,-27.19
29069,201.8,174.44,163.54,165.96,147.59,58.26,-30.4
29071,115.2,108.33,100.91,88.67,75.14,52.39,29.37
29073,39.7,53.41,67.6,70.27,70.28,33.77,-2.4
29075,46.0,45.89,50.05,52.0,62.49,29.75,-5.49
29077,127.0,116.5,108.88,98.06,85.05,86.1,87.38
29079,149.2,131.72,111.24,99.66,91.99,46.3,-2.43
29081,132.7,126.42,125.13,113.61,100.08,45.29,-12.17
29083,166.1,146.82,147.71,132.25,114.1,77.98,40.05
29085,9.5,7.38,3.91,2.04,-0.06,11.41,22.83
29087,0.0,-0.44,0.69,-0.11,-0.41,1.17,1.14
29089,4.3,3.55,0.94,-0.17,-0.62,49.44,97.38
29091,192.7,177.12,164.13,150.76,132.56,105.52,79.31
29093,142.8,137.13,139.11,135.46,121.6,15.8,-89.82
29095,88.3,83.68,79.58,69.05,60.27,63.0,63.74
29097,169.3,153.58,142.14,127.89,112.93,103.6,93.91
29099,90.7,83.26,78.46,72.62,64.67,35.16,4.5
29101,57.8,57.11,54.75,48.47,42.74,31.64,18.32
29103,2.0,2.11,3.84,0.78,-0.22,-0.89,-4.56
29105,127.8,112.93,108.49,96.57,81.98,40.97,-0.35
29107,61.1,54.84,45.2,43.36,39.24,34.62,28.11
29109,57.9,55.31,51.67,45.71,41.82,34.36,27.44
29111,2.9,3.11,4.73,3.1,44.47,55.2,62.62
29113,86.2,77.47,73.43,66.63,56.57,30.08,2.6
29115,57.1,47.04,42.62,37.91,41.33,19.56,-6.1
29117,149.2,118.64,100.17,95.33,86.08,32.6,-24.82
29119,45.9,48.27,43.95,37.84,29.14,9.37,-10.13
29121,77.7,87.45,84.19,74.83,58.55,32.56,2.34
29123,156.5,152.05,128.96,127.15,115.4,43.1,-28.82
29125,4.5,11.36,0.12,-0.46,-0.49,4.12,8.96
29127,128.0,125.31,118.91,107.44,97.74,90.51,79.78
29129,74.3,69.42,61.11,51.08,41.78,22.97,1.19
29131,73.6,69.07,71.11,61.73,54.5,20.98,-13.68
29133,77.0,66.38,65.6,59.72,57.88,66.91,75.88
29135,2.5,1.44,0.08,-0.12,-0.23,6.69,12.59
29137,3.1,2.63,2.56,1.0,-0.26,4.39,5.72
29139,72.2,65.65,59.97,47.57,39.46,29.93,19.92
29141,38.6,33.4,30.58,26.02,40.4,4.66,-32.71
29143,64.4,66.49,70.72,65.37,64.42,9.36,-45.69
29145,58.5,54.86,53.47,49.14,48.62,22.87,-2.07
29147,84.8,86.1,77.98,69.82,60.94,40.67,18.27
29149,61.4,56.85,52.65,54.57,50.27,5.35,-38.47
29151,28.1,25.94,23.96,21.92,18.28,20.15,22.37
29153,57.9,54.25,49.55,50.8,53.6,13.74,-24.71
29155,142.2,141.25,147.5,101.56,33.33,64.17,95.39
29157,68.0,63.81,61.91,56.22,47.75,10.37,-27.48
29159,96.4,76.92,78.84,71.71,67.85,36.87,3.43
29161,139.0,118.82,91.99,82.32,75.87,81.69,87.75
29163,70.1,68.23,69.31,80.75,76.04,41.4,4.29
29165,78.9,72.06,68.33,60.12,52.74,41.07,26.75
29167,118.7,102.87,98.97,88.27,65.21,46.14,27.07
29169,54.1,48.21,42.09,33.34,27.36,35.7,43.43
29171,2.6,0.61,54.22,44.83,34.45,12.64,-11.46
29173,0.0,-0.22,-0.39,-0.48,-0.61,10.08,17.37
29175,116.8,110.9,114.26,110.03,97.0,38.26,-23.37
29177,79.1,70.06,77.44,69.97,55.94,36.59,15.0
29179,3.3,1.8,1.46,0.72,-0.38,5.31,12.21
29181,197.2,164.81,146.51,127.53,96.86,42.78,-10.65
29183,81.2,78.21,75.18,67.41,59.66,38.56,16.3
29185,4.3,3.8,2.14,25.67,34.99,31.12,25.11
29186,37.5,38.41,44.83,42.33,39.93,24.41,8.74
29187,197.9,178.2,171.75,156.33,138.78,106.01,73.14
29189,75.3,72.05,68.95,62.82,55.36,72.79,89.29
29195,69.3,89.7,88.61,78.25,72.27,51.11,27.61
29197,0.0,-0.35,2.15,0.25,1.72,-0.21,-5.29
29199,4.8,3.75,95.48,85.95,67.21,35.31,0.47
29201,137.6,127.7,118.55,114.79,98.92,80.7,62.49
29203,2.0,0.51,40.19,35.21,30.04,3.98,-21.99
29205,40.1,33.82,32.05,27.26,22.86,5.03,-16.57
29207,125.7,105.59,99.28,86.31,74.57,43.44,12.66
29209,86.1,80.71,74.47,69.56,69.94,31.94,-6.26
29211,2.0,14.36,75.61,69.32,50.42,63.29,72.62
29213,132.0,119.82,112.95,99.48,82.35,68.33,55.2
29215,75.9,63.28,65.78,49.95,37.4,26.1,14.74
29217,111.0,95.91,87.33,76.83,61.66,39.3,15.1
29219,74.4,68.34,61.11,57.05,50.36,10.4,-29.92
29221,52.7,47.55,41.82,36.89,24.34,9.83,-5.18
29223,33.2,27.66,26.09,4.69,-0.29,-0.89,-1.33
29225,114.8,104.37,98.13,90.18,75.1,30.9,-13.08
29227,4.2,4.05,3.92,0.71,-0.25,-1.09,-4.97
29229,143.6,133.55,121.72,113.46,102.75,57.84,13.42
29510,60.8,57.66,54.2,47.84,42.13,83.22,123.47
30001,92.0,89.41,86.47,76.69,68.18,39.85,12.54
30003,2.1,2.05,1.13,18.25,21.05,9.87,-1.83
30005,47.5,39.89,38.15,35.02,32.12,12.37,-9.36
30007,1.7,0.7,33.07,31.09,28.05,12.96,-0.4
30009,0.9,1.68,26.05,24.51,23.17,16.39,9.12
30011,0.0,-0.11,-0.09,-0.03,-0.21,0.62,-0.44
30013,113.9,102.87,97.26,79.95,65.44,57.05,49.99
30015,42.1,34.05,32.93,26.89,20.23,15.62,11.39
30017,126.7,116.3,105.51,99.06,81.33,81.25,81.51
30019,8.9,7.45,5.73,4.65,0.09,0.73,1.23
30021,94.3,92.81,86.56,83.73,63.72,36.62,9.33
30023,96.3,96.5,95.63,75.9,72.65,52.09,32.53
30025,5.2,2.98,2.85,2.38,0.07,0.9,0.28
30027,90.6,82.21,79.97,72.33,64.36,40.14,15.34
30029,103.8,95.71,88.89,79.39,72.06,67.61,62.95
30031,56.6,51.6,47.63,38.72,32.01,29.96,29.97
30033,0.0,-0.13,-0.01,-0.09,-0.13,7.1,13.43
30035,49.6,42.19,31.43,36.46,30.97,16.92,4.58
30037,0.0,-0.04,1.06,0.06,-0.19,-0.21,1.22
30039,0.0,-0.3,-0.17,-0.65,-0.48,17.52,35.96
30041,79.5,64.92,59.38,47.94,42.07,30.11,18.99
30043,16.3,15.39,14.56,12.38,16.24,15.36,16.62
30045,0.0,-0.29,0.2,-0.26,-0.39,-0.42,0.12
30047,75.8,67.88,64.37,60.88,57.16,44.26,31.14
30049,84.5,79.12,72.15,63.93,55.7,46.96,40.6
30051,35.1,31.32,40.44,36.69,36.69,12.14,-12.06
30053,113.3,100.51,101.28,93.33,85.16,57.25,29.44
30055,0.0,-0.06,-0.09,-0.09,-0.25,35.73,71.37
30057,16.0,4.12,28.44,24.47,22.23,12.62,4.69
30059,62.7,57.27,55.17,49.67,42.32,27.25,13.97
30061,72.0,63.76,51.15,43.49,41.11,19.33,-2.15
30063,85.3,75.55,71.2,62.33,57.46,59.61,62.58
30065,0.0,-0.07,-0.12,-0.12,-0.09,31.48,63.12
30067,48.4,45.68,45.6,42.51,35.05,28.15,23.03
30069,0.0,-0.09,-0.01,-0.08,-0.12,0.18,-0.29
30071,79.8,59.86,84.02,77.14,62.91,46.25,28.92
30073,6.4,76.61,67.9,65.16,60.45,41.8,24.46
30075,58.2,48.01,38.83,33.69,28.49,2.39,-26.12
30077,85.4,81.52,76.08,69.06,57.45,45.01,33.39
30079,0.0,-0.17,-0.3,-0.18,-0.62,20.64,41.51
30081,88.4,76.32,77.78,71.07,61.76,32.94,3.17
30083,68.4,60.2,63.49,59.98,52.7,33.98,15.45
30085,27.7,26.37,26.93,23.59,23.34,28.6,33.96
30087,40.8,37.26,38.5,38.34,38.47,18.76,-0.73
30089,94.2,68.74,78.25,69.32,62.37,45.05,27.76
30091,0.0,-0.1,-0.02,-0.08,-0.11,4.7,7.56
30093,112.7,108.27,99.32,86.96,76.14,55.5,36.92
30095,2.5,2.63,41.12,43.71,41.07,21.57,2.19
30097,3.1,1.82,43.89,45.49,43.01,12.7,-15.97
30099,88.7,73.08,64.85,57.46,29.77,13.57,-2.0
30101,57.9,62.88,57.8,49.36,51.13,113.19,175.28
30103,0.0,-0.07,-0.09,0.1,-0.01,0.05,-0.49
30105,52.7,48.9,42.36,39.43,32.66,16.59,0.34
30107,0.6,2.23,45.22,50.92,41.6,4.98,-29.93
30109,0.0,-0.06,-0.1,-0.04,-0.47,-0.42,-1.73
30111,101.7,95.82,87.8,74.64,65.64,73.33,81.37
31001,83.7,79.02,77.65,69.44,67.64,49.12,29.22
31003,59.5,53.74,48.71,47.78,48.46,42.91,35.79
31005,0.0,-0.05,0.08,-0.44,-0.4,-1.42,-3.32
31007,0.0,-0.19,-0.29,-0.35,-0.26,0.04,-0.92
31009,0.0,-0.14,0.08,-0.2,-0.15,-0.44,-3.28
31011,4.9,5.54,2.17,0.62,-0.17,10.71,19.5
31013,83.6,90.8,101.08,102.07,89.69,73.54,57.06
31015,65.4,29.82,1.34,-0.43,-0.63,11.54,22.94
31017,64.3,59.67,55.93,42.15,34.39,9.71,-16.12
31019,79.6,77.28,74.06,69.91,67.89,74.27,79.14
31021,54.9,46.81,22.69,19.79,17.66,17.54,16.02
31023,72.3,69.03,65.64,55.27,52.37,49.88,44.04
31025,25.3,26.01,25.58,33.77,29.78,11.12,-10.79
31027,37.8,36.86,34.55,34.73,32.68,16.95,1.13
31029,75.9,69.97,64.72,56.96,53.22,84.12,113.16
31031,82.3,84.67,90.89,78.92,60.63,21.98,-18.71
31033,68.4,54.93,45.79,39.98,35.54,27.65,19.75
31035,1.4,0.88,0.62,-0.41,-0.23,2.22,1.83
31037,1.4,1.15,0.29,-0.61,-0.46,9.71,16.7
31039,29.6,29.85,28.5,25.48,23.15,6.75,-11.46
31041,93.1,83.63,90.77,79.89,75.98,48.31,18.73
31043,75.1,73.36,72.98,66.07,63.3,28.75,-6.65
31045,75.6,71.05,72.9,65.94,56.89,37.62,17.83
31047,53.4,51.93,56.07,57.79,54.95,28.34,0.5
31049,4.3,4.26,3.82,0.73,-0.31,2.58,5.09
31051,11.2,12.02,12.44,10.97,10.48,12.85,14.75
31053,107.7,104.29,100.3,90.73,79.98,56.81,30.06
31055,72.3,66.9,64.39,57.19,49.54,63.72,75.39
31057,111.3,114.73,124.04,107.28,107.56,51.47,-5.62
31059,2.5,4.62,2.51,0.28,-0.09,17.6,32.22
31061,3.6,3.79,0.25,-0.5,-0.44,68.67,135.93
31063,0.0,-0.17,-0.1,-0.16,-0.08,2.19,3.44
31065,2.1,3.26,2.75,0.91,0.0,23.79,46.61
31067,90.3,76.69,63.06,54.3,41.84,25.65,6.78
31069,104.1,111.32,116.92,103.54,90.17,38.2,-14.08
31071,7.3,11.23,13.02,97.68,159.65,99.5,38.21
31073,0.0,-0.05,0.16,0.12,-0.27,-0.77,-2.91
31075,0.0,0.08,0.12,0.07,-0.25,-0.24,-0.69
31077,0.4,0.94,-0.17,-0.18,-0.03,0.18,-1.25
31079,89.1,83.22,77.66,70.56,64.68,65.91,64.79
31081,68.9,67.8,65.03,59.21,53.43,55.33,55.53
31083,86.2,85.38,85.91,81.91,80.28,34.72,-13.86
31085,0.0,-0.18,-0.08,-0.26,-0.02,2.33,3.55
31087,0.0,-0.33,-0.14,-0.4,0.0,15.94,30.37
31089,78.2,72.91,59.62,36.35,13.27,23.69,32.4
31091,0.0,0.05,0.07,-0.0,-0.11,12.35,23.5
31093,80.9,77.93,70.96,60.7,55.49,41.62,25.53
31095,135.5,117.47,118.01,109.97,105.91,50.74,-6.0
31097,51.4,50.55,45.63,43.1,44.52,60.04,72.37
31099,69.9,65.74,62.84,54.44,45.21,34.47,20.78
31101,134.1,122.84,119.89,104.57,93.99,51.52,7.72
31103,0.0,0.2,-1.02,-1.06,-0.74,-0.71,-2.32
31105,0.0,-0.38,2.43,0.99,-0.11,14.88,29.21
31107,32.2,27.36,27.39,26.99,28.6,31.44,33.24
31109,69.0,64.34,62.48,56.47,50.44,51.09,48.73
31111,107.8,102.41,96.29,90.91,81.83,76.07,69.36
31113,0.0,-0.16,0.02,-0.18,-0.23,-0.35,-1.91
31115,0.0,-0.0,0.12,2.95,2.41,-2.35,-7.55
31117,0.0,-0.12,-0.14,-0.1,-0.1,0.04,-0.98
31119,103.2,96.36,89.82,84.24,79.78,72.26,62.73
31121,66.7,65.55,61.42,58.22,75.54,41.07,3.94
31123,58.0,68.33,60.93,56.78,57.19,18.18,-21.18
31125,21.7,43.14,44.25,43.15,39.84,9.97,-23.16
31127,104.5,101.19,95.55,89.48,82.64,68.0,51.78
31129,78.0,67.85,45.12,41.13,42.62,12.05,-20.86
31131,97.6,92.61,87.16,80.51,71.02,46.77,18.93
31133,84.0,79.92,71.11,51.93,50.66,53.31,54.72
31135,64.5,65.0,67.38,68.84,75.5,92.27,107.29
31137,113.8,110.99,114.23,115.75,105.44,94.16,80.69
31139,29.9,25.87,28.15,27.1,25.22,32.57,38.28
31141,83.1,78.75,77.42,67.22,60.73,33.69,3.56
31143,34.2,26.44,24.59,22.23,22.85,9.21,-7.34
31145,131.5,118.95,111.84,102.01,103.4,53.73,3.1
31147,60.4,53.73,52.27,45.45,38.05,16.56,-6.13
31149,0.0,-0.27,-0.53,-0.5,-0.39,4.86,9.22
31151,62.3,57.01,52.72,48.87,48.32,26.49,1.93
31153,59.2,55.62,53.24,46.31,39.89,30.48,18.91
31155,48.4,44.18,32.31,26.8,19.78,17.99,12.72
31157,110.5,101.87,94.56,86.0,76.14,81.67,85.96
31159,49.3,56.22,51.62,50.04,47.08,28.27,5.75
31161,0.7,1.21,1.0,15.87,0.49,2.49,3.51
31163,2.7,2.76,1.97,0.96,-0.21,3.54,5.88
31165,0.0,-0.14,-0.07,-0.23,-0.28,-0.62,-1.57
31167,0.0,-0.45,-0.36,-0.51,-0.44,0.73,0.93
31169,4.0,4.72,3.69,0.65,0.02,8.01,14.64
31171,0.0,-0.02,0.01,-0.15,-0.11,1.95,1.39
31173,28.2,4.72,1.51,0.28,-0.22,17.67,34.45
31175,5.2,10.78,7.58,3.75,2.08,28.01,52.71
31177,64.4,60.8,57.83,50.64,42.61,17.44,-10.09
31179,56.6,51.79,51.45,48.45,43.54,28.14,11.44
31181,5.7,4.52,4.95,3.1,0.18,6.3,10.44
31183,0.0,0.03,-0.24,1.0,0.81,-0.36,-2.96
31185,116.4,106.06,100.1,93.8,87.24,62.32,35.03
32001,135.2,121.95,108.22,101.04,77.83,44.87,11.7
32003,85.3,81.35,77.47,70.68,53.12,48.5,42.2
32005,105.9,103.96,103.91,98.78,82.84,46.67,12.14
32007,78.8,68.88,64.01,58.34,42.04,33.18,23.46
32009,0.0,-0.12,-0.1,-0.38,-0.44,-0.42,-2.59
32011,0.0,-0.14,-0.12,-0.13,-0.31,11.34,22.01
32013,80.5,88.76,78.92,69.05,45.09,11.21,-22.2
32015,1.7,1.33,0.15,0.44,-0.36,2.4,4.05
32017,97.7,93.66,85.7,76.41,67.02,52.44,37.26
32019,108.5,101.32,92.55,84.25,64.47,15.56,-32.63
32021,145.9,135.05,120.84,102.82,65.54,58.6,50.67
32023,146.6,141.92,137.04,118.59,90.9,46.78,2.77
32027,52.1,46.0,38.85,31.49,23.94,11.78,-0.63
32029,0.0,-0.66,-0.87,-1.2,-2.11,29.12,61.14
32031,98.0,90.56,83.67,73.85,57.73,57.23,57.35
32033,115.4,109.57,101.4,90.66,71.9,29.88,-13.31
32510,144.1,139.35,130.82,116.43,93.07,98.43,105.24
33001,87.0,82.18,68.74,57.68,49.59,26.83,4.1
33003,90.0,85.05,74.94,64.68,56.16,52.63,48.86
33005,79.2,74.23,65.39,53.45,45.31,29.82,13.6
33007,93.9,87.85,71.63,57.93,50.71,45.83,40.76
33009,87.1,80.24,68.2,55.1,48.13,59.9,72.44
33011,70.1,64.96,54.64,43.54,38.57,34.92,32.51
33013,90.4,86.03,73.72,59.67,52.17,46.15,41.27
33015,76.0,71.86,63.08,52.8,47.27,29.97,13.38
33017,95.0,91.37,79.98,64.69,55.45,49.0,42.56
33019,66.5,61.86,54.8,44.27,38.35,24.93,11.8
34001,84.7,80.51,74.54,64.42,54.27,56.39,59.12
34003,44.4,44.27,42.38,36.85,32.02,30.81,27.35
34005,73.9,73.25,68.98,59.38,51.09,53.69,55.59
34007,90.8,87.91,84.51,72.04,61.55,63.36,64.86
34009,96.8,95.03,88.19,76.19,64.87,36.5,8.52
34011,98.0,97.98,91.7,78.27,68.71,40.29,12.58
34013,43.0,42.43,39.55,33.5,29.14,33.18,34.12
34015,85.8,82.85,78.51,68.05,58.23,42.8,27.34
34017,38.6,38.31,36.72,31.99,28.0,23.6,16.46
34019,46.3,44.97,42.68,34.82,31.87,23.29,12.66
34021,59.6,58.98,54.21,46.48,42.26,38.07,32.65
34023,45.8,44.51,41.41,37.14,32.62,30.88,27.43
34025,61.8,59.41,55.11,46.85,41.02,40.13,38.65
34027,45.9,45.16,42.31,35.53,30.34,34.86,37.29
34029,72.6,70.59,66.46,56.15,48.09,25.01,1.91
34031,50.8,50.58,46.29,38.97,32.74,32.25,29.8
34033,80.5,78.04,72.06,60.29,50.12,25.93,2.14
34035,38.7,38.68,36.77,31.51,26.98,24.21,19.02
34037,63.7,60.89,59.31,49.76,42.82,24.84,5.15
34039,45.2,44.9,40.96,34.75,29.78,25.37,17.84
34041,77.5,75.28,70.64,59.09,51.34,37.82,21.73
35001,74.7,74.6,68.83,59.56,51.18,55.69,62.73
35003,0.0,-0.04,-0.2,-0.2,-0.07,23.5,48.27
35005,88.8,84.56,81.24,69.07,62.43,55.35,50.87
35006,28.8,38.87,39.68,37.28,30.72,18.51,7.47
35007,85.8,74.19,69.87,62.34,53.22,73.18,94.92
35009,79.1,67.98,63.82,53.03,47.06,23.99,1.51
35011,26.2,7.48,7.19,6.7,0.06,4.96,12.21
35013,51.3,49.12,46.59,41.3,36.87,35.48,35.74
35015,98.9,94.43,89.63,79.3,70.97,71.34,74.3
35017,103.7,94.75,83.94,64.83,54.52,44.69,37.35
35019,9.9,8.26,6.88,6.65,0.11,48.09,98.01
35021,0.0,-0.21,-0.26,-0.2,-0.2,21.58,43.55
35023,0.0,-0.1,-0.31,-0.31,-0.22,15.7,34.17
35025,79.4,70.62,72.05,65.64,65.01,38.06,12.13
35027,97.9,95.49,92.47,81.67,66.82,30.13,-3.84
35028,63.0,64.47,69.81,63.08,56.2,39.07,25.11
35029,95.8,92.52,73.3,64.92,59.02,43.59,29.86
35031,22.9,23.19,22.68,20.78,18.8,13.27,9.19
35033,0.0,-0.36,-0.29,-0.54,-0.4,3.85,10.69
35035,62.4,63.45,56.03,49.81,43.62,30.51,18.49
35037,110.1,103.95,87.42,77.19,67.37,45.17,23.87
35039,93.7,90.35,83.45,75.49,67.99,32.33,-1.33
35041,28.1,25.79,26.77,24.31,17.23,26.23,36.39
35043,57.4,57.22,54.6,47.99,41.84,24.26,9.24
35045,66.1,68.02,67.77,53.42,45.52,35.05,26.09
35047,85.0,75.09,68.98,56.25,49.54,36.77,26.37
35049,90.4,89.73,82.48,72.52,62.73,52.83,45.63
35051,115.0,98.63,91.4,76.04,68.6,36.69,5.97
35053,83.9,84.9,59.95,49.46,57.02,43.06,31.3
35055,96.6,90.44,85.91,72.58,61.36,63.43,66.97
35057,27.8,28.22,25.8,19.47,17.04,3.22,-7.9
35059,56.4,50.01,44.61,38.61,39.3,48.18,58.7
35061,90.2,86.39,79.46,70.28,61.35,24.38,-10.74
36001,51.5,50.44,46.7,42.66,37.64,59.39,79.24
36003,59.2,59.93,58.66,54.05,47.36,30.78,14.69
36005,32.5,32.27,30.6,26.69,23.11,22.87,20.81
36007,71.6,70.74,69.47,63.71,55.78,58.19,59.23
36009,79.6,79.5,73.47,65.57,57.63,39.16,19.97
36011,34.1,50.65,49.37,46.16,41.42,26.6,9.25
36013,81.7,80.83,72.7,62.82,54.46,43.94,33.13
36015,101.8,98.19,85.42,73.46,66.99,67.25,66.36
36017,55.7,56.88,52.81,51.49,43.29,29.5,14.13
36019,44.4,72.96,76.61,74.46,66.79,70.23,72.45
36021,61.3,62.74,61.1,58.34,50.11,37.85,24.85
36023,43.3,60.11,59.37,58.01,50.2,23.34,-5.77
36025,72.7,70.0,66.38,54.33,45.12,20.95,-5.12
36027,57.7,58.02,55.66,50.18,46.41,35.36,22.66
36029,73.7,73.22,67.08,59.64,53.16,59.5,64.84
36031,29.0,45.37,46.92,45.22,40.77,35.3,29.68
36033,26.7,62.67,67.71,64.35,57.15,36.26,14.9
36035,70.7,73.77,69.35,64.55,57.45,38.01,15.79
36037,59.8,58.95,54.92,49.75,43.7,49.94,55.89
36039,70.4,68.21,64.73,60.21,53.72,22.71,-10.22
36041,0.0,0.58,0.01,-0.15,-0.31,24.12,46.57
36043,34.9,48.03,49.64,45.18,38.45,20.11,-0.44
36045,27.3,55.58,59.44,55.42,50.86,53.26,55.22
36047,24.4,24.66,23.14,20.35,17.98,17.45,14.88
36049,20.3,36.47,40.84,36.63,30.47,24.16,17.51
36051,48.4,48.86,48.97,46.94,41.07,43.06,45.01
36053,45.5,60.13,59.38,53.39,48.62,45.68,41.16
36055,51.9,52.38,49.04,43.25,37.81,41.87,45.54
36057,78.4,84.3,81.44,76.21,68.35,52.44,33.78
36059,44.6,44.12,40.82,36.63,32.42,41.74,51.25
36061,42.7,42.13,39.45,34.37,30.01,56.36,80.76
36063,80.8,81.14,76.1,66.44,58.21,29.37,-0.2
36065,58.7,64.78,62.07,55.99,48.02,41.65,33.56
36067,46.2,58.04,55.92,50.79,46.8,63.51,78.04
36069,56.1,55.51,51.71,45.7,40.33,35.92,30.85
36071,61.4,61.62,58.73,52.43,44.93,35.15,24.35
36073,57.2,56.5,50.07,48.39,42.31,23.56,4.92
36075,44.8,57.98,57.99,54.4,48.72,25.49,0.52
36077,52.3,56.72,56.33,53.98,50.42,51.83,50.1
36079,41.7,41.76,40.83,38.68,34.37,28.76,21.75
36081,25.6,25.87,23.82,20.81,18.38,15.99,12.04
36083,59.3,59.76,57.2,53.03,47.5,32.72,16.19
36085,49.1,48.8,44.99,40.16,35.86,30.94,23.17
36087,35.3,35.12,34.4,31.15,27.87,28.93,27.99
36089,26.9,61.63,69.75,66.4,59.63,43.79,27.14
36091,52.9,53.57,50.98,45.3,39.11,32.16,23.59
36093,56.7,57.03,53.57,49.5,43.38,34.55,23.72
36095,49.2,50.69,47.73,50.94,45.51,35.11,21.92
36097,62.2,61.24,57.71,54.07,51.31,40.54,28.51
36099,27.1,43.31,44.94,44.31,40.05,24.21,6.7
36101,69.1,70.93,67.1,61.5,55.27,37.22,17.28
36103,54.7,53.64,51.2,46.26,41.89,33.64,25.04
36105,79.8,71.27,70.05,66.57,59.1,61.88,62.58
36107,42.2,42.53,43.06,39.53,32.41,21.11,8.86
36109,42.5,53.51,52.51,49.71,43.38,46.5,47.74
36111,66.4,68.21,67.49,59.43,53.26,37.66,21.6
36113,80.0,86.49,83.04,81.04,74.2,72.86,69.48
36115,66.2,68.44,66.01,59.73,53.38,28.28,2.07
36117,54.3,59.34,54.54,47.81,42.42,17.07,-8.77
36119,36.9,36.94,35.02,31.33,28.25,27.6,24.64
36121,53.7,54.17,51.47,46.48,43.09,27.1,11.07
36123,39.0,38.29,33.74,30.17,26.16,17.46,7.13
37001,96.0,87.93,83.12,74.25,63.87,37.38,10.73
37003,33.6,28.86,25.2,20.56,16.04,5.21,-5.99
37005,103.2,99.89,86.52,76.99,68.44,38.58,7.65
37007,91.3,86.29,77.68,72.3,64.74,10.05,-46.54
37009,110.3,105.65,102.88,94.98,78.56,46.98,15.8
37011,95.1,89.43,82.61,72.13,65.03,35.91,5.93
37013,141.3,143.19,141.2,131.61,111.7,53.8,-3.38
37015,65.0,64.21,53.36,26.56,1.47,42.24,84.51
37017,114.8,117.8,113.97,104.97,96.47,34.78,-27.23
37019,123.7,116.9,110.43,95.97,81.09,40.73,-0.32
37021,95.6,88.81,81.11,71.68,58.8,72.63,86.59
37023,159.3,154.7,151.22,125.94,102.11,67.45,32.04
37025,110.3,101.66,94.96,83.58,69.81,59.8,50.08
37027,148.9,140.99,135.71,119.89,106.41,59.41,10.81
37029,0.0,-0.49,-0.65,-1.35,3.39,-2.59,-6.18
37031,119.1,114.44,101.69,86.95,75.62,61.84,48.27
37033,15.2,13.4,12.08,6.89,-1.16,0.48,1.34
37035,142.6,133.73,129.09,115.02,98.59,104.71,109.93
37037,47.9,43.62,43.46,37.71,31.86,16.51,0.81
37039,125.8,112.6,122.47,118.28,107.42,63.19,19.68
37041,113.1,108.94,110.6,105.31,98.39,59.0,21.17
37043,133.9,138.22,122.02,117.83,108.8,37.48,-33.43
37045,148.5,139.02,128.6,116.9,103.84,114.35,124.57
37047,198.0,189.46,178.04,140.73,119.27,76.41,32.87
37049,129.0,128.78,112.96,98.99,85.56,72.65,60.23
37051,96.5,96.25,86.63,76.33,67.32,64.21,60.21
37053,21.3,19.65,18.82,14.99,12.6,11.19,12.9
37055,132.3,119.23,107.86,99.18,87.55,75.19,64.32
37057,84.5,78.11,79.3,70.1,59.98,33.28,6.15
37059,120.9,112.56,96.78,89.09,75.82,31.52,-12.38
37061,90.9,80.73,78.46,69.68,54.75,28.7,2.67
37063,57.8,54.46,49.37,41.42,34.53,72.24,109.96
37065,55.5,54.27,75.82,70.75,61.09,30.49,0.74
37067,92.6,84.06,76.47,65.72,55.81,94.67,133.54
37069,67.5,62.85,56.33,47.6,41.11,14.64,-10.08
37071,138.1,127.08,119.12,102.55,88.52,69.39,50.45
37073,3.0,2.25,2.12,-0.59,-1.45,-1.61,0.03
37075,111.2,114.0,102.26,89.68,80.52,11.49,-56.91
37077,87.6,85.57,79.44,62.9,52.78,24.74,-2.4
37079,34.0,33.91,28.73,27.34,23.0,20.82,20.33
37081,88.9,83.74,75.07,65.4,56.0,59.49,62.51
37083,128.0,123.27,117.14,104.96,92.59,53.25,15.88
37085,93.7,86.7,80.29,72.06,59.12,48.28,36.58
37087,111.6,105.05,102.22,92.55,80.04,61.64,43.54
37089,94.0,89.67,84.04,73.52,61.21,40.58,20.06
37091,139.6,133.13,136.11,122.11,104.6,70.32,38.57
37093,66.5,60.45,60.14,54.7,36.13,18.21,-0.41
37095,52.7,68.06,64.05,58.59,49.91,1.61,-45.63
37097,116.4,108.82,101.96,91.15,77.97,74.12,70.97
37099,109.9,101.32,92.08,81.17,68.38,43.24,18.61
37101,74.8,73.33,69.96,60.98,49.18,36.58,24.68
37103,5.3,4.92,22.15,34.26,40.0,15.23,-8.93
37105,130.6,120.44,128.49,114.1,97.12,62.18,27.08
37107,91.8,83.19,87.85,82.41,68.01,48.83,30.63
37109,130.6,123.22,115.78,99.38,84.04,44.69,4.52
37111,97.6,92.88,87.22,77.09,60.37,35.36,9.99
37113,107.1,94.39,90.34,83.41,73.37,31.62,-9.52
37115,63.3,60.59,58.3,51.17,42.34,12.42,-17.79
37117,93.5,83.03,100.31,97.78,84.59,38.67,-5.39
37119,63.7,59.33,54.17,46.69,39.41,53.79,68.57
37121,167.0,163.97,151.06,129.88,110.35,82.09,53.65
37123,74.9,70.53,65.22,54.67,44.96,29.72,15.08
37125,135.7,133.64,127.99,103.55,82.58,120.92,158.84
37127,114.9,108.06,93.98,83.74,72.66,82.46,94.63
37129,119.1,114.54,103.43,85.49,69.48,86.66,103.51
37131,1.6,0.82,13.71,12.67,12.94,4.44,-1.81
37133,86.1,80.57,77.36,65.94,56.81,49.49,41.95
37135,46.8,43.75,41.84,36.63,31.87,92.06,152.31
37137,74.0,79.52,85.4,81.77,75.84,10.66,-54.01
37139,141.5,137.28,131.63,119.91,98.97,60.66,24.71
37141,46.1,45.87,49.73,47.95,39.64,22.82,4.84
37143,40.2,37.96,36.03,29.74,24.47,19.78,17.08
37145,112.2,110.06,104.72,91.96,77.89,26.91,-23.87
37147,94.0,89.52,83.94,72.8,62.1,113.35,165.92
37149,68.9,71.87,64.83,55.07,46.96,28.6,9.84
37151,79.8,75.99,71.55,63.05,53.66,34.24,14.44
37153,160.3,136.54,149.48,136.83,115.84,95.07,73.08
37155,141.1,139.79,129.64,114.06,102.61,61.74,19.65
37157,148.4,131.3,130.62,120.9,107.12,62.92,18.19
37159,96.4,90.15,80.88,72.44,63.03,54.72,47.48
37161,106.4,103.05,97.23,89.01,77.67,41.52,4.74
37163,95.4,92.71,87.28,77.81,65.51,35.11,4.38
37165,225.1,216.68,193.73,167.89,143.64,104.95,64.9
37167,139.1,128.69,111.98,101.01,87.27,35.78,-16.31
37169,91.2,84.91,85.25,81.37,70.29,36.77,3.48
37171,191.5,181.76,165.07,141.68,122.66,64.07,4.91
37173,104.8,97.25,88.49,77.75,69.18,106.55,144.38
37175,115.8,106.43,99.06,86.99,74.59,42.09,10.35
37177,74.3,93.28,88.61,79.61,70.69,14.24,-40.56
37179,76.6,72.83,67.6,60.3,51.68,26.26,-0.16
37181,146.4,135.0,121.72,102.37,87.42,50.08,14.25
37183,61.3,58.5,54.5,47.3,40.87,39.32,38.02
37185,31.6,33.06,31.54,28.17,23.98,2.02,-18.51
37187,103.2,99.35,88.08,86.17,83.87,41.27,-0.34
37189,92.1,85.46,76.96,68.43,62.9,52.71,41.15
37191,88.8,80.47,78.44,71.16,59.09,41.64,24.63
37193,100.2,97.19,91.39,79.39,68.02,34.04,-0.69
37195,105.7,98.89,91.06,81.98,72.13,37.02,3.24
37197,74.4,64.8,67.87,55.47,46.47,27.07,7.17
37199,111.6,109.22,98.98,84.9,73.47,36.44,-1.39
38001,148.5,123.86,120.1,101.31,85.69,108.99,131.65
38003,76.7,67.12,63.62,54.24,51.07,38.17,26.11
38005,6.9,6.83,6.89,5.86,3.87,1.58,-0.01
38007,0.0,-0.35,-0.13,-0.1,-0.08,-0.57,-2.54
38009,47.6,41.63,35.73,29.59,26.54,12.29,-1.36
38011,41.7,53.18,55.07,52.17,41.33,28.86,13.63
38013,0.0,-0.11,0.04,0.01,-0.03,4.03,7.91
38015,79.7,76.13,68.02,58.43,52.69,65.62,77.78
38017,42.7,36.64,30.65,24.5,20.37,36.82,51.67
38019,22.9,50.67,46.02,45.25,42.32,40.18,39.77
38021,79.7,74.45,66.54,62.93,52.11,35.52,19.14
38023,1.9,0.38,0.15,0.06,-0.04,3.74,7.13
38025,26.7,17.59,16.81,16.74,17.03,4.31,-10.5
38027,108.1,97.07,82.61,74.43,76.66,5.8,-65.0
38029,69.1,58.97,55.53,48.34,45.76,38.98,32.51
38031,107.2,117.1,107.26,88.94,82.46,82.26,82.14
38033,0.0,-0.04,-0.01,-0.0,-0.0,4.39,6.94
38035,67.6,61.86,58.14,53.73,47.15,58.07,68.92
38037,0.6,0.13,0.42,0.21,-0.09,4.07,8.53
38039,0.0,0.04,25.19,51.52,47.49,6.92,-33.33
38041,24.1,20.51,20.75,22.49,17.71,1.95,-13.92
38043,44.7,40.85,33.86,29.85,25.28,19.14,13.46
38045,39.7,34.3,37.72,31.71,32.81,6.85,-18.45
38047,0.0,-0.18,0.1,-0.44,-0.24,12.46,24.53
38049,0.7,0.67,16.92,19.15,20.0,6.94,-7.1
38051,52.6,43.26,41.6,35.66,30.15,30.23,29.41
38053,58.3,42.29,33.8,34.5,37.27,12.69,-12.65
38055,50.9,45.32,41.47,35.17,34.44,25.26,14.6
38057,73.6,71.26,68.19,62.24,53.85,42.82,30.13
38059,50.0,47.44,41.86,38.18,37.11,13.09,-11.5
38061,14.8,11.89,10.73,10.57,8.16,2.3,-4.79
38063,35.8,34.05,32.68,28.43,30.34,4.69,-20.37
38065,0.0,-0.19,-0.37,-0.35,-0.23,-0.74,-3.41
38067,69.5,66.55,54.36,51.6,45.4,41.96,39.06
38069,55.4,59.01,59.51,50.64,53.55,48.42,44.17
38071,142.1,131.22,120.86,110.35,101.13,67.92,34.83
38073,83.9,73.17,55.2,47.24,46.16,31.54,17.23
38075,20.7,18.43,26.59,24.39,23.47,0.86,-22.15
38077,43.2,35.49,33.92,27.67,24.69,24.95,24.66
38079,6.4,5.44,4.1,2.97,2.88,3.35,5.09
38081,1.6,0.7,-0.51,-0.45,-0.31,0.78,1.01
38083,0.0,-0.1,1.69,-0.25,-0.21,2.65,4.6
38085,0.0,-0.21,-0.15,-0.23,-0.07,-0.11,0.47
38087,0.0,0.29,0.06,-0.14,-0.43,-0.5,-2.36
38089,81.2,71.94,67.27,61.69,56.44,39.25,21.03
38091,0.0,0.4,0.38,0.52,-0.19,-1.32,-2.66
38093,89.7,84.04,75.28,63.81,59.82,30.55,2.17
38095,0.0,0.59,0.33,1.61,-0.04,10.84,22.41
38097,18.3,39.06,27.52,19.49,15.47,10.66,5.72
38099,61.0,57.92,44.28,39.58,33.8,20.28,6.38
38101,76.5,71.08,61.7,52.61,46.97,45.02,41.78
38103,3.5,2.18,73.52,65.03,57.52,52.77,47.72
38105,76.8,66.3,59.9,55.67,49.58,34.58,19.26
39001,91.8,87.82,83.43,78.31,68.94,39.86,11.48
39003,109.6,99.45,90.41,77.12,66.43,70.4,74.82
39005,51.9,48.79,44.73,36.89,30.05,18.9,8.88
39007,86.9,75.39,67.64,59.55,49.47,35.63,22.96
39009,96.2,91.24,83.29,70.23,58.37,47.2,37.15
39011,55.5,51.82,49.78,43.07,35.71,21.2,8.08
39013,118.2,103.83,88.66,76.94,63.12,45.09,27.76
39015,102.4,95.95,86.91,76.65,67.56,28.49,-10.25
39017,93.4,85.4,77.33,66.04,55.2,44.63,34.14
39019,48.6,45.83,41.48,35.41,29.66,16.54,4.6
39021,81.9,74.81,70.25,62.02,55.27,14.4,-24.89
39023,115.7,109.13,104.37,89.25,76.67,57.92,39.79
39025,100.2,88.47,82.28,72.82,62.82,24.04,-14.73
39027,119.2,109.01,102.64,89.18,75.39,46.66,18.75
39029,99.0,92.28,84.33,69.36,57.45,26.24,-3.57
39031,87.0,84.55,80.56,69.05,55.06,28.78,2.93
39033,104.6,96.81,87.73,76.49,67.18,45.33,24.79
39035,70.1,66.93,61.29,50.42,39.22,53.71,69.04
39037,58.5,57.01,52.05,43.92,38.72,18.71,-1.57
39039,95.2,88.41,80.44,70.63,60.57,54.18,48.27
39041,62.0,58.24,54.29,47.85,41.42,30.29,20.08
39043,107.8,96.0,84.7,73.49,60.4,44.05,28.3
39045,86.2,80.23,73.49,62.83,54.49,50.03,46.9
39047,119.8,106.93,99.21,85.67,73.07,66.64,61.7
39049,88.5,80.63,72.4,60.08,50.27,62.88,76.49
39051,88.6,84.05,74.92,65.68,56.23,23.77,-8.7
39053,126.6,109.57,88.09,69.6,54.32,53.52,53.19
39055,61.2,58.66,54.65,46.62,39.67,23.12,7.35
39057,91.1,83.49,74.53,61.65,50.96,50.11,50.02
39059,116.4,104.3,97.41,84.74,72.68,32.35,-7.8
39061,86.4,78.75,72.35,62.46,52.74,71.31,90.45
39063,73.1,67.2,61.62,54.02,46.66,47.83,48.42
39065,82.8,72.12,68.94,59.68,51.19,13.66,-24.45
39067,72.8,70.15,64.87,57.51,48.91,11.11,-25.37
39069,66.1,61.75,54.53,49.22,41.62,13.0,-15.96
39071,127.8,110.94,102.52,91.14,79.53,30.32,-17.52
39073,108.4,103.34,94.69,78.96,67.69,25.34,-15.62
39075,32.3,28.86,23.55,20.05,16.35,8.39,0.86
39077,114.9,105.2,96.93,82.41,69.14,56.35,44.2
39079,175.3,152.95,134.87,114.67,90.59,35.04,-19.63
39081,138.7,122.41,112.43,95.6,80.8,74.89,70.71
39083,63.6,57.62,53.92,45.4,37.1,22.39,9.36
39085,85.0,80.43,74.81,62.67,51.61,43.08,35.48
39087,101.3,92.11,82.38,73.39,62.66,53.51,44.88
39089,76.6,72.04,65.81,56.24,47.81,24.25,1.64
39091,99.9,90.42,83.67,72.48,62.29,29.26,-3.07
39093,86.1,79.83,73.9,60.75,50.01,33.33,16.81
39095,112.1,106.21,98.2,85.57,73.9,82.83,92.11
39097,78.1,75.53,72.68,65.19,56.47,25.63,-4.47
39099,112.3,105.76,93.89,78.89,67.9,77.95,88.99
39101,115.9,109.35,102.96,92.09,83.17,81.66,81.01
39103,73.1,66.89,61.22,51.05,42.29,24.08,6.43
39105,84.1,71.89,63.26,51.84,41.74,11.1,-18.33
39107,58.9,46.97,47.51,41.8,36.52,24.76,13.15
39109,80.5,74.05,68.01,59.48,47.89,26.29,5.26
39111,60.3,55.47,44.98,36.98,28.76,14.26,-0.07
39113,111.8,103.69,93.49,77.49,63.61,70.47,77.99
39115,48.1,46.74,42.02,38.31,31.67,8.57,-13.92
39117,59.2,55.85,50.62,44.96,39.77,10.22,-17.95
39119,115.6,105.51,97.06,85.01,71.41,63.66,56.53
39121,30.0,25.27,22.65,18.3,15.16,6.14,-3.43
39123,79.5,75.01,69.68,60.85,51.44,25.07,-0.67
39125,48.4,41.82,37.52,30.59,23.9,15.77,7.95
39127,95.3,86.09,80.8,69.54,59.38,34.05,9.31
39129,84.6,78.21,71.21,61.54,51.51,32.59,14.37
39131,132.2,118.06,105.82,93.67,75.47,50.57,26.58
39133,67.9,65.03,60.65,51.2,42.9,27.62,12.5
39135,64.2,61.04,65.68,58.43,48.57,21.48,-6.15
39137,43.5,42.76,40.21,33.6,28.76,17.61,6.29
39139,87.9,79.79,70.54,60.06,51.68,34.51,19.03
39141,116.5,105.92,93.75,77.31,65.47,57.98,51.89
39143,85.3,74.95,68.2,60.76,55.93,26.78,-2.69
39145,124.5,113.5,105.26,92.2,78.82,70.78,63.97
39147,85.3,79.44,72.79,61.12,51.83,20.94,-10.06
39149,84.8,77.12,71.58,60.77,53.01,23.31,-6.38
39151,111.5,103.81,92.92,78.1,65.72,58.62,52.06
39153,91.4,86.14,76.9,62.77,51.97,57.45,63.7
39155,105.6,101.64,94.56,81.66,72.16,49.14,27.45
39157,88.9,81.1,75.13,65.35,53.43,55.29,58.0
39159,74.3,72.84,67.4,58.69,51.45,36.77,22.68
39161,81.4,72.22,67.58,56.83,47.78,32.16,16.88
39163,1.6,-0.19,3.31,16.52,16.12,1.9,-11.39
39165,76.4,70.29,63.98,54.59,46.83,30.89,15.73
39167,147.5,133.9,119.91,103.31,88.68,68.23,48.1
39169,70.0,64.75,57.05,48.14,40.76,27.33,14.29
39171,81.9,60.36,52.53,43.78,37.55,17.84,-1.26
39173,55.5,51.68,46.9,42.57,37.6,31.39,24.81
39175,52.9,48.34,45.89,41.24,34.84,11.37,-11.87
40001,58.5,69.76,66.6,65.35,57.79,67.21,77.1
40003,6.3,5.15,0.4,0.51,0.58,4.21,6.03
40005,45.3,44.92,34.42,31.71,26.64,5.97,-15.21
40007,0.0,-0.83,-0.42,-0.11,-0.17,8.36,15.54
40009,123.5,117.61,122.58,96.34,86.76,47.32,8.54
40011,6.5,8.73,3.44,1.22,0.5,20.09,39.7
40013,148.8,153.74,146.13,128.0,110.45,64.68,19.08
40015,86.3,82.37,77.49,62.16,48.16,25.51,3.42
40017,101.1,96.07,88.82,80.55,73.87,26.11,-21.5
40019,188.7,175.15,165.63,150.04,141.38,100.0,58.67
40021,116.1,108.48,103.79,98.75,96.71,54.23,11.99
40023,54.9,49.03,36.04,34.48,24.83,25.1,25.17
40025,82.6,76.6,54.84,35.66,33.06,17.38,1.4
40027,93.8,85.61,78.97,74.22,68.34,39.66,11.18
40029,61.4,105.34,95.4,76.0,70.68,52.2,34.71
40031,80.0,82.76,82.27,76.25,71.25,65.7,61.01
40033,8.7,8.0,1.56,0.15,-0.13,-0.58,-0.5
40035,122.2,108.37,105.38,99.77,84.29,27.87,-28.04
40037,136.6,121.79,111.04,99.51,87.3,24.76,-38.11
40039,113.6,109.55,104.69,93.84,85.83,37.57,-10.09
40041,90.2,88.55,90.66,78.07,69.4,41.37,13.9
40043,6.5,4.32,16.19,11.97,8.69,7.46,6.14
40045,86.6,88.59,81.58,7.66,0.38,32.14,64.89
40047,97.2,96.53,98.28,93.45,87.91,65.06,42.34
40049,77.5,58.53,53.77,49.69,40.64,28.48,17.32
40051,61.9,55.82,53.74,54.69,49.46,25.69,2.42
40053,25.4,22.13,22.23,24.98,21.57,1.04,-19.76
40055,59.3,46.85,31.42,35.07,16.96,20.52,25.6
40057,210.3,164.13,185.18,174.76,173.71,162.18,151.5
40059,10.5,12.18,1.3,-0.07,-0.13,89.82,178.98
40061,121.6,112.87,97.73,92.88,87.24,45.98,3.62
40063,50.1,39.81,34.52,29.09,21.08,8.41,-3.73
40065,128.9,104.85,101.61,92.78,91.02,49.28,8.05
40067,41.8,41.28,33.05,11.04,0.69,12.33,23.98
40069,8.7,8.36,2.68,1.79,-0.59,9.39,20.12
40071,102.6,94.44,90.64,82.06,76.33,41.03,5.49
40073,53.2,25.52,103.88,109.99,108.26,101.78,95.01
40075,49.3,46.72,41.17,33.04,29.7,30.98,33.9
40077,83.6,78.89,74.43,73.99,65.47,58.35,51.24
40079,92.8,97.47,88.96,80.56,70.91,44.2,17.1
40081,23.6,26.72,20.81,17.14,18.65,23.35,27.99
40083,53.8,53.78,52.18,45.54,32.95,15.42,-2.03
40085,83.8,72.26,74.97,69.06,68.77,106.89,145.61
40087,151.4,143.57,137.59,126.94,110.98,32.85,-45.63
40089,96.9,69.41,77.64,69.04,57.34,27.37,-1.97
40091,73.8,70.99,66.6,62.11,54.29,15.5,-23.9
40093,6.8,5.77,1.7,1.38,38.74,17.36,-5.26
40095,51.7,47.44,57.13,70.61,61.97,18.48,-24.54
40097,122.5,105.87,101.27,88.7,75.59,33.31,-9.07
40099,175.9,164.21,154.58,131.47,121.99,59.02,-3.53
40101,127.7,127.58,122.7,114.3,111.64,79.09,45.56
40103,21.6,18.36,13.93,6.25,-0.14,1.96,3.66
40105,76.4,68.6,64.4,53.69,45.84,37.55,29.21
40107,6.0,9.04,1.37,0.41,-0.45,0.99,2.01
40109,126.5,117.8,109.55,97.59,85.11,100.71,116.62
40111,110.0,105.18,97.15,89.44,74.64,19.46,-35.4
40113,20.2,14.18,11.92,9.26,7.83,10.06,12.09
40115,115.7,101.69,89.07,83.62,73.55,39.24,4.67
40117,105.6,101.8,99.78,87.84,78.01,30.13,-17.82
40119,111.5,103.88,102.1,87.35,76.91,43.26,9.98
40121,170.7,164.65,156.6,141.54,127.34,86.2,44.72
40123,128.3,121.26,116.3,105.72,102.17,65.33,28.5
40125,146.6,131.34,128.07,120.86,117.86,56.66,-4.57
40127,9.7,8.06,1.45,27.62,37.16,8.15,-20.69
40129,4.1,4.01,1.07,-0.85,-0.57,5.2,11.92
40131,120.9,124.53,104.97,93.72,82.78,34.64,-14.16
40133,73.8,73.27,65.61,60.08,60.95,26.14,-8.4
40135,89.0,85.14,64.27,52.8,32.57,15.19,-2.78
40137,123.8,131.78,131.61,122.66,127.04,74.0,20.84
40139,27.0,23.79,38.71,33.3,29.04,16.33,3.68
40141,110.5,93.69,96.45,88.31,94.99,68.12,41.09
40143,144.1,135.9,125.76,113.92,98.59,110.68,121.75
40145,77.3,68.84,62.86,57.43,49.12,14.28,-22.27
40147,131.3,126.07,114.29,103.66,93.74,48.94,3.91
40149,2.6,3.04,0.4,-0.56,-0.65,13.62,28.96
40151,43.5,35.31,26.44,24.48,21.38,16.83,10.53
40153,118.3,111.53,105.72,92.7,89.4,63.78,37.73
41001,147.2,140.65,129.91,109.86,94.84,71.4,49.17
41003,56.9,51.24,45.88,37.77,30.89,58.77,85.84
41005,86.9,82.8,74.43,63.96,56.8,37.05,16.35
41007,149.2,124.34,107.7,90.88,79.76,57.89,35.55
41009,84.3,77.6,68.87,62.97,55.82,25.76,-5.02
41011,158.6,146.46,134.2,115.92,99.47,78.34,58.29
41013,119.1,110.17,98.5,83.91,73.93,36.82,-0.34
41015,177.6,154.24,148.37,132.69,124.89,79.02,33.1
41017,102.1,94.92,86.26,74.36,67.23,56.94,45.78
41019,118.1,108.58,101.25,89.36,78.43,54.7,32.0
41021,103.6,104.22,101.19,77.09,71.0,30.92,-8.77
41023,4.2,3.15,2.54,51.95,59.87,47.09,35.62
41025,124.7,114.64,101.33,86.32,79.88,57.31,35.31
41027,92.0,86.72,91.06,79.72,70.7,70.06,68.95
41029,124.5,114.53,106.38,94.13,85.66,88.3,91.47
41031,65.2,58.94,58.38,52.13,43.71,24.58,5.29
41033,141.9,131.06,119.87,104.01,94.78,51.45,9.18
41035,108.5,94.85,83.11,69.07,56.17,40.77,26.88
41037,129.0,117.92,103.82,89.03,67.23,46.74,26.8
41039,123.4,113.51,101.95,87.27,74.76,65.91,56.91
41041,153.3,136.23,115.26,97.71,82.88,43.53,3.4
41043,127.0,115.61,103.46,89.34,77.82,33.08,-11.99
41045,171.4,159.55,149.53,138.14,119.78,94.77,70.73
41047,78.4,73.51,68.58,58.98,49.32,39.52,28.54
41049,20.4,17.93,18.71,30.87,28.49,22.71,17.92
41051,65.3,58.21,51.29,42.91,36.5,48.59,60.08
41053,67.1,60.59,51.93,47.5,41.87,23.44,4.04
41055,0.0,-0.35,-0.46,-0.72,-0.5,19.05,38.61
41057,124.0,113.86,101.98,91.57,83.64,56.68,29.44
41059,109.9,103.5,96.2,79.9,65.08,35.34,6.21
41061,131.5,126.04,114.4,100.41,85.82,61.78,39.68
41063,111.6,95.25,85.39,77.17,70.72,52.52,35.26
41065,156.5,142.02,135.94,122.99,107.82,59.52,11.28
41067,60.1,55.13,50.22,43.77,38.23,36.53,34.49
41069,0.0,-0.12,-0.12,-0.01,-0.17,54.23,109.94
41071,92.0,83.64,72.16,62.72,52.02,34.09,15.84
42001,52.6,51.27,45.89,37.34,31.86,26.11,19.64
42003,84.2,79.04,72.22,59.21,50.4,65.74,82.85
42005,83.9,80.92,74.13,73.88,63.67,30.4,-1.32
42007,85.8,80.05,73.13,61.99,54.98,33.35,12.79
42009,75.1,69.42,66.71,56.82,43.18,20.01,-4.76
42011,65.8,63.93,59.22,49.45,42.75,32.8,21.45
42013,115.7,111.19,105.55,90.03,75.92,74.92,72.98
42015,75.3,71.98,69.77,59.25,49.52,56.13,61.36
42017,75.3,71.02,66.43,57.19,51.84,42.38,32.02
42019,78.0,74.32,69.08,58.36,51.31,33.69,17.45
42021,109.2,104.02,98.7,85.81,74.0,61.21,47.92
42023,124.5,111.87,100.7,85.12,72.68,22.5,-27.17
42025,83.3,79.73,74.0,60.75,50.15,29.7,8.0
42027,54.9,50.53,48.24,40.24,34.27,31.27,26.52
42029,57.3,54.92,50.72,43.84,38.55,30.73,22.89
42031,75.0,69.6,68.23,58.37,54.35,32.69,12.27
42033,92.1,84.52,75.88,62.21,53.07,48.88,43.79
42035,79.1,75.86,73.45,66.46,57.43,45.05,32.66
42037,89.6,85.99,80.72,70.09,62.04,61.26,59.61
42039,103.0,95.85,84.57,70.02,58.23,53.96,50.2
42041,79.6,75.28,69.28,56.51,48.19,41.49,34.03
42043,76.8,71.03,64.42,52.43,44.13,54.66,65.02
42045,82.2,77.61,70.83,58.13,48.07,45.28,42.41
42047,98.7,93.14,87.85,70.53,59.83,35.93,10.79
42049,93.2,87.47,79.48,66.68,58.24,59.58,61.62
42051,134.9,134.12,128.93,110.34,99.04,83.19,68.66
42053,42.7,40.8,41.13,38.42,35.3,4.06,-26.31
42055,83.7,78.87,73.4,60.13,48.87,36.63,23.42
42057,12.7,11.74,13.48,57.2,55.03,21.6,-12.82
42059,82.3,77.95,78.23,68.25,60.32,29.26,-1.1
42061,69.5,64.56,59.96,49.89,42.83,21.35,-1.09
42063,80.2,76.9,71.07,62.36,47.54,33.34,19.62
42065,86.3,80.9,73.41,63.72,54.18,29.24,4.35
42067,63.1,58.23,55.58,49.61,42.49,29.42,15.28
42069,123.4,117.28,112.1,98.74,84.12,72.05,57.42
42071,65.1,60.67,54.68,45.69,40.17,34.18,28.36
42073,114.2,103.04,92.55,78.47,65.35,53.02,40.93
42075,66.2,63.31,57.88,48.03,41.37,30.95,20.24
42077,53.7,51.12,47.84,39.49,34.81,44.95,53.78
42079,98.8,92.26,85.8,71.26,61.32,50.57,38.43
42081,100.1,93.95,86.61,73.49,64.7,57.98,51.7
42083,100.3,91.3,86.88,78.59,70.19,47.15,24.14
42085,124.2,119.84,109.22,92.56,77.88,72.2,67.89
42087,92.4,84.63,82.26,68.61,56.37,40.52,23.61
42089,87.9,82.69,75.94,65.28,56.81,32.98,7.15
42091,65.9,63.25,59.2,50.96,43.68,50.64,57.35
42093,87.8,82.12,77.63,66.28,58.54,269.02,478.76
42095,77.4,72.71,66.56,55.02,49.28,52.67,53.91
42097,106.4,104.16,95.77,82.65,68.12,52.7,36.31
42099,70.6,64.78,56.27,48.74,42.88,18.2,-7.57
42101,80.0,75.91,68.0,54.96,44.41,49.34,53.56
42103,70.7,57.97,49.25,40.58,38.46,24.22,8.6
42105,74.1,67.06,62.88,56.05,48.71,34.59,21.5
42107,88.1,83.81,79.1,67.95,59.77,33.51,6.28
42109,76.4,69.46,65.73,56.06,47.94,38.11,27.83
42111,72.7,72.52,69.7,61.43,48.74,28.3,7.08
42113,51.5,47.91,44.5,38.48,30.23,15.05,-1.53
42115,65.7,60.19,52.24,48.18,42.09,22.93,1.17
42117,79.4,80.48,75.34,62.68,52.71,33.91,15.93
42119,64.4,62.02,58.45,51.88,42.78,59.03,74.8
42121,96.0,90.49,80.98,67.34,58.34,49.96,42.75
42123,82.7,80.4,76.32,67.91,61.61,43.18,25.17
42125,83.6,79.53,72.32,59.52,52.5,37.23,23.04
42127,72.1,67.14,64.31,56.21,51.84,22.43,-8.1
42129,83.6,79.35,74.05,63.64,55.58,44.19,33.69
42131,90.7,85.2,80.61,67.27,50.78,38.02,22.79
42133,72.3,68.09,62.47,51.69,44.0,38.93,34.05
44001,54.7,50.78,44.4,38.91,32.88,20.08,8.52
44003,87.8,78.88,71.93,63.06,54.53,51.2,48.54
44005,68.8,63.64,59.5,50.68,43.4,28.55,15.93
44007,70.6,63.73,57.94,48.69,40.21,40.68,41.74
44009,73.5,66.62,63.07,55.93,46.98,34.28,22.44
45001,63.8,62.26,57.97,52.18,46.8,32.43,18.52
45003,97.9,93.12,88.08,77.81,67.04,43.78,19.56
45005,63.8,56.98,55.09,47.25,40.76,40.06,38.4
45007,102.7,97.35,93.59,85.09,76.6,74.22,71.56
45009,101.4,105.54,101.22,92.5,78.09,43.97,9.75
45011,105.6,100.68,98.32,89.78,74.46,48.4,21.81
45013,70.7,68.07,65.25,59.45,53.72,46.47,39.35
45015,64.7,61.58,59.11,54.4,46.42,18.96,-9.72
45017,1.5,3.42,10.41,8.12,7.1,4.62,1.49
45019,91.0,84.99,76.36,66.38,56.38,106.9,156.16
45021,126.8,115.71,115.08,105.84,92.91,60.35,26.62
45023,106.8,100.44,96.94,82.53,71.55,40.37,8.97
45025,100.1,90.11,86.96,80.17,69.04,25.26,-19.89
45027,92.4,85.17,80.73,73.97,68.49,42.85,15.82
45029,134.5,134.23,126.11,115.23,104.25,52.3,-0.15
45031,168.8,157.59,152.81,141.45,127.8,100.6,70.81
45033,151.1,138.55,127.21,114.5,97.0,59.88,20.59
45035,105.7,102.92,100.71,89.93,77.78,25.83,-27.77
45037,47.7,57.74,62.35,54.31,46.18,18.88,-9.24
45039,74.3,67.11,54.53,46.12,41.28,24.78,9.21
45041,147.5,140.71,135.96,122.89,107.57,130.6,152.02
45043,105.3,97.26,88.13,78.29,66.46,52.92,37.41
45045,104.0,96.72,91.58,80.24,69.32,71.63,74.63
45047,137.4,128.37,116.15,102.12,90.14,86.81,84.08
45049,106.9,108.29,105.18,92.09,80.87,29.16,-22.09
45051,129.8,121.85,110.72,97.18,83.09,62.55,40.76
45053,69.5,62.67,67.51,59.88,50.82,20.27,-10.66
45055,82.2,79.09,89.43,80.48,68.11,32.38,-3.91
45057,104.3,91.95,83.04,72.81,63.67,32.83,1.55
45059,96.5,90.53,85.95,78.65,68.98,38.9,9.87
45061,36.8,36.89,42.56,38.0,36.59,12.74,-12.61
45063,105.5,98.05,92.02,82.42,72.6,58.7,45.14
45065,2.4,2.21,3.21,2.41,-0.33,9.73,19.27
45067,134.6,126.82,115.63,109.7,87.34,45.81,2.0
45069,113.9,111.9,106.06,98.62,90.72,29.03,-34.01
45071,99.7,89.66,85.28,77.32,64.53,38.94,13.92
45073,141.1,126.58,116.4,110.53,94.66,60.21,26.46
45075,98.9,94.34,91.63,82.14,70.16,48.1,25.72
45077,114.8,109.09,106.77,95.79,84.38,70.99,58.14
45079,74.7,70.69,65.17,58.33,50.75,60.29,69.49
45081,56.2,56.15,53.74,42.64,34.94,12.58,-10.92
45083,125.4,116.21,107.73,94.76,82.47,83.43,84.45
45085,81.4,81.84,77.11,70.68,61.53,41.8,21.01
45087,140.6,125.35,119.9,106.9,87.5,20.22,-46.58
45089,98.4,88.23,75.89,71.95,63.06,20.38,-24.79
45091,85.7,79.27,72.37,62.48,51.92,29.33,7.17
46003,0.0,-1.33,1.99,-0.15,-0.47,18.03,35.2
46005,79.5,72.52,68.38,58.87,54.14,44.42,32.84
46007,0.6,0.73,0.05,0.26,-0.19,3.38,4.65
46009,0.2,-0.4,-0.37,0.12,-0.25,8.85,17.03
46011,53.5,50.91,43.94,41.85,34.76,27.74,19.82
46013,68.3,63.82,63.38,57.4,49.86,51.94,52.78
46015,94.4,7.68,79.41,77.27,69.83,54.53,37.06
46017,0.0,-2.03,2.04,0.14,101.24,12.43,-77.55
46019,29.6,25.67,26.19,25.38,1.17,3.33,4.71
46021,0.0,0.43,-0.52,-0.51,-0.53,1.15,2.41
46023,30.8,31.88,33.42,37.73,36.55,30.14,22.09
46025,0.6,0.01,30.45,27.41,20.13,22.01,23.79
46027,48.8,44.67,46.96,44.64,40.7,33.01,25.72
46029,83.5,79.22,68.26,61.46,56.43,41.23,26.24
46031,0.0,0.32,-0.02,-0.13,-0.2,5.21,10.25
46033,49.1,45.32,40.71,33.53,32.9,21.28,8.06
46035,116.9,105.5,90.69,76.18,67.32,51.71,35.41
46037,1.4,0.64,0.94,0.23,-0.35,3.5,7.18
46039,37.8,35.4,34.27,2.75,-0.07,2.68,3.91
46041,0.0,0.24,0.12,-0.05,-0.1,2.98,5.7
46043,51.5,49.15,43.57,38.09,27.8,29.82,30.08
46045,66.9,70.2,54.91,56.45,49.76,41.41,32.34
46047,92.7,88.18,87.61,81.67,75.72,50.18,24.35
46049,1.9,0.44,-0.26,0.02,-0.23,13.21,26.1
46051,63.8,62.11,57.62,56.25,52.02,29.08,5.65
46053,108.0,124.83,99.82,80.39,65.6,62.65,57.83
46055,104.5,112.38,119.43,99.93,104.76,109.37,111.37
46057,0.0,-0.46,0.57,-0.76,-0.49,1.96,4.14
46059,2.8,1.53,1.41,0.78,0.79,1.07,0.62
46061,0.0,-0.51,-1.11,-0.75,-0.68,-0.88,-1.27
46063,0.0,0.05,0.03,-0.09,-0.4,1.18,1.74
46065,120.3,110.59,99.28,86.32,69.22,45.73,20.89
46067,87.6,82.86,78.2,75.58,68.42,53.95,39.38
46069,0.0,-0.03,-0.16,-0.05,1.28,31.44,60.77
46071,0.0,0.06,-0.26,-0.52,-0.04,7.57,11.75
46073,1.3,-0.45,94.51,102.0,94.43,118.12,140.14
46075,0.0,-0.15,-1.5,-0.85,-0.58,32.74,63.46
46077,32.7,19.89,50.17,46.17,40.24,27.77,14.83
46079,35.8,28.83,33.85,34.98,31.06,18.74,5.03
46081,93.8,86.9,79.82,70.04,60.23,33.22,5.04
46083,32.2,31.94,34.36,34.64,30.76,30.73,30.12
46085,21.6,17.25,11.58,9.86,12.55,3.96,-6.84
46087,41.0,39.11,32.32,30.54,26.06,18.87,11.27
46089,45.3,45.01,8.6,0.59,-0.31,2.0,3.64
46091,48.8,46.35,44.67,36.67,29.67,16.98,3.32
46093,14.3,14.84,13.74,12.16,10.24,8.94,7.02
46095,146.3,140.04,89.24,69.96,53.2,7.76,-40.62
46097,33.6,35.24,31.18,27.78,24.81,6.66,-13.22
46099,76.4,76.86,67.61,59.5,50.71,59.36,67.57
46101,29.1,3.03,34.02,32.53,26.52,12.72,-2.48
46102,0.0,-0.07,0.01,0.08,-0.36,3.79,5.67
46103,80.8,79.64,76.34,65.33,54.36,54.89,54.58
46105,41.8,45.61,47.04,49.17,46.42,11.01,-23.67
46107,2.8,1.11,0.2,1.29,-0.23,6.61,13.16
46109,42.5,42.3,44.57,40.99,36.51,25.72,13.88
46111,0.0,-0.3,1.77,-0.25,-0.51,2.58,4.04
46115,2.6,2.93,2.85,0.95,-0.16,8.92,17.76
46117,2.0,1.39,1.9,1.46,-1.21,3.06,6.04
46119,0.0,-0.22,-0.24,-0.26,-0.37,1.67,2.98
46121,14.6,0.74,-1.61,-1.05,-1.03,7.27,13.63
46123,132.6,136.52,104.03,78.69,63.28,54.18,43.2
46125,30.0,18.91,31.28,29.3,30.49,13.48,-4.07
46127,74.5,77.32,70.77,61.72,74.6,259.96,444.56
46129,84.1,108.0,101.97,90.8,76.21,33.65,-9.11
46135,115.5,105.41,96.12,84.59,78.65,60.54,42.31
46137,0.0,0.11,0.11,-0.18,-0.01,0.03,-1.07
47001,180.3,168.09,147.91,127.22,109.49,72.99,34.82
47003,124.2,111.85,102.37,93.96,80.32,41.36,2.1
47005,151.8,142.91,136.51,119.29,94.68,49.82,6.67
47007,86.2,87.46,83.16,72.76,67.22,54.16,41.16
47009,110.1,101.88,91.02,80.29,69.0,44.79,20.62
47011,148.9,141.81,131.23,117.66,102.14,94.44,86.38
47013,244.1,228.57,197.62,177.99,146.42,49.0,-49.39
47015,121.1,108.04,101.36,95.09,64.43,23.55,-16.66
47017,164.2,149.53,140.11,118.99,102.0,123.87,146.92
47019,119.2,113.05,108.92,98.56,88.47,37.74,-14.03
47021,101.0,91.38,105.05,93.96,82.61,38.92,-4.6
47023,111.3,105.09,100.34,92.84,80.4,54.57,30.18
47025,232.2,218.75,190.92,167.93,148.26,102.09,55.36
47027,185.9,187.94,188.31,190.27,159.44,44.48,-71.1
47029,213.9,201.53,188.61,168.81,145.86,72.37,-1.94
47031,192.9,176.36,169.38,157.06,138.86,145.18,151.78
47033,98.5,103.82,92.13,69.75,55.71,20.09,-14.9
47035,153.6,145.72,129.89,116.76,102.17,59.76,17.09
47037,95.8,92.08,85.81,74.21,61.04,88.23,115.09
47039,185.7,167.57,163.93,137.92,122.18,61.03,0.26
47041,208.7,182.1,161.92,138.58,116.53,57.88,-1.39
47043,160.2,147.52,139.77,120.21,98.39,81.34,65.48
47045,184.4,183.05,176.75,162.7,158.92,88.28,18.35
47047,79.5,76.26,72.31,65.46,57.44,34.17,11.31
47049,175.3,180.92,178.17,160.18,125.38,44.98,-36.06
47051,131.4,126.55,120.08,105.13,92.55,64.17,35.86
47053,140.0,141.12,138.85,129.58,118.93,73.12,27.68
47055,158.6,147.23,131.26,114.31,99.71,40.9,-18.54
47057,122.0,107.65,93.73,82.84,70.86,16.26,-38.68
47059,144.0,134.79,124.48,111.31,96.46,60.17,23.63
47061,200.3,190.07,172.78,147.07,152.88,30.02,-92.47
47063,199.9,180.99,163.55,144.96,123.97,113.92,103.13
47065,136.1,130.19,122.69,109.75,94.26,102.59,110.65
47067,173.0,149.43,127.17,107.55,103.65,77.53,50.85
47069,113.6,112.92,113.18,101.93,89.14,42.95,-3.26
47071,169.5,161.02,153.49,144.16,129.77,106.94,84.65
47073,102.4,93.88,88.96,77.81,69.93,36.37,1.81
47075,86.1,85.85,85.98,78.29,63.53,26.09,-11.41
47077,151.4,146.58,137.17,121.03,102.35,54.63,7.89
47079,203.8,196.17,189.04,167.67,142.46,76.24,10.77
47081,73.3,70.67,70.67,64.27,53.4,20.59,-12.17
47083,152.9,149.01,148.51,138.51,111.52,40.23,-30.35
47085,162.4,141.18,130.46,116.82,95.78,29.09,-36.59
47087,25.1,61.47,62.22,47.85,35.83,7.71,-21.0
47089,136.7,124.34,112.98,102.67,89.51,62.36,34.32
47091,137.4,121.45,107.22,90.51,77.1,37.86,-2.49
47093,117.9,107.81,97.04,85.02,72.84,105.67,138.42
47095,96.9,84.57,79.92,64.23,62.87,12.18,-39.17
47097,111.5,110.97,103.27,95.58,96.8,62.46,28.67
47099,162.6,151.98,143.0,128.76,111.49,56.94,2.94
47101,163.9,157.64,154.17,134.18,116.89,39.44,-38.09
47103,122.3,111.87,105.91,96.22,84.71,31.87,-21.69
47105,119.2,110.55,101.44,91.2,75.43,25.19,-25.73
47107,185.0,178.54,160.48,136.94,114.9,70.62,25.75
47109,190.1,185.33,174.04,150.57,125.29,79.47,35.07
47111,139.6,130.59,128.08,113.32,88.75,20.75,-47.86
47113,139.2,132.08,126.73,114.7,99.61,142.14,185.16
47115,113.5,108.59,102.33,86.25,70.97,25.33,-19.96
47117,129.5,133.59,143.29,124.49,100.52,59.2,17.15
47119,155.9,146.86,135.97,115.31,97.66,106.43,115.03
47121,8.1,7.96,45.49,38.66,33.22,19.23,5.99
47123,172.8,164.06,147.98,137.14,122.35,60.24,-2.09
47125,95.8,88.06,86.65,77.67,68.29,45.57,22.36
47127,31.6,26.34,22.06,17.84,5.95,4.78,4.3
47129,110.6,101.65,79.14,67.69,57.86,33.13,6.68
47131,118.7,102.72,99.59,94.62,93.51,82.74,72.8
47133,122.4,110.5,110.37,101.67,89.96,67.02,42.52
47135,112.7,97.27,98.56,99.14,85.63,93.97,102.75
47137,149.1,118.55,87.99,87.8,86.65,26.19,-34.49
47139,37.0,43.38,52.1,111.22,101.81,32.86,-35.38
47141,156.1,152.89,140.17,126.01,108.97,92.54,75.32
47143,174.6,169.13,160.79,139.95,123.74,49.37,-24.77
47145,167.3,160.23,146.93,128.58,107.37,58.34,7.66
47147,146.3,138.86,127.87,116.88,104.08,45.25,-14.07
47149,106.1,101.15,94.78,82.59,70.42,54.96,39.46
47151,121.7,134.92,165.29,155.11,124.33,85.64,45.4
47153,186.2,190.5,175.84,162.72,127.73,36.16,-54.87
47155,144.3,126.54,114.94,99.77,85.85,62.39,38.89
47157,79.2,76.57,73.85,65.09,54.66,62.4,71.96
47159,172.8,155.49,133.24,107.42,94.92,89.22,82.5
47161,66.5,56.86,62.84,57.4,48.37,13.7,-21.07
47163,189.7,178.7,165.58,146.42,125.94,140.24,153.83
47165,99.8,95.5,90.13,81.9,70.23,56.02,40.86
47167,102.0,105.03,111.63,102.28,87.33,46.25,6.11
47169,236.8,213.77,175.13,122.92,110.82,36.07,-39.03
47171,153.3,146.7,144.5,133.9,120.23,67.41,13.73
47173,132.7,110.77,93.81,76.1,60.87,14.94,-31.34
47175,9.8,8.75,7.65,8.8,-0.3,0.81,1.12
47177,170.0,165.46,157.67,133.83,117.75,57.91,-2.48
47179,121.0,115.74,108.58,96.0,83.88,127.17,169.26
47181,165.4,161.46,152.74,132.14,117.05,72.55,29.75
47183,130.0,130.04,128.0,116.33,105.96,87.68,70.44
47185,156.9,147.32,131.29,116.16,101.43,33.3,-35.03
47187,62.2,60.32,57.48,50.15,43.62,57.13,70.14
47189,106.0,98.68,90.6,78.01,68.96,58.47,46.5
48001,99.8,88.68,70.85,60.73,54.61,39.04,25.02
48003,55.2,47.58,57.51,56.27,48.81,19.85,-7.89
48005,122.2,105.69,94.79,87.82,80.74,63.53,47.62
48007,112.6,101.82,96.15,82.49,74.99,23.87,-29.74
48009,0.0,-0.63,-0.21,-0.22,-0.34,-0.06,0.18
48011,1.8,-0.09,-0.0,-0.06,-0.29,8.19,16.09
48013,90.7,88.54,88.71,82.64,76.51,24.8,-27.09
48015,53.1,54.81,52.46,51.58,45.28,26.51,7.83
48017,78.8,66.0,62.13,66.97,65.45,29.94,-4.9
48019,44.8,38.48,33.35,37.3,34.59,10.36,-14.58
48021,88.3,83.97,78.88,71.69,63.3,17.63,-26.69
48023,72.6,59.34,49.48,60.55,59.81,38.58,17.26
48025,77.8,73.39,69.94,64.83,58.26,21.3,-17.46
48027,68.3,58.68,53.7,48.47,42.61,55.6,70.97
48029,64.5,58.11,54.73,50.06,44.12,46.29,48.42
48031,17.1,16.63,17.82,16.32,13.48,6.28,-0.54
48033,0.0,-0.36,0.2,-0.05,-0.28,-0.51,-0.24
48035,36.1,37.84,39.07,35.85,34.08,13.15,-5.29
48037,138.5,124.12,124.0,114.16,101.6,111.27,120.78
48039,71.1,63.7,62.12,57.72,53.0,29.34,6.71
48041,77.4,67.41,56.19,47.23,42.22,42.47,43.67
48043,82.5,69.7,70.09,64.64,64.17,25.97,-10.74
48045,0.0,-0.3,-0.03,-0.01,-0.16,0.69,1.76
48047,55.8,29.55,40.42,56.72,52.82,17.61,-15.73
48049,139.7,129.86,122.63,118.01,110.28,67.3,24.55
48051,35.7,30.67,53.89,51.83,45.46,19.38,-5.22
48053,114.7,103.47,96.92,87.5,71.76,21.43,-27.32
48055,60.6,55.38,52.44,46.31,38.5,8.7,-20.77
48057,115.8,99.97,100.89,95.33,88.75,36.1,-17.19
48059,2.2,1.97,10.82,19.79,19.29,9.66,0.88
48061,33.1,29.42,28.15,25.67,22.65,23.15,25.97
48063,96.6,72.15,69.16,58.18,52.96,36.83,19.58
48065,2.3,1.88,3.53,3.12,-0.22,0.81,2.2
48067,69.8,65.83,80.67,77.49,69.52,50.23,31.61
48069,2.4,1.41,0.42,0.96,-0.17,16.7,33.61
48071,5.5,13.31,32.6,31.57,29.63,10.28,-8.26
48073,66.6,51.12,70.12,61.67,58.33,32.33,8.46
48075,185.8,174.94,177.56,150.98,130.51,74.64,19.31
48077,0.0,-0.35,-0.27,-0.65,-0.41,18.78,37.25
48079,0.0,-0.39,-0.47,-0.14,-0.28,31.16,63.07
48081,0.0,-0.55,0.36,-0.48,-0.52,-1.02,-0.26
48083,5.4,3.87,64.74,68.78,62.57,21.61,-19.86
48085,61.9,57.45,56.25,50.47,45.33,31.37,18.19
48087,0.0,-1.32,0.36,-0.62,-0.57,7.39,16.59
48089,77.3,66.72,60.66,48.63,39.77,23.98,8.68
48091,83.4,77.23,74.57,68.63,62.24,37.87,13.23
48093,92.5,74.2,78.67,72.48,67.87,50.38,34.93
48095,0.0,-0.36,0.31,-0.07,-0.37,8.91,18.51
48097,105.9,93.07,91.97,83.69,76.49,36.77,-2.69
48099,75.3,69.62,65.24,59.51,54.04,19.12,-13.63
48101,0.0,-0.13,0.04,-0.56,-0.57,-0.78,-1.09
48103,81.1,58.87,62.68,71.26,66.93,23.02,-18.4
48105,49.7,52.69,47.77,45.89,41.9,30.1,18.79
48107,2.5,1.22,1.89,1.64,-0.11,19.25,38.21
48109,0.0,-0.01,-0.02,0.0,-0.0,84.39,170.89
48111,84.7,75.87,73.67,63.0,57.04,29.6,3.49
48113,59.8,52.59,50.75,45.11,40.2,48.7,57.77
48115,65.9,60.94,59.1,58.73,53.29,13.43,-26.14
48117,51.8,47.38,40.71,34.65,31.08,8.3,-14.25
48119,3.8,2.67,21.19,0.84,-0.5,17.65,35.27
48121,66.9,60.98,59.2,53.19,47.9,33.88,21.38
48123,52.3,48.29,50.85,45.37,42.74,35.66,28.04
48125,6.7,5.86,7.32,6.85,0.45,0.5,0.17
48127,102.9,96.63,94.87,102.04,75.99,17.13,-42.34
48129,3.0,4.04,3.76,2.04,0.02,1.02,2.58
48131,14.9,14.57,11.18,9.27,4.35,1.65,-0.39
48133,70.7,65.82,71.36,77.57,70.36,15.6,-37.71
48135,92.4,77.5,71.0,66.72,61.51,51.73,42.37
48137,0.0,-0.08,0.06,-0.1,-0.08,3.05,3.98
48139,81.0,75.02,73.66,66.48,58.59,32.39,6.28
48141,39.6,37.48,37.43,33.94,30.63,30.83,34.24
48143,85.7,76.28,71.11,67.56,61.98,37.14,14.5
48145,74.6,59.29,61.77,57.2,50.3,28.45,7.96
48147,67.7,62.49,61.37,55.17,49.52,20.1,-8.75
48149,71.7,66.64,60.97,58.55,55.75,62.58,69.13
48151,7.9,6.16,4.48,4.29,-0.26,1.2,3.66
48153,25.9,4.94,3.26,2.29,0.07,25.15,50.36
48155,59.3,61.31,58.78,51.78,32.17,52.56,73.4
48157,44.2,40.73,39.22,35.24,32.06,21.52,11.8
48159,75.8,67.23,73.33,69.38,60.02,29.69,-1.45
48161,3.9,2.75,27.27,26.11,30.48,16.29,3.03
48163,48.7,44.52,43.66,39.67,35.89,8.51,-19.29
48165,62.3,52.56,51.42,46.25,39.73,24.18,10.47
48167,92.4,79.51,75.94,69.21,64.67,46.04,28.1
48169,2.0,1.58,1.52,0.56,-0.09,4.09,8.76
48171,88.7,78.04,76.64,72.82,68.96,49.33,29.04
48173,0.0,-0.32,0.7,-0.03,-0.16,-0.85,-0.1
48175,32.7,25.98,22.74,19.71,17.81,5.3,-8.13
48177,61.6,56.25,53.48,48.22,47.53,17.39,-12.84
48179,131.5,116.23,109.89,102.03,88.57,77.65,65.59
48181,133.2,113.66,105.17,94.76,85.51,70.68,56.63
48183,178.5,141.36,133.38,124.35,120.81,114.15,106.95
48185,23.4,19.3,27.1,24.98,20.76,9.93,-1.49
48187,51.7,47.15,47.45,44.42,41.63,20.37,-1.7
48189,71.5,68.99,65.07,58.49,55.9,37.55,19.73
48191,7.1,3.81,3.89,2.03,-0.21,12.16,25.69
48193,7.7,5.0,28.61,47.04,41.26,46.04,53.54
48195,1.5,0.43,0.79,0.06,-0.19,6.71,13.72
48197,85.9,74.88,77.63,73.89,78.03,47.55,18.54
48199,110.4,98.38,97.62,88.97,86.18,23.8,-38.1
48201,55.1,48.38,46.3,41.43,37.85,41.33,45.04
48203,78.0,69.58,71.65,63.11,60.22,41.94,23.72
48205,0.0,-0.78,-0.3,-0.79,-0.44,-2.13,-2.35
48207,9.3,18.24,9.19,6.61,0.38,7.97,14.7
48209,67.1,60.68,58.35,51.8,46.01,26.23,7.12
48211,4.2,2.6,2.96,1.39,-0.1,2.54,4.53
48213,93.6,84.15,80.45,74.96,69.23,35.93,3.38
48215,30.1,29.31,27.66,25.43,22.68,19.95,18.29
48217,95.4,80.85,62.93,58.3,54.28,35.86,19.34
48219,91.2,82.87,79.11,72.8,67.63,37.41,8.25
48221,136.4,125.85,119.7,108.18,99.95,60.61,22.63
48223,112.6,98.23,93.78,83.04,77.01,45.49,12.37
48225,26.0,21.54,46.67,41.34,40.48,13.77,-12.6
48227,71.9,60.32,66.7,62.95,59.56,24.73,-8.98
48229,0.0,-0.02,-0.03,-0.06,-0.06,1.26,5.46
48231,107.5,93.89,90.89,83.14,73.51,34.02,-6.22
48233,85.6,78.29,81.24,74.16,67.63,34.69,0.87
48235,0.0,-0.2,0.1,-0.06,-0.16,-0.19,0.75
48237,4.9,1.58,1.85,0.93,-0.23,9.44,20.03
48239,35.0,29.13,32.82,31.41,19.14,16.4,13.06
48241,76.8,67.78,69.76,57.09,49.96,27.97,6.5
48243,0.0,-0.35,-0.13,-0.11,-0.03,41.59,85.12
48245,102.0,93.27,85.88,77.1,71.14,75.37,80.82
48247,3.3,1.39,33.2,25.2,19.3,0.25,-18.01
48249,92.9,83.88,79.76,75.53,72.29,44.86,18.52
48251,92.7,90.5,90.47,84.35,76.22,42.31,9.42
48253,34.2,30.25,29.72,29.42,24.72,12.08,0.21
48255,76.4,66.87,58.4,54.25,44.02,23.79,2.77
48257,88.3,79.95,76.56,69.96,65.35,25.53,-14.06
48259,76.6,71.3,65.59,59.4,53.54,29.5,5.46
48261,0.0,-0.78,-0.16,0.24,-0.14,-1.36,-0.95
48263,0.0,-0.09,-0.06,0.02,-0.26,-0.31,0.46
48265,99.0,85.62,80.77,76.36,74.75,43.86,12.15
48267,74.5,67.87,60.55,55.33,50.72,25.3,-0.84
48269,0.0,0.09,-0.04,0.02,-0.19,0.64,1.8
48271,2.5,2.0,25.56,22.02,18.34,1.49,-17.5
48273,73.9,70.96,66.2,60.27,56.73,27.28,-0.88
48275,0.0,0.05,-0.44,0.12,-0.33,31.67,63.34
48277,169.1,159.06,152.5,138.59,129.8,68.75,7.87
48279,52.6,49.13,5.12,2.71,0.02,14.66,30.25
48281,34.4,30.9,61.09,58.98,51.36,20.43,-8.68
48283,0.5,0.26,0.37,0.22,-0.42,10.82,21.38
48285,57.9,50.73,56.11,51.07,46.39,14.16,-18.41
48287,24.5,19.5,48.62,45.59,39.65,11.43,-15.24
48289,4.3,3.02,38.76,39.27,36.19,6.26,-23.05
48291,118.3,102.75,92.2,82.72,76.52,34.04,-7.17
48293,107.2,94.34,87.76,85.46,89.83,38.39,-11.88
48295,0.0,-0.79,-0.17,-0.93,-0.24,1.03,1.68
48297,21.4,20.95,17.97,13.86,10.21,2.47,-5.8
48299,83.4,70.83,63.98,56.55,52.13,24.7,-2.21
48301,0.0,-0.79,-0.42,-0.4,-0.16,-0.82,1.82
48303,94.2,84.06,84.04,77.96,70.37,93.05,117.12
48305,2.4,1.15,1.8,0.73,-0.31,9.09,19.3
48307,76.1,63.16,57.22,53.31,38.66,20.49,1.84
48309,89.8,77.09,75.1,70.52,63.41,50.37,38.92
48311,0.0,-0.06,-0.11,-0.21,-0.23,-0.7,-0.97
48313,51.8,45.55,72.87,71.42,63.34,22.94,-17.37
48315,2.8,1.11,1.74,1.18,-0.24,6.59,13.35
48317,3.8,1.61,37.32,39.92,33.88,21.09,9.33
48319,6.5,3.23,42.14,38.43,40.83,1.73,-38.57
48321,80.1,70.81,66.14,60.85,60.35,35.71,11.14
48323,31.3,29.09,28.64,27.33,24.78,10.18,-6.13
48325,44.0,43.42,43.92,42.01,36.46,19.45,2.66
48327,0.0,-0.23,0.07,-0.13,-0.14,0.93,1.98
48329,81.0,67.13,60.3,53.77,47.2,30.06,14.22
48331,81.3,64.4,68.39,61.3,54.79,22.75,-7.1
48333,0.0,-2.08,1.26,0.02,-1.22,5.73,14.22
48335,3.1,2.0,51.5,50.93,46.09,49.32,54.17
48337,92.2,83.33,82.15,73.04,68.55,39.38,11.3
48339,75.5,66.68,61.02,55.38,50.78,45.68,41.24
48341,66.2,58.44,55.53,51.41,51.69,37.09,23.06
48343,102.2,102.37,82.46,76.16,73.69,16.65,-41.26
48345,0.0,-0.35,0.01,-0.1,-0.2,0.35,0.86
48347,119.6,103.35,87.78,81.35,73.46,59.64,47.57
48349,86.2,78.39,73.1,66.46,61.37,26.74,-6.3
48351,2.9,1.14,32.09,24.88,20.25,7.46,-4.89
48353,147.0,128.39,120.23,84.25,66.55,30.17,-4.24
48355,92.1,83.87,80.51,70.43,63.97,73.49,82.75
48357,80.2,42.13,46.02,52.69,49.17,24.61,-0.5
48359,0.0,-0.25,-0.19,-0.27,-0.21,-0.53,-0.52
48361,127.3,119.25,113.67,95.04,88.72,54.88,21.89
48363,130.6,117.16,108.81,95.23,86.93,32.1,-21.14
48365,83.7,81.39,81.45,75.52,72.06,28.14,-14.32
48367,81.1,75.58,73.17,65.09,57.93,33.76,11.83
48369,2.6,1.26,0.79,0.63,-0.14,17.51,35.91
48371,44.5,37.48,37.75,35.14,33.48,21.19,11.03
48373,120.5,107.0,102.6,91.48,84.6,32.85,-17.65
48375,89.3,78.6,76.23,72.22,65.38,98.98,133.22
48377,0.0,-0.14,0.02,3.17,6.21,7.62,10.24
48379,75.8,73.47,68.71,61.75,54.28,2.45,-50.25
48381,84.9,76.23,73.93,68.82,62.72,37.12,12.93
48383,0.0,0.41,24.25,25.07,21.16,3.58,-11.6
48385,0.0,-0.19,0.05,-0.12,-0.15,0.4,-1.52
48387,6.0,2.8,45.11,55.78,54.6,70.86,86.74
48389,91.0,76.47,64.28,57.51,54.67,35.97,19.77
48391,3.2,1.23,1.56,0.98,-0.4,7.65,13.88
48393,0.0,-0.67,-0.24,-0.3,-0.64,-0.63,-2.03
48395,6.0,3.43,27.56,24.7,21.57,7.17,-6.53
48397,78.7,69.51,73.94,69.86,63.31,49.1,35.1
48399,61.8,54.88,70.48,68.56,58.88,30.16,2.59
48401,68.1,52.8,49.07,43.9,42.98,19.35,-2.74
48403,7.0,3.39,53.41,44.94,34.37,22.17,10.41
48405,7.0,3.41,71.22,64.49,65.12,35.79,7.87
48407,1.9,0.22,17.03,16.51,19.28,-0.28,-19.4
48409,80.1,80.0,85.55,80.2,71.76,36.39,-0.3
48411,77.8,6.92,47.37,42.32,2.78,5.16,8.9
48413,0.0,-0.07,-0.19,-0.05,-0.1,18.08,35.56
48415,106.6,91.65,86.15,80.99,73.29,20.69,-30.3
48417,0.0,-0.18,-0.25,-0.0,-0.37,1.19,3.36
48419,89.7,60.51,69.83,64.72,58.55,18.53,-19.4
48421,31.2,2.48,1.18,0.57,-0.14,-0.13,0.3
48423,107.9,94.91,88.97,81.25,73.45,100.14,127.77
48425,8.6,5.56,5.57,4.63,-0.16,40.53,82.9
48427,32.7,32.34,34.78,33.12,29.35,26.44,24.81
48429,128.1,119.52,104.48,95.65,83.69,24.82,-33.2
48431,0.0,-0.14,0.58,-0.05,-0.07,3.51,7.67
48433,4.9,4.02,2.38,2.54,-0.0,2.06,4.63
48435,6.5,5.22,3.03,2.64,0.16,16.1,31.44
48437,3.0,2.21,2.1,8.54,0.38,6.97,12.95
48439,76.0,68.97,66.83,60.05,53.68,49.39,47.26
48441,130.7,115.6,108.05,98.09,89.32,89.42,90.2
48443,0.0,-0.11,0.01,-0.06,-0.08,78.47,157.57
48445,63.4,53.74,84.68,78.52,69.28,20.59,-26.81
48447,0.0,-0.31,-0.51,-0.09,-0.23,20.65,40.54
48449,106.0,91.0,85.4,75.42,69.76,46.03,21.78
48451,92.4,80.87,75.51,71.08,66.57,54.57,43.33
48453,61.1,55.48,51.28,45.06,39.38,41.62,45.75
48455,57.5,42.41,59.06,55.91,44.0,17.99,-7.12
48457,32.0,22.78,50.78,50.6,48.35,9.41,-28.16
48459,26.1,20.43,18.52,17.19,16.62,11.18,3.97
48461,1.9,1.23,1.81,1.9,0.02,4.57,10.42
48463,76.9,72.23,73.31,70.59,63.4,28.9,-6.34
48465,42.5,39.62,39.04,35.54,32.54,23.72,13.48
48467,88.3,81.59,78.36,70.03,64.2,24.45,-15.42
48469,121.1,104.58,99.24,93.38,84.72,70.49,55.82
48471,87.0,77.12,61.26,57.42,54.82,27.34,0.4
48473,7.3,5.42,12.04,11.5,9.58,3.78,-2.74
48475,73.4,70.21,58.25,51.42,46.45,30.64,17.3
48477,90.5,87.95,76.92,70.23,65.11,30.87,-2.68
48479,30.2,29.18,27.63,24.69,21.17,18.4,15.67
48481,76.8,69.35,63.69,59.38,56.9,34.88,12.89
48483,47.7,45.57,39.4,32.49,20.51,9.76,-0.35
48485,119.1,108.21,105.33,97.41,90.23,84.32,77.42
48487,167.2,152.66,147.91,136.34,122.84,54.35,-13.99
48489,53.8,47.37,29.78,32.23,31.73,20.25,10.99
48491,70.6,64.8,62.25,56.52,50.37,32.63,16.32
48493,56.3,59.23,58.43,54.41,50.61,16.8,-17.3
48495,87.1,60.9,56.42,47.56,44.06,11.21,-18.8
48497,68.9,62.94,63.5,61.68,57.07,39.48,23.64
48499,115.9,98.05,94.74,90.02,81.29,35.65,-11.19
48501,8.7,6.71,6.91,7.18,0.26,12.97,27.72
48503,112.6,103.59,99.04,92.49,88.94,46.04,3.27
48505,2.2,13.7,23.67,20.59,17.66,4.09,-10.5
48507,5.0,0.85,0.71,0.76,-1.1,-1.59,-3.09
49001,91.8,97.84,93.89,91.51,76.06,76.43,76.04
49003,85.5,81.74,79.83,73.21,66.64,33.39,2.1
49005,66.7,61.21,54.72,49.57,44.57,35.89,29.53
49007,188.9,183.25,175.25,155.23,147.51,136.77,127.68
49009,0.0,-0.35,-0.03,-0.13,-0.3,0.76,3.22
49011,72.9,68.85,66.55,61.79,56.81,47.2,38.83
49013,54.1,51.0,57.22,58.14,56.65,48.13,40.18
49015,97.4,96.41,47.39,77.75,77.95,33.9,-8.33
49017,92.7,87.32,86.57,84.11,70.57,57.85,45.28
49019,108.4,95.7,83.32,79.69,73.36,57.75,44.07
49021,105.0,110.79,103.79,91.79,81.17,53.78,25.82
49023,96.9,95.63,81.91,75.89,71.17,42.99,16.99
49025,130.4,148.74,108.0,104.48,93.24,57.5,21.5
49027,69.0,69.92,58.14,64.02,55.51,32.48,11.27
49029,60.8,61.56,57.85,38.75,32.86,31.76,32.03
49031,0.0,-0.03,-0.17,-0.14,-0.56,-0.14,0.73
49033,44.0,31.64,29.38,28.72,27.88,10.18,-5.83
49035,80.2,75.01,70.55,62.98,55.58,57.41,60.1
49037,23.5,19.24,16.19,16.12,14.14,17.62,22.91
49039,95.5,87.18,94.16,85.87,78.21,44.08,12.48
49041,130.2,124.54,113.16,108.26,100.01,77.73,56.52
49043,69.9,65.85,61.24,51.29,44.62,52.01,60.21
49045,81.5,72.94,70.17,63.94,52.97,25.52,-0.08
49047,82.8,71.68,67.21,60.83,51.79,36.72,23.21
49049,64.5,61.16,58.46,52.8,47.28,40.45,34.69
49051,79.6,75.03,69.16,58.63,51.28,23.97,-2.59
49053,96.1,91.92,88.58,79.46,72.64,71.18,68.29
49055,0.0,-0.17,-0.47,0.16,-0.17,25.27,51.65
49057,90.7,86.92,83.31,76.19,69.86,58.08,47.72
50001,27.2,43.38,50.44,41.26,36.65,24.96,13.87
50003,83.4,81.71,72.74,62.31,52.59,43.19,31.79
50005,45.7,62.93,62.25,54.3,45.43,33.34,21.43
50007,43.6,50.93,49.05,41.73,35.26,41.31,47.03
50009,0.1,10.71,12.0,0.63,-0.5,38.73,77.54
50011,58.0,82.88,85.43,79.31,69.25,39.21,8.01
50013,13.3,20.22,18.84,14.89,12.3,11.8,10.78
50015,34.7,57.54,57.49,55.98,50.5,36.87,22.73
50017,22.1,41.8,42.48,33.88,25.01,23.37,21.35
50019,31.7,60.04,62.42,59.99,53.83,40.64,27.29
50021,88.9,85.42,80.06,65.57,52.63,44.34,34.73
50023,38.9,57.98,57.89,51.72,44.76,36.04,27.75
50025,77.9,74.74,72.31,59.69,50.59,39.31,26.49
50027,50.0,48.61,41.8,30.53,25.47,25.51,25.8
51001,70.5,64.83,60.69,50.87,34.63,18.68,4.85
51003,65.0,60.7,56.19,47.44,39.38,61.77,85.04
51005,90.4,82.59,82.95,70.06,61.49,47.27,31.86
51007,54.2,51.4,48.41,37.14,29.71,3.5,-21.86
51009,90.4,82.54,74.71,62.2,56.32,32.33,7.63
51011,146.2,138.87,125.87,99.3,86.61,43.38,0.1
51013,28.0,24.93,23.41,19.94,17.29,30.71,45.15
51015,33.3,25.35,16.94,10.44,6.46,24.98,42.65
51017,8.7,5.17,1.2,0.28,-0.76,12.16,23.85
51019,50.0,46.22,44.64,37.88,32.55,17.97,1.8
51021,71.1,79.26,66.06,53.85,42.23,82.55,123.08
51023,46.3,41.13,39.1,34.67,30.4,14.23,-3.01
51025,29.0,25.49,23.78,16.61,12.03,5.41,-0.1
51027,84.7,85.72,127.03,136.06,113.74,67.33,19.89
51029,2.7,1.88,1.51,0.84,-0.43,4.49,9.73
51031,38.0,33.47,40.63,32.32,27.38,8.32,-11.07
51033,19.9,20.27,33.59,31.08,27.79,6.41,-15.08
51035,44.7,43.5,42.26,34.39,29.31,36.45,42.23
51036,0.0,-0.92,0.5,-0.9,-1.08,7.45,16.63
51037,43.9,43.25,38.86,30.92,25.76,22.86,20.89
51041,77.9,72.5,67.64,55.65,44.95,37.56,30.55
51043,21.6,26.47,27.7,26.23,22.86,20.05,17.69
51045,8.4,5.38,4.42,4.71,-1.42,7.62,16.59
51047,79.3,71.97,65.85,53.91,46.67,21.54,-3.07
51049,35.5,32.94,29.36,21.83,18.06,0.05,-17.25
51051,157.3,137.73,180.85,155.61,131.48,98.27,63.83
51053,5.5,4.46,4.39,1.95,-0.96,-1.63,-1.55
51057,123.3,122.71,110.96,89.6,70.98,76.24,81.57
51059,33.7,30.66,28.9,24.3,20.72,25.62,31.56
51061,81.6,76.62,72.26,62.36,51.52,35.52,19.94
51063,65.0,58.88,50.14,35.19,27.42,9.79,-8.11
51065,38.0,36.21,31.27,26.79,24.1,11.86,0.68
51067,96.2,86.67,79.69,67.99,59.15,21.55,-17.48
51069,62.9,58.42,54.91,43.17,38.55,30.67,22.9
51071,149.5,142.87,121.98,102.63,85.31,36.05,-12.93
51073,128.1,119.89,108.46,90.61,73.9,36.43,0.93
51075,16.4,15.08,14.42,10.44,1.63,6.64,12.58
51077,28.3,9.56,20.96,17.65,14.17,3.02,-8.99
51079,88.8,83.22,77.73,66.53,54.77,20.91,-12.49
51081,0.0,-2.05,-3.3,-10.46,-9.76,-11.13,-10.15
51083,75.9,87.02,81.46,70.95,57.76,24.9,-8.15
51085,102.0,96.12,90.63,74.58,58.87,51.21,43.3
51087,81.0,75.22,68.5,56.44,45.93,51.79,57.36
51089,101.1,77.39,65.46,54.15,44.04,22.89,1.35
51091,0.0,-0.42,-0.4,-1.0,-0.82,-0.95,-2.56
51093,67.3,67.36,72.83,64.18,56.13,16.75,-20.89
51095,112.7,107.01,98.04,83.57,72.18,47.13,23.61
51097,0.0,-0.38,-0.76,-1.68,-1.38,0.55,2.7
51099,54.5,53.47,54.3,44.48,39.24,8.17,-22.97
51101,47.4,42.58,40.32,29.78,22.74,9.22,-4.41
51103,187.1,183.46,159.85,129.25,102.09,50.41,-0.22
51105,129.3,112.55,144.48,131.74,113.14,67.49,21.63
51107,40.9,38.2,36.79,31.53,27.02,17.74,8.98
51109,58.9,53.36,49.86,42.24,35.29,10.92,-12.37
51111,4.3,2.14,1.73,0.17,-0.98,4.55,11.14
51113,0.0,-0.64,-0.74,-1.25,-1.08,1.06,3.25
51115,63.4,60.02,54.74,48.8,45.02,4.42,-33.43
51117,115.3,112.23,105.88,85.08,69.96,48.59,27.34
51119,5.4,4.17,1.27,0.3,-2.08,1.95,7.07
51121,72.5,65.39,60.93,53.11,45.29,56.43,67.69
51125,27.4,25.7,21.25,17.05,13.58,17.13,20.33
51127,68.8,62.04,59.11,45.78,36.5,18.89,1.8
51131,115.5,112.53,113.27,95.99,92.07,73.47,57.12
51133,37.3,34.84,29.97,22.63,17.94,5.39,-5.61
51135,88.6,66.37,76.07,66.82,53.38,35.31,18.2
51137,105.3,96.97,91.13,75.14,62.44,22.22,-17.89
51139,102.9,99.33,86.9,77.2,68.73,41.9,15.9
51141,85.1,77.61,69.21,61.56,48.35,41.77,34.94
51143,22.8,23.09,21.39,15.49,11.8,4.53,-3.26
51145,55.5,51.52,46.12,41.55,37.45,17.52,-1.74
51147,113.6,105.43,99.84,84.11,72.66,29.2,-13.1
51149,0.6,-2.08,1.13,-1.78,-3.15,-1.74,0.73
51153,44.0,40.48,38.17,31.86,27.88,18.52,9.54
51155,142.6,135.58,132.79,114.09,97.66,48.81,-0.15
51157,0.0,-0.53,-0.63,-1.02,-0.95,7.03,15.92
51159,45.5,43.43,43.0,34.77,28.8,6.69,-14.6
51161,98.6,89.41,83.21,72.55,63.57,100.46,136.37
51163,0.0,-10.0,-10.71,-10.39,-8.51,-10.88,-13.86
51165,34.8,31.33,28.39,24.15,17.44,7.9,-2.56
51167,138.3,118.19,113.16,105.03,89.76,57.32,24.34
51169,169.4,160.63,153.2,137.66,121.37,168.26,214.97
51171,84.4,74.9,68.96,53.74,42.44,21.6,0.46
51173,151.7,139.42,131.33,105.96,84.38,42.41,0.01
51175,3.5,1.52,-0.17,-2.81,-2.86,-7.65,-11.32
51177,83.2,76.84,67.38,54.27,46.05,39.4,33.18
51179,57.9,54.25,49.02,40.18,34.62,25.47,16.51
51181,0.0,-0.2,0.03,-0.61,-0.51,-0.34,0.55
51183,27.1,24.63,22.3,14.51,10.45,5.92,2.19
51185,231.1,202.14,180.05,158.62,132.97,80.75,28.25
51187,99.6,92.86,87.85,78.29,65.84,25.27,-14.0
51191,127.5,115.97,105.12,88.55,74.27,52.62,30.4
51193,52.4,46.04,43.02,34.38,29.42,4.33,-20.66
51195,235.7,208.35,189.96,154.11,122.07,124.49,126.5
51197,122.5,119.97,109.7,94.0,78.63,44.03,8.24
51199,57.7,50.9,46.34,39.1,34.69,21.05,9.89
51510,38.3,35.5,32.92,27.76,24.02,21.76,20.2
51520,190.8,185.18,174.15,161.67,147.82,41.64,-65.07
51530,85.1,71.13,81.79,80.69,78.17,31.9,-15.42
51540,77.2,69.96,55.71,45.64,35.91,136.6,238.24
51550,74.8,68.74,65.03,54.76,47.65,41.38,38.08
51570,277.3,247.6,228.53,188.58,151.04,88.11,26.68
51580,287.6,260.06,239.31,223.45,184.13,73.9,-38.04
51590,199.1,188.93,179.64,162.97,136.29,85.53,34.53
51595,315.5,303.11,287.45,235.23,195.09,139.92,87.17
51600,88.7,82.08,79.07,70.65,63.48,66.66,70.89
51610,81.5,66.84,58.73,52.18,43.9,33.97,25.22
51620,294.5,274.22,268.92,238.15,208.31,87.14,-33.01
51630,165.2,173.57,166.53,139.84,110.26,211.87,314.03
51640,460.3,433.87,399.38,361.75,308.21,178.39,47.47
51650,90.9,86.63,76.96,61.06,50.27,32.78,17.84
51660,143.3,134.73,126.05,110.3,91.16,86.72,81.39
51670,131.4,116.26,144.28,145.47,135.37,67.88,1.01
51678,325.7,281.15,250.99,227.03,203.53,143.53,82.85
51680,154.2,138.92,119.57,95.5,80.49,98.24,115.12
51683,123.9,118.15,111.54,94.05,82.57,83.52,84.88
51685,0.0,-1.18,-1.62,-4.03,-3.43,-0.97,2.13
51690,532.5,457.55,410.21,358.25,305.47,353.87,401.74
51700,73.5,69.0,62.94,50.81,41.4,53.87,68.78
51710,74.1,70.53,64.39,53.3,43.72,66.25,91.15
51720,563.3,513.25,478.31,415.28,334.27,495.63,656.49
51730,167.4,156.5,151.47,129.73,106.13,63.43,21.61
51735,102.6,94.28,81.68,66.04,61.78,13.01,-33.06
51740,120.6,114.83,103.69,85.15,70.84,61.5,55.03
51750,124.4,109.63,98.7,84.75,70.83,44.38,17.75
51760,67.8,59.56,53.52,41.45,31.72,53.36,74.93
51770,122.0,109.19,102.33,88.84,72.89,91.56,109.22
51775,242.5,222.89,208.02,184.27,159.98,351.99,543.1
51790,217.6,193.19,176.79,149.1,124.84,68.79,11.96
51800,91.5,89.68,85.64,74.77,64.16,44.26,26.66
51810,68.4,64.97,60.93,52.08,45.36,44.87,47.26
51820,262.5,234.7,205.8,173.69,141.44,61.67,-19.16
51830,0.0,-1.05,-1.75,-2.88,-2.63,-4.91,-5.73
51840,201.6,191.84,179.16,146.92,129.21,193.19,257.09
53001,33.0,29.58,27.55,25.79,21.51,16.64,11.6
53003,152.8,146.34,150.15,133.79,124.0,63.07,3.95
53005,110.5,107.86,102.45,90.4,74.64,74.27,73.67
53007,91.9,87.15,79.94,70.68,61.83,61.76,62.67
53009,140.0,128.27,120.11,101.32,83.76,51.4,18.44
53011,67.5,63.33,59.47,53.63,46.77,41.93,35.72
53013,128.7,117.59,119.23,102.32,97.74,88.98,81.58
53015,105.6,97.69,89.04,77.06,65.7,41.28,15.22
53017,67.7,65.35,64.5,56.29,51.8,22.5,-6.11
53019,76.1,70.19,66.36,59.49,55.58,32.05,8.71
53021,70.1,68.85,62.74,53.22,45.72,20.75,-4.85
53023,143.0,132.63,120.08,95.53,99.4,97.22,96.15
53025,81.1,76.16,73.43,65.75,55.82,36.83,17.88
53027,123.9,119.64,112.99,93.99,79.32,51.75,22.64
53029,46.6,43.4,42.5,38.36,35.76,20.81,5.9
53031,96.5,90.46,85.26,79.01,70.04,49.97,30.43
53033,55.5,51.22,47.21,41.5,35.69,38.55,41.2
53035,71.2,66.65,61.82,56.09,48.32,36.92,25.47
53037,65.0,62.54,56.24,47.56,37.76,23.27,7.91
53039,29.4,23.6,4.31,18.47,21.15,30.73,39.86
53041,116.0,107.06,96.82,81.15,70.26,41.46,11.0
53043,164.1,95.83,93.13,77.73,68.18,68.7,68.88
53045,100.9,97.2,87.37,76.11,66.8,22.06,-22.6
53047,77.3,78.33,71.19,63.67,52.57,44.68,37.51
53049,48.3,43.5,37.45,29.82,25.12,17.89,9.68
53051,136.0,126.58,118.17,101.96,87.69,84.59,81.69
53053,72.9,69.03,65.12,56.75,49.82,43.91,36.33
53055,36.8,41.73,56.55,60.3,52.13,30.71,9.58
53057,94.3,89.7,81.17,71.46,65.96,59.06,52.56
53059,60.1,45.2,6.58,2.41,-0.35,14.74,29.66
53061,83.5,78.45,70.76,61.23,51.98,32.58,13.78
53063,92.5,86.32,83.54,76.51,68.41,63.83,59.55
53065,92.0,84.26,82.31,76.26,63.23,52.21,41.52
53067,71.6,69.37,62.92,54.34,47.43,45.8,43.13
53069,67.1,29.02,6.82,4.99,-0.33,1.82,2.69
53071,94.2,90.54,86.68,76.55,62.95,54.48,46.0
53073,79.3,76.85,71.53,63.87,55.61,44.86,34.18
53075,53.0,52.02,49.44,45.97,41.25,40.5,40.6
53077,78.0,72.57,67.85,60.25,50.44,42.51,33.75
54001,110.7,94.75,68.64,56.41,48.54,25.42,2.85
54003,115.3,102.02,91.38,83.23,72.68,37.35,1.94
54005,192.1,171.73,143.1,110.66,104.1,81.68,58.02
54007,114.5,99.09,89.85,79.94,70.6,29.58,-9.79
54009,114.3,98.72,86.89,75.87,65.28,23.88,-17.22
54011,148.8,135.97,122.62,109.11,92.97,124.43,155.73
54013,70.2,57.52,46.5,37.06,31.06,34.44,37.65
54015,75.3,66.67,61.65,52.09,44.89,20.78,-2.22
54017,47.7,41.78,33.9,26.93,22.62,0.89,-20.63
54019,95.4,90.46,77.06,62.22,53.47,27.83,2.77
54021,81.8,74.94,60.13,50.92,42.01,7.96,-25.71
54023,104.4,95.01,84.51,73.92,67.27,57.99,47.74
54025,148.4,127.9,108.93,96.16,77.91,55.1,32.11
54027,82.1,68.85,68.75,64.06,53.61,19.84,-14.18
54029,152.0,139.63,142.46,121.26,111.0,107.19,104.7
54031,97.0,86.17,80.6,70.01,62.29,26.95,-8.85
54033,130.3,119.58,103.44,90.08,79.95,94.8,108.74
54035,130.6,107.63,82.76,69.25,57.76,24.66,-8.27
54037,88.6,85.59,87.52,77.21,64.49,28.09,-8.62
54039,155.2,131.8,111.56,95.82,79.56,93.72,108.67
54041,107.7,88.0,82.39,74.18,66.7,56.98,47.82
54043,73.9,63.15,52.75,40.47,33.45,25.18,15.68
54045,263.0,209.02,192.74,170.96,147.1,97.51,46.61
54047,156.4,136.82,105.26,86.65,72.24,23.24,-26.4
54049,113.0,97.78,88.77,76.05,60.39,41.7,23.21
54051,137.9,130.08,117.18,109.72,91.64,65.15,38.61
54053,118.3,101.67,81.69,69.08,57.12,55.59,55.27
54055,160.5,151.17,120.27,102.59,85.73,66.79,48.31
54057,118.2,109.31,101.8,82.47,69.24,31.44,-6.77
54059,181.3,135.86,98.92,75.61,49.37,62.77,75.31
54061,78.2,70.0,59.71,46.88,37.76,63.99,89.93
54063,28.3,26.57,40.51,32.71,18.34,13.9,9.31
54065,72.3,71.24,73.0,68.44,61.4,27.89,-5.75
54067,186.8,158.88,135.99,116.28,106.72,61.21,15.8
54069,106.9,95.38,80.9,68.48,55.46,97.56,139.63
54071,83.6,88.04,83.55,61.29,43.55,12.2,-20.6
54073,134.1,122.84,114.4,100.95,81.42,31.4,-18.32
54075,68.1,56.96,57.72,49.14,46.24,18.24,-10.77
54077,71.4,73.58,70.19,60.7,51.2,37.54,23.22
54079,121.2,106.37,94.83,79.96,66.61,50.43,34.95
54081,164.6,145.3,106.18,80.64,66.33,61.99,56.95
54083,122.4,112.99,95.58,87.79,76.01,53.28,30.84
54085,69.2,58.54,66.16,58.5,50.42,13.78,-22.39
54087,125.6,109.14,94.53,88.45,74.5,43.57,13.32
54089,108.2,104.43,113.19,90.39,79.18,70.02,60.7
54091,89.2,80.49,69.41,58.93,51.23,29.13,6.89
54093,41.2,45.71,40.44,35.21,41.05,24.93,8.95
54095,63.1,54.97,51.04,44.82,37.34,14.78,-7.05
54097,82.6,71.3,57.87,50.07,43.32,17.32,-8.23
54099,82.5,75.64,67.48,61.61,59.3,17.49,-24.64
54101,76.6,68.45,60.96,51.94,48.61,116.22,184.31
54103,118.0,108.32,95.99,86.53,67.24,36.5,6.3
54105,66.2,50.35,37.82,33.64,32.15,13.57,-4.02
54107,152.3,133.31,110.64,93.67,77.12,75.96,75.17
54109,218.2,192.7,144.88,112.9,89.53,42.96,-4.72
55001,49.6,46.05,43.51,37.06,29.24,7.93,-13.22
55003,98.8,101.28,87.44,74.41,71.78,57.38,42.21
55005,79.9,74.99,76.44,70.31,55.47,43.74,31.72
55007,10.3,10.38,8.94,4.62,0.03,3.22,4.9
55009,73.6,69.87,65.32,55.92,49.34,50.84,54.9
55011,7.2,2.24,0.11,-0.1,-0.3,2.77,5.57
55013,58.7,62.64,62.79,62.27,58.7,27.4,-4.7
55015,21.8,20.25,19.25,17.63,16.51,13.31,11.17
55017,63.2,64.02,63.94,52.99,44.06,19.81,-3.65
55019,35.1,36.32,32.18,26.94,25.0,21.12,18.05
55021,103.5,98.39,93.19,80.99,69.77,37.03,4.37
55023,79.7,73.19,71.45,64.27,58.79,33.4,8.86
55025,62.4,58.75,53.12,43.55,37.81,45.39,53.94
55027,46.3,44.93,41.46,36.69,33.47,28.42,24.5
55029,59.8,70.02,65.38,57.82,52.81,30.73,9.45
55031,84.4,72.91,62.16,49.45,42.17,18.27,-7.9
55033,53.0,43.34,38.48,33.18,28.98,19.91,9.65
55035,72.2,64.04,58.02,48.58,43.35,58.05,73.22
55037,0.0,-0.84,-0.76,-1.1,-1.38,14.15,28.52
55039,57.4,55.34,51.47,44.23,42.78,31.5,22.61
55041,53.9,50.32,45.75,40.71,38.31,6.69,-24.06
55043,53.7,51.54,46.91,42.61,37.45,27.88,17.54
55045,64.3,60.06,54.21,46.25,42.82,40.89,39.46
55047,74.1,67.63,62.17,53.74,47.0,28.62,12.12
55049,51.0,49.92,46.83,40.07,35.34,26.15,17.36
55051,75.1,72.28,64.69,64.17,68.46,31.99,-5.45
55053,30.0,26.77,25.12,22.83,17.32,14.35,12.0
55055,73.2,68.46,63.56,54.41,47.86,18.79,-9.56
55057,117.3,123.13,119.14,103.1,83.33,36.84,-9.65
55059,75.8,71.31,64.17,53.37,47.06,31.8,17.93
55061,27.3,24.96,23.5,15.24,14.36,13.29,13.51
55063,71.1,64.98,62.95,57.72,50.51,54.19,58.38
55065,14.9,13.89,13.82,12.62,4.67,19.63,35.3
55067,111.6,106.5,94.92,83.47,72.49,43.85,16.19
55069,82.1,78.3,75.17,63.54,56.8,28.04,-0.24
55071,74.8,69.53,59.87,49.09,46.68,34.14,23.08
55073,56.3,52.9,49.79,42.34,38.95,47.87,58.94
55075,89.2,82.21,76.07,64.63,60.31,42.51,25.3
55077,38.4,36.22,33.16,26.33,22.5,4.06,-13.4
55078,0.0,-0.56,-0.69,-0.75,-0.44,7.83,17.9
55079,89.7,84.78,77.1,64.07,53.55,66.31,79.84
55081,74.2,67.93,65.41,58.26,51.12,34.62,18.41
55083,43.5,39.67,36.45,30.91,25.3,15.89,8.85
55085,102.4,93.43,84.55,70.05,61.94,49.0,36.11
55087,66.7,61.74,57.73,50.06,45.64,42.76,41.27
55089,66.5,63.55,60.85,54.93,46.4,50.23,54.91
55091,72.0,63.81,57.93,49.8,46.83,27.3,6.61
55093,37.4,36.06,38.02,31.33,24.67,14.05,2.02
55095,79.5,72.42,63.59,53.8,49.37,46.43,43.31
55097,65.8,59.68,55.27,47.05,40.54,30.83,22.33
55099,62.1,56.12,50.07,50.75,47.33,29.57,11.19
55101,89.1,84.71,78.35,65.23,55.16,40.63,26.54
55103,19.8,17.49,35.33,37.82,34.46,17.28,0.14
55105,89.5,84.54,78.36,64.56,56.05,43.9,32.41
55107,40.4,34.52,31.31,27.82,22.99,16.17,8.98
55109,47.5,40.93,33.75,31.12,28.17,16.02,3.32
55111,75.7,73.85,67.37,57.22,49.31,37.28,25.56
55113,101.5,100.19,89.71,78.17,72.94,42.15,10.83
55115,54.1,48.36,42.46,35.91,34.03,17.92,4.01
55117,77.6,73.51,67.04,54.78,44.24,54.77,67.15
55119,33.5,31.53,29.17,22.19,14.65,10.93,7.87
55121,25.6,23.25,17.68,14.04,10.2,6.49,3.5
55123,51.0,46.7,42.75,37.33,33.93,26.06,18.43
55125,70.2,62.54,61.52,52.33,42.5,28.28,13.18
55127,72.4,67.42,62.96,52.07,45.31,20.75,-3.04
55129,65.4,31.62,29.0,26.62,22.28,49.54,76.0
55131,76.1,71.39,65.92,55.48,48.26,28.36,9.88
55133,76.9,73.45,68.18,58.17,50.99,41.32,32.49
55135,94.8,89.03,84.76,73.09,63.92,35.79,9.57
55137,26.6,24.99,26.1,24.39,24.81,13.97,5.0
55139,64.2,59.47,55.03,48.36,44.7,44.24,45.58
55141,83.5,75.72,72.03,60.36,52.6,50.32,49.57
56001,55.8,51.72,46.75,42.82,37.5,26.6,16.59
56003,62.1,58.43,55.75,49.64,46.81,28.41,9.22
56005,82.2,75.24,70.83,66.17,56.24,40.77,23.59
56007,76.8,80.43,72.67,60.15,50.21,69.63,91.48
56009,64.5,60.2,65.29,64.53,58.08,29.56,0.7
56011,0.6,0.23,0.05,0.13,-0.4,5.25,9.48
56013,95.1,93.1,83.8,76.1,59.74,48.53,38.41
56015,42.3,38.75,32.15,29.74,29.36,8.46,-12.63
56017,98.3,102.03,97.77,88.03,96.29,104.28,113.76
56019,68.0,67.33,65.63,60.57,55.13,35.13,14.01
56021,84.3,77.92,71.65,63.82,56.14,53.26,50.02
56023,80.1,80.56,77.67,64.66,58.57,40.04,23.02
56025,89.3,82.06,82.54,72.67,64.65,73.4,82.08
56027,2.4,1.36,2.93,1.46,-0.05,1.3,2.29
56029,106.0,98.07,85.95,73.4,72.76,59.55,47.15
56031,58.5,55.33,54.42,51.33,51.49,18.41,-15.76
56033,60.8,55.38,51.84,44.29,37.33,32.8,27.1
56035,63.7,56.76,58.34,53.88,55.4,53.74,53.65
56037,93.5,86.53,87.64,86.73,79.28,70.13,61.59
56039,81.2,76.33,63.13,58.51,43.22,53.22,64.52
56041,112.4,104.83,105.35,99.78,95.96,60.58,26.57
56043,109.7,96.0,81.74,81.5,75.42,47.84,19.78
56045,68.3,58.57,47.07,39.52,35.21,5.45,-24.39
