FIPS,2016 kals,2017 kals,2018 kals,2019 kals,2020 kals
01001,129.6,114.15,97.12,98.8,103.66
01003,123.8,107.34,93.63,68.65,44.01
01005,92.7,90.47,86.29,32.39,-18.95
01007,97.2,90.94,80.95,24.21,-30.43
01009,56.9,49.6,44.83,23.06,2.11
01011,19.8,19.86,24.01,22.17,22.47
01013,135.4,120.1,106.33,44.4,-15.82
01015,161.0,141.48,130.02,105.1,81.24
01017,140.6,127.81,117.39,61.59,7.54
01019,157.7,135.58,128.84,49.49,-28.79
01021,120.4,107.68,96.02,43.08,-8.42
01023,97.8,91.31,68.07,36.57,6.94
01025,164.7,156.39,144.43,68.47,-5.75
01027,133.7,117.97,105.79,83.0,62.42
01029,44.2,46.38,37.72,12.09,-11.47
01031,129.5,121.27,114.28,79.63,46.09
01033,208.1,187.82,167.17,153.09,140.28
01035,93.9,87.88,87.43,105.37,125.01
01037,25.4,23.39,23.46,-2.09,-24.57
01039,170.9,148.26,135.28,94.97,55.36
01041,90.9,80.87,60.57,31.97,4.38
01043,166.2,145.23,127.33,87.06,47.17
01045,78.7,69.74,69.04,36.08,4.75
01047,117.8,102.75,83.03,65.84,50.57
01049,114.4,104.56,97.85,60.73,24.18
01051,117.3,113.18,98.77,33.82,-28.48
01053,173.9,156.98,137.94,78.8,20.85
01055,156.8,132.89,125.94,100.97,76.42
01057,133.3,113.72,93.05,48.18,4.67
01059,223.3,186.27,153.17,93.9,36.97
01061,50.2,43.9,38.75,15.23,-6.32
01063,79.8,55.55,37.28,23.84,11.58
01065,97.7,98.31,75.79,25.6,-23.34
01067,30.7,26.36,21.24,49.55,80.05
01069,142.8,136.41,128.03,143.39,160.36
01071,144.6,142.16,130.63,83.2,36.65
01073,116.7,105.18,95.82,138.17,181.5
01075,104.7,81.64,80.41,16.18,-46.95
01077,127.5,112.51,100.18,59.7,20.26
01079,114.1,101.42,87.88,31.28,-23.79
01081,64.5,58.29,52.06,37.07,23.34
01083,76.5,68.88,61.06,32.82,6.34
01085,0.7,-0.45,-1.19,7.58,18.12
01087,60.1,46.3,42.36,11.41,-17.35
01089,113.7,101.18,85.79,93.96,103.31
01091,131.7,129.87,146.01,75.88,7.78
01093,182.1,164.27,140.45,106.39,73.47
01095,191.1,167.25,152.31,99.16,46.55
01097,133.5,119.13,107.28,106.26,105.89
01099,135.7,125.39,110.3,50.85,-7.37
01101,88.0,84.65,70.66,89.06,109.56
01103,135.4,118.11,108.56,69.51,31.17
01105,3.6,3.18,-0.6,10.91,23.48
01107,81.5,70.9,62.77,33.84,6.01
01109,105.5,99.73,90.18,38.83,-10.83
01111,108.8,100.18,86.56,56.98,29.59
01113,110.6,103.57,93.57,41.96,-9.54
01115,114.4,106.46,99.86,63.26,28.46
01117,100.7,90.4,81.19,76.49,73.31
01119,40.5,36.91,27.77,36.15,45.7
01121,138.9,124.56,109.11,44.65,-17.75
01123,108.0,100.77,93.09,47.72,4.6
01125,111.2,100.37,88.91,93.62,99.82
01127,235.4,219.01,204.71,135.45,67.42
01129,44.3,51.41,43.56,25.72,9.72
01131,66.4,56.75,50.95,25.22,2.46
01133,172.5,159.26,143.12,68.17,-5.82
02013,0.0,0.01,0.01,10.49,21.74
02016,0.0,0.0,-0.01,2.52,4.93
02020,66.3,59.63,51.22,54.89,60.02
02050,0.0,0.01,0.01,6.82,13.1
02060,0.0,0.01,0.01,3.98,8.92
02063,0.0,-0.06,-0.05,-0.09,-1.33
02066,0.0,-0.0,-0.02,0.02,1.17
02068,0.0,-0.07,-0.07,8.02,15.07
02070,0.0,0.01,0.01,4.87,10.08
02090,48.4,42.61,36.9,29.8,21.74
02100,0.0,-0.06,-0.06,1.24,2.47
02105,0.0,-0.24,-0.28,4.92,10.44
02110,79.8,66.67,55.3,36.95,18.55
02122,97.9,82.88,76.34,53.47,29.28
02130,91.5,76.62,58.86,50.54,41.35
02150,33.6,28.41,23.25,18.31,12.89
02158,0.0,-0.01,0.02,0.06,-2.15
02164,0.0,-0.05,-0.07,0.36,1.34
02170,76.4,69.31,60.9,31.81,3.04
02180,0.0,0.01,0.01,2.19,2.72
02185,0.0,0.01,0.01,3.08,5.74
02188,0.0,-0.0,-0.01,2.67,4.6
02195,71.0,64.33,64.87,68.84,71.6
02198,56.4,39.15,29.03,23.15,16.32
02220,9.5,7.26,0.22,16.33,32.47
02230,0.0,-0.04,-0.03,4.99,9.31
02240,0.0,-0.04,-0.03,12.46,24.51
02275,0.6,-0.17,-0.16,6.43,12.66
02282,0.0,0.02,-0.01,5.31,8.83
02290,0.0,-0.03,-0.04,1.17,2.55
04001,18.5,18.54,15.86,7.39,-1.88
04003,79.0,68.65,60.43,38.42,15.42
04005,51.4,42.25,34.61,34.47,33.23
04007,110.0,87.58,73.83,46.78,17.91
04009,84.1,74.22,66.37,44.68,22.46
04011,0.0,-0.38,-0.26,2.14,3.89
04012,78.3,66.07,50.37,19.02,-12.58
04013,68.2,58.71,48.57,45.69,41.78
04015,127.5,113.3,94.2,70.71,46.6
04017,67.5,65.27,56.55,47.15,36.93
04019,74.0,64.7,56.52,51.82,46.71
04021,58.3,49.51,40.14,12.18,-18.1
04023,29.3,21.29,16.54,8.31,-2.0
04025,97.8,86.87,71.98,49.68,27.82
04027,56.6,47.46,37.26,24.51,11.21
05001,129.1,124.96,110.35,74.64,40.66
05003,115.8,110.16,100.51,31.59,-35.66
05005,142.7,133.85,108.68,122.12,134.55
05007,87.8,78.95,68.97,45.34,21.75
05009,156.4,141.55,126.38,76.04,26.41
05011,116.5,108.97,97.98,79.57,62.02
05013,83.6,77.65,65.7,17.86,-28.15
05015,89.2,79.46,70.27,37.14,3.3
05017,77.7,78.6,78.21,90.88,104.09
05019,100.9,94.4,96.48,57.63,19.28
05021,134.6,118.57,105.3,73.52,42.85
05023,115.9,111.57,102.44,51.54,1.74
05025,1.1,0.01,8.29,1.12,-4.12
05027,106.6,100.13,93.75,54.32,17.22
05029,131.7,123.81,105.01,40.72,-22.43
05031,157.3,145.15,126.31,161.62,196.54
05033,158.0,145.95,132.2,61.89,-8.12
05035,108.7,105.15,93.56,69.61,44.4
05037,120.3,109.63,98.7,61.6,23.78
05039,101.6,78.61,74.18,40.02,7.48
05041,143.8,131.52,103.29,93.26,83.96
05043,131.8,126.26,113.11,93.46,75.19
05045,97.9,89.94,76.39,61.64,47.7
05047,22.2,18.63,13.31,37.87,63.39
05049,116.7,109.81,98.86,63.1,26.06
05051,176.3,158.51,139.62,119.02,98.84
05053,77.5,73.57,61.52,15.98,-27.31
05055,177.8,172.1,155.61,103.59,52.29
05057,115.7,114.2,101.6,43.57,-12.27
05059,105.3,96.49,82.86,40.9,-0.1
05061,161.6,148.49,137.91,71.52,6.52
05063,159.8,149.89,129.85,136.24,143.0
05065,104.0,99.68,92.85,79.05,64.54
05067,150.4,135.66,116.21,51.8,-13.44
05069,108.6,102.56,96.04,103.41,112.3
05071,127.4,110.61,104.18,65.07,27.0
05073,111.2,110.11,99.95,90.47,82.94
05075,37.5,34.45,26.06,38.39,50.34
05077,68.2,67.44,55.7,65.36,74.64
05079,67.6,60.68,50.46,15.4,-18.54
05081,163.5,154.88,145.12,90.37,36.12
05083,41.2,36.76,28.08,20.95,14.9
05085,101.5,94.93,85.29,23.13,-37.29
05087,79.3,79.42,69.55,36.38,3.51
05089,83.3,77.19,56.76,12.28,-32.5
05091,109.3,101.97,93.86,79.83,67.38
05093,138.6,135.45,124.55,62.94,1.82
05095,92.6,85.93,75.51,14.39,-45.19
05097,93.4,82.36,74.3,78.31,83.23
05099,0.0,-0.28,-0.7,15.25,32.44
05101,0.8,0.35,-0.75,-1.2,-0.42
05103,143.4,137.63,124.28,71.52,20.85
05105,51.2,28.89,45.53,13.1,-17.32
05107,159.8,160.41,122.6,92.36,61.96
05109,97.6,85.98,76.37,38.16,1.55
05111,120.7,120.52,108.94,82.55,55.3
05113,117.8,105.16,97.09,54.73,13.58
05115,132.6,112.02,96.25,47.26,-0.46
05117,82.1,76.21,68.77,19.72,-28.7
05119,105.2,98.29,87.37,141.71,197.24
05121,114.2,104.04,84.05,33.43,-17.76
05123,94.8,88.5,76.65,46.51,14.79
05125,97.4,92.02,80.94,46.48,12.97
05127,124.7,115.76,109.82,59.54,9.35
05129,82.6,79.63,73.89,29.83,-12.86
05131,169.0,155.35,141.95,128.42,115.26
05133,65.5,56.41,43.59,15.99,-10.55
05135,138.5,131.94,116.6,52.06,-13.05
05137,152.7,152.72,145.23,96.26,47.56
05139,131.5,118.34,107.11,117.73,129.61
05141,103.1,101.62,97.3,43.97,-8.07
05143,98.5,91.65,76.63,80.8,85.69
05145,123.5,116.98,99.33,56.27,14.62
05147,3.8,2.09,6.74,22.63,37.84
05149,66.9,56.13,54.69,34.55,15.69
06001,31.1,26.27,22.03,20.46,17.09
06003,0.0,-0.52,-1.02,20.63,43.99
06005,112.3,99.23,85.5,32.05,-21.44
06007,125.4,106.15,89.7,69.86,48.73
06009,83.5,70.1,58.46,27.52,-2.86
06011,45.2,34.58,30.26,26.32,21.45
06013,40.8,35.86,31.4,25.95,19.0
06015,133.7,117.31,97.77,56.39,15.19
06017,63.7,54.99,47.07,29.73,12.1
06019,57.8,52.78,48.26,45.37,42.96
06021,85.0,78.45,67.32,36.91,6.15
06023,92.2,77.49,66.98,55.01,42.9
06025,52.4,48.71,44.0,27.7,11.21
06027,61.3,50.18,41.71,26.44,10.72
06029,60.3,54.95,48.5,37.4,23.53
06031,64.8,58.86,54.43,36.63,17.93
06033,116.4,95.65,77.87,36.01,-5.17
06035,81.7,66.3,51.75,46.01,41.22
06037,33.4,30.26,27.33,26.59,26.13
06039,49.7,42.29,36.94,19.68,2.1
06041,36.7,32.43,28.44,23.16,15.68
06043,67.6,55.83,47.5,18.09,-10.89
06045,105.1,90.46,81.6,59.06,35.64
06047,65.3,56.62,47.98,36.28,23.06
06049,96.4,81.28,50.86,31.29,11.71
06051,54.4,44.48,37.65,30.67,24.23
06053,50.6,44.18,38.22,28.26,15.84
06055,40.4,35.44,31.9,26.89,20.12
06057,83.0,70.37,61.82,42.61,23.04
06059,42.1,37.72,33.83,31.76,29.35
06061,62.9,55.98,49.25,47.72,44.31
06063,85.5,73.02,66.33,47.41,27.9
06065,49.4,44.7,39.74,29.77,19.4
06067,50.3,44.0,38.1,36.03,31.78
06069,43.7,39.43,35.96,16.52,-5.39
06071,52.2,47.37,41.6,37.32,32.36
06073,39.2,34.72,29.93,27.67,25.59
06075,32.2,27.02,22.96,33.09,41.46
06077,54.5,47.44,40.33,27.39,12.41
06079,71.6,63.86,58.61,45.49,29.0
06081,31.5,27.19,23.77,20.5,15.49
06083,54.7,49.06,42.47,42.68,41.49
06085,24.2,20.54,18.09,19.29,19.72
06087,57.0,49.09,41.86,29.44,14.61
06089,118.0,101.13,84.57,69.92,55.34
06091,21.3,12.14,5.27,5.01,5.32
06093,117.2,96.95,92.98,61.58,30.82
06095,43.0,37.36,31.95,23.12,12.98
06097,52.5,45.76,40.02,32.82,25.06
06099,85.1,75.63,65.62,59.05,50.79
06101,102.9,94.41,77.5,73.4,68.42
06103,94.8,82.72,70.7,42.83,13.97
06105,98.5,80.66,72.56,36.6,1.5
06107,65.1,58.47,51.25,39.21,26.03
06109,114.6,104.71,86.31,65.63,47.06
06111,54.0,48.65,43.91,33.2,22.73
06113,46.7,41.1,35.64,25.15,12.81
06115,83.2,68.94,60.93,34.74,7.07
08001,52.5,46.64,39.81,33.14,27.72
08003,152.4,121.34,99.79,47.38,-4.74
08005,58.2,50.35,44.17,43.62,44.0
08007,72.3,65.24,59.2,39.21,18.03
08009,86.8,78.27,67.65,48.97,31.7
08011,59.6,44.48,34.25,45.8,59.36
08013,47.7,41.8,36.97,43.09,49.73
08014,52.9,46.39,41.03,42.12,43.87
08015,94.4,83.48,72.19,41.26,11.24
08017,68.1,62.18,49.14,16.39,-13.95
08019,34.8,30.93,27.48,4.54,-17.98
08021,1.2,-0.19,-0.77,27.43,56.27
08023,0.0,-0.58,-0.63,0.24,1.24
08025,29.7,24.86,22.43,4.15,-13.21
08027,0.0,-0.25,-0.54,2.13,4.95
08029,83.6,76.05,65.57,38.24,10.05
08031,39.4,34.38,28.96,37.58,46.85
08033,0.0,-0.39,-0.4,70.6,139.71
08035,50.5,45.31,41.47,27.18,13.97
08037,46.3,40.57,33.48,48.61,63.23
08039,34.9,31.02,27.3,10.86,-6.08
08041,67.4,59.61,51.69,46.93,41.9
08043,72.7,66.28,56.07,36.72,17.09
08045,78.5,64.64,51.24,33.71,15.21
08047,0.0,-0.54,-0.48,-1.01,-1.25
08049,43.3,37.26,33.53,13.86,-6.43
08051,51.6,43.93,36.71,24.68,13.48
08053,0.0,-0.16,-0.5,13.96,28.64
08055,80.6,86.73,74.33,45.59,16.35
08057,0.0,-0.42,-0.31,17.42,35.09
08059,70.4,61.6,53.7,41.43,29.71
08061,112.7,97.07,92.74,21.06,-48.21
08063,41.0,45.05,44.53,36.0,29.52
08065,49.7,44.36,39.19,14.3,-10.48
08067,58.0,51.03,42.65,52.52,60.43
08069,62.2,52.5,44.87,40.61,37.12
08071,126.0,114.72,100.98,71.46,41.23
08073,29.0,40.06,34.26,18.55,4.56
08075,81.6,77.3,69.14,33.87,0.86
08077,78.6,71.44,59.7,56.74,50.96
08079,0.0,-0.1,-0.16,0.21,2.22
08081,108.0,96.34,76.37,39.97,2.33
08083,90.8,76.58,64.24,40.1,13.36
08085,80.7,75.7,65.44,43.09,19.49
08087,65.4,59.36,50.68,25.53,2.96
08089,107.7,97.66,84.72,47.53,12.79
08091,34.4,28.25,3.07,15.67,27.56
08093,0.0,-0.57,-0.5,-1.41,-1.66
08095,0.1,-0.3,-0.23,29.89,61.22
08097,26.1,21.65,17.65,31.81,45.94
08099,79.3,71.75,56.05,24.44,-5.01
08101,107.9,97.32,83.7,73.77,63.46
08103,26.0,26.92,25.59,30.93,32.76
08105,79.9,73.02,62.51,62.55,63.16
08107,62.0,47.58,39.91,38.62,36.74
08109,0.0,-0.54,-0.5,-0.9,0.21
08111,0.0,-0.36,-0.62,0.52,0.38
08113,35.9,29.35,20.04,20.47,19.7
08115,1.3,0.35,-0.06,22.46,45.65
08117,59.9,51.79,46.04,32.09,18.02
08119,107.7,90.64,75.46,25.84,-24.22
08121,0.0,-0.17,-0.44,3.15,9.05
08123,58.0,49.45,40.7,23.76,7.88
08125,71.1,60.97,47.63,40.29,34.62
09001,43.4,37.75,33.82,36.94,40.15
09003,56.0,49.31,43.31,42.42,40.31
09005,60.6,53.02,47.05,25.42,3.23
09007,63.3,55.58,49.55,33.13,16.36
09009,63.1,54.78,48.66,50.41,51.75
09011,66.4,55.93,48.52,38.06,26.92
09013,48.4,41.98,37.55,20.22,1.55
09015,71.6,61.76,54.47,32.44,9.98
10001,75.9,63.94,58.35,39.27,19.59
10003,74.7,65.17,57.44,51.76,44.56
10005,93.1,80.44,70.04,56.67,42.96
11001,32.5,28.39,24.98,37.93,51.42
12001,69.1,65.36,57.59,94.63,133.27
12003,112.2,105.71,89.36,18.76,-50.22
12005,121.2,113.42,97.85,82.61,67.86
12007,93.8,85.16,70.89,24.55,-20.41
12009,92.1,84.76,74.28,56.67,40.35
12011,51.3,46.17,39.09,34.97,31.5
12013,71.2,67.4,65.17,32.14,0.25
12015,79.8,75.17,66.55,63.55,61.47
12017,104.9,103.0,90.09,53.19,18.89
12019,87.3,80.47,69.7,57.29,47.55
12021,58.2,51.76,45.38,38.57,33.6
12023,118.8,111.87,95.66,48.47,2.57
12027,57.4,56.06,47.24,12.58,-22.11
12029,45.5,42.63,38.82,9.5,-18.94
12031,88.6,82.94,70.78,75.35,82.13
12033,113.0,102.98,89.39,83.78,78.14
12035,80.3,74.81,66.07,30.95,-1.22
12037,80.0,70.08,55.82,28.62,2.93
12039,58.8,53.39,45.83,9.53,-25.38
12041,43.7,42.61,36.9,7.9,-19.61
12043,5.0,3.27,3.11,-2.75,-8.54
12045,103.9,91.11,81.09,47.83,15.1
12047,36.6,30.21,33.05,6.11,-18.99
12049,38.7,34.42,31.15,5.58,-19.65
12051,70.9,64.37,56.47,13.58,-28.79
12053,110.0,103.82,92.03,72.96,55.94
12055,80.2,73.65,65.83,39.53,13.46
12057,65.6,60.37,52.53,48.09,45.14
12059,83.5,77.62,70.68,51.71,33.84
12061,96.7,90.86,81.28,60.92,40.7
12063,109.6,104.03,91.23,46.09,1.84
12065,51.7,47.32,39.88,5.8,-26.03
12067,57.4,50.09,42.37,16.62,-7.28
12069,82.3,75.24,65.35,47.68,31.44
12071,66.3,61.65,55.01,41.68,28.64
12073,71.5,66.01,56.99,59.08,63.12
12075,102.8,98.32,86.32,37.12,-10.29
12077,40.8,39.18,33.29,4.81,-22.78
12079,81.3,75.96,71.72,46.21,22.44
12081,76.2,70.85,62.47,41.22,21.55
12083,90.8,85.45,73.37,55.27,39.89
12085,74.8,71.24,64.78,61.8,58.55
12086,30.5,27.98,23.97,23.86,23.72
12087,79.9,74.73,65.03,37.26,8.21
12089,110.4,103.54,86.62,34.07,-17.52
12091,85.4,77.82,65.94,46.2,25.83
12093,101.6,95.41,86.52,59.24,31.46
12095,45.2,41.26,35.81,38.43,43.31
12097,53.0,46.59,39.72,21.86,5.37
12099,59.3,54.04,48.3,43.32,37.27
12101,86.6,80.97,71.23,63.86,57.14
12103,82.4,74.85,67.15,64.79,62.8
12105,72.9,68.03,58.98,37.77,17.36
12107,110.0,102.35,87.74,37.01,-11.56
12109,65.0,60.8,51.11,34.24,19.97
12111,65.6,61.64,54.69,31.96,8.33
12113,97.4,90.44,77.38,50.05,23.51
12115,79.0,73.44,65.76,55.79,46.35
12117,55.9,52.64,45.77,39.97,35.91
12119,72.6,69.14,64.96,17.03,-28.97
12121,85.7,80.25,72.33,17.53,-35.03
12123,113.8,112.72,103.4,51.45,1.62
12125,54.6,51.9,46.01,17.82,-9.04
12127,81.8,73.85,64.37,50.33,38.45
12129,83.8,78.48,67.91,13.65,-38.9
12131,89.0,84.32,74.63,33.67,-6.98
12133,124.7,120.96,109.14,41.09,-26.3
13001,123.7,115.84,104.02,64.24,25.46
13003,67.9,66.47,56.51,61.46,67.28
13005,157.5,169.17,171.11,153.4,136.64
13007,0.0,-0.49,-0.66,25.37,54.55
13009,98.4,90.06,81.19,45.85,11.61
13011,42.3,31.94,37.84,6.24,-23.46
13013,84.6,76.1,68.19,58.96,51.48
13015,102.9,98.58,87.5,62.22,37.97
13017,199.4,183.12,164.6,85.49,8.4
13019,56.1,52.57,47.17,20.43,-4.3
13021,130.7,121.25,108.36,128.39,149.85
13023,131.8,124.09,110.85,38.57,-31.47
13025,55.2,50.24,46.72,10.43,-25.63
13027,91.0,87.94,87.26,94.12,103.21
13029,90.7,82.26,69.44,37.96,7.21
13031,84.7,78.23,68.1,80.42,92.79
13033,84.3,76.23,66.15,41.18,15.37
13035,100.2,91.74,69.77,41.74,14.08
13037,2.2,0.89,-0.79,11.7,26.93
13039,73.9,66.1,54.22,36.94,20.04
13043,169.7,157.63,135.74,79.95,24.26
13045,116.6,109.86,100.0,80.93,63.52
13047,116.1,104.74,92.04,44.85,-1.37
13049,104.0,95.99,86.98,54.52,23.14
13051,84.9,77.26,68.82,76.15,84.54
13053,0.0,-0.6,-0.78,-1.52,-1.32
13055,131.4,120.71,106.61,33.14,-39.75
13057,70.0,64.06,56.37,53.38,51.16
13059,97.1,90.83,81.51,126.3,171.98
13061,49.0,43.13,32.77,78.2,126.33
13063,44.6,38.94,33.88,27.95,22.07
13065,150.8,145.85,132.67,66.97,2.04
13067,61.3,54.68,47.2,45.16,44.49
13069,173.8,175.64,156.58,161.78,168.48
13071,85.7,85.1,80.0,84.78,93.31
13073,81.0,71.97,62.36,66.57,70.56
13075,105.7,105.09,97.98,49.37,2.96
13077,81.3,75.74,68.36,52.16,36.36
13079,1.1,0.52,4.66,38.41,73.57
13081,174.5,169.79,161.19,95.86,31.42
13083,74.9,62.23,51.1,13.39,-22.66
13085,135.6,141.13,131.07,47.05,-36.17
13087,122.6,120.38,109.16,74.29,42.81
13089,45.1,40.2,35.37,46.72,58.96
13091,93.1,92.27,74.1,30.51,-11.5
13093,0.6,0.51,-0.48,-2.39,-2.94
13095,119.3,106.52,91.7,110.69,131.52
13097,94.5,85.58,75.66,47.84,20.64
13099,118.9,114.01,108.32,72.87,40.39
13101,0.0,-0.6,-0.2,-2.57,-3.44
13103,79.7,71.98,62.05,23.09,-15.1
13105,146.7,139.12,130.65,62.73,-4.83
13107,113.4,108.01,95.57,60.47,25.43
13109,122.0,115.42,92.75,38.53,-15.34
13111,154.3,136.69,122.53,87.08,53.54
13113,91.8,81.98,74.56,75.8,77.09
13115,153.3,135.98,121.94,151.95,183.43
13117,51.2,47.46,41.11,27.54,14.85
13119,122.9,112.82,111.51,44.3,-22.04
13121,49.2,43.91,38.21,68.09,98.95
13123,135.2,119.29,112.24,53.54,-3.55
13125,0.0,-0.87,-1.32,-2.56,-4.17
13127,104.5,94.26,78.34,76.29,74.26
13129,117.8,106.37,95.58,65.78,37.68
13131,78.7,77.34,66.83,35.87,7.34
13133,142.0,130.14,106.07,57.67,10.12
13135,47.4,43.19,37.87,31.3,26.31
13137,101.8,100.07,88.14,28.34,-30.11
13139,94.5,87.78,78.02,76.13,75.69
13141,53.7,45.9,37.74,11.48,-13.93
13143,193.7,180.81,159.32,50.85,-55.59
13145,7.8,5.36,5.0,4.08,4.72
13147,103.5,101.4,91.06,34.79,-21.21
13149,0.6,0.04,-0.9,-1.82,-0.96
13151,78.6,70.75,62.99,47.76,32.93
13153,93.5,86.82,77.17,58.22,40.92
13155,57.2,54.45,57.4,35.18,14.96
13157,116.6,108.37,98.03,52.09,7.92
13159,58.8,56.9,47.17,21.42,-3.16
13161,91.7,84.84,72.87,34.28,-3.5
13163,125.1,114.01,92.5,47.45,2.83
13165,31.1,26.77,16.86,24.73,31.86
13167,33.8,4.9,-0.9,14.28,29.4
13169,53.8,50.92,45.08,27.8,12.65
13171,75.6,65.9,66.05,23.11,-18.16
13173,79.5,70.19,66.21,29.67,-5.26
13175,122.8,115.12,101.02,101.12,102.18
13177,52.4,46.04,39.43,31.77,26.28
13179,55.0,52.2,46.3,38.85,31.52
13181,26.9,34.31,29.69,43.51,56.99
13183,0.1,-0.33,-1.15,-0.63,-0.34
13185,92.7,86.5,83.66,78.0,74.07
13187,83.1,73.94,66.55,19.93,-25.41
13189,163.2,143.5,120.62,76.81,33.19
13191,75.2,65.79,45.87,8.51,-28.72
13193,68.0,68.01,68.32,33.98,1.16
13195,103.6,92.48,78.2,11.72,-54.49
13197,19.4,17.51,16.44,2.52,-9.31
13199,82.8,76.76,72.06,40.16,10.09
13201,108.8,100.64,90.59,76.01,64.74
13205,100.4,93.76,90.4,51.47,15.93
13207,67.8,66.15,59.59,27.08,-4.24
13209,36.9,44.3,30.72,12.59,-6.59
13211,79.4,76.35,62.22,42.22,23.09
13213,97.7,87.36,76.57,33.4,-7.98
13215,90.7,87.18,76.66,101.28,126.75
13217,81.9,75.63,66.15,37.33,10.1
13219,63.2,59.56,54.77,44.18,34.9
13221,40.3,36.49,32.2,4.14,-23.14
13223,58.6,52.7,45.89,24.66,5.04
13225,88.7,80.64,72.54,49.09,27.11
13227,122.0,112.12,102.05,34.8,-31.51
13229,64.6,62.25,54.88,38.4,22.82
13231,12.4,10.21,9.39,0.98,-6.64
13233,166.8,152.68,138.48,36.35,-63.46
13235,88.7,89.44,82.34,34.72,-11.31
13237,67.9,62.2,53.2,16.96,-18.21
13239,0.0,-0.57,-0.76,-1.9,-0.81
13241,134.0,145.23,143.74,78.8,13.91
13243,138.3,127.83,110.73,38.33,-32.59
13245,86.8,76.76,64.44,98.16,131.04
13247,79.3,73.94,67.2,52.81,39.26
13249,3.2,1.86,-0.09,10.47,22.68
13251,58.1,62.78,58.99,25.67,-7.64
13253,178.8,171.65,155.82,130.28,108.22
13255,136.7,121.83,110.1,96.41,83.1
13257,163.7,156.59,146.8,70.48,-5.94
13259,61.9,53.04,52.07,25.55,1.2
13261,105.7,106.35,99.93,73.19,48.42
13263,0.0,0.21,-0.39,0.58,3.42
13265,0.0,-0.93,-1.29,-3.32,-4.14
13267,54.1,51.72,65.87,37.67,10.13
13269,72.9,89.64,77.23,9.01,-57.06
13271,58.6,63.01,60.33,10.46,-39.4
13273,51.3,47.22,31.55,6.54,-16.1
13275,107.4,104.17,97.71,123.32,151.11
13277,149.2,135.63,125.66,170.43,217.25
13279,152.8,137.16,111.69,57.7,3.43
13281,111.0,94.29,82.23,41.32,2.35
13283,76.6,74.45,59.68,5.27,-49.34
13285,98.9,94.14,87.2,76.01,66.41
13287,84.2,91.21,84.21,41.55,0.91
13289,1.3,-0.06,-1.03,-1.4,-0.01
13291,128.6,108.24,95.34,79.06,64.38
13293,138.4,142.16,135.85,88.1,42.1
13295,54.8,47.95,41.22,15.59,-8.96
13297,111.0,100.9,87.34,28.75,-28.29
13299,221.3,214.06,195.94,160.79,126.94
13301,0.2,-0.88,-1.15,4.13,9.47
13303,95.6,85.01,70.52,31.89,-6.55
13305,144.0,139.52,117.26,104.14,91.23
13307,60.0,60.65,61.34,4.68,-49.3
13309,32.9,6.05,8.72,-3.01,-15.12
13311,100.9,92.1,83.55,22.45,-37.29
13313,93.4,86.87,75.7,82.75,91.29
13315,3.5,2.7,-0.81,-3.19,-4.19
13317,138.0,122.41,109.85,58.09,6.41
13319,92.0,81.68,73.85,50.5,28.42
13321,95.4,83.37,78.42,35.66,-4.99
15001,66.4,60.03,53.63,40.41,25.21
15003,33.6,30.61,26.92,27.41,30.63
15005,0.0,-0.14,-0.17,-0.17,0.11
15007,55.1,49.57,40.1,32.11,26.66
15009,56.8,51.91,44.64,34.4,24.09
16001,72.0,64.31,54.14,58.25,61.52
16003,0.0,-0.74,-0.91,11.72,23.28
16005,101.6,93.62,82.74,81.31,78.91
16007,113.3,104.66,97.48,67.99,36.93
16009,90.0,81.56,72.05,49.38,25.16
16011,66.8,61.63,56.38,58.04,58.02
16013,46.0,43.57,37.07,23.88,9.85
16015,0.0,-0.45,-0.52,7.89,14.24
16017,65.0,59.94,53.23,42.17,31.92
16019,92.3,83.69,75.95,74.86,71.78
16021,99.8,98.09,86.24,40.97,-4.02
16023,99.3,84.26,75.22,75.92,74.73
16025,0.0,-0.02,-0.22,-0.72,-2.25
16027,76.3,69.15,59.08,29.34,-2.08
16029,107.1,101.4,97.26,91.19,83.18
16031,102.8,92.89,82.93,55.34,26.58
16033,0.0,-0.35,-0.22,-0.53,-1.99
16035,64.5,86.45,75.97,17.58,-40.55
16037,24.6,25.85,20.47,7.69,-7.5
16039,69.2,64.72,56.97,27.08,-3.19
16041,75.7,69.7,63.38,54.24,44.0
16043,43.3,32.22,28.74,17.0,4.99
16045,108.8,101.03,91.37,30.14,-33.17
16047,60.0,51.24,44.75,27.19,8.78
16049,56.4,46.21,38.24,25.84,14.57
16051,37.5,35.17,32.83,18.39,3.02
16053,70.9,63.51,57.02,26.55,-5.07
16055,95.0,87.15,76.88,61.76,46.99
16057,61.2,54.86,49.66,28.1,6.17
16059,99.1,90.74,84.37,33.13,-18.27
16061,8.9,7.75,0.25,14.59,29.38
16063,0.0,12.48,17.56,10.95,2.98
16065,51.8,49.57,44.31,29.96,14.38
16067,30.3,28.26,25.78,19.34,11.55
16069,127.8,109.99,106.44,131.11,155.67
16071,103.8,96.92,87.7,69.53,50.47
16073,12.1,28.7,26.64,8.25,-11.03
16075,47.9,42.92,40.29,49.88,57.97
16077,71.6,63.77,56.1,39.9,22.08
16079,106.5,97.53,77.67,33.42,-13.09
16081,57.8,50.78,46.83,25.2,3.3
16083,99.9,91.79,83.87,87.67,90.83
16085,95.9,84.49,69.81,25.29,-20.73
16087,113.5,100.99,83.81,47.09,8.93
17001,133.7,120.27,98.31,93.92,89.01
17003,4.4,-0.77,-1.48,50.01,101.08
17005,55.5,47.09,41.52,25.09,9.96
17007,50.6,47.1,40.31,28.73,16.88
17009,2.7,1.67,1.08,32.27,64.53
17011,31.0,30.75,26.68,48.79,72.79
17013,2.0,1.65,-0.42,5.36,10.4
17015,36.2,36.85,29.93,18.67,7.71
17017,24.6,21.59,18.15,9.78,2.81
17019,65.9,58.93,51.59,49.3,47.32
17021,86.8,74.99,63.08,27.09,-8.61
17023,26.6,23.54,47.81,39.7,30.96
17025,76.0,65.38,55.31,21.09,-12.96
17027,34.2,32.12,25.88,13.79,2.88
17029,99.8,90.8,77.43,63.28,48.77
17031,41.3,36.86,32.38,38.75,45.74
17033,32.0,28.73,21.4,7.08,-7.1
17035,0.6,0.08,-0.48,14.61,29.55
17037,57.7,53.85,48.73,29.94,11.48
17039,85.3,77.25,63.75,27.26,-9.48
17041,32.4,29.12,25.29,16.45,7.0
17043,46.7,42.34,37.88,44.71,52.45
17045,105.5,87.85,67.7,35.98,2.99
17047,96.2,83.1,69.81,45.56,21.19
17049,71.2,66.1,54.75,63.53,71.8
17051,61.5,55.57,48.17,22.83,-1.96
17053,3.7,3.46,-0.31,16.02,33.09
17055,138.5,113.99,105.78,44.13,-17.68
17057,69.1,69.35,69.15,48.43,28.26
17059,0.1,-0.52,25.63,29.23,31.74
17061,2.5,2.11,-0.09,38.02,75.92
17063,91.6,83.35,73.75,48.48,24.21
17065,2.7,1.29,-1.06,5.76,10.82
17067,25.9,19.75,16.22,28.92,41.81
17069,239.5,210.85,205.68,187.49,168.79
17071,0.3,-0.9,-1.0,2.63,6.57
17073,61.5,56.43,49.17,28.73,8.73
17075,57.6,56.0,47.69,39.38,32.43
17077,104.5,91.3,77.78,102.02,126.02
17079,42.3,38.7,34.32,22.11,9.74
17081,113.7,104.3,89.9,94.18,98.73
17083,117.9,110.02,100.72,79.51,58.33
17085,38.2,37.2,18.9,24.15,29.26
17087,29.8,25.41,22.69,8.84,-5.5
17089,41.5,37.62,33.5,22.91,12.92
17091,81.8,76.53,66.75,56.44,47.12
17093,52.1,48.77,41.96,12.77,-15.31
17095,106.9,97.47,85.53,68.75,51.22
17097,52.2,47.57,42.24,38.05,34.19
17099,84.6,78.17,70.74,30.32,-8.12
17101,86.8,82.57,74.27,47.01,19.74
17103,63.2,59.06,58.52,27.51,-2.55
17105,71.3,74.11,63.79,44.45,25.78
17107,80.1,70.07,61.53,29.2,-3.11
17109,81.1,79.08,68.11,48.37,28.89
17111,63.0,58.1,52.16,30.15,7.71
17113,57.3,52.47,46.21,53.98,62.3
17115,98.2,86.7,76.3,72.46,69.44
17117,39.2,34.07,29.57,21.03,12.75
17119,106.1,97.72,86.09,59.69,34.27
17121,127.8,119.41,107.43,59.57,12.94
17123,55.7,50.43,41.39,31.34,21.81
17125,60.6,55.91,43.14,23.36,3.74
17127,149.3,138.68,130.47,83.94,37.08
17129,13.4,23.59,19.68,1.85,-15.23
17131,34.9,18.42,15.1,18.92,23.15
17133,71.9,70.67,65.18,25.26,-13.37
17135,122.5,108.44,95.96,49.42,2.75
17137,127.4,114.76,97.95,65.27,33.57
17139,39.1,31.34,27.46,8.23,-11.1
17141,24.0,22.67,19.59,12.86,6.33
17143,79.0,70.52,60.49,98.77,136.61
17145,50.2,47.25,40.58,58.62,77.13
17147,35.8,27.38,22.55,22.09,21.33
17149,26.8,25.58,37.18,37.68,38.21
17151,49.1,37.86,7.9,23.96,39.34
17153,83.4,67.94,55.74,5.64,-44.68
17155,27.0,24.3,23.65,35.78,49.59
17157,68.6,63.97,52.09,42.1,31.89
17159,88.4,82.12,75.83,43.39,11.11
17161,84.2,75.92,66.46,52.14,38.07
17163,77.0,69.33,60.04,59.18,59.0
17165,217.1,203.21,179.44,130.83,80.97
17167,98.4,86.2,74.13,89.57,106.09
17169,2.6,1.29,28.38,30.46,33.37
17171,0.1,-0.52,-0.37,3.96,8.68
17173,33.0,30.45,28.55,17.84,6.96
17175,0.0,-0.42,-0.61,1.49,3.39
17177,82.9,74.47,68.35,51.32,35.0
17179,90.9,83.65,73.01,37.82,2.45
17181,159.4,142.42,120.66,81.5,41.95
17183,93.6,85.01,72.15,53.78,35.18
17185,112.3,91.23,69.7,34.09,-1.57
17187,76.7,69.25,60.88,33.47,5.08
17189,32.5,30.99,27.92,29.77,32.87
17191,79.9,74.39,64.16,58.85,52.71
17193,113.1,100.91,77.84,33.14,-12.69
17195,64.1,56.21,47.71,37.48,27.97
17197,53.9,50.26,44.65,33.15,23.13
17199,151.9,135.7,121.67,92.75,62.42
17201,94.5,87.14,77.74,72.32,66.54
17203,28.9,27.2,23.6,32.57,41.77
18001,63.8,57.16,50.66,30.13,8.82
18003,76.0,67.08,58.27,79.56,100.5
18005,93.5,82.85,72.1,51.86,32.28
18007,20.8,20.63,16.68,8.93,2.49
18009,83.3,73.08,68.66,29.54,-10.19
18011,66.7,58.49,51.45,45.01,38.74
18013,39.7,33.16,28.89,17.2,5.11
18015,30.6,23.46,18.66,3.61,-11.28
18017,69.9,61.88,56.28,21.65,-13.64
18019,104.8,92.34,84.21,76.87,70.22
18021,94.8,85.22,72.06,25.36,-22.73
18023,70.0,64.94,51.32,22.15,-7.4
18025,51.8,47.15,39.74,9.56,-20.36
18027,80.8,73.13,64.36,38.77,12.74
18029,88.8,83.08,77.76,86.7,94.01
18031,72.9,60.96,51.76,36.94,21.35
18033,69.1,57.93,50.06,21.13,-7.12
18035,99.4,91.15,81.1,83.7,84.98
18037,102.7,95.31,84.28,56.93,30.37
18039,73.0,62.73,51.48,43.2,34.92
18041,115.6,106.91,97.03,39.85,-18.33
18043,131.9,118.55,105.5,120.49,135.4
18045,117.0,103.16,84.82,25.64,-34.67
18047,50.3,43.67,37.96,28.06,17.46
18049,94.4,91.92,82.26,33.14,-16.12
18051,92.8,86.05,78.43,40.6,2.83
18053,104.2,93.44,82.53,38.06,-7.16
18055,94.0,79.46,65.02,35.2,3.87
18057,50.6,46.86,41.72,42.28,42.42
18059,76.8,68.52,61.58,35.98,9.48
18061,91.7,88.06,80.11,53.48,27.7
18063,73.0,65.41,58.45,44.85,31.3
18065,97.4,89.88,82.37,41.55,0.05
18067,122.7,114.94,102.93,69.41,35.01
18069,78.7,71.21,63.23,17.24,-29.45
18071,90.1,76.05,60.22,58.93,57.94
18073,122.5,117.06,103.15,61.41,20.6
18075,89.2,82.69,73.14,29.58,-14.65
18077,113.9,100.6,89.92,67.11,43.96
18079,98.2,88.34,75.8,26.44,-23.28
18081,84.1,77.16,68.28,64.81,60.57
18083,129.6,119.36,100.19,110.38,120.92
18085,74.1,65.28,54.71,20.46,-13.43
18087,23.1,20.05,16.11,7.95,0.18
18089,82.8,76.61,66.95,68.51,71.24
18091,105.9,91.8,78.81,65.91,53.54
18093,132.8,121.31,105.26,43.5,-18.93
18095,110.1,100.64,87.65,63.08,37.25
18097,72.4,65.68,56.91,70.94,84.36
18099,89.2,81.01,68.69,28.25,-12.77
18101,108.8,93.73,80.14,41.89,3.49
18103,67.3,59.4,51.98,25.4,-1.76
18105,71.5,64.55,55.37,63.34,70.33
18107,98.6,93.7,77.78,27.72,-23.56
18109,110.9,102.85,90.9,48.66,6.28
18111,25.8,21.63,17.22,0.82,-13.82
18113,77.0,69.11,60.85,20.16,-19.83
18115,4.1,3.08,-0.29,45.95,90.56
18117,105.9,90.59,75.85,30.07,-15.32
18119,74.7,69.15,62.24,24.37,-15.11
18121,41.1,33.87,33.76,29.49,23.76
18123,105.8,94.94,79.83,26.59,-25.17
18125,94.6,83.87,70.9,42.82,15.29
18127,89.9,85.12,76.68,54.89,34.17
18129,55.7,51.45,51.25,50.33,49.09
18131,71.5,58.4,46.65,34.92,23.22
18133,78.8,57.24,48.68,24.35,-1.06
18135,77.2,69.75,60.66,54.88,48.47
18137,107.8,100.7,90.95,42.68,-7.02
18139,79.2,70.28,56.46,28.41,-0.82
18141,81.3,72.18,60.2,66.72,72.76
18143,149.0,130.42,114.91,133.2,151.38
18145,78.2,70.83,60.11,35.2,8.82
18147,39.5,31.81,26.22,17.72,10.4
18149,114.9,105.07,91.25,53.99,16.98
18151,82.3,74.72,65.44,33.0,1.13
18153,97.9,82.33,66.31,51.0,34.8
18155,45.6,39.5,35.48,11.62,-13.31
18157,71.4,64.61,52.25,59.37,66.58
18159,59.0,48.77,40.0,25.36,10.24
18161,56.3,44.89,42.72,17.88,-8.44
18163,137.8,126.21,111.66,143.14,175.49
18165,92.2,83.26,69.44,29.25,-12.15
18167,103.8,95.67,78.58,85.15,90.1
18169,94.2,86.65,73.64,25.1,-23.93
18171,0.0,-0.74,-1.38,1.16,2.93
18173,83.4,77.26,67.52,65.43,64.79
18175,74.3,71.93,68.13,43.52,18.67
18177,101.5,90.66,81.96,78.98,75.04
18179,75.5,68.07,60.84,43.3,25.0
18181,83.0,74.04,65.28,16.65,-31.74
18183,93.7,79.64,69.84,23.0,-23.25
19001,51.9,44.15,37.34,15.82,-5.7
19003,13.3,62.07,53.69,18.45,-15.84
19005,44.5,40.61,26.97,28.47,29.12
19007,117.1,106.38,90.87,50.18,9.75
19009,47.4,54.01,65.84,40.5,15.2
19011,12.9,10.77,7.7,11.24,13.84
19013,72.9,64.31,59.13,59.53,58.55
19015,61.1,56.71,47.93,26.83,4.65
19017,48.5,43.3,37.56,26.16,13.15
19019,37.8,34.38,28.99,16.23,2.2
19021,42.2,37.49,32.19,21.41,10.88
19023,17.1,16.32,15.54,13.32,9.29
19025,68.0,66.2,61.33,53.86,45.85
19027,99.3,91.41,75.17,48.58,21.84
19029,100.2,91.58,80.52,49.62,18.21
19031,19.8,17.07,15.25,18.48,20.54
19033,97.8,82.75,66.76,73.03,78.0
19035,43.2,38.42,31.44,21.32,13.04
19037,26.9,21.88,18.44,5.52,-8.65
19039,87.6,94.99,80.19,30.15,-20.4
19041,105.1,99.61,89.87,68.91,48.01
19043,28.4,22.2,14.4,10.8,6.47
19045,79.1,71.73,63.6,44.73,25.39
19047,63.5,58.37,49.62,28.17,6.31
19049,17.6,19.38,19.31,10.36,0.91
19051,58.1,52.29,36.7,29.79,23.16
19053,45.3,52.86,53.4,51.46,50.32
19055,46.5,41.62,38.8,26.62,14.27
19057,95.6,85.47,75.97,58.51,41.12
19059,77.6,75.52,64.98,34.14,2.78
19061,61.2,54.31,49.85,40.32,30.8
19063,62.8,51.96,45.66,26.73,8.11
19065,64.8,60.23,53.83,24.99,-5.07
19067,85.2,54.48,48.4,37.57,24.99
19069,7.7,0.89,-0.26,5.51,8.97
19071,71.2,38.3,32.87,23.93,16.37
19073,92.8,86.73,71.88,42.68,14.2
19075,31.8,34.57,34.82,35.79,35.08
19077,2.6,8.46,34.08,29.22,24.97
19079,65.1,55.58,50.27,45.9,40.78
19081,0.3,-0.55,-0.65,27.77,55.46
19083,55.9,52.77,57.14,36.77,15.13
19085,69.5,60.16,47.36,37.94,28.37
19087,68.4,64.03,55.21,31.64,8.27
19089,30.8,28.32,23.96,10.92,-2.63
19091,61.5,51.8,46.78,22.97,-1.71
19093,57.5,64.05,62.55,34.64,8.25
19095,35.7,33.56,28.17,25.5,21.64
19097,35.8,32.24,27.71,14.82,1.47
19099,70.4,60.47,51.16,37.26,22.74
19101,91.5,83.74,73.54,49.01,24.6
19103,32.3,28.46,24.69,64.44,102.68
19105,46.6,39.36,26.47,19.13,11.27
19107,0.0,-0.43,-0.78,2.48,4.58
19109,38.4,33.96,31.13,14.94,-1.01
19111,125.6,111.77,95.1,45.7,-3.13
19113,65.0,56.65,46.84,37.77,27.03
19115,27.8,18.73,19.09,10.34,1.08
19117,107.6,87.77,77.28,50.31,22.81
19119,24.9,23.9,22.04,21.58,20.13
19121,84.2,76.0,63.76,35.87,7.21
19123,67.9,69.48,60.79,40.75,19.89
19125,61.2,56.96,51.83,40.31,27.75
19127,77.4,67.73,57.79,32.02,5.07
19129,40.5,47.24,39.93,40.52,42.2
19131,26.8,23.94,24.02,19.52,14.35
19133,91.4,85.81,80.76,37.62,-5.89
19135,94.3,76.77,65.82,91.3,117.02
19137,83.7,83.2,99.52,44.59,-10.27
19139,58.6,55.23,49.09,37.26,24.62
19141,57.9,58.77,51.69,37.58,23.91
19143,34.9,33.37,28.75,11.85,-4.59
19145,112.4,101.16,89.28,52.96,18.3
19147,38.0,33.57,27.71,4.23,-18.92
19149,45.4,42.12,39.83,20.41,0.27
19151,63.2,57.35,48.04,21.18,-6.23
19153,82.2,70.83,59.54,63.08,65.21
19155,90.6,80.49,68.99,45.12,21.37
19157,54.3,50.66,44.42,38.19,30.74
19159,89.3,63.91,60.33,26.53,-6.88
19161,18.4,15.53,15.01,18.19,22.08
19163,73.3,64.79,55.38,56.73,58.27
19165,60.6,53.12,48.45,28.41,7.81
19167,32.0,23.27,21.19,21.16,19.8
19169,41.6,37.29,31.63,29.4,25.77
19171,31.0,27.08,26.52,23.7,20.04
19173,20.6,15.73,0.77,39.19,78.4
19175,126.2,117.72,104.73,59.52,14.16
19177,1.4,-0.41,21.57,39.27,58.25
19179,120.7,100.19,77.39,47.64,17.71
19181,40.5,38.21,40.68,20.41,-0.81
19183,45.6,42.34,39.17,27.39,14.52
19185,15.8,59.82,55.48,88.19,120.71
19187,90.4,75.72,65.56,55.17,44.36
19189,54.5,51.75,46.37,30.03,12.59
19191,47.2,43.83,38.21,28.25,17.18
19193,72.7,67.57,62.3,51.22,39.59
19195,0.8,0.12,-0.66,0.91,0.75
19197,64.7,50.41,41.95,32.89,23.95
20001,94.7,121.86,131.52,90.18,49.58
20003,1.1,1.2,1.36,6.6,13.51
20005,104.6,97.48,85.2,52.04,21.51
20007,4.3,2.81,-0.33,36.64,77.77
20009,103.6,98.76,96.97,60.29,26.85
20011,116.7,105.92,89.51,70.42,51.55
20013,47.7,45.97,36.99,35.74,36.92
20015,96.6,89.07,90.06,67.47,46.15
20017,0.0,-0.12,-0.27,15.69,33.79
20019,14.3,9.07,0.04,26.79,53.42
20021,42.6,36.22,30.64,36.14,41.71
20023,116.2,105.98,105.51,129.38,154.1
20025,0.9,0.84,-0.05,97.75,198.66
20027,83.6,78.86,76.7,60.74,45.65
20029,47.2,38.75,33.83,15.03,-2.28
20031,5.1,3.47,80.04,92.86,108.34
20033,1.1,0.65,-0.2,12.29,26.51
20035,94.9,90.45,86.03,60.76,37.22
20037,105.2,92.64,79.36,99.43,119.81
20039,82.5,81.96,63.75,27.46,-4.99
20041,1.6,1.3,-0.06,45.29,91.79
20043,0.0,-0.6,-0.91,0.88,5.79
20045,67.4,59.46,52.44,44.2,36.29
20047,65.7,63.47,70.11,59.01,50.6
20049,5.5,3.17,-0.45,2.59,5.26
20051,107.9,96.75,91.76,65.57,41.82
20053,70.8,69.61,72.62,55.09,40.47
20055,74.5,66.77,61.76,36.68,14.38
20057,83.7,74.46,68.9,78.53,91.54
20059,104.1,95.38,88.41,48.74,10.08
20061,62.8,57.32,57.61,48.02,39.95
20063,29.9,53.71,2.77,23.16,46.22
20065,144.7,126.17,7.41,13.29,21.69
20067,61.0,57.93,53.18,27.31,3.94
20069,23.2,19.3,15.38,21.4,30.01
20071,110.5,107.69,102.35,121.27,143.12
20073,2.1,0.96,0.33,16.72,34.98
20075,70.4,46.54,38.96,8.8,-18.6
20077,64.6,70.51,65.79,44.97,27.19
20079,84.8,80.4,76.68,64.28,53.32
20081,2.4,2.08,-0.01,21.48,45.74
20083,0.3,0.44,0.1,26.31,54.85
20085,48.3,45.14,39.08,22.14,7.22
20087,0.6,0.11,1.22,10.17,20.41
20089,0.6,-0.0,-0.22,-1.01,-1.01
20091,66.9,59.85,53.95,58.86,64.3
20093,48.1,40.23,34.89,74.81,117.88
20095,0.0,-0.42,-0.63,30.46,64.09
20097,69.5,73.87,68.58,71.21,76.39
20099,105.7,99.93,92.85,66.57,39.32
20101,90.2,76.34,72.73,36.69,3.3
20103,44.3,39.58,34.73,29.99,26.91
20105,1.3,0.37,-0.04,3.48,9.08
20107,3.7,3.74,-0.43,10.51,22.3
20109,66.2,66.86,67.42,50.83,37.45
20111,76.6,71.95,63.26,45.36,29.92
20113,79.7,76.07,72.74,41.02,10.89
20115,29.1,30.25,26.67,11.13,-2.79
20117,32.6,31.13,24.83,33.22,43.09
20119,0.9,0.82,0.01,21.94,46.25
20121,27.8,41.24,34.28,24.58,16.14
20123,96.8,92.24,87.37,75.34,64.34
20125,113.3,117.94,103.42,46.25,-11.52
20127,1.2,1.67,-0.0,9.47,20.31
20129,137.0,120.13,105.92,112.51,121.38
20131,28.6,25.95,23.13,17.76,14.96
20133,38.3,45.72,83.73,77.89,71.99
20135,97.7,102.0,107.12,57.74,11.14
20137,102.2,85.09,80.12,54.83,32.93
20139,1.7,1.29,0.5,14.37,29.56
20141,165.4,152.52,147.3,93.26,41.02
20143,1.6,0.42,-0.28,12.43,27.21
20145,51.0,45.91,36.35,23.35,12.95
20147,2.4,1.74,-0.78,25.19,53.66
20149,1.1,0.49,-0.28,9.57,21.48
20151,184.8,159.93,138.88,100.04,64.15
20153,0.3,0.36,-0.11,26.79,57.41
20155,106.7,96.66,84.88,69.14,55.15
20157,2.1,2.11,0.12,12.86,27.94
20159,50.1,39.85,32.44,13.61,-2.48
20161,66.8,62.87,59.41,45.49,33.18
20163,2.3,1.68,-1.92,46.46,97.63
20165,42.1,46.66,50.32,35.12,22.19
20167,2.5,2.2,0.18,49.11,101.03
20169,137.2,125.88,118.78,107.36,97.62
20171,93.6,89.67,87.84,81.2,77.63
20173,99.9,93.25,85.1,94.56,106.44
20175,103.0,97.91,92.14,60.02,30.68
20177,106.3,91.47,79.61,63.23,48.27
20179,1.6,1.51,-2.74,6.77,20.31
20181,90.5,78.19,66.52,22.16,-20.37
20183,137.1,117.74,109.57,90.05,71.94
20185,0.0,-0.83,-0.78,21.19,45.65
20187,40.9,90.81,90.05,110.14,132.34
20189,25.2,22.13,19.88,10.54,3.41
20191,66.5,65.23,53.95,54.68,57.37
20193,89.1,82.5,84.1,62.06,43.21
20195,137.9,134.7,119.96,117.27,117.38
20197,0.0,-0.31,-0.31,6.11,13.92
20199,41.8,41.36,37.45,3.5,-27.75
20201,81.3,83.87,82.89,59.69,39.2
20203,0.0,-0.32,-0.3,5.03,13.43
20205,117.3,99.31,82.03,105.37,129.17
20207,0.6,1.32,1.76,12.78,26.35
20209,71.5,63.22,57.1,102.16,147.73
21001,100.2,97.83,91.89,68.45,47.36
21003,92.7,84.67,71.96,43.42,17.65
21005,90.4,78.06,68.25,25.31,-16.45
21007,102.9,92.11,85.93,12.37,-61.14
21009,125.6,116.96,104.71,67.88,34.89
21011,53.7,46.52,38.87,4.87,-29.85
21013,249.7,226.67,199.09,154.88,113.08
21015,89.0,81.34,73.42,50.01,25.02
21017,98.0,89.1,79.14,43.25,7.76
21019,90.8,80.98,72.08,95.77,119.37
21021,117.6,101.56,92.33,99.54,108.94
21023,18.5,16.11,14.7,20.99,27.0
21025,185.8,170.54,152.93,73.53,-5.22
21027,47.2,44.02,41.98,21.44,1.61
21029,64.6,62.58,58.75,20.73,-16.15
21031,90.5,78.88,70.23,27.23,-13.51
21033,132.2,125.38,116.9,40.37,-35.24
21035,97.3,87.88,77.57,48.26,21.54
21037,85.9,77.63,70.17,50.05,28.36
21039,81.3,82.45,89.19,78.95,69.86
21041,163.8,139.01,124.0,54.88,-14.65
21043,75.3,64.94,58.1,23.12,-11.16
21045,106.1,87.49,72.75,34.33,-2.19
21047,63.5,55.86,47.23,36.06,27.02
21049,95.1,89.74,82.77,168.12,254.39
21051,219.1,188.44,168.54,129.92,91.48
21053,156.6,133.04,116.36,65.83,19.44
21055,122.5,106.58,89.96,65.31,41.37
21057,174.3,148.84,127.91,58.59,-6.34
21059,103.2,93.19,82.72,76.09,69.7
21061,90.9,71.91,62.73,18.7,-23.42
21063,39.3,33.54,30.58,3.99,-21.69
21065,146.1,132.81,124.69,46.95,-28.93
21067,65.4,55.93,47.65,111.55,176.6
21069,71.1,60.6,54.86,35.58,16.63
21071,226.2,216.14,204.86,146.49,88.17
21073,95.4,83.47,74.46,68.9,64.27
21075,179.9,166.99,157.54,38.44,-78.57
21077,42.7,37.62,30.7,52.98,73.8
21079,50.5,41.54,34.38,24.05,16.02
21081,106.8,99.67,87.83,26.14,-36.76
21083,96.9,91.65,86.13,37.53,-8.95
21085,128.3,122.65,115.86,62.38,10.05
21087,81.5,59.45,60.56,18.93,-20.19
21089,77.0,67.72,61.16,31.09,1.4
21091,26.0,23.87,23.25,3.25,-15.06
21093,86.4,82.33,77.44,62.59,49.3
21095,129.9,120.49,109.52,62.71,16.47
21097,96.3,81.7,74.29,50.61,26.71
21099,59.0,56.73,54.76,11.92,-27.79
21101,143.4,131.03,113.61,67.83,22.05
21103,61.8,56.37,50.53,25.91,2.44
21105,61.9,53.63,57.77,36.84,17.88
21107,129.9,125.36,120.85,95.14,70.59
21109,48.1,49.78,45.22,12.07,-20.4
21111,83.4,76.36,69.76,88.73,108.46
21113,91.4,79.37,68.97,39.34,11.74
21115,178.1,169.73,149.7,107.26,65.09
21117,74.9,67.31,59.34,75.44,89.62
21119,87.5,80.55,67.04,49.71,32.88
21121,86.9,81.3,76.8,55.5,35.97
21123,86.5,81.36,65.81,30.04,-4.06
21125,106.0,92.0,82.85,78.99,77.07
21127,107.0,96.86,86.7,46.99,8.62
21129,147.1,134.31,126.15,74.67,23.93
21131,209.7,181.63,162.75,72.46,-17.29
21133,137.1,125.24,115.08,45.71,-22.79
21135,23.7,21.08,17.3,15.52,14.14
21137,74.4,61.84,53.01,14.01,-23.17
21139,6.5,4.58,-0.93,27.89,57.55
21141,103.9,104.84,97.24,28.12,-38.47
21143,115.8,106.62,101.2,52.12,4.16
21145,183.7,167.17,151.14,238.33,326.12
21147,120.9,118.84,97.3,28.09,-38.25
21149,87.0,80.72,68.71,12.57,-43.23
21151,83.9,74.74,67.59,34.4,2.75
21153,157.7,139.06,130.88,63.23,-3.86
21155,108.5,97.7,82.52,44.55,6.86
21157,115.5,109.4,99.63,46.84,-4.26
21159,135.7,131.21,122.3,71.27,20.91
21161,102.0,95.23,87.31,53.12,18.75
21163,58.5,55.35,48.73,12.81,-22.99
21165,43.0,36.37,33.82,13.14,-6.85
21167,98.2,86.29,73.98,24.25,-23.42
21169,72.4,66.06,60.38,17.21,-22.56
21171,120.2,106.87,91.45,36.55,-14.29
21173,146.4,131.04,118.91,71.78,25.04
21175,65.6,77.85,78.37,50.04,22.17
21177,128.0,119.89,105.45,46.72,-10.25
21179,92.4,86.05,79.11,37.9,-2.22
21181,42.8,30.27,25.89,2.6,-20.77
21183,112.3,104.96,92.37,89.2,88.0
21185,57.8,51.65,46.56,20.97,-3.7
21187,51.3,42.09,38.65,10.15,-19.32
21189,251.6,239.46,240.24,164.19,88.31
21191,51.8,47.03,44.7,21.41,-3.21
21193,209.3,203.88,202.06,300.11,398.33
21195,220.0,199.87,180.75,134.47,89.07
21197,149.1,139.29,132.8,73.02,14.27
21199,98.9,86.47,79.48,58.9,40.64
21201,0.0,-0.97,-0.56,-1.99,-3.87
21203,80.5,68.93,60.39,46.8,34.42
21205,121.5,97.83,82.87,54.3,26.16
21207,125.1,110.3,101.87,45.24,-8.32
21209,77.9,70.67,63.17,38.74,14.37
21211,73.8,64.32,58.51,25.59,-5.6
21213,102.4,90.61,81.71,19.03,-40.46
21215,44.3,37.87,35.12,7.01,-19.6
21217,91.7,90.5,84.98,51.54,20.06
21219,5.5,4.63,-0.37,1.72,5.65
21221,73.3,74.31,65.99,16.03,-31.87
21223,36.7,48.59,48.67,37.29,26.03
21225,126.9,121.07,103.49,40.93,-21.7
21227,94.6,84.73,74.04,95.96,121.53
21229,41.2,39.29,37.23,13.24,-9.72
21231,128.1,115.81,109.74,101.35,96.74
21233,100.6,94.96,92.67,46.44,0.63
21235,239.6,222.35,200.36,160.52,123.41
21237,163.9,126.48,120.81,77.98,36.15
21239,60.5,58.97,55.58,34.17,13.71
22001,76.8,71.04,67.86,33.31,-0.13
22003,92.8,84.43,85.03,40.68,-3.23
22005,93.5,85.48,75.48,38.99,2.88
22007,33.1,29.69,27.59,19.72,12.58
22009,126.6,115.51,101.55,45.58,-9.61
22011,75.2,70.07,63.03,36.89,12.01
22013,59.4,62.77,55.71,14.38,-25.31
22015,95.3,89.79,79.26,61.9,46.49
22017,112.1,105.47,90.68,133.49,178.0
22019,105.6,97.0,90.31,71.59,54.7
22021,51.8,46.75,37.65,33.58,28.98
22023,0.0,-0.57,-0.36,5.4,12.86
22025,96.5,99.15,87.53,14.5,-58.44
22027,97.1,96.92,93.18,80.56,70.74
22029,76.7,88.91,83.52,44.7,6.05
22031,64.4,66.7,63.58,19.92,-22.11
22033,92.1,81.84,72.45,96.62,121.28
22035,105.8,95.05,82.29,72.4,63.4
22037,46.6,44.93,43.67,25.98,9.01
22039,192.1,171.96,145.32,115.99,87.42
22041,123.6,110.63,92.91,69.07,44.89
22043,43.2,43.36,41.01,9.1,-22.19
22045,93.1,87.51,81.27,85.16,89.15
22047,80.7,74.53,60.37,13.37,-33.43
22049,77.7,71.63,56.46,29.71,4.14
22051,106.5,96.66,83.03,97.08,110.88
22053,103.7,89.02,84.59,53.12,22.18
22055,97.1,87.32,80.07,91.49,102.91
22057,96.3,88.27,78.69,54.62,31.45
22059,119.3,106.72,94.33,73.47,53.14
22061,98.4,81.67,75.78,50.82,26.28
22063,105.2,93.93,82.6,22.38,-36.76
22065,1.8,1.21,-0.84,2.94,7.79
22067,118.4,111.35,91.71,49.75,8.37
22069,76.6,75.17,69.18,32.63,-3.03
22071,64.8,57.51,48.76,85.18,120.92
22073,110.9,104.44,92.14,100.24,107.96
22075,47.6,41.72,36.24,15.9,-3.53
22077,95.0,84.15,72.4,25.09,-22.07
22079,144.0,133.47,117.66,126.49,135.58
22081,118.0,106.31,94.09,50.91,9.31
22083,139.3,140.19,125.63,92.54,59.35
22085,66.9,70.14,60.15,32.4,5.56
22087,147.5,118.26,88.05,33.98,-19.43
22089,74.0,68.24,58.5,18.35,-21.33
22091,73.1,74.08,70.09,33.06,-3.82
22093,84.0,79.91,74.8,55.83,37.99
22095,93.2,93.1,87.33,68.69,50.97
22097,145.5,137.08,121.13,87.16,52.76
22099,74.8,69.77,65.2,20.87,-22.92
22101,107.6,98.8,89.56,38.91,-11.03
22103,102.6,92.48,81.57,76.8,72.5
22105,129.5,116.37,100.25,44.18,-10.56
22107,44.6,62.8,70.68,26.3,-16.72
22109,97.5,90.94,81.58,72.33,64.33
22111,86.2,82.22,69.59,38.8,8.51
22113,66.1,62.52,56.08,27.05,-1.34
22115,78.2,72.47,66.52,51.74,37.17
22117,136.9,126.79,112.27,44.32,-22.24
22119,114.7,108.27,99.82,50.46,3.37
22121,101.1,87.74,76.48,23.13,-29.76
22123,50.7,50.54,36.54,20.47,5.03
22125,45.2,42.7,39.8,14.32,-10.18
22127,111.5,97.55,87.65,35.79,-15.39
23001,71.9,58.65,50.81,52.28,53.01
23003,74.6,64.15,52.18,53.58,52.83
23005,53.4,43.89,39.41,46.79,53.66
23007,60.7,49.29,41.96,26.5,9.55
23009,65.5,52.95,45.53,37.16,25.65
23011,101.7,83.73,70.51,68.12,63.6
23013,61.9,54.84,49.14,34.62,18.65
23015,45.4,37.29,33.78,42.19,48.92
23017,72.8,60.81,53.85,33.51,12.33
23019,71.2,60.04,51.35,50.42,48.54
23021,77.9,63.11,51.07,26.94,-0.16
23023,61.5,49.6,45.25,32.93,19.98
23025,76.8,61.92,48.99,31.09,10.54
23027,46.0,37.95,33.63,32.68,29.29
23029,64.3,58.52,48.37,26.09,2.7
23031,63.8,52.45,46.79,33.63,19.8
24001,127.2,111.73,90.05,89.83,89.65
24003,69.8,61.6,53.83,50.11,46.0
24005,71.4,63.67,53.8,48.67,43.28
24009,90.1,79.24,68.78,42.51,15.93
24011,46.4,40.54,34.31,34.57,33.87
24013,72.4,64.65,55.7,33.17,9.83
24015,74.0,64.15,56.36,25.16,-6.74
24017,78.5,71.34,62.18,42.18,23.28
24019,69.5,67.75,61.06,28.21,-5.0
24021,67.4,62.41,56.14,53.27,49.51
24023,96.7,79.43,63.85,41.53,19.23
24025,72.9,64.72,56.27,39.78,22.12
24027,35.5,31.5,28.11,28.62,28.89
24029,117.1,96.41,84.94,89.72,93.36
24031,34.7,30.4,26.38,27.3,28.19
24033,38.7,34.01,29.89,27.38,25.4
24035,67.4,57.56,49.6,39.59,28.55
24037,66.8,57.11,50.5,21.76,-6.58
24039,49.3,43.14,41.98,9.94,-20.84
24041,104.1,96.8,83.78,79.21,74.46
24043,113.1,101.53,90.54,97.26,103.34
24045,77.4,66.63,59.45,65.42,71.39
24047,76.5,62.84,59.36,29.08,-0.67
24510,54.6,47.98,41.4,65.64,89.54
25001,60.8,50.85,44.6,35.23,25.19
25003,58.3,51.25,46.46,38.78,30.87
25005,72.5,62.38,55.56,43.63,31.32
25007,55.4,47.4,40.54,29.59,18.67
25009,46.9,39.48,35.06,28.73,21.47
25011,51.5,45.67,41.35,30.41,20.33
25013,66.7,57.54,50.44,47.7,43.34
25015,56.7,49.03,44.07,34.44,23.61
25017,33.8,28.67,25.33,25.48,25.15
25019,36.7,30.63,27.09,30.96,35.68
25021,42.3,35.78,31.65,28.81,25.29
25023,53.5,45.45,40.18,28.33,15.82
25025,32.2,26.53,22.73,59.92,97.15
25027,51.7,43.92,38.7,35.45,32.03
26001,28.2,22.5,17.36,9.65,2.57
26003,73.5,71.79,36.13,16.69,-2.36
26005,52.9,46.69,38.66,14.6,-8.73
26007,118.8,117.65,102.12,59.03,16.37
26009,50.7,46.05,39.33,43.33,47.3
26011,109.3,93.95,78.18,32.86,-10.74
26013,83.9,72.86,60.29,40.89,21.74
26015,63.7,58.67,48.73,25.39,3.36
26017,101.6,91.7,74.58,82.01,90.63
26019,71.8,62.51,52.87,48.33,45.16
26021,97.4,86.11,69.78,51.0,31.83
26023,76.8,71.11,55.98,32.12,8.78
26025,120.4,104.79,81.85,65.02,48.86
26027,39.5,34.7,26.9,12.02,-2.71
26029,80.7,73.61,64.04,35.27,5.95
26031,121.5,109.78,91.9,59.11,27.35
26033,62.9,60.23,46.46,32.0,18.32
26035,125.3,109.6,94.65,45.5,-1.71
26037,38.2,35.17,34.08,22.75,12.07
26039,127.3,114.53,94.67,84.68,75.63
26041,101.8,91.87,80.08,65.93,51.7
26043,105.9,90.48,67.66,47.02,26.76
26045,95.2,86.37,70.21,36.38,3.03
26047,127.1,115.62,96.45,108.03,119.64
26049,119.7,104.86,85.69,74.81,66.11
26051,104.6,92.35,77.83,36.25,-4.4
26053,113.4,95.85,75.88,66.2,57.69
26055,103.0,96.57,83.89,89.12,95.73
26057,77.1,70.92,59.47,39.88,21.5
26059,70.4,61.93,48.83,31.74,14.47
26061,42.7,39.65,34.25,27.43,21.79
26063,75.1,67.29,55.49,41.44,29.75
26065,71.7,64.93,54.82,69.3,83.95
26067,67.2,63.14,51.43,35.7,19.91
26069,153.4,141.99,118.94,57.49,-2.5
26071,82.2,76.5,74.27,46.1,18.97
26073,74.6,62.15,48.02,33.04,18.91
26075,83.7,74.39,61.76,45.61,29.12
26077,72.4,64.36,53.91,68.96,85.09
26079,106.5,91.93,70.92,44.48,19.37
26081,75.5,67.61,55.38,60.92,67.19
26083,0.0,-0.19,-0.36,-0.4,-1.14
26085,36.3,29.55,24.67,6.66,-10.04
26087,78.4,69.49,57.19,31.02,6.82
26089,20.3,18.25,14.07,6.46,0.32
26091,91.0,83.53,67.58,45.84,23.07
26093,58.9,53.23,44.61,29.74,15.65
26095,132.8,110.88,93.58,50.84,9.51
26097,82.1,77.44,49.65,46.05,44.18
26099,97.5,87.05,73.23,57.24,43.03
26101,98.4,86.75,75.26,77.06,80.25
26103,83.8,75.76,65.52,66.0,66.0
26105,124.5,118.35,99.52,57.48,16.98
26107,90.2,83.09,69.77,72.68,78.07
26109,43.6,32.72,29.74,14.94,0.78
26111,83.3,75.16,62.63,57.0,52.1
26113,37.3,32.44,23.12,5.75,-10.31
26115,92.6,79.24,66.66,40.2,12.91
26117,115.9,107.89,90.13,58.83,28.79
26119,64.3,59.86,49.09,21.18,-6.22
26121,126.7,111.95,95.97,78.02,62.37
26123,116.0,105.28,88.73,42.34,-1.91
26125,72.8,65.05,54.52,71.17,89.52
26127,67.3,61.13,48.49,45.71,45.38
26129,148.3,133.04,114.73,69.86,26.13
26131,32.5,28.92,23.7,49.19,75.59
26133,81.0,68.42,52.15,23.87,-2.62
26135,98.0,84.41,71.63,11.9,-47.05
26137,150.2,145.77,126.19,113.35,101.24
26139,58.6,52.4,44.09,28.21,13.38
26141,52.4,49.54,41.52,24.3,7.05
26143,147.5,132.0,116.94,41.04,-33.96
26145,91.0,79.16,66.92,83.11,100.89
26147,100.6,91.54,79.46,60.49,43.58
26149,105.9,94.53,76.8,38.52,0.47
26151,46.4,40.94,27.79,14.61,3.95
26153,105.6,94.35,85.41,57.81,30.76
26155,96.5,87.81,71.34,38.91,7.31
26157,78.3,67.59,57.58,48.23,40.93
26159,112.8,99.93,79.02,39.83,1.24
26161,44.1,38.39,30.37,72.49,114.5
26163,89.1,78.32,65.09,59.78,55.44
26165,144.7,125.99,100.3,61.7,24.32
27001,80.6,68.27,56.79,48.46,39.76
27003,52.1,44.8,38.72,23.44,7.65
27005,45.6,38.09,35.39,26.25,17.18
27007,55.4,46.5,41.07,29.82,20.09
27009,39.3,32.61,29.83,4.76,-19.85
27011,84.9,82.47,71.53,49.08,28.77
27013,66.0,58.72,51.5,47.2,43.56
27015,56.6,49.03,41.24,30.7,20.75
27017,62.9,54.9,50.79,28.46,6.8
27019,40.2,35.31,32.1,24.74,17.31
27021,31.2,24.59,21.7,10.34,-0.99
27023,70.4,62.93,52.46,27.69,3.02
27025,34.6,30.48,25.82,14.82,2.1
27027,54.4,44.75,34.88,13.76,-7.37
27029,68.3,57.99,47.88,53.4,59.95
27031,41.3,35.22,33.56,10.9,-11.46
27033,73.9,76.83,67.4,26.14,-15.31
27035,59.7,51.93,46.77,37.31,27.31
27037,48.4,42.61,36.96,19.56,1.27
27039,16.9,13.47,9.91,4.53,-1.94
27041,91.0,80.29,61.27,39.83,19.46
27043,54.7,49.47,39.3,24.76,11.21
27045,29.8,28.78,24.09,14.67,3.71
27047,35.7,34.43,28.88,17.98,6.07
27049,46.9,41.22,33.92,21.7,7.98
27051,47.2,33.1,28.4,26.96,26.14
27053,38.6,33.26,28.55,37.45,46.24
27055,23.4,21.38,19.53,16.08,10.79
27057,57.4,49.07,40.75,32.82,24.63
27059,52.4,47.32,45.4,27.46,8.28
27061,65.1,55.99,50.99,31.45,11.79
27063,26.5,23.86,23.82,16.43,8.59
27065,82.4,70.57,61.21,38.25,15.5
27067,64.3,58.31,50.23,36.88,24.65
27069,38.7,37.05,32.23,17.09,2.19
27071,59.5,51.54,48.74,39.17,30.69
27073,61.0,57.27,52.22,37.53,23.79
27075,32.8,28.25,24.41,19.27,15.12
27077,68.2,63.32,19.45,3.2,-11.56
27079,10.9,9.36,9.63,2.28,-5.38
27081,43.2,38.75,35.35,43.4,52.19
27083,49.5,43.46,39.01,28.7,18.26
27085,69.0,62.89,55.24,28.52,2.52
27087,37.7,30.84,27.39,7.79,-11.95
27089,24.0,20.93,17.51,8.9,0.43
27091,76.7,70.38,62.07,50.18,38.85
27093,30.2,26.02,16.39,10.68,5.89
27095,74.5,62.21,50.6,29.45,8.0
27097,64.8,57.3,52.72,40.51,28.19
27099,41.2,35.27,27.35,16.04,3.55
27101,36.1,35.56,29.47,21.8,14.14
27103,20.2,18.2,16.46,14.83,13.54
27105,48.5,39.16,33.94,20.4,6.95
27107,26.4,21.53,12.41,10.85,9.11
27109,28.9,26.99,25.69,84.8,142.86
27111,56.2,47.84,40.5,25.96,10.93
27113,74.8,69.75,56.54,35.78,14.84
27115,63.3,54.36,48.44,24.58,-0.33
27117,74.7,72.95,68.93,51.36,34.42
27119,64.1,57.09,49.64,31.79,13.61
27121,68.6,58.47,52.94,43.88,35.68
27123,42.0,35.67,31.08,39.78,47.29
27125,32.0,27.34,24.5,2.08,-20.77
27127,50.0,41.37,35.64,15.58,-3.67
27129,31.0,28.4,22.69,38.44,54.0
27131,50.2,42.95,37.83,21.02,3.19
27133,59.6,54.02,50.69,31.16,11.37
27135,60.4,59.54,54.25,43.92,35.47
27137,64.6,54.69,47.92,48.35,50.23
27139,37.2,32.88,28.67,10.49,-7.94
27141,41.1,35.86,31.68,12.06,-7.93
27143,28.0,23.54,18.82,12.15,6.31
27145,55.0,48.24,44.11,46.22,49.15
27147,48.0,41.35,35.27,27.94,19.54
27149,57.5,49.54,43.3,27.84,13.95
27151,55.0,46.56,39.67,37.85,37.02
27153,25.3,22.44,20.48,7.52,-5.09
27155,56.6,39.83,41.97,20.14,-0.53
27157,10.1,8.11,5.81,12.78,18.78
27159,145.6,126.15,111.74,89.62,66.49
27161,43.4,46.85,34.58,17.98,0.91
27163,53.0,47.59,42.68,28.97,13.96
27165,43.0,44.95,41.16,40.64,40.23
27167,62.2,52.93,43.14,11.26,-20.76
27169,47.4,41.05,34.67,19.19,1.44
27171,52.8,46.79,41.09,18.11,-4.2
27173,37.4,34.3,30.38,33.84,37.49
28001,158.2,125.54,97.26,85.1,73.54
28003,175.7,160.52,132.69,114.16,96.98
28005,48.4,42.05,34.13,7.1,-18.17
28007,116.6,103.22,81.42,37.92,-6.24
28009,67.4,59.19,47.28,13.25,-19.42
28011,87.6,76.59,61.56,32.06,1.56
28013,79.8,72.44,57.55,39.84,23.76
28015,0.5,0.15,-1.92,7.18,16.04
28017,86.8,83.71,75.22,36.03,-1.3
28019,58.7,52.36,35.63,23.41,11.09
28021,78.8,62.28,47.05,29.23,11.8
28023,120.9,101.48,75.52,23.09,-29.14
28025,113.4,102.96,91.42,62.27,33.65
28027,120.3,113.87,88.54,36.75,-15.11
28029,101.6,90.08,72.93,54.44,36.31
28031,113.6,108.34,91.85,41.89,-8.06
28033,100.5,90.74,77.29,63.75,49.01
28035,210.0,190.03,160.58,199.65,239.45
28037,72.0,61.04,46.33,7.33,-30.29
28039,158.9,131.97,108.11,40.35,-26.47
28041,57.9,52.03,46.23,18.6,-7.5
28043,164.7,160.3,135.27,73.87,11.89
28045,89.2,81.07,71.44,31.82,-8.28
28047,125.7,108.79,89.47,84.33,78.71
28049,72.2,61.36,49.39,105.2,161.12
28051,66.5,60.29,53.94,27.73,1.22
28053,61.1,55.91,48.32,17.54,-14.42
28055,0.0,-1.42,-1.61,-4.17,-7.18
28057,122.3,103.8,82.09,34.11,-12.73
28059,103.1,89.07,73.59,70.49,67.77
28061,38.7,36.41,32.12,5.09,-21.84
28063,0.2,-0.86,-1.33,-0.32,1.21
28065,118.3,110.33,89.2,23.26,-42.99
28067,148.4,137.23,110.61,100.95,91.17
28069,39.7,32.77,28.32,4.9,-18.03
28071,71.2,61.7,52.39,73.04,94.65
28073,38.9,33.9,26.7,17.27,8.67
28075,157.7,141.1,117.08,160.19,203.45
28077,118.0,108.8,90.3,50.82,11.73
28079,92.4,86.78,71.68,45.93,19.38
28081,124.9,111.97,90.4,116.26,143.95
28083,119.1,113.11,98.42,104.51,110.35
28085,115.5,101.35,82.89,75.5,68.7
28087,124.2,100.78,79.88,58.21,37.3
28089,67.7,61.66,49.46,49.15,48.59
28091,182.9,169.2,141.47,65.53,-9.13
28093,48.7,47.71,43.76,35.53,27.81
28095,102.3,94.31,76.09,40.95,7.38
28097,91.4,84.98,57.36,18.89,-20.15
28099,147.1,128.32,99.88,30.1,-39.81
28101,71.2,63.58,47.19,18.03,-10.58
28103,99.3,86.76,70.36,20.63,-28.21
28105,74.1,64.55,54.25,65.56,76.63
28107,101.4,93.59,81.64,32.26,-17.41
28109,133.1,115.29,101.12,34.22,-32.97
28111,89.0,66.67,51.03,38.69,27.23
28113,153.2,135.41,109.98,64.94,21.43
28115,98.5,86.04,65.41,29.58,-3.88
28117,107.4,92.15,74.36,42.47,12.12
28119,72.3,71.47,59.76,10.26,-39.64
28121,101.0,91.57,76.49,71.96,67.36
28123,92.5,86.67,70.64,25.81,-18.62
28125,99.8,83.95,71.46,11.06,-50.26
28127,107.7,96.31,83.25,37.33,-8.6
28129,48.3,42.85,36.99,6.22,-25.25
28131,158.5,132.62,111.0,56.44,2.56
28133,53.8,46.65,38.88,32.59,25.1
28135,38.1,31.64,27.64,20.3,12.17
28137,128.2,111.03,91.08,51.41,10.98
28139,106.3,92.09,72.96,26.44,-18.17
28141,160.8,134.14,108.65,57.0,7.26
28143,37.5,34.59,29.33,8.63,-13.31
28145,115.7,100.33,81.32,64.14,49.08
28147,67.6,65.18,51.17,18.67,-12.13
28149,105.9,93.11,73.9,76.75,79.96
28151,104.3,92.64,73.86,65.87,56.99
28153,135.3,122.58,95.72,35.92,-22.62
28155,155.0,143.0,118.76,99.9,81.24
28157,92.2,76.27,64.87,40.51,17.87
28159,116.5,96.39,78.27,27.7,-22.8
28161,55.0,48.66,40.49,11.83,-17.45
28163,62.4,55.67,47.12,10.58,-26.37
29001,113.5,103.21,90.19,88.74,87.26
29003,1.0,-0.01,-0.33,0.55,3.97
29005,99.9,93.9,88.14,62.69,38.94
29007,69.8,62.31,60.98,30.27,-1.05
29009,123.9,108.67,95.7,62.0,26.44
29011,127.1,106.83,78.73,43.21,8.08
29013,56.8,46.16,30.84,27.63,25.79
29015,103.4,97.57,81.77,27.96,-26.59
29017,65.6,55.29,46.44,18.05,-10.34
29019,46.5,41.02,36.63,83.5,129.83
29021,109.2,97.0,84.49,61.35,40.7
29023,180.7,162.96,143.28,134.62,126.22
29025,2.7,1.63,-0.39,4.4,9.71
29027,44.0,38.05,32.96,18.88,4.74
29029,111.2,93.58,94.62,56.05,17.36
29031,117.8,105.63,88.05,107.9,126.86
29033,86.6,82.25,70.23,48.93,27.46
29035,0.8,-0.51,-0.93,9.34,18.58
29037,106.2,97.54,84.85,46.71,9.31
29039,9.1,69.06,130.01,79.35,29.25
29041,36.9,32.69,27.55,3.63,-20.71
29043,73.8,65.19,55.6,54.92,52.79
29045,81.2,72.66,59.42,51.59,44.6
29047,89.2,79.06,69.06,54.91,41.43
29049,62.4,56.71,54.62,29.13,3.76
29051,97.2,85.43,70.7,70.12,69.75
29053,38.0,35.26,29.37,20.33,12.51
29055,84.7,81.24,73.6,5.62,-62.39
29057,33.5,30.31,24.3,43.01,61.6
29059,33.9,30.59,23.09,10.62,-2.78
29061,32.7,28.68,25.65,33.23,41.44
29063,0.0,-0.31,-0.06,2.68,6.44
29065,95.4,84.7,81.03,62.04,41.99
29067,84.7,78.39,66.3,19.2,-28.82
29069,162.6,165.94,147.62,58.27,-30.47
29071,100.4,88.59,75.1,52.4,29.07
29073,69.1,70.38,70.3,33.86,-2.78
29075,50.6,52.09,62.55,29.76,-2.02
29077,108.9,98.07,85.11,86.06,86.27
29079,109.3,99.59,91.99,46.36,0.71
29081,125.5,113.66,100.1,45.27,-8.42
29083,148.0,132.28,114.08,77.98,41.63
29085,4.0,2.04,-0.06,11.45,22.61
29087,0.0,-0.2,-0.4,1.16,4.87
29089,0.9,-0.16,-0.63,49.51,100.06
29091,162.5,150.63,132.53,105.52,76.61
29093,140.0,135.59,121.64,15.78,-91.19
29095,79.6,69.09,60.26,63.0,66.73
29097,140.9,127.76,112.92,103.58,93.93
29099,78.4,72.63,64.65,35.13,5.97
29101,54.8,48.49,42.73,31.65,20.83
29103,1.7,0.59,-0.2,-0.89,-2.08
29105,108.6,96.52,82.03,40.99,-1.37
29107,44.0,43.26,39.2,34.61,30.76
29109,51.2,45.72,41.89,34.36,26.07
29111,3.4,2.94,44.45,55.21,65.6
29113,73.4,66.61,56.6,30.13,2.7
29115,41.9,37.85,41.34,19.52,-1.67
29117,98.5,95.15,86.06,32.57,-21.12
29119,43.6,37.78,29.02,9.36,-10.9
29121,84.4,74.96,58.48,32.57,5.9
29123,127.1,126.96,115.4,43.16,-30.44
29125,0.0,-0.45,-0.48,4.14,8.41
29127,118.6,107.36,97.72,90.49,82.58
29129,59.6,50.87,41.74,22.93,5.16
29131,71.9,61.78,54.52,20.98,-11.82
29133,66.1,59.78,57.89,66.98,76.25
29135,0.4,-0.13,-0.25,6.65,14.92
29137,2.6,1.02,-0.26,4.39,8.95
29139,59.6,47.54,39.46,29.94,19.12
29141,30.5,26.08,40.37,4.65,-30.67
29143,71.4,65.37,64.43,9.34,-45.11
29145,54.2,49.24,48.58,22.95,-3.0
29147,76.5,69.63,60.99,40.72,22.02
29149,51.8,54.48,50.27,5.38,-41.34
29151,24.0,21.91,18.25,20.14,23.02
29153,49.4,50.84,53.6,13.77,-27.65
29155,148.6,101.62,33.33,64.19,97.07
29157,62.3,56.2,47.77,10.36,-27.51
29159,79.2,71.71,67.84,36.85,6.22
29161,90.3,82.18,75.87,81.69,87.98
29163,69.6,80.79,76.04,41.37,5.78
29165,68.4,60.14,52.76,41.03,30.27
29167,99.2,88.31,65.23,46.1,27.28
29169,42.5,33.45,27.38,35.66,43.18
29171,57.9,45.17,34.44,12.65,-9.0
29173,0.0,-0.41,-0.57,10.04,20.29
29175,114.8,110.03,97.02,38.24,-21.32
29177,78.0,70.01,55.98,36.55,17.91
29179,0.8,0.59,-0.34,5.38,9.72
29181,145.5,127.44,96.84,42.74,-11.49
29183,75.2,67.42,59.58,38.53,17.41
29185,2.4,25.67,35.01,31.15,27.08
29186,45.9,42.4,39.92,24.46,8.23
29187,171.5,156.35,138.79,105.95,73.1
29189,69.0,62.85,55.42,72.77,91.24
29195,88.0,78.15,72.26,51.13,30.3
29197,0.2,0.0,1.66,-0.24,-1.52
29199,102.6,86.63,67.3,35.33,3.73
29201,118.9,114.94,98.88,80.66,63.06
29203,43.0,35.43,30.03,3.93,-23.4
29205,32.2,27.25,22.88,5.0,-12.75
29207,99.3,86.29,74.61,43.46,12.49
29209,73.9,69.46,69.9,31.89,-7.05
29211,79.9,69.62,50.45,63.26,76.29
29213,112.8,99.52,82.38,68.39,52.8
29215,66.1,49.92,37.35,26.06,13.91
29217,85.3,76.58,61.68,39.29,17.83
29219,60.7,57.06,50.4,10.42,-30.49
29221,41.6,36.81,24.3,9.83,-5.41
29223,26.6,4.72,-0.34,-0.9,-1.83
29225,98.2,90.24,75.11,30.89,-14.4
29227,4.2,0.75,-0.3,-1.12,-0.74
29229,121.1,113.42,102.76,57.85,11.84
29510,54.1,47.82,42.11,83.25,125.52
30001,86.2,76.73,68.17,39.82,10.02
30003,1.2,18.21,21.07,9.87,-1.47
30005,37.8,34.96,32.05,12.37,-8.74
30007,35.1,31.26,28.08,12.93,-1.7
30009,26.4,24.52,23.2,16.36,7.78
30011,0.0,-0.06,-0.24,0.65,-0.02
30013,97.2,79.96,65.41,57.08,49.88
30015,33.0,26.87,20.24,15.61,12.17
30017,105.1,99.01,81.33,81.31,79.47
30019,5.7,4.67,0.08,0.76,0.43
30021,86.2,83.71,63.71,36.65,9.21
30023,96.0,75.96,72.72,52.08,31.81
30025,2.9,2.42,0.06,0.92,0.58
30027,79.6,72.3,64.37,40.16,14.95
30029,88.7,79.39,72.03,67.61,64.03
30031,46.7,38.65,31.99,29.98,27.46
30033,0.0,-0.06,-0.14,7.1,13.98
30035,31.3,36.42,31.0,16.9,4.98
30037,0.0,-0.06,-0.25,-0.19,-0.22
30039,0.0,-0.65,-0.49,17.5,35.34
30041,59.1,48.01,42.15,30.12,18.54
30043,14.0,12.29,16.17,15.36,13.96
30045,0.0,-0.24,-0.41,-0.49,1.11
30047,64.4,60.92,57.2,44.27,31.29
30049,71.7,63.86,55.7,46.96,38.86
30051,41.0,36.68,36.67,12.13,-12.04
30053,101.5,93.34,85.15,57.25,29.96
30055,0.0,-0.07,-0.23,35.69,71.85
30057,29.6,24.52,22.24,12.67,1.71
30059,54.1,49.58,42.33,27.26,12.75
30061,50.5,43.39,41.06,19.29,-1.64
30063,71.2,62.32,57.48,59.65,61.61
30065,0.0,-0.1,-0.05,31.46,62.9
30067,44.8,42.48,35.09,28.13,19.73
30069,0.0,-0.07,-0.15,0.17,-0.44
30071,84.9,77.18,62.96,46.23,29.42
30073,67.8,65.17,60.4,41.84,24.67
30075,38.6,33.7,28.52,2.43,-25.74
30077,76.0,69.09,57.42,45.02,32.2
30079,0.0,-0.17,-0.65,20.63,40.63
30081,78.1,71.09,61.74,32.9,4.12
30083,63.8,60.0,52.71,33.98,16.71
30085,27.0,23.58,23.32,28.63,33.04
30087,38.8,38.41,38.47,18.71,-0.4
30089,79.1,69.43,62.44,45.04,27.88
30091,0.0,-0.08,-0.1,4.66,8.81
30093,98.6,86.89,76.13,55.52,34.26
30095,42.2,43.81,41.06,21.52,1.86
30097,44.8,45.53,43.04,12.77,-18.97
30099,64.8,57.47,29.78,13.53,-0.87
30101,57.7,49.37,51.16,113.21,175.9
30103,0.0,0.1,0.01,0.02,0.4
30105,41.9,39.38,32.64,16.58,1.05
30107,46.8,51.02,41.6,5.01,-31.79
30109,0.0,-0.04,-0.41,-0.46,0.18
30111,86.8,74.59,65.62,73.35,79.74
31001,77.8,69.43,67.58,49.2,31.56
31003,48.6,47.74,48.47,42.94,35.51
31005,0.0,-0.42,-0.38,-1.38,-3.57
31007,0.0,-0.33,-0.31,-0.01,1.53
31009,0.0,-0.21,-0.16,-0.44,-2.29
31011,2.0,0.61,-0.2,10.74,19.7
31013,101.7,102.13,89.79,73.57,56.16
31015,0.0,-0.55,-0.64,11.56,23.25
31017,55.5,42.09,34.33,9.69,-16.3
31019,73.9,69.88,67.87,74.3,80.41
31021,20.8,19.6,17.71,17.58,16.51
31023,65.6,55.26,52.39,49.84,46.96
31025,25.9,33.77,29.78,11.11,-6.76
31027,34.4,34.68,32.64,16.93,0.54
31029,64.4,56.86,53.23,84.12,114.82
31031,91.3,78.84,60.67,22.0,-17.88
31033,45.5,39.98,35.55,27.66,20.86
31035,1.0,-0.33,-0.18,2.17,5.31
31037,0.5,-0.53,-0.48,9.7,18.66
31039,29.1,25.53,23.13,6.77,-10.81
31041,91.1,79.94,76.0,48.3,20.02
31043,73.2,66.13,63.31,28.79,-6.21
31045,72.9,65.95,56.86,37.64,18.27
31047,56.3,57.78,54.94,28.35,2.89
31049,3.9,0.66,-0.32,2.56,5.45
31051,12.7,10.97,10.51,12.84,14.02
31053,100.7,90.76,80.0,56.8,32.81
31055,64.5,57.27,49.53,63.73,77.57
31057,124.9,107.35,107.57,51.47,-2.88
31059,2.6,0.28,-0.1,17.62,35.75
31061,0.0,-0.51,-0.46,68.7,139.26
31063,0.0,-0.18,-0.08,2.21,5.91
31065,2.9,0.95,0.01,23.82,51.22
31067,62.2,54.22,41.85,25.61,11.26
31069,117.3,103.52,90.14,38.22,-14.18
31071,13.3,97.79,159.66,99.48,39.55
31073,0.0,0.1,-0.28,-0.81,1.11
31075,0.0,0.03,-0.26,-0.28,-1.97
31077,0.0,-0.09,0.02,0.17,-0.68
31079,77.5,70.52,64.69,65.81,67.19
31081,65.2,59.24,53.41,55.36,56.51
31083,86.0,81.93,80.28,34.7,-7.96
31085,0.0,-0.21,-0.07,2.37,5.53
31087,0.0,-0.41,0.04,15.91,34.3
31089,59.5,36.41,13.23,23.63,33.74
31091,0.0,-0.0,-0.1,12.36,22.48
31093,70.6,60.68,55.46,41.63,26.89
31095,118.0,109.95,105.9,50.75,-3.06
31097,46.1,43.15,44.58,60.05,76.77
31099,62.7,54.45,45.23,34.4,24.48
31101,119.6,104.52,94.04,51.5,8.88
31103,0.0,-1.01,-0.73,-0.69,-1.84
31105,2.9,1.02,-0.12,14.89,30.91
31107,27.7,27.03,28.63,31.42,32.64
31109,62.9,56.51,50.44,51.05,52.79
31111,95.9,90.89,81.78,76.06,70.42
31113,0.0,-0.15,-0.18,-0.31,-0.73
31115,0.0,2.86,2.39,-2.31,-6.41
31117,0.0,-0.11,-0.12,0.06,-0.62
31119,89.1,84.05,79.76,72.23,62.6
31121,61.3,58.19,75.58,41.09,5.46
31123,60.4,56.73,57.19,18.24,-21.48
31125,44.6,43.18,39.87,9.96,-21.98
31127,93.9,89.27,82.64,68.05,55.24
31129,43.4,41.0,42.61,12.04,-17.12
31131,86.9,80.52,70.99,46.75,23.51
31133,70.9,51.99,50.69,53.3,58.25
31135,68.0,68.93,75.46,92.22,109.92
31137,114.5,115.75,105.45,94.19,84.35
31139,28.6,27.17,25.22,32.53,37.74
31141,77.4,67.24,60.79,33.73,5.14
31143,24.7,22.21,22.75,9.22,-5.19
31145,111.5,101.97,103.4,53.73,6.98
31147,51.6,45.41,38.08,16.5,-1.98
31149,0.0,-0.44,-0.33,4.89,9.33
31151,52.8,48.89,48.34,26.53,4.49
31153,53.3,46.22,39.84,30.52,21.11
31155,31.6,26.74,19.8,17.98,16.5
31157,94.2,85.97,76.16,81.66,87.32
31159,51.6,50.03,47.04,28.28,9.15
31161,0.8,15.87,0.47,2.51,3.65
31163,2.1,0.96,-0.22,3.56,6.6
31165,0.0,-0.21,-0.27,-0.66,-0.12
31167,0.0,-0.4,-0.43,0.77,-0.58
31169,4.1,0.69,0.04,8.02,17.54
31171,0.0,-0.13,-0.09,1.9,2.94
31173,1.6,0.27,-0.21,17.66,34.11
31175,7.2,3.64,2.1,27.97,54.41
31177,58.3,50.73,42.64,17.44,-8.45
31179,51.4,48.39,43.52,28.2,10.54
31181,5.6,3.16,0.16,6.3,13.61
31183,0.0,0.98,0.79,-0.35,-1.69
31185,99.8,93.79,87.22,62.34,37.0
32001,108.0,101.02,77.87,44.81,13.76
32003,77.5,70.69,53.12,48.51,40.57
32005,104.4,98.92,82.81,46.71,12.31
32007,64.0,58.33,42.02,33.17,25.21
32009,0.0,-0.38,-0.43,-0.43,-0.79
32011,0.0,-0.13,-0.28,11.3,24.15
32013,78.8,69.03,45.07,11.24,-22.53
32015,0.3,0.45,-0.35,2.43,4.98
32017,85.6,76.39,67.0,52.47,35.03
32019,92.4,84.19,64.37,15.58,-32.03
32021,120.5,102.84,65.54,58.61,53.21
32023,137.0,118.6,90.87,46.79,0.06
32027,38.9,31.52,23.97,11.78,0.92
32029,0.0,-0.99,-2.02,29.11,61.68
32031,83.4,73.77,57.71,57.24,57.77
32033,101.3,90.64,71.92,29.87,-13.71
32510,130.1,116.22,93.0,98.4,105.15
33001,68.6,57.67,49.61,26.83,3.63
33003,75.1,64.7,56.13,52.62,49.15
33005,65.1,53.49,45.32,29.8,15.43
33007,70.8,57.87,50.67,45.85,39.62
33009,67.8,55.01,48.13,59.85,73.1
33011,54.6,43.51,38.59,34.98,31.2
33013,73.7,59.67,52.16,46.2,39.7
33015,63.1,52.81,47.24,29.98,11.89
33017,79.9,64.7,55.47,49.02,41.05
33019,54.9,44.28,38.3,24.89,12.42
34001,74.5,64.44,54.28,56.38,56.89
34003,42.5,36.92,32.04,30.81,30.45
34005,69.0,59.36,51.09,53.7,55.06
34007,84.8,72.06,61.56,63.38,63.78
34009,88.2,76.18,64.87,36.52,6.88
34011,91.7,78.37,68.68,40.29,10.1
34013,39.6,33.54,29.23,33.15,37.13
34015,78.6,68.03,58.2,42.79,25.89
34017,36.9,32.09,27.92,23.6,19.05
34019,42.8,34.81,31.89,23.3,14.54
34021,54.1,46.47,42.24,38.05,33.77
34023,41.4,37.16,32.55,30.85,29.1
34025,55.1,46.87,41.03,40.15,38.83
34027,42.3,35.52,30.32,34.86,39.8
34029,66.5,56.12,48.08,25.0,1.34
34031,45.9,38.83,32.69,32.28,32.16
34033,72.0,60.23,50.15,25.97,-0.0
34035,37.0,31.54,26.96,24.17,21.65
34037,59.6,49.76,42.86,24.82,6.71
34039,40.8,34.7,29.77,25.36,20.85
34041,70.6,59.09,51.34,37.82,24.1
35001,68.7,59.52,51.14,55.75,59.83
35003,0.0,-0.21,-0.09,23.48,46.19
35005,81.2,69.05,62.43,55.31,49.38
35006,39.9,37.34,30.73,18.53,5.82
35007,69.9,62.34,53.22,73.17,93.02
35009,63.6,53.09,47.07,24.0,0.95
35011,7.3,6.73,0.03,4.99,9.4
35013,46.8,41.35,36.86,35.47,33.86
35015,89.5,79.3,70.96,71.36,73.26
35017,83.8,64.82,54.54,44.72,33.73
35019,7.0,6.67,0.14,48.1,96.53
35021,0.0,-0.2,-0.18,21.54,43.67
35023,0.0,-0.3,-0.22,15.73,29.75
35025,72.2,65.67,65.05,38.04,12.41
35027,92.6,81.69,66.84,30.15,-6.83
35028,70.6,63.16,56.21,39.05,23.47
35029,72.8,64.96,59.02,43.57,28.69
35031,22.6,20.77,18.8,13.27,7.57
35033,0.0,-0.54,-0.43,3.88,7.83
35035,55.9,49.76,43.61,30.48,16.95
35037,86.8,77.14,67.38,45.17,22.87
35039,83.0,75.42,67.98,32.3,-2.73
35041,27.0,24.27,17.26,26.25,35.27
35043,54.6,47.97,41.86,24.26,6.48
35045,67.9,53.4,45.48,35.03,23.41
35047,68.8,56.31,49.53,36.73,24.04
35049,82.0,72.43,62.71,52.85,43.49
35051,91.6,76.07,68.58,36.66,4.3
35053,59.3,49.42,57.0,43.05,28.68
35055,85.8,72.6,61.38,63.43,64.59
35057,26.0,19.53,17.06,3.2,-10.45
35059,44.7,38.58,39.3,48.22,57.34
35061,79.6,70.25,61.36,24.35,-12.61
36001,46.6,42.61,37.56,59.38,81.01
36003,58.8,53.99,47.31,30.8,13.01
36005,30.7,26.65,23.06,22.85,23.14
36007,69.6,63.69,55.73,58.17,62.17
36009,73.4,65.53,57.65,39.1,21.04
36011,49.3,46.13,41.38,26.62,11.26
36013,72.6,62.84,54.48,43.94,33.72
36015,84.6,73.35,67.02,67.3,68.18
36017,52.6,51.51,43.37,29.53,16.04
36019,76.9,74.52,66.79,70.14,72.48
36021,61.5,58.41,50.11,37.85,25.03
36023,59.4,57.98,50.13,23.3,-3.31
36025,66.3,54.32,45.16,20.99,-2.35
36027,55.6,50.17,46.41,35.3,24.2
36029,67.0,59.64,53.14,59.48,65.78
36031,46.8,45.19,40.73,35.32,29.25
36033,67.7,64.34,57.15,36.27,14.3
36035,69.1,64.51,57.44,38.01,18.31
36037,54.9,49.77,43.65,49.89,55.99
36039,64.6,60.18,53.75,22.67,-8.31
36041,0.0,-0.14,-0.31,24.09,48.19
36043,49.9,45.16,38.44,20.14,1.5
36045,59.4,55.39,50.84,53.26,54.92
36047,23.3,20.38,18.04,17.43,16.9
36049,41.0,36.64,30.51,24.19,16.51
36051,49.2,47.02,41.12,43.08,44.68
36053,59.5,53.43,48.67,45.7,43.3
36055,49.1,43.19,37.77,41.86,46.24
36057,81.5,76.21,68.37,52.43,36.26
36059,40.7,36.65,32.35,41.84,50.9
36061,39.3,34.28,30.01,56.39,82.97
36063,76.2,66.42,58.19,29.39,0.41
36065,61.8,55.96,47.97,41.61,35.86
36067,55.8,50.77,46.78,63.44,80.08
36069,51.6,45.66,40.29,35.93,31.05
36071,58.6,52.4,44.95,35.14,24.9
36073,49.9,48.4,42.37,23.62,4.26
36075,58.0,54.43,48.75,25.48,1.74
36077,56.5,54.0,50.37,51.8,53.89
36079,41.0,38.72,34.4,28.77,22.36
36081,23.9,20.91,18.43,15.95,13.86
36083,57.6,53.14,47.61,32.74,17.92
36085,44.8,40.13,35.9,30.96,25.76
36087,34.6,31.23,27.92,28.99,30.02
36089,69.9,66.45,59.62,43.79,26.93
36091,51.1,45.36,39.08,32.18,24.27
36093,53.5,49.48,43.41,34.61,24.9
36095,47.7,50.92,45.5,35.12,24.51
36097,57.9,54.09,51.35,40.56,30.62
36099,45.4,44.37,40.1,24.24,7.87
36101,67.2,61.56,55.24,37.16,18.88
36103,51.3,46.26,41.88,33.59,26.12
36105,70.2,66.62,59.1,61.86,64.68
36107,43.4,39.52,32.36,21.12,11.51
36109,52.6,49.74,43.38,46.52,49.7
36111,67.6,59.45,53.24,37.72,22.62
36113,82.9,81.03,74.24,72.8,70.77
36115,66.2,59.72,53.37,28.35,2.43
36117,54.3,47.82,42.44,17.09,-8.78
36119,35.0,31.26,28.21,27.55,27.59
36121,51.5,46.46,43.11,27.1,11.15
36123,33.5,30.13,26.16,17.41,8.65
37001,82.9,74.2,63.9,37.38,12.3
37003,25.4,20.54,16.03,5.26,-2.32
37005,85.3,76.84,68.38,38.53,11.12
37007,77.1,72.23,64.67,9.96,-43.67
37009,103.3,95.01,78.58,47.0,18.98
37011,82.9,72.14,65.08,35.94,9.1
37013,141.0,131.54,111.76,53.76,-1.99
37015,51.6,26.34,1.37,42.24,84.11
37017,114.3,104.99,96.45,34.8,-25.04
37019,110.7,96.01,81.11,40.73,2.97
37021,80.8,71.65,58.83,72.66,87.84
37023,151.5,125.99,102.11,67.43,34.99
37025,95.2,83.6,69.77,59.78,52.25
37027,135.6,119.9,106.42,59.37,15.74
37029,0.0,-1.2,3.36,-2.62,-6.31
37031,101.2,86.9,75.61,61.8,51.27
37033,12.6,6.99,-1.1,0.41,3.46
37035,129.2,115.05,98.64,104.66,113.81
37037,43.4,37.68,31.86,16.49,1.73
37039,125.0,118.61,107.43,63.18,20.49
37041,111.5,105.48,98.42,59.01,22.04
37043,120.2,117.57,108.83,37.5,-32.01
37045,128.0,116.89,103.82,114.41,125.54
37047,177.8,140.66,119.25,76.43,35.07
37049,110.8,98.75,85.5,72.64,62.22
37051,86.0,76.28,67.34,64.21,62.1
37053,19.0,14.97,12.57,11.19,12.35
37055,107.6,99.17,87.59,75.18,66.33
37057,80.4,70.24,60.0,33.28,8.22
37059,95.5,88.95,75.74,31.49,-10.37
37061,78.1,69.63,54.73,28.66,5.96
37063,49.1,41.37,34.49,72.17,110.78
37065,78.2,71.0,61.13,30.48,0.76
37067,76.0,65.63,55.79,94.63,135.86
37069,56.6,47.71,41.17,14.69,-11.76
37071,119.0,102.51,88.44,69.36,51.95
37073,2.3,-0.58,-1.46,-1.64,-0.1
37075,101.8,89.6,80.51,11.47,-55.75
37077,79.7,62.95,52.71,24.78,-3.28
37079,28.2,27.31,22.99,20.82,21.1
37081,74.5,65.4,56.05,59.53,64.71
37083,116.0,104.87,92.55,53.27,14.87
37085,79.8,72.03,59.11,48.25,38.14
37087,102.7,92.58,80.03,61.61,46.19
37089,84.2,73.5,61.22,40.59,21.94
37091,136.4,122.13,104.61,70.34,36.94
37093,61.2,54.86,36.13,18.22,1.54
37095,64.1,58.6,49.84,1.63,-43.17
37097,102.0,91.16,78.01,74.15,72.59
37099,91.7,81.14,68.3,43.19,20.93
37101,70.2,61.02,49.23,36.67,24.3
37103,24.2,34.53,40.03,15.28,-8.13
37105,129.6,114.26,97.07,62.21,28.32
37107,88.2,82.39,67.97,48.8,32.19
37109,115.7,99.37,84.06,44.68,7.15
37111,87.4,77.07,60.39,35.35,11.41
37113,91.1,83.48,73.42,31.64,-8.72
37115,58.8,51.24,42.32,12.41,-16.14
37117,102.1,98.0,84.61,38.7,-6.22
37119,54.4,46.73,39.42,53.82,69.82
37121,150.3,129.86,110.26,82.16,56.11
37123,65.3,54.68,45.01,29.82,15.53
37125,127.3,103.43,82.61,120.89,160.12
37127,92.3,83.55,72.54,82.51,92.71
37129,102.7,85.44,69.44,86.68,106.33
37131,15.6,12.92,13.03,4.49,-3.81
37133,76.9,65.82,56.81,49.49,44.78
37135,42.1,36.62,31.9,92.09,153.13
37137,86.9,81.96,75.93,10.67,-51.42
37139,130.8,119.67,99.0,60.67,25.07
37141,50.6,48.03,39.7,22.81,8.36
37143,36.1,29.84,24.54,19.77,17.36
37145,104.6,91.96,77.91,26.94,-23.23
37147,82.9,72.66,62.1,113.33,166.27
37149,64.7,55.08,46.94,28.62,10.27
37151,71.5,63.04,53.67,34.23,16.31
37153,151.6,137.02,115.85,95.06,75.47
37155,129.7,114.09,102.67,61.77,21.55
37157,131.9,121.06,107.19,62.91,20.41
37159,80.8,72.44,63.06,54.75,48.19
37161,97.3,88.97,77.72,41.51,5.61
37163,87.2,77.82,65.43,35.12,6.26
37165,191.5,167.6,143.59,104.95,67.46
37167,111.1,100.94,87.2,35.76,-14.26
37169,86.1,81.39,70.31,36.74,5.02
37171,164.0,141.58,122.64,64.1,6.51
37173,88.5,77.8,69.24,106.54,146.09
37175,98.9,86.97,74.6,42.08,11.29
37177,88.8,79.6,70.67,14.22,-39.39
37179,67.9,60.36,51.66,26.22,1.74
37181,120.9,102.25,87.47,50.08,13.54
37183,54.5,47.28,40.86,39.27,37.99
37185,32.3,28.26,23.99,2.0,-18.83
37187,87.1,86.08,83.86,41.29,0.09
37189,76.8,68.37,62.87,52.63,45.6
37191,78.6,71.15,59.13,41.62,26.1
37193,91.4,79.35,67.98,34.04,3.27
37195,90.7,81.97,72.13,36.97,2.63
37197,69.3,55.62,46.51,27.05,9.97
37199,98.7,84.85,73.54,36.43,0.8
38001,119.8,101.3,85.65,109.01,130.43
38003,63.6,54.29,51.07,38.19,25.39
38005,6.9,5.94,3.88,1.55,0.45
38007,0.0,-0.1,-0.09,-0.6,0.22
38009,35.3,29.57,26.55,12.29,-1.38
38011,55.2,52.22,41.36,28.83,14.17
38013,0.0,-0.01,-0.06,4.04,8.24
38015,67.7,58.38,52.75,65.63,79.25
38017,30.9,24.54,20.41,36.8,52.67
38019,46.2,45.25,42.3,40.22,38.66
38021,66.3,62.93,52.17,35.56,18.53
38023,0.2,0.08,-0.03,3.72,8.47
38025,17.0,16.82,17.02,4.25,-8.47
38027,81.0,74.31,76.67,5.8,-64.2
38029,55.4,48.28,45.77,38.93,32.79
38031,106.4,88.87,82.47,82.22,83.15
38033,0.0,-0.03,0.0,4.38,8.91
38035,58.4,53.75,47.16,58.08,69.72
38037,0.5,0.22,-0.15,4.14,6.02
38039,27.2,51.67,47.52,6.94,-33.16
38041,20.9,22.51,17.73,1.96,-14.92
38043,33.3,29.79,25.26,19.17,13.19
38045,38.5,31.76,32.79,6.83,-18.83
38047,0.4,-0.39,-0.3,12.44,25.42
38049,17.9,19.24,19.95,6.96,-6.34
38051,42.3,35.71,30.16,30.18,29.97
38053,33.5,34.45,37.25,12.73,-11.38
38055,41.3,35.18,34.48,25.23,16.71
38057,68.1,62.2,53.88,42.81,31.91
38059,41.8,38.22,37.14,13.04,-10.67
38061,10.9,10.57,8.14,2.27,-3.6
38063,32.7,28.43,30.29,4.72,-20.92
38065,0.0,-0.32,-0.28,-0.71,-1.53
38067,54.1,51.63,45.41,41.94,39.22
38069,58.7,50.55,53.53,48.46,42.58
38071,120.4,110.3,101.12,67.91,34.89
38073,54.2,47.15,46.15,31.54,17.77
38075,27.2,24.38,23.5,0.86,-21.05
38077,34.7,27.76,24.72,24.94,25.03
38079,4.2,3.02,2.91,3.37,3.33
38081,0.1,-0.31,-0.29,0.77,1.83
38083,0.0,-0.4,-0.23,2.63,6.09
38085,0.0,-0.19,-0.09,-0.08,-0.8
38087,0.0,-0.15,-0.46,-0.48,-2.76
38089,67.0,61.64,56.44,39.26,22.05
38091,0.0,0.4,-0.22,-1.32,-2.37
38093,74.7,63.76,59.85,30.6,1.64
38095,0.5,1.6,-0.07,10.83,21.22
38097,27.1,19.46,15.49,10.63,6.63
38099,43.9,39.56,33.8,20.27,6.93
38101,60.8,52.59,46.96,45.0,43.14
38103,77.9,65.33,57.59,52.75,48.5
38105,59.7,55.65,49.61,34.61,19.6
39001,83.9,78.39,69.02,39.79,10.41
39003,89.8,77.02,66.34,70.45,73.38
39005,45.1,36.94,30.12,18.9,7.11
39007,67.6,59.54,49.49,35.61,22.26
39009,83.2,70.13,58.43,47.24,35.76
39011,50.1,43.04,35.71,21.26,5.97
39013,88.3,76.86,63.05,45.01,27.8
39015,86.6,76.55,67.54,28.53,-11.5
39017,77.0,65.93,55.23,44.62,32.39
39019,41.7,35.42,29.69,16.54,3.29
39021,70.3,62.05,55.27,14.47,-26.82
39023,104.5,89.21,76.64,57.9,38.14
39025,82.3,72.89,62.82,24.01,-15.94
39027,102.8,89.25,75.36,46.62,17.09
39029,84.2,69.35,57.39,26.27,-4.77
39031,80.7,69.04,55.1,28.78,2.46
39033,87.5,76.53,67.16,45.38,23.52
39035,61.3,50.44,39.22,53.73,68.51
39037,52.1,43.91,38.76,18.7,-2.41
39039,80.2,70.53,60.61,54.24,47.83
39041,54.6,47.93,41.45,30.23,19.22
39043,84.3,73.48,60.34,44.02,27.81
39045,73.5,62.79,54.44,50.06,44.37
39047,99.2,85.68,73.08,66.67,58.71
39049,72.0,60.01,50.26,62.9,74.4
39051,74.7,65.64,56.23,23.8,-9.35
39053,87.5,69.46,54.3,53.51,53.05
39055,54.8,46.67,39.6,23.08,7.45
39057,74.4,61.71,51.02,50.15,48.36
39059,97.3,84.7,72.67,32.36,-7.2
39061,72.2,62.4,52.75,71.35,88.91
39063,61.5,53.97,46.69,47.78,48.93
39065,69.2,59.69,51.2,13.67,-23.71
39067,65.2,57.56,48.92,11.12,-26.88
39069,54.5,49.27,41.63,12.98,-15.89
39071,102.5,91.1,79.46,30.33,-19.73
39073,94.2,78.87,67.66,25.33,-17.2
39075,23.6,20.06,16.41,8.32,0.27
39077,97.0,82.44,69.15,56.32,43.94
39079,133.8,114.53,90.53,34.99,-20.68
39081,111.9,95.47,80.74,74.96,69.14
39083,54.1,45.37,37.08,22.4,7.97
39085,74.8,62.65,51.69,43.11,34.81
39087,82.6,73.48,62.71,53.54,44.7
39089,65.8,56.27,47.82,24.26,0.07
39091,83.5,72.47,62.32,29.24,-4.63
39093,74.0,60.73,50.01,33.29,16.58
39095,98.0,85.51,73.88,82.82,91.24
39097,73.0,65.17,56.52,25.62,-5.99
39099,93.5,78.86,67.85,77.94,87.5
39101,102.8,91.99,83.22,81.67,80.57
39103,61.3,51.03,42.25,24.08,5.81
39105,64.1,51.93,41.71,11.17,-19.52
39107,48.0,41.86,36.49,24.71,11.92
39109,68.0,59.5,47.91,26.35,3.32
39111,44.8,36.96,28.8,14.23,0.86
39113,92.9,77.37,63.54,70.44,76.06
39115,42.3,38.41,31.64,8.55,-14.14
39117,50.7,44.98,39.75,10.23,-18.89
39119,96.7,84.91,71.36,63.7,55.62
39121,23.2,18.38,15.21,6.12,-1.8
39123,69.9,60.89,51.49,25.13,-1.15
39125,37.7,30.61,23.91,15.77,7.87
39127,81.0,69.55,59.41,34.0,8.24
39129,71.3,61.59,51.54,32.54,12.54
39131,105.7,93.72,75.44,50.54,25.01
39133,61.0,51.22,42.93,27.6,11.41
39135,66.9,58.61,48.59,21.4,-5.95
39137,40.6,33.74,28.75,17.54,6.18
39139,70.2,60.06,51.67,34.51,17.67
39141,93.4,77.27,65.52,58.06,49.2
39143,68.2,60.71,55.92,26.8,-3.18
39145,105.5,92.16,78.88,70.86,62.67
39147,72.7,61.14,51.79,20.97,-10.38
39149,71.4,60.74,53.05,23.24,-7.82
39151,92.6,78.12,65.76,58.62,51.29
39153,76.6,62.72,51.99,57.45,62.7
39155,94.8,81.67,72.17,49.17,25.64
39157,75.1,65.37,53.42,55.33,56.84
39159,67.3,58.71,51.39,36.73,22.6
39161,67.4,56.85,47.79,32.16,16.3
39163,4.9,16.79,16.15,1.87,-12.36
39165,64.1,54.63,46.83,30.93,13.43
39167,119.9,103.37,88.71,68.27,49.02
39169,57.0,48.12,40.69,27.38,13.46
39171,52.6,43.82,37.51,17.78,-1.24
39173,47.1,42.59,37.62,31.38,24.5
39175,46.2,41.28,34.86,11.35,-12.25
40001,66.9,65.41,57.85,67.21,77.84
40003,0.4,0.59,0.59,4.19,10.57
40005,34.4,31.72,26.64,5.87,-14.28
40007,0.0,-0.06,-0.2,8.37,19.67
40009,123.3,96.38,86.77,47.3,8.76
40011,1.7,1.06,0.44,20.11,41.97
40013,145.8,128.02,110.43,64.61,19.85
40015,77.3,62.18,48.2,25.56,3.67
40017,87.5,80.44,73.83,26.12,-19.25
40019,165.0,150.0,141.38,99.97,59.34
40021,103.8,98.78,96.71,54.29,12.05
40023,35.3,34.42,24.82,25.07,25.01
40025,54.2,35.6,33.08,17.37,3.59
40027,79.1,74.3,68.37,39.66,12.74
40029,95.3,75.95,70.67,52.3,33.69
40031,82.5,76.26,71.2,65.69,60.33
40033,1.2,0.1,-0.19,-0.53,-0.85
40035,105.7,99.82,84.33,27.91,-28.92
40037,110.7,99.46,87.21,24.76,-36.33
40039,104.4,93.85,85.85,37.58,-8.98
40041,91.2,78.04,69.44,41.34,13.45
40043,17.3,12.05,8.75,7.41,8.61
40045,81.3,7.58,0.33,32.18,66.38
40047,97.4,93.31,87.91,65.03,45.74
40049,53.9,49.71,40.67,28.5,17.58
40051,54.0,54.76,49.5,25.72,3.33
40053,22.4,25.03,21.52,1.05,-16.23
40055,30.0,34.92,16.93,20.55,25.85
40057,186.9,174.98,173.68,162.15,151.52
40059,1.0,-0.05,-0.09,89.88,181.44
40061,97.3,92.83,87.19,45.96,5.34
40063,34.7,29.1,21.06,8.4,-2.84
40065,101.6,92.79,91.02,49.24,8.76
40067,32.7,11.03,0.63,12.32,25.1
40069,2.4,1.7,-0.6,9.4,20.09
40071,90.5,82.02,76.37,41.04,8.15
40073,109.3,110.44,108.33,101.75,99.13
40075,41.2,33.06,29.73,30.99,33.34
40077,74.8,73.99,65.48,58.38,51.43
40079,89.4,80.57,70.9,44.14,18.51
40081,20.8,17.15,18.64,23.36,28.98
40083,50.9,45.35,32.96,15.47,0.06
40085,75.4,69.08,68.75,106.92,145.75
40087,137.5,126.88,110.95,32.8,-43.35
40089,77.6,69.05,57.34,27.43,-2.29
40091,66.9,62.15,54.33,15.48,-23.11
40093,1.1,1.31,38.75,17.32,-0.3
40095,58.5,70.75,62.02,18.5,-23.88
40097,101.5,88.69,75.49,33.3,-8.75
40099,154.3,131.51,121.93,59.06,-3.19
40101,122.9,114.3,111.61,79.09,47.34
40103,13.4,6.24,-0.15,1.98,6.48
40105,64.9,53.7,45.91,37.55,29.01
40107,1.3,0.41,-0.51,0.97,3.26
40109,109.1,97.57,85.08,100.65,118.59
40111,97.1,89.43,74.67,19.48,-34.23
40113,12.4,9.22,7.84,10.06,14.06
40115,88.9,83.64,73.57,39.22,4.19
40117,100.0,87.89,78.01,30.11,-16.17
40119,102.3,87.42,76.96,43.25,11.78
40121,156.5,141.51,127.3,86.18,45.02
40123,116.5,105.72,102.18,65.3,28.81
40125,128.4,120.85,117.88,56.65,-2.88
40127,1.6,27.7,37.26,8.21,-21.71
40129,0.7,-0.86,-0.57,5.2,11.77
40131,103.9,93.67,82.78,34.61,-12.33
40133,65.4,60.08,61.02,26.16,-6.74
40135,63.3,52.7,32.57,15.12,-0.53
40137,132.0,122.61,126.99,73.98,22.03
40139,40.1,33.45,29.08,16.27,7.24
40141,96.9,88.35,94.98,68.12,41.07
40143,125.8,113.94,98.6,110.66,124.37
40145,63.2,57.44,49.18,14.26,-20.3
40147,113.8,103.69,93.69,48.96,4.31
40149,0.5,-0.55,-0.67,13.62,29.23
40151,26.2,24.47,21.32,16.82,14.05
40153,105.6,92.7,89.39,63.77,39.93
41001,129.8,109.8,94.83,71.36,49.61
41003,46.5,37.82,30.87,58.74,86.99
41005,74.4,64.02,56.78,37.02,18.03
41007,107.6,90.86,79.74,57.87,35.68
41009,68.9,62.99,55.79,25.79,-3.46
41011,134.1,115.89,99.49,78.37,55.47
41013,98.1,83.9,73.93,36.83,1.43
41015,148.6,132.7,124.87,79.03,32.34
41017,86.3,74.36,67.25,56.92,47.93
41019,101.4,89.37,78.43,54.7,31.32
41021,101.0,77.03,71.03,30.86,-7.41
41023,2.8,51.94,59.86,47.11,35.72
41025,101.2,86.35,79.91,57.31,35.7
41027,93.5,79.97,70.71,70.07,69.64
41029,106.5,94.15,85.65,88.28,91.75
41031,58.7,52.12,43.66,24.61,7.6
41033,119.7,104.0,94.79,51.47,7.08
41035,83.0,69.06,56.19,40.76,26.17
41037,103.7,89.04,67.22,46.74,27.62
41039,101.9,87.26,74.77,65.87,57.57
41041,114.8,97.71,82.87,43.52,4.83
41043,103.0,89.31,77.81,33.14,-11.14
41045,148.6,137.96,119.72,94.73,68.89
41047,68.9,58.95,49.28,39.54,29.36
41049,19.0,30.93,28.49,22.73,18.45
41051,51.3,42.89,36.49,48.65,61.48
41053,51.9,47.48,41.92,23.43,4.3
41055,0.0,-0.64,-0.5,19.06,39.61
41057,102.1,91.63,83.71,56.68,29.6
41059,96.0,79.9,65.08,35.34,5.74
41061,114.2,100.42,85.78,61.81,38.81
41063,85.5,77.2,70.72,52.5,35.85
41065,135.8,122.99,107.82,59.49,12.02
41067,50.5,43.66,38.24,36.53,35.8
41069,0.0,-0.01,-0.14,54.23,111.53
41071,71.8,62.72,51.97,34.1,16.21
42001,45.9,37.34,31.89,26.12,18.89
42003,72.1,59.28,50.36,65.72,81.59
42005,74.0,73.91,63.71,30.38,-3.04
42007,72.9,61.89,54.97,33.3,12.75
42009,66.6,56.79,43.12,19.98,-3.75
42011,59.2,49.47,42.77,32.76,21.26
42013,105.5,90.04,75.95,74.9,73.25
42015,70.0,59.28,49.51,56.12,63.17
42017,66.4,57.14,51.84,42.44,31.86
42019,69.3,58.41,51.33,33.7,16.36
42021,98.7,85.79,74.02,61.22,47.46
42023,100.2,85.08,72.61,22.5,-27.3
42025,74.0,60.68,50.23,29.72,8.82
42027,48.4,40.3,34.26,31.25,28.02
42029,50.8,43.85,38.6,30.75,21.72
42031,68.6,58.32,54.25,32.67,11.25
42033,75.7,62.21,53.12,48.88,44.57
42035,73.6,66.48,57.4,45.04,32.82
42037,80.7,70.09,62.1,61.24,60.17
42039,84.4,70.02,58.27,53.98,48.59
42041,69.4,56.54,48.26,41.49,33.1
42043,64.4,52.43,44.2,54.66,64.0
42045,70.6,58.06,48.03,45.23,41.41
42047,88.0,70.46,59.83,35.9,11.81
42049,79.5,66.69,58.2,59.6,60.49
42051,128.8,110.31,99.04,83.15,68.32
42053,41.5,38.5,35.29,4.06,-27.62
42055,73.2,60.15,48.88,36.61,23.8
42057,13.8,57.25,54.99,21.59,-11.71
42059,79.1,68.37,60.3,29.33,-2.13
42061,59.9,49.8,42.81,21.38,-0.38
42063,71.1,62.33,47.52,33.4,18.54
42065,73.2,63.74,54.21,29.21,4.98
42067,55.8,49.59,42.45,29.42,15.87
42069,112.1,98.65,84.12,72.07,60.17
42071,54.6,45.67,40.2,34.19,27.06
42073,92.4,78.47,65.35,52.93,40.39
42075,57.9,48.02,41.33,30.99,19.21
42077,48.0,39.58,34.8,44.98,53.87
42079,85.7,71.24,61.31,50.53,40.71
42081,86.3,73.51,64.7,57.99,51.6
42083,86.9,78.61,70.25,47.17,24.38
42085,109.2,92.55,77.88,72.22,65.18
42087,82.3,68.6,56.44,40.51,23.73
42089,75.9,65.3,56.72,32.92,9.85
42091,59.4,51.0,43.71,50.68,56.03
42093,78.0,66.3,58.53,269.0,478.73
42095,66.4,54.99,49.26,52.65,55.5
42097,95.2,82.6,68.11,52.71,36.26
42099,55.9,48.69,42.88,18.2,-7.01
42101,67.6,54.98,44.44,49.32,53.17
42103,48.8,40.55,38.4,24.26,10.06
42105,63.0,56.13,48.74,34.63,19.91
42107,79.2,67.98,59.73,33.52,5.48
42109,65.9,56.1,47.91,38.12,27.39
42111,69.8,61.48,48.71,28.34,7.22
42113,44.6,38.47,30.23,15.05,0.26
42115,51.8,48.16,42.11,22.87,4.57
42117,75.4,62.67,52.78,33.96,15.14
42119,58.6,51.92,42.75,59.05,74.58
42121,80.7,67.27,58.37,50.02,39.5
42123,76.4,67.96,61.54,43.17,24.03
42125,72.2,59.45,52.49,37.27,21.54
42127,64.6,56.27,51.88,22.48,-6.87
42129,74.1,63.63,55.61,44.2,32.57
42131,80.7,67.35,50.78,38.01,25.83
42133,62.5,51.7,43.95,38.97,31.95
44001,44.5,38.97,32.91,20.12,7.17
44003,71.7,62.98,54.49,51.17,47.67
44005,59.7,50.7,43.43,28.53,14.4
44007,58.1,48.64,40.21,40.64,40.61
44009,63.2,55.95,47.01,34.27,21.61
45001,58.0,52.24,46.74,32.47,18.43
45003,87.7,77.78,67.02,43.71,20.05
45005,55.0,47.18,40.76,39.99,39.71
45007,93.6,85.08,76.62,74.19,71.83
45009,101.1,92.53,78.11,43.96,10.04
45011,98.4,89.78,74.47,48.43,22.19
45013,65.0,59.4,53.67,46.45,40.49
45015,59.4,54.46,46.41,18.97,-7.71
45017,11.3,8.27,7.1,4.68,1.94
45019,76.0,66.3,56.33,106.88,157.72
45021,115.8,105.92,92.91,60.33,27.62
45023,97.3,82.6,71.54,40.37,9.42
45025,86.9,80.14,69.08,25.31,-18.59
45027,80.8,73.95,68.49,42.83,17.44
45029,125.8,115.16,104.27,52.34,0.5
45031,152.4,141.36,127.84,100.64,73.3
45033,127.2,114.5,96.96,59.8,24.24
45035,101.0,90.0,77.82,25.81,-25.19
45037,63.1,54.41,46.22,18.89,-8.86
45039,53.7,46.1,41.27,24.79,8.73
45041,136.2,122.88,107.55,130.58,154.34
45043,88.2,78.32,66.44,52.91,40.03
45045,91.6,80.23,69.29,71.65,74.52
45047,115.3,102.03,90.19,86.79,83.99
45049,104.9,92.09,80.9,29.19,-21.38
45051,110.7,97.16,83.11,62.55,42.97
45053,68.3,59.99,50.87,20.22,-9.41
45055,90.5,80.68,68.11,32.38,-3.2
45057,82.6,72.73,63.7,32.86,2.77
45059,86.2,78.66,68.98,38.94,8.69
45061,43.1,38.03,36.58,12.79,-11.92
45063,91.8,82.41,72.6,58.73,44.86
45065,2.3,2.2,-0.42,9.69,19.27
45067,115.6,109.78,87.36,45.82,5.34
45069,106.5,98.74,90.75,29.01,-32.01
45071,85.5,77.31,64.53,38.97,13.43
45073,115.9,110.44,94.65,60.21,25.55
45075,91.3,82.09,70.16,48.08,26.08
45077,107.2,95.84,84.4,70.95,58.78
45079,64.9,58.23,50.77,60.28,69.76
45081,53.8,42.7,34.96,12.53,-11.44
45083,107.4,94.73,82.45,83.42,84.91
45085,76.5,70.57,61.5,41.78,21.91
45087,119.8,106.83,87.44,20.18,-45.99
45089,75.5,71.9,63.07,20.37,-22.25
45091,72.3,62.45,51.97,29.37,7.27
46003,0.0,-0.36,-0.52,18.07,36.68
46005,65.7,58.61,54.11,44.43,33.52
46007,0.1,0.28,-0.19,3.37,6.08
46009,0.1,0.16,-0.25,8.86,16.17
46011,42.7,41.7,34.76,27.68,21.37
46013,63.8,57.42,49.8,51.89,53.6
46015,83.8,77.59,69.92,54.48,38.36
46017,0.0,-0.14,101.18,12.48,-77.52
46019,26.5,25.4,1.21,3.38,6.1
46021,0.0,-0.44,-0.48,1.17,2.76
46023,34.6,37.89,36.52,30.09,22.92
46025,32.2,27.55,20.15,21.99,23.24
46027,47.4,44.74,40.67,33.06,24.41
46029,67.0,61.38,56.42,41.31,26.22
46031,0.0,-0.13,-0.22,5.17,10.5
46033,40.7,33.55,32.94,21.28,10.63
46035,89.3,76.11,67.26,51.67,36.86
46037,0.7,0.24,-0.36,3.55,6.77
46039,34.8,2.8,0.03,2.67,6.12
46041,0.1,-0.04,-0.11,3.0,5.41
46043,43.2,38.03,27.88,29.81,31.41
46045,55.0,56.55,49.78,41.42,32.92
46047,87.7,81.67,75.68,50.17,25.93
46049,0.1,0.03,-0.29,13.22,26.08
46051,57.6,56.26,51.96,29.09,7.76
46053,98.5,80.34,65.56,62.64,58.36
46055,119.8,99.93,104.74,109.34,113.45
46057,0.0,-0.83,-0.54,1.94,4.69
46059,0.3,0.69,0.83,1.1,0.8
46061,0.0,-0.59,-0.67,-0.81,-0.78
46063,0.0,-0.15,-0.39,1.13,0.82
46065,98.0,86.02,69.21,45.7,21.99
46067,78.0,75.51,68.45,53.95,39.38
46069,0.0,0.01,1.29,31.46,60.8
46071,0.0,-0.5,-0.05,7.6,14.4
46073,101.0,102.52,94.5,118.07,142.21
46075,0.0,-0.68,-0.58,32.75,65.41
46077,52.2,46.32,40.22,27.84,14.76
46079,33.5,34.97,31.07,18.73,6.85
46081,79.4,69.99,60.2,33.19,7.02
46083,35.0,34.83,30.79,30.75,30.79
46085,11.0,9.82,12.55,3.93,-5.96
46087,31.7,30.51,26.06,18.87,11.71
46089,6.7,0.4,-0.28,2.02,3.85
46091,44.6,36.62,29.66,16.94,3.88
46093,13.9,12.31,10.21,8.91,8.67
46095,85.9,69.69,53.24,7.74,-39.03
46097,30.5,27.74,24.84,6.66,-11.51
46099,65.6,59.19,50.65,59.32,68.05
46101,37.2,32.87,26.57,12.73,-0.65
46102,0.0,0.07,-0.33,3.75,7.78
46103,76.2,65.25,54.35,54.93,55.36
46105,47.2,49.16,46.44,11.07,-26.46
46107,0.4,1.31,-0.22,6.62,14.31
46109,45.9,41.13,36.6,25.68,15.51
46111,0.0,-0.4,-0.57,2.58,5.86
46115,2.4,0.89,-0.14,8.89,17.07
46117,2.9,1.72,-1.17,3.06,6.93
46119,0.0,-0.2,-0.4,1.63,4.24
46121,0.0,-0.86,-1.04,7.27,14.82
46123,102.5,78.63,63.26,54.23,43.5
46125,32.5,29.37,30.53,13.45,-3.37
46127,70.1,61.64,74.62,259.91,445.07
46129,101.7,90.71,76.21,33.71,-8.84
46135,95.2,84.5,78.67,60.55,41.57
46137,0.0,-0.19,0.01,-0.0,-0.37
47001,147.4,127.22,109.47,72.96,38.56
47003,101.5,93.84,80.26,41.35,4.01
47005,136.7,119.38,94.71,49.84,6.76
47007,83.6,72.88,67.22,54.19,43.61
47009,91.0,80.27,68.97,44.81,23.08
47011,129.9,117.45,102.17,94.37,88.5
47013,195.6,177.73,146.46,48.97,-45.26
47015,101.9,95.19,64.43,23.53,-14.32
47017,139.8,119.01,102.04,123.94,146.81
47019,109.5,98.6,88.45,37.68,-11.09
47021,107.0,94.18,82.58,38.91,-2.46
47023,100.6,92.9,80.4,54.67,29.99
47025,189.4,167.85,148.26,102.08,58.01
47027,189.9,190.49,159.51,44.44,-66.75
47029,188.3,168.82,145.83,72.34,0.62
47031,169.5,157.11,138.9,145.19,154.46
47033,91.3,69.64,55.67,20.07,-14.62
47035,129.3,116.79,102.16,59.74,20.13
47037,85.2,74.08,61.01,88.24,117.69
47039,164.1,137.89,122.18,60.92,1.02
47041,161.2,138.47,116.49,57.93,2.06
47043,138.8,120.06,98.36,81.38,66.26
47045,176.6,162.66,158.9,88.28,19.93
47047,72.0,65.46,57.46,34.2,11.02
47049,178.7,160.18,125.44,45.08,-31.87
47051,119.8,105.05,92.56,64.15,38.35
47053,139.4,129.67,118.96,73.09,28.47
47055,130.2,114.2,99.67,40.91,-16.43
47057,94.5,83.0,70.87,16.28,-37.12
47059,124.3,111.26,96.43,60.25,24.4
47061,171.9,147.04,152.91,30.04,-90.18
47063,163.2,144.88,123.93,113.89,105.61
47065,123.0,109.95,94.29,102.56,112.47
47067,124.7,107.19,103.62,77.5,52.52
47069,113.6,101.94,89.13,42.85,-2.29
47071,153.5,144.17,129.71,106.88,85.19
47073,89.0,77.85,69.99,36.35,3.35
47075,86.6,78.38,63.54,26.09,-11.12
47077,136.8,121.0,102.31,54.69,7.21
47079,188.7,167.62,142.46,76.24,12.27
47081,71.3,64.26,53.44,20.5,-10.63
47083,148.7,138.58,111.54,40.24,-28.97
47085,129.7,116.76,95.77,29.13,-36.6
47087,63.3,47.93,35.8,7.74,-17.13
47089,113.3,102.63,89.55,62.35,36.86
47091,106.6,90.47,77.1,37.85,1.49
47093,97.6,85.09,72.84,105.73,140.73
47095,79.4,64.14,62.82,12.11,-36.71
47097,102.6,95.56,96.75,62.42,29.55
47099,143.2,128.81,111.44,56.9,4.13
47101,154.3,134.22,116.95,39.46,-37.18
47103,105.6,96.21,84.7,31.87,-19.88
47105,101.9,91.26,75.42,25.18,-22.98
47107,157.3,136.35,114.8,70.54,28.09
47109,173.7,150.6,125.33,79.49,34.78
47111,130.0,113.68,88.81,20.75,-43.65
47113,126.7,114.64,99.62,142.15,186.04
47115,102.7,86.35,70.97,25.3,-18.31
47117,145.2,124.7,100.51,59.19,19.07
47119,134.9,115.22,97.66,106.41,117.11
47121,52.3,39.73,33.4,19.33,6.72
47123,147.3,137.13,122.28,60.21,0.65
47125,87.0,77.77,68.31,45.55,24.58
47127,22.3,17.86,5.93,4.81,5.33
47129,77.6,67.51,57.85,33.01,10.87
47131,99.5,94.59,93.51,82.8,74.37
47133,111.5,101.84,89.98,66.97,47.44
47135,99.1,99.21,85.6,94.0,103.25
47137,85.8,87.58,86.57,26.14,-30.17
47139,53.8,111.54,101.85,32.88,-34.8
47141,139.6,125.94,109.02,92.5,78.99
47143,157.5,139.21,123.66,49.44,-23.05
47145,147.0,128.57,107.35,58.36,11.0
47147,126.8,116.71,104.03,45.24,-11.09
47149,94.8,82.53,70.46,55.0,41.52
47151,169.4,155.44,124.39,85.65,50.73
47153,175.2,162.62,127.69,36.19,-53.39
47155,114.9,99.73,85.9,62.43,41.23
47157,73.6,65.06,54.66,62.43,69.58
47159,133.0,107.49,94.96,89.2,87.12
47161,62.7,57.28,48.35,13.69,-19.25
47163,165.0,146.37,125.94,140.24,155.71
47165,90.9,81.98,70.3,56.02,44.46
47167,112.2,102.27,87.35,46.24,4.75
47169,171.7,122.45,110.79,36.09,-35.16
47171,145.1,133.98,120.24,67.4,16.21
47173,94.3,76.18,60.89,14.96,-29.37
47175,8.7,8.88,-0.28,0.77,5.26
47177,158.0,133.83,117.77,57.95,1.2
47179,108.5,95.99,83.87,127.16,171.6
47181,152.5,132.02,117.09,72.59,29.48
47183,128.3,116.42,105.99,87.7,71.59
47185,130.7,116.07,101.4,33.34,-31.45
47187,57.6,50.2,43.64,57.11,72.82
47189,91.4,78.17,68.93,58.39,51.29
48001,68.5,60.5,54.53,39.08,23.04
48003,58.2,56.3,48.81,19.87,-8.48
48005,93.2,87.75,80.75,63.45,46.87
48007,95.7,82.43,74.98,23.83,-26.6
48009,0.0,-0.2,-0.3,-0.01,1.26
48011,0.0,-0.12,-0.34,8.16,16.33
48013,88.8,82.69,76.51,24.76,-25.91
48015,52.5,51.62,45.27,26.49,8.25
48017,62.7,67.01,65.51,29.97,-4.7
48019,33.3,37.34,34.59,10.37,-13.31
48021,78.1,71.62,63.3,17.64,-27.15
48023,49.0,60.5,59.78,38.59,17.47
48025,69.9,64.86,58.29,21.34,-15.82
48027,53.4,48.44,42.6,55.56,69.66
48029,54.6,50.03,44.15,46.33,48.2
48031,18.3,16.39,13.5,6.29,-1.3
48033,0.0,-0.0,-0.21,-0.52,0.45
48035,39.2,35.85,34.03,13.15,-6.85
48037,124.6,114.34,101.63,111.27,122.13
48039,62.3,57.75,53.0,29.34,5.76
48041,53.9,46.97,42.21,42.49,44.14
48043,70.1,64.67,64.17,25.95,-12.15
48045,0.0,0.02,-0.2,0.74,2.22
48047,40.7,56.74,52.83,17.63,-17.07
48049,120.4,117.8,110.23,67.26,23.75
48051,55.4,52.01,45.44,19.31,-5.09
48053,96.3,87.44,71.75,21.5,-28.74
48055,52.5,46.32,38.46,8.66,-20.25
48057,101.1,95.32,88.77,36.12,-15.19
48059,10.9,19.77,19.29,9.67,-0.81
48061,28.5,25.7,22.68,23.17,23.75
48063,69.6,58.31,52.96,36.87,21.99
48065,3.7,3.16,-0.14,0.87,1.81
48067,81.8,77.58,69.54,50.26,31.78
48069,1.1,1.02,-0.2,16.74,32.8
48071,34.2,31.71,29.61,10.31,-7.92
48073,72.0,61.83,58.36,32.36,5.98
48075,177.3,150.9,130.47,74.58,19.95
48077,0.0,-0.66,-0.34,18.73,39.31
48079,0.0,-0.11,-0.28,31.12,64.08
48081,0.0,-0.53,-0.5,-1.03,0.25
48083,68.3,69.06,62.63,21.6,-20.18
48085,56.2,50.45,45.29,31.31,18.56
48087,0.0,-0.64,-0.55,7.46,16.06
48089,60.5,48.72,39.8,24.0,9.73
48091,74.4,68.61,62.18,37.9,14.44
48093,78.8,72.53,67.9,50.43,31.94
48095,0.0,-0.04,-0.36,8.9,18.53
48097,91.9,83.67,76.51,36.73,-2.05
48099,63.9,59.35,54.05,19.11,-15.69
48101,0.0,-0.57,-0.59,-0.77,-1.34
48103,63.2,71.37,66.98,23.08,-19.86
48105,47.2,45.9,41.89,30.14,18.18
48107,2.0,1.69,-0.13,19.25,39.26
48109,0.0,0.0,0.02,84.36,169.18
48111,73.7,63.03,56.99,29.66,3.08
48113,50.6,45.08,40.21,48.75,57.71
48115,58.2,58.65,53.25,13.43,-25.04
48117,40.3,34.65,31.1,8.25,-13.65
48119,22.9,1.05,-0.49,17.63,35.84
48121,59.2,53.21,47.86,33.89,20.67
48123,51.2,45.39,42.76,35.62,29.99
48125,7.4,6.87,0.54,0.49,1.26
48127,94.8,102.0,75.94,17.13,-41.1
48129,3.8,2.06,0.02,1.02,2.42
48131,10.5,9.2,4.33,1.62,-0.83
48133,71.8,77.61,70.39,15.58,-39.96
48135,70.7,66.72,61.55,51.62,42.59
48137,0.0,-0.11,-0.11,3.01,7.97
48139,74.0,66.52,58.61,32.32,6.47
48141,37.5,33.91,30.62,30.89,29.58
48143,70.5,67.47,61.98,37.16,12.32
48145,61.7,57.18,50.29,28.41,7.52
48147,61.5,55.18,49.57,20.14,-9.52
48149,60.3,58.5,55.74,62.5,71.64
48151,4.7,4.33,-0.28,1.18,3.65
48153,3.2,2.3,0.01,25.15,51.25
48155,58.7,51.78,32.21,52.54,71.95
48157,39.2,35.25,32.06,21.61,10.81
48159,73.8,69.43,60.08,29.65,0.03
48161,29.1,26.26,30.51,16.24,2.47
48163,43.6,39.66,35.87,8.5,-18.15
48165,50.8,46.19,39.68,24.14,10.39
48167,75.4,69.14,64.65,46.02,27.71
48169,1.6,0.54,-0.12,4.04,9.94
48171,76.4,72.83,68.93,49.34,29.17
48173,0.0,-0.06,-0.15,-0.86,-0.51
48175,22.7,19.69,17.79,5.3,-6.76
48177,53.3,48.2,47.51,17.36,-10.22
48179,109.4,101.99,88.47,77.64,67.12
48181,104.5,94.7,85.52,70.7,56.54
48183,132.9,124.27,120.78,114.12,109.32
48185,28.1,25.1,20.81,9.94,-0.5
48187,47.7,44.45,41.65,20.32,-0.28
48189,65.5,58.54,55.96,37.5,20.37
48191,3.8,2.06,-0.18,12.16,26.33
48193,30.0,47.15,41.29,46.08,50.66
48195,0.5,0.05,-0.18,6.72,15.42
48197,77.7,73.9,78.06,47.62,16.99
48199,97.3,88.95,86.15,23.71,-37.04
48201,46.2,41.45,37.89,41.27,45.74
48203,72.0,63.22,60.26,41.92,24.7
48205,0.0,-0.78,-0.45,-2.17,-2.37
48207,8.6,6.52,0.39,7.89,16.08
48209,58.4,51.82,46.06,26.24,6.81
48211,3.1,1.36,-0.08,2.54,6.18
48213,80.5,74.92,69.23,35.95,2.53
48215,27.8,25.45,22.7,19.95,17.11
48217,61.9,58.24,54.24,35.92,18.26
48219,78.9,72.75,67.59,37.44,9.32
48221,119.4,108.18,99.96,60.59,21.4
48223,92.7,82.95,76.96,45.48,15.21
48225,47.5,41.42,40.46,13.78,-13.02
48227,65.6,62.79,59.5,24.8,-9.95
48229,0.0,-0.06,-0.07,1.26,1.9
48231,90.5,83.05,73.51,33.98,-4.51
48233,81.5,74.14,67.62,34.67,2.52
48235,0.0,-0.09,-0.15,-0.18,1.44
48237,2.1,0.93,-0.25,9.42,19.95
48239,33.2,31.45,19.09,16.39,14.57
48241,67.3,56.76,49.91,27.97,7.46
48243,0.0,-0.15,-0.03,41.61,83.47
48245,85.5,77.05,71.14,75.41,80.15
48247,34.6,25.25,19.35,0.27,-18.5
48249,79.7,75.5,72.3,44.9,17.65
48251,90.9,84.34,76.22,42.25,9.08
48253,30.2,29.54,24.73,12.1,-0.71
48255,58.0,54.26,44.01,23.81,3.49
48257,76.3,69.91,65.32,25.54,-13.66
48259,65.4,59.37,53.54,29.47,5.79
48261,0.0,0.26,-0.17,-1.39,-1.55
48263,0.0,0.0,-0.26,-0.31,0.89
48265,80.6,76.26,74.75,43.83,13.35
48267,59.8,55.28,50.76,25.31,0.05
48269,0.0,0.01,-0.2,0.66,1.87
48271,26.8,22.02,18.34,1.52,-15.31
48273,65.8,60.28,56.71,27.3,-1.34
48275,0.0,0.14,-0.37,31.67,64.59
48277,151.0,138.43,129.79,68.82,6.67
48279,2.5,2.49,-0.02,14.67,30.16
48281,63.1,59.16,51.33,20.42,-9.92
48283,0.4,0.23,-0.45,10.8,22.53
48285,56.6,51.1,46.39,14.16,-15.36
48287,50.5,45.68,39.71,11.47,-14.86
48289,39.8,39.33,36.22,6.25,-23.35
48291,90.9,82.59,76.53,34.09,-7.07
48293,86.2,85.38,89.8,38.36,-12.42
48295,0.0,-0.9,-0.19,0.97,4.48
48297,18.0,13.86,10.2,2.45,-5.93
48299,62.7,56.45,52.12,24.65,-3.37
48301,0.0,-0.39,-0.19,-0.77,-0.97
48303,84.2,78.0,70.47,93.07,117.11
48305,1.3,0.63,-0.32,9.1,20.2
48307,55.2,53.06,38.62,20.53,1.39
48309,75.4,70.61,63.47,50.37,37.48
48311,0.0,-0.24,-0.17,-0.67,-1.49
48313,73.9,71.5,63.35,22.92,-17.28
48315,1.6,1.1,-0.26,6.58,14.5
48317,40.2,40.2,33.91,21.06,9.79
48319,44.5,38.63,40.86,1.72,-38.52
48321,66.0,60.82,60.36,35.71,11.84
48323,28.4,27.36,24.81,10.19,-4.73
48325,44.1,41.99,36.47,19.46,3.29
48327,0.0,-0.16,-0.15,0.93,1.36
48329,58.7,53.63,47.23,30.13,13.64
48331,67.7,61.23,54.83,22.79,-8.4
48333,0.0,-0.06,-1.26,5.7,12.12
48335,55.2,51.29,46.15,49.33,53.4
48337,82.1,73.08,68.54,39.39,11.15
48339,60.6,55.32,50.77,45.69,41.67
48341,55.3,51.42,51.67,37.1,23.83
48343,80.6,75.98,73.66,16.62,-39.26
48345,0.0,-0.12,-0.19,0.36,2.27
48347,86.0,81.22,73.46,59.65,46.1
48349,72.9,66.49,61.41,26.77,-7.37
48351,34.5,25.21,20.32,7.45,-4.15
48353,118.8,84.06,66.54,30.19,-5.82
48355,80.2,70.41,63.98,73.47,84.26
48357,46.1,52.68,49.12,24.61,1.75
48359,0.0,-0.29,-0.21,-0.58,1.08
48361,113.4,95.0,88.72,54.91,21.69
48363,108.6,95.27,86.92,32.07,-21.85
48365,81.4,75.54,72.06,28.13,-14.54
48367,73.3,65.09,57.89,33.78,9.85
48369,1.1,0.69,-0.21,17.5,35.86
48371,37.9,35.16,33.51,21.2,9.33
48373,101.1,91.32,84.58,32.85,-17.33
48375,76.1,72.18,65.37,98.93,133.54
48377,0.0,3.15,6.2,7.64,10.21
48379,68.6,61.74,54.33,2.48,-48.17
48381,73.9,68.79,62.77,37.24,12.19
48383,25.6,25.15,21.11,3.59,-12.65
48385,0.0,-0.08,-0.15,0.36,1.59
48387,47.9,55.92,54.58,70.85,86.52
48389,63.8,57.5,54.68,35.97,16.96
48391,1.7,1.04,-0.38,7.64,15.31
48393,0.0,-0.22,-0.57,-0.62,-0.04
48395,28.6,24.78,21.58,7.21,-6.53
48397,74.6,69.98,63.38,49.11,35.9
48399,70.6,68.57,58.87,30.19,2.18
48401,49.0,43.86,42.98,19.41,-4.06
48403,54.7,44.95,34.37,22.11,10.74
48405,74.7,64.76,65.13,35.79,7.79
48407,19.1,16.73,19.34,-0.29,-18.48
48409,86.4,80.23,71.75,36.38,1.59
48411,49.5,42.48,2.82,5.19,6.65
48413,0.0,-0.06,-0.09,18.03,37.78
48415,84.5,80.82,73.27,20.7,-30.41
48417,0.0,0.06,-0.36,1.19,1.68
48419,69.1,64.62,58.58,18.57,-20.55
48421,1.4,0.61,-0.11,-0.13,1.38
48423,88.6,81.24,73.43,100.19,126.05
48425,5.8,4.66,-0.17,40.52,82.15
48427,34.6,33.12,29.35,26.42,25.28
48429,103.5,95.56,83.67,24.89,-35.32
48431,0.0,-0.09,-0.09,3.48,9.04
48433,2.5,2.55,-0.02,2.08,4.51
48435,3.1,2.71,0.14,16.11,33.33
48437,2.3,8.55,0.41,6.92,13.67
48439,66.7,59.97,53.66,49.45,44.78
48441,107.0,97.95,89.29,89.41,88.92
48443,0.0,-0.08,-0.05,78.48,157.0
48445,86.8,78.7,69.24,20.56,-25.68
48447,0.0,-0.01,-0.19,20.62,41.61
48449,84.6,75.3,69.73,46.02,23.32
48451,75.1,71.08,66.58,54.55,43.62
48453,51.2,45.04,39.37,41.65,44.08
48455,60.0,55.98,43.97,18.01,-8.03
48457,52.4,50.77,48.39,9.46,-27.77
48459,19.0,17.26,16.64,11.11,7.21
48461,1.4,1.8,-0.01,4.56,10.11
48463,73.1,70.59,63.41,28.91,-4.91
48465,38.6,35.53,32.55,23.7,15.91
48467,78.5,70.0,64.21,24.44,-13.96
48469,98.7,93.33,84.75,70.51,57.05
48471,58.9,57.19,54.77,27.3,0.38
48473,12.8,11.58,9.56,3.76,-0.84
48475,57.8,51.36,46.35,30.59,15.8
48477,75.5,70.06,65.05,30.9,-2.43
48479,27.2,24.7,21.18,18.42,17.35
48481,63.5,59.32,56.91,34.89,13.69
48483,39.1,32.45,20.51,9.78,-1.0
48485,105.2,97.43,90.25,84.26,79.96
48487,147.6,136.32,122.84,54.35,-14.58
48489,28.9,32.16,31.71,20.27,9.06
48491,62.2,56.59,50.35,32.66,15.33
48493,58.6,54.36,50.61,16.85,-16.22
48495,56.5,47.59,44.11,11.23,-21.29
48497,63.6,61.7,57.12,39.51,22.25
48499,94.8,90.07,81.28,35.62,-8.6
48501,6.5,7.16,0.26,13.02,27.6
48503,99.0,92.49,88.94,46.07,3.37
48505,23.7,20.59,17.65,4.07,-8.92
48507,0.7,0.81,-1.08,-1.62,-0.94
49001,93.9,91.52,76.07,76.44,76.68
49003,80.1,73.25,66.6,33.43,-2.06
49005,54.5,49.54,44.58,35.9,25.38
49007,176.0,155.32,147.47,136.79,125.08
49009,0.0,-0.12,-0.27,0.76,-0.46
49011,66.7,61.81,56.83,47.23,34.81
49013,57.7,58.13,56.66,48.1,37.44
49015,45.2,77.62,77.97,33.91,-10.56
49017,87.1,84.11,70.57,57.87,43.08
49019,83.3,79.71,73.38,57.76,41.11
49021,103.9,91.81,81.15,53.83,24.79
49023,81.2,75.83,71.12,42.99,14.34
49025,106.8,104.43,93.22,57.5,21.0
49027,58.0,64.03,55.54,32.49,8.64
49029,57.8,38.73,32.87,31.72,28.94
49031,0.0,-0.16,-0.6,-0.16,-0.42
49033,29.4,28.74,27.86,10.19,-9.11
49035,70.5,63.0,55.6,57.39,57.58
49037,16.3,16.09,14.09,17.63,19.54
49039,95.7,85.93,78.22,44.06,10.09
49041,112.8,108.27,100.03,77.72,55.12
49043,61.2,51.3,44.65,52.05,57.62
49045,70.3,63.96,52.93,25.47,-2.37
49047,66.9,60.79,51.75,36.76,18.51
49049,58.7,52.83,47.29,40.47,32.2
49051,68.9,58.6,51.27,23.94,-5.0
49053,89.0,79.52,72.66,71.14,68.96
49055,0.0,0.17,-0.16,25.28,49.68
49057,83.2,76.14,69.84,58.1,43.31
50001,51.0,41.29,36.63,25.01,13.5
50003,72.4,62.27,52.57,43.15,34.31
50005,62.3,54.33,45.43,33.36,21.33
50007,48.7,41.72,35.3,41.35,47.05
50009,12.6,0.73,-0.48,38.72,77.17
50011,85.7,79.36,69.25,39.2,8.17
50013,18.4,14.8,12.29,11.85,10.73
50015,57.4,55.95,50.48,36.87,23.35
50017,42.9,33.94,25.05,23.34,22.61
50019,62.5,59.96,53.87,40.63,27.4
50021,79.8,65.54,52.66,44.31,35.8
50023,57.8,51.74,44.75,36.01,27.31
50025,72.8,59.74,50.65,39.25,29.19
50027,41.7,30.53,25.43,25.56,26.67
51001,60.7,50.86,34.61,18.73,3.0
51003,59.1,48.53,39.75,61.86,85.15
51005,86.8,71.2,61.88,47.41,34.82
51007,48.1,37.11,29.64,3.52,-22.49
51009,75.0,62.28,56.33,32.3,8.82
51011,125.0,99.12,86.59,43.41,-0.49
51013,24.4,20.27,17.38,30.67,45.14
51015,19.7,11.66,6.85,25.08,43.85
51017,1.4,0.27,-0.71,12.21,26.79
51019,44.9,37.85,32.53,17.96,4.16
51021,66.8,53.96,42.22,82.61,124.05
51023,39.6,34.79,30.42,14.29,-1.23
51025,23.9,16.63,12.06,5.36,-0.47
51027,131.0,136.38,113.74,67.33,22.26
51029,2.1,0.93,-0.37,4.47,9.4
51031,43.0,32.71,27.44,8.31,-10.5
51033,35.3,31.24,27.88,6.42,-15.1
51035,44.9,34.94,29.47,36.5,44.76
51036,0.0,-1.05,-1.13,7.46,15.75
51037,38.9,30.92,25.74,22.85,20.56
51041,67.8,55.81,45.03,37.58,30.59
51043,28.5,26.38,22.98,20.04,17.36
51045,5.2,4.87,-1.39,7.65,18.02
51047,65.5,53.81,46.68,21.59,-2.98
51049,29.3,21.78,18.0,0.05,-17.53
51051,185.1,155.93,131.46,98.23,65.74
51053,5.1,2.0,-0.91,-1.68,-1.6
51057,109.5,89.35,70.91,76.2,82.16
51059,29.7,24.69,20.9,25.7,31.36
51061,72.2,62.38,51.56,35.51,20.3
51063,50.0,35.11,27.34,9.79,-6.82
51065,31.4,26.91,24.08,11.89,-0.1
51067,80.1,68.01,59.08,21.46,-14.97
51069,58.2,45.89,39.93,31.07,22.14
51071,119.8,102.31,85.26,35.99,-10.8
51073,107.5,90.35,73.83,36.41,-1.08
51075,14.8,10.46,1.66,6.6,11.2
51077,25.0,18.43,14.36,3.11,-6.15
51079,77.8,66.39,54.73,20.9,-11.79
51081,0.0,-8.13,-8.82,-10.76,-11.95
51083,81.3,70.93,57.78,24.95,-8.15
51085,90.2,74.54,58.85,51.25,43.47
51087,68.2,56.48,45.89,51.76,58.44
51089,73.4,58.05,45.53,23.34,2.14
51091,0.0,-0.95,-0.85,-0.99,1.69
51093,74.1,64.38,56.21,16.71,-21.47
51095,96.2,82.94,72.01,47.15,22.53
51097,0.0,-1.43,-1.34,0.55,2.98
51099,54.6,44.49,39.2,8.14,-22.28
51101,40.3,29.7,22.69,9.17,-4.37
51103,156.9,128.67,102.01,50.36,-0.85
51105,149.5,132.41,113.21,67.56,22.32
51107,36.8,31.53,27.05,17.72,8.46
51109,49.8,42.24,35.3,10.96,-13.56
51111,1.6,0.12,-0.99,4.59,11.43
51113,0.0,-1.09,-1.06,1.03,3.93
51115,55.2,48.9,45.05,4.42,-35.14
51117,105.7,85.05,69.93,48.55,28.21
51119,3.1,0.81,-2.06,1.98,6.72
51121,61.6,53.23,45.36,56.52,68.21
51125,21.9,17.06,13.58,17.15,20.84
51127,58.7,45.61,36.53,18.87,0.8
51131,113.8,96.0,92.09,73.43,55.48
51133,30.7,22.76,17.98,5.39,-6.06
51135,77.3,66.97,53.36,35.29,18.24
51137,91.0,75.15,62.51,22.21,-17.08
51139,86.0,77.0,68.69,41.97,16.5
51141,69.2,61.41,48.25,41.76,36.57
51143,22.3,15.64,11.83,4.58,-2.55
51145,45.8,41.49,37.47,17.52,-2.18
51147,99.5,84.13,72.71,29.23,-13.49
51149,0.0,-2.25,-3.36,-1.84,-0.18
51153,38.5,31.93,27.84,18.54,10.25
51155,134.1,114.35,97.71,48.8,1.41
51157,0.0,-0.92,-0.95,7.02,16.21
51159,44.0,34.98,28.88,6.76,-14.91
51161,84.4,73.37,63.94,100.54,138.28
51163,0.0,-3.8,-4.97,-8.77,-11.83
51165,30.3,25.21,17.88,8.03,-1.47
51167,111.7,104.79,89.77,57.33,26.85
51169,153.7,137.77,121.42,168.31,215.7
51171,69.0,53.71,42.44,21.58,1.73
51173,131.3,105.92,84.35,42.43,2.11
51175,0.0,-2.62,-2.77,-7.67,-11.59
51177,66.4,54.17,46.01,39.29,33.85
51179,49.1,40.19,34.64,25.53,16.66
51181,0.0,-0.64,-0.55,-0.43,-0.45
51183,22.0,14.35,10.44,5.91,1.78
51185,179.3,158.56,133.02,80.79,29.63
51187,87.6,78.23,65.73,25.27,-13.65
51191,105.0,88.58,74.28,52.59,33.52
51193,43.0,34.37,29.41,4.31,-20.61
51195,194.5,158.33,124.74,125.25,125.63
51197,109.5,93.89,78.59,43.96,10.64
51199,47.0,39.25,34.72,21.12,7.4
51510,33.0,27.69,23.99,21.76,20.59
51520,174.2,161.7,147.83,41.66,-62.74
51530,85.2,81.06,78.11,31.72,-13.6
51540,52.8,44.67,35.57,136.49,238.57
51550,65.5,54.96,47.8,41.4,36.32
51570,222.2,186.59,150.52,88.06,25.66
51580,235.3,222.42,183.78,73.71,-34.26
51590,179.2,162.92,136.22,85.53,35.92
51595,283.1,232.78,194.09,139.64,85.87
51600,78.8,70.34,63.38,66.61,70.61
51610,57.1,51.76,43.76,33.97,25.18
51620,268.2,237.95,208.25,87.12,-32.87
51630,166.3,139.83,110.28,211.91,314.45
51640,394.4,360.76,308.02,178.33,50.52
51650,76.8,61.12,50.29,32.74,16.45
51660,124.7,109.36,90.74,86.62,82.85
51670,151.7,147.26,135.83,67.97,0.12
51678,237.0,219.99,199.93,141.59,84.34
51680,116.7,95.08,80.48,98.27,116.1
51683,109.7,93.06,82.14,83.32,85.5
51685,0.0,-3.02,-3.08,-0.8,2.2
51690,399.9,354.25,304.02,353.46,403.68
51700,62.8,50.67,41.32,53.85,67.14
51710,64.8,53.51,43.76,66.23,89.55
51720,470.3,410.77,331.64,494.92,658.16
51730,152.2,130.47,106.38,63.56,20.69
51735,80.6,65.82,61.8,13.03,-34.91
51740,102.4,84.84,70.67,61.55,53.27
51750,97.8,84.49,70.77,44.36,19.4
51760,53.2,41.42,31.72,53.36,75.66
51770,102.1,88.53,72.66,91.52,111.68
51775,206.0,183.59,159.84,351.95,545.41
51790,175.0,148.22,124.52,68.7,13.54
51800,85.4,74.7,64.08,44.3,25.24
51810,61.0,52.01,45.33,44.92,45.25
51820,202.9,173.08,141.33,61.62,-17.94
51830,0.0,-2.19,-2.43,-4.86,-7.17
51840,175.0,144.09,127.73,192.77,257.59
53001,27.6,25.78,21.49,16.66,10.96
53003,150.9,133.76,124.02,63.13,1.78
53005,102.4,90.38,74.68,74.32,74.68
53007,79.4,70.6,61.81,61.74,62.37
53009,119.7,101.27,83.74,51.37,18.53
53011,60.3,53.79,46.83,41.86,38.38
53013,119.9,102.38,97.79,89.05,79.94
53015,89.4,77.09,65.71,41.25,16.98
53017,65.1,56.39,51.85,22.54,-6.79
53019,66.4,59.5,55.63,32.06,6.41
53021,62.6,53.22,45.69,20.71,-4.1
53023,119.0,95.44,99.36,97.18,95.03
53025,73.4,65.78,55.79,36.83,17.32
53027,113.0,93.98,79.28,51.76,22.89
53029,42.8,38.42,35.74,20.76,4.41
53031,85.1,79.01,70.07,50.0,28.1
53033,47.4,41.5,35.69,38.57,40.01
53035,61.9,56.12,48.36,36.96,23.49
53037,56.2,47.56,37.76,23.23,10.37
53039,3.2,18.34,21.13,30.75,40.85
53041,96.8,81.16,70.3,41.44,12.05
53043,93.1,77.73,68.17,68.71,67.83
53045,87.1,76.07,66.79,22.13,-23.63
53047,71.1,63.69,52.56,44.67,35.3
53049,37.9,29.88,25.13,17.89,9.49
53051,118.0,101.93,87.69,84.58,81.4
53053,65.2,56.75,49.79,43.85,37.8
53055,57.6,60.34,52.16,30.74,8.52
53057,80.7,71.36,65.95,59.09,50.41
53059,3.9,2.16,-0.4,14.74,30.84
53061,70.6,61.22,51.93,32.62,11.6
53063,83.7,76.53,68.4,63.85,58.38
53065,82.5,76.28,63.27,52.2,40.49
53067,63.1,54.35,47.45,45.78,43.9
53069,6.0,4.94,-0.34,1.86,2.82
53071,86.7,76.51,62.92,54.46,45.56
53073,71.2,63.92,55.58,44.83,32.78
53075,49.5,46.06,41.28,40.44,39.58
53077,68.0,60.23,50.48,42.47,36.43
54001,67.2,56.25,48.51,25.46,3.72
54003,90.2,83.05,72.66,37.4,1.3
54005,142.4,110.55,104.06,81.67,60.3
54007,90.0,79.96,70.58,29.63,-9.75
54009,86.3,75.77,65.31,23.84,-17.8
54011,122.3,109.08,92.98,124.47,156.91
54013,46.5,37.09,31.03,34.37,39.02
54015,62.6,52.19,44.9,20.8,-1.37
54017,33.6,26.84,22.56,0.85,-20.24
54019,78.1,62.33,53.47,27.85,4.15
54021,59.2,50.74,42.05,7.99,-25.31
54023,84.1,73.9,67.2,57.98,49.62
54025,107.6,96.05,77.96,55.08,34.45
54027,69.2,64.12,53.61,19.89,-13.75
54029,143.9,121.49,111.09,107.23,103.72
54031,80.7,70.02,62.31,26.88,-7.35
54033,102.9,90.03,79.93,94.8,109.58
54035,81.9,69.21,57.76,24.69,-7.51
54037,88.4,77.4,64.6,28.1,-8.98
54039,111.2,95.76,79.56,93.75,109.72
54041,83.2,74.32,66.73,56.95,48.15
54043,53.3,40.45,33.45,25.1,18.28
54045,194.3,171.25,147.21,97.5,48.19
54047,104.4,86.62,72.24,23.22,-24.14
54049,89.0,76.04,60.4,41.72,23.34
54051,117.2,109.74,91.65,65.19,39.08
54053,81.5,69.1,57.14,55.52,55.54
54055,119.3,102.55,85.66,66.8,49.67
54057,101.4,82.45,69.18,31.47,-6.6
54059,96.5,75.33,49.31,62.7,77.43
54061,59.1,46.8,37.75,63.96,90.61
54063,42.7,32.95,18.31,13.86,11.66
54065,73.6,68.54,61.39,27.86,-5.88
54067,134.8,116.18,106.75,61.17,16.89
54069,80.7,68.53,55.46,97.53,139.48
54071,83.7,61.26,43.54,12.17,-17.48
54073,113.9,100.83,81.45,31.38,-17.27
54075,58.3,49.19,46.26,18.21,-8.27
54077,70.7,60.73,51.17,37.52,24.93
54079,95.5,80.04,66.59,50.48,35.71
54081,104.6,80.47,66.29,61.98,59.59
54083,95.1,87.75,75.98,53.29,33.37
54085,68.0,58.71,50.41,13.76,-21.69
54087,94.5,88.44,74.45,43.6,14.21
54089,115.4,90.61,79.22,70.07,63.02
54091,69.8,59.05,51.28,29.12,8.28
54093,41.2,35.35,41.13,24.88,10.57
54095,51.6,44.88,37.37,14.83,-7.21
54097,58.0,50.06,43.31,17.35,-7.11
54099,67.5,61.62,59.28,17.47,-23.84
54101,61.3,52.01,48.62,116.25,185.38
54103,95.5,86.49,67.25,36.48,6.03
54105,38.1,33.63,32.23,13.59,-3.98
54107,109.4,93.54,77.02,75.93,75.69
54109,143.6,112.85,89.55,42.95,-2.17
55001,43.6,37.05,29.25,7.91,-13.48
55003,86.7,74.34,71.79,57.42,43.59
55005,76.8,70.37,55.43,43.75,30.89
55007,9.5,4.69,0.05,3.17,7.44
55009,65.2,55.88,49.33,50.85,52.96
55011,0.4,-0.1,-0.3,2.76,3.7
55013,63.0,62.31,58.67,27.44,-5.57
55015,19.7,17.71,16.47,13.23,10.23
55017,64.3,53.05,44.07,19.87,-5.69
55019,32.1,26.93,25.06,21.17,16.77
55021,93.2,80.97,69.8,37.0,4.74
55023,71.4,64.26,58.73,33.37,7.5
55025,53.1,43.62,37.85,45.43,52.94
55027,41.6,36.79,33.46,28.44,23.96
55029,65.4,57.81,52.78,30.72,9.97
55031,61.9,49.46,42.18,18.26,-4.81
55033,38.4,33.17,29.0,19.86,8.47
55035,57.7,48.55,43.32,58.03,70.82
55037,0.0,-1.03,-1.38,14.14,29.79
55039,51.5,44.2,42.75,31.57,20.45
55041,45.8,40.74,38.33,6.77,-26.0
55043,46.7,42.58,37.44,27.9,17.73
55045,54.1,46.23,42.79,40.89,39.27
55047,61.9,53.68,46.97,28.62,9.96
55049,46.5,40.01,35.34,26.19,16.64
55051,64.8,64.21,68.43,32.02,-3.84
55053,25.3,22.85,17.31,14.32,10.48
55055,63.6,54.4,47.81,18.76,-9.92
55057,118.9,103.13,83.25,36.82,-9.75
55059,64.0,53.28,47.06,31.86,16.29
55061,23.8,15.26,14.45,13.27,12.89
55063,63.0,57.75,50.55,54.26,56.03
55065,14.2,12.64,4.7,19.66,33.91
55067,94.4,83.43,72.52,43.81,14.49
55069,75.4,63.6,56.79,28.05,-0.01
55071,59.5,49.04,46.6,34.12,23.0
55073,49.9,42.32,38.94,47.89,57.13
55075,76.3,64.64,60.28,42.55,25.55
55077,33.2,26.35,22.56,4.05,-14.09
55078,0.0,-0.63,-0.49,7.84,16.15
55079,76.8,64.08,53.54,66.31,79.24
55081,65.4,58.27,51.11,34.6,17.34
55083,36.5,30.88,25.34,15.89,6.95
55085,84.2,69.99,61.97,48.95,36.53
55087,57.6,50.03,45.72,42.78,39.48
55089,61.2,55.01,46.4,50.21,54.74
55091,57.6,49.77,46.82,27.3,4.99
55093,38.7,31.45,24.67,14.02,1.68
55095,63.2,53.78,49.4,46.43,41.59
55097,55.2,47.04,40.54,30.76,21.22
55099,50.1,50.81,47.35,29.57,11.63
55101,78.4,65.25,55.12,40.62,25.57
55103,36.9,37.96,34.53,17.27,1.03
55105,78.2,64.53,56.07,43.87,31.19
55107,31.3,27.73,22.97,16.2,8.01
55109,33.4,31.06,28.14,16.02,1.86
55111,66.8,57.18,49.28,37.31,25.26
55113,89.4,78.16,72.96,42.18,11.36
55115,42.0,35.82,34.09,17.95,1.7
55117,67.0,54.81,44.25,54.74,67.41
55119,29.2,22.18,14.62,10.88,7.3
55121,17.5,13.97,10.2,6.49,0.85
55123,42.2,37.23,33.97,26.06,17.22
55125,61.9,52.36,42.47,28.28,14.44
55127,63.0,52.09,45.36,20.75,-4.32
55129,29.1,26.58,22.3,49.5,75.97
55131,65.7,55.41,48.27,28.34,9.63
55133,68.3,58.16,51.03,41.32,31.88
55135,84.7,73.12,63.84,35.77,7.48
55137,26.5,24.43,24.85,14.05,2.9
55139,54.9,48.27,44.68,44.26,43.63
55141,72.0,60.39,52.61,50.32,47.93
56001,46.7,42.81,37.51,26.64,16.21
56003,56.0,49.66,46.83,28.39,8.99
56005,70.8,66.15,56.27,40.76,26.22
56007,72.5,60.18,50.23,69.65,88.13
56009,65.5,64.47,58.08,29.6,1.31
56011,0.3,0.13,-0.43,5.22,11.58
56013,83.6,76.08,59.76,48.52,36.76
56015,31.9,29.76,29.35,8.47,-11.86
56017,98.1,88.1,96.31,104.34,110.51
56019,65.8,60.57,55.09,35.14,13.57
56021,71.6,63.8,56.18,53.23,51.41
56023,77.6,64.66,58.59,39.99,20.74
56025,82.6,72.7,64.64,73.35,84.55
56027,3.0,1.42,-0.02,1.29,3.54
56029,85.3,73.34,72.75,59.57,45.21
56031,54.5,51.34,51.44,18.4,-14.54
56033,51.8,44.3,37.34,32.83,27.49
56035,58.6,53.87,55.42,53.78,49.38
56037,87.7,86.67,79.27,70.09,60.08
56039,62.7,58.51,43.19,53.29,62.24
56041,105.4,99.79,95.96,60.58,23.26
56043,81.3,81.48,75.37,47.79,20.03
56045,46.7,39.5,35.25,5.46,-21.52
